trial_index	block_number	block_type	is_practice	trials_count	digit	trial_type	correct_response	mouse_resp.x	mouse_resp.y	mouse_resp.leftButton	mouse_resp.midButton	mouse_resp.rightButton	mouse_resp.time	click_pos_x	click_pos_y	iti_duration	participant
1	1	go_only	1	18	3	go	click	[54.0, 54.0, 62.0, 76.0, 87.0, 92.0, 95.0, 96.0, 97.0, 97.0, 98.0, 100.0, 105.0, 106.0, 106.0, 106.0, 107.0, 111.0, 122.0, 132.0, 145.0, 156.0, 164.0, 175.0, 188.0, 195.0, 198.0, 199.0, 205.0, 217.0, 233.0, 244.0, 247.0, 247.0, 244.0, 244.0, 242.0, 241.0, 241.0, 241.0, 241.0, 242.0, 243.0, 246.0, 246.0, 247.0, 247.0, 247.0, 244.0, 244.0, 244.0, 239.0, 232.0, 222.0, 217.0, 216.0, 216.0, 216.0, 216.0]	[-227.0, -227.0, -199.0, -142.0, -98.0, -68.0, -47.0, -39.0, -31.0, -27.0, -22.0, -11.0, 12.0, 36.0, 50.0, 56.0, 59.0, 67.0, 96.0, 133.0, 164.0, 186.0, 200.0, 217.0, 247.0, 270.0, 280.0, 283.0, 295.0, 333.0, 386.0, 431.0, 453.0, 456.0, 456.0, 456.0, 455.0, 450.0, 441.0, 428.0, 406.0, 390.0, 375.0, 364.0, 358.0, 352.0, 347.0, 339.0, 334.0, 332.0, 332.0, 328.0, 324.0, 319.0, 316.0, 316.0, 316.0, 316.0, 316.0]	[0, 0, 0, 0, 0, 0, 0, 0, 0, 0, 0, 0, 0, 0, 0, 0, 0, 0, 0, 0, 0, 0, 0, 0, 0, 0, 0, 0, 0, 0, 0, 0, 0, 0, 0, 0, 0, 0, 0, 0, 0, 0, 0, 0, 0, 0, 0, 0, 0, 0, 0, 0, 0, 0, 0, 0, 0, 0, 1]	[0, 0, 0, 0, 0, 0, 0, 0, 0, 0, 0, 0, 0, 0, 0, 0, 0, 0, 0, 0, 0, 0, 0, 0, 0, 0, 0, 0, 0, 0, 0, 0, 0, 0, 0, 0, 0, 0, 0, 0, 0, 0, 0, 0, 0, 0, 0, 0, 0, 0, 0, 0, 0, 0, 0, 0, 0, 0, 0]	[0, 0, 0, 0, 0, 0, 0, 0, 0, 0, 0, 0, 0, 0, 0, 0, 0, 0, 0, 0, 0, 0, 0, 0, 0, 0, 0, 0, 0, 0, 0, 0, 0, 0, 0, 0, 0, 0, 0, 0, 0, 0, 0, 0, 0, 0, 0, 0, 0, 0, 0, 0, 0, 0, 0, 0, 0, 0, 0]	[0.00018370000179857016, 0.004454299982171506, 0.019229199999244884, 0.035853999987011775, 0.052685100003145635, 0.06925309999496676, 0.08575549998204224, 0.10235760000068694, 0.11907819999032654, 0.13609600000199862, 0.15244929998880252, 0.16935439998633228, 0.1856502000009641, 0.20241820000228472, 0.21908059998531826, 0.2361578999843914, 0.25292929998249747, 0.2691527999995742, 0.28592279998701997, 0.302329500002088, 0.31906270000035875, 0.3356764999916777, 0.35251529997913167, 0.36903639999218285, 0.38594589999411255, 0.4024065999838058, 0.41912249999586493, 0.4358912000025157, 0.45237270000507124, 0.4692780000041239, 0.4855608999787364, 0.5025618999789003, 0.5189862999832258, 0.5356529999990016, 0.5521181999938563, 0.5689909000066109, 0.58586209997884, 0.6025499999814201, 0.6191493999795057, 0.6360104999912437, 0.6522563000035007, 0.669886999996379, 0.6859474999946542, 0.7024020999961067, 0.7189005999825895, 0.7355850999883842, 0.7522121999936644, 0.7689212999830488, 0.7856082999787759, 0.8019533999904525, 0.8192942999885418, 0.836447199981194, 0.8524141999951098, 0.8688193999987561, 0.8855959000065923, 0.9020212999894284, 0.918950399995083, 0.9353033999796025, 0.9524469999887515]	216.0	316.0	0.7	5a
2	1	go_only	1	18	8	go	click	[97.0, 97.0, 133.0, 173.0, 189.0, 197.0, 200.0, 201.0, 201.0, 201.0, 201.0, 201.0, 201.0, 201.0, 201.0, 201.0, 201.0, 201.0, 201.0, 197.0, 192.0, 190.0, 189.0, 189.0, 188.0, 185.0, 184.0, 184.0, 184.0, 184.0, 184.0, 184.0, 183.0, 183.0, 183.0, 183.0]	[-126.0, -126.0, -8.0, 188.0, 299.0, 341.0, 359.0, 365.0, 365.0, 365.0, 365.0, 365.0, 365.0, 365.0, 365.0, 365.0, 365.0, 365.0, 363.0, 352.0, 337.0, 333.0, 331.0, 330.0, 326.0, 321.0, 316.0, 315.0, 315.0, 315.0, 314.0, 313.0, 312.0, 312.0, 312.0, 312.0]	[0, 0, 0, 0, 0, 0, 0, 0, 0, 0, 0, 0, 0, 0, 0, 0, 0, 0, 0, 0, 0, 0, 0, 0, 0, 0, 0, 0, 0, 0, 0, 0, 0, 0, 0, 1]	[0, 0, 0, 0, 0, 0, 0, 0, 0, 0, 0, 0, 0, 0, 0, 0, 0, 0, 0, 0, 0, 0, 0, 0, 0, 0, 0, 0, 0, 0, 0, 0, 0, 0, 0, 0]	[0, 0, 0, 0, 0, 0, 0, 0, 0, 0, 0, 0, 0, 0, 0, 0, 0, 0, 0, 0, 0, 0, 0, 0, 0, 0, 0, 0, 0, 0, 0, 0, 0, 0, 0, 0]	[0.000302400003420189, 0.0036140999873168766, 0.020531599991954863, 0.0373156999994535, 0.05395879998104647, 0.07075959999929182, 0.08730819998891093, 0.10393479999038391, 0.12046979999286123, 0.13712949998443946, 0.1537475999793969, 0.17057029998977669, 0.1870643000002019, 0.20381899998756126, 0.22033539999392815, 0.23706240000319667, 0.25369439998758025, 0.2706257999816444, 0.2874322999850847, 0.3040820999885909, 0.32103059999644756, 0.33805239998036996, 0.35369139999966137, 0.37095789998420514, 0.3879175999900326, 0.4034873000055086, 0.4199257000000216, 0.4365027000021655, 0.4531880999857094, 0.47010409997892566, 0.48671979998471215, 0.503318599978229, 0.5199087999935728, 0.5366754999849945, 0.5532326999818906, 0.5697286000067834]	183.0	312.0	0.8	5a
3	1	go_only	1	18	6	go	click	[67.0, 67.0, 92.0, 119.0, 134.0, 145.0, 157.0, 160.0, 161.0, 161.0, 161.0, 161.0, 161.0, 161.0, 161.0, 161.0, 161.0, 161.0, 160.0, 160.0, 160.0, 159.0, 159.0, 159.0, 159.0, 159.0, 159.0, 159.0, 159.0, 159.0]	[-170.0, -170.0, -73.0, 110.0, 208.0, 256.0, 311.0, 332.0, 335.0, 335.0, 335.0, 335.0, 335.0, 335.0, 335.0, 335.0, 335.0, 335.0, 330.0, 320.0, 313.0, 309.0, 309.0, 309.0, 309.0, 309.0, 309.0, 309.0, 309.0, 309.0]	[0, 0, 0, 0, 0, 0, 0, 0, 0, 0, 0, 0, 0, 0, 0, 0, 0, 0, 0, 0, 0, 0, 0, 0, 0, 0, 0, 0, 0, 1]	[0, 0, 0, 0, 0, 0, 0, 0, 0, 0, 0, 0, 0, 0, 0, 0, 0, 0, 0, 0, 0, 0, 0, 0, 0, 0, 0, 0, 0, 0]	[0, 0, 0, 0, 0, 0, 0, 0, 0, 0, 0, 0, 0, 0, 0, 0, 0, 0, 0, 0, 0, 0, 0, 0, 0, 0, 0, 0, 0, 0]	[0.0002736999886110425, 0.005218599981162697, 0.02214129999629222, 0.03894739999668673, 0.055738799972459674, 0.07212459997390397, 0.08903079997980967, 0.10540289999335073, 0.12184419998084195, 0.13870319997658953, 0.15527179997297935, 0.1718455999798607, 0.1886151999933645, 0.20521549999830313, 0.22197610000148416, 0.23856959998374805, 0.2551843999826815, 0.2721049999818206, 0.2887544999830425, 0.3055142999801319, 0.3221244999731425, 0.3385221999778878, 0.3551564999797847, 0.3718673999828752, 0.38856429999577813, 0.40508079997380264, 0.42174819999490865, 0.4383984999731183, 0.45510229998035356, 0.472258800000418]	159.0	309.0	0.6	5a
4	1	go_only	1	18	8	go	click	[32.0, 32.0, 40.0, 67.0, 98.0, 116.0, 146.0, 181.0, 196.0, 199.0, 199.0, 199.0, 199.0, 199.0, 199.0, 199.0, 199.0, 190.0, 188.0, 188.0, 186.0, 176.0, 158.0, 140.0, 138.0, 138.0, 138.0, 138.0, 138.0, 138.0, 138.0, 138.0, 138.0, 138.0, 138.0, 138.0, 138.0, 138.0, 138.0, 138.0, 147.0, 152.0, 154.0, 154.0]	[-156.0, -156.0, -97.0, -33.0, 12.0, 45.0, 102.0, 176.0, 213.0, 219.0, 219.0, 219.0, 219.0, 219.0, 219.0, 219.0, 219.0, 211.0, 209.0, 209.0, 210.0, 229.0, 256.0, 287.0, 290.0, 291.0, 291.0, 291.0, 291.0, 291.0, 291.0, 291.0, 291.0, 291.0, 291.0, 291.0, 291.0, 291.0, 291.0, 291.0, 294.0, 298.0, 299.0, 299.0]	[0, 0, 0, 0, 0, 0, 0, 0, 0, 0, 0, 0, 0, 0, 0, 0, 0, 0, 0, 0, 0, 0, 0, 0, 0, 0, 0, 0, 0, 0, 0, 0, 0, 0, 0, 0, 0, 0, 0, 0, 0, 0, 0, 1]	[0, 0, 0, 0, 0, 0, 0, 0, 0, 0, 0, 0, 0, 0, 0, 0, 0, 0, 0, 0, 0, 0, 0, 0, 0, 0, 0, 0, 0, 0, 0, 0, 0, 0, 0, 0, 0, 0, 0, 0, 0, 0, 0, 0]	[0, 0, 0, 0, 0, 0, 0, 0, 0, 0, 0, 0, 0, 0, 0, 0, 0, 0, 0, 0, 0, 0, 0, 0, 0, 0, 0, 0, 0, 0, 0, 0, 0, 0, 0, 0, 0, 0, 0, 0, 0, 0, 0, 0]	[0.00037170000723563135, 0.008109400019748136, 0.025051400007214397, 0.041655900015030056, 0.05833510000957176, 0.07500660000368953, 0.09220640000421554, 0.10855140001513064, 0.12496700001065619, 0.14138360001379624, 0.15810260002035648, 0.17492290001246147, 0.19153630000073463, 0.20811150001827627, 0.22488920000614598, 0.241255100001581, 0.2581322000187356, 0.27487890000338666, 0.2914487000089139, 0.3081579999998212, 0.32476950000273064, 0.3415135000250302, 0.35835690001840703, 0.37505390000296757, 0.3914867000130471, 0.40799560002051294, 0.42455990001326427, 0.44145860002026893, 0.45788380000158213, 0.47456070000771433, 0.4915105000254698, 0.5078692000242881, 0.525040300010005, 0.5416130000085104, 0.5578302000067197, 0.5746422000229359, 0.5912463000277057, 0.6079628000152297, 0.6245513000176288, 0.6417492000036873, 0.6584342000132892, 0.6748917000077199, 0.6915008000214584, 0.7082298000168521]	154.0	299.0	0.5	5a
5	1	go_only	1	18	7	go	click	[142.0, 142.0, 142.0, 134.0, 124.0, 119.0, 111.0, 107.0, 101.0, 92.0, 80.0, 69.0, 61.0, 58.0, 56.0, 54.0, 52.0, 51.0, 50.0, 48.0, 46.0, 46.0, 46.0, 46.0, 46.0, 46.0, 46.0, 46.0, 44.0, 41.0, 39.0, 36.0, 33.0, 31.0, 31.0, 31.0, 33.0, 33.0, 33.0, 33.0, 33.0, 33.0, 37.0, 74.0, 148.0, 200.0, 228.0, 238.0, 242.0, 244.0, 244.0, 243.0, 242.0, 243.0, 254.0, 263.0, 264.0, 261.0, 257.0, 254.0, 252.0, 252.0, 252.0, 252.0, 252.0, 252.0, 245.0, 241.0, 236.0, 233.0, 228.0, 225.0, 224.0, 224.0, 224.0]	[6.0, 6.0, 6.0, -23.0, -50.0, -67.0, -80.0, -94.0, -122.0, -149.0, -167.0, -174.0, -176.0, -178.0, -179.0, -183.0, -185.0, -193.0, -198.0, -204.0, -208.0, -209.0, -209.0, -209.0, -209.0, -209.0, -209.0, -209.0, -217.0, -248.0, -272.0, -299.0, -337.0, -375.0, -414.0, -442.0, -457.0, -459.0, -459.0, -459.0, -459.0, -459.0, -447.0, -357.0, -188.0, -21.0, 59.0, 84.0, 107.0, 131.0, 147.0, 162.0, 176.0, 195.0, 238.0, 281.0, 305.0, 315.0, 323.0, 334.0, 343.0, 348.0, 348.0, 348.0, 348.0, 348.0, 340.0, 325.0, 313.0, 305.0, 299.0, 296.0, 296.0, 296.0, 296.0]	[0, 0, 0, 0, 0, 0, 0, 0, 0, 0, 0, 0, 0, 0, 0, 0, 0, 0, 0, 0, 0, 0, 0, 0, 0, 0, 0, 0, 0, 0, 0, 0, 0, 0, 0, 0, 0, 0, 0, 0, 0, 0, 0, 0, 0, 0, 0, 0, 0, 0, 0, 0, 0, 0, 0, 0, 0, 0, 0, 0, 0, 0, 0, 0, 0, 0, 0, 0, 0, 0, 0, 0, 0, 0, 1]	[0, 0, 0, 0, 0, 0, 0, 0, 0, 0, 0, 0, 0, 0, 0, 0, 0, 0, 0, 0, 0, 0, 0, 0, 0, 0, 0, 0, 0, 0, 0, 0, 0, 0, 0, 0, 0, 0, 0, 0, 0, 0, 0, 0, 0, 0, 0, 0, 0, 0, 0, 0, 0, 0, 0, 0, 0, 0, 0, 0, 0, 0, 0, 0, 0, 0, 0, 0, 0, 0, 0, 0, 0, 0, 0]	[0, 0, 0, 0, 0, 0, 0, 0, 0, 0, 0, 0, 0, 0, 0, 0, 0, 0, 0, 0, 0, 0, 0, 0, 0, 0, 0, 0, 0, 0, 0, 0, 0, 0, 0, 0, 0, 0, 0, 0, 0, 0, 0, 0, 0, 0, 0, 0, 0, 0, 0, 0, 0, 0, 0, 0, 0, 0, 0, 0, 0, 0, 0, 0, 0, 0, 0, 0, 0, 0, 0, 0, 0, 0, 0]	[0.00019839999731630087, 0.0028008999943267554, 0.01827140001114458, 0.034947200008900836, 0.05174460000125691, 0.06830450001871213, 0.08496320000267588, 0.10230300002149306, 0.11874259999603964, 0.13518670000485145, 0.1515337000018917, 0.16849370001000352, 0.18483750001178123, 0.20158900000387803, 0.2182526999968104, 0.23507680001785047, 0.2516475000011269, 0.2685768000083044, 0.28534339999896474, 0.3017134999972768, 0.3181916000030469, 0.33455749999848194, 0.3512588000157848, 0.3679247999971267, 0.3846430999983568, 0.4012259000155609, 0.41801330001908354, 0.43489030000637285, 0.45144830000936054, 0.46815719999722205, 0.48501520001445897, 0.5025588000135031, 0.5183701000059955, 0.5347363000037149, 0.5513995999936014, 0.5680341999977827, 0.5847796000016388, 0.601170700014336, 0.6178188000048976, 0.6345617000188213, 0.6512135000084527, 0.6680898000195157, 0.6849112000199966, 0.7019008000206668, 0.7185920000192709, 0.735071400005836, 0.7513510000135284, 0.7680470000195783, 0.7846298000076786, 0.8014517000119668, 0.818099500000244, 0.8348053999943659, 0.8515814999991562, 0.8682289000134915, 0.8847369000141043, 0.9013645999948494, 0.9180862000212073, 0.9353872000065167, 0.9515859000093769, 0.9682943999941926, 0.9847158000047784, 1.001039499999024, 1.0178584000095725, 1.034582699998282, 1.0510905999981333, 1.0679584000026807, 1.0847014000173658, 1.1014206999971066, 1.1182855000079144, 1.135320800007321, 1.1516802000114694, 1.1683265000174288, 1.1844383999996353, 1.2010159000055864, 1.2183153000078164]	224.0	296.0	0.9	5a
6	1	go_only	1	18	7	go	click	[54.0, 54.0, 73.0, 91.0, 93.0, 93.0, 93.0, 100.0, 126.0, 172.0, 187.0, 202.0, 209.0, 209.0, 209.0, 209.0, 207.0, 207.0, 206.0, 203.0, 195.0, 190.0, 190.0, 188.0, 187.0, 192.0, 211.0, 217.0, 218.0, 218.0, 218.0, 218.0, 218.0, 218.0, 218.0, 218.0, 218.0, 218.0, 218.0, 217.0]	[-239.0, -239.0, -200.0, -174.0, -172.0, -172.0, -172.0, -165.0, -130.0, -41.0, -1.0, 44.0, 59.0, 59.0, 59.0, 59.0, 59.0, 59.0, 59.0, 71.0, 91.0, 100.0, 100.0, 102.0, 122.0, 179.0, 251.0, 285.0, 289.0, 289.0, 289.0, 289.0, 289.0, 289.0, 290.0, 292.0, 292.0, 292.0, 292.0, 292.0]	[0, 0, 0, 0, 0, 0, 0, 0, 0, 0, 0, 0, 0, 0, 0, 0, 0, 0, 0, 0, 0, 0, 0, 0, 0, 0, 0, 0, 0, 0, 0, 0, 0, 0, 0, 0, 0, 0, 0, 1]	[0, 0, 0, 0, 0, 0, 0, 0, 0, 0, 0, 0, 0, 0, 0, 0, 0, 0, 0, 0, 0, 0, 0, 0, 0, 0, 0, 0, 0, 0, 0, 0, 0, 0, 0, 0, 0, 0, 0, 0]	[0, 0, 0, 0, 0, 0, 0, 0, 0, 0, 0, 0, 0, 0, 0, 0, 0, 0, 0, 0, 0, 0, 0, 0, 0, 0, 0, 0, 0, 0, 0, 0, 0, 0, 0, 0, 0, 0, 0, 0]	[0.0004194999928586185, 0.009601800004020333, 0.02609989998745732, 0.042796900001121685, 0.059036799997556955, 0.07583459999295883, 0.0928286999987904, 0.10939299999154173, 0.12626489999820478, 0.1428017999860458, 0.1594831999973394, 0.17618599999696016, 0.19253159998334013, 0.2091331999981776, 0.2257423999835737, 0.24256769998464733, 0.259073699999135, 0.2760405000008177, 0.29278699998394586, 0.30936029998701997, 0.32595040000160225, 0.3423270999919623, 0.359136099985335, 0.37602440000046045, 0.3929908999998588, 0.4092129000055138, 0.4259775999817066, 0.4425377000006847, 0.45930079999379814, 0.47563000000081956, 0.4923693999880925, 0.5094065000012051, 0.5256931000039913, 0.5425786999985576, 0.5596647000056691, 0.5757215000048745, 0.5923329000070225, 0.608985600003507, 0.6259305999847129, 0.6427739000064321]	217.0	292.0	0.7	5a
7	1	go_only	1	18	2	go	click	[16.0, 16.0, 18.0, 26.0, 41.0, 61.0, 85.0, 116.0, 152.0, 161.0, 166.0, 168.0, 172.0, 184.0, 203.0, 220.0, 225.0, 223.0, 214.0, 211.0, 211.0, 211.0, 211.0, 209.0, 207.0, 207.0, 207.0, 207.0, 207.0, 206.0, 202.0, 196.0, 195.0, 194.0, 194.0, 194.0]	[-236.0, -236.0, -220.0, -191.0, -145.0, -76.0, 10.0, 104.0, 195.0, 211.0, 221.0, 225.0, 229.0, 239.0, 254.0, 278.0, 301.0, 321.0, 341.0, 364.0, 373.0, 373.0, 373.0, 373.0, 373.0, 373.0, 373.0, 373.0, 373.0, 371.0, 357.0, 332.0, 319.0, 318.0, 316.0, 314.0]	[0, 0, 0, 0, 0, 0, 0, 0, 0, 0, 0, 0, 0, 0, 0, 0, 0, 0, 0, 0, 0, 0, 0, 0, 0, 0, 0, 0, 0, 0, 0, 0, 0, 0, 0, 1]	[0, 0, 0, 0, 0, 0, 0, 0, 0, 0, 0, 0, 0, 0, 0, 0, 0, 0, 0, 0, 0, 0, 0, 0, 0, 0, 0, 0, 0, 0, 0, 0, 0, 0, 0, 0]	[0, 0, 0, 0, 0, 0, 0, 0, 0, 0, 0, 0, 0, 0, 0, 0, 0, 0, 0, 0, 0, 0, 0, 0, 0, 0, 0, 0, 0, 0, 0, 0, 0, 0, 0, 0]	[0.000443600001744926, 0.004940000013448298, 0.021691600006306544, 0.038417100004153326, 0.0550167000037618, 0.07172790000913665, 0.08825530001195148, 0.10494839999591932, 0.12158380000619218, 0.1388069000095129, 0.1552815000177361, 0.17143360001500696, 0.188284100004239, 0.2049078000127338, 0.22180510000907816, 0.23854640001081862, 0.2549806000024546, 0.2715905999939423, 0.2885242000047583, 0.3053551000193693, 0.32136840000748634, 0.3380458000174258, 0.35486950000631623, 0.37151430000085384, 0.38799610000569373, 0.40465120002045296, 0.4214806999952998, 0.43795230000978336, 0.4549035000090953, 0.4716082999948412, 0.48829160002060235, 0.5048508000036236, 0.5219527000153903, 0.5381271000078414, 0.5553086000145413, 0.5717508000088856]	194.0	313.0	0.9	5a
8	1	go_only	1	18	7	go	click	[39.0, 39.0, 43.0, 63.0, 78.0, 98.0, 117.0, 130.0, 137.0, 139.0, 139.0, 139.0, 140.0, 147.0, 154.0, 155.0, 155.0, 155.0, 148.0, 146.0, 146.0, 146.0, 146.0, 146.0, 146.0, 156.0, 176.0, 192.0, 198.0, 199.0, 200.0, 201.0, 201.0, 201.0, 201.0, 201.0, 201.0]	[-201.0, -201.0, -154.0, -51.0, -1.0, 37.0, 68.0, 88.0, 104.0, 117.0, 127.0, 143.0, 177.0, 226.0, 247.0, 249.0, 249.0, 247.0, 237.0, 234.0, 233.0, 233.0, 233.0, 233.0, 233.0, 249.0, 277.0, 301.0, 310.0, 312.0, 312.0, 313.0, 314.0, 314.0, 314.0, 314.0, 314.0]	[0, 0, 0, 0, 0, 0, 0, 0, 0, 0, 0, 0, 0, 0, 0, 0, 0, 0, 0, 0, 0, 0, 0, 0, 0, 0, 0, 0, 0, 0, 0, 0, 0, 0, 0, 0, 1]	[0, 0, 0, 0, 0, 0, 0, 0, 0, 0, 0, 0, 0, 0, 0, 0, 0, 0, 0, 0, 0, 0, 0, 0, 0, 0, 0, 0, 0, 0, 0, 0, 0, 0, 0, 0, 0]	[0, 0, 0, 0, 0, 0, 0, 0, 0, 0, 0, 0, 0, 0, 0, 0, 0, 0, 0, 0, 0, 0, 0, 0, 0, 0, 0, 0, 0, 0, 0, 0, 0, 0, 0, 0, 0]	[0.0003330000035930425, 0.007822600018698722, 0.024771600001258776, 0.041364200005773455, 0.05790440001874231, 0.07501760000013746, 0.09178880002582446, 0.10791170000447892, 0.12468010000884533, 0.14126120001310483, 0.15786340000340715, 0.17475160001777112, 0.19123510000645183, 0.20783460000529885, 0.22483490000013262, 0.24083100000279956, 0.25756080000428483, 0.274588300002506, 0.29162030000588857, 0.3078634000266902, 0.3242426000069827, 0.3410013000248, 0.3577647000201978, 0.37427570001455024, 0.3912735000194516, 0.4078023000038229, 0.42467150001903065, 0.44135950002237223, 0.45791100000496954, 0.4744197000109125, 0.4911761000112165, 0.5081360000185668, 0.5243933000019751, 0.5410879000264686, 0.5577148000011221, 0.5745688000170048, 0.5912616999994498]	201.0	314.0	0.5	5a
9	1	go_only	1	18	6	go	click	[75.0, 75.0, 89.0, 124.0, 144.0, 147.0, 150.0, 150.0, 151.0, 155.0, 163.0, 169.0, 176.0, 184.0, 185.0, 185.0, 185.0, 185.0, 195.0, 228.0, 263.0, 276.0, 278.0, 278.0, 278.0, 278.0, 275.0, 272.0, 272.0, 272.0, 272.0, 272.0, 272.0, 272.0, 265.0, 253.0, 243.0, 235.0, 234.0, 234.0, 231.0, 226.0, 223.0, 223.0, 222.0, 222.0]	[-203.0, -203.0, -162.0, -59.0, 48.0, 78.0, 93.0, 97.0, 103.0, 117.0, 136.0, 165.0, 199.0, 234.0, 243.0, 243.0, 243.0, 243.0, 251.0, 287.0, 344.0, 373.0, 378.0, 378.0, 378.0, 378.0, 371.0, 367.0, 367.0, 367.0, 367.0, 367.0, 367.0, 366.0, 351.0, 336.0, 327.0, 324.0, 323.0, 323.0, 319.0, 313.0, 309.0, 306.0, 305.0, 305.0]	[0, 0, 0, 0, 0, 0, 0, 0, 0, 0, 0, 0, 0, 0, 0, 0, 0, 0, 0, 0, 0, 0, 0, 0, 0, 0, 1, 1, 1, 1, 1, 1, 0, 0, 0, 0, 0, 0, 0, 0, 0, 0, 0, 0, 0, 1]	[0, 0, 0, 0, 0, 0, 0, 0, 0, 0, 0, 0, 0, 0, 0, 0, 0, 0, 0, 0, 0, 0, 0, 0, 0, 0, 0, 0, 0, 0, 0, 0, 0, 0, 0, 0, 0, 0, 0, 0, 0, 0, 0, 0, 0, 0]	[0, 0, 0, 0, 0, 0, 0, 0, 0, 0, 0, 0, 0, 0, 0, 0, 0, 0, 0, 0, 0, 0, 0, 0, 0, 0, 0, 0, 0, 0, 0, 0, 0, 0, 0, 0, 0, 0, 0, 0, 0, 0, 0, 0, 0, 0]	[0.00041680000140331686, 0.007812199997715652, 0.024273599992739037, 0.04126430000178516, 0.05762430001050234, 0.07444280001800507, 0.09121220000088215, 0.10818509999080561, 0.12426030001370236, 0.14142420000280254, 0.1578606000111904, 0.174252400000114, 0.19100630001048557, 0.20761290000518784, 0.2241498999937903, 0.24069770000642166, 0.2573835999937728, 0.27451799999107607, 0.2912450000003446, 0.3078780999931041, 0.3242117000045255, 0.3411269999924116, 0.35737650000373833, 0.3740211999975145, 0.3906591999984812, 0.4076779000170063, 0.4245870000158902, 0.44086639999295585, 0.4574348000169266, 0.4739138000004459, 0.4907275000005029, 0.50751590001164, 0.5240906999970321, 0.5408356999978423, 0.5576800999988336, 0.5744933999958448, 0.5911344999913126, 0.6075004000158515, 0.62388140000985, 0.6408224999904633, 0.6574738000053912, 0.674602999992203, 0.6908812000183389, 0.7074463000171818, 0.7240369000064675, 0.7408286000136286]	222.0	305.0	0.9	5a
10	1	go_only	1	18	2	go	click	[58.0, 58.0, 63.0, 71.0, 73.0, 76.0, 80.0, 88.0, 95.0, 98.0, 98.0, 97.0, 96.0, 95.0, 95.0, 95.0, 105.0, 114.0, 119.0, 120.0, 121.0, 122.0, 133.0, 152.0, 166.0, 173.0, 173.0, 173.0, 173.0, 174.0, 190.0, 228.0, 250.0, 258.0, 260.0, 260.0, 260.0, 260.0, 260.0, 258.0, 258.0, 258.0, 258.0, 258.0, 257.0, 256.0, 251.0, 249.0, 245.0, 242.0, 239.0, 236.0, 233.0, 224.0, 221.0, 220.0, 220.0, 220.0, 220.0, 219.0, 216.0, 211.0, 208.0, 208.0, 208.0]	[-238.0, -238.0, -219.0, -194.0, -185.0, -170.0, -151.0, -124.0, -94.0, -63.0, -14.0, 20.0, 39.0, 45.0, 51.0, 67.0, 94.0, 117.0, 133.0, 138.0, 140.0, 145.0, 171.0, 211.0, 254.0, 278.0, 288.0, 289.0, 289.0, 295.0, 331.0, 402.0, 439.0, 447.0, 449.0, 449.0, 449.0, 449.0, 446.0, 439.0, 436.0, 435.0, 435.0, 433.0, 426.0, 420.0, 412.0, 406.0, 400.0, 395.0, 390.0, 381.0, 373.0, 359.0, 352.0, 352.0, 352.0, 352.0, 352.0, 346.0, 332.0, 318.0, 311.0, 311.0, 311.0]	[0, 0, 0, 0, 0, 0, 0, 0, 0, 0, 0, 0, 0, 0, 0, 0, 0, 0, 0, 0, 0, 0, 0, 0, 0, 0, 0, 0, 0, 0, 0, 0, 0, 0, 0, 0, 0, 0, 0, 0, 0, 0, 0, 1, 1, 1, 1, 1, 1, 0, 0, 0, 0, 0, 0, 0, 0, 0, 0, 0, 0, 0, 0, 0, 1]	[0, 0, 0, 0, 0, 0, 0, 0, 0, 0, 0, 0, 0, 0, 0, 0, 0, 0, 0, 0, 0, 0, 0, 0, 0, 0, 0, 0, 0, 0, 0, 0, 0, 0, 0, 0, 0, 0, 0, 0, 0, 0, 0, 0, 0, 0, 0, 0, 0, 0, 0, 0, 0, 0, 0, 0, 0, 0, 0, 0, 0, 0, 0, 0, 0]	[0, 0, 0, 0, 0, 0, 0, 0, 0, 0, 0, 0, 0, 0, 0, 0, 0, 0, 0, 0, 0, 0, 0, 0, 0, 0, 0, 0, 0, 0, 0, 0, 0, 0, 0, 0, 0, 0, 0, 0, 0, 0, 0, 0, 0, 0, 0, 0, 0, 0, 0, 0, 0, 0, 0, 0, 0, 0, 0, 0, 0, 0, 0, 0, 0]	[0.00037910000537522137, 0.007596799987368286, 0.024226200010161847, 0.040922799991676584, 0.0575883999990765, 0.07467299999552779, 0.09102620001067407, 0.10774430001038127, 0.12428089999593794, 0.1409605999942869, 0.1575081000046339, 0.17438399998354726, 0.19097570001031272, 0.20823920000111684, 0.22417289999430068, 0.2408383000001777, 0.25752379998448305, 0.27496330000576563, 0.2911028999951668, 0.3075433000049088, 0.3243200999859255, 0.3408491000009235, 0.3575805999862496, 0.37436459999298677, 0.390840100008063, 0.407629099994665, 0.424404899997171, 0.4404814000008628, 0.4577444999886211, 0.47412930001155473, 0.4908145999943372, 0.5078290000092238, 0.5242164999945089, 0.5408963999943808, 0.5572528000047896, 0.5739993999886792, 0.5905874999880325, 0.6078603999922052, 0.6240190000098664, 0.6407229999895208, 0.6573129000025801, 0.6738732999947388, 0.690724499989301, 0.707835300010629, 0.724169900000561, 0.740719800000079, 0.757332499983022, 0.7742156999884173, 0.7906879000074696, 0.8076914999983273, 0.8239745000028051, 0.8407260999956634, 0.857397799991304, 0.8738663000112865, 0.8906257000053301, 0.907294800010277, 0.9237865000031888, 0.9404208000050858, 0.9573636999994051, 0.9742416999943089, 0.9910865999991074, 1.0078714999835938, 1.023381300008623, 1.0404260999930557, 1.0576537000015378]	208.0	311.0	1.0	5a
11	1	go_only	1	18	4	go	click	[40.0, 40.0, 40.0, 65.0, 83.0, 115.0, 147.0, 175.0, 191.0, 200.0, 204.0, 205.0, 205.0, 205.0, 207.0, 208.0, 208.0, 208.0, 208.0, 210.0, 216.0, 219.0, 219.0, 219.0, 219.0, 219.0, 219.0, 219.0, 219.0, 219.0, 219.0, 219.0, 219.0, 219.0]	[-220.0, -220.0, -220.0, -177.0, -144.0, -86.0, -2.0, 70.0, 106.0, 126.0, 137.0, 145.0, 150.0, 155.0, 162.0, 165.0, 166.0, 169.0, 187.0, 227.0, 268.0, 281.0, 283.0, 285.0, 286.0, 286.0, 286.0, 286.0, 286.0, 286.0, 286.0, 286.0, 286.0, 286.0]	[0, 0, 0, 0, 0, 0, 0, 0, 0, 0, 0, 0, 0, 0, 0, 0, 0, 0, 0, 0, 0, 0, 0, 0, 0, 0, 0, 0, 0, 0, 0, 0, 0, 1]	[0, 0, 0, 0, 0, 0, 0, 0, 0, 0, 0, 0, 0, 0, 0, 0, 0, 0, 0, 0, 0, 0, 0, 0, 0, 0, 0, 0, 0, 0, 0, 0, 0, 0]	[0, 0, 0, 0, 0, 0, 0, 0, 0, 0, 0, 0, 0, 0, 0, 0, 0, 0, 0, 0, 0, 0, 0, 0, 0, 0, 0, 0, 0, 0, 0, 0, 0, 0]	[0.0003155000158585608, 0.005299100012052804, 0.022548100008862093, 0.03923779999604449, 0.05619999999180436, 0.07233590001123957, 0.08931040001334623, 0.10562320001190528, 0.12223579999408685, 0.13893230000394396, 0.15571389999240637, 0.1723352000117302, 0.18923560000257567, 0.20570880000013858, 0.22230220001074485, 0.2392206999938935, 0.25574560000677593, 0.27225740000722, 0.28939610000816174, 0.30552709999028593, 0.3222202000033576, 0.3389243000128772, 0.35578010001336224, 0.37210680000134744, 0.38882449999800883, 0.40509660000680014, 0.4219380000140518, 0.43853119999403134, 0.455274100007955, 0.4718361000122968, 0.48858090001158416, 0.5051548999908846, 0.5218162999954075, 0.5389280999952462]	219.0	286.0	0.8	5a
12	1	go_only	1	18	3	go	click	[86.0, 101.0, 117.0, 141.0, 159.0, 177.0, 196.0, 209.0, 217.0, 220.0, 221.0, 221.0, 224.0, 229.0, 233.0, 233.0, 231.0, 228.0, 225.0, 223.0, 221.0, 219.0, 215.0, 211.0, 207.0, 201.0, 200.0, 199.0, 199.0, 198.0, 197.0, 197.0]	[-212.0, -191.0, -166.0, -127.0, -93.0, -53.0, -5.0, 44.0, 76.0, 89.0, 92.0, 95.0, 104.0, 121.0, 138.0, 142.0, 148.0, 159.0, 174.0, 189.0, 194.0, 198.0, 204.0, 209.0, 219.0, 241.0, 248.0, 252.0, 255.0, 258.0, 262.0, 262.0]	[0, 0, 0, 0, 0, 0, 0, 0, 0, 0, 0, 0, 0, 0, 0, 0, 0, 0, 0, 0, 0, 0, 0, 0, 0, 0, 0, 0, 0, 0, 0, 1]	[0, 0, 0, 0, 0, 0, 0, 0, 0, 0, 0, 0, 0, 0, 0, 0, 0, 0, 0, 0, 0, 0, 0, 0, 0, 0, 0, 0, 0, 0, 0, 0]	[0, 0, 0, 0, 0, 0, 0, 0, 0, 0, 0, 0, 0, 0, 0, 0, 0, 0, 0, 0, 0, 0, 0, 0, 0, 0, 0, 0, 0, 0, 0, 0]	[0.0004492000152822584, 0.00778580000041984, 0.025354000012157485, 0.041338999988511205, 0.05851400000392459, 0.07487030001357198, 0.09111370000755414, 0.10781990000396036, 0.12462469999445602, 0.14140749999205582, 0.15799509998760186, 0.1745457999932114, 0.19115050000254996, 0.2078824999916833, 0.22462769999401644, 0.2421295999956783, 0.2582473999937065, 0.2743688999908045, 0.29103069999837317, 0.30775599999469705, 0.3244509999931324, 0.3414237000106368, 0.35780940001131967, 0.3744826999900397, 0.391168000001926, 0.40774779999628663, 0.4246964000049047, 0.4414511999930255, 0.4577368999889586, 0.47430550001445226, 0.49109799999860115, 0.5081459000066388]	197.0	262.0	0.6	5a
13	1	go_only	1	18	8	go	click	[80.0, 80.0, 92.0, 113.0, 129.0, 142.0, 154.0, 163.0, 175.0, 184.0, 186.0, 186.0, 188.0, 190.0, 191.0, 191.0, 191.0, 191.0, 191.0, 191.0, 192.0, 193.0, 193.0, 192.0, 192.0, 192.0, 192.0, 192.0, 192.0, 196.0, 198.0, 198.0, 198.0]	[-201.0, -201.0, -160.0, -87.0, -15.0, 38.0, 71.0, 96.0, 121.0, 145.0, 160.0, 168.0, 179.0, 190.0, 193.0, 193.0, 193.0, 193.0, 193.0, 193.0, 199.0, 216.0, 256.0, 267.0, 269.0, 271.0, 271.0, 274.0, 287.0, 322.0, 339.0, 339.0, 339.0]	[0, 0, 0, 0, 0, 0, 0, 0, 0, 0, 0, 0, 0, 0, 0, 0, 0, 0, 0, 0, 0, 0, 0, 0, 0, 0, 0, 0, 0, 0, 0, 0, 1]	[0, 0, 0, 0, 0, 0, 0, 0, 0, 0, 0, 0, 0, 0, 0, 0, 0, 0, 0, 0, 0, 0, 0, 0, 0, 0, 0, 0, 0, 0, 0, 0, 0]	[0, 0, 0, 0, 0, 0, 0, 0, 0, 0, 0, 0, 0, 0, 0, 0, 0, 0, 0, 0, 0, 0, 0, 0, 0, 0, 0, 0, 0, 0, 0, 0, 0]	[0.00029409999842755497, 0.007427900010952726, 0.024848300003213808, 0.04084090000833385, 0.057446899998467416, 0.07410800000070594, 0.09076550000463612, 0.10740730000543408, 0.124153299984755, 0.14083849999587983, 0.15762179999728687, 0.1744814999983646, 0.19118659998639487, 0.20740069999010302, 0.22387529999832623, 0.24069310000049882, 0.257225399982417, 0.2739184999954887, 0.2905175999912899, 0.307766999991145, 0.324021599983098, 0.34081850000075065, 0.35750959999859333, 0.3740727999829687, 0.3911006999842357, 0.40724209998734295, 0.4240744999842718, 0.44067909999284893, 0.45791180001106113, 0.47413389998837374, 0.490702599985525, 0.5072427999984939, 0.5242817999969702]	198.0	339.0	0.8	5a
14	1	go_only	1	18	6	go	click	[50.0, 50.0, 59.0, 82.0, 124.0, 162.0, 178.0, 189.0, 197.0, 199.0, 199.0, 199.0, 199.0, 200.0, 200.0, 200.0, 200.0, 196.0, 192.0, 192.0, 192.0, 192.0, 193.0, 193.0, 196.0, 197.0, 198.0, 198.0]	[-259.0, -259.0, -248.0, -210.0, -128.0, -43.0, 11.0, 63.0, 108.0, 122.0, 133.0, 145.0, 158.0, 176.0, 182.0, 184.0, 189.0, 199.0, 216.0, 238.0, 257.0, 264.0, 266.0, 269.0, 280.0, 297.0, 299.0, 299.0]	[0, 0, 0, 0, 0, 0, 0, 0, 0, 0, 0, 0, 0, 0, 0, 0, 0, 0, 0, 0, 0, 0, 0, 0, 0, 0, 0, 1]	[0, 0, 0, 0, 0, 0, 0, 0, 0, 0, 0, 0, 0, 0, 0, 0, 0, 0, 0, 0, 0, 0, 0, 0, 0, 0, 0, 0]	[0, 0, 0, 0, 0, 0, 0, 0, 0, 0, 0, 0, 0, 0, 0, 0, 0, 0, 0, 0, 0, 0, 0, 0, 0, 0, 0, 0]	[0.00020450001466087997, 0.00820510002085939, 0.024924199999077246, 0.041759700019611046, 0.05902300000889227, 0.07519370000227354, 0.09173919999739155, 0.10846590000437573, 0.125021400017431, 0.14182499999878928, 0.15899250001530163, 0.17575439999927767, 0.19196060000103898, 0.2083967000071425, 0.22524670002167113, 0.2415939000202343, 0.2583244999987073, 0.27490030002081767, 0.29157240001950413, 0.30825490001006983, 0.32505850002053194, 0.34157520000007935, 0.358280200016452, 0.37507050001295283, 0.3923547000158578, 0.40825360000599176, 0.4246473000093829, 0.4416233000229113]	198.0	299.0	0.8	5a
15	1	go_only	1	18	2	go	click	[98.0, 98.0, 111.0, 135.0, 163.0, 180.0, 200.0, 213.0, 224.0, 226.0, 226.0, 226.0, 226.0, 226.0, 226.0, 226.0, 226.0, 226.0, 226.0, 225.0, 222.0, 217.0, 214.0, 213.0, 213.0, 213.0, 210.0, 208.0, 205.0, 204.0, 204.0]	[-228.0, -228.0, -176.0, -71.0, 49.0, 96.0, 138.0, 173.0, 202.0, 215.0, 218.0, 219.0, 220.0, 224.0, 225.0, 226.0, 226.0, 226.0, 226.0, 228.0, 235.0, 246.0, 254.0, 256.0, 257.0, 257.0, 259.0, 267.0, 280.0, 291.0, 291.0]	[0, 0, 0, 0, 0, 0, 0, 0, 0, 0, 0, 0, 0, 0, 0, 0, 0, 0, 0, 0, 0, 0, 0, 0, 0, 0, 0, 0, 0, 0, 1]	[0, 0, 0, 0, 0, 0, 0, 0, 0, 0, 0, 0, 0, 0, 0, 0, 0, 0, 0, 0, 0, 0, 0, 0, 0, 0, 0, 0, 0, 0, 0]	[0, 0, 0, 0, 0, 0, 0, 0, 0, 0, 0, 0, 0, 0, 0, 0, 0, 0, 0, 0, 0, 0, 0, 0, 0, 0, 0, 0, 0, 0, 0]	[0.00020780001068487763, 0.012108399998396635, 0.028622599988011643, 0.045333499991102144, 0.061785300000337884, 0.07926289999159053, 0.09555150000960566, 0.11205500000505708, 0.12898939999286085, 0.1456803999899421, 0.16225709998980165, 0.17927500000223517, 0.19554990000324324, 0.21182019999832846, 0.22856019999017008, 0.24526500000501983, 0.2622034999949392, 0.2788062999898102, 0.29561060000560246, 0.3125288999872282, 0.32894340000348166, 0.3457827999955043, 0.3623292999982368, 0.37913939999998547, 0.39544620001106523, 0.4122616999957245, 0.42927540000528097, 0.44594070001039654, 0.462349900015397, 0.4787335000000894, 0.4957017000124324]	204.0	291.0	0.7	5a
16	1	go_only	1	18	4	go	click	[84.0, 84.0, 107.0, 145.0, 172.0, 194.0, 220.0, 229.0, 233.0, 234.0, 234.0, 234.0, 234.0, 235.0, 235.0, 235.0, 235.0, 234.0, 233.0, 232.0, 232.0, 232.0, 227.0, 218.0, 211.0, 208.0, 207.0, 207.0, 207.0]	[-211.0, -211.0, -168.0, -97.0, -39.0, 24.0, 121.0, 243.0, 277.0, 292.0, 296.0, 296.0, 298.0, 301.0, 312.0, 326.0, 331.0, 332.0, 334.0, 335.0, 335.0, 335.0, 331.0, 312.0, 296.0, 290.0, 289.0, 289.0, 289.0]	[0, 0, 0, 0, 0, 0, 0, 0, 0, 0, 0, 0, 0, 0, 0, 0, 0, 0, 0, 0, 0, 0, 0, 0, 0, 0, 0, 0, 1]	[0, 0, 0, 0, 0, 0, 0, 0, 0, 0, 0, 0, 0, 0, 0, 0, 0, 0, 0, 0, 0, 0, 0, 0, 0, 0, 0, 0, 0]	[0, 0, 0, 0, 0, 0, 0, 0, 0, 0, 0, 0, 0, 0, 0, 0, 0, 0, 0, 0, 0, 0, 0, 0, 0, 0, 0, 0, 0]	[0.00036929998896084726, 0.008247599995229393, 0.025175899994792417, 0.041814800002612174, 0.05833100000745617, 0.07499860000098124, 0.09177820000331849, 0.1082956999889575, 0.1251040000061039, 0.14213130000280216, 0.15827739998348989, 0.1750218999804929, 0.19166979999863543, 0.20826660000602715, 0.22500109998509288, 0.24158770000212826, 0.25826089998008683, 0.27494709999882616, 0.2916477999824565, 0.3082943999907002, 0.32467080000787973, 0.3420390999817755, 0.3582010999962222, 0.3762237000046298, 0.39191370000480674, 0.4082361999899149, 0.42468019999796525, 0.44122010000864975, 0.45844210000359453]	207.0	289.0	1.0	5a
17	1	go_only	1	18	4	go	click	[110.0, 110.0, 138.0, 176.0, 198.0, 214.0, 233.0, 258.0, 282.0, 298.0, 302.0, 302.0, 302.0, 302.0, 298.0, 292.0, 286.0, 276.0, 262.0, 248.0, 229.0, 221.0, 218.0, 216.0, 214.0, 213.0, 211.0, 209.0, 206.0, 206.0]	[-192.0, -192.0, -137.0, -44.0, 19.0, 76.0, 153.0, 269.0, 347.0, 387.0, 399.0, 399.0, 400.0, 401.0, 402.0, 402.0, 398.0, 391.0, 374.0, 356.0, 332.0, 322.0, 315.0, 309.0, 303.0, 298.0, 293.0, 285.0, 280.0, 279.0]	[0, 0, 0, 0, 0, 0, 0, 0, 0, 0, 0, 0, 0, 0, 0, 0, 0, 0, 0, 0, 0, 0, 0, 0, 0, 0, 0, 0, 0, 1]	[0, 0, 0, 0, 0, 0, 0, 0, 0, 0, 0, 0, 0, 0, 0, 0, 0, 0, 0, 0, 0, 0, 0, 0, 0, 0, 0, 0, 0, 0]	[0, 0, 0, 0, 0, 0, 0, 0, 0, 0, 0, 0, 0, 0, 0, 0, 0, 0, 0, 0, 0, 0, 0, 0, 0, 0, 0, 0, 0, 0]	[0.00042470000335015357, 0.00970749999396503, 0.02592929999809712, 0.04274569998960942, 0.05945359999896027, 0.07613510001101531, 0.09280290000606328, 0.1093741999939084, 0.1262126000074204, 0.14268389999051578, 0.15912339999340475, 0.17608150001615286, 0.19268110001576133, 0.2093348999915179, 0.22595580000779592, 0.2425029000150971, 0.2592243000108283, 0.27603710000403225, 0.29272820000187494, 0.30963770000380464, 0.32614859999739565, 0.3429451000120025, 0.35925129998940974, 0.3757945999968797, 0.3927515000104904, 0.40921650000382215, 0.426026200002525, 0.4429117999970913, 0.459470700006932, 0.47609109999029897]	206.0	279.0	0.6	5a
18	1	go_only	1	18	3	go	click	[46.0, 46.0, 51.0, 61.0, 67.0, 72.0, 90.0, 132.0, 174.0, 205.0, 218.0, 220.0, 221.0, 222.0, 225.0, 229.0, 232.0, 232.0, 232.0, 232.0, 232.0, 232.0, 230.0, 223.0, 212.0, 204.0, 201.0, 201.0]	[-261.0, -261.0, -240.0, -210.0, -185.0, -160.0, -109.0, -16.0, 107.0, 236.0, 298.0, 307.0, 310.0, 312.0, 323.0, 335.0, 343.0, 344.0, 344.0, 344.0, 344.0, 344.0, 344.0, 330.0, 303.0, 283.0, 276.0, 275.0]	[0, 0, 0, 0, 0, 0, 0, 0, 0, 0, 0, 0, 0, 0, 0, 0, 0, 0, 0, 0, 0, 0, 0, 0, 0, 0, 0, 1]	[0, 0, 0, 0, 0, 0, 0, 0, 0, 0, 0, 0, 0, 0, 0, 0, 0, 0, 0, 0, 0, 0, 0, 0, 0, 0, 0, 0]	[0, 0, 0, 0, 0, 0, 0, 0, 0, 0, 0, 0, 0, 0, 0, 0, 0, 0, 0, 0, 0, 0, 0, 0, 0, 0, 0, 0]	[0.0001804000057745725, 0.00941860000602901, 0.025693100003991276, 0.0424942999961786, 0.059198100003413856, 0.07573189999675378, 0.09241159999510273, 0.10901109999394976, 0.12646800000220537, 0.14278639998519793, 0.1594485999958124, 0.17588049999903888, 0.19231959999888204, 0.2092140000022482, 0.22572069999296218, 0.2421967999835033, 0.25890759998583235, 0.27522749998024665, 0.2919506999896839, 0.3085774999926798, 0.3253188999951817, 0.3420808999799192, 0.3588560000061989, 0.37547519998042844, 0.3926144999859389, 0.4087532999983523, 0.42547930000000633, 0.44250380000448786]	201.0	275.0	0.6	5a
19	2	go_nogo_prac	1	18	4	go	click	[91.0, 91.0, 91.0, 115.0, 123.0, 131.0, 135.0, 136.0, 139.0, 142.0, 150.0, 159.0, 163.0, 164.0, 164.0, 165.0, 187.0, 242.0, 283.0, 295.0, 295.0, 295.0, 295.0, 295.0, 295.0, 295.0, 295.0, 295.0, 294.0, 289.0, 286.0, 278.0, 263.0, 255.0, 255.0, 250.0, 228.0, 225.0, 224.0, 222.0, 222.0]	[-209.0, -209.0, -209.0, -158.0, -133.0, -108.0, -89.0, -73.0, -54.0, -37.0, -10.0, 13.0, 22.0, 23.0, 23.0, 27.0, 70.0, 158.0, 210.0, 220.0, 220.0, 220.0, 220.0, 220.0, 220.0, 220.0, 225.0, 240.0, 252.0, 259.0, 261.0, 261.0, 253.0, 250.0, 250.0, 251.0, 264.0, 265.0, 265.0, 265.0, 265.0]	[0, 0, 0, 0, 0, 0, 0, 0, 0, 0, 0, 0, 0, 0, 0, 0, 0, 0, 0, 0, 0, 0, 0, 0, 0, 0, 0, 0, 0, 0, 0, 0, 0, 0, 0, 0, 0, 0, 0, 0, 1]	[0, 0, 0, 0, 0, 0, 0, 0, 0, 0, 0, 0, 0, 0, 0, 0, 0, 0, 0, 0, 0, 0, 0, 0, 0, 0, 0, 0, 0, 0, 0, 0, 0, 0, 0, 0, 0, 0, 0, 0, 0]	[0, 0, 0, 0, 0, 0, 0, 0, 0, 0, 0, 0, 0, 0, 0, 0, 0, 0, 0, 0, 0, 0, 0, 0, 0, 0, 0, 0, 0, 0, 0, 0, 0, 0, 0, 0, 0, 0, 0, 0, 0]	[0.00030350001179613173, 0.005897399998502806, 0.023274900013348088, 0.0397858000069391, 0.05614140001125634, 0.07284080001409166, 0.08957939999527298, 0.10618260002229363, 0.12307250002049841, 0.13987870002165437, 0.15613529999973252, 0.17296739999437705, 0.19011739999405108, 0.20596089999889955, 0.22258800000417978, 0.23950710002100095, 0.2565061000059359, 0.27277330000652, 0.289537200005725, 0.3060170999960974, 0.32291000001714565, 0.3393493000185117, 0.3559300000197254, 0.3728191000118386, 0.3892309000075329, 0.4065924000169616, 0.423348000011174, 0.4396833000064362, 0.45602270000381395, 0.47271319999708794, 0.4893850999942515, 0.505962900002487, 0.5229805000126362, 0.5392794999934267, 0.5561139000055846, 0.5727554000040982, 0.5895113000005949, 0.6058544999978039, 0.6253725000133272, 0.6391859000141267, 0.656162300001597]	222.0	265.0	0.9	5a
20	2	go_nogo_prac	1	18	4	go	click	[18.0, 18.0, 29.0, 43.0, 53.0, 63.0, 73.0, 85.0, 94.0, 96.0, 96.0, 96.0, 97.0, 105.0, 128.0, 138.0, 140.0, 140.0, 140.0, 141.0, 146.0, 154.0, 160.0, 160.0, 160.0, 162.0, 164.0, 164.0, 164.0, 164.0, 164.0, 164.0]	[-240.0, -240.0, -170.0, -123.0, -94.0, -65.0, -29.0, 12.0, 37.0, 43.0, 44.0, 44.0, 47.0, 66.0, 118.0, 131.0, 133.0, 133.0, 133.0, 134.0, 145.0, 162.0, 179.0, 200.0, 228.0, 254.0, 261.0, 261.0, 261.0, 261.0, 261.0, 261.0]	[0, 0, 0, 0, 0, 0, 0, 0, 0, 0, 0, 0, 0, 0, 0, 0, 0, 0, 0, 0, 0, 0, 0, 0, 0, 0, 0, 0, 0, 0, 0, 1]	[0, 0, 0, 0, 0, 0, 0, 0, 0, 0, 0, 0, 0, 0, 0, 0, 0, 0, 0, 0, 0, 0, 0, 0, 0, 0, 0, 0, 0, 0, 0, 0]	[0, 0, 0, 0, 0, 0, 0, 0, 0, 0, 0, 0, 0, 0, 0, 0, 0, 0, 0, 0, 0, 0, 0, 0, 0, 0, 0, 0, 0, 0, 0, 0]	[0.00044189998880028725, 0.0104779000103008, 0.027417700010119006, 0.043752500001573935, 0.06032829999458045, 0.07703590000164695, 0.09360490000108257, 0.1103640999936033, 0.1270545999868773, 0.14363430000958033, 0.16019419999793172, 0.17702400000416674, 0.19362450001062825, 0.2103310000093188, 0.22716310000396334, 0.2438384999986738, 0.2601862000010442, 0.2769491999933962, 0.29359489999478683, 0.31055550000746734, 0.32702950001112185, 0.3435944000084419, 0.3602711000130512, 0.37694859999464825, 0.39354210000601597, 0.41021179998642765, 0.42660999999498017, 0.4433603000070434, 0.4599113999865949, 0.4765731999941636, 0.49343500001123175, 0.5104135999863502]	164.0	261.0	0.5	5a
21	2	go_nogo_prac	1	18	7	go	click	[101.0, 101.0, 114.0, 124.0, 131.0, 139.0, 146.0, 154.0, 156.0, 159.0, 159.0, 160.0, 160.0, 159.0, 159.0, 159.0, 160.0, 164.0, 168.0, 174.0, 177.0, 177.0, 178.0]	[-83.0, -83.0, -30.0, 32.0, 78.0, 132.0, 172.0, 203.0, 220.0, 227.0, 234.0, 253.0, 258.0, 258.0, 259.0, 263.0, 275.0, 287.0, 300.0, 317.0, 326.0, 327.0, 327.0]	[0, 0, 0, 0, 0, 0, 0, 0, 0, 0, 0, 0, 0, 0, 0, 0, 0, 0, 0, 0, 0, 0, 1]	[0, 0, 0, 0, 0, 0, 0, 0, 0, 0, 0, 0, 0, 0, 0, 0, 0, 0, 0, 0, 0, 0, 0]	[0, 0, 0, 0, 0, 0, 0, 0, 0, 0, 0, 0, 0, 0, 0, 0, 0, 0, 0, 0, 0, 0, 0]	[0.0003257000062149018, 0.00723319998360239, 0.02389389998279512, 0.040522600000258535, 0.05717919999733567, 0.07391879998613149, 0.09057729999767616, 0.10720309999305755, 0.1239449999993667, 0.14061669999500737, 0.15757999999914318, 0.17407330000423826, 0.19070199999259785, 0.20725350000429899, 0.22383350000018254, 0.24049399999785237, 0.2571023000054993, 0.2738780000072438, 0.29031310000573285, 0.30699789998470806, 0.3236859999888111, 0.34022149999509566, 0.3571001999953296]	178.0	327.0	0.8	5a
22	2	go_nogo_prac	1	18	1	nogo	none	[74.0, 74.0, 87.0, 100.0, 106.0, 112.0, 124.0, 153.0, 191.0, 212.0, 219.0, 220.0, 220.0, 220.0, 220.0, 223.0, 225.0, 225.0, 225.0, 225.0, 225.0, 225.0, 225.0, 225.0, 225.0, 225.0, 225.0, 225.0, 225.0, 225.0, 225.0, 225.0, 223.0, 223.0, 223.0, 223.0, 223.0, 223.0, 223.0, 223.0, 223.0, 223.0, 223.0, 223.0, 223.0, 223.0, 223.0, 223.0, 223.0, 223.0, 223.0, 223.0, 223.0, 223.0, 223.0, 223.0, 223.0, 223.0, 223.0, 223.0, 223.0, 223.0, 223.0, 223.0, 223.0, 223.0]	[-194.0, -194.0, -164.0, -141.0, -130.0, -117.0, -79.0, 1.0, 93.0, 146.0, 161.0, 162.0, 162.0, 162.0, 164.0, 172.0, 178.0, 178.0, 178.0, 178.0, 178.0, 182.0, 187.0, 189.0, 189.0, 189.0, 189.0, 189.0, 189.0, 189.0, 189.0, 189.0, 189.0, 189.0, 189.0, 189.0, 189.0, 189.0, 189.0, 189.0, 189.0, 189.0, 189.0, 189.0, 189.0, 189.0, 189.0, 189.0, 189.0, 189.0, 189.0, 189.0, 189.0, 189.0, 189.0, 189.0, 189.0, 189.0, 189.0, 189.0, 189.0, 189.0, 189.0, 189.0, 189.0, 189.0]	[0, 0, 0, 0, 0, 0, 0, 0, 0, 0, 0, 0, 0, 0, 0, 0, 0, 0, 0, 0, 0, 0, 0, 0, 0, 0, 0, 0, 0, 0, 0, 0, 0, 0, 0, 0, 0, 0, 0, 0, 0, 0, 0, 0, 0, 0, 0, 0, 0, 0, 0, 0, 0, 0, 0, 0, 0, 0, 0, 0, 0, 0, 0, 0, 0, 0]	[0, 0, 0, 0, 0, 0, 0, 0, 0, 0, 0, 0, 0, 0, 0, 0, 0, 0, 0, 0, 0, 0, 0, 0, 0, 0, 0, 0, 0, 0, 0, 0, 0, 0, 0, 0, 0, 0, 0, 0, 0, 0, 0, 0, 0, 0, 0, 0, 0, 0, 0, 0, 0, 0, 0, 0, 0, 0, 0, 0, 0, 0, 0, 0, 0, 0]	[0, 0, 0, 0, 0, 0, 0, 0, 0, 0, 0, 0, 0, 0, 0, 0, 0, 0, 0, 0, 0, 0, 0, 0, 0, 0, 0, 0, 0, 0, 0, 0, 0, 0, 0, 0, 0, 0, 0, 0, 0, 0, 0, 0, 0, 0, 0, 0, 0, 0, 0, 0, 0, 0, 0, 0, 0, 0, 0, 0, 0, 0, 0, 0, 0, 0]	[0.000299000006634742, 0.005351200001314282, 0.0224078000173904, 0.03850840000086464, 0.0553706000209786, 0.07257290001143701, 0.08906800000113435, 0.10578700000769459, 0.12240610001026653, 0.13899070001207292, 0.1556101000169292, 0.1722077000013087, 0.18884430002071895, 0.20561020000604913, 0.2229034000192769, 0.23899330000858754, 0.2557098000252154, 0.27204140002140775, 0.2887922000081744, 0.30546740000136197, 0.32237540002097376, 0.3390027999994345, 0.35566310002468526, 0.3722968000220135, 0.38869660001364537, 0.4054160000232514, 0.42208499999833293, 0.4387150000256952, 0.4554000000061933, 0.47202240000478923, 0.48881619999883696, 0.5059414000133984, 0.5220201000047382, 0.5386986000230536, 0.5555836000130512, 0.5720932000258472, 0.5886870000103954, 0.6055787000223063, 0.6219964000047185, 0.6386995000066236, 0.6553085000196006, 0.6719316000235267, 0.6886607000196818, 0.7053231000027154, 0.7219790000235662, 0.7388284000044223, 0.7552596000023186, 0.7719950000173412, 0.7887957000057213, 0.8052666000148747, 0.8219562000012957, 0.8386332000081893, 0.8555103000253439, 0.8719115999992937, 0.8888733000203501, 0.9052558000257704, 0.9220501000236254, 0.9385957000195049, 0.9553190000005998, 0.9718871000222862, 0.9886069000058342, 1.0051854000193998, 1.0218674000061583, 1.0386375000234693, 1.0551916000258643, 1.071876500005601]	n/a	n/a	1.0	5a
23	2	go_nogo_prac	1	18	1	nogo	none	[94.0, 94.0, 103.0, 119.0, 129.0, 139.0, 152.0, 165.0, 174.0, 179.0, 179.0, 179.0, 181.0, 189.0, 197.0, 198.0, 198.0, 198.0, 198.0, 198.0, 199.0, 207.0, 215.0, 220.0, 220.0, 220.0, 220.0, 220.0, 220.0, 220.0, 220.0, 220.0, 220.0, 220.0, 220.0, 220.0, 220.0, 220.0, 220.0, 220.0, 220.0, 220.0, 220.0, 220.0, 219.0, 219.0, 219.0, 219.0, 218.0, 218.0, 218.0, 218.0, 218.0, 217.0, 217.0, 216.0, 216.0, 216.0, 216.0, 216.0, 216.0, 216.0, 216.0, 216.0, 216.0, 216.0, 216.0, 216.0, 216.0, 216.0, 216.0, 216.0, 216.0, 216.0, 216.0, 216.0, 216.0, 216.0, 216.0, 216.0, 216.0, 216.0, 216.0, 216.0, 216.0, 216.0, 216.0, 216.0, 216.0, 216.0, 216.0, 216.0]	[-163.0, -163.0, -127.0, -87.0, -62.0, -30.0, 19.0, 64.0, 97.0, 110.0, 113.0, 114.0, 120.0, 149.0, 176.0, 178.0, 178.0, 178.0, 178.0, 178.0, 178.0, 206.0, 239.0, 258.0, 259.0, 259.0, 259.0, 259.0, 259.0, 259.0, 259.0, 259.0, 259.0, 259.0, 259.0, 259.0, 259.0, 259.0, 259.0, 259.0, 259.0, 259.0, 259.0, 259.0, 254.0, 251.0, 249.0, 248.0, 246.0, 244.0, 243.0, 243.0, 243.0, 242.0, 241.0, 240.0, 239.0, 239.0, 239.0, 239.0, 239.0, 239.0, 239.0, 239.0, 239.0, 239.0, 239.0, 239.0, 239.0, 239.0, 239.0, 239.0, 239.0, 239.0, 239.0, 239.0, 239.0, 239.0, 239.0, 239.0, 239.0, 239.0, 239.0, 239.0, 239.0, 239.0, 239.0, 239.0, 239.0, 239.0, 239.0, 239.0]	[0, 0, 0, 0, 0, 0, 0, 0, 0, 0, 0, 0, 0, 0, 0, 0, 0, 0, 0, 0, 0, 0, 0, 0, 0, 0, 0, 0, 0, 0, 0, 0, 0, 0, 0, 0, 0, 0, 0, 0, 0, 0, 0, 0, 0, 0, 0, 0, 0, 0, 0, 0, 0, 0, 0, 0, 0, 0, 0, 0, 0, 0, 0, 0, 0, 0, 0, 0, 0, 0, 0, 0, 0, 0, 0, 0, 0, 0, 0, 0, 0, 0, 0, 0, 0, 0, 0, 0, 0, 0, 0, 0]	[0, 0, 0, 0, 0, 0, 0, 0, 0, 0, 0, 0, 0, 0, 0, 0, 0, 0, 0, 0, 0, 0, 0, 0, 0, 0, 0, 0, 0, 0, 0, 0, 0, 0, 0, 0, 0, 0, 0, 0, 0, 0, 0, 0, 0, 0, 0, 0, 0, 0, 0, 0, 0, 0, 0, 0, 0, 0, 0, 0, 0, 0, 0, 0, 0, 0, 0, 0, 0, 0, 0, 0, 0, 0, 0, 0, 0, 0, 0, 0, 0, 0, 0, 0, 0, 0, 0, 0, 0, 0, 0, 0]	[0, 0, 0, 0, 0, 0, 0, 0, 0, 0, 0, 0, 0, 0, 0, 0, 0, 0, 0, 0, 0, 0, 0, 0, 0, 0, 0, 0, 0, 0, 0, 0, 0, 0, 0, 0, 0, 0, 0, 0, 0, 0, 0, 0, 0, 0, 0, 0, 0, 0, 0, 0, 0, 0, 0, 0, 0, 0, 0, 0, 0, 0, 0, 0, 0, 0, 0, 0, 0, 0, 0, 0, 0, 0, 0, 0, 0, 0, 0, 0, 0, 0, 0, 0, 0, 0, 0, 0, 0, 0, 0, 0]	[0.0002148000057786703, 0.010176899988437071, 0.027065100002801046, 0.043607400002656505, 0.06038899999111891, 0.07711439998820424, 0.09404910000739619, 0.11071460001403466, 0.12706990001606755, 0.14386310000554658, 0.16039589999127202, 0.1774540999904275, 0.19401669999933802, 0.21052650001365691, 0.22725520000676624, 0.24348609999287874, 0.2601448000059463, 0.2767537999898195, 0.2934227999940049, 0.310330200009048, 0.3270100000081584, 0.34372269999585114, 0.36030440000467934, 0.3772158999927342, 0.393470500013791, 0.410154400015017, 0.42685650000930764, 0.44343069999013096, 0.46021799999289215, 0.47668110000086017, 0.493414099997608, 0.5098865999898408, 0.5266417000093497, 0.5434944000153337, 0.5600703000091016, 0.5766522999911103, 0.5933309000101872, 0.6100765000155661, 0.6266908000106923, 0.6434185999969486, 0.6600265000015497, 0.6770474000077229, 0.6933437999978196, 0.7105559000046924, 0.7272005999984685, 0.7438410999893676, 0.7603342999937013, 0.7769575999991503, 0.7937070000043605, 0.8101730000053067, 0.826804100011941, 0.8432440999895334, 0.8601888999983203, 0.8769058999896515, 0.8933226999943145, 0.9104236999992281, 0.9268654999905266, 0.9432559999986552, 0.9601747000124305, 0.976548400009051, 0.9932998000003863, 1.0099240000126883, 1.0265764000068884, 1.043318799987901, 1.0600633000140078, 1.076518699992448, 1.0933943999989424, 1.109989399992628, 1.126643099996727, 1.1433499999984633, 1.1598622000019532, 1.176546300004702, 1.1932822999951895, 1.2097690000082366, 1.2267395000089891, 1.2432893000077456, 1.2598591000132728, 1.276610000000801, 1.2931669999961741, 1.3098958999908064, 1.3265018000092823, 1.3430941000115126, 1.3598681000003126, 1.3765329000016209, 1.3931786000030115, 1.4098461999965366, 1.4265207000134978, 1.4431353000109084, 1.4598132999963127, 1.4764969999960158, 1.49313690001145, 1.509867499989923]	n/a	n/a	0.5	5a
24	2	go_nogo_prac	1	18	6	go	click	[42.0, 42.0, 54.0, 86.0, 128.0, 161.0, 174.0, 183.0, 186.0, 187.0, 187.0, 190.0, 208.0, 229.0, 236.0, 236.0, 236.0, 236.0, 236.0, 236.0, 236.0, 236.0, 236.0, 236.0, 236.0]	[-132.0, -132.0, -88.0, -4.0, 75.0, 124.0, 154.0, 171.0, 182.0, 185.0, 193.0, 213.0, 263.0, 312.0, 322.0, 322.0, 322.0, 322.0, 322.0, 322.0, 322.0, 322.0, 322.0, 322.0, 322.0]	[0, 0, 0, 0, 0, 0, 0, 0, 0, 0, 0, 0, 0, 0, 0, 0, 0, 0, 0, 0, 0, 0, 0, 0, 1]	[0, 0, 0, 0, 0, 0, 0, 0, 0, 0, 0, 0, 0, 0, 0, 0, 0, 0, 0, 0, 0, 0, 0, 0, 0]	[0, 0, 0, 0, 0, 0, 0, 0, 0, 0, 0, 0, 0, 0, 0, 0, 0, 0, 0, 0, 0, 0, 0, 0, 0]	[0.0002874999772757292, 0.0066651999950408936, 0.023437199997715652, 0.04038599997875281, 0.05684009997639805, 0.07350790000054985, 0.09024609997868538, 0.1068432999891229, 0.12357269998756237, 0.14008509999257512, 0.15676859999075532, 0.17397469998104498, 0.19052099998225458, 0.20721969997975975, 0.22337870000046678, 0.24006599999847822, 0.25655949997599237, 0.2732673999853432, 0.28995979999308474, 0.3065208999905735, 0.3233011999982409, 0.3398766999889631, 0.35674019998987205, 0.37315649999072775, 0.38995269997394644]	236.0	322.0	0.5	5a
25	2	go_nogo_prac	1	18	7	go	click	[45.0, 45.0, 54.0, 70.0, 80.0, 91.0, 99.0, 109.0, 118.0, 127.0, 133.0, 135.0, 136.0, 136.0, 137.0, 141.0, 161.0, 191.0, 214.0, 229.0, 234.0, 234.0, 234.0, 233.0, 230.0, 233.0, 241.0, 244.0, 244.0, 244.0, 244.0, 244.0]	[-254.0, -254.0, -217.0, -138.0, -83.0, -44.0, -13.0, 24.0, 56.0, 84.0, 97.0, 101.0, 102.0, 103.0, 106.0, 110.0, 130.0, 155.0, 183.0, 207.0, 219.0, 220.0, 221.0, 223.0, 236.0, 268.0, 301.0, 314.0, 315.0, 315.0, 315.0, 315.0]	[0, 0, 0, 0, 0, 0, 0, 0, 0, 0, 0, 0, 0, 0, 0, 0, 0, 0, 0, 0, 0, 0, 0, 0, 0, 0, 0, 0, 0, 0, 0, 1]	[0, 0, 0, 0, 0, 0, 0, 0, 0, 0, 0, 0, 0, 0, 0, 0, 0, 0, 0, 0, 0, 0, 0, 0, 0, 0, 0, 0, 0, 0, 0, 0]	[0, 0, 0, 0, 0, 0, 0, 0, 0, 0, 0, 0, 0, 0, 0, 0, 0, 0, 0, 0, 0, 0, 0, 0, 0, 0, 0, 0, 0, 0, 0, 0]	[0.0004194999928586185, 0.007748200005153194, 0.024365999997826293, 0.04101559999980964, 0.057687099993927404, 0.07457480000448413, 0.09177899998030625, 0.10836779998498969, 0.12437139998655766, 0.14099660000647418, 0.15767719998257235, 0.1743302999821026, 0.19118739999248646, 0.20764380000764504, 0.2245530000072904, 0.24086999997962266, 0.25794859998859465, 0.27422279998427257, 0.290924900007667, 0.30756359998486005, 0.3243425999826286, 0.3407365999883041, 0.35754090000409633, 0.3740998999855947, 0.3911552999925334, 0.40774059999966994, 0.42432339998777024, 0.4412855999835301, 0.4574064000044018, 0.47398740000789985, 0.49066459998721257, 0.5078884999966249]	244.0	315.0	0.6	5a
26	2	go_nogo_prac	1	18	9	nogo	none	[7.0, 7.0, 9.0, 14.0, 14.0, 8.0, 10.0, 17.0, 20.0, 21.0, 23.0, 26.0, 30.0, 30.0, 30.0, 30.0, 33.0, 58.0, 95.0, 121.0, 134.0, 137.0, 139.0, 139.0, 139.0, 139.0, 140.0, 146.0, 148.0, 148.0, 148.0, 148.0, 148.0, 148.0, 148.0, 148.0, 148.0, 148.0, 148.0, 148.0, 148.0, 147.0, 147.0, 147.0, 147.0, 146.0, 146.0, 146.0, 146.0, 146.0, 146.0, 146.0, 146.0, 146.0, 146.0, 146.0, 146.0, 146.0, 146.0, 146.0, 146.0, 146.0, 146.0, 146.0, 146.0, 146.0, 146.0, 146.0, 146.0, 146.0, 146.0, 146.0, 146.0, 146.0, 146.0, 146.0, 146.0]	[-132.0, -132.0, -91.0, -11.0, 79.0, 151.0, 187.0, 210.0, 218.0, 221.0, 238.0, 259.0, 271.0, 273.0, 273.0, 271.0, 245.0, 218.0, 215.0, 237.0, 272.0, 294.0, 303.0, 303.0, 302.0, 301.0, 301.0, 305.0, 308.0, 308.0, 308.0, 308.0, 306.0, 301.0, 301.0, 301.0, 301.0, 301.0, 301.0, 301.0, 299.0, 298.0, 298.0, 298.0, 298.0, 298.0, 298.0, 298.0, 298.0, 298.0, 298.0, 298.0, 298.0, 298.0, 298.0, 298.0, 298.0, 298.0, 298.0, 298.0, 298.0, 298.0, 298.0, 298.0, 298.0, 298.0, 298.0, 298.0, 298.0, 298.0, 298.0, 298.0, 298.0, 298.0, 298.0, 298.0, 298.0]	[0, 0, 0, 0, 0, 0, 0, 0, 0, 0, 0, 0, 0, 0, 0, 0, 0, 0, 0, 0, 0, 0, 0, 0, 0, 0, 0, 0, 0, 0, 0, 0, 0, 0, 0, 0, 0, 0, 0, 0, 0, 0, 0, 0, 0, 0, 0, 0, 0, 0, 0, 0, 0, 0, 0, 0, 0, 0, 0, 0, 0, 0, 0, 0, 0, 0, 0, 0, 0, 0, 0, 0, 0, 0, 0, 0, 0]	[0, 0, 0, 0, 0, 0, 0, 0, 0, 0, 0, 0, 0, 0, 0, 0, 0, 0, 0, 0, 0, 0, 0, 0, 0, 0, 0, 0, 0, 0, 0, 0, 0, 0, 0, 0, 0, 0, 0, 0, 0, 0, 0, 0, 0, 0, 0, 0, 0, 0, 0, 0, 0, 0, 0, 0, 0, 0, 0, 0, 0, 0, 0, 0, 0, 0, 0, 0, 0, 0, 0, 0, 0, 0, 0, 0, 0]	[0, 0, 0, 0, 0, 0, 0, 0, 0, 0, 0, 0, 0, 0, 0, 0, 0, 0, 0, 0, 0, 0, 0, 0, 0, 0, 0, 0, 0, 0, 0, 0, 0, 0, 0, 0, 0, 0, 0, 0, 0, 0, 0, 0, 0, 0, 0, 0, 0, 0, 0, 0, 0, 0, 0, 0, 0, 0, 0, 0, 0, 0, 0, 0, 0, 0, 0, 0, 0, 0, 0, 0, 0, 0, 0, 0, 0]	[0.00038869999116286635, 0.005756600003223866, 0.022630699997534975, 0.03956790000665933, 0.055912200012244284, 0.07266119998530485, 0.08929899998474866, 0.1059796999907121, 0.12284419999923557, 0.13947510000434704, 0.15654980001272634, 0.17260849999729544, 0.18982080000569113, 0.20567289998871274, 0.22265559999505058, 0.239284300012514, 0.2560173000092618, 0.27256019998458214, 0.2892792999919038, 0.30591629998525605, 0.3225183000031393, 0.33949389998451807, 0.35552340000867844, 0.3723930999985896, 0.38915699999779463, 0.4058083000127226, 0.4225047999934759, 0.43908929999452084, 0.4556039999879431, 0.4722960999934003, 0.48890580001170747, 0.505936000001384, 0.5224721000122372, 0.5390903000079561, 0.5555410000088159, 0.5722532999934629, 0.5889322999864817, 0.6056015999929514, 0.622219100012444, 0.6390951999928802, 0.6559792000043672, 0.6722409999929368, 0.6888502000074368, 0.7055059999984223, 0.7223299999895971, 0.7388815000012983, 0.7554586000042036, 0.7721224999986589, 0.7889008999918588, 0.8053987000021152, 0.8221135000057984, 0.8387727999943309, 0.8554181999934372, 0.8721860999939963, 0.8888255000056233, 0.9055742000055034, 0.9219498999882489, 0.9387706999841612, 0.955513199995039, 0.9720900999964215, 0.9887899000023026, 1.0056169999879785, 1.0220288999844342, 1.038761700008763, 1.0554104000038933, 1.0720005999901332, 1.0888291999872308, 1.105435800011037, 1.1219836999953259, 1.1386578000092413, 1.155315799987875, 1.171952800010331, 1.1887591000122484, 1.2055709999985993, 1.2220459000091068, 1.2387042999907862, 1.2552861000003759]	n/a	n/a	0.9	5a
27	2	go_nogo_prac	1	18	3	go	click	[25.0, 25.0, 37.0, 49.0, 67.0, 95.0, 117.0, 131.0, 137.0, 139.0, 140.0, 142.0, 146.0, 147.0, 147.0, 147.0, 147.0, 147.0, 156.0, 176.0, 190.0, 200.0, 203.0, 203.0, 204.0, 207.0, 208.0, 208.0, 208.0]	[-233.0, -233.0, -181.0, -140.0, -83.0, 7.0, 92.0, 145.0, 174.0, 182.0, 185.0, 188.0, 202.0, 210.0, 211.0, 211.0, 211.0, 211.0, 225.0, 253.0, 283.0, 306.0, 313.0, 314.0, 316.0, 324.0, 327.0, 327.0, 327.0]	[0, 0, 0, 0, 0, 0, 0, 0, 0, 0, 0, 0, 0, 0, 0, 0, 0, 0, 0, 0, 0, 0, 0, 0, 0, 0, 0, 0, 1]	[0, 0, 0, 0, 0, 0, 0, 0, 0, 0, 0, 0, 0, 0, 0, 0, 0, 0, 0, 0, 0, 0, 0, 0, 0, 0, 0, 0, 0]	[0, 0, 0, 0, 0, 0, 0, 0, 0, 0, 0, 0, 0, 0, 0, 0, 0, 0, 0, 0, 0, 0, 0, 0, 0, 0, 0, 0, 0]	[0.0003281000244896859, 0.009254700009478256, 0.025794100016355515, 0.04283930000383407, 0.05886010001995601, 0.07576140001765452, 0.09231070001260377, 0.10935730001074262, 0.12593840001500212, 0.1424293000018224, 0.1591500000213273, 0.1760810000123456, 0.19236180000007153, 0.20911440000054426, 0.225370500003919, 0.24216780002461746, 0.25867490001837723, 0.2755423000198789, 0.29241730002104305, 0.30876500002341345, 0.32566110001062043, 0.3422533000120893, 0.35911240000859834, 0.3755292000132613, 0.39265560000785626, 0.40893490001326427, 0.42543460000888444, 0.4420457000087481, 0.45888859999831766]	208.0	327.0	0.8	5a
28	2	go_nogo_prac	1	18	8	go	click	[78.0, 78.0, 98.0, 137.0, 165.0, 179.0, 189.0, 192.0, 192.0, 193.0, 193.0, 195.0, 196.0, 197.0, 197.0, 197.0, 197.0, 197.0, 197.0, 200.0, 209.0, 215.0, 215.0]	[-106.0, -106.0, -44.0, 56.0, 128.0, 171.0, 200.0, 217.0, 226.0, 232.0, 237.0, 245.0, 253.0, 261.0, 265.0, 265.0, 265.0, 265.0, 265.0, 274.0, 301.0, 315.0, 316.0]	[0, 0, 0, 0, 0, 0, 0, 0, 0, 0, 0, 0, 0, 0, 0, 0, 0, 0, 0, 0, 0, 0, 1]	[0, 0, 0, 0, 0, 0, 0, 0, 0, 0, 0, 0, 0, 0, 0, 0, 0, 0, 0, 0, 0, 0, 0]	[0, 0, 0, 0, 0, 0, 0, 0, 0, 0, 0, 0, 0, 0, 0, 0, 0, 0, 0, 0, 0, 0, 0]	[0.0004262999864295125, 0.006997299991780892, 0.024199599982239306, 0.04033220000565052, 0.05686069998773746, 0.0735075999982655, 0.09016739999060519, 0.1068733999854885, 0.12360510000144131, 0.14035619999049231, 0.1571148999792058, 0.17390029999660328, 0.19029659999068826, 0.20716570000513457, 0.22323179998784326, 0.24008279998088256, 0.2565543999953661, 0.27352789998985827, 0.29036189999897033, 0.3068339999881573, 0.32340309998835437, 0.34009379998315126, 0.3568834000034258]	215.0	316.0	0.6	5a
29	2	go_nogo_prac	1	18	2	go	click	[53.0, 73.0, 73.0, 98.0, 121.0, 138.0, 150.0, 159.0, 164.0, 165.0, 165.0, 165.0, 165.0, 165.0, 165.0, 165.0, 165.0, 165.0, 165.0, 170.0, 175.0, 176.0, 176.0, 176.0, 176.0, 176.0, 176.0, 176.0, 182.0, 182.0, 183.0, 183.0, 183.0]	[-202.0, -159.0, -159.0, -105.0, -56.0, -16.0, 19.0, 48.0, 65.0, 70.0, 71.0, 72.0, 73.0, 74.0, 74.0, 74.0, 75.0, 75.0, 88.0, 115.0, 145.0, 174.0, 188.0, 189.0, 189.0, 189.0, 191.0, 211.0, 274.0, 288.0, 300.0, 300.0, 300.0]	[0, 0, 0, 0, 0, 0, 0, 0, 0, 0, 0, 0, 0, 0, 0, 0, 0, 0, 0, 0, 0, 0, 0, 0, 0, 0, 0, 0, 0, 0, 0, 0, 1]	[0, 0, 0, 0, 0, 0, 0, 0, 0, 0, 0, 0, 0, 0, 0, 0, 0, 0, 0, 0, 0, 0, 0, 0, 0, 0, 0, 0, 0, 0, 0, 0, 0]	[0, 0, 0, 0, 0, 0, 0, 0, 0, 0, 0, 0, 0, 0, 0, 0, 0, 0, 0, 0, 0, 0, 0, 0, 0, 0, 0, 0, 0, 0, 0, 0, 0]	[0.0005673999839928001, 0.004397099983179942, 0.021430099994177, 0.03819099999964237, 0.05497040000045672, 0.07179269997868687, 0.08819059998495504, 0.10529639999731444, 0.12185659998795018, 0.13834189999033697, 0.15472669998416677, 0.17159879999235272, 0.1882251999923028, 0.2046245999808889, 0.22149840000201948, 0.2381621999957133, 0.25463749998016283, 0.2714004000008572, 0.2886968999810051, 0.3050212999805808, 0.3218736999842804, 0.3380971000005957, 0.3550134999968577, 0.37124899998889305, 0.38811649999115616, 0.40491289997589774, 0.4213363000017125, 0.43821520000346936, 0.45490219999919645, 0.4714728999824729, 0.48787919999449514, 0.5045026000007056, 0.5220031999924686]	183.0	299.0	1.0	5a
30	2	go_nogo_prac	1	18	8	go	click	[73.0, 73.0, 87.0, 111.0, 130.0, 145.0, 161.0, 177.0, 196.0, 201.0, 202.0, 202.0, 202.0, 202.0, 202.0, 202.0, 202.0, 202.0, 205.0, 213.0, 220.0, 220.0]	[-187.0, -187.0, -130.0, -18.0, 70.0, 130.0, 171.0, 210.0, 260.0, 272.0, 274.0, 275.0, 275.0, 275.0, 276.0, 276.0, 276.0, 276.0, 284.0, 319.0, 342.0, 342.0]	[0, 0, 0, 0, 0, 0, 0, 0, 0, 0, 0, 0, 0, 0, 0, 0, 0, 0, 0, 0, 0, 1]	[0, 0, 0, 0, 0, 0, 0, 0, 0, 0, 0, 0, 0, 0, 0, 0, 0, 0, 0, 0, 0, 0]	[0, 0, 0, 0, 0, 0, 0, 0, 0, 0, 0, 0, 0, 0, 0, 0, 0, 0, 0, 0, 0, 0]	[0.0007319000142160803, 0.007256400014739484, 0.024112900020554662, 0.04082230001222342, 0.05737630001385696, 0.07408890000078827, 0.09078900000895374, 0.1076498000184074, 0.12406000000191852, 0.1412179000035394, 0.1572020000021439, 0.17382480000378564, 0.1904324000061024, 0.2074136000010185, 0.2236803000268992, 0.24063960000057705, 0.2571069000114221, 0.2739914000267163, 0.2906469000154175, 0.30727620000834577, 0.32399260002421215, 0.34048970000003465]	220.0	342.0	0.8	5a
31	2	go_nogo_prac	1	18	8	go	click	[17.0, 17.0, 22.0, 31.0, 39.0, 51.0, 67.0, 82.0, 101.0, 107.0, 111.0, 114.0, 117.0, 118.0, 120.0, 120.0, 120.0, 121.0, 123.0, 126.0, 127.0, 129.0, 130.0, 132.0, 133.0, 142.0, 172.0, 204.0, 219.0, 226.0, 227.0, 227.0, 227.0, 227.0, 227.0, 227.0, 227.0, 227.0, 227.0, 227.0, 227.0, 225.0, 222.0, 215.0, 208.0, 206.0, 204.0, 204.0, 204.0, 204.0, 204.0, 204.0]	[-257.0, -257.0, -241.0, -217.0, -190.0, -153.0, -99.0, -50.0, 5.0, 26.0, 43.0, 58.0, 80.0, 107.0, 121.0, 123.0, 124.0, 126.0, 135.0, 148.0, 152.0, 157.0, 161.0, 165.0, 169.0, 187.0, 260.0, 344.0, 388.0, 407.0, 409.0, 410.0, 410.0, 410.0, 410.0, 410.0, 410.0, 410.0, 410.0, 410.0, 410.0, 393.0, 354.0, 317.0, 297.0, 294.0, 293.0, 292.0, 292.0, 292.0, 292.0, 292.0]	[0, 0, 0, 0, 0, 0, 0, 0, 0, 0, 0, 0, 0, 0, 0, 0, 0, 0, 0, 0, 0, 0, 0, 0, 0, 0, 0, 0, 0, 0, 0, 0, 0, 0, 1, 1, 1, 1, 1, 0, 0, 0, 0, 0, 0, 0, 0, 0, 0, 0, 0, 1]	[0, 0, 0, 0, 0, 0, 0, 0, 0, 0, 0, 0, 0, 0, 0, 0, 0, 0, 0, 0, 0, 0, 0, 0, 0, 0, 0, 0, 0, 0, 0, 0, 0, 0, 0, 0, 0, 0, 0, 0, 0, 0, 0, 0, 0, 0, 0, 0, 0, 0, 0, 0]	[0, 0, 0, 0, 0, 0, 0, 0, 0, 0, 0, 0, 0, 0, 0, 0, 0, 0, 0, 0, 0, 0, 0, 0, 0, 0, 0, 0, 0, 0, 0, 0, 0, 0, 0, 0, 0, 0, 0, 0, 0, 0, 0, 0, 0, 0, 0, 0, 0, 0, 0, 0]	[0.00038219999987632036, 0.009979900001781061, 0.026861100021051243, 0.04339760000584647, 0.05995140000595711, 0.07661200000438839, 0.09319850002066232, 0.10995350001030602, 0.12667640001745895, 0.14380449999589473, 0.16008790000341833, 0.1762493000132963, 0.19297390000429004, 0.20999820000724867, 0.22638000000733882, 0.2430138000054285, 0.2597310999990441, 0.2763474000093993, 0.2932020000007469, 0.30992530001094565, 0.3266830000211485, 0.3430102000129409, 0.3607684000162408, 0.37674870001501404, 0.39297280000755563, 0.4097219000104815, 0.42634600002202205, 0.44292220001807436, 0.45966630001203157, 0.47632509999675676, 0.4930942000064533, 0.5094781000225339, 0.5260579000168946, 0.5429912999970838, 0.5593996999959927, 0.5762400999956299, 0.5926748000201769, 0.6094288000022061, 0.6261312999995425, 0.6429968000156805, 0.659622400009539, 0.6763735999993514, 0.6930852000077721, 0.7098187000083271, 0.7262675999954809, 0.7434739000163972, 0.7595382000145037, 0.7762651000230107, 0.7926523000060115, 0.8093109000183176, 0.8259717000182718, 0.8431491000228561]	204.0	292.0	0.9	5a
32	2	go_nogo_prac	1	18	9	nogo	none	[64.0, 64.0, 74.0, 94.0, 111.0, 123.0, 131.0, 141.0, 167.0, 185.0, 198.0, 201.0, 203.0, 203.0, 203.0, 203.0, 203.0, 203.0, 202.0, 202.0, 210.0, 214.0, 215.0, 215.0, 215.0, 215.0, 215.0, 215.0, 215.0, 215.0, 215.0, 215.0, 213.0, 213.0, 212.0, 212.0, 212.0, 212.0, 212.0, 212.0, 212.0, 212.0, 212.0, 212.0, 212.0, 212.0, 212.0, 212.0, 212.0, 212.0, 212.0, 212.0, 212.0, 212.0, 212.0, 212.0, 212.0, 212.0, 212.0, 212.0, 212.0, 212.0, 212.0, 212.0, 212.0, 212.0]	[-268.0, -268.0, -238.0, -190.0, -151.0, -122.0, -89.0, -46.0, 33.0, 75.0, 97.0, 106.0, 110.0, 113.0, 115.0, 115.0, 115.0, 116.0, 126.0, 160.0, 238.0, 268.0, 278.0, 278.0, 278.0, 278.0, 278.0, 278.0, 278.0, 278.0, 278.0, 278.0, 278.0, 278.0, 278.0, 278.0, 278.0, 278.0, 278.0, 278.0, 278.0, 278.0, 278.0, 278.0, 278.0, 278.0, 278.0, 278.0, 278.0, 278.0, 278.0, 278.0, 278.0, 278.0, 278.0, 278.0, 278.0, 278.0, 278.0, 278.0, 278.0, 278.0, 278.0, 278.0, 278.0, 278.0]	[0, 0, 0, 0, 0, 0, 0, 0, 0, 0, 0, 0, 0, 0, 0, 0, 0, 0, 0, 0, 0, 0, 0, 0, 0, 0, 0, 0, 0, 0, 0, 0, 0, 0, 0, 0, 0, 0, 0, 0, 0, 0, 0, 0, 0, 0, 0, 0, 0, 0, 0, 0, 0, 0, 0, 0, 0, 0, 0, 0, 0, 0, 0, 0, 0, 0]	[0, 0, 0, 0, 0, 0, 0, 0, 0, 0, 0, 0, 0, 0, 0, 0, 0, 0, 0, 0, 0, 0, 0, 0, 0, 0, 0, 0, 0, 0, 0, 0, 0, 0, 0, 0, 0, 0, 0, 0, 0, 0, 0, 0, 0, 0, 0, 0, 0, 0, 0, 0, 0, 0, 0, 0, 0, 0, 0, 0, 0, 0, 0, 0, 0, 0]	[0, 0, 0, 0, 0, 0, 0, 0, 0, 0, 0, 0, 0, 0, 0, 0, 0, 0, 0, 0, 0, 0, 0, 0, 0, 0, 0, 0, 0, 0, 0, 0, 0, 0, 0, 0, 0, 0, 0, 0, 0, 0, 0, 0, 0, 0, 0, 0, 0, 0, 0, 0, 0, 0, 0, 0, 0, 0, 0, 0, 0, 0, 0, 0, 0, 0]	[0.0003409000055398792, 0.007749599986709654, 0.02471769999829121, 0.04134419999900274, 0.05802900000708178, 0.07516710000345483, 0.0918451999896206, 0.10825630000908859, 0.12470029998803511, 0.14133159999619238, 0.15855789999477565, 0.17467069998383522, 0.19150210000225343, 0.20791749999625608, 0.22432259999914095, 0.24106569998548366, 0.2580381000007037, 0.2750309999973979, 0.29129500000271946, 0.3083592999901157, 0.32459259999450296, 0.3416877999843564, 0.3575639000046067, 0.3744187999982387, 0.39101120000123046, 0.40773340000305325, 0.4243264000106137, 0.44100869999965653, 0.4576855000050273, 0.47440149998874404, 0.49101289999089204, 0.5078953999909572, 0.5243159999954514, 0.5413511999940965, 0.5577014999871608, 0.5743095999932848, 0.5910443000029773, 0.6076637000078335, 0.6245204999868292, 0.6409937999851536, 0.6577647000085562, 0.67427509999834, 0.6911297999904491, 0.7077101999893785, 0.7242420999973547, 0.7410208999936003, 0.7576075000106357, 0.7742639000061899, 0.7910216999880504, 0.8074676000105683, 0.82412080001086, 0.8408624999865424, 0.8575269999855664, 0.8743258999893442, 0.8907722999865655, 0.9075238000077661, 0.9240717999928165, 0.9408705999958329, 0.9574833000078797, 0.9741251000086777, 0.9907607999921311, 1.0074531999998726, 1.02408010000363, 1.0406187000044156, 1.0574421999917831, 1.074038599996129]	n/a	n/a	0.7	5a
33	2	go_nogo_prac	1	18	6	go	click	[52.0, 74.0, 92.0, 132.0, 160.0, 180.0, 193.0, 205.0, 212.0, 218.0, 220.0, 220.0, 220.0, 220.0, 221.0, 224.0, 225.0, 226.0, 227.0, 227.0, 227.0, 227.0, 227.0, 227.0, 227.0]	[-221.0, -170.0, -117.0, -17.0, 77.0, 143.0, 179.0, 206.0, 226.0, 237.0, 243.0, 244.0, 246.0, 250.0, 272.0, 292.0, 300.0, 307.0, 310.0, 313.0, 313.0, 313.0, 313.0, 313.0, 313.0]	[0, 0, 0, 0, 0, 0, 0, 0, 0, 0, 0, 0, 0, 0, 0, 0, 0, 0, 0, 0, 0, 0, 0, 0, 1]	[0, 0, 0, 0, 0, 0, 0, 0, 0, 0, 0, 0, 0, 0, 0, 0, 0, 0, 0, 0, 0, 0, 0, 0, 0]	[0, 0, 0, 0, 0, 0, 0, 0, 0, 0, 0, 0, 0, 0, 0, 0, 0, 0, 0, 0, 0, 0, 0, 0, 0]	[0.0003532000118866563, 0.006980100006330758, 0.024457200022879988, 0.04072150000138208, 0.05778380000265315, 0.07419800001662225, 0.09058690001256764, 0.10734170000068843, 0.1240752000012435, 0.14071300000068732, 0.1575588000123389, 0.1740845000022091, 0.19064730001264252, 0.20734760002233088, 0.22469810000620782, 0.2410956000094302, 0.25739020001492463, 0.27392790000885725, 0.2906430000148248, 0.30743210000218824, 0.3240024000115227, 0.3405153000203427, 0.3571129000047222, 0.3737309999996796, 0.3907644000137225]	227.0	313.0	0.6	5a
34	2	go_nogo_prac	1	18	2	go	click	[80.0, 80.0, 97.0, 128.0, 169.0, 187.0, 194.0, 199.0, 199.0, 199.0, 199.0, 199.0, 200.0, 200.0, 200.0, 200.0, 200.0, 200.0, 200.0, 200.0, 202.0, 205.0, 206.0, 206.0, 206.0, 206.0, 206.0, 206.0]	[-183.0, -183.0, -122.0, -24.0, 68.0, 104.0, 129.0, 148.0, 157.0, 163.0, 171.0, 180.0, 191.0, 195.0, 195.0, 195.0, 195.0, 196.0, 215.0, 245.0, 277.0, 302.0, 306.0, 306.0, 306.0, 306.0, 306.0, 306.0]	[0, 0, 0, 0, 0, 0, 0, 0, 0, 0, 0, 0, 0, 0, 0, 0, 0, 0, 0, 0, 0, 0, 0, 0, 0, 0, 0, 1]	[0, 0, 0, 0, 0, 0, 0, 0, 0, 0, 0, 0, 0, 0, 0, 0, 0, 0, 0, 0, 0, 0, 0, 0, 0, 0, 0, 0]	[0, 0, 0, 0, 0, 0, 0, 0, 0, 0, 0, 0, 0, 0, 0, 0, 0, 0, 0, 0, 0, 0, 0, 0, 0, 0, 0, 0]	[0.0004048999981023371, 0.007727299991529435, 0.02448359999107197, 0.04110729999956675, 0.057928599999286234, 0.0744674000015948, 0.09116569999605417, 0.10759679999318905, 0.12435510000796057, 0.1410559999931138, 0.15781380000407808, 0.17432520000147633, 0.19109899998875335, 0.20744190001278184, 0.22404760000063106, 0.24078650001320057, 0.257447800016962, 0.2743034000159241, 0.29092910001054406, 0.30792510000173934, 0.32434200000716373, 0.34086630001547746, 0.35740229999646544, 0.37414120000903495, 0.39073529999586754, 0.4073783000058029, 0.4241409999958705, 0.440915799990762]	206.0	306.0	0.9	5a
35	2	go_nogo_prac	1	18	3	go	click	[11.0, 11.0, 11.0, 10.0, 14.0, 26.0, 44.0, 58.0, 63.0, 69.0, 74.0, 83.0, 91.0, 102.0, 109.0, 114.0, 116.0, 135.0, 179.0, 220.0, 237.0, 239.0, 239.0, 239.0, 239.0, 239.0, 239.0, 239.0, 239.0]	[-252.0, -230.0, -230.0, -179.0, -138.0, -82.0, -32.0, 2.0, 20.0, 33.0, 47.0, 66.0, 88.0, 109.0, 120.0, 124.0, 127.0, 142.0, 194.0, 255.0, 286.0, 291.0, 291.0, 291.0, 291.0, 291.0, 291.0, 291.0, 291.0]	[0, 0, 0, 0, 0, 0, 0, 0, 0, 0, 0, 0, 0, 0, 0, 0, 0, 0, 0, 0, 0, 0, 0, 0, 0, 0, 0, 0, 1]	[0, 0, 0, 0, 0, 0, 0, 0, 0, 0, 0, 0, 0, 0, 0, 0, 0, 0, 0, 0, 0, 0, 0, 0, 0, 0, 0, 0, 0]	[0, 0, 0, 0, 0, 0, 0, 0, 0, 0, 0, 0, 0, 0, 0, 0, 0, 0, 0, 0, 0, 0, 0, 0, 0, 0, 0, 0, 0]	[0.0003826000029221177, 0.007275099982507527, 0.024596499977633357, 0.041104899981291965, 0.05849939998006448, 0.07493669999530539, 0.09287880000192672, 0.10771229999954812, 0.1242482999805361, 0.1408940999826882, 0.15789699999731965, 0.1746415999950841, 0.19105239998316392, 0.20765470000333153, 0.2245483000006061, 0.24094509999849834, 0.2577302999852691, 0.27428309997776523, 0.2913362999970559, 0.30755040000076406, 0.32411359998513944, 0.34070459997747093, 0.3573638999951072, 0.3739882999798283, 0.390664199978346, 0.40740070000174455, 0.42410939998808317, 0.44074900000123307, 0.4574408000044059]	239.0	291.0	0.9	5a
36	2	go_nogo_prac	1	18	2	go	click	[52.0, 52.0, 67.0, 105.0, 132.0, 143.0, 152.0, 158.0, 161.0, 165.0, 165.0, 165.0, 165.0, 165.0, 165.0, 165.0, 160.0, 160.0, 160.0, 160.0, 165.0, 166.0, 167.0, 167.0, 171.0, 187.0, 215.0, 227.0, 232.0, 232.0, 232.0, 232.0, 232.0, 232.0, 232.0, 232.0, 232.0, 232.0, 232.0, 232.0, 230.0, 225.0, 222.0, 221.0, 221.0, 220.0, 219.0, 215.0, 210.0, 209.0, 208.0, 208.0]	[-229.0, -229.0, -183.0, -65.0, 52.0, 122.0, 162.0, 183.0, 194.0, 201.0, 204.0, 206.0, 207.0, 207.0, 207.0, 206.0, 199.0, 199.0, 199.0, 201.0, 213.0, 215.0, 220.0, 223.0, 232.0, 278.0, 350.0, 391.0, 406.0, 407.0, 407.0, 407.0, 405.0, 404.0, 404.0, 404.0, 404.0, 404.0, 404.0, 404.0, 398.0, 383.0, 371.0, 367.0, 365.0, 362.0, 357.0, 351.0, 341.0, 336.0, 334.0, 334.0]	[0, 0, 0, 0, 0, 0, 0, 0, 0, 0, 0, 0, 0, 0, 0, 0, 0, 0, 0, 0, 0, 0, 0, 0, 0, 0, 0, 0, 0, 0, 0, 0, 0, 1, 1, 1, 1, 1, 1, 0, 0, 0, 0, 0, 0, 0, 0, 0, 0, 0, 0, 1]	[0, 0, 0, 0, 0, 0, 0, 0, 0, 0, 0, 0, 0, 0, 0, 0, 0, 0, 0, 0, 0, 0, 0, 0, 0, 0, 0, 0, 0, 0, 0, 0, 0, 0, 0, 0, 0, 0, 0, 0, 0, 0, 0, 0, 0, 0, 0, 0, 0, 0, 0, 0]	[0, 0, 0, 0, 0, 0, 0, 0, 0, 0, 0, 0, 0, 0, 0, 0, 0, 0, 0, 0, 0, 0, 0, 0, 0, 0, 0, 0, 0, 0, 0, 0, 0, 0, 0, 0, 0, 0, 0, 0, 0, 0, 0, 0, 0, 0, 0, 0, 0, 0, 0, 0]	[0.0004284000024199486, 0.0068069999979343265, 0.023362800013273954, 0.040094299998600036, 0.05669100000523031, 0.0734748000104446, 0.09003799999481998, 0.10710250001284294, 0.12339520000386983, 0.1402142000151798, 0.15692340000532568, 0.1732884999946691, 0.18972840000060387, 0.20644340000580996, 0.22323930001584813, 0.23995630000717938, 0.25632809998933226, 0.2730098000029102, 0.2898509000078775, 0.30791569998837076, 0.32337830000324175, 0.3400375999917742, 0.35645300001488067, 0.3735363000014331, 0.39074050000635907, 0.4072546999959741, 0.423562200012384, 0.4398366000095848, 0.4564659000025131, 0.4728616999927908, 0.48958829999901354, 0.5065501999924891, 0.523184499994386, 0.5401779999956489, 0.5561812999949325, 0.5731009000155609, 0.5895603999961168, 0.6062545999884605, 0.6227874000032898, 0.640218399988953, 0.6567084999987856, 0.6729560999956448, 0.6897970999998506, 0.7063348999945447, 0.7231447999947704, 0.7397102999966592, 0.7565690999908838, 0.7728686000045855, 0.7906191000074614, 0.8061925999936648, 0.8228033999912441, 0.8399566000152845]	208.0	334.0	0.8	5a
37	3	go_only	0	18	6	go	click	[152.0, 152.0, 152.0, 195.0, 208.0, 215.0, 216.0, 214.0, 211.0, 207.0, 205.0, 203.0, 200.0, 200.0, 203.0, 205.0, 205.0, 204.0, 199.0, 197.0, 199.0, 210.0, 215.0, 217.0, 217.0, 217.0, 217.0, 217.0, 217.0, 217.0, 217.0, 217.0, 217.0, 217.0, 217.0, 217.0, 217.0, 217.0, 217.0, 217.0, 217.0, 218.0, 218.0, 218.0, 218.0, 218.0, 218.0, 220.0, 222.0, 222.0, 222.0, 222.0, 222.0]	[-164.0, -164.0, -164.0, -51.0, -11.0, 14.0, 29.0, 42.0, 53.0, 61.0, 64.0, 68.0, 73.0, 90.0, 120.0, 128.0, 130.0, 134.0, 145.0, 174.0, 212.0, 235.0, 243.0, 247.0, 248.0, 248.0, 248.0, 248.0, 248.0, 249.0, 249.0, 249.0, 249.0, 249.0, 249.0, 249.0, 249.0, 249.0, 249.0, 248.0, 241.0, 234.0, 230.0, 229.0, 229.0, 229.0, 232.0, 269.0, 303.0, 308.0, 308.0, 308.0, 308.0]	[0, 0, 0, 0, 0, 0, 0, 0, 0, 0, 0, 0, 0, 0, 0, 0, 0, 0, 0, 0, 0, 0, 0, 0, 0, 0, 0, 0, 0, 1, 1, 1, 1, 1, 1, 0, 0, 0, 0, 0, 0, 0, 0, 0, 0, 0, 0, 0, 0, 0, 0, 0, 1]	[0, 0, 0, 0, 0, 0, 0, 0, 0, 0, 0, 0, 0, 0, 0, 0, 0, 0, 0, 0, 0, 0, 0, 0, 0, 0, 0, 0, 0, 0, 0, 0, 0, 0, 0, 0, 0, 0, 0, 0, 0, 0, 0, 0, 0, 0, 0, 0, 0, 0, 0, 0, 0]	[0, 0, 0, 0, 0, 0, 0, 0, 0, 0, 0, 0, 0, 0, 0, 0, 0, 0, 0, 0, 0, 0, 0, 0, 0, 0, 0, 0, 0, 0, 0, 0, 0, 0, 0, 0, 0, 0, 0, 0, 0, 0, 0, 0, 0, 0, 0, 0, 0, 0, 0, 0, 0]	[0.00042719999328255653, 0.005020200012950227, 0.02206250000745058, 0.03869469999335706, 0.05535569999483414, 0.07246670001768507, 0.0886719000118319, 0.10580449999542907, 0.12201029999414459, 0.13868520001415163, 0.1553633000003174, 0.17218860000139102, 0.18866159999743104, 0.20545350000611506, 0.2225048000109382, 0.23864570001023822, 0.2554146000184119, 0.2719589000043925, 0.28902840000228025, 0.3054824999999255, 0.32197409999207594, 0.33899980000569485, 0.3553681999910623, 0.3722356999933254, 0.38834900001529604, 0.40509700000984594, 0.42178070000954904, 0.43845660000806674, 0.45540569999138825, 0.47229710000101477, 0.48845259999507107, 0.5049744000134524, 0.5219541999977082, 0.5385607999924105, 0.555095399991842, 0.5720010999939404, 0.5883707000175491, 0.6049926000123378, 0.6216814999934286, 0.6385454999981448, 0.6557255999941844, 0.6719417000131216, 0.6886457999935374, 0.7050023000047076, 0.7215666999982204, 0.7386218000028748, 0.75520260000485, 0.7720463000005111, 0.7884793000121135, 0.8049384000187274, 0.8215393999998923, 0.8383115000033285, 0.8550467000168283]	222.0	308.0	0.5	5a
38	3	go_only	0	18	7	go	click	[77.0, 77.0, 88.0, 109.0, 120.0, 126.0, 127.0, 127.0, 127.0, 132.0, 143.0, 149.0, 150.0, 151.0, 151.0, 151.0, 151.0, 151.0, 151.0, 151.0, 160.0, 180.0, 197.0, 207.0, 207.0, 207.0]	[-235.0, -235.0, -205.0, -132.0, -54.0, -7.0, 21.0, 45.0, 87.0, 163.0, 247.0, 260.0, 264.0, 264.0, 264.0, 264.0, 264.0, 264.0, 264.0, 264.0, 276.0, 298.0, 315.0, 322.0, 322.0, 322.0]	[0, 0, 0, 0, 0, 0, 0, 0, 0, 0, 0, 0, 0, 0, 0, 0, 0, 0, 0, 0, 0, 0, 0, 0, 0, 1]	[0, 0, 0, 0, 0, 0, 0, 0, 0, 0, 0, 0, 0, 0, 0, 0, 0, 0, 0, 0, 0, 0, 0, 0, 0, 0]	[0, 0, 0, 0, 0, 0, 0, 0, 0, 0, 0, 0, 0, 0, 0, 0, 0, 0, 0, 0, 0, 0, 0, 0, 0, 0]	[0.0004972000024281442, 0.006658199999947101, 0.02349540000432171, 0.040159600001061335, 0.05687999998917803, 0.07348970000748523, 0.09028390000457875, 0.10698439998668619, 0.12352560000726953, 0.14017709999461658, 0.15685659999144264, 0.1737491000094451, 0.18996719998540357, 0.2067246999940835, 0.2236339999944903, 0.24011059998883866, 0.2565803999896161, 0.2735235999862198, 0.2899312000081409, 0.3069709000119474, 0.3234942000126466, 0.3401986999961082, 0.3568843000102788, 0.37323870000545867, 0.3900396999961231, 0.4068955999973696]	207.0	322.0	0.5	5a
39	3	go_only	0	18	4	go	click	[102.0, 102.0, 121.0, 148.0, 167.0, 180.0, 189.0, 192.0, 193.0, 193.0, 193.0, 193.0, 193.0, 193.0, 193.0, 193.0, 193.0, 193.0, 193.0, 193.0, 193.0, 193.0, 193.0, 192.0, 192.0]	[-164.0, -164.0, -106.0, -1.0, 87.0, 136.0, 168.0, 193.0, 215.0, 230.0, 230.0, 230.0, 230.0, 230.0, 230.0, 230.0, 231.0, 231.0, 231.0, 231.0, 232.0, 244.0, 258.0, 270.0, 270.0]	[0, 0, 0, 0, 0, 0, 0, 0, 0, 0, 0, 0, 0, 0, 0, 0, 0, 0, 0, 0, 0, 0, 0, 0, 1]	[0, 0, 0, 0, 0, 0, 0, 0, 0, 0, 0, 0, 0, 0, 0, 0, 0, 0, 0, 0, 0, 0, 0, 0, 0]	[0, 0, 0, 0, 0, 0, 0, 0, 0, 0, 0, 0, 0, 0, 0, 0, 0, 0, 0, 0, 0, 0, 0, 0, 0]	[0.0001776999852154404, 0.009579700010363013, 0.026126199983991683, 0.04261820000829175, 0.059384899999713525, 0.07610360000398941, 0.09255639999173582, 0.10920289999921806, 0.12583259999519214, 0.14228430000366643, 0.15884940000250936, 0.1755321999953594, 0.19226149999303743, 0.20895679999375716, 0.22544189999462105, 0.24228999999468215, 0.25899259999278, 0.2754375000076834, 0.2922447999881115, 0.3091198999900371, 0.3256739999924321, 0.342618599999696, 0.3589847999974154, 0.3755016000068281, 0.39220629999181256]	192.0	270.0	1.0	5a
40	3	go_only	0	18	7	go	click	[85.0, 103.0, 103.0, 136.0, 150.0, 164.0, 177.0, 187.0, 190.0, 191.0, 191.0, 191.0, 191.0, 191.0, 192.0, 192.0, 192.0, 192.0, 192.0, 192.0, 192.0]	[-189.0, -117.0, -117.0, 70.0, 156.0, 213.0, 258.0, 293.0, 313.0, 320.0, 321.0, 322.0, 322.0, 322.0, 323.0, 323.0, 323.0, 323.0, 323.0, 323.0, 323.0]	[0, 0, 0, 0, 0, 0, 0, 0, 0, 0, 0, 0, 0, 0, 0, 0, 0, 0, 0, 0, 1]	[0, 0, 0, 0, 0, 0, 0, 0, 0, 0, 0, 0, 0, 0, 0, 0, 0, 0, 0, 0, 0]	[0, 0, 0, 0, 0, 0, 0, 0, 0, 0, 0, 0, 0, 0, 0, 0, 0, 0, 0, 0, 0]	[0.0003983000060543418, 0.00743320002220571, 0.024459400010528043, 0.04130900002201088, 0.05765250002150424, 0.07502950000343844, 0.09138690002146177, 0.10764280002331361, 0.12436390001676045, 0.14097140001831576, 0.15767030001734383, 0.17428210002253763, 0.19063850000384264, 0.20775840000715107, 0.22405109999817796, 0.2407373000169173, 0.2574048000096809, 0.27404680001200177, 0.2909329000103753, 0.30731130001368, 0.3243800000054762]	192.0	323.0	0.6	5a
41	3	go_only	0	18	6	go	click	[129.0, 129.0, 158.0, 186.0, 198.0, 206.0, 217.0, 222.0, 228.0, 228.0, 228.0, 228.0, 228.0, 228.0, 228.0, 228.0, 228.0, 228.0, 225.0, 221.0, 217.0, 217.0]	[-95.0, -95.0, 2.0, 142.0, 194.0, 225.0, 274.0, 287.0, 314.0, 317.0, 317.0, 317.0, 317.0, 317.0, 317.0, 317.0, 317.0, 317.0, 317.0, 314.0, 311.0, 310.0]	[0, 0, 0, 0, 0, 0, 0, 0, 0, 0, 0, 0, 0, 0, 0, 0, 0, 0, 0, 0, 0, 1]	[0, 0, 0, 0, 0, 0, 0, 0, 0, 0, 0, 0, 0, 0, 0, 0, 0, 0, 0, 0, 0, 0]	[0, 0, 0, 0, 0, 0, 0, 0, 0, 0, 0, 0, 0, 0, 0, 0, 0, 0, 0, 0, 0, 0]	[0.00034139998024329543, 0.005711899982998148, 0.022605399979511276, 0.03969710000092164, 0.05609519997960888, 0.07289599999785423, 0.08930479999980889, 0.10607539999182336, 0.12268279999261722, 0.1390864999848418, 0.1557592999888584, 0.17260089999763295, 0.18942899999092333, 0.20576189999701455, 0.22239989999798127, 0.23908999998820946, 0.25579490000382066, 0.27246690000174567, 0.2895159999898169, 0.30593649999354966, 0.32265789998928085, 0.3396795000007842]	217.0	310.0	0.6	5a
42	3	go_only	0	18	8	go	click	[72.0, 84.0, 93.0, 118.0, 140.0, 157.0, 164.0, 165.0, 165.0, 165.0, 165.0, 164.0, 164.0, 163.0, 163.0, 162.0, 162.0, 162.0, 162.0, 162.0, 162.0, 162.0, 159.0, 150.0, 144.0, 139.0, 137.0, 137.0, 137.0, 137.0, 141.0, 142.0, 142.0, 142.0, 142.0, 142.0, 142.0, 142.0, 143.0, 145.0, 149.0, 153.0, 155.0, 156.0, 157.0, 158.0, 164.0, 175.0, 182.0]	[-207.0, -136.0, -57.0, 75.0, 141.0, 172.0, 190.0, 192.0, 193.0, 193.0, 193.0, 195.0, 195.0, 195.0, 195.0, 195.0, 195.0, 195.0, 195.0, 195.0, 195.0, 195.0, 197.0, 224.0, 251.0, 273.0, 290.0, 297.0, 299.0, 306.0, 314.0, 315.0, 315.0, 315.0, 315.0, 315.0, 315.0, 315.0, 315.0, 313.0, 308.0, 304.0, 302.0, 301.0, 299.0, 296.0, 293.0, 291.0, 288.0]	[0, 0, 0, 0, 0, 0, 0, 0, 0, 0, 0, 0, 0, 0, 0, 0, 0, 0, 0, 0, 0, 0, 0, 0, 0, 0, 0, 0, 0, 0, 0, 1, 1, 1, 1, 1, 1, 0, 0, 0, 0, 0, 0, 0, 0, 0, 0, 0, 1]	[0, 0, 0, 0, 0, 0, 0, 0, 0, 0, 0, 0, 0, 0, 0, 0, 0, 0, 0, 0, 0, 0, 0, 0, 0, 0, 0, 0, 0, 0, 0, 0, 0, 0, 0, 0, 0, 0, 0, 0, 0, 0, 0, 0, 0, 0, 0, 0, 0]	[0, 0, 0, 0, 0, 0, 0, 0, 0, 0, 0, 0, 0, 0, 0, 0, 0, 0, 0, 0, 0, 0, 0, 0, 0, 0, 0, 0, 0, 0, 0, 0, 0, 0, 0, 0, 0, 0, 0, 0, 0, 0, 0, 0, 0, 0, 0, 0, 0]	[0.0002091999922413379, 0.009673799999291077, 0.025865500007057562, 0.04250239999964833, 0.05917379999300465, 0.07581710000522435, 0.09254740001051687, 0.10921070000040345, 0.1256023999885656, 0.14233400000375696, 0.15922229998977855, 0.17569770000409335, 0.1925469000125304, 0.20933700000750832, 0.2260664000059478, 0.24224120000144467, 0.2588936999964062, 0.2755450000113342, 0.29216949999681674, 0.308812700008275, 0.3255043000099249, 0.3422137000015937, 0.35892249998869374, 0.37556290000793524, 0.3924532000091858, 0.4090106000076048, 0.42563139999401756, 0.4426443999982439, 0.45888240000931546, 0.4755249999871012, 0.4922682000033092, 0.5090454999881331, 0.5254105000058189, 0.5420718000095803, 0.5588475000113249, 0.5755016999901272, 0.5920326999912504, 0.6090899000118952, 0.62573010000051, 0.6422362999874167, 0.6589588999922853, 0.6755215000011958, 0.6921115999866743, 0.7087613999901805, 0.7253989999881014, 0.7422932999907061, 0.7588341000082437, 0.7754673000017647, 0.792287899996154]	182.0	288.0	1.0	5a
43	3	go_only	0	18	2	go	click	[45.0, 45.0, 51.0, 70.0, 84.0, 100.0, 105.0, 107.0, 108.0, 108.0, 107.0, 106.0, 104.0, 103.0, 100.0, 98.0, 98.0, 98.0, 99.0, 104.0, 113.0, 120.0, 125.0, 129.0, 132.0, 135.0, 138.0, 140.0, 147.0, 161.0, 174.0, 175.0, 175.0, 175.0, 175.0, 175.0, 175.0]	[-247.0, -247.0, -207.0, -104.0, -10.0, 47.0, 61.0, 65.0, 88.0, 103.0, 108.0, 111.0, 118.0, 151.0, 192.0, 215.0, 216.0, 216.0, 216.0, 216.0, 228.0, 243.0, 255.0, 265.0, 269.0, 272.0, 273.0, 275.0, 276.0, 277.0, 281.0, 281.0, 281.0, 281.0, 281.0, 281.0, 281.0]	[0, 0, 0, 0, 0, 0, 0, 0, 0, 0, 0, 0, 0, 0, 0, 0, 0, 0, 0, 0, 0, 0, 0, 0, 0, 0, 0, 0, 0, 0, 0, 0, 0, 0, 0, 0, 1]	[0, 0, 0, 0, 0, 0, 0, 0, 0, 0, 0, 0, 0, 0, 0, 0, 0, 0, 0, 0, 0, 0, 0, 0, 0, 0, 0, 0, 0, 0, 0, 0, 0, 0, 0, 0, 0]	[0, 0, 0, 0, 0, 0, 0, 0, 0, 0, 0, 0, 0, 0, 0, 0, 0, 0, 0, 0, 0, 0, 0, 0, 0, 0, 0, 0, 0, 0, 0, 0, 0, 0, 0, 0, 0]	[0.0001962999813258648, 0.009427899989532307, 0.026024899998446926, 0.042639899998903275, 0.05935799999861047, 0.07593099999940023, 0.09293210000032559, 0.10919069999363273, 0.12639749998925254, 0.14253799998550676, 0.1593231000006199, 0.17592019998119213, 0.19258089998038486, 0.20937789999879897, 0.22592949998215772, 0.24260839997441508, 0.2590102999820374, 0.27567679999629036, 0.2930335999990348, 0.30913119998876937, 0.32602029998088256, 0.34236549999332055, 0.3593047999893315, 0.3758300999761559, 0.3925329999765381, 0.409194399981061, 0.42587549999007024, 0.44255039998097345, 0.4593864999769721, 0.47579729999415576, 0.492506799986586, 0.5089873999822885, 0.5255782999738585, 0.5422645999933593, 0.5589647999731824, 0.575560899975244, 0.5929230999900028]	175.0	281.0	0.6	5a
44	3	go_only	0	18	7	go	click	[138.0, 152.0, 152.0, 176.0, 187.0, 197.0, 209.0, 213.0, 213.0, 213.0, 214.0, 214.0, 214.0, 224.0, 228.0, 228.0, 228.0, 228.0, 228.0, 228.0, 228.0, 228.0, 227.0, 221.0, 218.0, 217.0, 217.0, 215.0, 213.0, 213.0, 213.0, 213.0]	[-145.0, -88.0, -88.0, 39.0, 90.0, 125.0, 158.0, 177.0, 185.0, 186.0, 186.0, 186.0, 190.0, 223.0, 229.0, 229.0, 229.0, 229.0, 229.0, 229.0, 229.0, 231.0, 246.0, 263.0, 271.0, 273.0, 273.0, 273.0, 273.0, 273.0, 273.0, 273.0]	[0, 0, 0, 0, 0, 0, 0, 0, 0, 0, 0, 0, 0, 0, 0, 0, 0, 0, 0, 0, 0, 0, 0, 0, 0, 0, 0, 0, 0, 0, 0, 1]	[0, 0, 0, 0, 0, 0, 0, 0, 0, 0, 0, 0, 0, 0, 0, 0, 0, 0, 0, 0, 0, 0, 0, 0, 0, 0, 0, 0, 0, 0, 0, 0]	[0, 0, 0, 0, 0, 0, 0, 0, 0, 0, 0, 0, 0, 0, 0, 0, 0, 0, 0, 0, 0, 0, 0, 0, 0, 0, 0, 0, 0, 0, 0, 0]	[0.0004261000140104443, 0.007555100019089878, 0.025032900011865422, 0.04168100000242703, 0.05788470001425594, 0.07454309999593534, 0.09127550001721829, 0.10778250001021661, 0.12458269999478944, 0.1412140000029467, 0.15792460000375286, 0.1744390999956522, 0.19120729999849573, 0.20823340001516044, 0.22441360002267174, 0.2408651000005193, 0.2575918000075035, 0.27427670001634397, 0.2908987000118941, 0.30760600001667626, 0.3245628000004217, 0.3412508000037633, 0.3578038999985438, 0.3744553000142332, 0.39123700000345707, 0.40749440001673065, 0.4243164000217803, 0.44124400001601316, 0.45750170000246726, 0.47416830001748167, 0.49089790001744404, 0.5078917000209913]	213.0	273.0	0.7	5a
45	3	go_only	0	18	3	go	click	[118.0, 118.0, 132.0, 150.0, 156.0, 160.0, 164.0, 172.0, 182.0, 184.0, 184.0, 184.0, 184.0, 187.0, 191.0, 192.0, 193.0, 193.0, 193.0, 193.0, 193.0, 193.0, 193.0, 194.0, 194.0, 195.0, 195.0, 195.0, 195.0, 195.0, 194.0, 194.0]	[-160.0, -160.0, -122.0, -53.0, 7.0, 63.0, 122.0, 161.0, 186.0, 192.0, 192.0, 192.0, 192.0, 200.0, 213.0, 219.0, 219.0, 219.0, 219.0, 219.0, 219.0, 221.0, 229.0, 238.0, 250.0, 254.0, 256.0, 256.0, 256.0, 260.0, 266.0, 268.0]	[0, 0, 0, 0, 0, 0, 0, 0, 0, 0, 0, 0, 0, 0, 0, 0, 0, 0, 0, 0, 0, 0, 0, 0, 0, 0, 0, 0, 0, 0, 0, 1]	[0, 0, 0, 0, 0, 0, 0, 0, 0, 0, 0, 0, 0, 0, 0, 0, 0, 0, 0, 0, 0, 0, 0, 0, 0, 0, 0, 0, 0, 0, 0, 0]	[0, 0, 0, 0, 0, 0, 0, 0, 0, 0, 0, 0, 0, 0, 0, 0, 0, 0, 0, 0, 0, 0, 0, 0, 0, 0, 0, 0, 0, 0, 0, 0]	[0.00040839999564923346, 0.005869399989023805, 0.023036799975670874, 0.03941249998752028, 0.05606209998950362, 0.07269899998209439, 0.08937109998078085, 0.10615209999377839, 0.12276549998205155, 0.13932739998563193, 0.15578659999300726, 0.1725657999922987, 0.18957359998603351, 0.2063905999821145, 0.22305859997868538, 0.23934449997614138, 0.25573229999281466, 0.2725064999831375, 0.2893105999974068, 0.30573339998954907, 0.32269969998742454, 0.3393082999973558, 0.3561040999775287, 0.37255349999759346, 0.3897833999944851, 0.4065851999912411, 0.42263939999975264, 0.43964459997368976, 0.45629099998041056, 0.47281109998584725, 0.4893488999805413, 0.506042900000466]	194.0	268.0	0.7	5a
46	3	go_only	0	18	2	go	click	[34.0, 34.0, 40.0, 50.0, 64.0, 80.0, 108.0, 134.0, 151.0, 160.0, 163.0, 166.0, 172.0, 183.0, 188.0, 190.0, 190.0, 190.0, 190.0, 191.0, 193.0, 193.0, 194.0, 194.0, 194.0, 194.0, 194.0]	[-251.0, -251.0, -219.0, -161.0, -99.0, -41.0, 50.0, 128.0, 171.0, 188.0, 195.0, 201.0, 218.0, 245.0, 257.0, 261.0, 261.0, 261.0, 261.0, 262.0, 264.0, 264.0, 264.0, 264.0, 264.0, 264.0, 266.0]	[0, 0, 0, 0, 0, 0, 0, 0, 0, 0, 0, 0, 0, 0, 0, 0, 0, 0, 0, 0, 0, 0, 0, 0, 0, 0, 1]	[0, 0, 0, 0, 0, 0, 0, 0, 0, 0, 0, 0, 0, 0, 0, 0, 0, 0, 0, 0, 0, 0, 0, 0, 0, 0, 0]	[0, 0, 0, 0, 0, 0, 0, 0, 0, 0, 0, 0, 0, 0, 0, 0, 0, 0, 0, 0, 0, 0, 0, 0, 0, 0, 0]	[0.0004329000075813383, 0.007427000004099682, 0.024011200002860278, 0.04062310000881553, 0.05720290000317618, 0.0740667000063695, 0.0907876999990549, 0.10720110000693239, 0.12383300001965836, 0.14045410000835545, 0.15708710000035353, 0.17399000001023524, 0.1906044000061229, 0.20713230001274496, 0.22382850002031773, 0.2405094999994617, 0.25689720001537353, 0.2736155000166036, 0.29035300001851283, 0.30789250001544133, 0.32355729999835603, 0.34067240002332255, 0.35687070002313703, 0.37361650000093505, 0.3902922999986913, 0.40720909999799915, 0.42410360000212677]	194.0	267.0	0.7	5a
47	3	go_only	0	18	3	go	click	[42.0, 49.0, 49.0, 71.0, 89.0, 106.0, 116.0, 126.0, 136.0, 142.0, 149.0, 155.0, 165.0, 181.0, 185.0, 187.0, 187.0, 187.0, 187.0, 187.0, 192.0, 196.0, 197.0, 197.0]	[-231.0, -196.0, -196.0, -88.0, -16.0, 46.0, 80.0, 115.0, 146.0, 169.0, 190.0, 206.0, 224.0, 260.0, 275.0, 280.0, 280.0, 280.0, 280.0, 281.0, 292.0, 300.0, 303.0, 303.0]	[0, 0, 0, 0, 0, 0, 0, 0, 0, 0, 0, 0, 0, 0, 0, 0, 0, 0, 0, 0, 0, 0, 0, 1]	[0, 0, 0, 0, 0, 0, 0, 0, 0, 0, 0, 0, 0, 0, 0, 0, 0, 0, 0, 0, 0, 0, 0, 0]	[0, 0, 0, 0, 0, 0, 0, 0, 0, 0, 0, 0, 0, 0, 0, 0, 0, 0, 0, 0, 0, 0, 0, 0]	[0.000381799996830523, 0.007852000009734184, 0.02511020001838915, 0.04151900002034381, 0.058199599996441975, 0.07486930000595748, 0.091504400013946, 0.10809840000001714, 0.12480029999278486, 0.14163329999428242, 0.15817569999489933, 0.1748756000015419, 0.19144240001332946, 0.20854230000986718, 0.22512459999416023, 0.24117960000876337, 0.2585796000203118, 0.2747070000041276, 0.2913782999967225, 0.30805079999845475, 0.32472380000399426, 0.3415198000147939, 0.35779140001977794, 0.37491539999609813]	197.0	303.0	0.7	5a
48	3	go_only	0	18	8	go	click	[54.0, 54.0, 59.0, 81.0, 121.0, 144.0, 157.0, 166.0, 171.0, 175.0, 179.0, 180.0, 180.0, 182.0, 183.0, 184.0, 184.0, 184.0, 184.0, 184.0, 189.0, 194.0, 197.0, 199.0, 199.0, 200.0, 200.0, 200.0, 200.0, 200.0, 200.0]	[-237.0, -237.0, -213.0, -154.0, -19.0, 41.0, 74.0, 94.0, 105.0, 117.0, 126.0, 133.0, 147.0, 169.0, 188.0, 191.0, 191.0, 191.0, 191.0, 194.0, 214.0, 236.0, 261.0, 281.0, 297.0, 307.0, 307.0, 308.0, 308.0, 308.0, 308.0]	[0, 0, 0, 0, 0, 0, 0, 0, 0, 0, 0, 0, 0, 0, 0, 0, 0, 0, 0, 0, 0, 0, 0, 0, 0, 0, 0, 0, 0, 0, 1]	[0, 0, 0, 0, 0, 0, 0, 0, 0, 0, 0, 0, 0, 0, 0, 0, 0, 0, 0, 0, 0, 0, 0, 0, 0, 0, 0, 0, 0, 0, 0]	[0, 0, 0, 0, 0, 0, 0, 0, 0, 0, 0, 0, 0, 0, 0, 0, 0, 0, 0, 0, 0, 0, 0, 0, 0, 0, 0, 0, 0, 0, 0]	[0.00018319999799132347, 0.010034999984782189, 0.026840400008950382, 0.04361100000096485, 0.061359799990896136, 0.07754890000796877, 0.09342280001146719, 0.11010970000643283, 0.12662779999664053, 0.14365069998893887, 0.16018360000452958, 0.17685980000533164, 0.19339480000780895, 0.2101801999961026, 0.22676119999960065, 0.24326899999869056, 0.2598493999976199, 0.27658899998641573, 0.29387570000835694, 0.30995540000731125, 0.32657790000666864, 0.3435297000105493, 0.36034049998852424, 0.37662080000154674, 0.3932468999992125, 0.40997449998394586, 0.4268625999975484, 0.44312559999525547, 0.4598702999937814, 0.4765483000082895, 0.49358439998468384]	200.0	308.0	0.9	5a
49	3	go_only	0	18	3	go	click	[64.0, 64.0, 74.0, 96.0, 129.0, 175.0, 196.0, 207.0, 216.0, 218.0, 218.0, 219.0, 220.0, 225.0, 227.0, 227.0, 227.0, 227.0, 227.0, 227.0, 227.0, 227.0, 227.0, 226.0]	[-200.0, -200.0, -156.0, -67.0, 24.0, 161.0, 223.0, 271.0, 304.0, 319.0, 324.0, 328.0, 337.0, 352.0, 359.0, 359.0, 359.0, 360.0, 360.0, 360.0, 360.0, 360.0, 359.0, 355.0]	[0, 0, 0, 0, 0, 0, 0, 0, 0, 0, 0, 0, 0, 0, 0, 0, 0, 0, 0, 0, 0, 1, 1, 1]	[0, 0, 0, 0, 0, 0, 0, 0, 0, 0, 0, 0, 0, 0, 0, 0, 0, 0, 0, 0, 0, 0, 0, 0]	[0, 0, 0, 0, 0, 0, 0, 0, 0, 0, 0, 0, 0, 0, 0, 0, 0, 0, 0, 0, 0, 0, 0, 0]	[0.000361700018402189, 0.008019300003070384, 0.02492660001735203, 0.04149400000460446, 0.05816650000633672, 0.07485790000646375, 0.09135610001976602, 0.1085878000012599, 0.12451510000391863, 0.14151980000315234, 0.1579298000142444, 0.17449020000640303, 0.19122030001017265, 0.20786819999921136, 0.22436730001936667, 0.24122009999700822, 0.25777220001327805, 0.2743235000234563, 0.29105700002401136, 0.3076323000132106, 0.32423300002119504, 0.3413987000240013, 0.35782460001064464, 0.3743218000163324]	223.0	347.0	0.5	5a
50	3	go_only	0	18	8	go	click	[117.0, 117.0, 139.0, 183.0, 206.0, 217.0, 223.0, 228.0, 233.0, 240.0, 244.0, 245.0, 245.0, 245.0, 246.0, 246.0, 246.0, 246.0, 246.0, 245.0, 243.0, 243.0, 239.0, 237.0, 235.0, 235.0, 235.0]	[-199.0, -199.0, -145.0, -33.0, 42.0, 86.0, 120.0, 163.0, 197.0, 230.0, 255.0, 258.0, 264.0, 271.0, 273.0, 273.0, 273.0, 274.0, 274.0, 274.0, 274.0, 274.0, 274.0, 275.0, 276.0, 276.0, 276.0]	[0, 0, 0, 0, 0, 0, 0, 0, 0, 0, 0, 0, 0, 0, 0, 0, 0, 0, 0, 0, 0, 0, 0, 0, 0, 0, 1]	[0, 0, 0, 0, 0, 0, 0, 0, 0, 0, 0, 0, 0, 0, 0, 0, 0, 0, 0, 0, 0, 0, 0, 0, 0, 0, 0]	[0, 0, 0, 0, 0, 0, 0, 0, 0, 0, 0, 0, 0, 0, 0, 0, 0, 0, 0, 0, 0, 0, 0, 0, 0, 0, 0]	[0.0004048999981023371, 0.008055699989199638, 0.024765499983914196, 0.041306300001451746, 0.05805930000497028, 0.07467410000390373, 0.09133319999091327, 0.10803329999907874, 0.12467819999437779, 0.14135809999424964, 0.1579339999880176, 0.1747375999984797, 0.19191829999908805, 0.2079737999883946, 0.22455049998825416, 0.24106959998607635, 0.25793230000999756, 0.274494399985997, 0.2912386000098195, 0.3079684999829624, 0.32433440000750124, 0.34159540000837296, 0.35782790000666864, 0.37494529999094084, 0.3909697000053711, 0.40786030000890605, 0.4243397999962326]	235.0	276.0	0.5	5a
51	3	go_only	0	18	4	go	click	[31.0, 31.0, 35.0, 52.0, 68.0, 85.0, 97.0, 107.0, 121.0, 125.0, 133.0, 139.0, 148.0, 158.0, 161.0, 161.0, 161.0, 161.0, 161.0, 161.0, 161.0, 162.0, 163.0, 163.0, 164.0, 174.0, 189.0, 208.0, 217.0, 221.0, 222.0, 222.0, 222.0, 222.0, 222.0, 222.0, 222.0, 222.0, 222.0, 222.0, 222.0, 222.0, 220.0, 217.0, 217.0, 216.0, 214.0, 212.0, 205.0, 201.0, 201.0, 201.0]	[-254.0, -254.0, -219.0, -140.0, -68.0, -3.0, 37.0, 68.0, 107.0, 126.0, 149.0, 172.0, 190.0, 204.0, 210.0, 210.0, 210.0, 210.0, 210.0, 210.0, 211.0, 212.0, 212.0, 213.0, 220.0, 249.0, 289.0, 333.0, 354.0, 365.0, 367.0, 367.0, 367.0, 367.0, 367.0, 367.0, 367.0, 367.0, 367.0, 367.0, 367.0, 367.0, 359.0, 353.0, 352.0, 351.0, 348.0, 340.0, 328.0, 318.0, 316.0, 316.0]	[0, 0, 0, 0, 0, 0, 0, 0, 0, 0, 0, 0, 0, 0, 0, 0, 0, 0, 0, 0, 0, 0, 0, 0, 0, 0, 0, 0, 0, 0, 0, 0, 0, 0, 1, 1, 1, 1, 1, 1, 1, 0, 0, 0, 0, 0, 0, 0, 0, 0, 0, 1]	[0, 0, 0, 0, 0, 0, 0, 0, 0, 0, 0, 0, 0, 0, 0, 0, 0, 0, 0, 0, 0, 0, 0, 0, 0, 0, 0, 0, 0, 0, 0, 0, 0, 0, 0, 0, 0, 0, 0, 0, 0, 0, 0, 0, 0, 0, 0, 0, 0, 0, 0, 0]	[0, 0, 0, 0, 0, 0, 0, 0, 0, 0, 0, 0, 0, 0, 0, 0, 0, 0, 0, 0, 0, 0, 0, 0, 0, 0, 0, 0, 0, 0, 0, 0, 0, 0, 0, 0, 0, 0, 0, 0, 0, 0, 0, 0, 0, 0, 0, 0, 0, 0, 0, 0]	[0.00032690001535229385, 0.008219500014092773, 0.025061899999855086, 0.04166440002154559, 0.058223500003805384, 0.07505170002696104, 0.09184430001187138, 0.10827780002728105, 0.12509159999899566, 0.1416107000259217, 0.1585565000132192, 0.17503330000909045, 0.19158490002155304, 0.20815859999856912, 0.2246789000055287, 0.24140830000396818, 0.2580978000187315, 0.2746307000052184, 0.2913532000093255, 0.30809240002417937, 0.3248017000150867, 0.3415520000271499, 0.3579996000044048, 0.3749223000195343, 0.3914268000226002, 0.40812440001172945, 0.42502340002101846, 0.4416298000141978, 0.4581340000149794, 0.47495130001334473, 0.4912973000027705, 0.5082280000206083, 0.5248680000077002, 0.5414883000194095, 0.5583864000218455, 0.5745960000203922, 0.5916628000268247, 0.6078900000138674, 0.6247941000037827, 0.6412448000046425, 0.6578469000232872, 0.6750406000064686, 0.6913664000167046, 0.7083055000111926, 0.7247288000071421, 0.7416320000193082, 0.7587197000102606, 0.7747491000045557, 0.7916413000202738, 0.8083994000044186, 0.8244829000032041, 0.8415135000250302]	201.0	316.0	0.5	5a
52	3	go_only	0	18	2	go	click	[43.0, 43.0, 57.0, 77.0, 92.0, 109.0, 127.0, 132.0, 134.0, 135.0, 135.0, 135.0, 135.0, 135.0, 135.0, 135.0, 135.0, 135.0, 136.0, 143.0, 154.0, 162.0, 168.0, 171.0, 171.0, 171.0, 172.0, 178.0, 193.0, 212.0, 214.0, 214.0, 214.0, 214.0]	[-228.0, -228.0, -171.0, -68.0, 31.0, 118.0, 185.0, 204.0, 217.0, 224.0, 232.0, 237.0, 240.0, 249.0, 257.0, 260.0, 260.0, 260.0, 260.0, 267.0, 278.0, 290.0, 298.0, 301.0, 303.0, 303.0, 303.0, 306.0, 310.0, 318.0, 318.0, 318.0, 318.0, 318.0]	[0, 0, 0, 0, 0, 0, 0, 0, 0, 0, 0, 0, 0, 0, 0, 0, 0, 0, 0, 0, 0, 0, 0, 0, 0, 0, 0, 0, 0, 0, 0, 0, 0, 1]	[0, 0, 0, 0, 0, 0, 0, 0, 0, 0, 0, 0, 0, 0, 0, 0, 0, 0, 0, 0, 0, 0, 0, 0, 0, 0, 0, 0, 0, 0, 0, 0, 0, 0]	[0, 0, 0, 0, 0, 0, 0, 0, 0, 0, 0, 0, 0, 0, 0, 0, 0, 0, 0, 0, 0, 0, 0, 0, 0, 0, 0, 0, 0, 0, 0, 0, 0, 0]	[0.00034569998388178647, 0.007917099981568754, 0.02444670000113547, 0.04125379998004064, 0.05790889999479987, 0.07577179998042993, 0.0912155999976676, 0.10777989999041893, 0.12512769998284057, 0.14113679999718443, 0.1577699999907054, 0.1743770999892149, 0.1913670999929309, 0.20786199998110533, 0.22454880000441335, 0.24089479999383911, 0.25761319999583066, 0.2742934999987483, 0.29104119999101385, 0.3077620999829378, 0.32446979999076575, 0.34115969997947104, 0.3576277999964077, 0.3743784999824129, 0.3908542999997735, 0.4076352999836672, 0.4242824999964796, 0.44116469999426045, 0.4577088999794796, 0.47440979999373667, 0.4907599999860395, 0.5076274999883026, 0.5240121999813709, 0.541155599988997]	214.0	318.0	0.7	5a
53	3	go_only	0	18	4	go	click	[69.0, 69.0, 92.0, 137.0, 165.0, 184.0, 210.0, 225.0, 238.0, 245.0, 249.0, 249.0, 249.0, 249.0, 249.0, 249.0, 246.0, 245.0, 245.0, 242.0, 241.0, 240.0, 240.0, 240.0, 238.0, 233.0, 231.0, 231.0, 231.0]	[-247.0, -247.0, -189.0, -65.0, 36.0, 113.0, 200.0, 233.0, 253.0, 269.0, 282.0, 287.0, 288.0, 288.0, 288.0, 288.0, 283.0, 280.0, 280.0, 284.0, 287.0, 287.0, 288.0, 288.0, 288.0, 288.0, 288.0, 288.0, 288.0]	[0, 0, 0, 0, 0, 0, 0, 0, 0, 0, 0, 0, 0, 0, 0, 0, 0, 0, 0, 0, 0, 0, 0, 0, 0, 0, 0, 0, 1]	[0, 0, 0, 0, 0, 0, 0, 0, 0, 0, 0, 0, 0, 0, 0, 0, 0, 0, 0, 0, 0, 0, 0, 0, 0, 0, 0, 0, 0]	[0, 0, 0, 0, 0, 0, 0, 0, 0, 0, 0, 0, 0, 0, 0, 0, 0, 0, 0, 0, 0, 0, 0, 0, 0, 0, 0, 0, 0]	[0.0003273000183980912, 0.008465500024612993, 0.025259200017899275, 0.04200670000864193, 0.0584755000018049, 0.07518670000717975, 0.09208880001096986, 0.10878150002099574, 0.12560620001750067, 0.14176700002280995, 0.15834560000803322, 0.1751846000261139, 0.19150210000225343, 0.20811120001599193, 0.224746200023219, 0.24194310000166297, 0.2588069000048563, 0.2749078000197187, 0.29171460002544336, 0.30866960002458654, 0.32501120000961237, 0.3418176000122912, 0.35815520002506673, 0.37544280002475716, 0.39169490002677776, 0.4084065000060946, 0.4247938000189606, 0.4416260000143666, 0.4584974000172224]	231.0	288.0	0.8	5a
54	3	go_only	0	18	6	go	click	[111.0, 141.0, 171.0, 213.0, 240.0, 253.0, 263.0, 264.0, 267.0, 270.0, 271.0, 271.0, 272.0, 271.0, 270.0, 270.0, 270.0, 264.0, 256.0, 250.0, 246.0, 243.0, 239.0, 236.0, 230.0, 224.0, 222.0, 222.0]	[-158.0, -84.0, -9.0, 110.0, 178.0, 211.0, 238.0, 261.0, 281.0, 296.0, 303.0, 305.0, 310.0, 315.0, 317.0, 318.0, 318.0, 318.0, 320.0, 323.0, 323.0, 323.0, 321.0, 316.0, 311.0, 308.0, 307.0, 307.0]	[0, 0, 0, 0, 0, 0, 0, 0, 0, 0, 0, 0, 0, 0, 0, 0, 0, 0, 0, 0, 0, 0, 0, 0, 0, 0, 0, 1]	[0, 0, 0, 0, 0, 0, 0, 0, 0, 0, 0, 0, 0, 0, 0, 0, 0, 0, 0, 0, 0, 0, 0, 0, 0, 0, 0, 0]	[0, 0, 0, 0, 0, 0, 0, 0, 0, 0, 0, 0, 0, 0, 0, 0, 0, 0, 0, 0, 0, 0, 0, 0, 0, 0, 0, 0]	[0.0004243000003043562, 0.007605000020703301, 0.025162500009173527, 0.04133330000331625, 0.05810120000387542, 0.0744892000220716, 0.09144080002442934, 0.10790020000422373, 0.12477440002840012, 0.14133020001463592, 0.15816360001917928, 0.17453490002662875, 0.19136330002220348, 0.20800960002816282, 0.22465840002405457, 0.24097790001542307, 0.2580855000123847, 0.2745023000170477, 0.2911616000055801, 0.30774500002735294, 0.32471160002751276, 0.34132820001104847, 0.3579689000034705, 0.3744697000074666, 0.3911806000105571, 0.40810150001198053, 0.42433570002322085, 0.44129980000434443]	222.0	307.0	0.8	5a
55	4	go_nogo	0	60	6	go	click	[56.0, 68.0, 79.0, 93.0, 99.0, 109.0, 119.0, 125.0, 130.0, 131.0, 133.0, 133.0, 133.0, 133.0, 133.0, 132.0, 128.0, 128.0, 131.0, 138.0, 146.0, 152.0, 158.0, 164.0, 171.0, 176.0, 177.0, 177.0, 177.0, 177.0]	[-216.0, -145.0, -69.0, 68.0, 183.0, 284.0, 347.0, 377.0, 396.0, 405.0, 414.0, 418.0, 419.0, 420.0, 420.0, 417.0, 398.0, 379.0, 366.0, 357.0, 349.0, 340.0, 331.0, 323.0, 311.0, 303.0, 301.0, 300.0, 300.0, 300.0]	[0, 0, 0, 0, 0, 0, 0, 0, 0, 0, 0, 0, 0, 0, 0, 0, 0, 0, 0, 0, 0, 0, 0, 0, 0, 0, 0, 0, 0, 1]	[0, 0, 0, 0, 0, 0, 0, 0, 0, 0, 0, 0, 0, 0, 0, 0, 0, 0, 0, 0, 0, 0, 0, 0, 0, 0, 0, 0, 0, 0]	[0, 0, 0, 0, 0, 0, 0, 0, 0, 0, 0, 0, 0, 0, 0, 0, 0, 0, 0, 0, 0, 0, 0, 0, 0, 0, 0, 0, 0, 0]	[0.00017339998157694936, 0.010125999979209155, 0.026912599976640195, 0.04355049997684546, 0.06016209998051636, 0.07692309998674318, 0.09372609999263659, 0.11028259998420253, 0.12691319998702966, 0.14354509999975562, 0.16021729999920353, 0.1773842999828048, 0.19357959998887964, 0.20996209999429993, 0.22682449998683296, 0.2436250999744516, 0.2601938000007067, 0.27686699997866526, 0.2936166999861598, 0.31043599999975413, 0.3267986999999266, 0.34369879998848774, 0.36014209999120794, 0.37707619997672737, 0.3941022999933921, 0.4101652999815997, 0.4269696999981534, 0.4434902999782935, 0.45989069997449405, 0.47702349998871796]	177.0	300.0	0.5	5a
56	4	go_nogo	0	60	8	go	click	[76.0, 76.0, 91.0, 110.0, 122.0, 122.0, 118.0, 102.0, 89.0, 88.0, 86.0, 86.0, 86.0, 86.0, 86.0, 86.0, 86.0, 86.0, 91.0, 103.0, 116.0, 125.0, 136.0, 145.0, 154.0, 158.0, 160.0, 160.0, 160.0, 160.0]	[-224.0, -224.0, -178.0, -98.0, -20.0, 66.0, 161.0, 268.0, 330.0, 345.0, 348.0, 348.0, 348.0, 348.0, 348.0, 348.0, 343.0, 333.0, 324.0, 320.0, 319.0, 319.0, 317.0, 315.0, 312.0, 311.0, 311.0, 310.0, 310.0, 310.0]	[0, 0, 0, 0, 0, 0, 0, 0, 0, 0, 0, 0, 0, 0, 0, 0, 0, 0, 0, 0, 0, 0, 0, 0, 0, 0, 0, 0, 0, 1]	[0, 0, 0, 0, 0, 0, 0, 0, 0, 0, 0, 0, 0, 0, 0, 0, 0, 0, 0, 0, 0, 0, 0, 0, 0, 0, 0, 0, 0, 0]	[0, 0, 0, 0, 0, 0, 0, 0, 0, 0, 0, 0, 0, 0, 0, 0, 0, 0, 0, 0, 0, 0, 0, 0, 0, 0, 0, 0, 0, 0]	[0.0001720000000204891, 0.008444700011750683, 0.02503170000272803, 0.041865100007271394, 0.05832199999713339, 0.07496900000842288, 0.091668800014304, 0.10840090000419877, 0.12498679998680018, 0.14169240000774153, 0.15823569998610765, 0.17467179999221116, 0.19167699999525212, 0.20806909998646006, 0.2246486000076402, 0.24175519999698736, 0.2582220000040252, 0.27483810001285747, 0.29167979999328963, 0.3083827999944333, 0.32486550000612624, 0.34164560001227073, 0.3581279999925755, 0.37511940000695176, 0.39176599998609163, 0.4082197000097949, 0.4247378000000026, 0.4411231999984011, 0.45787990000098944, 0.47485209998558275]	160.0	310.0	0.6	5a
57	4	go_nogo	0	60	4	go	click	[59.0, 59.0, 72.0, 122.0, 172.0, 208.0, 227.0, 230.0, 231.0, 231.0, 231.0, 231.0, 229.0, 224.0, 219.0, 217.0, 214.0, 214.0, 214.0, 214.0, 214.0, 214.0, 214.0, 214.0, 214.0, 214.0, 214.0, 215.0, 221.0, 231.0, 233.0, 233.0, 228.0, 222.0, 218.0, 216.0, 216.0, 216.0, 216.0, 216.0, 216.0, 214.0, 213.0, 213.0, 213.0]	[-243.0, -243.0, -183.0, 11.0, 209.0, 370.0, 533.0, 540.0, 540.0, 540.0, 540.0, 540.0, 533.0, 519.0, 507.0, 501.0, 495.0, 494.0, 491.0, 488.0, 485.0, 485.0, 485.0, 485.0, 485.0, 485.0, 485.0, 477.0, 458.0, 422.0, 408.0, 397.0, 376.0, 351.0, 330.0, 323.0, 321.0, 320.0, 320.0, 320.0, 320.0, 315.0, 309.0, 306.0, 306.0]	[0, 0, 0, 0, 0, 0, 0, 0, 0, 0, 0, 0, 0, 0, 0, 0, 0, 0, 0, 0, 0, 0, 0, 0, 0, 0, 0, 0, 0, 0, 0, 0, 0, 0, 0, 0, 0, 0, 0, 0, 0, 0, 0, 0, 1]	[0, 0, 0, 0, 0, 0, 0, 0, 0, 0, 0, 0, 0, 0, 0, 0, 0, 0, 0, 0, 0, 0, 0, 0, 0, 0, 0, 0, 0, 0, 0, 0, 0, 0, 0, 0, 0, 0, 0, 0, 0, 0, 0, 0, 0]	[0, 0, 0, 0, 0, 0, 0, 0, 0, 0, 0, 0, 0, 0, 0, 0, 0, 0, 0, 0, 0, 0, 0, 0, 0, 0, 0, 0, 0, 0, 0, 0, 0, 0, 0, 0, 0, 0, 0, 0, 0, 0, 0, 0, 0]	[0.0004299999854993075, 0.007905000005848706, 0.02444199999445118, 0.04122970000025816, 0.057672399998409674, 0.0743460999801755, 0.09113439999055117, 0.10775679998914711, 0.1242832999851089, 0.140802599984454, 0.15745830000378191, 0.17440449999412522, 0.1912873999972362, 0.2080427999899257, 0.2243272000050638, 0.24119359999895096, 0.2577924999932293, 0.27455770000233315, 0.2910758999933023, 0.30829139999696054, 0.3240957999951206, 0.34079230000497773, 0.35745730000780895, 0.37399930000538006, 0.39082719999714755, 0.4076915000041481, 0.4243222000077367, 0.44139439999707974, 0.45764629999757744, 0.47449439999763854, 0.49138520000269637, 0.5076526000048034, 0.524426299991319, 0.5410023999866098, 0.557783099997323, 0.5744629999971949, 0.5912348999991082, 0.6073543999809772, 0.6241898000007495, 0.6406200999917928, 0.6577906000020448, 0.6742721000046004, 0.6909327000030316, 0.70735730000888, 0.7247956999926828]	213.0	306.0	0.9	5a
58	4	go_nogo	0	60	3	go	click	[119.0, 119.0, 135.0, 161.0, 183.0, 191.0, 193.0, 194.0, 196.0, 199.0, 200.0, 200.0, 200.0, 200.0, 200.0, 200.0, 200.0, 200.0, 200.0, 200.0, 200.0, 200.0, 200.0]	[-146.0, -146.0, -89.0, 16.0, 97.0, 136.0, 162.0, 188.0, 212.0, 227.0, 234.0, 236.0, 240.0, 242.0, 242.0, 242.0, 242.0, 242.0, 243.0, 251.0, 269.0, 280.0, 280.0]	[0, 0, 0, 0, 0, 0, 0, 0, 0, 0, 0, 0, 0, 0, 0, 0, 0, 0, 0, 0, 0, 0, 1]	[0, 0, 0, 0, 0, 0, 0, 0, 0, 0, 0, 0, 0, 0, 0, 0, 0, 0, 0, 0, 0, 0, 0]	[0, 0, 0, 0, 0, 0, 0, 0, 0, 0, 0, 0, 0, 0, 0, 0, 0, 0, 0, 0, 0, 0, 0]	[0.00036609999369829893, 0.007536499993875623, 0.024453599995467812, 0.04100090000429191, 0.05764199999975972, 0.07438170001842082, 0.09106589999282733, 0.10797020001336932, 0.12402869999641553, 0.14076370000839233, 0.15790570000535809, 0.17457550001563504, 0.19112880001193844, 0.20766069999081083, 0.22434050001902506, 0.24070349999237806, 0.25740329999825917, 0.2743557000067085, 0.2910332000174094, 0.3076469000079669, 0.32447759999195114, 0.3406941000139341, 0.35770660001435317]	200.0	280.0	1.0	5a
59	4	go_nogo	0	60	3	go	click	[97.0, 97.0, 131.0, 150.0, 166.0, 176.0, 191.0, 216.0, 246.0, 256.0, 258.0, 258.0, 257.0, 256.0, 254.0, 248.0, 240.0, 234.0, 232.0, 232.0, 232.0, 231.0, 225.0, 216.0, 207.0, 201.0, 200.0, 200.0, 200.0, 200.0, 200.0, 200.0, 200.0, 200.0, 200.0, 200.0, 200.0, 200.0, 200.0, 200.0, 200.0, 200.0, 200.0, 200.0, 200.0, 200.0, 200.0, 204.0, 211.0, 217.0, 219.0, 219.0, 219.0, 219.0]	[-245.0, -245.0, -161.0, -80.0, -12.0, 42.0, 114.0, 203.0, 294.0, 324.0, 331.0, 333.0, 333.0, 334.0, 334.0, 327.0, 318.0, 315.0, 314.0, 314.0, 314.0, 314.0, 306.0, 285.0, 260.0, 244.0, 244.0, 244.0, 244.0, 244.0, 244.0, 244.0, 244.0, 244.0, 244.0, 244.0, 244.0, 244.0, 244.0, 244.0, 244.0, 244.0, 244.0, 244.0, 244.0, 244.0, 244.0, 255.0, 274.0, 289.0, 296.0, 296.0, 296.0, 296.0]	[0, 0, 0, 0, 0, 0, 0, 0, 0, 0, 0, 0, 0, 0, 0, 0, 0, 0, 0, 0, 0, 0, 0, 0, 0, 0, 1, 1, 1, 1, 1, 1, 0, 0, 0, 0, 0, 0, 0, 0, 0, 0, 0, 0, 0, 0, 0, 0, 0, 0, 0, 0, 0, 1]	[0, 0, 0, 0, 0, 0, 0, 0, 0, 0, 0, 0, 0, 0, 0, 0, 0, 0, 0, 0, 0, 0, 0, 0, 0, 0, 0, 0, 0, 0, 0, 0, 0, 0, 0, 0, 0, 0, 0, 0, 0, 0, 0, 0, 0, 0, 0, 0, 0, 0, 0, 0, 0, 0]	[0, 0, 0, 0, 0, 0, 0, 0, 0, 0, 0, 0, 0, 0, 0, 0, 0, 0, 0, 0, 0, 0, 0, 0, 0, 0, 0, 0, 0, 0, 0, 0, 0, 0, 0, 0, 0, 0, 0, 0, 0, 0, 0, 0, 0, 0, 0, 0, 0, 0, 0, 0, 0, 0]	[0.0004360000020824373, 0.011067100014770404, 0.02790459999232553, 0.04464520001783967, 0.06141650001518428, 0.07758320000721142, 0.0945697000133805, 0.11096680001355708, 0.12751340001705103, 0.14430569999967702, 0.16093509999336675, 0.17773270001634955, 0.19416529999580234, 0.2109450999996625, 0.2273799999966286, 0.24428010001429357, 0.261143700015964, 0.2778765000111889, 0.29404999999678694, 0.3104975000023842, 0.3273044000088703, 0.3439224000030663, 0.36081330000888556, 0.377453199995216, 0.39402169999084435, 0.410697400016943, 0.4274607000115793, 0.4437399000162259, 0.46056289999978617, 0.47737040001084097, 0.4936460000171792, 0.510423500003526, 0.5275781000091229, 0.5437467000156175, 0.5606015000084881, 0.5773280000139493, 0.593993100017542, 0.6103618000051938, 0.6271003000147175, 0.6439122000010684, 0.6603503999940585, 0.6770181999891065, 0.6937091000145301, 0.71039560000645, 0.7270538000157103, 0.7436986000102479, 0.7607791000045836, 0.7772465000161901, 0.7939855000004172, 0.8106458999973256, 0.8269186000106856, 0.8436831000144593, 0.8603316000080667, 0.8773752000124659]	219.0	296.0	0.5	5a
60	4	go_nogo	0	60	1	nogo	none	[27.0, 27.0, 37.0, 60.0, 85.0, 121.0, 143.0, 153.0, 159.0, 161.0, 161.0, 163.0, 164.0, 164.0, 164.0, 164.0, 164.0, 164.0, 164.0, 164.0, 164.0, 164.0, 164.0, 164.0, 164.0, 164.0, 164.0, 164.0, 164.0, 164.0, 164.0, 164.0, 164.0, 164.0, 164.0, 164.0, 164.0, 164.0, 164.0, 164.0, 164.0, 164.0, 164.0, 164.0, 164.0, 164.0, 164.0, 164.0, 164.0, 164.0, 164.0, 164.0, 164.0, 164.0, 164.0]	[-193.0, -193.0, -145.0, -44.0, 45.0, 164.0, 234.0, 271.0, 290.0, 296.0, 297.0, 301.0, 304.0, 305.0, 305.0, 305.0, 305.0, 305.0, 305.0, 305.0, 305.0, 305.0, 305.0, 305.0, 305.0, 305.0, 305.0, 305.0, 305.0, 305.0, 305.0, 305.0, 305.0, 305.0, 305.0, 305.0, 305.0, 305.0, 305.0, 305.0, 305.0, 305.0, 305.0, 305.0, 305.0, 305.0, 305.0, 305.0, 305.0, 305.0, 305.0, 305.0, 305.0, 305.0, 305.0]	[0, 0, 0, 0, 0, 0, 0, 0, 0, 0, 0, 0, 0, 0, 0, 0, 0, 0, 0, 0, 0, 0, 0, 0, 0, 0, 0, 0, 0, 0, 0, 0, 0, 0, 0, 0, 0, 0, 0, 0, 0, 0, 0, 0, 0, 0, 0, 0, 0, 0, 0, 0, 0, 0, 0]	[0, 0, 0, 0, 0, 0, 0, 0, 0, 0, 0, 0, 0, 0, 0, 0, 0, 0, 0, 0, 0, 0, 0, 0, 0, 0, 0, 0, 0, 0, 0, 0, 0, 0, 0, 0, 0, 0, 0, 0, 0, 0, 0, 0, 0, 0, 0, 0, 0, 0, 0, 0, 0, 0, 0]	[0, 0, 0, 0, 0, 0, 0, 0, 0, 0, 0, 0, 0, 0, 0, 0, 0, 0, 0, 0, 0, 0, 0, 0, 0, 0, 0, 0, 0, 0, 0, 0, 0, 0, 0, 0, 0, 0, 0, 0, 0, 0, 0, 0, 0, 0, 0, 0, 0, 0, 0, 0, 0, 0, 0]	[0.0004307999915909022, 0.008195000002160668, 0.02465370000572875, 0.04128229999332689, 0.058057599992025644, 0.0748637999931816, 0.09118650000891648, 0.10791210000752471, 0.12494889998924918, 0.14116400000057183, 0.1579382999916561, 0.17448759998660535, 0.1913891999865882, 0.20758550000027753, 0.22446189998299815, 0.24088070000289008, 0.25762509999913163, 0.2743088999995962, 0.290870900003938, 0.30771950000780635, 0.32413990001077764, 0.34099860000424087, 0.3577758999890648, 0.3744458000001032, 0.390975599992089, 0.40755249999347143, 0.4241905999951996, 0.4411489999911282, 0.4577692000020761, 0.4742592999828048, 0.4908514999842737, 0.5076323999965098, 0.5241668999951798, 0.5407681000069715, 0.5575093000079505, 0.5741411999915726, 0.5908193000068422, 0.6075517999997828, 0.624079500004882, 0.6408339999907184, 0.6574286999821197, 0.6741602999973111, 0.6908210999972653, 0.7074107000080403, 0.7240921999909915, 0.7408101999899372, 0.7574282999848947, 0.7741625999915414, 0.7908141000079922, 0.8077746999915689, 0.8243209999927785, 0.8407011000090279, 0.8576529999845661, 0.8741414999822155, 0.8907863000058569]	n/a	n/a	0.6	5a
61	4	go_nogo	0	60	7	go	click	[37.0, 37.0, 51.0, 77.0, 103.0, 132.0, 153.0, 167.0, 175.0, 177.0, 177.0, 177.0, 177.0, 177.0, 177.0, 175.0, 170.0, 167.0, 166.0, 166.0, 166.0, 166.0, 166.0, 166.0, 166.0, 166.0, 166.0, 166.0]	[-191.0, -191.0, -135.0, -26.0, 75.0, 199.0, 276.0, 320.0, 339.0, 343.0, 344.0, 344.0, 344.0, 344.0, 344.0, 337.0, 320.0, 305.0, 305.0, 305.0, 305.0, 305.0, 305.0, 305.0, 302.0, 300.0, 300.0, 300.0]	[0, 0, 0, 0, 0, 0, 0, 0, 0, 0, 0, 0, 0, 0, 0, 0, 0, 0, 0, 0, 0, 0, 0, 0, 0, 0, 0, 1]	[0, 0, 0, 0, 0, 0, 0, 0, 0, 0, 0, 0, 0, 0, 0, 0, 0, 0, 0, 0, 0, 0, 0, 0, 0, 0, 0, 0]	[0, 0, 0, 0, 0, 0, 0, 0, 0, 0, 0, 0, 0, 0, 0, 0, 0, 0, 0, 0, 0, 0, 0, 0, 0, 0, 0, 0]	[0.0004406000080052763, 0.00844380000489764, 0.024994000006699935, 0.04177350000827573, 0.05839329998707399, 0.07507900000200607, 0.09163529999204911, 0.10848819999955595, 0.1248333000112325, 0.14170159999048337, 0.15814439998939633, 0.17479299998376518, 0.1913494000036735, 0.20841150000342168, 0.2250839000043925, 0.2415708999906201, 0.25830339998356067, 0.27488360001007095, 0.29156179999699816, 0.30801020000944845, 0.3246359000040684, 0.34132219999446534, 0.3580443999962881, 0.3748483000090346, 0.3917399999918416, 0.4079785000067204, 0.4246598999889102, 0.44167460000608116]	166.0	300.0	0.8	5a
62	4	go_nogo	0	60	6	go	click	[138.0, 138.0, 164.0, 208.0, 237.0, 256.0, 277.0, 293.0, 302.0, 305.0, 305.0, 305.0, 305.0, 305.0, 305.0, 305.0, 304.0, 295.0, 283.0, 275.0, 273.0, 271.0, 270.0, 258.0, 248.0, 235.0, 228.0, 228.0, 228.0]	[-119.0, -119.0, -53.0, 63.0, 125.0, 163.0, 210.0, 254.0, 285.0, 301.0, 302.0, 302.0, 302.0, 302.0, 302.0, 303.0, 304.0, 305.0, 305.0, 306.0, 306.0, 307.0, 307.0, 307.0, 307.0, 304.0, 303.0, 303.0, 303.0]	[0, 0, 0, 0, 0, 0, 0, 0, 0, 0, 0, 0, 0, 0, 0, 0, 0, 0, 0, 0, 0, 0, 0, 0, 0, 0, 0, 0, 1]	[0, 0, 0, 0, 0, 0, 0, 0, 0, 0, 0, 0, 0, 0, 0, 0, 0, 0, 0, 0, 0, 0, 0, 0, 0, 0, 0, 0, 0]	[0, 0, 0, 0, 0, 0, 0, 0, 0, 0, 0, 0, 0, 0, 0, 0, 0, 0, 0, 0, 0, 0, 0, 0, 0, 0, 0, 0, 0]	[0.0003862000012304634, 0.007670799997868016, 0.024608700012322515, 0.04127290000906214, 0.057659100013552234, 0.07429180000326596, 0.0910069000092335, 0.10764580001705326, 0.12455519998911768, 0.1410494000010658, 0.15745230001630262, 0.1740746000141371, 0.19071399999666028, 0.20739860000321642, 0.22420699999202043, 0.24136370001360774, 0.25751200001104735, 0.2742324999999255, 0.2909677000134252, 0.30769519999739714, 0.3244985000055749, 0.34096910001244396, 0.3577825000102166, 0.37445000000298023, 0.3912484000029508, 0.40748739999253303, 0.4238410000107251, 0.4406252999906428, 0.45794560000649653]	228.0	303.0	0.7	5a
63	4	go_nogo	0	60	6	go	click	[78.0, 97.0, 120.0, 165.0, 200.0, 218.0, 228.0, 235.0, 239.0, 240.0, 243.0, 246.0, 248.0, 249.0, 249.0, 249.0, 249.0, 249.0, 248.0, 246.0, 244.0, 244.0, 244.0, 244.0, 244.0]	[-223.0, -165.0, -99.0, 28.0, 139.0, 211.0, 246.0, 266.0, 272.0, 279.0, 291.0, 304.0, 314.0, 318.0, 318.0, 318.0, 318.0, 318.0, 319.0, 324.0, 326.0, 326.0, 326.0, 326.0, 326.0]	[0, 0, 0, 0, 0, 0, 0, 0, 0, 0, 0, 0, 0, 0, 0, 0, 0, 0, 0, 0, 0, 0, 0, 0, 1]	[0, 0, 0, 0, 0, 0, 0, 0, 0, 0, 0, 0, 0, 0, 0, 0, 0, 0, 0, 0, 0, 0, 0, 0, 0]	[0, 0, 0, 0, 0, 0, 0, 0, 0, 0, 0, 0, 0, 0, 0, 0, 0, 0, 0, 0, 0, 0, 0, 0, 0]	[0.0004295000107958913, 0.010435200005304068, 0.02707790001295507, 0.04378539999015629, 0.06040819999179803, 0.07707910001045093, 0.09379780001472682, 0.11047000001417473, 0.1272193999902811, 0.14409250000608154, 0.16047500001150183, 0.17779350001364946, 0.19405260001076385, 0.2101822000113316, 0.22690270000020973, 0.24359860000549816, 0.2601448000059463, 0.277240499999607, 0.29374240001197904, 0.3103533000103198, 0.32689359999494627, 0.34345300000859424, 0.3601022000075318, 0.3769222999981139, 0.3934550000121817]	244.0	326.0	0.8	5a
64	4	go_nogo	0	60	6	go	click	[128.0, 157.0, 186.0, 235.0, 265.0, 276.0, 283.0, 285.0, 286.0, 286.0, 286.0, 286.0, 286.0, 284.0, 278.0, 274.0, 271.0, 269.0, 263.0, 255.0, 250.0, 247.0, 247.0, 247.0, 247.0, 247.0]	[-156.0, -93.0, -23.0, 113.0, 226.0, 278.0, 303.0, 313.0, 314.0, 315.0, 315.0, 315.0, 315.0, 314.0, 309.0, 303.0, 301.0, 301.0, 301.0, 300.0, 300.0, 299.0, 298.0, 298.0, 298.0, 298.0]	[0, 0, 0, 0, 0, 0, 0, 0, 0, 0, 0, 0, 0, 0, 0, 0, 0, 0, 0, 0, 0, 0, 0, 0, 0, 1]	[0, 0, 0, 0, 0, 0, 0, 0, 0, 0, 0, 0, 0, 0, 0, 0, 0, 0, 0, 0, 0, 0, 0, 0, 0, 0]	[0, 0, 0, 0, 0, 0, 0, 0, 0, 0, 0, 0, 0, 0, 0, 0, 0, 0, 0, 0, 0, 0, 0, 0, 0, 0]	[0.00016999998479150236, 0.010524399986024946, 0.02732799999648705, 0.043795300007332116, 0.06035769998561591, 0.07734990000608377, 0.09384399998816662, 0.11037979999673553, 0.12740699999267235, 0.14349099999526516, 0.1602363999991212, 0.17700279998825863, 0.19346069998573512, 0.21039609998115338, 0.2270303999830503, 0.2436394999967888, 0.2604937999858521, 0.27699879999272525, 0.2937409000005573, 0.31040200000279583, 0.3269478000001982, 0.3437829999893438, 0.36046530000749044, 0.37695499998517334, 0.39339539999491535, 0.4103910999838263]	247.0	298.0	0.9	5a
65	4	go_nogo	0	60	9	nogo	none	[38.0, 38.0, 52.0, 78.0, 108.0, 136.0, 159.0, 182.0, 188.0, 191.0, 192.0, 192.0, 192.0, 192.0, 192.0, 192.0, 192.0, 192.0, 192.0, 193.0, 193.0, 193.0, 193.0]	[-246.0, -246.0, -204.0, -129.0, -38.0, 52.0, 126.0, 215.0, 249.0, 263.0, 266.0, 266.0, 266.0, 267.0, 267.0, 267.0, 267.0, 267.0, 267.0, 269.0, 273.0, 273.0, 273.0]	[0, 0, 0, 0, 0, 0, 0, 0, 0, 0, 0, 0, 0, 0, 0, 0, 0, 0, 0, 0, 0, 0, 1]	[0, 0, 0, 0, 0, 0, 0, 0, 0, 0, 0, 0, 0, 0, 0, 0, 0, 0, 0, 0, 0, 0, 0]	[0, 0, 0, 0, 0, 0, 0, 0, 0, 0, 0, 0, 0, 0, 0, 0, 0, 0, 0, 0, 0, 0, 0]	[0.0003935999993700534, 0.008505200006766245, 0.02479609998408705, 0.04151629999978468, 0.05808339998475276, 0.0747581000032369, 0.09132229999522679, 0.10812620000797324, 0.12485059999744408, 0.14135379999061115, 0.15781869998318143, 0.17445950000546873, 0.19131080000079237, 0.20779729998321272, 0.2243888000084553, 0.24119159998372197, 0.2577932999993209, 0.2744255999859888, 0.29112690000329167, 0.3080420999904163, 0.32449840000481345, 0.3410398999985773, 0.3577129000041168]	193.0	273.0	0.6	5a
66	4	go_nogo	0	60	2	go	click	[59.0, 59.0, 77.0, 127.0, 159.0, 176.0, 187.0, 195.0, 201.0, 203.0, 204.0, 204.0, 204.0, 204.0, 205.0, 207.0, 207.0, 207.0, 207.0, 207.0, 207.0, 207.0]	[-233.0, -233.0, -183.0, -27.0, 83.0, 170.0, 215.0, 240.0, 255.0, 268.0, 275.0, 275.0, 275.0, 275.0, 276.0, 294.0, 304.0, 307.0, 307.0, 307.0, 307.0, 307.0]	[0, 0, 0, 0, 0, 0, 0, 0, 0, 0, 0, 0, 0, 0, 0, 0, 0, 0, 0, 0, 0, 1]	[0, 0, 0, 0, 0, 0, 0, 0, 0, 0, 0, 0, 0, 0, 0, 0, 0, 0, 0, 0, 0, 0]	[0, 0, 0, 0, 0, 0, 0, 0, 0, 0, 0, 0, 0, 0, 0, 0, 0, 0, 0, 0, 0, 0]	[0.0003056999994441867, 0.008098299993434921, 0.024937099980888888, 0.04134609998436645, 0.058282799989683554, 0.07492379998438992, 0.09140819997992367, 0.10833809999166988, 0.12469549998058937, 0.14131690000067465, 0.1578746999730356, 0.17451009998330846, 0.19115109997801483, 0.2079850999871269, 0.2247858999762684, 0.24190579997957684, 0.2583611999871209, 0.2744386999984272, 0.2909667999774683, 0.30778799997642636, 0.3243128999893088, 0.34140739997383207]	207.0	307.0	1.0	5a
67	4	go_nogo	0	60	2	go	click	[137.0, 137.0, 167.0, 214.0, 234.0, 239.0, 238.0, 238.0, 238.0, 238.0, 238.0, 237.0, 237.0, 237.0, 237.0, 237.0, 237.0, 237.0, 230.0, 220.0, 210.0, 204.0, 202.0, 202.0, 202.0, 202.0, 202.0, 202.0]	[-95.0, -95.0, -13.0, 130.0, 230.0, 310.0, 369.0, 375.0, 376.0, 377.0, 377.0, 377.0, 377.0, 377.0, 377.0, 377.0, 377.0, 377.0, 358.0, 325.0, 294.0, 273.0, 266.0, 265.0, 265.0, 265.0, 265.0, 265.0]	[0, 0, 0, 0, 0, 0, 0, 0, 0, 0, 0, 0, 0, 0, 0, 0, 0, 0, 0, 0, 0, 0, 0, 0, 0, 0, 0, 1]	[0, 0, 0, 0, 0, 0, 0, 0, 0, 0, 0, 0, 0, 0, 0, 0, 0, 0, 0, 0, 0, 0, 0, 0, 0, 0, 0, 0]	[0, 0, 0, 0, 0, 0, 0, 0, 0, 0, 0, 0, 0, 0, 0, 0, 0, 0, 0, 0, 0, 0, 0, 0, 0, 0, 0, 0]	[0.00038770001265220344, 0.010406599991256371, 0.027378300001146272, 0.04362599999876693, 0.060321500001009554, 0.0769698999938555, 0.09364340000320226, 0.11023300001397729, 0.12681670000893064, 0.14347650000127032, 0.16028859998914413, 0.176788899989333, 0.19332230000873096, 0.21012450000853278, 0.22672169998986647, 0.24342240000260063, 0.2601167999964673, 0.2771031000011135, 0.2936197000090033, 0.3104734999942593, 0.3271773000014946, 0.3437733000027947, 0.3607703000016045, 0.3766518000047654, 0.3933833999908529, 0.4100054999871645, 0.4269079999940004, 0.44392039999365807]	202.0	265.0	0.8	5a
68	4	go_nogo	0	60	9	nogo	none	[36.0, 57.0, 78.0, 112.0, 138.0, 152.0, 158.0, 161.0, 164.0, 168.0, 171.0, 176.0, 184.0, 188.0, 188.0, 188.0, 188.0, 188.0, 188.0, 188.0, 188.0, 188.0, 188.0, 188.0, 188.0, 188.0, 188.0, 188.0, 188.0, 188.0, 188.0, 188.0, 188.0, 188.0, 188.0, 188.0, 188.0, 188.0, 188.0, 188.0, 188.0, 188.0, 188.0, 188.0, 188.0, 188.0, 188.0, 188.0, 188.0, 188.0, 188.0, 188.0, 188.0, 188.0, 188.0, 188.0, 188.0]	[-212.0, -165.0, -114.0, -19.0, 59.0, 97.0, 126.0, 143.0, 160.0, 180.0, 193.0, 203.0, 229.0, 239.0, 240.0, 240.0, 240.0, 240.0, 240.0, 240.0, 240.0, 240.0, 240.0, 240.0, 240.0, 240.0, 240.0, 240.0, 240.0, 242.0, 244.0, 244.0, 244.0, 244.0, 244.0, 244.0, 244.0, 244.0, 244.0, 244.0, 244.0, 244.0, 243.0, 243.0, 243.0, 243.0, 243.0, 243.0, 243.0, 243.0, 243.0, 243.0, 243.0, 243.0, 243.0, 243.0, 243.0]	[0, 0, 0, 0, 0, 0, 0, 0, 0, 0, 0, 0, 0, 0, 0, 0, 0, 0, 0, 0, 0, 0, 0, 0, 0, 0, 0, 0, 0, 0, 0, 0, 0, 0, 0, 0, 0, 0, 0, 0, 0, 0, 0, 0, 0, 0, 0, 0, 0, 0, 0, 0, 0, 0, 0, 0, 0]	[0, 0, 0, 0, 0, 0, 0, 0, 0, 0, 0, 0, 0, 0, 0, 0, 0, 0, 0, 0, 0, 0, 0, 0, 0, 0, 0, 0, 0, 0, 0, 0, 0, 0, 0, 0, 0, 0, 0, 0, 0, 0, 0, 0, 0, 0, 0, 0, 0, 0, 0, 0, 0, 0, 0, 0, 0]	[0, 0, 0, 0, 0, 0, 0, 0, 0, 0, 0, 0, 0, 0, 0, 0, 0, 0, 0, 0, 0, 0, 0, 0, 0, 0, 0, 0, 0, 0, 0, 0, 0, 0, 0, 0, 0, 0, 0, 0, 0, 0, 0, 0, 0, 0, 0, 0, 0, 0, 0, 0, 0, 0, 0, 0, 0]	[0.0003319999959785491, 0.007635700021637604, 0.025068000017199665, 0.04135460001998581, 0.0582492999965325, 0.07448770001064986, 0.09110859999782406, 0.10809980001067743, 0.12447870001778938, 0.14120680000633, 0.15774080000119284, 0.17466760001843795, 0.19128339999588206, 0.20794890000252053, 0.224443400016753, 0.2407762999937404, 0.25761870000860654, 0.27440809999825433, 0.29099380000843666, 0.3076729000022169, 0.3240514000062831, 0.3408015000168234, 0.3573688000033144, 0.37411259999498725, 0.39095000000088476, 0.4074929000053089, 0.4241248000180349, 0.4409000000159722, 0.45757680002134293, 0.474396900011925, 0.49096759999520145, 0.5073749000148382, 0.5241593999962788, 0.5408078000182286, 0.5572041000123136, 0.5739793000102509, 0.5909585000190418, 0.607435500016436, 0.6241241999960039, 0.6407454000145663, 0.6573636000102852, 0.6743584000214469, 0.6909107000101358, 0.7073133999947459, 0.7241343000205234, 0.7407069000182673, 0.7573412000201643, 0.7741709999972954, 0.7907325999985915, 0.8074818000022788, 0.8239669000031427, 0.8410448000067845, 0.8576027000090107, 0.8739806000085082, 0.8907120999938343, 0.9075711000186857, 0.9239881999965291]	n/a	n/a	0.9	5a
69	4	go_nogo	0	60	2	go	click	[160.0, 160.0, 191.0, 235.0, 253.0, 258.0, 259.0, 259.0, 259.0, 260.0, 265.0, 265.0, 265.0, 265.0, 265.0, 265.0, 264.0, 257.0, 252.0, 245.0, 240.0, 236.0, 233.0, 230.0, 228.0, 228.0, 227.0, 227.0, 227.0]	[-45.0, -45.0, 41.0, 191.0, 264.0, 289.0, 305.0, 314.0, 323.0, 331.0, 337.0, 337.0, 339.0, 340.0, 340.0, 340.0, 340.0, 337.0, 334.0, 329.0, 322.0, 315.0, 312.0, 308.0, 307.0, 306.0, 306.0, 305.0, 305.0]	[0, 0, 0, 0, 0, 0, 0, 0, 0, 0, 0, 0, 0, 0, 0, 0, 0, 0, 0, 0, 0, 0, 0, 0, 0, 0, 0, 0, 1]	[0, 0, 0, 0, 0, 0, 0, 0, 0, 0, 0, 0, 0, 0, 0, 0, 0, 0, 0, 0, 0, 0, 0, 0, 0, 0, 0, 0, 0]	[0, 0, 0, 0, 0, 0, 0, 0, 0, 0, 0, 0, 0, 0, 0, 0, 0, 0, 0, 0, 0, 0, 0, 0, 0, 0, 0, 0, 0]	[0.0003564000071492046, 0.007491700001992285, 0.024140199995599687, 0.04095490000327118, 0.05753210000693798, 0.074099000019487, 0.09084879999863915, 0.10780450000311248, 0.12426090001827106, 0.1407550000003539, 0.1574286000104621, 0.17403270001523197, 0.19091090001165867, 0.2072788999939803, 0.22387899999739602, 0.24074380000820383, 0.2573665000090841, 0.2739910999953281, 0.29082920000655577, 0.30741520001902245, 0.32446360000176355, 0.3408691000076942, 0.3574152000073809, 0.3741178000054788, 0.3908821000077296, 0.40759370001615025, 0.42412290000356734, 0.44053960000746883, 0.45757420000154525]	227.0	305.0	0.6	5a
70	4	go_nogo	0	60	9	nogo	none	[76.0, 76.0, 87.0, 115.0, 136.0, 153.0, 166.0, 173.0, 173.0, 173.0, 173.0, 173.0, 173.0, 173.0, 173.0, 173.0, 173.0, 173.0, 173.0, 173.0, 173.0, 173.0, 173.0, 173.0, 173.0, 173.0, 173.0, 173.0, 173.0, 173.0, 173.0, 173.0, 173.0, 173.0, 173.0, 173.0, 173.0, 173.0, 173.0, 173.0, 173.0, 173.0, 173.0, 173.0, 173.0, 173.0, 173.0, 173.0, 173.0, 173.0, 173.0, 173.0]	[-173.0, -173.0, -117.0, 7.0, 130.0, 218.0, 262.0, 288.0, 288.0, 288.0, 288.0, 288.0, 288.0, 284.0, 284.0, 284.0, 284.0, 284.0, 284.0, 284.0, 284.0, 284.0, 284.0, 284.0, 284.0, 284.0, 284.0, 284.0, 284.0, 284.0, 284.0, 284.0, 284.0, 284.0, 284.0, 284.0, 284.0, 284.0, 284.0, 284.0, 284.0, 284.0, 284.0, 284.0, 284.0, 284.0, 284.0, 284.0, 284.0, 284.0, 284.0, 284.0]	[0, 0, 0, 0, 0, 0, 0, 0, 0, 0, 0, 0, 0, 0, 0, 0, 0, 0, 0, 0, 0, 0, 0, 0, 0, 0, 0, 0, 0, 0, 0, 0, 0, 0, 0, 0, 0, 0, 0, 0, 0, 0, 0, 0, 0, 0, 0, 0, 0, 0, 0, 0]	[0, 0, 0, 0, 0, 0, 0, 0, 0, 0, 0, 0, 0, 0, 0, 0, 0, 0, 0, 0, 0, 0, 0, 0, 0, 0, 0, 0, 0, 0, 0, 0, 0, 0, 0, 0, 0, 0, 0, 0, 0, 0, 0, 0, 0, 0, 0, 0, 0, 0, 0, 0]	[0, 0, 0, 0, 0, 0, 0, 0, 0, 0, 0, 0, 0, 0, 0, 0, 0, 0, 0, 0, 0, 0, 0, 0, 0, 0, 0, 0, 0, 0, 0, 0, 0, 0, 0, 0, 0, 0, 0, 0, 0, 0, 0, 0, 0, 0, 0, 0, 0, 0, 0, 0]	[0.0004241999995429069, 0.00774590001674369, 0.024258799996459857, 0.041112400009296834, 0.0577806000073906, 0.074204100004863, 0.09180320001905784, 0.10720920001040213, 0.1242078999930527, 0.14077160001033917, 0.15728879999369383, 0.17419940000399947, 0.19080040001426823, 0.20737720001488924, 0.22403460001805797, 0.2407930000044871, 0.2572146000165958, 0.2739127000095323, 0.29061160000856034, 0.30729840000276454, 0.3239713000075426, 0.3406302999937907, 0.3574761000054423, 0.37387690000468865, 0.39057710001361556, 0.4072143000084907, 0.4239342999935616, 0.44052850001025945, 0.45736510001006536, 0.47381890000542626, 0.49062290001893416, 0.5071959000197239, 0.5242327000014484, 0.5404828000173438, 0.5572336000041105, 0.5739010999968741, 0.5904807000188157, 0.6071575999958441, 0.6239228000049479, 0.6404978000209667, 0.6571766000124626, 0.6739371000148822, 0.6904574999934994, 0.7073056999943219, 0.7240010999958031, 0.7404317000182346, 0.7572027000132948, 0.7737783000047784, 0.790406600019196, 0.8071020999923348, 0.8244676000031177, 0.8406962000008207]	n/a	n/a	0.9	5a
71	4	go_nogo	0	60	4	go	click	[55.0, 55.0, 68.0, 99.0, 128.0, 141.0, 148.0, 154.0, 155.0, 155.0, 155.0, 155.0, 155.0, 155.0, 155.0, 155.0, 155.0, 155.0, 155.0, 158.0, 161.0, 164.0, 166.0, 167.0, 167.0, 167.0]	[-139.0, -139.0, -83.0, 38.0, 148.0, 219.0, 255.0, 276.0, 284.0, 284.0, 284.0, 284.0, 282.0, 282.0, 282.0, 282.0, 282.0, 282.0, 281.0, 275.0, 272.0, 272.0, 273.0, 273.0, 273.0, 274.0]	[0, 0, 0, 0, 0, 0, 0, 0, 0, 0, 0, 0, 0, 0, 0, 0, 0, 0, 0, 0, 0, 0, 0, 0, 0, 1]	[0, 0, 0, 0, 0, 0, 0, 0, 0, 0, 0, 0, 0, 0, 0, 0, 0, 0, 0, 0, 0, 0, 0, 0, 0, 0]	[0, 0, 0, 0, 0, 0, 0, 0, 0, 0, 0, 0, 0, 0, 0, 0, 0, 0, 0, 0, 0, 0, 0, 0, 0, 0]	[0.00041569999302737415, 0.004659099999116734, 0.022011699998984113, 0.038034800003515556, 0.05460200001834892, 0.07127590000163764, 0.08799850000650622, 0.10475500000757165, 0.12099600001238286, 0.13771169999381527, 0.15459789999295026, 0.17111739999381825, 0.18777700001373887, 0.20450439999694936, 0.2209267000143882, 0.23790820001158863, 0.25424159999238327, 0.27105300000403076, 0.28784219999215566, 0.3046483999933116, 0.3213491000060458, 0.3379910000076052, 0.35449749999679625, 0.3709507000166923, 0.38806950001162477, 0.40482799999881536]	167.0	274.0	0.5	5a
72	4	go_nogo	0	60	8	go	click	[62.0, 84.0, 84.0, 154.0, 194.0, 221.0, 248.0, 265.0, 272.0, 276.0, 281.0, 283.0, 283.0, 283.0, 283.0, 281.0, 274.0, 270.0, 264.0, 257.0, 248.0, 239.0, 230.0, 221.0, 217.0, 216.0, 216.0, 216.0, 216.0, 216.0]	[-241.0, -183.0, -183.0, -1.0, 130.0, 246.0, 333.0, 380.0, 397.0, 409.0, 422.0, 428.0, 428.0, 428.0, 428.0, 416.0, 404.0, 394.0, 384.0, 368.0, 349.0, 327.0, 308.0, 294.0, 288.0, 286.0, 286.0, 286.0, 286.0, 286.0]	[0, 0, 0, 0, 0, 0, 0, 0, 0, 0, 0, 0, 0, 0, 0, 0, 0, 0, 0, 0, 0, 0, 0, 0, 0, 0, 0, 0, 0, 1]	[0, 0, 0, 0, 0, 0, 0, 0, 0, 0, 0, 0, 0, 0, 0, 0, 0, 0, 0, 0, 0, 0, 0, 0, 0, 0, 0, 0, 0, 0]	[0, 0, 0, 0, 0, 0, 0, 0, 0, 0, 0, 0, 0, 0, 0, 0, 0, 0, 0, 0, 0, 0, 0, 0, 0, 0, 0, 0, 0, 0]	[0.00041519998922012746, 0.0070232999860309064, 0.02410989999771118, 0.041460399981588125, 0.057989199995063245, 0.07454699999652803, 0.09079930000007153, 0.10749139997642487, 0.12423489999491721, 0.14089189999504015, 0.1575715999933891, 0.17398309998679906, 0.19065379997482523, 0.20730660000117496, 0.22411280000233091, 0.24075939998147078, 0.25741359998937696, 0.27439229999436066, 0.290798799978802, 0.30747129998053424, 0.3242790999938734, 0.3409025000000838, 0.3574396999902092, 0.3742953999899328, 0.39073569999891333, 0.407296999997925, 0.42396859999280423, 0.440626900002826, 0.45715889998245984, 0.4743826999911107]	216.0	286.0	1.0	5a
73	4	go_nogo	0	60	6	go	click	[68.0, 68.0, 87.0, 118.0, 144.0, 178.0, 199.0, 213.0, 220.0, 221.0, 221.0, 221.0, 221.0, 221.0, 221.0, 221.0, 221.0, 216.0, 215.0, 215.0, 215.0, 215.0, 215.0, 215.0]	[-240.0, -240.0, -178.0, -53.0, 55.0, 185.0, 244.0, 277.0, 293.0, 298.0, 298.0, 298.0, 298.0, 298.0, 298.0, 298.0, 296.0, 286.0, 280.0, 280.0, 280.0, 280.0, 280.0, 280.0]	[0, 0, 0, 0, 0, 0, 0, 0, 0, 0, 0, 0, 0, 0, 0, 0, 0, 0, 0, 0, 0, 0, 0, 1]	[0, 0, 0, 0, 0, 0, 0, 0, 0, 0, 0, 0, 0, 0, 0, 0, 0, 0, 0, 0, 0, 0, 0, 0]	[0, 0, 0, 0, 0, 0, 0, 0, 0, 0, 0, 0, 0, 0, 0, 0, 0, 0, 0, 0, 0, 0, 0, 0]	[0.000426900020102039, 0.007487599999876693, 0.023903900000732392, 0.04061860000365414, 0.05752230001962744, 0.07401480001863092, 0.09131020001950674, 0.10775019999709912, 0.12390180001966655, 0.14052060001995414, 0.15705190002336167, 0.1735791000246536, 0.19031830001040362, 0.20704900001874194, 0.22367580002173781, 0.24055340001359582, 0.25721229999908246, 0.2740415000007488, 0.2903963999997359, 0.30705020000459626, 0.32360530001460575, 0.34034490000340156, 0.35691630002111197, 0.3739967000146862]	215.0	280.0	0.8	5a
74	4	go_nogo	0	60	1	nogo	none	[28.0, 47.0, 67.0, 106.0, 140.0, 160.0, 183.0, 199.0, 205.0, 205.0, 206.0, 206.0, 206.0, 206.0, 206.0, 204.0, 199.0, 194.0, 189.0, 184.0, 180.0, 176.0, 176.0, 176.0, 176.0, 176.0, 176.0, 176.0, 176.0, 176.0, 176.0, 176.0, 176.0, 176.0, 176.0, 176.0, 176.0, 176.0, 176.0, 176.0, 176.0, 176.0, 176.0, 176.0, 176.0, 176.0, 176.0, 176.0, 176.0, 176.0, 176.0, 176.0, 176.0, 176.0, 176.0, 176.0, 176.0, 176.0, 176.0, 176.0, 176.0, 176.0, 176.0, 176.0, 176.0]	[-231.0, -177.0, -116.0, 7.0, 106.0, 198.0, 306.0, 378.0, 407.0, 412.0, 413.0, 413.0, 413.0, 413.0, 410.0, 402.0, 391.0, 373.0, 356.0, 337.0, 322.0, 311.0, 309.0, 308.0, 308.0, 308.0, 308.0, 308.0, 308.0, 308.0, 308.0, 308.0, 308.0, 308.0, 308.0, 308.0, 308.0, 308.0, 308.0, 308.0, 308.0, 308.0, 308.0, 308.0, 308.0, 308.0, 308.0, 308.0, 308.0, 308.0, 308.0, 308.0, 308.0, 308.0, 308.0, 308.0, 308.0, 308.0, 308.0, 308.0, 308.0, 308.0, 308.0, 308.0, 308.0]	[0, 0, 0, 0, 0, 0, 0, 0, 0, 0, 0, 0, 0, 0, 0, 0, 0, 0, 0, 0, 0, 0, 0, 0, 0, 0, 0, 0, 0, 0, 0, 0, 0, 0, 0, 0, 0, 0, 0, 0, 0, 0, 0, 0, 0, 0, 0, 0, 0, 0, 0, 0, 0, 0, 0, 0, 0, 0, 0, 0, 0, 0, 0, 0, 0]	[0, 0, 0, 0, 0, 0, 0, 0, 0, 0, 0, 0, 0, 0, 0, 0, 0, 0, 0, 0, 0, 0, 0, 0, 0, 0, 0, 0, 0, 0, 0, 0, 0, 0, 0, 0, 0, 0, 0, 0, 0, 0, 0, 0, 0, 0, 0, 0, 0, 0, 0, 0, 0, 0, 0, 0, 0, 0, 0, 0, 0, 0, 0, 0, 0]	[0, 0, 0, 0, 0, 0, 0, 0, 0, 0, 0, 0, 0, 0, 0, 0, 0, 0, 0, 0, 0, 0, 0, 0, 0, 0, 0, 0, 0, 0, 0, 0, 0, 0, 0, 0, 0, 0, 0, 0, 0, 0, 0, 0, 0, 0, 0, 0, 0, 0, 0, 0, 0, 0, 0, 0, 0, 0, 0, 0, 0, 0, 0, 0, 0]	[0.00042910000775009394, 0.0077099000045564026, 0.024871000001439825, 0.04166160000022501, 0.05857649998506531, 0.07452850000117905, 0.09144419999211095, 0.107958000007784, 0.12465569999767467, 0.14126800000667572, 0.15767719998257235, 0.17442940000910312, 0.19110480000381358, 0.20770999998785555, 0.22466269999858923, 0.24194929999066517, 0.2581093999906443, 0.2747423999826424, 0.2913371000031475, 0.3080521000083536, 0.32478190000983886, 0.3412825999839697, 0.3581768999865744, 0.374347700009821, 0.39086959999985993, 0.407658399984939, 0.4242280999897048, 0.441282499989029, 0.4575753000099212, 0.4744531000033021, 0.4909429999825079, 0.5075924999837298, 0.5242666999984067, 0.5409290000097826, 0.5578838000074029, 0.5742838000005577, 0.5909319999918807, 0.6076061000057962, 0.6242356000002474, 0.6412543999904301, 0.6575358999834862, 0.6742340000055265, 0.6908698999905027, 0.7076091000053566, 0.7242610999965109, 0.7410501999838743, 0.7578205000027083, 0.7741706999950111, 0.7909165000019129, 0.8075407999858726, 0.8242591999878641, 0.8410451000090688, 0.8574641000013798, 0.8742197999963537, 0.890832999983104, 0.9075229000009131, 0.9243519000010565, 0.9407827999966685, 0.9577089000085834, 0.9741218999843113, 0.9909885000088252, 1.0074997000047006, 1.0241850999882445, 1.0407987000071444, 1.0574924999964423]	n/a	n/a	0.6	5a
75	4	go_nogo	0	60	2	go	click	[143.0, 143.0, 176.0, 225.0, 245.0, 249.0, 251.0, 251.0, 251.0, 251.0, 251.0, 251.0, 252.0, 255.0, 255.0, 254.0, 253.0, 252.0, 250.0, 248.0, 248.0, 247.0, 246.0, 245.0, 243.0, 240.0, 236.0, 232.0, 230.0]	[-126.0, -126.0, -51.0, 81.0, 173.0, 205.0, 215.0, 218.0, 219.0, 219.0, 219.0, 219.0, 230.0, 262.0, 296.0, 312.0, 317.0, 317.0, 319.0, 321.0, 321.0, 322.0, 322.0, 323.0, 323.0, 323.0, 321.0, 316.0, 315.0]	[0, 0, 0, 0, 0, 0, 0, 0, 0, 0, 0, 0, 0, 0, 0, 0, 0, 0, 0, 0, 0, 0, 0, 0, 0, 0, 0, 0, 1]	[0, 0, 0, 0, 0, 0, 0, 0, 0, 0, 0, 0, 0, 0, 0, 0, 0, 0, 0, 0, 0, 0, 0, 0, 0, 0, 0, 0, 0]	[0, 0, 0, 0, 0, 0, 0, 0, 0, 0, 0, 0, 0, 0, 0, 0, 0, 0, 0, 0, 0, 0, 0, 0, 0, 0, 0, 0, 0]	[0.000305800000205636, 0.006371499999659136, 0.023531099985120818, 0.03981190000195056, 0.05651249998481944, 0.07330059999367222, 0.08984179998515174, 0.10686080000596121, 0.12292349999188446, 0.13984329998493195, 0.15630149998469278, 0.17352079998818226, 0.1900508999824524, 0.20708989998092875, 0.22316789999604225, 0.2398440999968443, 0.25660349999088794, 0.27310859999852255, 0.2911505000083707, 0.30630070000188425, 0.323475299985148, 0.3399005999963265, 0.3564003999927081, 0.37325929998769425, 0.3898431999841705, 0.4065612999838777, 0.4233267999952659, 0.43991439999081194, 0.4566055999894161]	230.0	315.0	0.8	5a
76	4	go_nogo	0	60	7	go	click	[45.0, 45.0, 59.0, 67.0, 74.0, 84.0, 92.0, 93.0, 94.0, 94.0, 94.0, 94.0, 94.0, 94.0, 94.0, 94.0, 94.0, 94.0, 101.0, 127.0, 163.0, 185.0, 198.0, 202.0, 202.0, 202.0, 202.0, 202.0, 202.0, 202.0, 202.0]	[-144.0, -144.0, -26.0, 47.0, 112.0, 170.0, 199.0, 207.0, 210.0, 210.0, 211.0, 211.0, 211.0, 211.0, 212.0, 213.0, 213.0, 213.0, 214.0, 221.0, 237.0, 256.0, 273.0, 280.0, 281.0, 282.0, 282.0, 283.0, 283.0, 283.0, 283.0]	[0, 0, 0, 0, 0, 0, 0, 0, 0, 0, 0, 0, 0, 0, 0, 0, 0, 0, 0, 0, 0, 0, 0, 0, 0, 0, 0, 0, 0, 0, 1]	[0, 0, 0, 0, 0, 0, 0, 0, 0, 0, 0, 0, 0, 0, 0, 0, 0, 0, 0, 0, 0, 0, 0, 0, 0, 0, 0, 0, 0, 0, 0]	[0, 0, 0, 0, 0, 0, 0, 0, 0, 0, 0, 0, 0, 0, 0, 0, 0, 0, 0, 0, 0, 0, 0, 0, 0, 0, 0, 0, 0, 0, 0]	[0.0004358000005595386, 0.008505499979946762, 0.025333099998533726, 0.04225410000071861, 0.05840439998428337, 0.07498499998473562, 0.09216909998212941, 0.10829740000190213, 0.1248792999831494, 0.14169289998244494, 0.15828329999931157, 0.17478509998181835, 0.19137069999123923, 0.20821819998673163, 0.22500579999177717, 0.24155310000060126, 0.25810949999140576, 0.2749691999924835, 0.29161220000241883, 0.3085308999870904, 0.3249876000045333, 0.34147329998086207, 0.3583755999861751, 0.375032599986298, 0.3915522999886889, 0.408084399998188, 0.42482809998909943, 0.44143659999826923, 0.45815829999628477, 0.4747012000007089, 0.4913868999865372]	202.0	283.0	0.9	5a
77	4	go_nogo	0	60	2	go	click	[77.0, 77.0, 102.0, 150.0, 200.0, 213.0, 221.0, 224.0, 227.0, 227.0, 227.0, 227.0, 227.0, 227.0, 227.0, 227.0, 227.0, 227.0, 227.0, 227.0, 227.0, 227.0, 227.0, 227.0]	[-218.0, -218.0, -159.0, -35.0, 147.0, 215.0, 253.0, 276.0, 287.0, 294.0, 296.0, 296.0, 296.0, 299.0, 310.0, 316.0, 320.0, 320.0, 320.0, 320.0, 320.0, 320.0, 320.0, 320.0]	[0, 0, 0, 0, 0, 0, 0, 0, 0, 0, 0, 0, 0, 0, 0, 0, 0, 0, 0, 0, 0, 0, 0, 1]	[0, 0, 0, 0, 0, 0, 0, 0, 0, 0, 0, 0, 0, 0, 0, 0, 0, 0, 0, 0, 0, 0, 0, 0]	[0, 0, 0, 0, 0, 0, 0, 0, 0, 0, 0, 0, 0, 0, 0, 0, 0, 0, 0, 0, 0, 0, 0, 0]	[0.00019679998513311148, 0.009870899986708537, 0.02671480001299642, 0.04313430000911467, 0.05961110000498593, 0.07662989999516867, 0.09287369999219663, 0.1096407999866642, 0.1261960999981966, 0.14286120000178926, 0.159648400003789, 0.17591859999811277, 0.1929447999864351, 0.20976480000535958, 0.2262940999935381, 0.24329240000224672, 0.2593355999852065, 0.27613600000040606, 0.29285900000832044, 0.30925500000012107, 0.3261388000100851, 0.34268070000689477, 0.35955349999130704, 0.3763434999855235]	227.0	320.0	0.6	5a
78	4	go_nogo	0	60	2	go	click	[142.0, 142.0, 172.0, 218.0, 250.0, 264.0, 265.0, 267.0, 267.0, 267.0, 267.0, 267.0, 267.0, 267.0, 266.0, 266.0, 265.0, 262.0, 260.0, 253.0, 242.0, 229.0, 224.0, 221.0, 220.0, 220.0, 220.0, 218.0, 218.0]	[-95.0, -95.0, -21.0, 118.0, 221.0, 262.0, 279.0, 288.0, 291.0, 291.0, 291.0, 291.0, 292.0, 292.0, 293.0, 293.0, 293.0, 292.0, 290.0, 288.0, 287.0, 287.0, 286.0, 286.0, 285.0, 285.0, 285.0, 285.0, 285.0]	[0, 0, 0, 0, 0, 0, 0, 0, 0, 0, 0, 0, 0, 0, 0, 0, 0, 0, 0, 0, 0, 0, 0, 0, 0, 0, 0, 0, 1]	[0, 0, 0, 0, 0, 0, 0, 0, 0, 0, 0, 0, 0, 0, 0, 0, 0, 0, 0, 0, 0, 0, 0, 0, 0, 0, 0, 0, 0]	[0, 0, 0, 0, 0, 0, 0, 0, 0, 0, 0, 0, 0, 0, 0, 0, 0, 0, 0, 0, 0, 0, 0, 0, 0, 0, 0, 0, 0]	[0.0003904000041075051, 0.010277000023052096, 0.026844100008020177, 0.04349430001457222, 0.060216000012587756, 0.07697940000798553, 0.09349700002348982, 0.11045400000875816, 0.12676179999834858, 0.14327410000259988, 0.1603264000150375, 0.1768249000015203, 0.19349920001695864, 0.21028850000584498, 0.2266282000055071, 0.24362779999501072, 0.2602513000019826, 0.2767816999985371, 0.2934616999991704, 0.3102962000120897, 0.3268351000151597, 0.34373029999551363, 0.360072500014212, 0.3770958000095561, 0.39324520001537167, 0.4101245000201743, 0.42694630002370104, 0.44324890000279993, 0.460427800018806]	218.0	285.0	0.9	5a
79	4	go_nogo	0	60	3	go	click	[74.0, 74.0, 90.0, 127.0, 147.0, 159.0, 161.0, 160.0, 159.0, 159.0, 159.0, 159.0, 159.0, 159.0, 159.0, 159.0, 159.0, 159.0, 159.0, 159.0, 159.0, 159.0, 162.0, 167.0, 169.0, 170.0, 170.0, 171.0, 173.0, 174.0, 174.0, 174.0, 174.0]	[-231.0, -231.0, -171.0, -49.0, 55.0, 170.0, 208.0, 243.0, 285.0, 317.0, 328.0, 334.0, 339.0, 347.0, 356.0, 359.0, 360.0, 360.0, 360.0, 360.0, 359.0, 354.0, 342.0, 331.0, 325.0, 322.0, 322.0, 318.0, 313.0, 310.0, 308.0, 308.0, 308.0]	[0, 0, 0, 0, 0, 0, 0, 0, 0, 0, 0, 0, 0, 0, 0, 0, 0, 0, 0, 0, 0, 0, 0, 0, 0, 0, 0, 0, 0, 0, 0, 0, 1]	[0, 0, 0, 0, 0, 0, 0, 0, 0, 0, 0, 0, 0, 0, 0, 0, 0, 0, 0, 0, 0, 0, 0, 0, 0, 0, 0, 0, 0, 0, 0, 0, 0]	[0, 0, 0, 0, 0, 0, 0, 0, 0, 0, 0, 0, 0, 0, 0, 0, 0, 0, 0, 0, 0, 0, 0, 0, 0, 0, 0, 0, 0, 0, 0, 0, 0]	[0.0004507999983616173, 0.008709999994607642, 0.025210099993273616, 0.04177069998695515, 0.05846689999452792, 0.07527010000194423, 0.09199089999310672, 0.10840919998008758, 0.12499059998663142, 0.14173899998422712, 0.15840270000626333, 0.17502049999893643, 0.19161280000116676, 0.20842469998751767, 0.2250554999918677, 0.2414431999786757, 0.2580864999908954, 0.2747992999793496, 0.29138049998437054, 0.30807619998813607, 0.3248541999782901, 0.34157170000253245, 0.3582360000000335, 0.3749561999866273, 0.39165000000502914, 0.4081012999813538, 0.4249562000040896, 0.4416109999874607, 0.4585453000036068, 0.4749522999918554, 0.4913405999832321, 0.5081793999997899, 0.5249747000052594]	174.0	308.0	0.8	5a
80	4	go_nogo	0	60	1	nogo	none	[75.0, 75.0, 86.0, 105.0, 130.0, 157.0, 177.0, 188.0, 192.0, 192.0, 192.0, 192.0, 192.0, 192.0, 193.0, 193.0, 193.0, 199.0, 217.0, 233.0, 245.0, 247.0, 247.0, 247.0, 247.0, 247.0, 247.0, 247.0, 247.0, 247.0, 247.0, 247.0, 247.0, 247.0, 247.0, 247.0, 247.0, 247.0, 247.0, 247.0, 247.0, 247.0, 247.0, 247.0, 247.0, 247.0, 247.0, 247.0, 247.0, 247.0, 247.0, 247.0, 247.0, 247.0, 247.0, 247.0, 247.0, 247.0, 247.0, 247.0, 247.0, 247.0, 247.0, 247.0, 247.0, 247.0]	[-139.0, -139.0, -76.0, 55.0, 178.0, 287.0, 383.0, 424.0, 434.0, 435.0, 435.0, 435.0, 435.0, 435.0, 435.0, 435.0, 434.0, 425.0, 399.0, 353.0, 304.0, 297.0, 297.0, 297.0, 296.0, 295.0, 295.0, 295.0, 295.0, 295.0, 295.0, 295.0, 295.0, 294.0, 294.0, 294.0, 294.0, 294.0, 294.0, 294.0, 294.0, 294.0, 294.0, 294.0, 294.0, 294.0, 294.0, 294.0, 294.0, 294.0, 294.0, 294.0, 294.0, 294.0, 294.0, 294.0, 294.0, 294.0, 294.0, 294.0, 294.0, 294.0, 294.0, 294.0, 294.0, 294.0]	[0, 0, 0, 0, 0, 0, 0, 0, 0, 0, 0, 0, 0, 0, 0, 0, 0, 0, 0, 0, 0, 0, 0, 0, 0, 0, 0, 0, 0, 0, 0, 0, 0, 0, 0, 0, 0, 0, 0, 0, 0, 0, 0, 0, 0, 0, 0, 0, 0, 0, 0, 0, 0, 0, 0, 0, 0, 0, 0, 0, 0, 0, 0, 0, 0, 0]	[0, 0, 0, 0, 0, 0, 0, 0, 0, 0, 0, 0, 0, 0, 0, 0, 0, 0, 0, 0, 0, 0, 0, 0, 0, 0, 0, 0, 0, 0, 0, 0, 0, 0, 0, 0, 0, 0, 0, 0, 0, 0, 0, 0, 0, 0, 0, 0, 0, 0, 0, 0, 0, 0, 0, 0, 0, 0, 0, 0, 0, 0, 0, 0, 0, 0]	[0, 0, 0, 0, 0, 0, 0, 0, 0, 0, 0, 0, 0, 0, 0, 0, 0, 0, 0, 0, 0, 0, 0, 0, 0, 0, 0, 0, 0, 0, 0, 0, 0, 0, 0, 0, 0, 0, 0, 0, 0, 0, 0, 0, 0, 0, 0, 0, 0, 0, 0, 0, 0, 0, 0, 0, 0, 0, 0, 0, 0, 0, 0, 0, 0, 0]	[0.0003226000117138028, 0.007049400010146201, 0.023868200019933283, 0.040484299999661744, 0.05737680001766421, 0.07391969999298453, 0.09067700000014156, 0.10728389999712817, 0.12413710000691935, 0.14039250000496395, 0.1570320000173524, 0.17378010001266375, 0.19035250000888482, 0.20724780001910403, 0.22366129999863915, 0.24050320000969805, 0.2573223999934271, 0.2740209000185132, 0.29054119999636896, 0.30742260001716204, 0.3237602000008337, 0.34034590001101606, 0.35719280000193976, 0.37359299999661744, 0.39051719999406487, 0.4071278000192251, 0.42361349999555387, 0.4403141000075266, 0.4569713000091724, 0.4736241000064183, 0.4903352000110317, 0.5070046000182629, 0.5237633000069764, 0.5404661000065971, 0.557093800016446, 0.5737284000206273, 0.5902684000029694, 0.6069548999948893, 0.623586300003808, 0.6402467000007164, 0.6570241000154056, 0.6737489000079222, 0.6905757000204176, 0.7067843000113498, 0.7236121000023559, 0.7402198000054341, 0.7573250000132248, 0.7737137000076473, 0.7904891000071075, 0.8068336000142153, 0.8237516999943182, 0.8401952999993227, 0.8570888999965973, 0.8734766000125092, 0.8901841000188142, 0.9070591000199784, 0.9237136000010651, 0.940126200002851, 0.9568205999967176, 0.9734351999941282, 0.9902028999931645, 1.00669320000452, 1.0233225999982096, 1.0400310000113677, 1.0566789000004064, 1.0733183000120334]	n/a	n/a	0.7	5a
81	4	go_nogo	0	60	6	go	click	[86.0, 99.0, 99.0, 134.0, 160.0, 194.0, 216.0, 230.0, 233.0, 234.0, 234.0, 234.0, 234.0, 234.0, 234.0, 234.0, 234.0, 234.0, 234.0, 234.0, 234.0, 234.0, 234.0, 234.0, 234.0, 234.0, 234.0]	[-182.0, -118.0, -118.0, 50.0, 154.0, 254.0, 297.0, 312.0, 315.0, 315.0, 315.0, 315.0, 315.0, 315.0, 315.0, 314.0, 308.0, 304.0, 304.0, 304.0, 304.0, 304.0, 304.0, 304.0, 304.0, 304.0, 304.0]	[0, 0, 0, 0, 0, 0, 0, 0, 0, 0, 0, 0, 0, 0, 0, 0, 0, 0, 0, 0, 0, 0, 0, 0, 0, 0, 1]	[0, 0, 0, 0, 0, 0, 0, 0, 0, 0, 0, 0, 0, 0, 0, 0, 0, 0, 0, 0, 0, 0, 0, 0, 0, 0, 0]	[0, 0, 0, 0, 0, 0, 0, 0, 0, 0, 0, 0, 0, 0, 0, 0, 0, 0, 0, 0, 0, 0, 0, 0, 0, 0, 0]	[0.0004211000050418079, 0.007462300010956824, 0.024103700008708984, 0.04111479999846779, 0.057365699991350994, 0.07462440000381321, 0.090882699994836, 0.10735259999637492, 0.124206000007689, 0.14042340000742115, 0.15722120000282302, 0.17390130000421777, 0.19057420000899583, 0.20710040000267327, 0.22403690000646748, 0.2407977000111714, 0.2575102999981027, 0.2738653999986127, 0.29057849998935126, 0.3072491000057198, 0.32389930001227185, 0.3405015000025742, 0.3570770999940578, 0.3737070999923162, 0.3903979000169784, 0.4071581000171136, 0.4243170999980066]	234.0	304.0	0.8	5a
82	4	go_nogo	0	60	4	go	click	[123.0, 123.0, 139.0, 171.0, 198.0, 223.0, 246.0, 267.0, 270.0, 270.0, 270.0, 270.0, 272.0, 276.0, 277.0, 277.0, 277.0, 277.0, 277.0, 277.0, 277.0, 272.0, 267.0, 264.0, 262.0, 261.0, 259.0, 257.0, 252.0, 248.0, 248.0, 248.0, 248.0, 248.0, 248.0]	[-196.0, -196.0, -147.0, -37.0, 45.0, 117.0, 173.0, 217.0, 224.0, 224.0, 224.0, 225.0, 234.0, 247.0, 252.0, 252.0, 252.0, 252.0, 252.0, 252.0, 254.0, 265.0, 275.0, 280.0, 283.0, 284.0, 285.0, 286.0, 288.0, 289.0, 289.0, 290.0, 290.0, 290.0, 290.0]	[0, 0, 0, 0, 0, 0, 0, 0, 0, 0, 0, 0, 0, 0, 0, 0, 0, 0, 0, 0, 0, 0, 0, 0, 0, 0, 0, 0, 0, 0, 0, 0, 0, 0, 1]	[0, 0, 0, 0, 0, 0, 0, 0, 0, 0, 0, 0, 0, 0, 0, 0, 0, 0, 0, 0, 0, 0, 0, 0, 0, 0, 0, 0, 0, 0, 0, 0, 0, 0, 0]	[0, 0, 0, 0, 0, 0, 0, 0, 0, 0, 0, 0, 0, 0, 0, 0, 0, 0, 0, 0, 0, 0, 0, 0, 0, 0, 0, 0, 0, 0, 0, 0, 0, 0, 0]	[0.0003354000218678266, 0.0075456000049598515, 0.024160200002370402, 0.040911000018240884, 0.05744380000396632, 0.07419390001450665, 0.09079420001944527, 0.10767390002729371, 0.12388780000037514, 0.14063460001489148, 0.15737260002060793, 0.1744687000173144, 0.19074590000673197, 0.20745990000432357, 0.22412990001612343, 0.24079920002259314, 0.25743040000088513, 0.2738979000132531, 0.29087080000317656, 0.30745110000134446, 0.32419330000993796, 0.3408709000214003, 0.35731370002031326, 0.37401390000013635, 0.3909177000168711, 0.4073699000000488, 0.42416970001067966, 0.4407820000196807, 0.45737470002495684, 0.4740782000008039, 0.49053450001520105, 0.5071509000263177, 0.5237674000090919, 0.5403969000035431, 0.5570675000199117]	248.0	290.0	1.0	5a
83	4	go_nogo	0	60	8	go	click	[54.0, 54.0, 67.0, 92.0, 113.0, 134.0, 142.0, 147.0, 150.0, 152.0, 154.0, 154.0, 155.0, 157.0, 160.0, 162.0, 163.0, 163.0, 163.0, 163.0, 163.0, 164.0, 165.0, 166.0, 166.0, 166.0, 166.0, 166.0]	[-246.0, -246.0, -190.0, -62.0, 45.0, 123.0, 155.0, 178.0, 195.0, 206.0, 216.0, 218.0, 219.0, 227.0, 240.0, 246.0, 247.0, 247.0, 247.0, 247.0, 247.0, 251.0, 257.0, 258.0, 258.0, 258.0, 259.0, 262.0]	[0, 0, 0, 0, 0, 0, 0, 0, 0, 0, 0, 0, 0, 0, 0, 0, 0, 0, 0, 0, 0, 0, 0, 0, 0, 0, 0, 1]	[0, 0, 0, 0, 0, 0, 0, 0, 0, 0, 0, 0, 0, 0, 0, 0, 0, 0, 0, 0, 0, 0, 0, 0, 0, 0, 0, 0]	[0, 0, 0, 0, 0, 0, 0, 0, 0, 0, 0, 0, 0, 0, 0, 0, 0, 0, 0, 0, 0, 0, 0, 0, 0, 0, 0, 0]	[0.0004315999976824969, 0.008568699995521456, 0.025094899989198893, 0.042116800002986565, 0.05847429999266751, 0.07528200000524521, 0.0919694000040181, 0.10840060000191443, 0.12504419998731464, 0.1417459999793209, 0.15837180000380613, 0.17564349999884143, 0.19172030000481755, 0.2083652000001166, 0.22500819998094812, 0.24169729999266565, 0.25844649999635294, 0.2748116999864578, 0.2914308999897912, 0.3080881999921985, 0.32500889999209903, 0.3416360999981407, 0.358483799995156, 0.3748429999977816, 0.3915034999954514, 0.4083037999807857, 0.42499729999690317, 0.4419439999910537]	166.0	265.0	0.6	5a
84	4	go_nogo	0	60	1	nogo	none	[53.0, 53.0, 59.0, 63.0, 80.0, 90.0, 102.0, 110.0, 115.0, 117.0, 117.0, 117.0, 119.0, 123.0, 129.0, 131.0, 131.0, 133.0, 138.0, 146.0, 153.0, 157.0, 158.0, 158.0, 158.0, 158.0, 158.0, 158.0, 158.0, 158.0, 158.0, 158.0, 158.0, 158.0, 158.0, 158.0, 158.0, 158.0, 158.0, 158.0, 158.0, 158.0, 158.0, 158.0, 158.0, 158.0, 158.0, 158.0, 158.0, 158.0, 158.0, 158.0, 158.0, 158.0, 158.0, 158.0, 158.0, 158.0, 158.0, 158.0, 158.0, 158.0, 158.0, 158.0, 158.0]	[-199.0, -199.0, -149.0, -57.0, 67.0, 129.0, 165.0, 186.0, 198.0, 202.0, 202.0, 203.0, 208.0, 216.0, 223.0, 224.0, 224.0, 224.0, 224.0, 227.0, 234.0, 238.0, 240.0, 241.0, 241.0, 241.0, 241.0, 241.0, 241.0, 241.0, 241.0, 241.0, 241.0, 241.0, 241.0, 241.0, 241.0, 241.0, 241.0, 241.0, 241.0, 241.0, 241.0, 241.0, 241.0, 241.0, 241.0, 241.0, 241.0, 241.0, 241.0, 241.0, 241.0, 241.0, 241.0, 241.0, 241.0, 241.0, 241.0, 241.0, 241.0, 241.0, 241.0, 241.0, 241.0]	[0, 0, 0, 0, 0, 0, 0, 0, 0, 0, 0, 0, 0, 0, 0, 0, 0, 0, 0, 0, 0, 0, 0, 0, 0, 0, 0, 0, 0, 0, 0, 0, 0, 0, 0, 0, 0, 0, 0, 0, 0, 0, 0, 0, 0, 0, 0, 0, 0, 0, 0, 0, 0, 0, 0, 0, 0, 0, 0, 0, 0, 0, 0, 0, 0]	[0, 0, 0, 0, 0, 0, 0, 0, 0, 0, 0, 0, 0, 0, 0, 0, 0, 0, 0, 0, 0, 0, 0, 0, 0, 0, 0, 0, 0, 0, 0, 0, 0, 0, 0, 0, 0, 0, 0, 0, 0, 0, 0, 0, 0, 0, 0, 0, 0, 0, 0, 0, 0, 0, 0, 0, 0, 0, 0, 0, 0, 0, 0, 0, 0]	[0, 0, 0, 0, 0, 0, 0, 0, 0, 0, 0, 0, 0, 0, 0, 0, 0, 0, 0, 0, 0, 0, 0, 0, 0, 0, 0, 0, 0, 0, 0, 0, 0, 0, 0, 0, 0, 0, 0, 0, 0, 0, 0, 0, 0, 0, 0, 0, 0, 0, 0, 0, 0, 0, 0, 0, 0, 0, 0, 0, 0, 0, 0, 0, 0]	[0.0004239999980200082, 0.008178999996744096, 0.024815100012347102, 0.0418022999947425, 0.058263300015823916, 0.07482870001695119, 0.09185510000679642, 0.10831000001053326, 0.12487230001715943, 0.14123330000438727, 0.15804920002119616, 0.17475160001777112, 0.1916722000169102, 0.20840570001746528, 0.2248122000019066, 0.24121100001502782, 0.25845429999753833, 0.27470910002011806, 0.2919469000189565, 0.30875160000869073, 0.32491460000164807, 0.34143840000615455, 0.3580439000215847, 0.3745037000044249, 0.391203500010306, 0.4077236000157427, 0.424448100005975, 0.44136180001078174, 0.4580776000220794, 0.47448619999340735, 0.4911687000130769, 0.5079986000200734, 0.5244212000106927, 0.5411237000080291, 0.5578795000037644, 0.5744483000016771, 0.5913034999975935, 0.6080014000181109, 0.6244265999994241, 0.641249100008281, 0.6579177000094205, 0.6745537999959197, 0.6912064000207465, 0.7077501000021584, 0.7246282999985851, 0.741039600019576, 0.7577750000054948, 0.7744252000120468, 0.7910396000079345, 0.8077304000034928, 0.8243477000214625, 0.841052400006447, 0.8577348999970127, 0.8743709000118542, 0.8910804000042845, 0.9075964000076056, 0.9242691000108607, 0.941315800009761, 0.9576588000054471, 0.9743722999992315, 0.9910372000013012, 1.0078958999947645, 1.0243088999995962, 1.040971200010972, 1.057874999998603]	n/a	n/a	0.9	5a
85	4	go_nogo	0	60	7	go	click	[12.0, 12.0, 15.0, 24.0, 51.0, 87.0, 123.0, 152.0, 167.0, 171.0, 172.0, 172.0, 172.0, 172.0, 173.0, 177.0, 183.0, 190.0, 199.0, 207.0, 208.0, 208.0, 208.0, 208.0, 205.0, 200.0, 199.0, 194.0, 190.0, 188.0, 187.0, 186.0, 186.0, 185.0, 184.0, 184.0]	[-283.0, -283.0, -269.0, -228.0, -115.0, 49.0, 218.0, 327.0, 367.0, 379.0, 382.0, 382.0, 382.0, 382.0, 384.0, 391.0, 398.0, 408.0, 424.0, 432.0, 433.0, 433.0, 433.0, 416.0, 391.0, 365.0, 339.0, 318.0, 304.0, 298.0, 293.0, 290.0, 286.0, 283.0, 280.0, 279.0]	[0, 0, 0, 0, 0, 0, 0, 0, 0, 0, 0, 0, 0, 0, 0, 0, 0, 0, 0, 0, 0, 0, 0, 0, 0, 0, 0, 0, 0, 0, 0, 0, 0, 0, 0, 1]	[0, 0, 0, 0, 0, 0, 0, 0, 0, 0, 0, 0, 0, 0, 0, 0, 0, 0, 0, 0, 0, 0, 0, 0, 0, 0, 0, 0, 0, 0, 0, 0, 0, 0, 0, 0]	[0, 0, 0, 0, 0, 0, 0, 0, 0, 0, 0, 0, 0, 0, 0, 0, 0, 0, 0, 0, 0, 0, 0, 0, 0, 0, 0, 0, 0, 0, 0, 0, 0, 0, 0, 0]	[0.0004296000115573406, 0.00735319999512285, 0.023675800010096282, 0.04029330000048503, 0.05686559999594465, 0.07368210001732223, 0.0903802000102587, 0.10724490002030507, 0.12386250001145527, 0.14039559999946505, 0.15697070001624525, 0.1734792000206653, 0.19009380001807585, 0.20667200000025332, 0.22359160002088174, 0.24024450001888908, 0.25689869999769144, 0.27357580000534654, 0.2902990000147838, 0.30695420000120066, 0.3235743000113871, 0.33998459999565966, 0.35692230000859126, 0.3737492000218481, 0.3908039999951143, 0.40698100000736304, 0.4235672000213526, 0.4403533000149764, 0.4569177000084892, 0.4734969999990426, 0.4901978000125382, 0.506861600006232, 0.5235442999983206, 0.540202500007581, 0.5569738000049256, 0.5737721000041347]	184.0	279.0	0.5	5a
86	4	go_nogo	0	60	4	go	click	[93.0, 119.0, 148.0, 191.0, 214.0, 223.0, 228.0, 229.0, 229.0, 230.0, 230.0, 230.0, 230.0, 231.0, 231.0, 231.0, 231.0, 230.0, 229.0, 228.0, 228.0, 228.0, 228.0, 228.0]	[-167.0, -97.0, -27.0, 104.0, 175.0, 206.0, 223.0, 229.0, 233.0, 235.0, 235.0, 235.0, 238.0, 252.0, 262.0, 266.0, 268.0, 270.0, 271.0, 282.0, 302.0, 317.0, 322.0, 323.0]	[0, 0, 0, 0, 0, 0, 0, 0, 0, 0, 0, 0, 0, 0, 0, 0, 0, 0, 0, 0, 0, 0, 0, 1]	[0, 0, 0, 0, 0, 0, 0, 0, 0, 0, 0, 0, 0, 0, 0, 0, 0, 0, 0, 0, 0, 0, 0, 0]	[0, 0, 0, 0, 0, 0, 0, 0, 0, 0, 0, 0, 0, 0, 0, 0, 0, 0, 0, 0, 0, 0, 0, 0]	[0.00038590002804994583, 0.007955900015076622, 0.025369100010721013, 0.041648600017651916, 0.058442500012461096, 0.07478870000340976, 0.09148910001385957, 0.10816430000704713, 0.12486210002680309, 0.1414033000182826, 0.15797070000553504, 0.1746395000081975, 0.19188470000517555, 0.20862980000674725, 0.22481620000326075, 0.2413908000162337, 0.2580761999997776, 0.2747690000105649, 0.29162210001959465, 0.3084009000158403, 0.32496070000343025, 0.34152040001936257, 0.35818700000527315, 0.3749512000067625]	228.0	323.0	0.6	5a
87	4	go_nogo	0	60	9	nogo	none	[53.0, 53.0, 66.0, 92.0, 122.0, 145.0, 168.0, 183.0, 189.0, 191.0, 191.0, 191.0, 191.0, 191.0, 191.0, 191.0, 191.0, 191.0, 191.0, 191.0, 191.0, 191.0, 191.0, 191.0, 191.0, 191.0, 191.0, 191.0, 191.0, 191.0, 191.0, 191.0, 191.0, 191.0, 191.0, 191.0, 191.0, 191.0, 191.0, 191.0, 191.0, 191.0, 191.0, 191.0, 191.0, 191.0, 191.0, 191.0, 191.0, 191.0, 191.0, 191.0, 191.0, 191.0, 191.0, 191.0, 191.0, 191.0, 191.0, 191.0, 191.0, 191.0, 191.0, 191.0, 191.0, 191.0, 191.0, 191.0, 191.0, 191.0, 191.0]	[-220.0, -220.0, -168.0, -67.0, 73.0, 181.0, 278.0, 342.0, 363.0, 368.0, 368.0, 368.0, 368.0, 368.0, 368.0, 368.0, 368.0, 364.0, 362.0, 359.0, 355.0, 350.0, 344.0, 335.0, 326.0, 317.0, 308.0, 301.0, 300.0, 300.0, 300.0, 300.0, 300.0, 300.0, 300.0, 300.0, 300.0, 300.0, 300.0, 300.0, 300.0, 300.0, 300.0, 300.0, 300.0, 300.0, 300.0, 300.0, 300.0, 300.0, 300.0, 300.0, 300.0, 300.0, 300.0, 300.0, 300.0, 300.0, 300.0, 300.0, 300.0, 300.0, 300.0, 300.0, 300.0, 300.0, 300.0, 300.0, 300.0, 300.0, 300.0]	[0, 0, 0, 0, 0, 0, 0, 0, 0, 0, 0, 0, 0, 0, 0, 0, 0, 0, 0, 0, 0, 0, 0, 0, 0, 0, 0, 0, 0, 0, 0, 0, 0, 0, 0, 0, 0, 0, 0, 0, 0, 0, 0, 0, 0, 0, 0, 0, 0, 0, 0, 0, 0, 0, 0, 0, 0, 0, 0, 0, 0, 0, 0, 0, 0, 0, 0, 0, 0, 0, 0]	[0, 0, 0, 0, 0, 0, 0, 0, 0, 0, 0, 0, 0, 0, 0, 0, 0, 0, 0, 0, 0, 0, 0, 0, 0, 0, 0, 0, 0, 0, 0, 0, 0, 0, 0, 0, 0, 0, 0, 0, 0, 0, 0, 0, 0, 0, 0, 0, 0, 0, 0, 0, 0, 0, 0, 0, 0, 0, 0, 0, 0, 0, 0, 0, 0, 0, 0, 0, 0, 0, 0]	[0, 0, 0, 0, 0, 0, 0, 0, 0, 0, 0, 0, 0, 0, 0, 0, 0, 0, 0, 0, 0, 0, 0, 0, 0, 0, 0, 0, 0, 0, 0, 0, 0, 0, 0, 0, 0, 0, 0, 0, 0, 0, 0, 0, 0, 0, 0, 0, 0, 0, 0, 0, 0, 0, 0, 0, 0, 0, 0, 0, 0, 0, 0, 0, 0, 0, 0, 0, 0, 0, 0]	[0.00037560000782832503, 0.007982400013133883, 0.02463920001173392, 0.041416199994273484, 0.05858760001137853, 0.0749847000115551, 0.0938190000015311, 0.10815260000526905, 0.12474160001147538, 0.14119819999905303, 0.15784860000712797, 0.1745072999910917, 0.1910384999937378, 0.20773080000071786, 0.22473899999749847, 0.24135279998881742, 0.2583906000072602, 0.27570440000272356, 0.2912658000132069, 0.307940900005633, 0.3247735000040848, 0.34120170000824146, 0.3579914000001736, 0.37457489999360405, 0.3913977000047453, 0.40791259999969043, 0.42452050000429153, 0.44117909998749383, 0.4578730000066571, 0.474222999997437, 0.4909561999957077, 0.5076662999927066, 0.5243194999929983, 0.54127879999578, 0.5577362999902107, 0.5742977999907453, 0.5909253999998327, 0.6075811999908183, 0.624257999996189, 0.6410178999940399, 0.6577220000035595, 0.6742086000158451, 0.6911901000130456, 0.7076172000088263, 0.7242569999943953, 0.7410208999936003, 0.7576958000136074, 0.7741851999890059, 0.7908238999953028, 0.8076540000038221, 0.8243073000048753, 0.8409682000055909, 0.8578740000084508, 0.8742334000125993, 0.8908040999958757, 0.9075376999971922, 0.9243820999981835, 0.940841100004036, 0.9574100000027101, 0.9741394000011496, 0.9908181999926455, 1.0076660999911837, 1.024154599988833, 1.04092580001452, 1.0574453999870457, 1.0743949000025168, 1.0908268000057433, 1.1074622999876738, 1.1241040999884717, 1.140775100007886, 1.1575299999967683]	n/a	n/a	1.0	5a
88	4	go_nogo	0	60	8	go	click	[45.0, 45.0, 66.0, 112.0, 156.0, 198.0, 239.0, 251.0, 254.0, 255.0, 255.0, 255.0, 255.0, 255.0, 255.0, 255.0, 254.0, 253.0, 252.0, 252.0, 251.0, 251.0, 250.0, 248.0, 245.0, 237.0, 221.0, 211.0, 211.0, 211.0, 211.0]	[-251.0, -251.0, -200.0, -95.0, 17.0, 114.0, 234.0, 270.0, 287.0, 290.0, 291.0, 291.0, 291.0, 291.0, 291.0, 291.0, 291.0, 291.0, 291.0, 292.0, 292.0, 292.0, 292.0, 292.0, 292.0, 290.0, 286.0, 283.0, 282.0, 282.0, 282.0]	[0, 0, 0, 0, 0, 0, 0, 0, 0, 0, 0, 0, 0, 0, 0, 0, 0, 0, 0, 0, 0, 0, 0, 0, 0, 0, 0, 0, 0, 0, 1]	[0, 0, 0, 0, 0, 0, 0, 0, 0, 0, 0, 0, 0, 0, 0, 0, 0, 0, 0, 0, 0, 0, 0, 0, 0, 0, 0, 0, 0, 0, 0]	[0, 0, 0, 0, 0, 0, 0, 0, 0, 0, 0, 0, 0, 0, 0, 0, 0, 0, 0, 0, 0, 0, 0, 0, 0, 0, 0, 0, 0, 0, 0]	[0.0004409999819472432, 0.008372099982807413, 0.02521530000376515, 0.04159720000461675, 0.05829960000119172, 0.0749665999901481, 0.09157109999796376, 0.10827090000384487, 0.12514269998064265, 0.14183839998440817, 0.15822699997806922, 0.17467379997833632, 0.19130029997904785, 0.20832459998200648, 0.22470809999504127, 0.2416242999897804, 0.25845659998594783, 0.27541829997790046, 0.2915995999937877, 0.3082649999996647, 0.3247164999775123, 0.3415759999770671, 0.35831399998278357, 0.37479719999828376, 0.39161729998886585, 0.4081201999797486, 0.42488700000103563, 0.44158660000539385, 0.45793390000471845, 0.47469689999707043, 0.49166679999325424]	211.0	282.0	0.8	5a
89	4	go_nogo	0	60	8	go	click	[54.0, 54.0, 72.0, 123.0, 176.0, 231.0, 248.0, 258.0, 264.0, 265.0, 265.0, 265.0, 265.0, 264.0, 263.0, 263.0, 260.0, 256.0, 253.0, 251.0, 247.0, 242.0, 233.0, 224.0, 216.0, 210.0, 208.0, 208.0, 208.0, 208.0]	[-254.0, -254.0, -208.0, -102.0, 12.0, 139.0, 186.0, 219.0, 240.0, 251.0, 255.0, 260.0, 269.0, 276.0, 283.0, 285.0, 287.0, 288.0, 288.0, 288.0, 289.0, 289.0, 289.0, 289.0, 288.0, 286.0, 285.0, 285.0, 285.0, 285.0]	[0, 0, 0, 0, 0, 0, 0, 0, 0, 0, 0, 0, 0, 0, 0, 0, 0, 0, 0, 0, 0, 0, 0, 0, 0, 0, 0, 0, 0, 1]	[0, 0, 0, 0, 0, 0, 0, 0, 0, 0, 0, 0, 0, 0, 0, 0, 0, 0, 0, 0, 0, 0, 0, 0, 0, 0, 0, 0, 0, 0]	[0, 0, 0, 0, 0, 0, 0, 0, 0, 0, 0, 0, 0, 0, 0, 0, 0, 0, 0, 0, 0, 0, 0, 0, 0, 0, 0, 0, 0, 0]	[0.0004626000009011477, 0.01045999999041669, 0.027014499995857477, 0.04364330001408234, 0.06048449999070726, 0.07698800001526251, 0.09461739999824204, 0.11074080000980757, 0.12722429999848828, 0.14537089999066666, 0.16018030000850558, 0.17693260000669397, 0.19354000000748783, 0.2102463000046555, 0.22704650001833215, 0.2437719000154175, 0.260275200009346, 0.2771421000070404, 0.2936943999957293, 0.31021640001563355, 0.32692510000197217, 0.3436027000134345, 0.3601576999935787, 0.3768702000088524, 0.393540099990787, 0.4103774999966845, 0.42665730000589974, 0.4433122999907937, 0.45994400000199676, 0.4770151000120677]	208.0	285.0	1.0	5a
90	4	go_nogo	0	60	4	go	click	[72.0, 72.0, 88.0, 121.0, 144.0, 161.0, 173.0, 186.0, 195.0, 201.0, 203.0, 203.0, 203.0, 203.0, 204.0, 205.0, 205.0, 205.0, 205.0, 205.0, 205.0, 205.0, 205.0, 205.0]	[-198.0, -198.0, -145.0, -27.0, 77.0, 175.0, 206.0, 239.0, 263.0, 278.0, 285.0, 285.0, 286.0, 286.0, 287.0, 292.0, 293.0, 293.0, 293.0, 293.0, 293.0, 293.0, 293.0, 293.0]	[0, 0, 0, 0, 0, 0, 0, 0, 0, 0, 0, 0, 0, 0, 0, 0, 0, 0, 0, 0, 0, 0, 0, 1]	[0, 0, 0, 0, 0, 0, 0, 0, 0, 0, 0, 0, 0, 0, 0, 0, 0, 0, 0, 0, 0, 0, 0, 0]	[0, 0, 0, 0, 0, 0, 0, 0, 0, 0, 0, 0, 0, 0, 0, 0, 0, 0, 0, 0, 0, 0, 0, 0]	[0.0002172000240534544, 0.008705800020834431, 0.02493240000330843, 0.041661900002509356, 0.05820650001987815, 0.07491150000714697, 0.09167910000542179, 0.10877200000686571, 0.12530620000325143, 0.14149550002184696, 0.15816420002374798, 0.17492370001855306, 0.19128660002024844, 0.20831850002286956, 0.22483040002407506, 0.24174610001500696, 0.25804820001940243, 0.27465450001182035, 0.29132810002192855, 0.30789210001239553, 0.32463230000576004, 0.34133110000402667, 0.35789260000456125, 0.3750405000173487]	205.0	293.0	0.9	5a
91	4	go_nogo	0	60	6	go	click	[51.0, 51.0, 54.0, 64.0, 69.0, 81.0, 96.0, 111.0, 121.0, 123.0, 123.0, 123.0, 123.0, 123.0, 123.0, 123.0, 124.0, 130.0, 143.0, 160.0, 171.0, 176.0, 179.0, 180.0, 182.0, 184.0, 185.0, 185.0, 186.0, 186.0, 186.0]	[-121.0, -121.0, -64.0, 49.0, 144.0, 238.0, 321.0, 375.0, 400.0, 406.0, 407.0, 407.0, 407.0, 407.0, 407.0, 407.0, 400.0, 380.0, 354.0, 332.0, 323.0, 320.0, 318.0, 317.0, 315.0, 314.0, 312.0, 312.0, 312.0, 312.0, 312.0]	[0, 0, 0, 0, 0, 0, 0, 0, 0, 0, 0, 0, 0, 0, 0, 0, 0, 0, 0, 0, 0, 0, 0, 0, 0, 0, 0, 0, 0, 0, 1]	[0, 0, 0, 0, 0, 0, 0, 0, 0, 0, 0, 0, 0, 0, 0, 0, 0, 0, 0, 0, 0, 0, 0, 0, 0, 0, 0, 0, 0, 0, 0]	[0, 0, 0, 0, 0, 0, 0, 0, 0, 0, 0, 0, 0, 0, 0, 0, 0, 0, 0, 0, 0, 0, 0, 0, 0, 0, 0, 0, 0, 0, 0]	[0.000357700017048046, 0.007497900020098314, 0.02471480000531301, 0.04128830000991002, 0.05757850001100451, 0.07425619999412447, 0.09083190001547337, 0.10782299999846146, 0.12425510000321083, 0.14109459999599494, 0.15751330001512542, 0.1739739000040572, 0.1908953000092879, 0.20725840001250617, 0.22393050001119263, 0.24080500000854954, 0.25741910000215285, 0.2741542000148911, 0.2908132000011392, 0.30760850000660866, 0.32435670000268146, 0.34080530001665466, 0.35771280000335537, 0.37414759999956004, 0.3908053000050131, 0.40743320001638494, 0.42394820001209155, 0.440775199997006, 0.45752039999933913, 0.473866900021676, 0.490928300016094]	186.0	312.0	0.7	5a
92	4	go_nogo	0	60	7	go	click	[58.0, 58.0, 79.0, 103.0, 127.0, 142.0, 150.0, 156.0, 159.0, 160.0, 160.0, 160.0, 160.0, 161.0, 161.0, 161.0, 161.0, 161.0, 158.0, 158.0, 158.0, 158.0, 158.0, 158.0, 159.0, 160.0, 160.0, 160.0]	[-152.0, -152.0, -44.0, 68.0, 172.0, 267.0, 336.0, 379.0, 394.0, 397.0, 398.0, 400.0, 404.0, 406.0, 406.0, 406.0, 404.0, 386.0, 365.0, 345.0, 337.0, 336.0, 335.0, 332.0, 330.0, 329.0, 329.0, 329.0]	[0, 0, 0, 0, 0, 0, 0, 0, 0, 0, 0, 0, 0, 0, 0, 0, 0, 0, 0, 0, 0, 0, 0, 0, 0, 0, 0, 1]	[0, 0, 0, 0, 0, 0, 0, 0, 0, 0, 0, 0, 0, 0, 0, 0, 0, 0, 0, 0, 0, 0, 0, 0, 0, 0, 0, 0]	[0, 0, 0, 0, 0, 0, 0, 0, 0, 0, 0, 0, 0, 0, 0, 0, 0, 0, 0, 0, 0, 0, 0, 0, 0, 0, 0, 0]	[0.0004298000130802393, 0.008429600013187155, 0.02489090000744909, 0.04163900000276044, 0.05863889999454841, 0.07495969999581575, 0.09150559999397956, 0.10823050001636147, 0.124768400011817, 0.1417049000156112, 0.1590726000140421, 0.17483780000475235, 0.19133739999961108, 0.20786110000335611, 0.2245083000161685, 0.24124900001334026, 0.25885280000511557, 0.27475159999448806, 0.29160870000487193, 0.3080908000119962, 0.32479340001009405, 0.3414205000153743, 0.3581675000023097, 0.3747606000106316, 0.39141129999188706, 0.4078092999989167, 0.4243919000145979, 0.4412599999923259]	160.0	329.0	1.0	5a
93	4	go_nogo	0	60	9	nogo	none	[39.0, 39.0, 42.0, 44.0, 46.0, 50.0, 58.0, 69.0, 85.0, 99.0, 110.0, 116.0, 117.0, 117.0, 120.0, 126.0, 130.0, 130.0, 130.0, 130.0, 131.0, 131.0, 131.0, 131.0, 131.0, 132.0, 135.0, 137.0, 137.0, 137.0, 137.0, 137.0, 137.0, 137.0, 137.0, 137.0, 137.0, 137.0, 137.0, 137.0, 137.0, 137.0, 137.0, 137.0, 137.0, 137.0, 137.0, 137.0, 137.0, 137.0, 137.0, 137.0, 137.0, 137.0, 137.0, 137.0, 137.0, 137.0, 137.0, 137.0, 137.0, 137.0, 137.0, 137.0, 137.0, 137.0, 137.0, 137.0, 137.0, 137.0]	[-220.0, -220.0, -187.0, -71.0, -33.0, 18.0, 75.0, 122.0, 176.0, 217.0, 245.0, 255.0, 258.0, 259.0, 268.0, 289.0, 301.0, 302.0, 302.0, 302.0, 302.0, 302.0, 302.0, 302.0, 302.0, 303.0, 304.0, 304.0, 305.0, 305.0, 305.0, 305.0, 305.0, 305.0, 305.0, 305.0, 305.0, 305.0, 305.0, 305.0, 305.0, 305.0, 305.0, 305.0, 305.0, 305.0, 305.0, 305.0, 305.0, 305.0, 305.0, 305.0, 305.0, 305.0, 305.0, 305.0, 305.0, 305.0, 305.0, 305.0, 305.0, 305.0, 305.0, 305.0, 305.0, 305.0, 305.0, 305.0, 305.0, 305.0]	[0, 0, 0, 0, 0, 0, 0, 0, 0, 0, 0, 0, 0, 0, 0, 0, 0, 0, 0, 0, 0, 0, 0, 0, 0, 0, 0, 0, 0, 0, 0, 0, 0, 0, 0, 0, 0, 0, 0, 0, 0, 0, 0, 0, 0, 0, 0, 0, 0, 0, 0, 0, 0, 0, 0, 0, 0, 0, 0, 0, 0, 0, 0, 0, 0, 0, 0, 0, 0, 0]	[0, 0, 0, 0, 0, 0, 0, 0, 0, 0, 0, 0, 0, 0, 0, 0, 0, 0, 0, 0, 0, 0, 0, 0, 0, 0, 0, 0, 0, 0, 0, 0, 0, 0, 0, 0, 0, 0, 0, 0, 0, 0, 0, 0, 0, 0, 0, 0, 0, 0, 0, 0, 0, 0, 0, 0, 0, 0, 0, 0, 0, 0, 0, 0, 0, 0, 0, 0, 0, 0]	[0, 0, 0, 0, 0, 0, 0, 0, 0, 0, 0, 0, 0, 0, 0, 0, 0, 0, 0, 0, 0, 0, 0, 0, 0, 0, 0, 0, 0, 0, 0, 0, 0, 0, 0, 0, 0, 0, 0, 0, 0, 0, 0, 0, 0, 0, 0, 0, 0, 0, 0, 0, 0, 0, 0, 0, 0, 0, 0, 0, 0, 0, 0, 0, 0, 0, 0, 0, 0, 0]	[0.0003848000196740031, 0.008413000003201887, 0.025355799996759742, 0.0417031999968458, 0.05818960000760853, 0.07527299999492243, 0.09182190001592971, 0.1086809000116773, 0.12485330001800321, 0.14185860002180561, 0.15827109999372624, 0.17491250002058223, 0.19176600000355393, 0.20841950000612997, 0.22497360000852495, 0.24173650000011548, 0.258289599994896, 0.27473629999440163, 0.29138420001254417, 0.3081953000219073, 0.3245898000022862, 0.3412562000157777, 0.3579648000013549, 0.37460290000308305, 0.39182990000699647, 0.40833310000016354, 0.42489429999841377, 0.44160059999558143, 0.45797360001597553, 0.47488399999565445, 0.4912505999964196, 0.5080447999935132, 0.5246103999961633, 0.5413013000215869, 0.5579691000166349, 0.5745830000087153, 0.5913814000086859, 0.6079859000165015, 0.624805200000992, 0.6415005000017118, 0.6580927000031807, 0.6747099000203889, 0.6912591000145767, 0.7078465000085998, 0.7245242000208236, 0.741304900002433, 0.7578195999958552, 0.7746037000033539, 0.7912542000121903, 0.8078427000145894, 0.8244649000116624, 0.8410926000215113, 0.85783680001623, 0.8745365999930073, 0.8912175000004936, 0.9077389000158291, 0.9243583000206854, 0.9411098000127822, 0.9577646999969147, 0.9744440999929793, 0.9910711999982595, 1.007809400005499, 1.0244562000152655, 1.0410643000213895, 1.0577062999946065, 1.0744221000059042, 1.0911838000174612, 1.1078003000002354, 1.1244532999990042, 1.1412611000123434]	n/a	n/a	0.7	5a
94	4	go_nogo	0	60	7	go	click	[45.0, 45.0, 55.0, 81.0, 109.0, 144.0, 165.0, 181.0, 193.0, 199.0, 201.0, 202.0, 202.0, 204.0, 208.0, 214.0, 218.0, 218.0, 218.0, 218.0, 218.0, 218.0, 218.0]	[-219.0, -219.0, -175.0, -70.0, 20.0, 117.0, 176.0, 230.0, 264.0, 284.0, 290.0, 291.0, 292.0, 298.0, 316.0, 337.0, 344.0, 344.0, 344.0, 344.0, 344.0, 344.0, 344.0]	[0, 0, 0, 0, 0, 0, 0, 0, 0, 0, 0, 0, 0, 0, 0, 0, 0, 0, 0, 0, 0, 0, 1]	[0, 0, 0, 0, 0, 0, 0, 0, 0, 0, 0, 0, 0, 0, 0, 0, 0, 0, 0, 0, 0, 0, 0]	[0, 0, 0, 0, 0, 0, 0, 0, 0, 0, 0, 0, 0, 0, 0, 0, 0, 0, 0, 0, 0, 0, 0]	[0.00019310001516714692, 0.00935629999730736, 0.025932200020179152, 0.04272620001574978, 0.05938459999742918, 0.07609580000280403, 0.0925682999950368, 0.10967430000891909, 0.12658450001617894, 0.1429628000187222, 0.15944990000571124, 0.17584050001460128, 0.1925055000174325, 0.2092148000083398, 0.22580529999686405, 0.24291170001379214, 0.2589487000077497, 0.27560690001701005, 0.2923327000171412, 0.30916390000493266, 0.32548580001457594, 0.34229110000887886, 0.35934600001201034]	218.0	344.0	0.5	5a
95	4	go_nogo	0	60	2	go	click	[42.0, 42.0, 53.0, 75.0, 92.0, 125.0, 143.0, 154.0, 161.0, 162.0, 162.0, 163.0, 166.0, 167.0, 168.0, 168.0, 168.0, 168.0, 168.0, 172.0, 177.0, 179.0, 180.0, 180.0, 180.0, 180.0, 180.0, 180.0]	[-233.0, -233.0, -170.0, -51.0, 45.0, 159.0, 210.0, 244.0, 257.0, 261.0, 262.0, 265.0, 272.0, 277.0, 279.0, 279.0, 279.0, 279.0, 279.0, 287.0, 301.0, 308.0, 309.0, 309.0, 309.0, 309.0, 309.0, 309.0]	[0, 0, 0, 0, 0, 0, 0, 0, 0, 0, 0, 0, 0, 0, 0, 0, 0, 0, 0, 0, 0, 0, 0, 0, 0, 0, 0, 1]	[0, 0, 0, 0, 0, 0, 0, 0, 0, 0, 0, 0, 0, 0, 0, 0, 0, 0, 0, 0, 0, 0, 0, 0, 0, 0, 0, 0]	[0, 0, 0, 0, 0, 0, 0, 0, 0, 0, 0, 0, 0, 0, 0, 0, 0, 0, 0, 0, 0, 0, 0, 0, 0, 0, 0, 0]	[0.00041849998524412513, 0.008274499996332452, 0.024725299997953698, 0.04125109998858534, 0.058235200005583465, 0.0748619000078179, 0.0917697999975644, 0.1081957999849692, 0.1246302000072319, 0.14127979998011142, 0.15793630000553094, 0.17483000000356697, 0.19142200000351295, 0.20809349999763072, 0.22433379999711178, 0.2410661999892909, 0.25797619999502786, 0.27449690000503324, 0.2912699999869801, 0.30835750000551343, 0.3251446000067517, 0.3412784999818541, 0.35759229998802766, 0.3745836000016425, 0.39115009998204187, 0.4076892999873962, 0.4243005999887828, 0.44137069999123923]	180.0	309.0	0.6	5a
96	4	go_nogo	0	60	8	go	click	[51.0, 51.0, 55.0, 62.0, 67.0, 72.0, 79.0, 89.0, 95.0, 98.0, 99.0, 99.0, 99.0, 99.0, 99.0, 99.0, 99.0, 99.0, 100.0, 103.0, 108.0, 114.0, 124.0, 141.0, 157.0, 163.0, 163.0, 163.0, 163.0, 163.0, 163.0]	[-167.0, -167.0, -124.0, -52.0, 28.0, 62.0, 105.0, 139.0, 162.0, 172.0, 174.0, 174.0, 174.0, 174.0, 174.0, 174.0, 174.0, 174.0, 176.0, 184.0, 196.0, 210.0, 231.0, 259.0, 283.0, 293.0, 295.0, 295.0, 295.0, 295.0, 295.0]	[0, 0, 0, 0, 0, 0, 0, 0, 0, 0, 0, 0, 0, 0, 0, 0, 0, 0, 0, 0, 0, 0, 0, 0, 0, 0, 0, 0, 0, 0, 1]	[0, 0, 0, 0, 0, 0, 0, 0, 0, 0, 0, 0, 0, 0, 0, 0, 0, 0, 0, 0, 0, 0, 0, 0, 0, 0, 0, 0, 0, 0, 0]	[0, 0, 0, 0, 0, 0, 0, 0, 0, 0, 0, 0, 0, 0, 0, 0, 0, 0, 0, 0, 0, 0, 0, 0, 0, 0, 0, 0, 0, 0, 0]	[0.00044120001257397234, 0.00822580000385642, 0.024866399995516986, 0.04162870001164265, 0.058232100011082366, 0.07508549999329261, 0.09255329999723472, 0.10816870001144707, 0.12474820000352338, 0.14148500000010245, 0.1578600000066217, 0.1745058000087738, 0.19123600001330487, 0.2079350000130944, 0.22439079999458045, 0.24120780001976527, 0.2578661000006832, 0.2745336999942083, 0.2914988000120502, 0.30826010002056137, 0.324700600001961, 0.34164689999306574, 0.3580952000047546, 0.3745851000130642, 0.39131690000067465, 0.40807580002001487, 0.4244178000080865, 0.4411351000017021, 0.457878500019433, 0.4744967000151519, 0.4911476999986917]	163.0	295.0	0.6	5a
97	4	go_nogo	0	60	2	go	click	[49.0, 49.0, 56.0, 72.0, 91.0, 109.0, 123.0, 130.0, 132.0, 134.0, 134.0, 134.0, 134.0, 134.0, 138.0, 140.0, 140.0, 140.0, 140.0, 140.0, 141.0, 147.0, 153.0, 162.0, 164.0, 165.0, 165.0, 165.0, 165.0, 166.0, 167.0]	[-164.0, -164.0, -117.0, -41.0, 17.0, 72.0, 113.0, 142.0, 159.0, 165.0, 167.0, 167.0, 167.0, 172.0, 185.0, 196.0, 199.0, 199.0, 199.0, 199.0, 203.0, 219.0, 242.0, 270.0, 278.0, 280.0, 280.0, 280.0, 280.0, 283.0, 285.0]	[0, 0, 0, 0, 0, 0, 0, 0, 0, 0, 0, 0, 0, 0, 0, 0, 0, 0, 0, 0, 0, 0, 0, 0, 0, 0, 0, 0, 0, 0, 1]	[0, 0, 0, 0, 0, 0, 0, 0, 0, 0, 0, 0, 0, 0, 0, 0, 0, 0, 0, 0, 0, 0, 0, 0, 0, 0, 0, 0, 0, 0, 0]	[0, 0, 0, 0, 0, 0, 0, 0, 0, 0, 0, 0, 0, 0, 0, 0, 0, 0, 0, 0, 0, 0, 0, 0, 0, 0, 0, 0, 0, 0, 0]	[0.00036720000207424164, 0.007202000007964671, 0.02443160000257194, 0.04056090000085533, 0.05740610000793822, 0.0741009000048507, 0.09067279999726452, 0.1074881000095047, 0.1240166999923531, 0.14078909999807365, 0.15709639998385683, 0.17387009999947622, 0.19068589998641983, 0.20751919999020174, 0.22407100000418723, 0.24082859998452477, 0.2569923999835737, 0.2737030999851413, 0.29050889998325147, 0.3071421000058763, 0.32383449998451397, 0.3405397000024095, 0.35724469998967834, 0.3739884000096936, 0.3906750000023749, 0.40706490000593476, 0.4236788999987766, 0.4405323000100907, 0.45740240000304766, 0.4739071000076365, 0.4908932999824174]	167.0	286.0	0.5	5a
98	4	go_nogo	0	60	4	go	click	[45.0, 45.0, 52.0, 81.0, 118.0, 144.0, 164.0, 174.0, 181.0, 185.0, 186.0, 186.0, 186.0, 186.0, 186.0, 186.0, 186.0, 186.0, 186.0, 186.0, 186.0, 186.0, 186.0, 186.0, 186.0, 186.0, 186.0]	[-207.0, -207.0, -156.0, -50.0, 80.0, 155.0, 221.0, 257.0, 281.0, 289.0, 290.0, 290.0, 290.0, 290.0, 290.0, 290.0, 290.0, 290.0, 289.0, 286.0, 286.0, 286.0, 286.0, 286.0, 286.0, 286.0, 286.0]	[0, 0, 0, 0, 0, 0, 0, 0, 0, 0, 0, 0, 0, 0, 0, 0, 0, 0, 0, 0, 0, 0, 0, 0, 0, 0, 1]	[0, 0, 0, 0, 0, 0, 0, 0, 0, 0, 0, 0, 0, 0, 0, 0, 0, 0, 0, 0, 0, 0, 0, 0, 0, 0, 0]	[0, 0, 0, 0, 0, 0, 0, 0, 0, 0, 0, 0, 0, 0, 0, 0, 0, 0, 0, 0, 0, 0, 0, 0, 0, 0, 0]	[0.0004935000033583492, 0.007778099999995902, 0.024386200006119907, 0.04125410001142882, 0.05772969999816269, 0.07505590000073425, 0.09153169998899102, 0.10834770000656135, 0.12430990001303144, 0.14113010000437498, 0.15751129999989644, 0.17416950000915676, 0.1907612000068184, 0.20755689998622984, 0.2241167000029236, 0.24089439999079332, 0.25746940000681207, 0.27417099999729544, 0.2911166000121739, 0.3073652999883052, 0.3241189999971539, 0.34075669999583624, 0.3574380000063684, 0.3741325000009965, 0.3907500999921467, 0.40748580000945367, 0.4246473000093829]	186.0	286.0	0.7	5a
99	4	go_nogo	0	60	1	nogo	none	[55.0, 71.0, 71.0, 125.0, 155.0, 172.0, 188.0, 201.0, 213.0, 218.0, 222.0, 223.0, 223.0, 223.0, 223.0, 223.0, 223.0, 223.0, 223.0, 223.0, 222.0, 221.0, 221.0, 221.0, 221.0, 221.0, 221.0, 221.0, 221.0, 221.0, 221.0, 221.0, 221.0, 221.0, 221.0, 221.0, 221.0, 221.0, 221.0, 221.0, 221.0, 221.0, 221.0, 221.0, 221.0, 221.0, 221.0, 221.0, 221.0, 221.0, 221.0, 221.0, 221.0, 221.0, 221.0, 221.0, 221.0, 221.0, 221.0, 221.0, 221.0, 221.0, 221.0, 221.0, 221.0, 221.0, 221.0, 221.0, 221.0, 221.0, 221.0, 221.0, 221.0]	[-187.0, -134.0, -134.0, 12.0, 77.0, 116.0, 144.0, 165.0, 185.0, 199.0, 207.0, 211.0, 212.0, 212.0, 212.0, 212.0, 212.0, 212.0, 212.0, 213.0, 220.0, 225.0, 228.0, 228.0, 228.0, 229.0, 238.0, 269.0, 278.0, 280.0, 280.0, 280.0, 280.0, 280.0, 278.0, 277.0, 277.0, 277.0, 277.0, 277.0, 277.0, 277.0, 277.0, 277.0, 277.0, 277.0, 277.0, 277.0, 277.0, 277.0, 277.0, 277.0, 277.0, 277.0, 277.0, 277.0, 277.0, 277.0, 277.0, 277.0, 277.0, 277.0, 277.0, 277.0, 277.0, 277.0, 277.0, 277.0, 277.0, 277.0, 277.0, 277.0, 277.0]	[0, 0, 0, 0, 0, 0, 0, 0, 0, 0, 0, 0, 0, 0, 0, 0, 0, 0, 0, 0, 0, 0, 0, 0, 0, 0, 0, 0, 0, 0, 0, 0, 0, 0, 0, 0, 0, 0, 0, 0, 0, 0, 0, 0, 0, 0, 0, 0, 0, 0, 0, 0, 0, 0, 0, 0, 0, 0, 0, 0, 0, 0, 0, 0, 0, 0, 0, 0, 0, 0, 0, 0, 0]	[0, 0, 0, 0, 0, 0, 0, 0, 0, 0, 0, 0, 0, 0, 0, 0, 0, 0, 0, 0, 0, 0, 0, 0, 0, 0, 0, 0, 0, 0, 0, 0, 0, 0, 0, 0, 0, 0, 0, 0, 0, 0, 0, 0, 0, 0, 0, 0, 0, 0, 0, 0, 0, 0, 0, 0, 0, 0, 0, 0, 0, 0, 0, 0, 0, 0, 0, 0, 0, 0, 0, 0, 0]	[0, 0, 0, 0, 0, 0, 0, 0, 0, 0, 0, 0, 0, 0, 0, 0, 0, 0, 0, 0, 0, 0, 0, 0, 0, 0, 0, 0, 0, 0, 0, 0, 0, 0, 0, 0, 0, 0, 0, 0, 0, 0, 0, 0, 0, 0, 0, 0, 0, 0, 0, 0, 0, 0, 0, 0, 0, 0, 0, 0, 0, 0, 0, 0, 0, 0, 0, 0, 0, 0, 0, 0, 0]	[0.000443900004029274, 0.008467699983157218, 0.0253204999899026, 0.0420684999844525, 0.05881409998983145, 0.07520789999398403, 0.0922603000071831, 0.1084192999987863, 0.12546839998685755, 0.14182920000166632, 0.1584320999972988, 0.17517199998837896, 0.1915611999866087, 0.2082595000101719, 0.22505810001166537, 0.24158480000915006, 0.2583615999901667, 0.2748940000019502, 0.2917920000036247, 0.30876799998804927, 0.32514900001115166, 0.3417292000085581, 0.3584071999939624, 0.3748512000020128, 0.39172149999649264, 0.40841820000787266, 0.42508419998921454, 0.4418108999961987, 0.4585238999861758, 0.47507089999271557, 0.49147370000719093, 0.5081418000045232, 0.5248164999939036, 0.5417656000063289, 0.5584195000119507, 0.574973399983719, 0.5914832999987993, 0.6081567000073846, 0.6248237999971025, 0.6415706999832764, 0.6581032999965828, 0.6749033000087366, 0.6914853999915067, 0.7081108999846037, 0.7247866000107024, 0.741455000010319, 0.7581925999838859, 0.7748660999932326, 0.7916608999948949, 0.8080321000015829, 0.8248635999916587, 0.8414296999981161, 0.8580625999893527, 0.8749969000054989, 0.8916253999923356, 0.9079873999871779, 0.9246664000093006, 0.9413683000020683, 0.9580567000084557, 0.9746912999835331, 0.9912707000039518, 1.0080186999985017, 1.0247780999925453, 1.0412823999940883, 1.058243700012099, 1.0746139000111725, 1.0915442999976221, 1.1078781000105664, 1.124690600001486, 1.1412800000107381, 1.1581769000040367, 1.1746432000072673, 1.1914071000064723]	n/a	n/a	0.5	5a
100	4	go_nogo	0	60	8	go	click	[43.0, 70.0, 102.0, 164.0, 214.0, 242.0, 249.0, 252.0, 252.0, 252.0, 252.0, 252.0, 252.0, 252.0, 252.0, 252.0, 252.0, 252.0, 249.0, 242.0, 236.0, 230.0, 224.0, 222.0, 221.0, 221.0, 220.0, 219.0, 219.0, 219.0]	[-215.0, -137.0, -39.0, 152.0, 292.0, 353.0, 373.0, 377.0, 378.0, 378.0, 379.0, 382.0, 385.0, 389.0, 392.0, 392.0, 392.0, 392.0, 390.0, 373.0, 348.0, 325.0, 311.0, 302.0, 301.0, 301.0, 299.0, 296.0, 294.0, 294.0]	[0, 0, 0, 0, 0, 0, 0, 0, 0, 0, 0, 0, 0, 0, 0, 0, 0, 0, 0, 0, 0, 0, 0, 0, 0, 0, 0, 0, 0, 1]	[0, 0, 0, 0, 0, 0, 0, 0, 0, 0, 0, 0, 0, 0, 0, 0, 0, 0, 0, 0, 0, 0, 0, 0, 0, 0, 0, 0, 0, 0]	[0, 0, 0, 0, 0, 0, 0, 0, 0, 0, 0, 0, 0, 0, 0, 0, 0, 0, 0, 0, 0, 0, 0, 0, 0, 0, 0, 0, 0, 0]	[0.0007798000006005168, 0.008884299983037636, 0.025888899981509894, 0.042423599981702864, 0.05905189999612048, 0.07700679998379201, 0.09247340000001714, 0.10911289998330176, 0.12554959999397397, 0.14252779999515042, 0.15911269999924116, 0.1758579000015743, 0.192676799983019, 0.20979459999944083, 0.22558440000284463, 0.24235670000780374, 0.25884209998184815, 0.2760110999806784, 0.2923986999958288, 0.3092328000057023, 0.3256812999898102, 0.34236899999086745, 0.3591236000065692, 0.37578709999797866, 0.39230149998911656, 0.409273099998245, 0.42564229998970404, 0.44229819998145103, 0.45905629999469966, 0.4758890999946743]	219.0	293.0	0.6	5a
101	4	go_nogo	0	60	3	go	click	[41.0, 41.0, 57.0, 94.0, 128.0, 162.0, 191.0, 207.0, 221.0, 224.0, 224.0, 224.0, 224.0, 224.0, 224.0, 224.0, 225.0, 228.0, 233.0, 238.0, 241.0, 241.0, 241.0, 241.0, 241.0, 240.0, 240.0, 240.0, 240.0, 240.0, 239.0, 239.0, 237.0, 237.0, 237.0]	[-189.0, -189.0, -132.0, -2.0, 127.0, 260.0, 370.0, 431.0, 467.0, 471.0, 471.0, 471.0, 471.0, 471.0, 471.0, 471.0, 470.0, 454.0, 422.0, 380.0, 333.0, 321.0, 312.0, 304.0, 297.0, 294.0, 294.0, 294.0, 294.0, 294.0, 297.0, 299.0, 300.0, 300.0, 301.0]	[0, 0, 0, 0, 0, 0, 0, 0, 0, 0, 0, 0, 0, 0, 0, 0, 0, 0, 0, 0, 0, 0, 0, 0, 0, 0, 0, 0, 0, 0, 0, 0, 0, 0, 1]	[0, 0, 0, 0, 0, 0, 0, 0, 0, 0, 0, 0, 0, 0, 0, 0, 0, 0, 0, 0, 0, 0, 0, 0, 0, 0, 0, 0, 0, 0, 0, 0, 0, 0, 0]	[0, 0, 0, 0, 0, 0, 0, 0, 0, 0, 0, 0, 0, 0, 0, 0, 0, 0, 0, 0, 0, 0, 0, 0, 0, 0, 0, 0, 0, 0, 0, 0, 0, 0, 0]	[0.00034810000215657055, 0.007047799997963011, 0.024211400013882667, 0.04045570001471788, 0.057335799996508285, 0.07363050000276417, 0.09052910000900738, 0.1070954000169877, 0.12408350000623614, 0.14011579999350943, 0.15683809999609366, 0.17351370002143085, 0.19018070001038723, 0.20680330001050606, 0.22350910000386648, 0.24042950000148267, 0.25681550000444986, 0.2739292000187561, 0.29038930000388063, 0.3069934000086505, 0.32381319999694824, 0.34100869999383576, 0.35737280000466853, 0.3738644999975804, 0.3902597000123933, 0.4067566000157967, 0.4234596000169404, 0.44009340001503006, 0.45675959999789484, 0.47352800000226125, 0.4901836000208277, 0.5069757000019308, 0.5233912999974564, 0.5402572000166401, 0.5567687000147998]	237.0	301.0	0.5	5a
102	4	go_nogo	0	60	3	go	click	[111.0, 111.0, 134.0, 198.0, 220.0, 254.0, 267.0, 275.0, 276.0, 276.0, 277.0, 277.0, 277.0, 277.0, 277.0, 277.0, 275.0, 268.0, 267.0, 267.0, 267.0, 267.0, 265.0, 264.0, 262.0, 260.0, 259.0, 255.0, 250.0, 244.0, 241.0]	[-117.0, -117.0, -51.0, 130.0, 181.0, 262.0, 287.0, 299.0, 303.0, 304.0, 305.0, 306.0, 306.0, 306.0, 306.0, 306.0, 305.0, 302.0, 302.0, 302.0, 302.0, 302.0, 303.0, 303.0, 303.0, 303.0, 303.0, 303.0, 301.0, 299.0, 297.0]	[0, 0, 0, 0, 0, 0, 0, 0, 0, 0, 0, 0, 0, 0, 0, 0, 0, 0, 0, 0, 0, 0, 0, 0, 0, 0, 0, 0, 0, 0, 1]	[0, 0, 0, 0, 0, 0, 0, 0, 0, 0, 0, 0, 0, 0, 0, 0, 0, 0, 0, 0, 0, 0, 0, 0, 0, 0, 0, 0, 0, 0, 0]	[0, 0, 0, 0, 0, 0, 0, 0, 0, 0, 0, 0, 0, 0, 0, 0, 0, 0, 0, 0, 0, 0, 0, 0, 0, 0, 0, 0, 0, 0, 0]	[0.00042830000165849924, 0.010823900025570765, 0.027289000019663945, 0.04424780001863837, 0.06066980000468902, 0.07750500002293848, 0.09459250001236796, 0.11065420001978055, 0.12731500001973473, 0.14426000000094064, 0.16100070002721623, 0.17716900000232272, 0.19381690002046525, 0.2106913000170607, 0.2270139000029303, 0.24420610000379384, 0.2605407000228297, 0.27764090002165176, 0.29380480002146214, 0.3103395000216551, 0.3270026000100188, 0.34384910002700053, 0.3606910000089556, 0.37723969999933615, 0.39392910001333803, 0.41067900002235547, 0.42743500001961365, 0.4438992000068538, 0.46066750001045875, 0.47763390000909567, 0.4941584000189323]	240.0	296.0	1.0	5a
103	4	go_nogo	0	60	9	nogo	none	[47.0, 47.0, 64.0, 100.0, 133.0, 169.0, 194.0, 214.0, 224.0, 229.0, 230.0, 230.0, 230.0, 230.0, 230.0, 230.0, 230.0, 230.0, 230.0, 229.0, 228.0, 227.0, 223.0, 219.0, 215.0, 210.0, 206.0, 203.0, 203.0, 203.0, 203.0, 203.0, 203.0, 203.0, 203.0, 203.0, 203.0, 203.0, 203.0, 203.0, 203.0, 203.0, 203.0, 203.0, 203.0, 203.0, 203.0, 203.0, 203.0, 203.0, 203.0, 203.0, 203.0, 203.0, 203.0, 203.0, 203.0, 203.0, 203.0, 203.0, 203.0, 203.0, 203.0, 203.0, 203.0, 203.0, 203.0, 203.0, 203.0, 203.0, 203.0]	[-193.0, -193.0, -132.0, -6.0, 107.0, 203.0, 274.0, 326.0, 359.0, 379.0, 381.0, 382.0, 382.0, 383.0, 383.0, 383.0, 383.0, 382.0, 378.0, 376.0, 374.0, 370.0, 362.0, 337.0, 318.0, 301.0, 287.0, 279.0, 277.0, 276.0, 276.0, 276.0, 276.0, 276.0, 276.0, 276.0, 276.0, 276.0, 276.0, 276.0, 276.0, 276.0, 276.0, 276.0, 276.0, 276.0, 276.0, 276.0, 276.0, 276.0, 276.0, 276.0, 276.0, 276.0, 276.0, 276.0, 276.0, 276.0, 276.0, 276.0, 276.0, 276.0, 276.0, 276.0, 276.0, 276.0, 276.0, 276.0, 276.0, 276.0, 276.0]	[0, 0, 0, 0, 0, 0, 0, 0, 0, 0, 0, 0, 0, 0, 0, 0, 0, 0, 0, 0, 0, 0, 0, 0, 0, 0, 0, 0, 0, 0, 0, 0, 0, 0, 0, 0, 0, 0, 0, 0, 0, 0, 0, 0, 0, 0, 0, 0, 0, 0, 0, 0, 0, 0, 0, 0, 0, 0, 0, 0, 0, 0, 0, 0, 0, 0, 0, 0, 0, 0, 0]	[0, 0, 0, 0, 0, 0, 0, 0, 0, 0, 0, 0, 0, 0, 0, 0, 0, 0, 0, 0, 0, 0, 0, 0, 0, 0, 0, 0, 0, 0, 0, 0, 0, 0, 0, 0, 0, 0, 0, 0, 0, 0, 0, 0, 0, 0, 0, 0, 0, 0, 0, 0, 0, 0, 0, 0, 0, 0, 0, 0, 0, 0, 0, 0, 0, 0, 0, 0, 0, 0, 0]	[0, 0, 0, 0, 0, 0, 0, 0, 0, 0, 0, 0, 0, 0, 0, 0, 0, 0, 0, 0, 0, 0, 0, 0, 0, 0, 0, 0, 0, 0, 0, 0, 0, 0, 0, 0, 0, 0, 0, 0, 0, 0, 0, 0, 0, 0, 0, 0, 0, 0, 0, 0, 0, 0, 0, 0, 0, 0, 0, 0, 0, 0, 0, 0, 0, 0, 0, 0, 0, 0, 0]	[0.0004096000047866255, 0.008043800015002489, 0.02480350001133047, 0.04122159999678843, 0.058156799990683794, 0.07463839999400079, 0.09137470001587644, 0.10810790001414716, 0.12473750000935979, 0.14138529999763705, 0.15810470000724308, 0.17473080000490882, 0.19099200001801364, 0.2078281000140123, 0.22444640001049265, 0.24106930001289584, 0.25797780000721104, 0.2745934000122361, 0.2914205999986734, 0.3079596000025049, 0.3245131000003312, 0.34127299999818206, 0.35827830000198446, 0.37478149999515153, 0.3913094000017736, 0.4078929999959655, 0.4247406999929808, 0.44119780001346953, 0.45814750000135973, 0.47447879999526776, 0.49109920000773855, 0.5076260000059847, 0.5244981000141706, 0.5409588000038639, 0.5576988999964669, 0.5743849000136834, 0.5909484000003431, 0.6079381000017747, 0.6245480999932624, 0.640964599995641, 0.6576749999949243, 0.6742862999963108, 0.6908921000140253, 0.7077373999927659, 0.7244494000042323, 0.7410836000053678, 0.7575696000130847, 0.7743128000001889, 0.7908406000060495, 0.8077167000155896, 0.8241707000124734, 0.8409194000123534, 0.8582197999930941, 0.8742159999965224, 0.8909133000124712, 0.9075222999963444, 0.9243343000125606, 0.9408409000025131, 0.9576182000164408, 0.9744128000165801, 0.9908265999983996, 1.0076086999906693, 1.0241517999966163, 1.0408043999923393, 1.0575454999925569, 1.0742156000051182, 1.090875199995935, 1.1074740999902133, 1.1241450000088662, 1.1408416999911424, 1.157525100017665]	n/a	n/a	1.0	5a
104	4	go_nogo	0	60	4	go	click	[58.0, 58.0, 74.0, 110.0, 134.0, 152.0, 164.0, 177.0, 185.0, 189.0, 189.0, 189.0, 189.0, 189.0, 189.0, 189.0, 189.0, 189.0, 189.0, 189.0, 189.0, 193.0, 196.0, 198.0, 199.0, 199.0, 199.0, 200.0, 200.0]	[-185.0, -185.0, -132.0, -18.0, 72.0, 122.0, 153.0, 193.0, 222.0, 235.0, 235.0, 236.0, 236.0, 236.0, 236.0, 236.0, 236.0, 236.0, 236.0, 236.0, 245.0, 264.0, 283.0, 296.0, 300.0, 301.0, 302.0, 302.0, 303.0]	[0, 0, 0, 0, 0, 0, 0, 0, 0, 0, 0, 0, 0, 0, 0, 0, 0, 0, 0, 0, 0, 0, 0, 0, 0, 0, 0, 0, 1]	[0, 0, 0, 0, 0, 0, 0, 0, 0, 0, 0, 0, 0, 0, 0, 0, 0, 0, 0, 0, 0, 0, 0, 0, 0, 0, 0, 0, 0]	[0, 0, 0, 0, 0, 0, 0, 0, 0, 0, 0, 0, 0, 0, 0, 0, 0, 0, 0, 0, 0, 0, 0, 0, 0, 0, 0, 0, 0]	[0.0003828000044450164, 0.007717300002695993, 0.025016100000357255, 0.04123770000296645, 0.05778070000815205, 0.07458060001954436, 0.09128350001992658, 0.10786610000650398, 0.12471920001553372, 0.14096990000689402, 0.15783020001254044, 0.1744143000105396, 0.19089440000243485, 0.20758260000729933, 0.22439420002046973, 0.24084530002437532, 0.25756500000716187, 0.2741735000163317, 0.2910332000174094, 0.3077421000052709, 0.32453650000388734, 0.341024000023026, 0.35807080002268776, 0.37431199999991804, 0.3912367000011727, 0.40776280002319254, 0.4244904000079259, 0.44108080002479255, 0.45809970001573674]	200.0	303.0	0.7	5a
105	4	go_nogo	0	60	6	go	click	[54.0, 73.0, 73.0, 133.0, 159.0, 168.0, 177.0, 186.0, 192.0, 200.0, 205.0, 207.0, 209.0, 215.0, 226.0, 228.0, 229.0, 229.0, 229.0, 229.0, 227.0, 227.0, 227.0, 227.0, 226.0, 221.0, 219.0, 216.0, 213.0, 210.0, 209.0, 209.0, 208.0]	[-236.0, -178.0, -178.0, 21.0, 122.0, 174.0, 207.0, 236.0, 257.0, 276.0, 292.0, 299.0, 310.0, 339.0, 374.0, 381.0, 382.0, 382.0, 382.0, 379.0, 374.0, 371.0, 371.0, 371.0, 371.0, 364.0, 356.0, 348.0, 344.0, 339.0, 335.0, 335.0, 335.0]	[0, 0, 0, 0, 0, 0, 0, 0, 0, 0, 0, 0, 0, 0, 0, 0, 0, 0, 0, 0, 0, 0, 0, 0, 0, 0, 0, 0, 0, 0, 0, 0, 1]	[0, 0, 0, 0, 0, 0, 0, 0, 0, 0, 0, 0, 0, 0, 0, 0, 0, 0, 0, 0, 0, 0, 0, 0, 0, 0, 0, 0, 0, 0, 0, 0, 0]	[0, 0, 0, 0, 0, 0, 0, 0, 0, 0, 0, 0, 0, 0, 0, 0, 0, 0, 0, 0, 0, 0, 0, 0, 0, 0, 0, 0, 0, 0, 0, 0, 0]	[0.0003383999865036458, 0.007976099994266406, 0.02510279999114573, 0.041616100003011525, 0.058872499997960404, 0.07498790000681765, 0.09148659999482334, 0.10825399999157526, 0.12493650001124479, 0.14188690000446513, 0.15840690000914037, 0.1750717000104487, 0.19163909999770112, 0.2082640999869909, 0.2250509999867063, 0.24153950001345947, 0.2582041000132449, 0.2749018000031356, 0.2914623999968171, 0.3083467000105884, 0.3248355000105221, 0.34120890000485815, 0.3579481999913696, 0.37484470001072623, 0.3930777999921702, 0.40813039999920875, 0.4246268999995664, 0.4412937999877613, 0.4578396000142675, 0.47432420001132414, 0.49083260001498275, 0.5077394999971148, 0.5246968000137713]	208.0	335.0	0.9	5a
106	4	go_nogo	0	60	7	go	click	[69.0, 69.0, 96.0, 147.0, 186.0, 215.0, 240.0, 248.0, 250.0, 250.0, 250.0, 250.0, 250.0, 248.0, 242.0, 237.0, 232.0, 227.0, 227.0, 227.0, 226.0, 224.0, 224.0, 224.0, 224.0, 224.0]	[-213.0, -213.0, -135.0, 24.0, 143.0, 226.0, 303.0, 326.0, 332.0, 333.0, 333.0, 333.0, 333.0, 332.0, 324.0, 310.0, 301.0, 293.0, 293.0, 293.0, 293.0, 293.0, 293.0, 293.0, 293.0, 293.0]	[0, 0, 0, 0, 0, 0, 0, 0, 0, 0, 0, 0, 0, 0, 0, 0, 0, 0, 0, 0, 0, 0, 0, 0, 0, 1]	[0, 0, 0, 0, 0, 0, 0, 0, 0, 0, 0, 0, 0, 0, 0, 0, 0, 0, 0, 0, 0, 0, 0, 0, 0, 0]	[0, 0, 0, 0, 0, 0, 0, 0, 0, 0, 0, 0, 0, 0, 0, 0, 0, 0, 0, 0, 0, 0, 0, 0, 0, 0]	[0.0003527999797370285, 0.007912499975645915, 0.025072099990211427, 0.041601099976105615, 0.058289899985538796, 0.07479220000095665, 0.09157059999415651, 0.10831779998261482, 0.12505199998850003, 0.14124979998450726, 0.15798109999741428, 0.17450579997966997, 0.1914227999805007, 0.20813749998342246, 0.22471739997854456, 0.24137659999541938, 0.2582655999867711, 0.2745303999981843, 0.291166399983922, 0.30795979997492395, 0.3251276999944821, 0.3411664000013843, 0.3577740999753587, 0.3744548999820836, 0.3913895000005141, 0.4082433999865316]	224.0	293.0	0.8	5a
107	4	go_nogo	0	60	3	go	click	[82.0, 82.0, 107.0, 156.0, 213.0, 245.0, 260.0, 268.0, 270.0, 270.0, 270.0, 270.0, 270.0, 270.0, 270.0, 270.0, 270.0, 266.0, 259.0, 250.0, 242.0, 234.0, 232.0, 224.0, 219.0, 215.0, 214.0, 214.0, 214.0, 214.0]	[-141.0, -141.0, -52.0, 134.0, 290.0, 374.0, 414.0, 433.0, 440.0, 441.0, 441.0, 441.0, 441.0, 441.0, 441.0, 441.0, 440.0, 433.0, 421.0, 400.0, 384.0, 367.0, 362.0, 346.0, 336.0, 326.0, 324.0, 323.0, 323.0, 323.0]	[0, 0, 0, 0, 0, 0, 0, 0, 0, 0, 0, 0, 0, 0, 0, 0, 0, 0, 0, 0, 0, 0, 0, 0, 0, 0, 0, 0, 0, 1]	[0, 0, 0, 0, 0, 0, 0, 0, 0, 0, 0, 0, 0, 0, 0, 0, 0, 0, 0, 0, 0, 0, 0, 0, 0, 0, 0, 0, 0, 0]	[0, 0, 0, 0, 0, 0, 0, 0, 0, 0, 0, 0, 0, 0, 0, 0, 0, 0, 0, 0, 0, 0, 0, 0, 0, 0, 0, 0, 0, 0]	[0.00043399998685345054, 0.007949699996970594, 0.024284099985379726, 0.04117389998282306, 0.05796730000292882, 0.07431139997788705, 0.09102530000382103, 0.1076994999893941, 0.12471919998642989, 0.14074709999840707, 0.1574141999881249, 0.1740976999863051, 0.19076649998896755, 0.2073804999818094, 0.22406119998777285, 0.24091009999392554, 0.2576370000024326, 0.27432909997878596, 0.29099339997628704, 0.3077041999786161, 0.32424669997999445, 0.3409252999990713, 0.3576003999914974, 0.37494899999001063, 0.3908822999801487, 0.40756409999448806, 0.4243599999754224, 0.4407133999920916, 0.45731050000176765, 0.4744662999873981]	214.0	323.0	1.0	5a
108	4	go_nogo	0	60	1	nogo	none	[70.0, 70.0, 87.0, 119.0, 148.0, 165.0, 176.0, 184.0, 187.0, 187.0, 187.0, 187.0, 187.0, 187.0, 189.0, 189.0, 189.0, 189.0, 189.0, 189.0, 189.0, 189.0, 189.0, 189.0, 189.0, 189.0, 189.0, 189.0, 189.0, 189.0, 189.0, 189.0, 189.0, 189.0, 189.0, 189.0, 189.0, 189.0, 189.0, 189.0, 189.0, 189.0, 189.0, 189.0, 189.0, 189.0, 189.0, 189.0, 189.0, 189.0, 189.0, 189.0, 189.0, 189.0, 189.0, 189.0, 189.0, 189.0, 189.0]	[-120.0, -120.0, -52.0, 62.0, 138.0, 185.0, 220.0, 245.0, 258.0, 263.0, 265.0, 267.0, 269.0, 278.0, 299.0, 306.0, 307.0, 307.0, 307.0, 307.0, 307.0, 307.0, 307.0, 307.0, 307.0, 307.0, 307.0, 307.0, 307.0, 307.0, 307.0, 307.0, 307.0, 307.0, 307.0, 307.0, 307.0, 307.0, 307.0, 307.0, 307.0, 307.0, 307.0, 307.0, 307.0, 307.0, 307.0, 307.0, 307.0, 307.0, 307.0, 307.0, 307.0, 307.0, 307.0, 307.0, 307.0, 307.0, 307.0]	[0, 0, 0, 0, 0, 0, 0, 0, 0, 0, 0, 0, 0, 0, 0, 0, 0, 0, 0, 0, 0, 0, 0, 0, 0, 0, 0, 0, 0, 0, 0, 0, 0, 0, 0, 0, 0, 0, 0, 0, 0, 0, 0, 0, 0, 0, 0, 0, 0, 0, 0, 0, 0, 0, 0, 0, 0, 0, 0]	[0, 0, 0, 0, 0, 0, 0, 0, 0, 0, 0, 0, 0, 0, 0, 0, 0, 0, 0, 0, 0, 0, 0, 0, 0, 0, 0, 0, 0, 0, 0, 0, 0, 0, 0, 0, 0, 0, 0, 0, 0, 0, 0, 0, 0, 0, 0, 0, 0, 0, 0, 0, 0, 0, 0, 0, 0, 0, 0]	[0, 0, 0, 0, 0, 0, 0, 0, 0, 0, 0, 0, 0, 0, 0, 0, 0, 0, 0, 0, 0, 0, 0, 0, 0, 0, 0, 0, 0, 0, 0, 0, 0, 0, 0, 0, 0, 0, 0, 0, 0, 0, 0, 0, 0, 0, 0, 0, 0, 0, 0, 0, 0, 0, 0, 0, 0, 0, 0]	[0.0004835000145249069, 0.007999800000106916, 0.0245827000180725, 0.04124650001176633, 0.05791339999996126, 0.07449669999186881, 0.09129730000859126, 0.10792100001708604, 0.12460020001162775, 0.14145019999705255, 0.1580889000033494, 0.17439379999996163, 0.19169659999897704, 0.2078488999977708, 0.22461820000899024, 0.24111420000554062, 0.25768609999795444, 0.2742398999980651, 0.29100160000962205, 0.3075902000127826, 0.3243611000070814, 0.34094290001667105, 0.3576327000046149, 0.3743354000034742, 0.39121800000430085, 0.40778780000982806, 0.4241953000018839, 0.4411512000078801, 0.45755670001381077, 0.47428940000827424, 0.490938200004166, 0.5076659999904223, 0.5242374000081327, 0.5409570000192616, 0.5575399000081234, 0.5743457000062335, 0.5909314000164159, 0.6075593999994453, 0.6241863000032026, 0.6407814999984112, 0.6574813000042923, 0.6741167000145651, 0.6908333000028506, 0.7074468999926466, 0.724082400003681, 0.740778000006685, 0.7574922000057995, 0.7742343000136316, 0.7907856999954674, 0.8075821000093129, 0.8241030999924988, 0.8408538000076078, 0.8575217000034172, 0.8742526000132784, 0.8907866000081412, 0.9074360000086017, 0.9240865000174381, 0.9408022999996319, 0.9575734999962151]	n/a	n/a	1.0	5a
109	4	go_nogo	0	60	3	go	click	[104.0, 104.0, 124.0, 158.0, 180.0, 196.0, 205.0, 214.0, 223.0, 231.0, 236.0, 236.0, 236.0, 236.0, 236.0, 236.0, 236.0, 236.0, 236.0, 236.0, 235.0, 235.0, 235.0, 235.0, 235.0, 235.0]	[-39.0, -39.0, 22.0, 122.0, 188.0, 230.0, 253.0, 271.0, 287.0, 302.0, 316.0, 317.0, 317.0, 317.0, 317.0, 317.0, 317.0, 317.0, 317.0, 317.0, 317.0, 317.0, 317.0, 317.0, 317.0, 317.0]	[0, 0, 0, 0, 0, 0, 0, 0, 0, 0, 0, 0, 0, 0, 0, 0, 0, 0, 0, 0, 0, 0, 0, 0, 0, 1]	[0, 0, 0, 0, 0, 0, 0, 0, 0, 0, 0, 0, 0, 0, 0, 0, 0, 0, 0, 0, 0, 0, 0, 0, 0, 0]	[0, 0, 0, 0, 0, 0, 0, 0, 0, 0, 0, 0, 0, 0, 0, 0, 0, 0, 0, 0, 0, 0, 0, 0, 0, 0]	[0.00035020001814700663, 0.007882600009907037, 0.02495180000551045, 0.04150409999419935, 0.05825800000457093, 0.07502710001426749, 0.0915069000038784, 0.10839880001731217, 0.12480700001469813, 0.14173160001519136, 0.158124300010968, 0.17463379999389872, 0.19123310002032667, 0.20795370000996627, 0.2245900999987498, 0.24128310001106001, 0.25790369999594986, 0.27459129999624565, 0.29122620000271127, 0.3082212000153959, 0.32468940000399016, 0.34119760000612587, 0.3575389000179712, 0.3745968000148423, 0.39119080000091344, 0.40781580001930706]	235.0	317.0	0.9	5a
110	4	go_nogo	0	60	7	go	click	[91.0, 91.0, 112.0, 127.0, 134.0, 141.0, 149.0, 156.0, 160.0, 161.0, 161.0, 161.0, 161.0, 161.0, 161.0, 161.0, 161.0, 161.0, 161.0, 161.0, 161.0, 161.0, 161.0, 161.0, 161.0]	[-96.0, -96.0, -16.0, 83.0, 155.0, 202.0, 241.0, 258.0, 270.0, 272.0, 278.0, 286.0, 287.0, 288.0, 288.0, 288.0, 288.0, 288.0, 286.0, 286.0, 286.0, 286.0, 286.0, 286.0, 286.0]	[0, 0, 0, 0, 0, 0, 0, 0, 0, 0, 0, 0, 0, 0, 0, 0, 0, 0, 0, 0, 0, 0, 0, 0, 1]	[0, 0, 0, 0, 0, 0, 0, 0, 0, 0, 0, 0, 0, 0, 0, 0, 0, 0, 0, 0, 0, 0, 0, 0, 0]	[0, 0, 0, 0, 0, 0, 0, 0, 0, 0, 0, 0, 0, 0, 0, 0, 0, 0, 0, 0, 0, 0, 0, 0, 0]	[0.0004329000075813383, 0.008170599990990013, 0.02488670000457205, 0.04155349999200553, 0.05813920000218786, 0.07500499999150634, 0.09144590000505559, 0.10832430000300519, 0.12482019999879412, 0.14185750001342967, 0.15794840001035482, 0.174786799994763, 0.19139950000680983, 0.20778940001036972, 0.22472790000028908, 0.24135090000345372, 0.25781569999526255, 0.27475959999719635, 0.29107310000108555, 0.30794180001248606, 0.32479429998784326, 0.3410973999998532, 0.35809510000399314, 0.37496509999618866, 0.39147160001448356]	161.0	286.0	0.6	5a
111	4	go_nogo	0	60	7	go	click	[13.0, 13.0, 40.0, 51.0, 56.0, 65.0, 76.0, 88.0, 93.0, 95.0, 95.0, 95.0, 95.0, 95.0, 95.0, 95.0, 95.0, 104.0, 118.0, 138.0, 148.0, 156.0, 160.0, 161.0, 162.0, 163.0, 163.0, 163.0, 163.0, 163.0]	[-202.0, -202.0, -35.0, 122.0, 225.0, 291.0, 339.0, 377.0, 396.0, 401.0, 401.0, 401.0, 401.0, 401.0, 396.0, 380.0, 357.0, 330.0, 303.0, 287.0, 283.0, 283.0, 283.0, 283.0, 284.0, 284.0, 284.0, 284.0, 284.0, 284.0]	[0, 0, 0, 0, 0, 0, 0, 0, 0, 0, 0, 0, 0, 0, 0, 0, 0, 0, 0, 0, 0, 0, 0, 0, 0, 0, 0, 0, 0, 1]	[0, 0, 0, 0, 0, 0, 0, 0, 0, 0, 0, 0, 0, 0, 0, 0, 0, 0, 0, 0, 0, 0, 0, 0, 0, 0, 0, 0, 0, 0]	[0, 0, 0, 0, 0, 0, 0, 0, 0, 0, 0, 0, 0, 0, 0, 0, 0, 0, 0, 0, 0, 0, 0, 0, 0, 0, 0, 0, 0, 0]	[0.0002093000221066177, 0.010222100012470037, 0.02688060002401471, 0.043744900001911446, 0.06020760000683367, 0.07671640001353808, 0.09346100001130253, 0.11040660002618097, 0.1268162000051234, 0.14333590000751428, 0.1599811000050977, 0.1765838999999687, 0.1935047000006307, 0.21014600002672523, 0.22744990000501275, 0.24342070001875982, 0.26007050002226606, 0.27675650001037866, 0.2934557000116911, 0.31049040000652894, 0.32669720001285896, 0.34348590002628043, 0.3601098000071943, 0.3765603000065312, 0.39315020001959056, 0.40990910000982694, 0.42648790002567694, 0.44336410000687465, 0.4598128000216093, 0.476931200013496]	163.0	284.0	0.6	5a
112	4	go_nogo	0	60	4	go	click	[6.0, 6.0, 2.0, -8.0, -24.0, -29.0, -27.0, -22.0, -17.0, -12.0, -11.0, -11.0, -8.0, -1.0, 6.0, 9.0, 10.0, 12.0, 33.0, 61.0, 91.0, 120.0, 128.0, 130.0, 131.0, 133.0, 134.0, 134.0, 135.0, 138.0, 142.0, 146.0, 147.0, 147.0, 147.0, 147.0, 147.0, 147.0, 150.0, 154.0, 158.0, 162.0, 163.0, 163.0]	[-255.0, -255.0, -208.0, -119.0, -44.0, -7.0, 21.0, 42.0, 61.0, 78.0, 93.0, 105.0, 112.0, 117.0, 122.0, 123.0, 123.0, 123.0, 119.0, 123.0, 138.0, 163.0, 173.0, 180.0, 189.0, 202.0, 214.0, 222.0, 230.0, 238.0, 247.0, 255.0, 260.0, 260.0, 260.0, 260.0, 260.0, 260.0, 264.0, 270.0, 278.0, 286.0, 289.0, 289.0]	[0, 0, 0, 0, 0, 0, 0, 0, 0, 0, 0, 0, 0, 0, 0, 0, 0, 0, 0, 0, 0, 0, 0, 0, 0, 0, 0, 0, 0, 0, 0, 0, 0, 0, 0, 0, 0, 0, 0, 0, 0, 0, 0, 1]	[0, 0, 0, 0, 0, 0, 0, 0, 0, 0, 0, 0, 0, 0, 0, 0, 0, 0, 0, 0, 0, 0, 0, 0, 0, 0, 0, 0, 0, 0, 0, 0, 0, 0, 0, 0, 0, 0, 0, 0, 0, 0, 0, 0]	[0, 0, 0, 0, 0, 0, 0, 0, 0, 0, 0, 0, 0, 0, 0, 0, 0, 0, 0, 0, 0, 0, 0, 0, 0, 0, 0, 0, 0, 0, 0, 0, 0, 0, 0, 0, 0, 0, 0, 0, 0, 0, 0, 0]	[0.0003902000025846064, 0.007809900009306148, 0.026401900016935542, 0.04160190001130104, 0.05811440001707524, 0.07461650000186637, 0.0912497999961488, 0.10807580000255257, 0.12468229999649338, 0.14136199999484234, 0.15798620000714436, 0.1750350999936927, 0.19242550001945347, 0.20785209999303333, 0.22452930000144988, 0.24112700001569465, 0.2578343000204768, 0.27477530000032857, 0.29120900001726113, 0.30798770001274534, 0.324833699996816, 0.34110429999418557, 0.3578879999986384, 0.37480290001258254, 0.39147060000686906, 0.4084404000022914, 0.4244858000020031, 0.4411262999929022, 0.4577484000183176, 0.47443800000473857, 0.4912428999959957, 0.5079887000028975, 0.5243689000199083, 0.5409037999925204, 0.5576383000006899, 0.5743204000173137, 0.5911266000184696, 0.6081693000160158, 0.6249227999942377, 0.641069500008598, 0.6577572000096552, 0.6744207000010647, 0.6908339000074193, 0.7079858999932185]	163.0	289.0	1.0	5a
113	4	go_nogo	0	60	8	go	click	[53.0, 53.0, 66.0, 93.0, 117.0, 135.0, 146.0, 149.0, 150.0, 151.0, 152.0, 153.0, 154.0, 156.0, 158.0, 158.0, 158.0, 158.0, 157.0, 157.0, 157.0, 157.0, 161.0, 165.0, 173.0, 181.0, 186.0, 188.0, 189.0, 190.0, 191.0, 191.0, 191.0, 191.0, 190.0, 190.0, 190.0, 190.0, 190.0, 190.0, 190.0]	[-217.0, -217.0, -187.0, -119.0, -55.0, -8.0, 27.0, 44.0, 53.0, 61.0, 69.0, 74.0, 83.0, 98.0, 111.0, 114.0, 114.0, 114.0, 114.0, 114.0, 121.0, 129.0, 140.0, 157.0, 177.0, 198.0, 217.0, 232.0, 243.0, 250.0, 267.0, 276.0, 284.0, 290.0, 293.0, 293.0, 293.0, 293.0, 293.0, 293.0, 293.0]	[0, 0, 0, 0, 0, 0, 0, 0, 0, 0, 0, 0, 0, 0, 0, 0, 0, 0, 0, 0, 0, 0, 0, 0, 0, 0, 0, 0, 0, 0, 0, 0, 0, 0, 0, 0, 0, 0, 0, 0, 1]	[0, 0, 0, 0, 0, 0, 0, 0, 0, 0, 0, 0, 0, 0, 0, 0, 0, 0, 0, 0, 0, 0, 0, 0, 0, 0, 0, 0, 0, 0, 0, 0, 0, 0, 0, 0, 0, 0, 0, 0, 0]	[0, 0, 0, 0, 0, 0, 0, 0, 0, 0, 0, 0, 0, 0, 0, 0, 0, 0, 0, 0, 0, 0, 0, 0, 0, 0, 0, 0, 0, 0, 0, 0, 0, 0, 0, 0, 0, 0, 0, 0, 0]	[0.0004239999980200082, 0.0077220999810379, 0.024269199988339096, 0.041070999985095114, 0.05761329998495057, 0.07446009997511283, 0.09098049998283386, 0.10780039997189306, 0.12496489999466576, 0.14091929999995045, 0.15795769999385811, 0.1742303999781143, 0.191057499992894, 0.20756689997506328, 0.22427049998077564, 0.24089459999231622, 0.25735199998598546, 0.2741694999858737, 0.29077419999521226, 0.30784499997389503, 0.3241908999916632, 0.3412975999817718, 0.3574742999917362, 0.37424689999897964, 0.3908800999925006, 0.40776909998385236, 0.42428509998717345, 0.4409690999891609, 0.45753939999849536, 0.4744083999830764, 0.49079269997309893, 0.5077106999815442, 0.5241279999900144, 0.5407887999899685, 0.5571692999801598, 0.5740099999820814, 0.5904681999818422, 0.6073131999874022, 0.6239840999769513, 0.640517899999395, 0.6575850999797694]	190.0	293.0	1.0	5a
114	4	go_nogo	0	60	3	go	click	[122.0, 146.0, 171.0, 217.0, 240.0, 248.0, 252.0, 252.0, 245.0, 243.0, 243.0, 243.0, 243.0, 243.0, 243.0, 242.0, 242.0, 242.0, 240.0, 234.0, 225.0, 214.0, 208.0, 206.0, 205.0, 205.0, 205.0, 205.0, 205.0]	[-98.0, -17.0, 69.0, 212.0, 266.0, 287.0, 308.0, 336.0, 361.0, 368.0, 368.0, 368.0, 368.0, 368.0, 370.0, 372.0, 372.0, 372.0, 372.0, 363.0, 342.0, 320.0, 308.0, 304.0, 303.0, 303.0, 303.0, 303.0, 303.0]	[0, 0, 0, 0, 0, 0, 0, 0, 0, 0, 0, 0, 0, 0, 0, 0, 0, 0, 0, 0, 0, 0, 0, 0, 0, 0, 0, 0, 1]	[0, 0, 0, 0, 0, 0, 0, 0, 0, 0, 0, 0, 0, 0, 0, 0, 0, 0, 0, 0, 0, 0, 0, 0, 0, 0, 0, 0, 0]	[0, 0, 0, 0, 0, 0, 0, 0, 0, 0, 0, 0, 0, 0, 0, 0, 0, 0, 0, 0, 0, 0, 0, 0, 0, 0, 0, 0, 0]	[0.0003899000003002584, 0.00786579999839887, 0.024923899996792898, 0.04142170000704937, 0.05816190000041388, 0.07472229999257252, 0.0915120999852661, 0.1080255999986548, 0.1248024000087753, 0.14114859999972396, 0.15791599999647588, 0.17449569999007508, 0.19114650000119582, 0.20816489998833276, 0.225414999993518, 0.2411036999837961, 0.25801610000780784, 0.27453729999251664, 0.29141219999291934, 0.3078821999952197, 0.32458519999636337, 0.3414057999907527, 0.3579077000031248, 0.37470960000064224, 0.3910271000058856, 0.4077487000031397, 0.4244349999935366, 0.4410576999944169, 0.45820150000508875]	205.0	303.0	0.7	5a
115	5	go_nogo	0	60	6	go	click	[46.0, 46.0, 51.0, 70.0, 90.0, 106.0, 115.0, 122.0, 126.0, 128.0, 130.0, 132.0, 135.0, 136.0, 136.0, 136.0, 136.0, 136.0, 136.0, 136.0, 143.0, 148.0, 160.0, 169.0, 176.0, 186.0, 197.0, 210.0, 220.0, 222.0, 222.0, 222.0, 220.0]	[-198.0, -198.0, -136.0, -13.0, 53.0, 93.0, 120.0, 138.0, 151.0, 159.0, 166.0, 180.0, 189.0, 192.0, 192.0, 192.0, 191.0, 186.0, 185.0, 185.0, 187.0, 201.0, 229.0, 245.0, 260.0, 278.0, 300.0, 325.0, 341.0, 347.0, 347.0, 347.0, 342.0]	[0, 0, 0, 0, 0, 0, 0, 0, 0, 0, 0, 0, 0, 0, 0, 0, 0, 0, 0, 0, 0, 0, 0, 0, 0, 0, 0, 0, 0, 0, 0, 0, 1]	[0, 0, 0, 0, 0, 0, 0, 0, 0, 0, 0, 0, 0, 0, 0, 0, 0, 0, 0, 0, 0, 0, 0, 0, 0, 0, 0, 0, 0, 0, 0, 0, 0]	[0, 0, 0, 0, 0, 0, 0, 0, 0, 0, 0, 0, 0, 0, 0, 0, 0, 0, 0, 0, 0, 0, 0, 0, 0, 0, 0, 0, 0, 0, 0, 0, 0]	[0.0004112000169698149, 0.007741200010059401, 0.02456790002179332, 0.0407386000151746, 0.05752630002098158, 0.07401250000111759, 0.09086380002554506, 0.10776140002417378, 0.12411730000167154, 0.14108300002408214, 0.15742230002069846, 0.1743057000276167, 0.19082100002560765, 0.20740030001616105, 0.22384850002708845, 0.24106910001137294, 0.2575270000088494, 0.27434630002244376, 0.29033100002561696, 0.3072690000117291, 0.32412900001509115, 0.34087740001268685, 0.35736250001355074, 0.37396530000842176, 0.39092170001822524, 0.407325000007404, 0.4238939000060782, 0.4405949000210967, 0.45745530002750456, 0.4736484000168275, 0.49031280001509003, 0.5072156000242103, 0.5242085000209045]	220.0	340.0	0.7	5a
116	5	go_nogo	0	60	2	go	click	[77.0, 77.0, 98.0, 141.0, 187.0, 224.0, 254.0, 258.0, 258.0, 258.0, 258.0, 258.0, 255.0, 249.0, 242.0, 230.0, 216.0, 201.0, 182.0, 170.0, 166.0, 166.0, 166.0, 166.0, 166.0, 166.0, 166.0, 166.0, 166.0, 166.0, 166.0, 166.0]	[-226.0, -226.0, -153.0, 28.0, 206.0, 347.0, 451.0, 468.0, 475.0, 476.0, 476.0, 476.0, 476.0, 470.0, 460.0, 444.0, 422.0, 394.0, 343.0, 312.0, 299.0, 297.0, 297.0, 297.0, 297.0, 297.0, 297.0, 297.0, 297.0, 297.0, 297.0, 297.0]	[0, 0, 0, 0, 0, 0, 0, 0, 0, 0, 0, 0, 0, 0, 0, 0, 0, 0, 0, 0, 0, 0, 0, 0, 0, 0, 0, 0, 0, 0, 0, 1]	[0, 0, 0, 0, 0, 0, 0, 0, 0, 0, 0, 0, 0, 0, 0, 0, 0, 0, 0, 0, 0, 0, 0, 0, 0, 0, 0, 0, 0, 0, 0, 0]	[0, 0, 0, 0, 0, 0, 0, 0, 0, 0, 0, 0, 0, 0, 0, 0, 0, 0, 0, 0, 0, 0, 0, 0, 0, 0, 0, 0, 0, 0, 0, 0]	[0.0004243000003043562, 0.007887799991294742, 0.02456789999268949, 0.041140299988910556, 0.05783320000045933, 0.07469539999146946, 0.09125859997584485, 0.10798760000034235, 0.12474639998981729, 0.14094369998201728, 0.15760279999813065, 0.17478709999704733, 0.19141849997686222, 0.2079102999996394, 0.22466290000011213, 0.24124740000115708, 0.25778539999737404, 0.2747436999925412, 0.29132009999011643, 0.3080335999839008, 0.3248555999889504, 0.34095839998917654, 0.357680299988715, 0.3742746999778319, 0.39093929997761734, 0.40761949997977354, 0.4242907000007108, 0.4409585999965202, 0.45787829998880625, 0.47448519998579286, 0.4908872999949381, 0.5077469999960158]	166.0	297.0	0.8	5a
117	5	go_nogo	0	60	3	go	click	[68.0, 68.0, 95.0, 123.0, 140.0, 151.0, 158.0, 162.0, 165.0, 166.0, 166.0, 166.0, 166.0, 166.0, 173.0, 180.0, 181.0, 181.0, 181.0, 181.0, 181.0, 181.0, 181.0, 184.0, 185.0, 186.0, 186.0, 187.0]	[-198.0, -198.0, -78.0, 47.0, 142.0, 182.0, 202.0, 213.0, 218.0, 222.0, 223.0, 223.0, 223.0, 224.0, 238.0, 247.0, 250.0, 250.0, 250.0, 250.0, 250.0, 250.0, 252.0, 261.0, 268.0, 272.0, 272.0, 272.0]	[0, 0, 0, 0, 0, 0, 0, 0, 0, 0, 0, 0, 0, 0, 0, 0, 0, 0, 0, 0, 0, 0, 0, 0, 0, 0, 0, 1]	[0, 0, 0, 0, 0, 0, 0, 0, 0, 0, 0, 0, 0, 0, 0, 0, 0, 0, 0, 0, 0, 0, 0, 0, 0, 0, 0, 0]	[0, 0, 0, 0, 0, 0, 0, 0, 0, 0, 0, 0, 0, 0, 0, 0, 0, 0, 0, 0, 0, 0, 0, 0, 0, 0, 0, 0]	[0.0004565000126603991, 0.00880959999631159, 0.02525410000816919, 0.04247939999913797, 0.058538999990560114, 0.07583479999448173, 0.09187430000747554, 0.10856620001140982, 0.12545950000640005, 0.14207239999086596, 0.15851320000365376, 0.17503230000147596, 0.19180440000491217, 0.20847199999843724, 0.22528790001524612, 0.24275840001064353, 0.2582735999894794, 0.2751021000149194, 0.2916403000126593, 0.3082777000090573, 0.32497819999116473, 0.34222210000734776, 0.35841790001722984, 0.3750710000167601, 0.3916955000022426, 0.4081380999996327, 0.4252573999983724, 0.4418279000092298]	187.0	272.0	0.9	5a
118	5	go_nogo	0	60	7	go	click	[116.0, 116.0, 147.0, 188.0, 217.0, 226.0, 230.0, 230.0, 230.0, 229.0, 228.0, 228.0, 228.0, 228.0, 228.0, 228.0, 226.0, 224.0, 221.0, 220.0, 219.0, 219.0, 219.0, 219.0, 219.0, 219.0]	[-156.0, -156.0, -70.0, 76.0, 182.0, 234.0, 262.0, 281.0, 285.0, 293.0, 309.0, 327.0, 334.0, 335.0, 335.0, 335.0, 332.0, 326.0, 323.0, 323.0, 322.0, 322.0, 322.0, 322.0, 322.0, 322.0]	[0, 0, 0, 0, 0, 0, 0, 0, 0, 0, 0, 0, 0, 0, 0, 0, 0, 0, 0, 0, 0, 0, 0, 0, 0, 1]	[0, 0, 0, 0, 0, 0, 0, 0, 0, 0, 0, 0, 0, 0, 0, 0, 0, 0, 0, 0, 0, 0, 0, 0, 0, 0]	[0, 0, 0, 0, 0, 0, 0, 0, 0, 0, 0, 0, 0, 0, 0, 0, 0, 0, 0, 0, 0, 0, 0, 0, 0, 0]	[0.00034779999987222254, 0.00810430001001805, 0.024735700018936768, 0.04128220002166927, 0.058053000015206635, 0.07467400000314228, 0.0913711000175681, 0.10819270001957193, 0.12515310000162572, 0.14194010000210255, 0.15820050000911579, 0.17451730000902899, 0.19140120001975447, 0.20787250000284985, 0.22424320000573061, 0.24113420001231134, 0.2578269000223372, 0.27450329999555834, 0.29127889999654144, 0.3078422000107821, 0.32425740000326186, 0.3409596999990754, 0.35768869999446906, 0.37457220000214875, 0.3909306999994442, 0.40783080001710914]	219.0	322.0	0.8	5a
119	5	go_nogo	0	60	6	go	click	[35.0, 35.0, 52.0, 89.0, 124.0, 146.0, 157.0, 165.0, 166.0, 166.0, 166.0, 166.0, 167.0, 168.0, 168.0, 168.0, 168.0, 168.0, 168.0, 168.0, 169.0, 169.0, 169.0, 169.0, 169.0]	[-164.0, -164.0, -99.0, 34.0, 141.0, 208.0, 256.0, 287.0, 298.0, 303.0, 306.0, 310.0, 316.0, 322.0, 324.0, 325.0, 325.0, 325.0, 320.0, 314.0, 312.0, 312.0, 312.0, 312.0, 312.0]	[0, 0, 0, 0, 0, 0, 0, 0, 0, 0, 0, 0, 0, 0, 0, 0, 0, 0, 0, 0, 0, 0, 0, 0, 1]	[0, 0, 0, 0, 0, 0, 0, 0, 0, 0, 0, 0, 0, 0, 0, 0, 0, 0, 0, 0, 0, 0, 0, 0, 0]	[0, 0, 0, 0, 0, 0, 0, 0, 0, 0, 0, 0, 0, 0, 0, 0, 0, 0, 0, 0, 0, 0, 0, 0, 0]	[0.00041420001070946455, 0.007855900010326877, 0.024728999997023493, 0.04143300000578165, 0.05796340000233613, 0.07465090000187047, 0.09134500002255663, 0.10805350000737235, 0.12500820000423118, 0.1418118000146933, 0.1588255999959074, 0.17488510001567192, 0.19128379999892786, 0.20797980000497773, 0.22479790000943467, 0.24122510000597686, 0.2577064000070095, 0.27458409999962896, 0.29128649999620393, 0.3081919999967795, 0.3245050999976229, 0.34100680000847206, 0.3577854000031948, 0.3743817000067793, 0.3915915999969002]	169.0	312.0	0.8	5a
120	5	go_nogo	0	60	6	go	click	[93.0, 93.0, 141.0, 176.0, 199.0, 215.0, 226.0, 238.0, 248.0, 254.0, 255.0, 255.0, 255.0, 255.0, 255.0, 253.0, 253.0, 250.0, 247.0, 243.0, 238.0, 235.0, 230.0, 226.0, 226.0, 226.0, 226.0]	[-202.0, -202.0, -81.0, 37.0, 134.0, 205.0, 254.0, 291.0, 326.0, 343.0, 347.0, 347.0, 347.0, 347.0, 347.0, 347.0, 345.0, 343.0, 341.0, 337.0, 332.0, 324.0, 312.0, 304.0, 302.0, 302.0, 302.0]	[0, 0, 0, 0, 0, 0, 0, 0, 0, 0, 0, 0, 0, 0, 0, 0, 0, 0, 0, 0, 0, 0, 0, 0, 0, 0, 1]	[0, 0, 0, 0, 0, 0, 0, 0, 0, 0, 0, 0, 0, 0, 0, 0, 0, 0, 0, 0, 0, 0, 0, 0, 0, 0, 0]	[0, 0, 0, 0, 0, 0, 0, 0, 0, 0, 0, 0, 0, 0, 0, 0, 0, 0, 0, 0, 0, 0, 0, 0, 0, 0, 0]	[0.00042279998888261616, 0.01142769999569282, 0.0276601999939885, 0.04474169999593869, 0.06100059999153018, 0.07781729998532683, 0.09446590000879951, 0.11083419999340549, 0.12765159999253228, 0.14429580001160502, 0.16069509999942966, 0.17755849999957718, 0.19402649998664856, 0.21077380000497214, 0.2279772000038065, 0.24493610000354238, 0.2612982999999076, 0.27753049999591894, 0.29447540000546724, 0.31078649999108166, 0.32756410000729375, 0.3445136999944225, 0.3609322999836877, 0.3775592999882065, 0.3940654000034556, 0.4106317000114359, 0.4277635999897029]	226.0	302.0	0.9	5a
121	5	go_nogo	0	60	1	nogo	none	[75.0, 75.0, 93.0, 135.0, 165.0, 176.0, 182.0, 187.0, 192.0, 202.0, 205.0, 210.0, 217.0, 221.0, 221.0, 221.0, 221.0, 221.0, 221.0, 222.0, 222.0, 222.0, 222.0, 222.0, 222.0, 222.0, 222.0, 222.0, 222.0, 222.0, 222.0, 222.0, 222.0, 222.0, 222.0, 222.0, 222.0, 222.0, 222.0, 222.0, 222.0, 222.0, 222.0, 222.0, 222.0, 222.0, 222.0, 222.0, 222.0, 222.0, 222.0, 222.0, 222.0, 222.0, 222.0, 222.0, 222.0]	[-226.0, -226.0, -177.0, -53.0, 52.0, 122.0, 175.0, 215.0, 251.0, 279.0, 287.0, 297.0, 315.0, 326.0, 327.0, 327.0, 327.0, 327.0, 327.0, 327.0, 327.0, 327.0, 327.0, 327.0, 327.0, 327.0, 327.0, 327.0, 327.0, 327.0, 327.0, 327.0, 327.0, 327.0, 327.0, 327.0, 326.0, 325.0, 324.0, 324.0, 324.0, 324.0, 324.0, 324.0, 324.0, 324.0, 324.0, 324.0, 324.0, 324.0, 324.0, 324.0, 324.0, 324.0, 324.0, 324.0, 324.0]	[0, 0, 0, 0, 0, 0, 0, 0, 0, 0, 0, 0, 0, 0, 0, 0, 0, 0, 0, 0, 0, 0, 0, 0, 0, 0, 0, 0, 0, 0, 0, 0, 0, 0, 0, 0, 0, 0, 0, 0, 0, 0, 0, 0, 0, 0, 0, 0, 0, 0, 0, 0, 0, 0, 0, 0, 0]	[0, 0, 0, 0, 0, 0, 0, 0, 0, 0, 0, 0, 0, 0, 0, 0, 0, 0, 0, 0, 0, 0, 0, 0, 0, 0, 0, 0, 0, 0, 0, 0, 0, 0, 0, 0, 0, 0, 0, 0, 0, 0, 0, 0, 0, 0, 0, 0, 0, 0, 0, 0, 0, 0, 0, 0, 0]	[0, 0, 0, 0, 0, 0, 0, 0, 0, 0, 0, 0, 0, 0, 0, 0, 0, 0, 0, 0, 0, 0, 0, 0, 0, 0, 0, 0, 0, 0, 0, 0, 0, 0, 0, 0, 0, 0, 0, 0, 0, 0, 0, 0, 0, 0, 0, 0, 0, 0, 0, 0, 0, 0, 0, 0, 0]	[0.00034759999834932387, 0.007592300011310726, 0.024249699985375628, 0.04134520000661723, 0.05759270000271499, 0.0741783999837935, 0.09126119999564253, 0.10755210000206716, 0.12435599998570979, 0.14087159998598509, 0.15833080001175404, 0.17479679998359643, 0.19085759998415597, 0.20764119998784736, 0.2239924999885261, 0.2406767999927979, 0.25750420000986196, 0.2741933999932371, 0.2908224999846425, 0.3074731999950018, 0.32412000000476837, 0.3405669000057969, 0.35764729999937117, 0.3741220000083558, 0.3904653000063263, 0.40713800000958145, 0.42386149999219924, 0.4405763999966439, 0.4571083000046201, 0.4737934999866411, 0.49045109999133274, 0.5071279999974649, 0.5238111999933608, 0.5404989999951795, 0.5570709999883547, 0.5739835999847855, 0.5906079999986105, 0.6070143000106327, 0.6237893000070471, 0.6404281999857631, 0.6570315999852028, 0.6736939999973401, 0.6903484000067692, 0.7070149999926798, 0.7236196000012569, 0.7404393999895547, 0.7570343999832403, 0.7737927999987733, 0.7902910999837331, 0.8068386999948416, 0.8236522999941371, 0.8404234999907203, 0.8569466999906581, 0.8737212999840267, 0.8904133999894839, 0.9070780999900308, 0.9236718000029214]	n/a	n/a	0.7	5a
122	5	go_nogo	0	60	3	go	click	[112.0, 112.0, 133.0, 165.0, 191.0, 207.0, 209.0, 211.0, 211.0, 211.0, 211.0, 211.0, 212.0, 217.0, 220.0, 221.0, 221.0, 221.0, 221.0, 221.0, 221.0, 221.0, 221.0]	[-83.0, -83.0, 5.0, 154.0, 255.0, 298.0, 304.0, 305.0, 306.0, 306.0, 306.0, 306.0, 307.0, 316.0, 326.0, 329.0, 329.0, 329.0, 329.0, 329.0, 329.0, 329.0, 329.0]	[0, 0, 0, 0, 0, 0, 0, 0, 0, 0, 0, 0, 0, 0, 0, 0, 0, 0, 0, 0, 0, 0, 1]	[0, 0, 0, 0, 0, 0, 0, 0, 0, 0, 0, 0, 0, 0, 0, 0, 0, 0, 0, 0, 0, 0, 0]	[0, 0, 0, 0, 0, 0, 0, 0, 0, 0, 0, 0, 0, 0, 0, 0, 0, 0, 0, 0, 0, 0, 0]	[0.000450999999884516, 0.007765999995172024, 0.024246699991635978, 0.04176019999431446, 0.05761039999197237, 0.07422849998692982, 0.09119390000705607, 0.10736709999036975, 0.12406209998880513, 0.1406952999823261, 0.15755350000108592, 0.17406799999298528, 0.1909291000047233, 0.2078439999895636, 0.22467589998268522, 0.24078399999416433, 0.2575988000025973, 0.2741278999892529, 0.2906068000011146, 0.3074129000015091, 0.32400239998241886, 0.3406007000012323, 0.35784859998966567]	221.0	329.0	0.9	5a
123	5	go_nogo	0	60	9	nogo	none	[74.0, 74.0, 94.0, 135.0, 169.0, 191.0, 200.0, 207.0, 209.0, 210.0, 210.0, 210.0, 210.0, 211.0, 216.0, 219.0, 219.0, 219.0, 219.0, 219.0, 219.0, 219.0]	[-150.0, -150.0, -84.0, 35.0, 134.0, 197.0, 228.0, 249.0, 256.0, 259.0, 259.0, 259.0, 259.0, 262.0, 275.0, 283.0, 285.0, 285.0, 285.0, 285.0, 285.0, 285.0]	[0, 0, 0, 0, 0, 0, 0, 0, 0, 0, 0, 0, 0, 0, 0, 0, 0, 0, 0, 0, 0, 1]	[0, 0, 0, 0, 0, 0, 0, 0, 0, 0, 0, 0, 0, 0, 0, 0, 0, 0, 0, 0, 0, 0]	[0, 0, 0, 0, 0, 0, 0, 0, 0, 0, 0, 0, 0, 0, 0, 0, 0, 0, 0, 0, 0, 0]	[0.00042050000047311187, 0.007507700007408857, 0.023952599993208423, 0.040582100016763434, 0.05731170001672581, 0.07412360000307672, 0.09149019999313168, 0.10737859999062493, 0.12393000000156462, 0.14057670001056977, 0.15706639998825267, 0.173688700015191, 0.19048560000373982, 0.206842300016433, 0.22541949999867938, 0.24038740000105463, 0.25714940001489595, 0.27357520000077784, 0.29027399999904446, 0.3071905999968294, 0.32365870001376607, 0.34060630001476966]	219.0	285.0	0.9	5a
124	5	go_nogo	0	60	3	go	click	[23.0, 33.0, 43.0, 70.0, 94.0, 118.0, 129.0, 134.0, 135.0, 135.0, 135.0, 135.0, 135.0, 135.0, 135.0, 135.0, 135.0, 135.0, 135.0, 137.0, 145.0, 153.0, 159.0, 162.0, 162.0, 163.0, 164.0, 166.0]	[-199.0, -152.0, -100.0, 9.0, 125.0, 203.0, 232.0, 246.0, 249.0, 249.0, 249.0, 249.0, 249.0, 249.0, 249.0, 249.0, 249.0, 249.0, 249.0, 249.0, 254.0, 263.0, 272.0, 276.0, 276.0, 277.0, 280.0, 283.0]	[0, 0, 0, 0, 0, 0, 0, 0, 0, 0, 0, 0, 0, 0, 0, 0, 0, 0, 0, 0, 0, 0, 0, 0, 0, 0, 0, 1]	[0, 0, 0, 0, 0, 0, 0, 0, 0, 0, 0, 0, 0, 0, 0, 0, 0, 0, 0, 0, 0, 0, 0, 0, 0, 0, 0, 0]	[0, 0, 0, 0, 0, 0, 0, 0, 0, 0, 0, 0, 0, 0, 0, 0, 0, 0, 0, 0, 0, 0, 0, 0, 0, 0, 0, 0]	[0.0006049000076018274, 0.007365400000708178, 0.02516220000688918, 0.04077940000570379, 0.05767910002032295, 0.07432919999700971, 0.09083100000862032, 0.1074916000070516, 0.12412409999524243, 0.1408219000149984, 0.1573297000140883, 0.17388790001859888, 0.19065560001763515, 0.20728560001589358, 0.22393140001804568, 0.24051870001130737, 0.25725320001947694, 0.27393470000242814, 0.2908358999993652, 0.3074364000058267, 0.3241273000021465, 0.3407905000203755, 0.357423600013135, 0.37402830002247356, 0.39060740001150407, 0.4079937000060454, 0.42434500000672415, 0.4406747000175528]	166.0	284.0	1.0	5a
125	5	go_nogo	0	60	9	nogo	none	[48.0, 61.0, 61.0, 98.0, 115.0, 143.0, 176.0, 213.0, 245.0, 259.0, 262.0, 262.0, 262.0, 262.0, 262.0, 262.0, 262.0, 262.0, 262.0, 262.0, 258.0, 243.0, 222.0, 204.0, 196.0, 195.0, 194.0, 194.0, 194.0, 194.0, 194.0, 194.0, 194.0, 194.0, 194.0, 194.0, 194.0, 194.0, 194.0, 194.0, 194.0, 194.0, 194.0, 194.0, 194.0, 194.0, 194.0, 194.0, 194.0, 194.0, 194.0, 194.0, 194.0, 194.0, 194.0, 194.0, 194.0, 194.0, 194.0, 194.0, 194.0, 194.0, 194.0, 194.0, 194.0, 194.0, 194.0, 194.0, 194.0, 194.0, 194.0, 194.0, 194.0, 194.0, 194.0, 194.0, 194.0, 194.0, 194.0, 194.0, 194.0]	[-264.0, -207.0, -207.0, -43.0, 44.0, 131.0, 226.0, 307.0, 363.0, 383.0, 390.0, 391.0, 391.0, 391.0, 391.0, 391.0, 391.0, 391.0, 391.0, 390.0, 377.0, 345.0, 307.0, 274.0, 263.0, 260.0, 260.0, 260.0, 260.0, 260.0, 260.0, 260.0, 260.0, 261.0, 263.0, 266.0, 271.0, 276.0, 278.0, 279.0, 279.0, 279.0, 279.0, 279.0, 279.0, 279.0, 279.0, 279.0, 279.0, 279.0, 279.0, 279.0, 279.0, 279.0, 279.0, 279.0, 279.0, 279.0, 279.0, 279.0, 279.0, 279.0, 279.0, 279.0, 279.0, 279.0, 279.0, 279.0, 279.0, 279.0, 279.0, 279.0, 279.0, 279.0, 279.0, 279.0, 279.0, 279.0, 279.0, 279.0, 279.0]	[0, 0, 0, 0, 0, 0, 0, 0, 0, 0, 0, 0, 0, 0, 0, 0, 0, 0, 0, 0, 0, 0, 0, 0, 0, 0, 0, 0, 0, 0, 0, 0, 0, 0, 0, 0, 0, 0, 0, 0, 0, 0, 0, 0, 0, 0, 0, 0, 0, 0, 0, 0, 0, 0, 0, 0, 0, 0, 0, 0, 0, 0, 0, 0, 0, 0, 0, 0, 0, 0, 0, 0, 0, 0, 0, 0, 0, 0, 0, 0, 0]	[0, 0, 0, 0, 0, 0, 0, 0, 0, 0, 0, 0, 0, 0, 0, 0, 0, 0, 0, 0, 0, 0, 0, 0, 0, 0, 0, 0, 0, 0, 0, 0, 0, 0, 0, 0, 0, 0, 0, 0, 0, 0, 0, 0, 0, 0, 0, 0, 0, 0, 0, 0, 0, 0, 0, 0, 0, 0, 0, 0, 0, 0, 0, 0, 0, 0, 0, 0, 0, 0, 0, 0, 0, 0, 0, 0, 0, 0, 0, 0, 0]	[0, 0, 0, 0, 0, 0, 0, 0, 0, 0, 0, 0, 0, 0, 0, 0, 0, 0, 0, 0, 0, 0, 0, 0, 0, 0, 0, 0, 0, 0, 0, 0, 0, 0, 0, 0, 0, 0, 0, 0, 0, 0, 0, 0, 0, 0, 0, 0, 0, 0, 0, 0, 0, 0, 0, 0, 0, 0, 0, 0, 0, 0, 0, 0, 0, 0, 0, 0, 0, 0, 0, 0, 0, 0, 0, 0, 0, 0, 0, 0, 0]	[0.00040499999886378646, 0.008020999986911193, 0.024400900001637638, 0.041124400013359264, 0.057922800013329834, 0.07489670001086779, 0.09149890000117011, 0.10774380000657402, 0.1246087999898009, 0.14097700000274926, 0.15767409998807125, 0.17412959999637678, 0.19070830001146533, 0.20753280000644736, 0.22416929999599233, 0.24089459999231622, 0.2574181999952998, 0.27411729999585077, 0.29089060000842437, 0.3082235000038054, 0.32430499998736195, 0.3409695999871474, 0.3576458999887109, 0.37460129999089986, 0.39088940000510775, 0.4078793000080623, 0.42418490001000464, 0.44073800000478514, 0.4574142000055872, 0.4739656999881845, 0.4908843000011984, 0.5075824999948964, 0.5244031999900471, 0.5409128000028431, 0.5575443000125233, 0.574221499991836, 0.5914665999880526, 0.6085720999981277, 0.6242142000119202, 0.640616399992723, 0.657291699986672, 0.6742238999868277, 0.690658200008329, 0.7075860000040848, 0.723936299997149, 0.7407318000041414, 0.7572343999927398, 0.77404970000498, 0.7907012999930885, 0.8072927999892272, 0.8239379999868106, 0.8406656000006478, 0.857233599992469, 0.8740616000141017, 0.8906099000014365, 0.9072587999980897, 0.924069500004407, 0.9405640999902971, 0.957471900008386, 0.9738650000072084, 0.9910345000098459, 1.0076807999867015, 1.0239204000099562, 1.0405256999947596, 1.0573716000071727, 1.0739825000055134, 1.0907368999905884, 1.106998700008262, 1.123771399987163, 1.140372900001239, 1.1570888000132982, 1.173718200006988, 1.1903982000076212, 1.2070619000005536, 1.2237126000109129, 1.2405770999903325, 1.2570342000108212, 1.2736834000097588, 1.2904173000133596, 1.3070317000092473, 1.3235980999888852]	n/a	n/a	0.5	5a
126	5	go_nogo	0	60	6	go	click	[53.0, 53.0, 63.0, 88.0, 116.0, 145.0, 174.0, 186.0, 193.0, 195.0, 195.0, 195.0, 195.0, 195.0, 195.0, 195.0, 195.0, 195.0, 195.0, 195.0, 195.0, 195.0, 195.0]	[-210.0, -210.0, -162.0, -65.0, 26.0, 105.0, 207.0, 253.0, 276.0, 282.0, 282.0, 282.0, 282.0, 282.0, 282.0, 283.0, 283.0, 283.0, 283.0, 283.0, 283.0, 283.0, 283.0]	[0, 0, 0, 0, 0, 0, 0, 0, 0, 0, 0, 0, 0, 0, 0, 0, 0, 0, 0, 0, 0, 0, 1]	[0, 0, 0, 0, 0, 0, 0, 0, 0, 0, 0, 0, 0, 0, 0, 0, 0, 0, 0, 0, 0, 0, 0]	[0, 0, 0, 0, 0, 0, 0, 0, 0, 0, 0, 0, 0, 0, 0, 0, 0, 0, 0, 0, 0, 0, 0]	[0.00031930001568980515, 0.0076902000000700355, 0.02456200000597164, 0.041248599998652935, 0.05794279999099672, 0.0747935000108555, 0.09148699999786913, 0.107854200003203, 0.12455480001517572, 0.14100510001298971, 0.1576231000071857, 0.17430270000477321, 0.19097180000972003, 0.2075806999928318, 0.22479229999589734, 0.24101050000172108, 0.2580587000120431, 0.2744062000128906, 0.29097480000928044, 0.30781820000265725, 0.3244663999939803, 0.34090939999441616, 0.3579764000023715]	195.0	283.0	0.5	5a
127	5	go_nogo	0	60	4	go	click	[14.0, 14.0, 25.0, 58.0, 80.0, 104.0, 121.0, 131.0, 134.0, 135.0, 135.0, 135.0, 135.0, 135.0, 137.0, 144.0, 146.0, 147.0, 147.0, 153.0, 163.0, 170.0, 173.0, 175.0, 175.0, 175.0, 175.0, 175.0]	[-206.0, -206.0, -150.0, 2.0, 87.0, 169.0, 230.0, 257.0, 266.0, 267.0, 267.0, 267.0, 267.0, 267.0, 271.0, 284.0, 288.0, 288.0, 288.0, 288.0, 285.0, 285.0, 285.0, 285.0, 285.0, 285.0, 285.0, 285.0]	[0, 0, 0, 0, 0, 0, 0, 0, 0, 0, 0, 0, 0, 0, 0, 0, 0, 0, 0, 0, 0, 0, 0, 0, 0, 0, 0, 1]	[0, 0, 0, 0, 0, 0, 0, 0, 0, 0, 0, 0, 0, 0, 0, 0, 0, 0, 0, 0, 0, 0, 0, 0, 0, 0, 0, 0]	[0, 0, 0, 0, 0, 0, 0, 0, 0, 0, 0, 0, 0, 0, 0, 0, 0, 0, 0, 0, 0, 0, 0, 0, 0, 0, 0, 0]	[0.0004183999844826758, 0.008447100000921637, 0.025318600004538894, 0.04162699999869801, 0.05836299998918548, 0.07553699999698438, 0.09150469998712651, 0.10814669998944737, 0.1250653000024613, 0.14124729999457486, 0.1580545000033453, 0.17473969998536631, 0.19121489999815822, 0.20815359998960048, 0.22489409998524934, 0.24151009999332018, 0.25820280000334606, 0.2746342000027653, 0.29149999999208376, 0.30806439998559654, 0.3247468000045046, 0.3415345999819692, 0.358196199988015, 0.37443549997988157, 0.39138960000127554, 0.4079353999986779, 0.42457390000345185, 0.44155509999836795]	175.0	285.0	0.8	5a
128	5	go_nogo	0	60	8	go	click	[106.0, 106.0, 127.0, 173.0, 213.0, 237.0, 248.0, 254.0, 257.0, 258.0, 259.0, 259.0, 259.0, 259.0, 259.0, 259.0, 259.0, 259.0, 259.0, 259.0, 254.0, 247.0, 238.0, 227.0, 223.0, 222.0, 222.0, 222.0, 221.0]	[-106.0, -106.0, -26.0, 113.0, 218.0, 277.0, 310.0, 330.0, 346.0, 354.0, 357.0, 358.0, 358.0, 358.0, 359.0, 360.0, 360.0, 360.0, 360.0, 360.0, 349.0, 331.0, 315.0, 301.0, 297.0, 296.0, 295.0, 295.0, 295.0]	[0, 0, 0, 0, 0, 0, 0, 0, 0, 0, 0, 0, 0, 0, 0, 0, 0, 0, 0, 0, 0, 0, 0, 0, 0, 0, 0, 0, 1]	[0, 0, 0, 0, 0, 0, 0, 0, 0, 0, 0, 0, 0, 0, 0, 0, 0, 0, 0, 0, 0, 0, 0, 0, 0, 0, 0, 0, 0]	[0, 0, 0, 0, 0, 0, 0, 0, 0, 0, 0, 0, 0, 0, 0, 0, 0, 0, 0, 0, 0, 0, 0, 0, 0, 0, 0, 0, 0]	[0.00042359999497421086, 0.008086899993941188, 0.02471329999389127, 0.04081679999944754, 0.05751640000380576, 0.07422750000841916, 0.09083579998696223, 0.10748999999486841, 0.12429730000440031, 0.14088429999537766, 0.1575670999882277, 0.17402030000812374, 0.19068319999496453, 0.20723739999812096, 0.224023999995552, 0.24055469999439083, 0.2573561999888625, 0.27397320000454783, 0.2906934999919031, 0.30741830001352355, 0.3244053999951575, 0.3408054999890737, 0.35743420000653714, 0.37427800000295974, 0.3908266999933403, 0.40765060001285747, 0.42394189999322407, 0.4407739999878686, 0.4575368000078015]	221.0	295.0	0.8	5a
129	5	go_nogo	0	60	9	nogo	none	[39.0, 39.0, 62.0, 104.0, 144.0, 177.0, 199.0, 207.0, 210.0, 211.0, 211.0, 211.0, 211.0, 211.0, 211.0, 211.0, 211.0, 209.0, 206.0, 203.0, 200.0, 199.0, 198.0, 198.0, 198.0, 198.0, 198.0, 198.0, 198.0, 198.0, 198.0, 198.0, 198.0, 198.0, 198.0, 198.0, 198.0, 198.0, 198.0, 198.0, 198.0, 198.0, 198.0, 198.0, 198.0, 198.0, 198.0, 198.0, 198.0, 198.0, 198.0, 198.0, 198.0, 198.0, 198.0, 198.0, 198.0, 198.0, 198.0, 198.0, 198.0, 198.0, 198.0, 198.0, 198.0]	[-178.0, -178.0, -100.0, 50.0, 192.0, 309.0, 382.0, 407.0, 418.0, 420.0, 422.0, 423.0, 423.0, 423.0, 423.0, 423.0, 423.0, 416.0, 391.0, 363.0, 342.0, 337.0, 336.0, 336.0, 336.0, 336.0, 336.0, 336.0, 336.0, 336.0, 336.0, 336.0, 336.0, 336.0, 336.0, 336.0, 336.0, 336.0, 336.0, 336.0, 336.0, 336.0, 336.0, 336.0, 336.0, 336.0, 336.0, 336.0, 336.0, 336.0, 336.0, 336.0, 336.0, 336.0, 336.0, 336.0, 336.0, 336.0, 336.0, 336.0, 336.0, 336.0, 336.0, 336.0, 336.0]	[0, 0, 0, 0, 0, 0, 0, 0, 0, 0, 0, 0, 0, 0, 0, 0, 0, 0, 0, 0, 0, 0, 0, 0, 0, 0, 0, 0, 0, 0, 0, 0, 0, 0, 0, 0, 0, 0, 0, 0, 0, 0, 0, 0, 0, 0, 0, 0, 0, 0, 0, 0, 0, 0, 0, 0, 0, 0, 0, 0, 0, 0, 0, 0, 0]	[0, 0, 0, 0, 0, 0, 0, 0, 0, 0, 0, 0, 0, 0, 0, 0, 0, 0, 0, 0, 0, 0, 0, 0, 0, 0, 0, 0, 0, 0, 0, 0, 0, 0, 0, 0, 0, 0, 0, 0, 0, 0, 0, 0, 0, 0, 0, 0, 0, 0, 0, 0, 0, 0, 0, 0, 0, 0, 0, 0, 0, 0, 0, 0, 0]	[0, 0, 0, 0, 0, 0, 0, 0, 0, 0, 0, 0, 0, 0, 0, 0, 0, 0, 0, 0, 0, 0, 0, 0, 0, 0, 0, 0, 0, 0, 0, 0, 0, 0, 0, 0, 0, 0, 0, 0, 0, 0, 0, 0, 0, 0, 0, 0, 0, 0, 0, 0, 0, 0, 0, 0, 0, 0, 0, 0, 0, 0, 0, 0, 0]	[0.00033459998667240143, 0.008408900001086295, 0.025533499981975183, 0.042012899997644126, 0.05852140000206418, 0.07515609997790307, 0.09191679998184554, 0.10851279998314567, 0.12519500000053085, 0.141820299992105, 0.15841109998291358, 0.17495869999402203, 0.19180440000491217, 0.20821369998157024, 0.22494679997907951, 0.24153479997767136, 0.2586971999844536, 0.2750852000026498, 0.2917559999914374, 0.3087956999952439, 0.32548830000450835, 0.34173839999129996, 0.3582706000015605, 0.3748083999962546, 0.3917340000043623, 0.4081401999865193, 0.4250766999903135, 0.4415713000053074, 0.4580980000027921, 0.4748372999893036, 0.4916267999797128, 0.5084533999906853, 0.524784399982309, 0.5413916999823414, 0.5580609999888111, 0.5749173999938648, 0.5915677000011783, 0.6081029000051785, 0.6255067999882158, 0.6414556999807246, 0.6583840999810491, 0.6747828999941703, 0.6913818999892101, 0.7082747999811545, 0.7247667000046931, 0.7414051999803632, 0.7580423000035807, 0.774724699993385, 0.7914479000028223, 0.8079995999869425, 0.8247615000000224, 0.8413657999772113, 0.85805359997903, 0.8747846999904141, 0.891419899999164, 0.9082158999808598, 0.924675499991281, 0.9415603999805171, 0.9579984000010882, 0.9747127000009641, 0.9913823999813758, 1.0078400000056718, 1.024594899994554, 1.0412484999978915, 1.0579777999955695]	n/a	n/a	0.8	5a
130	5	go_nogo	0	60	4	go	click	[131.0, 131.0, 157.0, 204.0, 239.0, 259.0, 266.0, 267.0, 268.0, 268.0, 268.0, 268.0, 268.0, 268.0, 268.0, 267.0, 258.0, 244.0, 228.0, 221.0, 218.0, 217.0, 217.0, 217.0, 217.0, 217.0, 217.0]	[-84.0, -84.0, -14.0, 98.0, 187.0, 226.0, 240.0, 247.0, 249.0, 250.0, 251.0, 251.0, 251.0, 251.0, 251.0, 255.0, 261.0, 271.0, 283.0, 287.0, 291.0, 297.0, 300.0, 300.0, 300.0, 300.0, 300.0]	[0, 0, 0, 0, 0, 0, 0, 0, 0, 0, 0, 0, 0, 0, 0, 0, 0, 0, 0, 0, 0, 0, 0, 0, 0, 0, 1]	[0, 0, 0, 0, 0, 0, 0, 0, 0, 0, 0, 0, 0, 0, 0, 0, 0, 0, 0, 0, 0, 0, 0, 0, 0, 0, 0]	[0, 0, 0, 0, 0, 0, 0, 0, 0, 0, 0, 0, 0, 0, 0, 0, 0, 0, 0, 0, 0, 0, 0, 0, 0, 0, 0]	[0.0008539000118616968, 0.009571500006131828, 0.0262452999886591, 0.04236500000115484, 0.059015900013037026, 0.07565399998566136, 0.09234060000744648, 0.1091463000047952, 0.1257915000023786, 0.14250749998609535, 0.1589883000124246, 0.17541239998536184, 0.19199779999325983, 0.20877719999407418, 0.22586420000880025, 0.24226359999738634, 0.25903300000936724, 0.27592029998777434, 0.2923024999909103, 0.30905039998469874, 0.32631219999166206, 0.34231770000769757, 0.35877459999755956, 0.37540160000207834, 0.39207420000457205, 0.4088085000112187, 0.4253278000105638]	217.0	300.0	0.6	5a
131	5	go_nogo	0	60	8	go	click	[70.0, 70.0, 86.0, 125.0, 153.0, 182.0, 205.0, 224.0, 228.0, 229.0, 229.0, 229.0, 229.0, 229.0, 229.0, 229.0, 229.0, 229.0, 229.0, 228.0, 226.0, 221.0, 218.0, 216.0, 213.0, 212.0, 211.0, 211.0, 211.0, 210.0, 210.0]	[-194.0, -194.0, -137.0, -18.0, 83.0, 185.0, 282.0, 373.0, 387.0, 389.0, 389.0, 389.0, 388.0, 386.0, 386.0, 386.0, 386.0, 386.0, 386.0, 385.0, 378.0, 359.0, 340.0, 325.0, 317.0, 314.0, 312.0, 310.0, 307.0, 305.0, 305.0]	[0, 0, 0, 0, 0, 0, 0, 0, 0, 0, 0, 0, 0, 0, 0, 0, 0, 0, 0, 0, 0, 0, 0, 0, 0, 0, 0, 0, 0, 0, 1]	[0, 0, 0, 0, 0, 0, 0, 0, 0, 0, 0, 0, 0, 0, 0, 0, 0, 0, 0, 0, 0, 0, 0, 0, 0, 0, 0, 0, 0, 0, 0]	[0, 0, 0, 0, 0, 0, 0, 0, 0, 0, 0, 0, 0, 0, 0, 0, 0, 0, 0, 0, 0, 0, 0, 0, 0, 0, 0, 0, 0, 0, 0]	[0.00017970000044442713, 0.009928599989507347, 0.02620660001412034, 0.0428941999853123, 0.05986450001364574, 0.0763742999988608, 0.09284319999278523, 0.1098333999980241, 0.1261843999964185, 0.14260759999160655, 0.1593447999912314, 0.1762794000096619, 0.1929688999953214, 0.20956809999188408, 0.22588479999103583, 0.24284110000007786, 0.25922239999636076, 0.27598949999082834, 0.2925687000097241, 0.30967089999467134, 0.32639540001400746, 0.3432418000011239, 0.3594462999899406, 0.37616879999404773, 0.3928267000010237, 0.40944930000114255, 0.42608669999754056, 0.4432240999885835, 0.4594156999955885, 0.476228399988031, 0.49328170000808313]	210.0	305.0	0.9	5a
132	5	go_nogo	0	60	8	go	click	[61.0, 79.0, 97.0, 145.0, 180.0, 195.0, 207.0, 214.0, 217.0, 219.0, 220.0, 220.0, 220.0, 221.0, 222.0, 222.0, 222.0, 222.0, 222.0, 215.0, 207.0, 200.0, 190.0, 184.0, 178.0, 173.0, 170.0, 169.0, 169.0]	[-250.0, -204.0, -154.0, -38.0, 54.0, 99.0, 128.0, 148.0, 161.0, 174.0, 181.0, 182.0, 182.0, 186.0, 192.0, 198.0, 200.0, 200.0, 201.0, 205.0, 211.0, 222.0, 250.0, 273.0, 289.0, 299.0, 304.0, 305.0, 305.0]	[0, 0, 0, 0, 0, 0, 0, 0, 0, 0, 0, 0, 0, 0, 0, 0, 0, 0, 0, 0, 0, 0, 0, 0, 0, 0, 0, 0, 1]	[0, 0, 0, 0, 0, 0, 0, 0, 0, 0, 0, 0, 0, 0, 0, 0, 0, 0, 0, 0, 0, 0, 0, 0, 0, 0, 0, 0, 0]	[0, 0, 0, 0, 0, 0, 0, 0, 0, 0, 0, 0, 0, 0, 0, 0, 0, 0, 0, 0, 0, 0, 0, 0, 0, 0, 0, 0, 0]	[0.0001914000022225082, 0.009968500002287328, 0.026441199996042997, 0.04310280000208877, 0.05972479999763891, 0.07656839999253862, 0.09308570000575855, 0.10979489999590442, 0.12638760000118054, 0.14322359999641776, 0.15985210001235828, 0.17620539999916218, 0.19324590000906028, 0.20990489999530837, 0.22642600000835955, 0.24330569998710416, 0.25960019999183714, 0.27637659999891184, 0.2933152999903541, 0.30982930000755005, 0.3262684000073932, 0.34317840001313016, 0.3597539000038523, 0.3766149000148289, 0.3935613000066951, 0.40968499999144115, 0.42640389999723993, 0.44270220000180416, 0.4598042000143323]	169.0	305.0	0.6	5a
133	5	go_nogo	0	60	8	go	click	[57.0, 57.0, 73.0, 107.0, 133.0, 153.0, 169.0, 181.0, 187.0, 189.0, 190.0, 194.0, 200.0, 209.0, 214.0, 215.0, 215.0, 215.0, 215.0, 212.0, 211.0, 211.0, 211.0, 211.0, 211.0]	[-181.0, -181.0, -120.0, -21.0, 54.0, 110.0, 152.0, 191.0, 224.0, 232.0, 237.0, 247.0, 261.0, 284.0, 294.0, 296.0, 296.0, 296.0, 292.0, 284.0, 279.0, 279.0, 279.0, 279.0, 279.0]	[0, 0, 0, 0, 0, 0, 0, 0, 0, 0, 0, 0, 0, 0, 0, 0, 0, 0, 0, 0, 0, 0, 0, 0, 1]	[0, 0, 0, 0, 0, 0, 0, 0, 0, 0, 0, 0, 0, 0, 0, 0, 0, 0, 0, 0, 0, 0, 0, 0, 0]	[0, 0, 0, 0, 0, 0, 0, 0, 0, 0, 0, 0, 0, 0, 0, 0, 0, 0, 0, 0, 0, 0, 0, 0, 0]	[0.00040380001883022487, 0.010504300007596612, 0.027225000027101487, 0.043743600021116436, 0.06090570002561435, 0.07692560000577942, 0.09362000002874993, 0.11025480000535026, 0.1269734000088647, 0.14384300002711825, 0.16015070001594722, 0.17678420001175255, 0.19364980002865195, 0.2100714000116568, 0.226751600013813, 0.2431580000265967, 0.25988120000693016, 0.2769193000276573, 0.2935567000240553, 0.31012610002653673, 0.32654040001216345, 0.34323360002599657, 0.3596702000068035, 0.37665580000611953, 0.3940172000147868]	211.0	279.0	0.5	5a
134	5	go_nogo	0	60	6	go	click	[87.0, 87.0, 104.0, 134.0, 161.0, 182.0, 195.0, 206.0, 213.0, 216.0, 216.0, 216.0, 216.0, 216.0, 216.0, 216.0, 216.0, 216.0, 216.0, 216.0, 216.0, 216.0, 216.0]	[-173.0, -173.0, -112.0, 1.0, 87.0, 142.0, 177.0, 208.0, 233.0, 253.0, 256.0, 256.0, 259.0, 268.0, 277.0, 278.0, 278.0, 278.0, 278.0, 278.0, 278.0, 278.0, 278.0]	[0, 0, 0, 0, 0, 0, 0, 0, 0, 0, 0, 0, 0, 0, 0, 0, 0, 0, 0, 0, 0, 0, 1]	[0, 0, 0, 0, 0, 0, 0, 0, 0, 0, 0, 0, 0, 0, 0, 0, 0, 0, 0, 0, 0, 0, 0]	[0, 0, 0, 0, 0, 0, 0, 0, 0, 0, 0, 0, 0, 0, 0, 0, 0, 0, 0, 0, 0, 0, 0]	[0.00037780002458021045, 0.00804510002490133, 0.024804600019706413, 0.041469400021014735, 0.05807170001207851, 0.0757146000105422, 0.0914601000258699, 0.10812700001406483, 0.12471630002255552, 0.14140240001142956, 0.1578307000163477, 0.17540990002453327, 0.191416300018318, 0.20807620001141913, 0.2247773999988567, 0.24129880001419224, 0.2580228000006173, 0.27454410001519136, 0.29116540000541136, 0.3077989000012167, 0.3245366000046488, 0.34124249999877065, 0.35828480002237484]	216.0	278.0	0.6	5a
135	5	go_nogo	0	60	8	go	click	[64.0, 78.0, 90.0, 116.0, 144.0, 166.0, 182.0, 192.0, 200.0, 206.0, 210.0, 215.0, 217.0, 217.0, 217.0, 217.0, 217.0, 214.0, 210.0, 208.0, 208.0, 208.0, 208.0, 208.0, 208.0, 208.0, 208.0, 208.0, 208.0, 208.0, 208.0, 208.0, 208.0]	[-269.0, -235.0, -194.0, -85.0, 39.0, 159.0, 238.0, 279.0, 298.0, 313.0, 327.0, 338.0, 345.0, 346.0, 346.0, 346.0, 342.0, 331.0, 319.0, 315.0, 315.0, 315.0, 315.0, 315.0, 315.0, 315.0, 315.0, 315.0, 315.0, 315.0, 315.0, 315.0, 315.0]	[0, 0, 0, 0, 0, 0, 0, 0, 0, 0, 0, 0, 0, 0, 0, 0, 0, 0, 0, 0, 0, 0, 0, 0, 0, 0, 0, 0, 0, 0, 0, 0, 1]	[0, 0, 0, 0, 0, 0, 0, 0, 0, 0, 0, 0, 0, 0, 0, 0, 0, 0, 0, 0, 0, 0, 0, 0, 0, 0, 0, 0, 0, 0, 0, 0, 0]	[0, 0, 0, 0, 0, 0, 0, 0, 0, 0, 0, 0, 0, 0, 0, 0, 0, 0, 0, 0, 0, 0, 0, 0, 0, 0, 0, 0, 0, 0, 0, 0, 0]	[0.0004251000063959509, 0.007783999986713752, 0.025173600006382912, 0.04119419999187812, 0.0578547999903094, 0.07458029998815618, 0.09120339999208227, 0.10798050000448711, 0.1245964000117965, 0.1412443000008352, 0.15796620000037365, 0.17451579999760725, 0.19108329998562112, 0.20762299999478273, 0.22442169999703765, 0.24157760001253337, 0.2582181000034325, 0.2744101000134833, 0.2910572999971919, 0.3077759000007063, 0.3241516000125557, 0.3409123999881558, 0.35760069999378175, 0.3743536999973003, 0.39092919998802245, 0.4076659000129439, 0.42416950000915676, 0.4408590999955777, 0.4575198999955319, 0.4743030999961775, 0.490857099997811, 0.5076182000047993, 0.5247331999999005]	208.0	315.0	0.6	5a
136	5	go_nogo	0	60	1	nogo	none	[12.0, 12.0, 20.0, 33.0, 47.0, 60.0, 75.0, 85.0, 90.0, 101.0, 102.0, 103.0, 103.0, 103.0, 103.0, 103.0, 103.0, 103.0, 103.0, 103.0, 107.0, 114.0, 120.0, 130.0, 135.0, 136.0, 136.0, 136.0, 136.0, 136.0, 136.0, 136.0, 136.0, 136.0, 136.0, 136.0, 136.0, 136.0, 136.0, 136.0, 136.0, 136.0, 136.0, 136.0, 136.0, 136.0, 136.0, 136.0, 136.0, 136.0, 136.0, 136.0, 136.0, 136.0, 136.0, 136.0, 136.0, 136.0, 136.0, 136.0, 136.0, 136.0, 136.0, 136.0, 136.0, 136.0, 136.0, 136.0]	[-245.0, -245.0, -194.0, -88.0, -9.0, 58.0, 119.0, 150.0, 169.0, 208.0, 223.0, 227.0, 227.0, 227.0, 227.0, 227.0, 227.0, 227.0, 226.0, 226.0, 235.0, 256.0, 271.0, 287.0, 294.0, 294.0, 294.0, 294.0, 294.0, 294.0, 294.0, 294.0, 294.0, 294.0, 294.0, 294.0, 294.0, 294.0, 294.0, 294.0, 294.0, 294.0, 294.0, 294.0, 294.0, 294.0, 294.0, 294.0, 294.0, 294.0, 294.0, 294.0, 294.0, 294.0, 294.0, 294.0, 294.0, 294.0, 294.0, 294.0, 294.0, 294.0, 294.0, 294.0, 294.0, 294.0, 294.0, 294.0]	[0, 0, 0, 0, 0, 0, 0, 0, 0, 0, 0, 0, 0, 0, 0, 0, 0, 0, 0, 0, 0, 0, 0, 0, 0, 0, 0, 0, 0, 0, 0, 0, 0, 0, 0, 0, 0, 0, 0, 0, 0, 0, 0, 0, 0, 0, 0, 0, 0, 0, 0, 0, 0, 0, 0, 0, 0, 0, 0, 0, 0, 0, 0, 0, 0, 0, 0, 0]	[0, 0, 0, 0, 0, 0, 0, 0, 0, 0, 0, 0, 0, 0, 0, 0, 0, 0, 0, 0, 0, 0, 0, 0, 0, 0, 0, 0, 0, 0, 0, 0, 0, 0, 0, 0, 0, 0, 0, 0, 0, 0, 0, 0, 0, 0, 0, 0, 0, 0, 0, 0, 0, 0, 0, 0, 0, 0, 0, 0, 0, 0, 0, 0, 0, 0, 0, 0]	[0, 0, 0, 0, 0, 0, 0, 0, 0, 0, 0, 0, 0, 0, 0, 0, 0, 0, 0, 0, 0, 0, 0, 0, 0, 0, 0, 0, 0, 0, 0, 0, 0, 0, 0, 0, 0, 0, 0, 0, 0, 0, 0, 0, 0, 0, 0, 0, 0, 0, 0, 0, 0, 0, 0, 0, 0, 0, 0, 0, 0, 0, 0, 0, 0, 0, 0, 0]	[0.0004178000090178102, 0.00828959999489598, 0.02481249999254942, 0.04150240001035854, 0.05810699998983182, 0.07483210001373664, 0.09158830001251772, 0.10831640000105835, 0.12499129999196157, 0.14164099999470636, 0.15877499998896383, 0.17463779999525286, 0.19127800001297146, 0.20791890000691637, 0.22459739999612793, 0.24138170000514947, 0.25836969999363646, 0.27497820000280626, 0.2912267000065185, 0.3083160000096541, 0.3247609999962151, 0.3413810000056401, 0.3583646999904886, 0.37493970000650734, 0.3913045999943279, 0.40768520001438446, 0.4243999999889638, 0.4410439000057522, 0.4579211999953259, 0.47440360000473447, 0.4911194999876898, 0.5076727000123356, 0.5244805999973323, 0.5409951999899931, 0.5576642999949399, 0.5743844000098761, 0.5911135000060312, 0.607606500008842, 0.6244751999911387, 0.6410776000120677, 0.657638600008795, 0.674456700013252, 0.6909585999965202, 0.7077794999931939, 0.7244743999908678, 0.7410309000115376, 0.7577504999935627, 0.7742432999948505, 0.7910656000021845, 0.8076197000045795, 0.8242804000037722, 0.8409532000077888, 0.8576467999955639, 0.8743404000124428, 0.8908578999980818, 0.9076595999940764, 0.9243286999990232, 0.9411094000097364, 0.9575490000133868, 0.9742001999984495, 0.9908632000151556, 1.0075747999944724, 1.024341699987417, 1.040947600005893, 1.057806900003925, 1.0741755999915767, 1.090847899991786, 1.107513700000709]	n/a	n/a	0.6	5a
137	5	go_nogo	0	60	4	go	click	[66.0, 75.0, 75.0, 108.0, 129.0, 148.0, 161.0, 173.0, 180.0, 182.0, 182.0, 182.0, 182.0, 183.0, 188.0, 190.0, 190.0, 190.0, 190.0, 190.0, 190.0, 190.0, 190.0]	[-154.0, -91.0, -91.0, 61.0, 134.0, 193.0, 226.0, 247.0, 259.0, 263.0, 264.0, 264.0, 264.0, 266.0, 273.0, 278.0, 278.0, 278.0, 278.0, 278.0, 278.0, 278.0, 278.0]	[0, 0, 0, 0, 0, 0, 0, 0, 0, 0, 0, 0, 0, 0, 0, 0, 0, 0, 0, 0, 0, 0, 1]	[0, 0, 0, 0, 0, 0, 0, 0, 0, 0, 0, 0, 0, 0, 0, 0, 0, 0, 0, 0, 0, 0, 0]	[0, 0, 0, 0, 0, 0, 0, 0, 0, 0, 0, 0, 0, 0, 0, 0, 0, 0, 0, 0, 0, 0, 0]	[0.00044269999489188194, 0.0079429000033997, 0.024936100002378225, 0.04146609999588691, 0.058350899984361604, 0.07528079999610782, 0.09140899998601526, 0.10843210000894032, 0.12477840000065044, 0.1418024000013247, 0.157935199997155, 0.17447540001012385, 0.19148280000081286, 0.20831950000138022, 0.22485020000021905, 0.24111440000706352, 0.25790269998833537, 0.2744805999973323, 0.291260300000431, 0.3081325000093784, 0.3246363000071142, 0.34107319999020547, 0.35833039999124594]	190.0	278.0	0.8	5a
138	5	go_nogo	0	60	2	go	click	[26.0, 26.0, 38.0, 60.0, 87.0, 109.0, 129.0, 140.0, 144.0, 144.0, 144.0, 144.0, 144.0, 144.0, 144.0, 144.0, 144.0, 144.0, 144.0, 144.0, 144.0, 153.0, 163.0, 170.0, 176.0, 181.0, 185.0, 186.0, 188.0, 189.0, 190.0, 191.0, 191.0, 191.0]	[-192.0, -192.0, -147.0, -63.0, 16.0, 72.0, 120.0, 148.0, 156.0, 157.0, 157.0, 157.0, 157.0, 157.0, 157.0, 157.0, 157.0, 157.0, 157.0, 157.0, 157.0, 181.0, 210.0, 235.0, 256.0, 271.0, 284.0, 295.0, 305.0, 310.0, 314.0, 317.0, 317.0, 317.0]	[0, 0, 0, 0, 0, 0, 0, 0, 0, 0, 0, 0, 0, 0, 0, 0, 0, 0, 0, 0, 0, 0, 0, 0, 0, 0, 0, 0, 0, 0, 0, 0, 0, 1]	[0, 0, 0, 0, 0, 0, 0, 0, 0, 0, 0, 0, 0, 0, 0, 0, 0, 0, 0, 0, 0, 0, 0, 0, 0, 0, 0, 0, 0, 0, 0, 0, 0, 0]	[0, 0, 0, 0, 0, 0, 0, 0, 0, 0, 0, 0, 0, 0, 0, 0, 0, 0, 0, 0, 0, 0, 0, 0, 0, 0, 0, 0, 0, 0, 0, 0, 0, 0]	[0.00042929998016916215, 0.008683399995788932, 0.025207200000295416, 0.04187929999898188, 0.05856139998650178, 0.07523759998730384, 0.09195050000562333, 0.10861470000236295, 0.12515549999079667, 0.14165539998793975, 0.1582967999856919, 0.17508779998752289, 0.1916567999869585, 0.20832459998200648, 0.22489549999590963, 0.24157909999485128, 0.25832039999659173, 0.2748587999958545, 0.29161179999937303, 0.30826069999602623, 0.32517189998179674, 0.3419505000056233, 0.3593260000052396, 0.3759286999993492, 0.39197880000574514, 0.4087201000074856, 0.42525329999625683, 0.44185629999265075, 0.4584461000049487, 0.47516810000524856, 0.49207989999558777, 0.5081767000083346, 0.5248213000013493, 0.5419342999812216]	191.0	317.0	0.5	5a
139	5	go_nogo	0	60	6	go	click	[30.0, 30.0, 40.0, 60.0, 84.0, 104.0, 121.0, 129.0, 130.0, 130.0, 130.0, 130.0, 130.0, 130.0, 131.0, 131.0, 131.0, 131.0, 131.0, 132.0, 134.0, 135.0, 135.0, 136.0, 138.0, 143.0, 153.0, 161.0, 166.0, 166.0, 166.0, 166.0]	[-234.0, -234.0, -190.0, -87.0, 18.0, 117.0, 205.0, 275.0, 296.0, 300.0, 300.0, 300.0, 301.0, 303.0, 303.0, 303.0, 303.0, 303.0, 296.0, 292.0, 292.0, 292.0, 292.0, 294.0, 295.0, 298.0, 301.0, 303.0, 306.0, 306.0, 306.0, 306.0]	[0, 0, 0, 0, 0, 0, 0, 0, 0, 0, 0, 0, 0, 0, 0, 0, 0, 0, 0, 0, 0, 0, 0, 0, 0, 0, 0, 0, 0, 0, 0, 1]	[0, 0, 0, 0, 0, 0, 0, 0, 0, 0, 0, 0, 0, 0, 0, 0, 0, 0, 0, 0, 0, 0, 0, 0, 0, 0, 0, 0, 0, 0, 0, 0]	[0, 0, 0, 0, 0, 0, 0, 0, 0, 0, 0, 0, 0, 0, 0, 0, 0, 0, 0, 0, 0, 0, 0, 0, 0, 0, 0, 0, 0, 0, 0, 0]	[0.0004327000060584396, 0.008180400007404387, 0.02447760000359267, 0.04115410000667907, 0.057830600009765476, 0.0745974000019487, 0.0913326000154484, 0.10784050001529977, 0.12465079998946749, 0.14116530001047067, 0.15759789998992346, 0.17456519999541342, 0.19134359998861328, 0.20771760001662187, 0.22440189999178983, 0.24086970000644214, 0.2575885000114795, 0.2745232000015676, 0.2911381000012625, 0.30790250000427477, 0.3244276999903377, 0.3408608000027016, 0.3577006999985315, 0.37441560000297613, 0.39099320000968874, 0.407826800015755, 0.4245668000075966, 0.4412323000142351, 0.45753280000644736, 0.4743599999928847, 0.490815900004236, 0.5075924000120722]	166.0	306.0	0.7	5a
140	5	go_nogo	0	60	6	go	click	[26.0, 41.0, 52.0, 78.0, 106.0, 124.0, 144.0, 154.0, 160.0, 161.0, 161.0, 161.0, 161.0, 161.0, 163.0, 165.0, 166.0, 166.0, 166.0, 166.0, 166.0, 166.0, 166.0]	[-202.0, -149.0, -93.0, 12.0, 102.0, 179.0, 241.0, 283.0, 306.0, 311.0, 311.0, 311.0, 311.0, 311.0, 315.0, 320.0, 322.0, 322.0, 322.0, 322.0, 322.0, 322.0, 322.0]	[0, 0, 0, 0, 0, 0, 0, 0, 0, 0, 0, 0, 0, 0, 0, 0, 0, 0, 0, 0, 0, 0, 1]	[0, 0, 0, 0, 0, 0, 0, 0, 0, 0, 0, 0, 0, 0, 0, 0, 0, 0, 0, 0, 0, 0, 0]	[0, 0, 0, 0, 0, 0, 0, 0, 0, 0, 0, 0, 0, 0, 0, 0, 0, 0, 0, 0, 0, 0, 0]	[0.00017899999511428177, 0.008486300008371472, 0.025186100014252588, 0.04178820000379346, 0.058390899997903034, 0.07497200000216253, 0.09175680001499131, 0.10863230001996271, 0.1250999000039883, 0.1416443000198342, 0.15812199999345466, 0.17489409999689087, 0.1914822999970056, 0.20928120001917705, 0.22501460000057705, 0.24204050001571886, 0.25852420000592247, 0.27490420002141036, 0.29136600001947954, 0.3080631000048015, 0.32489290001103655, 0.34141409999574535, 0.3585800000000745]	166.0	322.0	0.9	5a
141	5	go_nogo	0	60	7	go	click	[26.0, 26.0, 36.0, 64.0, 87.0, 103.0, 116.0, 124.0, 129.0, 130.0, 130.0, 130.0, 131.0, 133.0, 134.0, 134.0, 134.0, 134.0, 134.0, 134.0, 137.0, 142.0, 147.0, 151.0, 153.0, 153.0, 154.0, 155.0, 158.0, 161.0, 162.0, 162.0]	[-247.0, -247.0, -207.0, -109.0, -13.0, 67.0, 130.0, 161.0, 175.0, 176.0, 176.0, 177.0, 181.0, 189.0, 195.0, 195.0, 196.0, 196.0, 196.0, 196.0, 206.0, 221.0, 240.0, 257.0, 263.0, 264.0, 268.0, 275.0, 286.0, 296.0, 301.0, 301.0]	[0, 0, 0, 0, 0, 0, 0, 0, 0, 0, 0, 0, 0, 0, 0, 0, 0, 0, 0, 0, 0, 0, 0, 0, 0, 0, 0, 0, 0, 0, 0, 1]	[0, 0, 0, 0, 0, 0, 0, 0, 0, 0, 0, 0, 0, 0, 0, 0, 0, 0, 0, 0, 0, 0, 0, 0, 0, 0, 0, 0, 0, 0, 0, 0]	[0, 0, 0, 0, 0, 0, 0, 0, 0, 0, 0, 0, 0, 0, 0, 0, 0, 0, 0, 0, 0, 0, 0, 0, 0, 0, 0, 0, 0, 0, 0, 0]	[0.0001959000073838979, 0.009249199996702373, 0.025662400003056973, 0.04236600000876933, 0.05895639999653213, 0.07569550001062453, 0.09232670001802035, 0.10926379999727942, 0.12565540001378395, 0.14258100002189167, 0.15878200001316145, 0.17668610002147034, 0.19263289999798872, 0.20910259999800473, 0.2255619000061415, 0.24223620002157986, 0.25919450001674704, 0.2754002000147011, 0.29201970002031885, 0.3089728000049945, 0.32578330000978895, 0.34229420000337996, 0.35953290000907145, 0.375786100019468, 0.3925125000241678, 0.40894069999922067, 0.4259121000068262, 0.44211640002322383, 0.45909230000688694, 0.47562630000174977, 0.4922079000098165, 0.5094108000048436]	163.0	301.0	1.0	5a
142	5	go_nogo	0	60	4	go	click	[27.0, 46.0, 63.0, 105.0, 132.0, 145.0, 151.0, 155.0, 160.0, 166.0, 174.0, 178.0, 180.0, 180.0, 180.0, 180.0, 177.0, 175.0, 174.0, 174.0, 174.0, 174.0, 174.0]	[-154.0, -93.0, -28.0, 91.0, 174.0, 210.0, 229.0, 248.0, 273.0, 298.0, 317.0, 328.0, 330.0, 330.0, 330.0, 330.0, 324.0, 316.0, 314.0, 314.0, 314.0, 314.0, 314.0]	[0, 0, 0, 0, 0, 0, 0, 0, 0, 0, 0, 0, 0, 0, 0, 0, 0, 0, 0, 0, 0, 0, 1]	[0, 0, 0, 0, 0, 0, 0, 0, 0, 0, 0, 0, 0, 0, 0, 0, 0, 0, 0, 0, 0, 0, 0]	[0, 0, 0, 0, 0, 0, 0, 0, 0, 0, 0, 0, 0, 0, 0, 0, 0, 0, 0, 0, 0, 0, 0]	[0.0004622999986167997, 0.007986299984622747, 0.024883899983251467, 0.042070900002727285, 0.0585467999917455, 0.07478659998741932, 0.09137639999971725, 0.10844809998525307, 0.12465949999750592, 0.14167389998328872, 0.15806839999277145, 0.17494119997718371, 0.1912280999822542, 0.2079721000045538, 0.22457869999925606, 0.24232709998614155, 0.2586818999843672, 0.27470270000048913, 0.2911595999903511, 0.3078455999784637, 0.32453329997952096, 0.34118149999994785, 0.35819460000493564]	174.0	314.0	0.7	5a
143	5	go_nogo	0	60	1	nogo	none	[74.0, 74.0, 93.0, 150.0, 181.0, 204.0, 218.0, 229.0, 235.0, 236.0, 237.0, 237.0, 237.0, 237.0, 237.0, 237.0, 237.0, 237.0, 237.0, 237.0, 237.0, 236.0, 236.0, 236.0, 236.0, 236.0, 236.0, 236.0, 236.0, 236.0, 236.0, 236.0, 236.0, 236.0, 236.0, 236.0, 236.0, 236.0, 236.0, 236.0, 236.0, 236.0, 236.0, 236.0, 236.0, 236.0, 236.0, 236.0, 236.0, 236.0, 236.0, 236.0, 236.0, 236.0, 236.0, 236.0, 236.0, 236.0, 236.0, 236.0, 236.0]	[-210.0, -210.0, -148.0, 43.0, 145.0, 216.0, 259.0, 286.0, 304.0, 310.0, 314.0, 315.0, 316.0, 316.0, 316.0, 319.0, 321.0, 322.0, 323.0, 324.0, 325.0, 325.0, 325.0, 325.0, 325.0, 325.0, 325.0, 325.0, 325.0, 325.0, 325.0, 325.0, 325.0, 325.0, 325.0, 325.0, 325.0, 325.0, 325.0, 325.0, 325.0, 325.0, 325.0, 325.0, 325.0, 325.0, 325.0, 325.0, 325.0, 325.0, 325.0, 325.0, 325.0, 325.0, 325.0, 325.0, 325.0, 325.0, 325.0, 325.0, 325.0]	[0, 0, 0, 0, 0, 0, 0, 0, 0, 0, 0, 0, 0, 0, 0, 0, 0, 0, 0, 0, 0, 0, 0, 0, 0, 0, 0, 0, 0, 0, 0, 0, 0, 0, 0, 0, 0, 0, 0, 0, 0, 0, 0, 0, 0, 0, 0, 0, 0, 0, 0, 0, 0, 0, 0, 0, 0, 0, 0, 0, 0]	[0, 0, 0, 0, 0, 0, 0, 0, 0, 0, 0, 0, 0, 0, 0, 0, 0, 0, 0, 0, 0, 0, 0, 0, 0, 0, 0, 0, 0, 0, 0, 0, 0, 0, 0, 0, 0, 0, 0, 0, 0, 0, 0, 0, 0, 0, 0, 0, 0, 0, 0, 0, 0, 0, 0, 0, 0, 0, 0, 0, 0]	[0, 0, 0, 0, 0, 0, 0, 0, 0, 0, 0, 0, 0, 0, 0, 0, 0, 0, 0, 0, 0, 0, 0, 0, 0, 0, 0, 0, 0, 0, 0, 0, 0, 0, 0, 0, 0, 0, 0, 0, 0, 0, 0, 0, 0, 0, 0, 0, 0, 0, 0, 0, 0, 0, 0, 0, 0, 0, 0, 0, 0]	[0.0003311999898869544, 0.00783330001286231, 0.02473959999042563, 0.0414423999900464, 0.057990700006484985, 0.07540209998842329, 0.09132080001290888, 0.10797630000161007, 0.1246363999962341, 0.14129200001480058, 0.1584928999945987, 0.17487019998952746, 0.19104179998976178, 0.20776429999386892, 0.2247534999914933, 0.2416310000116937, 0.25794139999197796, 0.27460860001156107, 0.2915668000059668, 0.30808950000209734, 0.32462470000609756, 0.34130200001527555, 0.3575517999997828, 0.374474200012628, 0.3911358999903314, 0.40766540000913665, 0.42464909999398515, 0.4411913999938406, 0.45768210000824183, 0.47436049999669194, 0.4910094999941066, 0.5076676000026055, 0.5243141000100877, 0.5410367000149563, 0.5578949000046123, 0.5743255999987014, 0.5909585999906994, 0.6076120999932755, 0.6243399000086356, 0.6412137000006624, 0.6575941999908537, 0.6744570999871939, 0.6911509000055958, 0.7075620999967214, 0.7243290999904275, 0.7409252999932505, 0.7576986000058241, 0.7741824999975506, 0.7910108999931253, 0.807661900005769, 0.8242175999912433, 0.840950999991037, 0.8576852999976836, 0.8742766999930609, 0.890886999986833, 0.9077004000137094, 0.9241905999951996, 0.9412129000120331, 0.9575729999924079, 0.9744430000137072, 0.9912322000018321]	n/a	n/a	0.9	5a
144	5	go_nogo	0	60	3	go	click	[68.0, 68.0, 88.0, 135.0, 180.0, 208.0, 221.0, 228.0, 232.0, 233.0, 233.0, 233.0, 233.0, 233.0, 233.0, 233.0, 233.0, 233.0, 233.0, 233.0, 233.0, 233.0, 233.0, 233.0, 233.0]	[-171.0, -171.0, -106.0, 37.0, 161.0, 232.0, 264.0, 285.0, 298.0, 303.0, 303.0, 303.0, 303.0, 303.0, 303.0, 303.0, 303.0, 303.0, 303.0, 303.0, 303.0, 303.0, 303.0, 303.0, 303.0]	[0, 0, 0, 0, 0, 0, 0, 0, 0, 0, 0, 0, 0, 0, 0, 0, 0, 0, 0, 0, 0, 0, 0, 0, 1]	[0, 0, 0, 0, 0, 0, 0, 0, 0, 0, 0, 0, 0, 0, 0, 0, 0, 0, 0, 0, 0, 0, 0, 0, 0]	[0, 0, 0, 0, 0, 0, 0, 0, 0, 0, 0, 0, 0, 0, 0, 0, 0, 0, 0, 0, 0, 0, 0, 0, 0]	[0.00085039998521097, 0.007856699987314641, 0.025027800002135336, 0.04144459997769445, 0.058014199981698766, 0.07466779998503625, 0.09143269999185577, 0.10813340000458993, 0.12483669997891411, 0.1411237999855075, 0.1578358999977354, 0.17444149998482317, 0.19115879997843876, 0.20810409999103285, 0.22444520000135526, 0.2413636999845039, 0.25775369998882525, 0.27454889999353327, 0.2913566999777686, 0.30773519998183474, 0.3245473999995738, 0.3410853999957908, 0.3580653999815695, 0.3745178999961354, 0.3910879000031855]	233.0	303.0	0.6	5a
145	5	go_nogo	0	60	4	go	click	[61.0, 71.0, 82.0, 105.0, 114.0, 140.0, 158.0, 169.0, 172.0, 173.0, 175.0, 176.0, 180.0, 182.0, 182.0, 183.0, 183.0, 183.0, 183.0, 183.0, 185.0, 186.0, 187.0, 189.0, 189.0, 189.0, 189.0, 189.0, 189.0, 189.0]	[-215.0, -160.0, -104.0, -4.0, 26.0, 101.0, 139.0, 165.0, 175.0, 180.0, 185.0, 194.0, 208.0, 216.0, 216.0, 217.0, 217.0, 217.0, 217.0, 218.0, 227.0, 238.0, 249.0, 254.0, 254.0, 254.0, 258.0, 263.0, 266.0, 267.0]	[0, 0, 0, 0, 0, 0, 0, 0, 0, 0, 0, 0, 0, 0, 0, 0, 0, 0, 0, 0, 0, 0, 0, 0, 0, 0, 0, 0, 0, 1]	[0, 0, 0, 0, 0, 0, 0, 0, 0, 0, 0, 0, 0, 0, 0, 0, 0, 0, 0, 0, 0, 0, 0, 0, 0, 0, 0, 0, 0, 0]	[0, 0, 0, 0, 0, 0, 0, 0, 0, 0, 0, 0, 0, 0, 0, 0, 0, 0, 0, 0, 0, 0, 0, 0, 0, 0, 0, 0, 0, 0]	[0.0006302999972831458, 0.008109099988359958, 0.0258081000065431, 0.041475300007732585, 0.058136100007686764, 0.0748332999937702, 0.0915804999822285, 0.10814050000044517, 0.12492939998628572, 0.14163359999656677, 0.15827779998653568, 0.17502979998243973, 0.1915005999908317, 0.2081088999984786, 0.22479320000275038, 0.2413937000092119, 0.25797430000966415, 0.27453319999040104, 0.29140729998471215, 0.30817340000066906, 0.32482909999089316, 0.34176439998554997, 0.35819959998480044, 0.37456090000341646, 0.39123039998230524, 0.40837719998671673, 0.4246999000024516, 0.44175679999170825, 0.4583134999847971, 0.4753644999873359]	189.0	267.0	0.8	5a
146	5	go_nogo	0	60	7	go	click	[37.0, 37.0, 47.0, 70.0, 92.0, 120.0, 144.0, 162.0, 174.0, 177.0, 177.0, 177.0, 177.0, 177.0, 178.0, 178.0, 178.0, 178.0, 178.0, 178.0, 178.0, 178.0, 178.0, 178.0, 178.0, 178.0, 178.0, 178.0]	[-207.0, -207.0, -155.0, -58.0, 30.0, 120.0, 202.0, 257.0, 290.0, 308.0, 309.0, 309.0, 309.0, 311.0, 315.0, 316.0, 316.0, 316.0, 316.0, 316.0, 316.0, 316.0, 316.0, 316.0, 316.0, 316.0, 316.0, 316.0]	[0, 0, 0, 0, 0, 0, 0, 0, 0, 0, 0, 0, 0, 0, 0, 0, 0, 0, 0, 0, 0, 0, 0, 0, 0, 0, 0, 1]	[0, 0, 0, 0, 0, 0, 0, 0, 0, 0, 0, 0, 0, 0, 0, 0, 0, 0, 0, 0, 0, 0, 0, 0, 0, 0, 0, 0]	[0, 0, 0, 0, 0, 0, 0, 0, 0, 0, 0, 0, 0, 0, 0, 0, 0, 0, 0, 0, 0, 0, 0, 0, 0, 0, 0, 0]	[0.00037560000782832503, 0.007999500026926398, 0.024688500008778647, 0.04170550001435913, 0.058158200001344085, 0.07472030000644736, 0.09138640001765452, 0.10805370000889525, 0.1249913000210654, 0.14144250002573244, 0.15777230000821874, 0.1745727000234183, 0.1913912000018172, 0.20784950000233948, 0.2247745000058785, 0.24113750000833534, 0.25776190002216026, 0.27438520002760924, 0.29116820002673194, 0.3079973000276368, 0.3243438000208698, 0.3412683000206016, 0.35774410000885837, 0.37440510001033545, 0.39128060001530685, 0.40768930001650006, 0.4244753000093624, 0.44141050000325777]	178.0	316.0	0.6	5a
147	5	go_nogo	0	60	4	go	click	[59.0, 59.0, 73.0, 110.0, 151.0, 191.0, 234.0, 248.0, 255.0, 255.0, 255.0, 255.0, 255.0, 255.0, 255.0, 255.0, 255.0, 255.0, 255.0, 255.0, 255.0, 255.0, 255.0, 255.0, 255.0, 255.0, 255.0, 255.0, 255.0, 255.0, 255.0, 255.0, 255.0, 250.0, 247.0, 245.0, 243.0, 243.0, 243.0, 243.0, 243.0]	[-251.0, -251.0, -199.0, -88.0, 20.0, 124.0, 245.0, 280.0, 296.0, 299.0, 299.0, 300.0, 300.0, 300.0, 300.0, 300.0, 300.0, 300.0, 300.0, 300.0, 300.0, 300.0, 300.0, 300.0, 300.0, 300.0, 300.0, 300.0, 300.0, 300.0, 300.0, 300.0, 300.0, 298.0, 295.0, 295.0, 294.0, 294.0, 294.0, 294.0, 294.0]	[0, 0, 0, 0, 0, 0, 0, 0, 0, 0, 0, 0, 0, 0, 0, 0, 0, 0, 0, 0, 0, 0, 0, 0, 0, 0, 0, 0, 0, 0, 0, 0, 0, 0, 0, 0, 0, 0, 0, 0, 1]	[0, 0, 0, 0, 0, 0, 0, 0, 0, 0, 0, 0, 0, 0, 0, 0, 0, 0, 0, 0, 0, 0, 0, 0, 0, 0, 0, 0, 0, 0, 0, 0, 0, 0, 0, 0, 0, 0, 0, 0, 0]	[0, 0, 0, 0, 0, 0, 0, 0, 0, 0, 0, 0, 0, 0, 0, 0, 0, 0, 0, 0, 0, 0, 0, 0, 0, 0, 0, 0, 0, 0, 0, 0, 0, 0, 0, 0, 0, 0, 0, 0, 0]	[0.0003589999978430569, 0.008309900003951043, 0.02497369999764487, 0.04170270002214238, 0.05845520002185367, 0.07509300002129748, 0.09153980002156459, 0.10823890002211556, 0.12494940002216026, 0.14122820002376102, 0.1581939000170678, 0.17484150000382215, 0.1912265999999363, 0.2080444000021089, 0.22466669999994338, 0.24134510001749732, 0.25780370002030395, 0.2745409000199288, 0.2911778000125196, 0.30790510002407245, 0.3245726000168361, 0.34104670002125204, 0.3579969000129495, 0.3744246000132989, 0.3912076000124216, 0.4077823999978136, 0.42453580000437796, 0.44135560002177954, 0.45785890001570806, 0.4742965000041295, 0.49106230001780204, 0.5076172999979462, 0.5245899000146892, 0.5413349000154994, 0.5578732000140008, 0.5748236000072211, 0.590936300024623, 0.607863700017333, 0.624364900024375, 0.6411400000215508, 0.6581257000216283]	243.0	294.0	0.7	5a
148	5	go_nogo	0	60	1	nogo	none	[56.0, 56.0, 70.0, 88.0, 113.0, 121.0, 140.0, 158.0, 168.0, 175.0, 178.0, 178.0, 178.0, 179.0, 182.0, 182.0, 182.0, 182.0, 182.0, 182.0, 182.0, 182.0, 182.0, 182.0, 182.0, 182.0, 182.0, 182.0, 182.0, 182.0, 182.0]	[-219.0, -219.0, -163.0, -60.0, 87.0, 138.0, 218.0, 288.0, 319.0, 344.0, 354.0, 355.0, 357.0, 361.0, 366.0, 368.0, 368.0, 368.0, 368.0, 362.0, 357.0, 353.0, 345.0, 333.0, 321.0, 309.0, 301.0, 298.0, 298.0, 298.0, 298.0]	[0, 0, 0, 0, 0, 0, 0, 0, 0, 0, 0, 0, 0, 0, 0, 0, 0, 0, 0, 0, 0, 0, 0, 0, 0, 0, 0, 0, 0, 0, 1]	[0, 0, 0, 0, 0, 0, 0, 0, 0, 0, 0, 0, 0, 0, 0, 0, 0, 0, 0, 0, 0, 0, 0, 0, 0, 0, 0, 0, 0, 0, 0]	[0, 0, 0, 0, 0, 0, 0, 0, 0, 0, 0, 0, 0, 0, 0, 0, 0, 0, 0, 0, 0, 0, 0, 0, 0, 0, 0, 0, 0, 0, 0]	[0.0004082999948877841, 0.007733799982815981, 0.02448490000097081, 0.04108369999448769, 0.057740099990041927, 0.07435159999295138, 0.09103710000636056, 0.1077653999964241, 0.12511180000728928, 0.14117709998390637, 0.15754859999287874, 0.17456109999329783, 0.19096279999939725, 0.20766139999614097, 0.2244584999862127, 0.2408401999855414, 0.25736220000544563, 0.2742551999981515, 0.2909547000017483, 0.3073994999867864, 0.32443390000844374, 0.3415423999831546, 0.357898699992802, 0.37414410000201315, 0.3909070999943651, 0.407638999982737, 0.4242044999846257, 0.4406462000042666, 0.4574791000050027, 0.4739421999838669, 0.4912785000051372]	182.0	298.0	0.7	5a
149	5	go_nogo	0	60	3	go	click	[46.0, 46.0, 58.0, 91.0, 119.0, 138.0, 152.0, 167.0, 173.0, 174.0, 178.0, 180.0, 182.0, 188.0, 197.0, 200.0, 200.0, 200.0, 201.0, 201.0, 201.0, 201.0, 201.0, 201.0, 199.0, 195.0, 192.0, 192.0, 191.0, 191.0, 191.0, 191.0]	[-140.0, -140.0, -72.0, 45.0, 139.0, 201.0, 248.0, 299.0, 318.0, 326.0, 331.0, 335.0, 340.0, 350.0, 366.0, 373.0, 374.0, 374.0, 374.0, 374.0, 374.0, 374.0, 371.0, 360.0, 340.0, 317.0, 304.0, 300.0, 299.0, 299.0, 299.0, 299.0]	[0, 0, 0, 0, 0, 0, 0, 0, 0, 0, 0, 0, 0, 0, 0, 0, 0, 0, 0, 0, 0, 0, 0, 0, 0, 0, 0, 0, 0, 0, 0, 1]	[0, 0, 0, 0, 0, 0, 0, 0, 0, 0, 0, 0, 0, 0, 0, 0, 0, 0, 0, 0, 0, 0, 0, 0, 0, 0, 0, 0, 0, 0, 0, 0]	[0, 0, 0, 0, 0, 0, 0, 0, 0, 0, 0, 0, 0, 0, 0, 0, 0, 0, 0, 0, 0, 0, 0, 0, 0, 0, 0, 0, 0, 0, 0, 0]	[0.00035260000731796026, 0.0076979000004939735, 0.02464950000285171, 0.04114109999500215, 0.05778959998860955, 0.07444940001005307, 0.09110349998809397, 0.10820789998979308, 0.12439620000077412, 0.14110199999413453, 0.15772779998951592, 0.17422139999689534, 0.19095749998814426, 0.20769569999538362, 0.2243603999959305, 0.24097660000552423, 0.2575133999926038, 0.27428720000898466, 0.290898900013417, 0.30737379999482073, 0.3242298999975901, 0.34082799998577684, 0.35845830000471324, 0.3746296000026632, 0.3908703000051901, 0.4076692000089679, 0.42412169999442995, 0.4411057000106666, 0.4573575000104029, 0.4739996000134852, 0.49064189998898655, 0.508016800013138]	191.0	299.0	1.0	5a
150	5	go_nogo	0	60	1	nogo	none	[66.0, 80.0, 96.0, 126.0, 154.0, 175.0, 189.0, 198.0, 207.0, 214.0, 215.0, 217.0, 220.0, 225.0, 227.0, 227.0, 227.0, 227.0, 227.0, 226.0, 226.0, 226.0, 226.0, 226.0, 226.0, 226.0, 226.0, 226.0, 226.0, 226.0, 226.0, 226.0, 226.0, 226.0, 226.0, 226.0, 226.0, 226.0, 226.0, 226.0, 226.0, 226.0, 226.0, 226.0, 226.0, 226.0, 226.0, 226.0, 226.0, 226.0, 226.0, 226.0, 226.0, 226.0, 226.0, 226.0, 226.0, 226.0]	[-213.0, -156.0, -95.0, 22.0, 112.0, 171.0, 209.0, 240.0, 259.0, 273.0, 278.0, 282.0, 288.0, 296.0, 299.0, 299.0, 299.0, 299.0, 297.0, 295.0, 295.0, 295.0, 295.0, 295.0, 295.0, 295.0, 295.0, 295.0, 295.0, 295.0, 295.0, 295.0, 295.0, 295.0, 295.0, 295.0, 295.0, 295.0, 295.0, 295.0, 295.0, 295.0, 295.0, 295.0, 295.0, 295.0, 295.0, 295.0, 295.0, 295.0, 295.0, 295.0, 295.0, 295.0, 295.0, 295.0, 295.0, 295.0]	[0, 0, 0, 0, 0, 0, 0, 0, 0, 0, 0, 0, 0, 0, 0, 0, 0, 0, 0, 0, 0, 0, 0, 0, 0, 0, 0, 0, 0, 0, 0, 0, 0, 0, 0, 0, 0, 0, 0, 0, 0, 0, 0, 0, 0, 0, 0, 0, 0, 0, 0, 0, 0, 0, 0, 0, 0, 0]	[0, 0, 0, 0, 0, 0, 0, 0, 0, 0, 0, 0, 0, 0, 0, 0, 0, 0, 0, 0, 0, 0, 0, 0, 0, 0, 0, 0, 0, 0, 0, 0, 0, 0, 0, 0, 0, 0, 0, 0, 0, 0, 0, 0, 0, 0, 0, 0, 0, 0, 0, 0, 0, 0, 0, 0, 0, 0]	[0, 0, 0, 0, 0, 0, 0, 0, 0, 0, 0, 0, 0, 0, 0, 0, 0, 0, 0, 0, 0, 0, 0, 0, 0, 0, 0, 0, 0, 0, 0, 0, 0, 0, 0, 0, 0, 0, 0, 0, 0, 0, 0, 0, 0, 0, 0, 0, 0, 0, 0, 0, 0, 0, 0, 0, 0, 0]	[0.0005018000083509833, 0.008479599986458197, 0.025875399995129555, 0.041718399996170774, 0.0583510999858845, 0.0750592999975197, 0.09165650000795722, 0.1085800000000745, 0.12508100000559352, 0.141746500012232, 0.15843670000322163, 0.17505349998828024, 0.19175530000939034, 0.20844610000494868, 0.2248488999903202, 0.2414717999927234, 0.2581214999954682, 0.27505950001068413, 0.292187399987597, 0.3082261999952607, 0.3246655999973882, 0.34142499999143183, 0.358012000011513, 0.37489380000624806, 0.3913571999873966, 0.4080997999990359, 0.4247394999838434, 0.441391600004863, 0.458032299997285, 0.47480490000452846, 0.4917163999925833, 0.5079976999841165, 0.5247221000026911, 0.5414022000040859, 0.5580028000113089, 0.5746633000089787, 0.591363099985756, 0.6080043000110891, 0.6248599000100512, 0.6415913999953773, 0.6580088000046089, 0.674864600005094, 0.6913609000039287, 0.707950299984077, 0.7247065999836195, 0.74126919999253, 0.7582222000055481, 0.7745661000080872, 0.7913738999923225, 0.8079470999946352, 0.8246492999896873, 0.841475499997614, 0.8579776999831665, 0.8746242999914102, 0.8913645999855362, 0.9079509000002872, 0.924612500006333, 0.9412303999997675]	n/a	n/a	0.9	5a
151	5	go_nogo	0	60	4	go	click	[26.0, 36.0, 49.0, 75.0, 105.0, 139.0, 172.0, 193.0, 204.0, 207.0, 207.0, 207.0, 207.0, 207.0, 207.0, 207.0, 207.0, 207.0, 206.0, 204.0, 204.0, 204.0, 203.0, 203.0, 203.0, 203.0, 203.0, 203.0, 203.0, 202.0, 202.0, 202.0, 202.0, 202.0]	[-278.0, -230.0, -181.0, -84.0, 3.0, 84.0, 157.0, 202.0, 224.0, 231.0, 232.0, 232.0, 232.0, 232.0, 233.0, 233.0, 233.0, 233.0, 231.0, 224.0, 224.0, 224.0, 228.0, 235.0, 246.0, 251.0, 258.0, 265.0, 276.0, 287.0, 293.0, 294.0, 294.0, 294.0]	[0, 0, 0, 0, 0, 0, 0, 0, 0, 0, 0, 0, 0, 0, 0, 0, 0, 0, 0, 0, 0, 0, 0, 0, 0, 0, 0, 0, 0, 0, 0, 0, 0, 1]	[0, 0, 0, 0, 0, 0, 0, 0, 0, 0, 0, 0, 0, 0, 0, 0, 0, 0, 0, 0, 0, 0, 0, 0, 0, 0, 0, 0, 0, 0, 0, 0, 0, 0]	[0, 0, 0, 0, 0, 0, 0, 0, 0, 0, 0, 0, 0, 0, 0, 0, 0, 0, 0, 0, 0, 0, 0, 0, 0, 0, 0, 0, 0, 0, 0, 0, 0, 0]	[0.00015159999020397663, 0.009474399994360283, 0.02628809999441728, 0.042781999974977225, 0.059338799997931346, 0.0763403000019025, 0.0928323999978602, 0.10943539999425411, 0.1261328999826219, 0.14312159997643903, 0.1592545000021346, 0.17587939999066293, 0.19275079999351874, 0.2094202000007499, 0.22587679998832755, 0.24259969999548048, 0.2593421999772545, 0.2761265999870375, 0.29340209998190403, 0.3091915999830235, 0.3260481999896001, 0.34269530000165105, 0.35977849998744205, 0.37625109998043627, 0.3927252999856137, 0.4093185999954585, 0.4260268999787513, 0.4425792999973055, 0.45935999997891486, 0.47622809998574667, 0.4927087999822106, 0.509332199988421, 0.5260214000009, 0.5425243999925442]	202.0	294.0	0.7	5a
152	5	go_nogo	0	60	2	go	click	[33.0, 66.0, 66.0, 172.0, 233.0, 283.0, 312.0, 323.0, 324.0, 324.0, 324.0, 324.0, 324.0, 324.0, 324.0, 319.0, 310.0, 298.0, 285.0, 272.0, 262.0, 253.0, 248.0, 245.0, 240.0, 237.0, 237.0, 237.0, 237.0, 236.0, 234.0, 232.0, 232.0, 232.0, 232.0, 232.0]	[-128.0, -14.0, -14.0, 307.0, 445.0, 526.0, 540.0, 540.0, 540.0, 540.0, 540.0, 540.0, 540.0, 540.0, 535.0, 510.0, 485.0, 456.0, 427.0, 397.0, 376.0, 362.0, 352.0, 344.0, 336.0, 332.0, 332.0, 332.0, 332.0, 332.0, 329.0, 328.0, 327.0, 327.0, 327.0, 327.0]	[0, 0, 0, 0, 0, 0, 0, 0, 0, 0, 0, 0, 0, 0, 0, 0, 0, 0, 0, 0, 0, 0, 0, 0, 0, 0, 0, 0, 0, 0, 0, 0, 0, 0, 0, 1]	[0, 0, 0, 0, 0, 0, 0, 0, 0, 0, 0, 0, 0, 0, 0, 0, 0, 0, 0, 0, 0, 0, 0, 0, 0, 0, 0, 0, 0, 0, 0, 0, 0, 0, 0, 0]	[0, 0, 0, 0, 0, 0, 0, 0, 0, 0, 0, 0, 0, 0, 0, 0, 0, 0, 0, 0, 0, 0, 0, 0, 0, 0, 0, 0, 0, 0, 0, 0, 0, 0, 0, 0]	[0.0004498000198509544, 0.007978000008733943, 0.025017800013301894, 0.041525500011630356, 0.05844340001931414, 0.07527930001378991, 0.09148220001952723, 0.10808950001955964, 0.12478650000412017, 0.1412772000185214, 0.15798449999419972, 0.17441340000368655, 0.19124750001356006, 0.20806239999365062, 0.22480359999462962, 0.24161769999773242, 0.25880969999707304, 0.27473860001191497, 0.29140040001948364, 0.3079742999980226, 0.3247148999944329, 0.3416843000159133, 0.3581154000130482, 0.37480230000801384, 0.3914408000127878, 0.40791199999512173, 0.42445330001646653, 0.4411305999965407, 0.4577358000096865, 0.47467260001576506, 0.49125660001300275, 0.5080148999986704, 0.5246711999934632, 0.541273100010585, 0.5582099000166636, 0.574909100017976]	232.0	327.0	0.5	5a
153	5	go_nogo	0	60	7	go	click	[47.0, 66.0, 86.0, 137.0, 194.0, 243.0, 270.0, 280.0, 282.0, 282.0, 282.0, 280.0, 278.0, 275.0, 271.0, 266.0, 260.0, 249.0, 236.0, 221.0, 212.0, 207.0, 207.0, 206.0, 206.0, 206.0, 206.0, 206.0]	[-204.0, -143.0, -74.0, 81.0, 237.0, 365.0, 433.0, 453.0, 456.0, 456.0, 456.0, 452.0, 446.0, 438.0, 429.0, 416.0, 395.0, 369.0, 342.0, 316.0, 299.0, 288.0, 287.0, 287.0, 287.0, 287.0, 287.0, 287.0]	[0, 0, 0, 0, 0, 0, 0, 0, 0, 0, 0, 0, 0, 0, 0, 0, 0, 0, 0, 0, 0, 0, 0, 0, 0, 0, 0, 1]	[0, 0, 0, 0, 0, 0, 0, 0, 0, 0, 0, 0, 0, 0, 0, 0, 0, 0, 0, 0, 0, 0, 0, 0, 0, 0, 0, 0]	[0, 0, 0, 0, 0, 0, 0, 0, 0, 0, 0, 0, 0, 0, 0, 0, 0, 0, 0, 0, 0, 0, 0, 0, 0, 0, 0, 0]	[0.00044919998617842793, 0.009791199991013855, 0.02637129998765886, 0.043242799991276115, 0.05966099997749552, 0.07636029997956939, 0.09304579999297857, 0.10968920000595972, 0.1260869999823626, 0.14277690000017174, 0.15945360000478104, 0.17636209999909624, 0.19365129998186603, 0.20986609999090433, 0.2262371999968309, 0.24293169999145903, 0.25962040000013076, 0.2766103000030853, 0.292963999992935, 0.30969299998832867, 0.32637049999902956, 0.34332739998353645, 0.35970909998286515, 0.3761417999921832, 0.3927364999835845, 0.4094745999900624, 0.4260228999773972, 0.4432870000018738]	206.0	287.0	1.0	5a
154	5	go_nogo	0	60	2	go	click	[28.0, 28.0, 51.0, 96.0, 146.0, 191.0, 229.0, 251.0, 258.0, 258.0, 258.0, 258.0, 258.0, 258.0, 256.0, 253.0, 244.0, 234.0, 223.0, 209.0, 192.0, 186.0, 184.0, 184.0, 184.0, 184.0, 183.0, 183.0, 183.0, 183.0, 183.0, 183.0]	[-253.0, -253.0, -188.0, -33.0, 118.0, 238.0, 330.0, 393.0, 429.0, 431.0, 432.0, 432.0, 432.0, 432.0, 428.0, 420.0, 406.0, 388.0, 370.0, 346.0, 310.0, 294.0, 288.0, 286.0, 286.0, 286.0, 286.0, 286.0, 286.0, 286.0, 286.0, 286.0]	[0, 0, 0, 0, 0, 0, 0, 0, 0, 0, 0, 0, 0, 0, 0, 0, 0, 0, 0, 0, 0, 0, 0, 0, 0, 0, 0, 0, 0, 0, 0, 1]	[0, 0, 0, 0, 0, 0, 0, 0, 0, 0, 0, 0, 0, 0, 0, 0, 0, 0, 0, 0, 0, 0, 0, 0, 0, 0, 0, 0, 0, 0, 0, 0]	[0, 0, 0, 0, 0, 0, 0, 0, 0, 0, 0, 0, 0, 0, 0, 0, 0, 0, 0, 0, 0, 0, 0, 0, 0, 0, 0, 0, 0, 0, 0, 0]	[0.0004275999963283539, 0.007970799983013421, 0.024532299983548, 0.041184699977748096, 0.05783559998963028, 0.07476419999147765, 0.09142949999659322, 0.10806080000475049, 0.12463429998024367, 0.14120209999964572, 0.15755760000320151, 0.17453389998991042, 0.19117229999392293, 0.20784960000310093, 0.224491200002376, 0.2414938999863807, 0.2578724999912083, 0.27443940000375733, 0.29120769997825846, 0.3077722000016365, 0.32466079998994246, 0.34143909998238087, 0.35790479998104274, 0.3745563999982551, 0.3909401999844704, 0.40795530000468716, 0.42434399999910966, 0.441169900004752, 0.4576212999818381, 0.47438219998730347, 0.4909099999931641, 0.5081984999997076]	183.0	286.0	0.8	5a
155	5	go_nogo	0	60	6	go	click	[102.0, 102.0, 120.0, 155.0, 172.0, 182.0, 189.0, 193.0, 194.0, 195.0, 195.0, 195.0, 195.0, 195.0, 195.0, 195.0, 195.0, 195.0, 195.0, 195.0, 195.0, 195.0, 193.0, 193.0, 193.0, 192.0, 192.0, 192.0, 192.0, 192.0, 192.0, 192.0]	[-51.0, -51.0, 37.0, 182.0, 265.0, 300.0, 321.0, 337.0, 342.0, 343.0, 343.0, 343.0, 343.0, 343.0, 343.0, 343.0, 343.0, 343.0, 343.0, 343.0, 340.0, 334.0, 320.0, 311.0, 304.0, 302.0, 302.0, 302.0, 302.0, 302.0, 302.0, 302.0]	[0, 0, 0, 0, 0, 0, 0, 0, 0, 0, 0, 0, 0, 0, 0, 0, 0, 0, 0, 0, 0, 0, 0, 0, 0, 0, 0, 0, 0, 0, 0, 1]	[0, 0, 0, 0, 0, 0, 0, 0, 0, 0, 0, 0, 0, 0, 0, 0, 0, 0, 0, 0, 0, 0, 0, 0, 0, 0, 0, 0, 0, 0, 0, 0]	[0, 0, 0, 0, 0, 0, 0, 0, 0, 0, 0, 0, 0, 0, 0, 0, 0, 0, 0, 0, 0, 0, 0, 0, 0, 0, 0, 0, 0, 0, 0, 0]	[0.0004293000092729926, 0.007677900022827089, 0.024369799997657537, 0.0410046000033617, 0.05761550000170246, 0.0746006999979727, 0.0912749000126496, 0.10784520002198406, 0.12431890002335422, 0.1410184999986086, 0.15740970001206733, 0.1742212999961339, 0.19069820002187043, 0.20744930001092143, 0.22400260000722483, 0.24075230001471937, 0.2574219000234734, 0.2743213000067044, 0.290683800005354, 0.307918200007407, 0.32426049999776296, 0.34091960001387633, 0.35786230000667274, 0.3745162000122946, 0.3909682000230532, 0.40735809999750927, 0.4242693000123836, 0.44063769999775104, 0.45783580001443624, 0.4742121000017505, 0.4906693000230007, 0.5082420000107959]	192.0	302.0	0.9	5a
156	5	go_nogo	0	60	7	go	click	[52.0, 52.0, 69.0, 102.0, 126.0, 147.0, 159.0, 167.0, 174.0, 177.0, 179.0, 179.0, 179.0, 179.0, 179.0, 179.0, 179.0, 179.0, 179.0, 179.0, 179.0, 179.0, 179.0, 179.0, 179.0, 179.0]	[-176.0, -176.0, -108.0, 10.0, 96.0, 170.0, 201.0, 226.0, 249.0, 266.0, 271.0, 272.0, 272.0, 272.0, 272.0, 272.0, 272.0, 272.0, 272.0, 272.0, 272.0, 272.0, 272.0, 272.0, 272.0, 272.0]	[0, 0, 0, 0, 0, 0, 0, 0, 0, 0, 0, 0, 0, 0, 0, 0, 0, 0, 0, 0, 0, 0, 0, 0, 0, 1]	[0, 0, 0, 0, 0, 0, 0, 0, 0, 0, 0, 0, 0, 0, 0, 0, 0, 0, 0, 0, 0, 0, 0, 0, 0, 0]	[0, 0, 0, 0, 0, 0, 0, 0, 0, 0, 0, 0, 0, 0, 0, 0, 0, 0, 0, 0, 0, 0, 0, 0, 0, 0]	[0.0004299999854993075, 0.008054799982346594, 0.02443019999191165, 0.04125549999298528, 0.058015899994643405, 0.07445899999584071, 0.09119229999487288, 0.107798199984245, 0.12445419997675344, 0.14110879998770542, 0.1579065999831073, 0.17407889998867176, 0.19094030000269413, 0.20767909998539835, 0.22413779998896644, 0.24085760000161827, 0.2575300000025891, 0.2743092000018805, 0.2907944999751635, 0.3074462999938987, 0.32414589999825694, 0.34076429999549873, 0.35756389997550286, 0.3740988999779802, 0.39082639999105595, 0.40771400000085123]	179.0	272.0	0.6	5a
157	5	go_nogo	0	60	8	go	click	[40.0, 40.0, 69.0, 101.0, 135.0, 163.0, 180.0, 192.0, 202.0, 209.0, 213.0, 215.0, 216.0, 216.0, 216.0, 216.0, 216.0, 217.0, 217.0, 217.0, 217.0, 217.0, 217.0, 217.0, 217.0, 217.0, 217.0, 217.0, 217.0, 217.0, 217.0]	[-237.0, -237.0, -128.0, -21.0, 78.0, 153.0, 200.0, 240.0, 275.0, 305.0, 322.0, 328.0, 328.0, 328.0, 328.0, 328.0, 329.0, 330.0, 330.0, 330.0, 330.0, 330.0, 330.0, 330.0, 330.0, 330.0, 330.0, 330.0, 330.0, 330.0, 330.0]	[0, 0, 0, 0, 0, 0, 0, 0, 0, 0, 0, 0, 0, 0, 0, 0, 0, 0, 0, 0, 0, 0, 0, 0, 0, 0, 0, 0, 0, 0, 1]	[0, 0, 0, 0, 0, 0, 0, 0, 0, 0, 0, 0, 0, 0, 0, 0, 0, 0, 0, 0, 0, 0, 0, 0, 0, 0, 0, 0, 0, 0, 0]	[0, 0, 0, 0, 0, 0, 0, 0, 0, 0, 0, 0, 0, 0, 0, 0, 0, 0, 0, 0, 0, 0, 0, 0, 0, 0, 0, 0, 0, 0, 0]	[0.0002049999893642962, 0.009551099996315315, 0.02608969999710098, 0.042367199988802895, 0.05885219998890534, 0.07544859999325126, 0.09234440000727773, 0.10874759999569505, 0.12568339999415912, 0.14205699999001808, 0.15884670001105405, 0.17560769998817705, 0.19213489998946898, 0.20852640000521205, 0.2251793000032194, 0.24200050000217743, 0.2588154000113718, 0.27531870000530034, 0.2918184000009205, 0.3085053999966476, 0.3252920999948401, 0.34203560001333244, 0.3585367999912705, 0.3755401000089478, 0.3921224999940023, 0.4085231999924872, 0.4254652000090573, 0.44184109999332577, 0.45840010000392795, 0.475240700005088, 0.49210890001268126]	217.0	330.0	0.8	5a
158	5	go_nogo	0	60	8	go	click	[62.0, 62.0, 82.0, 118.0, 150.0, 175.0, 187.0, 193.0, 200.0, 203.0, 205.0, 205.0, 205.0, 205.0, 205.0, 205.0, 205.0, 205.0, 205.0, 205.0, 205.0, 205.0, 205.0, 205.0]	[-239.0, -239.0, -173.0, -47.0, 59.0, 148.0, 204.0, 236.0, 262.0, 270.0, 274.0, 275.0, 275.0, 275.0, 275.0, 275.0, 275.0, 275.0, 275.0, 275.0, 275.0, 275.0, 275.0, 275.0]	[0, 0, 0, 0, 0, 0, 0, 0, 0, 0, 0, 0, 0, 0, 0, 0, 0, 0, 0, 0, 0, 0, 0, 1]	[0, 0, 0, 0, 0, 0, 0, 0, 0, 0, 0, 0, 0, 0, 0, 0, 0, 0, 0, 0, 0, 0, 0, 0]	[0, 0, 0, 0, 0, 0, 0, 0, 0, 0, 0, 0, 0, 0, 0, 0, 0, 0, 0, 0, 0, 0, 0, 0]	[0.00045679998584091663, 0.010115499986568466, 0.02670889999717474, 0.0434520999842789, 0.06012969999574125, 0.0768087999895215, 0.09334719998878427, 0.10997540000244044, 0.12711800000397488, 0.14334260000032373, 0.160016399982851, 0.17674629998509772, 0.1930854999809526, 0.20979970000917092, 0.22641579998889938, 0.24408740000217222, 0.25989660000777803, 0.2763359999808017, 0.29316790000302717, 0.3097309999866411, 0.3263250000018161, 0.34307730000000447, 0.3597881000023335, 0.3767656999989413]	205.0	275.0	0.7	5a
159	5	go_nogo	0	60	3	go	click	[32.0, 32.0, 45.0, 80.0, 119.0, 153.0, 182.0, 196.0, 204.0, 210.0, 211.0, 211.0, 211.0, 211.0, 212.0, 213.0, 213.0, 213.0, 213.0, 213.0, 213.0, 213.0, 213.0, 213.0, 212.0, 211.0, 210.0, 210.0, 209.0, 209.0, 209.0, 209.0]	[-249.0, -249.0, -189.0, -48.0, 75.0, 182.0, 270.0, 309.0, 334.0, 350.0, 354.0, 355.0, 355.0, 355.0, 355.0, 358.0, 358.0, 358.0, 358.0, 358.0, 358.0, 358.0, 356.0, 348.0, 341.0, 335.0, 331.0, 328.0, 326.0, 325.0, 324.0, 324.0]	[0, 0, 0, 0, 0, 0, 0, 0, 0, 0, 0, 0, 0, 0, 0, 0, 0, 0, 0, 0, 0, 0, 0, 0, 0, 0, 0, 0, 0, 0, 0, 1]	[0, 0, 0, 0, 0, 0, 0, 0, 0, 0, 0, 0, 0, 0, 0, 0, 0, 0, 0, 0, 0, 0, 0, 0, 0, 0, 0, 0, 0, 0, 0, 0]	[0, 0, 0, 0, 0, 0, 0, 0, 0, 0, 0, 0, 0, 0, 0, 0, 0, 0, 0, 0, 0, 0, 0, 0, 0, 0, 0, 0, 0, 0, 0, 0]	[0.0003544999926816672, 0.011957099981373176, 0.02866299997549504, 0.04520559997763485, 0.0623098999785725, 0.07960499997716397, 0.09584249998442829, 0.11299779999535531, 0.12913089999346994, 0.14579369997954927, 0.16247039998415858, 0.17909659998258576, 0.19546409999020398, 0.21247189998393878, 0.2290725999919232, 0.24550119999912567, 0.26212249998934567, 0.2790050999901723, 0.29547499999171123, 0.3120978999941144, 0.3287969999946654, 0.34566609998000786, 0.36238129998673685, 0.3789797999779694, 0.3956942999793682, 0.4124598999915179, 0.42905559999053366, 0.44620059998123907, 0.4625309999973979, 0.4790595999802463, 0.4953143999737222, 0.512974099983694]	209.0	324.0	0.8	5a
160	5	go_nogo	0	60	1	nogo	none	[100.0, 100.0, 122.0, 159.0, 184.0, 199.0, 207.0, 211.0, 212.0, 212.0, 212.0, 212.0, 212.0, 212.0, 214.0, 217.0, 218.0, 218.0, 218.0, 218.0, 218.0, 218.0, 218.0, 218.0, 218.0, 218.0, 218.0, 218.0, 218.0, 218.0, 218.0, 218.0, 218.0, 218.0, 218.0, 218.0, 218.0, 218.0, 218.0, 218.0, 218.0, 218.0, 218.0, 218.0, 218.0, 218.0, 218.0, 218.0, 218.0, 218.0, 218.0, 218.0, 218.0, 218.0, 218.0, 218.0, 218.0, 218.0, 218.0, 218.0, 218.0, 218.0, 218.0, 218.0, 218.0, 218.0, 218.0, 218.0]	[-85.0, -85.0, -23.0, 76.0, 148.0, 195.0, 222.0, 233.0, 236.0, 238.0, 239.0, 239.0, 239.0, 240.0, 251.0, 264.0, 270.0, 271.0, 271.0, 271.0, 271.0, 272.0, 278.0, 285.0, 289.0, 290.0, 290.0, 290.0, 290.0, 290.0, 290.0, 290.0, 290.0, 290.0, 290.0, 290.0, 290.0, 290.0, 290.0, 290.0, 290.0, 290.0, 290.0, 290.0, 290.0, 290.0, 290.0, 290.0, 290.0, 290.0, 290.0, 290.0, 290.0, 290.0, 290.0, 290.0, 290.0, 290.0, 290.0, 290.0, 290.0, 290.0, 290.0, 290.0, 290.0, 290.0, 290.0, 290.0]	[0, 0, 0, 0, 0, 0, 0, 0, 0, 0, 0, 0, 0, 0, 0, 0, 0, 0, 0, 0, 0, 0, 0, 0, 0, 0, 0, 0, 0, 0, 0, 0, 0, 0, 0, 0, 0, 0, 0, 0, 0, 0, 0, 0, 0, 0, 0, 0, 0, 0, 0, 0, 0, 0, 0, 0, 0, 0, 0, 0, 0, 0, 0, 0, 0, 0, 0, 0]	[0, 0, 0, 0, 0, 0, 0, 0, 0, 0, 0, 0, 0, 0, 0, 0, 0, 0, 0, 0, 0, 0, 0, 0, 0, 0, 0, 0, 0, 0, 0, 0, 0, 0, 0, 0, 0, 0, 0, 0, 0, 0, 0, 0, 0, 0, 0, 0, 0, 0, 0, 0, 0, 0, 0, 0, 0, 0, 0, 0, 0, 0, 0, 0, 0, 0, 0, 0]	[0, 0, 0, 0, 0, 0, 0, 0, 0, 0, 0, 0, 0, 0, 0, 0, 0, 0, 0, 0, 0, 0, 0, 0, 0, 0, 0, 0, 0, 0, 0, 0, 0, 0, 0, 0, 0, 0, 0, 0, 0, 0, 0, 0, 0, 0, 0, 0, 0, 0, 0, 0, 0, 0, 0, 0, 0, 0, 0, 0, 0, 0, 0, 0, 0, 0, 0, 0]	[0.00019150000298395753, 0.009321899997303262, 0.02601560001494363, 0.04272170001058839, 0.05941430001985282, 0.07617990000289865, 0.09279950000927784, 0.10941689999890514, 0.1261889000015799, 0.14255220000632107, 0.15913360001286492, 0.17590000000200234, 0.19258270002319477, 0.20934510001097806, 0.22595190000720322, 0.24277169999550097, 0.25935790000949055, 0.275988800014602, 0.2924141999974381, 0.3092590000014752, 0.3257239000231493, 0.3427827999985311, 0.3594009000225924, 0.3760093000018969, 0.3928455999994185, 0.4090693000180181, 0.42567130000679754, 0.4424161000060849, 0.45926390000386164, 0.47586770000634715, 0.49233700000331737, 0.508993700001156, 0.5257028000196442, 0.5424548000155482, 0.5589451999985613, 0.5756222000054549, 0.5922026000043843, 0.6091664000123274, 0.6258872000034899, 0.6422597000200767, 0.659043899999233, 0.6755984000046737, 0.6922361000033561, 0.7089618000027258, 0.7255680000234861, 0.7422344000078738, 0.7589451000094414, 0.775725900020916, 0.7922839999955613, 0.8089526999974623, 0.8254059000173584, 0.8422314000199549, 0.8588111000135541, 0.8755621000018436, 0.8921969000075478, 0.9089735000161454, 0.9255604000063613, 0.9425276000110898, 0.9588529000175186, 0.9758088000235148, 0.9921404000197072, 1.008884400012903, 1.0255173000041395, 1.0423660000087693, 1.0587180000147782, 1.075431600009324, 1.0922274000186007, 1.108941300015431]	n/a	n/a	0.6	5a
161	5	go_nogo	0	60	3	go	click	[28.0, 41.0, 41.0, 107.0, 149.0, 176.0, 193.0, 204.0, 212.0, 218.0, 222.0, 224.0, 225.0, 225.0, 225.0, 225.0, 225.0, 225.0, 225.0, 225.0, 225.0, 225.0, 225.0, 225.0, 225.0, 224.0, 224.0, 223.0, 223.0, 222.0, 222.0]	[-259.0, -214.0, -214.0, -40.0, 61.0, 125.0, 161.0, 187.0, 208.0, 229.0, 246.0, 254.0, 257.0, 257.0, 257.0, 257.0, 257.0, 257.0, 257.0, 257.0, 257.0, 257.0, 258.0, 260.0, 262.0, 263.0, 264.0, 268.0, 270.0, 270.0, 270.0]	[0, 0, 0, 0, 0, 0, 0, 0, 0, 0, 0, 0, 0, 0, 0, 0, 0, 0, 0, 0, 0, 0, 0, 0, 0, 0, 0, 0, 0, 0, 1]	[0, 0, 0, 0, 0, 0, 0, 0, 0, 0, 0, 0, 0, 0, 0, 0, 0, 0, 0, 0, 0, 0, 0, 0, 0, 0, 0, 0, 0, 0, 0]	[0, 0, 0, 0, 0, 0, 0, 0, 0, 0, 0, 0, 0, 0, 0, 0, 0, 0, 0, 0, 0, 0, 0, 0, 0, 0, 0, 0, 0, 0, 0]	[0.0003536999865900725, 0.007580000004963949, 0.024462500005029142, 0.04143459998886101, 0.058407200005603954, 0.07452009999542497, 0.09110650001093745, 0.10781700001098216, 0.12460949999513105, 0.1411476999928709, 0.1577038000104949, 0.17447769999853335, 0.19097090000286698, 0.20761929999571294, 0.22422410000581294, 0.24083349999273196, 0.2576083999883849, 0.27422009999281727, 0.29089740000199527, 0.30769519999739714, 0.32428520001121797, 0.34098390000872314, 0.3579354000103194, 0.374544699996477, 0.3911286999937147, 0.40778139999019913, 0.42426880000857636, 0.4410018000053242, 0.45779879999463446, 0.4743855000124313, 0.49080379999941215]	222.0	270.0	0.7	5a
162	5	go_nogo	0	60	7	go	click	[47.0, 47.0, 81.0, 117.0, 140.0, 154.0, 162.0, 169.0, 172.0, 174.0, 176.0, 180.0, 181.0, 182.0, 183.0, 183.0, 183.0, 183.0, 183.0, 183.0, 183.0, 183.0, 183.0, 183.0, 183.0, 183.0, 183.0, 183.0, 183.0, 183.0, 183.0, 183.0, 183.0, 183.0, 183.0]	[-175.0, -175.0, -38.0, 80.0, 150.0, 194.0, 223.0, 249.0, 268.0, 279.0, 286.0, 293.0, 297.0, 303.0, 305.0, 305.0, 305.0, 305.0, 305.0, 305.0, 305.0, 305.0, 305.0, 305.0, 305.0, 305.0, 305.0, 305.0, 305.0, 305.0, 305.0, 305.0, 305.0, 305.0, 305.0]	[0, 0, 0, 0, 0, 0, 0, 0, 0, 0, 0, 0, 0, 0, 0, 0, 0, 0, 0, 0, 0, 0, 0, 0, 0, 0, 0, 0, 0, 0, 0, 0, 0, 0, 1]	[0, 0, 0, 0, 0, 0, 0, 0, 0, 0, 0, 0, 0, 0, 0, 0, 0, 0, 0, 0, 0, 0, 0, 0, 0, 0, 0, 0, 0, 0, 0, 0, 0, 0, 0]	[0, 0, 0, 0, 0, 0, 0, 0, 0, 0, 0, 0, 0, 0, 0, 0, 0, 0, 0, 0, 0, 0, 0, 0, 0, 0, 0, 0, 0, 0, 0, 0, 0, 0, 0]	[0.00020410001161508262, 0.00983340002130717, 0.027082900021923706, 0.043411600025137886, 0.05971630002022721, 0.07623700000112876, 0.09313010002369992, 0.10966740001458675, 0.12669050000840798, 0.14310070002102293, 0.15966020000632852, 0.17637749999994412, 0.19319600000744686, 0.20967900002142414, 0.22601220000069588, 0.2427441000181716, 0.25957670001662336, 0.27601190001587383, 0.2926644000108354, 0.30915380001533777, 0.32601460002479143, 0.34250490000704303, 0.3592066000273917, 0.37586190001457, 0.39261210002587177, 0.4091987000138033, 0.4260521000251174, 0.4425989000010304, 0.4591696000134107, 0.47610560001339763, 0.4927515000163112, 0.5091226000222377, 0.5258673000207637, 0.5425751000002492, 0.5595120000070892]	183.0	305.0	0.5	5a
163	5	go_nogo	0	60	7	go	click	[46.0, 66.0, 89.0, 152.0, 214.0, 276.0, 317.0, 334.0, 335.0, 335.0, 333.0, 331.0, 329.0, 326.0, 320.0, 311.0, 296.0, 280.0, 267.0, 255.0, 246.0, 230.0, 221.0, 214.0, 209.0, 205.0, 203.0, 203.0, 203.0, 203.0, 203.0, 203.0, 203.0, 203.0, 203.0, 203.0, 203.0, 203.0, 203.0, 203.0, 203.0, 201.0, 201.0, 201.0, 201.0, 200.0, 200.0, 200.0, 200.0, 199.0, 199.0, 198.0, 198.0, 198.0, 198.0, 198.0, 198.0]	[-249.0, -180.0, -110.0, 47.0, 180.0, 303.0, 389.0, 419.0, 424.0, 425.0, 426.0, 426.0, 426.0, 423.0, 420.0, 414.0, 404.0, 392.0, 378.0, 361.0, 340.0, 300.0, 279.0, 265.0, 258.0, 253.0, 250.0, 250.0, 250.0, 250.0, 250.0, 250.0, 250.0, 250.0, 250.0, 250.0, 250.0, 250.0, 250.0, 250.0, 250.0, 252.0, 254.0, 256.0, 257.0, 258.0, 258.0, 259.0, 260.0, 263.0, 269.0, 275.0, 276.0, 276.0, 276.0, 276.0, 276.0]	[0, 0, 0, 0, 0, 0, 0, 0, 0, 0, 0, 0, 0, 0, 0, 0, 0, 0, 0, 0, 0, 0, 0, 0, 0, 0, 0, 0, 0, 0, 0, 0, 0, 0, 0, 0, 0, 0, 0, 0, 0, 0, 0, 0, 0, 0, 0, 0, 0, 0, 0, 0, 0, 0, 0, 0, 1]	[0, 0, 0, 0, 0, 0, 0, 0, 0, 0, 0, 0, 0, 0, 0, 0, 0, 0, 0, 0, 0, 0, 0, 0, 0, 0, 0, 0, 0, 0, 0, 0, 0, 0, 0, 0, 0, 0, 0, 0, 0, 0, 0, 0, 0, 0, 0, 0, 0, 0, 0, 0, 0, 0, 0, 0, 0]	[0, 0, 0, 0, 0, 0, 0, 0, 0, 0, 0, 0, 0, 0, 0, 0, 0, 0, 0, 0, 0, 0, 0, 0, 0, 0, 0, 0, 0, 0, 0, 0, 0, 0, 0, 0, 0, 0, 0, 0, 0, 0, 0, 0, 0, 0, 0, 0, 0, 0, 0, 0, 0, 0, 0, 0, 0]	[0.00017710000975057483, 0.010890200006542727, 0.026945599995087832, 0.043647599988617, 0.06027889999677427, 0.07696179999038577, 0.09367939998628572, 0.11075049999635667, 0.12689240000327118, 0.1436915000085719, 0.16033270000480115, 0.17753230000380427, 0.1939364999998361, 0.21083950001047924, 0.22694789999513887, 0.24374030000763014, 0.26009470000281, 0.27698560000862926, 0.29353150000679307, 0.3102303000050597, 0.3271921999985352, 0.3435706000018399, 0.36023560000467114, 0.37711830000625923, 0.39374569998472, 0.41033559999777935, 0.4265964000078384, 0.4432595999969635, 0.4600716999848373, 0.47656039998400956, 0.49310049999621697, 0.5100805999827571, 0.5264395999838598, 0.5431728000112344, 0.560294499999145, 0.5765724999946542, 0.5932030999974813, 0.6098617000097875, 0.6265881999861449, 0.643258700001752, 0.6600437999877613, 0.6770069999911357, 0.6933982000045944, 0.7100834999873769, 0.7268162000109442, 0.7431174000084866, 0.7598506000067573, 0.7767298999824561, 0.7936116000055335, 0.8100851000053808, 0.8267053999879863, 0.8433971999911591, 0.8603329999896232, 0.8767275999998674, 0.893136400001822, 0.9101461000100244, 0.9269410999841057]	198.0	276.0	0.9	5a
164	5	go_nogo	0	60	9	nogo	none	[56.0, 67.0, 75.0, 96.0, 117.0, 134.0, 144.0, 150.0, 152.0, 153.0, 153.0, 153.0, 153.0, 153.0, 153.0, 153.0, 153.0, 153.0, 153.0, 153.0, 153.0, 153.0, 154.0, 155.0, 156.0, 156.0, 156.0, 156.0, 156.0, 156.0, 156.0, 156.0, 156.0, 156.0, 156.0, 156.0, 156.0, 156.0, 156.0, 156.0, 156.0, 156.0, 156.0, 156.0, 156.0, 156.0, 156.0, 156.0, 156.0, 156.0, 156.0, 156.0, 156.0, 156.0, 156.0, 156.0, 156.0, 156.0, 156.0, 156.0, 156.0, 156.0, 156.0, 156.0, 156.0, 156.0, 156.0]	[-182.0, -114.0, -55.0, 64.0, 164.0, 229.0, 262.0, 281.0, 286.0, 289.0, 289.0, 289.0, 289.0, 289.0, 289.0, 289.0, 289.0, 289.0, 289.0, 289.0, 289.0, 289.0, 292.0, 295.0, 295.0, 295.0, 295.0, 295.0, 295.0, 295.0, 295.0, 295.0, 295.0, 295.0, 295.0, 295.0, 295.0, 295.0, 295.0, 295.0, 295.0, 295.0, 295.0, 295.0, 295.0, 295.0, 295.0, 295.0, 295.0, 295.0, 295.0, 295.0, 295.0, 295.0, 295.0, 295.0, 295.0, 295.0, 295.0, 295.0, 295.0, 295.0, 295.0, 295.0, 295.0, 295.0, 295.0]	[0, 0, 0, 0, 0, 0, 0, 0, 0, 0, 0, 0, 0, 0, 0, 0, 0, 0, 0, 0, 0, 0, 0, 0, 0, 0, 0, 0, 0, 0, 0, 0, 0, 0, 0, 0, 0, 0, 0, 0, 0, 0, 0, 0, 0, 0, 0, 0, 0, 0, 0, 0, 0, 0, 0, 0, 0, 0, 0, 0, 0, 0, 0, 0, 0, 0, 0]	[0, 0, 0, 0, 0, 0, 0, 0, 0, 0, 0, 0, 0, 0, 0, 0, 0, 0, 0, 0, 0, 0, 0, 0, 0, 0, 0, 0, 0, 0, 0, 0, 0, 0, 0, 0, 0, 0, 0, 0, 0, 0, 0, 0, 0, 0, 0, 0, 0, 0, 0, 0, 0, 0, 0, 0, 0, 0, 0, 0, 0, 0, 0, 0, 0, 0, 0]	[0, 0, 0, 0, 0, 0, 0, 0, 0, 0, 0, 0, 0, 0, 0, 0, 0, 0, 0, 0, 0, 0, 0, 0, 0, 0, 0, 0, 0, 0, 0, 0, 0, 0, 0, 0, 0, 0, 0, 0, 0, 0, 0, 0, 0, 0, 0, 0, 0, 0, 0, 0, 0, 0, 0, 0, 0, 0, 0, 0, 0, 0, 0, 0, 0, 0, 0]	[0.00019710001652128994, 0.008914600010029972, 0.02648349999799393, 0.04282250002142973, 0.05960780000896193, 0.07610900001600385, 0.09307480001007207, 0.10951790001126938, 0.12615230001392774, 0.14275220001582056, 0.1591093000024557, 0.17592530002002604, 0.19246360001852736, 0.20930889999726787, 0.2256113000039477, 0.24252210001577623, 0.2591662000049837, 0.2757495000259951, 0.29259820000152104, 0.3089876000012737, 0.32574270002078265, 0.34293340001022443, 0.3593105000036303, 0.3759260000078939, 0.3926093000045512, 0.40924570002243854, 0.4257849999994505, 0.4428572000178974, 0.4591318000166211, 0.475787900009891, 0.4924722000141628, 0.5091197000001557, 0.5259651000087615, 0.5424475000181701, 0.5593163000012282, 0.5756815000204369, 0.5924856000056025, 0.6093612000113353, 0.6257047000108287, 0.6423829999985173, 0.6590444000030402, 0.675686600006884, 0.6924053000111599, 0.7092579000163823, 0.7255602000223007, 0.7423192000132985, 0.7591802000242751, 0.7756279000022914, 0.7924575000070035, 0.8089888000104111, 0.8257090999977663, 0.8423922000220045, 0.8590388000011444, 0.8759235000179615, 0.8922982000221964, 0.9091522000089753, 0.925619400019059, 0.9422254000091925, 0.9589505000039935, 0.9757003000122495, 0.9923053000238724, 1.0089587999973446, 1.0256328000104986, 1.0423103000211995, 1.0592547999985982, 1.0761071000015363, 1.0923946000111755]	n/a	n/a	0.9	5a
165	5	go_nogo	0	60	3	go	click	[28.0, 28.0, 44.0, 69.0, 95.0, 111.0, 128.0, 135.0, 140.0, 142.0, 144.0, 145.0, 145.0, 145.0, 146.0, 152.0, 157.0, 159.0, 160.0, 160.0, 160.0, 161.0, 165.0, 170.0, 175.0, 176.0, 177.0, 177.0, 177.0, 177.0, 177.0]	[-209.0, -209.0, -156.0, -59.0, 20.0, 70.0, 122.0, 145.0, 160.0, 170.0, 177.0, 179.0, 179.0, 179.0, 183.0, 197.0, 212.0, 219.0, 220.0, 220.0, 220.0, 224.0, 233.0, 248.0, 264.0, 275.0, 278.0, 278.0, 278.0, 278.0, 278.0]	[0, 0, 0, 0, 0, 0, 0, 0, 0, 0, 0, 0, 0, 0, 0, 0, 0, 0, 0, 0, 0, 0, 0, 0, 0, 0, 0, 0, 0, 0, 1]	[0, 0, 0, 0, 0, 0, 0, 0, 0, 0, 0, 0, 0, 0, 0, 0, 0, 0, 0, 0, 0, 0, 0, 0, 0, 0, 0, 0, 0, 0, 0]	[0, 0, 0, 0, 0, 0, 0, 0, 0, 0, 0, 0, 0, 0, 0, 0, 0, 0, 0, 0, 0, 0, 0, 0, 0, 0, 0, 0, 0, 0, 0]	[0.00039049997576512396, 0.00841849998687394, 0.02520039997762069, 0.04180019997875206, 0.05834829999366775, 0.07536899999831803, 0.09192579999216832, 0.1085867999936454, 0.12499439998646267, 0.14228379999985918, 0.15829029999440536, 0.1749157999875024, 0.19145209999987856, 0.20832309999968857, 0.22495409997645766, 0.2417925999907311, 0.25847849997808225, 0.2750225999916438, 0.2914034999848809, 0.30804299999726936, 0.3253122999740299, 0.3416551999980584, 0.35820099999546073, 0.3751921999792103, 0.3917821999930311, 0.4084906999778468, 0.4248901999962982, 0.4413151999760885, 0.4580831999774091, 0.47474309999961406, 0.49180259997956455]	177.0	278.0	0.5	5a
166	5	go_nogo	0	60	9	nogo	none	[131.0, 131.0, 158.0, 209.0, 246.0, 263.0, 280.0, 283.0, 284.0, 284.0, 284.0, 284.0, 284.0, 284.0, 284.0, 284.0, 284.0, 284.0, 278.0, 266.0, 253.0, 239.0, 231.0, 227.0, 225.0, 225.0, 225.0, 225.0, 225.0, 225.0, 225.0, 225.0, 225.0, 225.0, 225.0, 225.0, 225.0, 225.0, 225.0, 225.0, 225.0, 225.0, 225.0, 225.0, 225.0, 225.0, 225.0, 225.0, 225.0, 225.0, 225.0, 225.0, 225.0, 225.0, 225.0, 225.0, 225.0, 225.0, 225.0, 225.0, 225.0, 225.0, 225.0, 225.0, 225.0, 225.0, 225.0]	[-132.0, -132.0, -51.0, 112.0, 212.0, 277.0, 320.0, 330.0, 332.0, 332.0, 332.0, 334.0, 342.0, 350.0, 352.0, 352.0, 352.0, 352.0, 352.0, 344.0, 334.0, 323.0, 315.0, 312.0, 310.0, 310.0, 310.0, 310.0, 310.0, 310.0, 310.0, 310.0, 310.0, 310.0, 310.0, 310.0, 310.0, 310.0, 310.0, 310.0, 310.0, 310.0, 310.0, 310.0, 310.0, 310.0, 310.0, 310.0, 310.0, 310.0, 310.0, 310.0, 310.0, 310.0, 310.0, 310.0, 310.0, 310.0, 310.0, 310.0, 310.0, 310.0, 310.0, 310.0, 310.0, 310.0, 310.0]	[0, 0, 0, 0, 0, 0, 0, 0, 0, 0, 0, 0, 0, 0, 0, 0, 0, 0, 0, 0, 0, 0, 0, 0, 0, 0, 0, 0, 0, 0, 0, 0, 0, 0, 0, 0, 0, 0, 0, 0, 0, 0, 0, 0, 0, 0, 0, 0, 0, 0, 0, 0, 0, 0, 0, 0, 0, 0, 0, 0, 0, 0, 0, 0, 0, 0, 0]	[0, 0, 0, 0, 0, 0, 0, 0, 0, 0, 0, 0, 0, 0, 0, 0, 0, 0, 0, 0, 0, 0, 0, 0, 0, 0, 0, 0, 0, 0, 0, 0, 0, 0, 0, 0, 0, 0, 0, 0, 0, 0, 0, 0, 0, 0, 0, 0, 0, 0, 0, 0, 0, 0, 0, 0, 0, 0, 0, 0, 0, 0, 0, 0, 0, 0, 0]	[0, 0, 0, 0, 0, 0, 0, 0, 0, 0, 0, 0, 0, 0, 0, 0, 0, 0, 0, 0, 0, 0, 0, 0, 0, 0, 0, 0, 0, 0, 0, 0, 0, 0, 0, 0, 0, 0, 0, 0, 0, 0, 0, 0, 0, 0, 0, 0, 0, 0, 0, 0, 0, 0, 0, 0, 0, 0, 0, 0, 0, 0, 0, 0, 0, 0, 0]	[0.0004484999808482826, 0.008450399996945634, 0.025205299985827878, 0.04167489998508245, 0.05843939998885617, 0.07511489998432808, 0.09211559998220764, 0.10887450000154786, 0.12482939998153597, 0.1414484999841079, 0.15813969998271205, 0.17492409999249503, 0.19168839999474585, 0.20853420000639744, 0.22473640000680462, 0.24161259998800233, 0.2581566000008024, 0.27508389999275096, 0.2916339999937918, 0.308427899988601, 0.3253056999819819, 0.34240979998139665, 0.35815699998056516, 0.3749281000054907, 0.3915432000067085, 0.4080870999896433, 0.4246975999849383, 0.4413297999999486, 0.45806519998586737, 0.474655600002734, 0.49153780000051484, 0.5080741999845486, 0.5247386999835726, 0.5413114999828395, 0.5582116000005044, 0.574687799991807, 0.5914665999880526, 0.6079618000076152, 0.6247131999989506, 0.6412326999998186, 0.6580434000061359, 0.6745034999912605, 0.6913577999803238, 0.7079812999872956, 0.7245970999938436, 0.7413377999910153, 0.7578436000039801, 0.7746150000020862, 0.7913733999885153, 0.807989599998109, 0.8247741999803111, 0.8412522999860812, 0.8579740999848582, 0.8747470999951474, 0.8912646999815479, 0.9078709000023082, 0.9246604999934789, 0.9412040000024717, 0.9580351999902632, 0.9746164999960456, 0.9911705999984406, 1.0077679999812972, 1.0244453999912366, 1.0412623999873176, 1.0579847999906633, 1.0745166999986395, 1.091287499992177]	n/a	n/a	0.5	5a
167	5	go_nogo	0	60	4	go	click	[20.0, 20.0, 30.0, 62.0, 118.0, 150.0, 178.0, 193.0, 200.0, 203.0, 203.0, 203.0, 203.0, 203.0, 203.0, 203.0, 203.0, 203.0, 203.0, 203.0, 203.0, 203.0, 204.0, 204.0, 204.0, 204.0, 204.0, 201.0, 200.0, 200.0]	[-188.0, -188.0, -133.0, -27.0, 127.0, 214.0, 282.0, 320.0, 340.0, 347.0, 347.0, 347.0, 347.0, 347.0, 347.0, 347.0, 347.0, 347.0, 347.0, 347.0, 347.0, 347.0, 347.0, 347.0, 347.0, 347.0, 342.0, 333.0, 327.0, 327.0]	[0, 0, 0, 0, 0, 0, 0, 0, 0, 0, 0, 0, 0, 0, 0, 0, 0, 0, 0, 0, 0, 0, 0, 0, 0, 0, 0, 0, 0, 1]	[0, 0, 0, 0, 0, 0, 0, 0, 0, 0, 0, 0, 0, 0, 0, 0, 0, 0, 0, 0, 0, 0, 0, 0, 0, 0, 0, 0, 0, 0]	[0, 0, 0, 0, 0, 0, 0, 0, 0, 0, 0, 0, 0, 0, 0, 0, 0, 0, 0, 0, 0, 0, 0, 0, 0, 0, 0, 0, 0, 0]	[0.0003415000101085752, 0.006834900006651878, 0.024054700013948604, 0.040501700015738606, 0.05711880000308156, 0.0742004000057932, 0.0903429000172764, 0.1072926000051666, 0.12404660001629964, 0.14043520000996068, 0.15678830002434552, 0.1736158000130672, 0.19030600000405684, 0.20686500001465902, 0.2234566000115592, 0.24022790000890382, 0.25702720001572743, 0.27365930000087246, 0.29022590001113713, 0.3068970000022091, 0.32346690000849776, 0.34059910001815297, 0.35673420000239275, 0.3734707999974489, 0.3902447000145912, 0.40717340001720004, 0.4237744999991264, 0.4403691000188701, 0.4567873000050895, 0.4735025000118185]	200.0	327.0	0.5	5a
168	5	go_nogo	0	60	7	go	click	[24.0, 24.0, 42.0, 84.0, 119.0, 136.0, 147.0, 149.0, 149.0, 149.0, 149.0, 149.0, 151.0, 154.0, 155.0, 155.0, 155.0, 155.0, 155.0, 158.0, 167.0, 169.0, 170.0, 170.0, 170.0, 170.0, 170.0, 170.0, 170.0, 170.0, 170.0, 170.0]	[-67.0, -67.0, 17.0, 175.0, 286.0, 332.0, 350.0, 354.0, 355.0, 355.0, 355.0, 355.0, 358.0, 363.0, 364.0, 364.0, 364.0, 364.0, 364.0, 353.0, 329.0, 322.0, 321.0, 321.0, 321.0, 321.0, 321.0, 320.0, 320.0, 320.0, 320.0, 320.0]	[0, 0, 0, 0, 0, 0, 0, 0, 0, 0, 0, 0, 0, 0, 0, 0, 0, 0, 0, 0, 0, 0, 0, 0, 0, 0, 0, 0, 0, 0, 0, 1]	[0, 0, 0, 0, 0, 0, 0, 0, 0, 0, 0, 0, 0, 0, 0, 0, 0, 0, 0, 0, 0, 0, 0, 0, 0, 0, 0, 0, 0, 0, 0, 0]	[0, 0, 0, 0, 0, 0, 0, 0, 0, 0, 0, 0, 0, 0, 0, 0, 0, 0, 0, 0, 0, 0, 0, 0, 0, 0, 0, 0, 0, 0, 0, 0]	[0.00035370001569390297, 0.008226700010709465, 0.025187799998093396, 0.041756899998290464, 0.05857240001205355, 0.07521579999593087, 0.09174890001304448, 0.10849529999541119, 0.12510990002192557, 0.1417383000080008, 0.15813980001257733, 0.17519589999574237, 0.19156950002070516, 0.20877690002089366, 0.2248062000144273, 0.24161860000458546, 0.25809590000426397, 0.274758000014117, 0.29172180002206005, 0.30848690000129864, 0.3249675999977626, 0.3418676000146661, 0.35814810000010766, 0.37471970001934096, 0.3915368000161834, 0.4080891000048723, 0.42502860000240617, 0.4416667000041343, 0.4579444999981206, 0.47478449999471195, 0.4913718000170775, 0.5083543000218924]	170.0	320.0	0.8	5a
169	5	go_nogo	0	60	2	go	click	[132.0, 132.0, 156.0, 199.0, 229.0, 247.0, 256.0, 256.0, 256.0, 256.0, 256.0, 256.0, 256.0, 256.0, 256.0, 256.0, 256.0, 256.0, 255.0, 247.0, 238.0, 231.0, 225.0, 219.0, 219.0, 219.0, 219.0, 219.0, 219.0, 219.0, 219.0, 219.0]	[-25.0, -25.0, 64.0, 199.0, 286.0, 324.0, 344.0, 349.0, 350.0, 350.0, 350.0, 350.0, 351.0, 357.0, 358.0, 358.0, 358.0, 358.0, 357.0, 343.0, 326.0, 310.0, 301.0, 293.0, 292.0, 291.0, 291.0, 291.0, 291.0, 291.0, 291.0, 291.0]	[0, 0, 0, 0, 0, 0, 0, 0, 0, 0, 0, 0, 0, 0, 0, 0, 0, 0, 0, 0, 0, 0, 0, 0, 0, 0, 0, 0, 0, 0, 0, 1]	[0, 0, 0, 0, 0, 0, 0, 0, 0, 0, 0, 0, 0, 0, 0, 0, 0, 0, 0, 0, 0, 0, 0, 0, 0, 0, 0, 0, 0, 0, 0, 0]	[0, 0, 0, 0, 0, 0, 0, 0, 0, 0, 0, 0, 0, 0, 0, 0, 0, 0, 0, 0, 0, 0, 0, 0, 0, 0, 0, 0, 0, 0, 0, 0]	[0.00034779999987222254, 0.006605600006878376, 0.023514100001193583, 0.040232100000139326, 0.0572503000148572, 0.07354450001730584, 0.09043100001872517, 0.10681520000798628, 0.12324260000605136, 0.14000270000542514, 0.1565073000092525, 0.17337610002141446, 0.19061270001111552, 0.2067150000075344, 0.2231997000053525, 0.23983070001122542, 0.2564385000150651, 0.2737055000034161, 0.2901119000161998, 0.30682970001362264, 0.32362199999624863, 0.3401206000125967, 0.35702530000708066, 0.37350320001132786, 0.3903681000228971, 0.40644390002125874, 0.42341220000525936, 0.4397700999979861, 0.45647080001072027, 0.4731659000099171, 0.4897977000218816, 0.5068425000063144]	219.0	291.0	1.0	5a
170	5	go_nogo	0	60	9	nogo	none	[114.0, 114.0, 127.0, 149.0, 171.0, 184.0, 192.0, 196.0, 197.0, 198.0, 198.0, 198.0, 198.0, 198.0, 198.0, 198.0, 198.0, 198.0, 198.0, 198.0]	[-69.0, -69.0, -8.0, 107.0, 200.0, 242.0, 267.0, 284.0, 299.0, 306.0, 306.0, 306.0, 306.0, 306.0, 306.0, 306.0, 306.0, 306.0, 306.0, 306.0]	[0, 0, 0, 0, 0, 0, 0, 0, 0, 0, 0, 0, 0, 0, 0, 0, 0, 0, 0, 1]	[0, 0, 0, 0, 0, 0, 0, 0, 0, 0, 0, 0, 0, 0, 0, 0, 0, 0, 0, 0]	[0, 0, 0, 0, 0, 0, 0, 0, 0, 0, 0, 0, 0, 0, 0, 0, 0, 0, 0, 0]	[0.00033999999868683517, 0.007552900002337992, 0.02432510000653565, 0.040852799982530996, 0.05788199999369681, 0.07433159998618066, 0.09081749999313615, 0.1076969999994617, 0.12441029999172315, 0.14067339999019168, 0.15742430000682361, 0.17403490000288002, 0.19084860000293702, 0.20741780000389554, 0.2240225999848917, 0.24057169997831807, 0.2573715999897104, 0.2742623999947682, 0.29054039999027736, 0.30763749999459833]	198.0	306.0	0.5	5a
171	5	go_nogo	0	60	8	go	click	[11.0, 11.0, 16.0, 34.0, 47.0, 63.0, 73.0, 79.0, 83.0, 85.0, 86.0, 87.0, 89.0, 90.0, 91.0, 91.0, 91.0, 91.0, 93.0, 107.0, 124.0, 137.0, 148.0, 151.0, 151.0, 151.0, 151.0, 152.0, 153.0, 153.0, 153.0]	[-230.0, -230.0, -176.0, -65.0, 37.0, 124.0, 155.0, 176.0, 191.0, 198.0, 201.0, 206.0, 214.0, 219.0, 220.0, 220.0, 221.0, 221.0, 221.0, 232.0, 249.0, 267.0, 283.0, 287.0, 287.0, 288.0, 288.0, 291.0, 295.0, 297.0, 297.0]	[0, 0, 0, 0, 0, 0, 0, 0, 0, 0, 0, 0, 0, 0, 0, 0, 0, 0, 0, 0, 0, 0, 0, 0, 0, 0, 0, 0, 0, 0, 1]	[0, 0, 0, 0, 0, 0, 0, 0, 0, 0, 0, 0, 0, 0, 0, 0, 0, 0, 0, 0, 0, 0, 0, 0, 0, 0, 0, 0, 0, 0, 0]	[0, 0, 0, 0, 0, 0, 0, 0, 0, 0, 0, 0, 0, 0, 0, 0, 0, 0, 0, 0, 0, 0, 0, 0, 0, 0, 0, 0, 0, 0, 0]	[0.0004180000105407089, 0.008365400019101799, 0.025143200007732958, 0.041521200007991865, 0.05818540000473149, 0.07484220000333153, 0.09145440001157112, 0.10810910002328455, 0.12495040000067092, 0.1414126000017859, 0.15834510000422597, 0.1747343000024557, 0.19145450001815334, 0.20830890000797808, 0.22453619999578223, 0.24164260001271032, 0.25786410001455806, 0.2744198000000324, 0.2913432000204921, 0.3087158999987878, 0.32494280001264997, 0.3416031000087969, 0.35827680001966655, 0.37452979999943636, 0.3913753000088036, 0.40804280000156723, 0.4246317000070121, 0.4414378000074066, 0.4582354000012856, 0.474476000003051, 0.49150400000507943]	153.0	297.0	0.8	5a
172	5	go_nogo	0	60	2	go	click	[63.0, 63.0, 80.0, 105.0, 130.0, 149.0, 160.0, 168.0, 169.0, 169.0, 169.0, 169.0, 169.0, 169.0, 170.0, 170.0, 170.0, 170.0, 170.0, 170.0, 170.0, 170.0, 170.0, 170.0, 170.0]	[-127.0, -127.0, -67.0, 53.0, 150.0, 213.0, 244.0, 259.0, 263.0, 264.0, 264.0, 264.0, 264.0, 264.0, 265.0, 266.0, 266.0, 266.0, 266.0, 266.0, 266.0, 266.0, 266.0, 266.0, 266.0]	[0, 0, 0, 0, 0, 0, 0, 0, 0, 0, 0, 0, 0, 0, 0, 0, 0, 0, 0, 0, 0, 0, 0, 0, 1]	[0, 0, 0, 0, 0, 0, 0, 0, 0, 0, 0, 0, 0, 0, 0, 0, 0, 0, 0, 0, 0, 0, 0, 0, 0]	[0, 0, 0, 0, 0, 0, 0, 0, 0, 0, 0, 0, 0, 0, 0, 0, 0, 0, 0, 0, 0, 0, 0, 0, 0]	[0.00036089998320676386, 0.007744499976979569, 0.024694199993973598, 0.04146889998810366, 0.057750599982682616, 0.07442189997527748, 0.09111309997388162, 0.10787209999398328, 0.12449879999621771, 0.14094409998506308, 0.15754599997308105, 0.17437529997550882, 0.1911007999733556, 0.20779429998947307, 0.2246216999774333, 0.24091739999130368, 0.25748099997872487, 0.2744405999837909, 0.2909203999734018, 0.3074454999878071, 0.3242434999847319, 0.3408577999798581, 0.35767099997610785, 0.3741940999752842, 0.3907799999869894]	170.0	266.0	0.9	5a
173	5	go_nogo	0	60	2	go	click	[84.0, 84.0, 111.0, 155.0, 193.0, 218.0, 232.0, 240.0, 240.0, 239.0, 238.0, 238.0, 238.0, 237.0, 237.0, 237.0, 237.0, 237.0, 237.0, 237.0, 236.0, 235.0, 234.0, 234.0, 234.0]	[-204.0, -204.0, -134.0, 12.0, 123.0, 217.0, 277.0, 322.0, 333.0, 337.0, 339.0, 339.0, 339.0, 340.0, 342.0, 342.0, 342.0, 342.0, 342.0, 342.0, 342.0, 338.0, 336.0, 336.0, 336.0]	[0, 0, 0, 0, 0, 0, 0, 0, 0, 0, 0, 0, 0, 0, 0, 0, 0, 0, 0, 0, 0, 0, 0, 0, 1]	[0, 0, 0, 0, 0, 0, 0, 0, 0, 0, 0, 0, 0, 0, 0, 0, 0, 0, 0, 0, 0, 0, 0, 0, 0]	[0, 0, 0, 0, 0, 0, 0, 0, 0, 0, 0, 0, 0, 0, 0, 0, 0, 0, 0, 0, 0, 0, 0, 0, 0]	[0.00040309998439624906, 0.010902799986070022, 0.027649199997540563, 0.04411729998537339, 0.06085999999777414, 0.07781059999251738, 0.09405979997245595, 0.1108630999806337, 0.1275792999949772, 0.14449099998455495, 0.16062089998740703, 0.17725849998532794, 0.1944319999893196, 0.21079729998018593, 0.227404299977934, 0.2442482999758795, 0.26074299999163486, 0.2772254999727011, 0.2937622999888845, 0.3105113999918103, 0.3276517999765929, 0.34411399997770786, 0.3606775999942329, 0.3771658999903593, 0.394210899976315]	234.0	336.0	1.0	5a
174	5	go_nogo	0	60	2	go	click	[37.0, 37.0, 47.0, 72.0, 95.0, 117.0, 134.0, 138.0, 139.0, 140.0, 141.0, 142.0, 149.0, 155.0, 157.0, 157.0, 157.0, 157.0, 157.0, 157.0, 158.0, 160.0, 160.0, 160.0, 160.0, 160.0, 160.0]	[-188.0, -188.0, -136.0, -16.0, 80.0, 143.0, 183.0, 193.0, 197.0, 200.0, 204.0, 212.0, 227.0, 243.0, 249.0, 250.0, 250.0, 250.0, 250.0, 250.0, 253.0, 258.0, 260.0, 261.0, 261.0, 261.0, 261.0]	[0, 0, 0, 0, 0, 0, 0, 0, 0, 0, 0, 0, 0, 0, 0, 0, 0, 0, 0, 0, 0, 0, 0, 0, 0, 0, 1]	[0, 0, 0, 0, 0, 0, 0, 0, 0, 0, 0, 0, 0, 0, 0, 0, 0, 0, 0, 0, 0, 0, 0, 0, 0, 0, 0]	[0, 0, 0, 0, 0, 0, 0, 0, 0, 0, 0, 0, 0, 0, 0, 0, 0, 0, 0, 0, 0, 0, 0, 0, 0, 0, 0]	[0.0004459999909158796, 0.010797499999171123, 0.02738310000859201, 0.044137799995951355, 0.06077519999234937, 0.07754070000373758, 0.09440190001623705, 0.11104580000392161, 0.1275030999968294, 0.14402100001461804, 0.1610276999999769, 0.17733229999430478, 0.19403590000001714, 0.2107601000170689, 0.22763410001061857, 0.24402879999252036, 0.26042710000183433, 0.2772578000149224, 0.29377089999616146, 0.31067440001061186, 0.327470699994592, 0.3441315999953076, 0.3607266999897547, 0.3771032000076957, 0.3938333000114653, 0.410505000007106, 0.42739090000395663]	160.0	261.0	0.6	5a
175	6	go_only	0	18	3	go	click	[66.0, 66.0, 95.0, 128.0, 142.0, 145.0, 145.0, 143.0, 143.0, 143.0, 143.0, 143.0, 143.0, 156.0, 166.0, 170.0, 172.0, 174.0, 175.0, 177.0, 179.0, 180.0, 180.0, 180.0, 180.0, 180.0, 181.0, 181.0, 182.0, 182.0, 182.0]	[-101.0, -101.0, 62.0, 184.0, 226.0, 256.0, 278.0, 295.0, 306.0, 308.0, 310.0, 314.0, 324.0, 357.0, 379.0, 386.0, 386.0, 384.0, 371.0, 355.0, 345.0, 343.0, 343.0, 343.0, 343.0, 342.0, 338.0, 335.0, 334.0, 334.0, 334.0]	[0, 0, 0, 0, 0, 0, 0, 0, 0, 0, 0, 0, 0, 0, 0, 0, 0, 0, 0, 0, 0, 0, 0, 0, 0, 0, 0, 0, 0, 0, 1]	[0, 0, 0, 0, 0, 0, 0, 0, 0, 0, 0, 0, 0, 0, 0, 0, 0, 0, 0, 0, 0, 0, 0, 0, 0, 0, 0, 0, 0, 0, 0]	[0, 0, 0, 0, 0, 0, 0, 0, 0, 0, 0, 0, 0, 0, 0, 0, 0, 0, 0, 0, 0, 0, 0, 0, 0, 0, 0, 0, 0, 0, 0]	[0.000242199981585145, 0.010245499986922368, 0.026724099996499717, 0.042993999988539144, 0.059759800002211705, 0.076275400002487, 0.09292629998526536, 0.1096319000062067, 0.12632889999076724, 0.1429919000074733, 0.1596367000020109, 0.17628499999409541, 0.1934703000006266, 0.20969940000213683, 0.2269860999949742, 0.24272449998534285, 0.2602325000043493, 0.2761592000024393, 0.29287040000781417, 0.3095305000024382, 0.32630909999716096, 0.34269940000376664, 0.35924859999795444, 0.3760339999862481, 0.39291870000306517, 0.4095736999879591, 0.42645959998480976, 0.4428436000016518, 0.45935069999541156, 0.4759883999940939, 0.4930494999862276]	182.0	334.0	0.9	5a
176	6	go_only	0	18	7	go	click	[44.0, 44.0, 56.0, 84.0, 105.0, 138.0, 161.0, 172.0, 177.0, 177.0, 177.0, 177.0, 177.0, 179.0, 180.0, 180.0, 180.0, 180.0, 182.0, 190.0, 197.0, 202.0, 203.0, 203.0, 203.0, 203.0, 203.0, 203.0]	[-209.0, -209.0, -165.0, -74.0, -11.0, 77.0, 151.0, 188.0, 204.0, 206.0, 207.0, 207.0, 207.0, 208.0, 208.0, 208.0, 208.0, 208.0, 213.0, 236.0, 259.0, 276.0, 282.0, 282.0, 282.0, 282.0, 282.0, 282.0]	[0, 0, 0, 0, 0, 0, 0, 0, 0, 0, 0, 0, 0, 0, 0, 0, 0, 0, 0, 0, 0, 0, 0, 0, 0, 0, 0, 1]	[0, 0, 0, 0, 0, 0, 0, 0, 0, 0, 0, 0, 0, 0, 0, 0, 0, 0, 0, 0, 0, 0, 0, 0, 0, 0, 0, 0]	[0, 0, 0, 0, 0, 0, 0, 0, 0, 0, 0, 0, 0, 0, 0, 0, 0, 0, 0, 0, 0, 0, 0, 0, 0, 0, 0, 0]	[0.00020060001406818628, 0.010174499999266118, 0.026699100009864196, 0.04313639999600127, 0.060001100006047636, 0.07704900001408532, 0.09306240000296384, 0.10993800000869669, 0.12644240001100115, 0.14330460000201128, 0.15974820000701584, 0.1761508000199683, 0.19314899999881163, 0.2097817000176292, 0.2263317000179086, 0.24289080000016838, 0.2594600000011269, 0.2768160999985412, 0.2930294999969192, 0.3096209000214003, 0.3265125000034459, 0.3429770000220742, 0.3597226999991108, 0.3761227000213694, 0.3928355000098236, 0.40938769999775104, 0.4260690000082832, 0.44349659999716096]	203.0	282.0	1.0	5a
177	6	go_only	0	18	8	go	click	[99.0, 99.0, 116.0, 136.0, 145.0, 155.0, 162.0, 168.0, 172.0, 175.0, 175.0, 175.0, 176.0, 177.0, 177.0, 177.0, 177.0, 177.0, 177.0, 177.0, 177.0, 177.0]	[-104.0, -104.0, -43.0, 56.0, 133.0, 188.0, 228.0, 255.0, 274.0, 285.0, 288.0, 288.0, 291.0, 295.0, 295.0, 296.0, 296.0, 296.0, 296.0, 296.0, 296.0, 296.0]	[0, 0, 0, 0, 0, 0, 0, 0, 0, 0, 0, 0, 0, 0, 0, 0, 0, 0, 0, 0, 0, 1]	[0, 0, 0, 0, 0, 0, 0, 0, 0, 0, 0, 0, 0, 0, 0, 0, 0, 0, 0, 0, 0, 0]	[0, 0, 0, 0, 0, 0, 0, 0, 0, 0, 0, 0, 0, 0, 0, 0, 0, 0, 0, 0, 0, 0]	[0.0004414999857544899, 0.0076314999896567315, 0.02492070000153035, 0.04123179998714477, 0.0582896999840159, 0.0746008999994956, 0.09120460000121966, 0.10802779998630285, 0.12475160000030883, 0.14117489999625832, 0.15778969999519177, 0.17462859998340718, 0.1915240999951493, 0.20771739998599514, 0.22447099999408238, 0.24091629998292774, 0.2574847999785561, 0.27419189998181537, 0.2910183999920264, 0.30757819997961633, 0.32429779999074526, 0.3412571999942884]	177.0	296.0	0.9	5a
178	6	go_only	0	18	6	go	click	[71.0, 71.0, 79.0, 89.0, 105.0, 115.0, 125.0, 136.0, 145.0, 153.0, 155.0, 156.0, 157.0, 158.0, 158.0, 158.0, 158.0, 158.0, 158.0, 158.0, 164.0, 167.0, 171.0, 171.0, 172.0, 172.0, 173.0, 175.0, 176.0]	[-177.0, -177.0, -126.0, -21.0, 36.0, 67.0, 96.0, 123.0, 147.0, 164.0, 171.0, 179.0, 187.0, 191.0, 192.0, 192.0, 192.0, 192.0, 192.0, 193.0, 211.0, 235.0, 268.0, 275.0, 280.0, 286.0, 295.0, 306.0, 311.0]	[0, 0, 0, 0, 0, 0, 0, 0, 0, 0, 0, 0, 0, 0, 0, 0, 0, 0, 0, 0, 0, 0, 0, 0, 0, 0, 0, 0, 1]	[0, 0, 0, 0, 0, 0, 0, 0, 0, 0, 0, 0, 0, 0, 0, 0, 0, 0, 0, 0, 0, 0, 0, 0, 0, 0, 0, 0, 0]	[0, 0, 0, 0, 0, 0, 0, 0, 0, 0, 0, 0, 0, 0, 0, 0, 0, 0, 0, 0, 0, 0, 0, 0, 0, 0, 0, 0, 0]	[0.00040099999750964344, 0.007727799995336682, 0.024836900003720075, 0.04128900001524016, 0.057876600010786206, 0.07453839998925105, 0.09115409999503754, 0.1080198000126984, 0.12446339998859912, 0.14122270001098514, 0.15830999999889173, 0.1748002000094857, 0.19132740001077764, 0.20797740001580678, 0.2244426000106614, 0.24094200000399724, 0.2575952000042889, 0.27418730000499636, 0.29112629999872297, 0.3079157999891322, 0.3245192999893334, 0.34113889999571256, 0.35772140001063235, 0.37456299999030307, 0.3914394000021275, 0.40788439998868853, 0.42458130000159144, 0.4409753000072669, 0.4582225999911316]	176.0	311.0	0.9	5a
179	6	go_only	0	18	4	go	click	[84.0, 84.0, 108.0, 147.0, 170.0, 185.0, 193.0, 196.0, 196.0, 198.0, 198.0, 198.0, 195.0, 193.0, 193.0, 193.0, 193.0, 193.0, 193.0, 193.0, 193.0, 193.0, 193.0, 193.0, 193.0, 193.0, 193.0, 193.0, 192.0, 191.0, 190.0, 190.0, 189.0, 187.0, 186.0, 186.0, 186.0, 186.0, 186.0]	[-180.0, -180.0, -95.0, 74.0, 201.0, 256.0, 277.0, 290.0, 298.0, 318.0, 331.0, 341.0, 362.0, 374.0, 374.0, 374.0, 374.0, 374.0, 374.0, 374.0, 374.0, 374.0, 374.0, 374.0, 374.0, 374.0, 374.0, 372.0, 368.0, 366.0, 359.0, 354.0, 345.0, 328.0, 319.0, 316.0, 314.0, 314.0, 314.0]	[0, 0, 0, 0, 0, 0, 0, 0, 0, 0, 0, 0, 0, 0, 0, 0, 0, 0, 0, 0, 1, 1, 1, 1, 1, 0, 0, 0, 0, 0, 0, 0, 0, 0, 0, 0, 0, 0, 1]	[0, 0, 0, 0, 0, 0, 0, 0, 0, 0, 0, 0, 0, 0, 0, 0, 0, 0, 0, 0, 0, 0, 0, 0, 0, 0, 0, 0, 0, 0, 0, 0, 0, 0, 0, 0, 0, 0, 0]	[0, 0, 0, 0, 0, 0, 0, 0, 0, 0, 0, 0, 0, 0, 0, 0, 0, 0, 0, 0, 0, 0, 0, 0, 0, 0, 0, 0, 0, 0, 0, 0, 0, 0, 0, 0, 0, 0, 0]	[0.0003381000133231282, 0.008346300019184127, 0.024932100001024082, 0.04162010000436567, 0.05849950000992976, 0.07503989999531768, 0.09192430000985041, 0.10814039999968372, 0.12514170000213198, 0.14156859999638982, 0.15906619999441318, 0.1753954000014346, 0.19216299999970943, 0.20803540002088994, 0.22491920000175014, 0.24127890000818297, 0.25811460000113584, 0.2746006000088528, 0.29128320000017993, 0.30825120001100004, 0.3250350000162143, 0.3412772000010591, 0.35788500000489876, 0.37477630001376383, 0.3914927000005264, 0.40831290002097376, 0.4252801999973599, 0.4417910000192933, 0.45807950000744313, 0.4749248000152875, 0.49147460001404397, 0.5082038000109605, 0.5251339999958873, 0.5415614999947138, 0.5585562000051141, 0.5748829999938607, 0.5910000000149012, 0.6079052000131924, 0.6247650000150315]	186.0	314.0	0.5	5a
180	6	go_only	0	18	3	go	click	[55.0, 55.0, 86.0, 107.0, 119.0, 129.0, 137.0, 143.0, 146.0, 147.0, 148.0, 148.0, 149.0, 149.0, 149.0, 149.0, 149.0, 150.0, 161.0, 173.0, 181.0, 185.0, 188.0, 188.0, 188.0, 188.0, 188.0]	[-228.0, -228.0, -99.0, 8.0, 68.0, 105.0, 133.0, 154.0, 169.0, 184.0, 194.0, 199.0, 202.0, 202.0, 202.0, 202.0, 202.0, 205.0, 226.0, 252.0, 277.0, 294.0, 302.0, 304.0, 305.0, 307.0, 307.0]	[0, 0, 0, 0, 0, 0, 0, 0, 0, 0, 0, 0, 0, 0, 0, 0, 0, 0, 0, 0, 0, 0, 0, 0, 0, 0, 1]	[0, 0, 0, 0, 0, 0, 0, 0, 0, 0, 0, 0, 0, 0, 0, 0, 0, 0, 0, 0, 0, 0, 0, 0, 0, 0, 0]	[0, 0, 0, 0, 0, 0, 0, 0, 0, 0, 0, 0, 0, 0, 0, 0, 0, 0, 0, 0, 0, 0, 0, 0, 0, 0, 0]	[0.0002035000070463866, 0.01032230001874268, 0.026585400017211214, 0.04334709999966435, 0.06025260000023991, 0.07642280001891777, 0.09340440001687966, 0.10988279999583028, 0.1263868999958504, 0.14308120001805946, 0.15977910000947304, 0.1764961000008043, 0.1931334999972023, 0.20954490001895465, 0.22633970002061687, 0.24286470000515692, 0.2596059000061359, 0.2764782000158448, 0.29292390000773594, 0.3098144000105094, 0.32633830001577735, 0.3432397000142373, 0.3596179000160191, 0.37624569999752566, 0.3932634000084363, 0.40935140001238324, 0.42634950001956895]	188.0	307.0	0.5	5a
181	6	go_only	0	18	4	go	click	[129.0, 155.0, 178.0, 223.0, 250.0, 265.0, 269.0, 271.0, 271.0, 271.0, 271.0, 271.0, 271.0, 271.0, 271.0, 271.0, 264.0, 255.0, 252.0, 252.0, 252.0, 251.0, 249.0, 245.0, 241.0, 239.0, 239.0]	[-156.0, -90.0, -25.0, 95.0, 185.0, 242.0, 274.0, 295.0, 301.0, 303.0, 303.0, 303.0, 303.0, 303.0, 303.0, 303.0, 293.0, 283.0, 281.0, 281.0, 281.0, 281.0, 281.0, 282.0, 282.0, 282.0, 282.0]	[0, 0, 0, 0, 0, 0, 0, 0, 0, 0, 0, 0, 0, 0, 0, 0, 0, 0, 0, 0, 0, 0, 0, 0, 0, 0, 1]	[0, 0, 0, 0, 0, 0, 0, 0, 0, 0, 0, 0, 0, 0, 0, 0, 0, 0, 0, 0, 0, 0, 0, 0, 0, 0, 0]	[0, 0, 0, 0, 0, 0, 0, 0, 0, 0, 0, 0, 0, 0, 0, 0, 0, 0, 0, 0, 0, 0, 0, 0, 0, 0, 0]	[0.0005730999982915819, 0.007910000014817342, 0.024648899998283014, 0.04144979998818599, 0.058075300010386854, 0.07463360001565889, 0.09130289999302477, 0.1082851999963168, 0.12497480001184158, 0.14117889999761246, 0.15774699999019504, 0.17433450001408346, 0.19107969998731278, 0.20769010001095012, 0.2243888000084553, 0.24187070000334643, 0.2582248999970034, 0.274527700006729, 0.2910342999966815, 0.30768619998707436, 0.32449759999872185, 0.34123469999758527, 0.3578902999870479, 0.3747735999932047, 0.3916247999877669, 0.40797609998844564, 0.4250565000111237]	239.0	282.0	0.7	5a
182	6	go_only	0	18	6	go	click	[58.0, 72.0, 83.0, 98.0, 107.0, 110.0, 114.0, 120.0, 125.0, 132.0, 135.0, 137.0, 137.0, 139.0, 148.0, 159.0, 165.0, 165.0, 165.0, 165.0, 166.0, 172.0, 178.0, 184.0, 186.0, 186.0]	[-205.0, -145.0, -85.0, 13.0, 82.0, 132.0, 163.0, 184.0, 197.0, 211.0, 218.0, 221.0, 221.0, 227.0, 244.0, 258.0, 266.0, 266.0, 266.0, 266.0, 267.0, 275.0, 282.0, 292.0, 295.0, 295.0]	[0, 0, 0, 0, 0, 0, 0, 0, 0, 0, 0, 0, 0, 0, 0, 0, 0, 0, 0, 0, 0, 0, 0, 0, 0, 1]	[0, 0, 0, 0, 0, 0, 0, 0, 0, 0, 0, 0, 0, 0, 0, 0, 0, 0, 0, 0, 0, 0, 0, 0, 0, 0]	[0, 0, 0, 0, 0, 0, 0, 0, 0, 0, 0, 0, 0, 0, 0, 0, 0, 0, 0, 0, 0, 0, 0, 0, 0, 0]	[0.000423500023316592, 0.007848300010664389, 0.02528040000470355, 0.04160240001510829, 0.05804480001097545, 0.07497810001950711, 0.09124570002313703, 0.10792500001844019, 0.12467400002060458, 0.14127960000769235, 0.15793140002642758, 0.17440160000114702, 0.19135360000655055, 0.2082007999997586, 0.2251752000011038, 0.241327600000659, 0.25773599999956787, 0.27436150002176873, 0.291123900009552, 0.30812140001216903, 0.3245537000184413, 0.34140500001376495, 0.3580103999993298, 0.3748038000194356, 0.3910244000144303, 0.408247500017751]	186.0	295.0	0.8	5a
183	6	go_only	0	18	4	go	click	[52.0, 63.0, 77.0, 103.0, 130.0, 149.0, 160.0, 166.0, 168.0, 169.0, 173.0, 179.0, 182.0, 183.0, 183.0, 184.0, 184.0, 184.0, 184.0, 184.0, 185.0, 186.0, 186.0, 186.0, 186.0]	[-179.0, -120.0, -55.0, 50.0, 128.0, 194.0, 231.0, 254.0, 266.0, 273.0, 281.0, 296.0, 302.0, 305.0, 305.0, 305.0, 305.0, 305.0, 305.0, 305.0, 309.0, 310.0, 310.0, 310.0, 310.0]	[0, 0, 0, 0, 0, 0, 0, 0, 0, 0, 0, 0, 0, 0, 0, 0, 0, 0, 0, 0, 0, 0, 0, 0, 1]	[0, 0, 0, 0, 0, 0, 0, 0, 0, 0, 0, 0, 0, 0, 0, 0, 0, 0, 0, 0, 0, 0, 0, 0, 0]	[0, 0, 0, 0, 0, 0, 0, 0, 0, 0, 0, 0, 0, 0, 0, 0, 0, 0, 0, 0, 0, 0, 0, 0, 0]	[0.0003541999903973192, 0.008594399987487122, 0.026316599978599697, 0.04216009998344816, 0.05895569999120198, 0.07546399999409914, 0.0922075999842491, 0.10899469998548739, 0.1254309999931138, 0.14239029999589548, 0.15902539997478016, 0.17549059999873862, 0.19242329997359775, 0.2086319999943953, 0.22516649999306537, 0.24197379997349344, 0.25854579999577254, 0.27515069997753017, 0.2917905999929644, 0.30880199998500757, 0.3253631999832578, 0.34184039998217486, 0.35862219997216016, 0.3752198999864049, 0.39218769999570213]	186.0	310.0	0.7	5a
184	6	go_only	0	18	8	go	click	[124.0, 124.0, 124.0, 169.0, 189.0, 192.0, 194.0, 195.0, 195.0, 195.0, 195.0, 195.0, 195.0, 195.0, 195.0, 195.0, 195.0, 194.0, 194.0, 194.0, 194.0, 194.0, 193.0, 191.0, 190.0, 190.0, 190.0]	[-16.0, -16.0, -16.0, 232.0, 328.0, 330.0, 339.0, 340.0, 340.0, 340.0, 340.0, 340.0, 340.0, 340.0, 340.0, 338.0, 332.0, 328.0, 328.0, 328.0, 328.0, 328.0, 325.0, 317.0, 312.0, 311.0, 311.0]	[0, 0, 0, 0, 0, 0, 0, 0, 0, 0, 0, 0, 0, 0, 0, 0, 0, 0, 0, 0, 0, 0, 0, 0, 0, 0, 1]	[0, 0, 0, 0, 0, 0, 0, 0, 0, 0, 0, 0, 0, 0, 0, 0, 0, 0, 0, 0, 0, 0, 0, 0, 0, 0, 0]	[0, 0, 0, 0, 0, 0, 0, 0, 0, 0, 0, 0, 0, 0, 0, 0, 0, 0, 0, 0, 0, 0, 0, 0, 0, 0, 0]	[0.0007182999979704618, 0.005852999980561435, 0.022949299978790805, 0.03956959999050014, 0.05669029999990016, 0.0728573999949731, 0.08979959998396225, 0.10601009998936206, 0.1226666999864392, 0.13933589999214746, 0.1559312999888789, 0.17252209997968748, 0.1893160999752581, 0.20595849998062477, 0.22265609999885783, 0.2396580999775324, 0.25641439997707494, 0.27265049997367896, 0.289710599987302, 0.3059184000012465, 0.32274569998844527, 0.3395627999852877, 0.35613659999216907, 0.3728798999800347, 0.38944649999029934, 0.40593609999632463, 0.42331389998435043]	190.0	311.0	0.7	5a
185	6	go_only	0	18	6	go	click	[23.0, 23.0, 26.0, 28.0, 35.0, 63.0, 96.0, 124.0, 146.0, 163.0, 171.0, 174.0, 175.0, 176.0, 178.0, 179.0, 180.0, 180.0, 180.0, 180.0, 180.0, 180.0, 180.0, 180.0, 180.0, 180.0, 180.0, 180.0, 182.0, 183.0, 184.0, 184.0]	[-271.0, -271.0, -264.0, -258.0, -237.0, -165.0, -36.0, 96.0, 212.0, 273.0, 300.0, 311.0, 316.0, 323.0, 339.0, 345.0, 345.0, 345.0, 345.0, 345.0, 345.0, 345.0, 345.0, 345.0, 345.0, 345.0, 344.0, 338.0, 327.0, 312.0, 309.0, 308.0]	[0, 0, 0, 0, 0, 0, 0, 0, 0, 0, 0, 0, 0, 0, 0, 0, 0, 0, 0, 0, 0, 0, 0, 0, 0, 0, 0, 0, 0, 0, 0, 1]	[0, 0, 0, 0, 0, 0, 0, 0, 0, 0, 0, 0, 0, 0, 0, 0, 0, 0, 0, 0, 0, 0, 0, 0, 0, 0, 0, 0, 0, 0, 0, 0]	[0, 0, 0, 0, 0, 0, 0, 0, 0, 0, 0, 0, 0, 0, 0, 0, 0, 0, 0, 0, 0, 0, 0, 0, 0, 0, 0, 0, 0, 0, 0, 0]	[0.00044510001316666603, 0.008642900007544085, 0.02557850000448525, 0.04217270002118312, 0.058905100013362244, 0.07536280000931583, 0.09231390000786632, 0.10872360001667403, 0.12597480000113137, 0.14215310002327897, 0.15857870000763796, 0.17522650002501905, 0.1919190000044182, 0.20851130000664853, 0.22543469999800436, 0.24236689999816008, 0.25848230000701733, 0.27514540002448484, 0.29172860001563095, 0.30831530000432394, 0.32502230000682175, 0.34170230000745505, 0.3583838000195101, 0.375056000018958, 0.3915586000075564, 0.40879720001248643, 0.4253593000175897, 0.4418992999999318, 0.4589012000069488, 0.4752137000032235, 0.49197930001537316, 0.5087891000148375]	184.0	308.0	1.0	5a
186	6	go_only	0	18	2	go	click	[147.0, 147.0, 198.0, 241.0, 266.0, 280.0, 292.0, 299.0, 305.0, 305.0, 305.0, 305.0, 305.0, 304.0, 302.0, 296.0, 290.0, 245.0, 227.0, 222.0, 222.0, 222.0, 222.0, 222.0, 222.0, 222.0, 222.0]	[-113.0, -113.0, 11.0, 124.0, 191.0, 230.0, 261.0, 284.0, 297.0, 298.0, 298.0, 298.0, 298.0, 300.0, 301.0, 301.0, 301.0, 301.0, 301.0, 301.0, 301.0, 301.0, 301.0, 301.0, 301.0, 301.0, 301.0]	[0, 0, 0, 0, 0, 0, 0, 0, 0, 0, 0, 0, 0, 0, 0, 0, 0, 0, 0, 0, 0, 0, 0, 0, 0, 0, 1]	[0, 0, 0, 0, 0, 0, 0, 0, 0, 0, 0, 0, 0, 0, 0, 0, 0, 0, 0, 0, 0, 0, 0, 0, 0, 0, 0]	[0, 0, 0, 0, 0, 0, 0, 0, 0, 0, 0, 0, 0, 0, 0, 0, 0, 0, 0, 0, 0, 0, 0, 0, 0, 0, 0]	[0.00020260000019334257, 0.010183999984292313, 0.026294599985703826, 0.04319339999346994, 0.05958569998620078, 0.076142300007632, 0.09292940000887029, 0.10975470000994392, 0.12621970000327565, 0.142638999997871, 0.1596090999955777, 0.1759252999909222, 0.1930829999910202, 0.20970010000746697, 0.2265585999994073, 0.24286790000041947, 0.25945909999427386, 0.2764964000089094, 0.29278980000526644, 0.3095313000085298, 0.3259687999961898, 0.34263699999428354, 0.35931020000134595, 0.3761013000039384, 0.39265059999888763, 0.4092106999887619, 0.4265270000032615]	222.0	301.0	0.5	5a
187	6	go_only	0	18	7	go	click	[33.0, 39.0, 43.0, 52.0, 67.0, 102.0, 154.0, 202.0, 228.0, 237.0, 238.0, 238.0, 238.0, 238.0, 238.0, 238.0, 237.0, 231.0, 223.0, 211.0, 200.0, 192.0, 191.0, 191.0, 191.0, 191.0, 191.0, 191.0]	[-257.0, -229.0, -202.0, -151.0, -61.0, 96.0, 259.0, 365.0, 394.0, 402.0, 402.0, 402.0, 402.0, 402.0, 402.0, 402.0, 400.0, 394.0, 381.0, 363.0, 338.0, 319.0, 309.0, 308.0, 308.0, 308.0, 308.0, 308.0]	[0, 0, 0, 0, 0, 0, 0, 0, 0, 0, 0, 0, 0, 0, 0, 0, 0, 0, 0, 0, 0, 0, 0, 0, 0, 0, 0, 1]	[0, 0, 0, 0, 0, 0, 0, 0, 0, 0, 0, 0, 0, 0, 0, 0, 0, 0, 0, 0, 0, 0, 0, 0, 0, 0, 0, 0]	[0, 0, 0, 0, 0, 0, 0, 0, 0, 0, 0, 0, 0, 0, 0, 0, 0, 0, 0, 0, 0, 0, 0, 0, 0, 0, 0, 0]	[0.0003825000021606684, 0.008923899993533269, 0.026406299992231652, 0.042632400000002235, 0.0590407999989111, 0.07574299999396317, 0.09240620001219213, 0.10900799999944866, 0.1258355999889318, 0.1424774999904912, 0.15894069999922067, 0.1754947000008542, 0.19213089998811483, 0.2088178000121843, 0.2254737000039313, 0.242422399984207, 0.25917579999077134, 0.2756640999868978, 0.29250700000557117, 0.30900469998596236, 0.32599260000279173, 0.3422656999900937, 0.35914109999430366, 0.3754152999899816, 0.392173800006276, 0.4089764000091236, 0.4252511000086088, 0.4425022999930661]	191.0	308.0	0.7	5a
188	6	go_only	0	18	8	go	click	[112.0, 136.0, 136.0, 180.0, 199.0, 212.0, 218.0, 218.0, 218.0, 218.0, 218.0, 218.0, 218.0, 218.0, 218.0, 218.0, 218.0, 217.0, 217.0, 216.0, 215.0, 215.0, 215.0, 212.0, 210.0, 208.0, 204.0, 204.0, 204.0, 204.0]	[-132.0, -59.0, -59.0, 122.0, 210.0, 274.0, 314.0, 336.0, 345.0, 346.0, 346.0, 346.0, 346.0, 346.0, 346.0, 346.0, 346.0, 342.0, 339.0, 337.0, 337.0, 336.0, 334.0, 330.0, 323.0, 316.0, 307.0, 306.0, 306.0, 306.0]	[0, 0, 0, 0, 0, 0, 0, 0, 0, 0, 0, 0, 0, 0, 0, 0, 0, 0, 0, 0, 0, 0, 0, 0, 0, 0, 0, 0, 0, 1]	[0, 0, 0, 0, 0, 0, 0, 0, 0, 0, 0, 0, 0, 0, 0, 0, 0, 0, 0, 0, 0, 0, 0, 0, 0, 0, 0, 0, 0, 0]	[0, 0, 0, 0, 0, 0, 0, 0, 0, 0, 0, 0, 0, 0, 0, 0, 0, 0, 0, 0, 0, 0, 0, 0, 0, 0, 0, 0, 0, 0]	[0.00045950000640004873, 0.00801700001466088, 0.02462010001181625, 0.041393699997570366, 0.05781180001213215, 0.07555340000544675, 0.09108850001939572, 0.10788560000946745, 0.12457110002287664, 0.1410788000212051, 0.15774350002175197, 0.17442350002238527, 0.1910545999999158, 0.2076783000084106, 0.2243375000252854, 0.2410381000081543, 0.258430900023086, 0.27454600000055507, 0.29126360002555884, 0.30780010001035407, 0.32456530001945794, 0.3411834000144154, 0.3578068000206258, 0.37462350001442246, 0.39135370001895353, 0.40775010001379997, 0.42470040000625886, 0.4410554000060074, 0.45766400001593865, 0.4740472999983467]	204.0	306.0	1.0	5a
189	6	go_only	0	18	7	go	click	[174.0, 174.0, 174.0, 216.0, 223.0, 228.0, 232.0, 234.0, 238.0, 240.0, 242.0, 246.0, 250.0, 252.0, 252.0, 252.0, 252.0, 250.0, 246.0, 242.0, 239.0, 236.0, 234.0, 233.0, 232.0, 232.0, 232.0]	[-101.0, -101.0, -101.0, 88.0, 127.0, 153.0, 174.0, 184.0, 190.0, 197.0, 205.0, 213.0, 226.0, 242.0, 244.0, 244.0, 244.0, 244.0, 244.0, 246.0, 252.0, 260.0, 267.0, 270.0, 271.0, 271.0, 271.0]	[0, 0, 0, 0, 0, 0, 0, 0, 0, 0, 0, 0, 0, 0, 0, 0, 0, 0, 0, 0, 0, 0, 0, 0, 0, 0, 1]	[0, 0, 0, 0, 0, 0, 0, 0, 0, 0, 0, 0, 0, 0, 0, 0, 0, 0, 0, 0, 0, 0, 0, 0, 0, 0, 0]	[0, 0, 0, 0, 0, 0, 0, 0, 0, 0, 0, 0, 0, 0, 0, 0, 0, 0, 0, 0, 0, 0, 0, 0, 0, 0, 0]	[0.0003183000080753118, 0.006231900013517588, 0.023219099995912984, 0.040069200011203066, 0.056894500012276694, 0.07319369999459013, 0.08975340001052245, 0.1066945000202395, 0.12316449999343604, 0.13990790001116693, 0.15629250000347383, 0.17307570000411943, 0.1897434999991674, 0.20643890000064857, 0.22275030001765117, 0.23950200001127087, 0.25632539999787696, 0.27299570001196116, 0.2898464000027161, 0.3062268999929074, 0.32297330000437796, 0.3396468000137247, 0.35628440001164563, 0.3730496999924071, 0.3893586000194773, 0.40609699999913573, 0.42321169999195263]	232.0	271.0	0.9	5a
190	6	go_only	0	18	2	go	click	[57.0, 57.0, 70.0, 89.0, 102.0, 119.0, 131.0, 141.0, 149.0, 156.0, 158.0, 159.0, 159.0, 159.0, 158.0, 154.0, 150.0, 147.0, 147.0, 147.0, 147.0, 148.0, 148.0, 148.0, 149.0, 149.0, 149.0, 149.0]	[-250.0, -250.0, -194.0, -67.0, 31.0, 132.0, 188.0, 223.0, 248.0, 265.0, 271.0, 273.0, 274.0, 274.0, 274.0, 270.0, 259.0, 245.0, 245.0, 245.0, 245.0, 247.0, 247.0, 247.0, 247.0, 247.0, 247.0, 249.0]	[0, 0, 0, 0, 0, 0, 0, 0, 0, 0, 0, 0, 0, 0, 0, 0, 0, 0, 0, 0, 0, 0, 0, 0, 1, 1, 1, 1]	[0, 0, 0, 0, 0, 0, 0, 0, 0, 0, 0, 0, 0, 0, 0, 0, 0, 0, 0, 0, 0, 0, 0, 0, 0, 0, 0, 0]	[0, 0, 0, 0, 0, 0, 0, 0, 0, 0, 0, 0, 0, 0, 0, 0, 0, 0, 0, 0, 0, 0, 0, 0, 0, 0, 0, 0]	[0.0003920000162906945, 0.008288600016385317, 0.02516680001281202, 0.0418581000121776, 0.05861989999539219, 0.07522749999770895, 0.09185630001593381, 0.1085501000052318, 0.12544450000859797, 0.14174869999988005, 0.15864159999182448, 0.17508549999911338, 0.19160740001825616, 0.20876169999246486, 0.22509490000084043, 0.24171299999579787, 0.2584958999941591, 0.27502470000763424, 0.2914693999919109, 0.30818079999880865, 0.32560969999758527, 0.3416645000106655, 0.358290100004524, 0.3749845999991521, 0.3921367000148166, 0.4082817000162322, 0.42519609999726526, 0.44159030000446364]	151.0	251.0	0.5	5a
191	6	go_only	0	18	2	go	click	[74.0, 74.0, 94.0, 149.0, 162.0, 172.0, 177.0, 177.0, 177.0, 177.0, 178.0, 179.0, 179.0, 179.0, 179.0, 178.0, 178.0, 178.0, 178.0, 178.0, 178.0, 178.0, 178.0]	[-215.0, -215.0, -150.0, 26.0, 93.0, 148.0, 188.0, 229.0, 265.0, 283.0, 293.0, 295.0, 295.0, 295.0, 295.0, 291.0, 291.0, 291.0, 291.0, 291.0, 291.0, 291.0, 291.0]	[0, 0, 0, 0, 0, 0, 0, 0, 0, 0, 0, 0, 0, 0, 0, 0, 0, 0, 0, 0, 0, 0, 1]	[0, 0, 0, 0, 0, 0, 0, 0, 0, 0, 0, 0, 0, 0, 0, 0, 0, 0, 0, 0, 0, 0, 0]	[0, 0, 0, 0, 0, 0, 0, 0, 0, 0, 0, 0, 0, 0, 0, 0, 0, 0, 0, 0, 0, 0, 0]	[0.00019640001119114459, 0.010776000010082498, 0.027607900003204122, 0.04392630001530051, 0.06124790001194924, 0.07730060000903904, 0.09399170000688173, 0.11061450000852346, 0.12736240000231192, 0.1438423000217881, 0.16066230001160875, 0.1770412000187207, 0.19371880000107922, 0.21040340000763535, 0.227315299998736, 0.24382270002388395, 0.2605580000090413, 0.27696270000888035, 0.2935124000068754, 0.31038270000135526, 0.32696930001839064, 0.34365059999981895, 0.36117590000503697]	178.0	291.0	0.8	5a
192	6	go_only	0	18	3	go	click	[63.0, 63.0, 82.0, 137.0, 187.0, 221.0, 237.0, 242.0, 243.0, 243.0, 243.0, 243.0, 246.0, 247.0, 248.0, 248.0, 248.0, 248.0, 247.0, 243.0, 243.0, 243.0, 243.0, 243.0, 243.0, 243.0]	[-244.0, -244.0, -191.0, -27.0, 124.0, 227.0, 277.0, 294.0, 296.0, 296.0, 297.0, 300.0, 305.0, 309.0, 312.0, 312.0, 312.0, 312.0, 303.0, 293.0, 293.0, 293.0, 293.0, 293.0, 293.0, 293.0]	[0, 0, 0, 0, 0, 0, 0, 0, 0, 0, 0, 0, 0, 0, 0, 0, 0, 0, 0, 0, 0, 0, 0, 0, 0, 1]	[0, 0, 0, 0, 0, 0, 0, 0, 0, 0, 0, 0, 0, 0, 0, 0, 0, 0, 0, 0, 0, 0, 0, 0, 0, 0]	[0, 0, 0, 0, 0, 0, 0, 0, 0, 0, 0, 0, 0, 0, 0, 0, 0, 0, 0, 0, 0, 0, 0, 0, 0, 0]	[0.00041360000614076853, 0.008397199999308214, 0.02514740001061, 0.041762899985769764, 0.058247300010407344, 0.0751524000079371, 0.09167240001261234, 0.10859530000016093, 0.1248112999892328, 0.14147229999070987, 0.15837210000609048, 0.17489689998910762, 0.19143770000664517, 0.20816770000965334, 0.22468519999529235, 0.2412418999883812, 0.25775220000650734, 0.2748831000062637, 0.2916782000102103, 0.30789029999868944, 0.3246189999917988, 0.3412264999933541, 0.35804650001227856, 0.37451570000848733, 0.3911822999943979, 0.4082588999881409]	243.0	293.0	0.7	5a
193	7	go_nogo	0	60	2	go	click	[86.0, 86.0, 106.0, 138.0, 156.0, 167.0, 175.0, 178.0, 180.0, 180.0, 182.0, 186.0, 197.0, 204.0, 207.0, 207.0, 204.0, 198.0, 194.0, 191.0, 192.0, 198.0, 203.0, 207.0, 208.0, 208.0, 205.0, 205.0, 205.0, 205.0]	[-170.0, -170.0, -127.0, -47.0, 8.0, 37.0, 60.0, 87.0, 103.0, 110.0, 115.0, 123.0, 141.0, 155.0, 162.0, 163.0, 163.0, 164.0, 167.0, 176.0, 201.0, 218.0, 233.0, 245.0, 258.0, 276.0, 293.0, 299.0, 300.0, 300.0]	[0, 0, 0, 0, 0, 0, 0, 0, 0, 0, 0, 0, 0, 0, 0, 0, 0, 0, 0, 0, 0, 0, 0, 0, 0, 0, 0, 0, 0, 1]	[0, 0, 0, 0, 0, 0, 0, 0, 0, 0, 0, 0, 0, 0, 0, 0, 0, 0, 0, 0, 0, 0, 0, 0, 0, 0, 0, 0, 0, 0]	[0, 0, 0, 0, 0, 0, 0, 0, 0, 0, 0, 0, 0, 0, 0, 0, 0, 0, 0, 0, 0, 0, 0, 0, 0, 0, 0, 0, 0, 0]	[0.00037289998726919293, 0.008293599996250123, 0.025192700006300583, 0.04153660000883974, 0.05898709999746643, 0.07472879998385906, 0.09136819999548607, 0.10814979998394847, 0.1251376000000164, 0.14203479999559931, 0.15817629999946803, 0.17476249998435378, 0.19180319999577478, 0.20806129998527467, 0.22493669998948462, 0.24143809999804944, 0.25816659998963587, 0.2747699999890756, 0.2915101999824401, 0.3080820000031963, 0.32474250000086613, 0.34137769998051226, 0.3583595000091009, 0.37467749998904765, 0.39131859998451546, 0.40829709998797625, 0.42480400000931695, 0.44140199999674223, 0.45804120000684634, 0.4749926000076812]	205.0	300.0	0.9	5a
194	7	go_nogo	0	60	6	go	click	[81.0, 81.0, 103.0, 130.0, 149.0, 165.0, 175.0, 184.0, 190.0, 193.0, 195.0, 195.0, 196.0, 196.0, 196.0, 196.0, 196.0, 196.0, 196.0, 196.0, 196.0, 196.0, 196.0, 196.0, 196.0, 196.0, 196.0, 196.0, 196.0, 196.0, 196.0, 196.0]	[-104.0, -104.0, -20.0, 105.0, 181.0, 233.0, 253.0, 278.0, 297.0, 307.0, 316.0, 324.0, 328.0, 330.0, 330.0, 330.0, 330.0, 328.0, 328.0, 328.0, 328.0, 328.0, 328.0, 328.0, 328.0, 328.0, 328.0, 328.0, 328.0, 328.0, 328.0, 328.0]	[0, 0, 0, 0, 0, 0, 0, 0, 0, 0, 0, 0, 0, 0, 0, 0, 0, 0, 0, 0, 0, 0, 0, 0, 0, 0, 0, 0, 0, 0, 0, 1]	[0, 0, 0, 0, 0, 0, 0, 0, 0, 0, 0, 0, 0, 0, 0, 0, 0, 0, 0, 0, 0, 0, 0, 0, 0, 0, 0, 0, 0, 0, 0, 0]	[0, 0, 0, 0, 0, 0, 0, 0, 0, 0, 0, 0, 0, 0, 0, 0, 0, 0, 0, 0, 0, 0, 0, 0, 0, 0, 0, 0, 0, 0, 0, 0]	[0.00042959998245351017, 0.008757200004765764, 0.025281299982452765, 0.041727300005732104, 0.0584822999953758, 0.07507530000293627, 0.09223959999508224, 0.10875270000542514, 0.12600069999461994, 0.14195099999778904, 0.15837269998155534, 0.17499759999918751, 0.19191229998250492, 0.2084741999860853, 0.22476620000088587, 0.24159699998563156, 0.2585929000051692, 0.27488509999238886, 0.29144659999292344, 0.3081813000026159, 0.3247877999965567, 0.34142419998534024, 0.3584398999810219, 0.37474729999667034, 0.39148970000678673, 0.4082584999850951, 0.42463510000379756, 0.44131639998522587, 0.4579682000039611, 0.47475299998768605, 0.49128819999168627, 0.5084595999796875]	196.0	328.0	0.6	5a
195	7	go_nogo	0	60	6	go	click	[34.0, 34.0, 65.0, 97.0, 143.0, 185.0, 215.0, 229.0, 233.0, 234.0, 235.0, 235.0, 232.0, 226.0, 219.0, 213.0, 211.0, 209.0, 208.0, 207.0, 204.0, 201.0, 201.0, 200.0, 200.0, 199.0, 199.0, 199.0, 199.0, 199.0]	[-275.0, -275.0, -150.0, -6.0, 180.0, 349.0, 436.0, 474.0, 489.0, 492.0, 493.0, 493.0, 486.0, 465.0, 444.0, 427.0, 416.0, 405.0, 390.0, 374.0, 357.0, 339.0, 334.0, 331.0, 329.0, 328.0, 328.0, 328.0, 328.0, 328.0]	[0, 0, 0, 0, 0, 0, 0, 0, 0, 0, 0, 0, 0, 0, 0, 0, 0, 0, 0, 0, 0, 0, 0, 0, 0, 0, 0, 0, 0, 1]	[0, 0, 0, 0, 0, 0, 0, 0, 0, 0, 0, 0, 0, 0, 0, 0, 0, 0, 0, 0, 0, 0, 0, 0, 0, 0, 0, 0, 0, 0]	[0, 0, 0, 0, 0, 0, 0, 0, 0, 0, 0, 0, 0, 0, 0, 0, 0, 0, 0, 0, 0, 0, 0, 0, 0, 0, 0, 0, 0, 0]	[0.0001804000057745725, 0.011520200001541525, 0.027962599997408688, 0.04444420000072569, 0.061164400016423315, 0.07793200001469813, 0.09443080000346527, 0.11137060000328347, 0.12778380000963807, 0.14445690001593903, 0.16104920001816936, 0.17813159999786876, 0.19441009999718517, 0.21109789999900386, 0.2278859000070952, 0.24440200001117773, 0.26109670000732876, 0.2778178000007756, 0.29431740002473816, 0.31144770001992583, 0.3278735000058077, 0.34442930002114736, 0.3615264000254683, 0.37797020000289194, 0.3943800000124611, 0.4111463000008371, 0.4274600000062492, 0.44459830000414513, 0.46081250000861473, 0.47806690001743846]	199.0	328.0	0.5	5a
196	7	go_nogo	0	60	6	go	click	[72.0, 94.0, 112.0, 144.0, 165.0, 176.0, 182.0, 185.0, 185.0, 185.0, 185.0, 185.0, 185.0, 185.0, 185.0, 185.0, 185.0, 185.0, 185.0, 185.0, 185.0, 185.0, 185.0]	[-156.0, -56.0, 44.0, 193.0, 249.0, 274.0, 297.0, 311.0, 316.0, 316.0, 316.0, 316.0, 316.0, 316.0, 316.0, 316.0, 316.0, 316.0, 316.0, 316.0, 316.0, 316.0, 316.0]	[0, 0, 0, 0, 0, 0, 0, 0, 0, 0, 0, 0, 0, 0, 0, 0, 0, 0, 0, 0, 0, 0, 1]	[0, 0, 0, 0, 0, 0, 0, 0, 0, 0, 0, 0, 0, 0, 0, 0, 0, 0, 0, 0, 0, 0, 0]	[0, 0, 0, 0, 0, 0, 0, 0, 0, 0, 0, 0, 0, 0, 0, 0, 0, 0, 0, 0, 0, 0, 0]	[0.00018209998961538076, 0.010205800004769117, 0.0274214000091888, 0.04372780001722276, 0.06024379999144003, 0.07698040001560003, 0.09377380000660196, 0.1103589000122156, 0.1268481000151951, 0.1435887000116054, 0.16005790000781417, 0.17683899999246933, 0.19339540001237765, 0.21006310000666417, 0.22670830000424758, 0.24348979999194853, 0.259996200009482, 0.27687140001216903, 0.2933009999978822, 0.31001020001713187, 0.32673900001100264, 0.3433569000044372, 0.36025649998919107]	185.0	316.0	0.8	5a
197	7	go_nogo	0	60	1	nogo	none	[29.0, 52.0, 73.0, 109.0, 130.0, 144.0, 153.0, 155.0, 156.0, 157.0, 157.0, 157.0, 157.0, 157.0, 157.0, 157.0, 157.0, 157.0, 157.0, 157.0, 157.0, 157.0, 157.0, 157.0, 157.0, 157.0, 157.0, 157.0, 157.0, 157.0, 157.0, 157.0, 157.0, 157.0, 157.0, 157.0, 157.0, 157.0, 157.0, 157.0, 157.0, 157.0, 157.0, 157.0, 157.0, 157.0, 157.0, 157.0, 157.0, 157.0, 157.0, 157.0]	[-219.0, -150.0, -77.0, 49.0, 153.0, 232.0, 270.0, 281.0, 288.0, 289.0, 289.0, 289.0, 289.0, 289.0, 289.0, 289.0, 289.0, 289.0, 289.0, 289.0, 289.0, 289.0, 289.0, 289.0, 289.0, 289.0, 289.0, 289.0, 289.0, 289.0, 289.0, 289.0, 289.0, 289.0, 289.0, 289.0, 289.0, 289.0, 289.0, 289.0, 289.0, 289.0, 289.0, 289.0, 289.0, 289.0, 289.0, 289.0, 289.0, 289.0, 289.0, 289.0]	[0, 0, 0, 0, 0, 0, 0, 0, 0, 0, 0, 0, 0, 0, 0, 0, 0, 0, 0, 0, 0, 0, 0, 0, 0, 0, 0, 0, 0, 0, 0, 0, 0, 0, 0, 0, 0, 0, 0, 0, 0, 0, 0, 0, 0, 0, 0, 0, 0, 0, 0, 0]	[0, 0, 0, 0, 0, 0, 0, 0, 0, 0, 0, 0, 0, 0, 0, 0, 0, 0, 0, 0, 0, 0, 0, 0, 0, 0, 0, 0, 0, 0, 0, 0, 0, 0, 0, 0, 0, 0, 0, 0, 0, 0, 0, 0, 0, 0, 0, 0, 0, 0, 0, 0]	[0, 0, 0, 0, 0, 0, 0, 0, 0, 0, 0, 0, 0, 0, 0, 0, 0, 0, 0, 0, 0, 0, 0, 0, 0, 0, 0, 0, 0, 0, 0, 0, 0, 0, 0, 0, 0, 0, 0, 0, 0, 0, 0, 0, 0, 0, 0, 0, 0, 0, 0, 0]	[0.00042940001003444195, 0.007920200005173683, 0.024900400021579117, 0.04139030000078492, 0.058035399997606874, 0.074652800016338, 0.09128750002128072, 0.1079203000117559, 0.12494520001928322, 0.14120270000421442, 0.1580229999963194, 0.174436200002674, 0.19111090002115816, 0.20768660001340322, 0.22453780000796542, 0.2410379000066314, 0.2577095000015106, 0.2743444000079762, 0.2910607999947388, 0.30772690000594594, 0.32435070001520216, 0.34101170001667924, 0.3577485000132583, 0.37433059999602847, 0.39110080001410097, 0.4077421000110917, 0.42446969999582507, 0.44118960000923835, 0.4575413000129629, 0.47427540001808666, 0.4910675999999512, 0.5076342000102159, 0.5243290000071283, 0.5410014000080992, 0.5575078999972902, 0.5742729000048712, 0.590902099997038, 0.6076382000173908, 0.6242721000162419, 0.6410195000062231, 0.6576607000024524, 0.6742545000161044, 0.6911798999935854, 0.7076654999982566, 0.7241508000006434, 0.7409216999949422, 0.7575955000065733, 0.7742176000028849, 0.790832099999534, 0.8075877999945078, 0.8243236000125762, 0.8407796999963466]	n/a	n/a	0.8	5a
198	7	go_nogo	0	60	3	go	click	[100.0, 100.0, 125.0, 168.0, 195.0, 207.0, 212.0, 215.0, 216.0, 216.0, 216.0, 216.0, 216.0, 214.0, 211.0, 209.0, 208.0, 208.0, 206.0, 204.0, 202.0, 200.0, 199.0, 199.0, 199.0, 199.0]	[-94.0, -94.0, -9.0, 133.0, 246.0, 320.0, 365.0, 389.0, 401.0, 403.0, 403.0, 403.0, 403.0, 399.0, 394.0, 389.0, 389.0, 387.0, 379.0, 366.0, 350.0, 340.0, 337.0, 336.0, 336.0, 336.0]	[0, 0, 0, 0, 0, 0, 0, 0, 0, 0, 0, 0, 0, 0, 0, 0, 0, 0, 0, 0, 0, 0, 0, 0, 0, 1]	[0, 0, 0, 0, 0, 0, 0, 0, 0, 0, 0, 0, 0, 0, 0, 0, 0, 0, 0, 0, 0, 0, 0, 0, 0, 0]	[0, 0, 0, 0, 0, 0, 0, 0, 0, 0, 0, 0, 0, 0, 0, 0, 0, 0, 0, 0, 0, 0, 0, 0, 0, 0]	[0.00020000000949949026, 0.00816810000105761, 0.02543780000996776, 0.04171039999346249, 0.0583090000145603, 0.07512950000818819, 0.09165469999425113, 0.10843339998973534, 0.1251267000043299, 0.1414793000149075, 0.15820720000192523, 0.17485979999764822, 0.1921798000112176, 0.20864369999617338, 0.22504509999998845, 0.2416545000160113, 0.25835439999355003, 0.2753388000128325, 0.2916785000124946, 0.30850380001356825, 0.3249780999904033, 0.3416824000014458, 0.35831089998828247, 0.374855000001844, 0.39160350000020117, 0.40847960000974126]	199.0	336.0	0.5	5a
199	7	go_nogo	0	60	9	nogo	none	[93.0, 93.0, 101.0, 120.0, 133.0, 138.0, 145.0, 146.0, 146.0, 146.0, 146.0, 146.0, 146.0, 146.0, 146.0, 146.0, 146.0, 146.0, 148.0, 149.0, 153.0, 155.0, 157.0, 157.0, 157.0, 157.0, 157.0, 157.0, 157.0, 157.0, 157.0, 157.0, 157.0, 157.0, 157.0, 157.0, 157.0, 157.0, 157.0, 157.0, 157.0, 157.0, 157.0, 157.0, 157.0, 157.0, 157.0, 157.0, 157.0, 157.0, 157.0, 157.0, 157.0, 157.0, 157.0, 157.0, 157.0, 157.0, 157.0, 157.0, 157.0, 157.0, 157.0, 157.0, 157.0]	[-110.0, -110.0, -43.0, 76.0, 193.0, 288.0, 341.0, 349.0, 349.0, 349.0, 349.0, 347.0, 342.0, 340.0, 338.0, 337.0, 335.0, 332.0, 329.0, 327.0, 327.0, 326.0, 326.0, 326.0, 326.0, 326.0, 326.0, 326.0, 326.0, 326.0, 326.0, 326.0, 326.0, 326.0, 326.0, 326.0, 326.0, 326.0, 326.0, 326.0, 326.0, 326.0, 326.0, 326.0, 326.0, 326.0, 326.0, 326.0, 326.0, 326.0, 326.0, 326.0, 326.0, 326.0, 326.0, 326.0, 326.0, 326.0, 326.0, 326.0, 326.0, 326.0, 326.0, 326.0, 326.0]	[0, 0, 0, 0, 0, 0, 0, 0, 0, 0, 0, 0, 0, 0, 0, 0, 0, 0, 0, 0, 0, 0, 0, 0, 0, 0, 0, 0, 0, 0, 0, 0, 0, 0, 0, 0, 0, 0, 0, 0, 0, 0, 0, 0, 0, 0, 0, 0, 0, 0, 0, 0, 0, 0, 0, 0, 0, 0, 0, 0, 0, 0, 0, 0, 0]	[0, 0, 0, 0, 0, 0, 0, 0, 0, 0, 0, 0, 0, 0, 0, 0, 0, 0, 0, 0, 0, 0, 0, 0, 0, 0, 0, 0, 0, 0, 0, 0, 0, 0, 0, 0, 0, 0, 0, 0, 0, 0, 0, 0, 0, 0, 0, 0, 0, 0, 0, 0, 0, 0, 0, 0, 0, 0, 0, 0, 0, 0, 0, 0, 0]	[0, 0, 0, 0, 0, 0, 0, 0, 0, 0, 0, 0, 0, 0, 0, 0, 0, 0, 0, 0, 0, 0, 0, 0, 0, 0, 0, 0, 0, 0, 0, 0, 0, 0, 0, 0, 0, 0, 0, 0, 0, 0, 0, 0, 0, 0, 0, 0, 0, 0, 0, 0, 0, 0, 0, 0, 0, 0, 0, 0, 0, 0, 0, 0, 0]	[0.0004287000047042966, 0.00909549999050796, 0.025352399999974295, 0.041980600013630465, 0.058672300016041845, 0.07550530001753941, 0.09204849999514408, 0.10846600000513718, 0.1251304000033997, 0.14187930000480264, 0.15867679999792017, 0.17554319999180734, 0.19196120000560768, 0.20882470000651665, 0.22519140000804327, 0.24193779999040999, 0.25863210001261905, 0.2755003999918699, 0.29242479999084026, 0.3089594999910332, 0.3255648000049405, 0.3423993000178598, 0.35834400000749156, 0.3750527999945916, 0.39149740000721067, 0.40843509999103844, 0.42501969999284483, 0.4419597999949474, 0.4583522000175435, 0.4750967000145465, 0.4919983000145294, 0.5083529000112321, 0.5249664000002667, 0.5418830999988131, 0.5583337999996729, 0.5749963000125717, 0.5916472999961115, 0.6082580999936908, 0.6249787000124343, 0.6415566999930888, 0.6582363999914378, 0.6751909000158776, 0.6915655999910086, 0.7086232000146993, 0.7248927000036929, 0.7416517999954522, 0.7582200000179, 0.774873899994418, 0.7915984000137541, 0.8081319000048097, 0.8250103000027593, 0.8415506000164896, 0.8583570000191685, 0.8749313000007533, 0.8917092999909073, 0.9082175999938045, 0.9248695000133011, 0.9416038999916054, 0.9581146000127774, 0.9748201000038534, 0.9915408999950159, 1.0082186000072397, 1.0248072000104003, 1.0415389999980107, 1.0581827000132762]	n/a	n/a	0.6	5a
200	7	go_nogo	0	60	7	go	click	[39.0, 39.0, 59.0, 97.0, 130.0, 157.0, 180.0, 185.0, 186.0, 188.0, 188.0, 188.0, 189.0, 195.0, 198.0, 199.0, 199.0, 199.0, 199.0, 199.0, 199.0, 199.0, 199.0, 199.0, 199.0]	[-246.0, -246.0, -176.0, -31.0, 94.0, 181.0, 236.0, 250.0, 258.0, 263.0, 265.0, 265.0, 267.0, 281.0, 292.0, 295.0, 295.0, 295.0, 295.0, 295.0, 295.0, 295.0, 295.0, 295.0, 295.0]	[0, 0, 0, 0, 0, 0, 0, 0, 0, 0, 0, 0, 0, 0, 0, 0, 0, 0, 0, 0, 0, 0, 0, 0, 1]	[0, 0, 0, 0, 0, 0, 0, 0, 0, 0, 0, 0, 0, 0, 0, 0, 0, 0, 0, 0, 0, 0, 0, 0, 0]	[0, 0, 0, 0, 0, 0, 0, 0, 0, 0, 0, 0, 0, 0, 0, 0, 0, 0, 0, 0, 0, 0, 0, 0, 0]	[0.00020379998022690415, 0.00967489997856319, 0.02632939998875372, 0.04288659998564981, 0.059613199991872534, 0.07637999998405576, 0.0929617999936454, 0.10980429998016916, 0.126353100000415, 0.142847899987828, 0.15963179999380372, 0.17623169999569654, 0.19292229998973198, 0.20949099998688325, 0.2262343000038527, 0.24272330000530928, 0.25929550000000745, 0.2762057999789249, 0.29264629998942837, 0.3093749999825377, 0.32607489998918027, 0.3426768999779597, 0.3592513999901712, 0.37627599999541417, 0.39324129998567514]	199.0	295.0	0.5	5a
201	7	go_nogo	0	60	7	go	click	[10.0, 10.0, 40.0, 65.0, 94.0, 119.0, 137.0, 146.0, 151.0, 151.0, 151.0, 151.0, 151.0, 155.0, 157.0, 157.0, 157.0, 157.0, 157.0, 157.0, 160.0, 168.0, 175.0, 180.0, 182.0, 182.0, 182.0, 182.0, 182.0]	[-243.0, -243.0, -133.0, -36.0, 62.0, 133.0, 171.0, 196.0, 206.0, 207.0, 207.0, 207.0, 207.0, 213.0, 219.0, 219.0, 219.0, 219.0, 219.0, 219.0, 226.0, 245.0, 261.0, 271.0, 274.0, 274.0, 274.0, 276.0, 276.0]	[0, 0, 0, 0, 0, 0, 0, 0, 0, 0, 0, 0, 0, 0, 0, 0, 0, 0, 0, 0, 0, 0, 0, 0, 0, 0, 0, 0, 1]	[0, 0, 0, 0, 0, 0, 0, 0, 0, 0, 0, 0, 0, 0, 0, 0, 0, 0, 0, 0, 0, 0, 0, 0, 0, 0, 0, 0, 0]	[0, 0, 0, 0, 0, 0, 0, 0, 0, 0, 0, 0, 0, 0, 0, 0, 0, 0, 0, 0, 0, 0, 0, 0, 0, 0, 0, 0, 0]	[0.00040240000816993415, 0.011115300003439188, 0.02770610002335161, 0.044238700007554144, 0.06137500001932494, 0.07766960002481937, 0.0943682000215631, 0.11079450001125224, 0.12767830002121627, 0.14413450000574812, 0.16070790000958368, 0.1773185000056401, 0.19412390000070445, 0.2107933000079356, 0.2272837000200525, 0.24388090000138618, 0.2604670000146143, 0.27722350001567975, 0.2939362000033725, 0.31086450000293553, 0.32747320001362823, 0.34476570002152584, 0.36092100001405925, 0.3773825000098441, 0.393924900010461, 0.41046390001429245, 0.4274259000085294, 0.44395210000220686, 0.4609818000171799]	182.0	276.0	0.9	5a
202	7	go_nogo	0	60	9	nogo	none	[106.0, 106.0, 133.0, 183.0, 237.0, 269.0, 283.0, 287.0, 287.0, 287.0, 287.0, 287.0, 287.0, 287.0, 285.0, 281.0, 273.0, 260.0, 244.0, 228.0, 218.0, 213.0, 212.0, 212.0, 212.0, 212.0, 212.0, 212.0, 212.0, 212.0, 212.0, 212.0, 212.0, 212.0, 212.0, 212.0, 212.0, 212.0, 212.0, 212.0, 212.0, 212.0, 212.0, 212.0, 212.0, 212.0, 212.0, 212.0, 212.0, 212.0, 212.0, 212.0, 212.0, 212.0, 212.0, 212.0, 212.0, 212.0, 212.0, 212.0, 212.0, 212.0, 212.0, 212.0, 212.0]	[-124.0, -124.0, -50.0, 97.0, 230.0, 328.0, 385.0, 411.0, 418.0, 418.0, 418.0, 418.0, 418.0, 416.0, 412.0, 405.0, 393.0, 370.0, 342.0, 316.0, 300.0, 292.0, 291.0, 291.0, 291.0, 291.0, 291.0, 291.0, 291.0, 291.0, 291.0, 291.0, 291.0, 291.0, 291.0, 291.0, 291.0, 291.0, 291.0, 291.0, 291.0, 291.0, 291.0, 291.0, 291.0, 291.0, 291.0, 291.0, 291.0, 291.0, 291.0, 291.0, 291.0, 291.0, 291.0, 291.0, 291.0, 291.0, 291.0, 291.0, 291.0, 291.0, 291.0, 291.0, 291.0]	[0, 0, 0, 0, 0, 0, 0, 0, 0, 0, 0, 0, 0, 0, 0, 0, 0, 0, 0, 0, 0, 0, 0, 0, 0, 0, 0, 0, 0, 0, 0, 0, 0, 0, 0, 0, 0, 0, 0, 0, 0, 0, 0, 0, 0, 0, 0, 0, 0, 0, 0, 0, 0, 0, 0, 0, 0, 0, 0, 0, 0, 0, 0, 0, 0]	[0, 0, 0, 0, 0, 0, 0, 0, 0, 0, 0, 0, 0, 0, 0, 0, 0, 0, 0, 0, 0, 0, 0, 0, 0, 0, 0, 0, 0, 0, 0, 0, 0, 0, 0, 0, 0, 0, 0, 0, 0, 0, 0, 0, 0, 0, 0, 0, 0, 0, 0, 0, 0, 0, 0, 0, 0, 0, 0, 0, 0, 0, 0, 0, 0]	[0, 0, 0, 0, 0, 0, 0, 0, 0, 0, 0, 0, 0, 0, 0, 0, 0, 0, 0, 0, 0, 0, 0, 0, 0, 0, 0, 0, 0, 0, 0, 0, 0, 0, 0, 0, 0, 0, 0, 0, 0, 0, 0, 0, 0, 0, 0, 0, 0, 0, 0, 0, 0, 0, 0, 0, 0, 0, 0, 0, 0, 0, 0, 0, 0]	[0.000371000001905486, 0.007713800005149096, 0.024498599988874048, 0.041178799991030246, 0.05768489997717552, 0.0745316999964416, 0.09118940000189468, 0.10777679999591783, 0.1244033999973908, 0.14097419998142868, 0.15762689997791313, 0.17433379997964948, 0.19086229999084026, 0.20825719999265857, 0.22436799999559298, 0.24103579999064095, 0.2577439000015147, 0.2743664000008721, 0.29120189999230206, 0.3078756000031717, 0.32427309997729026, 0.3409961999859661, 0.3575334000051953, 0.3740299000055529, 0.39090800000121817, 0.40745159998186864, 0.4244747000047937, 0.4408969999931287, 0.45748789998469874, 0.47410689998650923, 0.4907167000055779, 0.5073534999974072, 0.5241018999950029, 0.5408278999966569, 0.5574589000025298, 0.5741773000045214, 0.5907714999921154, 0.6074471999891102, 0.6240922999859322, 0.6406499999866355, 0.6573465999972541, 0.6741189000022132, 0.6906220999953803, 0.7073672999977134, 0.7240224999841303, 0.7407082999998238, 0.757337799994275, 0.7740618999814615, 0.7907890999922529, 0.8072392999893054, 0.8239210000028834, 0.8407289999886416, 0.8574041999818292, 0.8739599999971688, 0.8905901999969501, 0.9072254999773577, 0.9240010999783408, 0.9406394999823533, 0.9573644000047352, 0.9741906999843195, 0.9907138999842573, 1.007298799988348, 1.0239448999927845, 1.0406339000037406, 1.0574258999840822]	n/a	n/a	0.7	5a
203	7	go_nogo	0	60	8	go	click	[71.0, 71.0, 84.0, 111.0, 130.0, 146.0, 155.0, 164.0, 168.0, 169.0, 169.0, 169.0, 169.0, 169.0, 169.0, 169.0, 169.0, 169.0, 169.0, 169.0, 169.0, 169.0]	[-169.0, -169.0, -112.0, -8.0, 80.0, 148.0, 195.0, 238.0, 256.0, 261.0, 262.0, 262.0, 262.0, 262.0, 262.0, 262.0, 262.0, 262.0, 262.0, 262.0, 262.0, 262.0]	[0, 0, 0, 0, 0, 0, 0, 0, 0, 0, 0, 0, 0, 0, 0, 0, 0, 0, 0, 0, 0, 1]	[0, 0, 0, 0, 0, 0, 0, 0, 0, 0, 0, 0, 0, 0, 0, 0, 0, 0, 0, 0, 0, 0]	[0, 0, 0, 0, 0, 0, 0, 0, 0, 0, 0, 0, 0, 0, 0, 0, 0, 0, 0, 0, 0, 0]	[0.0003428999916650355, 0.008139699988532811, 0.02551300000050105, 0.04193799998029135, 0.05838410000433214, 0.07535299999290146, 0.09185179998166859, 0.10835890000453219, 0.1251750999945216, 0.14199529998586513, 0.15817139999126084, 0.17472680000355467, 0.19138909998582676, 0.20802429999457672, 0.2250210999918636, 0.24120879999827594, 0.2578743000049144, 0.2745645999966655, 0.2912600999989081, 0.30796939998981543, 0.3244787000003271, 0.34163399998215027]	169.0	262.0	0.9	5a
204	7	go_nogo	0	60	8	go	click	[39.0, 39.0, 66.0, 101.0, 124.0, 143.0, 159.0, 176.0, 188.0, 194.0, 195.0, 195.0, 195.0, 195.0, 196.0, 197.0, 197.0, 197.0, 197.0, 197.0, 197.0, 197.0, 197.0, 197.0, 197.0, 197.0]	[-288.0, -288.0, -202.0, -95.0, 1.0, 86.0, 165.0, 245.0, 304.0, 337.0, 341.0, 341.0, 341.0, 341.0, 342.0, 348.0, 349.0, 349.0, 349.0, 349.0, 349.0, 349.0, 349.0, 349.0, 349.0, 349.0]	[0, 0, 0, 0, 0, 0, 0, 0, 0, 0, 0, 0, 0, 0, 0, 0, 0, 0, 0, 0, 0, 0, 0, 0, 0, 1]	[0, 0, 0, 0, 0, 0, 0, 0, 0, 0, 0, 0, 0, 0, 0, 0, 0, 0, 0, 0, 0, 0, 0, 0, 0, 0]	[0, 0, 0, 0, 0, 0, 0, 0, 0, 0, 0, 0, 0, 0, 0, 0, 0, 0, 0, 0, 0, 0, 0, 0, 0, 0]	[0.00018360000103712082, 0.01096679997863248, 0.02748829999472946, 0.044319999986328185, 0.06076480000047013, 0.07748310000170022, 0.0942423999949824, 0.11078689998248592, 0.12748140000621788, 0.1443151999847032, 0.1607633999956306, 0.17729150000377558, 0.19410759999300353, 0.2107419999956619, 0.22757629997795448, 0.2441118999850005, 0.26058000000193715, 0.27717779998783953, 0.29387699998915195, 0.3105486999847926, 0.3273505999823101, 0.34381609997944906, 0.36060849999194033, 0.37717999998130836, 0.3938782000041101, 0.41113140000379644]	197.0	349.0	0.7	5a
205	7	go_nogo	0	60	7	go	click	[57.0, 57.0, 69.0, 80.0, 89.0, 100.0, 108.0, 119.0, 127.0, 130.0, 131.0, 131.0, 131.0, 132.0, 132.0, 133.0, 133.0, 133.0, 133.0, 135.0, 145.0, 161.0, 172.0, 179.0, 180.0, 180.0, 180.0, 180.0]	[-193.0, -193.0, -152.0, -74.0, -9.0, 63.0, 99.0, 130.0, 157.0, 172.0, 175.0, 176.0, 176.0, 179.0, 183.0, 183.0, 184.0, 184.0, 186.0, 197.0, 222.0, 252.0, 277.0, 291.0, 294.0, 295.0, 295.0, 295.0]	[0, 0, 0, 0, 0, 0, 0, 0, 0, 0, 0, 0, 0, 0, 0, 0, 0, 0, 0, 0, 0, 0, 0, 0, 0, 0, 0, 1]	[0, 0, 0, 0, 0, 0, 0, 0, 0, 0, 0, 0, 0, 0, 0, 0, 0, 0, 0, 0, 0, 0, 0, 0, 0, 0, 0, 0]	[0, 0, 0, 0, 0, 0, 0, 0, 0, 0, 0, 0, 0, 0, 0, 0, 0, 0, 0, 0, 0, 0, 0, 0, 0, 0, 0, 0]	[0.0003635000030044466, 0.008344200003193691, 0.025425200001336634, 0.04181540000718087, 0.05834119999781251, 0.07505569999921136, 0.09176640000077896, 0.10893790001864545, 0.12546840001596138, 0.1415700000070501, 0.15830340000684373, 0.17492109999875538, 0.1916205000015907, 0.2081690000195522, 0.2250110000022687, 0.24187100000563078, 0.25808780000079423, 0.2746724000026006, 0.2915514000051189, 0.30873600000631995, 0.3254726000013761, 0.3414517000201158, 0.3581324999977369, 0.3748463000229094, 0.391601500014076, 0.4078759000112768, 0.4246747000142932, 0.44177060000947677]	180.0	295.0	0.9	5a
206	7	go_nogo	0	60	8	go	click	[88.0, 88.0, 109.0, 145.0, 173.0, 187.0, 194.0, 197.0, 198.0, 199.0, 199.0, 199.0, 202.0, 205.0, 205.0, 205.0, 205.0, 205.0, 205.0, 205.0, 205.0, 205.0]	[-118.0, -118.0, -34.0, 127.0, 221.0, 260.0, 284.0, 299.0, 306.0, 308.0, 309.0, 310.0, 317.0, 324.0, 326.0, 326.0, 326.0, 326.0, 326.0, 326.0, 326.0, 326.0]	[0, 0, 0, 0, 0, 0, 0, 0, 0, 0, 0, 0, 0, 0, 0, 0, 0, 0, 0, 0, 0, 1]	[0, 0, 0, 0, 0, 0, 0, 0, 0, 0, 0, 0, 0, 0, 0, 0, 0, 0, 0, 0, 0, 0]	[0, 0, 0, 0, 0, 0, 0, 0, 0, 0, 0, 0, 0, 0, 0, 0, 0, 0, 0, 0, 0, 0]	[0.0007845999789424241, 0.007753099984256551, 0.024540899990824983, 0.04172749997815117, 0.05794499997864477, 0.07445829999051057, 0.09109109998098575, 0.10772430000361055, 0.1245461999787949, 0.1411579999839887, 0.15751589997671545, 0.17442339999252, 0.19104370000422932, 0.20773100000224076, 0.22432569999364205, 0.24070599998231046, 0.25747660000342876, 0.27431589999468997, 0.29081539998878725, 0.3075725999951828, 0.32414799998514354, 0.34145899998839013]	205.0	326.0	0.5	5a
207	7	go_nogo	0	60	6	go	click	[27.0, 27.0, 38.0, 55.0, 76.0, 90.0, 100.0, 106.0, 111.0, 115.0, 119.0, 124.0, 133.0, 140.0, 142.0, 142.0, 142.0, 142.0, 142.0, 143.0, 146.0, 154.0, 154.0, 155.0, 155.0, 155.0, 155.0, 158.0, 164.0, 170.0, 174.0, 175.0, 175.0]	[-249.0, -249.0, -189.0, -56.0, 60.0, 116.0, 145.0, 165.0, 178.0, 188.0, 198.0, 206.0, 224.0, 243.0, 250.0, 251.0, 251.0, 251.0, 251.0, 251.0, 255.0, 261.0, 262.0, 262.0, 262.0, 262.0, 262.0, 266.0, 273.0, 278.0, 281.0, 282.0, 282.0]	[0, 0, 0, 0, 0, 0, 0, 0, 0, 0, 0, 0, 0, 0, 0, 0, 0, 0, 0, 0, 0, 0, 0, 0, 0, 0, 0, 0, 0, 0, 0, 0, 1]	[0, 0, 0, 0, 0, 0, 0, 0, 0, 0, 0, 0, 0, 0, 0, 0, 0, 0, 0, 0, 0, 0, 0, 0, 0, 0, 0, 0, 0, 0, 0, 0, 0]	[0, 0, 0, 0, 0, 0, 0, 0, 0, 0, 0, 0, 0, 0, 0, 0, 0, 0, 0, 0, 0, 0, 0, 0, 0, 0, 0, 0, 0, 0, 0, 0, 0]	[0.0004031000135000795, 0.008189499989384785, 0.025197400012984872, 0.041564200015272945, 0.058181800006423146, 0.07505069999024272, 0.09161390000372194, 0.10837229999015108, 0.1250925000058487, 0.1417995000083465, 0.15831620001699775, 0.17521750001469627, 0.19195209999452345, 0.2081977000052575, 0.22525660000974312, 0.2412866000086069, 0.2579582000034861, 0.2746366999926977, 0.2917432000103872, 0.30824610000126995, 0.3252277999999933, 0.3417112000170164, 0.3580665999907069, 0.3748044999956619, 0.39133109999238513, 0.40780570000060834, 0.4247983999957796, 0.4414651000115555, 0.4584253999928478, 0.47537719999672845, 0.49154690001159906, 0.5078890000004321, 0.5248736999928951]	175.0	282.0	0.6	5a
208	7	go_nogo	0	60	6	go	click	[76.0, 76.0, 129.0, 168.0, 191.0, 203.0, 208.0, 211.0, 211.0, 212.0, 212.0, 212.0, 212.0, 212.0, 212.0, 212.0, 212.0, 212.0, 212.0, 212.0, 212.0, 212.0, 212.0]	[-144.0, -144.0, 0.0, 123.0, 197.0, 241.0, 270.0, 285.0, 288.0, 289.0, 289.0, 289.0, 289.0, 289.0, 289.0, 289.0, 289.0, 289.0, 289.0, 289.0, 289.0, 289.0, 289.0]	[0, 0, 0, 0, 0, 0, 0, 0, 0, 0, 0, 0, 0, 0, 0, 0, 0, 0, 0, 0, 0, 0, 1]	[0, 0, 0, 0, 0, 0, 0, 0, 0, 0, 0, 0, 0, 0, 0, 0, 0, 0, 0, 0, 0, 0, 0]	[0, 0, 0, 0, 0, 0, 0, 0, 0, 0, 0, 0, 0, 0, 0, 0, 0, 0, 0, 0, 0, 0, 0]	[0.0004183000128250569, 0.010860600013984367, 0.027435800002422184, 0.04424340001423843, 0.061136300006182864, 0.07742070002132095, 0.09395940002286807, 0.1107505000254605, 0.1274353000044357, 0.14382680002017878, 0.1604236000275705, 0.17721130000427365, 0.19383380000363104, 0.21049080000375398, 0.22719530001631938, 0.24389520002296194, 0.2604183000221383, 0.277139600017108, 0.2937269000103697, 0.3105232000234537, 0.32709320000139996, 0.34371360001387075, 0.3609971000114456]	212.0	289.0	0.8	5a
209	7	go_nogo	0	60	8	go	click	[31.0, 31.0, 45.0, 69.0, 86.0, 92.0, 93.0, 95.0, 103.0, 113.0, 122.0, 124.0, 125.0, 125.0, 125.0, 125.0, 125.0, 125.0, 125.0, 125.0, 127.0, 128.0, 128.0, 130.0, 136.0, 149.0, 165.0, 178.0, 185.0, 185.0, 185.0, 185.0]	[-240.0, -240.0, -180.0, -72.0, 19.0, 76.0, 102.0, 130.0, 179.0, 208.0, 228.0, 234.0, 236.0, 236.0, 236.0, 236.0, 236.0, 236.0, 236.0, 236.0, 239.0, 240.0, 241.0, 244.0, 251.0, 264.0, 286.0, 306.0, 313.0, 314.0, 314.0, 314.0]	[0, 0, 0, 0, 0, 0, 0, 0, 0, 0, 0, 0, 0, 0, 0, 0, 0, 0, 0, 0, 0, 0, 0, 0, 0, 0, 0, 0, 0, 0, 0, 1]	[0, 0, 0, 0, 0, 0, 0, 0, 0, 0, 0, 0, 0, 0, 0, 0, 0, 0, 0, 0, 0, 0, 0, 0, 0, 0, 0, 0, 0, 0, 0, 0]	[0, 0, 0, 0, 0, 0, 0, 0, 0, 0, 0, 0, 0, 0, 0, 0, 0, 0, 0, 0, 0, 0, 0, 0, 0, 0, 0, 0, 0, 0, 0, 0]	[0.0004071999865118414, 0.007714300008956343, 0.02461829999811016, 0.04120350000448525, 0.0579825000022538, 0.0746625000028871, 0.09121379998396151, 0.10821099998429418, 0.124538100004429, 0.1417381000064779, 0.15804879998904653, 0.1745599999849219, 0.19107080000685528, 0.20765100000426173, 0.22430299999541603, 0.2408661000081338, 0.2576604000059888, 0.2742837999830954, 0.29099360000691377, 0.3081055000075139, 0.3247288999846205, 0.3410598000045866, 0.3577422999951523, 0.3744503000052646, 0.39127120000193827, 0.40772809999180026, 0.42468329999246635, 0.4411375999916345, 0.45780699999886565, 0.47445750000770204, 0.4907900999824051, 0.5079831999901216]	185.0	314.0	0.6	5a
210	7	go_nogo	0	60	8	go	click	[55.0, 69.0, 89.0, 127.0, 160.0, 187.0, 201.0, 209.0, 212.0, 216.0, 220.0, 225.0, 232.0, 236.0, 236.0, 236.0, 236.0, 236.0, 236.0, 236.0, 236.0, 236.0, 236.0]	[-284.0, -220.0, -151.0, -10.0, 116.0, 202.0, 239.0, 258.0, 274.0, 286.0, 296.0, 307.0, 323.0, 331.0, 332.0, 332.0, 332.0, 330.0, 328.0, 327.0, 327.0, 327.0, 327.0]	[0, 0, 0, 0, 0, 0, 0, 0, 0, 0, 0, 0, 0, 0, 0, 0, 0, 0, 0, 0, 0, 0, 1]	[0, 0, 0, 0, 0, 0, 0, 0, 0, 0, 0, 0, 0, 0, 0, 0, 0, 0, 0, 0, 0, 0, 0]	[0, 0, 0, 0, 0, 0, 0, 0, 0, 0, 0, 0, 0, 0, 0, 0, 0, 0, 0, 0, 0, 0, 0]	[0.0001750999945215881, 0.010778900003060699, 0.027429600013419986, 0.04430340000544675, 0.06089960000826977, 0.07808320000185631, 0.09419760000309907, 0.11075140000320971, 0.12742020000587218, 0.14456829999107867, 0.1607271000102628, 0.17787220000172965, 0.1942554000124801, 0.21079429998644628, 0.2271316999976989, 0.24387320000096224, 0.26080950000323355, 0.277554100000998, 0.2941399000119418, 0.31050260001211427, 0.3271871999895666, 0.3439385000092443, 0.36047379998490214]	236.0	327.0	0.9	5a
211	7	go_nogo	0	60	6	go	click	[34.0, 34.0, 47.0, 82.0, 98.0, 117.0, 137.0, 154.0, 167.0, 174.0, 176.0, 176.0, 176.0, 177.0, 177.0, 178.0, 178.0, 178.0, 178.0, 179.0, 182.0, 184.0, 185.0, 185.0]	[-229.0, -229.0, -180.0, -50.0, 11.0, 69.0, 135.0, 200.0, 249.0, 272.0, 279.0, 279.0, 279.0, 281.0, 285.0, 287.0, 287.0, 287.0, 287.0, 291.0, 298.0, 303.0, 305.0, 305.0]	[0, 0, 0, 0, 0, 0, 0, 0, 0, 0, 0, 0, 0, 0, 0, 0, 0, 0, 0, 0, 0, 0, 0, 1]	[0, 0, 0, 0, 0, 0, 0, 0, 0, 0, 0, 0, 0, 0, 0, 0, 0, 0, 0, 0, 0, 0, 0, 0]	[0, 0, 0, 0, 0, 0, 0, 0, 0, 0, 0, 0, 0, 0, 0, 0, 0, 0, 0, 0, 0, 0, 0, 0]	[0.00032359999022446573, 0.008154399984050542, 0.02496660000178963, 0.04151189999538474, 0.05830229999264702, 0.07557970000198111, 0.09150039998348802, 0.10855949998949654, 0.12475689998245798, 0.1413800999871455, 0.15807919998769648, 0.1746160999755375, 0.1915630000003148, 0.20818909999798052, 0.2251226999796927, 0.2413096999807749, 0.25798070000018924, 0.2744547999755014, 0.2921149999892805, 0.3086678999825381, 0.3248269000032451, 0.3412772000010591, 0.3580147000029683, 0.3748353999981191]	185.0	305.0	1.0	5a
212	7	go_nogo	0	60	3	go	click	[23.0, 43.0, 62.0, 98.0, 131.0, 155.0, 169.0, 177.0, 180.0, 181.0, 182.0, 182.0, 182.0, 182.0, 182.0, 184.0, 184.0, 184.0, 184.0, 184.0, 184.0, 184.0, 186.0, 186.0, 186.0, 186.0]	[-230.0, -169.0, -104.0, 7.0, 98.0, 166.0, 207.0, 230.0, 240.0, 244.0, 249.0, 252.0, 253.0, 254.0, 259.0, 264.0, 264.0, 264.0, 264.0, 264.0, 264.0, 272.0, 277.0, 279.0, 279.0, 279.0]	[0, 0, 0, 0, 0, 0, 0, 0, 0, 0, 0, 0, 0, 0, 0, 0, 0, 0, 0, 0, 0, 0, 0, 0, 0, 1]	[0, 0, 0, 0, 0, 0, 0, 0, 0, 0, 0, 0, 0, 0, 0, 0, 0, 0, 0, 0, 0, 0, 0, 0, 0, 0]	[0, 0, 0, 0, 0, 0, 0, 0, 0, 0, 0, 0, 0, 0, 0, 0, 0, 0, 0, 0, 0, 0, 0, 0, 0, 0]	[0.00043050001841038465, 0.007870000001275912, 0.02451630000723526, 0.04128299999865703, 0.05829620000440627, 0.0745232000190299, 0.09158890001708642, 0.10782870001276024, 0.12459829999716021, 0.14133909999509342, 0.158222800004296, 0.17438880002009682, 0.19111360001261346, 0.20805360001395456, 0.2245054000231903, 0.24096080000163056, 0.2576396000222303, 0.27427690001786686, 0.29097270002239384, 0.3076557000167668, 0.3243934000201989, 0.34116979999816976, 0.3577681000169832, 0.37411750000319444, 0.39085910000721924, 0.4079723000177182]	186.0	279.0	0.9	5a
213	7	go_nogo	0	60	3	go	click	[72.0, 72.0, 121.0, 162.0, 205.0, 234.0, 246.0, 249.0, 251.0, 251.0, 251.0, 251.0, 251.0, 251.0, 251.0, 251.0, 251.0, 246.0, 235.0, 221.0, 212.0, 205.0, 202.0, 201.0, 200.0, 199.0, 197.0, 197.0, 197.0, 197.0, 197.0]	[-115.0, -115.0, 55.0, 205.0, 347.0, 445.0, 483.0, 496.0, 500.0, 500.0, 500.0, 501.0, 502.0, 502.0, 502.0, 502.0, 502.0, 481.0, 442.0, 391.0, 358.0, 344.0, 338.0, 334.0, 331.0, 326.0, 322.0, 320.0, 320.0, 320.0, 320.0]	[0, 0, 0, 0, 0, 0, 0, 0, 0, 0, 0, 0, 0, 0, 0, 0, 0, 0, 0, 0, 0, 0, 0, 0, 0, 0, 0, 0, 0, 0, 1]	[0, 0, 0, 0, 0, 0, 0, 0, 0, 0, 0, 0, 0, 0, 0, 0, 0, 0, 0, 0, 0, 0, 0, 0, 0, 0, 0, 0, 0, 0, 0]	[0, 0, 0, 0, 0, 0, 0, 0, 0, 0, 0, 0, 0, 0, 0, 0, 0, 0, 0, 0, 0, 0, 0, 0, 0, 0, 0, 0, 0, 0, 0]	[0.0001863999932538718, 0.010751499998150393, 0.02724209998268634, 0.04372249997686595, 0.060664999997243285, 0.0771472999767866, 0.09400429998640902, 0.11059859997476451, 0.126816299976781, 0.14355219999561086, 0.16037149998010136, 0.1771786999888718, 0.1934756999835372, 0.21017759997630492, 0.2267744999844581, 0.2437206999748014, 0.2603858999791555, 0.2777300000016112, 0.2937274999858346, 0.3103093999961857, 0.3271591999800876, 0.3436814000015147, 0.3603568999969866, 0.37695789997815154, 0.39379279999411665, 0.41050069997436367, 0.4269983999838587, 0.4434756999835372, 0.4601916999963578, 0.4766966000024695, 0.49407549999887124]	197.0	320.0	0.8	5a
214	7	go_nogo	0	60	7	go	click	[31.0, 31.0, 42.0, 64.0, 83.0, 99.0, 109.0, 118.0, 128.0, 135.0, 142.0, 146.0, 147.0, 150.0, 150.0, 150.0, 150.0, 150.0, 150.0, 150.0, 150.0, 151.0, 152.0, 152.0, 152.0, 152.0, 152.0, 152.0, 153.0, 153.0, 153.0, 154.0]	[-199.0, -199.0, -139.0, -24.0, 64.0, 117.0, 145.0, 166.0, 189.0, 212.0, 238.0, 249.0, 254.0, 261.0, 261.0, 261.0, 261.0, 261.0, 261.0, 261.0, 261.0, 263.0, 268.0, 268.0, 268.0, 268.0, 268.0, 268.0, 271.0, 272.0, 272.0, 272.0]	[0, 0, 0, 0, 0, 0, 0, 0, 0, 0, 0, 0, 0, 0, 0, 0, 0, 0, 0, 0, 0, 0, 0, 0, 0, 0, 0, 0, 0, 0, 0, 1]	[0, 0, 0, 0, 0, 0, 0, 0, 0, 0, 0, 0, 0, 0, 0, 0, 0, 0, 0, 0, 0, 0, 0, 0, 0, 0, 0, 0, 0, 0, 0, 0]	[0, 0, 0, 0, 0, 0, 0, 0, 0, 0, 0, 0, 0, 0, 0, 0, 0, 0, 0, 0, 0, 0, 0, 0, 0, 0, 0, 0, 0, 0, 0, 0]	[0.0004157999937888235, 0.006540300004417077, 0.023612599994521588, 0.04004590000840835, 0.05686989999958314, 0.07330210000509396, 0.0900236000015866, 0.1067310000071302, 0.12339630001224577, 0.14001510001253337, 0.1565499999851454, 0.17334559999289922, 0.19044470001244918, 0.2065217999916058, 0.22300719999475405, 0.2398234999855049, 0.2563750999979675, 0.27340010000625625, 0.289783999993233, 0.30649270000867546, 0.3234658000001218, 0.3401908999949228, 0.3563871000078507, 0.37331220001215115, 0.38970930001232773, 0.4066041999903973, 0.423034400009783, 0.44017929999972694, 0.4565930000098888, 0.47297110001090914, 0.49016950000077486, 0.5068789999932051]	154.0	272.0	0.6	5a
215	7	go_nogo	0	60	4	go	click	[51.0, 51.0, 67.0, 96.0, 123.0, 139.0, 151.0, 154.0, 161.0, 169.0, 176.0, 180.0, 182.0, 183.0, 185.0, 187.0, 188.0, 189.0, 192.0, 201.0, 209.0, 212.0, 212.0, 212.0, 212.0, 212.0, 212.0]	[-185.0, -185.0, -132.0, -27.0, 59.0, 117.0, 155.0, 160.0, 174.0, 192.0, 206.0, 216.0, 220.0, 224.0, 230.0, 237.0, 241.0, 245.0, 260.0, 301.0, 326.0, 336.0, 336.0, 336.0, 336.0, 336.0, 336.0]	[0, 0, 0, 0, 0, 0, 0, 0, 0, 0, 0, 0, 0, 0, 0, 0, 0, 0, 0, 0, 0, 0, 0, 0, 0, 0, 1]	[0, 0, 0, 0, 0, 0, 0, 0, 0, 0, 0, 0, 0, 0, 0, 0, 0, 0, 0, 0, 0, 0, 0, 0, 0, 0, 0]	[0, 0, 0, 0, 0, 0, 0, 0, 0, 0, 0, 0, 0, 0, 0, 0, 0, 0, 0, 0, 0, 0, 0, 0, 0, 0, 0]	[0.00042460000258870423, 0.008367399976123124, 0.02459319998160936, 0.04124809999484569, 0.0579548999958206, 0.07467549998546019, 0.09145300000091083, 0.10789759998442605, 0.12510129998554476, 0.14146579999942333, 0.15829609998036176, 0.17444679999607615, 0.1911946999898646, 0.20786369999404997, 0.2248734000022523, 0.24125439999625087, 0.25780439999653026, 0.2746206999872811, 0.29134319999138825, 0.30798349998076446, 0.32461029998376034, 0.3409629999950994, 0.3575935999979265, 0.3742599999823142, 0.3908969999756664, 0.4076370999973733, 0.424717599991709]	212.0	336.0	1.0	5a
216	7	go_nogo	0	60	8	go	click	[23.0, 36.0, 36.0, 90.0, 131.0, 172.0, 199.0, 212.0, 216.0, 216.0, 216.0, 216.0, 216.0, 216.0, 216.0, 216.0, 216.0, 216.0, 216.0, 216.0, 216.0, 216.0, 216.0]	[-181.0, -133.0, -133.0, 5.0, 99.0, 188.0, 252.0, 282.0, 291.0, 291.0, 291.0, 291.0, 291.0, 291.0, 292.0, 292.0, 292.0, 292.0, 292.0, 292.0, 292.0, 292.0, 292.0]	[0, 0, 0, 0, 0, 0, 0, 0, 0, 0, 0, 0, 0, 0, 0, 0, 0, 0, 0, 0, 0, 0, 1]	[0, 0, 0, 0, 0, 0, 0, 0, 0, 0, 0, 0, 0, 0, 0, 0, 0, 0, 0, 0, 0, 0, 0]	[0, 0, 0, 0, 0, 0, 0, 0, 0, 0, 0, 0, 0, 0, 0, 0, 0, 0, 0, 0, 0, 0, 0]	[0.0004474999732337892, 0.0077951999846845865, 0.02455149998422712, 0.04214159998809919, 0.05851789997541346, 0.07452929997816682, 0.09118729998590425, 0.10804369999095798, 0.12450059998081997, 0.14091419999022037, 0.15771749999839813, 0.1743642999790609, 0.19093939999584109, 0.20779379998566583, 0.22453619999578223, 0.2408158999751322, 0.25754889997188, 0.27409439999610186, 0.29095299998880364, 0.307457599992631, 0.32415709999622777, 0.3408478999917861, 0.3580138999968767]	216.0	292.0	0.9	5a
217	7	go_nogo	0	60	9	nogo	none	[75.0, 100.0, 100.0, 176.0, 223.0, 254.0, 267.0, 271.0, 271.0, 271.0, 271.0, 271.0, 271.0, 271.0, 271.0, 270.0, 266.0, 258.0, 251.0, 243.0, 238.0, 235.0, 235.0, 235.0, 235.0, 235.0, 235.0, 235.0, 235.0, 235.0, 235.0, 235.0, 235.0, 235.0, 235.0, 235.0, 235.0, 235.0, 235.0, 235.0, 235.0, 235.0, 235.0, 235.0, 235.0, 235.0, 235.0, 235.0, 235.0, 235.0, 235.0, 235.0, 235.0, 235.0, 235.0, 235.0, 235.0, 235.0, 235.0, 235.0, 235.0, 235.0, 235.0, 235.0]	[-147.0, -85.0, -85.0, 91.0, 189.0, 252.0, 279.0, 292.0, 295.0, 295.0, 295.0, 295.0, 295.0, 295.0, 295.0, 295.0, 295.0, 294.0, 293.0, 292.0, 292.0, 292.0, 292.0, 292.0, 292.0, 292.0, 292.0, 292.0, 292.0, 292.0, 292.0, 292.0, 292.0, 292.0, 292.0, 292.0, 292.0, 292.0, 292.0, 292.0, 292.0, 292.0, 292.0, 292.0, 292.0, 292.0, 292.0, 292.0, 292.0, 292.0, 292.0, 292.0, 292.0, 292.0, 292.0, 292.0, 292.0, 292.0, 292.0, 292.0, 292.0, 292.0, 292.0, 292.0]	[0, 0, 0, 0, 0, 0, 0, 0, 0, 0, 0, 0, 0, 0, 0, 0, 0, 0, 0, 0, 0, 0, 0, 0, 0, 0, 0, 0, 0, 0, 0, 0, 0, 0, 0, 0, 0, 0, 0, 0, 0, 0, 0, 0, 0, 0, 0, 0, 0, 0, 0, 0, 0, 0, 0, 0, 0, 0, 0, 0, 0, 0, 0, 0]	[0, 0, 0, 0, 0, 0, 0, 0, 0, 0, 0, 0, 0, 0, 0, 0, 0, 0, 0, 0, 0, 0, 0, 0, 0, 0, 0, 0, 0, 0, 0, 0, 0, 0, 0, 0, 0, 0, 0, 0, 0, 0, 0, 0, 0, 0, 0, 0, 0, 0, 0, 0, 0, 0, 0, 0, 0, 0, 0, 0, 0, 0, 0, 0]	[0, 0, 0, 0, 0, 0, 0, 0, 0, 0, 0, 0, 0, 0, 0, 0, 0, 0, 0, 0, 0, 0, 0, 0, 0, 0, 0, 0, 0, 0, 0, 0, 0, 0, 0, 0, 0, 0, 0, 0, 0, 0, 0, 0, 0, 0, 0, 0, 0, 0, 0, 0, 0, 0, 0, 0, 0, 0, 0, 0, 0, 0, 0, 0]	[0.0004388999950606376, 0.008224099990911782, 0.024940999981481582, 0.04199040000094101, 0.05913179999333806, 0.07534309997572564, 0.0916807999892626, 0.10865609999746084, 0.12473829998634756, 0.14139789997716434, 0.15813679998973384, 0.1746844000008423, 0.1916190999909304, 0.20826369998394512, 0.22474409997812472, 0.24172989997896366, 0.2582459999830462, 0.2755909999832511, 0.2919382999825757, 0.3081681999901775, 0.3247889999765903, 0.3414797999721486, 0.35791679998510517, 0.37471129998448305, 0.3913610999879893, 0.4079209999763407, 0.4247348999779206, 0.44124379998538643, 0.4580077999853529, 0.4745729999849573, 0.4912037999893073, 0.5078248999780044, 0.5248755999782588, 0.5412685999763198, 0.557890199997928, 0.5744826000009198, 0.5912047999736387, 0.6079117999761365, 0.6245093999896199, 0.6414072999905329, 0.6578563999792095, 0.6745803999947384, 0.6911848999734502, 0.7079084999859333, 0.7247835999878589, 0.7411418999836314, 0.75775099999737, 0.7746810999815352, 0.7913945999753196, 0.8080626999726519, 0.825052100000903, 0.8411451999854762, 0.8578321999812033, 0.8744652999739628, 0.8910966999828815, 0.9078457999858074, 0.9245245999773033, 0.9410645999887493, 0.9578457999741659, 0.9744129999889992, 0.9912907999823801, 1.0079458999971393, 1.0244471999758389, 1.0411563999950886]	n/a	n/a	0.6	5a
218	7	go_nogo	0	60	4	go	click	[62.0, 86.0, 116.0, 174.0, 227.0, 263.0, 278.0, 282.0, 282.0, 282.0, 282.0, 282.0, 278.0, 269.0, 263.0, 255.0, 248.0, 242.0, 235.0, 229.0, 225.0, 223.0, 221.0, 221.0, 221.0, 221.0, 221.0, 221.0]	[-195.0, -114.0, -28.0, 140.0, 287.0, 379.0, 420.0, 430.0, 431.0, 431.0, 431.0, 429.0, 420.0, 405.0, 393.0, 380.0, 367.0, 353.0, 337.0, 325.0, 317.0, 313.0, 311.0, 311.0, 311.0, 311.0, 311.0, 311.0]	[0, 0, 0, 0, 0, 0, 0, 0, 0, 0, 0, 0, 0, 0, 0, 0, 0, 0, 0, 0, 0, 0, 0, 0, 0, 0, 0, 1]	[0, 0, 0, 0, 0, 0, 0, 0, 0, 0, 0, 0, 0, 0, 0, 0, 0, 0, 0, 0, 0, 0, 0, 0, 0, 0, 0, 0]	[0, 0, 0, 0, 0, 0, 0, 0, 0, 0, 0, 0, 0, 0, 0, 0, 0, 0, 0, 0, 0, 0, 0, 0, 0, 0, 0, 0]	[0.0004467000253498554, 0.00842310002190061, 0.025635500001953915, 0.04218570000375621, 0.05824790001497604, 0.07497149999835528, 0.09154080000007525, 0.10816740000154823, 0.1246615000127349, 0.14155880000907928, 0.1584566000092309, 0.17504600001848303, 0.1916427000251133, 0.20828600000822917, 0.2252705999999307, 0.24186730000656098, 0.25829880000674166, 0.27484750002622604, 0.2918120000103954, 0.3081935000082012, 0.324839000008069, 0.3416393000225071, 0.3578951000235975, 0.37470340001164004, 0.39126560001750477, 0.4079753000114579, 0.42469070001970977, 0.44126210000831634]	221.0	311.0	0.5	5a
219	7	go_nogo	0	60	9	nogo	none	[17.0, 24.0, 24.0, 58.0, 93.0, 118.0, 138.0, 150.0, 154.0, 155.0, 155.0, 155.0, 155.0, 155.0, 155.0, 155.0, 153.0, 152.0, 152.0, 156.0, 156.0, 157.0, 157.0, 157.0, 157.0, 158.0, 158.0, 158.0, 158.0, 158.0, 158.0, 158.0, 158.0, 158.0, 158.0, 158.0, 158.0, 158.0, 158.0, 158.0, 158.0, 158.0, 158.0, 158.0, 158.0, 158.0, 158.0, 158.0, 158.0, 158.0, 158.0, 158.0, 158.0, 158.0, 158.0, 158.0, 158.0, 158.0, 158.0, 158.0, 158.0, 158.0, 158.0]	[-231.0, -176.0, -176.0, 15.0, 160.0, 257.0, 312.0, 345.0, 357.0, 360.0, 360.0, 360.0, 360.0, 360.0, 360.0, 357.0, 349.0, 336.0, 322.0, 317.0, 317.0, 317.0, 317.0, 317.0, 317.0, 317.0, 317.0, 317.0, 317.0, 317.0, 317.0, 316.0, 315.0, 314.0, 313.0, 313.0, 313.0, 313.0, 313.0, 313.0, 313.0, 313.0, 313.0, 313.0, 313.0, 313.0, 313.0, 313.0, 313.0, 313.0, 313.0, 313.0, 313.0, 313.0, 313.0, 313.0, 313.0, 313.0, 313.0, 313.0, 313.0, 313.0, 313.0]	[0, 0, 0, 0, 0, 0, 0, 0, 0, 0, 0, 0, 0, 0, 0, 0, 0, 0, 0, 0, 0, 0, 0, 0, 0, 0, 0, 0, 0, 0, 0, 0, 0, 0, 0, 0, 0, 0, 0, 0, 0, 0, 0, 0, 0, 0, 0, 0, 0, 0, 0, 0, 0, 0, 0, 0, 0, 0, 0, 0, 0, 0, 0]	[0, 0, 0, 0, 0, 0, 0, 0, 0, 0, 0, 0, 0, 0, 0, 0, 0, 0, 0, 0, 0, 0, 0, 0, 0, 0, 0, 0, 0, 0, 0, 0, 0, 0, 0, 0, 0, 0, 0, 0, 0, 0, 0, 0, 0, 0, 0, 0, 0, 0, 0, 0, 0, 0, 0, 0, 0, 0, 0, 0, 0, 0, 0]	[0, 0, 0, 0, 0, 0, 0, 0, 0, 0, 0, 0, 0, 0, 0, 0, 0, 0, 0, 0, 0, 0, 0, 0, 0, 0, 0, 0, 0, 0, 0, 0, 0, 0, 0, 0, 0, 0, 0, 0, 0, 0, 0, 0, 0, 0, 0, 0, 0, 0, 0, 0, 0, 0, 0, 0, 0, 0, 0, 0, 0, 0, 0]	[0.0003446000046096742, 0.0068069999979343265, 0.02427449999959208, 0.04230839997762814, 0.05766979997861199, 0.07402739999815822, 0.09102049999637529, 0.10723520000465214, 0.12386269998387434, 0.14031649997923523, 0.15719359999638982, 0.1737208999984432, 0.19031119998544455, 0.2070499999972526, 0.22383869998157024, 0.2408422000007704, 0.25724239999544807, 0.27456329998676665, 0.2905083999794442, 0.307002299989108, 0.324056199984625, 0.3403115999826696, 0.3569897999987006, 0.3736512000032235, 0.3904649000032805, 0.40692229999694973, 0.42376360000343993, 0.4402469999913592, 0.4569437000027392, 0.47344269999302924, 0.4904446000000462, 0.507369099999778, 0.5239115000003949, 0.5404186999949161, 0.5568723999895155, 0.5737591999932192, 0.5901369999919552, 0.6067687000031583, 0.6236266999912914, 0.6403533999982756, 0.6571575999842025, 0.6737389999907464, 0.6900470999826211, 0.7067385999835096, 0.7236322999815457, 0.7400896000035573, 0.7568413999979384, 0.7735534999810625, 0.7901502999884542, 0.806867199979024, 0.8234484999848064, 0.840189599985024, 0.8569181000057142, 0.8735120999917854, 0.8900663999957033, 0.90683180000633, 0.9233976999821607, 0.9401365999947302, 0.9567290999984834, 0.9735486999852583, 0.9901571999944281, 1.0067382999986876, 1.0232690999982879]	n/a	n/a	1.0	5a
220	7	go_nogo	0	60	4	go	click	[66.0, 93.0, 116.0, 167.0, 210.0, 235.0, 248.0, 250.0, 250.0, 250.0, 250.0, 250.0, 250.0, 250.0, 250.0, 250.0, 250.0, 250.0, 250.0, 249.0, 244.0, 242.0, 241.0, 241.0, 241.0, 241.0, 241.0, 240.0, 240.0, 240.0]	[-179.0, -105.0, -32.0, 127.0, 258.0, 315.0, 335.0, 340.0, 341.0, 341.0, 341.0, 341.0, 341.0, 341.0, 341.0, 341.0, 341.0, 341.0, 341.0, 338.0, 332.0, 328.0, 327.0, 327.0, 327.0, 327.0, 326.0, 326.0, 326.0, 326.0]	[0, 0, 0, 0, 0, 0, 0, 0, 0, 0, 0, 0, 0, 0, 0, 0, 0, 0, 0, 0, 0, 0, 0, 0, 0, 0, 0, 0, 0, 1]	[0, 0, 0, 0, 0, 0, 0, 0, 0, 0, 0, 0, 0, 0, 0, 0, 0, 0, 0, 0, 0, 0, 0, 0, 0, 0, 0, 0, 0, 0]	[0, 0, 0, 0, 0, 0, 0, 0, 0, 0, 0, 0, 0, 0, 0, 0, 0, 0, 0, 0, 0, 0, 0, 0, 0, 0, 0, 0, 0, 0]	[0.0004264999879524112, 0.007765999995172024, 0.02512380000553094, 0.041579000011552125, 0.05793710000580177, 0.07468719998723827, 0.0912792999879457, 0.10820419999072328, 0.12465340000926517, 0.14110609999625012, 0.15797999998903833, 0.17439279999234714, 0.19108089999645017, 0.20774979999987409, 0.2244422000076156, 0.24148960001184605, 0.25769969998509623, 0.27438009998877533, 0.2912552999914624, 0.3078906000009738, 0.32462349999696016, 0.3412919999973383, 0.35794680000981316, 0.3743497999967076, 0.39096089999657124, 0.4077378000074532, 0.42467320000287145, 0.44105220001074485, 0.4576072999916505, 0.4755474999838043]	240.0	326.0	0.9	5a
221	7	go_nogo	0	60	1	nogo	none	[36.0, 36.0, 70.0, 132.0, 182.0, 225.0, 256.0, 270.0, 274.0, 275.0, 275.0, 275.0, 275.0, 275.0, 275.0, 275.0, 275.0, 275.0, 275.0, 272.0, 268.0, 267.0, 266.0, 264.0, 260.0, 259.0, 259.0, 259.0, 259.0, 259.0, 259.0, 259.0, 259.0, 259.0, 259.0, 259.0, 259.0, 259.0, 259.0, 259.0, 259.0, 259.0, 259.0, 259.0, 259.0, 259.0, 259.0, 259.0, 259.0, 259.0, 259.0, 259.0, 259.0, 259.0, 259.0, 259.0, 259.0, 259.0, 259.0, 259.0, 259.0, 259.0, 259.0, 259.0, 259.0, 259.0, 259.0, 259.0]	[-228.0, -228.0, -172.0, -49.0, 64.0, 165.0, 242.0, 271.0, 282.0, 287.0, 287.0, 287.0, 287.0, 287.0, 287.0, 287.0, 287.0, 287.0, 287.0, 289.0, 290.0, 290.0, 291.0, 291.0, 292.0, 292.0, 292.0, 292.0, 292.0, 292.0, 292.0, 292.0, 292.0, 292.0, 292.0, 292.0, 292.0, 292.0, 292.0, 292.0, 292.0, 292.0, 292.0, 292.0, 292.0, 292.0, 292.0, 292.0, 292.0, 292.0, 292.0, 292.0, 292.0, 292.0, 292.0, 292.0, 292.0, 292.0, 292.0, 292.0, 292.0, 292.0, 292.0, 292.0, 292.0, 292.0, 292.0, 292.0]	[0, 0, 0, 0, 0, 0, 0, 0, 0, 0, 0, 0, 0, 0, 0, 0, 0, 0, 0, 0, 0, 0, 0, 0, 0, 0, 0, 0, 0, 0, 0, 0, 0, 0, 0, 0, 0, 0, 0, 0, 0, 0, 0, 0, 0, 0, 0, 0, 0, 0, 0, 0, 0, 0, 0, 0, 0, 0, 0, 0, 0, 0, 0, 0, 0, 0, 0, 0]	[0, 0, 0, 0, 0, 0, 0, 0, 0, 0, 0, 0, 0, 0, 0, 0, 0, 0, 0, 0, 0, 0, 0, 0, 0, 0, 0, 0, 0, 0, 0, 0, 0, 0, 0, 0, 0, 0, 0, 0, 0, 0, 0, 0, 0, 0, 0, 0, 0, 0, 0, 0, 0, 0, 0, 0, 0, 0, 0, 0, 0, 0, 0, 0, 0, 0, 0, 0]	[0, 0, 0, 0, 0, 0, 0, 0, 0, 0, 0, 0, 0, 0, 0, 0, 0, 0, 0, 0, 0, 0, 0, 0, 0, 0, 0, 0, 0, 0, 0, 0, 0, 0, 0, 0, 0, 0, 0, 0, 0, 0, 0, 0, 0, 0, 0, 0, 0, 0, 0, 0, 0, 0, 0, 0, 0, 0, 0, 0, 0, 0, 0, 0, 0, 0, 0, 0]	[0.00038559999666176736, 0.008687800000188872, 0.024979399982839823, 0.04187139999703504, 0.05842749998555519, 0.07527339999796823, 0.09180139997624792, 0.10847329997341149, 0.12506339998799376, 0.14161999998032115, 0.15855890000239015, 0.1750445999787189, 0.19158389998483472, 0.20829819998471066, 0.2249594999884721, 0.24150299999746494, 0.258289599994896, 0.27479509997647256, 0.2916858999815304, 0.30847399999038316, 0.32507439999608323, 0.3418816999765113, 0.35810729998047464, 0.37515959999291226, 0.3919201999960933, 0.4081499000021722, 0.4249722999811638, 0.44168920000083745, 0.45813439998892136, 0.47501850000116974, 0.4916568999760784, 0.5080743999860715, 0.5247331999999005, 0.5414257999800611, 0.5581663999764714, 0.574641299986979, 0.5916601999779232, 0.6081904000020586, 0.6251655999803916, 0.6415907999908086, 0.6579777000006288, 0.6747600999951828, 0.6913619999832008, 0.7080350999895018, 0.7247059999790508, 0.7414074999978766, 0.7581100999959745, 0.7748017999983858, 0.7912894999899436, 0.8078990999783855, 0.824626099987654, 0.8413889999792445, 0.8580025999981444, 0.8750213999883272, 0.8912649999838322, 0.9080057999817654, 0.9245561999850906, 0.9413965999847278, 0.9579368999984581, 0.9747273999964818, 0.9911420999851543, 1.007996699976502, 1.0247947999741882, 1.0413205999939237, 1.0579012999951374, 1.074577399995178, 1.0913631999865174, 1.1079141999944113]	n/a	n/a	1.0	5a
222	7	go_nogo	0	60	2	go	click	[74.0, 74.0, 101.0, 152.0, 183.0, 197.0, 204.0, 207.0, 207.0, 208.0, 212.0, 218.0, 220.0, 221.0, 221.0, 221.0, 221.0, 221.0, 221.0, 221.0, 221.0, 221.0]	[-168.0, -168.0, -87.0, 72.0, 152.0, 189.0, 212.0, 224.0, 234.0, 245.0, 262.0, 278.0, 287.0, 290.0, 290.0, 290.0, 290.0, 290.0, 290.0, 290.0, 290.0, 290.0]	[0, 0, 0, 0, 0, 0, 0, 0, 0, 0, 0, 0, 0, 0, 0, 0, 0, 0, 0, 0, 0, 1]	[0, 0, 0, 0, 0, 0, 0, 0, 0, 0, 0, 0, 0, 0, 0, 0, 0, 0, 0, 0, 0, 0]	[0, 0, 0, 0, 0, 0, 0, 0, 0, 0, 0, 0, 0, 0, 0, 0, 0, 0, 0, 0, 0, 0]	[0.0003966999938711524, 0.008725399995455518, 0.02520659999572672, 0.04225389999919571, 0.05861680000089109, 0.07515689998399466, 0.09182209998834878, 0.10880359998554923, 0.12523579999106005, 0.1419832999818027, 0.1585561000101734, 0.1757641999865882, 0.19174650000059046, 0.20849369998904876, 0.22496679998585023, 0.24158110001008026, 0.25845679998747073, 0.2749508999986574, 0.2915768999955617, 0.3083094999892637, 0.3249616999819409, 0.34207230000174604]	221.0	290.0	0.9	5a
223	7	go_nogo	0	60	9	nogo	none	[96.0, 96.0, 116.0, 169.0, 191.0, 198.0, 201.0, 203.0, 203.0, 203.0, 203.0, 204.0, 204.0, 204.0, 204.0, 204.0, 204.0, 204.0, 204.0, 204.0, 204.0, 204.0, 204.0, 204.0, 204.0, 204.0, 205.0, 206.0, 206.0, 206.0, 206.0, 206.0, 206.0, 206.0, 206.0, 206.0, 206.0, 206.0, 206.0, 206.0, 206.0, 206.0, 206.0, 206.0, 206.0, 206.0, 206.0, 206.0, 206.0, 206.0, 206.0, 206.0, 206.0, 206.0, 206.0, 206.0, 206.0, 206.0, 206.0, 206.0, 206.0, 206.0, 206.0, 206.0, 206.0, 206.0, 206.0, 206.0, 206.0, 206.0, 206.0]	[-167.0, -167.0, -106.0, 54.0, 139.0, 189.0, 215.0, 222.0, 223.0, 224.0, 226.0, 232.0, 233.0, 233.0, 233.0, 233.0, 233.0, 233.0, 233.0, 233.0, 233.0, 233.0, 233.0, 233.0, 235.0, 240.0, 247.0, 257.0, 257.0, 257.0, 257.0, 257.0, 257.0, 257.0, 257.0, 257.0, 257.0, 257.0, 257.0, 257.0, 257.0, 257.0, 257.0, 257.0, 257.0, 257.0, 257.0, 257.0, 257.0, 257.0, 257.0, 257.0, 257.0, 257.0, 257.0, 257.0, 257.0, 257.0, 257.0, 257.0, 257.0, 257.0, 257.0, 257.0, 257.0, 257.0, 257.0, 257.0, 257.0, 257.0, 257.0]	[0, 0, 0, 0, 0, 0, 0, 0, 0, 0, 0, 0, 0, 0, 0, 0, 0, 0, 0, 0, 0, 0, 0, 0, 0, 0, 0, 0, 0, 0, 0, 0, 0, 0, 0, 0, 0, 0, 0, 0, 0, 0, 0, 0, 0, 0, 0, 0, 0, 0, 0, 0, 0, 0, 0, 0, 0, 0, 0, 0, 0, 0, 0, 0, 0, 0, 0, 0, 0, 0, 0]	[0, 0, 0, 0, 0, 0, 0, 0, 0, 0, 0, 0, 0, 0, 0, 0, 0, 0, 0, 0, 0, 0, 0, 0, 0, 0, 0, 0, 0, 0, 0, 0, 0, 0, 0, 0, 0, 0, 0, 0, 0, 0, 0, 0, 0, 0, 0, 0, 0, 0, 0, 0, 0, 0, 0, 0, 0, 0, 0, 0, 0, 0, 0, 0, 0, 0, 0, 0, 0, 0, 0]	[0, 0, 0, 0, 0, 0, 0, 0, 0, 0, 0, 0, 0, 0, 0, 0, 0, 0, 0, 0, 0, 0, 0, 0, 0, 0, 0, 0, 0, 0, 0, 0, 0, 0, 0, 0, 0, 0, 0, 0, 0, 0, 0, 0, 0, 0, 0, 0, 0, 0, 0, 0, 0, 0, 0, 0, 0, 0, 0, 0, 0, 0, 0, 0, 0, 0, 0, 0, 0, 0, 0]	[0.00036949999048374593, 0.008328700001584366, 0.025551099999574944, 0.04243119998136535, 0.05856509998557158, 0.07550049998098984, 0.09181479999097064, 0.10856389999389648, 0.1251230000052601, 0.14169240000774153, 0.15842170000541955, 0.17494149997946806, 0.19146750000072643, 0.2081663999997545, 0.22479000000748783, 0.24154409999027848, 0.25808840000536293, 0.27504849998513237, 0.2916018999821972, 0.3081016000069212, 0.3248835999984294, 0.34168069998850115, 0.358009099989431, 0.3752059999969788, 0.391599499998847, 0.4082529000006616, 0.42482749998453073, 0.4414132999954745, 0.45801440000650473, 0.4746760999842081, 0.49137400000472553, 0.508062599983532, 0.5246541999804322, 0.5414870999811683, 0.558018899988383, 0.5748199999798089, 0.5914207999885548, 0.6080839000060223, 0.6247991999844089, 0.6413501999923028, 0.6579086999990977, 0.6747032999992371, 0.6912395999825094, 0.7079422999813687, 0.7246351999929175, 0.7414393000071868, 0.7579902999859769, 0.7745546999794897, 0.7912785999942571, 0.8079856999975163, 0.824610899988329, 0.8413503000047058, 0.8579077000031248, 0.8746648999804165, 0.8912457999831531, 0.9079391999985091, 0.9245183999883011, 0.9412196000048425, 0.9578277999826241, 0.9744591999915428, 0.9913362999795936, 1.0079670999839436, 1.0245378999970853, 1.0412326999939978, 1.058029899984831, 1.0746181999857072, 1.0912144999892917, 1.1078639999905135, 1.1245943999965675, 1.1412802999839187, 1.1578026000061072]	n/a	n/a	1.0	5a
224	7	go_nogo	0	60	4	go	click	[49.0, 68.0, 83.0, 124.0, 166.0, 194.0, 207.0, 210.0, 210.0, 210.0, 210.0, 210.0, 210.0, 210.0, 210.0, 210.0, 210.0, 209.0, 204.0, 197.0, 191.0, 185.0, 185.0, 185.0, 185.0, 185.0, 185.0, 185.0, 185.0]	[-202.0, -110.0, -15.0, 190.0, 347.0, 423.0, 447.0, 454.0, 454.0, 454.0, 454.0, 454.0, 452.0, 449.0, 448.0, 448.0, 447.0, 437.0, 410.0, 374.0, 340.0, 320.0, 317.0, 316.0, 316.0, 316.0, 316.0, 316.0, 316.0]	[0, 0, 0, 0, 0, 0, 0, 0, 0, 0, 0, 0, 0, 0, 0, 0, 0, 0, 0, 0, 0, 0, 0, 0, 0, 0, 0, 0, 1]	[0, 0, 0, 0, 0, 0, 0, 0, 0, 0, 0, 0, 0, 0, 0, 0, 0, 0, 0, 0, 0, 0, 0, 0, 0, 0, 0, 0, 0]	[0, 0, 0, 0, 0, 0, 0, 0, 0, 0, 0, 0, 0, 0, 0, 0, 0, 0, 0, 0, 0, 0, 0, 0, 0, 0, 0, 0, 0]	[0.00044189998880028725, 0.007879699987825006, 0.024820099992211908, 0.04169109999202192, 0.05794239998795092, 0.0745724999869708, 0.09129279997432604, 0.10768839999218471, 0.12454029999207705, 0.1409925999760162, 0.15776419997564517, 0.17492269998183474, 0.19132789998548105, 0.20803259999956936, 0.22436899997410364, 0.2411176999739837, 0.2579046000028029, 0.274598199990578, 0.2914339999842923, 0.30791339999996126, 0.3245290999766439, 0.34117989998776466, 0.3579122999799438, 0.3743419999955222, 0.3912119999877177, 0.40795219998108223, 0.42477230000076815, 0.44101559999398887, 0.45820480000111274]	185.0	316.0	0.8	5a
225	7	go_nogo	0	60	2	go	click	[67.0, 67.0, 97.0, 149.0, 191.0, 209.0, 217.0, 219.0, 221.0, 222.0, 224.0, 225.0, 225.0, 225.0, 227.0, 227.0, 227.0, 227.0, 227.0, 227.0, 227.0, 227.0, 227.0, 227.0, 227.0, 227.0, 227.0, 227.0, 227.0, 227.0]	[-206.0, -206.0, -132.0, 8.0, 124.0, 182.0, 205.0, 215.0, 222.0, 230.0, 250.0, 254.0, 254.0, 256.0, 265.0, 274.0, 278.0, 278.0, 278.0, 278.0, 278.0, 278.0, 278.0, 278.0, 278.0, 278.0, 278.0, 278.0, 278.0, 278.0]	[0, 0, 0, 0, 0, 0, 0, 0, 0, 0, 0, 0, 0, 0, 0, 0, 0, 0, 0, 0, 0, 0, 0, 0, 0, 0, 0, 0, 0, 1]	[0, 0, 0, 0, 0, 0, 0, 0, 0, 0, 0, 0, 0, 0, 0, 0, 0, 0, 0, 0, 0, 0, 0, 0, 0, 0, 0, 0, 0, 0]	[0, 0, 0, 0, 0, 0, 0, 0, 0, 0, 0, 0, 0, 0, 0, 0, 0, 0, 0, 0, 0, 0, 0, 0, 0, 0, 0, 0, 0, 0]	[0.0004253000079188496, 0.008432400005403906, 0.025221699994290248, 0.04182260000379756, 0.0582834999950137, 0.07497769998735748, 0.09161040000617504, 0.10856520000379533, 0.12499240000033751, 0.1417858999921009, 0.15831309999339283, 0.17488110001431778, 0.1923442000115756, 0.2082698000012897, 0.22482939998735674, 0.24151439999695867, 0.2581390000123065, 0.274758000014117, 0.2915635000099428, 0.30794860000605695, 0.3247226999956183, 0.3413288999872748, 0.3579889000102412, 0.3747622999944724, 0.3912695999897551, 0.4080186999926809, 0.4246909999928903, 0.4413780999893788, 0.4578879000036977, 0.47520270000677556]	227.0	278.0	0.7	5a
226	7	go_nogo	0	60	3	go	click	[71.0, 71.0, 94.0, 136.0, 166.0, 180.0, 185.0, 189.0, 192.0, 193.0, 193.0, 193.0, 193.0, 193.0, 194.0, 194.0, 194.0, 195.0, 195.0, 195.0, 195.0, 195.0, 195.0]	[-107.0, -107.0, -41.0, 75.0, 165.0, 218.0, 247.0, 266.0, 279.0, 283.0, 284.0, 284.0, 284.0, 285.0, 291.0, 293.0, 293.0, 293.0, 293.0, 293.0, 293.0, 293.0, 293.0]	[0, 0, 0, 0, 0, 0, 0, 0, 0, 0, 0, 0, 0, 0, 0, 0, 0, 0, 0, 0, 0, 0, 1]	[0, 0, 0, 0, 0, 0, 0, 0, 0, 0, 0, 0, 0, 0, 0, 0, 0, 0, 0, 0, 0, 0, 0]	[0, 0, 0, 0, 0, 0, 0, 0, 0, 0, 0, 0, 0, 0, 0, 0, 0, 0, 0, 0, 0, 0, 0]	[0.0004301000153645873, 0.007719399989582598, 0.024303599988343194, 0.041167099989252165, 0.057961100013926625, 0.07452910000574775, 0.09106030000839382, 0.10771030001342297, 0.12448890000814572, 0.14101339998887852, 0.15748039999743924, 0.17432570000528358, 0.1908594999986235, 0.20807349999086, 0.2243562999938149, 0.2407400000083726, 0.2577315999951679, 0.27420419998816215, 0.29082419999758713, 0.3074333000113256, 0.32409629999892786, 0.3407094000140205, 0.3578731000015978]	195.0	293.0	0.7	5a
227	7	go_nogo	0	60	2	go	click	[59.0, 59.0, 82.0, 122.0, 160.0, 178.0, 184.0, 186.0, 186.0, 186.0, 186.0, 186.0, 187.0, 188.0, 192.0, 192.0, 192.0, 192.0, 192.0, 192.0, 192.0, 193.0, 193.0, 193.0, 193.0, 193.0]	[-211.0, -211.0, -137.0, 1.0, 108.0, 163.0, 187.0, 199.0, 203.0, 203.0, 203.0, 203.0, 204.0, 214.0, 227.0, 239.0, 243.0, 243.0, 243.0, 243.0, 244.0, 252.0, 267.0, 274.0, 276.0, 276.0]	[0, 0, 0, 0, 0, 0, 0, 0, 0, 0, 0, 0, 0, 0, 0, 0, 0, 0, 0, 0, 0, 0, 0, 0, 0, 1]	[0, 0, 0, 0, 0, 0, 0, 0, 0, 0, 0, 0, 0, 0, 0, 0, 0, 0, 0, 0, 0, 0, 0, 0, 0, 0]	[0, 0, 0, 0, 0, 0, 0, 0, 0, 0, 0, 0, 0, 0, 0, 0, 0, 0, 0, 0, 0, 0, 0, 0, 0, 0]	[0.0001804000057745725, 0.009664200013503432, 0.026296700001694262, 0.04306289998930879, 0.059797099995194, 0.0765712000138592, 0.09300590000930242, 0.10983100000885315, 0.12614129998837598, 0.14267790000303648, 0.15935820000595413, 0.1761734999890905, 0.19285250001121312, 0.2097825999953784, 0.2262633999926038, 0.24279879999812692, 0.25958889999310486, 0.27594970000791363, 0.29265660000965, 0.30931800001417287, 0.32636080001248047, 0.34300180000718683, 0.3603771000052802, 0.3762267999991309, 0.3928009000082966, 0.40989740000804886]	193.0	276.0	0.9	5a
228	7	go_nogo	0	60	6	go	click	[132.0, 132.0, 159.0, 215.0, 242.0, 245.0, 245.0, 244.0, 243.0, 242.0, 242.0, 242.0, 242.0, 242.0, 242.0, 242.0, 242.0, 242.0, 242.0, 238.0, 231.0, 225.0, 222.0, 219.0, 218.0, 218.0, 218.0, 218.0, 218.0]	[-60.0, -60.0, 30.0, 209.0, 321.0, 349.0, 357.0, 358.0, 358.0, 358.0, 358.0, 358.0, 358.0, 358.0, 358.0, 358.0, 358.0, 358.0, 358.0, 352.0, 337.0, 314.0, 299.0, 292.0, 289.0, 288.0, 288.0, 288.0, 288.0]	[0, 0, 0, 0, 0, 0, 0, 0, 0, 0, 0, 0, 0, 0, 0, 0, 0, 0, 0, 0, 0, 0, 0, 0, 0, 0, 0, 0, 1]	[0, 0, 0, 0, 0, 0, 0, 0, 0, 0, 0, 0, 0, 0, 0, 0, 0, 0, 0, 0, 0, 0, 0, 0, 0, 0, 0, 0, 0]	[0, 0, 0, 0, 0, 0, 0, 0, 0, 0, 0, 0, 0, 0, 0, 0, 0, 0, 0, 0, 0, 0, 0, 0, 0, 0, 0, 0, 0]	[0.000769499980378896, 0.007949899998493493, 0.024912900000344962, 0.04186579998349771, 0.0580626999726519, 0.07515159997274168, 0.09131999997771345, 0.1080319999891799, 0.12468609999632463, 0.14113889998407103, 0.15786279999883845, 0.17449869998381473, 0.19109319997369312, 0.20800559999770485, 0.22440529998857528, 0.24129579999134876, 0.25775099999736995, 0.2744407999853138, 0.29130819998681545, 0.3080795999849215, 0.3246198999986518, 0.34177899998030625, 0.3579066999955103, 0.37470449999091215, 0.3912588999955915, 0.40794929998810403, 0.4243232999870088, 0.4410255999828223, 0.45814489998156205]	218.0	288.0	0.7	5a
229	7	go_nogo	0	60	3	go	click	[57.0, 57.0, 74.0, 101.0, 115.0, 123.0, 130.0, 137.0, 143.0, 145.0, 145.0, 145.0, 146.0, 147.0, 152.0, 152.0, 152.0, 152.0, 152.0, 152.0, 152.0, 153.0, 159.0, 170.0, 177.0, 180.0, 180.0, 181.0, 181.0]	[-215.0, -215.0, -150.0, -30.0, 45.0, 85.0, 114.0, 137.0, 159.0, 169.0, 171.0, 172.0, 175.0, 189.0, 206.0, 211.0, 211.0, 211.0, 211.0, 211.0, 211.0, 215.0, 227.0, 238.0, 246.0, 252.0, 252.0, 252.0, 252.0]	[0, 0, 0, 0, 0, 0, 0, 0, 0, 0, 0, 0, 0, 0, 0, 0, 0, 0, 0, 0, 0, 0, 0, 0, 0, 0, 0, 0, 1]	[0, 0, 0, 0, 0, 0, 0, 0, 0, 0, 0, 0, 0, 0, 0, 0, 0, 0, 0, 0, 0, 0, 0, 0, 0, 0, 0, 0, 0]	[0, 0, 0, 0, 0, 0, 0, 0, 0, 0, 0, 0, 0, 0, 0, 0, 0, 0, 0, 0, 0, 0, 0, 0, 0, 0, 0, 0, 0]	[0.0004243000003043562, 0.008942699991166592, 0.025850499980151653, 0.04236520000267774, 0.059198200004175305, 0.07564480000291951, 0.09224880000692792, 0.1089120999968145, 0.12568339999415912, 0.14225939998868853, 0.15897160000167787, 0.1754730999819003, 0.19260740000754595, 0.2090940999914892, 0.22540189998107962, 0.24210319999838248, 0.25867660000221804, 0.27542540000285953, 0.2919250999984797, 0.30857160000596195, 0.3256880999833811, 0.3421954999794252, 0.3592190000053961, 0.37563819999923, 0.3922160000074655, 0.4085295999830123, 0.4257497999933548, 0.44189319998258725, 0.45888739998918027]	181.0	252.0	0.8	5a
230	7	go_nogo	0	60	4	go	click	[31.0, 31.0, 40.0, 55.0, 65.0, 76.0, 84.0, 92.0, 98.0, 100.0, 101.0, 101.0, 101.0, 105.0, 113.0, 119.0, 120.0, 120.0, 120.0, 121.0, 125.0, 134.0, 147.0, 157.0, 158.0, 158.0, 158.0, 158.0]	[-120.0, -120.0, -84.0, -34.0, 5.0, 34.0, 59.0, 80.0, 95.0, 101.0, 102.0, 102.0, 113.0, 139.0, 166.0, 182.0, 186.0, 187.0, 187.0, 188.0, 200.0, 226.0, 253.0, 269.0, 272.0, 272.0, 272.0, 272.0]	[0, 0, 0, 0, 0, 0, 0, 0, 0, 0, 0, 0, 0, 0, 0, 0, 0, 0, 0, 0, 0, 0, 0, 0, 0, 0, 0, 1]	[0, 0, 0, 0, 0, 0, 0, 0, 0, 0, 0, 0, 0, 0, 0, 0, 0, 0, 0, 0, 0, 0, 0, 0, 0, 0, 0, 0]	[0, 0, 0, 0, 0, 0, 0, 0, 0, 0, 0, 0, 0, 0, 0, 0, 0, 0, 0, 0, 0, 0, 0, 0, 0, 0, 0, 0]	[0.0004068000125698745, 0.006713300012052059, 0.023946500004967675, 0.0406018000212498, 0.057012900011613965, 0.07351260000723414, 0.09044910001102835, 0.10705900000175461, 0.123808000003919, 0.14044570000260137, 0.15721900001517497, 0.17393390001961961, 0.1902661000203807, 0.20692200001212768, 0.22363390002283268, 0.24019150002277456, 0.25685830001020804, 0.2734430000127759, 0.2900419000070542, 0.30685160000575706, 0.3234316000016406, 0.340091999998549, 0.3568696000147611, 0.3732998000050429, 0.39012140000704676, 0.40653890001703985, 0.42327930001192726, 0.44002890001866035]	159.0	272.0	0.6	5a
231	7	go_nogo	0	60	9	nogo	none	[74.0, 74.0, 95.0, 125.0, 154.0, 174.0, 195.0, 205.0, 207.0, 208.0, 208.0, 208.0, 209.0, 211.0, 211.0, 212.0, 212.0, 212.0, 212.0, 212.0, 212.0, 212.0, 212.0, 212.0, 212.0, 212.0, 212.0, 212.0, 212.0, 212.0, 211.0, 211.0, 211.0, 211.0, 211.0, 211.0, 211.0, 211.0, 211.0, 211.0, 211.0, 211.0, 211.0, 211.0, 211.0, 210.0, 210.0, 210.0, 210.0, 210.0, 210.0, 210.0, 210.0, 210.0, 210.0, 210.0, 210.0, 210.0, 210.0, 210.0, 210.0, 210.0, 210.0, 210.0, 210.0, 210.0, 210.0, 210.0, 210.0, 210.0]	[-149.0, -149.0, -76.0, 52.0, 150.0, 220.0, 277.0, 298.0, 309.0, 316.0, 320.0, 322.0, 330.0, 346.0, 360.0, 364.0, 364.0, 364.0, 364.0, 364.0, 364.0, 364.0, 364.0, 364.0, 364.0, 363.0, 361.0, 361.0, 361.0, 360.0, 359.0, 358.0, 358.0, 358.0, 358.0, 358.0, 358.0, 358.0, 358.0, 358.0, 358.0, 358.0, 358.0, 358.0, 358.0, 358.0, 358.0, 358.0, 358.0, 358.0, 358.0, 358.0, 358.0, 358.0, 358.0, 358.0, 358.0, 358.0, 358.0, 358.0, 358.0, 358.0, 358.0, 358.0, 358.0, 358.0, 358.0, 358.0, 358.0, 358.0]	[0, 0, 0, 0, 0, 0, 0, 0, 0, 0, 0, 0, 0, 0, 0, 0, 0, 0, 0, 0, 0, 0, 0, 0, 0, 0, 0, 0, 0, 0, 0, 0, 0, 0, 0, 0, 0, 0, 0, 0, 0, 0, 0, 0, 0, 0, 0, 0, 0, 0, 0, 0, 0, 0, 0, 0, 0, 0, 0, 0, 0, 0, 0, 0, 0, 0, 0, 0, 0, 0]	[0, 0, 0, 0, 0, 0, 0, 0, 0, 0, 0, 0, 0, 0, 0, 0, 0, 0, 0, 0, 0, 0, 0, 0, 0, 0, 0, 0, 0, 0, 0, 0, 0, 0, 0, 0, 0, 0, 0, 0, 0, 0, 0, 0, 0, 0, 0, 0, 0, 0, 0, 0, 0, 0, 0, 0, 0, 0, 0, 0, 0, 0, 0, 0, 0, 0, 0, 0, 0, 0]	[0, 0, 0, 0, 0, 0, 0, 0, 0, 0, 0, 0, 0, 0, 0, 0, 0, 0, 0, 0, 0, 0, 0, 0, 0, 0, 0, 0, 0, 0, 0, 0, 0, 0, 0, 0, 0, 0, 0, 0, 0, 0, 0, 0, 0, 0, 0, 0, 0, 0, 0, 0, 0, 0, 0, 0, 0, 0, 0, 0, 0, 0, 0, 0, 0, 0, 0, 0, 0, 0]	[0.00036700000055134296, 0.008564999996451661, 0.025484600017080083, 0.04207190001034178, 0.058767100010300055, 0.07556890000705607, 0.09203900001011789, 0.10923930001445115, 0.12560650001978502, 0.14196219999575987, 0.1586146000190638, 0.17541250001522712, 0.1926802000089083, 0.20874470000853762, 0.22526010000729002, 0.2416856000199914, 0.25839600001927465, 0.2751457999984268, 0.29191900001023896, 0.30852420002338476, 0.32499220001045614, 0.3416801000130363, 0.35833410001941957, 0.37521600001491606, 0.3921062000154052, 0.4090466000197921, 0.425184400024591, 0.4416843000217341, 0.45874750000075437, 0.4752892999968026, 0.49236679999739863, 0.5083026000065729, 0.5251800999976695, 0.5416416000225581, 0.5583408000238705, 0.5750309000140987, 0.5916359999973793, 0.6083653999958187, 0.6249038000241853, 0.641632800019579, 0.6583421000104863, 0.6748831000004429, 0.6915804000163916, 0.7083442000148352, 0.7253238999983296, 0.7417008000193164, 0.7584320000023581, 0.7751282000099309, 0.7915342000196688, 0.808188599999994, 0.825038900016807, 0.8417405000072904, 0.8583174000086728, 0.8748400000040419, 0.8915841999987606, 0.9083019000245258, 0.9248022999963723, 0.9415914000128396, 0.9582153000228573, 0.9751183000043966, 0.9916087000165135, 1.008287400007248, 1.0248936999996658, 1.0420061000040732, 1.0581856000062544, 1.0750711000000592, 1.0914595000213012, 1.108148200000869, 1.1248631000053138, 1.1415144000202417]	n/a	n/a	1.0	5a
232	7	go_nogo	0	60	3	go	click	[66.0, 66.0, 93.0, 153.0, 205.0, 237.0, 249.0, 251.0, 251.0, 251.0, 250.0, 248.0, 246.0, 241.0, 236.0, 230.0, 224.0, 216.0, 211.0, 211.0, 210.0, 210.0, 210.0, 210.0, 210.0, 209.0, 209.0, 209.0, 209.0, 209.0]	[-225.0, -225.0, -147.0, 9.0, 146.0, 230.0, 259.0, 266.0, 266.0, 266.0, 265.0, 264.0, 262.0, 259.0, 255.0, 248.0, 238.0, 229.0, 226.0, 226.0, 228.0, 248.0, 259.0, 265.0, 270.0, 272.0, 273.0, 274.0, 274.0, 274.0]	[0, 0, 0, 0, 0, 0, 0, 0, 0, 0, 0, 0, 0, 0, 0, 0, 0, 0, 0, 0, 0, 0, 0, 0, 0, 0, 0, 0, 0, 1]	[0, 0, 0, 0, 0, 0, 0, 0, 0, 0, 0, 0, 0, 0, 0, 0, 0, 0, 0, 0, 0, 0, 0, 0, 0, 0, 0, 0, 0, 0]	[0, 0, 0, 0, 0, 0, 0, 0, 0, 0, 0, 0, 0, 0, 0, 0, 0, 0, 0, 0, 0, 0, 0, 0, 0, 0, 0, 0, 0, 0]	[0.0004231999919284135, 0.008056099992245436, 0.02500789999612607, 0.04118520001065917, 0.057891600008588284, 0.07467920001363382, 0.09123779999208637, 0.10779400001047179, 0.12436290000914596, 0.14099469999200664, 0.15787580001051538, 0.17549910000525415, 0.1918514000135474, 0.20788259999244474, 0.22473310001078062, 0.24112580000655726, 0.25778970000101253, 0.274797199992463, 0.29090270001324825, 0.30783219999284483, 0.32476109999697655, 0.3411379999888595, 0.35788520000642166, 0.3754137000069022, 0.39111359999515116, 0.40770270000211895, 0.42471749999094754, 0.4409041999897454, 0.45760860000154935, 0.4747749000089243]	209.0	274.0	0.8	5a
233	7	go_nogo	0	60	4	go	click	[118.0, 118.0, 142.0, 177.0, 203.0, 221.0, 231.0, 233.0, 235.0, 238.0, 238.0, 238.0, 238.0, 238.0, 240.0, 240.0, 241.0, 241.0, 241.0, 241.0, 241.0, 241.0, 237.0, 232.0, 226.0, 224.0, 224.0, 224.0, 224.0, 224.0, 224.0, 224.0, 224.0, 224.0]	[-96.0, -96.0, -11.0, 134.0, 239.0, 293.0, 319.0, 330.0, 336.0, 344.0, 348.0, 350.0, 350.0, 352.0, 358.0, 362.0, 362.0, 362.0, 362.0, 362.0, 362.0, 362.0, 354.0, 341.0, 328.0, 325.0, 325.0, 325.0, 325.0, 325.0, 325.0, 325.0, 325.0, 325.0]	[0, 0, 0, 0, 0, 0, 0, 0, 0, 0, 0, 0, 0, 0, 0, 0, 0, 0, 0, 0, 0, 0, 0, 0, 0, 0, 0, 0, 0, 0, 0, 0, 0, 1]	[0, 0, 0, 0, 0, 0, 0, 0, 0, 0, 0, 0, 0, 0, 0, 0, 0, 0, 0, 0, 0, 0, 0, 0, 0, 0, 0, 0, 0, 0, 0, 0, 0, 0]	[0, 0, 0, 0, 0, 0, 0, 0, 0, 0, 0, 0, 0, 0, 0, 0, 0, 0, 0, 0, 0, 0, 0, 0, 0, 0, 0, 0, 0, 0, 0, 0, 0, 0]	[0.00042440000106580555, 0.008172999980160967, 0.02507919998606667, 0.041487299982691184, 0.05820619998848997, 0.07485549998818897, 0.09146589998272248, 0.10817409999435768, 0.12497679999796674, 0.14149039998301305, 0.1582934999896679, 0.17450900000403635, 0.19131150000612251, 0.20836489999783225, 0.2255717999942135, 0.24139149999246, 0.2577971999999136, 0.27456429999438114, 0.2912371999991592, 0.3079048999934457, 0.32468940000399016, 0.3415223000047263, 0.35806769999908283, 0.3747426999907475, 0.3913373999821488, 0.40787530000670813, 0.42454179999185726, 0.44112499998300336, 0.4578347000060603, 0.47462379999342375, 0.4912002999917604, 0.5078030999866314, 0.5245439999853261, 0.5415525999851525]	224.0	325.0	0.8	5a
234	7	go_nogo	0	60	1	nogo	none	[48.0, 65.0, 78.0, 103.0, 115.0, 123.0, 127.0, 129.0, 131.0, 132.0, 137.0, 142.0, 144.0, 146.0, 150.0, 153.0, 155.0, 155.0, 155.0, 155.0, 160.0, 170.0, 180.0, 184.0, 184.0, 184.0, 184.0, 184.0, 184.0, 184.0, 184.0, 184.0, 184.0, 184.0, 184.0, 184.0, 184.0, 184.0, 184.0, 184.0, 184.0, 184.0, 184.0, 184.0, 184.0, 184.0, 184.0, 184.0, 184.0, 184.0, 184.0, 184.0, 184.0, 184.0, 184.0, 184.0, 184.0, 184.0, 184.0, 184.0, 184.0, 184.0, 184.0, 184.0, 184.0, 184.0, 184.0]	[-165.0, -96.0, -40.0, 46.0, 89.0, 114.0, 124.0, 129.0, 136.0, 145.0, 163.0, 179.0, 184.0, 191.0, 200.0, 208.0, 211.0, 212.0, 212.0, 213.0, 222.0, 237.0, 251.0, 259.0, 259.0, 259.0, 259.0, 259.0, 259.0, 259.0, 259.0, 259.0, 259.0, 259.0, 259.0, 259.0, 259.0, 259.0, 259.0, 259.0, 259.0, 259.0, 259.0, 259.0, 259.0, 259.0, 259.0, 259.0, 259.0, 259.0, 259.0, 259.0, 259.0, 259.0, 259.0, 259.0, 259.0, 259.0, 259.0, 259.0, 259.0, 259.0, 259.0, 259.0, 259.0, 259.0, 259.0]	[0, 0, 0, 0, 0, 0, 0, 0, 0, 0, 0, 0, 0, 0, 0, 0, 0, 0, 0, 0, 0, 0, 0, 0, 0, 0, 0, 0, 0, 0, 0, 0, 0, 0, 0, 0, 0, 0, 0, 0, 0, 0, 0, 0, 0, 0, 0, 0, 0, 0, 0, 0, 0, 0, 0, 0, 0, 0, 0, 0, 0, 0, 0, 0, 0, 0, 0]	[0, 0, 0, 0, 0, 0, 0, 0, 0, 0, 0, 0, 0, 0, 0, 0, 0, 0, 0, 0, 0, 0, 0, 0, 0, 0, 0, 0, 0, 0, 0, 0, 0, 0, 0, 0, 0, 0, 0, 0, 0, 0, 0, 0, 0, 0, 0, 0, 0, 0, 0, 0, 0, 0, 0, 0, 0, 0, 0, 0, 0, 0, 0, 0, 0, 0, 0]	[0, 0, 0, 0, 0, 0, 0, 0, 0, 0, 0, 0, 0, 0, 0, 0, 0, 0, 0, 0, 0, 0, 0, 0, 0, 0, 0, 0, 0, 0, 0, 0, 0, 0, 0, 0, 0, 0, 0, 0, 0, 0, 0, 0, 0, 0, 0, 0, 0, 0, 0, 0, 0, 0, 0, 0, 0, 0, 0, 0, 0, 0, 0, 0, 0, 0, 0]	[0.0009868000051937997, 0.008219800016377121, 0.025673600001027808, 0.04180080001242459, 0.05831330001819879, 0.07501000000047497, 0.09162829999695532, 0.1084567999932915, 0.12559420001343824, 0.1417995000083465, 0.1584210000000894, 0.17527350000455044, 0.1918563999934122, 0.20879609999246895, 0.22535799999604933, 0.2421129000140354, 0.2582012000202667, 0.2745449999929406, 0.29137280001305044, 0.3081354000023566, 0.3249923000112176, 0.3414811000111513, 0.35810360001050867, 0.37457939999876544, 0.3912789000023622, 0.4080403000116348, 0.4248150000057649, 0.4414305000100285, 0.4578590000164695, 0.47466910001821816, 0.4911488000070676, 0.5078114999923855, 0.5244675000139978, 0.5412752999982331, 0.5578383000101894, 0.574526300013531, 0.5911592000047676, 0.6076990000146907, 0.6243617000000086, 0.6411369999987073, 0.657888300018385, 0.6745148000190966, 0.6912330000195652, 0.7077938000147697, 0.724455300020054, 0.7411125999933574, 0.7577618999930564, 0.7745684999972582, 0.7911169000144582, 0.8078734000155237, 0.824383700004546, 0.8410412000084762, 0.8577804999949876, 0.8745361000183038, 0.891023900010623, 0.907703600008972, 0.9245345999952406, 0.9411294000165071, 0.9577029999927618, 0.9744572000054177, 0.9911818999971729, 1.0076932999945711, 1.024291700014146, 1.041009100008523, 1.057631700008642, 1.074255000014091, 1.0909456000081263]	n/a	n/a	0.9	5a
235	7	go_nogo	0	60	2	go	click	[43.0, 43.0, 53.0, 76.0, 104.0, 125.0, 148.0, 171.0, 177.0, 180.0, 181.0, 181.0, 181.0, 181.0, 181.0, 181.0, 181.0, 181.0, 181.0, 181.0, 181.0, 181.0, 181.0, 181.0, 181.0, 181.0, 181.0, 181.0, 182.0, 182.0, 183.0, 183.0, 183.0, 183.0, 183.0, 183.0, 183.0, 183.0, 183.0, 183.0]	[-224.0, -224.0, -172.0, -75.0, 19.0, 92.0, 162.0, 233.0, 254.0, 266.0, 268.0, 269.0, 269.0, 269.0, 269.0, 269.0, 269.0, 269.0, 269.0, 269.0, 269.0, 269.0, 270.0, 270.0, 270.0, 270.0, 270.0, 270.0, 270.0, 270.0, 270.0, 270.0, 270.0, 270.0, 270.0, 270.0, 270.0, 270.0, 270.0, 270.0]	[0, 0, 0, 0, 0, 0, 0, 0, 0, 0, 0, 0, 0, 0, 0, 0, 0, 0, 0, 0, 0, 0, 0, 0, 0, 0, 0, 0, 0, 0, 0, 0, 0, 0, 0, 0, 0, 0, 0, 1]	[0, 0, 0, 0, 0, 0, 0, 0, 0, 0, 0, 0, 0, 0, 0, 0, 0, 0, 0, 0, 0, 0, 0, 0, 0, 0, 0, 0, 0, 0, 0, 0, 0, 0, 0, 0, 0, 0, 0, 0]	[0, 0, 0, 0, 0, 0, 0, 0, 0, 0, 0, 0, 0, 0, 0, 0, 0, 0, 0, 0, 0, 0, 0, 0, 0, 0, 0, 0, 0, 0, 0, 0, 0, 0, 0, 0, 0, 0, 0, 0]	[0.00038889999268576503, 0.008022699999855831, 0.02485409998917021, 0.04165790000115521, 0.05832909999298863, 0.0748973999870941, 0.09182549998513423, 0.10811349999858066, 0.125373299990315, 0.14141419998486526, 0.1582390999828931, 0.17444329999852926, 0.19125189998885617, 0.20782189999590628, 0.2244543999840971, 0.24116849998245016, 0.25793089999933727, 0.2745414999953937, 0.29117409998434596, 0.30780769998091273, 0.32443499998771586, 0.3413668999855872, 0.35795839998172596, 0.3746231999830343, 0.39143119999789633, 0.4079749000084121, 0.42466250000870787, 0.4414373000035994, 0.4577262999955565, 0.47492310000234284, 0.4912847999949008, 0.5077321999997366, 0.5243910999852233, 0.5412172999931499, 0.5577058999915607, 0.574427099985769, 0.5911440000054426, 0.6075845999876037, 0.624344599986216, 0.6417127999884542]	183.0	270.0	0.8	5a
236	7	go_nogo	0	60	6	go	click	[41.0, 41.0, 49.0, 71.0, 87.0, 98.0, 101.0, 104.0, 105.0, 105.0, 105.0, 105.0, 105.0, 105.0, 105.0, 105.0, 105.0, 105.0, 107.0, 109.0, 115.0, 120.0, 124.0, 128.0, 132.0, 133.0, 133.0, 134.0, 136.0, 137.0, 139.0, 139.0, 139.0, 142.0, 146.0, 150.0, 151.0, 151.0, 151.0, 151.0, 154.0, 156.0, 156.0, 156.0, 156.0, 156.0, 156.0]	[-138.0, -138.0, -71.0, 64.0, 174.0, 244.0, 278.0, 293.0, 303.0, 303.0, 303.0, 303.0, 303.0, 303.0, 303.0, 303.0, 303.0, 303.0, 303.0, 304.0, 305.0, 307.0, 308.0, 309.0, 310.0, 311.0, 311.0, 311.0, 312.0, 313.0, 313.0, 313.0, 313.0, 314.0, 315.0, 316.0, 318.0, 318.0, 318.0, 318.0, 319.0, 319.0, 319.0, 319.0, 320.0, 320.0, 320.0]	[0, 0, 0, 0, 0, 0, 0, 0, 0, 0, 0, 0, 0, 0, 0, 0, 0, 0, 0, 0, 0, 0, 0, 0, 0, 0, 0, 0, 0, 0, 0, 0, 0, 0, 0, 0, 0, 0, 0, 0, 0, 0, 0, 0, 0, 0, 1]	[0, 0, 0, 0, 0, 0, 0, 0, 0, 0, 0, 0, 0, 0, 0, 0, 0, 0, 0, 0, 0, 0, 0, 0, 0, 0, 0, 0, 0, 0, 0, 0, 0, 0, 0, 0, 0, 0, 0, 0, 0, 0, 0, 0, 0, 0, 0]	[0, 0, 0, 0, 0, 0, 0, 0, 0, 0, 0, 0, 0, 0, 0, 0, 0, 0, 0, 0, 0, 0, 0, 0, 0, 0, 0, 0, 0, 0, 0, 0, 0, 0, 0, 0, 0, 0, 0, 0, 0, 0, 0, 0, 0, 0, 0]	[0.0001812000118661672, 0.008593800012022257, 0.025156899995636195, 0.0418640999996569, 0.0584445999993477, 0.07514140001148917, 0.09177170001203194, 0.10913799999980256, 0.12482550001004711, 0.14162830001441762, 0.15837160000228323, 0.17496980002033524, 0.19181790002039634, 0.20821770001202822, 0.22512630000710487, 0.24156439999933355, 0.2582317000196781, 0.27524040002026595, 0.2918155000079423, 0.30864920001477003, 0.32542540002032183, 0.34189740000874735, 0.35848530000657775, 0.3760789000079967, 0.39196870001615025, 0.40825070001301356, 0.4250530000135768, 0.44167190001462586, 0.4583390000043437, 0.4751946000033058, 0.49145480000879616, 0.5081348000094295, 0.5252044000080787, 0.5421112000185531, 0.5589295999961905, 0.5752225000178441, 0.5914322000171524, 0.6084482000151183, 0.6248272999946494, 0.6417210000217892, 0.6588559999945574, 0.6746788000164088, 0.6914658000168856, 0.7088428999995813, 0.7247777000011411, 0.7414497999998275, 0.7586718999955337]	156.0	320.0	0.7	5a
237	7	go_nogo	0	60	1	nogo	none	[44.0, 44.0, 52.0, 73.0, 98.0, 113.0, 128.0, 135.0, 137.0, 138.0, 138.0, 138.0, 141.0, 147.0, 151.0, 152.0, 152.0, 152.0, 152.0, 152.0, 155.0, 157.0, 159.0, 160.0, 161.0, 161.0, 162.0, 163.0, 165.0, 165.0, 166.0, 166.0, 166.0, 166.0, 166.0, 166.0, 166.0, 166.0]	[-151.0, -151.0, -92.0, 16.0, 109.0, 173.0, 212.0, 233.0, 241.0, 242.0, 242.0, 242.0, 245.0, 249.0, 255.0, 256.0, 256.0, 256.0, 256.0, 256.0, 257.0, 262.0, 266.0, 269.0, 270.0, 270.0, 271.0, 273.0, 276.0, 279.0, 279.0, 280.0, 280.0, 280.0, 280.0, 280.0, 280.0, 280.0]	[0, 0, 0, 0, 0, 0, 0, 0, 0, 0, 0, 0, 0, 0, 0, 0, 0, 0, 0, 0, 0, 0, 0, 0, 0, 0, 0, 0, 0, 0, 0, 0, 0, 0, 0, 0, 0, 1]	[0, 0, 0, 0, 0, 0, 0, 0, 0, 0, 0, 0, 0, 0, 0, 0, 0, 0, 0, 0, 0, 0, 0, 0, 0, 0, 0, 0, 0, 0, 0, 0, 0, 0, 0, 0, 0, 0]	[0, 0, 0, 0, 0, 0, 0, 0, 0, 0, 0, 0, 0, 0, 0, 0, 0, 0, 0, 0, 0, 0, 0, 0, 0, 0, 0, 0, 0, 0, 0, 0, 0, 0, 0, 0, 0, 0]	[0.0002849999873433262, 0.007164800015743822, 0.023878300009528175, 0.04087870000512339, 0.0573895999987144, 0.0740724999923259, 0.09073279998847283, 0.1074971999914851, 0.12391289998777211, 0.14035629999125376, 0.15703480000956915, 0.1739240000024438, 0.19083400000818074, 0.2072074000025168, 0.22383989999070764, 0.24026520000188611, 0.256939799990505, 0.27375260001281276, 0.29037900001276284, 0.3072816999920178, 0.3239953999873251, 0.3405725999909919, 0.35736689998884685, 0.3737715999886859, 0.3907832000113558, 0.4074677999888081, 0.42386849998729303, 0.4404727999935858, 0.4572936999902595, 0.47410769999260083, 0.4905319999961648, 0.5069065999996383, 0.5236002999881748, 0.5402788000064902, 0.5570000000006985, 0.5738981000031345, 0.5902239000133704, 0.6074230000085663]	166.0	280.0	0.8	5a
238	7	go_nogo	0	60	4	go	click	[58.0, 58.0, 65.0, 85.0, 104.0, 119.0, 129.0, 135.0, 140.0, 141.0, 142.0, 142.0, 143.0, 146.0, 154.0, 159.0, 160.0, 160.0, 160.0, 160.0, 160.0, 160.0, 161.0, 161.0, 162.0, 164.0, 169.0, 171.0, 171.0, 172.0, 172.0, 172.0, 172.0, 172.0, 172.0, 172.0, 172.0, 172.0, 172.0, 172.0, 172.0]	[-172.0, -172.0, -128.0, -44.0, 36.0, 104.0, 163.0, 193.0, 212.0, 217.0, 217.0, 218.0, 219.0, 227.0, 241.0, 246.0, 247.0, 247.0, 247.0, 247.0, 247.0, 247.0, 249.0, 252.0, 252.0, 256.0, 262.0, 266.0, 267.0, 267.0, 267.0, 267.0, 267.0, 267.0, 267.0, 267.0, 267.0, 267.0, 267.0, 267.0, 267.0]	[0, 0, 0, 0, 0, 0, 0, 0, 0, 0, 0, 0, 0, 0, 0, 0, 0, 0, 0, 0, 0, 0, 0, 0, 0, 0, 0, 0, 0, 0, 0, 0, 0, 0, 0, 0, 0, 0, 0, 0, 1]	[0, 0, 0, 0, 0, 0, 0, 0, 0, 0, 0, 0, 0, 0, 0, 0, 0, 0, 0, 0, 0, 0, 0, 0, 0, 0, 0, 0, 0, 0, 0, 0, 0, 0, 0, 0, 0, 0, 0, 0, 0]	[0, 0, 0, 0, 0, 0, 0, 0, 0, 0, 0, 0, 0, 0, 0, 0, 0, 0, 0, 0, 0, 0, 0, 0, 0, 0, 0, 0, 0, 0, 0, 0, 0, 0, 0, 0, 0, 0, 0, 0, 0]	[0.0003525999782141298, 0.007508599985158071, 0.024569999979576096, 0.040932899981271476, 0.05788579999352805, 0.07428849997813813, 0.09094279998680577, 0.10783329998957925, 0.12431449998985045, 0.1411542999849189, 0.15762859999085777, 0.1740970999817364, 0.19125780000467785, 0.20763219997752458, 0.22438359999796376, 0.24104279998573475, 0.2575359999900684, 0.27405549999093637, 0.29067059999215417, 0.3073341999843251, 0.32409259999985807, 0.34099050000077114, 0.3575274999893736, 0.3740791000018362, 0.39094759998261, 0.40760099998442456, 0.4244458999892231, 0.44089119997806847, 0.45753200000035577, 0.4741535999928601, 0.49082439998164773, 0.5073590999818407, 0.5239842000009958, 0.5405844000051729, 0.5573411999794189, 0.573874399997294, 0.5906385999987833, 0.6073354999825824, 0.6240075999812689, 0.6406224999809638, 0.6576133999915328]	172.0	267.0	0.5	5a
239	7	go_nogo	0	60	2	go	click	[46.0, 46.0, 68.0, 114.0, 159.0, 211.0, 224.0, 230.0, 230.0, 230.0, 230.0, 230.0, 230.0, 230.0, 230.0, 230.0, 230.0, 230.0, 230.0, 230.0, 229.0, 227.0, 226.0, 225.0, 224.0, 224.0, 224.0, 223.0, 222.0, 220.0, 220.0, 220.0, 220.0, 220.0]	[-230.0, -230.0, -176.0, -67.0, 35.0, 154.0, 185.0, 204.0, 211.0, 211.0, 211.0, 211.0, 211.0, 216.0, 222.0, 223.0, 223.0, 223.0, 223.0, 225.0, 232.0, 239.0, 250.0, 257.0, 261.0, 263.0, 263.0, 266.0, 270.0, 277.0, 279.0, 279.0, 279.0, 279.0]	[0, 0, 0, 0, 0, 0, 0, 0, 0, 0, 0, 0, 0, 0, 0, 0, 0, 0, 0, 0, 0, 0, 0, 0, 0, 0, 0, 0, 0, 0, 0, 0, 0, 1]	[0, 0, 0, 0, 0, 0, 0, 0, 0, 0, 0, 0, 0, 0, 0, 0, 0, 0, 0, 0, 0, 0, 0, 0, 0, 0, 0, 0, 0, 0, 0, 0, 0, 0]	[0, 0, 0, 0, 0, 0, 0, 0, 0, 0, 0, 0, 0, 0, 0, 0, 0, 0, 0, 0, 0, 0, 0, 0, 0, 0, 0, 0, 0, 0, 0, 0, 0, 0]	[0.00033260000054724514, 0.007687899982556701, 0.024429199984297156, 0.04125829998520203, 0.05775739997625351, 0.07481019999249838, 0.09117659999174066, 0.1083566999877803, 0.1241798999835737, 0.14065789998858236, 0.15729369997279719, 0.17416189998039044, 0.1912329999904614, 0.20785189999151044, 0.2246539999905508, 0.24080109997885302, 0.2574873999983538, 0.27420869999332353, 0.29075789998751134, 0.3076409999921452, 0.3243472999893129, 0.3408882999792695, 0.3582049999968149, 0.37445579998893663, 0.3909415999951307, 0.4075621999800205, 0.42429089997312985, 0.4410112999903504, 0.45840159998624586, 0.47428539997781627, 0.4910552999936044, 0.5074584999820217, 0.5241218000010122, 0.5410239999764599]	220.0	279.0	0.6	5a
240	7	go_nogo	0	60	2	go	click	[44.0, 44.0, 67.0, 99.0, 137.0, 169.0, 185.0, 189.0, 189.0, 189.0, 189.0, 189.0, 189.0, 189.0, 189.0, 189.0, 190.0, 193.0, 196.0, 199.0, 202.0, 202.0, 202.0, 202.0, 202.0, 202.0, 202.0, 202.0, 202.0, 202.0, 202.0, 202.0, 202.0, 202.0, 202.0, 202.0, 202.0, 202.0, 202.0, 202.0, 202.0, 202.0, 202.0]	[-202.0, -202.0, -63.0, 85.0, 238.0, 344.0, 385.0, 397.0, 399.0, 399.0, 399.0, 399.0, 399.0, 399.0, 399.0, 395.0, 386.0, 371.0, 352.0, 334.0, 319.0, 312.0, 309.0, 306.0, 302.0, 297.0, 296.0, 296.0, 296.0, 296.0, 296.0, 296.0, 296.0, 296.0, 296.0, 296.0, 296.0, 296.0, 296.0, 296.0, 296.0, 296.0, 296.0]	[0, 0, 0, 0, 0, 0, 0, 0, 0, 0, 0, 0, 0, 0, 0, 0, 0, 0, 0, 0, 0, 0, 0, 0, 0, 0, 0, 0, 0, 0, 0, 0, 0, 0, 0, 0, 0, 0, 0, 0, 0, 0, 1]	[0, 0, 0, 0, 0, 0, 0, 0, 0, 0, 0, 0, 0, 0, 0, 0, 0, 0, 0, 0, 0, 0, 0, 0, 0, 0, 0, 0, 0, 0, 0, 0, 0, 0, 0, 0, 0, 0, 0, 0, 0, 0, 0]	[0, 0, 0, 0, 0, 0, 0, 0, 0, 0, 0, 0, 0, 0, 0, 0, 0, 0, 0, 0, 0, 0, 0, 0, 0, 0, 0, 0, 0, 0, 0, 0, 0, 0, 0, 0, 0, 0, 0, 0, 0, 0, 0]	[0.00041909998981282115, 0.010881399997742847, 0.027705199987394735, 0.04467599999043159, 0.060553999996045604, 0.07731059999787249, 0.09387499999138527, 0.11067799999727868, 0.12703799997689202, 0.14358589999028482, 0.16065700000035577, 0.17708029999630526, 0.19378899998264387, 0.2105462999898009, 0.2272235999989789, 0.24483269997290336, 0.2606705999933183, 0.2778497999825049, 0.2938906999770552, 0.3105224999890197, 0.3274865999992471, 0.34400929999537766, 0.36070039999322034, 0.37717339998926036, 0.39400049997493625, 0.4102555999998003, 0.4268935999716632, 0.44365029997425154, 0.46050479999394156, 0.476929199998267, 0.49375209998106584, 0.510279799986165, 0.5269967999774963, 0.5435626999824308, 0.5603048999910243, 0.5769785999727901, 0.5936932999757119, 0.6102063999860547, 0.6269686999730766, 0.6436040999833494, 0.6602375999791548, 0.6769662999722641, 0.6942348999727983]	202.0	296.0	0.5	5a
241	7	go_nogo	0	60	4	go	click	[57.0, 57.0, 72.0, 104.0, 134.0, 174.0, 187.0, 190.0, 190.0, 190.0, 190.0, 187.0, 182.0, 177.0, 173.0, 169.0, 166.0, 166.0, 166.0, 170.0, 171.0, 175.0, 176.0, 177.0, 178.0, 179.0, 179.0, 180.0, 180.0, 180.0, 180.0, 180.0, 180.0, 180.0, 180.0, 180.0, 180.0]	[-177.0, -177.0, -93.0, 63.0, 227.0, 430.0, 481.0, 491.0, 492.0, 492.0, 492.0, 490.0, 483.0, 471.0, 456.0, 439.0, 416.0, 403.0, 392.0, 382.0, 375.0, 365.0, 359.0, 351.0, 346.0, 342.0, 340.0, 340.0, 339.0, 339.0, 339.0, 339.0, 339.0, 339.0, 339.0, 339.0, 339.0]	[0, 0, 0, 0, 0, 0, 0, 0, 0, 0, 0, 0, 0, 0, 0, 0, 0, 0, 0, 0, 0, 0, 0, 0, 0, 0, 0, 0, 0, 0, 0, 0, 0, 0, 0, 0, 1]	[0, 0, 0, 0, 0, 0, 0, 0, 0, 0, 0, 0, 0, 0, 0, 0, 0, 0, 0, 0, 0, 0, 0, 0, 0, 0, 0, 0, 0, 0, 0, 0, 0, 0, 0, 0, 0]	[0, 0, 0, 0, 0, 0, 0, 0, 0, 0, 0, 0, 0, 0, 0, 0, 0, 0, 0, 0, 0, 0, 0, 0, 0, 0, 0, 0, 0, 0, 0, 0, 0, 0, 0, 0, 0]	[0.00035149999894201756, 0.007986100012203678, 0.024877200019545853, 0.04150380002101883, 0.05806610002764501, 0.07480330002726987, 0.09179690000019036, 0.1080822000221815, 0.12443950001033954, 0.1412041000148747, 0.15828430000692606, 0.175036500004353, 0.191781000001356, 0.20815170000423677, 0.2246822000015527, 0.24137240002164617, 0.25834280002163723, 0.2746964000107255, 0.29166000001714565, 0.3080916000180878, 0.3249132000200916, 0.34126120002474636, 0.35794250000617467, 0.3746384000114631, 0.3914535000221804, 0.4081130000122357, 0.4249191000126302, 0.4413297999999486, 0.4577233000018168, 0.47443940001539886, 0.4911454000102822, 0.5078362000058405, 0.5245472000096925, 0.5410042000003159, 0.5577693000086583, 0.5744832000054885, 0.5913970000110567]	180.0	339.0	0.8	5a
242	7	go_nogo	0	60	7	go	click	[10.0, 10.0, 25.0, 64.0, 99.0, 128.0, 143.0, 152.0, 158.0, 160.0, 165.0, 170.0, 174.0, 178.0, 179.0, 179.0, 182.0, 186.0, 191.0, 196.0, 197.0, 197.0, 197.0, 197.0, 197.0, 197.0, 197.0, 197.0, 197.0, 197.0, 197.0, 197.0, 197.0, 197.0, 197.0, 197.0]	[-237.0, -237.0, -165.0, 0.0, 149.0, 236.0, 275.0, 295.0, 310.0, 318.0, 328.0, 339.0, 353.0, 360.0, 361.0, 361.0, 359.0, 349.0, 332.0, 316.0, 314.0, 314.0, 314.0, 314.0, 314.0, 314.0, 314.0, 314.0, 314.0, 314.0, 314.0, 314.0, 314.0, 314.0, 314.0, 314.0]	[0, 0, 0, 0, 0, 0, 0, 0, 0, 0, 0, 0, 0, 0, 0, 0, 0, 0, 0, 0, 0, 0, 0, 0, 0, 0, 0, 0, 0, 0, 0, 0, 0, 0, 0, 1]	[0, 0, 0, 0, 0, 0, 0, 0, 0, 0, 0, 0, 0, 0, 0, 0, 0, 0, 0, 0, 0, 0, 0, 0, 0, 0, 0, 0, 0, 0, 0, 0, 0, 0, 0, 0]	[0, 0, 0, 0, 0, 0, 0, 0, 0, 0, 0, 0, 0, 0, 0, 0, 0, 0, 0, 0, 0, 0, 0, 0, 0, 0, 0, 0, 0, 0, 0, 0, 0, 0, 0, 0]	[0.00044450000859797, 0.005631400010315701, 0.022497400001157075, 0.03944290001527406, 0.056043799995677546, 0.07252230000449345, 0.08938690001377836, 0.10594579999451526, 0.12250100000528619, 0.139637300017057, 0.15587180000147782, 0.17249110000557266, 0.18912699999054894, 0.2057908000133466, 0.22245130001101643, 0.23914170000352897, 0.255779099999927, 0.2725192999932915, 0.2890911000140477, 0.30602069999440573, 0.32248770000296645, 0.3388570999959484, 0.35557559999870136, 0.3723160999943502, 0.38886900001671165, 0.40553560000262223, 0.4224054999940563, 0.438855100015644, 0.4555862999986857, 0.4722654999932274, 0.48886889999266714, 0.5054860000091139, 0.522198099992238, 0.5389099000021815, 0.5555664999992587, 0.5727787000068929]	197.0	314.0	1.0	5a
243	7	go_nogo	0	60	7	go	click	[38.0, 38.0, 72.0, 108.0, 139.0, 158.0, 174.0, 183.0, 184.0, 184.0, 185.0, 185.0, 185.0, 185.0, 184.0, 183.0, 180.0, 179.0, 178.0, 177.0, 176.0, 175.0, 175.0, 175.0, 175.0, 175.0, 175.0]	[-219.0, -219.0, -113.0, 6.0, 142.0, 261.0, 329.0, 352.0, 357.0, 357.0, 357.0, 357.0, 355.0, 344.0, 333.0, 324.0, 316.0, 308.0, 300.0, 293.0, 286.0, 283.0, 283.0, 283.0, 283.0, 283.0, 283.0]	[0, 0, 0, 0, 0, 0, 0, 0, 0, 0, 0, 0, 0, 0, 0, 0, 0, 0, 0, 0, 0, 0, 0, 0, 0, 0, 1]	[0, 0, 0, 0, 0, 0, 0, 0, 0, 0, 0, 0, 0, 0, 0, 0, 0, 0, 0, 0, 0, 0, 0, 0, 0, 0, 0]	[0, 0, 0, 0, 0, 0, 0, 0, 0, 0, 0, 0, 0, 0, 0, 0, 0, 0, 0, 0, 0, 0, 0, 0, 0, 0, 0]	[0.0003935999993700534, 0.010207400016952306, 0.02685990001191385, 0.043980499991448596, 0.06011560000479221, 0.07672589999856427, 0.09359289999702014, 0.11037939999368973, 0.12660250000772066, 0.14336940000066534, 0.15991590000339784, 0.17670119999093004, 0.19351260000257753, 0.21048770000925288, 0.22670570001355372, 0.24395219999132678, 0.26002740001422353, 0.27676700000301935, 0.2935040000011213, 0.30998779999208637, 0.3265694000001531, 0.34325070001068525, 0.3597576000029221, 0.37640530001954176, 0.39318070001900196, 0.4098177000123542, 0.4264170000096783]	175.0	283.0	0.8	5a
244	7	go_nogo	0	60	2	go	click	[87.0, 87.0, 126.0, 148.0, 159.0, 163.0, 165.0, 166.0, 166.0, 166.0, 166.0, 166.0, 168.0, 169.0, 169.0, 169.0, 169.0, 169.0, 169.0, 169.0, 169.0, 169.0, 169.0, 169.0, 169.0, 169.0, 169.0, 169.0, 169.0, 169.0, 169.0]	[-69.0, -69.0, 100.0, 207.0, 269.0, 298.0, 312.0, 320.0, 324.0, 328.0, 330.0, 333.0, 341.0, 345.0, 345.0, 345.0, 345.0, 345.0, 345.0, 344.0, 344.0, 342.0, 341.0, 340.0, 340.0, 340.0, 340.0, 339.0, 337.0, 336.0, 336.0]	[0, 0, 0, 0, 0, 0, 0, 0, 0, 0, 0, 0, 0, 0, 0, 0, 0, 0, 0, 0, 0, 0, 0, 0, 0, 0, 0, 0, 0, 0, 0]	[0, 0, 0, 0, 0, 0, 0, 0, 0, 0, 0, 0, 0, 0, 0, 0, 0, 0, 0, 0, 0, 0, 0, 0, 0, 0, 0, 0, 0, 0, 0]	[0, 0, 0, 0, 0, 0, 0, 0, 0, 0, 0, 0, 0, 0, 0, 0, 0, 0, 0, 0, 0, 0, 0, 0, 0, 0, 0, 0, 0, 0, 0]	[0.0004206000012345612, 0.009008599998196587, 0.025582600006600842, 0.042094600008567795, 0.05884079998941161, 0.07542300000204705, 0.09207640000386164, 0.10892170001170598, 0.1255906999867875, 0.14212080001016147, 0.15874909999547526, 0.17535189999034628, 0.19377759998315014, 0.208466199983377, 0.2251492000068538, 0.24197339999955148, 0.2584210000059102, 0.2750508000026457, 0.2920472999976482, 0.3083148000005167, 0.3255095999920741, 0.34177030000137165, 0.35874779999721795, 0.3749571999942418, 0.39175549999345094, 0.40850449999561533, 0.4250014999997802, 0.44207509999978356, 0.45859359999303706, 0.47523999999975786, 0.49192349999793805]	169.0	336.0	0.9	5a
245	7	go_nogo	0	60	3	go	click	[13.0, 13.0, 23.0, 44.0, 69.0, 99.0, 129.0, 152.0, 167.0, 177.0, 181.0, 184.0, 198.0, 208.0, 216.0, 218.0, 218.0, 218.0, 218.0, 218.0, 218.0, 218.0, 218.0, 218.0, 218.0, 218.0, 218.0, 218.0]	[-223.0, -223.0, -183.0, -102.0, -16.0, 56.0, 115.0, 152.0, 180.0, 209.0, 223.0, 231.0, 258.0, 281.0, 297.0, 301.0, 302.0, 302.0, 302.0, 302.0, 302.0, 302.0, 302.0, 302.0, 302.0, 302.0, 302.0, 302.0]	[0, 0, 0, 0, 0, 0, 0, 0, 0, 0, 0, 0, 0, 0, 0, 0, 0, 0, 0, 0, 0, 0, 0, 0, 0, 0, 0, 1]	[0, 0, 0, 0, 0, 0, 0, 0, 0, 0, 0, 0, 0, 0, 0, 0, 0, 0, 0, 0, 0, 0, 0, 0, 0, 0, 0, 0]	[0, 0, 0, 0, 0, 0, 0, 0, 0, 0, 0, 0, 0, 0, 0, 0, 0, 0, 0, 0, 0, 0, 0, 0, 0, 0, 0, 0]	[0.00040869999793358147, 0.007300500001292676, 0.024369100021431223, 0.041058900009375066, 0.05784730002051219, 0.07433830000809394, 0.09110250000958331, 0.10766460001468658, 0.12430600001243874, 0.14115470001706854, 0.1578311000193935, 0.17465940001420677, 0.19166760001098737, 0.20844889999716543, 0.22433260001707822, 0.24098790000425652, 0.25739000001340173, 0.27407040001708083, 0.2908193000184838, 0.30741520001902245, 0.3240853000024799, 0.34068230001139455, 0.3574432000168599, 0.3742194000224117, 0.39056060000439174, 0.4073128000018187, 0.4242182000016328, 0.4410939000081271]	218.0	302.0	0.7	5a
246	7	go_nogo	0	60	1	nogo	none	[11.0, 30.0, 54.0, 100.0, 137.0, 158.0, 170.0, 179.0, 187.0, 194.0, 203.0, 208.0, 212.0, 214.0, 216.0, 217.0, 217.0, 217.0, 217.0, 218.0, 218.0, 218.0, 218.0, 218.0, 218.0, 218.0, 218.0, 218.0, 218.0, 218.0, 218.0, 218.0, 218.0, 218.0, 218.0, 218.0, 218.0, 218.0, 218.0, 218.0, 218.0, 218.0, 218.0, 218.0, 218.0, 218.0, 218.0, 218.0, 218.0, 218.0, 218.0, 218.0, 218.0, 218.0, 218.0, 218.0, 218.0, 218.0, 218.0, 218.0, 218.0, 218.0, 218.0]	[-272.0, -233.0, -186.0, -73.0, 57.0, 130.0, 168.0, 193.0, 216.0, 236.0, 262.0, 273.0, 282.0, 287.0, 291.0, 294.0, 294.0, 294.0, 295.0, 297.0, 300.0, 301.0, 301.0, 301.0, 301.0, 301.0, 301.0, 301.0, 301.0, 301.0, 301.0, 301.0, 301.0, 301.0, 301.0, 301.0, 301.0, 301.0, 301.0, 301.0, 301.0, 301.0, 301.0, 301.0, 301.0, 301.0, 301.0, 301.0, 301.0, 301.0, 301.0, 301.0, 301.0, 301.0, 301.0, 301.0, 301.0, 301.0, 301.0, 301.0, 301.0, 301.0, 301.0]	[0, 0, 0, 0, 0, 0, 0, 0, 0, 0, 0, 0, 0, 0, 0, 0, 0, 0, 0, 0, 0, 0, 0, 0, 0, 0, 0, 0, 0, 0, 0, 0, 0, 0, 0, 0, 0, 0, 0, 0, 0, 0, 0, 0, 0, 0, 0, 0, 0, 0, 0, 0, 0, 0, 0, 0, 0, 0, 0, 0, 0, 0, 0]	[0, 0, 0, 0, 0, 0, 0, 0, 0, 0, 0, 0, 0, 0, 0, 0, 0, 0, 0, 0, 0, 0, 0, 0, 0, 0, 0, 0, 0, 0, 0, 0, 0, 0, 0, 0, 0, 0, 0, 0, 0, 0, 0, 0, 0, 0, 0, 0, 0, 0, 0, 0, 0, 0, 0, 0, 0, 0, 0, 0, 0, 0, 0]	[0, 0, 0, 0, 0, 0, 0, 0, 0, 0, 0, 0, 0, 0, 0, 0, 0, 0, 0, 0, 0, 0, 0, 0, 0, 0, 0, 0, 0, 0, 0, 0, 0, 0, 0, 0, 0, 0, 0, 0, 0, 0, 0, 0, 0, 0, 0, 0, 0, 0, 0, 0, 0, 0, 0, 0, 0, 0, 0, 0, 0, 0, 0]	[0.00017170002683997154, 0.009451800025999546, 0.026280100020812824, 0.04261970001971349, 0.059349300019675866, 0.0759727000258863, 0.09268150001298636, 0.1093694000155665, 0.1260593000042718, 0.14270720002241433, 0.15966460001072846, 0.1759971000137739, 0.19327990000601858, 0.20937460000277497, 0.22617110001738183, 0.24242350002168678, 0.2591035000223201, 0.2759564000007231, 0.2926033000112511, 0.3092948000121396, 0.32590470000286587, 0.3426151000021491, 0.3591043000051286, 0.3756763999990653, 0.39225780000560917, 0.4092878000228666, 0.42562069999985397, 0.44232410000404343, 0.45916250001755543, 0.4756280000146944, 0.4922363000223413, 0.5089745000004768, 0.5257310000015423, 0.542379600025015, 0.5589463000069372, 0.5756689000118058, 0.5924376000184566, 0.6091621000086889, 0.6256050000083633, 0.6423108000017237, 0.6589327000256162, 0.6756026000075508, 0.6922587000008207, 0.7088868000137154, 0.7255275000061374, 0.7422544000146445, 0.7590285000042059, 0.7755371000093874, 0.7922535000252537, 0.8089069000270683, 0.8255222000007052, 0.842445400019642, 0.8588210000016261, 0.8756860000139568, 0.8921312000020407, 0.9088613000058103, 0.9255298000061885, 0.9421862000017427, 0.958983700023964, 0.9754759000206832, 0.9923765000130516, 1.0087721000018064, 1.0255111000151373]	n/a	n/a	1.0	5a
247	7	go_nogo	0	60	7	go	click	[111.0, 111.0, 134.0, 172.0, 194.0, 211.0, 221.0, 229.0, 234.0, 237.0, 238.0, 241.0, 244.0, 246.0, 248.0, 249.0, 249.0, 249.0, 249.0, 246.0, 233.0, 226.0, 220.0, 219.0, 219.0, 219.0, 219.0, 219.0, 219.0]	[-137.0, -137.0, -71.0, 47.0, 159.0, 246.0, 292.0, 317.0, 332.0, 340.0, 342.0, 346.0, 351.0, 359.0, 370.0, 374.0, 374.0, 374.0, 374.0, 369.0, 348.0, 333.0, 322.0, 318.0, 318.0, 318.0, 318.0, 318.0, 318.0]	[0, 0, 0, 0, 0, 0, 0, 0, 0, 0, 0, 0, 0, 0, 0, 0, 0, 0, 0, 0, 0, 0, 0, 0, 0, 0, 0, 0, 1]	[0, 0, 0, 0, 0, 0, 0, 0, 0, 0, 0, 0, 0, 0, 0, 0, 0, 0, 0, 0, 0, 0, 0, 0, 0, 0, 0, 0, 0]	[0, 0, 0, 0, 0, 0, 0, 0, 0, 0, 0, 0, 0, 0, 0, 0, 0, 0, 0, 0, 0, 0, 0, 0, 0, 0, 0, 0, 0]	[0.00044529998558573425, 0.007256999990204349, 0.023471099993912503, 0.040313499979674816, 0.05675619997782633, 0.07373879998340271, 0.09008069999981672, 0.10693789998185821, 0.12366559999645688, 0.14030519998050295, 0.15678229997865856, 0.17404260000330396, 0.1901800999767147, 0.20668259999365546, 0.22338439998566173, 0.23996369997621514, 0.2565032999846153, 0.27314079998177476, 0.2900313999853097, 0.30690949998097494, 0.3233841999899596, 0.34032599997590296, 0.3570225999865215, 0.3731946999905631, 0.3897850999783259, 0.40639619997818954, 0.42326589999720454, 0.4397945999808144, 0.4570182999887038]	219.0	318.0	1.0	5a
248	7	go_nogo	0	60	8	go	click	[84.0, 102.0, 102.0, 137.0, 140.0, 140.0, 140.0, 140.0, 140.0, 140.0, 140.0, 140.0, 140.0, 140.0, 143.0, 153.0, 156.0, 156.0, 157.0, 157.0, 158.0, 162.0, 164.0, 165.0, 165.0, 165.0]	[-191.0, -118.0, -118.0, 112.0, 234.0, 281.0, 301.0, 307.0, 309.0, 312.0, 312.0, 312.0, 312.0, 312.0, 322.0, 343.0, 349.0, 349.0, 349.0, 349.0, 349.0, 346.0, 345.0, 345.0, 345.0, 345.0]	[0, 0, 0, 0, 0, 0, 0, 0, 0, 0, 0, 0, 0, 0, 0, 0, 0, 0, 0, 0, 0, 0, 0, 0, 0, 1]	[0, 0, 0, 0, 0, 0, 0, 0, 0, 0, 0, 0, 0, 0, 0, 0, 0, 0, 0, 0, 0, 0, 0, 0, 0, 0]	[0, 0, 0, 0, 0, 0, 0, 0, 0, 0, 0, 0, 0, 0, 0, 0, 0, 0, 0, 0, 0, 0, 0, 0, 0, 0]	[0.000427500024670735, 0.007890000008046627, 0.024765800015302375, 0.04149370000232011, 0.05804030000581406, 0.07471280000754632, 0.09158229999593459, 0.10786930000176653, 0.12460700000519864, 0.14105530001688749, 0.15775539999594912, 0.17442600001231767, 0.19114780001109466, 0.2078637000231538, 0.2246430000232067, 0.24151500000152737, 0.2576515999971889, 0.2746259999985341, 0.2910122000030242, 0.3080616000224836, 0.324640000006184, 0.341290200012736, 0.358002499997383, 0.37450090001220815, 0.3909272000018973, 0.40828590001910925]	165.0	345.0	0.9	5a
249	7	go_nogo	0	60	8	go	click	[24.0, 47.0, 70.0, 122.0, 158.0, 187.0, 202.0, 211.0, 217.0, 222.0, 226.0, 233.0, 234.0, 234.0, 234.0, 234.0, 234.0, 234.0, 234.0, 234.0, 234.0, 234.0, 234.0, 232.0, 231.0, 231.0, 231.0, 231.0, 231.0, 231.0]	[-234.0, -169.0, -91.0, 72.0, 198.0, 277.0, 310.0, 326.0, 336.0, 343.0, 351.0, 359.0, 361.0, 361.0, 361.0, 361.0, 361.0, 361.0, 361.0, 361.0, 361.0, 360.0, 356.0, 350.0, 349.0, 347.0, 346.0, 346.0, 346.0, 346.0]	[0, 0, 0, 0, 0, 0, 0, 0, 0, 0, 0, 0, 0, 0, 0, 0, 0, 0, 0, 0, 0, 0, 0, 0, 0, 0, 0, 0, 0, 1]	[0, 0, 0, 0, 0, 0, 0, 0, 0, 0, 0, 0, 0, 0, 0, 0, 0, 0, 0, 0, 0, 0, 0, 0, 0, 0, 0, 0, 0, 0]	[0, 0, 0, 0, 0, 0, 0, 0, 0, 0, 0, 0, 0, 0, 0, 0, 0, 0, 0, 0, 0, 0, 0, 0, 0, 0, 0, 0, 0, 0]	[0.00043760001426562667, 0.010937999992165715, 0.027551500010304153, 0.04455590000725351, 0.06093050001072697, 0.07849159999750555, 0.09448510000947863, 0.11097149999113753, 0.12764620000962168, 0.1444578999944497, 0.1609693999926094, 0.1776753999874927, 0.19414300000062212, 0.21071039998787455, 0.2275046000140719, 0.2440956000064034, 0.26074379999772646, 0.2774757999868598, 0.2939967999991495, 0.3106987999926787, 0.3275422000151593, 0.3442104000132531, 0.3608992999943439, 0.3778462999907788, 0.3942778999917209, 0.41130509998765774, 0.42729039999539964, 0.44413270000950433, 0.4608531999983825, 0.4778068999876268]	231.0	346.0	0.8	5a
250	7	go_nogo	0	60	3	go	click	[22.0, 30.0, 40.0, 67.0, 105.0, 126.0, 137.0, 143.0, 144.0, 144.0, 144.0, 141.0, 138.0, 136.0, 135.0, 135.0, 136.0, 145.0, 154.0, 162.0, 167.0, 168.0, 168.0, 170.0, 171.0, 171.0, 172.0, 172.0, 172.0]	[-276.0, -244.0, -196.0, -33.0, 199.0, 369.0, 437.0, 456.0, 458.0, 459.0, 459.0, 438.0, 422.0, 412.0, 406.0, 399.0, 386.0, 370.0, 351.0, 337.0, 331.0, 330.0, 329.0, 326.0, 325.0, 325.0, 324.0, 324.0, 324.0]	[0, 0, 0, 0, 0, 0, 0, 0, 0, 0, 0, 0, 0, 0, 0, 0, 0, 0, 0, 0, 0, 0, 0, 0, 0, 0, 0, 0, 1]	[0, 0, 0, 0, 0, 0, 0, 0, 0, 0, 0, 0, 0, 0, 0, 0, 0, 0, 0, 0, 0, 0, 0, 0, 0, 0, 0, 0, 0]	[0, 0, 0, 0, 0, 0, 0, 0, 0, 0, 0, 0, 0, 0, 0, 0, 0, 0, 0, 0, 0, 0, 0, 0, 0, 0, 0, 0, 0]	[0.00010639999527484179, 0.009457900014240295, 0.02654320001602173, 0.04273240000475198, 0.059275100007653236, 0.07585600001038983, 0.09263100000680424, 0.10934110000380315, 0.1260286000033375, 0.14247220000834204, 0.1592370000144001, 0.17610010001226328, 0.19282540000858717, 0.20963050000136718, 0.22579700002097525, 0.24255280001671053, 0.25928580001345836, 0.27595219999784604, 0.29267300001811236, 0.30940570001257583, 0.3260135000164155, 0.3426888000103645, 0.3592965000134427, 0.3763700000126846, 0.39232080001966096, 0.4095948000031058, 0.4257029000145849, 0.44236760001513176, 0.4593370000075083]	172.0	324.0	0.6	5a
251	7	go_nogo	0	60	1	nogo	none	[55.0, 55.0, 91.0, 128.0, 156.0, 175.0, 188.0, 193.0, 194.0, 195.0, 197.0, 199.0, 201.0, 205.0, 205.0, 205.0, 205.0, 205.0, 205.0, 205.0, 205.0, 205.0, 206.0, 209.0, 209.0, 210.0, 210.0, 210.0, 210.0, 210.0, 210.0, 210.0, 210.0, 210.0, 210.0, 210.0, 210.0, 210.0, 210.0, 210.0, 210.0, 210.0, 210.0, 210.0, 210.0, 210.0, 210.0, 210.0, 210.0, 210.0, 210.0, 210.0, 210.0, 210.0, 210.0, 210.0, 210.0, 210.0, 210.0, 210.0, 210.0, 210.0, 210.0, 210.0, 210.0, 210.0, 210.0, 210.0]	[-166.0, -166.0, -47.0, 52.0, 128.0, 173.0, 199.0, 207.0, 210.0, 212.0, 218.0, 225.0, 234.0, 239.0, 241.0, 241.0, 241.0, 241.0, 241.0, 241.0, 241.0, 248.0, 265.0, 283.0, 293.0, 294.0, 294.0, 294.0, 294.0, 294.0, 294.0, 294.0, 294.0, 294.0, 294.0, 294.0, 294.0, 294.0, 294.0, 294.0, 294.0, 294.0, 294.0, 294.0, 294.0, 294.0, 294.0, 294.0, 294.0, 294.0, 294.0, 294.0, 294.0, 294.0, 294.0, 294.0, 294.0, 294.0, 294.0, 294.0, 294.0, 294.0, 294.0, 294.0, 294.0, 294.0, 294.0, 294.0]	[0, 0, 0, 0, 0, 0, 0, 0, 0, 0, 0, 0, 0, 0, 0, 0, 0, 0, 0, 0, 0, 0, 0, 0, 0, 0, 0, 0, 0, 0, 0, 0, 0, 0, 0, 0, 0, 0, 0, 0, 0, 0, 0, 0, 0, 0, 0, 0, 0, 0, 0, 0, 0, 0, 0, 0, 0, 0, 0, 0, 0, 0, 0, 0, 0, 0, 0, 0]	[0, 0, 0, 0, 0, 0, 0, 0, 0, 0, 0, 0, 0, 0, 0, 0, 0, 0, 0, 0, 0, 0, 0, 0, 0, 0, 0, 0, 0, 0, 0, 0, 0, 0, 0, 0, 0, 0, 0, 0, 0, 0, 0, 0, 0, 0, 0, 0, 0, 0, 0, 0, 0, 0, 0, 0, 0, 0, 0, 0, 0, 0, 0, 0, 0, 0, 0, 0]	[0, 0, 0, 0, 0, 0, 0, 0, 0, 0, 0, 0, 0, 0, 0, 0, 0, 0, 0, 0, 0, 0, 0, 0, 0, 0, 0, 0, 0, 0, 0, 0, 0, 0, 0, 0, 0, 0, 0, 0, 0, 0, 0, 0, 0, 0, 0, 0, 0, 0, 0, 0, 0, 0, 0, 0, 0, 0, 0, 0, 0, 0, 0, 0, 0, 0, 0, 0]	[0.00043200000072829425, 0.009287299995776266, 0.025991300004534423, 0.04287070001009852, 0.059752600005595013, 0.07597549998899922, 0.09249380000983365, 0.10913210001308471, 0.1260760000150185, 0.14265399999567308, 0.15921569999773055, 0.17576730001019314, 0.19272490000003017, 0.20923390000825748, 0.2256401999911759, 0.24221289998968132, 0.2590042999945581, 0.27577690000180155, 0.29250260000117123, 0.30923760001314804, 0.32579900001292117, 0.34253950000857003, 0.3590324000106193, 0.37578890001168475, 0.3924305000109598, 0.40885040001012385, 0.4257878999924287, 0.4423483000136912, 0.4590471000119578, 0.47560979999252595, 0.49215199999161996, 0.5091269999975339, 0.52543959999457, 0.5421618999971543, 0.5590879000083078, 0.5754981999925803, 0.5922650000138674, 0.6088344999880064, 0.6254133000038564, 0.6422092000138946, 0.6587722999975085, 0.6755281999940053, 0.6921338000101969, 0.7089209000114352, 0.7254092000075616, 0.7423016999964602, 0.7587536000064574, 0.7754590999975335, 0.792282400012482, 0.8090011999884155, 0.8253795999917202, 0.8421121000137646, 0.8587246999959461, 0.8754276999970898, 0.8921596999862231, 0.9087069999950472, 0.9254477999929804, 0.9420275999873411, 0.9588249000080395, 0.9756151000037789, 0.9920084000041243, 1.008795400004601, 1.0254310999880545, 1.042222899995977, 1.0590851999877486, 1.0756063000007998, 1.0921648000075947, 1.1086498000076972]	n/a	n/a	0.5	5a
252	7	go_nogo	0	60	7	go	click	[63.0, 63.0, 78.0, 109.0, 145.0, 176.0, 210.0, 219.0, 229.0, 230.0, 230.0, 230.0, 230.0, 231.0, 231.0, 231.0, 231.0, 231.0, 231.0, 231.0, 231.0, 231.0, 230.0, 229.0, 228.0, 228.0, 228.0, 228.0, 228.0, 228.0, 228.0, 228.0, 228.0, 228.0, 228.0, 228.0, 228.0, 228.0, 228.0, 228.0]	[-198.0, -198.0, -130.0, 7.0, 125.0, 228.0, 318.0, 333.0, 359.0, 362.0, 363.0, 363.0, 363.0, 363.0, 365.0, 365.0, 365.0, 365.0, 365.0, 363.0, 360.0, 356.0, 352.0, 348.0, 347.0, 347.0, 347.0, 347.0, 347.0, 347.0, 347.0, 347.0, 347.0, 347.0, 347.0, 347.0, 347.0, 347.0, 347.0, 347.0]	[0, 0, 0, 0, 0, 0, 0, 0, 0, 0, 0, 0, 0, 0, 0, 0, 0, 0, 0, 0, 0, 0, 0, 0, 0, 0, 0, 0, 0, 0, 0, 0, 0, 0, 0, 0, 0, 0, 0, 1]	[0, 0, 0, 0, 0, 0, 0, 0, 0, 0, 0, 0, 0, 0, 0, 0, 0, 0, 0, 0, 0, 0, 0, 0, 0, 0, 0, 0, 0, 0, 0, 0, 0, 0, 0, 0, 0, 0, 0, 0]	[0, 0, 0, 0, 0, 0, 0, 0, 0, 0, 0, 0, 0, 0, 0, 0, 0, 0, 0, 0, 0, 0, 0, 0, 0, 0, 0, 0, 0, 0, 0, 0, 0, 0, 0, 0, 0, 0, 0, 0]	[0.0003575000155251473, 0.008583699993323535, 0.02516049999394454, 0.04199300002073869, 0.05874989999574609, 0.0753858000098262, 0.09196049999445677, 0.10883280000416562, 0.12548730001435615, 0.14181190001545474, 0.15831850000540726, 0.174935999995796, 0.19174179999390617, 0.20857760001672432, 0.22492430001148023, 0.2415441000193823, 0.2581402000214439, 0.2748169999977108, 0.2922528000199236, 0.3087868000147864, 0.32525819999864325, 0.34180260001448914, 0.3584932000085246, 0.37527449999470264, 0.3917178999981843, 0.40808860000106506, 0.42486210001516156, 0.44156390000716783, 0.4581624999991618, 0.47485570001299493, 0.49140990001615137, 0.5081179999979213, 0.5248884000175167, 0.5416367000143509, 0.5583279000129551, 0.574927600013325, 0.5916072000109125, 0.6083558000100311, 0.6249845999991521, 0.641663200018229]	228.0	347.0	0.7	5a
253	8	go_nogo	0	60	3	go	click	[77.0, 77.0, 100.0, 142.0, 177.0, 204.0, 217.0, 221.0, 223.0, 223.0, 222.0, 220.0, 219.0, 217.0, 215.0, 210.0, 205.0, 203.0, 203.0, 203.0, 203.0, 203.0, 203.0, 203.0, 203.0, 203.0, 203.0, 203.0]	[-146.0, -146.0, -88.0, 12.0, 97.0, 179.0, 227.0, 249.0, 257.0, 260.0, 262.0, 262.0, 262.0, 262.0, 260.0, 255.0, 249.0, 248.0, 248.0, 248.0, 252.0, 256.0, 257.0, 257.0, 258.0, 259.0, 259.0, 259.0]	[0, 0, 0, 0, 0, 0, 0, 0, 0, 0, 0, 0, 0, 0, 0, 0, 0, 0, 0, 0, 0, 0, 0, 0, 0, 0, 0, 1]	[0, 0, 0, 0, 0, 0, 0, 0, 0, 0, 0, 0, 0, 0, 0, 0, 0, 0, 0, 0, 0, 0, 0, 0, 0, 0, 0, 0]	[0, 0, 0, 0, 0, 0, 0, 0, 0, 0, 0, 0, 0, 0, 0, 0, 0, 0, 0, 0, 0, 0, 0, 0, 0, 0, 0, 0]	[0.000430300016887486, 0.008294700004626065, 0.02494730000034906, 0.04158889999962412, 0.058417499996721745, 0.07509870000649244, 0.0917005000228528, 0.1082855999993626, 0.12491740001132712, 0.14179900000453927, 0.15829849999863654, 0.1750600000086706, 0.19221940002171323, 0.2081913000147324, 0.2249047000077553, 0.24164540000492707, 0.25823000000673346, 0.2746552000171505, 0.29126019999966957, 0.3081008000008296, 0.32501390000106767, 0.34153150001657195, 0.35831040001357906, 0.3748920000216458, 0.3916254000214394, 0.40790230000857264, 0.4246550000098068, 0.44154250001884066]	203.0	259.0	0.7	5a
254	8	go_nogo	0	60	1	nogo	none	[123.0, 151.0, 151.0, 186.0, 211.0, 229.0, 243.0, 249.0, 250.0, 250.0, 250.0, 250.0, 248.0, 248.0, 247.0, 244.0, 240.0, 237.0, 235.0, 232.0, 229.0, 228.0, 226.0, 225.0, 225.0, 225.0, 225.0, 225.0, 225.0, 225.0, 225.0, 225.0, 225.0, 225.0, 225.0, 225.0, 225.0, 225.0, 225.0, 225.0, 225.0, 225.0, 225.0, 225.0, 225.0, 225.0, 225.0, 225.0, 225.0, 225.0, 225.0, 225.0, 225.0, 225.0, 225.0, 225.0, 225.0, 225.0, 225.0, 225.0, 225.0, 225.0, 225.0, 225.0, 225.0, 225.0]	[-124.0, -35.0, -35.0, 98.0, 248.0, 325.0, 374.0, 403.0, 413.0, 414.0, 414.0, 414.0, 412.0, 409.0, 408.0, 400.0, 392.0, 386.0, 380.0, 371.0, 360.0, 350.0, 342.0, 339.0, 339.0, 339.0, 339.0, 339.0, 339.0, 339.0, 339.0, 339.0, 339.0, 339.0, 339.0, 339.0, 339.0, 339.0, 339.0, 339.0, 339.0, 339.0, 339.0, 339.0, 339.0, 339.0, 339.0, 339.0, 339.0, 339.0, 339.0, 339.0, 339.0, 339.0, 339.0, 339.0, 339.0, 339.0, 339.0, 339.0, 339.0, 339.0, 339.0, 339.0, 339.0, 339.0]	[0, 0, 0, 0, 0, 0, 0, 0, 0, 0, 0, 0, 0, 0, 0, 0, 0, 0, 0, 0, 0, 0, 0, 0, 0, 0, 0, 0, 0, 0, 0, 0, 0, 0, 0, 0, 0, 0, 0, 0, 0, 0, 0, 0, 0, 0, 0, 0, 0, 0, 0, 0, 0, 0, 0, 0, 0, 0, 0, 0, 0, 0, 0, 0, 0, 0]	[0, 0, 0, 0, 0, 0, 0, 0, 0, 0, 0, 0, 0, 0, 0, 0, 0, 0, 0, 0, 0, 0, 0, 0, 0, 0, 0, 0, 0, 0, 0, 0, 0, 0, 0, 0, 0, 0, 0, 0, 0, 0, 0, 0, 0, 0, 0, 0, 0, 0, 0, 0, 0, 0, 0, 0, 0, 0, 0, 0, 0, 0, 0, 0, 0, 0]	[0, 0, 0, 0, 0, 0, 0, 0, 0, 0, 0, 0, 0, 0, 0, 0, 0, 0, 0, 0, 0, 0, 0, 0, 0, 0, 0, 0, 0, 0, 0, 0, 0, 0, 0, 0, 0, 0, 0, 0, 0, 0, 0, 0, 0, 0, 0, 0, 0, 0, 0, 0, 0, 0, 0, 0, 0, 0, 0, 0, 0, 0, 0, 0, 0, 0]	[0.00043310000910423696, 0.0075935000204481184, 0.024386100005358458, 0.04098980000708252, 0.05799410000327043, 0.07447320001665503, 0.09112140000797808, 0.10781519999727607, 0.124692600016715, 0.14079090001177974, 0.15761700001894496, 0.17461570000159554, 0.19104030000744388, 0.2076991000212729, 0.22472180001204833, 0.2410962000139989, 0.25773100001970306, 0.27538690000073984, 0.2910897000110708, 0.3081743000075221, 0.32499030002509244, 0.3411621999985073, 0.3577641000156291, 0.37406290002400056, 0.39084700000239536, 0.407420200004708, 0.4243092000251636, 0.4408644000068307, 0.4574016999977175, 0.47411989999818616, 0.4907275000005029, 0.5073896000103559, 0.5240589000168256, 0.5407677000039257, 0.5576089000096545, 0.5739980000071228, 0.59056780001265, 0.607361900008982, 0.6240962000156287, 0.6408717000158504, 0.6572696000221185, 0.6740595000155736, 0.690937200008193, 0.7073362000228371, 0.7241338000167161, 0.7406336000130977, 0.757287600019481, 0.7740371000254527, 0.7906312000122853, 0.8072882000124082, 0.8240683000185527, 0.8409374000038952, 0.8572133000125177, 0.8740500000130851, 0.89063450001413, 0.907251600001473, 0.9239210000087041, 0.9408368000003975, 0.9575092000013683, 0.974135299999034, 0.9905889000219759, 1.007313800015254, 1.0239007000054698, 1.0405911999987438, 1.0574600000109058, 1.074154500005534]	n/a	n/a	0.5	5a
255	8	go_nogo	0	60	2	go	click	[83.0, 83.0, 107.0, 154.0, 193.0, 221.0, 228.0, 229.0, 229.0, 229.0, 229.0, 228.0, 226.0, 224.0, 221.0, 218.0, 217.0, 217.0, 217.0, 217.0, 217.0, 217.0, 217.0, 217.0, 217.0, 217.0, 217.0, 217.0, 217.0, 217.0, 217.0]	[-125.0, -125.0, -39.0, 104.0, 204.0, 262.0, 276.0, 279.0, 280.0, 280.0, 280.0, 279.0, 275.0, 271.0, 264.0, 259.0, 255.0, 255.0, 255.0, 255.0, 255.0, 255.0, 255.0, 255.0, 255.0, 255.0, 255.0, 255.0, 255.0, 255.0, 255.0]	[0, 0, 0, 0, 0, 0, 0, 0, 0, 0, 0, 0, 0, 0, 0, 0, 0, 0, 0, 0, 0, 0, 0, 0, 0, 0, 0, 0, 0, 0, 1]	[0, 0, 0, 0, 0, 0, 0, 0, 0, 0, 0, 0, 0, 0, 0, 0, 0, 0, 0, 0, 0, 0, 0, 0, 0, 0, 0, 0, 0, 0, 0]	[0, 0, 0, 0, 0, 0, 0, 0, 0, 0, 0, 0, 0, 0, 0, 0, 0, 0, 0, 0, 0, 0, 0, 0, 0, 0, 0, 0, 0, 0, 0]	[0.00036070001078769565, 0.008493800007272512, 0.02562290002242662, 0.04205410002032295, 0.05872650002129376, 0.07531750001362525, 0.09204720001434907, 0.10854240000480786, 0.12500230001751333, 0.1416042000055313, 0.15867590002017096, 0.17512930001248606, 0.19177260002470575, 0.2085005000117235, 0.22517920000245795, 0.2417194000154268, 0.25820790001307614, 0.27488240000093356, 0.2916785000124946, 0.30847540000104345, 0.3248285000154283, 0.3414788000227418, 0.35820450002211146, 0.37482810000074096, 0.3915024000161793, 0.40823420000378974, 0.4248412000015378, 0.4414378000074066, 0.458207300020149, 0.47481640000478365, 0.49160600002505817]	217.0	255.0	0.5	5a
256	8	go_nogo	0	60	6	go	click	[76.0, 76.0, 95.0, 140.0, 183.0, 198.0, 204.0, 205.0, 205.0, 205.0, 205.0, 198.0, 188.0, 178.0, 171.0, 164.0, 161.0, 160.0, 160.0, 160.0, 160.0, 160.0, 160.0, 160.0, 160.0, 160.0, 160.0, 160.0, 160.0, 160.0, 160.0, 160.0]	[-191.0, -191.0, -91.0, 117.0, 345.0, 406.0, 432.0, 439.0, 439.0, 439.0, 438.0, 424.0, 406.0, 394.0, 385.0, 373.0, 364.0, 355.0, 342.0, 333.0, 331.0, 331.0, 331.0, 331.0, 331.0, 331.0, 331.0, 331.0, 331.0, 331.0, 331.0, 331.0]	[0, 0, 0, 0, 0, 0, 0, 0, 0, 0, 0, 0, 0, 0, 0, 0, 0, 0, 0, 0, 0, 0, 0, 0, 0, 0, 0, 0, 0, 0, 0, 1]	[0, 0, 0, 0, 0, 0, 0, 0, 0, 0, 0, 0, 0, 0, 0, 0, 0, 0, 0, 0, 0, 0, 0, 0, 0, 0, 0, 0, 0, 0, 0, 0]	[0, 0, 0, 0, 0, 0, 0, 0, 0, 0, 0, 0, 0, 0, 0, 0, 0, 0, 0, 0, 0, 0, 0, 0, 0, 0, 0, 0, 0, 0, 0, 0]	[0.0003968000237364322, 0.008338900021044537, 0.025026200019055977, 0.04171810002299026, 0.058627700025681406, 0.07510140002705157, 0.09236740000778809, 0.10811470000771806, 0.12481580002349801, 0.14156580000417307, 0.1583948000043165, 0.17510170000605285, 0.19181509999907576, 0.20856360002653673, 0.22503170001436956, 0.24164800002472475, 0.258541300019715, 0.2749927000259049, 0.2922104000172112, 0.3082840999995824, 0.3250479999987874, 0.3412904000142589, 0.3580464000115171, 0.3747882000170648, 0.39141290000407025, 0.40806340001290664, 0.42479780002031475, 0.4413047000125516, 0.4581085000245366, 0.4746537000173703, 0.4916627000202425, 0.508038400002988]	160.0	331.0	0.8	5a
257	8	go_nogo	0	60	2	go	click	[88.0, 88.0, 101.0, 120.0, 132.0, 145.0, 156.0, 167.0, 174.0, 176.0, 177.0, 177.0, 177.0, 177.0, 177.0, 177.0, 177.0, 177.0, 177.0, 177.0, 182.0, 189.0, 195.0, 195.0, 196.0, 196.0, 196.0, 196.0, 196.0, 196.0, 196.0]	[-115.0, -115.0, -62.0, 18.0, 74.0, 107.0, 130.0, 150.0, 166.0, 171.0, 174.0, 174.0, 174.0, 174.0, 174.0, 174.0, 174.0, 174.0, 175.0, 176.0, 194.0, 219.0, 256.0, 274.0, 284.0, 287.0, 290.0, 294.0, 298.0, 299.0, 299.0]	[0, 0, 0, 0, 0, 0, 0, 0, 0, 0, 0, 0, 0, 0, 0, 0, 0, 0, 0, 0, 0, 0, 0, 0, 0, 0, 0, 0, 0, 0, 1]	[0, 0, 0, 0, 0, 0, 0, 0, 0, 0, 0, 0, 0, 0, 0, 0, 0, 0, 0, 0, 0, 0, 0, 0, 0, 0, 0, 0, 0, 0, 0]	[0, 0, 0, 0, 0, 0, 0, 0, 0, 0, 0, 0, 0, 0, 0, 0, 0, 0, 0, 0, 0, 0, 0, 0, 0, 0, 0, 0, 0, 0, 0]	[0.00042409999878145754, 0.00775769999017939, 0.024151899997377768, 0.040728499996475875, 0.05743119999533519, 0.07422149999183603, 0.0905862000072375, 0.10737079998943955, 0.12406030000420287, 0.14081179999629967, 0.15696339998976327, 0.17379440000513569, 0.1903718000103254, 0.20699649999733083, 0.2236902000149712, 0.2407375999900978, 0.2571413000114262, 0.27398600001470186, 0.2908657999942079, 0.3071310000086669, 0.3239999999932479, 0.3408486999978777, 0.357198600017, 0.3739304000046104, 0.39067540000542067, 0.40787739999359474, 0.4239285000076052, 0.4404882999951951, 0.4573186000052374, 0.47372820001328364, 0.4905743999988772]	196.0	299.0	0.8	5a
258	8	go_nogo	0	60	8	go	click	[54.0, 54.0, 71.0, 102.0, 126.0, 140.0, 151.0, 159.0, 165.0, 167.0, 167.0, 167.0, 167.0, 171.0, 179.0, 187.0, 187.0, 187.0, 187.0, 188.0, 188.0, 188.0, 188.0, 188.0]	[-230.0, -230.0, -165.0, -32.0, 106.0, 153.0, 184.0, 215.0, 238.0, 249.0, 250.0, 250.0, 250.0, 257.0, 273.0, 289.0, 290.0, 290.0, 290.0, 290.0, 290.0, 290.0, 290.0, 290.0]	[0, 0, 0, 0, 0, 0, 0, 0, 0, 0, 0, 0, 0, 0, 0, 0, 0, 0, 0, 0, 0, 0, 0, 1]	[0, 0, 0, 0, 0, 0, 0, 0, 0, 0, 0, 0, 0, 0, 0, 0, 0, 0, 0, 0, 0, 0, 0, 0]	[0, 0, 0, 0, 0, 0, 0, 0, 0, 0, 0, 0, 0, 0, 0, 0, 0, 0, 0, 0, 0, 0, 0, 0]	[0.0003349000180605799, 0.008319900021888316, 0.024764200003119186, 0.041316600021673366, 0.058031000022310764, 0.07477360000484623, 0.0916097000008449, 0.1081496000115294, 0.1245997000078205, 0.14159360001212917, 0.1577994000108447, 0.174577900004806, 0.1913576000079047, 0.2079678000009153, 0.22495560001698323, 0.24135880000540055, 0.2577412000100594, 0.27444250002736226, 0.2914521000056993, 0.3077363000193145, 0.32439370002248324, 0.34135950001655146, 0.35768290000851266, 0.3746522000001278]	188.0	290.0	0.6	5a
259	8	go_nogo	0	60	2	go	click	[57.0, 57.0, 70.0, 91.0, 105.0, 115.0, 122.0, 131.0, 137.0, 141.0, 142.0, 142.0, 142.0, 142.0, 142.0, 142.0, 142.0, 142.0, 144.0, 157.0, 173.0, 177.0, 178.0, 178.0, 178.0, 179.0, 179.0, 179.0, 180.0, 180.0, 180.0]	[-185.0, -185.0, -132.0, -25.0, 54.0, 117.0, 155.0, 200.0, 219.0, 227.0, 230.0, 231.0, 231.0, 231.0, 231.0, 231.0, 229.0, 229.0, 235.0, 264.0, 294.0, 303.0, 304.0, 304.0, 304.0, 305.0, 307.0, 308.0, 309.0, 309.0, 309.0]	[0, 0, 0, 0, 0, 0, 0, 0, 0, 0, 0, 0, 0, 0, 0, 0, 0, 0, 0, 0, 0, 0, 0, 0, 0, 0, 0, 0, 0, 0, 1]	[0, 0, 0, 0, 0, 0, 0, 0, 0, 0, 0, 0, 0, 0, 0, 0, 0, 0, 0, 0, 0, 0, 0, 0, 0, 0, 0, 0, 0, 0, 0]	[0, 0, 0, 0, 0, 0, 0, 0, 0, 0, 0, 0, 0, 0, 0, 0, 0, 0, 0, 0, 0, 0, 0, 0, 0, 0, 0, 0, 0, 0, 0]	[0.00035990000469610095, 0.007829799986211583, 0.02464039999176748, 0.04146859998581931, 0.05786070000613108, 0.0746352999994997, 0.09140529998694547, 0.10808480001287535, 0.12463480001315475, 0.141159399994649, 0.1578356999962125, 0.17429540000739507, 0.1910343999916222, 0.20781829999759793, 0.224361400003545, 0.24117240001214668, 0.257805900007952, 0.2746311000082642, 0.29144969998742454, 0.3077355000132229, 0.3244457000109833, 0.3418299999902956, 0.35768230000394396, 0.374140100000659, 0.3911941999976989, 0.4077864999999292, 0.42444390000309795, 0.44108889999915846, 0.45758260000729933, 0.4741709000081755, 0.4912506999971811]	180.0	309.0	1.0	5a
260	8	go_nogo	0	60	9	nogo	none	[114.0, 114.0, 135.0, 169.0, 198.0, 217.0, 227.0, 233.0, 235.0, 235.0, 236.0, 236.0, 236.0, 236.0, 236.0, 236.0, 236.0, 236.0, 233.0, 226.0, 218.0, 214.0, 214.0, 214.0, 214.0, 214.0, 214.0, 214.0, 214.0, 214.0, 214.0, 214.0, 214.0, 214.0, 214.0, 214.0, 214.0, 214.0, 214.0, 214.0, 214.0, 214.0, 214.0, 214.0, 214.0, 214.0, 214.0, 214.0, 214.0, 214.0, 214.0, 214.0, 214.0, 214.0, 214.0, 214.0, 214.0, 214.0, 214.0, 214.0, 214.0, 214.0, 214.0, 214.0, 214.0]	[-102.0, -102.0, -25.0, 108.0, 221.0, 298.0, 334.0, 355.0, 365.0, 369.0, 371.0, 372.0, 374.0, 376.0, 377.0, 377.0, 377.0, 376.0, 356.0, 327.0, 299.0, 287.0, 286.0, 286.0, 286.0, 286.0, 286.0, 286.0, 286.0, 286.0, 285.0, 285.0, 285.0, 285.0, 285.0, 285.0, 285.0, 285.0, 285.0, 285.0, 285.0, 285.0, 285.0, 285.0, 285.0, 285.0, 285.0, 285.0, 285.0, 285.0, 285.0, 285.0, 285.0, 285.0, 285.0, 285.0, 285.0, 285.0, 285.0, 285.0, 285.0, 285.0, 285.0, 285.0, 285.0]	[0, 0, 0, 0, 0, 0, 0, 0, 0, 0, 0, 0, 0, 0, 0, 0, 0, 0, 0, 0, 0, 0, 0, 0, 0, 0, 0, 0, 0, 0, 0, 0, 0, 0, 0, 0, 0, 0, 0, 0, 0, 0, 0, 0, 0, 0, 0, 0, 0, 0, 0, 0, 0, 0, 0, 0, 0, 0, 0, 0, 0, 0, 0, 0, 0]	[0, 0, 0, 0, 0, 0, 0, 0, 0, 0, 0, 0, 0, 0, 0, 0, 0, 0, 0, 0, 0, 0, 0, 0, 0, 0, 0, 0, 0, 0, 0, 0, 0, 0, 0, 0, 0, 0, 0, 0, 0, 0, 0, 0, 0, 0, 0, 0, 0, 0, 0, 0, 0, 0, 0, 0, 0, 0, 0, 0, 0, 0, 0, 0, 0]	[0, 0, 0, 0, 0, 0, 0, 0, 0, 0, 0, 0, 0, 0, 0, 0, 0, 0, 0, 0, 0, 0, 0, 0, 0, 0, 0, 0, 0, 0, 0, 0, 0, 0, 0, 0, 0, 0, 0, 0, 0, 0, 0, 0, 0, 0, 0, 0, 0, 0, 0, 0, 0, 0, 0, 0, 0, 0, 0, 0, 0, 0, 0, 0, 0]	[0.00039080000715330243, 0.006971099996007979, 0.023983699997188523, 0.04081669999868609, 0.057168400002410635, 0.07420360000105575, 0.0905579999962356, 0.10723520000465214, 0.12384449999080971, 0.1408811000001151, 0.1570744999917224, 0.17387920001056045, 0.1910171000054106, 0.20703220000723377, 0.22377479998976924, 0.24050389998592436, 0.2571070999838412, 0.2739667999849189, 0.29046309998375364, 0.3071457000041846, 0.3237608000054024, 0.3405350999964867, 0.35717549998662435, 0.3734966999909375, 0.39026419998845086, 0.4068126000056509, 0.42351419999613427, 0.4402469999913592, 0.45693739998387173, 0.47379829999408685, 0.4901491999917198, 0.5069174999953248, 0.5234496000048239, 0.5401636000024155, 0.5567989000119269, 0.5736177999933716, 0.590316999994684, 0.606769300007727, 0.6234503999876324, 0.6399810999864712, 0.656789700005902, 0.673480199999176, 0.690122900006827, 0.7069201999984216, 0.7235326000081841, 0.7400579999957699, 0.7568155000044499, 0.7735491000057664, 0.7900589999917429, 0.8069871999905445, 0.8233975000039209, 0.8401941999909468, 0.8566707999852952, 0.8733617000107188, 0.8900768999883439, 0.9067647999909241, 0.9233467000012752, 0.9399881999997888, 0.9566274000098929, 0.9732839000062086, 0.9900188999890815, 1.0066547000024002, 1.023347999987891, 1.040046899986919, 1.056634500011569]	n/a	n/a	0.9	5a
261	8	go_nogo	0	60	3	go	click	[39.0, 39.0, 39.0, 40.0, 40.0, 40.0, 54.0, 97.0, 132.0, 151.0, 158.0, 158.0, 158.0, 158.0, 158.0, 159.0, 162.0, 164.0, 167.0, 167.0, 167.0, 167.0, 170.0, 171.0, 171.0, 171.0, 171.0, 171.0, 170.0, 170.0, 170.0, 170.0, 170.0, 170.0]	[-274.0, -274.0, -274.0, -274.0, -274.0, -273.0, -240.0, -136.0, -25.0, 47.0, 90.0, 110.0, 115.0, 117.0, 121.0, 133.0, 148.0, 161.0, 166.0, 168.0, 171.0, 184.0, 215.0, 245.0, 261.0, 268.0, 276.0, 287.0, 293.0, 295.0, 295.0, 295.0, 295.0, 295.0]	[0, 0, 0, 0, 0, 0, 0, 0, 0, 0, 0, 0, 0, 0, 0, 0, 0, 0, 0, 0, 0, 0, 0, 0, 0, 0, 0, 0, 0, 0, 0, 0, 0, 1]	[0, 0, 0, 0, 0, 0, 0, 0, 0, 0, 0, 0, 0, 0, 0, 0, 0, 0, 0, 0, 0, 0, 0, 0, 0, 0, 0, 0, 0, 0, 0, 0, 0, 0]	[0, 0, 0, 0, 0, 0, 0, 0, 0, 0, 0, 0, 0, 0, 0, 0, 0, 0, 0, 0, 0, 0, 0, 0, 0, 0, 0, 0, 0, 0, 0, 0, 0, 0]	[0.00019760002032853663, 0.009998900000937283, 0.02687620001961477, 0.043161600013263524, 0.05965060001472011, 0.07679930000449531, 0.09332590000121854, 0.11040110001340508, 0.12665500000002794, 0.14321490001748316, 0.16001690001576208, 0.17655970001942478, 0.19328870001481846, 0.20992829999886453, 0.2268499000056181, 0.24331940000411123, 0.2598729000019375, 0.2764710000192281, 0.29347860001144, 0.309644599998137, 0.32640799999353476, 0.3431202000065241, 0.35989079999853857, 0.37655139999696985, 0.3931268000160344, 0.40998160000890493, 0.4264762999955565, 0.44327489999704994, 0.46052300001611, 0.47605620001559146, 0.4927484000218101, 0.509534300013911, 0.5261416000139434, 0.543149800010724]	170.0	295.0	0.6	5a
262	8	go_nogo	0	60	9	nogo	none	[10.0, 10.0, 13.0, 30.0, 47.0, 63.0, 75.0, 84.0, 90.0, 94.0, 99.0, 103.0, 104.0, 104.0, 104.0, 104.0, 104.0, 104.0, 104.0, 117.0, 141.0, 161.0, 175.0, 185.0, 186.0, 187.0, 187.0, 187.0, 188.0, 188.0, 188.0, 188.0, 188.0, 188.0, 188.0, 188.0, 188.0, 188.0, 188.0, 188.0, 188.0, 188.0, 188.0, 188.0, 188.0, 188.0, 188.0, 188.0, 188.0, 188.0, 188.0, 188.0, 188.0, 188.0, 188.0, 188.0, 188.0, 188.0, 188.0, 188.0, 188.0, 188.0, 188.0, 188.0, 188.0, 188.0, 188.0, 188.0, 188.0, 188.0]	[-236.0, -236.0, -166.0, -28.0, 67.0, 121.0, 156.0, 179.0, 196.0, 211.0, 221.0, 228.0, 228.0, 228.0, 228.0, 228.0, 228.0, 228.0, 228.0, 235.0, 251.0, 268.0, 280.0, 289.0, 290.0, 292.0, 294.0, 295.0, 296.0, 296.0, 296.0, 296.0, 296.0, 296.0, 296.0, 296.0, 296.0, 296.0, 296.0, 296.0, 296.0, 296.0, 296.0, 296.0, 296.0, 296.0, 296.0, 296.0, 296.0, 296.0, 296.0, 296.0, 296.0, 296.0, 296.0, 296.0, 296.0, 296.0, 296.0, 296.0, 296.0, 296.0, 296.0, 296.0, 296.0, 296.0, 296.0, 296.0, 296.0, 296.0]	[0, 0, 0, 0, 0, 0, 0, 0, 0, 0, 0, 0, 0, 0, 0, 0, 0, 0, 0, 0, 0, 0, 0, 0, 0, 0, 0, 0, 0, 0, 0, 0, 0, 0, 0, 0, 0, 0, 0, 0, 0, 0, 0, 0, 0, 0, 0, 0, 0, 0, 0, 0, 0, 0, 0, 0, 0, 0, 0, 0, 0, 0, 0, 0, 0, 0, 0, 0, 0, 0]	[0, 0, 0, 0, 0, 0, 0, 0, 0, 0, 0, 0, 0, 0, 0, 0, 0, 0, 0, 0, 0, 0, 0, 0, 0, 0, 0, 0, 0, 0, 0, 0, 0, 0, 0, 0, 0, 0, 0, 0, 0, 0, 0, 0, 0, 0, 0, 0, 0, 0, 0, 0, 0, 0, 0, 0, 0, 0, 0, 0, 0, 0, 0, 0, 0, 0, 0, 0, 0, 0]	[0, 0, 0, 0, 0, 0, 0, 0, 0, 0, 0, 0, 0, 0, 0, 0, 0, 0, 0, 0, 0, 0, 0, 0, 0, 0, 0, 0, 0, 0, 0, 0, 0, 0, 0, 0, 0, 0, 0, 0, 0, 0, 0, 0, 0, 0, 0, 0, 0, 0, 0, 0, 0, 0, 0, 0, 0, 0, 0, 0, 0, 0, 0, 0, 0, 0, 0, 0, 0, 0]	[0.00042260001646354795, 0.006584700022358447, 0.023561000009067357, 0.03987440001219511, 0.05657210000208579, 0.07318730000406504, 0.09033200002158992, 0.10661600000457838, 0.1230793000140693, 0.13984430002165027, 0.15646860000560991, 0.17344909999519587, 0.18957240000599995, 0.20639170001959428, 0.22293489999719895, 0.23960640002042055, 0.25630450001335703, 0.2729721000068821, 0.28979599999729544, 0.30675350001547486, 0.3232043000170961, 0.33988070001942106, 0.3564728000201285, 0.37350509999669157, 0.38990380000905134, 0.4063144999963697, 0.4232373000122607, 0.44013689999701455, 0.45634430000791326, 0.47292400000151247, 0.48985110002104193, 0.5062491999997292, 0.5231234999955632, 0.5397632000094745, 0.5562362000055145, 0.572860500018578, 0.5895789000205696, 0.6062730000121519, 0.6228080000146292, 0.6395399000030011, 0.6561394000018481, 0.6728669000149239, 0.6896967000211589, 0.7063957000209484, 0.722852500010049, 0.7394544999988284, 0.7562470000120811, 0.7727696000074502, 0.7895799000107218, 0.8061191000160761, 0.8229770000034478, 0.8395087000099011, 0.8561707000189926, 0.8727936000213958, 0.8895550000015646, 0.9063524999946821, 0.9227441000111867, 0.9394467000092845, 0.9563522000098601, 0.9727611000125762, 0.9894818000029773, 1.0063787999970373, 1.0231069000146817, 1.039872800000012, 1.0560958000132814, 1.072701600001892, 1.0895882000040729, 1.1062187000061385, 1.122882399999071, 1.139487900014501]	n/a	n/a	0.7	5a
263	8	go_nogo	0	60	2	go	click	[46.0, 59.0, 59.0, 104.0, 116.0, 122.0, 127.0, 131.0, 135.0, 139.0, 141.0, 144.0, 144.0, 145.0, 149.0, 150.0, 150.0, 150.0, 150.0, 150.0, 151.0, 157.0, 161.0, 164.0, 164.0, 164.0, 164.0, 164.0, 164.0]	[-240.0, -184.0, -184.0, 6.0, 99.0, 156.0, 186.0, 203.0, 217.0, 227.0, 235.0, 240.0, 243.0, 248.0, 255.0, 257.0, 257.0, 257.0, 257.0, 257.0, 260.0, 265.0, 272.0, 276.0, 276.0, 276.0, 276.0, 276.0, 276.0]	[0, 0, 0, 0, 0, 0, 0, 0, 0, 0, 0, 0, 0, 0, 0, 0, 0, 0, 0, 0, 0, 0, 0, 0, 0, 0, 0, 0, 1]	[0, 0, 0, 0, 0, 0, 0, 0, 0, 0, 0, 0, 0, 0, 0, 0, 0, 0, 0, 0, 0, 0, 0, 0, 0, 0, 0, 0, 0]	[0, 0, 0, 0, 0, 0, 0, 0, 0, 0, 0, 0, 0, 0, 0, 0, 0, 0, 0, 0, 0, 0, 0, 0, 0, 0, 0, 0, 0]	[0.00043990000267513096, 0.00841700000455603, 0.025250400009099394, 0.042817699984880164, 0.05844379999325611, 0.07559799999580719, 0.09184300000197254, 0.10870519999298267, 0.12515609999536537, 0.14182119999895804, 0.15867420000722632, 0.17514209999353625, 0.19179310000617988, 0.2086313999898266, 0.22518979999586008, 0.24156520000542514, 0.25827449999633245, 0.2751101999892853, 0.2915991999907419, 0.3084044999850448, 0.3251635000051465, 0.3419407999899704, 0.3585109999985434, 0.3748957999923732, 0.3917645000037737, 0.4083389999868814, 0.42496969999046996, 0.44166919999406673, 0.4586925999901723]	164.0	276.0	0.6	5a
264	8	go_nogo	0	60	3	go	click	[70.0, 70.0, 83.0, 109.0, 134.0, 148.0, 155.0, 160.0, 167.0, 180.0, 185.0, 186.0, 186.0, 186.0, 186.0, 186.0, 186.0, 186.0, 187.0, 189.0, 191.0, 191.0, 191.0, 191.0, 191.0, 191.0]	[-150.0, -150.0, -94.0, 0.0, 116.0, 172.0, 208.0, 233.0, 256.0, 278.0, 288.0, 290.0, 290.0, 290.0, 290.0, 290.0, 290.0, 290.0, 292.0, 299.0, 303.0, 304.0, 304.0, 304.0, 304.0, 304.0]	[0, 0, 0, 0, 0, 0, 0, 0, 0, 0, 0, 0, 0, 0, 0, 0, 0, 0, 0, 0, 0, 0, 0, 0, 0, 1]	[0, 0, 0, 0, 0, 0, 0, 0, 0, 0, 0, 0, 0, 0, 0, 0, 0, 0, 0, 0, 0, 0, 0, 0, 0, 0]	[0, 0, 0, 0, 0, 0, 0, 0, 0, 0, 0, 0, 0, 0, 0, 0, 0, 0, 0, 0, 0, 0, 0, 0, 0, 0]	[0.00046779998228885233, 0.00831319999997504, 0.024836599972331896, 0.04166719998465851, 0.058356499997898936, 0.07507249998161569, 0.09155459998873994, 0.10808219999307767, 0.12746979997609742, 0.14133669997681864, 0.15841689999797381, 0.17461369998636656, 0.19124339998234063, 0.20783429997391067, 0.22457629998098128, 0.24128509999718517, 0.25782969998545013, 0.274494399985997, 0.2918203999870457, 0.308460100000957, 0.3248058999888599, 0.3413616999750957, 0.35783229998196475, 0.37448099997709505, 0.3912162999913562, 0.4083092999935616]	191.0	304.0	0.7	5a
265	8	go_nogo	0	60	3	go	click	[46.0, 58.0, 71.0, 103.0, 139.0, 164.0, 188.0, 209.0, 222.0, 230.0, 234.0, 235.0, 235.0, 235.0, 235.0, 236.0, 238.0, 238.0, 238.0, 238.0, 238.0, 238.0, 238.0, 236.0, 232.0, 229.0, 226.0, 225.0, 225.0, 225.0, 225.0, 225.0]	[-271.0, -226.0, -177.0, -71.0, 47.0, 144.0, 222.0, 281.0, 314.0, 339.0, 351.0, 355.0, 355.0, 355.0, 355.0, 363.0, 374.0, 378.0, 379.0, 380.0, 380.0, 380.0, 380.0, 373.0, 364.0, 354.0, 346.0, 342.0, 341.0, 341.0, 340.0, 340.0]	[0, 0, 0, 0, 0, 0, 0, 0, 0, 0, 0, 0, 0, 0, 0, 0, 0, 0, 0, 0, 0, 0, 0, 0, 0, 0, 0, 0, 0, 0, 0, 1]	[0, 0, 0, 0, 0, 0, 0, 0, 0, 0, 0, 0, 0, 0, 0, 0, 0, 0, 0, 0, 0, 0, 0, 0, 0, 0, 0, 0, 0, 0, 0, 0]	[0, 0, 0, 0, 0, 0, 0, 0, 0, 0, 0, 0, 0, 0, 0, 0, 0, 0, 0, 0, 0, 0, 0, 0, 0, 0, 0, 0, 0, 0, 0, 0]	[0.00018350000027567148, 0.010621800000080839, 0.02740359999006614, 0.0440484999853652, 0.06053429999155924, 0.07729649997781962, 0.09400129999266937, 0.11067899997578934, 0.12708659999771044, 0.14362239997717552, 0.16039259999524802, 0.17671039997367188, 0.193441499985056, 0.21010119997663423, 0.22705379998660646, 0.24358869998832233, 0.2605343999748584, 0.27703979998477735, 0.29370519999065436, 0.3100543999753427, 0.3267496999760624, 0.34349879997898825, 0.36034729998209514, 0.3771744999976363, 0.3940750999900047, 0.4103280999988783, 0.4269168999744579, 0.4436758999945596, 0.45998789998702705, 0.4772178999846801, 0.4933951999992132, 0.5104044999752659]	225.0	340.0	0.7	5a
266	8	go_nogo	0	60	1	nogo	none	[84.0, 105.0, 120.0, 151.0, 167.0, 175.0, 182.0, 187.0, 188.0, 189.0, 189.0, 189.0, 189.0, 189.0, 189.0, 189.0, 189.0, 189.0, 189.0, 189.0, 189.0, 189.0, 189.0, 189.0, 189.0, 189.0, 189.0, 188.0, 188.0, 188.0, 188.0, 188.0, 188.0, 188.0, 188.0, 188.0, 188.0, 188.0, 188.0, 188.0, 188.0, 188.0, 188.0, 188.0, 188.0, 188.0, 188.0, 188.0, 188.0, 188.0, 188.0, 188.0, 188.0, 188.0, 188.0, 188.0, 188.0, 188.0, 188.0, 188.0, 188.0, 188.0, 188.0, 188.0, 188.0, 188.0, 188.0, 188.0, 188.0, 188.0, 188.0, 188.0, 188.0]	[-247.0, -200.0, -155.0, -60.0, 16.0, 73.0, 120.0, 151.0, 164.0, 169.0, 177.0, 185.0, 194.0, 199.0, 199.0, 199.0, 199.0, 199.0, 199.0, 199.0, 200.0, 205.0, 210.0, 215.0, 218.0, 218.0, 222.0, 235.0, 257.0, 269.0, 272.0, 272.0, 272.0, 272.0, 272.0, 272.0, 272.0, 272.0, 272.0, 272.0, 272.0, 272.0, 272.0, 272.0, 272.0, 272.0, 272.0, 272.0, 272.0, 272.0, 272.0, 272.0, 272.0, 272.0, 272.0, 272.0, 272.0, 272.0, 272.0, 272.0, 272.0, 272.0, 272.0, 272.0, 272.0, 272.0, 272.0, 272.0, 272.0, 272.0, 272.0, 272.0, 272.0]	[0, 0, 0, 0, 0, 0, 0, 0, 0, 0, 0, 0, 0, 0, 0, 0, 0, 0, 0, 0, 0, 0, 0, 0, 0, 0, 0, 0, 0, 0, 0, 0, 0, 0, 0, 0, 0, 0, 0, 0, 0, 0, 0, 0, 0, 0, 0, 0, 0, 0, 0, 0, 0, 0, 0, 0, 0, 0, 0, 0, 0, 0, 0, 0, 0, 0, 0, 0, 0, 0, 0, 0, 0]	[0, 0, 0, 0, 0, 0, 0, 0, 0, 0, 0, 0, 0, 0, 0, 0, 0, 0, 0, 0, 0, 0, 0, 0, 0, 0, 0, 0, 0, 0, 0, 0, 0, 0, 0, 0, 0, 0, 0, 0, 0, 0, 0, 0, 0, 0, 0, 0, 0, 0, 0, 0, 0, 0, 0, 0, 0, 0, 0, 0, 0, 0, 0, 0, 0, 0, 0, 0, 0, 0, 0, 0, 0]	[0, 0, 0, 0, 0, 0, 0, 0, 0, 0, 0, 0, 0, 0, 0, 0, 0, 0, 0, 0, 0, 0, 0, 0, 0, 0, 0, 0, 0, 0, 0, 0, 0, 0, 0, 0, 0, 0, 0, 0, 0, 0, 0, 0, 0, 0, 0, 0, 0, 0, 0, 0, 0, 0, 0, 0, 0, 0, 0, 0, 0, 0, 0, 0, 0, 0, 0, 0, 0, 0, 0, 0, 0]	[0.00020640000002458692, 0.009264599997550249, 0.02613259997451678, 0.043095999979414046, 0.05928889999631792, 0.07586349998018704, 0.09278589999303222, 0.1093807999859564, 0.12611349998041987, 0.1427100999862887, 0.15927229999215342, 0.17592849998618476, 0.19282029999885708, 0.20905809997930191, 0.22594740000204183, 0.2424880999897141, 0.2589127999963239, 0.27565289998892695, 0.2923544999794103, 0.30920879999757744, 0.3259925999736879, 0.34280429998761974, 0.35940869999467395, 0.37588310000137426, 0.39249719999497756, 0.4097831999824848, 0.4271743999852333, 0.44293769999057986, 0.45938449999084696, 0.47605810000095516, 0.4923537999857217, 0.5090687999909278, 0.5256261999893468, 0.5424031000002287, 0.5590331999992486, 0.5755615999805741, 0.5923220999829937, 0.6088478000019677, 0.6256392999785021, 0.6424756999767851, 0.6588805999781471, 0.6758299999928568, 0.6921753999777138, 0.708932299981825, 0.7256237999827135, 0.7423386999871582, 0.7588137999991886, 0.7755423999915365, 0.7922239999752492, 0.808882099983748, 0.8256346999842208, 0.8425037999986671, 0.8587625999934971, 0.8754122999962419, 0.8921755999908783, 0.9088684999733232, 0.9255610999825876, 0.9423851999745239, 0.9590002999757417, 0.9756567000003997, 0.9921119999780785, 1.008801299991319, 1.025387799978489, 1.0421310999954585, 1.0587023999833036, 1.0754712999914773, 1.0919721999962348, 1.1087182999763172, 1.1253272999892943, 1.1421080000000075, 1.1587220999936108, 1.175347399985185, 1.1918639999930747]	n/a	n/a	1.0	5a
267	8	go_nogo	0	60	2	go	click	[74.0, 74.0, 97.0, 134.0, 164.0, 203.0, 216.0, 223.0, 226.0, 227.0, 227.0, 227.0, 228.0, 229.0, 231.0, 237.0, 238.0, 238.0, 238.0, 237.0, 234.0, 230.0, 226.0, 224.0, 223.0, 222.0, 221.0, 220.0, 220.0, 219.0, 219.0, 219.0]	[-159.0, -159.0, -85.0, 48.0, 165.0, 289.0, 330.0, 351.0, 361.0, 365.0, 365.0, 365.0, 368.0, 375.0, 390.0, 401.0, 404.0, 404.0, 404.0, 393.0, 378.0, 361.0, 350.0, 343.0, 341.0, 339.0, 336.0, 333.0, 331.0, 330.0, 329.0, 329.0]	[0, 0, 0, 0, 0, 0, 0, 0, 0, 0, 0, 0, 0, 0, 0, 0, 0, 0, 0, 0, 0, 0, 0, 0, 0, 0, 0, 0, 0, 0, 0, 1]	[0, 0, 0, 0, 0, 0, 0, 0, 0, 0, 0, 0, 0, 0, 0, 0, 0, 0, 0, 0, 0, 0, 0, 0, 0, 0, 0, 0, 0, 0, 0, 0]	[0, 0, 0, 0, 0, 0, 0, 0, 0, 0, 0, 0, 0, 0, 0, 0, 0, 0, 0, 0, 0, 0, 0, 0, 0, 0, 0, 0, 0, 0, 0, 0]	[0.00034260001848451793, 0.0072994000220205635, 0.02417400002013892, 0.040626200003316626, 0.05722510002669878, 0.07388020001235418, 0.09063670001341961, 0.10740470001474023, 0.12377580002066679, 0.14047340000979602, 0.15684570002485998, 0.17425780001212843, 0.19057390000671148, 0.2070992000226397, 0.22389980001025833, 0.24044820002745837, 0.2568615000054706, 0.2737813000276219, 0.29049790001590736, 0.3071359000168741, 0.3242192000034265, 0.34037499999976717, 0.3574119000113569, 0.37401410000165924, 0.39051280001876876, 0.4073557000083383, 0.4237311000179034, 0.4404495000198949, 0.45707930001663044, 0.47375620002276264, 0.4904172000242397, 0.5074430000095163]	219.0	329.0	0.9	5a
268	8	go_nogo	0	60	7	go	click	[93.0, 120.0, 141.0, 171.0, 195.0, 202.0, 208.0, 212.0, 212.0, 213.0, 214.0, 218.0, 220.0, 224.0, 227.0, 233.0, 235.0, 235.0, 235.0, 235.0, 235.0, 235.0, 235.0, 235.0, 235.0, 235.0, 235.0, 235.0, 235.0, 235.0, 235.0, 235.0, 235.0, 235.0, 235.0, 235.0, 235.0, 235.0]	[-197.0, -120.0, -35.0, 141.0, 249.0, 283.0, 306.0, 315.0, 318.0, 320.0, 324.0, 330.0, 334.0, 340.0, 351.0, 364.0, 370.0, 370.0, 370.0, 370.0, 370.0, 370.0, 370.0, 363.0, 361.0, 356.0, 352.0, 348.0, 345.0, 338.0, 331.0, 320.0, 312.0, 307.0, 305.0, 305.0, 305.0, 305.0]	[0, 0, 0, 0, 0, 0, 0, 0, 0, 0, 0, 0, 0, 0, 0, 0, 0, 0, 0, 0, 0, 0, 0, 0, 0, 0, 0, 0, 0, 0, 0, 0, 0, 0, 0, 0, 0, 1]	[0, 0, 0, 0, 0, 0, 0, 0, 0, 0, 0, 0, 0, 0, 0, 0, 0, 0, 0, 0, 0, 0, 0, 0, 0, 0, 0, 0, 0, 0, 0, 0, 0, 0, 0, 0, 0, 0]	[0, 0, 0, 0, 0, 0, 0, 0, 0, 0, 0, 0, 0, 0, 0, 0, 0, 0, 0, 0, 0, 0, 0, 0, 0, 0, 0, 0, 0, 0, 0, 0, 0, 0, 0, 0, 0, 0]	[0.0004121999954804778, 0.009329399996204302, 0.026355100009823218, 0.04282120001153089, 0.05947730000480078, 0.07605570001760498, 0.0929933000006713, 0.10951919999206439, 0.1259239999926649, 0.14276829999289475, 0.15953629999421537, 0.1760808000108227, 0.19289619999472052, 0.2094961999973748, 0.2260328000120353, 0.24273970001377165, 0.25936120000551455, 0.2757653000007849, 0.2924709999933839, 0.3091093999973964, 0.32613359999959357, 0.342523400002392, 0.3593502000148874, 0.3761697000009008, 0.3927098000131082, 0.40940110001247376, 0.4262431999959517, 0.4425755999982357, 0.45924290001858026, 0.4759273999952711, 0.49279799999203533, 0.5093473000160884, 0.5261820000014268, 0.5427441000065301, 0.5589831999968737, 0.5756604000052903, 0.5923942000081297, 0.6090133000107016]	235.0	305.0	0.7	5a
269	8	go_nogo	0	60	6	go	click	[53.0, 53.0, 68.0, 91.0, 115.0, 132.0, 145.0, 151.0, 152.0, 152.0, 153.0, 153.0, 153.0, 153.0, 153.0, 153.0, 153.0, 153.0, 153.0, 153.0, 153.0, 154.0, 157.0, 160.0, 162.0, 163.0, 166.0, 169.0, 173.0, 175.0, 175.0, 175.0, 175.0, 175.0, 175.0, 175.0, 175.0, 175.0, 175.0, 175.0, 175.0, 175.0, 175.0, 175.0, 175.0, 175.0, 175.0, 175.0]	[-132.0, -132.0, -87.0, 6.0, 87.0, 149.0, 182.0, 195.0, 198.0, 199.0, 202.0, 203.0, 204.0, 204.0, 204.0, 204.0, 204.0, 204.0, 204.0, 204.0, 205.0, 213.0, 226.0, 244.0, 247.0, 251.0, 259.0, 272.0, 283.0, 290.0, 292.0, 292.0, 292.0, 292.0, 292.0, 292.0, 292.0, 292.0, 292.0, 292.0, 292.0, 292.0, 292.0, 292.0, 292.0, 292.0, 292.0, 292.0]	[0, 0, 0, 0, 0, 0, 0, 0, 0, 0, 0, 0, 0, 0, 0, 0, 0, 0, 0, 0, 0, 0, 0, 0, 0, 0, 0, 0, 0, 0, 0, 0, 0, 0, 0, 0, 0, 0, 0, 0, 0, 0, 0, 0, 0, 0, 0, 1]	[0, 0, 0, 0, 0, 0, 0, 0, 0, 0, 0, 0, 0, 0, 0, 0, 0, 0, 0, 0, 0, 0, 0, 0, 0, 0, 0, 0, 0, 0, 0, 0, 0, 0, 0, 0, 0, 0, 0, 0, 0, 0, 0, 0, 0, 0, 0, 0]	[0, 0, 0, 0, 0, 0, 0, 0, 0, 0, 0, 0, 0, 0, 0, 0, 0, 0, 0, 0, 0, 0, 0, 0, 0, 0, 0, 0, 0, 0, 0, 0, 0, 0, 0, 0, 0, 0, 0, 0, 0, 0, 0, 0, 0, 0, 0, 0]	[0.00019340001745149493, 0.009156500018434599, 0.025054400000954047, 0.04161120002390817, 0.058500600018305704, 0.0749851000146009, 0.09188730001915246, 0.10867880002479069, 0.12518470000941306, 0.14198570000007749, 0.15817740000784397, 0.17508610000368208, 0.1914917000103742, 0.2081573000177741, 0.22475390002364293, 0.24144070001784712, 0.2581060000229627, 0.27479560000938363, 0.2914638000074774, 0.30824520002352074, 0.3249452000018209, 0.34172870000475086, 0.3584778000076767, 0.375015199999325, 0.3921256000176072, 0.40824330001487397, 0.4258247000107076, 0.44209039999987, 0.45831130002625287, 0.4750410999986343, 0.4913101000129245, 0.5081312000111211, 0.5246259000268765, 0.5415870000142604, 0.5580552000028547, 0.5747568000224419, 0.5913624000095297, 0.6079317000112496, 0.6246405999991111, 0.6412851000204682, 0.6579614000220317, 0.67465660002199, 0.6915076000150293, 0.708098200004315, 0.7247579000249971, 0.7414974000130314, 0.7578981000115164, 0.7750280000036582]	175.0	292.0	0.6	5a
270	8	go_nogo	0	60	6	go	click	[35.0, 35.0, 76.0, 113.0, 144.0, 164.0, 176.0, 184.0, 191.0, 195.0, 198.0, 199.0, 199.0, 199.0, 199.0, 199.0, 199.0, 199.0, 199.0, 199.0, 199.0, 199.0, 199.0, 199.0, 199.0, 199.0, 199.0, 199.0, 199.0, 199.0, 199.0, 199.0, 199.0, 199.0, 199.0, 199.0, 199.0, 199.0, 199.0, 199.0, 199.0, 199.0, 199.0, 199.0, 199.0, 199.0, 199.0, 199.0, 199.0, 199.0, 199.0, 198.0]	[-267.0, -267.0, -159.0, -52.0, 69.0, 165.0, 243.0, 287.0, 316.0, 337.0, 351.0, 359.0, 359.0, 359.0, 359.0, 359.0, 358.0, 356.0, 356.0, 356.0, 356.0, 356.0, 356.0, 356.0, 355.0, 355.0, 355.0, 355.0, 355.0, 355.0, 355.0, 355.0, 355.0, 355.0, 355.0, 355.0, 355.0, 355.0, 355.0, 355.0, 355.0, 355.0, 355.0, 355.0, 355.0, 355.0, 355.0, 353.0, 346.0, 335.0, 326.0, 322.0]	[0, 0, 0, 0, 0, 0, 0, 0, 0, 0, 0, 0, 0, 0, 0, 0, 0, 0, 0, 0, 0, 0, 0, 0, 0, 0, 0, 0, 1, 1, 1, 1, 1, 0, 0, 0, 0, 0, 0, 0, 0, 0, 0, 0, 0, 0, 0, 0, 0, 0, 0, 1]	[0, 0, 0, 0, 0, 0, 0, 0, 0, 0, 0, 0, 0, 0, 0, 0, 0, 0, 0, 0, 0, 0, 0, 0, 0, 0, 0, 0, 0, 0, 0, 0, 0, 0, 0, 0, 0, 0, 0, 0, 0, 0, 0, 0, 0, 0, 0, 0, 0, 0, 0, 0]	[0, 0, 0, 0, 0, 0, 0, 0, 0, 0, 0, 0, 0, 0, 0, 0, 0, 0, 0, 0, 0, 0, 0, 0, 0, 0, 0, 0, 0, 0, 0, 0, 0, 0, 0, 0, 0, 0, 0, 0, 0, 0, 0, 0, 0, 0, 0, 0, 0, 0, 0, 0]	[0.0002103000006172806, 0.011035400006221607, 0.027097999991383404, 0.043789399991510436, 0.06062979999114759, 0.0771695000003092, 0.093851799989352, 0.1105606000055559, 0.12730500000179745, 0.14406220000819303, 0.16049479998764582, 0.17708620001212694, 0.19357530001434498, 0.2104119000141509, 0.22700750001240522, 0.24379139998927712, 0.2607539999880828, 0.27688510000007227, 0.29348200000822544, 0.31049579998943955, 0.326907000009669, 0.3434992000111379, 0.360150499996962, 0.3770264000049792, 0.39348790000076406, 0.410445699992124, 0.4267669999971986, 0.4436050000076648, 0.4608592999866232, 0.47688400000333786, 0.49374460001126863, 0.5101612999860663, 0.5267721000127494, 0.5438911000092048, 0.5604601000086404, 0.576968700013822, 0.5933706999931019, 0.610069399990607, 0.6268977000145242, 0.6436961000144947, 0.6600933999870904, 0.6767077000113204, 0.6937140999943949, 0.7099846999917645, 0.7271319999999832, 0.7433298999967519, 0.7600262000050861, 0.7768944000126794, 0.7940638999862131, 0.8108862999943085, 0.8273584000125993, 0.843363899999531]	198.0	321.0	0.7	5a
271	8	go_nogo	0	60	4	go	click	[72.0, 72.0, 94.0, 140.0, 173.0, 192.0, 206.0, 219.0, 225.0, 227.0, 227.0, 228.0, 229.0, 231.0, 232.0, 232.0, 232.0, 232.0, 231.0, 229.0, 229.0, 229.0, 229.0]	[-186.0, -186.0, -124.0, 3.0, 95.0, 157.0, 200.0, 244.0, 263.0, 274.0, 279.0, 290.0, 308.0, 325.0, 330.0, 330.0, 330.0, 330.0, 325.0, 320.0, 320.0, 320.0, 320.0]	[0, 0, 0, 0, 0, 0, 0, 0, 0, 0, 0, 0, 0, 0, 0, 0, 0, 0, 0, 0, 0, 0, 1]	[0, 0, 0, 0, 0, 0, 0, 0, 0, 0, 0, 0, 0, 0, 0, 0, 0, 0, 0, 0, 0, 0, 0]	[0, 0, 0, 0, 0, 0, 0, 0, 0, 0, 0, 0, 0, 0, 0, 0, 0, 0, 0, 0, 0, 0, 0]	[0.00041280000004917383, 0.0083059000025969, 0.025122499995632097, 0.04167350000352599, 0.05816309998044744, 0.07499199997982942, 0.09161809997749515, 0.1085624999832362, 0.12530129999504425, 0.14146210000035353, 0.15849750000052154, 0.174802900000941, 0.19146279999404214, 0.20835380000062287, 0.22450959999696352, 0.2411744999990333, 0.25787669999408536, 0.2748367000021972, 0.2914124999952037, 0.3080003999930341, 0.3250748999998905, 0.34114489998319186, 0.3582837999856565]	229.0	320.0	0.9	5a
272	8	go_nogo	0	60	1	nogo	none	[66.0, 66.0, 131.0, 184.0, 228.0, 258.0, 278.0, 291.0, 296.0, 299.0, 300.0, 300.0, 300.0, 300.0, 300.0, 300.0, 300.0, 297.0, 291.0, 283.0, 276.0, 270.0, 269.0, 269.0, 269.0, 269.0, 268.0, 268.0, 268.0, 268.0, 268.0, 268.0, 268.0, 268.0, 268.0, 268.0, 268.0, 268.0, 268.0, 268.0, 268.0, 268.0, 268.0, 268.0, 273.0, 287.0, 294.0, 294.0, 294.0, 294.0, 294.0, 294.0, 294.0, 294.0, 294.0, 294.0, 294.0, 294.0, 294.0, 294.0, 294.0, 294.0, 294.0, 294.0, 294.0, 294.0, 294.0, 294.0, 294.0, 294.0, 294.0, 294.0, 294.0, 294.0, 294.0, 294.0, 294.0, 294.0, 294.0, 294.0, 294.0, 294.0, 294.0, 294.0, 294.0, 294.0, 294.0, 294.0, 294.0, 294.0]	[-142.0, -142.0, 31.0, 182.0, 295.0, 367.0, 407.0, 430.0, 444.0, 450.0, 451.0, 451.0, 451.0, 451.0, 451.0, 451.0, 451.0, 443.0, 422.0, 395.0, 374.0, 362.0, 360.0, 359.0, 359.0, 358.0, 357.0, 357.0, 357.0, 357.0, 357.0, 357.0, 357.0, 357.0, 357.0, 357.0, 357.0, 357.0, 357.0, 357.0, 357.0, 357.0, 357.0, 358.0, 361.0, 365.0, 368.0, 368.0, 368.0, 368.0, 368.0, 368.0, 368.0, 368.0, 368.0, 368.0, 368.0, 368.0, 368.0, 368.0, 368.0, 368.0, 368.0, 368.0, 368.0, 368.0, 368.0, 368.0, 368.0, 368.0, 368.0, 368.0, 368.0, 368.0, 368.0, 368.0, 368.0, 368.0, 368.0, 368.0, 368.0, 368.0, 368.0, 368.0, 368.0, 368.0, 368.0, 368.0, 368.0, 368.0]	[0, 0, 0, 0, 0, 0, 0, 0, 0, 0, 0, 0, 0, 0, 0, 0, 0, 0, 0, 0, 0, 0, 0, 0, 0, 0, 0, 0, 0, 0, 0, 0, 0, 0, 0, 0, 0, 0, 0, 0, 0, 0, 0, 0, 0, 0, 0, 0, 0, 0, 0, 0, 0, 0, 0, 0, 0, 0, 0, 0, 0, 0, 0, 0, 0, 0, 0, 0, 0, 0, 0, 0, 0, 0, 0, 0, 0, 0, 0, 0, 0, 0, 0, 0, 0, 0, 0, 0, 0, 0]	[0, 0, 0, 0, 0, 0, 0, 0, 0, 0, 0, 0, 0, 0, 0, 0, 0, 0, 0, 0, 0, 0, 0, 0, 0, 0, 0, 0, 0, 0, 0, 0, 0, 0, 0, 0, 0, 0, 0, 0, 0, 0, 0, 0, 0, 0, 0, 0, 0, 0, 0, 0, 0, 0, 0, 0, 0, 0, 0, 0, 0, 0, 0, 0, 0, 0, 0, 0, 0, 0, 0, 0, 0, 0, 0, 0, 0, 0, 0, 0, 0, 0, 0, 0, 0, 0, 0, 0, 0, 0]	[0, 0, 0, 0, 0, 0, 0, 0, 0, 0, 0, 0, 0, 0, 0, 0, 0, 0, 0, 0, 0, 0, 0, 0, 0, 0, 0, 0, 0, 0, 0, 0, 0, 0, 0, 0, 0, 0, 0, 0, 0, 0, 0, 0, 0, 0, 0, 0, 0, 0, 0, 0, 0, 0, 0, 0, 0, 0, 0, 0, 0, 0, 0, 0, 0, 0, 0, 0, 0, 0, 0, 0, 0, 0, 0, 0, 0, 0, 0, 0, 0, 0, 0, 0, 0, 0, 0, 0, 0, 0]	[0.00021430000197142363, 0.009920499986037612, 0.02618009998695925, 0.04288100000121631, 0.05961120000574738, 0.07648310001241043, 0.09302269999170676, 0.10953169999993406, 0.12615769999683835, 0.1428246000141371, 0.1593118000018876, 0.1759621000092011, 0.1926757000037469, 0.20948540000244975, 0.22604219999630004, 0.24255980001180433, 0.2598383000004105, 0.27623019999009557, 0.2928511000063736, 0.30942760000471026, 0.32606650001253, 0.3429771999944933, 0.35944949998520315, 0.37608660000842065, 0.3928436000132933, 0.4095198000140954, 0.4258253999869339, 0.4425655000086408, 0.459191700007068, 0.47586710000177845, 0.49256169999716803, 0.509403400006704, 0.5257546000066213, 0.5425080000131857, 0.5593516000080854, 0.5757955999870319, 0.5925944999908097, 0.6091495000000577, 0.6258395999902859, 0.6424601000035182, 0.6590729999879841, 0.6758023999864236, 0.692638700013049, 0.7092389999888837, 0.7259870000125375, 0.7427539000054821, 0.7590372000122443, 0.7759177999978419, 0.7925658999884035, 0.8090380000066943, 0.8259038999967743, 0.8424225999915507, 0.8590128000068944, 0.8757065999961924, 0.8923417000041809, 0.9092943999858107, 0.9256224000127986, 0.9423297999892384, 0.9589794999919832, 0.9756920000072569, 0.992339099990204, 1.0090285000042059, 1.025770200008992, 1.042364599998109, 1.0590175999968778, 1.0756506999896374, 1.0926193000050262, 1.1089897000056226, 1.1256745000137016, 1.1422730000049341, 1.1588940999936312, 1.1756313999940176, 1.1923019000096247, 1.209001699986402, 1.2257715000014286, 1.2421501000062563, 1.2592082000046503, 1.2753818999917712, 1.2921270999941044, 1.3088857000111602, 1.3256438999960665, 1.3423129000002518, 1.3588269999891054, 1.3757384000055026, 1.3922404999902938, 1.4090855999966152, 1.4255224000080489, 1.4422250000061467, 1.4588864000106696, 1.47674189999816]	n/a	n/a	0.8	5a
273	8	go_nogo	0	60	4	go	click	[43.0, 54.0, 64.0, 79.0, 90.0, 97.0, 105.0, 115.0, 124.0, 127.0, 130.0, 130.0, 130.0, 130.0, 130.0, 130.0, 130.0, 130.0, 134.0, 149.0, 166.0, 178.0, 184.0, 185.0, 185.0, 185.0, 185.0, 185.0, 185.0]	[-196.0, -132.0, -81.0, 14.0, 84.0, 131.0, 160.0, 183.0, 201.0, 211.0, 213.0, 214.0, 214.0, 214.0, 214.0, 214.0, 214.0, 214.0, 218.0, 233.0, 252.0, 268.0, 277.0, 277.0, 277.0, 277.0, 277.0, 277.0, 277.0]	[0, 0, 0, 0, 0, 0, 0, 0, 0, 0, 0, 0, 0, 0, 0, 0, 0, 0, 0, 0, 0, 0, 0, 0, 0, 0, 0, 0, 1]	[0, 0, 0, 0, 0, 0, 0, 0, 0, 0, 0, 0, 0, 0, 0, 0, 0, 0, 0, 0, 0, 0, 0, 0, 0, 0, 0, 0, 0]	[0, 0, 0, 0, 0, 0, 0, 0, 0, 0, 0, 0, 0, 0, 0, 0, 0, 0, 0, 0, 0, 0, 0, 0, 0, 0, 0, 0, 0]	[0.0003961999900639057, 0.007925700017949566, 0.02512050000950694, 0.04213660000823438, 0.058193800010485575, 0.07478309998987243, 0.09174910001456738, 0.1082235999929253, 0.12481310000293888, 0.14155460000620224, 0.15822350000962615, 0.17470390000380576, 0.19142180000199005, 0.20785320000140928, 0.2247487000131514, 0.24117069999920204, 0.257973600004334, 0.27470420001191087, 0.291386800003238, 0.3082785000151489, 0.32467450000694953, 0.3415892999910284, 0.3581046999897808, 0.3745217999967281, 0.3912910000071861, 0.4078125999949407, 0.4245126000023447, 0.4412183999957051, 0.45825630001490936]	185.0	277.0	0.8	5a
274	8	go_nogo	0	60	7	go	click	[73.0, 73.0, 84.0, 107.0, 125.0, 150.0, 158.0, 164.0, 170.0, 173.0, 174.0, 174.0, 174.0, 175.0, 176.0, 178.0, 179.0, 179.0, 179.0, 179.0, 179.0, 180.0, 180.0, 180.0, 180.0]	[-159.0, -159.0, -107.0, -6.0, 70.0, 175.0, 215.0, 246.0, 267.0, 282.0, 291.0, 296.0, 296.0, 297.0, 303.0, 308.0, 310.0, 310.0, 310.0, 310.0, 310.0, 310.0, 310.0, 310.0, 310.0]	[0, 0, 0, 0, 0, 0, 0, 0, 0, 0, 0, 0, 0, 0, 0, 0, 0, 0, 0, 0, 0, 0, 0, 0, 1]	[0, 0, 0, 0, 0, 0, 0, 0, 0, 0, 0, 0, 0, 0, 0, 0, 0, 0, 0, 0, 0, 0, 0, 0, 0]	[0, 0, 0, 0, 0, 0, 0, 0, 0, 0, 0, 0, 0, 0, 0, 0, 0, 0, 0, 0, 0, 0, 0, 0, 0]	[0.0004090000002179295, 0.007919600000604987, 0.0249175000062678, 0.04141869998420589, 0.05815899997833185, 0.07497759998659603, 0.09214739999151789, 0.10804679998545907, 0.12480170000344515, 0.14115739997942, 0.15814429998863488, 0.17438729997957125, 0.1912331999919843, 0.20792630000505596, 0.22464309999486431, 0.24126389998127706, 0.2578860000066925, 0.2743080999935046, 0.2910441999847535, 0.3076674999902025, 0.32452769999508746, 0.34100149999721907, 0.3576984999817796, 0.3743514999805484, 0.39138879999518394]	180.0	310.0	0.9	5a
275	8	go_nogo	0	60	4	go	click	[12.0, 12.0, 20.0, 39.0, 55.0, 67.0, 80.0, 89.0, 102.0, 108.0, 111.0, 113.0, 114.0, 119.0, 126.0, 128.0, 128.0, 128.0, 128.0, 128.0, 136.0, 140.0, 145.0, 149.0, 151.0, 154.0, 155.0]	[-215.0, -215.0, -160.0, -37.0, 73.0, 131.0, 158.0, 179.0, 206.0, 221.0, 230.0, 235.0, 238.0, 244.0, 251.0, 254.0, 254.0, 254.0, 254.0, 254.0, 260.0, 263.0, 266.0, 267.0, 270.0, 274.0, 276.0]	[0, 0, 0, 0, 0, 0, 0, 0, 0, 0, 0, 0, 0, 0, 0, 0, 0, 0, 0, 0, 0, 0, 0, 0, 0, 0, 1]	[0, 0, 0, 0, 0, 0, 0, 0, 0, 0, 0, 0, 0, 0, 0, 0, 0, 0, 0, 0, 0, 0, 0, 0, 0, 0, 0]	[0, 0, 0, 0, 0, 0, 0, 0, 0, 0, 0, 0, 0, 0, 0, 0, 0, 0, 0, 0, 0, 0, 0, 0, 0, 0, 0]	[0.0003623999946285039, 0.008318500011228025, 0.025679500016849488, 0.04187479999382049, 0.058600999996997416, 0.07547120001981966, 0.09194260000367649, 0.10849199999938719, 0.12543189999996684, 0.14217820001067594, 0.15879820002010092, 0.17515399999683723, 0.1917210000101477, 0.20854779999353923, 0.22522449999814853, 0.24161530000856146, 0.2583699999959208, 0.2748503000184428, 0.29164350000792183, 0.3085375000082422, 0.325098600005731, 0.3417584999988321, 0.35889360000146553, 0.37513749999925494, 0.39167040001484565, 0.40851750000729226, 0.4251266999926884]	155.0	276.0	0.7	5a
276	8	go_nogo	0	60	8	go	click	[48.0, 48.0, 56.0, 75.0, 103.0, 130.0, 147.0, 158.0, 162.0, 164.0, 164.0, 164.0, 164.0, 164.0, 164.0, 164.0, 164.0, 164.0, 164.0, 164.0, 164.0, 164.0, 164.0, 164.0, 164.0, 164.0, 164.0, 165.0, 167.0, 168.0, 170.0, 171.0, 171.0, 171.0, 171.0]	[-164.0, -164.0, -105.0, 9.0, 107.0, 165.0, 197.0, 217.0, 227.0, 232.0, 241.0, 243.0, 245.0, 245.0, 245.0, 245.0, 245.0, 245.0, 245.0, 245.0, 245.0, 245.0, 245.0, 245.0, 245.0, 245.0, 245.0, 253.0, 261.0, 272.0, 277.0, 280.0, 281.0, 281.0, 281.0]	[0, 0, 0, 0, 0, 0, 0, 0, 0, 0, 0, 0, 0, 0, 0, 0, 0, 0, 0, 0, 0, 0, 0, 0, 0, 0, 0, 0, 0, 0, 0, 0, 0, 0, 1]	[0, 0, 0, 0, 0, 0, 0, 0, 0, 0, 0, 0, 0, 0, 0, 0, 0, 0, 0, 0, 0, 0, 0, 0, 0, 0, 0, 0, 0, 0, 0, 0, 0, 0, 0]	[0, 0, 0, 0, 0, 0, 0, 0, 0, 0, 0, 0, 0, 0, 0, 0, 0, 0, 0, 0, 0, 0, 0, 0, 0, 0, 0, 0, 0, 0, 0, 0, 0, 0, 0]	[0.00032820002525113523, 0.00788650001049973, 0.024731600016821176, 0.041371700004674494, 0.05801500001689419, 0.07479240000247955, 0.09154500000295229, 0.10802520002471283, 0.12474600001587532, 0.1413716000097338, 0.1578326000017114, 0.17445190000580624, 0.19109900001785718, 0.20785140001680702, 0.22449400002369657, 0.24119380000047386, 0.25799620000179857, 0.2745608000259381, 0.2910451000207104, 0.30776130000595003, 0.32462590001523495, 0.3410732000193093, 0.35785630001919344, 0.37438410002505407, 0.3911882000102196, 0.4077749000280164, 0.42455140000674874, 0.4413327000220306, 0.4579453000042122, 0.47463490001973696, 0.49130130000412464, 0.5080565000243951, 0.5243315000261646, 0.5410095000115689, 0.558621200005291]	171.0	281.0	0.5	5a
277	8	go_nogo	0	60	8	go	click	[54.0, 54.0, 61.0, 78.0, 96.0, 107.0, 115.0, 122.0, 128.0, 131.0, 131.0, 131.0, 131.0, 131.0, 133.0, 134.0, 134.0, 134.0, 134.0, 134.0, 135.0, 140.0, 150.0, 164.0, 176.0, 186.0, 191.0, 198.0, 204.0, 208.0, 209.0, 209.0, 209.0]	[-173.0, -173.0, -125.0, -46.0, 21.0, 64.0, 112.0, 152.0, 175.0, 181.0, 182.0, 182.0, 182.0, 184.0, 188.0, 190.0, 190.0, 190.0, 190.0, 190.0, 191.0, 200.0, 216.0, 236.0, 254.0, 270.0, 284.0, 306.0, 321.0, 335.0, 339.0, 339.0, 339.0]	[0, 0, 0, 0, 0, 0, 0, 0, 0, 0, 0, 0, 0, 0, 0, 0, 0, 0, 0, 0, 0, 0, 0, 0, 0, 0, 0, 0, 0, 0, 0, 0, 1]	[0, 0, 0, 0, 0, 0, 0, 0, 0, 0, 0, 0, 0, 0, 0, 0, 0, 0, 0, 0, 0, 0, 0, 0, 0, 0, 0, 0, 0, 0, 0, 0, 0]	[0, 0, 0, 0, 0, 0, 0, 0, 0, 0, 0, 0, 0, 0, 0, 0, 0, 0, 0, 0, 0, 0, 0, 0, 0, 0, 0, 0, 0, 0, 0, 0, 0]	[0.0004165999998804182, 0.010967900016112253, 0.02754170002299361, 0.04417100001592189, 0.0609114000108093, 0.0783186000189744, 0.09435660002054647, 0.1109108000237029, 0.12752870001713745, 0.14425710000796244, 0.16060420000576414, 0.17713430000003427, 0.19418980000773445, 0.2107622000039555, 0.22766990002128296, 0.24381520002498291, 0.26051160000497475, 0.2772259000048507, 0.2939638000098057, 0.3109163000190165, 0.32752680001431145, 0.3439589000190608, 0.36077080000541173, 0.37739790001069196, 0.3941579000093043, 0.410808700020425, 0.42730110001866706, 0.4441194000246469, 0.4608627000125125, 0.47740580001845956, 0.4937474000034854, 0.5103938000102062, 0.527648000017507]	209.0	339.0	0.5	5a
278	8	go_nogo	0	60	8	go	click	[73.0, 91.0, 113.0, 145.0, 164.0, 177.0, 186.0, 189.0, 189.0, 189.0, 191.0, 194.0, 194.0, 196.0, 199.0, 203.0, 205.0, 205.0, 205.0, 205.0, 205.0, 205.0, 205.0, 205.0, 205.0, 205.0, 205.0]	[-184.0, -107.0, -15.0, 145.0, 244.0, 282.0, 302.0, 307.0, 308.0, 308.0, 309.0, 310.0, 311.0, 311.0, 313.0, 319.0, 322.0, 322.0, 322.0, 322.0, 322.0, 322.0, 322.0, 322.0, 322.0, 322.0, 322.0]	[0, 0, 0, 0, 0, 0, 0, 0, 0, 0, 0, 0, 0, 0, 0, 0, 0, 0, 0, 0, 0, 0, 0, 0, 0, 0, 1]	[0, 0, 0, 0, 0, 0, 0, 0, 0, 0, 0, 0, 0, 0, 0, 0, 0, 0, 0, 0, 0, 0, 0, 0, 0, 0, 0]	[0, 0, 0, 0, 0, 0, 0, 0, 0, 0, 0, 0, 0, 0, 0, 0, 0, 0, 0, 0, 0, 0, 0, 0, 0, 0, 0]	[0.00016979998326860368, 0.011850599985336885, 0.02888070000335574, 0.04535239998949692, 0.061672499985434115, 0.07845289999386296, 0.09529969998402521, 0.11171110000577755, 0.12826239998685196, 0.14560610000626184, 0.16173049999633804, 0.1783823999867309, 0.19491279998328537, 0.2117364000005182, 0.22859489999245852, 0.24499680000008084, 0.26140079999458976, 0.27802860000520013, 0.29467919998569414, 0.31139649997930974, 0.32800310000311583, 0.34471549998852424, 0.36136029998306185, 0.37781340000219643, 0.39455159998033196, 0.41124039998976514, 0.4282435000059195]	205.0	322.0	0.8	5a
279	8	go_nogo	0	60	7	go	click	[63.0, 63.0, 79.0, 100.0, 128.0, 155.0, 163.0, 168.0, 169.0, 169.0, 170.0, 170.0, 170.0, 171.0, 174.0, 175.0, 175.0, 175.0, 175.0, 175.0, 175.0, 178.0, 183.0, 190.0, 195.0, 196.0, 198.0, 199.0, 205.0, 208.0, 208.0, 209.0]	[-207.0, -207.0, -146.0, -50.0, 48.0, 135.0, 169.0, 190.0, 200.0, 203.0, 204.0, 204.0, 204.0, 206.0, 210.0, 212.0, 212.0, 212.0, 212.0, 212.0, 213.0, 221.0, 231.0, 242.0, 248.0, 251.0, 253.0, 257.0, 268.0, 275.0, 278.0, 278.0]	[0, 0, 0, 0, 0, 0, 0, 0, 0, 0, 0, 0, 0, 0, 0, 0, 0, 0, 0, 0, 0, 0, 0, 0, 0, 0, 0, 0, 0, 0, 0, 1]	[0, 0, 0, 0, 0, 0, 0, 0, 0, 0, 0, 0, 0, 0, 0, 0, 0, 0, 0, 0, 0, 0, 0, 0, 0, 0, 0, 0, 0, 0, 0, 0]	[0, 0, 0, 0, 0, 0, 0, 0, 0, 0, 0, 0, 0, 0, 0, 0, 0, 0, 0, 0, 0, 0, 0, 0, 0, 0, 0, 0, 0, 0, 0, 0]	[0.0004165999998804182, 0.008191600005375221, 0.0249115000187885, 0.04131010000128299, 0.058002600009785965, 0.07467930001439527, 0.0912753000156954, 0.10798570001497865, 0.12467770001967438, 0.14128290000371635, 0.1577209000242874, 0.1744312000228092, 0.1915733000205364, 0.20794500000192784, 0.22467300001881085, 0.24107240000739694, 0.25776440001209266, 0.2748378000105731, 0.2909413000161294, 0.3076691000023857, 0.3248367000196595, 0.34123460002592765, 0.35796120000304654, 0.3745923000096809, 0.3913835000130348, 0.4078759000112768, 0.4245999000268057, 0.44157730002189055, 0.45798750000540167, 0.4745530000072904, 0.491227800026536, 0.5075969000172336]	209.0	278.0	0.6	5a
280	8	go_nogo	0	60	1	nogo	none	[84.0, 84.0, 102.0, 130.0, 159.0, 194.0, 204.0, 211.0, 214.0, 215.0, 215.0, 215.0, 216.0, 216.0, 218.0, 219.0, 220.0, 220.0, 220.0, 220.0, 219.0, 214.0, 210.0, 206.0, 205.0, 205.0, 205.0, 204.0, 204.0, 204.0, 204.0, 204.0, 204.0, 204.0, 204.0, 204.0, 204.0, 204.0, 204.0, 204.0, 204.0, 204.0, 204.0, 204.0, 204.0, 204.0, 204.0, 204.0, 204.0, 204.0, 204.0, 204.0, 204.0, 204.0, 204.0, 204.0, 204.0, 204.0, 204.0, 204.0, 204.0, 204.0, 204.0, 204.0, 204.0, 204.0, 204.0, 204.0]	[-175.0, -175.0, -106.0, 26.0, 135.0, 269.0, 327.0, 364.0, 383.0, 386.0, 386.0, 386.0, 386.0, 388.0, 399.0, 404.0, 404.0, 405.0, 405.0, 405.0, 396.0, 379.0, 360.0, 349.0, 344.0, 343.0, 342.0, 340.0, 340.0, 340.0, 340.0, 340.0, 340.0, 340.0, 340.0, 340.0, 340.0, 340.0, 340.0, 340.0, 340.0, 340.0, 340.0, 340.0, 340.0, 340.0, 340.0, 340.0, 340.0, 339.0, 339.0, 339.0, 339.0, 339.0, 339.0, 339.0, 339.0, 339.0, 339.0, 339.0, 339.0, 339.0, 339.0, 339.0, 339.0, 339.0, 339.0, 339.0]	[0, 0, 0, 0, 0, 0, 0, 0, 0, 0, 0, 0, 0, 0, 0, 0, 0, 0, 0, 0, 0, 0, 0, 0, 0, 0, 0, 0, 0, 0, 0, 0, 0, 0, 0, 0, 0, 0, 0, 0, 0, 0, 0, 0, 0, 0, 0, 0, 0, 0, 0, 0, 0, 0, 0, 0, 0, 0, 0, 0, 0, 0, 0, 0, 0, 0, 0, 0]	[0, 0, 0, 0, 0, 0, 0, 0, 0, 0, 0, 0, 0, 0, 0, 0, 0, 0, 0, 0, 0, 0, 0, 0, 0, 0, 0, 0, 0, 0, 0, 0, 0, 0, 0, 0, 0, 0, 0, 0, 0, 0, 0, 0, 0, 0, 0, 0, 0, 0, 0, 0, 0, 0, 0, 0, 0, 0, 0, 0, 0, 0, 0, 0, 0, 0, 0, 0]	[0, 0, 0, 0, 0, 0, 0, 0, 0, 0, 0, 0, 0, 0, 0, 0, 0, 0, 0, 0, 0, 0, 0, 0, 0, 0, 0, 0, 0, 0, 0, 0, 0, 0, 0, 0, 0, 0, 0, 0, 0, 0, 0, 0, 0, 0, 0, 0, 0, 0, 0, 0, 0, 0, 0, 0, 0, 0, 0, 0, 0, 0, 0, 0, 0, 0, 0, 0]	[0.0002057999954558909, 0.009575899981427938, 0.0262081999971997, 0.042826699995202944, 0.05936210000072606, 0.07627900000079535, 0.09295249998103827, 0.11002519997418858, 0.1260677999816835, 0.14246769997407682, 0.15912460000254214, 0.17605849998653866, 0.19284929998684675, 0.2097545999858994, 0.22595179997733794, 0.24264159999438561, 0.25921309998375364, 0.2758748999913223, 0.2924870999995619, 0.3098440000030678, 0.32625859999097884, 0.34270849998574704, 0.35946519998833537, 0.3758988999761641, 0.3926482999813743, 0.40925319999223575, 0.42615529999602586, 0.442413899989333, 0.45970089998445474, 0.4757818999933079, 0.49232319998554885, 0.5090130999742541, 0.5257302999962121, 0.54259070000262, 0.558766599977389, 0.5754959999758285, 0.5920440999907441, 0.6095115999924019, 0.6258889999880921, 0.6425398999999743, 0.6589479999965988, 0.6756263999850489, 0.6922838999889791, 0.7089815999788698, 0.725660500000231, 0.7423721999803092, 0.758887899981346, 0.7761137999768835, 0.7927409999829251, 0.8089336999983061, 0.8258564999850933, 0.8423344999901019, 0.8589631999784615, 0.875790699996287, 0.8922294999938458, 0.909155200002715, 0.9259773999801837, 0.9424719999951776, 0.9587677999807056, 0.9755031999957282, 0.9922772999852896, 1.0088476999953855, 1.0256873999896925, 1.0421932999743149, 1.0590316999878269, 1.0758694999967702, 1.0921346999821253, 1.1088772999937646]	n/a	n/a	0.9	5a
281	8	go_nogo	0	60	3	go	click	[52.0, 52.0, 73.0, 102.0, 122.0, 137.0, 146.0, 155.0, 164.0, 169.0, 172.0, 172.0, 172.0, 172.0, 172.0, 173.0, 175.0, 175.0, 175.0, 177.0, 180.0, 186.0, 190.0, 191.0, 194.0, 197.0, 197.0, 197.0, 197.0, 197.0, 197.0, 197.0, 197.0, 197.0]	[-193.0, -193.0, -112.0, 47.0, 178.0, 295.0, 334.0, 361.0, 379.0, 392.0, 396.0, 397.0, 397.0, 397.0, 397.0, 401.0, 405.0, 405.0, 405.0, 405.0, 400.0, 384.0, 365.0, 345.0, 326.0, 308.0, 293.0, 288.0, 285.0, 285.0, 285.0, 285.0, 285.0, 285.0]	[0, 0, 0, 0, 0, 0, 0, 0, 0, 0, 0, 0, 0, 0, 0, 0, 0, 0, 0, 0, 0, 0, 0, 0, 0, 0, 0, 0, 0, 0, 0, 0, 0, 1]	[0, 0, 0, 0, 0, 0, 0, 0, 0, 0, 0, 0, 0, 0, 0, 0, 0, 0, 0, 0, 0, 0, 0, 0, 0, 0, 0, 0, 0, 0, 0, 0, 0, 0]	[0, 0, 0, 0, 0, 0, 0, 0, 0, 0, 0, 0, 0, 0, 0, 0, 0, 0, 0, 0, 0, 0, 0, 0, 0, 0, 0, 0, 0, 0, 0, 0, 0, 0]	[0.00043539999751374125, 0.008244399999966845, 0.02481520001310855, 0.04144669999368489, 0.05818290001479909, 0.07492300000740215, 0.09166910001658835, 0.10868100001243874, 0.12481559999287128, 0.14147279999451712, 0.15817110001808032, 0.17456600000150502, 0.19123620001482777, 0.2080541000177618, 0.22479629999725148, 0.24144720000913367, 0.258138000004692, 0.2752254999941215, 0.29204780000145547, 0.30820470000617206, 0.324764499993762, 0.3413326000154484, 0.3580282000184525, 0.3747164999949746, 0.3913276999955997, 0.40794040000764653, 0.4247009000100661, 0.4413664000167046, 0.45799799999804236, 0.4744230000069365, 0.49106500000925735, 0.5077059000032023, 0.5245672000164632, 0.541510000010021]	197.0	285.0	0.7	5a
282	8	go_nogo	0	60	7	go	click	[47.0, 47.0, 84.0, 138.0, 196.0, 250.0, 285.0, 302.0, 307.0, 310.0, 310.0, 310.0, 308.0, 304.0, 299.0, 293.0, 288.0, 283.0, 275.0, 264.0, 242.0, 225.0, 214.0, 209.0, 207.0, 206.0, 205.0, 204.0, 204.0, 204.0, 204.0, 204.0, 204.0, 204.0]	[-235.0, -235.0, -139.0, -36.0, 75.0, 178.0, 263.0, 324.0, 352.0, 365.0, 369.0, 371.0, 372.0, 374.0, 376.0, 377.0, 378.0, 378.0, 378.0, 373.0, 364.0, 347.0, 326.0, 314.0, 308.0, 305.0, 302.0, 300.0, 300.0, 300.0, 300.0, 300.0, 300.0, 300.0]	[0, 0, 0, 0, 0, 0, 0, 0, 0, 0, 0, 0, 0, 0, 0, 0, 0, 0, 0, 0, 0, 0, 0, 0, 0, 0, 0, 0, 0, 0, 0, 0, 0, 1]	[0, 0, 0, 0, 0, 0, 0, 0, 0, 0, 0, 0, 0, 0, 0, 0, 0, 0, 0, 0, 0, 0, 0, 0, 0, 0, 0, 0, 0, 0, 0, 0, 0, 0]	[0, 0, 0, 0, 0, 0, 0, 0, 0, 0, 0, 0, 0, 0, 0, 0, 0, 0, 0, 0, 0, 0, 0, 0, 0, 0, 0, 0, 0, 0, 0, 0, 0, 0]	[0.000198300025658682, 0.009899099997710437, 0.02659190000849776, 0.043474200007040054, 0.05992080000578426, 0.07655810000142083, 0.09335440001450479, 0.10986370002501644, 0.12645510002039373, 0.14331630000378937, 0.15982749999966472, 0.1765208000142593, 0.19680920001701452, 0.21050890002516098, 0.22639880000497214, 0.2431333000131417, 0.25978459999896586, 0.27668950002407655, 0.29341690000728704, 0.309865000017453, 0.3264303000178188, 0.34340610000072047, 0.35987750001368113, 0.37643130001379177, 0.3936065000016242, 0.4097982000093907, 0.42666140000801533, 0.4428749000071548, 0.4595609000243712, 0.4762063000234775, 0.49295660000643693, 0.5095062000036705, 0.5262140000122599, 0.543381000024965]	204.0	300.0	1.0	5a
283	8	go_nogo	0	60	7	go	click	[60.0, 60.0, 80.0, 114.0, 142.0, 167.0, 185.0, 188.0, 189.0, 189.0, 189.0, 190.0, 190.0, 191.0, 191.0, 191.0, 191.0, 191.0, 191.0, 191.0, 191.0, 192.0, 194.0, 194.0, 195.0, 195.0, 195.0, 195.0, 195.0, 195.0, 195.0, 195.0]	[-190.0, -190.0, -147.0, -66.0, 5.0, 77.0, 151.0, 174.0, 183.0, 184.0, 184.0, 184.0, 188.0, 193.0, 195.0, 195.0, 195.0, 195.0, 195.0, 210.0, 227.0, 245.0, 264.0, 274.0, 275.0, 275.0, 275.0, 275.0, 275.0, 275.0, 275.0, 275.0]	[0, 0, 0, 0, 0, 0, 0, 0, 0, 0, 0, 0, 0, 0, 0, 0, 0, 0, 0, 0, 0, 0, 0, 0, 0, 0, 0, 0, 0, 0, 0, 1]	[0, 0, 0, 0, 0, 0, 0, 0, 0, 0, 0, 0, 0, 0, 0, 0, 0, 0, 0, 0, 0, 0, 0, 0, 0, 0, 0, 0, 0, 0, 0, 0]	[0, 0, 0, 0, 0, 0, 0, 0, 0, 0, 0, 0, 0, 0, 0, 0, 0, 0, 0, 0, 0, 0, 0, 0, 0, 0, 0, 0, 0, 0, 0, 0]	[0.00036559998989105225, 0.010969599999953061, 0.02796549999038689, 0.04449120000936091, 0.061106400011340156, 0.07793450000463054, 0.09451950000948273, 0.11163020000094548, 0.12787570001091808, 0.14417559999856167, 0.1611288999847602, 0.17766849999316037, 0.1943217999942135, 0.21098909998545423, 0.22740229999180883, 0.24429840000811964, 0.26074520000838675, 0.2776077000016812, 0.29440660000545904, 0.3110617999918759, 0.3282056000025477, 0.34456719999434426, 0.3608764999953564, 0.3777311999874655, 0.3940746999869589, 0.41068540001288056, 0.42742490000091493, 0.4440988000133075, 0.46097360001294874, 0.4773710999870673, 0.4942250000021886, 0.5109771999996156]	195.0	275.0	0.6	5a
284	8	go_nogo	0	60	9	nogo	none	[90.0, 90.0, 104.0, 145.0, 170.0, 197.0, 215.0, 220.0, 221.0, 221.0, 221.0, 219.0, 217.0, 212.0, 208.0, 207.0, 206.0, 206.0, 205.0, 205.0, 205.0, 203.0, 203.0, 203.0, 203.0, 203.0, 203.0, 203.0, 203.0, 203.0, 203.0, 203.0, 203.0, 203.0, 203.0, 203.0, 203.0, 203.0, 203.0, 202.0, 202.0, 202.0, 202.0, 202.0, 202.0, 202.0, 202.0, 202.0, 202.0, 202.0, 202.0, 202.0, 202.0, 202.0, 202.0, 202.0, 202.0, 202.0, 202.0, 202.0, 202.0, 202.0, 202.0, 202.0, 202.0]	[-192.0, -192.0, -151.0, -65.0, 6.0, 88.0, 173.0, 201.0, 213.0, 216.0, 218.0, 222.0, 230.0, 242.0, 250.0, 253.0, 253.0, 253.0, 253.0, 253.0, 253.0, 260.0, 263.0, 264.0, 264.0, 264.0, 264.0, 264.0, 264.0, 264.0, 264.0, 264.0, 264.0, 264.0, 264.0, 264.0, 264.0, 264.0, 264.0, 264.0, 264.0, 264.0, 265.0, 265.0, 265.0, 265.0, 265.0, 265.0, 265.0, 265.0, 265.0, 265.0, 265.0, 265.0, 265.0, 265.0, 265.0, 265.0, 265.0, 265.0, 265.0, 265.0, 265.0, 265.0, 265.0]	[0, 0, 0, 0, 0, 0, 0, 0, 0, 0, 0, 0, 0, 0, 0, 0, 0, 0, 0, 0, 0, 0, 0, 0, 0, 0, 0, 0, 0, 0, 0, 0, 0, 0, 0, 0, 0, 0, 0, 0, 0, 0, 0, 0, 0, 0, 0, 0, 0, 0, 0, 0, 0, 0, 0, 0, 0, 0, 0, 0, 0, 0, 0, 0, 0]	[0, 0, 0, 0, 0, 0, 0, 0, 0, 0, 0, 0, 0, 0, 0, 0, 0, 0, 0, 0, 0, 0, 0, 0, 0, 0, 0, 0, 0, 0, 0, 0, 0, 0, 0, 0, 0, 0, 0, 0, 0, 0, 0, 0, 0, 0, 0, 0, 0, 0, 0, 0, 0, 0, 0, 0, 0, 0, 0, 0, 0, 0, 0, 0, 0]	[0, 0, 0, 0, 0, 0, 0, 0, 0, 0, 0, 0, 0, 0, 0, 0, 0, 0, 0, 0, 0, 0, 0, 0, 0, 0, 0, 0, 0, 0, 0, 0, 0, 0, 0, 0, 0, 0, 0, 0, 0, 0, 0, 0, 0, 0, 0, 0, 0, 0, 0, 0, 0, 0, 0, 0, 0, 0, 0, 0, 0, 0, 0, 0, 0]	[0.00038670000503771007, 0.008901900000637397, 0.025473599991528317, 0.04216099999030121, 0.05897040001582354, 0.0755222000007052, 0.09302540001226589, 0.10889689999748953, 0.12565589998848736, 0.14205620001303032, 0.15888669999549165, 0.17541870000422932, 0.19193309999536723, 0.208696499990765, 0.2253981000103522, 0.2420437000109814, 0.25882019998971373, 0.27567920001456514, 0.29181389999575913, 0.30850569999893196, 0.3264824000070803, 0.343224200012628, 0.35917469998821616, 0.3753953000123147, 0.3917903999972623, 0.4085281000006944, 0.4253700000117533, 0.44179859998985194, 0.45846049999818206, 0.4750672999944072, 0.49201320001157, 0.5084086999995634, 0.525072899996303, 0.5416988999932073, 0.5585710000013933, 0.5750477999972645, 0.5919293999904767, 0.6084359000087716, 0.6252687000087462, 0.6417347000096925, 0.6584141000057571, 0.6752919999998994, 0.6922714000102133, 0.7083662000077311, 0.7249973000143655, 0.7417036000115331, 0.7583535000158008, 0.7749814999988303, 0.7916257999895606, 0.8083557999925688, 0.8249772000126541, 0.8419074999983422, 0.8583377999893855, 0.8750337999954354, 0.8916834999981802, 0.9083763000089675, 0.9250513000006322, 0.9416194999939762, 0.9584713999938685, 0.9750348000088707, 0.9916335000016261, 1.0084557000081986, 1.0248858999984805, 1.0416589000087697, 1.0582759999961127]	n/a	n/a	0.7	5a
285	8	go_nogo	0	60	6	go	click	[75.0, 75.0, 99.0, 136.0, 175.0, 208.0, 226.0, 229.0, 229.0, 228.0, 223.0, 221.0, 220.0, 218.0, 216.0, 214.0, 213.0, 211.0, 208.0, 206.0, 205.0, 205.0, 202.0, 202.0, 202.0, 202.0, 202.0, 202.0, 202.0, 202.0]	[-235.0, -235.0, -180.0, -80.0, 16.0, 104.0, 155.0, 174.0, 182.0, 186.0, 187.0, 188.0, 189.0, 197.0, 205.0, 209.0, 211.0, 212.0, 215.0, 225.0, 241.0, 256.0, 271.0, 273.0, 274.0, 274.0, 275.0, 275.0, 275.0, 275.0]	[0, 0, 0, 0, 0, 0, 0, 0, 0, 0, 0, 0, 0, 0, 0, 0, 0, 0, 0, 0, 0, 0, 0, 0, 0, 0, 0, 0, 0, 1]	[0, 0, 0, 0, 0, 0, 0, 0, 0, 0, 0, 0, 0, 0, 0, 0, 0, 0, 0, 0, 0, 0, 0, 0, 0, 0, 0, 0, 0, 0]	[0, 0, 0, 0, 0, 0, 0, 0, 0, 0, 0, 0, 0, 0, 0, 0, 0, 0, 0, 0, 0, 0, 0, 0, 0, 0, 0, 0, 0, 0]	[0.0003994999860879034, 0.007410199992591515, 0.024169999989680946, 0.0406877999776043, 0.05751549999695271, 0.07441049997578375, 0.09092499999678694, 0.10766209999565035, 0.12412829999811947, 0.14104229997610673, 0.1573554999777116, 0.17488029997912236, 0.19091330000082962, 0.20781819999683648, 0.22434139999677427, 0.24067549998289905, 0.25748400000156835, 0.27435649998369627, 0.290890699980082, 0.307565999974031, 0.32412619999377057, 0.3408087999850977, 0.3572647999972105, 0.37375780000002123, 0.3904366999922786, 0.4076531999744475, 0.42380199997569434, 0.44062849998590536, 0.4571583999786526, 0.4742000999976881]	202.0	275.0	0.9	5a
286	8	go_nogo	0	60	3	go	click	[70.0, 70.0, 90.0, 129.0, 160.0, 186.0, 195.0, 204.0, 209.0, 213.0, 215.0, 219.0, 224.0, 225.0, 226.0, 226.0, 226.0, 224.0, 223.0, 222.0, 222.0, 222.0, 222.0, 222.0, 222.0, 222.0, 222.0, 222.0, 222.0, 222.0, 222.0, 222.0]	[-153.0, -153.0, -88.0, 35.0, 133.0, 208.0, 235.0, 253.0, 266.0, 274.0, 282.0, 297.0, 314.0, 322.0, 323.0, 324.0, 324.0, 321.0, 317.0, 317.0, 317.0, 317.0, 317.0, 317.0, 317.0, 317.0, 317.0, 317.0, 317.0, 317.0, 317.0, 317.0]	[0, 0, 0, 0, 0, 0, 0, 0, 0, 0, 0, 0, 0, 0, 0, 0, 0, 0, 0, 0, 0, 0, 0, 0, 0, 0, 0, 0, 0, 0, 0, 1]	[0, 0, 0, 0, 0, 0, 0, 0, 0, 0, 0, 0, 0, 0, 0, 0, 0, 0, 0, 0, 0, 0, 0, 0, 0, 0, 0, 0, 0, 0, 0, 0]	[0, 0, 0, 0, 0, 0, 0, 0, 0, 0, 0, 0, 0, 0, 0, 0, 0, 0, 0, 0, 0, 0, 0, 0, 0, 0, 0, 0, 0, 0, 0, 0]	[0.0003680999798234552, 0.008496499998727813, 0.02518599998438731, 0.041786599991610274, 0.05847259997972287, 0.07516609999584034, 0.09238889999687672, 0.10877229998004623, 0.12495599998510443, 0.14178419997915626, 0.15821039999718778, 0.17497769999317825, 0.19179549999535084, 0.2084751999936998, 0.22527589998207986, 0.24144509999314323, 0.2581181999994442, 0.27513289998751134, 0.2916059999843128, 0.308064499986358, 0.3247306999983266, 0.34136279998347163, 0.35824699999648146, 0.37464289998752065, 0.3914253999828361, 0.408147399983136, 0.4248172999941744, 0.44122919999063015, 0.458194699982414, 0.4746642999816686, 0.4915323999885004, 0.5084997999947518]	222.0	317.0	1.0	5a
287	8	go_nogo	0	60	7	go	click	[57.0, 57.0, 70.0, 114.0, 137.0, 159.0, 175.0, 182.0, 188.0, 192.0, 195.0, 195.0, 196.0, 196.0, 196.0, 197.0, 197.0, 197.0, 197.0, 197.0, 197.0, 197.0, 197.0, 197.0, 197.0, 197.0, 197.0, 197.0, 197.0, 197.0, 197.0, 197.0, 197.0, 197.0, 197.0, 197.0, 197.0, 197.0, 197.0, 197.0, 197.0, 197.0, 197.0, 197.0, 197.0, 197.0, 197.0, 197.0, 197.0, 197.0, 197.0, 197.0, 197.0, 197.0, 197.0, 197.0, 197.0, 197.0, 197.0]	[-246.0, -246.0, -193.0, -39.0, 58.0, 143.0, 219.0, 258.0, 279.0, 294.0, 303.0, 306.0, 306.0, 306.0, 307.0, 312.0, 316.0, 317.0, 317.0, 317.0, 317.0, 317.0, 317.0, 317.0, 317.0, 317.0, 317.0, 317.0, 317.0, 317.0, 317.0, 317.0, 317.0, 317.0, 317.0, 317.0, 317.0, 317.0, 317.0, 317.0, 317.0, 317.0, 317.0, 317.0, 317.0, 317.0, 317.0, 317.0, 317.0, 317.0, 317.0, 317.0, 317.0, 317.0, 317.0, 317.0, 317.0, 317.0, 317.0]	[0, 0, 0, 0, 0, 0, 0, 0, 0, 0, 0, 0, 0, 0, 0, 0, 0, 0, 0, 0, 0, 0, 0, 0, 0, 0, 0, 0, 0, 0, 0, 0, 0, 0, 0, 0, 0, 0, 0, 0, 0, 0, 0, 0, 0, 0, 0, 0, 0, 0, 0, 0, 0, 0, 0, 0, 0, 0, 1]	[0, 0, 0, 0, 0, 0, 0, 0, 0, 0, 0, 0, 0, 0, 0, 0, 0, 0, 0, 0, 0, 0, 0, 0, 0, 0, 0, 0, 0, 0, 0, 0, 0, 0, 0, 0, 0, 0, 0, 0, 0, 0, 0, 0, 0, 0, 0, 0, 0, 0, 0, 0, 0, 0, 0, 0, 0, 0, 0]	[0, 0, 0, 0, 0, 0, 0, 0, 0, 0, 0, 0, 0, 0, 0, 0, 0, 0, 0, 0, 0, 0, 0, 0, 0, 0, 0, 0, 0, 0, 0, 0, 0, 0, 0, 0, 0, 0, 0, 0, 0, 0, 0, 0, 0, 0, 0, 0, 0, 0, 0, 0, 0, 0, 0, 0, 0, 0, 0]	[0.0003304000128991902, 0.00851320000947453, 0.025463400001171976, 0.042198400013148785, 0.05875019999803044, 0.0755834000010509, 0.09222079999744892, 0.10899680000147782, 0.12583979999180883, 0.1419197999930475, 0.1585786000068765, 0.1757363000069745, 0.19176479999441653, 0.2090868999948725, 0.2252615000179503, 0.2420529999944847, 0.2587130000174511, 0.2754387000168208, 0.29166020001866855, 0.30835070001194254, 0.3249835000024177, 0.3419813000073191, 0.358411299996078, 0.37508520000847057, 0.3917127000167966, 0.4083360999939032, 0.4250070000125561, 0.44191620001220144, 0.45859049999853596, 0.47506799999973737, 0.4917379000107758, 0.5083174000028521, 0.5252324000175577, 0.541790100018261, 0.5582982000196353, 0.5752146000158973, 0.5916577000170946, 0.6083836000179872, 0.6249846999999136, 0.6418444000009913, 0.6585114999907091, 0.6750977000046987, 0.6915565000090282, 0.7082854000036605, 0.7248869000177365, 0.7415854000137188, 0.7582455000083428, 0.7748355999938212, 0.791753500001505, 0.8084319999907166, 0.8252513000043109, 0.8416588999971282, 0.8582505999947898, 0.8748476000037044, 0.891812799993204, 0.908178300014697, 0.9248531000048388, 0.9415589999989606, 0.9590507000102662]	197.0	317.0	1.0	5a
288	8	go_nogo	0	60	6	go	click	[114.0, 114.0, 144.0, 190.0, 227.0, 253.0, 267.0, 275.0, 280.0, 281.0, 281.0, 281.0, 281.0, 281.0, 281.0, 281.0, 277.0, 271.0, 263.0, 250.0, 243.0, 236.0, 236.0, 236.0, 236.0, 236.0, 236.0]	[-124.0, -124.0, -46.0, 85.0, 192.0, 267.0, 320.0, 358.0, 379.0, 389.0, 393.0, 393.0, 393.0, 393.0, 393.0, 393.0, 387.0, 374.0, 355.0, 329.0, 304.0, 287.0, 286.0, 286.0, 286.0, 286.0, 286.0]	[0, 0, 0, 0, 0, 0, 0, 0, 0, 0, 0, 0, 0, 0, 0, 0, 0, 0, 0, 0, 0, 0, 0, 0, 0, 0, 1]	[0, 0, 0, 0, 0, 0, 0, 0, 0, 0, 0, 0, 0, 0, 0, 0, 0, 0, 0, 0, 0, 0, 0, 0, 0, 0, 0]	[0, 0, 0, 0, 0, 0, 0, 0, 0, 0, 0, 0, 0, 0, 0, 0, 0, 0, 0, 0, 0, 0, 0, 0, 0, 0, 0]	[0.00037429999792948365, 0.007692400016821921, 0.024730200006160885, 0.04131900001084432, 0.05803260000539012, 0.07457530000829138, 0.09135979998973198, 0.10807270000805147, 0.12500950001413003, 0.14130300001124851, 0.15788360001170076, 0.17431000000215136, 0.19107739999890327, 0.20775550001417287, 0.22434169999905862, 0.24137170001631603, 0.25792820000788197, 0.2745467000058852, 0.291357500012964, 0.3080877000174951, 0.32465480000246316, 0.3413752999913413, 0.35766680000233464, 0.3746722000068985, 0.39103220001561567, 0.40769320001709275, 0.4247375999984797]	236.0	286.0	1.0	5a
289	8	go_nogo	0	60	8	go	click	[50.0, 50.0, 63.0, 90.0, 110.0, 119.0, 125.0, 136.0, 139.0, 147.0, 151.0, 155.0, 157.0, 158.0, 158.0, 158.0, 158.0, 158.0, 162.0, 170.0, 178.0, 182.0, 184.0, 185.0, 187.0, 188.0, 190.0, 190.0, 191.0]	[-223.0, -223.0, -162.0, -57.0, 38.0, 120.0, 184.0, 249.0, 274.0, 297.0, 314.0, 329.0, 334.0, 336.0, 336.0, 336.0, 336.0, 336.0, 338.0, 340.0, 343.0, 344.0, 344.0, 344.0, 341.0, 335.0, 327.0, 323.0, 321.0]	[0, 0, 0, 0, 0, 0, 0, 0, 0, 0, 0, 0, 0, 0, 0, 0, 0, 0, 0, 0, 0, 0, 0, 0, 0, 0, 0, 0, 1]	[0, 0, 0, 0, 0, 0, 0, 0, 0, 0, 0, 0, 0, 0, 0, 0, 0, 0, 0, 0, 0, 0, 0, 0, 0, 0, 0, 0, 0]	[0, 0, 0, 0, 0, 0, 0, 0, 0, 0, 0, 0, 0, 0, 0, 0, 0, 0, 0, 0, 0, 0, 0, 0, 0, 0, 0, 0, 0]	[0.00018929998623207211, 0.009829399990849197, 0.026542499981587753, 0.04310589999658987, 0.05967049999162555, 0.07655999998678453, 0.0932866999937687, 0.11025279999012128, 0.1264415000041481, 0.14338659998611547, 0.15969239998958074, 0.17641339998226613, 0.1929556999821216, 0.20957209999323823, 0.22609049998573028, 0.24280559999169782, 0.25943289999850094, 0.2763021999853663, 0.2929551999841351, 0.3095764000026975, 0.326328499999363, 0.3430256999854464, 0.35963510000146925, 0.37618639998254366, 0.3929547999869101, 0.4094959999783896, 0.42643540000426583, 0.4430614000011701, 0.45976389999850653]	191.0	321.0	0.6	5a
290	8	go_nogo	0	60	8	go	click	[49.0, 49.0, 81.0, 149.0, 204.0, 219.0, 227.0, 230.0, 231.0, 231.0, 231.0, 231.0, 231.0, 231.0, 231.0, 231.0, 231.0, 226.0, 220.0, 214.0, 209.0, 205.0, 203.0, 200.0, 199.0, 198.0, 195.0, 194.0, 194.0, 194.0, 194.0, 194.0, 194.0]	[-161.0, -161.0, -48.0, 187.0, 401.0, 466.0, 491.0, 504.0, 508.0, 508.0, 508.0, 508.0, 508.0, 509.0, 509.0, 509.0, 504.0, 481.0, 454.0, 427.0, 405.0, 388.0, 378.0, 367.0, 358.0, 346.0, 336.0, 332.0, 331.0, 330.0, 329.0, 327.0, 326.0]	[0, 0, 0, 0, 0, 0, 0, 0, 0, 0, 0, 0, 0, 0, 0, 0, 0, 0, 0, 0, 0, 0, 0, 0, 0, 0, 0, 0, 0, 0, 0, 0, 1]	[0, 0, 0, 0, 0, 0, 0, 0, 0, 0, 0, 0, 0, 0, 0, 0, 0, 0, 0, 0, 0, 0, 0, 0, 0, 0, 0, 0, 0, 0, 0, 0, 0]	[0, 0, 0, 0, 0, 0, 0, 0, 0, 0, 0, 0, 0, 0, 0, 0, 0, 0, 0, 0, 0, 0, 0, 0, 0, 0, 0, 0, 0, 0, 0, 0, 0]	[0.00042799999937415123, 0.011163299990585074, 0.027627200004644692, 0.04436190001433715, 0.060902199998963624, 0.07783769999514334, 0.09426949999760836, 0.11129460000665858, 0.12761399999726564, 0.14409089999389835, 0.1607441999949515, 0.17766859999392182, 0.194215700001223, 0.2108730000036303, 0.2272870999877341, 0.24411810000310652, 0.26092709999647923, 0.2779422999883536, 0.2948183999978937, 0.311696499993559, 0.32774000000790693, 0.3441630000015721, 0.3608214000123553, 0.3773874999897089, 0.3946869999927003, 0.41111079999245703, 0.4275031000142917, 0.4442112999968231, 0.4605562000069767, 0.4774003000056837, 0.49498389998916537, 0.5111500000057276, 0.5279191000154242]	194.0	326.0	0.6	5a
291	8	go_nogo	0	60	2	go	click	[97.0, 112.0, 126.0, 145.0, 156.0, 171.0, 187.0, 198.0, 208.0, 210.0, 210.0, 210.0, 210.0, 210.0, 210.0, 209.0, 208.0, 207.0, 204.0, 202.0, 202.0, 202.0, 202.0, 202.0, 202.0, 201.0, 201.0, 201.0]	[-207.0, -161.0, -120.0, -65.0, -32.0, 3.0, 44.0, 92.0, 124.0, 145.0, 156.0, 157.0, 158.0, 160.0, 160.0, 160.0, 161.0, 169.0, 195.0, 231.0, 259.0, 274.0, 281.0, 287.0, 291.0, 292.0, 292.0, 293.0]	[0, 0, 0, 0, 0, 0, 0, 0, 0, 0, 0, 0, 0, 0, 0, 0, 0, 0, 0, 0, 0, 0, 0, 0, 0, 0, 0, 1]	[0, 0, 0, 0, 0, 0, 0, 0, 0, 0, 0, 0, 0, 0, 0, 0, 0, 0, 0, 0, 0, 0, 0, 0, 0, 0, 0, 0]	[0, 0, 0, 0, 0, 0, 0, 0, 0, 0, 0, 0, 0, 0, 0, 0, 0, 0, 0, 0, 0, 0, 0, 0, 0, 0, 0, 0]	[0.0002673999988473952, 0.009573400020599365, 0.026989500009221956, 0.04291800002101809, 0.05950689999735914, 0.07639280002331361, 0.09284100000513718, 0.10958519999985583, 0.12620300002163276, 0.14298689999850467, 0.15946910000639036, 0.17614009999670088, 0.19340469999588095, 0.2093213000043761, 0.22638350000488572, 0.24291890001040883, 0.2595988000102807, 0.27616910001961514, 0.2929238000069745, 0.3095853000122588, 0.3261513000179548, 0.34275850001722574, 0.3594320999982301, 0.3768275000038557, 0.39279790001455694, 0.4092225000204053, 0.42619330002344213, 0.44317149999551475]	201.0	293.0	0.6	5a
292	8	go_nogo	0	60	1	nogo	none	[48.0, 48.0, 62.0, 91.0, 148.0, 192.0, 213.0, 223.0, 228.0, 229.0, 229.0, 229.0, 229.0, 229.0, 229.0, 229.0, 227.0, 220.0, 214.0, 211.0, 211.0, 211.0, 211.0, 211.0, 211.0, 211.0, 211.0, 211.0, 211.0, 210.0, 208.0, 206.0, 206.0, 205.0, 205.0, 205.0, 205.0, 205.0, 205.0, 205.0, 204.0, 204.0, 204.0, 204.0, 204.0, 204.0, 204.0, 204.0, 204.0, 204.0, 204.0, 204.0, 204.0, 204.0, 204.0, 204.0, 204.0, 204.0, 204.0, 204.0, 204.0, 204.0, 204.0, 204.0, 204.0, 204.0, 204.0, 204.0, 204.0, 204.0, 204.0, 204.0, 204.0, 204.0, 204.0]	[-245.0, -245.0, -192.0, -79.0, 90.0, 180.0, 229.0, 254.0, 264.0, 266.0, 266.0, 266.0, 266.0, 266.0, 266.0, 266.0, 266.0, 260.0, 254.0, 253.0, 253.0, 253.0, 253.0, 253.0, 253.0, 253.0, 253.0, 253.0, 253.0, 253.0, 254.0, 255.0, 255.0, 255.0, 255.0, 255.0, 255.0, 256.0, 257.0, 257.0, 257.0, 257.0, 257.0, 257.0, 257.0, 257.0, 257.0, 257.0, 257.0, 257.0, 257.0, 257.0, 257.0, 257.0, 257.0, 257.0, 257.0, 257.0, 257.0, 257.0, 257.0, 257.0, 257.0, 257.0, 257.0, 257.0, 257.0, 257.0, 257.0, 257.0, 257.0, 257.0, 257.0, 257.0, 257.0]	[0, 0, 0, 0, 0, 0, 0, 0, 0, 0, 0, 0, 0, 0, 0, 0, 0, 0, 0, 0, 0, 0, 0, 0, 0, 0, 0, 0, 0, 0, 0, 0, 0, 0, 0, 0, 0, 0, 0, 0, 0, 0, 0, 0, 0, 0, 0, 0, 0, 0, 0, 0, 0, 0, 0, 0, 0, 0, 0, 0, 0, 0, 0, 0, 0, 0, 0, 0, 0, 0, 0, 0, 0, 0, 0]	[0, 0, 0, 0, 0, 0, 0, 0, 0, 0, 0, 0, 0, 0, 0, 0, 0, 0, 0, 0, 0, 0, 0, 0, 0, 0, 0, 0, 0, 0, 0, 0, 0, 0, 0, 0, 0, 0, 0, 0, 0, 0, 0, 0, 0, 0, 0, 0, 0, 0, 0, 0, 0, 0, 0, 0, 0, 0, 0, 0, 0, 0, 0, 0, 0, 0, 0, 0, 0, 0, 0, 0, 0, 0, 0]	[0, 0, 0, 0, 0, 0, 0, 0, 0, 0, 0, 0, 0, 0, 0, 0, 0, 0, 0, 0, 0, 0, 0, 0, 0, 0, 0, 0, 0, 0, 0, 0, 0, 0, 0, 0, 0, 0, 0, 0, 0, 0, 0, 0, 0, 0, 0, 0, 0, 0, 0, 0, 0, 0, 0, 0, 0, 0, 0, 0, 0, 0, 0, 0, 0, 0, 0, 0, 0, 0, 0, 0, 0, 0, 0]	[0.0001868000254034996, 0.009440200024982914, 0.026545400003669783, 0.0430713000241667, 0.05978320000576787, 0.07634700002381578, 0.09308790002251044, 0.11007910000625998, 0.1262756000214722, 0.14291650001541711, 0.1594051000138279, 0.17611280002165586, 0.19276170001830906, 0.20937810000032187, 0.22606050001922995, 0.24281630001496524, 0.2596182000124827, 0.2763147000223398, 0.2929193000018131, 0.3095068000257015, 0.3260708000161685, 0.3427220000012312, 0.35941030000685714, 0.37615310002001934, 0.39261580002494156, 0.40926490002311766, 0.4260048000141978, 0.442685000016354, 0.4593452000117395, 0.4772757000173442, 0.4935268000117503, 0.509301600017352, 0.5261968999984674, 0.5425394000194501, 0.5594052000087686, 0.575972200022079, 0.5930809000274166, 0.6097188999992795, 0.6259231000149157, 0.6427924000017811, 0.6594874000002164, 0.6761820000247099, 0.6924830000207294, 0.7092546000203583, 0.7259599000099115, 0.7420678000198677, 0.7596157000225503, 0.7755579000222497, 0.7923326000163797, 0.8088143000204582, 0.8257406000047922, 0.8425872000225354, 0.8591415000264533, 0.875798000022769, 0.8924591000250075, 0.9092595000111032, 0.9258417000237387, 0.9424953999987338, 0.9592020000272896, 0.9757929000188597, 0.9925067000149284, 1.009035800001584, 1.0257741000095848, 1.0425258000032045, 1.0594400000118185, 1.0757317000243347, 1.0924003000254743, 1.1091005000052974, 1.12577000001329, 1.1425503000209574, 1.1591346000204794, 1.1757267000211868, 1.1924181000213139, 1.2090734000084922, 1.2257091000210494]	n/a	n/a	0.8	5a
293	8	go_nogo	0	60	4	go	click	[144.0, 144.0, 139.0, 125.0, 117.0, 105.0, 102.0, 100.0, 96.0, 90.0, 83.0, 72.0, 58.0, 38.0, 21.0, 12.0, 10.0, 10.0, 10.0, 10.0, 9.0, 7.0, 5.0, 4.0, 4.0, 4.0, 4.0, 4.0, 4.0, 4.0, 4.0, 4.0, 4.0, 4.0, 4.0, 4.0, 4.0, 7.0, 34.0, 100.0, 175.0, 251.0, 312.0, 324.0, 326.0, 326.0, 322.0, 313.0, 307.0, 301.0, 291.0, 284.0, 277.0, 268.0, 254.0, 246.0, 236.0, 228.0, 218.0, 213.0, 210.0, 209.0, 209.0, 209.0, 208.0, 208.0]	[109.0, 109.0, 91.0, 51.0, -6.0, -88.0, -122.0, -148.0, -171.0, -192.0, -208.0, -224.0, -247.0, -279.0, -303.0, -316.0, -318.0, -318.0, -318.0, -320.0, -329.0, -338.0, -343.0, -345.0, -345.0, -348.0, -350.0, -351.0, -351.0, -351.0, -351.0, -351.0, -351.0, -351.0, -351.0, -351.0, -351.0, -337.0, -267.0, -117.0, 72.0, 264.0, 437.0, 468.0, 477.0, 482.0, 484.0, 484.0, 479.0, 471.0, 462.0, 457.0, 455.0, 451.0, 440.0, 420.0, 390.0, 351.0, 318.0, 305.0, 299.0, 295.0, 295.0, 295.0, 295.0, 295.0]	[0, 0, 0, 0, 0, 0, 0, 0, 0, 0, 0, 0, 0, 0, 0, 0, 0, 0, 0, 0, 0, 0, 0, 0, 0, 0, 0, 0, 0, 0, 0, 0, 0, 0, 0, 0, 0, 0, 0, 0, 0, 0, 0, 0, 0, 0, 0, 0, 0, 0, 0, 0, 0, 0, 0, 0, 0, 0, 0, 0, 0, 0, 0, 0, 0, 1]	[0, 0, 0, 0, 0, 0, 0, 0, 0, 0, 0, 0, 0, 0, 0, 0, 0, 0, 0, 0, 0, 0, 0, 0, 0, 0, 0, 0, 0, 0, 0, 0, 0, 0, 0, 0, 0, 0, 0, 0, 0, 0, 0, 0, 0, 0, 0, 0, 0, 0, 0, 0, 0, 0, 0, 0, 0, 0, 0, 0, 0, 0, 0, 0, 0, 0]	[0, 0, 0, 0, 0, 0, 0, 0, 0, 0, 0, 0, 0, 0, 0, 0, 0, 0, 0, 0, 0, 0, 0, 0, 0, 0, 0, 0, 0, 0, 0, 0, 0, 0, 0, 0, 0, 0, 0, 0, 0, 0, 0, 0, 0, 0, 0, 0, 0, 0, 0, 0, 0, 0, 0, 0, 0, 0, 0, 0, 0, 0, 0, 0, 0, 0]	[0.00025359998107887805, 0.004763199976878241, 0.021398299984866753, 0.03813309999532066, 0.054734199977247044, 0.07144589998642914, 0.0880839999881573, 0.10504019999643788, 0.12139089999254793, 0.13803879998158664, 0.15465449998737313, 0.17134319999604486, 0.18825909998849966, 0.2049076999828685, 0.22144299998763017, 0.23813019998488016, 0.25437379998038523, 0.2712001999898348, 0.2876938999979757, 0.30455539998365566, 0.3221577999938745, 0.33825359999900684, 0.35477289999835193, 0.37103680000291206, 0.3880120999820065, 0.4047847999900114, 0.4214895000040997, 0.43795609998051077, 0.4543831999762915, 0.4714238999877125, 0.4879447999992408, 0.504322199994931, 0.5210565000015777, 0.53774619998876, 0.5543527999834623, 0.5709707999776583, 0.5878873000037856, 0.6046464999963064, 0.6211739999998827, 0.6379468999803066, 0.6544932999822777, 0.6712049999914598, 0.6878582999925129, 0.7046113999967929, 0.7222537999914493, 0.7379370999988168, 0.7544765999773517, 0.7711857999966014, 0.7879899999825284, 0.8045938999857754, 0.8210786999843549, 0.8378766999812797, 0.8546785999787971, 0.8711878999893088, 0.8878496999968775, 0.9045563999970909, 0.9211834000016097, 0.9379786999779753, 0.95439699999406, 0.9713439999904949, 0.9880683999799658, 1.0042674999858718, 1.0208216999890283, 1.0381347999791615, 1.054286200000206, 1.0712570000032429]	208.0	295.0	0.5	5a
294	8	go_nogo	0	60	9	nogo	none	[77.0, 77.0, 88.0, 109.0, 128.0, 146.0, 150.0, 153.0, 154.0, 155.0, 155.0, 155.0, 155.0, 155.0, 155.0, 155.0, 154.0, 153.0, 153.0, 155.0, 158.0, 162.0, 162.0, 162.0, 162.0, 162.0, 162.0, 162.0, 162.0, 162.0, 162.0, 162.0, 162.0, 163.0, 163.0, 163.0, 163.0, 163.0, 163.0, 163.0, 163.0, 163.0, 163.0, 163.0, 163.0, 163.0, 163.0, 163.0, 163.0, 163.0, 163.0, 163.0, 163.0, 163.0, 163.0, 163.0, 163.0, 163.0, 163.0, 163.0, 163.0, 163.0, 163.0, 163.0, 163.0]	[-164.0, -164.0, -96.0, 15.0, 130.0, 229.0, 289.0, 321.0, 331.0, 332.0, 332.0, 332.0, 332.0, 332.0, 332.0, 329.0, 325.0, 325.0, 324.0, 324.0, 326.0, 327.0, 327.0, 327.0, 327.0, 327.0, 327.0, 327.0, 327.0, 327.0, 327.0, 327.0, 327.0, 327.0, 327.0, 327.0, 327.0, 327.0, 327.0, 327.0, 327.0, 327.0, 327.0, 327.0, 327.0, 327.0, 327.0, 327.0, 327.0, 327.0, 327.0, 327.0, 327.0, 327.0, 327.0, 327.0, 327.0, 327.0, 327.0, 327.0, 327.0, 327.0, 327.0, 327.0, 327.0]	[0, 0, 0, 0, 0, 0, 0, 0, 0, 0, 0, 0, 0, 0, 0, 0, 0, 0, 0, 0, 0, 0, 0, 0, 0, 0, 0, 0, 0, 0, 0, 0, 0, 0, 0, 0, 0, 0, 0, 0, 0, 0, 0, 0, 0, 0, 0, 0, 0, 0, 0, 0, 0, 0, 0, 0, 0, 0, 0, 0, 0, 0, 0, 0, 0]	[0, 0, 0, 0, 0, 0, 0, 0, 0, 0, 0, 0, 0, 0, 0, 0, 0, 0, 0, 0, 0, 0, 0, 0, 0, 0, 0, 0, 0, 0, 0, 0, 0, 0, 0, 0, 0, 0, 0, 0, 0, 0, 0, 0, 0, 0, 0, 0, 0, 0, 0, 0, 0, 0, 0, 0, 0, 0, 0, 0, 0, 0, 0, 0, 0]	[0, 0, 0, 0, 0, 0, 0, 0, 0, 0, 0, 0, 0, 0, 0, 0, 0, 0, 0, 0, 0, 0, 0, 0, 0, 0, 0, 0, 0, 0, 0, 0, 0, 0, 0, 0, 0, 0, 0, 0, 0, 0, 0, 0, 0, 0, 0, 0, 0, 0, 0, 0, 0, 0, 0, 0, 0, 0, 0, 0, 0, 0, 0, 0, 0]	[0.0004327000060584396, 0.00797390000661835, 0.024859500001184642, 0.041386600001715124, 0.058266199979698285, 0.07460819999687374, 0.09136920000310056, 0.10814490000484511, 0.12474699999438599, 0.1409810000041034, 0.1576305000053253, 0.17437349999090657, 0.19068430000334047, 0.20746370000415482, 0.22452600000542589, 0.24131369998212904, 0.25810949999140576, 0.27428539999527857, 0.2909192999941297, 0.30868550000013784, 0.3263513999991119, 0.3406440999824554, 0.3574652999814134, 0.3739882999798283, 0.39079750000382774, 0.4072569999843836, 0.42393940000329167, 0.44077079999260604, 0.4573138999985531, 0.47386239998741075, 0.49095169999054633, 0.5073115999985021, 0.524287899985211, 0.5405319999845233, 0.5573260999808554, 0.5740622000012081, 0.5906641999899875, 0.6076577999920119, 0.6242085999983829, 0.6411375000025146, 0.6575027999933809, 0.6742215999984182, 0.6911433000059333, 0.7075329999788664, 0.7241554000065662, 0.7408588999824133, 0.7575922999822069, 0.7744017999793869, 0.7908702999993693, 0.8075780999788549, 0.8241597999876831, 0.8408159999817144, 0.8576204999990296, 0.8741073999844957, 0.8907904999796301, 0.9076268000062555, 0.924448499979917, 0.9407971999899019, 0.9575341999880038, 0.9742104999895673, 0.9907870999886654, 1.0073782999825198, 1.0242750000033993, 1.0407730999868363, 1.057443500001682]	n/a	n/a	0.6	5a
295	8	go_nogo	0	60	3	go	click	[60.0, 60.0, 93.0, 113.0, 156.0, 170.0, 178.0, 185.0, 188.0, 188.0, 188.0, 191.0, 195.0, 199.0, 205.0, 205.0, 205.0, 205.0, 205.0, 205.0, 205.0, 205.0, 205.0, 205.0, 205.0, 205.0, 205.0, 203.0, 200.0, 198.0, 194.0, 193.0, 192.0, 192.0, 192.0, 192.0]	[-180.0, -180.0, -66.0, -1.0, 168.0, 247.0, 282.0, 303.0, 308.0, 311.0, 314.0, 319.0, 338.0, 360.0, 378.0, 378.0, 378.0, 378.0, 378.0, 377.0, 375.0, 375.0, 375.0, 375.0, 375.0, 375.0, 374.0, 367.0, 356.0, 345.0, 335.0, 329.0, 327.0, 326.0, 326.0, 326.0]	[0, 0, 0, 0, 0, 0, 0, 0, 0, 0, 0, 0, 0, 0, 0, 0, 0, 0, 0, 0, 0, 0, 0, 0, 0, 0, 0, 0, 0, 0, 0, 0, 0, 0, 0, 1]	[0, 0, 0, 0, 0, 0, 0, 0, 0, 0, 0, 0, 0, 0, 0, 0, 0, 0, 0, 0, 0, 0, 0, 0, 0, 0, 0, 0, 0, 0, 0, 0, 0, 0, 0, 0]	[0, 0, 0, 0, 0, 0, 0, 0, 0, 0, 0, 0, 0, 0, 0, 0, 0, 0, 0, 0, 0, 0, 0, 0, 0, 0, 0, 0, 0, 0, 0, 0, 0, 0, 0, 0]	[0.0002172000240534544, 0.013407500024186447, 0.029887600016081706, 0.04653300001518801, 0.06322780001210049, 0.0797974000161048, 0.09663130002445541, 0.11319500001263805, 0.1298675000143703, 0.14654640000662766, 0.16317710001021624, 0.17980540002463385, 0.19651240002713166, 0.21339010001975112, 0.2295579000201542, 0.2462072000198532, 0.26296520000323653, 0.27957020001485944, 0.29637400002684444, 0.31331630001659505, 0.3295897000061814, 0.346269100002246, 0.3630764000117779, 0.37954700001864694, 0.39624580001691356, 0.41309450002154335, 0.43007160001434386, 0.44635820001713, 0.4632527000212576, 0.4798521000193432, 0.49679840001044795, 0.5136615000083111, 0.5297391000203788, 0.5461404000234324, 0.5628583000216167, 0.5798306000069715]	192.0	326.0	0.9	5a
296	8	go_nogo	0	60	9	nogo	none	[77.0, 77.0, 92.0, 133.0, 176.0, 210.0, 227.0, 228.0, 228.0, 228.0, 228.0, 228.0, 228.0, 228.0, 228.0, 228.0, 228.0, 228.0, 228.0, 228.0, 228.0]	[-227.0, -227.0, -178.0, -66.0, 61.0, 167.0, 253.0, 273.0, 280.0, 282.0, 283.0, 283.0, 283.0, 283.0, 283.0, 283.0, 283.0, 283.0, 283.0, 283.0, 283.0]	[0, 0, 0, 0, 0, 0, 0, 0, 0, 0, 0, 0, 0, 0, 0, 0, 0, 0, 0, 0, 1]	[0, 0, 0, 0, 0, 0, 0, 0, 0, 0, 0, 0, 0, 0, 0, 0, 0, 0, 0, 0, 0]	[0, 0, 0, 0, 0, 0, 0, 0, 0, 0, 0, 0, 0, 0, 0, 0, 0, 0, 0, 0, 0]	[0.0003944000054616481, 0.00829389999853447, 0.0248896999983117, 0.04165410000132397, 0.05831260001286864, 0.07512160000624135, 0.0915386000124272, 0.10854099999414757, 0.12492360000032932, 0.14156280001043342, 0.15797150001162663, 0.1746659000054933, 0.19125980001990683, 0.20796910001081415, 0.22460850002244115, 0.2413271999976132, 0.25797220002277754, 0.2748024000029545, 0.29180480001377873, 0.30826670001260936, 0.32505899999523535]	228.0	283.0	1.0	5a
297	8	go_nogo	0	60	6	go	click	[78.0, 78.0, 97.0, 130.0, 156.0, 168.0, 172.0, 172.0, 172.0, 172.0, 172.0, 172.0, 172.0, 172.0, 176.0, 180.0, 181.0, 181.0, 181.0, 181.0, 181.0, 181.0, 181.0, 181.0, 181.0]	[-144.0, -144.0, -83.0, 39.0, 140.0, 199.0, 232.0, 250.0, 255.0, 256.0, 256.0, 256.0, 256.0, 257.0, 268.0, 279.0, 283.0, 283.0, 283.0, 283.0, 283.0, 283.0, 283.0, 283.0, 283.0]	[0, 0, 0, 0, 0, 0, 0, 0, 0, 0, 0, 0, 0, 0, 0, 0, 0, 0, 0, 0, 0, 0, 0, 0, 1]	[0, 0, 0, 0, 0, 0, 0, 0, 0, 0, 0, 0, 0, 0, 0, 0, 0, 0, 0, 0, 0, 0, 0, 0, 0]	[0, 0, 0, 0, 0, 0, 0, 0, 0, 0, 0, 0, 0, 0, 0, 0, 0, 0, 0, 0, 0, 0, 0, 0, 0]	[0.00039989998913370073, 0.00763030000962317, 0.024630800005979836, 0.04130119999172166, 0.05785529999411665, 0.07455309998476878, 0.09162419999483973, 0.10850010000285693, 0.12474910001037642, 0.14099489999352954, 0.15765539999119937, 0.17433939999318682, 0.19102830000338145, 0.20782799998414703, 0.22529689999646507, 0.2416988000040874, 0.2576746999984607, 0.27457959999446757, 0.2912064999982249, 0.30786619998980314, 0.32459239999298006, 0.34116300000459887, 0.3576347999915015, 0.3745292999956291, 0.39099529999657534]	181.0	283.0	0.9	5a
298	8	go_nogo	0	60	6	go	click	[39.0, 39.0, 49.0, 79.0, 112.0, 140.0, 158.0, 170.0, 172.0, 172.0, 172.0, 173.0, 173.0, 173.0, 173.0, 173.0, 173.0, 173.0, 173.0, 173.0, 173.0, 173.0, 173.0, 173.0, 173.0, 173.0]	[-252.0, -252.0, -211.0, -90.0, 35.0, 129.0, 198.0, 258.0, 279.0, 287.0, 287.0, 287.0, 288.0, 291.0, 293.0, 293.0, 293.0, 293.0, 293.0, 292.0, 292.0, 292.0, 292.0, 292.0, 292.0, 292.0]	[0, 0, 0, 0, 0, 0, 0, 0, 0, 0, 0, 0, 0, 0, 0, 0, 0, 0, 0, 0, 0, 0, 0, 0, 0, 1]	[0, 0, 0, 0, 0, 0, 0, 0, 0, 0, 0, 0, 0, 0, 0, 0, 0, 0, 0, 0, 0, 0, 0, 0, 0, 0]	[0, 0, 0, 0, 0, 0, 0, 0, 0, 0, 0, 0, 0, 0, 0, 0, 0, 0, 0, 0, 0, 0, 0, 0, 0, 0]	[0.00044860001071356237, 0.01108389999717474, 0.02797270001610741, 0.04432929999893531, 0.061054799996782094, 0.07777659999555908, 0.09443060000194237, 0.11123340000631288, 0.12782429999788292, 0.14426070000627078, 0.16095859999768436, 0.17753200000151992, 0.19434190000174567, 0.21092350000981241, 0.22734509999281727, 0.24400500001502223, 0.26094179999199696, 0.2775135000119917, 0.2942214999930002, 0.3106270999996923, 0.3273081000079401, 0.3440238000184763, 0.3606710000021849, 0.3772737999970559, 0.39406660001259297, 0.4110039999941364]	173.0	292.0	0.5	5a
299	8	go_nogo	0	60	4	go	click	[61.0, 61.0, 69.0, 90.0, 110.0, 134.0, 145.0, 153.0, 156.0, 158.0, 159.0, 159.0, 159.0, 159.0, 159.0, 159.0, 159.0, 159.0, 159.0, 160.0, 164.0, 168.0, 174.0, 178.0, 180.0, 181.0, 183.0, 183.0, 183.0, 183.0, 184.0, 184.0]	[-160.0, -160.0, -101.0, -1.0, 68.0, 136.0, 161.0, 177.0, 188.0, 195.0, 200.0, 200.0, 200.0, 201.0, 201.0, 201.0, 201.0, 201.0, 201.0, 205.0, 214.0, 229.0, 245.0, 258.0, 265.0, 272.0, 277.0, 279.0, 279.0, 279.0, 279.0, 279.0]	[0, 0, 0, 0, 0, 0, 0, 0, 0, 0, 0, 0, 0, 0, 0, 0, 0, 0, 0, 0, 0, 0, 0, 0, 0, 0, 0, 0, 0, 0, 0, 1]	[0, 0, 0, 0, 0, 0, 0, 0, 0, 0, 0, 0, 0, 0, 0, 0, 0, 0, 0, 0, 0, 0, 0, 0, 0, 0, 0, 0, 0, 0, 0, 0]	[0, 0, 0, 0, 0, 0, 0, 0, 0, 0, 0, 0, 0, 0, 0, 0, 0, 0, 0, 0, 0, 0, 0, 0, 0, 0, 0, 0, 0, 0, 0, 0]	[0.0003491000097710639, 0.008270599995739758, 0.025241499999538064, 0.04162289999658242, 0.0581442000111565, 0.07492159999674186, 0.09151540001039393, 0.10857020001276396, 0.12542739999480546, 0.1415077999990899, 0.157887400011532, 0.1746720999944955, 0.1916507999994792, 0.2078277000109665, 0.22459860000526533, 0.2412359000009019, 0.25795229998766445, 0.2745424000022467, 0.2914574999886099, 0.3087033999909181, 0.3247792999900412, 0.3413855000108015, 0.3582390999945346, 0.3747956000152044, 0.391557399998419, 0.40801380001357757, 0.42480830001295544, 0.4411407000152394, 0.45778970001265407, 0.4746978000039235, 0.4913278000021819, 0.5078617999970447]	184.0	279.0	0.8	5a
300	8	go_nogo	0	60	6	go	click	[44.0, 44.0, 58.0, 85.0, 104.0, 118.0, 125.0, 133.0, 135.0, 137.0, 139.0, 140.0, 142.0, 146.0, 148.0, 150.0, 151.0, 155.0, 162.0, 173.0, 181.0, 186.0, 187.0, 188.0, 189.0, 189.0, 189.0, 189.0, 189.0]	[-172.0, -172.0, -108.0, 5.0, 81.0, 138.0, 174.0, 203.0, 218.0, 226.0, 231.0, 232.0, 236.0, 242.0, 250.0, 253.0, 254.0, 257.0, 263.0, 274.0, 286.0, 292.0, 294.0, 295.0, 296.0, 297.0, 297.0, 297.0, 297.0]	[0, 0, 0, 0, 0, 0, 0, 0, 0, 0, 0, 0, 0, 0, 0, 0, 0, 0, 0, 0, 0, 0, 0, 0, 0, 0, 0, 0, 1]	[0, 0, 0, 0, 0, 0, 0, 0, 0, 0, 0, 0, 0, 0, 0, 0, 0, 0, 0, 0, 0, 0, 0, 0, 0, 0, 0, 0, 0]	[0, 0, 0, 0, 0, 0, 0, 0, 0, 0, 0, 0, 0, 0, 0, 0, 0, 0, 0, 0, 0, 0, 0, 0, 0, 0, 0, 0, 0]	[0.0003076000139117241, 0.007975900021847337, 0.02514579999842681, 0.04152900000917725, 0.05819569999584928, 0.07487390001188032, 0.09159210001234896, 0.1082481000048574, 0.12496810001903214, 0.14162480001687072, 0.1584263000113424, 0.17501980002271011, 0.19202800001949072, 0.20819980002124794, 0.22536690000561066, 0.2417464000172913, 0.25816779999877326, 0.274799200007692, 0.29146310000214726, 0.30822999999509193, 0.3251709000032861, 0.341885200003162, 0.35847050001029857, 0.3750319000100717, 0.39146360001177527, 0.40805990001535974, 0.42484029999468476, 0.4414264000079129, 0.4589120000018738]	189.0	297.0	0.6	5a
301	8	go_nogo	0	60	2	go	click	[64.0, 86.0, 109.0, 151.0, 190.0, 217.0, 225.0, 230.0, 231.0, 231.0, 231.0, 231.0, 231.0, 231.0, 231.0, 231.0, 231.0, 231.0, 231.0, 231.0, 231.0, 231.0, 231.0, 231.0]	[-223.0, -165.0, -99.0, 28.0, 143.0, 229.0, 268.0, 292.0, 299.0, 299.0, 299.0, 299.0, 299.0, 299.0, 299.0, 299.0, 299.0, 298.0, 297.0, 297.0, 297.0, 297.0, 297.0, 297.0]	[0, 0, 0, 0, 0, 0, 0, 0, 0, 0, 0, 0, 0, 0, 0, 0, 0, 0, 0, 0, 0, 0, 0, 1]	[0, 0, 0, 0, 0, 0, 0, 0, 0, 0, 0, 0, 0, 0, 0, 0, 0, 0, 0, 0, 0, 0, 0, 0]	[0, 0, 0, 0, 0, 0, 0, 0, 0, 0, 0, 0, 0, 0, 0, 0, 0, 0, 0, 0, 0, 0, 0, 0]	[0.0006638999911956489, 0.008200299984309822, 0.02559770000516437, 0.04182869999203831, 0.05856459998176433, 0.07509669999126345, 0.09185820000129752, 0.1084502000012435, 0.1251574000052642, 0.1414898999792058, 0.1583639000018593, 0.17485519999172539, 0.19160719998762943, 0.20822529998258688, 0.22483209997881204, 0.2416423999820836, 0.2585395000060089, 0.2751381999987643, 0.29167529998812824, 0.308130399993388, 0.3249500999809243, 0.34145919998991303, 0.35823739998159, 0.3751971999881789]	231.0	297.0	0.6	5a
302	8	go_nogo	0	60	3	go	click	[55.0, 73.0, 73.0, 143.0, 194.0, 224.0, 240.0, 251.0, 257.0, 257.0, 258.0, 258.0, 258.0, 258.0, 258.0, 258.0, 258.0, 258.0, 258.0, 258.0, 258.0, 258.0, 258.0, 258.0, 255.0, 250.0, 234.0, 222.0, 218.0, 218.0, 218.0, 218.0, 218.0, 218.0, 218.0, 218.0, 218.0, 218.0, 218.0]	[-226.0, -176.0, -176.0, 6.0, 123.0, 196.0, 231.0, 261.0, 284.0, 294.0, 299.0, 301.0, 301.0, 302.0, 303.0, 303.0, 303.0, 303.0, 303.0, 303.0, 303.0, 303.0, 303.0, 303.0, 302.0, 299.0, 293.0, 289.0, 287.0, 287.0, 287.0, 287.0, 287.0, 287.0, 287.0, 287.0, 287.0, 287.0, 287.0]	[0, 0, 0, 0, 0, 0, 0, 0, 0, 0, 0, 0, 0, 0, 0, 0, 0, 0, 0, 0, 0, 0, 0, 0, 0, 0, 0, 0, 0, 0, 0, 0, 0, 0, 0, 0, 0, 0, 1]	[0, 0, 0, 0, 0, 0, 0, 0, 0, 0, 0, 0, 0, 0, 0, 0, 0, 0, 0, 0, 0, 0, 0, 0, 0, 0, 0, 0, 0, 0, 0, 0, 0, 0, 0, 0, 0, 0, 0]	[0, 0, 0, 0, 0, 0, 0, 0, 0, 0, 0, 0, 0, 0, 0, 0, 0, 0, 0, 0, 0, 0, 0, 0, 0, 0, 0, 0, 0, 0, 0, 0, 0, 0, 0, 0, 0, 0, 0]	[0.0004002000205218792, 0.00806300001568161, 0.024897399998735636, 0.04164060001494363, 0.058300200005760416, 0.07510370001546107, 0.09154910000506788, 0.10852790001081303, 0.12482930000987835, 0.14163640001788735, 0.1582277000125032, 0.17465450000599958, 0.19151820000843145, 0.2080013000231702, 0.22463080001762137, 0.24133960000472143, 0.2579493000230286, 0.27463060000445694, 0.29125790001126006, 0.307997299998533, 0.32458680000854656, 0.34138769999844953, 0.3579390000086278, 0.37489150001783855, 0.39151200000196695, 0.40816370001994073, 0.4249629000260029, 0.4422531000163872, 0.4579710000252817, 0.47471999999834225, 0.49130020002485253, 0.5078222000156529, 0.5247301000053994, 0.5413717000046745, 0.5578797000052873, 0.5745385000191163, 0.5910767000168562, 0.6077424000250176, 0.6251016000169329]	218.0	287.0	0.9	5a
303	8	go_nogo	0	60	9	nogo	none	[72.0, 72.0, 106.0, 183.0, 286.0, 318.0, 331.0, 332.0, 332.0, 332.0, 326.0, 322.0, 321.0, 321.0, 326.0, 327.0, 327.0, 314.0, 289.0, 264.0, 239.0, 227.0, 217.0, 203.0, 192.0, 187.0, 185.0, 185.0, 185.0, 185.0, 185.0, 185.0, 185.0, 185.0, 185.0, 185.0, 185.0, 185.0, 185.0, 185.0, 185.0, 185.0, 185.0, 185.0, 185.0, 185.0, 185.0, 185.0, 185.0, 185.0, 185.0, 185.0, 185.0, 185.0, 184.0, 184.0, 184.0, 184.0, 184.0, 184.0, 184.0, 184.0, 184.0, 184.0, 184.0, 171.0, 148.0, 116.0, 83.0, 79.0, 79.0, 79.0, 79.0, 79.0, 79.0, 79.0, 79.0, 79.0, 79.0, 79.0, 79.0, 79.0, 79.0, 79.0, 79.0, 79.0, 79.0, 79.0, 79.0, 79.0, 79.0, 79.0]	[-132.0, -132.0, -50.0, 120.0, 296.0, 345.0, 365.0, 371.0, 371.0, 371.0, 371.0, 370.0, 369.0, 368.0, 377.0, 385.0, 389.0, 391.0, 389.0, 374.0, 355.0, 335.0, 321.0, 308.0, 300.0, 297.0, 295.0, 295.0, 295.0, 295.0, 295.0, 295.0, 295.0, 294.0, 294.0, 294.0, 294.0, 294.0, 294.0, 294.0, 294.0, 294.0, 294.0, 294.0, 294.0, 294.0, 294.0, 294.0, 294.0, 294.0, 294.0, 294.0, 294.0, 294.0, 294.0, 294.0, 294.0, 294.0, 294.0, 294.0, 294.0, 294.0, 294.0, 294.0, 294.0, 287.0, 287.0, 304.0, 341.0, 348.0, 348.0, 348.0, 348.0, 348.0, 348.0, 348.0, 348.0, 348.0, 348.0, 348.0, 348.0, 348.0, 348.0, 348.0, 348.0, 348.0, 348.0, 348.0, 348.0, 348.0, 348.0, 348.0]	[0, 0, 0, 0, 0, 0, 0, 0, 0, 0, 0, 0, 0, 0, 0, 0, 0, 0, 0, 0, 0, 0, 0, 0, 0, 0, 0, 0, 0, 0, 0, 0, 0, 0, 0, 0, 0, 0, 0, 0, 0, 0, 0, 0, 0, 0, 0, 0, 0, 0, 0, 0, 0, 0, 0, 0, 0, 0, 0, 0, 0, 0, 0, 0, 0, 0, 0, 0, 0, 0, 0, 0, 0, 0, 0, 0, 0, 0, 0, 0, 0, 0, 0, 0, 0, 0, 0, 0, 0, 0, 0, 0]	[0, 0, 0, 0, 0, 0, 0, 0, 0, 0, 0, 0, 0, 0, 0, 0, 0, 0, 0, 0, 0, 0, 0, 0, 0, 0, 0, 0, 0, 0, 0, 0, 0, 0, 0, 0, 0, 0, 0, 0, 0, 0, 0, 0, 0, 0, 0, 0, 0, 0, 0, 0, 0, 0, 0, 0, 0, 0, 0, 0, 0, 0, 0, 0, 0, 0, 0, 0, 0, 0, 0, 0, 0, 0, 0, 0, 0, 0, 0, 0, 0, 0, 0, 0, 0, 0, 0, 0, 0, 0, 0, 0]	[0, 0, 0, 0, 0, 0, 0, 0, 0, 0, 0, 0, 0, 0, 0, 0, 0, 0, 0, 0, 0, 0, 0, 0, 0, 0, 0, 0, 0, 0, 0, 0, 0, 0, 0, 0, 0, 0, 0, 0, 0, 0, 0, 0, 0, 0, 0, 0, 0, 0, 0, 0, 0, 0, 0, 0, 0, 0, 0, 0, 0, 0, 0, 0, 0, 0, 0, 0, 0, 0, 0, 0, 0, 0, 0, 0, 0, 0, 0, 0, 0, 0, 0, 0, 0, 0, 0, 0, 0, 0, 0, 0]	[0.0003963999915868044, 0.008231599989812821, 0.024825000000419095, 0.04195000001345761, 0.058129999990342185, 0.07473280001431704, 0.09138379999785684, 0.10784710000734776, 0.1244699000089895, 0.14129590001539327, 0.15833189999102615, 0.17464969999855384, 0.1915175000031013, 0.2084573000029195, 0.22472470000502653, 0.24138680001487955, 0.2580022999900393, 0.27522559999488294, 0.2916581000026781, 0.30807470000581816, 0.32470870000543073, 0.34132740000495687, 0.3580194000096526, 0.37490140000591055, 0.39134490001015365, 0.40825199999380857, 0.4244304000167176, 0.44104460001108237, 0.45772090001264587, 0.4744999000104144, 0.4910290999978315, 0.5077132000005804, 0.5248416000104044, 0.5411814000108279, 0.5576756999944337, 0.5746146999881603, 0.5911805999930948, 0.6077386999968439, 0.6244828999915626, 0.641120599990245, 0.6577391999890096, 0.6743644000089262, 0.6910150999901816, 0.707845199998701, 0.7244459000066854, 0.7411152000131551, 0.7578099000093061, 0.7745389000046998, 0.7909872000163887, 0.8079239999933634, 0.8245066000090446, 0.8408667999901809, 0.8577068000158761, 0.8746099999989383, 0.8909843000001274, 0.9076103999977931, 0.9243893999955617, 0.9413868999981787, 0.9576430000015534, 0.9743218999938108, 0.9908752999908756, 1.0075357000168879, 1.024333800014574, 1.0409219000139274, 1.0579693999898154, 1.0747178999881726, 1.091243900009431, 1.1077287000080105, 1.1244702000112738, 1.1408383999951184, 1.157412700005807, 1.174757300002966, 1.1907732000108808, 1.2073709999967832, 1.2241678000136744, 1.2407527999894228, 1.2574325000168756, 1.2740905999962706, 1.2907000000122935, 1.3074457999900915, 1.3241013000078965, 1.340713899990078, 1.3573116000043228, 1.3739956000063103, 1.390661799989175, 1.4073730999953113, 1.4242352000146639, 1.440595599997323, 1.457409499998903, 1.4740859000012279, 1.4906272999942303, 1.5072300999891013]	n/a	n/a	0.5	5a
304	8	go_nogo	0	60	4	go	click	[88.0, 88.0, 113.0, 154.0, 190.0, 217.0, 235.0, 243.0, 245.0, 245.0, 245.0, 245.0, 245.0, 245.0, 245.0, 245.0, 245.0, 245.0, 245.0, 245.0, 245.0, 245.0, 245.0, 245.0, 245.0, 245.0, 245.0]	[-164.0, -164.0, -97.0, 14.0, 106.0, 189.0, 243.0, 270.0, 276.0, 276.0, 276.0, 276.0, 276.0, 276.0, 276.0, 276.0, 276.0, 276.0, 276.0, 276.0, 276.0, 276.0, 276.0, 276.0, 276.0, 276.0, 276.0]	[0, 0, 0, 0, 0, 0, 0, 0, 0, 0, 0, 0, 0, 0, 0, 0, 0, 0, 0, 0, 0, 0, 0, 0, 0, 0, 1]	[0, 0, 0, 0, 0, 0, 0, 0, 0, 0, 0, 0, 0, 0, 0, 0, 0, 0, 0, 0, 0, 0, 0, 0, 0, 0, 0]	[0, 0, 0, 0, 0, 0, 0, 0, 0, 0, 0, 0, 0, 0, 0, 0, 0, 0, 0, 0, 0, 0, 0, 0, 0, 0, 0]	[0.0009391000203322619, 0.008070900017628446, 0.02535020001232624, 0.04168620001291856, 0.05872970001655631, 0.07490170001983643, 0.09159950001048855, 0.10821040000882931, 0.12465690000681207, 0.14142270002048463, 0.15819960000226274, 0.1747013000131119, 0.19135830001323484, 0.20807380002224818, 0.22462170000653714, 0.24131100001977757, 0.25815850001526996, 0.27454620000207797, 0.2913451000058558, 0.3078883000125643, 0.32457980001345277, 0.3413287000148557, 0.35801640001591295, 0.374550900014583, 0.39149940002243966, 0.4081609999993816, 0.4252182000200264]	245.0	276.0	1.0	5a
305	8	go_nogo	0	60	7	go	click	[46.0, 46.0, 51.0, 60.0, 67.0, 76.0, 82.0, 89.0, 95.0, 102.0, 106.0, 109.0, 110.0, 114.0, 119.0, 125.0, 127.0, 127.0, 127.0, 127.0, 131.0, 141.0, 152.0, 160.0, 165.0, 167.0, 167.0, 167.0, 171.0, 182.0, 214.0, 234.0, 241.0, 241.0, 241.0, 241.0]	[-242.0, -242.0, -199.0, -118.0, -42.0, 14.0, 39.0, 59.0, 78.0, 95.0, 107.0, 115.0, 126.0, 148.0, 177.0, 200.0, 205.0, 205.0, 205.0, 205.0, 209.0, 221.0, 236.0, 246.0, 252.0, 253.0, 253.0, 253.0, 258.0, 271.0, 298.0, 312.0, 316.0, 316.0, 316.0, 316.0]	[0, 0, 0, 0, 0, 0, 0, 0, 0, 0, 0, 0, 0, 0, 0, 0, 0, 0, 0, 0, 0, 0, 0, 0, 0, 0, 0, 0, 0, 0, 0, 0, 0, 0, 0, 1]	[0, 0, 0, 0, 0, 0, 0, 0, 0, 0, 0, 0, 0, 0, 0, 0, 0, 0, 0, 0, 0, 0, 0, 0, 0, 0, 0, 0, 0, 0, 0, 0, 0, 0, 0, 0]	[0, 0, 0, 0, 0, 0, 0, 0, 0, 0, 0, 0, 0, 0, 0, 0, 0, 0, 0, 0, 0, 0, 0, 0, 0, 0, 0, 0, 0, 0, 0, 0, 0, 0, 0, 0]	[0.00044559998787008226, 0.008647799986647442, 0.025432299997191876, 0.041943499993067235, 0.05857669998658821, 0.07549690001178533, 0.09191290001035668, 0.1087161999894306, 0.12594420000095852, 0.1420671000087168, 0.15865249998751096, 0.175134999997681, 0.19170160000794567, 0.20849920000182465, 0.22540890000527725, 0.24164930000551976, 0.2583511999982875, 0.2748147000093013, 0.29137180000543594, 0.3091837000101805, 0.32519619999220595, 0.341793300001882, 0.3583630000066478, 0.3751789999951143, 0.39174660001299344, 0.4081632999877911, 0.4249279999930877, 0.4419362999906298, 0.4583172000129707, 0.47515240000211634, 0.4915993000031449, 0.5089783000003081, 0.5247294000000693, 0.5414605000114534, 0.5581725999945775, 0.575259700010065]	241.0	316.0	0.7	5a
306	8	go_nogo	0	60	8	go	click	[86.0, 86.0, 115.0, 165.0, 207.0, 244.0, 287.0, 317.0, 331.0, 335.0, 335.0, 335.0, 335.0, 337.0, 337.0, 338.0, 338.0, 338.0, 338.0, 334.0, 319.0, 301.0, 273.0, 262.0, 257.0, 250.0, 246.0, 242.0, 235.0, 233.0, 233.0, 233.0, 233.0, 233.0]	[-223.0, -223.0, -160.0, -17.0, 110.0, 196.0, 264.0, 304.0, 324.0, 330.0, 331.0, 331.0, 333.0, 336.0, 338.0, 342.0, 344.0, 344.0, 344.0, 343.0, 333.0, 321.0, 305.0, 298.0, 295.0, 292.0, 287.0, 284.0, 280.0, 278.0, 278.0, 278.0, 278.0, 278.0]	[0, 0, 0, 0, 0, 0, 0, 0, 0, 0, 0, 0, 0, 0, 0, 0, 0, 0, 0, 0, 0, 0, 0, 0, 0, 0, 0, 0, 0, 0, 0, 0, 0, 1]	[0, 0, 0, 0, 0, 0, 0, 0, 0, 0, 0, 0, 0, 0, 0, 0, 0, 0, 0, 0, 0, 0, 0, 0, 0, 0, 0, 0, 0, 0, 0, 0, 0, 0]	[0, 0, 0, 0, 0, 0, 0, 0, 0, 0, 0, 0, 0, 0, 0, 0, 0, 0, 0, 0, 0, 0, 0, 0, 0, 0, 0, 0, 0, 0, 0, 0, 0, 0]	[0.0004338999860920012, 0.008583399991039187, 0.02511339998454787, 0.041700500005390495, 0.058429199998499826, 0.0751002999895718, 0.09170150000136346, 0.10849769998458214, 0.12510720000136644, 0.14178539998829365, 0.15814230000250973, 0.17475790000753477, 0.19167219998780638, 0.20898399999714456, 0.22496859999955632, 0.24174219998531044, 0.2581291999958921, 0.27491269999882206, 0.2917643999971915, 0.30843730000196956, 0.32507859999896027, 0.34204019999015145, 0.3582890999969095, 0.3751918000052683, 0.3921381999971345, 0.4082825999939814, 0.42498159999377094, 0.44177079998189583, 0.4583534999983385, 0.47483610000927, 0.4914206999819726, 0.5082335000042804, 0.5248052999959327, 0.5417572000005748]	233.0	278.0	0.7	5a
307	8	go_nogo	0	60	4	go	click	[44.0, 44.0, 64.0, 93.0, 119.0, 138.0, 151.0, 160.0, 167.0, 170.0, 170.0, 170.0, 170.0, 170.0, 170.0, 170.0, 170.0, 168.0, 168.0, 168.0, 168.0, 168.0, 168.0, 168.0, 168.0, 168.0, 168.0, 168.0, 168.0, 168.0, 168.0, 168.0, 168.0, 168.0, 168.0, 168.0, 168.0, 168.0, 168.0, 168.0, 168.0, 168.0, 168.0, 168.0, 168.0, 168.0, 169.0, 169.0, 169.0]	[-246.0, -246.0, -146.0, -45.0, 34.0, 92.0, 141.0, 185.0, 226.0, 247.0, 255.0, 256.0, 257.0, 257.0, 257.0, 257.0, 254.0, 247.0, 245.0, 245.0, 245.0, 245.0, 245.0, 245.0, 245.0, 245.0, 245.0, 245.0, 245.0, 245.0, 245.0, 245.0, 245.0, 245.0, 245.0, 245.0, 245.0, 245.0, 245.0, 245.0, 245.0, 245.0, 246.0, 251.0, 257.0, 262.0, 264.0, 264.0, 264.0]	[0, 0, 0, 0, 0, 0, 0, 0, 0, 0, 0, 0, 0, 0, 0, 0, 0, 0, 0, 0, 0, 0, 0, 0, 0, 0, 0, 0, 0, 1, 1, 1, 1, 1, 1, 1, 0, 0, 0, 0, 0, 0, 0, 0, 0, 0, 0, 0, 1]	[0, 0, 0, 0, 0, 0, 0, 0, 0, 0, 0, 0, 0, 0, 0, 0, 0, 0, 0, 0, 0, 0, 0, 0, 0, 0, 0, 0, 0, 0, 0, 0, 0, 0, 0, 0, 0, 0, 0, 0, 0, 0, 0, 0, 0, 0, 0, 0, 0]	[0, 0, 0, 0, 0, 0, 0, 0, 0, 0, 0, 0, 0, 0, 0, 0, 0, 0, 0, 0, 0, 0, 0, 0, 0, 0, 0, 0, 0, 0, 0, 0, 0, 0, 0, 0, 0, 0, 0, 0, 0, 0, 0, 0, 0, 0, 0, 0, 0]	[0.00040249997982755303, 0.008897799998521805, 0.02574429998639971, 0.04268299997784197, 0.05908439998165704, 0.07521799998357892, 0.09185799999977462, 0.10847069998271763, 0.12562029997934587, 0.14200729998992756, 0.15862109998124652, 0.17522259999532253, 0.191854799981229, 0.20829199999570847, 0.22505310000269674, 0.2418863000057172, 0.25897059999988414, 0.27514699997846037, 0.29184940000413917, 0.3083333999966271, 0.3251444000052288, 0.3415800999791827, 0.3583366999810096, 0.3752258000022266, 0.39185149999684654, 0.40832879999652505, 0.4251172999793198, 0.44156000000657514, 0.4582786999817472, 0.47549149999395013, 0.49202099998365156, 0.5082315999898128, 0.5251891999796499, 0.5416847000014968, 0.5581815000041388, 0.5750172999978531, 0.5918492999917362, 0.608366800006479, 0.625224999996135, 0.6417005999828689, 0.6584075999853667, 0.6750218999804929, 0.6916629000043031, 0.7083672999870032, 0.7253724999900442, 0.7417245999968145, 0.758367400005227, 0.7750142999866512, 0.7920353999943472]	169.0	264.0	0.9	5a
308	8	go_nogo	0	60	8	go	click	[7.0, 7.0, 14.0, 45.0, 82.0, 127.0, 159.0, 179.0, 181.0, 181.0, 181.0, 181.0, 181.0, 181.0, 182.0, 183.0, 184.0, 184.0, 184.0, 184.0, 184.0, 184.0, 184.0, 184.0, 184.0, 184.0, 184.0, 184.0]	[-254.0, -254.0, -207.0, -74.0, 60.0, 183.0, 263.0, 307.0, 312.0, 312.0, 313.0, 313.0, 313.0, 313.0, 316.0, 318.0, 319.0, 319.0, 319.0, 319.0, 319.0, 319.0, 319.0, 319.0, 319.0, 319.0, 319.0, 319.0]	[0, 0, 0, 0, 0, 0, 0, 0, 0, 0, 0, 0, 0, 0, 0, 0, 0, 0, 0, 0, 0, 0, 0, 0, 0, 0, 0, 1]	[0, 0, 0, 0, 0, 0, 0, 0, 0, 0, 0, 0, 0, 0, 0, 0, 0, 0, 0, 0, 0, 0, 0, 0, 0, 0, 0, 0]	[0, 0, 0, 0, 0, 0, 0, 0, 0, 0, 0, 0, 0, 0, 0, 0, 0, 0, 0, 0, 0, 0, 0, 0, 0, 0, 0, 0]	[0.000371300004189834, 0.008149999979650602, 0.025341900007333606, 0.04168520000530407, 0.05849229998420924, 0.07503799998085015, 0.09192479998455383, 0.10874619998503476, 0.1247328000026755, 0.1416532000002917, 0.15831719999550842, 0.17499929998302832, 0.19141040000249632, 0.20829919999232516, 0.225279899983434, 0.24167220000526868, 0.2583279999962542, 0.27472149999812245, 0.29144289999385364, 0.3083604999992531, 0.3246571999916341, 0.3412708999821916, 0.3580345000082161, 0.3748306999914348, 0.3913072999857832, 0.407964499987429, 0.4247262999997474, 0.44196299999020994]	184.0	319.0	0.6	5a
309	8	go_nogo	0	60	1	nogo	none	[76.0, 95.0, 113.0, 150.0, 179.0, 194.0, 202.0, 207.0, 208.0, 210.0, 212.0, 212.0, 213.0, 216.0, 216.0, 217.0, 217.0, 217.0, 216.0, 215.0, 215.0, 215.0, 215.0, 215.0, 215.0, 215.0, 215.0, 215.0, 215.0, 215.0, 215.0, 215.0, 215.0, 215.0, 215.0, 215.0, 215.0, 215.0, 215.0, 215.0, 215.0, 215.0, 215.0, 215.0, 214.0, 214.0, 214.0, 214.0, 214.0, 214.0, 214.0, 214.0, 214.0, 214.0, 214.0, 214.0, 214.0, 214.0, 214.0, 214.0, 214.0, 214.0]	[-170.0, -116.0, -70.0, 29.0, 112.0, 173.0, 213.0, 240.0, 258.0, 266.0, 271.0, 274.0, 280.0, 298.0, 302.0, 302.0, 302.0, 301.0, 297.0, 294.0, 294.0, 294.0, 294.0, 294.0, 294.0, 294.0, 294.0, 294.0, 294.0, 294.0, 294.0, 294.0, 294.0, 294.0, 294.0, 294.0, 294.0, 294.0, 294.0, 294.0, 294.0, 294.0, 294.0, 294.0, 294.0, 294.0, 294.0, 294.0, 294.0, 294.0, 294.0, 294.0, 294.0, 294.0, 294.0, 294.0, 294.0, 294.0, 294.0, 294.0, 294.0, 294.0]	[0, 0, 0, 0, 0, 0, 0, 0, 0, 0, 0, 0, 0, 0, 0, 0, 0, 0, 0, 0, 0, 0, 0, 0, 0, 0, 0, 0, 0, 0, 0, 0, 0, 0, 0, 0, 0, 0, 0, 0, 0, 0, 0, 0, 0, 0, 0, 0, 0, 0, 0, 0, 0, 0, 0, 0, 0, 0, 0, 0, 0, 0]	[0, 0, 0, 0, 0, 0, 0, 0, 0, 0, 0, 0, 0, 0, 0, 0, 0, 0, 0, 0, 0, 0, 0, 0, 0, 0, 0, 0, 0, 0, 0, 0, 0, 0, 0, 0, 0, 0, 0, 0, 0, 0, 0, 0, 0, 0, 0, 0, 0, 0, 0, 0, 0, 0, 0, 0, 0, 0, 0, 0, 0, 0]	[0, 0, 0, 0, 0, 0, 0, 0, 0, 0, 0, 0, 0, 0, 0, 0, 0, 0, 0, 0, 0, 0, 0, 0, 0, 0, 0, 0, 0, 0, 0, 0, 0, 0, 0, 0, 0, 0, 0, 0, 0, 0, 0, 0, 0, 0, 0, 0, 0, 0, 0, 0, 0, 0, 0, 0, 0, 0, 0, 0, 0, 0]	[0.0004165999998804182, 0.008403000014368445, 0.02505700002075173, 0.04220550000900403, 0.05833190001430921, 0.07503130001714453, 0.09170710001490079, 0.10848600001190789, 0.12525080001796596, 0.14166570000816137, 0.15843920002225786, 0.17509370000334457, 0.19179120002081618, 0.20866770000429824, 0.22523670000373386, 0.24147930002072826, 0.2581557000230532, 0.275090100010857, 0.29192060002242215, 0.3081456000218168, 0.32476040002075024, 0.341602900007274, 0.35810250000213273, 0.37483240000437945, 0.39140690001659095, 0.4080283000075724, 0.42466620000777766, 0.44129550000070594, 0.4580666999972891, 0.4747630000056233, 0.4915023000212386, 0.5080757999967318, 0.5247326000244357, 0.5415173000073992, 0.5580384000204504, 0.57500870001968, 0.5913745000143535, 0.6081312000169419, 0.6247905000054743, 0.6413212000043131, 0.6580989000212867, 0.674895900010597, 0.6913222000002861, 0.7081028000102378, 0.7246774000232108, 0.7413616999983788, 0.7579918999981601, 0.774892000015825, 0.7915455000184011, 0.8079203000233974, 0.8246077000221703, 0.8412692999991123, 0.8580283000192139, 0.8747005000186618, 0.8912379000103101, 0.9078694000199903, 0.9247101000219118, 0.9413646000029985, 0.9579610000073444, 0.9745751000009477, 0.9912549000000581, 1.008010000019567]	n/a	n/a	1.0	5a
310	8	go_nogo	0	60	7	go	click	[62.0, 62.0, 78.0, 105.0, 137.0, 142.0, 144.0, 145.0, 145.0, 145.0, 145.0, 145.0, 145.0, 145.0, 145.0, 145.0, 145.0, 145.0, 145.0, 145.0, 147.0, 151.0, 157.0, 160.0, 160.0, 160.0, 161.0, 161.0, 161.0, 162.0, 162.0, 162.0]	[-217.0, -217.0, -160.0, -39.0, 120.0, 170.0, 196.0, 203.0, 203.0, 203.0, 204.0, 204.0, 204.0, 204.0, 204.0, 204.0, 204.0, 204.0, 204.0, 204.0, 212.0, 225.0, 241.0, 249.0, 250.0, 250.0, 250.0, 250.0, 253.0, 255.0, 256.0, 256.0]	[0, 0, 0, 0, 0, 0, 0, 0, 0, 0, 0, 0, 0, 0, 0, 0, 0, 0, 0, 0, 0, 0, 0, 0, 0, 0, 0, 0, 0, 0, 0, 1]	[0, 0, 0, 0, 0, 0, 0, 0, 0, 0, 0, 0, 0, 0, 0, 0, 0, 0, 0, 0, 0, 0, 0, 0, 0, 0, 0, 0, 0, 0, 0, 0]	[0, 0, 0, 0, 0, 0, 0, 0, 0, 0, 0, 0, 0, 0, 0, 0, 0, 0, 0, 0, 0, 0, 0, 0, 0, 0, 0, 0, 0, 0, 0, 0]	[0.0003809999907389283, 0.008926499984227121, 0.02566269997623749, 0.04263599999831058, 0.058910899999318644, 0.07616689999122173, 0.09270319997449405, 0.10869139997521415, 0.12525649997405708, 0.14228539998293854, 0.1588630999904126, 0.17525969998678192, 0.19204639998497441, 0.2086062999733258, 0.22539300000062212, 0.24197839997941628, 0.25861479999730363, 0.27534769999329, 0.29195899999467656, 0.3092993999889586, 0.3254753999935929, 0.34226439998019487, 0.3588801999867428, 0.3757368999940809, 0.39208799999323674, 0.4088014999870211, 0.4255471999931615, 0.4421820999996271, 0.4587953999871388, 0.47515429998748004, 0.491965799999889, 0.5086224999977276]	162.0	256.0	0.7	5a
311	8	go_nogo	0	60	2	go	click	[-4.0, -4.0, 7.0, 51.0, 98.0, 134.0, 165.0, 173.0, 177.0, 180.0, 180.0, 180.0, 180.0, 180.0, 180.0, 180.0, 180.0, 180.0, 180.0, 180.0, 180.0, 180.0, 180.0, 180.0, 180.0, 180.0, 180.0, 180.0]	[-280.0, -280.0, -248.0, -128.0, 15.0, 137.0, 240.0, 265.0, 283.0, 292.0, 297.0, 299.0, 299.0, 299.0, 299.0, 298.0, 297.0, 296.0, 296.0, 296.0, 296.0, 296.0, 296.0, 296.0, 296.0, 296.0, 296.0, 296.0]	[0, 0, 0, 0, 0, 0, 0, 0, 0, 0, 0, 0, 0, 0, 0, 0, 0, 0, 0, 0, 0, 0, 0, 0, 0, 0, 0, 1]	[0, 0, 0, 0, 0, 0, 0, 0, 0, 0, 0, 0, 0, 0, 0, 0, 0, 0, 0, 0, 0, 0, 0, 0, 0, 0, 0, 0]	[0, 0, 0, 0, 0, 0, 0, 0, 0, 0, 0, 0, 0, 0, 0, 0, 0, 0, 0, 0, 0, 0, 0, 0, 0, 0, 0, 0]	[0.0005050000036135316, 0.008546500001102686, 0.02513240001280792, 0.04173050000099465, 0.058493100019404665, 0.07521740000811405, 0.09168460001819767, 0.10849790001520887, 0.1256186000246089, 0.14162260000011884, 0.1582578000088688, 0.17496610002126545, 0.19137680000858381, 0.20802680001361296, 0.22495650002383627, 0.2416574000089895, 0.258323800022481, 0.27471260001766495, 0.2913964000181295, 0.30802710002171807, 0.3248015000135638, 0.3414858000178356, 0.3581370000028983, 0.37502669999958016, 0.3913349000213202, 0.4080151000234764, 0.4246268999995664, 0.44175800000084564]	180.0	296.0	0.5	5a
312	8	go_nogo	0	60	4	go	click	[102.0, 102.0, 125.0, 169.0, 216.0, 230.0, 233.0, 234.0, 234.0, 234.0, 234.0, 234.0, 234.0, 234.0, 234.0, 234.0, 234.0, 234.0, 234.0, 234.0, 234.0, 234.0, 234.0]	[-157.0, -157.0, -84.0, 59.0, 214.0, 261.0, 281.0, 288.0, 290.0, 292.0, 292.0, 292.0, 292.0, 292.0, 292.0, 292.0, 292.0, 292.0, 292.0, 293.0, 293.0, 293.0, 293.0]	[0, 0, 0, 0, 0, 0, 0, 0, 0, 0, 0, 0, 0, 0, 0, 0, 0, 0, 0, 0, 0, 0, 1]	[0, 0, 0, 0, 0, 0, 0, 0, 0, 0, 0, 0, 0, 0, 0, 0, 0, 0, 0, 0, 0, 0, 0]	[0, 0, 0, 0, 0, 0, 0, 0, 0, 0, 0, 0, 0, 0, 0, 0, 0, 0, 0, 0, 0, 0, 0]	[0.00043680000817403197, 0.008481100026983768, 0.02461250001215376, 0.04153430002043024, 0.05810810002731159, 0.07485030000680126, 0.09151009999914095, 0.10838930000318214, 0.12481440001283772, 0.14108320002560504, 0.15814310000860132, 0.1744061000063084, 0.1913446000253316, 0.2077871000219602, 0.2245536000118591, 0.2412266000173986, 0.25784450001083314, 0.27437330002430826, 0.291456000006292, 0.30782250000629574, 0.3244227000104729, 0.3411813000275288, 0.35817360001965426]	234.0	293.0	0.8	5a
313	9	go_only	0	18	6	go	click	[82.0, 82.0, 102.0, 140.0, 170.0, 197.0, 213.0, 221.0, 223.0, 224.0, 224.0, 224.0, 224.0, 223.0, 219.0, 216.0, 213.0, 213.0, 213.0, 213.0, 213.0]	[-205.0, -205.0, -132.0, 13.0, 130.0, 236.0, 289.0, 312.0, 323.0, 327.0, 329.0, 330.0, 330.0, 330.0, 329.0, 327.0, 324.0, 324.0, 324.0, 324.0, 324.0]	[0, 0, 0, 0, 0, 0, 0, 0, 0, 0, 0, 0, 0, 0, 0, 0, 0, 0, 0, 0, 1]	[0, 0, 0, 0, 0, 0, 0, 0, 0, 0, 0, 0, 0, 0, 0, 0, 0, 0, 0, 0, 0]	[0, 0, 0, 0, 0, 0, 0, 0, 0, 0, 0, 0, 0, 0, 0, 0, 0, 0, 0, 0, 0]	[0.00036360000376589596, 0.007815299992216751, 0.024540300015360117, 0.041248399997130036, 0.05834700001287274, 0.07456989999627694, 0.09176939999451861, 0.10783590000937693, 0.12462950000190176, 0.14145260001532733, 0.1581863000174053, 0.17453930000192486, 0.1911901000130456, 0.2078136999916751, 0.22459349999553524, 0.24117650001426227, 0.2578487000137102, 0.27446190000046045, 0.29105309999431483, 0.3076258999935817, 0.32467349999933504]	213.0	324.0	1.0	5a
314	9	go_only	0	18	6	go	click	[75.0, 90.0, 109.0, 140.0, 169.0, 188.0, 197.0, 202.0, 205.0, 205.0, 205.0, 205.0, 205.0, 204.0, 203.0, 203.0, 203.0, 203.0, 203.0, 203.0, 203.0, 203.0, 202.0, 200.0, 199.0, 198.0, 198.0, 198.0, 198.0, 198.0, 198.0]	[-176.0, -89.0, 0.0, 144.0, 250.0, 326.0, 370.0, 401.0, 418.0, 419.0, 419.0, 419.0, 417.0, 410.0, 407.0, 407.0, 407.0, 407.0, 407.0, 407.0, 401.0, 385.0, 362.0, 346.0, 334.0, 329.0, 328.0, 328.0, 328.0, 328.0, 328.0]	[0, 0, 0, 0, 0, 0, 0, 0, 0, 0, 0, 0, 0, 0, 0, 0, 0, 0, 0, 0, 0, 0, 0, 0, 0, 0, 0, 0, 0, 0, 1]	[0, 0, 0, 0, 0, 0, 0, 0, 0, 0, 0, 0, 0, 0, 0, 0, 0, 0, 0, 0, 0, 0, 0, 0, 0, 0, 0, 0, 0, 0, 0]	[0, 0, 0, 0, 0, 0, 0, 0, 0, 0, 0, 0, 0, 0, 0, 0, 0, 0, 0, 0, 0, 0, 0, 0, 0, 0, 0, 0, 0, 0, 0]	[7.959999493323267e-05, 0.010990200011292472, 0.027414800017140806, 0.044072699995012954, 0.060773100005462766, 0.07747250000829808, 0.09432239999296144, 0.1107237999967765, 0.1273501999967266, 0.14379510001162998, 0.16050180001184344, 0.17796980001730844, 0.19400710001355037, 0.21072100001038052, 0.22716450001462363, 0.24371100001735613, 0.2606347000109963, 0.2770708000170998, 0.29381370000191964, 0.31122259999392554, 0.3273840000038035, 0.3443668000109028, 0.360632900003111, 0.3774048000050243, 0.3941486999974586, 0.41058610001346096, 0.42710890001035295, 0.4438423000101466, 0.4603482999955304, 0.4771488000114914, 0.4943423999939114]	198.0	328.0	1.0	5a
315	9	go_only	0	18	2	go	click	[108.0, 108.0, 126.0, 152.0, 169.0, 176.0, 182.0, 186.0, 188.0, 188.0, 188.0, 188.0, 188.0, 189.0, 190.0, 190.0, 190.0, 190.0, 189.0, 185.0, 181.0, 180.0, 179.0, 178.0, 178.0, 178.0, 178.0, 178.0]	[-37.0, -37.0, 55.0, 203.0, 290.0, 331.0, 354.0, 362.0, 367.0, 367.0, 367.0, 367.0, 369.0, 381.0, 382.0, 382.0, 382.0, 382.0, 376.0, 365.0, 355.0, 349.0, 344.0, 342.0, 342.0, 341.0, 339.0, 337.0]	[0, 0, 0, 0, 0, 0, 0, 0, 0, 0, 0, 0, 0, 0, 0, 0, 0, 0, 0, 0, 0, 0, 0, 0, 0, 0, 0, 1]	[0, 0, 0, 0, 0, 0, 0, 0, 0, 0, 0, 0, 0, 0, 0, 0, 0, 0, 0, 0, 0, 0, 0, 0, 0, 0, 0, 0]	[0, 0, 0, 0, 0, 0, 0, 0, 0, 0, 0, 0, 0, 0, 0, 0, 0, 0, 0, 0, 0, 0, 0, 0, 0, 0, 0, 0]	[0.000738000002456829, 0.007869900000514463, 0.025063199980650097, 0.04131050000432879, 0.058074999978998676, 0.07461959999636747, 0.09132939999108203, 0.10790869998163544, 0.12439699997776188, 0.14110139998956583, 0.1577398999943398, 0.1746487999917008, 0.1912999999767635, 0.20799009999609552, 0.2243597999913618, 0.24101309999241494, 0.25765519999549724, 0.27467699997941963, 0.29124639998190105, 0.3079882999882102, 0.32458039998891763, 0.34131089999573305, 0.3582420999882743, 0.37442949999240227, 0.3911398999916855, 0.408033699990483, 0.42454239999642596, 0.4413091999886092]	178.0	337.0	0.8	5a
316	9	go_only	0	18	6	go	click	[27.0, 27.0, 30.0, 42.0, 49.0, 58.0, 61.0, 64.0, 64.0, 64.0, 64.0, 64.0, 64.0, 64.0, 71.0, 78.0, 82.0, 82.0, 82.0, 82.0, 86.0, 93.0, 100.0, 104.0, 105.0, 105.0, 107.0, 114.0, 124.0, 133.0, 140.0, 143.0, 143.0, 143.0, 143.0, 143.0, 143.0, 143.0, 147.0, 153.0, 155.0, 159.0, 166.0, 167.0, 167.0, 151.0, 121.0, 106.0, 104.0, 104.0, 104.0, 104.0, 103.0, 97.0, 94.0, 93.0, 93.0, 89.0, 89.0, 89.0, 89.0, 89.0, 90.0, 100.0, 110.0, 123.0, 135.0, 148.0, 165.0, 185.0, 201.0, 209.0, 212.0, 212.0, 212.0, 212.0, 212.0]	[-165.0, -165.0, -123.0, 8.0, 88.0, 140.0, 162.0, 175.0, 182.0, 185.0, 186.0, 186.0, 187.0, 190.0, 212.0, 231.0, 237.0, 238.0, 238.0, 238.0, 240.0, 247.0, 255.0, 262.0, 263.0, 263.0, 263.0, 265.0, 269.0, 272.0, 276.0, 277.0, 277.0, 278.0, 278.0, 278.0, 278.0, 278.0, 280.0, 283.0, 283.0, 285.0, 287.0, 288.0, 297.0, 336.0, 391.0, 421.0, 424.0, 424.0, 424.0, 424.0, 419.0, 398.0, 386.0, 383.0, 383.0, 376.0, 368.0, 366.0, 364.0, 358.0, 352.0, 341.0, 336.0, 334.0, 334.0, 333.0, 327.0, 315.0, 306.0, 304.0, 303.0, 303.0, 303.0, 303.0, 303.0]	[0, 0, 0, 0, 0, 0, 0, 0, 0, 0, 0, 0, 0, 0, 0, 0, 0, 0, 0, 0, 0, 0, 0, 0, 0, 0, 0, 0, 0, 0, 0, 0, 1, 1, 1, 1, 1, 1, 0, 0, 0, 0, 0, 0, 0, 0, 0, 0, 0, 0, 0, 0, 0, 0, 0, 0, 0, 0, 0, 0, 0, 0, 0, 0, 0, 0, 0, 0, 0, 0, 0, 0, 0, 0, 0, 0, 1]	[0, 0, 0, 0, 0, 0, 0, 0, 0, 0, 0, 0, 0, 0, 0, 0, 0, 0, 0, 0, 0, 0, 0, 0, 0, 0, 0, 0, 0, 0, 0, 0, 0, 0, 0, 0, 0, 0, 0, 0, 0, 0, 0, 0, 0, 0, 0, 0, 0, 0, 0, 0, 0, 0, 0, 0, 0, 0, 0, 0, 0, 0, 0, 0, 0, 0, 0, 0, 0, 0, 0, 0, 0, 0, 0, 0, 0]	[0, 0, 0, 0, 0, 0, 0, 0, 0, 0, 0, 0, 0, 0, 0, 0, 0, 0, 0, 0, 0, 0, 0, 0, 0, 0, 0, 0, 0, 0, 0, 0, 0, 0, 0, 0, 0, 0, 0, 0, 0, 0, 0, 0, 0, 0, 0, 0, 0, 0, 0, 0, 0, 0, 0, 0, 0, 0, 0, 0, 0, 0, 0, 0, 0, 0, 0, 0, 0, 0, 0, 0, 0, 0, 0, 0, 0]	[0.0003535999858286232, 0.008632599987322465, 0.025516499998047948, 0.041758199979085475, 0.05853419998311438, 0.07519269999465905, 0.09281199998804368, 0.10835179997957312, 0.12504829998943023, 0.1417127999884542, 0.15820999999414198, 0.1750113999878522, 0.19187179999426007, 0.20864959998289123, 0.2252837999840267, 0.24187579998397268, 0.2585624000057578, 0.27489869997953065, 0.2918751999968663, 0.30863630000385456, 0.3246936999785248, 0.34147449998999946, 0.3581902000005357, 0.37488739998661913, 0.39149529999122024, 0.40817739997874014, 0.4247970999858808, 0.44161959999473765, 0.45882289999281056, 0.4747709999792278, 0.4917676000040956, 0.5080651000025682, 0.5251466000045184, 0.5414371999795549, 0.5579123999923468, 0.5745548999984749, 0.5913182999938726, 0.6080851999868173, 0.6250623999803793, 0.6414167000039015, 0.6579799999890383, 0.6755020999989938, 0.6914114999817684, 0.7080230999854393, 0.7247930000012275, 0.7417660999926738, 0.7580599999928381, 0.7746281999861822, 0.7912179999984801, 0.8078124999883585, 0.8244567999790888, 0.8412390000012238, 0.8585337999975309, 0.87561220000498, 0.891357499989681, 0.907866900000954, 0.924688300001435, 0.9413487999991048, 0.9579529000038747, 0.9747602999850642, 0.9913210999802686, 1.0080624999827705, 1.024707699980354, 1.041374899999937, 1.057932299998356, 1.0755082999821752, 1.092107100004796, 1.1078919999999925, 1.1246806999843102, 1.1412962999893352, 1.1580648999952246, 1.174784400005592, 1.190962099994067, 1.2077277000062168, 1.2243697999801952, 1.2410515999945346, 1.2579890000051819]	212.0	303.0	1.0	5a
317	9	go_only	0	18	2	go	click	[46.0, 46.0, 68.0, 110.0, 153.0, 190.0, 220.0, 233.0, 242.0, 245.0, 245.0, 246.0, 247.0, 248.0, 248.0, 248.0, 248.0, 245.0, 243.0, 242.0, 242.0, 242.0, 242.0, 242.0]	[-205.0, -205.0, -154.0, -57.0, 55.0, 159.0, 250.0, 283.0, 303.0, 309.0, 310.0, 310.0, 322.0, 335.0, 340.0, 340.0, 340.0, 338.0, 333.0, 332.0, 331.0, 331.0, 331.0, 331.0]	[0, 0, 0, 0, 0, 0, 0, 0, 0, 0, 0, 0, 0, 0, 0, 0, 0, 0, 0, 0, 0, 0, 0, 1]	[0, 0, 0, 0, 0, 0, 0, 0, 0, 0, 0, 0, 0, 0, 0, 0, 0, 0, 0, 0, 0, 0, 0, 0]	[0, 0, 0, 0, 0, 0, 0, 0, 0, 0, 0, 0, 0, 0, 0, 0, 0, 0, 0, 0, 0, 0, 0, 0]	[0.00036150001687929034, 0.008016100007807836, 0.024743300018599257, 0.04143780001322739, 0.058309100015321746, 0.0747646999952849, 0.09164870000677183, 0.10802740001236089, 0.12480990000767633, 0.141522799996892, 0.15806030001840554, 0.17463690001750365, 0.19135050001204945, 0.20802720001665875, 0.22510050001437776, 0.241092700016452, 0.258146600011969, 0.2748958000156563, 0.2912658000132069, 0.3077130000165198, 0.32462329999543726, 0.34107970001059584, 0.357844300015131, 0.37475640000775456]	242.0	331.0	1.0	5a
318	9	go_only	0	18	8	go	click	[86.0, 86.0, 99.0, 130.0, 161.0, 181.0, 193.0, 203.0, 206.0, 206.0, 206.0, 206.0, 206.0, 206.0, 206.0, 206.0, 206.0, 206.0, 206.0, 206.0, 206.0, 206.0, 206.0, 206.0, 206.0, 206.0, 206.0, 206.0, 206.0, 207.0, 208.0, 209.0, 210.0, 211.0, 211.0, 211.0, 212.0, 213.0, 213.0, 213.0]	[-216.0, -216.0, -160.0, -39.0, 67.0, 129.0, 173.0, 202.0, 222.0, 239.0, 244.0, 246.0, 246.0, 246.0, 246.0, 246.0, 246.0, 246.0, 246.0, 246.0, 246.0, 246.0, 246.0, 246.0, 246.0, 246.0, 246.0, 246.0, 247.0, 251.0, 254.0, 258.0, 265.0, 266.0, 270.0, 277.0, 283.0, 287.0, 287.0, 287.0]	[0, 0, 0, 0, 0, 0, 0, 0, 0, 0, 0, 0, 0, 0, 0, 0, 0, 0, 0, 0, 0, 0, 1, 1, 1, 1, 1, 0, 0, 0, 0, 0, 0, 0, 0, 0, 0, 0, 0, 1]	[0, 0, 0, 0, 0, 0, 0, 0, 0, 0, 0, 0, 0, 0, 0, 0, 0, 0, 0, 0, 0, 0, 0, 0, 0, 0, 0, 0, 0, 0, 0, 0, 0, 0, 0, 0, 0, 0, 0, 0]	[0, 0, 0, 0, 0, 0, 0, 0, 0, 0, 0, 0, 0, 0, 0, 0, 0, 0, 0, 0, 0, 0, 0, 0, 0, 0, 0, 0, 0, 0, 0, 0, 0, 0, 0, 0, 0, 0, 0, 0]	[0.00041349997627548873, 0.007753899990348145, 0.024648699996760115, 0.041245699976570904, 0.05786859997897409, 0.07452369999373332, 0.09136239998042583, 0.10790439997799695, 0.12453359999926761, 0.1413126999977976, 0.15785979997599497, 0.17433599999640137, 0.19093250000150874, 0.20769529999233782, 0.22421639997628517, 0.24095320000196807, 0.2578090999741107, 0.2743008999968879, 0.29135949999908917, 0.3077799999737181, 0.32417639999766834, 0.3408861999923829, 0.3578790999890771, 0.37431269997614436, 0.39088699998683296, 0.40750849997857586, 0.424229700001888, 0.44136619998607785, 0.45771429999149404, 0.47446889997809194, 0.4910741999919992, 0.5080686000001151, 0.5245131999836303, 0.5412490000016987, 0.5580865999800153, 0.5746627999760676, 0.5915429999877233, 0.6074527000018861, 0.6243779999786057, 0.641211399983149]	213.0	287.0	0.5	5a
319	9	go_only	0	18	8	go	click	[73.0, 73.0, 91.0, 140.0, 190.0, 231.0, 254.0, 254.0, 254.0, 254.0, 253.0, 251.0, 247.0, 244.0, 240.0, 238.0, 235.0, 230.0, 219.0, 213.0, 212.0, 212.0, 211.0, 211.0, 211.0, 211.0, 211.0, 211.0, 211.0]	[-128.0, -128.0, -36.0, 135.0, 282.0, 401.0, 502.0, 520.0, 522.0, 522.0, 522.0, 515.0, 506.0, 496.0, 486.0, 477.0, 462.0, 441.0, 390.0, 366.0, 356.0, 353.0, 352.0, 351.0, 350.0, 348.0, 346.0, 343.0, 343.0]	[0, 0, 0, 0, 0, 0, 0, 0, 0, 0, 0, 0, 0, 0, 0, 0, 0, 0, 0, 0, 0, 0, 0, 0, 0, 0, 0, 0, 1]	[0, 0, 0, 0, 0, 0, 0, 0, 0, 0, 0, 0, 0, 0, 0, 0, 0, 0, 0, 0, 0, 0, 0, 0, 0, 0, 0, 0, 0]	[0, 0, 0, 0, 0, 0, 0, 0, 0, 0, 0, 0, 0, 0, 0, 0, 0, 0, 0, 0, 0, 0, 0, 0, 0, 0, 0, 0, 0]	[0.00043479999294504523, 0.011179499997524545, 0.02776550000999123, 0.04435169999487698, 0.060974799998803064, 0.07775999998557381, 0.09415779999108054, 0.11097029998200014, 0.1275113000010606, 0.14430879999417812, 0.16097430000081658, 0.1775056000042241, 0.1941660000011325, 0.2108310000039637, 0.2275167999905534, 0.24440190001041628, 0.2609791999857407, 0.2776795999961905, 0.29419670000788756, 0.31134600000223145, 0.32745680000516586, 0.3440892999933567, 0.3611296000017319, 0.3774684999953024, 0.3940796999959275, 0.4108023000007961, 0.4276501999993343, 0.4439497999846935, 0.4608814000093844]	211.0	343.0	0.6	5a
320	9	go_only	0	18	3	go	click	[102.0, 102.0, 114.0, 133.0, 146.0, 156.0, 159.0, 161.0, 161.0, 161.0, 161.0, 161.0, 161.0, 161.0, 161.0, 161.0, 162.0, 164.0, 171.0, 184.0, 195.0, 201.0, 201.0, 202.0]	[-164.0, -164.0, -92.0, 34.0, 128.0, 219.0, 248.0, 259.0, 259.0, 260.0, 260.0, 260.0, 259.0, 258.0, 257.0, 254.0, 251.0, 251.0, 255.0, 269.0, 282.0, 289.0, 290.0, 290.0]	[0, 0, 0, 0, 0, 0, 0, 0, 0, 0, 0, 0, 0, 0, 0, 0, 0, 0, 0, 0, 0, 0, 0, 1]	[0, 0, 0, 0, 0, 0, 0, 0, 0, 0, 0, 0, 0, 0, 0, 0, 0, 0, 0, 0, 0, 0, 0, 0]	[0, 0, 0, 0, 0, 0, 0, 0, 0, 0, 0, 0, 0, 0, 0, 0, 0, 0, 0, 0, 0, 0, 0, 0]	[0.0004268999909982085, 0.008103400003165007, 0.024716699990676716, 0.041473999997833744, 0.057973099988885224, 0.07454880001023412, 0.09170019999146461, 0.10754719999385998, 0.12455320000299253, 0.14139410000643693, 0.15772749998723157, 0.17451780001283623, 0.19126910000341013, 0.2078330999938771, 0.22464209998724982, 0.24118199999793433, 0.2577258000092115, 0.2747953000070993, 0.29180770000675693, 0.3082052000099793, 0.3244182000053115, 0.3411871999851428, 0.3578706000116654, 0.3746032000053674]	202.0	290.0	1.0	5a
321	9	go_only	0	18	4	go	click	[9.0, 9.0, 17.0, 32.0, 44.0, 53.0, 58.0, 74.0, 81.0, 87.0, 91.0, 95.0, 100.0, 106.0, 108.0, 109.0, 109.0, 109.0, 109.0, 109.0, 115.0, 121.0, 125.0, 136.0, 146.0, 157.0, 162.0, 165.0, 166.0, 168.0, 169.0, 170.0]	[-232.0, -232.0, -180.0, -78.0, 4.0, 73.0, 126.0, 185.0, 212.0, 227.0, 235.0, 243.0, 253.0, 262.0, 267.0, 267.0, 267.0, 267.0, 267.0, 268.0, 272.0, 275.0, 281.0, 289.0, 298.0, 306.0, 310.0, 312.0, 313.0, 314.0, 316.0, 317.0]	[0, 0, 0, 0, 0, 0, 0, 0, 0, 0, 0, 0, 0, 0, 0, 0, 0, 0, 0, 0, 0, 0, 0, 0, 0, 0, 0, 0, 0, 0, 0, 1]	[0, 0, 0, 0, 0, 0, 0, 0, 0, 0, 0, 0, 0, 0, 0, 0, 0, 0, 0, 0, 0, 0, 0, 0, 0, 0, 0, 0, 0, 0, 0, 0]	[0, 0, 0, 0, 0, 0, 0, 0, 0, 0, 0, 0, 0, 0, 0, 0, 0, 0, 0, 0, 0, 0, 0, 0, 0, 0, 0, 0, 0, 0, 0, 0]	[0.0004159000236541033, 0.008593700011260808, 0.025187999999616295, 0.04216010001255199, 0.05852469999808818, 0.07525429999805056, 0.09187040000688285, 0.10849270000471734, 0.1252315000165254, 0.14230490001500584, 0.1590167000249494, 0.17511530002229847, 0.19194730001618154, 0.20877310002106242, 0.2251700000197161, 0.2415509000129532, 0.25822750001680106, 0.2749121000233572, 0.2918493000033777, 0.3084763000078965, 0.3251287000020966, 0.3420609000022523, 0.3583781000052113, 0.37510580001981, 0.39170150001882575, 0.4083358000207227, 0.42510829999810085, 0.4419239000126254, 0.4583477000123821, 0.47504879999905825, 0.4919380000210367, 0.5087072000023909]	170.0	317.0	0.7	5a
322	9	go_only	0	18	4	go	click	[32.0, 43.0, 59.0, 92.0, 122.0, 144.0, 152.0, 157.0, 160.0, 163.0, 164.0, 164.0, 164.0, 164.0, 164.0, 164.0, 164.0, 164.0, 164.0, 164.0, 164.0, 164.0, 165.0, 165.0]	[-265.0, -213.0, -160.0, -34.0, 83.0, 172.0, 229.0, 280.0, 302.0, 319.0, 328.0, 331.0, 332.0, 332.0, 332.0, 332.0, 332.0, 332.0, 332.0, 332.0, 332.0, 332.0, 332.0, 332.0]	[0, 0, 0, 0, 0, 0, 0, 0, 0, 0, 0, 0, 0, 0, 0, 0, 0, 0, 0, 0, 0, 0, 0, 1]	[0, 0, 0, 0, 0, 0, 0, 0, 0, 0, 0, 0, 0, 0, 0, 0, 0, 0, 0, 0, 0, 0, 0, 0]	[0, 0, 0, 0, 0, 0, 0, 0, 0, 0, 0, 0, 0, 0, 0, 0, 0, 0, 0, 0, 0, 0, 0, 0]	[0.0001863999932538718, 0.01131500001065433, 0.027725799998734146, 0.04495320000569336, 0.06106120001641102, 0.07767500000772998, 0.09440010000253096, 0.11087689999840222, 0.12783800001488999, 0.14456000001518987, 0.16097650001756847, 0.17759040000964887, 0.19407339999452233, 0.21078560000751168, 0.22733320001862012, 0.24399459999403916, 0.26070340001024306, 0.2774325000063982, 0.29407800000626594, 0.310752199991839, 0.32736610001302324, 0.34400350000942126, 0.36093460000120103, 0.3776186000031885]	165.0	332.0	0.8	5a
323	9	go_only	0	18	7	go	click	[51.0, 51.0, 65.0, 110.0, 135.0, 151.0, 162.0, 170.0, 174.0, 175.0, 176.0, 176.0, 177.0, 178.0, 179.0, 179.0, 179.0, 179.0, 182.0, 190.0, 199.0, 206.0, 207.0, 207.0, 207.0]	[-236.0, -236.0, -184.0, -17.0, 76.0, 148.0, 194.0, 221.0, 234.0, 238.0, 238.0, 238.0, 240.0, 244.0, 246.0, 247.0, 247.0, 247.0, 254.0, 268.0, 284.0, 296.0, 299.0, 299.0, 299.0]	[0, 0, 0, 0, 0, 0, 0, 0, 0, 0, 0, 0, 0, 0, 0, 0, 0, 0, 0, 0, 0, 0, 0, 0, 1]	[0, 0, 0, 0, 0, 0, 0, 0, 0, 0, 0, 0, 0, 0, 0, 0, 0, 0, 0, 0, 0, 0, 0, 0, 0]	[0, 0, 0, 0, 0, 0, 0, 0, 0, 0, 0, 0, 0, 0, 0, 0, 0, 0, 0, 0, 0, 0, 0, 0, 0]	[0.0005120999994687736, 0.007967500016093254, 0.024699000001419336, 0.04124210000736639, 0.05794730002526194, 0.07490160001907498, 0.0913742000120692, 0.10782880001352169, 0.12444110002252273, 0.14111850000335835, 0.1575563000224065, 0.17459920002147555, 0.19130120001500472, 0.20801230001961812, 0.22450660000322387, 0.24112780002178624, 0.2573763000254985, 0.2749752000090666, 0.2911288000177592, 0.3082396000099834, 0.32448110001860186, 0.34104650001972914, 0.35748630002490245, 0.37413480001850985, 0.39129359999787994]	208.0	299.0	0.8	5a
324	9	go_only	0	18	8	go	click	[41.0, 58.0, 75.0, 108.0, 137.0, 158.0, 175.0, 189.0, 197.0, 203.0, 206.0, 207.0, 208.0, 208.0, 208.0, 208.0, 208.0, 208.0, 208.0, 208.0, 208.0, 208.0, 208.0, 208.0, 205.0, 204.0, 203.0, 203.0, 203.0, 203.0, 203.0, 203.0, 203.0, 203.0, 203.0]	[-240.0, -179.0, -114.0, 11.0, 113.0, 194.0, 255.0, 308.0, 346.0, 369.0, 379.0, 382.0, 385.0, 386.0, 387.0, 387.0, 387.0, 387.0, 387.0, 386.0, 384.0, 380.0, 373.0, 360.0, 337.0, 328.0, 323.0, 320.0, 319.0, 319.0, 319.0, 319.0, 319.0, 319.0, 319.0]	[0, 0, 0, 0, 0, 0, 0, 0, 0, 0, 0, 0, 0, 0, 0, 0, 0, 0, 0, 0, 0, 0, 0, 0, 0, 0, 0, 0, 0, 0, 0, 0, 0, 0, 1]	[0, 0, 0, 0, 0, 0, 0, 0, 0, 0, 0, 0, 0, 0, 0, 0, 0, 0, 0, 0, 0, 0, 0, 0, 0, 0, 0, 0, 0, 0, 0, 0, 0, 0, 0]	[0, 0, 0, 0, 0, 0, 0, 0, 0, 0, 0, 0, 0, 0, 0, 0, 0, 0, 0, 0, 0, 0, 0, 0, 0, 0, 0, 0, 0, 0, 0, 0, 0, 0, 0]	[0.0006173999863676727, 0.008406500011915341, 0.02563200000440702, 0.042081399995367974, 0.05880589998560026, 0.07536650000838563, 0.09178719998453744, 0.108524999988731, 0.12515340000391006, 0.14211700001033023, 0.15848209999967366, 0.1754668999928981, 0.19160309998551384, 0.20850400000927038, 0.22495480001089163, 0.24150030000600964, 0.25822260000859387, 0.2748429999919608, 0.29189389999373816, 0.3088858999835793, 0.3250636000011582, 0.3418855000054464, 0.35884299999452196, 0.3750851000077091, 0.3918495000107214, 0.4085089000000153, 0.42510339998989366, 0.4415713000053074, 0.4582445000123698, 0.4748206000076607, 0.49155060001066886, 0.5082303000090178, 0.5248685000115074, 0.5414434999984223, 0.5586112999881152]	203.0	319.0	1.0	5a
325	9	go_only	0	18	3	go	click	[41.0, 52.0, 62.0, 84.0, 101.0, 124.0, 145.0, 156.0, 168.0, 177.0, 180.0, 181.0, 181.0, 186.0, 194.0, 198.0, 200.0, 200.0, 200.0, 200.0, 200.0, 200.0, 200.0, 200.0, 200.0, 200.0, 200.0, 200.0, 200.0, 200.0, 199.0, 199.0, 197.0, 197.0, 197.0, 197.0, 197.0]	[-180.0, -124.0, -77.0, 16.0, 92.0, 166.0, 225.0, 260.0, 289.0, 309.0, 315.0, 315.0, 318.0, 331.0, 352.0, 366.0, 370.0, 370.0, 370.0, 370.0, 370.0, 370.0, 370.0, 370.0, 370.0, 370.0, 370.0, 370.0, 366.0, 356.0, 343.0, 334.0, 327.0, 323.0, 321.0, 321.0, 321.0]	[0, 0, 0, 0, 0, 0, 0, 0, 0, 0, 0, 0, 0, 0, 0, 0, 0, 0, 0, 0, 0, 0, 0, 0, 0, 0, 0, 0, 0, 0, 0, 0, 0, 0, 0, 0, 1]	[0, 0, 0, 0, 0, 0, 0, 0, 0, 0, 0, 0, 0, 0, 0, 0, 0, 0, 0, 0, 0, 0, 0, 0, 0, 0, 0, 0, 0, 0, 0, 0, 0, 0, 0, 0, 0]	[0, 0, 0, 0, 0, 0, 0, 0, 0, 0, 0, 0, 0, 0, 0, 0, 0, 0, 0, 0, 0, 0, 0, 0, 0, 0, 0, 0, 0, 0, 0, 0, 0, 0, 0, 0, 0]	[8.080000407062471e-05, 0.009461400011787191, 0.02668509999057278, 0.04242459998931736, 0.059146399988094345, 0.07579259999329224, 0.09243869999772869, 0.1092783999920357, 0.12585650000255555, 0.14243949999217875, 0.15913290000753477, 0.17607950000092387, 0.1924136999878101, 0.2097230000072159, 0.2261419999995269, 0.24241189999156632, 0.2588541000150144, 0.27565369999501854, 0.29218680001213215, 0.3088720999949146, 0.3254748999897856, 0.3424374999885913, 0.35890500000095926, 0.3757417000015266, 0.39210450000246055, 0.40881230001104996, 0.4252851000055671, 0.4422472000005655, 0.45887810000567697, 0.475705899996683, 0.49244040000485256, 0.5091441000113264, 0.5256422999955248, 0.5425369000004139, 0.5589709999912884, 0.5753847000014503, 0.592588400002569]	197.0	321.0	0.5	5a
326	9	go_only	0	18	7	go	click	[105.0, 105.0, 125.0, 172.0, 209.0, 219.0, 222.0, 224.0, 224.0, 225.0, 225.0, 226.0, 226.0, 226.0, 226.0, 226.0, 226.0, 226.0, 226.0, 226.0]	[-196.0, -196.0, -131.0, 8.0, 173.0, 227.0, 263.0, 286.0, 295.0, 297.0, 302.0, 306.0, 307.0, 307.0, 307.0, 307.0, 307.0, 307.0, 307.0, 307.0]	[0, 0, 0, 0, 0, 0, 0, 0, 0, 0, 0, 0, 0, 0, 0, 0, 0, 0, 0, 1]	[0, 0, 0, 0, 0, 0, 0, 0, 0, 0, 0, 0, 0, 0, 0, 0, 0, 0, 0, 0]	[0, 0, 0, 0, 0, 0, 0, 0, 0, 0, 0, 0, 0, 0, 0, 0, 0, 0, 0, 0]	[0.0004388999950606376, 0.008100500010186806, 0.024698000022908673, 0.04143280000425875, 0.05815409999922849, 0.07476800002041273, 0.09208160001435317, 0.1080913000041619, 0.12464019999606535, 0.14156099999672733, 0.15791660000104457, 0.17503519999445416, 0.19123290001880378, 0.20784760001697578, 0.2244572000054177, 0.24130280001554638, 0.2576874000078533, 0.27439700000104494, 0.2910777000070084, 0.30814740000641905]	226.0	307.0	1.0	5a
327	9	go_only	0	18	4	go	click	[88.0, 88.0, 96.0, 103.0, 116.0, 121.0, 124.0, 125.0, 126.0, 126.0, 127.0, 127.0, 128.0, 128.0, 128.0, 128.0, 128.0, 128.0, 128.0, 128.0, 133.0, 151.0, 169.0, 187.0, 200.0, 207.0, 212.0, 213.0, 213.0, 213.0, 214.0]	[-160.0, -160.0, -109.0, -21.0, 79.0, 115.0, 130.0, 135.0, 140.0, 143.0, 148.0, 156.0, 162.0, 163.0, 163.0, 163.0, 163.0, 163.0, 163.0, 163.0, 173.0, 202.0, 234.0, 264.0, 287.0, 303.0, 313.0, 316.0, 316.0, 316.0, 316.0]	[0, 0, 0, 0, 0, 0, 0, 0, 0, 0, 0, 0, 0, 0, 0, 0, 0, 0, 0, 0, 0, 0, 0, 0, 0, 0, 0, 0, 0, 0, 1]	[0, 0, 0, 0, 0, 0, 0, 0, 0, 0, 0, 0, 0, 0, 0, 0, 0, 0, 0, 0, 0, 0, 0, 0, 0, 0, 0, 0, 0, 0, 0]	[0, 0, 0, 0, 0, 0, 0, 0, 0, 0, 0, 0, 0, 0, 0, 0, 0, 0, 0, 0, 0, 0, 0, 0, 0, 0, 0, 0, 0, 0, 0]	[0.00044120001257397234, 0.008519599999999627, 0.025046800001291558, 0.04158030002145097, 0.05811480002012104, 0.07495249999919906, 0.09135390000301413, 0.1080851000151597, 0.12466970001696609, 0.14151320001110435, 0.1581317000091076, 0.17485660000238568, 0.19143679999979213, 0.20792250000522472, 0.22463589999824762, 0.24134130001766607, 0.2581161000125576, 0.2746977000206243, 0.29103930000565015, 0.30811400001402944, 0.3247112999961246, 0.341172300017206, 0.35794390001683496, 0.37470340001164004, 0.3914031000167597, 0.4078252000035718, 0.42496350000146776, 0.4412630000151694, 0.4576511000050232, 0.4744547000154853, 0.49125270001241006]	214.0	316.0	1.0	5a
328	9	go_only	0	18	2	go	click	[86.0, 86.0, 125.0, 158.0, 178.0, 185.0, 185.0, 185.0, 185.0, 185.0, 185.0, 185.0, 185.0, 185.0, 185.0, 185.0, 185.0, 185.0, 185.0, 185.0, 185.0]	[-176.0, -176.0, -50.0, 68.0, 164.0, 232.0, 274.0, 292.0, 295.0, 295.0, 295.0, 295.0, 295.0, 295.0, 295.0, 295.0, 295.0, 295.0, 295.0, 295.0, 295.0]	[0, 0, 0, 0, 0, 0, 0, 0, 0, 0, 0, 0, 0, 0, 0, 0, 0, 0, 0, 0, 1]	[0, 0, 0, 0, 0, 0, 0, 0, 0, 0, 0, 0, 0, 0, 0, 0, 0, 0, 0, 0, 0]	[0, 0, 0, 0, 0, 0, 0, 0, 0, 0, 0, 0, 0, 0, 0, 0, 0, 0, 0, 0, 0]	[0.00020099998801015317, 0.009357999981148168, 0.02612959998077713, 0.04278619997785427, 0.05990669998573139, 0.07547759998124093, 0.09211939998203889, 0.10883709997870028, 0.1254281000001356, 0.14193329997942783, 0.15862109998124652, 0.1751656999986153, 0.19188349999603815, 0.20868699997663498, 0.22545009999885224, 0.24217579999822192, 0.2585260999912862, 0.27537379998830147, 0.2920193999889307, 0.30887509998865426, 0.3259117999987211]	185.0	295.0	0.5	5a
329	9	go_only	0	18	7	go	click	[63.0, 63.0, 80.0, 113.0, 143.0, 165.0, 180.0, 187.0, 192.0, 197.0, 201.0, 203.0, 204.0, 204.0, 204.0, 204.0, 204.0, 204.0, 204.0, 204.0, 204.0, 204.0, 204.0, 204.0]	[-149.0, -149.0, -85.0, 33.0, 158.0, 243.0, 289.0, 307.0, 320.0, 330.0, 338.0, 346.0, 347.0, 347.0, 347.0, 347.0, 347.0, 346.0, 346.0, 346.0, 346.0, 346.0, 346.0, 346.0]	[0, 0, 0, 0, 0, 0, 0, 0, 0, 0, 0, 0, 0, 0, 0, 0, 0, 0, 0, 0, 0, 0, 0, 1]	[0, 0, 0, 0, 0, 0, 0, 0, 0, 0, 0, 0, 0, 0, 0, 0, 0, 0, 0, 0, 0, 0, 0, 0]	[0, 0, 0, 0, 0, 0, 0, 0, 0, 0, 0, 0, 0, 0, 0, 0, 0, 0, 0, 0, 0, 0, 0, 0]	[0.00018510001245886087, 0.009882100013783202, 0.026336700015235692, 0.04311290002078749, 0.059739000018453225, 0.07650070000090636, 0.09316000001854263, 0.10986620001494884, 0.12637890002224594, 0.14325770002324134, 0.159840800013626, 0.1762268000165932, 0.19288040001993068, 0.2094838000193704, 0.2262520000222139, 0.24273310002172366, 0.2598176000174135, 0.2760565000062343, 0.29268470001989044, 0.3094133000122383, 0.32618770000408404, 0.34269570000469685, 0.3593946000037249, 0.37667399999918416]	204.0	346.0	0.7	5a
330	9	go_only	0	18	3	go	click	[113.0, 140.0, 166.0, 203.0, 227.0, 238.0, 244.0, 244.0, 244.0, 244.0, 244.0, 245.0, 245.0, 245.0, 245.0, 245.0, 245.0, 245.0, 245.0, 245.0, 245.0, 241.0, 238.0, 237.0, 237.0, 237.0, 237.0, 237.0, 237.0]	[-160.0, -86.0, -20.0, 84.0, 165.0, 217.0, 240.0, 244.0, 245.0, 245.0, 246.0, 251.0, 254.0, 254.0, 254.0, 254.0, 254.0, 254.0, 254.0, 254.0, 256.0, 265.0, 274.0, 275.0, 275.0, 275.0, 275.0, 275.0, 275.0]	[0, 0, 0, 0, 0, 0, 0, 0, 0, 0, 0, 0, 0, 0, 0, 0, 0, 0, 0, 0, 0, 0, 0, 0, 0, 0, 0, 0, 1]	[0, 0, 0, 0, 0, 0, 0, 0, 0, 0, 0, 0, 0, 0, 0, 0, 0, 0, 0, 0, 0, 0, 0, 0, 0, 0, 0, 0, 0]	[0, 0, 0, 0, 0, 0, 0, 0, 0, 0, 0, 0, 0, 0, 0, 0, 0, 0, 0, 0, 0, 0, 0, 0, 0, 0, 0, 0, 0]	[0.0004059000057168305, 0.008371900010388345, 0.025256299995817244, 0.04254460000083782, 0.05864490001113154, 0.07525630001327954, 0.09185640001669526, 0.10844720000750385, 0.12487669999245554, 0.14178229999379255, 0.15860450000036508, 0.17509120001341216, 0.19168059999356046, 0.20831819999148138, 0.22482840000884607, 0.24158580001676455, 0.25842240001657046, 0.27485519999754615, 0.2914757000107784, 0.30830830000923015, 0.32506410000496544, 0.34181169999646954, 0.35838789999252185, 0.3748650999914389, 0.3915114999981597, 0.40794249999453314, 0.4246465000032913, 0.44138269999530166, 0.45804490000591613]	237.0	275.0	0.7	5a
331	10	go_nogo	0	60	3	go	click	[83.0, 83.0, 104.0, 111.0, 118.0, 134.0, 148.0, 161.0, 168.0, 169.0, 169.0, 169.0, 169.0, 169.0, 169.0, 170.0, 170.0, 171.0, 173.0, 186.0, 202.0, 211.0, 213.0, 213.0, 213.0]	[-152.0, -152.0, -57.0, 27.0, 104.0, 172.0, 215.0, 250.0, 273.0, 283.0, 285.0, 285.0, 285.0, 285.0, 285.0, 288.0, 290.0, 291.0, 295.0, 307.0, 319.0, 328.0, 329.0, 329.0, 329.0]	[0, 0, 0, 0, 0, 0, 0, 0, 0, 0, 0, 0, 0, 0, 0, 0, 0, 0, 0, 0, 0, 0, 0, 0, 1]	[0, 0, 0, 0, 0, 0, 0, 0, 0, 0, 0, 0, 0, 0, 0, 0, 0, 0, 0, 0, 0, 0, 0, 0, 0]	[0, 0, 0, 0, 0, 0, 0, 0, 0, 0, 0, 0, 0, 0, 0, 0, 0, 0, 0, 0, 0, 0, 0, 0, 0]	[0.0004178000090178102, 0.010081999993417412, 0.026644500001566485, 0.043988299992633983, 0.060078200011048466, 0.07718839999870397, 0.0933192000084091, 0.10992369998712093, 0.12641520000761375, 0.14321199999540113, 0.1596156999876257, 0.176389600004768, 0.19301270000869408, 0.2097154000075534, 0.22653350001201034, 0.2434003000089433, 0.2596526000124868, 0.27651379999588244, 0.2931643000047188, 0.309736499999417, 0.3264756000135094, 0.3431111999962013, 0.35973620001459494, 0.37619040001300164, 0.3935047000122722]	213.0	329.0	0.5	5a
332	10	go_nogo	0	60	6	go	click	[105.0, 105.0, 126.0, 163.0, 189.0, 216.0, 223.0, 226.0, 228.0, 228.0, 228.0, 228.0, 228.0, 226.0, 225.0, 225.0, 224.0, 217.0, 212.0, 211.0, 210.0, 209.0, 208.0, 208.0, 208.0, 208.0, 208.0, 208.0]	[-168.0, -168.0, -114.0, -14.0, 61.0, 133.0, 169.0, 205.0, 235.0, 245.0, 246.0, 246.0, 246.0, 247.0, 249.0, 249.0, 249.0, 247.0, 246.0, 246.0, 246.0, 254.0, 263.0, 271.0, 274.0, 274.0, 274.0, 274.0]	[0, 0, 0, 0, 0, 0, 0, 0, 0, 0, 0, 0, 0, 0, 0, 0, 0, 0, 0, 0, 0, 0, 0, 0, 0, 0, 0, 1]	[0, 0, 0, 0, 0, 0, 0, 0, 0, 0, 0, 0, 0, 0, 0, 0, 0, 0, 0, 0, 0, 0, 0, 0, 0, 0, 0, 0]	[0, 0, 0, 0, 0, 0, 0, 0, 0, 0, 0, 0, 0, 0, 0, 0, 0, 0, 0, 0, 0, 0, 0, 0, 0, 0, 0, 0]	[0.00040309998439624906, 0.00828509998973459, 0.025028799980646, 0.04170020000310615, 0.058384699979797006, 0.0752613999939058, 0.09236320000491105, 0.10870489999069832, 0.12508999998681247, 0.1416151000012178, 0.15804909999133088, 0.17482980000204407, 0.1918424000032246, 0.20843969998531975, 0.2247285999765154, 0.24163770000450313, 0.25833409998449497, 0.2749632000050042, 0.29167819998110645, 0.30902879999484867, 0.32488159998320043, 0.3415361999941524, 0.3582775999966543, 0.37481320000370033, 0.39167769998311996, 0.4080469000036828, 0.42468229998485185, 0.4416899999778252]	208.0	274.0	0.7	5a
333	10	go_nogo	0	60	1	nogo	none	[73.0, 73.0, 101.0, 154.0, 186.0, 205.0, 211.0, 214.0, 214.0, 214.0, 214.0, 214.0, 214.0, 214.0, 214.0, 214.0, 214.0, 214.0, 214.0, 212.0, 211.0, 211.0, 211.0, 211.0, 211.0, 211.0, 211.0, 211.0, 211.0, 211.0, 211.0, 211.0, 211.0, 211.0, 211.0, 211.0, 211.0, 211.0, 211.0, 211.0, 211.0, 211.0, 211.0, 211.0, 211.0, 211.0, 211.0, 211.0, 211.0, 211.0, 211.0, 211.0, 211.0, 211.0, 211.0, 211.0, 211.0, 211.0, 211.0, 211.0, 211.0, 211.0, 211.0, 211.0, 211.0, 211.0]	[-191.0, -191.0, -132.0, -18.0, 70.0, 124.0, 155.0, 178.0, 190.0, 194.0, 195.0, 195.0, 195.0, 195.0, 195.0, 195.0, 195.0, 195.0, 207.0, 231.0, 259.0, 293.0, 300.0, 301.0, 301.0, 301.0, 301.0, 301.0, 301.0, 301.0, 301.0, 301.0, 301.0, 301.0, 301.0, 301.0, 301.0, 301.0, 301.0, 301.0, 301.0, 301.0, 301.0, 301.0, 301.0, 301.0, 301.0, 301.0, 301.0, 301.0, 301.0, 301.0, 301.0, 301.0, 301.0, 301.0, 301.0, 301.0, 301.0, 301.0, 301.0, 301.0, 301.0, 301.0, 301.0, 301.0]	[0, 0, 0, 0, 0, 0, 0, 0, 0, 0, 0, 0, 0, 0, 0, 0, 0, 0, 0, 0, 0, 0, 0, 0, 0, 0, 0, 0, 0, 0, 0, 0, 0, 0, 0, 0, 0, 0, 0, 0, 0, 0, 0, 0, 0, 0, 0, 0, 0, 0, 0, 0, 0, 0, 0, 0, 0, 0, 0, 0, 0, 0, 0, 0, 0, 0]	[0, 0, 0, 0, 0, 0, 0, 0, 0, 0, 0, 0, 0, 0, 0, 0, 0, 0, 0, 0, 0, 0, 0, 0, 0, 0, 0, 0, 0, 0, 0, 0, 0, 0, 0, 0, 0, 0, 0, 0, 0, 0, 0, 0, 0, 0, 0, 0, 0, 0, 0, 0, 0, 0, 0, 0, 0, 0, 0, 0, 0, 0, 0, 0, 0, 0]	[0, 0, 0, 0, 0, 0, 0, 0, 0, 0, 0, 0, 0, 0, 0, 0, 0, 0, 0, 0, 0, 0, 0, 0, 0, 0, 0, 0, 0, 0, 0, 0, 0, 0, 0, 0, 0, 0, 0, 0, 0, 0, 0, 0, 0, 0, 0, 0, 0, 0, 0, 0, 0, 0, 0, 0, 0, 0, 0, 0, 0, 0, 0, 0, 0, 0]	[0.00043929999810643494, 0.008608600008301437, 0.02504340000450611, 0.0418667999911122, 0.05845700000645593, 0.07545179998851381, 0.09218669999972917, 0.10852909999084659, 0.12554589999490418, 0.14186989999143407, 0.15828249999321997, 0.174911299982341, 0.19160510000074282, 0.20818099999451078, 0.22492750000674278, 0.24157139999442734, 0.2582341999805067, 0.27509889999055304, 0.29188129998510703, 0.3085158999892883, 0.3252714999835007, 0.3418197999999393, 0.35853659998974763, 0.37506439999560826, 0.39145739999366924, 0.4083491000055801, 0.4248049999878276, 0.4414731999859214, 0.4581762999878265, 0.47476989999995567, 0.4915421000041533, 0.5081729000085033, 0.52483179999399, 0.5417076000012457, 0.558124700008193, 0.5748212999897078, 0.5913776999805123, 0.6081447000033222, 0.6247432999953162, 0.641392999998061, 0.658031500002835, 0.6747160000086296, 0.691418500005966, 0.7081294999807142, 0.7250432999862824, 0.7414069999940693, 0.7583293000061531, 0.7746062999940477, 0.7914263999846298, 0.8080331000091974, 0.8246771999984048, 0.8414655000087805, 0.8581913999805693, 0.8750499000016134, 0.891314299980877, 0.9079260999860708, 0.9248676999995951, 0.9413640999991912, 0.9579866999993101, 0.9746029999805614, 0.9914019999851007, 1.0080677999940235, 1.0246562999964226, 1.041332599997986, 1.0582427000044845, 1.0745163999963552]	n/a	n/a	0.7	5a
334	10	go_nogo	0	60	6	go	click	[54.0, 54.0, 71.0, 129.0, 153.0, 169.0, 182.0, 187.0, 190.0, 193.0, 194.0, 195.0, 195.0, 195.0, 197.0, 203.0, 203.0, 203.0, 203.0, 203.0, 203.0, 203.0, 203.0, 203.0, 203.0]	[-242.0, -242.0, -182.0, -1.0, 62.0, 104.0, 153.0, 194.0, 225.0, 243.0, 249.0, 249.0, 249.0, 250.0, 252.0, 258.0, 258.0, 259.0, 259.0, 259.0, 259.0, 267.0, 275.0, 276.0, 276.0]	[0, 0, 0, 0, 0, 0, 0, 0, 0, 0, 0, 0, 0, 0, 0, 0, 0, 0, 0, 0, 0, 0, 0, 0, 1]	[0, 0, 0, 0, 0, 0, 0, 0, 0, 0, 0, 0, 0, 0, 0, 0, 0, 0, 0, 0, 0, 0, 0, 0, 0]	[0, 0, 0, 0, 0, 0, 0, 0, 0, 0, 0, 0, 0, 0, 0, 0, 0, 0, 0, 0, 0, 0, 0, 0, 0]	[0.00039289999403990805, 0.008869500015862286, 0.025599999993573874, 0.04213700001128018, 0.05902730001253076, 0.0759816000063438, 0.0927664999908302, 0.10884970001643524, 0.12590479999198578, 0.14224519999697804, 0.15886940000928007, 0.17534580000210553, 0.19232420000480488, 0.20893490000162274, 0.22588620000169612, 0.24193910000030883, 0.2588357999920845, 0.27562780000153, 0.2918906999984756, 0.3085860999999568, 0.3254863000183832, 0.3422255000041332, 0.3589337000157684, 0.37518960001762025, 0.39232159999664873]	203.0	276.0	0.5	5a
335	10	go_nogo	0	60	7	go	click	[58.0, 58.0, 78.0, 118.0, 148.0, 160.0, 166.0, 170.0, 173.0, 176.0, 177.0, 177.0, 177.0, 180.0, 187.0, 195.0, 197.0, 198.0, 198.0, 198.0, 198.0, 198.0, 198.0, 198.0, 198.0, 198.0, 198.0, 196.0, 194.0, 194.0, 192.0, 192.0, 192.0, 192.0]	[-203.0, -203.0, -142.0, 1.0, 122.0, 204.0, 268.0, 308.0, 331.0, 342.0, 344.0, 344.0, 344.0, 347.0, 357.0, 366.0, 369.0, 370.0, 370.0, 370.0, 370.0, 370.0, 370.0, 370.0, 370.0, 365.0, 353.0, 336.0, 317.0, 305.0, 297.0, 294.0, 294.0, 294.0]	[0, 0, 0, 0, 0, 0, 0, 0, 0, 0, 0, 0, 0, 0, 0, 0, 0, 0, 0, 0, 0, 0, 0, 0, 0, 0, 0, 0, 0, 0, 0, 0, 0, 1]	[0, 0, 0, 0, 0, 0, 0, 0, 0, 0, 0, 0, 0, 0, 0, 0, 0, 0, 0, 0, 0, 0, 0, 0, 0, 0, 0, 0, 0, 0, 0, 0, 0, 0]	[0, 0, 0, 0, 0, 0, 0, 0, 0, 0, 0, 0, 0, 0, 0, 0, 0, 0, 0, 0, 0, 0, 0, 0, 0, 0, 0, 0, 0, 0, 0, 0, 0, 0]	[0.00033740000799298286, 0.007695300009800121, 0.024710900004720315, 0.04114270000718534, 0.05811400001402944, 0.07457419999991544, 0.09129129999200813, 0.10796900000423193, 0.12447889999020845, 0.14144549999036826, 0.1577093999949284, 0.17419449999579228, 0.1911561999877449, 0.20788010000251234, 0.22426889999769628, 0.24107799999183044, 0.25804000001517124, 0.27406039999914356, 0.29074699999182485, 0.30739219998940825, 0.32409899999038316, 0.34077830001479015, 0.3573472000134643, 0.3741804999881424, 0.3909556000144221, 0.40770330000668764, 0.42427399998996407, 0.4409550999989733, 0.4578537000052165, 0.47442579999915324, 0.49107879999792203, 0.5074066999950446, 0.5240062999946531, 0.5411794999963604]	192.0	294.0	0.5	5a
336	10	go_nogo	0	60	6	go	click	[57.0, 57.0, 67.0, 99.0, 129.0, 171.0, 211.0, 225.0, 231.0, 232.0, 232.0, 232.0, 232.0, 232.0, 232.0, 232.0, 232.0, 232.0, 232.0, 232.0, 232.0, 232.0, 227.0, 224.0, 223.0, 222.0, 222.0, 222.0, 222.0, 222.0, 222.0]	[-246.0, -246.0, -202.0, -100.0, -5.0, 88.0, 173.0, 199.0, 209.0, 212.0, 212.0, 212.0, 212.0, 212.0, 212.0, 212.0, 212.0, 212.0, 212.0, 212.0, 219.0, 240.0, 264.0, 283.0, 291.0, 293.0, 293.0, 293.0, 293.0, 293.0, 293.0]	[0, 0, 0, 0, 0, 0, 0, 0, 0, 0, 0, 0, 0, 0, 0, 0, 0, 0, 0, 0, 0, 0, 0, 0, 0, 0, 0, 0, 0, 0, 1]	[0, 0, 0, 0, 0, 0, 0, 0, 0, 0, 0, 0, 0, 0, 0, 0, 0, 0, 0, 0, 0, 0, 0, 0, 0, 0, 0, 0, 0, 0, 0]	[0, 0, 0, 0, 0, 0, 0, 0, 0, 0, 0, 0, 0, 0, 0, 0, 0, 0, 0, 0, 0, 0, 0, 0, 0, 0, 0, 0, 0, 0, 0]	[0.00042539997957646847, 0.0086806999752298, 0.025348299997858703, 0.04216309997718781, 0.05859419997432269, 0.07545949998893775, 0.09196169997449033, 0.10876599999028258, 0.12564919999567792, 0.14167409998481162, 0.15837920000194572, 0.17508779998752289, 0.1916276999982074, 0.20839399998658337, 0.22496799999498762, 0.24177289998624474, 0.25860209998791106, 0.2749739999999292, 0.291931099985959, 0.30893569998443127, 0.32520569997723214, 0.3425371999910567, 0.35853189998306334, 0.37521149998065084, 0.39218460000120103, 0.4083469999895897, 0.4249861999996938, 0.4415712999762036, 0.45834739998099394, 0.47500209999270737, 0.491985599976033]	222.0	293.0	0.6	5a
337	10	go_nogo	0	60	1	nogo	none	[94.0, 94.0, 107.0, 141.0, 181.0, 212.0, 233.0, 237.0, 238.0, 238.0, 238.0, 238.0, 238.0, 238.0, 239.0, 240.0, 240.0, 240.0, 240.0, 240.0, 240.0, 240.0, 240.0, 240.0]	[-192.0, -192.0, -139.0, -14.0, 121.0, 219.0, 281.0, 297.0, 299.0, 300.0, 300.0, 300.0, 300.0, 303.0, 306.0, 307.0, 307.0, 307.0, 307.0, 307.0, 307.0, 307.0, 307.0, 307.0]	[0, 0, 0, 0, 0, 0, 0, 0, 0, 0, 0, 0, 0, 0, 0, 0, 0, 0, 0, 0, 0, 0, 0, 1]	[0, 0, 0, 0, 0, 0, 0, 0, 0, 0, 0, 0, 0, 0, 0, 0, 0, 0, 0, 0, 0, 0, 0, 0]	[0, 0, 0, 0, 0, 0, 0, 0, 0, 0, 0, 0, 0, 0, 0, 0, 0, 0, 0, 0, 0, 0, 0, 0]	[0.0003806999884545803, 0.008473499998217449, 0.025155699986498803, 0.041687199991429225, 0.058337499998742715, 0.0750594999990426, 0.09153139998670667, 0.10869749999255873, 0.12498240001150407, 0.14129470000625588, 0.15812670000013895, 0.17481659998884425, 0.19146410000394098, 0.20811989999492653, 0.22507389998645522, 0.24124380000284873, 0.25796779998927377, 0.2746165999851655, 0.2912947000004351, 0.3078396999917459, 0.3246064000122715, 0.34121919999597594, 0.3580253999971319, 0.3749133000092115]	240.0	307.0	0.9	5a
338	10	go_nogo	0	60	6	go	click	[67.0, 83.0, 96.0, 123.0, 144.0, 160.0, 179.0, 199.0, 213.0, 219.0, 220.0, 220.0, 220.0, 218.0, 212.0, 205.0, 199.0, 198.0, 198.0, 198.0, 199.0, 200.0, 200.0, 200.0, 200.0, 200.0]	[-214.0, -153.0, -101.0, 4.0, 85.0, 153.0, 219.0, 289.0, 338.0, 357.0, 360.0, 360.0, 360.0, 355.0, 339.0, 316.0, 299.0, 295.0, 295.0, 299.0, 313.0, 318.0, 321.0, 321.0, 321.0, 321.0]	[0, 0, 0, 0, 0, 0, 0, 0, 0, 0, 0, 0, 0, 0, 0, 0, 0, 0, 0, 0, 0, 0, 0, 0, 0, 1]	[0, 0, 0, 0, 0, 0, 0, 0, 0, 0, 0, 0, 0, 0, 0, 0, 0, 0, 0, 0, 0, 0, 0, 0, 0, 0]	[0, 0, 0, 0, 0, 0, 0, 0, 0, 0, 0, 0, 0, 0, 0, 0, 0, 0, 0, 0, 0, 0, 0, 0, 0, 0]	[0.00033730000723153353, 0.008199500007322058, 0.024875700008124113, 0.04199019999941811, 0.0583022000209894, 0.07529840001370758, 0.09144840002409182, 0.1082458000164479, 0.12468330000410788, 0.1414062000112608, 0.15810620001866482, 0.17440060002263635, 0.19142730001476593, 0.20801910001318902, 0.22473570000147447, 0.24141159999999218, 0.25800520001212135, 0.2744709000107832, 0.2912437000195496, 0.3079924000194296, 0.32470460000331514, 0.34150370000861585, 0.3577375000168104, 0.3744777000101749, 0.3912270000146236, 0.4081039000011515]	200.0	321.0	1.0	5a
339	10	go_nogo	0	60	4	go	click	[78.0, 78.0, 98.0, 138.0, 165.0, 178.0, 183.0, 185.0, 186.0, 186.0, 186.0, 186.0, 186.0, 186.0, 186.0, 186.0, 186.0, 186.0, 186.0, 186.0, 186.0, 186.0, 186.0, 186.0, 186.0]	[-191.0, -191.0, -129.0, 9.0, 129.0, 235.0, 318.0, 333.0, 336.0, 336.0, 336.0, 336.0, 336.0, 336.0, 336.0, 336.0, 336.0, 336.0, 336.0, 336.0, 336.0, 336.0, 336.0, 336.0, 336.0]	[0, 0, 0, 0, 0, 0, 0, 0, 0, 0, 0, 0, 0, 0, 0, 0, 0, 0, 0, 0, 0, 0, 0, 0, 1]	[0, 0, 0, 0, 0, 0, 0, 0, 0, 0, 0, 0, 0, 0, 0, 0, 0, 0, 0, 0, 0, 0, 0, 0, 0]	[0, 0, 0, 0, 0, 0, 0, 0, 0, 0, 0, 0, 0, 0, 0, 0, 0, 0, 0, 0, 0, 0, 0, 0, 0]	[0.00017559999832883477, 0.009678700007498264, 0.026232700009131804, 0.04300810000859201, 0.05950890001258813, 0.0762068000040017, 0.09290720001445152, 0.1097357000107877, 0.12601920001907274, 0.14262110000709072, 0.15926919999765232, 0.17590990001917817, 0.1926759000052698, 0.2093477000016719, 0.226002100011101, 0.24284869999974035, 0.2593819000176154, 0.2759506000147667, 0.2926551999989897, 0.30921560002025217, 0.32605070000863634, 0.3425442000152543, 0.3593405999999959, 0.37585480001871474, 0.39291580001008697]	186.0	336.0	0.5	5a
340	10	go_nogo	0	60	7	go	click	[30.0, 30.0, 35.0, 57.0, 86.0, 108.0, 133.0, 161.0, 178.0, 189.0, 195.0, 199.0, 202.0, 209.0, 219.0, 226.0, 229.0, 229.0, 229.0, 229.0, 229.0, 229.0, 229.0, 229.0, 229.0]	[-256.0, -256.0, -205.0, -86.0, 42.0, 95.0, 152.0, 210.0, 244.0, 262.0, 274.0, 279.0, 285.0, 296.0, 312.0, 321.0, 323.0, 323.0, 323.0, 322.0, 322.0, 322.0, 322.0, 322.0, 322.0]	[0, 0, 0, 0, 0, 0, 0, 0, 0, 0, 0, 0, 0, 0, 0, 0, 0, 0, 0, 0, 0, 0, 0, 0, 1]	[0, 0, 0, 0, 0, 0, 0, 0, 0, 0, 0, 0, 0, 0, 0, 0, 0, 0, 0, 0, 0, 0, 0, 0, 0]	[0, 0, 0, 0, 0, 0, 0, 0, 0, 0, 0, 0, 0, 0, 0, 0, 0, 0, 0, 0, 0, 0, 0, 0, 0]	[0.0003552999987732619, 0.008130300004268065, 0.02472940000006929, 0.0413713000016287, 0.05826069999602623, 0.07479690000764094, 0.09230260000913404, 0.10892379999859259, 0.12482709999312647, 0.14131730000372045, 0.1581022999889683, 0.17476369999349117, 0.19144309998955578, 0.20825369999511167, 0.2247563999844715, 0.2416355999885127, 0.2579146999923978, 0.2744114999950398, 0.29138539999257773, 0.30786699999589473, 0.3244645000086166, 0.34133979998296127, 0.35802079999120906, 0.37444859999231994, 0.39169489999767393]	229.0	322.0	0.5	5a
341	10	go_nogo	0	60	7	go	click	[82.0, 82.0, 136.0, 179.0, 211.0, 232.0, 242.0, 245.0, 245.0, 245.0, 245.0, 245.0, 245.0, 245.0, 244.0, 244.0, 244.0, 244.0, 244.0, 244.0, 239.0, 233.0, 227.0, 221.0, 220.0, 220.0]	[-199.0, -199.0, -51.0, 83.0, 193.0, 267.0, 304.0, 321.0, 326.0, 330.0, 332.0, 332.0, 332.0, 332.0, 332.0, 332.0, 332.0, 332.0, 332.0, 332.0, 330.0, 323.0, 314.0, 309.0, 308.0, 308.0]	[0, 0, 0, 0, 0, 0, 0, 0, 0, 0, 0, 0, 0, 0, 0, 0, 0, 0, 0, 0, 0, 0, 0, 0, 0, 1]	[0, 0, 0, 0, 0, 0, 0, 0, 0, 0, 0, 0, 0, 0, 0, 0, 0, 0, 0, 0, 0, 0, 0, 0, 0, 0]	[0, 0, 0, 0, 0, 0, 0, 0, 0, 0, 0, 0, 0, 0, 0, 0, 0, 0, 0, 0, 0, 0, 0, 0, 0, 0]	[0.0004394999996293336, 0.011757500004023314, 0.028225399990333244, 0.04489109999849461, 0.06150579999666661, 0.07883199999923818, 0.09535499999765307, 0.11160969999036752, 0.12815330000012182, 0.14502649998757988, 0.16147829999681562, 0.17788020000443794, 0.19462289998773485, 0.21142549999058247, 0.2280458000022918, 0.24473249999573454, 0.2616752999892924, 0.27795309998327866, 0.2947783999843523, 0.31158310000319034, 0.32829710000078194, 0.34490090000326745, 0.36149929999373853, 0.3780098999850452, 0.394692900008522, 0.41162400000030175]	220.0	308.0	0.9	5a
342	10	go_nogo	0	60	3	go	click	[74.0, 74.0, 98.0, 142.0, 172.0, 185.0, 188.0, 188.0, 188.0, 188.0, 188.0, 188.0, 186.0, 185.0, 183.0, 183.0, 183.0, 183.0, 183.0, 183.0]	[-165.0, -165.0, -95.0, 55.0, 176.0, 235.0, 262.0, 272.0, 274.0, 275.0, 275.0, 275.0, 274.0, 272.0, 269.0, 268.0, 268.0, 268.0, 268.0, 268.0]	[0, 0, 0, 0, 0, 0, 0, 0, 0, 0, 0, 0, 0, 0, 0, 0, 0, 0, 0, 1]	[0, 0, 0, 0, 0, 0, 0, 0, 0, 0, 0, 0, 0, 0, 0, 0, 0, 0, 0, 0]	[0, 0, 0, 0, 0, 0, 0, 0, 0, 0, 0, 0, 0, 0, 0, 0, 0, 0, 0, 0]	[0.00041900001815520227, 0.007539600017480552, 0.024254600022686645, 0.040989500004798174, 0.057706200022948906, 0.0742305000021588, 0.0909395000198856, 0.10754140000790358, 0.12446280001313426, 0.14069410000229254, 0.15738640000927262, 0.17468770002597012, 0.19115660001989454, 0.20753670000704005, 0.22420700002112426, 0.2411034000106156, 0.2574249000172131, 0.27405300000100397, 0.2907567000074778, 0.30774830002337694]	183.0	268.0	0.5	5a
343	10	go_nogo	0	60	2	go	click	[86.0, 86.0, 106.0, 152.0, 188.0, 216.0, 225.0, 227.0, 227.0, 227.0, 227.0, 227.0, 227.0, 227.0, 227.0, 227.0, 227.0, 227.0, 227.0, 227.0, 227.0, 227.0]	[-190.0, -190.0, -121.0, 18.0, 140.0, 257.0, 292.0, 307.0, 310.0, 310.0, 310.0, 311.0, 317.0, 321.0, 322.0, 322.0, 322.0, 322.0, 322.0, 322.0, 322.0, 322.0]	[0, 0, 0, 0, 0, 0, 0, 0, 0, 0, 0, 0, 0, 0, 0, 0, 0, 0, 0, 0, 0, 1]	[0, 0, 0, 0, 0, 0, 0, 0, 0, 0, 0, 0, 0, 0, 0, 0, 0, 0, 0, 0, 0, 0]	[0, 0, 0, 0, 0, 0, 0, 0, 0, 0, 0, 0, 0, 0, 0, 0, 0, 0, 0, 0, 0, 0]	[0.00032580000697635114, 0.007839800004148856, 0.024723899987293407, 0.04144229998928495, 0.05813990000751801, 0.07520019999356009, 0.0912495999946259, 0.1086238999851048, 0.12443619998521172, 0.1411177999980282, 0.15799179999157786, 0.17461670000921004, 0.19143049998092465, 0.2082769999979064, 0.22433040000032634, 0.240972800005693, 0.2579122000024654, 0.2743528999853879, 0.29104799998458475, 0.3076062999898568, 0.32458600000245497, 0.34151589998509735]	227.0	322.0	1.0	5a
344	10	go_nogo	0	60	8	go	click	[53.0, 53.0, 65.0, 90.0, 122.0, 136.0, 139.0, 141.0, 142.0, 144.0, 145.0, 145.0, 146.0, 148.0, 148.0, 148.0, 148.0, 148.0, 148.0, 148.0, 152.0, 159.0, 163.0, 169.0, 174.0, 177.0, 180.0, 182.0, 185.0, 189.0, 190.0]	[-261.0, -261.0, -220.0, -135.0, -2.0, 77.0, 129.0, 161.0, 181.0, 192.0, 198.0, 206.0, 213.0, 220.0, 222.0, 223.0, 223.0, 223.0, 223.0, 223.0, 229.0, 239.0, 245.0, 253.0, 259.0, 265.0, 273.0, 275.0, 287.0, 292.0, 295.0]	[0, 0, 0, 0, 0, 0, 0, 0, 0, 0, 0, 0, 0, 0, 0, 0, 0, 0, 0, 0, 0, 0, 0, 0, 0, 0, 0, 0, 0, 0, 1]	[0, 0, 0, 0, 0, 0, 0, 0, 0, 0, 0, 0, 0, 0, 0, 0, 0, 0, 0, 0, 0, 0, 0, 0, 0, 0, 0, 0, 0, 0, 0]	[0, 0, 0, 0, 0, 0, 0, 0, 0, 0, 0, 0, 0, 0, 0, 0, 0, 0, 0, 0, 0, 0, 0, 0, 0, 0, 0, 0, 0, 0, 0]	[0.0002534999803174287, 0.012216699979035184, 0.028797399980248883, 0.04568859998835251, 0.06214999998337589, 0.0793446000025142, 0.09569289998034947, 0.11218559998087585, 0.12891709999530576, 0.14559209998697042, 0.16206400000373833, 0.178806199983228, 0.19550139998318627, 0.2125903999840375, 0.2292810999788344, 0.24567499998374842, 0.26224029998411424, 0.2787010000029113, 0.2953577000007499, 0.31211629998870194, 0.3290172999841161, 0.34583659999771044, 0.36276960000395775, 0.3791369999817107, 0.39578849999816157, 0.41281439998419955, 0.42920779998530634, 0.4459156999946572, 0.4627803000039421, 0.4791053999797441, 0.49649749998934567]	191.0	295.0	0.5	5a
345	10	go_nogo	0	60	8	go	click	[73.0, 73.0, 107.0, 126.0, 136.0, 144.0, 150.0, 153.0, 157.0, 161.0, 164.0, 165.0, 165.0, 165.0, 165.0, 165.0, 165.0, 165.0, 165.0, 165.0, 165.0, 165.0, 168.0, 168.0]	[-104.0, -104.0, 29.0, 110.0, 146.0, 167.0, 188.0, 213.0, 241.0, 266.0, 277.0, 281.0, 281.0, 282.0, 283.0, 283.0, 283.0, 283.0, 283.0, 283.0, 283.0, 284.0, 291.0, 291.0]	[0, 0, 0, 0, 0, 0, 0, 0, 0, 0, 0, 0, 0, 0, 0, 0, 0, 0, 0, 0, 0, 0, 0, 1]	[0, 0, 0, 0, 0, 0, 0, 0, 0, 0, 0, 0, 0, 0, 0, 0, 0, 0, 0, 0, 0, 0, 0, 0]	[0, 0, 0, 0, 0, 0, 0, 0, 0, 0, 0, 0, 0, 0, 0, 0, 0, 0, 0, 0, 0, 0, 0, 0]	[0.00018430000636726618, 0.010211999993771315, 0.026836900011403486, 0.04362690000561997, 0.059921200008830056, 0.07691040000645444, 0.0932842000038363, 0.11005180000211112, 0.1267216999840457, 0.1433748999843374, 0.15996419999282807, 0.17639670000062324, 0.19307449998450466, 0.20992920000571758, 0.226595099986298, 0.243272399995476, 0.2596769999945536, 0.27645080001093447, 0.2930369999958202, 0.30969500000355765, 0.32662199999322183, 0.3434645000088494, 0.35966719998396, 0.37673270000959747]	168.0	291.0	0.5	5a
346	10	go_nogo	0	60	4	go	click	[65.0, 65.0, 105.0, 140.0, 171.0, 190.0, 201.0, 211.0, 214.0, 214.0, 210.0, 208.0, 207.0, 208.0, 209.0, 210.0, 210.0, 210.0, 210.0, 210.0, 210.0, 213.0, 214.0, 217.0, 217.0, 217.0, 217.0, 217.0, 217.0, 217.0, 217.0, 217.0]	[-252.0, -252.0, -156.0, -68.0, -6.0, 32.0, 62.0, 87.0, 104.0, 111.0, 117.0, 121.0, 130.0, 151.0, 159.0, 162.0, 162.0, 162.0, 169.0, 178.0, 193.0, 208.0, 224.0, 239.0, 250.0, 262.0, 265.0, 266.0, 266.0, 267.0, 267.0, 267.0]	[0, 0, 0, 0, 0, 0, 0, 0, 0, 0, 0, 0, 0, 0, 0, 0, 0, 0, 0, 0, 0, 0, 0, 0, 0, 0, 0, 0, 0, 0, 0, 1]	[0, 0, 0, 0, 0, 0, 0, 0, 0, 0, 0, 0, 0, 0, 0, 0, 0, 0, 0, 0, 0, 0, 0, 0, 0, 0, 0, 0, 0, 0, 0, 0]	[0, 0, 0, 0, 0, 0, 0, 0, 0, 0, 0, 0, 0, 0, 0, 0, 0, 0, 0, 0, 0, 0, 0, 0, 0, 0, 0, 0, 0, 0, 0, 0]	[0.00020640000002458692, 0.009801100008189678, 0.026447100011864677, 0.04302559999632649, 0.05979950001346879, 0.07628780000959523, 0.0929224000137765, 0.10958330001449212, 0.12630100001115352, 0.14298950001830235, 0.15942690000520088, 0.17606900000828318, 0.192748000001302, 0.20966439999756403, 0.22613039999851026, 0.24262820000876673, 0.25919989999965765, 0.2760079000145197, 0.2926648000138812, 0.30927610001526773, 0.3260188999993261, 0.34281070000724867, 0.35922430001664907, 0.3759825000015553, 0.39280080000753514, 0.4093579000036698, 0.4259866000211332, 0.4424888000066858, 0.45933250000234693, 0.47577330001513474, 0.4924909000110347, 0.509672700020019]	217.0	267.0	1.0	5a
347	10	go_nogo	0	60	8	go	click	[50.0, 50.0, 67.0, 159.0, 223.0, 268.0, 290.0, 298.0, 300.0, 300.0, 299.0, 298.0, 297.0, 296.0, 295.0, 291.0, 287.0, 280.0, 269.0, 254.0, 243.0, 230.0, 222.0, 218.0, 217.0, 216.0, 216.0, 216.0, 216.0, 216.0]	[-245.0, -245.0, -181.0, 77.0, 246.0, 365.0, 428.0, 453.0, 465.0, 470.0, 471.0, 471.0, 471.0, 470.0, 468.0, 461.0, 450.0, 428.0, 405.0, 379.0, 354.0, 328.0, 311.0, 301.0, 298.0, 298.0, 298.0, 297.0, 297.0, 297.0]	[0, 0, 0, 0, 0, 0, 0, 0, 0, 0, 0, 0, 0, 0, 0, 0, 0, 0, 0, 0, 0, 0, 0, 0, 0, 0, 0, 0, 0, 1]	[0, 0, 0, 0, 0, 0, 0, 0, 0, 0, 0, 0, 0, 0, 0, 0, 0, 0, 0, 0, 0, 0, 0, 0, 0, 0, 0, 0, 0, 0]	[0, 0, 0, 0, 0, 0, 0, 0, 0, 0, 0, 0, 0, 0, 0, 0, 0, 0, 0, 0, 0, 0, 0, 0, 0, 0, 0, 0, 0, 0]	[0.00042150000808760524, 0.008867700002156198, 0.025421700003789738, 0.04210459999740124, 0.059001199988415465, 0.07541069999570027, 0.09231829998316243, 0.10858030000235885, 0.12560599998687394, 0.14222489998792298, 0.15891309999278747, 0.17560950000188313, 0.1920154999825172, 0.2087599000078626, 0.22698869998566806, 0.24424219998763874, 0.2589031999814324, 0.27622999998857267, 0.2922485999879427, 0.3085613999865018, 0.3255236999830231, 0.3418897000083234, 0.35899730000528507, 0.3753230999864172, 0.3919295000087004, 0.4086218999873381, 0.4252919999998994, 0.4417136999836657, 0.4585773999860976, 0.47552529998938553]	216.0	297.0	0.9	5a
348	10	go_nogo	0	60	3	go	click	[94.0, 118.0, 140.0, 166.0, 174.0, 177.0, 177.0, 177.0, 177.0, 177.0, 177.0, 177.0, 177.0, 177.0, 177.0, 177.0, 177.0, 177.0, 177.0, 177.0, 179.0, 186.0, 188.0, 189.0]	[-96.0, -3.0, 94.0, 245.0, 329.0, 356.0, 359.0, 359.0, 360.0, 360.0, 360.0, 360.0, 359.0, 358.0, 358.0, 358.0, 358.0, 358.0, 358.0, 355.0, 346.0, 334.0, 326.0, 323.0]	[0, 0, 0, 0, 0, 0, 0, 0, 0, 0, 0, 0, 0, 0, 0, 0, 0, 0, 0, 0, 0, 0, 0, 1]	[0, 0, 0, 0, 0, 0, 0, 0, 0, 0, 0, 0, 0, 0, 0, 0, 0, 0, 0, 0, 0, 0, 0, 0]	[0, 0, 0, 0, 0, 0, 0, 0, 0, 0, 0, 0, 0, 0, 0, 0, 0, 0, 0, 0, 0, 0, 0, 0]	[0.0004304999893065542, 0.008284400013508275, 0.025282499991590157, 0.04227639999589883, 0.05839890000061132, 0.07513700000708923, 0.09156550001353025, 0.10841549999895506, 0.12480610000784509, 0.14148230000864714, 0.1581548000103794, 0.17499140001018532, 0.19186530000297353, 0.2081150999874808, 0.2249078000022564, 0.2416559999983292, 0.2580572000006214, 0.27473159998771735, 0.2916439000109676, 0.3082884000032209, 0.3249393999867607, 0.34156639999127947, 0.3582188000145834, 0.3753150000120513]	190.0	323.0	0.6	5a
349	10	go_nogo	0	60	2	go	click	[83.0, 101.0, 119.0, 177.0, 217.0, 231.0, 237.0, 237.0, 237.0, 237.0, 237.0, 237.0, 238.0, 240.0, 241.0, 241.0, 241.0, 241.0, 241.0, 241.0, 241.0, 241.0, 241.0, 241.0, 241.0, 241.0, 241.0, 241.0, 241.0, 241.0, 241.0, 241.0, 241.0, 241.0, 241.0, 241.0]	[-156.0, -84.0, -3.0, 168.0, 258.0, 291.0, 302.0, 303.0, 303.0, 303.0, 303.0, 303.0, 304.0, 311.0, 311.0, 312.0, 312.0, 312.0, 312.0, 312.0, 312.0, 312.0, 312.0, 312.0, 312.0, 312.0, 312.0, 312.0, 312.0, 312.0, 312.0, 312.0, 312.0, 312.0, 312.0, 312.0]	[0, 0, 0, 0, 0, 0, 0, 0, 0, 0, 0, 0, 0, 0, 0, 0, 0, 0, 0, 0, 0, 0, 0, 0, 0, 0, 0, 0, 0, 0, 0, 0, 0, 0, 0, 1]	[0, 0, 0, 0, 0, 0, 0, 0, 0, 0, 0, 0, 0, 0, 0, 0, 0, 0, 0, 0, 0, 0, 0, 0, 0, 0, 0, 0, 0, 0, 0, 0, 0, 0, 0, 0]	[0, 0, 0, 0, 0, 0, 0, 0, 0, 0, 0, 0, 0, 0, 0, 0, 0, 0, 0, 0, 0, 0, 0, 0, 0, 0, 0, 0, 0, 0, 0, 0, 0, 0, 0, 0]	[0.0003513999981805682, 0.00942159999976866, 0.0259076000074856, 0.04267890000483021, 0.059016200015321374, 0.0754173000168521, 0.09203830000478774, 0.10838340001646429, 0.12501250000786968, 0.1417100999969989, 0.15831190001335926, 0.17532890001893975, 0.19192179999663495, 0.208509399992181, 0.22538030002033338, 0.24163090001093224, 0.25828370000817813, 0.27500290001626126, 0.29158770001959056, 0.3082336999941617, 0.3248001000029035, 0.341596300015226, 0.35832930001197383, 0.374983899993822, 0.39175130001967773, 0.40827519999584183, 0.42494650001754053, 0.4415811999933794, 0.45820150000508875, 0.4748482000140939, 0.4915122000093106, 0.5081763000052888, 0.5248623999941628, 0.5414090999984182, 0.5581211000098847, 0.5753083000017796]	241.0	312.0	0.9	5a
350	10	go_nogo	0	60	9	nogo	none	[57.0, 81.0, 101.0, 128.0, 143.0, 157.0, 169.0, 180.0, 188.0, 196.0, 198.0, 199.0, 199.0, 199.0, 199.0, 199.0, 199.0, 199.0, 199.0, 199.0, 199.0, 199.0, 199.0, 199.0]	[-156.0, -78.0, -9.0, 104.0, 168.0, 208.0, 243.0, 278.0, 309.0, 332.0, 338.0, 339.0, 339.0, 339.0, 339.0, 339.0, 339.0, 339.0, 339.0, 339.0, 339.0, 339.0, 339.0, 339.0]	[0, 0, 0, 0, 0, 0, 0, 0, 0, 0, 0, 0, 0, 0, 0, 0, 0, 0, 0, 0, 0, 0, 0, 1]	[0, 0, 0, 0, 0, 0, 0, 0, 0, 0, 0, 0, 0, 0, 0, 0, 0, 0, 0, 0, 0, 0, 0, 0]	[0, 0, 0, 0, 0, 0, 0, 0, 0, 0, 0, 0, 0, 0, 0, 0, 0, 0, 0, 0, 0, 0, 0, 0]	[0.00045110000064596534, 0.008748199994442984, 0.025863699993351474, 0.04216479999013245, 0.05936799998744391, 0.0759165000054054, 0.09253359999274835, 0.10903779999352992, 0.12555199998314492, 0.1421150999958627, 0.15891920001013204, 0.17547210000338964, 0.19190559998969547, 0.20855569999548607, 0.22518740000668913, 0.24194109998643398, 0.2585888000030536, 0.27521940000588074, 0.29184130000066943, 0.30850919999647886, 0.3251606999838259, 0.341851700010011, 0.3584619000030216, 0.37565529998391867]	199.0	339.0	0.5	5a
351	10	go_nogo	0	60	4	go	click	[73.0, 84.0, 84.0, 118.0, 147.0, 175.0, 190.0, 195.0, 196.0, 196.0, 196.0, 196.0, 196.0, 196.0, 194.0, 192.0, 191.0, 191.0, 191.0, 191.0, 191.0, 191.0]	[-135.0, -79.0, -79.0, 85.0, 190.0, 280.0, 322.0, 335.0, 335.0, 335.0, 335.0, 335.0, 335.0, 331.0, 319.0, 314.0, 311.0, 310.0, 310.0, 310.0, 310.0, 310.0]	[0, 0, 0, 0, 0, 0, 0, 0, 0, 0, 0, 0, 0, 0, 0, 0, 0, 0, 0, 0, 0, 1]	[0, 0, 0, 0, 0, 0, 0, 0, 0, 0, 0, 0, 0, 0, 0, 0, 0, 0, 0, 0, 0, 0]	[0, 0, 0, 0, 0, 0, 0, 0, 0, 0, 0, 0, 0, 0, 0, 0, 0, 0, 0, 0, 0, 0]	[0.00040339998668059707, 0.007732800004305318, 0.025509400002192706, 0.04205970000475645, 0.05808339998475276, 0.07481190000544302, 0.0914508999849204, 0.10812620000797324, 0.12451230001170188, 0.14124329999322072, 0.15785580000374466, 0.17436909998650663, 0.19168429999263026, 0.20805879999534227, 0.22530590000678785, 0.24153490000753663, 0.25817519999691285, 0.2745078000007197, 0.29105349999736063, 0.30791179998777807, 0.32440179999684915, 0.341471099993214]	191.0	310.0	0.9	5a
352	10	go_nogo	0	60	7	go	click	[15.0, 15.0, 27.0, 45.0, 62.0, 89.0, 101.0, 113.0, 124.0, 130.0, 134.0, 136.0, 139.0, 142.0, 144.0, 144.0, 144.0, 144.0, 144.0, 145.0, 146.0, 148.0, 149.0, 150.0, 150.0, 152.0, 156.0, 162.0, 168.0, 174.0, 174.0, 174.0, 174.0, 174.0, 174.0, 174.0, 174.0]	[-231.0, -231.0, -186.0, -87.0, 5.0, 73.0, 98.0, 127.0, 157.0, 176.0, 187.0, 194.0, 197.0, 199.0, 200.0, 201.0, 201.0, 201.0, 201.0, 202.0, 206.0, 210.0, 212.0, 213.0, 215.0, 220.0, 232.0, 253.0, 277.0, 301.0, 303.0, 303.0, 303.0, 303.0, 303.0, 303.0, 303.0]	[0, 0, 0, 0, 0, 0, 0, 0, 0, 0, 0, 0, 0, 0, 0, 0, 0, 0, 0, 0, 0, 0, 1, 1, 1, 1, 0, 0, 0, 0, 0, 0, 0, 0, 0, 0, 1]	[0, 0, 0, 0, 0, 0, 0, 0, 0, 0, 0, 0, 0, 0, 0, 0, 0, 0, 0, 0, 0, 0, 0, 0, 0, 0, 0, 0, 0, 0, 0, 0, 0, 0, 0, 0, 0]	[0, 0, 0, 0, 0, 0, 0, 0, 0, 0, 0, 0, 0, 0, 0, 0, 0, 0, 0, 0, 0, 0, 0, 0, 0, 0, 0, 0, 0, 0, 0, 0, 0, 0, 0, 0, 0]	[0.0003733999910764396, 0.008329100004630163, 0.024973399995360523, 0.04165790000115521, 0.058269100001780316, 0.07517670001834631, 0.09175250001135282, 0.10879790000035428, 0.1247680000087712, 0.14148750001913868, 0.1580483000143431, 0.17475810000905767, 0.19143969999277033, 0.2081645000143908, 0.22511920001124963, 0.24125370002002455, 0.2580376999976579, 0.2745582000061404, 0.2913109000073746, 0.30862389999674633, 0.3247214000148233, 0.3419356000085827, 0.3586592999927234, 0.37454479999723844, 0.39129980001598597, 0.40792230001534335, 0.42481280001811683, 0.44166609999956563, 0.4582098000100814, 0.47474309999961406, 0.49122920000809245, 0.5079085000033956, 0.5244726999953855, 0.5413529000070412, 0.557952800008934, 0.574683200014988, 0.5914769000082742]	174.0	303.0	0.8	5a
353	10	go_nogo	0	60	4	go	click	[71.0, 71.0, 87.0, 125.0, 152.0, 177.0, 197.0, 205.0, 214.0, 217.0, 218.0, 218.0, 218.0, 218.0, 218.0, 218.0, 218.0, 217.0, 216.0, 214.0, 213.0, 213.0, 213.0, 213.0, 212.0, 211.0, 210.0, 209.0, 208.0, 208.0, 208.0]	[-252.0, -252.0, -195.0, -41.0, 118.0, 257.0, 337.0, 372.0, 415.0, 430.0, 436.0, 440.0, 441.0, 441.0, 441.0, 441.0, 436.0, 431.0, 428.0, 423.0, 412.0, 396.0, 379.0, 367.0, 356.0, 350.0, 343.0, 338.0, 334.0, 332.0, 332.0]	[0, 0, 0, 0, 0, 0, 0, 0, 0, 0, 0, 0, 0, 0, 0, 0, 0, 0, 0, 0, 0, 0, 0, 0, 0, 0, 0, 0, 0, 0, 1]	[0, 0, 0, 0, 0, 0, 0, 0, 0, 0, 0, 0, 0, 0, 0, 0, 0, 0, 0, 0, 0, 0, 0, 0, 0, 0, 0, 0, 0, 0, 0]	[0, 0, 0, 0, 0, 0, 0, 0, 0, 0, 0, 0, 0, 0, 0, 0, 0, 0, 0, 0, 0, 0, 0, 0, 0, 0, 0, 0, 0, 0, 0]	[0.0003798999823629856, 0.00828069998533465, 0.02503329998580739, 0.04190979999839328, 0.05860829999437556, 0.07517279998864979, 0.09188500000163913, 0.10864109999965876, 0.12513339999713935, 0.142143799981568, 0.15837970000575297, 0.17503250000299886, 0.19176529999822378, 0.20805280000786297, 0.22478759998921305, 0.2417637000035029, 0.25849290000041947, 0.2750473000050988, 0.2917277000087779, 0.30838080000830814, 0.3254278999811504, 0.3424994999950286, 0.35838600000715815, 0.37517210000078194, 0.391848300001584, 0.40854989999206737, 0.42508009998709895, 0.4427920999878552, 0.458319900004426, 0.4747219999844674, 0.49190140000428073]	208.0	331.0	0.8	5a
354	10	go_nogo	0	60	1	nogo	none	[43.0, 43.0, 59.0, 94.0, 127.0, 150.0, 160.0, 162.0, 163.0, 163.0, 163.0, 163.0, 164.0, 166.0, 176.0, 185.0, 188.0, 188.0, 188.0, 188.0, 188.0, 188.0, 188.0, 188.0, 188.0, 188.0, 188.0, 188.0, 188.0, 188.0, 188.0, 188.0, 188.0, 188.0, 188.0, 188.0, 188.0, 188.0, 188.0, 188.0, 188.0, 188.0, 188.0, 188.0, 188.0, 188.0, 188.0, 188.0, 188.0, 188.0, 188.0, 188.0, 188.0, 188.0, 188.0, 188.0, 188.0, 188.0, 188.0, 188.0]	[-189.0, -189.0, -136.0, -18.0, 92.0, 170.0, 197.0, 206.0, 206.0, 206.0, 208.0, 209.0, 210.0, 219.0, 244.0, 267.0, 274.0, 274.0, 274.0, 274.0, 274.0, 274.0, 274.0, 274.0, 274.0, 274.0, 274.0, 274.0, 274.0, 274.0, 274.0, 274.0, 274.0, 274.0, 274.0, 274.0, 274.0, 274.0, 274.0, 274.0, 274.0, 274.0, 274.0, 274.0, 274.0, 274.0, 274.0, 274.0, 274.0, 274.0, 274.0, 274.0, 274.0, 274.0, 274.0, 274.0, 274.0, 274.0, 274.0, 275.0]	[0, 0, 0, 0, 0, 0, 0, 0, 0, 0, 0, 0, 0, 0, 0, 0, 0, 0, 0, 0, 0, 0, 0, 0, 0, 0, 0, 0, 0, 0, 0, 0, 0, 0, 0, 0, 0, 0, 0, 0, 0, 0, 0, 0, 0, 0, 0, 0, 0, 0, 0, 0, 0, 0, 0, 0, 0, 0, 0, 0]	[0, 0, 0, 0, 0, 0, 0, 0, 0, 0, 0, 0, 0, 0, 0, 0, 0, 0, 0, 0, 0, 0, 0, 0, 0, 0, 0, 0, 0, 0, 0, 0, 0, 0, 0, 0, 0, 0, 0, 0, 0, 0, 0, 0, 0, 0, 0, 0, 0, 0, 0, 0, 0, 0, 0, 0, 0, 0, 0, 0]	[0, 0, 0, 0, 0, 0, 0, 0, 0, 0, 0, 0, 0, 0, 0, 0, 0, 0, 0, 0, 0, 0, 0, 0, 0, 0, 0, 0, 0, 0, 0, 0, 0, 0, 0, 0, 0, 0, 0, 0, 0, 0, 0, 0, 0, 0, 0, 0, 0, 0, 0, 0, 0, 0, 0, 0, 0, 0, 0, 0]	[0.00018999999156221747, 0.009779699990758672, 0.026419300003908575, 0.04272019999916665, 0.05950760000268929, 0.07604019998689182, 0.09276850000605918, 0.10943089998909272, 0.12609440000960603, 0.14333910000277683, 0.15939159999834374, 0.176029499998549, 0.19272150000324473, 0.20933579999837093, 0.22604929999215528, 0.24282399998628534, 0.2592331999912858, 0.27584139999817125, 0.29262459999881685, 0.30898729999898933, 0.32573240000056103, 0.34247860001050867, 0.3590713999874424, 0.3757769000076223, 0.39237889999640174, 0.40906030000769533, 0.4257479000079911, 0.4424292999901809, 0.4591430999862496, 0.47578059998340905, 0.49241489998530596, 0.5091993999958504, 0.5257401999842841, 0.5423891000100411, 0.5590066000004299, 0.5758061000087764, 0.5925155000004452, 0.6089548000018112, 0.6259074999834411, 0.6424012999923434, 0.658987500006333, 0.6756523000076413, 0.6922970000014175, 0.7090482999919914, 0.725655199988978, 0.7424102000077255, 0.7590576999937184, 0.775618099985877, 0.7923271000036038, 0.8089344000036363, 0.825637200003257, 0.8423914999875706, 0.8589242000016384, 0.8756520999886561, 0.8922173999890219, 0.9089437999937218, 0.9256449000095017, 0.9422329000080936, 0.9593168999999762, 0.9757842999824788]	n/a	n/a	0.8	5a
355	10	go_nogo	0	60	7	go	click	[37.0, 50.0, 61.0, 88.0, 112.0, 136.0, 148.0, 153.0, 154.0, 154.0, 154.0, 154.0, 154.0, 154.0, 158.0, 162.0, 163.0, 163.0, 163.0, 163.0, 164.0, 165.0, 165.0, 166.0, 166.0, 166.0, 166.0]	[-188.0, -135.0, -84.0, 33.0, 149.0, 231.0, 266.0, 280.0, 284.0, 285.0, 285.0, 285.0, 285.0, 285.0, 293.0, 299.0, 300.0, 300.0, 300.0, 300.0, 299.0, 299.0, 299.0, 299.0, 299.0, 299.0, 299.0]	[0, 0, 0, 0, 0, 0, 0, 0, 0, 0, 0, 0, 0, 0, 0, 0, 0, 0, 0, 0, 0, 0, 0, 0, 0, 0, 1]	[0, 0, 0, 0, 0, 0, 0, 0, 0, 0, 0, 0, 0, 0, 0, 0, 0, 0, 0, 0, 0, 0, 0, 0, 0, 0, 0]	[0, 0, 0, 0, 0, 0, 0, 0, 0, 0, 0, 0, 0, 0, 0, 0, 0, 0, 0, 0, 0, 0, 0, 0, 0, 0, 0]	[0.0003972999984398484, 0.008379699982469901, 0.02575029997387901, 0.04244359998847358, 0.058635099994717166, 0.07535409997217357, 0.09184019998065196, 0.10858089997782372, 0.1252181999734603, 0.14161829999648035, 0.15834269998595119, 0.17498919999343343, 0.19187809998402372, 0.20851059997221455, 0.2259699999995064, 0.2421992999734357, 0.25833159999456257, 0.27508059999672696, 0.2917826999910176, 0.30846199998632073, 0.32522689999314025, 0.341673399991123, 0.35850179998669773, 0.37513979998766445, 0.3917687999783084, 0.40826069997274317, 0.4249866999743972]	166.0	299.0	0.9	5a
356	10	go_nogo	0	60	2	go	click	[66.0, 66.0, 93.0, 147.0, 194.0, 205.0, 210.0, 213.0, 214.0, 214.0, 215.0, 215.0, 215.0, 215.0, 215.0, 215.0, 215.0, 215.0, 215.0, 215.0, 215.0, 215.0, 215.0, 215.0, 215.0, 215.0]	[-158.0, -158.0, -88.0, 41.0, 185.0, 255.0, 293.0, 308.0, 312.0, 312.0, 312.0, 312.0, 312.0, 312.0, 312.0, 312.0, 312.0, 312.0, 312.0, 312.0, 312.0, 312.0, 312.0, 312.0, 312.0, 312.0]	[0, 0, 0, 0, 0, 0, 0, 0, 0, 0, 0, 0, 0, 0, 0, 0, 0, 0, 0, 0, 0, 0, 0, 0, 0, 1]	[0, 0, 0, 0, 0, 0, 0, 0, 0, 0, 0, 0, 0, 0, 0, 0, 0, 0, 0, 0, 0, 0, 0, 0, 0, 0]	[0, 0, 0, 0, 0, 0, 0, 0, 0, 0, 0, 0, 0, 0, 0, 0, 0, 0, 0, 0, 0, 0, 0, 0, 0, 0]	[0.00041859998600557446, 0.008950199990067631, 0.025711199996294454, 0.04260449999128468, 0.059264799987431616, 0.07590870000422001, 0.09227739999187179, 0.10950589997810312, 0.12533899999107234, 0.14228689999436028, 0.1589199999871198, 0.17547279997961596, 0.19219629999133758, 0.20864329999312758, 0.22542699999758042, 0.24210939998738468, 0.2587467999837827, 0.27535109999007545, 0.2920530999836046, 0.30896799999754876, 0.3258763999911025, 0.3419207999831997, 0.3586543999845162, 0.3754346999921836, 0.3920019999786746, 0.40909760000067763]	215.0	312.0	0.8	5a
357	10	go_nogo	0	60	2	go	click	[98.0, 98.0, 121.0, 144.0, 162.0, 170.0, 175.0, 177.0, 177.0, 178.0, 178.0, 179.0, 180.0, 183.0, 183.0, 183.0, 183.0, 183.0, 183.0, 183.0, 183.0, 183.0, 184.0, 184.0, 184.0, 184.0, 184.0, 184.0, 184.0, 184.0, 184.0, 184.0, 184.0, 184.0, 184.0, 184.0, 184.0, 184.0, 184.0, 185.0, 186.0, 186.0, 186.0, 187.0, 188.0, 188.0]	[-148.0, -148.0, -47.0, 41.0, 118.0, 167.0, 197.0, 212.0, 218.0, 222.0, 224.0, 226.0, 233.0, 243.0, 244.0, 244.0, 244.0, 244.0, 244.0, 244.0, 245.0, 247.0, 248.0, 248.0, 248.0, 248.0, 248.0, 248.0, 248.0, 248.0, 248.0, 248.0, 248.0, 248.0, 248.0, 248.0, 248.0, 248.0, 255.0, 261.0, 269.0, 276.0, 281.0, 287.0, 291.0, 292.0]	[0, 0, 0, 0, 0, 0, 0, 0, 0, 0, 0, 0, 0, 0, 0, 0, 0, 0, 0, 0, 0, 0, 0, 0, 0, 1, 1, 1, 1, 1, 0, 0, 0, 0, 0, 0, 0, 0, 0, 0, 0, 0, 0, 0, 0, 1]	[0, 0, 0, 0, 0, 0, 0, 0, 0, 0, 0, 0, 0, 0, 0, 0, 0, 0, 0, 0, 0, 0, 0, 0, 0, 0, 0, 0, 0, 0, 0, 0, 0, 0, 0, 0, 0, 0, 0, 0, 0, 0, 0, 0, 0, 0]	[0, 0, 0, 0, 0, 0, 0, 0, 0, 0, 0, 0, 0, 0, 0, 0, 0, 0, 0, 0, 0, 0, 0, 0, 0, 0, 0, 0, 0, 0, 0, 0, 0, 0, 0, 0, 0, 0, 0, 0, 0, 0, 0, 0, 0, 0]	[0.00046370000927709043, 0.01075340001261793, 0.02738610000233166, 0.04427630000282079, 0.0607187999994494, 0.07721820002188906, 0.09412290001637302, 0.11064570001326501, 0.127332900010515, 0.14407589999609627, 0.16060970001854002, 0.17726779999793507, 0.193926800013287, 0.21084490002249368, 0.2271164999983739, 0.24354360002325848, 0.260366200003773, 0.27703560001100414, 0.2938962000189349, 0.3105632000078913, 0.32726069999625906, 0.34392169999773614, 0.360330099996645, 0.37697490002028644, 0.39374400000087917, 0.4107120000116993, 0.42708190000848845, 0.44359870001790114, 0.46032179999747314, 0.47692580000148155, 0.4938760000222828, 0.5103866000135895, 0.5271620000130497, 0.5434902000124566, 0.5602341000048909, 0.5769873000099324, 0.5935400000016671, 0.6104786000214517, 0.6273497000220232, 0.6441928000131156, 0.660839100019075, 0.6769778000016231, 0.6938488000014331, 0.7103504000115208, 0.7272863000107463, 0.7439745000156108]	188.0	292.0	0.6	5a
358	10	go_nogo	0	60	2	go	click	[98.0, 134.0, 160.0, 201.0, 236.0, 258.0, 266.0, 266.0, 266.0, 266.0, 263.0, 261.0, 254.0, 248.0, 239.0, 233.0, 231.0, 231.0, 230.0, 229.0, 228.0, 227.0, 227.0, 227.0, 227.0]	[-222.0, -147.0, -77.0, 66.0, 180.0, 269.0, 316.0, 329.0, 331.0, 332.0, 331.0, 323.0, 311.0, 300.0, 284.0, 276.0, 275.0, 275.0, 276.0, 277.0, 278.0, 278.0, 278.0, 278.0, 278.0]	[0, 0, 0, 0, 0, 0, 0, 0, 0, 0, 0, 0, 0, 0, 0, 0, 0, 0, 0, 0, 0, 0, 0, 0, 1]	[0, 0, 0, 0, 0, 0, 0, 0, 0, 0, 0, 0, 0, 0, 0, 0, 0, 0, 0, 0, 0, 0, 0, 0, 0]	[0, 0, 0, 0, 0, 0, 0, 0, 0, 0, 0, 0, 0, 0, 0, 0, 0, 0, 0, 0, 0, 0, 0, 0, 0]	[0.00017549999756738544, 0.010229399980744347, 0.026759700005641207, 0.04349250000086613, 0.060140299989143386, 0.0765823999827262, 0.09363439999287948, 0.1101286000048276, 0.126681900001131, 0.14337439998053014, 0.16023979999590665, 0.17676790000405163, 0.19420679999166168, 0.21088790000067092, 0.22665329999290407, 0.24334290000842884, 0.2599863999930676, 0.27658899998641573, 0.2934850000019651, 0.3103092999954242, 0.3268294000008609, 0.34328100000857376, 0.35975460000918247, 0.3765623999934178, 0.3933009000029415]	227.0	278.0	0.8	5a
359	10	go_nogo	0	60	9	nogo	none	[92.0, 92.0, 114.0, 149.0, 195.0, 218.0, 231.0, 239.0, 241.0, 241.0, 241.0, 241.0, 241.0, 241.0, 241.0, 241.0, 235.0, 233.0, 233.0, 233.0, 233.0, 233.0, 233.0, 233.0]	[-165.0, -165.0, -111.0, 0.0, 147.0, 221.0, 277.0, 308.0, 318.0, 319.0, 319.0, 319.0, 319.0, 319.0, 319.0, 318.0, 305.0, 303.0, 303.0, 303.0, 303.0, 303.0, 303.0, 303.0]	[0, 0, 0, 0, 0, 0, 0, 0, 0, 0, 0, 0, 0, 0, 0, 0, 0, 0, 0, 0, 0, 0, 0, 1]	[0, 0, 0, 0, 0, 0, 0, 0, 0, 0, 0, 0, 0, 0, 0, 0, 0, 0, 0, 0, 0, 0, 0, 0]	[0, 0, 0, 0, 0, 0, 0, 0, 0, 0, 0, 0, 0, 0, 0, 0, 0, 0, 0, 0, 0, 0, 0, 0]	[0.00044689999776892364, 0.008732799993595108, 0.025268500001402572, 0.042207199992844835, 0.05856820000917651, 0.07582779999938793, 0.09192169999005273, 0.10854320001089945, 0.1252119999844581, 0.14163779999944381, 0.1583641000033822, 0.17537899999297224, 0.1916866000101436, 0.2084366999915801, 0.22517739998875186, 0.24184579998836853, 0.25853200000710785, 0.27505560001009144, 0.2915744000056293, 0.30829720001202077, 0.32498730000224896, 0.34161609999137, 0.3584532999957446, 0.3757105999975465]	233.0	303.0	0.8	5a
360	10	go_nogo	0	60	8	go	click	[97.0, 97.0, 128.0, 180.0, 208.0, 224.0, 230.0, 231.0, 231.0, 230.0, 229.0, 229.0, 229.0, 229.0, 229.0, 229.0, 229.0, 228.0, 224.0, 221.0, 215.0, 211.0, 210.0, 209.0, 209.0, 209.0, 209.0]	[-133.0, -133.0, -47.0, 124.0, 256.0, 328.0, 356.0, 368.0, 372.0, 376.0, 379.0, 380.0, 380.0, 380.0, 380.0, 380.0, 380.0, 380.0, 374.0, 361.0, 346.0, 336.0, 330.0, 325.0, 324.0, 324.0, 324.0]	[0, 0, 0, 0, 0, 0, 0, 0, 0, 0, 0, 0, 0, 0, 0, 0, 0, 0, 0, 0, 0, 0, 0, 0, 0, 0, 1]	[0, 0, 0, 0, 0, 0, 0, 0, 0, 0, 0, 0, 0, 0, 0, 0, 0, 0, 0, 0, 0, 0, 0, 0, 0, 0, 0]	[0, 0, 0, 0, 0, 0, 0, 0, 0, 0, 0, 0, 0, 0, 0, 0, 0, 0, 0, 0, 0, 0, 0, 0, 0, 0, 0]	[0.00033409998286515474, 0.007750799995847046, 0.02405079998425208, 0.04059899999992922, 0.057361199986189604, 0.07401569999638014, 0.09079569997265935, 0.10734629997750744, 0.12405139999464154, 0.14057920000050217, 0.15731299997423775, 0.17400649999035522, 0.19036009997944348, 0.20710839997627772, 0.22369509999407455, 0.24035969999385998, 0.25723429999197833, 0.27397079998627305, 0.29060029998072423, 0.3075288999825716, 0.3239721999852918, 0.3406331999867689, 0.3572406999883242, 0.37401209998643026, 0.3903497999999672, 0.40701159997843206, 0.4241242999851238]	209.0	324.0	0.7	5a
361	10	go_nogo	0	60	2	go	click	[145.0, 145.0, 169.0, 200.0, 214.0, 222.0, 226.0, 227.0, 227.0, 227.0, 227.0, 227.0, 227.0, 227.0, 227.0, 227.0, 227.0, 227.0, 227.0, 227.0, 227.0]	[-36.0, -36.0, 45.0, 174.0, 253.0, 286.0, 301.0, 304.0, 305.0, 305.0, 305.0, 305.0, 305.0, 305.0, 305.0, 305.0, 305.0, 305.0, 305.0, 305.0, 305.0]	[0, 0, 0, 0, 0, 0, 0, 0, 0, 0, 0, 0, 0, 0, 0, 0, 0, 0, 0, 0, 1]	[0, 0, 0, 0, 0, 0, 0, 0, 0, 0, 0, 0, 0, 0, 0, 0, 0, 0, 0, 0, 0]	[0, 0, 0, 0, 0, 0, 0, 0, 0, 0, 0, 0, 0, 0, 0, 0, 0, 0, 0, 0, 0]	[0.0003645999822765589, 0.007199899991974235, 0.024166099989088252, 0.04103299998678267, 0.0574326999776531, 0.07405559998005629, 0.09096469997894019, 0.10758989999885671, 0.12384190000011586, 0.14051819997257553, 0.15719719999469817, 0.17443419998744503, 0.1905450999911409, 0.20714019998558797, 0.2238758999737911, 0.2404530999774579, 0.2573021999851335, 0.2738560999860056, 0.2904998999729287, 0.30709969997406006, 0.3243814999877941]	227.0	305.0	0.7	5a
362	10	go_nogo	0	60	8	go	click	[76.0, 98.0, 115.0, 138.0, 146.0, 146.0, 146.0, 146.0, 146.0, 146.0, 146.0, 146.0, 146.0, 146.0, 146.0, 146.0, 147.0, 154.0, 165.0, 172.0, 174.0, 174.0, 174.0, 174.0]	[-261.0, -203.0, -142.0, -7.0, 121.0, 203.0, 235.0, 251.0, 257.0, 260.0, 264.0, 269.0, 270.0, 270.0, 270.0, 271.0, 279.0, 292.0, 307.0, 314.0, 316.0, 316.0, 316.0, 316.0]	[0, 0, 0, 0, 0, 0, 0, 0, 0, 0, 0, 0, 0, 0, 0, 0, 0, 0, 0, 0, 0, 0, 0, 1]	[0, 0, 0, 0, 0, 0, 0, 0, 0, 0, 0, 0, 0, 0, 0, 0, 0, 0, 0, 0, 0, 0, 0, 0]	[0, 0, 0, 0, 0, 0, 0, 0, 0, 0, 0, 0, 0, 0, 0, 0, 0, 0, 0, 0, 0, 0, 0, 0]	[0.00018360000103712082, 0.00915200001327321, 0.025297900021541864, 0.04193800000939518, 0.05891760002123192, 0.075621099997079, 0.09208339999895543, 0.10871020000195131, 0.1254145000129938, 0.14196639999863692, 0.15868170000612736, 0.1752762999967672, 0.19196580001153052, 0.20834900002228096, 0.22559020001790486, 0.24220249999780208, 0.2586818000127096, 0.27530160002061166, 0.2919102000014391, 0.30867350002517924, 0.32502620000741445, 0.34166070001083426, 0.35873890001676045, 0.37499640000169165]	174.0	316.0	0.8	5a
363	10	go_nogo	0	60	6	go	click	[65.0, 65.0, 85.0, 118.0, 142.0, 157.0, 170.0, 173.0, 175.0, 176.0, 179.0, 181.0, 183.0, 188.0, 194.0, 195.0, 195.0, 195.0, 195.0, 195.0, 195.0, 195.0, 195.0, 195.0]	[-175.0, -175.0, -109.0, 16.0, 132.0, 223.0, 270.0, 280.0, 286.0, 291.0, 298.0, 303.0, 307.0, 316.0, 326.0, 329.0, 329.0, 329.0, 329.0, 329.0, 329.0, 329.0, 329.0, 329.0]	[0, 0, 0, 0, 0, 0, 0, 0, 0, 0, 0, 0, 0, 0, 0, 0, 0, 0, 0, 0, 0, 0, 0, 1]	[0, 0, 0, 0, 0, 0, 0, 0, 0, 0, 0, 0, 0, 0, 0, 0, 0, 0, 0, 0, 0, 0, 0, 0]	[0, 0, 0, 0, 0, 0, 0, 0, 0, 0, 0, 0, 0, 0, 0, 0, 0, 0, 0, 0, 0, 0, 0, 0]	[0.0003519999736454338, 0.008277199987787753, 0.02493970000068657, 0.041549299989128485, 0.05811149999499321, 0.07491659998777322, 0.0914504999818746, 0.10878529999172315, 0.12475779998931102, 0.141418999992311, 0.15804949999437667, 0.17469669997808523, 0.19139029999496415, 0.20823989997734316, 0.22494359998381697, 0.2411716999777127, 0.2578784999786876, 0.2745074999984354, 0.291145700000925, 0.3078238999878522, 0.324502899980871, 0.34124189999420196, 0.35792209999635816, 0.37493649998214096]	195.0	329.0	0.5	5a
364	10	go_nogo	0	60	8	go	click	[93.0, 93.0, 118.0, 167.0, 205.0, 243.0, 255.0, 259.0, 261.0, 261.0, 261.0, 261.0, 261.0, 261.0, 261.0, 262.0, 262.0, 262.0, 260.0, 257.0, 253.0, 249.0, 245.0, 244.0, 244.0, 244.0, 244.0]	[-185.0, -185.0, -130.0, -17.0, 87.0, 174.0, 196.0, 208.0, 212.0, 212.0, 212.0, 212.0, 212.0, 226.0, 248.0, 256.0, 257.0, 258.0, 258.0, 258.0, 260.0, 268.0, 275.0, 278.0, 278.0, 278.0, 278.0]	[0, 0, 0, 0, 0, 0, 0, 0, 0, 0, 0, 0, 0, 0, 0, 0, 0, 0, 0, 0, 0, 0, 0, 0, 0, 0, 1]	[0, 0, 0, 0, 0, 0, 0, 0, 0, 0, 0, 0, 0, 0, 0, 0, 0, 0, 0, 0, 0, 0, 0, 0, 0, 0, 0]	[0, 0, 0, 0, 0, 0, 0, 0, 0, 0, 0, 0, 0, 0, 0, 0, 0, 0, 0, 0, 0, 0, 0, 0, 0, 0, 0]	[0.0003434999962337315, 0.00827019999269396, 0.025075799989281222, 0.041696000000229105, 0.058374599990202114, 0.07502039999235421, 0.09178799999062903, 0.10823089999030344, 0.12492089997977018, 0.14143329998478293, 0.1579949999868404, 0.17469809998874553, 0.19156069998280145, 0.20824189999257214, 0.22486779998871498, 0.24160229999688454, 0.2581796000013128, 0.2748585999943316, 0.29199469997547567, 0.3080533999891486, 0.32549039999139495, 0.3414446999959182, 0.358990199980326, 0.37451349999173544, 0.3913997999916319, 0.4081430999794975, 0.42493899998953566]	244.0	278.0	0.5	5a
365	10	go_nogo	0	60	3	go	click	[91.0, 108.0, 108.0, 156.0, 182.0, 202.0, 212.0, 216.0, 216.0, 216.0, 216.0, 216.0, 216.0, 216.0, 217.0, 217.0, 217.0, 217.0, 217.0, 217.0, 217.0, 217.0, 217.0, 217.0, 217.0, 217.0, 217.0, 217.0, 217.0, 217.0, 217.0]	[-179.0, -106.0, -106.0, 87.0, 188.0, 262.0, 295.0, 306.0, 308.0, 308.0, 308.0, 308.0, 308.0, 308.0, 315.0, 322.0, 322.0, 323.0, 323.0, 323.0, 323.0, 323.0, 323.0, 323.0, 323.0, 323.0, 323.0, 323.0, 323.0, 323.0, 323.0]	[0, 0, 0, 0, 0, 0, 0, 0, 0, 0, 0, 0, 0, 0, 0, 0, 0, 0, 0, 0, 0, 0, 0, 0, 0, 0, 0, 0, 0, 0, 1]	[0, 0, 0, 0, 0, 0, 0, 0, 0, 0, 0, 0, 0, 0, 0, 0, 0, 0, 0, 0, 0, 0, 0, 0, 0, 0, 0, 0, 0, 0, 0]	[0, 0, 0, 0, 0, 0, 0, 0, 0, 0, 0, 0, 0, 0, 0, 0, 0, 0, 0, 0, 0, 0, 0, 0, 0, 0, 0, 0, 0, 0, 0]	[0.0003124999930150807, 0.007901000004494563, 0.024921599979279563, 0.0414792999799829, 0.058343299984699115, 0.07487389998277649, 0.09143479997874238, 0.1079260999977123, 0.124605299992254, 0.14103969998541288, 0.15807909998693503, 0.17435039998963475, 0.19105080000008456, 0.20800519999465905, 0.22464030000264756, 0.24122369999531657, 0.25804669997887686, 0.2743610999896191, 0.29099419998237863, 0.307789699989371, 0.3243826999969315, 0.3412882999982685, 0.35791859999881126, 0.37438819999806583, 0.39122689998475835, 0.40786380000645295, 0.42464049998670816, 0.44094339999719523, 0.45774749998236075, 0.4743579999776557, 0.4913273999991361]	217.0	323.0	0.5	5a
366	10	go_nogo	0	60	6	go	click	[35.0, 35.0, 46.0, 65.0, 76.0, 88.0, 101.0, 107.0, 111.0, 112.0, 112.0, 112.0, 112.0, 112.0, 112.0, 112.0, 112.0, 112.0, 119.0, 133.0, 147.0, 160.0, 171.0, 178.0, 186.0, 193.0, 197.0, 200.0, 200.0, 200.0]	[-228.0, -228.0, -169.0, -50.0, 59.0, 148.0, 226.0, 251.0, 263.0, 265.0, 265.0, 265.0, 265.0, 265.0, 265.0, 264.0, 260.0, 251.0, 228.0, 219.0, 218.0, 225.0, 238.0, 259.0, 280.0, 296.0, 305.0, 313.0, 319.0, 319.0]	[0, 0, 0, 0, 0, 0, 0, 0, 0, 0, 0, 0, 0, 0, 0, 0, 0, 0, 0, 0, 0, 0, 0, 0, 0, 0, 0, 0, 0, 1]	[0, 0, 0, 0, 0, 0, 0, 0, 0, 0, 0, 0, 0, 0, 0, 0, 0, 0, 0, 0, 0, 0, 0, 0, 0, 0, 0, 0, 0, 0]	[0, 0, 0, 0, 0, 0, 0, 0, 0, 0, 0, 0, 0, 0, 0, 0, 0, 0, 0, 0, 0, 0, 0, 0, 0, 0, 0, 0, 0, 0]	[0.0004634999786503613, 0.008340299973497167, 0.025170299981255084, 0.04188229999272153, 0.05840919999172911, 0.07508009998127818, 0.0920837999728974, 0.10859349998645484, 0.12523189999046735, 0.14150549998157658, 0.1582149999740068, 0.1749423999863211, 0.19144949998008087, 0.20817499997792765, 0.22510409998358227, 0.24184689999674447, 0.25825119999353774, 0.2748764999851119, 0.2917611999728251, 0.3086413999844808, 0.3249552999914158, 0.34165099999518134, 0.35832959998515435, 0.3752309999836143, 0.3915431999776047, 0.40853539999807253, 0.4249794999777805, 0.4418375999957789, 0.4582110999908764, 0.47534469998208806]	201.0	319.0	0.9	5a
367	10	go_nogo	0	60	8	go	click	[87.0, 87.0, 104.0, 137.0, 171.0, 203.0, 227.0, 243.0, 244.0, 245.0, 245.0, 245.0, 245.0, 245.0, 245.0, 245.0, 243.0, 240.0, 237.0, 233.0, 232.0, 232.0, 232.0, 232.0]	[-171.0, -171.0, -103.0, 19.0, 118.0, 202.0, 262.0, 303.0, 311.0, 312.0, 312.0, 312.0, 312.0, 312.0, 312.0, 312.0, 311.0, 308.0, 305.0, 302.0, 301.0, 301.0, 301.0, 301.0]	[0, 0, 0, 0, 0, 0, 0, 0, 0, 0, 0, 0, 0, 0, 0, 0, 0, 0, 0, 0, 0, 0, 0, 1]	[0, 0, 0, 0, 0, 0, 0, 0, 0, 0, 0, 0, 0, 0, 0, 0, 0, 0, 0, 0, 0, 0, 0, 0]	[0, 0, 0, 0, 0, 0, 0, 0, 0, 0, 0, 0, 0, 0, 0, 0, 0, 0, 0, 0, 0, 0, 0, 0]	[0.00029919997905381024, 0.008244799973908812, 0.025046099995961413, 0.041734299971722066, 0.058347599988337606, 0.0753310999716632, 0.0918105999880936, 0.1081889999913983, 0.1250071999966167, 0.1413207999721635, 0.15793949997168966, 0.17466119999880902, 0.19137009998667054, 0.2079168999916874, 0.22493249998660758, 0.24166909998166375, 0.2582218999741599, 0.2748737999936566, 0.29194719999213703, 0.30825289999484085, 0.32490799998049624, 0.3413114999711979, 0.35805929999332875, 0.375553799996851]	232.0	301.0	1.0	5a
368	10	go_nogo	0	60	9	nogo	none	[-6.0, -6.0, 7.0, 38.0, 62.0, 102.0, 126.0, 147.0, 162.0, 167.0, 171.0, 172.0, 172.0, 172.0, 172.0, 172.0, 172.0, 174.0, 175.0, 177.0, 178.0, 179.0, 180.0, 180.0, 181.0, 182.0, 182.0, 183.0, 183.0, 183.0, 183.0, 183.0, 183.0, 183.0, 183.0, 183.0, 183.0, 183.0, 183.0, 183.0, 183.0, 183.0, 183.0, 183.0, 183.0, 183.0, 183.0, 183.0, 183.0, 183.0, 183.0, 183.0, 183.0, 183.0, 183.0, 183.0, 183.0, 183.0, 183.0, 183.0, 183.0, 183.0, 183.0, 183.0, 183.0, 183.0, 183.0, 183.0]	[-224.0, -224.0, -160.0, -27.0, 81.0, 194.0, 238.0, 273.0, 305.0, 322.0, 330.0, 332.0, 332.0, 332.0, 332.0, 332.0, 333.0, 334.0, 334.0, 334.0, 334.0, 334.0, 334.0, 334.0, 332.0, 330.0, 329.0, 329.0, 328.0, 328.0, 328.0, 328.0, 328.0, 328.0, 328.0, 328.0, 328.0, 328.0, 328.0, 328.0, 328.0, 328.0, 328.0, 328.0, 328.0, 328.0, 328.0, 328.0, 328.0, 328.0, 328.0, 328.0, 328.0, 328.0, 328.0, 328.0, 328.0, 328.0, 328.0, 328.0, 328.0, 328.0, 328.0, 328.0, 328.0, 328.0, 328.0, 328.0]	[0, 0, 0, 0, 0, 0, 0, 0, 0, 0, 0, 0, 0, 0, 0, 0, 0, 0, 0, 0, 0, 0, 0, 0, 0, 0, 0, 0, 0, 0, 0, 0, 0, 0, 0, 0, 0, 0, 0, 0, 0, 0, 0, 0, 0, 0, 0, 0, 0, 0, 0, 0, 0, 0, 0, 0, 0, 0, 0, 0, 0, 0, 0, 0, 0, 0, 0, 0]	[0, 0, 0, 0, 0, 0, 0, 0, 0, 0, 0, 0, 0, 0, 0, 0, 0, 0, 0, 0, 0, 0, 0, 0, 0, 0, 0, 0, 0, 0, 0, 0, 0, 0, 0, 0, 0, 0, 0, 0, 0, 0, 0, 0, 0, 0, 0, 0, 0, 0, 0, 0, 0, 0, 0, 0, 0, 0, 0, 0, 0, 0, 0, 0, 0, 0, 0, 0]	[0, 0, 0, 0, 0, 0, 0, 0, 0, 0, 0, 0, 0, 0, 0, 0, 0, 0, 0, 0, 0, 0, 0, 0, 0, 0, 0, 0, 0, 0, 0, 0, 0, 0, 0, 0, 0, 0, 0, 0, 0, 0, 0, 0, 0, 0, 0, 0, 0, 0, 0, 0, 0, 0, 0, 0, 0, 0, 0, 0, 0, 0, 0, 0, 0, 0, 0, 0]	[0.0003431999939493835, 0.007690900005400181, 0.02485089999390766, 0.04139619998750277, 0.05808640000759624, 0.07452930000727065, 0.09164480000617914, 0.10794670000905171, 0.12460889999056235, 0.14097849998506717, 0.15788399998564273, 0.17408830000204034, 0.1907366999948863, 0.20752510000602342, 0.22407619998557493, 0.24076119999517687, 0.2578464999969583, 0.27409210000769235, 0.2909386999963317, 0.30767439998453483, 0.3248461000039242, 0.34093219999340363, 0.3573952000006102, 0.3743306999967899, 0.391226599982474, 0.40768289999687113, 0.4243560000031721, 0.44101059998502024, 0.45739930000854656, 0.47414279999793507, 0.4908870999934152, 0.5073606999940239, 0.524050999985775, 0.5406705999921542, 0.5573681999812834, 0.5741845000011381, 0.5908655000093859, 0.6073847000079695, 0.6242433000006713, 0.6406397999962792, 0.6574108999921009, 0.6740272000024561, 0.6909529999829829, 0.707482700003311, 0.723997099994449, 0.7406907999829855, 0.7573429000040051, 0.7740915000031237, 0.7907293000025675, 0.807559000008041, 0.8241858999826945, 0.8405941000091843, 0.857292900007451, 0.8741038999869488, 0.890749499987578, 0.9072257000079844, 0.923921599984169, 0.940832499996759, 0.9572845000075176, 0.9741013000020757, 0.9906966999988072, 1.0071821000019554, 1.0239246999844909, 1.040768599981675, 1.0572738999908324, 1.0741051000077277, 1.090521500009345, 1.1073152000026312]	n/a	n/a	0.5	5a
369	10	go_nogo	0	60	6	go	click	[76.0, 76.0, 106.0, 146.0, 185.0, 215.0, 228.0, 231.0, 232.0, 232.0, 232.0, 232.0, 232.0, 232.0, 232.0, 229.0, 226.0, 223.0, 223.0, 222.0, 222.0, 221.0, 221.0, 221.0, 221.0, 221.0, 221.0, 221.0, 221.0]	[-142.0, -142.0, -60.0, 109.0, 213.0, 268.0, 297.0, 314.0, 318.0, 318.0, 318.0, 318.0, 318.0, 318.0, 316.0, 314.0, 310.0, 309.0, 309.0, 309.0, 309.0, 309.0, 309.0, 310.0, 310.0, 310.0, 310.0, 310.0, 310.0]	[0, 0, 0, 0, 0, 0, 0, 0, 0, 0, 0, 0, 0, 0, 0, 0, 0, 0, 0, 0, 0, 0, 0, 0, 0, 0, 0, 0, 1]	[0, 0, 0, 0, 0, 0, 0, 0, 0, 0, 0, 0, 0, 0, 0, 0, 0, 0, 0, 0, 0, 0, 0, 0, 0, 0, 0, 0, 0]	[0, 0, 0, 0, 0, 0, 0, 0, 0, 0, 0, 0, 0, 0, 0, 0, 0, 0, 0, 0, 0, 0, 0, 0, 0, 0, 0, 0, 0]	[0.00039989998913370073, 0.007761999993817881, 0.0244581000006292, 0.041367099998751655, 0.05786709999665618, 0.07477959999232553, 0.09133249998558313, 0.10794799998984672, 0.12434660000144504, 0.1410189000016544, 0.15761309998924844, 0.17427640000823885, 0.19107299999450333, 0.20793139998568222, 0.22442889999365434, 0.24119689999497496, 0.2580635999911465, 0.27434119998360984, 0.2911757999972906, 0.3076510000100825, 0.32446420000633225, 0.3410587999969721, 0.3576048999966588, 0.37422070000320673, 0.3909177999885287, 0.4075641999952495, 0.42426820000400767, 0.4408525000035297, 0.4580744999984745]	221.0	310.0	1.0	5a
370	10	go_nogo	0	60	9	nogo	none	[105.0, 135.0, 165.0, 216.0, 250.0, 270.0, 280.0, 282.0, 284.0, 284.0, 284.0, 284.0, 280.0, 278.0, 278.0, 272.0, 268.0, 261.0, 249.0, 235.0, 223.0, 217.0, 214.0, 209.0, 206.0, 206.0, 206.0, 206.0, 206.0, 206.0, 206.0, 206.0, 206.0, 206.0, 206.0, 206.0, 206.0, 206.0, 206.0, 206.0, 206.0, 206.0, 206.0, 206.0, 206.0, 206.0, 206.0, 206.0, 206.0, 206.0, 206.0, 206.0, 206.0, 206.0, 206.0, 206.0, 206.0, 206.0, 206.0, 206.0, 206.0, 206.0, 206.0, 206.0, 206.0, 206.0, 206.0, 206.0]	[-127.0, -48.0, 26.0, 151.0, 250.0, 305.0, 326.0, 341.0, 349.0, 351.0, 351.0, 351.0, 352.0, 352.0, 352.0, 352.0, 350.0, 345.0, 336.0, 324.0, 310.0, 301.0, 294.0, 289.0, 286.0, 285.0, 285.0, 285.0, 285.0, 285.0, 285.0, 285.0, 285.0, 285.0, 285.0, 285.0, 285.0, 285.0, 285.0, 285.0, 285.0, 285.0, 285.0, 285.0, 285.0, 285.0, 285.0, 285.0, 285.0, 285.0, 285.0, 285.0, 285.0, 285.0, 285.0, 285.0, 285.0, 285.0, 285.0, 285.0, 285.0, 285.0, 285.0, 285.0, 285.0, 285.0, 285.0, 285.0]	[0, 0, 0, 0, 0, 0, 0, 0, 0, 0, 0, 0, 0, 0, 0, 0, 0, 0, 0, 0, 0, 0, 0, 0, 0, 0, 0, 0, 0, 0, 0, 0, 0, 0, 0, 0, 0, 0, 0, 0, 0, 0, 0, 0, 0, 0, 0, 0, 0, 0, 0, 0, 0, 0, 0, 0, 0, 0, 0, 0, 0, 0, 0, 0, 0, 0, 0, 0]	[0, 0, 0, 0, 0, 0, 0, 0, 0, 0, 0, 0, 0, 0, 0, 0, 0, 0, 0, 0, 0, 0, 0, 0, 0, 0, 0, 0, 0, 0, 0, 0, 0, 0, 0, 0, 0, 0, 0, 0, 0, 0, 0, 0, 0, 0, 0, 0, 0, 0, 0, 0, 0, 0, 0, 0, 0, 0, 0, 0, 0, 0, 0, 0, 0, 0, 0, 0]	[0, 0, 0, 0, 0, 0, 0, 0, 0, 0, 0, 0, 0, 0, 0, 0, 0, 0, 0, 0, 0, 0, 0, 0, 0, 0, 0, 0, 0, 0, 0, 0, 0, 0, 0, 0, 0, 0, 0, 0, 0, 0, 0, 0, 0, 0, 0, 0, 0, 0, 0, 0, 0, 0, 0, 0, 0, 0, 0, 0, 0, 0, 0, 0, 0, 0, 0, 0]	[0.00020099998801015317, 0.00900379999075085, 0.026494899997487664, 0.04249859999981709, 0.059269299992593005, 0.07572550000622869, 0.09242480000830255, 0.10933589999331161, 0.1256983999919612, 0.14222310000332072, 0.1588118000072427, 0.17579780000960454, 0.19247479998739436, 0.20904300000984222, 0.22605950001161546, 0.24258910000207834, 0.25895970000419766, 0.27565369999501854, 0.29234109999379143, 0.309050899988506, 0.3259130000078585, 0.34243779999087565, 0.35903210000833496, 0.37573349999729544, 0.3921921000001021, 0.4087456999986898, 0.42557389999274164, 0.4420615999842994, 0.4587132000015117, 0.47564339998643845, 0.4920383999997284, 0.5088805999839678, 0.5253905999998096, 0.5421415999880992, 0.5586672000063118, 0.5752707000065129, 0.5920125000120606, 0.6088380999863148, 0.625304999994114, 0.6419832000101451, 0.6586850000021514, 0.6753412999969441, 0.6920688000100199, 0.7086811999906786, 0.7255082000046968, 0.7419727999949828, 0.7586866999918129, 0.7753369999991264, 0.791946299985284, 0.8086211000045296, 0.8252999999967869, 0.8419877999986056, 0.8585937999887392, 0.8753719000087585, 0.8920220999862067, 0.9088136999926064, 0.925295199995162, 0.9420284999941941, 0.9585730000108015, 0.9753769999952056, 0.991859600006137, 1.008743099984713, 1.025165900005959, 1.0419257000030484, 1.0584745999949519, 1.0751725999871269, 1.0919349000032526, 1.1085834999976214]	n/a	n/a	0.7	5a
371	10	go_nogo	0	60	4	go	click	[43.0, 43.0, 60.0, 93.0, 131.0, 166.0, 190.0, 208.0, 216.0, 216.0, 217.0, 217.0, 217.0, 217.0, 217.0, 217.0, 215.0, 213.0, 211.0, 208.0, 204.0, 199.0, 194.0, 189.0, 187.0, 187.0, 185.0, 184.0, 183.0, 183.0, 183.0, 183.0, 183.0, 183.0, 183.0, 183.0, 183.0, 183.0, 183.0, 183.0, 183.0, 183.0]	[-241.0, -241.0, -199.0, -111.0, -26.0, 66.0, 140.0, 199.0, 239.0, 246.0, 247.0, 247.0, 247.0, 247.0, 247.0, 248.0, 249.0, 250.0, 251.0, 253.0, 257.0, 272.0, 285.0, 293.0, 297.0, 298.0, 299.0, 301.0, 302.0, 302.0, 302.0, 302.0, 302.0, 302.0, 302.0, 302.0, 302.0, 302.0, 302.0, 302.0, 302.0, 302.0]	[0, 0, 0, 0, 0, 0, 0, 0, 0, 0, 0, 0, 0, 0, 0, 0, 0, 0, 0, 0, 0, 0, 0, 0, 0, 0, 0, 0, 0, 0, 0, 0, 0, 0, 0, 0, 0, 0, 0, 0, 0, 1]	[0, 0, 0, 0, 0, 0, 0, 0, 0, 0, 0, 0, 0, 0, 0, 0, 0, 0, 0, 0, 0, 0, 0, 0, 0, 0, 0, 0, 0, 0, 0, 0, 0, 0, 0, 0, 0, 0, 0, 0, 0, 0]	[0, 0, 0, 0, 0, 0, 0, 0, 0, 0, 0, 0, 0, 0, 0, 0, 0, 0, 0, 0, 0, 0, 0, 0, 0, 0, 0, 0, 0, 0, 0, 0, 0, 0, 0, 0, 0, 0, 0, 0, 0, 0]	[0.00028799998108297586, 0.00808959998539649, 0.02503170000272803, 0.04154020000714809, 0.05837839999003336, 0.07531650000601076, 0.09155709997867234, 0.10866329999407753, 0.1249064999865368, 0.14156719998572953, 0.15818929998204112, 0.1746475999825634, 0.19174849998671561, 0.20792939999955706, 0.22483190000639297, 0.24137740000151098, 0.2580963999789674, 0.27491310000186786, 0.2913920999853872, 0.30819129999144934, 0.3248202999820933, 0.34170809999341145, 0.3580470999877434, 0.37526420000358485, 0.39145799999823794, 0.4081420000002254, 0.42469280000659637, 0.4414169999945443, 0.4580874999810476, 0.4745229999825824, 0.4910857999930158, 0.5079503000015393, 0.5244634999835398, 0.5410086000047158, 0.5578563000017311, 0.5744782999972813, 0.5910619999922346, 0.6077259999874514, 0.6244007000059355, 0.641116199985845, 0.6579491999873426, 0.6747572000022046]	183.0	302.0	0.9	5a
372	10	go_nogo	0	60	8	go	click	[74.0, 91.0, 91.0, 155.0, 200.0, 240.0, 267.0, 278.0, 282.0, 282.0, 282.0, 282.0, 281.0, 281.0, 281.0, 281.0, 279.0, 278.0, 274.0, 261.0, 243.0, 217.0, 193.0, 173.0, 167.0, 167.0, 167.0, 167.0]	[-226.0, -161.0, -161.0, 20.0, 140.0, 244.0, 308.0, 335.0, 344.0, 345.0, 345.0, 345.0, 345.0, 345.0, 345.0, 345.0, 345.0, 346.0, 347.0, 345.0, 338.0, 318.0, 297.0, 280.0, 276.0, 276.0, 276.0, 276.0]	[0, 0, 0, 0, 0, 0, 0, 0, 0, 0, 0, 0, 0, 0, 0, 0, 0, 0, 0, 0, 0, 0, 0, 0, 0, 0, 0, 1]	[0, 0, 0, 0, 0, 0, 0, 0, 0, 0, 0, 0, 0, 0, 0, 0, 0, 0, 0, 0, 0, 0, 0, 0, 0, 0, 0, 0]	[0, 0, 0, 0, 0, 0, 0, 0, 0, 0, 0, 0, 0, 0, 0, 0, 0, 0, 0, 0, 0, 0, 0, 0, 0, 0, 0, 0]	[0.0003971999976783991, 0.008163099992088974, 0.025493599998299032, 0.041946199984522536, 0.058445500006200746, 0.07494469999801368, 0.09167389999493025, 0.10825170000316575, 0.12488149999990128, 0.1416224999993574, 0.15803580000647344, 0.17487429999164306, 0.19161469998653047, 0.207943699992029, 0.22489760001190007, 0.24151739999069832, 0.258498100010911, 0.2748241999943275, 0.29163610000978224, 0.30808829999295995, 0.32495800001197495, 0.3415865999995731, 0.3582022000045981, 0.374809600005392, 0.39128310000523925, 0.4078864000039175, 0.4247328999917954, 0.4418209999857936]	167.0	276.0	0.9	5a
373	10	go_nogo	0	60	3	go	click	[46.0, 46.0, 63.0, 91.0, 114.0, 135.0, 144.0, 147.0, 148.0, 148.0, 148.0, 148.0, 148.0, 148.0, 148.0, 148.0, 148.0, 148.0, 148.0, 148.0, 152.0, 162.0, 166.0, 167.0, 168.0]	[-161.0, -161.0, -104.0, -3.0, 86.0, 163.0, 205.0, 228.0, 240.0, 243.0, 243.0, 243.0, 245.0, 249.0, 251.0, 252.0, 252.0, 252.0, 252.0, 252.0, 263.0, 289.0, 302.0, 307.0, 307.0]	[0, 0, 0, 0, 0, 0, 0, 0, 0, 0, 0, 0, 0, 0, 0, 0, 0, 0, 0, 0, 0, 0, 0, 0, 1]	[0, 0, 0, 0, 0, 0, 0, 0, 0, 0, 0, 0, 0, 0, 0, 0, 0, 0, 0, 0, 0, 0, 0, 0, 0]	[0, 0, 0, 0, 0, 0, 0, 0, 0, 0, 0, 0, 0, 0, 0, 0, 0, 0, 0, 0, 0, 0, 0, 0, 0]	[0.0002820999943651259, 0.0062612000037916005, 0.02302280001458712, 0.03987710000365041, 0.05637619999470189, 0.07314750002115034, 0.08981289999792352, 0.10650799999712035, 0.12306360001093708, 0.13960779999615625, 0.15620480000507087, 0.1728263999975752, 0.18989000000874512, 0.20654210000066087, 0.22318810000433587, 0.23969089999445714, 0.2561530999955721, 0.2728551000182051, 0.28944849999970756, 0.30644610000308603, 0.32330370001727715, 0.33998829999472946, 0.3563136000011582, 0.37284009999712, 0.3904396000143606]	168.0	307.0	0.7	5a
374	10	go_nogo	0	60	1	nogo	none	[44.0, 55.0, 69.0, 98.0, 118.0, 135.0, 146.0, 151.0, 154.0, 154.0, 154.0, 154.0, 154.0, 154.0, 154.0, 154.0, 154.0, 155.0, 159.0, 164.0, 170.0, 179.0, 186.0, 186.0, 186.0]	[-190.0, -130.0, -62.0, 47.0, 103.0, 138.0, 165.0, 186.0, 199.0, 203.0, 206.0, 207.0, 208.0, 208.0, 208.0, 208.0, 208.0, 216.0, 230.0, 243.0, 260.0, 278.0, 290.0, 293.0, 294.0]	[0, 0, 0, 0, 0, 0, 0, 0, 0, 0, 0, 0, 0, 0, 0, 0, 0, 0, 0, 0, 0, 0, 0, 0, 1]	[0, 0, 0, 0, 0, 0, 0, 0, 0, 0, 0, 0, 0, 0, 0, 0, 0, 0, 0, 0, 0, 0, 0, 0, 0]	[0, 0, 0, 0, 0, 0, 0, 0, 0, 0, 0, 0, 0, 0, 0, 0, 0, 0, 0, 0, 0, 0, 0, 0, 0]	[0.00044510001316666603, 0.008314500009873882, 0.024967300007119775, 0.04169820001698099, 0.05831049999687821, 0.07509700002265163, 0.09147919999668375, 0.1083513000048697, 0.12529369999538176, 0.14150030000018887, 0.15830760000972077, 0.17518819999531843, 0.19142670001019724, 0.20805149999796413, 0.22469950001686811, 0.2411017999984324, 0.2579482000146527, 0.2746591000177432, 0.2914859000011347, 0.308136600011494, 0.32488570001441985, 0.3413858000130858, 0.3580783000215888, 0.3747521000041161, 0.39124990001437254]	186.0	294.0	0.8	5a
375	10	go_nogo	0	60	7	go	click	[45.0, 45.0, 64.0, 103.0, 141.0, 172.0, 185.0, 190.0, 191.0, 190.0, 190.0, 189.0, 188.0, 187.0, 185.0, 184.0, 184.0, 183.0, 183.0, 183.0, 183.0, 183.0, 183.0, 183.0, 183.0, 183.0, 183.0, 183.0]	[-184.0, -184.0, -127.0, -8.0, 111.0, 206.0, 253.0, 287.0, 298.0, 304.0, 304.0, 305.0, 306.0, 308.0, 312.0, 316.0, 317.0, 318.0, 318.0, 318.0, 318.0, 318.0, 318.0, 318.0, 318.0, 318.0, 318.0, 318.0]	[0, 0, 0, 0, 0, 0, 0, 0, 0, 0, 0, 0, 0, 0, 0, 0, 0, 0, 0, 0, 0, 0, 0, 0, 0, 0, 0, 1]	[0, 0, 0, 0, 0, 0, 0, 0, 0, 0, 0, 0, 0, 0, 0, 0, 0, 0, 0, 0, 0, 0, 0, 0, 0, 0, 0, 0]	[0, 0, 0, 0, 0, 0, 0, 0, 0, 0, 0, 0, 0, 0, 0, 0, 0, 0, 0, 0, 0, 0, 0, 0, 0, 0, 0, 0]	[0.0004144000122323632, 0.008959700004197657, 0.025649799994425848, 0.04248929998720996, 0.059039799991296604, 0.07580140000209212, 0.0923999999940861, 0.10892689999309368, 0.1259974999993574, 0.1419989000132773, 0.15900089999195188, 0.1760313000122551, 0.19237609999254346, 0.20885399999679066, 0.22562089998973534, 0.24225660000229254, 0.25910450000083074, 0.2753360999922734, 0.2920276999939233, 0.3086036999884527, 0.3254077000019606, 0.34195470000850037, 0.35862479999195784, 0.37553879999904893, 0.3919795000110753, 0.40868789999512956, 0.42528729999321513, 0.4423411999887321]	183.0	318.0	0.7	5a
376	10	go_nogo	0	60	9	nogo	none	[44.0, 44.0, 66.0, 76.0, 79.0, 83.0, 88.0, 94.0, 98.0, 104.0, 112.0, 119.0, 124.0, 126.0, 126.0, 126.0, 126.0, 127.0, 127.0, 127.0, 127.0, 127.0, 128.0, 129.0, 133.0, 136.0, 139.0, 141.0, 142.0, 142.0, 142.0, 142.0, 142.0, 142.0, 142.0, 142.0, 142.0, 143.0, 144.0, 144.0, 144.0, 144.0, 144.0, 144.0, 144.0, 144.0, 144.0, 144.0, 144.0, 144.0, 144.0, 144.0, 144.0, 144.0, 144.0, 144.0, 144.0, 144.0, 144.0, 144.0, 144.0, 144.0, 144.0, 144.0, 144.0, 144.0, 144.0, 144.0, 144.0, 144.0, 144.0]	[-122.0, -122.0, -3.0, 60.0, 96.0, 134.0, 172.0, 203.0, 220.0, 235.0, 256.0, 280.0, 297.0, 302.0, 302.0, 302.0, 293.0, 282.0, 280.0, 280.0, 280.0, 280.0, 280.0, 281.0, 281.0, 281.0, 281.0, 281.0, 281.0, 281.0, 281.0, 281.0, 281.0, 281.0, 281.0, 281.0, 281.0, 281.0, 281.0, 281.0, 281.0, 281.0, 281.0, 281.0, 281.0, 281.0, 281.0, 281.0, 281.0, 281.0, 281.0, 281.0, 281.0, 281.0, 281.0, 281.0, 281.0, 281.0, 281.0, 281.0, 281.0, 281.0, 281.0, 281.0, 281.0, 281.0, 281.0, 281.0, 281.0, 281.0, 281.0]	[0, 0, 0, 0, 0, 0, 0, 0, 0, 0, 0, 0, 0, 0, 0, 0, 0, 0, 0, 0, 0, 0, 0, 0, 0, 0, 0, 0, 0, 0, 0, 0, 0, 0, 0, 0, 0, 0, 0, 0, 0, 0, 0, 0, 0, 0, 0, 0, 0, 0, 0, 0, 0, 0, 0, 0, 0, 0, 0, 0, 0, 0, 0, 0, 0, 0, 0, 0, 0, 0, 0]	[0, 0, 0, 0, 0, 0, 0, 0, 0, 0, 0, 0, 0, 0, 0, 0, 0, 0, 0, 0, 0, 0, 0, 0, 0, 0, 0, 0, 0, 0, 0, 0, 0, 0, 0, 0, 0, 0, 0, 0, 0, 0, 0, 0, 0, 0, 0, 0, 0, 0, 0, 0, 0, 0, 0, 0, 0, 0, 0, 0, 0, 0, 0, 0, 0, 0, 0, 0, 0, 0, 0]	[0, 0, 0, 0, 0, 0, 0, 0, 0, 0, 0, 0, 0, 0, 0, 0, 0, 0, 0, 0, 0, 0, 0, 0, 0, 0, 0, 0, 0, 0, 0, 0, 0, 0, 0, 0, 0, 0, 0, 0, 0, 0, 0, 0, 0, 0, 0, 0, 0, 0, 0, 0, 0, 0, 0, 0, 0, 0, 0, 0, 0, 0, 0, 0, 0, 0, 0, 0, 0, 0, 0]	[0.00020410001161508262, 0.00973130000056699, 0.02644940000027418, 0.04265839999425225, 0.06011170000419952, 0.07619469999917783, 0.09266270001535304, 0.1093008000170812, 0.12605510000139475, 0.1427585000055842, 0.15929410001263022, 0.17621400000643916, 0.19262180000077933, 0.20929769999929704, 0.22564720001537353, 0.24318220000714064, 0.2593866999959573, 0.2760304000112228, 0.2922416999936104, 0.30915919999824837, 0.32559560000663623, 0.34262400001171045, 0.35915150001528673, 0.37629240000387654, 0.39243390000774525, 0.40926470002159476, 0.4258491999935359, 0.4426507000171114, 0.4590275000082329, 0.4757132999948226, 0.4924456000153441, 0.5092026000202168, 0.525626500020735, 0.5422840999963228, 0.5592754000099376, 0.5756797000067309, 0.5924729999969713, 0.6091094000148587, 0.62578649999341, 0.6422443000192288, 0.6591008999967016, 0.6757928000006359, 0.6923176000127569, 0.7090003000048455, 0.7257328999985475, 0.7421559999929741, 0.7589682000107132, 0.7753309000108857, 0.7922623000049498, 0.8089152000029571, 0.825641600007657, 0.8421683000051416, 0.8588746000023093, 0.8754617999948096, 0.8922342000005301, 0.9088952000020072, 0.9256329000054393, 0.9424522000190336, 0.9590657000080682, 0.9755157000035979, 0.9921479000186082, 1.0086789000197314, 1.0257109999947716, 1.042159200005699, 1.0588359000103083, 1.0755982999980915, 1.0920744000177365, 1.108953000017209, 1.1256224999960978, 1.1420663000026252, 1.1588110000011511]	n/a	n/a	1.0	5a
377	10	go_nogo	0	60	6	go	click	[114.0, 114.0, 131.0, 160.0, 183.0, 197.0, 206.0, 212.0, 213.0, 213.0, 213.0, 213.0, 213.0, 213.0, 213.0, 213.0, 213.0, 213.0, 213.0, 213.0, 213.0, 213.0, 213.0, 213.0]	[-50.0, -50.0, 15.0, 124.0, 195.0, 234.0, 260.0, 277.0, 284.0, 285.0, 285.0, 285.0, 285.0, 285.0, 285.0, 285.0, 285.0, 285.0, 285.0, 285.0, 285.0, 285.0, 285.0, 285.0]	[0, 0, 0, 0, 0, 0, 0, 0, 0, 0, 0, 0, 0, 0, 0, 0, 0, 0, 0, 0, 0, 0, 0, 1]	[0, 0, 0, 0, 0, 0, 0, 0, 0, 0, 0, 0, 0, 0, 0, 0, 0, 0, 0, 0, 0, 0, 0, 0]	[0, 0, 0, 0, 0, 0, 0, 0, 0, 0, 0, 0, 0, 0, 0, 0, 0, 0, 0, 0, 0, 0, 0, 0]	[0.00042359999497421086, 0.008016500010853633, 0.0245889000070747, 0.04115699999965727, 0.05783430000883527, 0.07501090000732802, 0.0912337000190746, 0.10796150000533089, 0.12471580001874827, 0.14099330001045018, 0.15775690000737086, 0.1743824000004679, 0.19110840000212193, 0.20764870001585223, 0.22431019999203272, 0.24094950000289828, 0.2575626000179909, 0.27432820000103675, 0.29107020000810735, 0.3076448999927379, 0.3242204000125639, 0.34097010002005845, 0.35764020000351593, 0.3746778000204358]	213.0	285.0	0.8	5a
378	10	go_nogo	0	60	1	nogo	none	[47.0, 65.0, 83.0, 122.0, 150.0, 168.0, 184.0, 195.0, 200.0, 201.0, 201.0, 201.0, 201.0, 201.0, 201.0, 202.0, 202.0, 202.0, 202.0, 203.0, 209.0, 213.0, 213.0, 211.0, 208.0, 208.0, 207.0, 207.0, 207.0, 207.0, 207.0, 207.0, 207.0, 207.0, 207.0, 207.0, 207.0, 207.0, 207.0, 207.0, 207.0, 207.0, 207.0, 207.0, 207.0, 207.0, 207.0, 207.0, 207.0, 207.0, 207.0, 207.0, 207.0, 207.0, 207.0, 207.0, 207.0, 207.0, 207.0, 207.0, 207.0, 207.0, 207.0, 207.0, 207.0, 207.0, 207.0, 207.0, 207.0]	[-201.0, -117.0, -32.0, 133.0, 269.0, 360.0, 414.0, 441.0, 454.0, 457.0, 457.0, 457.0, 457.0, 448.0, 443.0, 441.0, 441.0, 441.0, 441.0, 439.0, 421.0, 394.0, 366.0, 342.0, 325.0, 322.0, 322.0, 322.0, 322.0, 322.0, 322.0, 322.0, 322.0, 322.0, 322.0, 322.0, 322.0, 322.0, 322.0, 322.0, 322.0, 322.0, 322.0, 322.0, 322.0, 322.0, 322.0, 322.0, 322.0, 322.0, 322.0, 322.0, 322.0, 322.0, 322.0, 322.0, 322.0, 322.0, 322.0, 322.0, 322.0, 322.0, 322.0, 322.0, 322.0, 322.0, 322.0, 322.0, 322.0]	[0, 0, 0, 0, 0, 0, 0, 0, 0, 0, 0, 0, 0, 0, 0, 0, 0, 0, 0, 0, 0, 0, 0, 0, 0, 0, 0, 0, 0, 0, 0, 0, 0, 0, 0, 0, 0, 0, 0, 0, 0, 0, 0, 0, 0, 0, 0, 0, 0, 0, 0, 0, 0, 0, 0, 0, 0, 0, 0, 0, 0, 0, 0, 0, 0, 0, 0, 0, 0]	[0, 0, 0, 0, 0, 0, 0, 0, 0, 0, 0, 0, 0, 0, 0, 0, 0, 0, 0, 0, 0, 0, 0, 0, 0, 0, 0, 0, 0, 0, 0, 0, 0, 0, 0, 0, 0, 0, 0, 0, 0, 0, 0, 0, 0, 0, 0, 0, 0, 0, 0, 0, 0, 0, 0, 0, 0, 0, 0, 0, 0, 0, 0, 0, 0, 0, 0, 0, 0]	[0, 0, 0, 0, 0, 0, 0, 0, 0, 0, 0, 0, 0, 0, 0, 0, 0, 0, 0, 0, 0, 0, 0, 0, 0, 0, 0, 0, 0, 0, 0, 0, 0, 0, 0, 0, 0, 0, 0, 0, 0, 0, 0, 0, 0, 0, 0, 0, 0, 0, 0, 0, 0, 0, 0, 0, 0, 0, 0, 0, 0, 0, 0, 0, 0, 0, 0, 0, 0]	[0.00043559999903663993, 0.009626900020521134, 0.026730600016890094, 0.04322140000294894, 0.059491499996511266, 0.07632200000807643, 0.09300150000490248, 0.10953200000221841, 0.12662840000120923, 0.14277070001116954, 0.159376900002826, 0.1762847000209149, 0.19320280000101775, 0.20957259999704547, 0.22631120000733063, 0.2427118000050541, 0.25943289999850094, 0.2760478999989573, 0.29281410001567565, 0.30976090001058765, 0.32636780000757426, 0.34291350000421517, 0.3596471000055317, 0.3763286000175867, 0.39300910002202727, 0.40996680001262575, 0.426086799998302, 0.4425772000104189, 0.45908940001390874, 0.47580750001361594, 0.49250360002042726, 0.5091351000010036, 0.525815800006967, 0.5424907999986317, 0.5593436000053771, 0.5758482000092044, 0.5925229999993462, 0.6091008000075817, 0.6258538000111002, 0.64251870001317, 0.6591939000063576, 0.6757984000141732, 0.6926605000044219, 0.7092162000190001, 0.7259411000122782, 0.7424662999983411, 0.7591414000198711, 0.7757672000152525, 0.7925168000219855, 0.8091262000089046, 0.8257799000130035, 0.8424299000180326, 0.8590165000059642, 0.8757370999956038, 0.8924325999978464, 0.909176600020146, 0.9257034000183921, 0.9424886000051629, 0.9590698000101838, 0.9758244999975432, 0.992522500018822, 1.0090354999992996, 1.0256218000140507, 1.042270500009181, 1.0591832000063732, 1.0756616000144277, 1.0923642000125255, 1.1089967000007164, 1.1256732000038028]	n/a	n/a	0.6	5a
379	10	go_nogo	0	60	2	go	click	[52.0, 77.0, 77.0, 133.0, 153.0, 167.0, 179.0, 188.0, 194.0, 198.0, 198.0, 198.0, 198.0, 198.0, 198.0, 198.0, 198.0, 198.0, 198.0, 198.0, 198.0, 198.0, 198.0, 198.0, 198.0]	[-235.0, -177.0, -177.0, 7.0, 95.0, 159.0, 200.0, 237.0, 264.0, 279.0, 280.0, 280.0, 280.0, 280.0, 280.0, 280.0, 280.0, 280.0, 280.0, 280.0, 280.0, 281.0, 284.0, 284.0, 284.0]	[0, 0, 0, 0, 0, 0, 0, 0, 0, 0, 0, 0, 0, 0, 0, 0, 0, 0, 0, 0, 0, 0, 0, 0, 1]	[0, 0, 0, 0, 0, 0, 0, 0, 0, 0, 0, 0, 0, 0, 0, 0, 0, 0, 0, 0, 0, 0, 0, 0, 0]	[0, 0, 0, 0, 0, 0, 0, 0, 0, 0, 0, 0, 0, 0, 0, 0, 0, 0, 0, 0, 0, 0, 0, 0, 0]	[0.00042699999175965786, 0.008509100007358938, 0.025368600006913766, 0.041842599981464446, 0.05855099999462254, 0.07532730000093579, 0.09170069999527186, 0.10848880000412464, 0.12493349998840131, 0.1416552999871783, 0.15831939998315647, 0.17509599999175407, 0.1914145000046119, 0.20812009999644943, 0.2249203999817837, 0.24142509998637252, 0.2581038000062108, 0.2749294999812264, 0.2913494999811519, 0.3081423999974504, 0.3250376000069082, 0.34173919999739155, 0.3580249999940861, 0.3746870000031777, 0.3918392999912612]	198.0	284.0	1.0	5a
380	10	go_nogo	0	60	2	go	click	[96.0, 96.0, 155.0, 201.0, 234.0, 251.0, 256.0, 256.0, 256.0, 256.0, 256.0, 254.0, 253.0, 253.0, 253.0, 252.0, 250.0, 245.0, 237.0, 229.0, 222.0, 212.0, 208.0, 205.0, 203.0, 201.0, 201.0, 201.0]	[-84.0, -84.0, 104.0, 269.0, 387.0, 431.0, 445.0, 446.0, 447.0, 447.0, 445.0, 440.0, 438.0, 438.0, 437.0, 435.0, 431.0, 419.0, 398.0, 371.0, 350.0, 326.0, 316.0, 309.0, 305.0, 303.0, 301.0, 301.0]	[0, 0, 0, 0, 0, 0, 0, 0, 0, 0, 0, 0, 0, 0, 0, 0, 0, 0, 0, 0, 0, 0, 0, 0, 0, 0, 0, 1]	[0, 0, 0, 0, 0, 0, 0, 0, 0, 0, 0, 0, 0, 0, 0, 0, 0, 0, 0, 0, 0, 0, 0, 0, 0, 0, 0, 0]	[0, 0, 0, 0, 0, 0, 0, 0, 0, 0, 0, 0, 0, 0, 0, 0, 0, 0, 0, 0, 0, 0, 0, 0, 0, 0, 0, 0]	[0.00017399998614564538, 0.010647399991285056, 0.027227099984884262, 0.04393659997731447, 0.06059019998065196, 0.07729099999414757, 0.09387989999959245, 0.1105665999930352, 0.1270469999872148, 0.1436921999847982, 0.16088119999039918, 0.17756579999695532, 0.19359329997678287, 0.21030859998427331, 0.22735909998300485, 0.24378769999020733, 0.26045459997840226, 0.27733559999614954, 0.2939932999724988, 0.3105417999904603, 0.32708099999581464, 0.3438599999935832, 0.3607940999791026, 0.37757329997839406, 0.3942378999781795, 0.41091739997500554, 0.42696719997911714, 0.44389830000000075]	201.0	301.0	0.8	5a
381	10	go_nogo	0	60	9	nogo	none	[64.0, 64.0, 94.0, 164.0, 232.0, 282.0, 310.0, 318.0, 319.0, 319.0, 316.0, 308.0, 297.0, 288.0, 279.0, 274.0, 272.0, 268.0, 259.0, 248.0, 237.0, 229.0, 227.0, 227.0, 227.0, 227.0]	[-223.0, -223.0, -145.0, 21.0, 194.0, 337.0, 413.0, 432.0, 434.0, 434.0, 432.0, 418.0, 394.0, 375.0, 359.0, 352.0, 349.0, 345.0, 338.0, 325.0, 313.0, 305.0, 304.0, 304.0, 304.0, 304.0]	[0, 0, 0, 0, 0, 0, 0, 0, 0, 0, 0, 0, 0, 0, 0, 0, 0, 0, 0, 0, 0, 0, 0, 0, 0, 1]	[0, 0, 0, 0, 0, 0, 0, 0, 0, 0, 0, 0, 0, 0, 0, 0, 0, 0, 0, 0, 0, 0, 0, 0, 0, 0]	[0, 0, 0, 0, 0, 0, 0, 0, 0, 0, 0, 0, 0, 0, 0, 0, 0, 0, 0, 0, 0, 0, 0, 0, 0, 0]	[0.00042039999971166253, 0.008120900020003319, 0.024769200012087822, 0.04135189999942668, 0.05819270000210963, 0.07474020001245663, 0.091435200010892, 0.10804890000144951, 0.12455279999994673, 0.14116719999583438, 0.15856850001728162, 0.1753356000117492, 0.19134859999758191, 0.20805050001945347, 0.2246068000094965, 0.24131110002053902, 0.2580579000059515, 0.27471389999845996, 0.2913583000190556, 0.3079917000140995, 0.32475490000797436, 0.3413124000071548, 0.3577019000076689, 0.37441290001152083, 0.39103130000876263, 0.4083052000205498]	227.0	304.0	0.8	5a
382	10	go_nogo	0	60	7	go	click	[39.0, 39.0, 49.0, 83.0, 106.0, 124.0, 136.0, 147.0, 155.0, 160.0, 161.0, 161.0, 161.0, 161.0, 161.0, 161.0, 161.0, 161.0, 161.0, 161.0, 161.0, 161.0, 161.0, 161.0, 161.0, 161.0, 161.0, 161.0, 161.0]	[-192.0, -192.0, -136.0, 12.0, 86.0, 145.0, 182.0, 206.0, 231.0, 250.0, 261.0, 263.0, 263.0, 263.0, 263.0, 263.0, 263.0, 263.0, 263.0, 263.0, 263.0, 263.0, 263.0, 263.0, 263.0, 263.0, 263.0, 263.0, 263.0]	[0, 0, 0, 0, 0, 0, 0, 0, 0, 0, 0, 0, 0, 0, 0, 0, 0, 0, 0, 0, 0, 0, 0, 0, 0, 0, 0, 0, 1]	[0, 0, 0, 0, 0, 0, 0, 0, 0, 0, 0, 0, 0, 0, 0, 0, 0, 0, 0, 0, 0, 0, 0, 0, 0, 0, 0, 0, 0]	[0, 0, 0, 0, 0, 0, 0, 0, 0, 0, 0, 0, 0, 0, 0, 0, 0, 0, 0, 0, 0, 0, 0, 0, 0, 0, 0, 0, 0]	[0.00034339999547228217, 0.007996000000275671, 0.02501270000357181, 0.041596900002332404, 0.05843740000273101, 0.07486779999453574, 0.09190339999622665, 0.10808869998436421, 0.12489219999406487, 0.14147269999375567, 0.15815289999591187, 0.174746899981983, 0.19123500000569038, 0.2079498999810312, 0.2245542999880854, 0.24125970000750385, 0.25788900000043213, 0.27448629998252727, 0.29123609999078326, 0.3079843999876175, 0.32456370000727475, 0.34117929998319596, 0.3578473999805283, 0.37458329999935813, 0.3912445000023581, 0.40784899998106994, 0.4244712000072468, 0.44119909999426454, 0.4584150000009686]	161.0	263.0	0.5	5a
383	10	go_nogo	0	60	7	go	click	[43.0, 59.0, 74.0, 115.0, 153.0, 180.0, 198.0, 204.0, 206.0, 206.0, 206.0, 207.0, 207.0, 207.0, 207.0, 207.0, 207.0, 207.0, 207.0, 203.0, 200.0, 198.0, 197.0, 196.0, 196.0, 196.0, 196.0, 196.0]	[-245.0, -153.0, -49.0, 147.0, 262.0, 327.0, 376.0, 393.0, 401.0, 403.0, 403.0, 403.0, 403.0, 406.0, 406.0, 406.0, 406.0, 403.0, 394.0, 369.0, 345.0, 319.0, 306.0, 304.0, 304.0, 304.0, 304.0, 304.0]	[0, 0, 0, 0, 0, 0, 0, 0, 0, 0, 0, 0, 0, 0, 0, 0, 0, 0, 0, 0, 0, 0, 0, 0, 0, 0, 0, 1]	[0, 0, 0, 0, 0, 0, 0, 0, 0, 0, 0, 0, 0, 0, 0, 0, 0, 0, 0, 0, 0, 0, 0, 0, 0, 0, 0, 0]	[0, 0, 0, 0, 0, 0, 0, 0, 0, 0, 0, 0, 0, 0, 0, 0, 0, 0, 0, 0, 0, 0, 0, 0, 0, 0, 0, 0]	[0.0001795999996829778, 0.011343599995598197, 0.027967100002570078, 0.044552500010468066, 0.06128520000493154, 0.07787930002086796, 0.09475869999732822, 0.11152130001573823, 0.12799530001939274, 0.14451850001933053, 0.16109000000869855, 0.1776817000063602, 0.19450750001124106, 0.2109595000219997, 0.22751970001263544, 0.2441660000185948, 0.26117490002070554, 0.2776634000183549, 0.2943276000150945, 0.3115507000184152, 0.3277319000044372, 0.34433089999947697, 0.36102730000857264, 0.3775307000032626, 0.3941011000133585, 0.41071900000679307, 0.42745089999516495, 0.44467350002378225]	196.0	304.0	1.0	5a
384	10	go_nogo	0	60	4	go	click	[72.0, 83.0, 97.0, 118.0, 138.0, 151.0, 161.0, 169.0, 176.0, 181.0, 183.0, 185.0, 187.0, 192.0, 193.0, 193.0, 193.0, 193.0, 193.0, 193.0, 193.0, 193.0, 193.0, 193.0, 193.0, 193.0, 193.0, 193.0, 193.0, 193.0, 193.0, 193.0, 193.0, 193.0, 193.0, 193.0, 193.0, 192.0, 192.0, 192.0, 192.0, 192.0, 191.0]	[-166.0, -103.0, -43.0, 73.0, 165.0, 232.0, 268.0, 292.0, 311.0, 319.0, 325.0, 329.0, 335.0, 353.0, 357.0, 357.0, 357.0, 357.0, 356.0, 356.0, 356.0, 356.0, 356.0, 356.0, 356.0, 356.0, 356.0, 356.0, 356.0, 356.0, 356.0, 356.0, 356.0, 356.0, 353.0, 349.0, 345.0, 338.0, 332.0, 326.0, 320.0, 315.0, 313.0]	[0, 0, 0, 0, 0, 0, 0, 0, 0, 0, 0, 0, 0, 0, 0, 0, 0, 0, 0, 0, 0, 0, 1, 1, 1, 1, 1, 1, 0, 0, 0, 0, 0, 0, 0, 0, 0, 0, 0, 0, 0, 0, 1]	[0, 0, 0, 0, 0, 0, 0, 0, 0, 0, 0, 0, 0, 0, 0, 0, 0, 0, 0, 0, 0, 0, 0, 0, 0, 0, 0, 0, 0, 0, 0, 0, 0, 0, 0, 0, 0, 0, 0, 0, 0, 0, 0]	[0, 0, 0, 0, 0, 0, 0, 0, 0, 0, 0, 0, 0, 0, 0, 0, 0, 0, 0, 0, 0, 0, 0, 0, 0, 0, 0, 0, 0, 0, 0, 0, 0, 0, 0, 0, 0, 0, 0, 0, 0, 0, 0]	[0.00040839999564923346, 0.007368499995209277, 0.024288599990541115, 0.04140690001077019, 0.05754730000626296, 0.07427670000470243, 0.09077169999363832, 0.10766959999455139, 0.12417799999821, 0.14103200001409277, 0.15763900001184084, 0.1741174999915529, 0.19095519999973476, 0.2075949000136461, 0.22406460001366213, 0.24087720000534318, 0.25727840000763535, 0.27411990001564845, 0.2905978999915533, 0.30739010000252165, 0.32382829999551177, 0.3408019999915268, 0.3576726999890525, 0.3741489000094589, 0.39056840000557713, 0.4074541000009049, 0.4238521000079345, 0.44068960001459345, 0.45782660000259057, 0.4738436999905389, 0.49060330001520924, 0.5076711000001524, 0.5238625000056345, 0.541023400000995, 0.557490900013363, 0.5743015999905765, 0.5907124000077602, 0.6074318000173662, 0.6241538000176661, 0.6416265000007115, 0.6575753999932203, 0.6741019999899436, 0.6908105000038631]	191.0	313.0	0.5	5a
385	10	go_nogo	0	60	3	go	click	[51.0, 51.0, 79.0, 97.0, 111.0, 120.0, 125.0, 127.0, 128.0, 129.0, 130.0, 131.0, 131.0, 132.0, 136.0, 141.0, 144.0, 144.0, 145.0, 147.0, 150.0, 154.0, 159.0, 161.0, 162.0, 163.0]	[-144.0, -144.0, -8.0, 99.0, 155.0, 182.0, 200.0, 206.0, 209.0, 211.0, 216.0, 220.0, 223.0, 230.0, 241.0, 251.0, 255.0, 256.0, 256.0, 257.0, 259.0, 263.0, 269.0, 274.0, 276.0, 277.0]	[0, 0, 0, 0, 0, 0, 0, 0, 0, 0, 0, 0, 0, 0, 0, 0, 0, 0, 0, 0, 0, 0, 0, 0, 0, 1]	[0, 0, 0, 0, 0, 0, 0, 0, 0, 0, 0, 0, 0, 0, 0, 0, 0, 0, 0, 0, 0, 0, 0, 0, 0, 0]	[0, 0, 0, 0, 0, 0, 0, 0, 0, 0, 0, 0, 0, 0, 0, 0, 0, 0, 0, 0, 0, 0, 0, 0, 0, 0]	[0.00020020001102238894, 0.009822200023336336, 0.02713280002353713, 0.04306700002052821, 0.05939050001325086, 0.07608910000999458, 0.09273220002069138, 0.10938490001717582, 0.12604810000630096, 0.14273070002673194, 0.15945140001713298, 0.17611020000185817, 0.19268250002642162, 0.20941140002105385, 0.2260326000105124, 0.24324220002745278, 0.2592929000093136, 0.27599810002720915, 0.29268720000982285, 0.30925540000316687, 0.3261246000183746, 0.3426488000259269, 0.3597230000013951, 0.37596590002067387, 0.3926167000026908, 0.4096253000025172]	163.0	277.0	0.8	5a
386	10	go_nogo	0	60	4	go	click	[28.0, 28.0, 36.0, 61.0, 85.0, 109.0, 125.0, 138.0, 147.0, 152.0, 153.0, 153.0, 153.0, 153.0, 153.0, 153.0, 153.0, 153.0, 153.0, 153.0, 156.0, 162.0, 168.0, 173.0, 175.0, 176.0, 176.0, 176.0]	[-227.0, -227.0, -168.0, -44.0, 68.0, 146.0, 188.0, 214.0, 230.0, 238.0, 241.0, 242.0, 245.0, 248.0, 249.0, 249.0, 249.0, 249.0, 246.0, 245.0, 247.0, 260.0, 274.0, 289.0, 293.0, 296.0, 297.0, 297.0]	[0, 0, 0, 0, 0, 0, 0, 0, 0, 0, 0, 0, 0, 0, 0, 0, 0, 0, 0, 0, 0, 0, 0, 0, 0, 0, 0, 1]	[0, 0, 0, 0, 0, 0, 0, 0, 0, 0, 0, 0, 0, 0, 0, 0, 0, 0, 0, 0, 0, 0, 0, 0, 0, 0, 0, 0]	[0, 0, 0, 0, 0, 0, 0, 0, 0, 0, 0, 0, 0, 0, 0, 0, 0, 0, 0, 0, 0, 0, 0, 0, 0, 0, 0, 0]	[0.0007459000044036657, 0.008738000004086643, 0.025297699990915135, 0.04193520001717843, 0.058676899992860854, 0.07523610000498593, 0.09180900000501424, 0.10859650000929832, 0.12530990000232123, 0.14196370000718161, 0.15865920000942424, 0.17510250001214445, 0.1919567000004463, 0.2085986000020057, 0.22490040000411682, 0.24167809999198653, 0.2583048999949824, 0.27509700000518933, 0.29183490001014434, 0.3085467999917455, 0.3253011000051629, 0.341940300015267, 0.358705499995267, 0.37536040000850335, 0.39185230000293814, 0.4082256999972742, 0.42486830000416376, 0.4421796000096947]	176.0	297.0	0.6	5a
387	10	go_nogo	0	60	4	go	click	[58.0, 65.0, 71.0, 82.0, 90.0, 103.0, 114.0, 124.0, 130.0, 135.0, 137.0, 139.0, 142.0, 145.0, 148.0, 150.0, 150.0, 150.0, 150.0, 150.0, 150.0, 151.0, 152.0, 155.0, 158.0, 159.0]	[-256.0, -232.0, -205.0, -130.0, -34.0, 37.0, 78.0, 105.0, 126.0, 145.0, 158.0, 179.0, 202.0, 222.0, 239.0, 247.0, 249.0, 249.0, 249.0, 249.0, 250.0, 253.0, 258.0, 264.0, 270.0, 272.0]	[0, 0, 0, 0, 0, 0, 0, 0, 0, 0, 0, 0, 0, 0, 0, 0, 0, 0, 0, 0, 0, 0, 0, 0, 0, 1]	[0, 0, 0, 0, 0, 0, 0, 0, 0, 0, 0, 0, 0, 0, 0, 0, 0, 0, 0, 0, 0, 0, 0, 0, 0, 0]	[0, 0, 0, 0, 0, 0, 0, 0, 0, 0, 0, 0, 0, 0, 0, 0, 0, 0, 0, 0, 0, 0, 0, 0, 0, 0]	[0.0004250000056345016, 0.010432300012325868, 0.027789700019638985, 0.04393690000870265, 0.06059490001644008, 0.07712280002306215, 0.09396930001094006, 0.11068599999998696, 0.12713070001336746, 0.14404490002198145, 0.1606012000120245, 0.17738550002104603, 0.19407019999925978, 0.21115410001948476, 0.22718880002503283, 0.24388200000976212, 0.2603143000160344, 0.2769804999988992, 0.29359450002084486, 0.31058310001390055, 0.3273201000120025, 0.3438169000146445, 0.36055940002552234, 0.37717820002580993, 0.39402120001614094, 0.41090270000859164]	159.0	272.0	0.8	5a
388	10	go_nogo	0	60	3	go	click	[39.0, 39.0, 60.0, 99.0, 133.0, 154.0, 170.0, 181.0, 192.0, 198.0, 201.0, 204.0, 208.0, 216.0, 226.0, 237.0, 243.0, 244.0, 244.0, 245.0, 245.0, 245.0, 243.0, 240.0, 238.0, 236.0, 236.0]	[-215.0, -215.0, -169.0, -76.0, 5.0, 54.0, 93.0, 128.0, 161.0, 175.0, 182.0, 187.0, 193.0, 207.0, 225.0, 241.0, 253.0, 256.0, 256.0, 257.0, 261.0, 270.0, 279.0, 289.0, 294.0, 296.0, 296.0]	[0, 0, 0, 0, 0, 0, 0, 0, 0, 0, 0, 0, 0, 0, 0, 0, 0, 0, 0, 0, 0, 0, 0, 0, 0, 0, 1]	[0, 0, 0, 0, 0, 0, 0, 0, 0, 0, 0, 0, 0, 0, 0, 0, 0, 0, 0, 0, 0, 0, 0, 0, 0, 0, 0]	[0, 0, 0, 0, 0, 0, 0, 0, 0, 0, 0, 0, 0, 0, 0, 0, 0, 0, 0, 0, 0, 0, 0, 0, 0, 0, 0]	[0.00040800002170726657, 0.009304200008045882, 0.025485899997875094, 0.042643000022508204, 0.05876790001639165, 0.07561690002330579, 0.09224970001378097, 0.1090746000118088, 0.12565890001133084, 0.14213390002259985, 0.15897070002392866, 0.17607640000642277, 0.1921011000231374, 0.20900470000924543, 0.22549730000901036, 0.24216400002478622, 0.2588304000091739, 0.2752135000191629, 0.2923645000264514, 0.3087509000033606, 0.3256785999983549, 0.3421297000022605, 0.3591646999993827, 0.37555590001284145, 0.3920922000252176, 0.40852880000602454, 0.4256222000112757]	236.0	296.0	0.8	5a
389	10	go_nogo	0	60	1	nogo	none	[60.0, 70.0, 79.0, 100.0, 121.0, 140.0, 158.0, 170.0, 181.0, 185.0, 187.0, 188.0, 189.0, 191.0, 196.0, 197.0, 197.0, 198.0, 198.0, 198.0, 197.0, 197.0, 197.0, 197.0, 197.0, 197.0, 197.0, 199.0, 201.0, 202.0, 202.0, 202.0, 202.0, 202.0, 202.0, 202.0, 202.0, 202.0, 202.0, 202.0, 202.0, 202.0, 202.0, 202.0, 202.0, 202.0, 202.0, 202.0, 202.0, 202.0, 202.0, 202.0, 202.0, 202.0, 202.0, 202.0, 202.0, 202.0, 202.0, 202.0, 202.0, 202.0, 202.0, 202.0, 202.0, 202.0, 202.0, 202.0, 202.0, 202.0, 202.0, 202.0, 202.0, 202.0]	[-233.0, -189.0, -149.0, -76.0, -2.0, 63.0, 114.0, 152.0, 179.0, 191.0, 195.0, 197.0, 204.0, 216.0, 230.0, 231.0, 231.0, 229.0, 217.0, 206.0, 204.0, 204.0, 204.0, 209.0, 218.0, 229.0, 257.0, 278.0, 290.0, 295.0, 297.0, 298.0, 298.0, 298.0, 298.0, 298.0, 298.0, 298.0, 298.0, 298.0, 298.0, 298.0, 298.0, 298.0, 298.0, 298.0, 298.0, 298.0, 298.0, 298.0, 298.0, 298.0, 298.0, 298.0, 298.0, 298.0, 298.0, 298.0, 298.0, 298.0, 298.0, 298.0, 298.0, 298.0, 298.0, 298.0, 298.0, 298.0, 298.0, 298.0, 298.0, 298.0, 298.0, 298.0]	[0, 0, 0, 0, 0, 0, 0, 0, 0, 0, 0, 0, 0, 0, 0, 0, 0, 0, 0, 0, 0, 0, 0, 0, 0, 0, 0, 0, 0, 0, 0, 0, 0, 0, 0, 0, 0, 0, 0, 0, 0, 0, 0, 0, 0, 0, 0, 0, 0, 0, 0, 0, 0, 0, 0, 0, 0, 0, 0, 0, 0, 0, 0, 0, 0, 0, 0, 0, 0, 0, 0, 0, 0, 0]	[0, 0, 0, 0, 0, 0, 0, 0, 0, 0, 0, 0, 0, 0, 0, 0, 0, 0, 0, 0, 0, 0, 0, 0, 0, 0, 0, 0, 0, 0, 0, 0, 0, 0, 0, 0, 0, 0, 0, 0, 0, 0, 0, 0, 0, 0, 0, 0, 0, 0, 0, 0, 0, 0, 0, 0, 0, 0, 0, 0, 0, 0, 0, 0, 0, 0, 0, 0, 0, 0, 0, 0, 0, 0]	[0, 0, 0, 0, 0, 0, 0, 0, 0, 0, 0, 0, 0, 0, 0, 0, 0, 0, 0, 0, 0, 0, 0, 0, 0, 0, 0, 0, 0, 0, 0, 0, 0, 0, 0, 0, 0, 0, 0, 0, 0, 0, 0, 0, 0, 0, 0, 0, 0, 0, 0, 0, 0, 0, 0, 0, 0, 0, 0, 0, 0, 0, 0, 0, 0, 0, 0, 0, 0, 0, 0, 0, 0, 0]	[0.0004957999917678535, 0.008574199979193509, 0.02601679999497719, 0.04278089999570511, 0.058736099977977574, 0.07529330000397749, 0.09217989997705445, 0.10869939997792244, 0.1251412999990862, 0.14216599997598678, 0.1587532999983523, 0.17526920000091195, 0.19196759999613278, 0.208635899994988, 0.22524459997657686, 0.2418673999782186, 0.25869129999773577, 0.2755452999845147, 0.2918661999865435, 0.30871620000107214, 0.32492659997660667, 0.34164159998181276, 0.3586942999972962, 0.37519259998225607, 0.3917001999798231, 0.40848769998410717, 0.42533080000430346, 0.4417710999841802, 0.4585881999810226, 0.4750781999900937, 0.49182199998176657, 0.5081865999964066, 0.5249451999843586, 0.5414860000018962, 0.5581825999834109, 0.5748022999905515, 0.591463599994313, 0.6083219999854919, 0.6247694999910891, 0.641509999986738, 0.6581452999962494, 0.6748036999779288, 0.691414699977031, 0.7081299999845214, 0.7247944999835454, 0.74157019998529, 0.7581245999899693, 0.7747633999970276, 0.7914364000025671, 0.8080673999793362, 0.8248312999785412, 0.841423699981533, 0.8581792999757454, 0.8747390999924392, 0.8916506999812555, 0.908027099998435, 0.924693799985107, 0.9413380999758374, 0.9579590999928769, 0.974707599991234, 0.9912782000028528, 1.0081091999891214, 1.0246659999829717, 1.0413782999967225, 1.0580075999896508, 1.074671499984106, 1.0914466999820434, 1.1079503999790177, 1.1247234999900684, 1.1412780999962706, 1.1579445999814197, 1.1746521999884862, 1.1914752000011504, 1.207933800003957]	n/a	n/a	0.9	5a
390	10	go_nogo	0	60	3	go	click	[73.0, 81.0, 91.0, 111.0, 127.0, 140.0, 147.0, 150.0, 156.0, 161.0, 164.0, 167.0, 169.0, 174.0, 175.0, 175.0, 175.0, 175.0, 175.0, 175.0, 175.0, 175.0, 175.0]	[-234.0, -179.0, -127.0, -31.0, 41.0, 104.0, 147.0, 181.0, 210.0, 229.0, 240.0, 250.0, 258.0, 272.0, 275.0, 275.0, 275.0, 275.0, 275.0, 275.0, 275.0, 275.0, 276.0]	[0, 0, 0, 0, 0, 0, 0, 0, 0, 0, 0, 0, 0, 0, 0, 0, 0, 0, 0, 0, 0, 0, 1]	[0, 0, 0, 0, 0, 0, 0, 0, 0, 0, 0, 0, 0, 0, 0, 0, 0, 0, 0, 0, 0, 0, 0]	[0, 0, 0, 0, 0, 0, 0, 0, 0, 0, 0, 0, 0, 0, 0, 0, 0, 0, 0, 0, 0, 0, 0]	[0.00030690000858157873, 0.008525000012014061, 0.02620810002554208, 0.04211030001170002, 0.058822100021643564, 0.07526400001370348, 0.09198409999953583, 0.10894840001128614, 0.12532820002525114, 0.14207640002132393, 0.15893150001647882, 0.1755874000082258, 0.19218630000250414, 0.20873830001801252, 0.22518220002530143, 0.24170410001534037, 0.25842960001318716, 0.2754457000119146, 0.29178470000624657, 0.30854370002634823, 0.3253936000110116, 0.34194290000596084, 0.3587635000003502]	175.0	276.0	0.8	5a
391	11	go_nogo	0	60	1	nogo	none	[86.0, 86.0, 106.0, 145.0, 182.0, 210.0, 240.0, 248.0, 251.0, 251.0, 251.0, 251.0, 251.0, 251.0, 251.0, 250.0, 244.0, 238.0, 237.0, 237.0, 237.0, 237.0, 236.0, 234.0, 234.0, 233.0, 232.0, 232.0, 232.0, 232.0, 232.0, 232.0, 232.0, 232.0, 232.0, 232.0, 232.0, 232.0, 232.0, 232.0, 232.0, 232.0, 232.0, 232.0, 232.0, 232.0, 232.0, 232.0, 232.0, 232.0, 232.0, 232.0, 232.0, 232.0, 232.0, 232.0, 232.0, 232.0, 232.0, 232.0, 232.0, 232.0, 232.0, 232.0, 232.0, 232.0, 232.0]	[-137.0, -137.0, -64.0, 62.0, 158.0, 234.0, 312.0, 339.0, 348.0, 354.0, 356.0, 356.0, 356.0, 356.0, 356.0, 354.0, 339.0, 321.0, 319.0, 319.0, 318.0, 318.0, 317.0, 315.0, 314.0, 313.0, 312.0, 312.0, 312.0, 312.0, 312.0, 312.0, 312.0, 312.0, 312.0, 312.0, 312.0, 312.0, 312.0, 312.0, 312.0, 312.0, 312.0, 312.0, 312.0, 312.0, 312.0, 312.0, 312.0, 312.0, 312.0, 312.0, 312.0, 312.0, 312.0, 312.0, 312.0, 312.0, 312.0, 312.0, 312.0, 312.0, 312.0, 312.0, 312.0, 312.0, 312.0]	[0, 0, 0, 0, 0, 0, 0, 0, 0, 0, 0, 0, 0, 0, 0, 0, 0, 0, 0, 0, 0, 0, 0, 0, 0, 0, 0, 0, 0, 0, 0, 0, 0, 0, 0, 0, 0, 0, 0, 0, 0, 0, 0, 0, 0, 0, 0, 0, 0, 0, 0, 0, 0, 0, 0, 0, 0, 0, 0, 0, 0, 0, 0, 0, 0, 0, 0]	[0, 0, 0, 0, 0, 0, 0, 0, 0, 0, 0, 0, 0, 0, 0, 0, 0, 0, 0, 0, 0, 0, 0, 0, 0, 0, 0, 0, 0, 0, 0, 0, 0, 0, 0, 0, 0, 0, 0, 0, 0, 0, 0, 0, 0, 0, 0, 0, 0, 0, 0, 0, 0, 0, 0, 0, 0, 0, 0, 0, 0, 0, 0, 0, 0, 0, 0]	[0, 0, 0, 0, 0, 0, 0, 0, 0, 0, 0, 0, 0, 0, 0, 0, 0, 0, 0, 0, 0, 0, 0, 0, 0, 0, 0, 0, 0, 0, 0, 0, 0, 0, 0, 0, 0, 0, 0, 0, 0, 0, 0, 0, 0, 0, 0, 0, 0, 0, 0, 0, 0, 0, 0, 0, 0, 0, 0, 0, 0, 0, 0, 0, 0, 0, 0]	[0.00045419999514706433, 0.008086000016191974, 0.024700300011318177, 0.04145990000688471, 0.058029500010889024, 0.0747655000013765, 0.09158100001513958, 0.10795460001099855, 0.12537799999699928, 0.1412789000023622, 0.1575621000083629, 0.17450799999642186, 0.1909831000084523, 0.20777130001806654, 0.22488049999810755, 0.24137400000472553, 0.25787950001540594, 0.2746843000059016, 0.29098079999675974, 0.3079505999921821, 0.32433010000386275, 0.34144459999515675, 0.35812049999367446, 0.37463110001408495, 0.39147679999587126, 0.4079343000194058, 0.4243074000114575, 0.44099370000185445, 0.45764110001618974, 0.4742547000059858, 0.4912553000031039, 0.5075846000108868, 0.5242948000086471, 0.5408984000096098, 0.5575971000071149, 0.5745861000032164, 0.5910063000046648, 0.6081333000038285, 0.6242520000087097, 0.6410848000086844, 0.6575216000201181, 0.6742583000159357, 0.6908963000169024, 0.7077761999971699, 0.724191300017992, 0.7408682999957819, 0.757498899998609, 0.7742963000200689, 0.7910328000143636, 0.8074827000091318, 0.8243000000074971, 0.8408114000048954, 0.85752630000934, 0.8742595000076108, 0.8908299000177067, 0.9076980999961961, 0.9242984000011347, 0.940900599991437, 0.9576883999980055, 0.9742026000167243, 0.9909200000111014, 1.0074344000022393, 1.0241087000176776, 1.0408920000190847, 1.0576081000035629, 1.0741555000131484, 1.09114450000925]	n/a	n/a	0.9	5a
392	11	go_nogo	0	60	8	go	click	[72.0, 72.0, 83.0, 105.0, 140.0, 151.0, 159.0, 161.0, 162.0, 164.0, 164.0, 165.0, 166.0, 169.0, 180.0, 193.0, 198.0, 198.0, 198.0, 198.0, 198.0, 198.0, 198.0, 198.0, 198.0, 198.0, 198.0, 198.0, 198.0, 198.0, 198.0, 198.0, 198.0, 198.0, 198.0]	[-122.0, -122.0, -55.0, 73.0, 210.0, 244.0, 262.0, 269.0, 272.0, 275.0, 275.0, 275.0, 275.0, 275.0, 285.0, 300.0, 305.0, 305.0, 305.0, 305.0, 305.0, 305.0, 305.0, 305.0, 305.0, 305.0, 305.0, 305.0, 305.0, 305.0, 305.0, 305.0, 305.0, 305.0, 305.0]	[0, 0, 0, 0, 0, 0, 0, 0, 0, 0, 0, 0, 0, 0, 0, 0, 0, 0, 0, 0, 0, 0, 0, 0, 0, 0, 0, 0, 0, 0, 0, 0, 0, 0, 1]	[0, 0, 0, 0, 0, 0, 0, 0, 0, 0, 0, 0, 0, 0, 0, 0, 0, 0, 0, 0, 0, 0, 0, 0, 0, 0, 0, 0, 0, 0, 0, 0, 0, 0, 0]	[0, 0, 0, 0, 0, 0, 0, 0, 0, 0, 0, 0, 0, 0, 0, 0, 0, 0, 0, 0, 0, 0, 0, 0, 0, 0, 0, 0, 0, 0, 0, 0, 0, 0, 0]	[0.0004135000053793192, 0.008647399983601645, 0.02539589998195879, 0.04212019999977201, 0.05890249999356456, 0.0754012999823317, 0.09290970000438392, 0.10873119998723269, 0.12528149998979643, 0.1419731999922078, 0.15865430000121705, 0.17556569998851046, 0.19199490000028163, 0.20893510000314564, 0.22543099999893457, 0.2424923999933526, 0.2584447999834083, 0.2753861999954097, 0.2917550999845844, 0.30840479998732917, 0.3253338999929838, 0.3419078000006266, 0.3584252999862656, 0.37506339998799376, 0.3916943999938667, 0.4083125999895856, 0.42507719999412075, 0.4415445000049658, 0.4583340999961365, 0.4749926999793388, 0.49169090000214055, 0.5083766999887303, 0.5250204000039957, 0.5416740999789909, 0.5589278999832459]	198.0	305.0	0.8	5a
393	11	go_nogo	0	60	2	go	click	[61.0, 71.0, 71.0, 102.0, 134.0, 162.0, 181.0, 190.0, 195.0, 195.0, 195.0, 195.0, 195.0, 196.0, 196.0, 196.0, 196.0, 194.0, 194.0, 194.0, 192.0, 191.0, 190.0, 190.0, 190.0, 190.0, 188.0, 187.0, 187.0, 187.0, 187.0]	[-187.0, -135.0, -135.0, 9.0, 93.0, 154.0, 188.0, 204.0, 213.0, 215.0, 215.0, 215.0, 215.0, 215.0, 215.0, 215.0, 214.0, 210.0, 210.0, 210.0, 218.0, 237.0, 255.0, 272.0, 284.0, 289.0, 295.0, 298.0, 298.0, 298.0, 298.0]	[0, 0, 0, 0, 0, 0, 0, 0, 0, 0, 0, 0, 0, 0, 0, 0, 0, 0, 0, 0, 0, 0, 0, 0, 0, 0, 0, 0, 0, 0, 1]	[0, 0, 0, 0, 0, 0, 0, 0, 0, 0, 0, 0, 0, 0, 0, 0, 0, 0, 0, 0, 0, 0, 0, 0, 0, 0, 0, 0, 0, 0, 0]	[0, 0, 0, 0, 0, 0, 0, 0, 0, 0, 0, 0, 0, 0, 0, 0, 0, 0, 0, 0, 0, 0, 0, 0, 0, 0, 0, 0, 0, 0, 0]	[0.0004065000102855265, 0.008042300003580749, 0.025178699987009168, 0.041793799988226965, 0.05883190000895411, 0.07494089999818243, 0.0920001000049524, 0.10823119999258779, 0.12532009999267757, 0.14140319998841733, 0.15825670000049286, 0.17467059998307377, 0.19165870000142604, 0.20798010000726208, 0.22476230000029318, 0.24154600000474602, 0.2591340999933891, 0.27459620000445284, 0.2914825000043493, 0.30820410000160336, 0.32485859998269007, 0.3414827999949921, 0.35819520000950433, 0.37497780000558123, 0.39174259998253547, 0.4082736999844201, 0.42483760000322945, 0.44139829999767244, 0.4579029000014998, 0.4745923999871593, 0.4919227999926079]	187.0	298.0	0.5	5a
394	11	go_nogo	0	60	8	go	click	[84.0, 84.0, 103.0, 135.0, 163.0, 184.0, 201.0, 212.0, 219.0, 222.0, 224.0, 228.0, 234.0, 242.0, 247.0, 247.0, 247.0, 247.0, 247.0, 247.0, 247.0, 246.0, 240.0, 235.0, 233.0, 232.0, 232.0, 232.0, 232.0]	[-185.0, -185.0, -131.0, -25.0, 73.0, 136.0, 167.0, 182.0, 193.0, 195.0, 197.0, 202.0, 210.0, 223.0, 232.0, 232.0, 232.0, 232.0, 232.0, 232.0, 232.0, 239.0, 254.0, 270.0, 276.0, 276.0, 277.0, 277.0, 277.0]	[0, 0, 0, 0, 0, 0, 0, 0, 0, 0, 0, 0, 0, 0, 0, 0, 0, 0, 0, 0, 0, 0, 0, 0, 0, 0, 0, 0, 1]	[0, 0, 0, 0, 0, 0, 0, 0, 0, 0, 0, 0, 0, 0, 0, 0, 0, 0, 0, 0, 0, 0, 0, 0, 0, 0, 0, 0, 0]	[0, 0, 0, 0, 0, 0, 0, 0, 0, 0, 0, 0, 0, 0, 0, 0, 0, 0, 0, 0, 0, 0, 0, 0, 0, 0, 0, 0, 0]	[0.0004379000165499747, 0.008829700003843755, 0.02551490001496859, 0.04263780001201667, 0.05882130001555197, 0.07557919999817386, 0.09214900000370108, 0.10891120001906529, 0.12572910002199933, 0.14284310000948608, 0.15930490000755526, 0.1754889000148978, 0.19215960000292398, 0.20874180001555942, 0.2251410000026226, 0.2419891000026837, 0.2584276999987196, 0.2751237000047695, 0.2918080000090413, 0.3086009999969974, 0.32535660002031364, 0.34242480000830255, 0.3587923000159208, 0.3755754000158049, 0.3920886999985669, 0.40868809999665245, 0.4251603000157047, 0.44169289999990724, 0.4588475000055041]	232.0	277.0	0.9	5a
395	11	go_nogo	0	60	6	go	click	[45.0, 60.0, 79.0, 129.0, 163.0, 179.0, 186.0, 189.0, 196.0, 200.0, 204.0, 205.0, 207.0, 215.0, 219.0, 220.0, 220.0, 220.0, 220.0, 220.0, 220.0, 220.0, 220.0, 220.0, 220.0, 220.0, 220.0, 220.0, 220.0, 220.0, 220.0]	[-215.0, -170.0, -112.0, 9.0, 104.0, 157.0, 196.0, 222.0, 245.0, 261.0, 267.0, 272.0, 279.0, 299.0, 306.0, 308.0, 308.0, 308.0, 308.0, 308.0, 308.0, 308.0, 308.0, 308.0, 308.0, 308.0, 308.0, 308.0, 308.0, 308.0, 308.0]	[0, 0, 0, 0, 0, 0, 0, 0, 0, 0, 0, 0, 0, 0, 0, 0, 0, 0, 0, 0, 0, 0, 0, 0, 0, 0, 0, 0, 0, 0, 1]	[0, 0, 0, 0, 0, 0, 0, 0, 0, 0, 0, 0, 0, 0, 0, 0, 0, 0, 0, 0, 0, 0, 0, 0, 0, 0, 0, 0, 0, 0, 0]	[0, 0, 0, 0, 0, 0, 0, 0, 0, 0, 0, 0, 0, 0, 0, 0, 0, 0, 0, 0, 0, 0, 0, 0, 0, 0, 0, 0, 0, 0, 0]	[0.0003964999923482537, 0.008437600015895441, 0.026155800005653873, 0.04183470000862144, 0.058745000016642734, 0.07540160001371987, 0.09200179998879321, 0.10850830000708811, 0.12541599999531172, 0.14207279999391176, 0.1585936000046786, 0.1750911000126507, 0.19183120000525378, 0.20840880001196638, 0.22515159999602474, 0.24154280000948347, 0.25827920000301674, 0.27487290001590736, 0.2916130000085104, 0.3081665000063367, 0.3248422000033315, 0.3417982000100892, 0.35850390000268817, 0.3748568000155501, 0.3916285000159405, 0.4082115000055637, 0.42503149999538437, 0.4416551000031177, 0.45845159998862073, 0.4750367999949958, 0.491912700003013]	220.0	308.0	0.7	5a
396	11	go_nogo	0	60	2	go	click	[35.0, 47.0, 62.0, 79.0, 92.0, 116.0, 134.0, 148.0, 158.0, 166.0, 173.0, 180.0, 182.0, 183.0, 184.0, 184.0, 184.0, 184.0, 184.0, 184.0, 184.0, 185.0, 185.0]	[-273.0, -236.0, -187.0, -57.0, 64.0, 142.0, 182.0, 202.0, 220.0, 237.0, 257.0, 276.0, 283.0, 289.0, 289.0, 289.0, 289.0, 289.0, 289.0, 290.0, 293.0, 294.0, 294.0]	[0, 0, 0, 0, 0, 0, 0, 0, 0, 0, 0, 0, 0, 0, 0, 0, 0, 0, 0, 0, 0, 0, 1]	[0, 0, 0, 0, 0, 0, 0, 0, 0, 0, 0, 0, 0, 0, 0, 0, 0, 0, 0, 0, 0, 0, 0]	[0, 0, 0, 0, 0, 0, 0, 0, 0, 0, 0, 0, 0, 0, 0, 0, 0, 0, 0, 0, 0, 0, 0]	[0.00041599999531172216, 0.00870600002235733, 0.026014800008852035, 0.04223910000291653, 0.05869510001502931, 0.07538470000145026, 0.09233149999636225, 0.10877670001355, 0.12556880002375692, 0.14222130001871847, 0.15873200001078658, 0.17544550000457093, 0.1921042000176385, 0.20876540002063848, 0.2251430000178516, 0.2418259000114631, 0.2585894000076223, 0.2751198000041768, 0.29203290000441484, 0.3086765000189189, 0.3255117000080645, 0.34177560001262464, 0.35912040001130663]	185.0	294.0	1.0	5a
397	11	go_nogo	0	60	4	go	click	[55.0, 55.0, 81.0, 155.0, 177.0, 189.0, 200.0, 209.0, 215.0, 219.0, 221.0, 224.0, 226.0, 227.0, 227.0, 227.0, 227.0, 226.0, 226.0, 226.0, 226.0, 226.0]	[-195.0, -195.0, -128.0, 58.0, 143.0, 186.0, 215.0, 234.0, 250.0, 261.0, 274.0, 287.0, 294.0, 296.0, 296.0, 296.0, 293.0, 289.0, 289.0, 289.0, 289.0, 289.0]	[0, 0, 0, 0, 0, 0, 0, 0, 0, 0, 0, 0, 0, 0, 0, 0, 0, 0, 0, 0, 0, 1]	[0, 0, 0, 0, 0, 0, 0, 0, 0, 0, 0, 0, 0, 0, 0, 0, 0, 0, 0, 0, 0, 0]	[0, 0, 0, 0, 0, 0, 0, 0, 0, 0, 0, 0, 0, 0, 0, 0, 0, 0, 0, 0, 0, 0]	[0.00041939999209716916, 0.009351699991384521, 0.02603159999125637, 0.042346400005044416, 0.05942879998474382, 0.07681949998368509, 0.09320040000602603, 0.1090519999852404, 0.12567509998916648, 0.14262629998847842, 0.15896780000184663, 0.1757350999978371, 0.19232889998238534, 0.20899720001034439, 0.22550639999099076, 0.24243439998826943, 0.25934270001016557, 0.2755069999839179, 0.29216310000629164, 0.3089029999973718, 0.3255271000089124, 0.3428700999938883]	226.0	289.0	0.5	5a
398	11	go_nogo	0	60	7	go	click	[46.0, 46.0, 58.0, 70.0, 81.0, 89.0, 110.0, 133.0, 148.0, 164.0, 172.0, 176.0, 178.0, 180.0, 180.0, 180.0, 180.0, 180.0, 181.0, 184.0, 187.0, 187.0, 187.0, 187.0, 187.0, 187.0, 187.0, 187.0]	[-222.0, -222.0, -185.0, -140.0, -101.0, -69.0, -6.0, 54.0, 100.0, 137.0, 160.0, 175.0, 183.0, 189.0, 191.0, 191.0, 191.0, 191.0, 201.0, 218.0, 238.0, 248.0, 250.0, 250.0, 250.0, 250.0, 255.0, 259.0]	[0, 0, 0, 0, 0, 0, 0, 0, 0, 0, 0, 0, 0, 0, 0, 0, 0, 0, 0, 0, 0, 0, 0, 0, 0, 0, 0, 1]	[0, 0, 0, 0, 0, 0, 0, 0, 0, 0, 0, 0, 0, 0, 0, 0, 0, 0, 0, 0, 0, 0, 0, 0, 0, 0, 0, 0]	[0, 0, 0, 0, 0, 0, 0, 0, 0, 0, 0, 0, 0, 0, 0, 0, 0, 0, 0, 0, 0, 0, 0, 0, 0, 0, 0, 0]	[0.00018510001245886087, 0.009712300001410767, 0.02627030000439845, 0.04283120000036433, 0.059694600000511855, 0.0763845999899786, 0.09331659998861142, 0.10960709999199025, 0.12612020000233315, 0.14296709999325685, 0.15940500001306646, 0.17604160000337288, 0.19280009999056347, 0.20994050000444986, 0.22600630001397803, 0.24254559999099, 0.2591635000135284, 0.2760835000080988, 0.29284750000806525, 0.30936000001383945, 0.3263085999933537, 0.3429824000049848, 0.3591755999950692, 0.3758201999880839, 0.3924416000081692, 0.4094203000131529, 0.4261887999891769, 0.44295699999202043]	187.0	259.0	0.9	5a
399	11	go_nogo	0	60	9	nogo	none	[99.0, 99.0, 114.0, 143.0, 148.0, 148.0, 158.0, 173.0, 175.0, 175.0, 175.0, 175.0, 175.0, 176.0, 176.0, 176.0, 176.0, 176.0, 178.0, 181.0, 184.0, 185.0, 185.0, 187.0, 187.0, 187.0, 187.0, 187.0, 187.0, 187.0, 187.0, 187.0, 187.0, 187.0, 187.0, 187.0, 187.0, 187.0, 187.0, 187.0, 187.0, 187.0, 187.0, 187.0, 187.0, 187.0, 187.0, 187.0, 187.0, 187.0, 187.0, 187.0, 187.0, 187.0, 187.0, 187.0, 187.0, 187.0, 187.0, 187.0, 187.0, 187.0, 187.0, 187.0, 187.0, 187.0, 187.0]	[-192.0, -192.0, -142.0, -45.0, 91.0, 225.0, 342.0, 391.0, 396.0, 396.0, 396.0, 396.0, 396.0, 401.0, 403.0, 403.0, 403.0, 402.0, 391.0, 347.0, 313.0, 290.0, 279.0, 276.0, 275.0, 274.0, 273.0, 273.0, 273.0, 273.0, 273.0, 273.0, 273.0, 273.0, 273.0, 273.0, 273.0, 273.0, 273.0, 273.0, 273.0, 273.0, 273.0, 273.0, 273.0, 273.0, 273.0, 273.0, 273.0, 273.0, 273.0, 273.0, 273.0, 273.0, 273.0, 273.0, 273.0, 273.0, 273.0, 273.0, 273.0, 273.0, 273.0, 273.0, 273.0, 273.0, 273.0]	[0, 0, 0, 0, 0, 0, 0, 0, 0, 0, 0, 0, 0, 0, 0, 0, 0, 0, 0, 0, 0, 0, 0, 0, 0, 0, 0, 0, 0, 0, 0, 0, 0, 0, 0, 0, 0, 0, 0, 0, 0, 0, 0, 0, 0, 0, 0, 0, 0, 0, 0, 0, 0, 0, 0, 0, 0, 0, 0, 0, 0, 0, 0, 0, 0, 0, 0]	[0, 0, 0, 0, 0, 0, 0, 0, 0, 0, 0, 0, 0, 0, 0, 0, 0, 0, 0, 0, 0, 0, 0, 0, 0, 0, 0, 0, 0, 0, 0, 0, 0, 0, 0, 0, 0, 0, 0, 0, 0, 0, 0, 0, 0, 0, 0, 0, 0, 0, 0, 0, 0, 0, 0, 0, 0, 0, 0, 0, 0, 0, 0, 0, 0, 0, 0]	[0, 0, 0, 0, 0, 0, 0, 0, 0, 0, 0, 0, 0, 0, 0, 0, 0, 0, 0, 0, 0, 0, 0, 0, 0, 0, 0, 0, 0, 0, 0, 0, 0, 0, 0, 0, 0, 0, 0, 0, 0, 0, 0, 0, 0, 0, 0, 0, 0, 0, 0, 0, 0, 0, 0, 0, 0, 0, 0, 0, 0, 0, 0, 0, 0, 0, 0]	[0.0004555000050459057, 0.008989599999040365, 0.025444300001254305, 0.042365800007246435, 0.05881700001191348, 0.07542340000509284, 0.0921284000214655, 0.10917710000649095, 0.12511530000483617, 0.14180000001215376, 0.1586544000019785, 0.17518950000521727, 0.19207730001653545, 0.20875530000193976, 0.22511900000972673, 0.24187360002542846, 0.2586858000140637, 0.27530510001815856, 0.29200529999798164, 0.3087190000223927, 0.32563480001408607, 0.34195200001704507, 0.35878609999781474, 0.37529019999783486, 0.39213520000339486, 0.4087015000113752, 0.42503660000511445, 0.4417198000010103, 0.4584305000025779, 0.4751815000199713, 0.4916627000202425, 0.5083964000223204, 0.525304300012067, 0.5420319999975618, 0.5583906000247225, 0.575010900007328, 0.5916371000057552, 0.608448800019687, 0.6252344000095036, 0.6416191000025719, 0.6583258000027854, 0.6749504000181332, 0.6916335000132676, 0.7083782000117935, 0.7249253000190947, 0.7416724000067916, 0.7582754000031855, 0.7749060000060126, 0.7917857000138611, 0.8082788000174332, 0.8249871000007261, 0.8416206999972928, 0.8583045999985188, 0.8749864000128582, 0.8917509000166319, 0.9081947000231594, 0.9249363999988418, 0.9415524000069126, 0.9582067000155803, 0.9748745000106283, 0.9915900000196416, 1.0081892000162043, 1.024918200011598, 1.0415724000195041, 1.0583255000237841, 1.074869200005196, 1.0915660000173375]	n/a	n/a	0.9	5a
400	11	go_nogo	0	60	2	go	click	[113.0, 113.0, 132.0, 149.0, 164.0, 171.0, 173.0, 174.0, 174.0, 174.0, 174.0, 179.0, 182.0, 183.0, 183.0, 183.0, 183.0, 183.0, 182.0, 182.0, 182.0, 182.0, 182.0, 182.0, 185.0, 186.0, 186.0, 186.0, 186.0, 186.0, 186.0]	[-93.0, -93.0, -35.0, 87.0, 185.0, 236.0, 268.0, 284.0, 294.0, 301.0, 316.0, 340.0, 375.0, 380.0, 380.0, 380.0, 378.0, 369.0, 365.0, 362.0, 362.0, 361.0, 360.0, 350.0, 329.0, 318.0, 312.0, 307.0, 307.0, 306.0, 306.0]	[0, 0, 0, 0, 0, 0, 0, 0, 0, 0, 0, 0, 0, 0, 0, 0, 0, 0, 0, 0, 0, 0, 0, 0, 0, 0, 0, 0, 0, 0, 1]	[0, 0, 0, 0, 0, 0, 0, 0, 0, 0, 0, 0, 0, 0, 0, 0, 0, 0, 0, 0, 0, 0, 0, 0, 0, 0, 0, 0, 0, 0, 0]	[0, 0, 0, 0, 0, 0, 0, 0, 0, 0, 0, 0, 0, 0, 0, 0, 0, 0, 0, 0, 0, 0, 0, 0, 0, 0, 0, 0, 0, 0, 0]	[0.00037170000723563135, 0.006921699998201802, 0.02422439999645576, 0.04128949998994358, 0.05743139999685809, 0.07404440001118928, 0.09073659998830408, 0.10726650001015514, 0.12389139999868348, 0.1406667999981437, 0.1573439000057988, 0.17421399999875575, 0.19088700000429526, 0.20706449999124743, 0.22375629999442026, 0.2406566000136081, 0.2573718999919947, 0.27380470000207424, 0.29052609999780543, 0.3072081000136677, 0.32393479999154806, 0.34075830000801943, 0.3571787000109907, 0.3739355999859981, 0.3907415999856312, 0.4074434000067413, 0.42465709999669343, 0.4403982000076212, 0.45714489999227226, 0.4738257999997586, 0.490733899991028]	186.0	306.0	0.9	5a
401	11	go_nogo	0	60	6	go	click	[30.0, 30.0, 40.0, 65.0, 87.0, 108.0, 123.0, 132.0, 136.0, 138.0, 138.0, 138.0, 138.0, 138.0, 138.0, 138.0, 138.0, 138.0, 138.0, 139.0, 146.0, 158.0, 170.0, 173.0, 176.0, 180.0, 183.0, 186.0, 188.0, 189.0, 189.0]	[-193.0, -193.0, -145.0, -56.0, 41.0, 114.0, 158.0, 187.0, 202.0, 210.0, 214.0, 215.0, 217.0, 219.0, 219.0, 219.0, 219.0, 218.0, 218.0, 218.0, 220.0, 230.0, 245.0, 252.0, 258.0, 264.0, 274.0, 282.0, 287.0, 289.0, 289.0]	[0, 0, 0, 0, 0, 0, 0, 0, 0, 0, 0, 0, 0, 0, 0, 0, 0, 0, 0, 0, 0, 0, 0, 0, 0, 0, 0, 0, 0, 0, 1]	[0, 0, 0, 0, 0, 0, 0, 0, 0, 0, 0, 0, 0, 0, 0, 0, 0, 0, 0, 0, 0, 0, 0, 0, 0, 0, 0, 0, 0, 0, 0]	[0, 0, 0, 0, 0, 0, 0, 0, 0, 0, 0, 0, 0, 0, 0, 0, 0, 0, 0, 0, 0, 0, 0, 0, 0, 0, 0, 0, 0, 0, 0]	[0.0003616000176407397, 0.006902199995238334, 0.023856100015109405, 0.04040789999999106, 0.05709390001720749, 0.07377470002393238, 0.09064320000470616, 0.10711150002316572, 0.12375910000992008, 0.14048910001292825, 0.1567393000004813, 0.1736815000185743, 0.19074260001070797, 0.20671060000313446, 0.223419100017054, 0.2401265000225976, 0.2570107000065036, 0.2736812000221107, 0.2903308999957517, 0.3070685999991838, 0.3238127000222448, 0.34036610001930967, 0.35724450001725927, 0.3739615000085905, 0.3909002000000328, 0.40700330000254326, 0.4239976000098977, 0.4403098000038881, 0.4569960000226274, 0.47341940001933835, 0.49053640000056475]	189.0	289.0	0.5	5a
402	11	go_nogo	0	60	1	nogo	none	[50.0, 50.0, 67.0, 106.0, 154.0, 216.0, 240.0, 249.0, 252.0, 252.0, 252.0, 252.0, 252.0, 252.0, 252.0, 252.0, 252.0, 252.0, 251.0, 250.0, 246.0, 243.0, 238.0, 234.0, 234.0, 234.0, 234.0, 234.0, 234.0, 234.0, 234.0, 234.0, 234.0, 234.0, 234.0, 234.0, 234.0, 234.0, 234.0, 234.0, 234.0, 234.0, 234.0, 234.0, 234.0, 234.0, 234.0, 234.0, 234.0, 234.0, 234.0, 234.0, 234.0, 234.0, 234.0, 234.0, 234.0, 234.0, 234.0, 234.0, 234.0, 234.0, 234.0, 234.0, 234.0, 234.0, 234.0]	[-201.0, -201.0, -137.0, -14.0, 110.0, 276.0, 336.0, 361.0, 367.0, 367.0, 367.0, 367.0, 366.0, 366.0, 366.0, 366.0, 366.0, 365.0, 361.0, 355.0, 347.0, 338.0, 328.0, 321.0, 320.0, 320.0, 319.0, 319.0, 319.0, 319.0, 319.0, 319.0, 319.0, 319.0, 319.0, 319.0, 319.0, 319.0, 319.0, 319.0, 319.0, 319.0, 319.0, 319.0, 319.0, 319.0, 319.0, 319.0, 319.0, 319.0, 319.0, 319.0, 319.0, 319.0, 319.0, 319.0, 319.0, 319.0, 319.0, 319.0, 319.0, 319.0, 319.0, 319.0, 319.0, 319.0, 319.0]	[0, 0, 0, 0, 0, 0, 0, 0, 0, 0, 0, 0, 0, 0, 0, 0, 0, 0, 0, 0, 0, 0, 0, 0, 0, 0, 0, 0, 0, 0, 0, 0, 0, 0, 0, 0, 0, 0, 0, 0, 0, 0, 0, 0, 0, 0, 0, 0, 0, 0, 0, 0, 0, 0, 0, 0, 0, 0, 0, 0, 0, 0, 0, 0, 0, 0, 0]	[0, 0, 0, 0, 0, 0, 0, 0, 0, 0, 0, 0, 0, 0, 0, 0, 0, 0, 0, 0, 0, 0, 0, 0, 0, 0, 0, 0, 0, 0, 0, 0, 0, 0, 0, 0, 0, 0, 0, 0, 0, 0, 0, 0, 0, 0, 0, 0, 0, 0, 0, 0, 0, 0, 0, 0, 0, 0, 0, 0, 0, 0, 0, 0, 0, 0, 0]	[0, 0, 0, 0, 0, 0, 0, 0, 0, 0, 0, 0, 0, 0, 0, 0, 0, 0, 0, 0, 0, 0, 0, 0, 0, 0, 0, 0, 0, 0, 0, 0, 0, 0, 0, 0, 0, 0, 0, 0, 0, 0, 0, 0, 0, 0, 0, 0, 0, 0, 0, 0, 0, 0, 0, 0, 0, 0, 0, 0, 0, 0, 0, 0, 0, 0, 0]	[0.000444200006313622, 0.008628600015072152, 0.025144100014586, 0.04179600000497885, 0.05850590000045486, 0.07526270000380464, 0.09187760000349954, 0.10853520000819117, 0.12483790001715533, 0.14159210000070743, 0.15816400002222508, 0.17514970002230257, 0.19153959999675862, 0.20821750001050532, 0.22491730001638643, 0.24159099999815226, 0.25810590002220124, 0.2750767999968957, 0.2917823000170756, 0.30834450002294034, 0.3254593000165187, 0.34183970000594854, 0.35832810000283644, 0.37496139999711886, 0.3914394000021275, 0.4085782000038307, 0.42468860000371933, 0.44148830001358874, 0.45812080000177957, 0.47481149999657646, 0.491525300021749, 0.5082764000108, 0.5246851000119932, 0.5413873000070453, 0.5579762000124902, 0.5747898000117857, 0.5915276000159793, 0.608078800025396, 0.6249709000112489, 0.6414109000179451, 0.6580190000240691, 0.6746863000153098, 0.691246600006707, 0.7080753000045661, 0.7246625999978278, 0.7414229999994859, 0.758056899998337, 0.7747424000117462, 0.7912746000220068, 0.807992700021714, 0.8247812000045087, 0.8415122000151314, 0.8579812000098173, 0.8745417000027373, 0.8915033000230324, 0.9078269000165164, 0.9246096000133548, 0.9412059000169393, 0.9579331999993883, 0.974513900000602, 0.9912489000125788, 1.0079635000147391, 1.0245943000190891, 1.0414654000196606, 1.0578136999974959, 1.0744816000224091, 1.0912965000024997]	n/a	n/a	1.0	5a
403	11	go_nogo	0	60	3	go	click	[46.0, 46.0, 56.0, 77.0, 116.0, 147.0, 165.0, 180.0, 186.0, 190.0, 191.0, 193.0, 196.0, 204.0, 216.0, 224.0, 224.0, 224.0, 224.0, 224.0, 223.0, 217.0, 211.0, 207.0, 204.0, 203.0, 203.0, 203.0, 203.0]	[-262.0, -262.0, -236.0, -187.0, -86.0, -6.0, 63.0, 105.0, 126.0, 138.0, 144.0, 149.0, 154.0, 166.0, 182.0, 192.0, 192.0, 192.0, 192.0, 192.0, 198.0, 210.0, 222.0, 235.0, 246.0, 250.0, 252.0, 253.0, 254.0]	[0, 0, 0, 0, 0, 0, 0, 0, 0, 0, 0, 0, 0, 0, 0, 0, 0, 0, 0, 0, 0, 0, 0, 0, 0, 0, 0, 0, 1]	[0, 0, 0, 0, 0, 0, 0, 0, 0, 0, 0, 0, 0, 0, 0, 0, 0, 0, 0, 0, 0, 0, 0, 0, 0, 0, 0, 0, 0]	[0, 0, 0, 0, 0, 0, 0, 0, 0, 0, 0, 0, 0, 0, 0, 0, 0, 0, 0, 0, 0, 0, 0, 0, 0, 0, 0, 0, 0]	[0.00037349999183788896, 0.008570000005420297, 0.025456200004555285, 0.041952200001105666, 0.05889280000701547, 0.0753264999948442, 0.09188329998869449, 0.10864049999509007, 0.1251940999936778, 0.14211030001752079, 0.15860590001102537, 0.17521479999413714, 0.19192330000805669, 0.20875140000134706, 0.2253637000103481, 0.2415935000171885, 0.2583538999897428, 0.2750272999983281, 0.2916210000112187, 0.30846590001601726, 0.32542690000263974, 0.34173569999984466, 0.3585687000013422, 0.37562780000735074, 0.3919322000001557, 0.40850039999349974, 0.425279999995837, 0.44175220001488924, 0.4581539999926463]	203.0	254.0	0.7	5a
404	11	go_nogo	0	60	4	go	click	[121.0, 121.0, 142.0, 167.0, 183.0, 194.0, 203.0, 213.0, 224.0, 233.0, 237.0, 238.0, 238.0, 238.0, 238.0, 238.0, 238.0, 238.0, 238.0, 238.0, 237.0, 237.0, 235.0, 234.0, 232.0, 230.0, 229.0, 229.0]	[-61.0, -61.0, 16.0, 144.0, 227.0, 268.0, 299.0, 324.0, 351.0, 373.0, 383.0, 385.0, 385.0, 385.0, 385.0, 375.0, 363.0, 352.0, 345.0, 341.0, 340.0, 337.0, 332.0, 328.0, 324.0, 319.0, 317.0, 317.0]	[0, 0, 0, 0, 0, 0, 0, 0, 0, 0, 0, 0, 0, 0, 0, 0, 0, 0, 0, 0, 0, 0, 0, 0, 0, 0, 0, 1]	[0, 0, 0, 0, 0, 0, 0, 0, 0, 0, 0, 0, 0, 0, 0, 0, 0, 0, 0, 0, 0, 0, 0, 0, 0, 0, 0, 0]	[0, 0, 0, 0, 0, 0, 0, 0, 0, 0, 0, 0, 0, 0, 0, 0, 0, 0, 0, 0, 0, 0, 0, 0, 0, 0, 0, 0]	[0.00038029998540878296, 0.007417299988446757, 0.024460799992084503, 0.04090809999615885, 0.05750120000448078, 0.07420380000257865, 0.0908458000048995, 0.10772679999354295, 0.12455399997998029, 0.14085110000451095, 0.1577318999916315, 0.17420290000154637, 0.19083239999599755, 0.20723559998441488, 0.22434329998213798, 0.24078779999399558, 0.2574126999825239, 0.2741356999904383, 0.290908800001489, 0.3075498999969568, 0.32430269999895245, 0.3410628999990877, 0.3574374000017997, 0.37412930000573397, 0.3908213999820873, 0.40749599999981, 0.4241475999879185, 0.4410174999793526]	229.0	317.0	1.0	5a
405	11	go_nogo	0	60	2	go	click	[62.0, 62.0, 83.0, 111.0, 130.0, 142.0, 147.0, 151.0, 156.0, 159.0, 162.0, 165.0, 166.0, 166.0, 166.0, 166.0, 166.0, 167.0, 167.0, 168.0, 169.0, 170.0, 170.0, 170.0, 170.0]	[-236.0, -236.0, -185.0, -53.0, 66.0, 159.0, 231.0, 279.0, 298.0, 313.0, 325.0, 331.0, 334.0, 335.0, 335.0, 335.0, 335.0, 324.0, 315.0, 310.0, 310.0, 310.0, 310.0, 310.0, 310.0]	[0, 0, 0, 0, 0, 0, 0, 0, 0, 0, 0, 0, 0, 0, 0, 0, 0, 0, 0, 0, 0, 0, 0, 0, 1]	[0, 0, 0, 0, 0, 0, 0, 0, 0, 0, 0, 0, 0, 0, 0, 0, 0, 0, 0, 0, 0, 0, 0, 0, 0]	[0, 0, 0, 0, 0, 0, 0, 0, 0, 0, 0, 0, 0, 0, 0, 0, 0, 0, 0, 0, 0, 0, 0, 0, 0]	[0.0004200999974273145, 0.007996800006367266, 0.024613300018245354, 0.04136100001051091, 0.057935799995902926, 0.07457440000143833, 0.09121790001518093, 0.10784670000430197, 0.12456749999546446, 0.1415419999975711, 0.1577943000011146, 0.1744765000184998, 0.1914556999981869, 0.20769169999402948, 0.2242438000102993, 0.24107030002051033, 0.2578858000051696, 0.27455560001544654, 0.29134980001254007, 0.30759880002005957, 0.3243164000159595, 0.34124880001763813, 0.35753229999681935, 0.3742047999985516, 0.3911732000124175]	170.0	310.0	0.6	5a
406	11	go_nogo	0	60	3	go	click	[39.0, 39.0, 63.0, 100.0, 135.0, 162.0, 183.0, 193.0, 200.0, 200.0, 200.0, 200.0, 201.0, 203.0, 205.0, 206.0, 206.0, 206.0, 206.0, 206.0, 206.0, 206.0, 206.0, 206.0, 206.0, 206.0, 203.0, 201.0, 200.0, 200.0, 200.0, 200.0]	[-190.0, -190.0, -121.0, 13.0, 128.0, 210.0, 269.0, 303.0, 327.0, 333.0, 338.0, 341.0, 344.0, 347.0, 354.0, 356.0, 356.0, 356.0, 356.0, 356.0, 356.0, 356.0, 356.0, 356.0, 351.0, 342.0, 330.0, 317.0, 311.0, 311.0, 311.0, 311.0]	[0, 0, 0, 0, 0, 0, 0, 0, 0, 0, 0, 0, 0, 0, 0, 0, 0, 0, 0, 0, 0, 0, 0, 0, 0, 0, 0, 0, 0, 0, 0, 1]	[0, 0, 0, 0, 0, 0, 0, 0, 0, 0, 0, 0, 0, 0, 0, 0, 0, 0, 0, 0, 0, 0, 0, 0, 0, 0, 0, 0, 0, 0, 0, 0]	[0, 0, 0, 0, 0, 0, 0, 0, 0, 0, 0, 0, 0, 0, 0, 0, 0, 0, 0, 0, 0, 0, 0, 0, 0, 0, 0, 0, 0, 0, 0, 0]	[0.00017749998369254172, 0.009882099984679371, 0.02589249997981824, 0.04257960000541061, 0.059470699983648956, 0.0759937999828253, 0.09261219998006709, 0.10914889999548905, 0.1257356999849435, 0.1425660999957472, 0.159217099979287, 0.17591049999464303, 0.19293689998448826, 0.20904339998378418, 0.22588990000076592, 0.2421514999878127, 0.2589113999856636, 0.2755020000040531, 0.2924306000059005, 0.3087027999863494, 0.3255087999859825, 0.34219470000243746, 0.3588328000041656, 0.37623890000395477, 0.3924403999990318, 0.4090061000024434, 0.4258947999915108, 0.442252799984999, 0.45900040000560693, 0.47543570000561886, 0.4921629999880679, 0.5092740999825764]	200.0	311.0	0.6	5a
407	11	go_nogo	0	60	9	nogo	none	[52.0, 52.0, 85.0, 138.0, 179.0, 202.0, 216.0, 227.0, 230.0, 230.0, 230.0, 230.0, 230.0, 230.0, 230.0, 230.0, 230.0, 230.0, 230.0, 230.0, 230.0, 230.0, 229.0, 223.0, 219.0, 219.0, 219.0, 219.0, 219.0, 219.0, 219.0, 219.0, 219.0, 219.0, 219.0, 219.0, 219.0, 219.0, 219.0, 219.0, 219.0, 219.0, 219.0, 219.0, 219.0, 219.0, 219.0, 219.0, 219.0, 219.0, 219.0, 219.0, 219.0, 219.0, 219.0, 219.0, 219.0, 219.0, 219.0, 219.0, 219.0, 219.0, 219.0, 219.0, 219.0, 219.0, 219.0, 219.0, 219.0, 219.0, 219.0]	[-182.0, -182.0, -111.0, 37.0, 183.0, 276.0, 323.0, 357.0, 368.0, 370.0, 371.0, 371.0, 371.0, 371.0, 371.0, 371.0, 371.0, 371.0, 371.0, 371.0, 371.0, 371.0, 363.0, 338.0, 311.0, 291.0, 282.0, 278.0, 277.0, 277.0, 277.0, 277.0, 277.0, 277.0, 277.0, 277.0, 277.0, 277.0, 277.0, 277.0, 277.0, 277.0, 277.0, 277.0, 277.0, 277.0, 277.0, 277.0, 277.0, 277.0, 277.0, 277.0, 277.0, 277.0, 277.0, 277.0, 277.0, 277.0, 277.0, 277.0, 277.0, 277.0, 277.0, 277.0, 277.0, 277.0, 277.0, 277.0, 277.0, 277.0, 277.0]	[0, 0, 0, 0, 0, 0, 0, 0, 0, 0, 0, 0, 0, 0, 0, 0, 0, 0, 0, 0, 0, 0, 0, 0, 0, 0, 0, 0, 0, 0, 0, 0, 0, 0, 0, 0, 0, 0, 0, 0, 0, 0, 0, 0, 0, 0, 0, 0, 0, 0, 0, 0, 0, 0, 0, 0, 0, 0, 0, 0, 0, 0, 0, 0, 0, 0, 0, 0, 0, 0, 0]	[0, 0, 0, 0, 0, 0, 0, 0, 0, 0, 0, 0, 0, 0, 0, 0, 0, 0, 0, 0, 0, 0, 0, 0, 0, 0, 0, 0, 0, 0, 0, 0, 0, 0, 0, 0, 0, 0, 0, 0, 0, 0, 0, 0, 0, 0, 0, 0, 0, 0, 0, 0, 0, 0, 0, 0, 0, 0, 0, 0, 0, 0, 0, 0, 0, 0, 0, 0, 0, 0, 0]	[0, 0, 0, 0, 0, 0, 0, 0, 0, 0, 0, 0, 0, 0, 0, 0, 0, 0, 0, 0, 0, 0, 0, 0, 0, 0, 0, 0, 0, 0, 0, 0, 0, 0, 0, 0, 0, 0, 0, 0, 0, 0, 0, 0, 0, 0, 0, 0, 0, 0, 0, 0, 0, 0, 0, 0, 0, 0, 0, 0, 0, 0, 0, 0, 0, 0, 0, 0, 0, 0, 0]	[0.0003586999955587089, 0.008612899982836097, 0.025990699999965727, 0.042061999993165955, 0.058647300000302494, 0.07541059999493882, 0.0919059999869205, 0.10874199998215772, 0.12558259998331778, 0.14218789999722503, 0.15861359998234548, 0.1752416999952402, 0.1918596999894362, 0.20853340000030585, 0.2256127999862656, 0.2416986000025645, 0.2583886999927927, 0.27509599999757484, 0.29194579998147674, 0.30830979999154806, 0.32528600000659935, 0.34166939998976886, 0.3585391999804415, 0.3755861999816261, 0.39187649998348206, 0.40857149998191744, 0.42533900000853464, 0.44198420000611804, 0.4583160000038333, 0.4749311000050511, 0.49171189998742193, 0.5082640000036918, 0.5247327999968547, 0.5415402000071481, 0.5581935999798588, 0.574769800005015, 0.5914020999916829, 0.6081238999904599, 0.6247904000047129, 0.6414529999892693, 0.6581540000042878, 0.6747902999923099, 0.691429500002414, 0.7080597000021953, 0.7247488999855705, 0.7413884999987204, 0.7581194000085816, 0.7748018999991473, 0.7914644999837037, 0.80811429998721, 0.8249987000017427, 0.8414454000012483, 0.8580271999817342, 0.8747872999811079, 0.8916874999995343, 0.908289099985268, 0.9246490999939851, 0.9414268999826163, 0.9580509999941569, 0.9747158999962267, 0.9914830999914557, 1.0080206999846268, 1.024811499984935, 1.0412616999819875, 1.0579514999990351, 1.0745911999838427, 1.0912966000032611, 1.1079635999922175, 1.1246379000076558, 1.1414364000083879, 1.157896399992751]	n/a	n/a	0.9	5a
408	11	go_nogo	0	60	6	go	click	[51.0, 51.0, 94.0, 130.0, 160.0, 186.0, 205.0, 217.0, 222.0, 225.0, 225.0, 228.0, 233.0, 243.0, 245.0, 245.0, 245.0, 245.0, 245.0, 245.0, 243.0, 241.0, 239.0, 239.0, 239.0, 239.0, 239.0, 239.0, 239.0]	[-228.0, -228.0, -127.0, -9.0, 86.0, 165.0, 223.0, 256.0, 271.0, 278.0, 281.0, 285.0, 291.0, 304.0, 308.0, 308.0, 308.0, 308.0, 308.0, 307.0, 304.0, 301.0, 301.0, 300.0, 300.0, 300.0, 300.0, 300.0, 300.0]	[0, 0, 0, 0, 0, 0, 0, 0, 0, 0, 0, 0, 0, 0, 0, 0, 0, 0, 0, 0, 0, 0, 0, 0, 0, 0, 0, 0, 1]	[0, 0, 0, 0, 0, 0, 0, 0, 0, 0, 0, 0, 0, 0, 0, 0, 0, 0, 0, 0, 0, 0, 0, 0, 0, 0, 0, 0, 0]	[0, 0, 0, 0, 0, 0, 0, 0, 0, 0, 0, 0, 0, 0, 0, 0, 0, 0, 0, 0, 0, 0, 0, 0, 0, 0, 0, 0, 0]	[0.00019580000662244856, 0.00956969999242574, 0.02607630001148209, 0.043087500002002344, 0.05983489999198355, 0.07613400000263937, 0.09280650000437163, 0.10953399998834357, 0.12599349999800324, 0.14262840000446886, 0.1596148000098765, 0.17596950000734068, 0.19289289999869652, 0.20948950000456534, 0.22583089998806827, 0.24255630001425743, 0.2590883999946527, 0.2757817000092473, 0.2926504999923054, 0.30923700000857934, 0.3259620000026189, 0.3424844999972265, 0.35932109999703243, 0.37595740001415834, 0.3925292000058107, 0.4090765000146348, 0.4256910000112839, 0.44238449999829754, 0.4594119999965187]	239.0	300.0	0.8	5a
409	11	go_nogo	0	60	8	go	click	[90.0, 90.0, 101.0, 120.0, 132.0, 146.0, 190.0, 223.0, 250.0, 264.0, 269.0, 270.0, 272.0, 274.0, 274.0, 275.0, 275.0, 275.0, 268.0, 265.0, 265.0, 265.0, 262.0, 253.0, 240.0, 226.0, 216.0, 210.0, 210.0, 212.0, 213.0, 213.0]	[-203.0, -203.0, -170.0, -108.0, -71.0, -29.0, 63.0, 113.0, 147.0, 167.0, 175.0, 180.0, 188.0, 199.0, 206.0, 208.0, 208.0, 208.0, 186.0, 177.0, 177.0, 177.0, 184.0, 202.0, 218.0, 236.0, 252.0, 270.0, 284.0, 299.0, 302.0, 302.0]	[0, 0, 0, 0, 0, 0, 0, 0, 0, 0, 0, 0, 0, 0, 0, 0, 0, 0, 0, 0, 0, 0, 0, 0, 0, 0, 0, 0, 0, 0, 0, 1]	[0, 0, 0, 0, 0, 0, 0, 0, 0, 0, 0, 0, 0, 0, 0, 0, 0, 0, 0, 0, 0, 0, 0, 0, 0, 0, 0, 0, 0, 0, 0, 0]	[0, 0, 0, 0, 0, 0, 0, 0, 0, 0, 0, 0, 0, 0, 0, 0, 0, 0, 0, 0, 0, 0, 0, 0, 0, 0, 0, 0, 0, 0, 0, 0]	[0.0003181000065524131, 0.008728899993002415, 0.02556939999340102, 0.042389700014609843, 0.05893699999433011, 0.07550040000933222, 0.09235880000051111, 0.10922690000734292, 0.12597170000663027, 0.14227380001102574, 0.15883709999616258, 0.17564750000019558, 0.1921555000008084, 0.20888940000440925, 0.2254782000090927, 0.24183879999327473, 0.25890899999649264, 0.27537869999650866, 0.29230629999074154, 0.30850429998827167, 0.3251424999907613, 0.3419818000111263, 0.359056099987356, 0.3753116999869235, 0.39202830000431277, 0.4086756999895442, 0.4254971999907866, 0.4419785999925807, 0.4587011999974493, 0.47559889999683946, 0.4917748000007123, 0.5088934999948833]	213.0	302.0	0.9	5a
410	11	go_nogo	0	60	6	go	click	[73.0, 73.0, 87.0, 115.0, 144.0, 184.0, 203.0, 214.0, 220.0, 223.0, 224.0, 224.0, 224.0, 224.0, 224.0, 224.0, 224.0, 224.0, 224.0, 224.0, 223.0, 222.0, 221.0, 220.0, 219.0, 219.0, 219.0]	[-220.0, -220.0, -182.0, -92.0, -5.0, 93.0, 135.0, 164.0, 189.0, 204.0, 210.0, 211.0, 211.0, 211.0, 213.0, 215.0, 216.0, 216.0, 221.0, 232.0, 250.0, 269.0, 278.0, 284.0, 284.0, 284.0, 285.0]	[0, 0, 0, 0, 0, 0, 0, 0, 0, 0, 0, 0, 0, 0, 0, 0, 0, 0, 0, 0, 0, 0, 0, 0, 0, 0, 1]	[0, 0, 0, 0, 0, 0, 0, 0, 0, 0, 0, 0, 0, 0, 0, 0, 0, 0, 0, 0, 0, 0, 0, 0, 0, 0, 0]	[0, 0, 0, 0, 0, 0, 0, 0, 0, 0, 0, 0, 0, 0, 0, 0, 0, 0, 0, 0, 0, 0, 0, 0, 0, 0, 0]	[0.0004333999822847545, 0.007995399995706975, 0.024711100006243214, 0.041458899999270216, 0.05795009998837486, 0.07454849997884594, 0.09164939998299815, 0.10786509999888949, 0.12452899999334477, 0.14127979998011142, 0.1579323000041768, 0.1742781999928411, 0.19099020000430755, 0.20775299999513663, 0.22450409998418763, 0.2413605999900028, 0.2575643000018317, 0.2745384000008926, 0.2918296999996528, 0.3087109999905806, 0.32465629998478107, 0.34115389999351464, 0.3577274999988731, 0.3748477000044659, 0.39101160000427626, 0.4080550999788102, 0.42471219997969456]	219.0	285.0	0.6	5a
411	11	go_nogo	0	60	7	go	click	[78.0, 78.0, 89.0, 108.0, 124.0, 139.0, 147.0, 154.0, 159.0, 168.0, 169.0, 170.0, 170.0, 171.0, 174.0, 176.0, 176.0, 176.0, 176.0, 176.0, 176.0, 176.0, 177.0, 177.0, 177.0]	[-131.0, -131.0, -71.0, 51.0, 165.0, 234.0, 260.0, 276.0, 288.0, 303.0, 308.0, 310.0, 311.0, 315.0, 323.0, 327.0, 328.0, 328.0, 328.0, 328.0, 328.0, 325.0, 325.0, 325.0, 325.0]	[0, 0, 0, 0, 0, 0, 0, 0, 0, 0, 0, 0, 0, 0, 0, 0, 0, 0, 0, 0, 0, 0, 0, 0, 1]	[0, 0, 0, 0, 0, 0, 0, 0, 0, 0, 0, 0, 0, 0, 0, 0, 0, 0, 0, 0, 0, 0, 0, 0, 0]	[0, 0, 0, 0, 0, 0, 0, 0, 0, 0, 0, 0, 0, 0, 0, 0, 0, 0, 0, 0, 0, 0, 0, 0, 0]	[0.0004330000083427876, 0.008330500015290454, 0.025192500004777685, 0.04168350002146326, 0.05827320000389591, 0.0748887000081595, 0.09159280001767911, 0.108214300009422, 0.12500360002741218, 0.14175680000334978, 0.15834080000058748, 0.17471970000769943, 0.19178850000025705, 0.20860260000335984, 0.22514110000338405, 0.241494000016246, 0.2581793000281323, 0.27461720001883805, 0.29143030001432635, 0.3081030000175815, 0.32485620002262294, 0.34155599999940023, 0.35813300000154413, 0.3748609000176657, 0.39166610001120716]	177.0	325.0	1.0	5a
412	11	go_nogo	0	60	1	nogo	none	[18.0, 18.0, 33.0, 77.0, 110.0, 131.0, 144.0, 155.0, 160.0, 170.0, 175.0, 177.0, 178.0, 179.0, 182.0, 183.0, 184.0, 184.0, 184.0, 185.0, 188.0, 191.0, 192.0, 192.0, 192.0, 192.0, 192.0, 192.0, 192.0, 192.0, 192.0, 192.0, 192.0, 192.0, 192.0, 192.0, 192.0, 192.0, 192.0, 192.0, 192.0, 192.0, 192.0, 192.0, 192.0, 192.0, 192.0, 192.0, 192.0, 192.0, 192.0, 192.0, 192.0, 192.0, 192.0, 192.0, 192.0, 192.0, 192.0, 192.0, 192.0, 192.0, 192.0, 192.0, 192.0]	[-104.0, -104.0, -21.0, 134.0, 211.0, 243.0, 271.0, 289.0, 298.0, 307.0, 311.0, 312.0, 314.0, 317.0, 320.0, 323.0, 323.0, 323.0, 323.0, 323.0, 324.0, 326.0, 326.0, 326.0, 326.0, 326.0, 326.0, 326.0, 326.0, 326.0, 326.0, 326.0, 326.0, 326.0, 326.0, 326.0, 326.0, 326.0, 326.0, 326.0, 326.0, 326.0, 326.0, 326.0, 326.0, 326.0, 326.0, 326.0, 326.0, 326.0, 326.0, 326.0, 326.0, 326.0, 326.0, 326.0, 326.0, 326.0, 326.0, 326.0, 326.0, 326.0, 326.0, 326.0, 326.0]	[0, 0, 0, 0, 0, 0, 0, 0, 0, 0, 0, 0, 0, 0, 0, 0, 0, 0, 0, 0, 0, 0, 0, 0, 0, 0, 0, 0, 0, 0, 0, 0, 0, 0, 0, 0, 0, 0, 0, 0, 0, 0, 0, 0, 0, 0, 0, 0, 0, 0, 0, 0, 0, 0, 0, 0, 0, 0, 0, 0, 0, 0, 0, 0, 0]	[0, 0, 0, 0, 0, 0, 0, 0, 0, 0, 0, 0, 0, 0, 0, 0, 0, 0, 0, 0, 0, 0, 0, 0, 0, 0, 0, 0, 0, 0, 0, 0, 0, 0, 0, 0, 0, 0, 0, 0, 0, 0, 0, 0, 0, 0, 0, 0, 0, 0, 0, 0, 0, 0, 0, 0, 0, 0, 0, 0, 0, 0, 0, 0, 0]	[0, 0, 0, 0, 0, 0, 0, 0, 0, 0, 0, 0, 0, 0, 0, 0, 0, 0, 0, 0, 0, 0, 0, 0, 0, 0, 0, 0, 0, 0, 0, 0, 0, 0, 0, 0, 0, 0, 0, 0, 0, 0, 0, 0, 0, 0, 0, 0, 0, 0, 0, 0, 0, 0, 0, 0, 0, 0, 0, 0, 0, 0, 0, 0, 0]	[0.0003330000035930425, 0.008300999994389713, 0.025162699981592596, 0.04183499998180196, 0.05868479999480769, 0.0753240000049118, 0.09163310000440106, 0.10826639999868348, 0.12548109999625012, 0.14233279999461956, 0.15834749999339692, 0.1750754999811761, 0.19162860000506043, 0.20848899998236448, 0.22495720000006258, 0.24175369998556562, 0.2582092999946326, 0.2746925999817904, 0.2913616999867372, 0.30844779999461025, 0.3250312999880407, 0.34157709998544306, 0.35822120000375435, 0.3747385999886319, 0.3914269999950193, 0.4083190999808721, 0.4248303000058513, 0.44129309998243116, 0.45797200000379235, 0.4747007999976631, 0.4913636999845039, 0.5079588999797124, 0.524745200003963, 0.5413092999951914, 0.5579162999929395, 0.5746128000027966, 0.5912722999928519, 0.6080130999907851, 0.6247599000053015, 0.6412921999872196, 0.658107099996414, 0.674501200002851, 0.6912790999922436, 0.7079100999981165, 0.7245423999847844, 0.7412159999948926, 0.7581315999850631, 0.7745558999886271, 0.7912098999950103, 0.807915299985325, 0.8246701000025496, 0.8412100999848917, 0.8578897999832407, 0.874712399992859, 0.8911395999894012, 0.9078901000029873, 0.9245061999827158, 0.9412156000034884, 0.9578546999837272, 0.9744518999941647, 0.9910496999800671, 1.0077699999965262, 1.0244288999820128, 1.0413015999947675, 1.0579975000000559]	n/a	n/a	1.0	5a
413	11	go_nogo	0	60	3	go	click	[86.0, 86.0, 107.0, 158.0, 195.0, 219.0, 234.0, 244.0, 248.0, 251.0, 253.0, 253.0, 253.0, 253.0, 254.0, 255.0, 255.0, 255.0, 255.0, 252.0, 248.0, 244.0, 238.0, 230.0, 227.0, 225.0, 225.0, 224.0, 224.0, 224.0, 223.0, 223.0]	[-85.0, -85.0, -8.0, 154.0, 284.0, 370.0, 415.0, 439.0, 452.0, 460.0, 462.0, 463.0, 463.0, 463.0, 460.0, 452.0, 446.0, 438.0, 426.0, 413.0, 396.0, 377.0, 363.0, 343.0, 335.0, 331.0, 330.0, 329.0, 328.0, 328.0, 328.0, 327.0]	[0, 0, 0, 0, 0, 0, 0, 0, 0, 0, 0, 0, 0, 0, 0, 0, 0, 0, 0, 0, 0, 0, 0, 0, 0, 0, 0, 0, 0, 0, 0, 1]	[0, 0, 0, 0, 0, 0, 0, 0, 0, 0, 0, 0, 0, 0, 0, 0, 0, 0, 0, 0, 0, 0, 0, 0, 0, 0, 0, 0, 0, 0, 0, 0]	[0, 0, 0, 0, 0, 0, 0, 0, 0, 0, 0, 0, 0, 0, 0, 0, 0, 0, 0, 0, 0, 0, 0, 0, 0, 0, 0, 0, 0, 0, 0, 0]	[0.00042460000258870423, 0.007566799991764128, 0.023974999989150092, 0.04064960000687279, 0.05730889999540523, 0.07400029999553226, 0.09064919999218546, 0.10719380000955425, 0.12404590001096949, 0.14058289999957196, 0.15748449999955483, 0.17379830000572838, 0.19042140000965446, 0.2071519999881275, 0.2239936999976635, 0.24070960000972264, 0.2572130000044126, 0.27389370001037605, 0.29048570001032203, 0.30720059998566285, 0.323965199990198, 0.3405067000130657, 0.3572979999880772, 0.3741526000085287, 0.391277299990179, 0.4070423000084702, 0.423898500012001, 0.4402504999889061, 0.4571363999857567, 0.4740962999931071, 0.4905041999882087, 0.5073655000014696]	223.0	327.0	0.9	5a
414	11	go_nogo	0	60	4	go	click	[105.0, 105.0, 131.0, 184.0, 228.0, 265.0, 289.0, 309.0, 312.0, 312.0, 312.0, 312.0, 312.0, 312.0, 309.0, 304.0, 293.0, 273.0, 257.0, 237.0, 224.0, 213.0, 211.0, 210.0, 210.0, 210.0, 210.0]	[-135.0, -135.0, -65.0, 75.0, 195.0, 291.0, 354.0, 407.0, 422.0, 426.0, 427.0, 427.0, 427.0, 427.0, 427.0, 427.0, 425.0, 414.0, 399.0, 366.0, 339.0, 319.0, 311.0, 310.0, 310.0, 310.0, 310.0]	[0, 0, 0, 0, 0, 0, 0, 0, 0, 0, 0, 0, 0, 0, 0, 0, 0, 0, 0, 0, 0, 0, 0, 0, 0, 0, 1]	[0, 0, 0, 0, 0, 0, 0, 0, 0, 0, 0, 0, 0, 0, 0, 0, 0, 0, 0, 0, 0, 0, 0, 0, 0, 0, 0]	[0, 0, 0, 0, 0, 0, 0, 0, 0, 0, 0, 0, 0, 0, 0, 0, 0, 0, 0, 0, 0, 0, 0, 0, 0, 0, 0]	[0.00043200000072829425, 0.008813899999950081, 0.025597400002880022, 0.04242710000835359, 0.05921669999952428, 0.07556789999944158, 0.09221460000844672, 0.10881370000424795, 0.12565319999703206, 0.14221099999849685, 0.15864870001678355, 0.17531429999507964, 0.19204660001560114, 0.20885319999069907, 0.2256104999978561, 0.2422466000134591, 0.25928910000948235, 0.2754733999900054, 0.29238810000242665, 0.30881180000142194, 0.32572660001460463, 0.34209089999785647, 0.35941649999585934, 0.3752618000144139, 0.39195509999990463, 0.40861780001432635, 0.42564560001483187]	210.0	310.0	0.7	5a
415	11	go_nogo	0	60	2	go	click	[24.0, 24.0, 37.0, 67.0, 97.0, 129.0, 159.0, 166.0, 168.0, 168.0, 168.0, 168.0, 168.0, 168.0, 168.0, 170.0, 171.0, 171.0, 171.0, 171.0, 171.0, 174.0, 178.0, 183.0, 184.0, 185.0, 185.0, 185.0]	[-209.0, -209.0, -156.0, -51.0, 44.0, 146.0, 237.0, 251.0, 255.0, 255.0, 255.0, 255.0, 255.0, 255.0, 256.0, 261.0, 262.0, 262.0, 262.0, 262.0, 262.0, 266.0, 275.0, 287.0, 292.0, 293.0, 293.0, 293.0]	[0, 0, 0, 0, 0, 0, 0, 0, 0, 0, 0, 0, 0, 0, 0, 0, 0, 0, 0, 0, 0, 0, 0, 0, 0, 0, 0, 1]	[0, 0, 0, 0, 0, 0, 0, 0, 0, 0, 0, 0, 0, 0, 0, 0, 0, 0, 0, 0, 0, 0, 0, 0, 0, 0, 0, 0]	[0, 0, 0, 0, 0, 0, 0, 0, 0, 0, 0, 0, 0, 0, 0, 0, 0, 0, 0, 0, 0, 0, 0, 0, 0, 0, 0, 0]	[0.00019540000357665122, 0.010053200006950647, 0.02691459999186918, 0.04343009999138303, 0.06001340001239441, 0.07657239999389276, 0.0932944999949541, 0.10981829999946058, 0.12591050000628456, 0.14268839999567717, 0.1593847000040114, 0.17609510000329465, 0.19281400000909343, 0.20951099999365397, 0.22710839999490418, 0.24333739999565296, 0.25932230000034906, 0.275987900007749, 0.29265610000584275, 0.30934870001510717, 0.3262158000143245, 0.3430157999973744, 0.3615986999939196, 0.376159400009783, 0.3940345000009984, 0.4092049000028055, 0.42586359998676926, 0.4434170000022277]	185.0	293.0	0.5	5a
416	11	go_nogo	0	60	7	go	click	[120.0, 120.0, 120.0, 160.0, 230.0, 259.0, 272.0, 274.0, 274.0, 272.0, 265.0, 254.0, 242.0, 235.0, 231.0, 231.0, 229.0, 225.0, 220.0, 216.0, 215.0, 215.0, 215.0]	[-155.0, -155.0, -155.0, -26.0, 187.0, 289.0, 338.0, 351.0, 351.0, 352.0, 350.0, 339.0, 321.0, 310.0, 306.0, 305.0, 300.0, 295.0, 289.0, 286.0, 286.0, 285.0, 285.0]	[0, 0, 0, 0, 0, 0, 0, 0, 0, 0, 0, 0, 0, 0, 0, 0, 0, 0, 0, 0, 0, 0, 1]	[0, 0, 0, 0, 0, 0, 0, 0, 0, 0, 0, 0, 0, 0, 0, 0, 0, 0, 0, 0, 0, 0, 0]	[0, 0, 0, 0, 0, 0, 0, 0, 0, 0, 0, 0, 0, 0, 0, 0, 0, 0, 0, 0, 0, 0, 0]	[0.0003335000074002892, 0.008209799998439848, 0.025316599989309907, 0.042042899993248284, 0.058714999991934747, 0.07544869999401271, 0.09268140001222491, 0.10819110000738874, 0.12529039999935776, 0.14182889999938197, 0.15853909999714233, 0.175109000003431, 0.19191049999790266, 0.20857220000470988, 0.22499029999016784, 0.2418961999937892, 0.2584416000172496, 0.2752115000039339, 0.2923988999973517, 0.30845849998877384, 0.3253338999929838, 0.34146070000133477, 0.3587444000004325]	215.0	285.0	0.9	5a
417	11	go_nogo	0	60	3	go	click	[48.0, 48.0, 59.0, 81.0, 98.0, 109.0, 114.0, 116.0, 117.0, 118.0, 118.0, 118.0, 119.0, 119.0, 120.0, 120.0, 121.0, 123.0, 127.0, 134.0, 146.0]	[-148.0, -148.0, -81.0, 35.0, 126.0, 192.0, 237.0, 261.0, 272.0, 276.0, 279.0, 284.0, 290.0, 296.0, 300.0, 301.0, 301.0, 299.0, 292.0, 288.0, 288.0]	[0, 0, 0, 0, 0, 0, 0, 0, 0, 0, 0, 0, 0, 0, 0, 0, 1, 1, 1, 1, 1]	[0, 0, 0, 0, 0, 0, 0, 0, 0, 0, 0, 0, 0, 0, 0, 0, 0, 0, 0, 0, 0]	[0, 0, 0, 0, 0, 0, 0, 0, 0, 0, 0, 0, 0, 0, 0, 0, 0, 0, 0, 0, 0]	[0.00041829998372122645, 0.007835500000510365, 0.024711299978662282, 0.04135399998631328, 0.05818369999178685, 0.07475829997565597, 0.09123140000156127, 0.1081934999965597, 0.12481079998542555, 0.14157169999089092, 0.15797709999606013, 0.1748483999981545, 0.1914680999761913, 0.20837829998345114, 0.2248861999833025, 0.24128479999490082, 0.25883979999343865, 0.2745052999816835, 0.2911391999805346, 0.30791859998134896, 0.3245628000004217]	159.0	289.0	0.5	5a
418	11	go_nogo	0	60	8	go	click	[73.0, 73.0, 87.0, 109.0, 127.0, 145.0, 155.0, 161.0, 164.0, 166.0, 167.0, 167.0, 167.0, 167.0, 167.0, 167.0, 167.0, 169.0, 179.0, 187.0, 194.0, 196.0, 197.0, 197.0, 197.0, 197.0, 197.0, 197.0, 197.0, 197.0, 197.0, 197.0, 197.0, 197.0, 197.0, 197.0, 197.0, 197.0, 197.0, 197.0, 197.0, 197.0, 197.0, 198.0, 199.0, 200.0]	[-119.0, -119.0, -55.0, 68.0, 183.0, 268.0, 297.0, 322.0, 335.0, 341.0, 343.0, 343.0, 343.0, 343.0, 343.0, 343.0, 343.0, 343.0, 348.0, 352.0, 354.0, 354.0, 354.0, 354.0, 354.0, 354.0, 354.0, 354.0, 354.0, 354.0, 354.0, 354.0, 354.0, 354.0, 354.0, 352.0, 351.0, 349.0, 347.0, 345.0, 344.0, 334.0, 324.0, 311.0, 299.0, 296.0]	[0, 0, 0, 0, 0, 0, 0, 0, 0, 0, 0, 0, 0, 0, 0, 0, 0, 0, 0, 0, 0, 0, 0, 0, 1, 1, 1, 1, 1, 0, 0, 0, 0, 0, 0, 0, 0, 0, 0, 0, 0, 0, 0, 0, 0, 1]	[0, 0, 0, 0, 0, 0, 0, 0, 0, 0, 0, 0, 0, 0, 0, 0, 0, 0, 0, 0, 0, 0, 0, 0, 0, 0, 0, 0, 0, 0, 0, 0, 0, 0, 0, 0, 0, 0, 0, 0, 0, 0, 0, 0, 0, 0]	[0, 0, 0, 0, 0, 0, 0, 0, 0, 0, 0, 0, 0, 0, 0, 0, 0, 0, 0, 0, 0, 0, 0, 0, 0, 0, 0, 0, 0, 0, 0, 0, 0, 0, 0, 0, 0, 0, 0, 0, 0, 0, 0, 0, 0, 0]	[0.000391999987186864, 0.007799599989084527, 0.024627600010717288, 0.04119180000270717, 0.057980200013844296, 0.0745292000065092, 0.09133560000918806, 0.10784079998848028, 0.12486740000895225, 0.14116850000573322, 0.15782860000035726, 0.17423909998615272, 0.19091939998907037, 0.2077356000081636, 0.2243284999858588, 0.2411218000052031, 0.2575954000058118, 0.27451449999352917, 0.29135760001372546, 0.30834660000982694, 0.3244544999906793, 0.3411465999961365, 0.3575657999899704, 0.3742590000038035, 0.3913771999941673, 0.4072215000051074, 0.4242606000043452, 0.4408054999948945, 0.45761809998657554, 0.4745503999874927, 0.49075329999323003, 0.507505499990657, 0.5244485999864992, 0.5408678000094369, 0.5576737000083085, 0.5743949000025168, 0.5910764999862295, 0.6078741000092123, 0.6243736000033095, 0.6410387000069022, 0.6576191000058316, 0.6744174000050407, 0.6910522000107449, 0.7076993999944534, 0.724385200010147, 0.7409056999895256]	200.0	296.0	0.6	5a
419	11	go_nogo	0	60	9	nogo	none	[24.0, 24.0, 35.0, 64.0, 93.0, 117.0, 139.0, 149.0, 154.0, 155.0, 155.0, 155.0, 155.0, 155.0, 155.0, 155.0, 155.0, 155.0, 154.0, 154.0, 154.0, 155.0, 157.0, 157.0, 157.0, 157.0]	[-214.0, -214.0, -154.0, -45.0, 57.0, 142.0, 205.0, 240.0, 258.0, 262.0, 264.0, 264.0, 265.0, 265.0, 265.0, 265.0, 259.0, 252.0, 249.0, 248.0, 248.0, 253.0, 257.0, 257.0, 258.0, 258.0]	[0, 0, 0, 0, 0, 0, 0, 0, 0, 0, 0, 0, 0, 0, 0, 0, 0, 0, 0, 0, 0, 0, 0, 0, 0, 1]	[0, 0, 0, 0, 0, 0, 0, 0, 0, 0, 0, 0, 0, 0, 0, 0, 0, 0, 0, 0, 0, 0, 0, 0, 0, 0]	[0, 0, 0, 0, 0, 0, 0, 0, 0, 0, 0, 0, 0, 0, 0, 0, 0, 0, 0, 0, 0, 0, 0, 0, 0, 0]	[0.0004036000173073262, 0.007996700005605817, 0.024620700016384944, 0.041340399999171495, 0.058153599995421246, 0.074652800016338, 0.09174730000086129, 0.1080233000102453, 0.12478499999269843, 0.1412244999955874, 0.1579265000182204, 0.17439289999310859, 0.19126900000264868, 0.20772890001535416, 0.22435100001166575, 0.2412666000018362, 0.25812040001619607, 0.27452470001298934, 0.29137200000695884, 0.3075241000042297, 0.3245775999967009, 0.3412477000092622, 0.35784400001284666, 0.37434820001362823, 0.3909943000180647, 0.4080690999981016]	157.0	258.0	0.5	5a
420	11	go_nogo	0	60	4	go	click	[128.0, 128.0, 157.0, 215.0, 262.0, 288.0, 299.0, 300.0, 300.0, 299.0, 294.0, 286.0, 275.0, 264.0, 255.0, 248.0, 241.0, 236.0, 231.0, 225.0, 222.0, 221.0, 221.0, 221.0]	[-62.0, -62.0, 9.0, 146.0, 259.0, 333.0, 375.0, 389.0, 391.0, 391.0, 390.0, 379.0, 365.0, 354.0, 346.0, 340.0, 334.0, 328.0, 322.0, 315.0, 308.0, 305.0, 304.0, 304.0]	[0, 0, 0, 0, 0, 0, 0, 0, 0, 0, 0, 0, 0, 0, 0, 0, 0, 0, 0, 0, 0, 0, 0, 1]	[0, 0, 0, 0, 0, 0, 0, 0, 0, 0, 0, 0, 0, 0, 0, 0, 0, 0, 0, 0, 0, 0, 0, 0]	[0, 0, 0, 0, 0, 0, 0, 0, 0, 0, 0, 0, 0, 0, 0, 0, 0, 0, 0, 0, 0, 0, 0, 0]	[0.0003260000084992498, 0.00801990000763908, 0.024797200021566823, 0.041322800010675564, 0.0582029000215698, 0.07477850001305342, 0.0914673000224866, 0.10827890000655316, 0.1251068999990821, 0.14138590000220574, 0.1582244000164792, 0.17487710001296364, 0.19136029999936, 0.20827460000873543, 0.22541400001500733, 0.2412977000058163, 0.2580129000125453, 0.27466170000843704, 0.291383500007214, 0.3083295999967959, 0.3247149999951944, 0.3415878000087105, 0.35818020001170225, 0.37455259999842383]	221.0	304.0	0.8	5a
421	11	go_nogo	0	60	2	go	click	[23.0, 39.0, 56.0, 91.0, 121.0, 144.0, 154.0, 157.0, 158.0, 158.0, 158.0, 159.0, 159.0, 161.0, 170.0, 186.0, 192.0, 193.0, 193.0, 192.0, 189.0, 184.0, 178.0, 174.0, 168.0, 168.0, 167.0, 167.0, 167.0, 167.0, 167.0]	[-296.0, -239.0, -170.0, -18.0, 150.0, 293.0, 382.0, 410.0, 421.0, 424.0, 425.0, 425.0, 425.0, 425.0, 430.0, 437.0, 443.0, 443.0, 443.0, 443.0, 430.0, 405.0, 357.0, 327.0, 304.0, 289.0, 283.0, 282.0, 282.0, 282.0, 282.0]	[0, 0, 0, 0, 0, 0, 0, 0, 0, 0, 0, 0, 0, 0, 0, 0, 0, 0, 0, 0, 0, 0, 0, 0, 0, 0, 0, 0, 0, 0, 1]	[0, 0, 0, 0, 0, 0, 0, 0, 0, 0, 0, 0, 0, 0, 0, 0, 0, 0, 0, 0, 0, 0, 0, 0, 0, 0, 0, 0, 0, 0, 0]	[0, 0, 0, 0, 0, 0, 0, 0, 0, 0, 0, 0, 0, 0, 0, 0, 0, 0, 0, 0, 0, 0, 0, 0, 0, 0, 0, 0, 0, 0, 0]	[0.00040380001883022487, 0.008755100017879158, 0.0252123000100255, 0.04218910000054166, 0.058546300017042086, 0.07532910001464188, 0.09208319999743253, 0.10873929999070242, 0.12537240001256578, 0.14187029999447986, 0.15847270001540892, 0.17535229999339208, 0.19179630000144243, 0.2085679000010714, 0.22549020001315512, 0.24207609999575652, 0.2586423000029754, 0.27496360000805, 0.2919121000159066, 0.30847809999249876, 0.32533690001582727, 0.34211950001190417, 0.35852899999008514, 0.3751633999927435, 0.3925347999902442, 0.40881339999032207, 0.4252228999976069, 0.44159190001664683, 0.4585351000132505, 0.47517710001557134, 0.4921108999988064]	167.0	282.0	0.7	5a
422	11	go_nogo	0	60	7	go	click	[81.0, 96.0, 108.0, 123.0, 142.0, 173.0, 197.0, 209.0, 212.0, 212.0, 212.0, 212.0, 212.0, 206.0, 202.0, 200.0, 196.0, 195.0, 195.0, 195.0, 195.0, 195.0, 194.0, 194.0, 193.0, 192.0, 192.0, 192.0, 192.0, 192.0, 192.0]	[-179.0, -134.0, -97.0, -32.0, 56.0, 181.0, 297.0, 360.0, 383.0, 385.0, 385.0, 385.0, 376.0, 360.0, 345.0, 336.0, 326.0, 322.0, 322.0, 322.0, 322.0, 322.0, 320.0, 317.0, 310.0, 308.0, 307.0, 307.0, 307.0, 307.0, 307.0]	[0, 0, 0, 0, 0, 0, 0, 0, 0, 0, 0, 0, 0, 0, 0, 0, 0, 0, 0, 0, 0, 0, 0, 0, 0, 0, 0, 0, 0, 0, 1]	[0, 0, 0, 0, 0, 0, 0, 0, 0, 0, 0, 0, 0, 0, 0, 0, 0, 0, 0, 0, 0, 0, 0, 0, 0, 0, 0, 0, 0, 0, 0]	[0, 0, 0, 0, 0, 0, 0, 0, 0, 0, 0, 0, 0, 0, 0, 0, 0, 0, 0, 0, 0, 0, 0, 0, 0, 0, 0, 0, 0, 0, 0]	[0.0005010000022593886, 0.008083100023213774, 0.025737899995874614, 0.04186980001395568, 0.058642799995141104, 0.0750631999981124, 0.09186280000722036, 0.1084473000082653, 0.1254491000145208, 0.14162160002160817, 0.158329900004901, 0.17532040001242422, 0.19191610001144, 0.20925380001426674, 0.22510070001590066, 0.24203520000446588, 0.2584462000231724, 0.27502220001770183, 0.2915412000147626, 0.3082365000154823, 0.3248397000133991, 0.34170910000102594, 0.3584807000006549, 0.3750791000202298, 0.3916179000225384, 0.4081148999975994, 0.4247202000115067, 0.4414952000079211, 0.45820190000813454, 0.4748154999979306, 0.49171580001711845]	192.0	307.0	1.0	5a
423	11	go_nogo	0	60	6	go	click	[58.0, 72.0, 86.0, 112.0, 132.0, 144.0, 152.0, 154.0, 154.0, 154.0, 154.0, 154.0, 154.0, 154.0, 156.0, 158.0, 159.0, 159.0, 159.0, 159.0, 159.0, 159.0, 159.0, 159.0, 159.0, 159.0]	[-153.0, -93.0, -25.0, 84.0, 153.0, 186.0, 211.0, 219.0, 220.0, 220.0, 220.0, 220.0, 220.0, 223.0, 239.0, 250.0, 254.0, 254.0, 254.0, 254.0, 254.0, 254.0, 254.0, 254.0, 254.0, 254.0]	[0, 0, 0, 0, 0, 0, 0, 0, 0, 0, 0, 0, 0, 0, 0, 0, 0, 0, 0, 0, 0, 0, 0, 0, 0, 1]	[0, 0, 0, 0, 0, 0, 0, 0, 0, 0, 0, 0, 0, 0, 0, 0, 0, 0, 0, 0, 0, 0, 0, 0, 0, 0]	[0, 0, 0, 0, 0, 0, 0, 0, 0, 0, 0, 0, 0, 0, 0, 0, 0, 0, 0, 0, 0, 0, 0, 0, 0, 0]	[0.00039140001172199845, 0.008738700009416789, 0.025668300018878654, 0.042354000004706904, 0.05905199999688193, 0.07569880000664853, 0.09238190000178292, 0.10909090001950972, 0.12571020002360456, 0.1419144000101369, 0.15863050002371892, 0.17539180000312626, 0.1919674000237137, 0.20882880000863224, 0.22584009999991395, 0.2422159000125248, 0.258605200011516, 0.27529479999793693, 0.2919021999987308, 0.30899060002411716, 0.3252496000204701, 0.3420691000064835, 0.3586332999984734, 0.37522710001212545, 0.39197880000574514, 0.40881829999852926]	159.0	254.0	0.8	5a
424	11	go_nogo	0	60	1	nogo	none	[53.0, 53.0, 67.0, 92.0, 94.0, 94.0, 96.0, 101.0, 104.0, 106.0, 108.0, 108.0, 108.0, 109.0, 117.0, 137.0, 143.0, 144.0, 144.0, 147.0, 156.0, 163.0, 168.0, 171.0, 171.0, 171.0, 171.0, 171.0, 171.0, 171.0, 171.0, 171.0, 171.0, 171.0, 171.0, 171.0, 171.0, 171.0, 171.0, 171.0, 171.0, 171.0, 171.0, 171.0, 171.0, 171.0, 171.0, 171.0, 171.0, 171.0, 171.0, 171.0, 171.0, 171.0, 171.0, 171.0, 171.0, 171.0, 171.0, 171.0, 171.0, 171.0, 171.0, 171.0, 171.0, 171.0]	[-199.0, -199.0, -135.0, 66.0, 120.0, 222.0, 262.0, 289.0, 305.0, 317.0, 321.0, 321.0, 321.0, 322.0, 328.0, 349.0, 356.0, 357.0, 357.0, 355.0, 338.0, 321.0, 312.0, 309.0, 309.0, 309.0, 309.0, 309.0, 309.0, 309.0, 309.0, 309.0, 309.0, 309.0, 309.0, 309.0, 309.0, 309.0, 309.0, 309.0, 309.0, 309.0, 309.0, 309.0, 309.0, 309.0, 309.0, 309.0, 309.0, 309.0, 309.0, 309.0, 309.0, 309.0, 309.0, 309.0, 309.0, 309.0, 309.0, 309.0, 309.0, 309.0, 309.0, 309.0, 309.0, 309.0]	[0, 0, 0, 0, 0, 0, 0, 0, 0, 0, 0, 0, 0, 0, 0, 0, 0, 0, 0, 0, 0, 0, 0, 0, 0, 0, 0, 0, 0, 0, 0, 0, 0, 0, 0, 0, 0, 0, 0, 0, 0, 0, 0, 0, 0, 0, 0, 0, 0, 0, 0, 0, 0, 0, 0, 0, 0, 0, 0, 0, 0, 0, 0, 0, 0, 0]	[0, 0, 0, 0, 0, 0, 0, 0, 0, 0, 0, 0, 0, 0, 0, 0, 0, 0, 0, 0, 0, 0, 0, 0, 0, 0, 0, 0, 0, 0, 0, 0, 0, 0, 0, 0, 0, 0, 0, 0, 0, 0, 0, 0, 0, 0, 0, 0, 0, 0, 0, 0, 0, 0, 0, 0, 0, 0, 0, 0, 0, 0, 0, 0, 0, 0]	[0, 0, 0, 0, 0, 0, 0, 0, 0, 0, 0, 0, 0, 0, 0, 0, 0, 0, 0, 0, 0, 0, 0, 0, 0, 0, 0, 0, 0, 0, 0, 0, 0, 0, 0, 0, 0, 0, 0, 0, 0, 0, 0, 0, 0, 0, 0, 0, 0, 0, 0, 0, 0, 0, 0, 0, 0, 0, 0, 0, 0, 0, 0, 0, 0, 0]	[0.00037880000309087336, 0.007843200000934303, 0.024773300014203414, 0.041054600005736575, 0.05771990001085214, 0.07510990000446327, 0.09135060000699013, 0.10769219999201596, 0.12495170001056977, 0.141016400011722, 0.15763000000151806, 0.1741854000138119, 0.1911211000115145, 0.20776469999691471, 0.22438620001776144, 0.24098249999224208, 0.25758780000614934, 0.27411480000591837, 0.29174099999363534, 0.30810290001682006, 0.324411700014025, 0.3409207999939099, 0.3575390000187326, 0.3741228000144474, 0.3908281000040006, 0.4073618999973405, 0.4242042000114452, 0.4406399000145029, 0.45740179999847896, 0.47420910000801086, 0.4907952999928966, 0.5073460999992676, 0.5242337000090629, 0.5405992000014521, 0.557354899996426, 0.5741871999925934, 0.5907044000050519, 0.6073538000055123, 0.6238376999972388, 0.6406262000091374, 0.6573373000137508, 0.6739878999942448, 0.6909666999999899, 0.7074858999985736, 0.7238839000056032, 0.7405789000040386, 0.7571998999919742, 0.7739528999954928, 0.7905883000057656, 0.8073074000130873, 0.8241476000112016, 0.8407221999950707, 0.8573725000023842, 0.8738116000022274, 0.8908194999967236, 0.9071802000107709, 0.9239951999916229, 0.9405137000139803, 0.9572235000086948, 0.9740515000012238, 0.9904998000129126, 1.007187100010924, 1.0238912999921013, 1.040559100016253, 1.0572356000193395, 1.0738349000166636]	n/a	n/a	1.0	5a
425	11	go_nogo	0	60	8	go	click	[60.0, 76.0, 97.0, 131.0, 161.0, 185.0, 200.0, 206.0, 210.0, 212.0, 213.0, 213.0, 213.0, 213.0, 213.0, 213.0, 214.0, 214.0, 214.0, 214.0, 214.0, 214.0, 214.0, 214.0, 214.0, 214.0, 214.0]	[-241.0, -180.0, -111.0, 26.0, 147.0, 225.0, 272.0, 298.0, 317.0, 327.0, 330.0, 331.0, 331.0, 331.0, 331.0, 331.0, 331.0, 331.0, 332.0, 332.0, 332.0, 332.0, 332.0, 332.0, 332.0, 332.0, 332.0]	[0, 0, 0, 0, 0, 0, 0, 0, 0, 0, 0, 0, 0, 0, 0, 0, 0, 0, 0, 0, 0, 0, 0, 0, 0, 0, 1]	[0, 0, 0, 0, 0, 0, 0, 0, 0, 0, 0, 0, 0, 0, 0, 0, 0, 0, 0, 0, 0, 0, 0, 0, 0, 0, 0]	[0, 0, 0, 0, 0, 0, 0, 0, 0, 0, 0, 0, 0, 0, 0, 0, 0, 0, 0, 0, 0, 0, 0, 0, 0, 0, 0]	[0.00036460001138038933, 0.008964200009359047, 0.02567609999096021, 0.042343600012827665, 0.059593799989670515, 0.0758854000014253, 0.09230620000744238, 0.10891999999876134, 0.12562159998924471, 0.14244590001180768, 0.15919800000847317, 0.17528920000768267, 0.1920564000029117, 0.20868439998594113, 0.2254415999923367, 0.2422935999929905, 0.2588511999929324, 0.2756511000043247, 0.29207950001000427, 0.30865749999065883, 0.3254034999990836, 0.3419702000101097, 0.35863699999754317, 0.37522630000603385, 0.39197430000058375, 0.40863409999292344, 0.4257471000018995]	214.0	332.0	0.8	5a
426	11	go_nogo	0	60	9	nogo	none	[13.0, 13.0, 27.0, 70.0, 94.0, 110.0, 117.0, 118.0, 118.0, 118.0, 118.0, 119.0, 125.0, 130.0, 133.0, 133.0, 133.0, 133.0, 136.0, 141.0, 149.0, 155.0, 160.0, 162.0, 162.0, 162.0, 162.0, 162.0, 162.0, 162.0, 162.0, 162.0, 162.0, 162.0, 162.0, 162.0, 162.0, 162.0, 162.0, 162.0, 162.0, 162.0, 162.0, 162.0, 162.0, 162.0, 162.0, 162.0, 162.0, 162.0, 162.0, 162.0, 162.0, 162.0, 162.0, 162.0, 162.0, 162.0, 162.0, 162.0, 162.0, 162.0, 162.0, 162.0, 162.0, 162.0, 162.0]	[-208.0, -208.0, -139.0, 68.0, 154.0, 191.0, 209.0, 213.0, 214.0, 214.0, 214.0, 214.0, 224.0, 236.0, 242.0, 243.0, 243.0, 244.0, 244.0, 247.0, 260.0, 273.0, 285.0, 290.0, 291.0, 291.0, 291.0, 291.0, 291.0, 291.0, 291.0, 291.0, 291.0, 291.0, 291.0, 291.0, 291.0, 291.0, 291.0, 291.0, 291.0, 291.0, 291.0, 291.0, 291.0, 291.0, 291.0, 291.0, 291.0, 291.0, 291.0, 291.0, 292.0, 292.0, 292.0, 292.0, 292.0, 292.0, 292.0, 292.0, 292.0, 292.0, 292.0, 292.0, 292.0, 292.0, 292.0]	[0, 0, 0, 0, 0, 0, 0, 0, 0, 0, 0, 0, 0, 0, 0, 0, 0, 0, 0, 0, 0, 0, 0, 0, 0, 0, 0, 0, 0, 0, 0, 0, 0, 0, 0, 0, 0, 0, 0, 0, 0, 0, 0, 0, 0, 0, 0, 0, 0, 0, 0, 0, 0, 0, 0, 0, 0, 0, 0, 0, 0, 0, 0, 0, 0, 0, 0]	[0, 0, 0, 0, 0, 0, 0, 0, 0, 0, 0, 0, 0, 0, 0, 0, 0, 0, 0, 0, 0, 0, 0, 0, 0, 0, 0, 0, 0, 0, 0, 0, 0, 0, 0, 0, 0, 0, 0, 0, 0, 0, 0, 0, 0, 0, 0, 0, 0, 0, 0, 0, 0, 0, 0, 0, 0, 0, 0, 0, 0, 0, 0, 0, 0, 0, 0]	[0, 0, 0, 0, 0, 0, 0, 0, 0, 0, 0, 0, 0, 0, 0, 0, 0, 0, 0, 0, 0, 0, 0, 0, 0, 0, 0, 0, 0, 0, 0, 0, 0, 0, 0, 0, 0, 0, 0, 0, 0, 0, 0, 0, 0, 0, 0, 0, 0, 0, 0, 0, 0, 0, 0, 0, 0, 0, 0, 0, 0, 0, 0, 0, 0, 0, 0]	[0.0003480000013951212, 0.00816810000105761, 0.025555800006259233, 0.0418579000106547, 0.05832670000381768, 0.07479380001313984, 0.09149910000269301, 0.10830160000477917, 0.12459260001196526, 0.1413806000200566, 0.15813910000724718, 0.17509050000808202, 0.19160720001673326, 0.20818300000973977, 0.22479410000960343, 0.2414963000046555, 0.2581695000117179, 0.2746655000082683, 0.29198860001633875, 0.3082488000218291, 0.3247272000007797, 0.341286900016712, 0.35795130001497455, 0.37469440000131726, 0.3910459000035189, 0.40779029999976046, 0.42443750001257285, 0.4410644000163302, 0.45780200001900084, 0.47444700001506135, 0.49110330000985414, 0.5079059000127017, 0.5244523000146728, 0.5411025000212248, 0.5576439000142273, 0.5743450000009034, 0.5910277000220958, 0.6076711000059731, 0.6243686000234447, 0.6409504000039306, 0.6576750000240281, 0.6744565000117291, 0.691121200012276, 0.7078654000069946, 0.72444760001963, 0.7408866000187118, 0.7576968000212219, 0.7744829000148457, 0.7909473000036087, 0.8077420000045095, 0.8244207000243478, 0.8411863000073936, 0.8577716000145301, 0.8743668000097387, 0.8910453999997117, 0.907609300018521, 0.924274700024398, 0.9409625999978743, 0.9577220000210218, 0.9742058000119869, 0.9910989000054542, 1.007553100003861, 1.0242345000151545, 1.040961699996842, 1.057683499995619, 1.074318700004369, 1.0909534000093117]	n/a	n/a	0.9	5a
427	11	go_nogo	0	60	3	go	click	[48.0, 48.0, 53.0, 76.0, 99.0, 127.0, 149.0, 163.0, 170.0, 172.0, 172.0, 172.0, 172.0, 173.0, 175.0, 175.0, 175.0, 175.0, 178.0, 187.0, 194.0, 199.0, 200.0, 200.0, 200.0]	[-205.0, -205.0, -167.0, -44.0, 49.0, 143.0, 209.0, 247.0, 267.0, 272.0, 273.0, 273.0, 273.0, 275.0, 279.0, 280.0, 280.0, 280.0, 283.0, 292.0, 302.0, 309.0, 310.0, 310.0, 310.0]	[0, 0, 0, 0, 0, 0, 0, 0, 0, 0, 0, 0, 0, 0, 0, 0, 0, 0, 0, 0, 0, 0, 0, 0, 1]	[0, 0, 0, 0, 0, 0, 0, 0, 0, 0, 0, 0, 0, 0, 0, 0, 0, 0, 0, 0, 0, 0, 0, 0, 0]	[0, 0, 0, 0, 0, 0, 0, 0, 0, 0, 0, 0, 0, 0, 0, 0, 0, 0, 0, 0, 0, 0, 0, 0, 0]	[0.00039840000681579113, 0.008731599984457716, 0.02549080000608228, 0.042638399987481534, 0.05867009999928996, 0.07555469998624176, 0.09231499998713844, 0.10868639999534935, 0.12549000000581145, 0.14211049998993985, 0.15850210000644438, 0.17542029998730868, 0.1922084999969229, 0.2087386999919545, 0.22555050000664778, 0.24186310000368394, 0.25856210000347346, 0.27534550000564195, 0.2920455999847036, 0.3088888000056613, 0.32534389998181723, 0.34209890000056475, 0.3587050999922212, 0.375154899986228, 0.39217929998994805]	200.0	310.0	0.6	5a
428	11	go_nogo	0	60	2	go	click	[34.0, 34.0, 54.0, 96.0, 125.0, 137.0, 142.0, 149.0, 155.0, 159.0, 160.0, 160.0, 161.0, 162.0, 162.0, 162.0, 162.0, 162.0, 162.0, 162.0, 162.0, 165.0, 169.0, 171.0, 171.0]	[-240.0, -240.0, -174.0, -47.0, 50.0, 114.0, 155.0, 191.0, 218.0, 238.0, 243.0, 247.0, 252.0, 255.0, 256.0, 256.0, 256.0, 256.0, 256.0, 256.0, 257.0, 270.0, 281.0, 289.0, 290.0]	[0, 0, 0, 0, 0, 0, 0, 0, 0, 0, 0, 0, 0, 0, 0, 0, 0, 0, 0, 0, 0, 0, 0, 0, 1]	[0, 0, 0, 0, 0, 0, 0, 0, 0, 0, 0, 0, 0, 0, 0, 0, 0, 0, 0, 0, 0, 0, 0, 0, 0]	[0, 0, 0, 0, 0, 0, 0, 0, 0, 0, 0, 0, 0, 0, 0, 0, 0, 0, 0, 0, 0, 0, 0, 0, 0]	[0.0004056000034324825, 0.007233799988171086, 0.02412799999001436, 0.04061180001008324, 0.05730290000792593, 0.07413090000045486, 0.09042960000806488, 0.10729099999298342, 0.12392569999792613, 0.14060199999948964, 0.15728010001475923, 0.17393819999415427, 0.19132800001534633, 0.20716399999218993, 0.223688600002788, 0.24032660000375472, 0.25702270001056604, 0.2736127999960445, 0.29078179999487475, 0.30728750000707805, 0.3239526000106707, 0.3403995000116993, 0.3571158999984618, 0.3739227000041865, 0.39085009999689646]	171.0	290.0	0.6	5a
429	11	go_nogo	0	60	3	go	click	[70.0, 70.0, 90.0, 124.0, 157.0, 172.0, 183.0, 191.0, 196.0, 197.0, 198.0, 198.0, 199.0, 199.0, 199.0, 199.0, 199.0, 199.0, 199.0, 199.0, 199.0, 199.0]	[-228.0, -228.0, -166.0, -29.0, 89.0, 183.0, 261.0, 311.0, 341.0, 353.0, 356.0, 356.0, 353.0, 348.0, 347.0, 347.0, 347.0, 347.0, 347.0, 347.0, 347.0, 347.0]	[0, 0, 0, 0, 0, 0, 0, 0, 0, 0, 0, 0, 0, 0, 0, 0, 0, 0, 0, 0, 0, 1]	[0, 0, 0, 0, 0, 0, 0, 0, 0, 0, 0, 0, 0, 0, 0, 0, 0, 0, 0, 0, 0, 0]	[0, 0, 0, 0, 0, 0, 0, 0, 0, 0, 0, 0, 0, 0, 0, 0, 0, 0, 0, 0, 0, 0]	[0.00042959998245351017, 0.0081783999921754, 0.02440329999080859, 0.04152299999259412, 0.058091499988222495, 0.07487579999724403, 0.0915128999913577, 0.1078661999781616, 0.12444909999612719, 0.14109199997619726, 0.15750079997815192, 0.17482299997936934, 0.19104859998333268, 0.20768769999267533, 0.22413159999996424, 0.24089089999324642, 0.2574661999824457, 0.27416879998054355, 0.29095729999244213, 0.3076099999889266, 0.3241250999853946, 0.3410748999740463]	199.0	347.0	0.5	5a
430	11	go_nogo	0	60	6	go	click	[90.0, 90.0, 110.0, 143.0, 163.0, 173.0, 176.0, 176.0, 175.0, 174.0, 174.0, 170.0, 165.0, 158.0, 149.0, 146.0, 145.0, 147.0, 155.0, 160.0, 163.0, 164.0, 166.0, 168.0, 171.0, 172.0, 172.0, 172.0, 173.0, 174.0, 175.0, 175.0]	[-192.0, -192.0, -149.0, -76.0, -27.0, 4.0, 20.0, 28.0, 29.0, 29.0, 29.0, 33.0, 38.0, 44.0, 50.0, 57.0, 75.0, 107.0, 159.0, 188.0, 201.0, 209.0, 218.0, 227.0, 234.0, 237.0, 237.0, 239.0, 242.0, 246.0, 251.0, 252.0]	[0, 0, 0, 0, 0, 0, 0, 0, 0, 0, 0, 0, 0, 0, 0, 0, 0, 0, 0, 0, 0, 0, 0, 0, 0, 0, 0, 0, 0, 0, 0, 1]	[0, 0, 0, 0, 0, 0, 0, 0, 0, 0, 0, 0, 0, 0, 0, 0, 0, 0, 0, 0, 0, 0, 0, 0, 0, 0, 0, 0, 0, 0, 0, 0]	[0, 0, 0, 0, 0, 0, 0, 0, 0, 0, 0, 0, 0, 0, 0, 0, 0, 0, 0, 0, 0, 0, 0, 0, 0, 0, 0, 0, 0, 0, 0, 0]	[0.00042460000258870423, 0.009415299980901182, 0.026091599982464686, 0.042811699997400865, 0.05943749999278225, 0.07605329999933019, 0.0928348999877926, 0.10928119998425245, 0.12614619999658316, 0.14240609999978915, 0.16006349999224767, 0.17612889999873005, 0.1927457999845501, 0.20919910000520758, 0.22617759997956455, 0.2427896999870427, 0.2596121999958996, 0.27614079997874796, 0.29256079997867346, 0.30926099998760037, 0.32618139998521656, 0.34248170000500977, 0.3592470999865327, 0.3762157000019215, 0.39287559999502264, 0.40896539998357184, 0.42598219998762943, 0.44254150000051595, 0.4592938999994658, 0.476105199981248, 0.49250799999572337, 0.5095198999915738]	175.0	252.0	0.9	5a
431	11	go_nogo	0	60	4	go	click	[58.0, 58.0, 72.0, 105.0, 152.0, 198.0, 234.0, 257.0, 266.0, 271.0, 273.0, 274.0, 275.0, 275.0, 275.0, 275.0, 275.0, 275.0, 274.0, 268.0, 258.0, 244.0, 222.0, 215.0, 215.0, 215.0, 215.0, 215.0, 215.0, 215.0, 215.0]	[-185.0, -185.0, -128.0, -10.0, 110.0, 215.0, 293.0, 336.0, 358.0, 370.0, 375.0, 378.0, 378.0, 378.0, 378.0, 378.0, 378.0, 378.0, 374.0, 360.0, 339.0, 319.0, 296.0, 292.0, 292.0, 292.0, 292.0, 292.0, 292.0, 292.0, 292.0]	[0, 0, 0, 0, 0, 0, 0, 0, 0, 0, 0, 0, 0, 0, 0, 0, 0, 0, 0, 0, 0, 0, 0, 0, 0, 0, 0, 0, 0, 0, 1]	[0, 0, 0, 0, 0, 0, 0, 0, 0, 0, 0, 0, 0, 0, 0, 0, 0, 0, 0, 0, 0, 0, 0, 0, 0, 0, 0, 0, 0, 0, 0]	[0, 0, 0, 0, 0, 0, 0, 0, 0, 0, 0, 0, 0, 0, 0, 0, 0, 0, 0, 0, 0, 0, 0, 0, 0, 0, 0, 0, 0, 0, 0]	[0.00043559999903663993, 0.008183099998859689, 0.024943099997472018, 0.04122299997834489, 0.058131300000241026, 0.07476359998690896, 0.09154819999821484, 0.10815819998970255, 0.12499089998891577, 0.14162699997541495, 0.15800969998235814, 0.17473959998460487, 0.19129369998699985, 0.20780179998837411, 0.22454549997928552, 0.24122489997535013, 0.2580038999731187, 0.2747154999815393, 0.2915579999971669, 0.3082478999858722, 0.324647899979027, 0.3414580999815371, 0.35805749997962266, 0.3746048999892082, 0.3910497999750078, 0.4077728999836836, 0.4244244000001345, 0.4411388999724295, 0.45772029997897334, 0.47456019997480325, 0.49142129998654127]	215.0	292.0	0.5	5a
432	11	go_nogo	0	60	8	go	click	[87.0, 87.0, 104.0, 147.0, 173.0, 188.0, 197.0, 199.0, 199.0, 199.0, 199.0, 199.0, 199.0, 199.0, 199.0, 199.0, 199.0, 199.0, 199.0, 199.0, 199.0, 199.0, 199.0, 199.0, 199.0, 199.0, 199.0, 199.0, 199.0, 198.0, 198.0, 198.0, 198.0, 198.0]	[-177.0, -177.0, -116.0, 22.0, 127.0, 171.0, 192.0, 196.0, 197.0, 197.0, 197.0, 197.0, 197.0, 197.0, 197.0, 197.0, 197.0, 197.0, 197.0, 197.0, 197.0, 201.0, 214.0, 238.0, 254.0, 264.0, 268.0, 270.0, 273.0, 276.0, 278.0, 280.0, 280.0, 280.0]	[0, 0, 0, 0, 0, 0, 0, 0, 0, 0, 0, 0, 0, 0, 0, 0, 0, 0, 0, 0, 0, 0, 0, 0, 0, 0, 0, 0, 0, 0, 0, 0, 0, 1]	[0, 0, 0, 0, 0, 0, 0, 0, 0, 0, 0, 0, 0, 0, 0, 0, 0, 0, 0, 0, 0, 0, 0, 0, 0, 0, 0, 0, 0, 0, 0, 0, 0, 0]	[0, 0, 0, 0, 0, 0, 0, 0, 0, 0, 0, 0, 0, 0, 0, 0, 0, 0, 0, 0, 0, 0, 0, 0, 0, 0, 0, 0, 0, 0, 0, 0, 0, 0]	[0.000381199992261827, 0.007951999985380098, 0.02485389998764731, 0.04190299997571856, 0.058392399980220944, 0.07497149999835528, 0.09158889998798259, 0.10837439997703768, 0.1246087999898009, 0.14128299997537397, 0.157809999975143, 0.17460959998425096, 0.19120799997472204, 0.2078987999993842, 0.2244561999978032, 0.2412305999896489, 0.25788859999738634, 0.2744388999999501, 0.2911368999921251, 0.307824299990898, 0.32476239997777157, 0.3414405999938026, 0.3580134999938309, 0.37495209998451173, 0.3916047999809962, 0.4089127999905031, 0.424570599978324, 0.441960600001039, 0.4579671999963466, 0.4746360999997705, 0.4915972999879159, 0.507718599983491, 0.5244521999848075, 0.54158489999827]	198.0	280.0	0.5	5a
433	11	go_nogo	0	60	1	nogo	none	[49.0, 49.0, 61.0, 101.0, 131.0, 159.0, 183.0, 196.0, 204.0, 206.0, 207.0, 209.0, 212.0, 216.0, 219.0, 219.0, 219.0, 219.0, 219.0, 219.0, 219.0, 219.0, 219.0, 219.0, 219.0, 219.0, 219.0, 219.0, 219.0, 219.0, 219.0, 219.0, 219.0, 219.0, 219.0, 219.0, 219.0, 219.0, 219.0, 219.0, 219.0, 219.0, 219.0, 219.0, 219.0, 219.0, 219.0, 219.0, 219.0, 219.0, 219.0, 219.0, 219.0, 219.0, 219.0, 219.0, 219.0, 219.0]	[-249.0, -249.0, -204.0, -39.0, 74.0, 176.0, 236.0, 265.0, 275.0, 280.0, 281.0, 286.0, 294.0, 302.0, 307.0, 307.0, 307.0, 307.0, 306.0, 306.0, 306.0, 306.0, 306.0, 306.0, 306.0, 306.0, 306.0, 306.0, 306.0, 306.0, 306.0, 306.0, 306.0, 306.0, 306.0, 306.0, 306.0, 306.0, 306.0, 306.0, 306.0, 306.0, 306.0, 306.0, 306.0, 306.0, 306.0, 306.0, 306.0, 306.0, 306.0, 306.0, 306.0, 306.0, 306.0, 306.0, 306.0, 306.0]	[0, 0, 0, 0, 0, 0, 0, 0, 0, 0, 0, 0, 0, 0, 0, 0, 0, 0, 0, 0, 0, 0, 0, 0, 0, 0, 0, 0, 0, 0, 0, 0, 0, 0, 0, 0, 0, 0, 0, 0, 0, 0, 0, 0, 0, 0, 0, 0, 0, 0, 0, 0, 0, 0, 0, 0, 0, 0]	[0, 0, 0, 0, 0, 0, 0, 0, 0, 0, 0, 0, 0, 0, 0, 0, 0, 0, 0, 0, 0, 0, 0, 0, 0, 0, 0, 0, 0, 0, 0, 0, 0, 0, 0, 0, 0, 0, 0, 0, 0, 0, 0, 0, 0, 0, 0, 0, 0, 0, 0, 0, 0, 0, 0, 0, 0, 0]	[0, 0, 0, 0, 0, 0, 0, 0, 0, 0, 0, 0, 0, 0, 0, 0, 0, 0, 0, 0, 0, 0, 0, 0, 0, 0, 0, 0, 0, 0, 0, 0, 0, 0, 0, 0, 0, 0, 0, 0, 0, 0, 0, 0, 0, 0, 0, 0, 0, 0, 0, 0, 0, 0, 0, 0, 0, 0]	[0.0003971999976783991, 0.00826000000233762, 0.02543160002096556, 0.04216910002287477, 0.05835760000627488, 0.07547080001677386, 0.09197480001603253, 0.10857430001487955, 0.12502320000203326, 0.14166240001213737, 0.15847130000474863, 0.17530870001064613, 0.19167339999694377, 0.20851280001807027, 0.22479030000977218, 0.241494000016246, 0.2582942000008188, 0.27482380002038553, 0.2914728000178002, 0.3080944000103045, 0.32488860000739805, 0.34160569999949075, 0.3582025000068825, 0.37478250000276603, 0.39163150000968017, 0.40800200001103804, 0.4247246000159066, 0.4414501000137534, 0.45819309999933466, 0.4749553000146989, 0.49161450000246987, 0.5083317000244278, 0.5252146999991965, 0.5413669999979902, 0.558062099997187, 0.5746530000178609, 0.5915147000050638, 0.608186299999943, 0.6246892000199296, 0.6413688000175171, 0.6580559000140056, 0.6749398000247311, 0.6915471000247635, 0.7081743000017013, 0.7246680000098422, 0.7412698999978602, 0.7582189000095241, 0.7746087000123225, 0.7913410000037402, 0.8080165999999736, 0.8245859000016935, 0.8412650999962352, 0.8579554000170901, 0.87464190000901, 0.8913919000187889, 0.9077385000127833, 0.9247146999987308, 0.941104900004575]	n/a	n/a	0.7	5a
434	11	go_nogo	0	60	8	go	click	[56.0, 69.0, 84.0, 116.0, 138.0, 156.0, 163.0, 167.0, 170.0, 172.0, 172.0, 175.0, 178.0, 180.0, 180.0, 180.0, 180.0, 180.0, 180.0, 180.0, 183.0, 184.0, 185.0, 185.0, 186.0, 186.0]	[-210.0, -165.0, -112.0, -10.0, 79.0, 129.0, 152.0, 163.0, 173.0, 181.0, 190.0, 205.0, 223.0, 239.0, 239.0, 239.0, 239.0, 239.0, 239.0, 239.0, 250.0, 259.0, 267.0, 269.0, 269.0, 269.0]	[0, 0, 0, 0, 0, 0, 0, 0, 0, 0, 0, 0, 0, 0, 0, 0, 0, 0, 0, 0, 0, 0, 0, 0, 0, 1]	[0, 0, 0, 0, 0, 0, 0, 0, 0, 0, 0, 0, 0, 0, 0, 0, 0, 0, 0, 0, 0, 0, 0, 0, 0, 0]	[0, 0, 0, 0, 0, 0, 0, 0, 0, 0, 0, 0, 0, 0, 0, 0, 0, 0, 0, 0, 0, 0, 0, 0, 0, 0]	[0.0004343999898992479, 0.00867320000543259, 0.025770200008992106, 0.04247939999913797, 0.05880349999642931, 0.07526219999999739, 0.09191950000240467, 0.10860659999889322, 0.12512640000204556, 0.1421721999940928, 0.1588736000121571, 0.17526260000886396, 0.19193269999232143, 0.20841769999242388, 0.22504300001310185, 0.24177439999766648, 0.2583838000136893, 0.2751347000012174, 0.2916874999937136, 0.30860869999742135, 0.3252146999875549, 0.342169899988221, 0.3586541000113357, 0.3754301999870222, 0.3916322000150103, 0.4087250000156928]	186.0	269.0	0.9	5a
435	11	go_nogo	0	60	4	go	click	[73.0, 73.0, 91.0, 130.0, 166.0, 192.0, 209.0, 218.0, 223.0, 224.0, 224.0, 224.0, 226.0, 229.0, 231.0, 232.0, 232.0, 232.0, 232.0, 231.0, 230.0, 226.0, 224.0, 221.0, 220.0, 220.0, 220.0]	[-165.0, -165.0, -92.0, 73.0, 199.0, 274.0, 305.0, 325.0, 337.0, 340.0, 341.0, 342.0, 348.0, 359.0, 366.0, 367.0, 367.0, 367.0, 367.0, 362.0, 356.0, 344.0, 337.0, 327.0, 323.0, 323.0, 323.0]	[0, 0, 0, 0, 0, 0, 0, 0, 0, 0, 0, 0, 0, 0, 0, 0, 0, 0, 0, 0, 0, 0, 0, 0, 0, 0, 1]	[0, 0, 0, 0, 0, 0, 0, 0, 0, 0, 0, 0, 0, 0, 0, 0, 0, 0, 0, 0, 0, 0, 0, 0, 0, 0, 0]	[0, 0, 0, 0, 0, 0, 0, 0, 0, 0, 0, 0, 0, 0, 0, 0, 0, 0, 0, 0, 0, 0, 0, 0, 0, 0, 0]	[0.00042279998888261616, 0.008149600005708635, 0.024503299995558336, 0.041263299994170666, 0.05795550000038929, 0.07471009998698719, 0.09134959999937564, 0.10793470000498928, 0.12459170000511222, 0.14129410000168718, 0.15762499999254942, 0.17460329999448732, 0.19121170000289567, 0.20792179999989457, 0.2245239999901969, 0.24116510001476854, 0.2576280999928713, 0.2743151999893598, 0.291329500003485, 0.3079260000085924, 0.32453449998865835, 0.34127400000579655, 0.3578764999983832, 0.3749928000033833, 0.39098950001061894, 0.4076393000141252, 0.42476920000626706]	220.0	323.0	0.5	5a
436	11	go_nogo	0	60	9	nogo	none	[54.0, 54.0, 70.0, 101.0, 138.0, 168.0, 196.0, 214.0, 223.0, 229.0, 230.0, 230.0, 230.0, 230.0, 231.0, 231.0, 231.0, 231.0, 231.0, 231.0, 231.0, 231.0, 231.0, 231.0, 228.0, 223.0, 217.0, 215.0, 214.0, 212.0, 211.0, 210.0, 209.0, 209.0, 209.0, 209.0, 209.0, 209.0, 209.0, 209.0, 209.0, 209.0, 209.0, 209.0, 209.0, 209.0, 209.0, 209.0, 209.0, 209.0, 209.0, 209.0, 209.0, 209.0, 209.0, 209.0, 209.0, 209.0, 209.0, 209.0, 209.0, 209.0, 209.0, 209.0, 209.0, 209.0, 209.0, 209.0, 209.0, 209.0, 209.0, 209.0, 209.0, 209.0, 209.0]	[-227.0, -227.0, -170.0, -41.0, 89.0, 210.0, 304.0, 355.0, 383.0, 400.0, 403.0, 403.0, 403.0, 403.0, 404.0, 407.0, 407.0, 407.0, 407.0, 407.0, 407.0, 407.0, 407.0, 402.0, 389.0, 370.0, 349.0, 334.0, 327.0, 322.0, 318.0, 314.0, 313.0, 312.0, 312.0, 312.0, 312.0, 312.0, 312.0, 312.0, 312.0, 312.0, 312.0, 312.0, 312.0, 312.0, 312.0, 312.0, 312.0, 312.0, 312.0, 312.0, 312.0, 312.0, 312.0, 312.0, 312.0, 312.0, 312.0, 312.0, 312.0, 312.0, 312.0, 312.0, 312.0, 312.0, 312.0, 312.0, 312.0, 312.0, 312.0, 312.0, 312.0, 312.0, 312.0]	[0, 0, 0, 0, 0, 0, 0, 0, 0, 0, 0, 0, 0, 0, 0, 0, 0, 0, 0, 0, 0, 0, 0, 0, 0, 0, 0, 0, 0, 0, 0, 0, 0, 0, 0, 0, 0, 0, 0, 0, 0, 0, 0, 0, 0, 0, 0, 0, 0, 0, 0, 0, 0, 0, 0, 0, 0, 0, 0, 0, 0, 0, 0, 0, 0, 0, 0, 0, 0, 0, 0, 0, 0, 0, 0]	[0, 0, 0, 0, 0, 0, 0, 0, 0, 0, 0, 0, 0, 0, 0, 0, 0, 0, 0, 0, 0, 0, 0, 0, 0, 0, 0, 0, 0, 0, 0, 0, 0, 0, 0, 0, 0, 0, 0, 0, 0, 0, 0, 0, 0, 0, 0, 0, 0, 0, 0, 0, 0, 0, 0, 0, 0, 0, 0, 0, 0, 0, 0, 0, 0, 0, 0, 0, 0, 0, 0, 0, 0, 0, 0]	[0, 0, 0, 0, 0, 0, 0, 0, 0, 0, 0, 0, 0, 0, 0, 0, 0, 0, 0, 0, 0, 0, 0, 0, 0, 0, 0, 0, 0, 0, 0, 0, 0, 0, 0, 0, 0, 0, 0, 0, 0, 0, 0, 0, 0, 0, 0, 0, 0, 0, 0, 0, 0, 0, 0, 0, 0, 0, 0, 0, 0, 0, 0, 0, 0, 0, 0, 0, 0, 0, 0, 0, 0, 0, 0]	[0.0004219000111334026, 0.008635400008643046, 0.025160300021525472, 0.04201550001744181, 0.05856679999851622, 0.07526490002055652, 0.0917714000097476, 0.1084514000103809, 0.12524419999681413, 0.1419610000157263, 0.1582588000164833, 0.17500879999715835, 0.1915255000058096, 0.20859750002273358, 0.22526220002328046, 0.24174180001136847, 0.2583067000086885, 0.27483249999932013, 0.2917672000185121, 0.3082963000051677, 0.32515089999651536, 0.3419026000192389, 0.3581702000228688, 0.375074500014307, 0.39227750001009554, 0.4081368000188377, 0.42530950001673773, 0.44153609999921173, 0.4582168000051752, 0.47521090001100674, 0.4916215999983251, 0.5083038000157103, 0.5248840000131167, 0.5415030000149272, 0.5579000000143424, 0.574755700014066, 0.5913359000114724, 0.6079516000172589, 0.6246826999995392, 0.6413954000163358, 0.6578871000092477, 0.6747231000044849, 0.6914245000225492, 0.7078575000050478, 0.7246735000226181, 0.7414748000155669, 0.7578977000084706, 0.7746387000079267, 0.7912279000156559, 0.8080627000017557, 0.8245808000210673, 0.8411032000149135, 0.8577737000014167, 0.8747444000036921, 0.8911188000056427, 0.907760900008725, 0.9244846000219695, 0.9411891000054311, 0.9579262000042945, 0.9745131000236142, 0.9912302000157069, 1.0077502000203822, 1.0245126000081655, 1.0411625000124332, 1.058016900002258, 1.0744548000220675, 1.091106600011699, 1.1079880000033882, 1.1244264999986626, 1.1411661000165623, 1.1577637000009418, 1.174516200000653, 1.1910834000154864, 1.2076749000116251, 1.2245081000146456]	n/a	n/a	1.0	5a
437	11	go_nogo	0	60	8	go	click	[84.0, 84.0, 109.0, 154.0, 180.0, 191.0, 205.0, 209.0, 214.0, 215.0, 215.0, 215.0, 215.0, 215.0, 215.0, 213.0, 211.0, 209.0, 208.0, 208.0, 208.0, 208.0, 208.0, 209.0, 210.0, 212.0, 212.0, 212.0, 212.0, 212.0, 212.0, 212.0]	[-197.0, -197.0, -134.0, 20.0, 183.0, 296.0, 359.0, 372.0, 384.0, 385.0, 385.0, 385.0, 385.0, 385.0, 382.0, 377.0, 374.0, 373.0, 372.0, 372.0, 372.0, 371.0, 361.0, 345.0, 322.0, 309.0, 304.0, 302.0, 302.0, 302.0, 302.0, 302.0]	[0, 0, 0, 0, 0, 0, 0, 0, 0, 0, 0, 0, 0, 0, 0, 0, 0, 0, 0, 0, 0, 0, 0, 0, 0, 0, 0, 0, 0, 0, 0, 1]	[0, 0, 0, 0, 0, 0, 0, 0, 0, 0, 0, 0, 0, 0, 0, 0, 0, 0, 0, 0, 0, 0, 0, 0, 0, 0, 0, 0, 0, 0, 0, 0]	[0, 0, 0, 0, 0, 0, 0, 0, 0, 0, 0, 0, 0, 0, 0, 0, 0, 0, 0, 0, 0, 0, 0, 0, 0, 0, 0, 0, 0, 0, 0, 0]	[0.00042019999818876386, 0.008815300010610372, 0.02526140000554733, 0.04188040000735782, 0.05852739998954348, 0.07512860000133514, 0.09189000001060776, 0.10848120000446215, 0.12517380001372658, 0.14159109999309294, 0.1582512000168208, 0.17500449999351986, 0.19158740001148544, 0.20838130000629462, 0.22516370000084862, 0.24212270000134595, 0.258530699997209, 0.27519760001450777, 0.291817399993306, 0.3081685999932233, 0.32516420001047663, 0.3417687999899499, 0.35888809998868965, 0.3753904000041075, 0.3919602000096347, 0.4083517999970354, 0.42512440000427887, 0.44176190000143833, 0.4581356999988202, 0.4748381999961566, 0.4913808999990579, 0.5081011000147555]	212.0	302.0	0.7	5a
438	11	go_nogo	0	60	7	go	click	[44.0, 44.0, 64.0, 106.0, 149.0, 174.0, 188.0, 192.0, 192.0, 192.0, 192.0, 192.0, 192.0, 192.0, 192.0, 192.0, 192.0, 192.0, 192.0, 192.0, 192.0, 192.0, 192.0, 192.0, 192.0, 192.0, 192.0, 192.0, 192.0, 192.0, 192.0, 192.0, 192.0, 192.0]	[-166.0, -166.0, -108.0, 19.0, 124.0, 191.0, 228.0, 243.0, 244.0, 244.0, 244.0, 244.0, 244.0, 244.0, 244.0, 244.0, 244.0, 244.0, 242.0, 242.0, 242.0, 244.0, 254.0, 261.0, 265.0, 266.0, 266.0, 266.0, 266.0, 267.0, 269.0, 272.0, 272.0, 272.0]	[0, 0, 0, 0, 0, 0, 0, 0, 0, 0, 0, 0, 0, 0, 0, 0, 0, 0, 0, 0, 0, 0, 0, 0, 0, 0, 0, 0, 0, 0, 0, 0, 0, 1]	[0, 0, 0, 0, 0, 0, 0, 0, 0, 0, 0, 0, 0, 0, 0, 0, 0, 0, 0, 0, 0, 0, 0, 0, 0, 0, 0, 0, 0, 0, 0, 0, 0, 0]	[0, 0, 0, 0, 0, 0, 0, 0, 0, 0, 0, 0, 0, 0, 0, 0, 0, 0, 0, 0, 0, 0, 0, 0, 0, 0, 0, 0, 0, 0, 0, 0, 0, 0]	[0.00040850002551451325, 0.008251899998867884, 0.0249146000132896, 0.0415324000059627, 0.05825780000304803, 0.07499650001409464, 0.09160380001412705, 0.1082800000149291, 0.12481490001664497, 0.141540900018299, 0.15807750000385568, 0.1747437000158243, 0.19141130000934936, 0.20795040001394227, 0.22466200002236292, 0.24134450001292862, 0.2579932000080589, 0.2747852000175044, 0.2915823000075761, 0.3080400000035297, 0.32465990001219325, 0.34175459999823943, 0.3585175000189338, 0.3748384000209626, 0.3915653000003658, 0.40791220002574846, 0.4246692000015173, 0.4413234000094235, 0.4581342000165023, 0.47490620001917705, 0.49147950002225116, 0.5079261000209954, 0.5245660000073258, 0.5419443999999203]	192.0	272.0	0.9	5a
439	11	go_nogo	0	60	6	go	click	[35.0, 35.0, 54.0, 85.0, 114.0, 145.0, 172.0, 194.0, 204.0, 206.0, 207.0, 207.0, 207.0, 207.0, 207.0, 207.0, 207.0, 207.0, 207.0, 207.0, 206.0, 205.0, 204.0, 204.0, 204.0, 204.0]	[-230.0, -230.0, -177.0, -78.0, 5.0, 81.0, 146.0, 201.0, 222.0, 232.0, 235.0, 237.0, 241.0, 244.0, 245.0, 245.0, 245.0, 245.0, 245.0, 245.0, 261.0, 272.0, 277.0, 278.0, 278.0, 278.0]	[0, 0, 0, 0, 0, 0, 0, 0, 0, 0, 0, 0, 0, 0, 0, 0, 0, 0, 0, 0, 0, 0, 0, 0, 0, 1]	[0, 0, 0, 0, 0, 0, 0, 0, 0, 0, 0, 0, 0, 0, 0, 0, 0, 0, 0, 0, 0, 0, 0, 0, 0, 0]	[0, 0, 0, 0, 0, 0, 0, 0, 0, 0, 0, 0, 0, 0, 0, 0, 0, 0, 0, 0, 0, 0, 0, 0, 0, 0]	[0.0004270999925211072, 0.008383699983824044, 0.024857999989762902, 0.04137409999384545, 0.05811149999499321, 0.07482559999334626, 0.0912825999839697, 0.10830969997914508, 0.12487919998238795, 0.1416282999853138, 0.1582019999914337, 0.17505269998218864, 0.19131969998124987, 0.20822030000272207, 0.22456289999536239, 0.24107699998421595, 0.25774400000227615, 0.2744130000064615, 0.2910668999829795, 0.3080681999854278, 0.32485790000646375, 0.34187780000502244, 0.35792720000608824, 0.3743397000071127, 0.3911966999876313, 0.408315999986371]	204.0	278.0	0.6	5a
440	11	go_nogo	0	60	3	go	click	[26.0, 26.0, 39.0, 86.0, 114.0, 135.0, 149.0, 157.0, 161.0, 164.0, 164.0, 164.0, 166.0, 168.0, 169.0, 169.0, 169.0, 169.0, 169.0, 169.0, 169.0, 169.0, 169.0]	[-252.0, -252.0, -200.0, -18.0, 80.0, 153.0, 210.0, 240.0, 258.0, 265.0, 267.0, 269.0, 274.0, 282.0, 289.0, 289.0, 289.0, 289.0, 289.0, 289.0, 289.0, 289.0, 289.0]	[0, 0, 0, 0, 0, 0, 0, 0, 0, 0, 0, 0, 0, 0, 0, 0, 0, 0, 0, 0, 0, 0, 1]	[0, 0, 0, 0, 0, 0, 0, 0, 0, 0, 0, 0, 0, 0, 0, 0, 0, 0, 0, 0, 0, 0, 0]	[0, 0, 0, 0, 0, 0, 0, 0, 0, 0, 0, 0, 0, 0, 0, 0, 0, 0, 0, 0, 0, 0, 0]	[0.0004605000140145421, 0.00916079999296926, 0.025878899992676452, 0.04315790001419373, 0.059238300018478185, 0.07606459999806248, 0.09253600001102313, 0.10949780000373721, 0.12584140000399202, 0.14248280000174418, 0.15943420000257902, 0.1758665000088513, 0.19267419999232516, 0.20920519999344833, 0.22568659999524243, 0.24239739999757148, 0.25892360002035275, 0.275695899996208, 0.29229350000969134, 0.30921080001280643, 0.3256128999928478, 0.34258719999343157, 0.35967279999749735]	169.0	289.0	0.8	5a
441	11	go_nogo	0	60	7	go	click	[56.0, 56.0, 69.0, 99.0, 127.0, 155.0, 168.0, 175.0, 177.0, 177.0, 178.0, 178.0, 178.0, 179.0, 180.0, 180.0, 180.0, 180.0, 180.0, 180.0, 180.0, 180.0, 180.0]	[-170.0, -170.0, -106.0, 7.0, 101.0, 192.0, 232.0, 261.0, 275.0, 285.0, 288.0, 290.0, 295.0, 301.0, 305.0, 306.0, 306.0, 306.0, 302.0, 300.0, 300.0, 300.0, 300.0]	[0, 0, 0, 0, 0, 0, 0, 0, 0, 0, 0, 0, 0, 0, 0, 0, 0, 0, 0, 0, 0, 0, 1]	[0, 0, 0, 0, 0, 0, 0, 0, 0, 0, 0, 0, 0, 0, 0, 0, 0, 0, 0, 0, 0, 0, 0]	[0, 0, 0, 0, 0, 0, 0, 0, 0, 0, 0, 0, 0, 0, 0, 0, 0, 0, 0, 0, 0, 0, 0]	[0.00036789997830055654, 0.008258299989392981, 0.02512509998632595, 0.04191440000431612, 0.058396599983097985, 0.07520540000405163, 0.0916082999901846, 0.10891349997837096, 0.12498550000600517, 0.1417144000006374, 0.15821860000141896, 0.17493979999562725, 0.1915813999949023, 0.20836879999842495, 0.2249751999916043, 0.24136359998374246, 0.2580368999915663, 0.2749933000013698, 0.2916360999806784, 0.3080746000050567, 0.32466409998596646, 0.3413449999934528, 0.35826409998117015]	180.0	300.0	0.6	5a
442	11	go_nogo	0	60	2	go	click	[55.0, 55.0, 62.0, 78.0, 105.0, 129.0, 145.0, 153.0, 155.0, 156.0, 156.0, 156.0, 156.0, 156.0, 156.0, 156.0, 156.0, 155.0, 155.0, 155.0, 155.0, 155.0, 158.0, 163.0, 166.0, 167.0, 167.0, 167.0]	[-186.0, -186.0, -146.0, -71.0, 68.0, 180.0, 248.0, 275.0, 286.0, 287.0, 287.0, 287.0, 286.0, 285.0, 284.0, 283.0, 274.0, 268.0, 265.0, 264.0, 264.0, 264.0, 271.0, 278.0, 282.0, 283.0, 283.0, 283.0]	[0, 0, 0, 0, 0, 0, 0, 0, 0, 0, 0, 0, 0, 0, 0, 0, 0, 0, 0, 0, 0, 0, 0, 0, 0, 0, 0, 1]	[0, 0, 0, 0, 0, 0, 0, 0, 0, 0, 0, 0, 0, 0, 0, 0, 0, 0, 0, 0, 0, 0, 0, 0, 0, 0, 0, 0]	[0, 0, 0, 0, 0, 0, 0, 0, 0, 0, 0, 0, 0, 0, 0, 0, 0, 0, 0, 0, 0, 0, 0, 0, 0, 0, 0, 0]	[0.00043990000267513096, 0.00937700000940822, 0.025889799988362938, 0.042868099990300834, 0.05914090000442229, 0.07590440000058152, 0.09289969998644665, 0.10916930000530556, 0.126081599999452, 0.14222569999401458, 0.15892439999151975, 0.17579060001298785, 0.1926079000113532, 0.20936350000556558, 0.22594840000965632, 0.2424497999891173, 0.25930330000119284, 0.27577629999723285, 0.2922420999966562, 0.30891829999745823, 0.32549099999596365, 0.34239330000127666, 0.359084099996835, 0.37612599998828955, 0.39252809999743477, 0.40880159998778254, 0.42547069999272935, 0.44273330000578426]	167.0	283.0	0.5	5a
443	11	go_nogo	0	60	4	go	click	[41.0, 41.0, 55.0, 88.0, 143.0, 169.0, 192.0, 205.0, 212.0, 215.0, 216.0, 216.0, 216.0, 216.0, 216.0, 215.0, 212.0, 208.0, 203.0, 199.0, 194.0, 192.0, 191.0, 190.0, 189.0, 189.0, 189.0, 188.0, 188.0, 188.0]	[-184.0, -184.0, -127.0, -2.0, 170.0, 283.0, 372.0, 422.0, 447.0, 455.0, 456.0, 456.0, 456.0, 456.0, 456.0, 452.0, 438.0, 425.0, 408.0, 387.0, 370.0, 357.0, 350.0, 345.0, 339.0, 334.0, 332.0, 331.0, 331.0, 331.0]	[0, 0, 0, 0, 0, 0, 0, 0, 0, 0, 0, 0, 0, 0, 0, 0, 0, 0, 0, 0, 0, 0, 0, 0, 0, 0, 0, 0, 0, 1]	[0, 0, 0, 0, 0, 0, 0, 0, 0, 0, 0, 0, 0, 0, 0, 0, 0, 0, 0, 0, 0, 0, 0, 0, 0, 0, 0, 0, 0, 0]	[0, 0, 0, 0, 0, 0, 0, 0, 0, 0, 0, 0, 0, 0, 0, 0, 0, 0, 0, 0, 0, 0, 0, 0, 0, 0, 0, 0, 0, 0]	[0.0003620999923441559, 0.007414199993945658, 0.024444399983622134, 0.041356700006872416, 0.05751129999407567, 0.07437250000657514, 0.09113489999435842, 0.10743129998445511, 0.12409189998288639, 0.14101099999970756, 0.15731009998125955, 0.1738541999948211, 0.19054789998335764, 0.20725079998373985, 0.22405329998582602, 0.24104429999715649, 0.257383199990727, 0.2741739999910351, 0.2912644000025466, 0.3073644999822136, 0.3247914999956265, 0.3406962000008207, 0.35757910000393167, 0.3744204999820795, 0.390695499983849, 0.4073639999842271, 0.42427399998996407, 0.4404631000070367, 0.4571235000039451, 0.4742416999943089]	188.0	331.0	0.5	5a
444	11	go_nogo	0	60	3	go	click	[84.0, 106.0, 106.0, 157.0, 182.0, 194.0, 199.0, 200.0, 201.0, 202.0, 202.0, 202.0, 202.0, 202.0, 202.0, 202.0, 202.0, 202.0, 202.0, 202.0, 202.0, 202.0, 202.0, 202.0]	[-138.0, -76.0, -76.0, 80.0, 151.0, 193.0, 216.0, 225.0, 230.0, 232.0, 232.0, 234.0, 244.0, 262.0, 278.0, 278.0, 278.0, 278.0, 278.0, 278.0, 278.0, 279.0, 281.0, 281.0]	[0, 0, 0, 0, 0, 0, 0, 0, 0, 0, 0, 0, 0, 0, 0, 0, 0, 0, 0, 0, 0, 0, 0, 1]	[0, 0, 0, 0, 0, 0, 0, 0, 0, 0, 0, 0, 0, 0, 0, 0, 0, 0, 0, 0, 0, 0, 0, 0]	[0, 0, 0, 0, 0, 0, 0, 0, 0, 0, 0, 0, 0, 0, 0, 0, 0, 0, 0, 0, 0, 0, 0, 0]	[0.0003513999981805682, 0.0082408000016585, 0.025076599995372817, 0.04224690000410192, 0.058867799991276115, 0.07531280000694096, 0.09158119998755865, 0.10830759999225847, 0.12517009998555295, 0.14140289998613298, 0.15822709997883067, 0.1751106999872718, 0.1917257999884896, 0.2083324999839533, 0.22469440000713803, 0.24161299999104813, 0.2579412999912165, 0.27450060000410303, 0.2915635999816004, 0.30801969999447465, 0.3248205999843776, 0.34156820000498556, 0.3579682999989018, 0.37503860000288114]	202.0	281.0	0.8	5a
445	11	go_nogo	0	60	7	go	click	[59.0, 78.0, 78.0, 141.0, 174.0, 204.0, 221.0, 225.0, 228.0, 230.0, 230.0, 230.0, 230.0, 230.0, 231.0, 231.0, 231.0, 231.0, 231.0, 231.0, 231.0, 231.0, 229.0, 225.0, 222.0, 221.0, 221.0, 221.0]	[-247.0, -189.0, -189.0, -16.0, 98.0, 215.0, 299.0, 327.0, 344.0, 350.0, 350.0, 350.0, 350.0, 350.0, 350.0, 350.0, 350.0, 350.0, 350.0, 350.0, 349.0, 345.0, 337.0, 321.0, 312.0, 309.0, 308.0, 308.0]	[0, 0, 0, 0, 0, 0, 0, 0, 0, 0, 0, 0, 0, 0, 0, 0, 0, 0, 0, 0, 0, 0, 0, 0, 0, 0, 0, 1]	[0, 0, 0, 0, 0, 0, 0, 0, 0, 0, 0, 0, 0, 0, 0, 0, 0, 0, 0, 0, 0, 0, 0, 0, 0, 0, 0, 0]	[0, 0, 0, 0, 0, 0, 0, 0, 0, 0, 0, 0, 0, 0, 0, 0, 0, 0, 0, 0, 0, 0, 0, 0, 0, 0, 0, 0]	[0.00034929998219013214, 0.008421899983659387, 0.02584649997879751, 0.04242990000057034, 0.05873869999777526, 0.07548869997845031, 0.09209739998914301, 0.10898389999056235, 0.1254246000025887, 0.14207770000211895, 0.1585248000046704, 0.1752113999973517, 0.19186150000314228, 0.20871000000624917, 0.2251545999897644, 0.2418857000011485, 0.25875429998268373, 0.275558599998476, 0.2920113999862224, 0.30897600000025705, 0.32552519999444485, 0.34198679999099113, 0.35879639998893254, 0.37529559998074546, 0.39219290000619367, 0.40875959998811595, 0.42503209999995306, 0.44218119999277405]	221.0	308.0	0.6	5a
446	11	go_nogo	0	60	9	nogo	none	[46.0, 59.0, 59.0, 105.0, 126.0, 140.0, 150.0, 156.0, 159.0, 160.0, 160.0, 160.0, 160.0, 162.0, 163.0, 164.0, 164.0, 164.0, 164.0, 164.0, 164.0, 164.0, 164.0, 164.0, 164.0, 164.0, 164.0, 164.0, 164.0, 164.0, 164.0, 164.0, 164.0, 164.0, 164.0, 164.0, 164.0, 164.0, 164.0, 164.0, 164.0, 164.0, 164.0, 164.0, 164.0, 164.0, 165.0, 165.0, 165.0, 165.0, 165.0, 165.0, 165.0, 165.0, 165.0, 165.0, 165.0, 165.0]	[-208.0, -148.0, -148.0, 26.0, 104.0, 153.0, 191.0, 228.0, 242.0, 247.0, 247.0, 247.0, 247.0, 252.0, 258.0, 260.0, 260.0, 260.0, 260.0, 260.0, 260.0, 260.0, 260.0, 260.0, 260.0, 260.0, 260.0, 260.0, 260.0, 260.0, 260.0, 260.0, 260.0, 260.0, 260.0, 260.0, 260.0, 260.0, 260.0, 260.0, 260.0, 260.0, 260.0, 260.0, 260.0, 260.0, 260.0, 260.0, 260.0, 260.0, 260.0, 260.0, 260.0, 260.0, 260.0, 260.0, 260.0, 260.0]	[0, 0, 0, 0, 0, 0, 0, 0, 0, 0, 0, 0, 0, 0, 0, 0, 0, 0, 0, 0, 0, 0, 0, 0, 0, 0, 0, 0, 0, 0, 0, 0, 0, 0, 0, 0, 0, 0, 0, 0, 0, 0, 0, 0, 0, 0, 0, 0, 0, 0, 0, 0, 0, 0, 0, 0, 0, 0]	[0, 0, 0, 0, 0, 0, 0, 0, 0, 0, 0, 0, 0, 0, 0, 0, 0, 0, 0, 0, 0, 0, 0, 0, 0, 0, 0, 0, 0, 0, 0, 0, 0, 0, 0, 0, 0, 0, 0, 0, 0, 0, 0, 0, 0, 0, 0, 0, 0, 0, 0, 0, 0, 0, 0, 0, 0, 0]	[0, 0, 0, 0, 0, 0, 0, 0, 0, 0, 0, 0, 0, 0, 0, 0, 0, 0, 0, 0, 0, 0, 0, 0, 0, 0, 0, 0, 0, 0, 0, 0, 0, 0, 0, 0, 0, 0, 0, 0, 0, 0, 0, 0, 0, 0, 0, 0, 0, 0, 0, 0, 0, 0, 0, 0, 0, 0]	[0.0004332000098656863, 0.006884400005219504, 0.023395600001094863, 0.040219000016804785, 0.05722059999243356, 0.0743644000031054, 0.0904854999971576, 0.10668470000382513, 0.12363809999078512, 0.13977440001326613, 0.15641060000052676, 0.17312930000480264, 0.1900405999913346, 0.2068444000033196, 0.22331309999572113, 0.23969899999792688, 0.2565379000152461, 0.27307440000004135, 0.2898148999956902, 0.306375600019237, 0.3232512999966275, 0.33975750001263805, 0.3564440000045579, 0.37332430001697503, 0.3896426999999676, 0.4063118000049144, 0.4230704999936279, 0.4399170000106096, 0.4563874000159558, 0.4730530999950133, 0.4898778999922797, 0.5064965999918059, 0.5230395999969915, 0.5401116000139154, 0.5564121000061277, 0.5732718000072055, 0.5898591000004672, 0.6065367000119295, 0.6234202000196092, 0.6396108999906573, 0.6562867000175174, 0.6730229000095278, 0.6896334000048228, 0.7064676000154577, 0.7229234999977052, 0.7399320999975316, 0.7564694000175223, 0.7728915000043344, 0.789645400014706, 0.8062603000144009, 0.8229805000009947, 0.8397171999968123, 0.8562974999949802, 0.8731949999928474, 0.889784500002861, 0.9062134000123478, 0.9229710999934468, 0.9397612000175286]	n/a	n/a	0.7	5a
447	11	go_nogo	0	60	4	go	click	[37.0, 46.0, 52.0, 76.0, 98.0, 122.0, 136.0, 146.0, 148.0, 149.0, 150.0, 151.0, 152.0, 152.0, 153.0, 153.0, 154.0, 154.0, 154.0, 154.0, 154.0, 154.0, 155.0, 162.0, 168.0, 175.0, 176.0, 176.0, 176.0, 176.0, 176.0, 176.0]	[-257.0, -225.0, -189.0, -111.0, -26.0, 55.0, 112.0, 149.0, 157.0, 170.0, 177.0, 185.0, 187.0, 189.0, 193.0, 200.0, 202.0, 202.0, 202.0, 202.0, 202.0, 202.0, 205.0, 229.0, 248.0, 264.0, 268.0, 268.0, 268.0, 268.0, 268.0, 268.0]	[0, 0, 0, 0, 0, 0, 0, 0, 0, 0, 0, 0, 0, 0, 0, 0, 0, 0, 0, 0, 0, 0, 0, 0, 0, 0, 0, 0, 0, 0, 0, 1]	[0, 0, 0, 0, 0, 0, 0, 0, 0, 0, 0, 0, 0, 0, 0, 0, 0, 0, 0, 0, 0, 0, 0, 0, 0, 0, 0, 0, 0, 0, 0, 0]	[0, 0, 0, 0, 0, 0, 0, 0, 0, 0, 0, 0, 0, 0, 0, 0, 0, 0, 0, 0, 0, 0, 0, 0, 0, 0, 0, 0, 0, 0, 0, 0]	[0.00018450000789016485, 0.008585100003983825, 0.025247500016121194, 0.04175450000911951, 0.05860830002347939, 0.07523230000515468, 0.09191740001551807, 0.10880310001084581, 0.1252612000098452, 0.14188950002426282, 0.15845030001946725, 0.17517920001409948, 0.19166410001344047, 0.20862940000370145, 0.22579000002588145, 0.24180170000181533, 0.25849470001412556, 0.2749412000121083, 0.29160810000030324, 0.30826240000897087, 0.3248512000136543, 0.3416553999995813, 0.35854360001394525, 0.37509480002336204, 0.39193180002621375, 0.4084098000021186, 0.4248820000211708, 0.4415150000131689, 0.45829110001795925, 0.47478899999987334, 0.4915218000242021, 0.5094864000275265]	176.0	268.0	0.9	5a
448	11	go_nogo	0	60	1	nogo	none	[66.0, 66.0, 80.0, 109.0, 142.0, 161.0, 169.0, 171.0, 171.0, 171.0, 171.0, 171.0, 171.0, 171.0, 171.0, 171.0, 171.0, 171.0, 171.0, 171.0, 171.0, 171.0, 171.0, 171.0, 171.0, 171.0, 171.0, 171.0, 171.0, 171.0, 171.0, 171.0, 171.0, 171.0, 171.0, 171.0, 171.0, 171.0, 171.0, 171.0, 171.0, 172.0, 172.0, 172.0, 172.0, 172.0, 172.0, 172.0, 172.0, 172.0, 172.0, 172.0, 172.0, 172.0, 172.0, 172.0, 172.0, 172.0, 172.0, 172.0, 172.0, 172.0, 173.0, 173.0, 173.0, 173.0, 173.0, 173.0, 173.0, 173.0, 173.0, 173.0, 173.0, 173.0, 173.0, 173.0, 173.0, 173.0, 173.0, 173.0, 173.0, 173.0, 173.0, 173.0, 173.0, 173.0, 173.0, 173.0, 173.0, 173.0, 173.0, 173.0]	[-141.0, -141.0, -73.0, 67.0, 185.0, 266.0, 296.0, 305.0, 306.0, 306.0, 305.0, 301.0, 301.0, 301.0, 301.0, 299.0, 295.0, 290.0, 284.0, 280.0, 279.0, 279.0, 279.0, 279.0, 279.0, 279.0, 279.0, 279.0, 279.0, 279.0, 279.0, 279.0, 279.0, 279.0, 279.0, 279.0, 279.0, 279.0, 279.0, 279.0, 279.0, 280.0, 280.0, 280.0, 280.0, 280.0, 280.0, 280.0, 280.0, 281.0, 281.0, 281.0, 281.0, 282.0, 283.0, 284.0, 285.0, 285.0, 285.0, 287.0, 287.0, 288.0, 290.0, 291.0, 292.0, 292.0, 292.0, 292.0, 292.0, 293.0, 293.0, 293.0, 293.0, 293.0, 293.0, 293.0, 293.0, 293.0, 293.0, 293.0, 293.0, 293.0, 293.0, 293.0, 293.0, 293.0, 293.0, 293.0, 293.0, 293.0, 293.0, 293.0]	[0, 0, 0, 0, 0, 0, 0, 0, 0, 0, 0, 0, 0, 0, 0, 0, 0, 0, 0, 0, 0, 0, 0, 0, 0, 0, 0, 0, 0, 0, 0, 0, 0, 0, 0, 0, 0, 0, 0, 0, 0, 0, 0, 0, 0, 0, 0, 0, 0, 0, 0, 0, 0, 0, 0, 0, 0, 0, 0, 0, 0, 0, 0, 0, 0, 0, 0, 0, 0, 0, 0, 0, 0, 0, 0, 0, 0, 0, 0, 0, 0, 0, 0, 0, 0, 0, 0, 0, 0, 0, 0, 0]	[0, 0, 0, 0, 0, 0, 0, 0, 0, 0, 0, 0, 0, 0, 0, 0, 0, 0, 0, 0, 0, 0, 0, 0, 0, 0, 0, 0, 0, 0, 0, 0, 0, 0, 0, 0, 0, 0, 0, 0, 0, 0, 0, 0, 0, 0, 0, 0, 0, 0, 0, 0, 0, 0, 0, 0, 0, 0, 0, 0, 0, 0, 0, 0, 0, 0, 0, 0, 0, 0, 0, 0, 0, 0, 0, 0, 0, 0, 0, 0, 0, 0, 0, 0, 0, 0, 0, 0, 0, 0, 0, 0]	[0, 0, 0, 0, 0, 0, 0, 0, 0, 0, 0, 0, 0, 0, 0, 0, 0, 0, 0, 0, 0, 0, 0, 0, 0, 0, 0, 0, 0, 0, 0, 0, 0, 0, 0, 0, 0, 0, 0, 0, 0, 0, 0, 0, 0, 0, 0, 0, 0, 0, 0, 0, 0, 0, 0, 0, 0, 0, 0, 0, 0, 0, 0, 0, 0, 0, 0, 0, 0, 0, 0, 0, 0, 0, 0, 0, 0, 0, 0, 0, 0, 0, 0, 0, 0, 0, 0, 0, 0, 0, 0, 0]	[0.0003775999939534813, 0.008688700007041916, 0.025554299994837493, 0.04207860000315122, 0.0586996000201907, 0.0753571999957785, 0.09224319999339059, 0.1088455000135582, 0.125220400019316, 0.14183750000665896, 0.15884030002052896, 0.17518380002002232, 0.19189690001076087, 0.2087578999926336, 0.22546869999496266, 0.2420744000119157, 0.25873470000806265, 0.2753380000067409, 0.29200839999248274, 0.30888120000599883, 0.32508820001385175, 0.34222760002012365, 0.35840749999624677, 0.37500420000287704, 0.39160200001788326, 0.408214199997019, 0.425055900006555, 0.44158100002096035, 0.45829549999325536, 0.4749147999973502, 0.4915775000117719, 0.5081930000160355, 0.5248967999941669, 0.5417178000207059, 0.5581547000037972, 0.5750206999946386, 0.5915495000081137, 0.6084293000167236, 0.624887400015723, 0.6416346000041813, 0.6585401000047568, 0.6748822999943513, 0.6915261000103783, 0.7083167000091635, 0.7248812000034377, 0.74158920001355, 0.7583094000001438, 0.7748500000161584, 0.7915689999936149, 0.8083282000152394, 0.8250079000135884, 0.8414736000122502, 0.8584473000082653, 0.8750349000038113, 0.8919493000139482, 0.9083725000091363, 0.9248859999934211, 0.9414646000077482, 0.9585756000014953, 0.9747953000187408, 0.99181989999488, 1.0089443000033498, 1.0250347999972291, 1.0416060000134166, 1.0582001000002492, 1.074787399993511, 1.0914599999960046, 1.1081240000203252, 1.1250718999945093, 1.1413128999993205, 1.158055300009437, 1.1747497000033036, 1.1914892000204418, 1.2080939000006765, 1.2246381000149995, 1.2413300000189338, 1.258144399995217, 1.274693200015463, 1.2913543000177015, 1.3081014000053983, 1.324749299994437, 1.341474000015296, 1.3581917000119574, 1.3746601000020746, 1.3913799000147264, 1.4080439000099432, 1.4246268999995664, 1.4412998000043444, 1.4579556999960914, 1.4746606000117026, 1.4913109000190161, 1.5079914999951143]	n/a	n/a	1.0	5a
449	11	go_nogo	0	60	6	go	click	[46.0, 46.0, 68.0, 107.0, 149.0, 184.0, 208.0, 221.0, 229.0, 230.0, 230.0, 230.0, 231.0, 235.0, 236.0, 236.0, 236.0, 236.0, 236.0, 236.0, 229.0, 228.0, 228.0, 228.0, 228.0, 228.0, 228.0]	[-244.0, -244.0, -186.0, -63.0, 53.0, 167.0, 249.0, 290.0, 312.0, 314.0, 315.0, 315.0, 320.0, 330.0, 334.0, 334.0, 334.0, 334.0, 334.0, 331.0, 319.0, 317.0, 317.0, 317.0, 317.0, 317.0, 317.0]	[0, 0, 0, 0, 0, 0, 0, 0, 0, 0, 0, 0, 0, 0, 0, 0, 0, 0, 0, 0, 0, 0, 0, 0, 0, 0, 1]	[0, 0, 0, 0, 0, 0, 0, 0, 0, 0, 0, 0, 0, 0, 0, 0, 0, 0, 0, 0, 0, 0, 0, 0, 0, 0, 0]	[0, 0, 0, 0, 0, 0, 0, 0, 0, 0, 0, 0, 0, 0, 0, 0, 0, 0, 0, 0, 0, 0, 0, 0, 0, 0, 0]	[0.0004261000140104443, 0.006836600019596517, 0.023652800009585917, 0.04023640000377782, 0.057035300007555634, 0.0736359000147786, 0.09029830002691597, 0.10691370000131428, 0.12369060001219623, 0.14021450001746416, 0.15677190001588315, 0.17366190001484938, 0.19021930001326837, 0.20697750002727844, 0.22358150000218302, 0.2400070000148844, 0.25688610001816414, 0.2738064000150189, 0.29022280001663603, 0.30685650001396425, 0.3235677000193391, 0.3399222000152804, 0.35663360002217814, 0.3732408000214491, 0.38993410000693984, 0.40691800002241507, 0.4237303000118118]	228.0	317.0	0.6	5a
450	11	go_nogo	0	60	7	go	click	[45.0, 45.0, 55.0, 79.0, 104.0, 125.0, 150.0, 161.0, 165.0, 168.0, 168.0, 168.0, 168.0, 168.0, 168.0, 168.0, 168.0, 168.0, 168.0, 168.0, 168.0, 168.0, 168.0, 168.0, 168.0, 168.0, 168.0]	[-180.0, -180.0, -132.0, -31.0, 62.0, 139.0, 212.0, 241.0, 258.0, 264.0, 264.0, 264.0, 264.0, 264.0, 264.0, 264.0, 264.0, 264.0, 263.0, 263.0, 263.0, 263.0, 264.0, 266.0, 266.0, 266.0, 266.0]	[0, 0, 0, 0, 0, 0, 0, 0, 0, 0, 0, 0, 0, 0, 0, 0, 0, 0, 0, 0, 0, 0, 0, 0, 0, 0, 1]	[0, 0, 0, 0, 0, 0, 0, 0, 0, 0, 0, 0, 0, 0, 0, 0, 0, 0, 0, 0, 0, 0, 0, 0, 0, 0, 0]	[0, 0, 0, 0, 0, 0, 0, 0, 0, 0, 0, 0, 0, 0, 0, 0, 0, 0, 0, 0, 0, 0, 0, 0, 0, 0, 0]	[0.0003586999955587089, 0.00884530000621453, 0.025831500010099262, 0.042235200002323836, 0.05886170000303537, 0.07540309999603778, 0.09206160000758246, 0.10875189999933355, 0.12559179999516346, 0.14185569999972358, 0.1584627999982331, 0.175131700001657, 0.19183880000491627, 0.20842750000883825, 0.22516950001590885, 0.24187820000224747, 0.2583331000059843, 0.2753427000134252, 0.29168809999828227, 0.30844059999799356, 0.3250725000107195, 0.3418799000210129, 0.3590379999950528, 0.37521749999723397, 0.3917263000039384, 0.40846200002124533, 0.4253910999977961]	168.0	266.0	0.6	5a
451	12	go_only	0	18	3	go	click	[-6.0, -6.0, -4.0, 25.0, 52.0, 73.0, 86.0, 96.0, 102.0, 107.0, 109.0, 110.0, 111.0, 113.0, 118.0, 121.0, 122.0, 122.0, 122.0, 123.0, 130.0, 139.0, 146.0, 153.0, 159.0, 167.0, 171.0, 172.0, 172.0, 172.0]	[-276.0, -276.0, -230.0, -68.0, 19.0, 78.0, 113.0, 144.0, 169.0, 186.0, 194.0, 196.0, 198.0, 204.0, 210.0, 219.0, 219.0, 219.0, 219.0, 221.0, 231.0, 245.0, 261.0, 273.0, 285.0, 295.0, 300.0, 301.0, 301.0, 301.0]	[0, 0, 0, 0, 0, 0, 0, 0, 0, 0, 0, 0, 0, 0, 0, 0, 0, 0, 0, 0, 0, 0, 0, 0, 0, 0, 0, 0, 0, 1]	[0, 0, 0, 0, 0, 0, 0, 0, 0, 0, 0, 0, 0, 0, 0, 0, 0, 0, 0, 0, 0, 0, 0, 0, 0, 0, 0, 0, 0, 0]	[0, 0, 0, 0, 0, 0, 0, 0, 0, 0, 0, 0, 0, 0, 0, 0, 0, 0, 0, 0, 0, 0, 0, 0, 0, 0, 0, 0, 0, 0]	[0.00045159997534938157, 0.008517399983247742, 0.02497709999443032, 0.042011699988506734, 0.0586555999761913, 0.07546179997734725, 0.09148889998323284, 0.10819629998877645, 0.12482519997865893, 0.14154559999587946, 0.15849259999231435, 0.17504059997736476, 0.1916874999878928, 0.20824939999147318, 0.22496429999591783, 0.24154519999865443, 0.25826249999227, 0.2747121999855153, 0.2912867999984883, 0.30817819997901097, 0.3247650999983307, 0.34151529998052865, 0.35818109998945147, 0.3749284999794327, 0.39161890000104904, 0.40819570000167005, 0.42488809998030774, 0.44126199997845106, 0.4580190999840852, 0.47519919998012483]	172.0	301.0	0.7	5a
452	12	go_only	0	18	2	go	click	[50.0, 50.0, 68.0, 97.0, 139.0, 161.0, 172.0, 180.0, 184.0, 184.0, 184.0, 184.0, 184.0, 184.0, 184.0, 184.0, 184.0, 184.0, 184.0, 184.0, 184.0, 184.0, 184.0]	[-173.0, -173.0, -119.0, -22.0, 106.0, 173.0, 212.0, 243.0, 262.0, 265.0, 265.0, 265.0, 265.0, 265.0, 265.0, 265.0, 265.0, 265.0, 265.0, 264.0, 264.0, 264.0, 264.0]	[0, 0, 0, 0, 0, 0, 0, 0, 0, 0, 0, 0, 0, 0, 0, 0, 0, 0, 0, 0, 0, 0, 1]	[0, 0, 0, 0, 0, 0, 0, 0, 0, 0, 0, 0, 0, 0, 0, 0, 0, 0, 0, 0, 0, 0, 0]	[0, 0, 0, 0, 0, 0, 0, 0, 0, 0, 0, 0, 0, 0, 0, 0, 0, 0, 0, 0, 0, 0, 0]	[0.00019219997921027243, 0.010227799997664988, 0.027131499984534457, 0.0435830999922473, 0.060292999987723306, 0.07717959998990409, 0.09399299998767674, 0.11082269999315031, 0.1268285999831278, 0.1433435999788344, 0.15995099997962825, 0.176586599991424, 0.19328499998664483, 0.21008349998737685, 0.22650969997630455, 0.2432191999978386, 0.25988499997765757, 0.2766375999781303, 0.2934055999794509, 0.3101425999775529, 0.3268089999910444, 0.34314709997852333, 0.36052139999810606]	184.0	264.0	0.9	5a
453	12	go_only	0	18	2	go	click	[141.0, 141.0, 198.0, 241.0, 269.0, 278.0, 279.0, 279.0, 279.0, 278.0, 277.0, 275.0, 270.0, 263.0, 259.0, 258.0, 256.0, 252.0, 244.0, 234.0, 224.0, 215.0, 210.0, 206.0, 204.0, 204.0, 204.0]	[-78.0, -78.0, 82.0, 213.0, 307.0, 351.0, 366.0, 368.0, 368.0, 368.0, 368.0, 368.0, 372.0, 383.0, 384.0, 384.0, 384.0, 379.0, 364.0, 344.0, 323.0, 305.0, 293.0, 287.0, 285.0, 285.0, 285.0]	[0, 0, 0, 0, 0, 0, 0, 0, 0, 0, 0, 0, 0, 0, 0, 0, 0, 0, 0, 0, 0, 0, 0, 0, 0, 0, 1]	[0, 0, 0, 0, 0, 0, 0, 0, 0, 0, 0, 0, 0, 0, 0, 0, 0, 0, 0, 0, 0, 0, 0, 0, 0, 0, 0]	[0, 0, 0, 0, 0, 0, 0, 0, 0, 0, 0, 0, 0, 0, 0, 0, 0, 0, 0, 0, 0, 0, 0, 0, 0, 0, 0]	[0.0004372999828774482, 0.01073129998985678, 0.02712229997268878, 0.044404299987945706, 0.06093059998238459, 0.07705739999073558, 0.09390389997861348, 0.11032719997456297, 0.12712999997893348, 0.1438618999964092, 0.16063599998597056, 0.17737389999092557, 0.1938351999851875, 0.21049309999216348, 0.22700529999565333, 0.24383019999368116, 0.2603614999970887, 0.27701899997191504, 0.29377529997145757, 0.31060069997329265, 0.3272937999863643, 0.34380989999044687, 0.36065679998137057, 0.3772398999717552, 0.3936249999969732, 0.4101377999759279, 0.42696369998157024]	204.0	285.0	0.8	5a
454	12	go_only	0	18	8	go	click	[37.0, 37.0, 48.0, 94.0, 117.0, 132.0, 140.0, 146.0, 150.0, 158.0, 160.0, 161.0, 161.0, 162.0, 166.0, 170.0, 172.0, 172.0, 172.0, 172.0, 172.0, 172.0]	[-156.0, -156.0, -96.0, 74.0, 149.0, 191.0, 220.0, 239.0, 258.0, 275.0, 282.0, 283.0, 283.0, 284.0, 290.0, 295.0, 299.0, 299.0, 299.0, 299.0, 299.0, 299.0]	[0, 0, 0, 0, 0, 0, 0, 0, 0, 0, 0, 0, 0, 0, 0, 0, 0, 0, 0, 0, 0, 1]	[0, 0, 0, 0, 0, 0, 0, 0, 0, 0, 0, 0, 0, 0, 0, 0, 0, 0, 0, 0, 0, 0]	[0, 0, 0, 0, 0, 0, 0, 0, 0, 0, 0, 0, 0, 0, 0, 0, 0, 0, 0, 0, 0, 0]	[0.00043050001841038465, 0.008306200004881248, 0.025011300022015348, 0.04179510002722964, 0.05857220001053065, 0.07513310000649653, 0.09181350001017563, 0.10808910001651384, 0.12496900002588518, 0.1416497000027448, 0.15818270001909696, 0.17452200001571327, 0.19155730001511984, 0.20813000001362525, 0.224785400001565, 0.24135380002553575, 0.2581007000117097, 0.2746880000049714, 0.29110620002029464, 0.30773720002616756, 0.32461480001802556, 0.34176530002150685]	172.0	299.0	0.6	5a
455	12	go_only	0	18	6	go	click	[10.0, 10.0, 35.0, 64.0, 96.0, 117.0, 131.0, 139.0, 143.0, 147.0, 154.0, 158.0, 159.0, 159.0, 161.0, 164.0, 165.0, 165.0, 165.0, 165.0, 165.0, 167.0, 167.0, 167.0]	[-256.0, -256.0, -166.0, -61.0, 42.0, 123.0, 172.0, 200.0, 218.0, 233.0, 247.0, 257.0, 259.0, 260.0, 264.0, 270.0, 271.0, 271.0, 271.0, 272.0, 273.0, 277.0, 278.0, 278.0]	[0, 0, 0, 0, 0, 0, 0, 0, 0, 0, 0, 0, 0, 0, 0, 0, 0, 0, 0, 0, 0, 0, 0, 1]	[0, 0, 0, 0, 0, 0, 0, 0, 0, 0, 0, 0, 0, 0, 0, 0, 0, 0, 0, 0, 0, 0, 0, 0]	[0, 0, 0, 0, 0, 0, 0, 0, 0, 0, 0, 0, 0, 0, 0, 0, 0, 0, 0, 0, 0, 0, 0, 0]	[0.0002099999983329326, 0.009720599977299571, 0.02626119999331422, 0.043216199992457405, 0.05947639999794774, 0.07665419997647405, 0.09272799998871051, 0.10934489997453056, 0.12604369997279719, 0.14276439999230206, 0.1594755999976769, 0.17597399998339824, 0.19292919998406433, 0.20933419998618774, 0.22603689998504706, 0.24250839999876916, 0.25907099997857586, 0.2757510999799706, 0.2928755999892019, 0.30924299999605864, 0.3258705999760423, 0.3426084999809973, 0.359065999975428, 0.37609159998828545]	167.0	278.0	0.6	5a
456	12	go_only	0	18	4	go	click	[35.0, 35.0, 45.0, 75.0, 101.0, 127.0, 141.0, 151.0, 157.0, 160.0, 161.0, 163.0, 168.0, 173.0, 175.0, 175.0, 175.0, 175.0, 175.0, 175.0, 175.0, 175.0, 175.0, 175.0, 175.0]	[-224.0, -224.0, -176.0, -67.0, 42.0, 139.0, 199.0, 230.0, 250.0, 259.0, 262.0, 268.0, 279.0, 289.0, 293.0, 293.0, 293.0, 293.0, 293.0, 293.0, 293.0, 293.0, 293.0, 293.0, 293.0]	[0, 0, 0, 0, 0, 0, 0, 0, 0, 0, 0, 0, 0, 0, 0, 0, 0, 0, 0, 0, 0, 0, 0, 0, 1]	[0, 0, 0, 0, 0, 0, 0, 0, 0, 0, 0, 0, 0, 0, 0, 0, 0, 0, 0, 0, 0, 0, 0, 0, 0]	[0, 0, 0, 0, 0, 0, 0, 0, 0, 0, 0, 0, 0, 0, 0, 0, 0, 0, 0, 0, 0, 0, 0, 0, 0]	[0.00034690002212300897, 0.008837200002744794, 0.02514870002050884, 0.041767200018512085, 0.05848190002143383, 0.07512760002282448, 0.09178550000069663, 0.10850309999659657, 0.12553330001537688, 0.14185410001664422, 0.15844379999907687, 0.17545190002419986, 0.19227490000776015, 0.208425700024236, 0.2250345000065863, 0.24152500001946464, 0.2582268000114709, 0.27483790001133457, 0.29149420000612736, 0.3083057000185363, 0.3248675000213552, 0.34150900001986884, 0.35845660002087243, 0.3748042000224814, 0.3921064000169281]	175.0	293.0	0.8	5a
457	12	go_only	0	18	7	go	click	[7.0, 14.0, 24.0, 42.0, 59.0, 74.0, 84.0, 91.0, 97.0, 98.0, 99.0, 100.0, 100.0, 100.0, 100.0, 101.0, 101.0, 101.0, 101.0, 101.0, 107.0, 127.0, 145.0, 159.0, 174.0, 179.0, 181.0, 181.0, 181.0, 181.0]	[-236.0, -188.0, -140.0, -45.0, 54.0, 132.0, 199.0, 231.0, 250.0, 263.0, 266.0, 266.0, 266.0, 266.0, 267.0, 269.0, 269.0, 269.0, 269.0, 269.0, 269.0, 272.0, 279.0, 286.0, 299.0, 305.0, 306.0, 306.0, 306.0, 306.0]	[0, 0, 0, 0, 0, 0, 0, 0, 0, 0, 0, 0, 0, 0, 0, 0, 0, 0, 0, 0, 0, 0, 0, 0, 0, 0, 0, 0, 0, 1]	[0, 0, 0, 0, 0, 0, 0, 0, 0, 0, 0, 0, 0, 0, 0, 0, 0, 0, 0, 0, 0, 0, 0, 0, 0, 0, 0, 0, 0, 0]	[0, 0, 0, 0, 0, 0, 0, 0, 0, 0, 0, 0, 0, 0, 0, 0, 0, 0, 0, 0, 0, 0, 0, 0, 0, 0, 0, 0, 0, 0]	[0.00040329998591914773, 0.008948699978645891, 0.025604599999496713, 0.043250199989415705, 0.058744799986016005, 0.07580789999337867, 0.09226509998552501, 0.10877329998766072, 0.12554199999431148, 0.1425368000054732, 0.15910220000660047, 0.17549979998148046, 0.1919288999924902, 0.20863949999329634, 0.225918099982664, 0.24197199998889118, 0.25871140000526793, 0.2752648000023328, 0.29205809999257326, 0.308871299988823, 0.3255343000055291, 0.34219929997925647, 0.35892309999326244, 0.37546959999599494, 0.39238400000613183, 0.408783199993195, 0.42527619999600574, 0.4418459000007715, 0.45850680000148714, 0.4756024999951478]	181.0	306.0	0.9	5a
458	12	go_only	0	18	8	go	click	[161.0, 161.0, 184.0, 229.0, 260.0, 275.0, 282.0, 285.0, 286.0, 286.0, 286.0, 287.0, 287.0, 287.0, 287.0, 287.0, 287.0, 287.0, 285.0, 266.0, 235.0, 209.0, 187.0, 177.0, 175.0, 174.0]	[-100.0, -100.0, -31.0, 93.0, 192.0, 260.0, 296.0, 311.0, 319.0, 321.0, 321.0, 321.0, 321.0, 321.0, 324.0, 325.0, 325.0, 325.0, 325.0, 322.0, 309.0, 289.0, 275.0, 271.0, 270.0, 270.0]	[0, 0, 0, 0, 0, 0, 0, 0, 0, 0, 0, 0, 0, 0, 0, 0, 0, 0, 0, 0, 0, 0, 0, 0, 0, 1]	[0, 0, 0, 0, 0, 0, 0, 0, 0, 0, 0, 0, 0, 0, 0, 0, 0, 0, 0, 0, 0, 0, 0, 0, 0, 0]	[0, 0, 0, 0, 0, 0, 0, 0, 0, 0, 0, 0, 0, 0, 0, 0, 0, 0, 0, 0, 0, 0, 0, 0, 0, 0]	[0.0004180999821983278, 0.007756499981041998, 0.024453499994706362, 0.041085599979851395, 0.05768019999959506, 0.07449259998975322, 0.09133029999793507, 0.10788129997672513, 0.12459429999580607, 0.1408503999991808, 0.15771609998773783, 0.17439649999141693, 0.1908720999781508, 0.2083447999903001, 0.22466549999080598, 0.2410072999773547, 0.2577463999914471, 0.27443879999918863, 0.2910544999758713, 0.3076724999991711, 0.3254117999749724, 0.34124409998185, 0.35771439998643473, 0.3746225999784656, 0.3909267999988515, 0.40806389998761006]	174.0	270.0	0.5	5a
459	12	go_only	0	18	4	go	click	[16.0, 16.0, 18.0, 21.0, 30.0, 44.0, 57.0, 64.0, 69.0, 70.0, 70.0, 70.0, 70.0, 71.0, 74.0, 79.0, 87.0, 99.0, 116.0, 138.0, 144.0, 150.0, 161.0, 171.0, 173.0, 173.0, 173.0, 171.0, 164.0, 160.0, 156.0, 155.0, 155.0, 155.0, 154.0, 154.0, 154.0, 154.0, 154.0, 154.0]	[-274.0, -274.0, -258.0, -224.0, -152.0, -27.0, 103.0, 191.0, 243.0, 251.0, 252.0, 252.0, 252.0, 254.0, 257.0, 261.0, 270.0, 290.0, 323.0, 376.0, 398.0, 418.0, 443.0, 457.0, 459.0, 459.0, 459.0, 442.0, 417.0, 383.0, 351.0, 334.0, 326.0, 325.0, 324.0, 321.0, 316.0, 307.0, 301.0, 299.0]	[0, 0, 0, 0, 0, 0, 0, 0, 0, 0, 0, 0, 0, 0, 0, 0, 0, 0, 0, 0, 0, 0, 0, 0, 0, 0, 0, 0, 0, 0, 0, 0, 0, 0, 0, 0, 0, 0, 0, 1]	[0, 0, 0, 0, 0, 0, 0, 0, 0, 0, 0, 0, 0, 0, 0, 0, 0, 0, 0, 0, 0, 0, 0, 0, 0, 0, 0, 0, 0, 0, 0, 0, 0, 0, 0, 0, 0, 0, 0, 0]	[0, 0, 0, 0, 0, 0, 0, 0, 0, 0, 0, 0, 0, 0, 0, 0, 0, 0, 0, 0, 0, 0, 0, 0, 0, 0, 0, 0, 0, 0, 0, 0, 0, 0, 0, 0, 0, 0, 0, 0]	[0.00037460000021383166, 0.008892100013326854, 0.0257428000040818, 0.04246430000057444, 0.059109199995873496, 0.07572690001688898, 0.09250260001863353, 0.10913880000589415, 0.12606169999344274, 0.14244230001349933, 0.1590751000039745, 0.17535330000100657, 0.19219520001206547, 0.2089167000085581, 0.22567980000167154, 0.24229900000500493, 0.2590038000198547, 0.2756375000171829, 0.29213099999469705, 0.30886419999296777, 0.3259787000133656, 0.3422728000150528, 0.3590660000045318, 0.3755408000142779, 0.3919545999960974, 0.4087563999928534, 0.42547020001802593, 0.4421583999937866, 0.45888120000017807, 0.4758297000080347, 0.4921846000070218, 0.5087778000161052, 0.5253250999958254, 0.5422779000073206, 0.5594713000173215, 0.5758851999999024, 0.5921498000097927, 0.6086775000148918, 0.625435900001321, 0.6422585000109393]	154.0	299.0	0.8	5a
460	12	go_only	0	18	2	go	click	[90.0, 90.0, 121.0, 150.0, 168.0, 186.0, 198.0, 204.0, 205.0, 206.0, 206.0, 206.0, 206.0, 206.0, 206.0, 206.0, 206.0, 206.0, 206.0, 206.0, 206.0, 206.0, 206.0, 206.0, 206.0, 206.0, 206.0]	[-182.0, -182.0, -83.0, 22.0, 118.0, 194.0, 228.0, 241.0, 247.0, 247.0, 247.0, 247.0, 247.0, 247.0, 248.0, 249.0, 249.0, 249.0, 249.0, 249.0, 249.0, 249.0, 252.0, 259.0, 268.0, 274.0, 274.0]	[0, 0, 0, 0, 0, 0, 0, 0, 0, 0, 0, 0, 0, 0, 0, 0, 0, 0, 0, 0, 0, 0, 0, 0, 0, 0, 1]	[0, 0, 0, 0, 0, 0, 0, 0, 0, 0, 0, 0, 0, 0, 0, 0, 0, 0, 0, 0, 0, 0, 0, 0, 0, 0, 0]	[0, 0, 0, 0, 0, 0, 0, 0, 0, 0, 0, 0, 0, 0, 0, 0, 0, 0, 0, 0, 0, 0, 0, 0, 0, 0, 0]	[0.0003980000037699938, 0.009004799998365343, 0.025589400000171736, 0.042762800003401935, 0.059041100001195446, 0.07613220001803711, 0.09238069999264553, 0.10902299999725074, 0.12568349999492057, 0.14226789999520406, 0.15856510002049617, 0.17541920000803657, 0.19199550000485033, 0.20887950001633726, 0.22560750000411645, 0.24198389999219216, 0.25871799999731593, 0.2753608000057284, 0.29201110001304187, 0.3088168000103906, 0.3253792000177782, 0.34251879999646917, 0.3592839000048116, 0.37569109999458306, 0.3922434000123758, 0.40868480000062846, 0.4257041999953799]	206.0	274.0	0.5	5a
461	12	go_only	0	18	8	go	click	[62.0, 79.0, 92.0, 129.0, 155.0, 170.0, 179.0, 183.0, 184.0, 184.0, 184.0, 184.0, 184.0, 184.0, 184.0, 184.0, 184.0, 184.0, 184.0, 184.0, 184.0, 184.0, 184.0, 184.0, 184.0, 184.0, 184.0, 184.0]	[-194.0, -130.0, -73.0, 53.0, 161.0, 248.0, 303.0, 331.0, 341.0, 342.0, 342.0, 342.0, 342.0, 342.0, 342.0, 342.0, 342.0, 342.0, 342.0, 342.0, 342.0, 342.0, 342.0, 342.0, 342.0, 342.0, 342.0, 342.0]	[0, 0, 0, 0, 0, 0, 0, 0, 0, 0, 0, 0, 0, 0, 0, 0, 0, 0, 0, 0, 0, 0, 0, 0, 0, 0, 0, 1]	[0, 0, 0, 0, 0, 0, 0, 0, 0, 0, 0, 0, 0, 0, 0, 0, 0, 0, 0, 0, 0, 0, 0, 0, 0, 0, 0, 0]	[0, 0, 0, 0, 0, 0, 0, 0, 0, 0, 0, 0, 0, 0, 0, 0, 0, 0, 0, 0, 0, 0, 0, 0, 0, 0, 0, 0]	[0.0003431999939493835, 0.00785389999509789, 0.024675399996340275, 0.04127710001193918, 0.05807860000641085, 0.07451070001116022, 0.09123859999817796, 0.10826919999090023, 0.12483780001639389, 0.14109710001503117, 0.15783290000399575, 0.17436930001713336, 0.1912806000036653, 0.20768630001111887, 0.22430040000472218, 0.2410286999947857, 0.2577588999993168, 0.27436509999097325, 0.2909610999922734, 0.3079433999955654, 0.3244739999936428, 0.3409635999996681, 0.35763710000901483, 0.3742999999958556, 0.391178799996851, 0.40760500001488253, 0.42446139999083243, 0.4414682000060566]	184.0	342.0	0.7	5a
462	12	go_only	0	18	3	go	click	[51.0, 51.0, 56.0, 68.0, 81.0, 103.0, 115.0, 122.0, 128.0, 130.0, 132.0, 135.0, 137.0, 139.0, 140.0, 140.0, 140.0, 140.0, 140.0, 141.0, 144.0, 150.0, 156.0, 158.0, 158.0]	[-226.0, -226.0, -184.0, -86.0, 20.0, 153.0, 190.0, 213.0, 225.0, 232.0, 243.0, 256.0, 267.0, 275.0, 278.0, 278.0, 278.0, 276.0, 273.0, 273.0, 273.0, 278.0, 283.0, 285.0, 285.0]	[0, 0, 0, 0, 0, 0, 0, 0, 0, 0, 0, 0, 0, 0, 0, 0, 0, 0, 0, 0, 0, 0, 0, 0, 1]	[0, 0, 0, 0, 0, 0, 0, 0, 0, 0, 0, 0, 0, 0, 0, 0, 0, 0, 0, 0, 0, 0, 0, 0, 0]	[0, 0, 0, 0, 0, 0, 0, 0, 0, 0, 0, 0, 0, 0, 0, 0, 0, 0, 0, 0, 0, 0, 0, 0, 0]	[0.00020179999410174787, 0.009912900015478954, 0.026438900007633492, 0.04306910000741482, 0.05968520001624711, 0.07638310000766069, 0.09300610001082532, 0.10983040000428446, 0.12640510001801886, 0.1431589999992866, 0.15968479998991825, 0.17646099999547005, 0.19327200000407174, 0.20962380000855774, 0.2261618000047747, 0.24271809999481775, 0.2597034999926109, 0.27667839999776334, 0.29290460000629537, 0.3100515000114683, 0.3262817999930121, 0.34310530000948347, 0.3596282000071369, 0.3761295000149403, 0.3930555999977514]	158.0	285.0	1.0	5a
463	12	go_only	0	18	6	go	click	[43.0, 43.0, 61.0, 124.0, 162.0, 198.0, 228.0, 253.0, 268.0, 275.0, 275.0, 275.0, 275.0, 275.0, 275.0, 275.0, 275.0, 274.0, 269.0, 260.0, 245.0, 230.0, 225.0, 223.0, 222.0, 222.0, 222.0]	[-263.0, -263.0, -213.0, -47.0, 42.0, 116.0, 174.0, 221.0, 252.0, 268.0, 274.0, 276.0, 277.0, 277.0, 277.0, 277.0, 277.0, 277.0, 276.0, 272.0, 270.0, 270.0, 272.0, 273.0, 274.0, 275.0, 275.0]	[0, 0, 0, 0, 0, 0, 0, 0, 0, 0, 0, 0, 0, 0, 0, 0, 0, 0, 0, 0, 0, 0, 0, 0, 0, 0, 1]	[0, 0, 0, 0, 0, 0, 0, 0, 0, 0, 0, 0, 0, 0, 0, 0, 0, 0, 0, 0, 0, 0, 0, 0, 0, 0, 0]	[0, 0, 0, 0, 0, 0, 0, 0, 0, 0, 0, 0, 0, 0, 0, 0, 0, 0, 0, 0, 0, 0, 0, 0, 0, 0, 0]	[0.0004288000054657459, 0.008524500008206815, 0.025238000001991168, 0.04171320001478307, 0.05845690000569448, 0.07504370002425276, 0.09228209999855608, 0.10826860001543537, 0.1249007000005804, 0.14192090000142343, 0.15814910002518445, 0.17501370000536554, 0.19138000000384636, 0.208134800021071, 0.22473000001627952, 0.2413961999991443, 0.25808390000020154, 0.27512690000003204, 0.2916294000169728, 0.30858410001383163, 0.32528270001057535, 0.34156240001902916, 0.35862040001666173, 0.37476730000344105, 0.3916672000195831, 0.40815100001054816, 0.42508890002500266]	222.0	275.0	0.9	5a
464	12	go_only	0	18	6	go	click	[59.0, 59.0, 76.0, 115.0, 147.0, 155.0, 178.0, 188.0, 193.0, 193.0, 193.0, 193.0, 195.0, 197.0, 201.0, 202.0, 202.0, 202.0, 202.0, 202.0, 202.0]	[-158.0, -158.0, -97.0, 29.0, 162.0, 187.0, 248.0, 270.0, 278.0, 281.0, 281.0, 281.0, 285.0, 296.0, 304.0, 305.0, 306.0, 306.0, 306.0, 306.0, 306.0]	[0, 0, 0, 0, 0, 0, 0, 0, 0, 0, 0, 0, 0, 0, 0, 0, 0, 0, 0, 0, 1]	[0, 0, 0, 0, 0, 0, 0, 0, 0, 0, 0, 0, 0, 0, 0, 0, 0, 0, 0, 0, 0]	[0, 0, 0, 0, 0, 0, 0, 0, 0, 0, 0, 0, 0, 0, 0, 0, 0, 0, 0, 0, 0]	[0.0004124999977648258, 0.01128229999449104, 0.027988199988612905, 0.044577699998626485, 0.061062199994921684, 0.07793039997341111, 0.09521079997648485, 0.11113279999699444, 0.1282121999829542, 0.14427009999053553, 0.16086959998938255, 0.17777359997853637, 0.19442079999134876, 0.21114939998369664, 0.22772129997611046, 0.2444072999933269, 0.26100399999995716, 0.2774661000003107, 0.29431149997981265, 0.31076549997669645, 0.3274418999790214]	202.0	306.0	0.6	5a
465	12	go_only	0	18	7	go	click	[71.0, 71.0, 98.0, 140.0, 172.0, 189.0, 197.0, 198.0, 199.0, 201.0, 202.0, 202.0, 202.0, 203.0, 206.0, 207.0, 207.0, 205.0, 204.0, 204.0, 204.0]	[-146.0, -146.0, -76.0, 55.0, 161.0, 218.0, 245.0, 260.0, 267.0, 270.0, 271.0, 271.0, 271.0, 273.0, 282.0, 295.0, 303.0, 305.0, 305.0, 305.0, 305.0]	[0, 0, 0, 0, 0, 0, 0, 0, 0, 0, 0, 0, 0, 0, 0, 0, 0, 0, 0, 0, 1]	[0, 0, 0, 0, 0, 0, 0, 0, 0, 0, 0, 0, 0, 0, 0, 0, 0, 0, 0, 0, 0]	[0, 0, 0, 0, 0, 0, 0, 0, 0, 0, 0, 0, 0, 0, 0, 0, 0, 0, 0, 0, 0]	[0.00042940001003444195, 0.008008600008906797, 0.024441099987598136, 0.0413057999976445, 0.05795129999751225, 0.07520699998713098, 0.09152769998763688, 0.1077606999897398, 0.1245416000019759, 0.14096869999775663, 0.1575682999973651, 0.17420569999376312, 0.19103260000701994, 0.2079471999895759, 0.22469400000409223, 0.24138329998822883, 0.2581007000117097, 0.2745437999838032, 0.29088310000952333, 0.30767710000509396, 0.32466179999755695]	204.0	305.0	0.7	5a
466	12	go_only	0	18	4	go	click	[84.0, 98.0, 109.0, 133.0, 152.0, 163.0, 168.0, 173.0, 176.0, 177.0, 177.0, 177.0, 177.0, 177.0, 177.0, 178.0, 178.0, 178.0, 178.0, 178.0, 178.0]	[-167.0, -95.0, -35.0, 73.0, 161.0, 235.0, 277.0, 304.0, 317.0, 319.0, 320.0, 320.0, 320.0, 320.0, 320.0, 319.0, 315.0, 314.0, 314.0, 314.0, 314.0]	[0, 0, 0, 0, 0, 0, 0, 0, 0, 0, 0, 0, 0, 0, 0, 0, 0, 0, 0, 0, 1]	[0, 0, 0, 0, 0, 0, 0, 0, 0, 0, 0, 0, 0, 0, 0, 0, 0, 0, 0, 0, 0]	[0, 0, 0, 0, 0, 0, 0, 0, 0, 0, 0, 0, 0, 0, 0, 0, 0, 0, 0, 0, 0]	[0.000520200002938509, 0.008367700007511303, 0.025939099985407665, 0.041642900003353134, 0.0583825999929104, 0.07486639998387545, 0.09156989998882636, 0.10827679999056272, 0.12493930000346154, 0.1415121000027284, 0.15797179998480715, 0.1747771999798715, 0.19131029999698512, 0.20805610000388697, 0.2246249000017997, 0.24212189999525435, 0.25823659999878146, 0.2748305999848526, 0.2913179000024684, 0.308029899984831, 0.3250433999928646]	178.0	314.0	0.6	5a
467	12	go_only	0	18	3	go	click	[65.0, 65.0, 84.0, 129.0, 154.0, 162.0, 170.0, 177.0, 185.0, 191.0, 195.0, 196.0, 197.0, 198.0, 198.0, 198.0, 198.0, 198.0, 198.0, 198.0, 198.0, 198.0, 198.0, 198.0]	[-222.0, -222.0, -164.0, -44.0, 45.0, 114.0, 190.0, 217.0, 235.0, 246.0, 251.0, 252.0, 254.0, 255.0, 256.0, 256.0, 256.0, 256.0, 256.0, 256.0, 256.0, 256.0, 256.0, 256.0]	[0, 0, 0, 0, 0, 0, 0, 0, 0, 0, 0, 0, 0, 0, 0, 0, 0, 0, 0, 0, 0, 0, 0, 1]	[0, 0, 0, 0, 0, 0, 0, 0, 0, 0, 0, 0, 0, 0, 0, 0, 0, 0, 0, 0, 0, 0, 0, 0]	[0, 0, 0, 0, 0, 0, 0, 0, 0, 0, 0, 0, 0, 0, 0, 0, 0, 0, 0, 0, 0, 0, 0, 0]	[0.00033599999733269215, 0.008218899980420247, 0.024916599999414757, 0.041390999977011234, 0.05807149998145178, 0.0748660999815911, 0.0914164999849163, 0.10841249997611158, 0.12527829999453388, 0.14151059999130666, 0.1580400999810081, 0.17495449999114498, 0.191297699988354, 0.20801770000252873, 0.22454319999087602, 0.2410723999782931, 0.25785439999890514, 0.27440070000011474, 0.29108899997663684, 0.3077993000042625, 0.32434550000471063, 0.34099979998427443, 0.35790020000422373, 0.37482649998855777]	198.0	257.0	0.7	5a
468	12	go_only	0	18	7	go	click	[143.0, 143.0, 175.0, 225.0, 264.0, 287.0, 297.0, 299.0, 299.0, 298.0, 295.0, 295.0, 292.0, 288.0, 280.0, 268.0, 253.0, 245.0, 243.0, 242.0, 241.0, 240.0, 240.0, 240.0]	[-115.0, -115.0, -44.0, 96.0, 200.0, 246.0, 268.0, 274.0, 276.0, 277.0, 277.0, 277.0, 277.0, 277.0, 277.0, 276.0, 274.0, 273.0, 273.0, 277.0, 280.0, 283.0, 283.0, 283.0]	[0, 0, 0, 0, 0, 0, 0, 0, 0, 0, 0, 0, 0, 0, 0, 0, 0, 0, 0, 0, 0, 0, 0, 1]	[0, 0, 0, 0, 0, 0, 0, 0, 0, 0, 0, 0, 0, 0, 0, 0, 0, 0, 0, 0, 0, 0, 0, 0]	[0, 0, 0, 0, 0, 0, 0, 0, 0, 0, 0, 0, 0, 0, 0, 0, 0, 0, 0, 0, 0, 0, 0, 0]	[0.0007928999839350581, 0.007817199977580458, 0.025085600005695596, 0.04154239999479614, 0.0579602999787312, 0.07471839999197982, 0.0912139999854844, 0.10791729998891242, 0.12489179999101907, 0.14143049999256618, 0.1577736999897752, 0.17490719998022541, 0.19133919998421334, 0.20810659998096526, 0.2245346999843605, 0.24157159999595024, 0.2578060999803711, 0.27462959999684244, 0.29131739999866113, 0.3077733999816701, 0.32458389998646453, 0.3411066999833565, 0.35763260000385344, 0.375330099981511]	240.0	283.0	1.0	5a
469	13	go_nogo	0	60	1	nogo	none	[128.0, 128.0, 146.0, 188.0, 226.0, 258.0, 287.0, 296.0, 297.0, 297.0, 297.0, 297.0, 296.0, 296.0, 296.0, 293.0, 285.0, 271.0, 251.0, 230.0, 209.0, 196.0, 180.0, 173.0, 171.0, 171.0, 171.0, 171.0, 171.0, 171.0, 171.0, 171.0, 171.0, 171.0, 171.0, 171.0, 171.0, 171.0, 171.0, 171.0, 171.0, 171.0, 171.0, 171.0, 171.0, 171.0, 171.0, 171.0, 171.0, 171.0, 171.0, 171.0, 171.0, 171.0, 171.0, 171.0, 171.0, 171.0, 171.0, 171.0, 171.0, 171.0, 171.0, 171.0, 171.0, 171.0, 171.0, 171.0, 171.0, 171.0, 171.0, 170.0, 169.0, 167.0, 164.0, 162.0, 160.0, 156.0, 147.0, 133.0, 118.0, 108.0, 100.0, 93.0, 85.0, 77.0, 74.0, 71.0, 70.0, 68.0, 66.0, 63.0]	[-115.0, -115.0, -61.0, 36.0, 121.0, 205.0, 284.0, 323.0, 341.0, 346.0, 347.0, 347.0, 347.0, 347.0, 347.0, 347.0, 348.0, 348.0, 348.0, 345.0, 342.0, 336.0, 329.0, 325.0, 323.0, 323.0, 323.0, 323.0, 322.0, 322.0, 321.0, 321.0, 321.0, 321.0, 321.0, 321.0, 321.0, 321.0, 320.0, 318.0, 317.0, 316.0, 316.0, 316.0, 316.0, 316.0, 316.0, 316.0, 316.0, 316.0, 316.0, 316.0, 316.0, 316.0, 316.0, 316.0, 316.0, 316.0, 316.0, 316.0, 316.0, 316.0, 316.0, 316.0, 316.0, 316.0, 316.0, 316.0, 316.0, 316.0, 316.0, 308.0, 272.0, 248.0, 229.0, 220.0, 209.0, 184.0, 135.0, 60.0, -8.0, -62.0, -112.0, -155.0, -213.0, -244.0, -264.0, -277.0, -286.0, -296.0, -305.0, -316.0]	[0, 0, 0, 0, 0, 0, 0, 0, 0, 0, 0, 0, 0, 0, 0, 0, 0, 0, 0, 0, 0, 0, 0, 0, 0, 0, 0, 0, 0, 0, 0, 0, 0, 0, 0, 0, 0, 0, 0, 0, 0, 0, 0, 0, 0, 0, 0, 0, 0, 0, 0, 0, 0, 0, 0, 0, 0, 0, 0, 0, 0, 0, 0, 0, 0, 0, 0, 0, 0, 0, 0, 0, 0, 0, 0, 0, 0, 0, 0, 0, 0, 0, 0, 0, 0, 0, 0, 0, 0, 0, 0, 0]	[0, 0, 0, 0, 0, 0, 0, 0, 0, 0, 0, 0, 0, 0, 0, 0, 0, 0, 0, 0, 0, 0, 0, 0, 0, 0, 0, 0, 0, 0, 0, 0, 0, 0, 0, 0, 0, 0, 0, 0, 0, 0, 0, 0, 0, 0, 0, 0, 0, 0, 0, 0, 0, 0, 0, 0, 0, 0, 0, 0, 0, 0, 0, 0, 0, 0, 0, 0, 0, 0, 0, 0, 0, 0, 0, 0, 0, 0, 0, 0, 0, 0, 0, 0, 0, 0, 0, 0, 0, 0, 0, 0]	[0, 0, 0, 0, 0, 0, 0, 0, 0, 0, 0, 0, 0, 0, 0, 0, 0, 0, 0, 0, 0, 0, 0, 0, 0, 0, 0, 0, 0, 0, 0, 0, 0, 0, 0, 0, 0, 0, 0, 0, 0, 0, 0, 0, 0, 0, 0, 0, 0, 0, 0, 0, 0, 0, 0, 0, 0, 0, 0, 0, 0, 0, 0, 0, 0, 0, 0, 0, 0, 0, 0, 0, 0, 0, 0, 0, 0, 0, 0, 0, 0, 0, 0, 0, 0, 0, 0, 0, 0, 0, 0, 0]	[0.0004296999832149595, 0.0076865000010002404, 0.02466110000386834, 0.041531399998348206, 0.05766699998639524, 0.07425239999429323, 0.09099470000364818, 0.10785079997731373, 0.12431819998892024, 0.14125610000337474, 0.15748939997865818, 0.17441119998693466, 0.19105539997690357, 0.20768900000257418, 0.2243276999797672, 0.24094289998174645, 0.2579362999822479, 0.2743655999947805, 0.29114749998552725, 0.3076813999796286, 0.32440589999896474, 0.34098720000474714, 0.35765059999539517, 0.37441109999781474, 0.39089989999774843, 0.4076201999851037, 0.4242610999790486, 0.441380999982357, 0.4573406999988947, 0.47448269999586046, 0.49074039998231456, 0.5073706999828573, 0.5240361999894958, 0.540669899986824, 0.5573342999850865, 0.5739658999955282, 0.590660999994725, 0.6076126999978442, 0.6243026999873109, 0.6411663999897428, 0.6578642999811564, 0.6741973999887705, 0.6908410000032745, 0.7073513999930583, 0.7243801000004169, 0.7406061999790836, 0.757351899985224, 0.7740578999801073, 0.790445799997542, 0.8071433999866713, 0.8239554000028875, 0.8403988999780267, 0.857193699979689, 0.8738290999899618, 0.8905678000010084, 0.9072693999914918, 0.9240774999780115, 0.9405107999918982, 0.9571287999860942, 0.973817499994766, 0.9904721999773756, 1.0070731999876443, 1.0237430999986827, 1.0405988999991678, 1.0570996000024024, 1.073750999988988, 1.0904675999772735, 1.107075599982636, 1.1237072999938391, 1.1406316999928094, 1.157226899988018, 1.1743267999845557, 1.1909465999924578, 1.2073894999921322, 1.224004399991827, 1.2405648999847472, 1.2571390999946743, 1.2740588999877218, 1.2905559999926481, 1.3072961999860127, 1.3239421999896877, 1.3405528999865055, 1.3573995000042487, 1.3740035999799147, 1.3907288999762386, 1.4072963999933563, 1.4238225999870338, 1.4405435999797191, 1.4571403999871109, 1.473835099983262, 1.4904058999964036, 1.5072119999967981]	n/a	n/a	1.0	5a
470	13	go_nogo	0	60	2	go	click	[64.0, 64.0, 95.0, 150.0, 192.0, 219.0, 238.0, 246.0, 248.0, 248.0, 248.0, 248.0, 248.0, 248.0, 245.0, 240.0, 234.0, 228.0, 218.0, 212.0, 210.0, 210.0, 210.0, 210.0, 209.0, 209.0, 209.0]	[-196.0, -196.0, -110.0, 65.0, 218.0, 339.0, 415.0, 450.0, 467.0, 467.0, 467.0, 467.0, 467.0, 467.0, 458.0, 445.0, 428.0, 405.0, 366.0, 341.0, 326.0, 323.0, 323.0, 323.0, 323.0, 323.0, 323.0]	[0, 0, 0, 0, 0, 0, 0, 0, 0, 0, 0, 0, 0, 0, 0, 0, 0, 0, 0, 0, 0, 0, 0, 0, 0, 0, 1]	[0, 0, 0, 0, 0, 0, 0, 0, 0, 0, 0, 0, 0, 0, 0, 0, 0, 0, 0, 0, 0, 0, 0, 0, 0, 0, 0]	[0, 0, 0, 0, 0, 0, 0, 0, 0, 0, 0, 0, 0, 0, 0, 0, 0, 0, 0, 0, 0, 0, 0, 0, 0, 0, 0]	[0.0003487000067252666, 0.008147700020344928, 0.02503620000788942, 0.04146230002515949, 0.058253100025467575, 0.07492750001256354, 0.09158890001708642, 0.10852490001707338, 0.12487240001792088, 0.1413075000164099, 0.15797950001433492, 0.17489790002582595, 0.19137210000189953, 0.20812260001548566, 0.22503080000751652, 0.2415653000061866, 0.2582989000075031, 0.27499910001643, 0.29178160001174547, 0.308136600011494, 0.3249528000014834, 0.34134260000428185, 0.3580694000120275, 0.37478110002120957, 0.3916525000240654, 0.4077910000050906, 0.42497459999867715]	209.0	323.0	0.8	5a
471	13	go_nogo	0	60	7	go	click	[106.0, 106.0, 157.0, 198.0, 226.0, 239.0, 244.0, 245.0, 245.0, 245.0, 245.0, 245.0, 244.0, 239.0, 239.0, 239.0, 239.0, 239.0, 237.0, 234.0, 233.0, 233.0, 233.0, 233.0, 233.0, 233.0, 233.0, 233.0, 233.0, 233.0]	[-169.0, -169.0, -36.0, 75.0, 169.0, 229.0, 255.0, 266.0, 271.0, 275.0, 279.0, 285.0, 298.0, 323.0, 325.0, 325.0, 325.0, 325.0, 322.0, 317.0, 315.0, 315.0, 315.0, 315.0, 315.0, 315.0, 315.0, 315.0, 315.0, 315.0]	[0, 0, 0, 0, 0, 0, 0, 0, 0, 0, 0, 0, 0, 0, 0, 0, 0, 0, 0, 0, 0, 0, 0, 0, 0, 0, 0, 0, 0, 1]	[0, 0, 0, 0, 0, 0, 0, 0, 0, 0, 0, 0, 0, 0, 0, 0, 0, 0, 0, 0, 0, 0, 0, 0, 0, 0, 0, 0, 0, 0]	[0, 0, 0, 0, 0, 0, 0, 0, 0, 0, 0, 0, 0, 0, 0, 0, 0, 0, 0, 0, 0, 0, 0, 0, 0, 0, 0, 0, 0, 0]	[0.00020119998953305185, 0.009021799982292578, 0.02586899997550063, 0.04236779999337159, 0.05895899998722598, 0.07568339997669682, 0.09236109998892061, 0.10899499998777173, 0.12561669998103753, 0.14228369999909773, 0.1589662999904249, 0.1755436999956146, 0.19233269998221658, 0.20913169998675585, 0.22544519999064505, 0.24204919999465346, 0.25882809999166057, 0.2755289999768138, 0.29229579999810085, 0.3089427999802865, 0.3255263000028208, 0.34222869999939576, 0.35859180000261404, 0.3753553999995347, 0.3919887999945786, 0.4086822999815922, 0.4252538000000641, 0.4419859999907203, 0.45857829999295063, 0.4754254999861587]	233.0	315.0	0.8	5a
472	13	go_nogo	0	60	3	go	click	[91.0, 91.0, 116.0, 164.0, 202.0, 230.0, 245.0, 250.0, 253.0, 253.0, 253.0, 253.0, 253.0, 253.0, 253.0, 251.0, 247.0, 243.0, 239.0, 233.0, 227.0, 222.0, 215.0, 211.0, 208.0, 207.0, 207.0, 207.0, 207.0, 207.0, 207.0, 207.0, 207.0, 207.0]	[-173.0, -173.0, -114.0, -12.0, 73.0, 148.0, 213.0, 245.0, 261.0, 262.0, 262.0, 262.0, 262.0, 262.0, 262.0, 263.0, 267.0, 270.0, 274.0, 276.0, 278.0, 282.0, 286.0, 291.0, 294.0, 294.0, 294.0, 294.0, 294.0, 294.0, 294.0, 294.0, 294.0, 294.0]	[0, 0, 0, 0, 0, 0, 0, 0, 0, 0, 0, 0, 0, 0, 0, 0, 0, 0, 0, 0, 0, 0, 0, 0, 0, 0, 0, 0, 0, 0, 0, 0, 0, 1]	[0, 0, 0, 0, 0, 0, 0, 0, 0, 0, 0, 0, 0, 0, 0, 0, 0, 0, 0, 0, 0, 0, 0, 0, 0, 0, 0, 0, 0, 0, 0, 0, 0, 0]	[0, 0, 0, 0, 0, 0, 0, 0, 0, 0, 0, 0, 0, 0, 0, 0, 0, 0, 0, 0, 0, 0, 0, 0, 0, 0, 0, 0, 0, 0, 0, 0, 0, 0]	[0.0004293000092729926, 0.008853900013491511, 0.025537300010910258, 0.04265409999061376, 0.05889049998950213, 0.07562280001002364, 0.09220710000954568, 0.10888990000239573, 0.1256514000124298, 0.14195650001056492, 0.15854090001084842, 0.17526879999786615, 0.19217210001079366, 0.2085713999986183, 0.22552909998921677, 0.24223969999002293, 0.25920460000634193, 0.27548149999347515, 0.292331100004958, 0.3089908999972977, 0.32559250001213513, 0.34240580000914633, 0.3586891999875661, 0.3758990000060294, 0.3920217000122648, 0.40869899999233894, 0.4252324000117369, 0.4418835999967996, 0.45848979998845607, 0.47514540000702254, 0.4918375000124797, 0.5086276000074577, 0.525135500007309, 0.5419750000000931]	207.0	294.0	0.7	5a
473	13	go_nogo	0	60	9	nogo	none	[113.0, 113.0, 149.0, 231.0, 267.0, 286.0, 291.0, 292.0, 292.0, 292.0, 292.0, 291.0, 286.0, 281.0, 277.0, 274.0, 269.0, 266.0, 261.0, 251.0, 239.0, 230.0, 227.0, 227.0, 227.0, 227.0, 227.0, 227.0, 227.0, 227.0, 227.0, 227.0, 227.0, 227.0, 227.0, 227.0, 227.0, 227.0, 227.0, 227.0, 227.0, 227.0, 227.0, 227.0, 227.0, 227.0, 227.0, 227.0, 227.0, 227.0, 227.0, 227.0, 227.0, 227.0, 227.0, 227.0, 227.0, 227.0, 227.0, 227.0, 227.0, 227.0, 227.0, 227.0, 227.0, 227.0]	[-119.0, -119.0, -40.0, 171.0, 263.0, 325.0, 355.0, 372.0, 376.0, 376.0, 376.0, 373.0, 361.0, 354.0, 352.0, 351.0, 347.0, 340.0, 332.0, 316.0, 300.0, 291.0, 288.0, 287.0, 287.0, 287.0, 287.0, 287.0, 287.0, 287.0, 287.0, 287.0, 287.0, 287.0, 287.0, 287.0, 287.0, 287.0, 287.0, 287.0, 287.0, 287.0, 287.0, 287.0, 287.0, 287.0, 287.0, 287.0, 287.0, 287.0, 287.0, 287.0, 287.0, 287.0, 287.0, 287.0, 287.0, 287.0, 287.0, 287.0, 287.0, 287.0, 287.0, 287.0, 287.0, 287.0]	[0, 0, 0, 0, 0, 0, 0, 0, 0, 0, 0, 0, 0, 0, 0, 0, 0, 0, 0, 0, 0, 0, 0, 0, 0, 0, 0, 0, 0, 0, 0, 0, 0, 0, 0, 0, 0, 0, 0, 0, 0, 0, 0, 0, 0, 0, 0, 0, 0, 0, 0, 0, 0, 0, 0, 0, 0, 0, 0, 0, 0, 0, 0, 0, 0, 0]	[0, 0, 0, 0, 0, 0, 0, 0, 0, 0, 0, 0, 0, 0, 0, 0, 0, 0, 0, 0, 0, 0, 0, 0, 0, 0, 0, 0, 0, 0, 0, 0, 0, 0, 0, 0, 0, 0, 0, 0, 0, 0, 0, 0, 0, 0, 0, 0, 0, 0, 0, 0, 0, 0, 0, 0, 0, 0, 0, 0, 0, 0, 0, 0, 0, 0]	[0, 0, 0, 0, 0, 0, 0, 0, 0, 0, 0, 0, 0, 0, 0, 0, 0, 0, 0, 0, 0, 0, 0, 0, 0, 0, 0, 0, 0, 0, 0, 0, 0, 0, 0, 0, 0, 0, 0, 0, 0, 0, 0, 0, 0, 0, 0, 0, 0, 0, 0, 0, 0, 0, 0, 0, 0, 0, 0, 0, 0, 0, 0, 0, 0, 0]	[0.0003941000031773001, 0.007829100009985268, 0.02482010002131574, 0.04132940000272356, 0.05804190001799725, 0.07548580001457594, 0.09128410002449527, 0.10801930000889115, 0.12434820001362823, 0.14095550001366064, 0.15797150001162663, 0.174678400013363, 0.19135540002025664, 0.2078689000045415, 0.2248363000107929, 0.24120870002661832, 0.25833950002561323, 0.2745230000000447, 0.2916865000152029, 0.30788860001484863, 0.32450870002503507, 0.3411594000062905, 0.35798860000795685, 0.3744615000032354, 0.39123100001597777, 0.40781160001643, 0.424147300014738, 0.44106969999847934, 0.4576995000243187, 0.4741618000261951, 0.49101690002135, 0.5075209000206087, 0.524282200000016, 0.5408207000000402, 0.5575151000230107, 0.5741611000266857, 0.5908351000107359, 0.6074120000121184, 0.6240689000114799, 0.6408265000209212, 0.6574026000162121, 0.6741158000077121, 0.690843100019265, 0.7074198000191245, 0.7243154000025243, 0.7409989000007045, 0.7573912000225391, 0.7740639000257943, 0.790729200001806, 0.8073764000146184, 0.824063500011107, 0.8407326000160538, 0.8575546000211034, 0.8740396000212058, 0.8906872000079602, 0.9073218000121415, 0.9236597999988589, 0.940711300005205, 0.957312800019281, 0.9739805000135675, 0.9906621999980416, 1.0072332000127062, 1.0239097000157926, 1.040642800013302, 1.05739370000083, 1.0740338000177871]	n/a	n/a	0.6	5a
474	13	go_nogo	0	60	6	go	click	[70.0, 70.0, 85.0, 115.0, 150.0, 169.0, 179.0, 185.0, 187.0, 187.0, 188.0, 191.0, 197.0, 201.0, 201.0, 201.0, 201.0, 201.0, 200.0, 198.0, 198.0, 198.0, 198.0, 198.0, 198.0, 198.0, 198.0, 198.0, 198.0, 198.0, 198.0, 198.0, 198.0, 198.0, 198.0, 198.0, 198.0, 198.0, 198.0, 198.0, 198.0, 198.0, 198.0, 198.0, 198.0, 198.0, 198.0, 198.0, 198.0, 198.0, 198.0, 198.0, 198.0, 198.0, 198.0, 198.0, 198.0, 198.0, 198.0, 198.0]	[-223.0, -223.0, -177.0, -64.0, 108.0, 192.0, 225.0, 242.0, 249.0, 252.0, 259.0, 278.0, 297.0, 307.0, 308.0, 308.0, 308.0, 301.0, 293.0, 291.0, 290.0, 290.0, 290.0, 290.0, 290.0, 290.0, 290.0, 290.0, 290.0, 290.0, 290.0, 290.0, 290.0, 290.0, 290.0, 290.0, 290.0, 290.0, 290.0, 290.0, 290.0, 290.0, 290.0, 290.0, 290.0, 290.0, 290.0, 290.0, 290.0, 290.0, 290.0, 290.0, 290.0, 290.0, 290.0, 290.0, 290.0, 290.0, 290.0, 290.0]	[0, 0, 0, 0, 0, 0, 0, 0, 0, 0, 0, 0, 0, 0, 0, 0, 0, 0, 0, 0, 0, 0, 0, 0, 0, 0, 0, 0, 0, 0, 0, 0, 0, 0, 0, 0, 0, 0, 0, 0, 0, 0, 0, 0, 0, 0, 0, 0, 0, 0, 0, 0, 0, 0, 0, 0, 0, 0, 0, 1]	[0, 0, 0, 0, 0, 0, 0, 0, 0, 0, 0, 0, 0, 0, 0, 0, 0, 0, 0, 0, 0, 0, 0, 0, 0, 0, 0, 0, 0, 0, 0, 0, 0, 0, 0, 0, 0, 0, 0, 0, 0, 0, 0, 0, 0, 0, 0, 0, 0, 0, 0, 0, 0, 0, 0, 0, 0, 0, 0, 0]	[0, 0, 0, 0, 0, 0, 0, 0, 0, 0, 0, 0, 0, 0, 0, 0, 0, 0, 0, 0, 0, 0, 0, 0, 0, 0, 0, 0, 0, 0, 0, 0, 0, 0, 0, 0, 0, 0, 0, 0, 0, 0, 0, 0, 0, 0, 0, 0, 0, 0, 0, 0, 0, 0, 0, 0, 0, 0, 0, 0]	[0.00034539998159743845, 0.00805259999469854, 0.024913999979617074, 0.04160919997957535, 0.05831299998681061, 0.07521889999043196, 0.09168769998359494, 0.10817940000561066, 0.12480439999490045, 0.141882900003111, 0.15805709999403916, 0.1747525999962818, 0.1914851999899838, 0.20839909999631345, 0.22470049999537878, 0.24137780000455678, 0.2580877000000328, 0.27527009998448193, 0.29166909999912605, 0.30809299999964423, 0.32467829997767694, 0.3412166000052821, 0.35796019999543205, 0.37460929999360815, 0.3911888999864459, 0.4078879999869969, 0.4245113999932073, 0.44124709998141043, 0.459103100001812, 0.4745165999920573, 0.49138500000117347, 0.5078307999938261, 0.5245301999966614, 0.5412175999954343, 0.5579164999944624, 0.5746122999989893, 0.5912220999889541, 0.6079752999939956, 0.6248202999995556, 0.6410960999783128, 0.6578149999841116, 0.6746428000042215, 0.6913750999956392, 0.70779339998262, 0.7244537999795284, 0.7412245000014082, 0.7580153000017162, 0.7746785999916028, 0.7911310000054073, 0.8077864999941085, 0.8246389999985695, 0.8410585999954492, 0.8577933000051416, 0.8743965000030585, 0.891102099994896, 0.9076715999981388, 0.9246130999817979, 0.9411456999951042, 0.9579435999912675, 0.9747841999924276]	198.0	290.0	0.7	5a
475	13	go_nogo	0	60	7	go	click	[11.0, 11.0, 14.0, 29.0, 49.0, 76.0, 109.0, 131.0, 140.0, 144.0, 145.0, 145.0, 145.0, 145.0, 145.0, 145.0, 145.0, 145.0, 145.0, 145.0, 145.0, 148.0, 153.0, 159.0, 162.0, 167.0, 173.0, 176.0, 181.0, 182.0]	[-266.0, -266.0, -243.0, -179.0, -100.0, -14.0, 77.0, 126.0, 155.0, 166.0, 170.0, 170.0, 170.0, 170.0, 170.0, 170.0, 170.0, 170.0, 170.0, 170.0, 170.0, 180.0, 194.0, 207.0, 217.0, 229.0, 240.0, 252.0, 262.0, 265.0]	[0, 0, 0, 0, 0, 0, 0, 0, 0, 0, 0, 0, 0, 0, 0, 0, 0, 0, 0, 0, 0, 0, 0, 0, 0, 0, 0, 0, 0, 1]	[0, 0, 0, 0, 0, 0, 0, 0, 0, 0, 0, 0, 0, 0, 0, 0, 0, 0, 0, 0, 0, 0, 0, 0, 0, 0, 0, 0, 0, 0]	[0, 0, 0, 0, 0, 0, 0, 0, 0, 0, 0, 0, 0, 0, 0, 0, 0, 0, 0, 0, 0, 0, 0, 0, 0, 0, 0, 0, 0, 0]	[0.0004408999811857939, 0.007907999999588355, 0.024627999984659255, 0.04115319999982603, 0.0578889999887906, 0.07462149998173118, 0.09111680000205524, 0.10819129997980781, 0.12441049999324605, 0.14135459999670275, 0.15752509998856112, 0.17417099999147467, 0.1907968999876175, 0.20747779999510385, 0.2242314999748487, 0.24079989999881946, 0.2574731999775395, 0.27407929999753833, 0.29087040000013076, 0.3074551999743562, 0.32458269997732714, 0.34096459997817874, 0.357965899980627, 0.37423499999567866, 0.3910153999750037, 0.40797919998294674, 0.4244641999830492, 0.4410030999861192, 0.45767659999546595, 0.47453229999518953]	182.0	265.0	0.9	5a
476	13	go_nogo	0	60	9	nogo	none	[72.0, 72.0, 87.0, 127.0, 172.0, 213.0, 237.0, 248.0, 251.0, 251.0, 251.0, 251.0, 251.0, 250.0, 250.0, 250.0, 250.0, 250.0, 248.0, 246.0, 239.0, 232.0, 223.0, 218.0, 217.0, 217.0, 217.0, 217.0, 217.0, 217.0, 217.0, 217.0, 217.0, 217.0, 217.0, 217.0, 217.0, 217.0, 217.0, 217.0, 217.0, 217.0, 217.0, 217.0, 217.0, 217.0, 217.0, 217.0, 217.0, 217.0, 217.0, 217.0, 217.0, 217.0, 217.0, 217.0, 217.0, 217.0, 217.0, 217.0, 217.0, 217.0, 217.0, 217.0, 217.0, 217.0, 217.0, 217.0]	[-184.0, -184.0, -134.0, -30.0, 90.0, 201.0, 287.0, 322.0, 336.0, 340.0, 341.0, 343.0, 345.0, 348.0, 349.0, 349.0, 349.0, 349.0, 349.0, 349.0, 349.0, 345.0, 337.0, 332.0, 330.0, 330.0, 330.0, 330.0, 330.0, 330.0, 330.0, 330.0, 330.0, 330.0, 330.0, 330.0, 330.0, 330.0, 330.0, 330.0, 330.0, 330.0, 330.0, 330.0, 330.0, 330.0, 330.0, 330.0, 330.0, 330.0, 330.0, 330.0, 330.0, 330.0, 330.0, 330.0, 330.0, 330.0, 330.0, 330.0, 330.0, 330.0, 330.0, 330.0, 330.0, 330.0, 330.0, 330.0]	[0, 0, 0, 0, 0, 0, 0, 0, 0, 0, 0, 0, 0, 0, 0, 0, 0, 0, 0, 0, 0, 0, 0, 0, 0, 0, 0, 0, 0, 0, 0, 0, 0, 0, 0, 0, 0, 0, 0, 0, 0, 0, 0, 0, 0, 0, 0, 0, 0, 0, 0, 0, 0, 0, 0, 0, 0, 0, 0, 0, 0, 0, 0, 0, 0, 0, 0, 0]	[0, 0, 0, 0, 0, 0, 0, 0, 0, 0, 0, 0, 0, 0, 0, 0, 0, 0, 0, 0, 0, 0, 0, 0, 0, 0, 0, 0, 0, 0, 0, 0, 0, 0, 0, 0, 0, 0, 0, 0, 0, 0, 0, 0, 0, 0, 0, 0, 0, 0, 0, 0, 0, 0, 0, 0, 0, 0, 0, 0, 0, 0, 0, 0, 0, 0, 0, 0]	[0, 0, 0, 0, 0, 0, 0, 0, 0, 0, 0, 0, 0, 0, 0, 0, 0, 0, 0, 0, 0, 0, 0, 0, 0, 0, 0, 0, 0, 0, 0, 0, 0, 0, 0, 0, 0, 0, 0, 0, 0, 0, 0, 0, 0, 0, 0, 0, 0, 0, 0, 0, 0, 0, 0, 0, 0, 0, 0, 0, 0, 0, 0, 0, 0, 0, 0, 0]	[0.0003347999881953001, 0.007367699989117682, 0.02398709999397397, 0.04074289998970926, 0.0572874000063166, 0.07418590001179837, 0.09067780000623316, 0.10749270001542754, 0.12411480001173913, 0.14086280000628904, 0.15794110001297668, 0.17409730001236312, 0.19067380001069978, 0.20749639999121428, 0.22397300001466647, 0.24048340000445023, 0.2572875999903772, 0.2739640999934636, 0.290687100001378, 0.30733179999515414, 0.3239269999903627, 0.34061889999429695, 0.3576724999875296, 0.3743888000026345, 0.3905559999984689, 0.40699899999890476, 0.42371609999099746, 0.4403810999938287, 0.45697940001264215, 0.4738392000144813, 0.49036600001272745, 0.5071546999970451, 0.5235907000023872, 0.5404871999926399, 0.5569465000007767, 0.5737204999895766, 0.5903134999971371, 0.6069515999988653, 0.6237449999898672, 0.6403380999981891, 0.6573086999997031, 0.6735970000154339, 0.6902676000026986, 0.7069489000132307, 0.7236380999966059, 0.7402933000121266, 0.7569784999941476, 0.7736014999973122, 0.7902373000106309, 0.8070047000073828, 0.8236381000024267, 0.8401624000107404, 0.8568578000122216, 0.8735642000101507, 0.8901822000043467, 0.9068614999996498, 0.9235624000139069, 0.9403942000062671, 0.9568959999887738, 0.9737916000012774, 0.9901774000027217, 1.0068961000069976, 1.0234776000143029, 1.0402146000124048, 1.0568439000053331, 1.0735129000095185, 1.0900793999899179, 1.1067591999890283]	n/a	n/a	0.6	5a
477	13	go_nogo	0	60	7	go	click	[30.0, 46.0, 46.0, 95.0, 127.0, 150.0, 163.0, 175.0, 180.0, 186.0, 188.0, 188.0, 188.0, 188.0, 188.0, 189.0, 189.0, 189.0, 189.0, 189.0, 189.0, 189.0, 189.0, 189.0, 189.0]	[-253.0, -196.0, -196.0, -25.0, 81.0, 155.0, 204.0, 241.0, 268.0, 296.0, 315.0, 324.0, 327.0, 331.0, 339.0, 344.0, 346.0, 346.0, 346.0, 346.0, 346.0, 346.0, 346.0, 346.0, 346.0]	[0, 0, 0, 0, 0, 0, 0, 0, 0, 0, 0, 0, 0, 0, 0, 0, 0, 0, 0, 0, 0, 0, 0, 0, 1]	[0, 0, 0, 0, 0, 0, 0, 0, 0, 0, 0, 0, 0, 0, 0, 0, 0, 0, 0, 0, 0, 0, 0, 0, 0]	[0, 0, 0, 0, 0, 0, 0, 0, 0, 0, 0, 0, 0, 0, 0, 0, 0, 0, 0, 0, 0, 0, 0, 0, 0]	[0.00036959999124519527, 0.007287599990377203, 0.024334399990038946, 0.0415322000044398, 0.057693100010510534, 0.07444319999194704, 0.09098830001312308, 0.10766479998710565, 0.12457330001052469, 0.14093630001298152, 0.1576606000016909, 0.17443980000098236, 0.19108160000178032, 0.20769280000240542, 0.22439280000980943, 0.24110889999428764, 0.2572725999925751, 0.27401880000252277, 0.29061590001219884, 0.3073160999920219, 0.32402440000441857, 0.34054430000833236, 0.3573385000054259, 0.37394530000165105, 0.39123660000041127]	189.0	346.0	0.9	5a
478	13	go_nogo	0	60	4	go	click	[66.0, 66.0, 104.0, 163.0, 224.0, 271.0, 294.0, 301.0, 301.0, 301.0, 301.0, 301.0, 301.0, 301.0, 301.0, 301.0, 300.0, 290.0, 284.0, 277.0, 262.0, 243.0, 224.0, 218.0, 217.0, 217.0, 217.0, 217.0, 217.0]	[-235.0, -235.0, -142.0, -28.0, 80.0, 157.0, 192.0, 203.0, 205.0, 205.0, 205.0, 205.0, 205.0, 205.0, 205.0, 205.0, 205.0, 201.0, 200.0, 202.0, 223.0, 252.0, 278.0, 287.0, 287.0, 287.0, 287.0, 287.0, 287.0]	[0, 0, 0, 0, 0, 0, 0, 0, 0, 0, 0, 0, 0, 0, 0, 0, 0, 0, 0, 0, 0, 0, 0, 0, 0, 0, 0, 0, 1]	[0, 0, 0, 0, 0, 0, 0, 0, 0, 0, 0, 0, 0, 0, 0, 0, 0, 0, 0, 0, 0, 0, 0, 0, 0, 0, 0, 0, 0]	[0, 0, 0, 0, 0, 0, 0, 0, 0, 0, 0, 0, 0, 0, 0, 0, 0, 0, 0, 0, 0, 0, 0, 0, 0, 0, 0, 0, 0]	[0.00020519999088719487, 0.010228500002995133, 0.026653099979739636, 0.04313350000302307, 0.059733000001870096, 0.07643749998533167, 0.09306250000372529, 0.10997459999634884, 0.12620239998796023, 0.14301040000282228, 0.15951480000512674, 0.17619509997894056, 0.19292329999734648, 0.20949949999339879, 0.2261131999839563, 0.24311389998183586, 0.2602478000044357, 0.27629919999162666, 0.29300119998515584, 0.3099744999781251, 0.3264758999866899, 0.3430235999985598, 0.35973749999538995, 0.3764058999950066, 0.3927143999899272, 0.4096750000026077, 0.4260541999829002, 0.4427556000009645, 0.4599014999985229]	217.0	287.0	1.0	5a
479	13	go_nogo	0	60	3	go	click	[-5.0, -5.0, 8.0, 32.0, 54.0, 66.0, 73.0, 74.0, 76.0, 78.0, 79.0, 81.0, 89.0, 99.0, 107.0, 108.0, 109.0, 109.0, 111.0, 120.0, 128.0, 131.0, 133.0, 133.0, 133.0, 133.0, 135.0, 141.0, 146.0, 149.0, 150.0, 151.0, 153.0, 159.0, 162.0, 163.0]	[-139.0, -139.0, -79.0, 29.0, 110.0, 153.0, 188.0, 224.0, 260.0, 286.0, 295.0, 298.0, 301.0, 306.0, 311.0, 313.0, 313.0, 313.0, 311.0, 302.0, 296.0, 294.0, 293.0, 293.0, 293.0, 293.0, 293.0, 294.0, 297.0, 298.0, 300.0, 301.0, 304.0, 307.0, 308.0, 309.0]	[0, 0, 0, 0, 0, 0, 0, 0, 0, 0, 0, 0, 0, 0, 0, 0, 0, 0, 0, 0, 0, 0, 0, 0, 0, 0, 0, 0, 0, 0, 0, 0, 0, 0, 0, 1]	[0, 0, 0, 0, 0, 0, 0, 0, 0, 0, 0, 0, 0, 0, 0, 0, 0, 0, 0, 0, 0, 0, 0, 0, 0, 0, 0, 0, 0, 0, 0, 0, 0, 0, 0, 0]	[0, 0, 0, 0, 0, 0, 0, 0, 0, 0, 0, 0, 0, 0, 0, 0, 0, 0, 0, 0, 0, 0, 0, 0, 0, 0, 0, 0, 0, 0, 0, 0, 0, 0, 0, 0]	[0.00042650001705624163, 0.007112599996617064, 0.023663600004510954, 0.04058520001126453, 0.05711550000705756, 0.07370730000548065, 0.09050230000866577, 0.10720440000295639, 0.12373819999629632, 0.14033310001832433, 0.15714260001550429, 0.17389790000743233, 0.1904903000104241, 0.2076752000139095, 0.22378719999687746, 0.2403710999933537, 0.2567759999947157, 0.27354260001447983, 0.2902847999939695, 0.30709119999664836, 0.3237774000153877, 0.3403958000126295, 0.35672510002041236, 0.3735591000004206, 0.39007170000695623, 0.4069401000160724, 0.424196000007214, 0.4402025000017602, 0.4569693999947049, 0.4739408000023104, 0.49032209999859333, 0.5070288999995682, 0.523536900000181, 0.5404596000153106, 0.5569923000002746, 0.5734831000154372]	163.0	309.0	0.9	5a
480	13	go_nogo	0	60	6	go	click	[51.0, 51.0, 70.0, 113.0, 153.0, 189.0, 214.0, 229.0, 238.0, 241.0, 241.0, 241.0, 241.0, 241.0, 241.0, 241.0, 241.0, 241.0, 241.0, 241.0, 241.0, 241.0, 241.0, 241.0, 241.0, 241.0, 241.0, 241.0, 241.0]	[-219.0, -219.0, -162.0, -57.0, 51.0, 143.0, 214.0, 260.0, 283.0, 297.0, 298.0, 298.0, 298.0, 298.0, 298.0, 298.0, 298.0, 298.0, 298.0, 298.0, 298.0, 298.0, 298.0, 298.0, 298.0, 298.0, 298.0, 298.0, 298.0]	[0, 0, 0, 0, 0, 0, 0, 0, 0, 0, 0, 0, 0, 0, 0, 0, 0, 0, 0, 0, 0, 0, 0, 0, 0, 0, 0, 0, 1]	[0, 0, 0, 0, 0, 0, 0, 0, 0, 0, 0, 0, 0, 0, 0, 0, 0, 0, 0, 0, 0, 0, 0, 0, 0, 0, 0, 0, 0]	[0, 0, 0, 0, 0, 0, 0, 0, 0, 0, 0, 0, 0, 0, 0, 0, 0, 0, 0, 0, 0, 0, 0, 0, 0, 0, 0, 0, 0]	[0.0003541000187397003, 0.008652999997138977, 0.02525710000190884, 0.04158030002145097, 0.05824159999610856, 0.07491389999631792, 0.09187630002270453, 0.1082557000045199, 0.12520940002286807, 0.14140150000457652, 0.1580359000072349, 0.1748057000222616, 0.1914268000109587, 0.2080269000143744, 0.22492390000843443, 0.2416298000025563, 0.25791290000779554, 0.274624900019262, 0.29153040001983754, 0.3080037000181619, 0.3246567000169307, 0.3414156000071671, 0.35795970002072863, 0.37444090002099983, 0.39117230000556447, 0.4080093000084162, 0.4244599000085145, 0.44117910001659766, 0.4581676000088919]	241.0	298.0	1.0	5a
481	13	go_nogo	0	60	9	nogo	none	[53.0, 53.0, 66.0, 95.0, 127.0, 164.0, 179.0, 188.0, 190.0, 190.0, 190.0, 190.0, 189.0, 189.0, 189.0, 189.0, 187.0, 187.0, 187.0, 187.0, 187.0, 187.0, 187.0, 187.0, 187.0, 187.0, 187.0, 187.0, 187.0, 187.0, 187.0, 187.0, 187.0, 187.0, 187.0, 187.0, 187.0, 187.0, 187.0, 187.0, 187.0, 187.0, 187.0, 187.0, 187.0, 187.0, 187.0, 187.0, 187.0, 187.0, 187.0, 187.0, 187.0, 187.0, 187.0, 187.0, 187.0, 187.0, 187.0, 187.0]	[-246.0, -246.0, -194.0, -88.0, 14.0, 152.0, 216.0, 256.0, 275.0, 282.0, 285.0, 286.0, 289.0, 290.0, 290.0, 290.0, 288.0, 284.0, 284.0, 284.0, 284.0, 284.0, 284.0, 284.0, 284.0, 284.0, 284.0, 284.0, 284.0, 284.0, 284.0, 284.0, 284.0, 284.0, 284.0, 284.0, 284.0, 284.0, 284.0, 284.0, 284.0, 284.0, 284.0, 284.0, 284.0, 284.0, 284.0, 284.0, 284.0, 284.0, 284.0, 284.0, 284.0, 284.0, 284.0, 284.0, 284.0, 284.0, 284.0, 284.0]	[0, 0, 0, 0, 0, 0, 0, 0, 0, 0, 0, 0, 0, 0, 0, 0, 0, 0, 0, 0, 0, 0, 0, 0, 0, 0, 0, 0, 0, 0, 0, 0, 0, 0, 0, 0, 0, 0, 0, 0, 0, 0, 0, 0, 0, 0, 0, 0, 0, 0, 0, 0, 0, 0, 0, 0, 0, 0, 0, 0]	[0, 0, 0, 0, 0, 0, 0, 0, 0, 0, 0, 0, 0, 0, 0, 0, 0, 0, 0, 0, 0, 0, 0, 0, 0, 0, 0, 0, 0, 0, 0, 0, 0, 0, 0, 0, 0, 0, 0, 0, 0, 0, 0, 0, 0, 0, 0, 0, 0, 0, 0, 0, 0, 0, 0, 0, 0, 0, 0, 0]	[0, 0, 0, 0, 0, 0, 0, 0, 0, 0, 0, 0, 0, 0, 0, 0, 0, 0, 0, 0, 0, 0, 0, 0, 0, 0, 0, 0, 0, 0, 0, 0, 0, 0, 0, 0, 0, 0, 0, 0, 0, 0, 0, 0, 0, 0, 0, 0, 0, 0, 0, 0, 0, 0, 0, 0, 0, 0, 0, 0]	[0.0004062000080011785, 0.008090399991488084, 0.02476820000447333, 0.041426300012972206, 0.05801559999235906, 0.07478059999994002, 0.0921432999894023, 0.10860070001217537, 0.12455139998928644, 0.14126720000058413, 0.1580002999980934, 0.1746846000023652, 0.19123289998969994, 0.2078820999886375, 0.22459450000314973, 0.24131439998745918, 0.258098099991912, 0.2744018000084907, 0.29134190001059324, 0.30773329999647103, 0.32431339999311604, 0.34121549999690615, 0.35797320000710897, 0.3742995999928098, 0.3910619000089355, 0.407650500012096, 0.42436209999141283, 0.4409735999943223, 0.45760100000188686, 0.4745366999995895, 0.49097720001009293, 0.5081926999846473, 0.5246473999868613, 0.5410378999949899, 0.5579657999915071, 0.5743729000096209, 0.591016899998067, 0.607514600007562, 0.6243181999889202, 0.6409466000040993, 0.6576314000121783, 0.6745511000044644, 0.6908664999937173, 0.7077688999997918, 0.7243717999954242, 0.7409834999998566, 0.7575710999954026, 0.7742304999846965, 0.7911115000024438, 0.8075340999930631, 0.8240639999858104, 0.8408496000047307, 0.8576345999899786, 0.8741894999984652, 0.8910352000093553, 0.9075148999982048, 0.9244627000007313, 0.9408263000077568, 0.9575866000086535, 0.9741623000008985]	n/a	n/a	1.0	5a
482	13	go_nogo	0	60	3	go	click	[69.0, 88.0, 88.0, 146.0, 176.0, 195.0, 202.0, 205.0, 205.0, 205.0, 204.0, 202.0, 201.0, 199.0, 198.0, 198.0, 198.0, 198.0, 198.0, 198.0, 198.0, 198.0, 198.0, 198.0, 198.0, 198.0, 198.0, 198.0, 198.0, 198.0]	[-176.0, -119.0, -119.0, 31.0, 115.0, 180.0, 221.0, 253.0, 277.0, 290.0, 296.0, 298.0, 306.0, 311.0, 314.0, 314.0, 314.0, 314.0, 314.0, 314.0, 314.0, 314.0, 314.0, 314.0, 314.0, 314.0, 314.0, 314.0, 314.0, 314.0]	[0, 0, 0, 0, 0, 0, 0, 0, 0, 0, 0, 0, 0, 0, 0, 0, 0, 0, 0, 0, 0, 0, 0, 0, 0, 0, 0, 0, 0, 1]	[0, 0, 0, 0, 0, 0, 0, 0, 0, 0, 0, 0, 0, 0, 0, 0, 0, 0, 0, 0, 0, 0, 0, 0, 0, 0, 0, 0, 0, 0]	[0, 0, 0, 0, 0, 0, 0, 0, 0, 0, 0, 0, 0, 0, 0, 0, 0, 0, 0, 0, 0, 0, 0, 0, 0, 0, 0, 0, 0, 0]	[0.00039569998625665903, 0.00780950000626035, 0.02470290000201203, 0.04143749998183921, 0.05807460000505671, 0.07474819998606108, 0.0915816999913659, 0.1081957999849692, 0.12454990000696853, 0.14133159999619238, 0.15792559998226352, 0.17460070000379346, 0.19144219998270273, 0.2081799999868963, 0.2244864999956917, 0.24101450000307523, 0.2576673000003211, 0.2745398999832105, 0.29104799998458475, 0.30774119999841787, 0.32444259998737834, 0.34102200000779703, 0.3576728999905754, 0.37437159998808056, 0.39110409998102114, 0.4079075999907218, 0.42434979998506606, 0.4410558999807108, 0.4575872999848798, 0.4747899000067264]	198.0	314.0	0.6	5a
483	13	go_nogo	0	60	9	nogo	none	[60.0, 60.0, 82.0, 124.0, 163.0, 188.0, 205.0, 215.0, 221.0, 222.0, 223.0, 224.0, 225.0, 229.0, 235.0, 237.0, 238.0, 238.0, 238.0, 238.0, 238.0, 238.0, 238.0, 238.0, 238.0, 238.0, 237.0, 235.0, 235.0, 233.0, 232.0, 232.0, 232.0, 232.0, 232.0, 232.0, 232.0, 232.0, 232.0, 232.0, 232.0, 232.0, 232.0, 232.0, 232.0, 232.0, 232.0, 232.0, 232.0, 232.0, 232.0, 232.0, 232.0, 232.0, 232.0, 232.0, 232.0, 232.0, 232.0, 232.0, 232.0, 232.0, 232.0, 232.0, 232.0, 232.0, 232.0, 232.0, 232.0, 232.0, 232.0, 232.0, 232.0]	[-174.0, -174.0, -108.0, 7.0, 104.0, 175.0, 222.0, 253.0, 272.0, 281.0, 289.0, 300.0, 305.0, 328.0, 343.0, 351.0, 353.0, 353.0, 353.0, 353.0, 353.0, 353.0, 353.0, 353.0, 352.0, 350.0, 347.0, 343.0, 340.0, 337.0, 336.0, 335.0, 335.0, 335.0, 335.0, 335.0, 335.0, 335.0, 335.0, 335.0, 335.0, 335.0, 335.0, 335.0, 335.0, 335.0, 335.0, 335.0, 335.0, 335.0, 335.0, 335.0, 335.0, 335.0, 335.0, 335.0, 335.0, 335.0, 335.0, 335.0, 335.0, 335.0, 335.0, 335.0, 335.0, 335.0, 335.0, 335.0, 335.0, 335.0, 335.0, 335.0, 335.0]	[0, 0, 0, 0, 0, 0, 0, 0, 0, 0, 0, 0, 0, 0, 0, 0, 0, 0, 0, 0, 0, 0, 0, 0, 0, 0, 0, 0, 0, 0, 0, 0, 0, 0, 0, 0, 0, 0, 0, 0, 0, 0, 0, 0, 0, 0, 0, 0, 0, 0, 0, 0, 0, 0, 0, 0, 0, 0, 0, 0, 0, 0, 0, 0, 0, 0, 0, 0, 0, 0, 0, 0, 0]	[0, 0, 0, 0, 0, 0, 0, 0, 0, 0, 0, 0, 0, 0, 0, 0, 0, 0, 0, 0, 0, 0, 0, 0, 0, 0, 0, 0, 0, 0, 0, 0, 0, 0, 0, 0, 0, 0, 0, 0, 0, 0, 0, 0, 0, 0, 0, 0, 0, 0, 0, 0, 0, 0, 0, 0, 0, 0, 0, 0, 0, 0, 0, 0, 0, 0, 0, 0, 0, 0, 0, 0, 0]	[0, 0, 0, 0, 0, 0, 0, 0, 0, 0, 0, 0, 0, 0, 0, 0, 0, 0, 0, 0, 0, 0, 0, 0, 0, 0, 0, 0, 0, 0, 0, 0, 0, 0, 0, 0, 0, 0, 0, 0, 0, 0, 0, 0, 0, 0, 0, 0, 0, 0, 0, 0, 0, 0, 0, 0, 0, 0, 0, 0, 0, 0, 0, 0, 0, 0, 0, 0, 0, 0, 0, 0, 0]	[0.00040520000038668513, 0.007535499986261129, 0.02442000000155531, 0.04148649997659959, 0.0579264999832958, 0.07439439999870956, 0.0918078999966383, 0.10794819999136962, 0.1243506999744568, 0.14114449999760836, 0.1578752999776043, 0.17435429999022745, 0.19143679999979213, 0.20822939998470247, 0.22448849998181686, 0.2413583000015933, 0.2576919999846723, 0.27415289997588843, 0.2907124999910593, 0.30740759999025613, 0.3242899999895599, 0.34075139998458326, 0.3574122999852989, 0.37415319998399355, 0.39106429999810643, 0.4079700000002049, 0.4245041999965906, 0.4416639999835752, 0.4575534999894444, 0.47421989997383207, 0.49104009999427944, 0.5073445999878459, 0.5241273999854457, 0.5406942999979947, 0.5574166000005789, 0.5742049999826122, 0.5906620000023395, 0.6073811999813188, 0.6240626999933738, 0.640661799989175, 0.6573396000021603, 0.6740619999764021, 0.6909803999878932, 0.7074160999909509, 0.7240221999818459, 0.7406102999811992, 0.7572974999784492, 0.7739828999910969, 0.7906062999973074, 0.8072634999989532, 0.823932999977842, 0.8406628999800887, 0.8571866999845952, 0.8739388999820221, 0.8906268999853637, 0.9072583999950439, 0.9239210999803618, 0.9405711999861524, 0.9573076999804471, 0.9740409999794792, 0.9906373999838252, 1.007209099974716, 1.0239922999753617, 1.040476199996192, 1.0572080999845639, 1.0738391999911983, 1.0905337999865878, 1.1072910999937449, 1.1239539999805856, 1.140530899981968, 1.1571732999873348, 1.1738540999940597, 1.1905224999936763]	n/a	n/a	0.6	5a
484	13	go_nogo	0	60	2	go	click	[62.0, 82.0, 101.0, 129.0, 151.0, 165.0, 177.0, 183.0, 187.0, 187.0, 187.0, 187.0, 187.0, 187.0, 187.0, 187.0, 187.0, 187.0, 187.0, 187.0, 187.0, 187.0, 187.0, 187.0, 187.0, 187.0]	[-143.0, -78.0, -16.0, 74.0, 144.0, 197.0, 234.0, 259.0, 268.0, 268.0, 269.0, 269.0, 269.0, 269.0, 269.0, 269.0, 269.0, 269.0, 269.0, 269.0, 269.0, 269.0, 269.0, 269.0, 269.0, 269.0]	[0, 0, 0, 0, 0, 0, 0, 0, 0, 0, 0, 0, 0, 0, 0, 0, 0, 0, 0, 0, 0, 0, 0, 0, 0, 1]	[0, 0, 0, 0, 0, 0, 0, 0, 0, 0, 0, 0, 0, 0, 0, 0, 0, 0, 0, 0, 0, 0, 0, 0, 0, 0]	[0, 0, 0, 0, 0, 0, 0, 0, 0, 0, 0, 0, 0, 0, 0, 0, 0, 0, 0, 0, 0, 0, 0, 0, 0, 0]	[0.0004521000082604587, 0.008237000001827255, 0.02539019999676384, 0.04218990000663325, 0.05886610000743531, 0.07501500000944361, 0.09180660001584329, 0.10812730001634918, 0.12485340001876466, 0.14151760001550429, 0.1580960999999661, 0.17466260000946932, 0.19124420001753606, 0.20788309999625199, 0.22474740000325255, 0.2412915000168141, 0.2579666000092402, 0.27484140000888146, 0.29127020001760684, 0.30781410000054166, 0.3247744000109378, 0.34144479999667965, 0.3578382999985479, 0.3746034000068903, 0.3911734000139404, 0.40831480000633746]	187.0	269.0	1.0	5a
485	13	go_nogo	0	60	4	go	click	[51.0, 79.0, 108.0, 154.0, 180.0, 194.0, 195.0, 195.0, 193.0, 190.0, 187.0, 187.0, 186.0, 186.0, 186.0, 186.0, 186.0, 186.0, 186.0, 186.0, 194.0, 200.0, 208.0, 215.0, 219.0, 220.0, 222.0, 222.0, 223.0, 224.0, 224.0, 224.0]	[-299.0, -240.0, -177.0, -72.0, 10.0, 59.0, 91.0, 119.0, 140.0, 157.0, 162.0, 166.0, 168.0, 168.0, 168.0, 168.0, 168.0, 167.0, 166.0, 166.0, 192.0, 213.0, 237.0, 254.0, 265.0, 272.0, 280.0, 294.0, 313.0, 322.0, 322.0, 322.0]	[0, 0, 0, 0, 0, 0, 0, 0, 0, 0, 0, 0, 0, 0, 0, 0, 0, 0, 0, 0, 0, 0, 0, 0, 0, 0, 0, 0, 0, 0, 0, 1]	[0, 0, 0, 0, 0, 0, 0, 0, 0, 0, 0, 0, 0, 0, 0, 0, 0, 0, 0, 0, 0, 0, 0, 0, 0, 0, 0, 0, 0, 0, 0, 0]	[0, 0, 0, 0, 0, 0, 0, 0, 0, 0, 0, 0, 0, 0, 0, 0, 0, 0, 0, 0, 0, 0, 0, 0, 0, 0, 0, 0, 0, 0, 0, 0]	[0.00021230001584626734, 0.00996540000778623, 0.02680810002493672, 0.0436362000182271, 0.060045700025511906, 0.07685260000289418, 0.09350660000927746, 0.11013740001362748, 0.126672000013059, 0.14341820002300665, 0.16006940000806935, 0.17689650002284907, 0.19308810000075027, 0.2097426000109408, 0.2264681000087876, 0.24312850000569597, 0.26017110000248067, 0.27670430002035573, 0.2931286000239197, 0.3101813000102993, 0.3267432000138797, 0.34371460002148524, 0.36035860000993125, 0.3766814000264276, 0.39328290001139976, 0.4100637000228744, 0.4265183000243269, 0.44326480000745505, 0.4601674000150524, 0.4763235000136774, 0.49310040002455935, 0.5101472000242211]	224.0	322.0	1.0	5a
486	13	go_nogo	0	60	7	go	click	[46.0, 62.0, 75.0, 110.0, 141.0, 169.0, 184.0, 192.0, 195.0, 195.0, 195.0, 195.0, 195.0, 195.0, 195.0, 195.0, 195.0, 195.0, 195.0, 195.0, 195.0, 195.0, 195.0, 195.0]	[-182.0, -128.0, -72.0, 35.0, 137.0, 209.0, 245.0, 262.0, 268.0, 268.0, 268.0, 268.0, 268.0, 268.0, 268.0, 268.0, 268.0, 268.0, 268.0, 268.0, 268.0, 268.0, 268.0, 268.0]	[0, 0, 0, 0, 0, 0, 0, 0, 0, 0, 0, 0, 0, 0, 0, 0, 0, 0, 0, 0, 0, 0, 0, 1]	[0, 0, 0, 0, 0, 0, 0, 0, 0, 0, 0, 0, 0, 0, 0, 0, 0, 0, 0, 0, 0, 0, 0, 0]	[0, 0, 0, 0, 0, 0, 0, 0, 0, 0, 0, 0, 0, 0, 0, 0, 0, 0, 0, 0, 0, 0, 0, 0]	[0.0003533000126481056, 0.008753000001888722, 0.026324900012696162, 0.04223420002381317, 0.058907700004056096, 0.07557100002304651, 0.09231380000710487, 0.10883530002320185, 0.12550320001901127, 0.14201999999932013, 0.1586927000025753, 0.1753051000123378, 0.19203550001839176, 0.2086682000081055, 0.22538790001999587, 0.2419866000127513, 0.25862410000991076, 0.2753598000272177, 0.29192330001387745, 0.30852920000324957, 0.32528150000143796, 0.34191570000257343, 0.358627500012517, 0.3755869000160601]	195.0	268.0	0.7	5a
487	13	go_nogo	0	60	6	go	click	[32.0, 32.0, 45.0, 78.0, 107.0, 137.0, 149.0, 158.0, 160.0, 160.0, 160.0, 160.0, 160.0, 160.0, 160.0, 160.0, 160.0, 160.0, 160.0, 161.0, 164.0, 168.0, 172.0, 174.0, 175.0]	[-213.0, -213.0, -164.0, -20.0, 86.0, 173.0, 209.0, 229.0, 234.0, 235.0, 235.0, 235.0, 235.0, 235.0, 235.0, 235.0, 235.0, 235.0, 235.0, 237.0, 247.0, 256.0, 268.0, 272.0, 272.0]	[0, 0, 0, 0, 0, 0, 0, 0, 0, 0, 0, 0, 0, 0, 0, 0, 0, 0, 0, 0, 0, 0, 0, 0, 1]	[0, 0, 0, 0, 0, 0, 0, 0, 0, 0, 0, 0, 0, 0, 0, 0, 0, 0, 0, 0, 0, 0, 0, 0, 0]	[0, 0, 0, 0, 0, 0, 0, 0, 0, 0, 0, 0, 0, 0, 0, 0, 0, 0, 0, 0, 0, 0, 0, 0, 0]	[0.0003677999775391072, 0.008026800001971424, 0.024885799997719005, 0.041552099981345236, 0.05861639999784529, 0.07498309999937192, 0.09214969997992739, 0.10818199999630451, 0.12492709999787621, 0.1412640999769792, 0.1579716999840457, 0.17469419998815283, 0.19146719999844208, 0.2079329999978654, 0.2245522000011988, 0.24128879999625497, 0.2578930000017863, 0.2748258999781683, 0.29124140000203624, 0.3082999999751337, 0.32475929998327047, 0.34138669999083504, 0.35810539999511093, 0.375146299978951, 0.39170369997737]	175.0	272.0	0.6	5a
488	13	go_nogo	0	60	2	go	click	[52.0, 52.0, 60.0, 81.0, 117.0, 154.0, 185.0, 216.0, 225.0, 229.0, 232.0, 235.0, 236.0, 237.0, 237.0, 237.0, 237.0, 237.0, 237.0, 237.0, 238.0, 238.0, 239.0, 239.0]	[-255.0, -255.0, -229.0, -155.0, -60.0, 44.0, 124.0, 191.0, 209.0, 216.0, 220.0, 227.0, 231.0, 233.0, 233.0, 233.0, 233.0, 233.0, 233.0, 233.0, 241.0, 249.0, 253.0, 255.0]	[0, 0, 0, 0, 0, 0, 0, 0, 0, 0, 0, 0, 0, 0, 0, 0, 0, 0, 0, 0, 0, 0, 0, 1]	[0, 0, 0, 0, 0, 0, 0, 0, 0, 0, 0, 0, 0, 0, 0, 0, 0, 0, 0, 0, 0, 0, 0, 0]	[0, 0, 0, 0, 0, 0, 0, 0, 0, 0, 0, 0, 0, 0, 0, 0, 0, 0, 0, 0, 0, 0, 0, 0]	[0.0003468999930191785, 0.008450099994661286, 0.025432099995668977, 0.042128900007810444, 0.0587736000015866, 0.07548810000298545, 0.0923348999931477, 0.10896929999580607, 0.12626419999287464, 0.14254080000682734, 0.15910769999027252, 0.17545909999171272, 0.19209379999665543, 0.2085034000047017, 0.2252135000017006, 0.24206829999457113, 0.25848029999178834, 0.2753804000094533, 0.2920377000118606, 0.3089406999933999, 0.32536610000533983, 0.34314859998994507, 0.3592025999969337, 0.37552890001097694]	239.0	255.0	0.9	5a
489	13	go_nogo	0	60	7	go	click	[135.0, 135.0, 194.0, 299.0, 370.0, 398.0, 411.0, 415.0, 414.0, 410.0, 406.0, 403.0, 403.0, 400.0, 396.0, 389.0, 375.0, 350.0, 324.0, 292.0, 283.0, 281.0, 281.0, 281.0, 278.0, 276.0, 276.0, 276.0, 276.0, 276.0, 276.0, 276.0, 276.0, 276.0, 276.0, 276.0, 276.0, 274.0, 267.0, 257.0, 249.0, 240.0, 236.0, 234.0]	[-205.0, -205.0, -131.0, 27.0, 166.0, 238.0, 278.0, 311.0, 319.0, 321.0, 321.0, 321.0, 322.0, 324.0, 326.0, 327.0, 327.0, 326.0, 323.0, 322.0, 322.0, 322.0, 322.0, 322.0, 320.0, 318.0, 318.0, 318.0, 317.0, 317.0, 317.0, 317.0, 317.0, 317.0, 317.0, 317.0, 317.0, 317.0, 315.0, 310.0, 305.0, 299.0, 295.0, 292.0]	[0, 0, 0, 0, 0, 0, 0, 0, 0, 0, 0, 0, 0, 0, 0, 0, 0, 0, 0, 0, 0, 0, 0, 0, 0, 0, 1, 1, 1, 1, 1, 1, 1, 1, 0, 0, 0, 0, 0, 0, 0, 0, 0, 1]	[0, 0, 0, 0, 0, 0, 0, 0, 0, 0, 0, 0, 0, 0, 0, 0, 0, 0, 0, 0, 0, 0, 0, 0, 0, 0, 0, 0, 0, 0, 0, 0, 0, 0, 0, 0, 0, 0, 0, 0, 0, 0, 0, 0]	[0, 0, 0, 0, 0, 0, 0, 0, 0, 0, 0, 0, 0, 0, 0, 0, 0, 0, 0, 0, 0, 0, 0, 0, 0, 0, 0, 0, 0, 0, 0, 0, 0, 0, 0, 0, 0, 0, 0, 0, 0, 0, 0, 0]	[0.00018740000086836517, 0.009843499981798232, 0.026327100000344217, 0.04299729998456314, 0.059700499987229705, 0.07616269998834468, 0.09299760000430979, 0.10958749998826534, 0.12717970000812784, 0.14325279998593032, 0.15953020000597462, 0.17624299999442883, 0.19278359998133965, 0.20946680000633933, 0.22636979998787865, 0.24289399999543093, 0.25949249998666346, 0.27617679999093525, 0.2928380999946967, 0.30959590000566095, 0.326329799980158, 0.34283559999312274, 0.35945089999586344, 0.37608210000325926, 0.3927436999802012, 0.40920560000813566, 0.4262620999943465, 0.4426992000080645, 0.4592518999997992, 0.4758557000022847, 0.49253429999225773, 0.5091605999914464, 0.5258271000056993, 0.5424108000006527, 0.5591496999841183, 0.5760809000057634, 0.5926710999920033, 0.6093031000054907, 0.6261505000002217, 0.6427067999902647, 0.659599899983732, 0.6760079999803565, 0.6927799999830313, 0.7095197000016924]	234.0	292.0	1.0	5a
490	13	go_nogo	0	60	2	go	click	[65.0, 65.0, 82.0, 115.0, 141.0, 163.0, 166.0, 168.0, 169.0, 169.0, 170.0, 170.0, 171.0, 171.0, 172.0, 172.0, 172.0, 172.0, 172.0, 172.0, 177.0, 180.0, 183.0, 183.0, 184.0, 185.0, 188.0, 190.0, 193.0, 194.0, 194.0, 194.0, 194.0, 194.0, 194.0, 194.0, 194.0, 194.0, 194.0, 194.0, 194.0, 197.0, 199.0, 201.0, 203.0, 203.0, 203.0, 203.0]	[-244.0, -244.0, -205.0, -128.0, -57.0, 28.0, 68.0, 90.0, 102.0, 104.0, 104.0, 105.0, 110.0, 123.0, 130.0, 133.0, 133.0, 133.0, 133.0, 136.0, 161.0, 184.0, 199.0, 208.0, 214.0, 221.0, 226.0, 230.0, 235.0, 238.0, 238.0, 238.0, 238.0, 238.0, 238.0, 238.0, 238.0, 238.0, 238.0, 238.0, 238.0, 245.0, 253.0, 262.0, 266.0, 268.0, 269.0, 269.0]	[0, 0, 0, 0, 0, 0, 0, 0, 0, 0, 0, 0, 0, 0, 0, 0, 0, 0, 0, 0, 0, 0, 0, 0, 0, 0, 0, 0, 0, 0, 0, 1, 1, 1, 1, 1, 0, 0, 0, 0, 0, 0, 0, 0, 0, 0, 0, 1]	[0, 0, 0, 0, 0, 0, 0, 0, 0, 0, 0, 0, 0, 0, 0, 0, 0, 0, 0, 0, 0, 0, 0, 0, 0, 0, 0, 0, 0, 0, 0, 0, 0, 0, 0, 0, 0, 0, 0, 0, 0, 0, 0, 0, 0, 0, 0, 0]	[0, 0, 0, 0, 0, 0, 0, 0, 0, 0, 0, 0, 0, 0, 0, 0, 0, 0, 0, 0, 0, 0, 0, 0, 0, 0, 0, 0, 0, 0, 0, 0, 0, 0, 0, 0, 0, 0, 0, 0, 0, 0, 0, 0, 0, 0, 0, 0]	[0.0004275999963283539, 0.008434300019871444, 0.0249490000132937, 0.041678300010971725, 0.058545000007143244, 0.07487360000959598, 0.09192430000985041, 0.10859920000075363, 0.12512640000204556, 0.14149530002032407, 0.15822140002273954, 0.17481720002251677, 0.19156460001249798, 0.2081843000196386, 0.22498270001960918, 0.24134410000988282, 0.25796960000297986, 0.27459620000445284, 0.2916467000031844, 0.3081506000016816, 0.3247955999977421, 0.34161240002140403, 0.35819150001043454, 0.3747447000059765, 0.39151360001415014, 0.40813409999827854, 0.4248778000182938, 0.441542800021125, 0.4582570000202395, 0.47462620001169853, 0.49128570000175387, 0.50815410001087, 0.5245816000096966, 0.5412049000151455, 0.5581079999974463, 0.5745678000093903, 0.5913949999958277, 0.6079880000033882, 0.6246488000033423, 0.6411089000175707, 0.6581246000132523, 0.6751561000128277, 0.6913630000199191, 0.7085884000116494, 0.7250985999999102, 0.7414947000215761, 0.7577446000068448, 0.7748122000193689]	203.0	269.0	0.7	5a
491	13	go_nogo	0	60	3	go	click	[78.0, 99.0, 116.0, 142.0, 166.0, 183.0, 192.0, 197.0, 198.0, 198.0, 198.0, 198.0, 198.0, 198.0, 197.0, 197.0, 197.0, 197.0, 197.0, 197.0, 197.0]	[-171.0, -98.0, -29.0, 80.0, 154.0, 201.0, 230.0, 247.0, 252.0, 252.0, 252.0, 252.0, 259.0, 264.0, 265.0, 265.0, 265.0, 265.0, 265.0, 265.0, 265.0]	[0, 0, 0, 0, 0, 0, 0, 0, 0, 0, 0, 0, 0, 0, 0, 0, 0, 0, 0, 0, 1]	[0, 0, 0, 0, 0, 0, 0, 0, 0, 0, 0, 0, 0, 0, 0, 0, 0, 0, 0, 0, 0]	[0, 0, 0, 0, 0, 0, 0, 0, 0, 0, 0, 0, 0, 0, 0, 0, 0, 0, 0, 0, 0]	[0.0003834000090137124, 0.00802430001203902, 0.025266800017561764, 0.041630799998529255, 0.058174400008283556, 0.0748201000096742, 0.09160300000803545, 0.10803420000593178, 0.12478680000640452, 0.1412504000181798, 0.1579578000237234, 0.1748100999975577, 0.1914779000217095, 0.2080908000061754, 0.22453659999882802, 0.24123230000259355, 0.25789190002251416, 0.2749146000132896, 0.29116330001852475, 0.3079411000071559, 0.32518569999956526]	197.0	265.0	1.0	5a
492	13	go_nogo	0	60	8	go	click	[25.0, 29.0, 29.0, 49.0, 71.0, 101.0, 121.0, 132.0, 141.0, 144.0, 144.0, 144.0, 144.0, 146.0, 153.0, 162.0, 166.0, 167.0, 168.0, 177.0, 188.0, 197.0, 202.0, 202.0, 202.0]	[-260.0, -225.0, -225.0, -77.0, 50.0, 141.0, 193.0, 220.0, 234.0, 240.0, 241.0, 241.0, 241.0, 246.0, 259.0, 278.0, 283.0, 285.0, 287.0, 295.0, 306.0, 318.0, 324.0, 325.0, 325.0]	[0, 0, 0, 0, 0, 0, 0, 0, 0, 0, 0, 0, 0, 0, 0, 0, 0, 0, 0, 0, 0, 0, 0, 0, 1]	[0, 0, 0, 0, 0, 0, 0, 0, 0, 0, 0, 0, 0, 0, 0, 0, 0, 0, 0, 0, 0, 0, 0, 0, 0]	[0, 0, 0, 0, 0, 0, 0, 0, 0, 0, 0, 0, 0, 0, 0, 0, 0, 0, 0, 0, 0, 0, 0, 0, 0]	[0.0004369000089354813, 0.008189000014681369, 0.025115500000538304, 0.04161429998930544, 0.05842879999545403, 0.07599060001666658, 0.09163390001049265, 0.1082540999923367, 0.12488680001115426, 0.1416973000159487, 0.15808749999268912, 0.1748368999978993, 0.1918297999945935, 0.20827010000357404, 0.22490100000868551, 0.2415939999918919, 0.2583513999998104, 0.27483149999170564, 0.2918462000088766, 0.30832579999696463, 0.32485010000527836, 0.34150720000616275, 0.3582118999911472, 0.37485960000776686, 0.39165930001763627]	202.0	325.0	0.6	5a
493	13	go_nogo	0	60	1	nogo	none	[44.0, 44.0, 59.0, 88.0, 134.0, 160.0, 178.0, 186.0, 189.0, 189.0, 189.0, 189.0, 188.0, 188.0, 188.0, 188.0, 188.0, 188.0, 188.0, 188.0, 188.0, 188.0, 188.0, 188.0]	[-230.0, -230.0, -185.0, -79.0, 91.0, 192.0, 248.0, 273.0, 286.0, 288.0, 289.0, 289.0, 289.0, 289.0, 289.0, 289.0, 289.0, 289.0, 289.0, 289.0, 289.0, 289.0, 289.0, 289.0]	[0, 0, 0, 0, 0, 0, 0, 0, 0, 0, 0, 0, 0, 0, 0, 0, 0, 0, 0, 0, 0, 0, 0, 1]	[0, 0, 0, 0, 0, 0, 0, 0, 0, 0, 0, 0, 0, 0, 0, 0, 0, 0, 0, 0, 0, 0, 0, 0]	[0, 0, 0, 0, 0, 0, 0, 0, 0, 0, 0, 0, 0, 0, 0, 0, 0, 0, 0, 0, 0, 0, 0, 0]	[0.0003505999920889735, 0.008768400002736598, 0.02545099999406375, 0.04235780000453815, 0.058732999983476475, 0.07565729998168536, 0.09238220000406727, 0.10882100000162609, 0.12548709998372942, 0.14237929999944754, 0.15848759998334572, 0.17549579998012632, 0.19175209998502396, 0.20859520000522025, 0.22520699998131022, 0.24184429997694679, 0.2585143999895081, 0.2752772999810986, 0.29205869999714196, 0.3084274999855552, 0.3254173999885097, 0.3416713000042364, 0.35848470000200905, 0.37559690000489354]	188.0	289.0	0.8	5a
494	13	go_nogo	0	60	6	go	click	[31.0, 54.0, 54.0, 138.0, 184.0, 215.0, 235.0, 242.0, 245.0, 245.0, 245.0, 245.0, 245.0, 245.0, 245.0, 245.0, 245.0, 245.0, 245.0, 245.0, 245.0]	[-209.0, -139.0, -139.0, 68.0, 173.0, 249.0, 297.0, 322.0, 330.0, 331.0, 331.0, 331.0, 331.0, 331.0, 332.0, 333.0, 333.0, 333.0, 333.0, 333.0, 333.0]	[0, 0, 0, 0, 0, 0, 0, 0, 0, 0, 0, 0, 0, 0, 0, 0, 0, 0, 0, 0, 1]	[0, 0, 0, 0, 0, 0, 0, 0, 0, 0, 0, 0, 0, 0, 0, 0, 0, 0, 0, 0, 0]	[0, 0, 0, 0, 0, 0, 0, 0, 0, 0, 0, 0, 0, 0, 0, 0, 0, 0, 0, 0, 0]	[0.000443600001744926, 0.008022199996048585, 0.024964599986560643, 0.04148919999715872, 0.058297399984439835, 0.07492839999031276, 0.09189189999597147, 0.10818689997540787, 0.12485449999803677, 0.14123249999829568, 0.15822669997578487, 0.17460599998594262, 0.19125370000256225, 0.20838789999834262, 0.22505559999262914, 0.24127779999980703, 0.257807199988747, 0.27473710000049323, 0.29165679999277927, 0.30783819998032413, 0.3250778999936301]	245.0	333.0	0.9	5a
495	13	go_nogo	0	60	4	go	click	[98.0, 98.0, 124.0, 141.0, 155.0, 165.0, 171.0, 176.0, 177.0, 178.0, 179.0, 180.0, 181.0, 182.0, 182.0, 182.0, 182.0, 182.0, 182.0, 182.0, 182.0, 182.0, 182.0]	[-165.0, -165.0, -68.0, 19.0, 94.0, 160.0, 213.0, 243.0, 262.0, 268.0, 271.0, 274.0, 279.0, 284.0, 286.0, 286.0, 286.0, 286.0, 286.0, 286.0, 286.0, 286.0, 286.0]	[0, 0, 0, 0, 0, 0, 0, 0, 0, 0, 0, 0, 0, 0, 0, 0, 0, 0, 0, 0, 0, 0, 1]	[0, 0, 0, 0, 0, 0, 0, 0, 0, 0, 0, 0, 0, 0, 0, 0, 0, 0, 0, 0, 0, 0, 0]	[0, 0, 0, 0, 0, 0, 0, 0, 0, 0, 0, 0, 0, 0, 0, 0, 0, 0, 0, 0, 0, 0, 0]	[0.00020520001999102533, 0.009876700001768768, 0.02679340000031516, 0.04357290000189096, 0.059761300013633445, 0.07629319999250583, 0.09281400000327267, 0.10952540001017042, 0.12638780000270344, 0.14286590000847355, 0.15976139999111183, 0.17641469999216497, 0.19307770000887103, 0.2095170000102371, 0.22594440000830218, 0.2428770000115037, 0.25926379999145865, 0.2759342000063043, 0.29270600000745617, 0.3093704000057187, 0.3259322000085376, 0.3425998000020627, 0.3598004000086803]	182.0	286.0	0.9	5a
496	13	go_nogo	0	60	6	go	click	[68.0, 68.0, 91.0, 140.0, 189.0, 217.0, 234.0, 235.0, 239.0, 247.0, 252.0, 257.0, 260.0, 260.0, 260.0, 260.0, 260.0, 260.0, 260.0, 260.0, 260.0, 256.0, 244.0, 224.0, 204.0, 182.0, 167.0, 162.0, 162.0, 162.0, 162.0, 162.0, 162.0, 162.0, 162.0, 162.0, 162.0, 162.0, 162.0, 162.0, 163.0, 168.0, 172.0, 176.0, 178.0, 181.0, 182.0, 182.0, 182.0]	[-171.0, -171.0, -110.0, 26.0, 162.0, 252.0, 303.0, 312.0, 325.0, 351.0, 368.0, 380.0, 386.0, 389.0, 389.0, 389.0, 389.0, 389.0, 389.0, 389.0, 389.0, 387.0, 376.0, 348.0, 314.0, 284.0, 265.0, 259.0, 259.0, 259.0, 259.0, 259.0, 259.0, 259.0, 259.0, 259.0, 259.0, 259.0, 259.0, 259.0, 261.0, 271.0, 278.0, 286.0, 292.0, 297.0, 299.0, 300.0, 300.0]	[0, 0, 0, 0, 0, 0, 0, 0, 0, 0, 0, 0, 0, 0, 0, 0, 0, 0, 0, 0, 0, 0, 0, 0, 0, 0, 0, 0, 0, 0, 0, 0, 0, 0, 0, 0, 0, 0, 0, 0, 0, 0, 0, 0, 0, 0, 0, 0, 1]	[0, 0, 0, 0, 0, 0, 0, 0, 0, 0, 0, 0, 0, 0, 0, 0, 0, 0, 0, 0, 0, 0, 0, 0, 0, 0, 0, 0, 0, 0, 0, 0, 0, 0, 0, 0, 0, 0, 0, 0, 0, 0, 0, 0, 0, 0, 0, 0, 0]	[0, 0, 0, 0, 0, 0, 0, 0, 0, 0, 0, 0, 0, 0, 0, 0, 0, 0, 0, 0, 0, 0, 0, 0, 0, 0, 0, 0, 0, 0, 0, 0, 0, 0, 0, 0, 0, 0, 0, 0, 0, 0, 0, 0, 0, 0, 0, 0, 0]	[0.0004285000031813979, 0.007926399994175881, 0.02411329999449663, 0.040900199994212016, 0.05769970000255853, 0.07433629999286495, 0.09090149999246933, 0.1076673999777995, 0.124279799987562, 0.1415188999962993, 0.15752059998339973, 0.1745138999831397, 0.19086909998441115, 0.20740159999695607, 0.22394229998462833, 0.24055819999193773, 0.2573619000031613, 0.27390569998533465, 0.2908274999936111, 0.30720899999141693, 0.3240166000032332, 0.34107029999722727, 0.35765659998287447, 0.37414060000446625, 0.3908135999809019, 0.40736799998558126, 0.424033999996027, 0.4409486999793444, 0.4572063999949023, 0.4738759000028949, 0.49063939999905415, 0.5072420999931637, 0.5238938999827951, 0.5405383000033908, 0.5571143999986816, 0.5738143999769818, 0.5906096999824513, 0.6070718999835663, 0.6238044999772683, 0.640796899999259, 0.6573806999949738, 0.6740655000030529, 0.6906002000032458, 0.7074067999783438, 0.7241529999882914, 0.7406068999844138, 0.7572782999777701, 0.7737614999932703, 0.7904352000041399]	182.0	300.0	0.5	5a
497	13	go_nogo	0	60	3	go	click	[54.0, 57.0, 61.0, 67.0, 81.0, 104.0, 128.0, 147.0, 157.0, 163.0, 164.0, 164.0, 165.0, 166.0, 166.0, 168.0, 168.0, 170.0, 173.0, 177.0, 180.0, 185.0, 186.0, 187.0, 188.0, 188.0, 188.0, 188.0, 188.0, 188.0]	[-249.0, -238.0, -226.0, -201.0, -155.0, -85.0, -3.0, 55.0, 87.0, 102.0, 105.0, 109.0, 113.0, 123.0, 133.0, 144.0, 153.0, 166.0, 188.0, 217.0, 237.0, 256.0, 265.0, 272.0, 277.0, 279.0, 280.0, 282.0, 282.0, 282.0]	[0, 0, 0, 0, 0, 0, 0, 0, 0, 0, 0, 0, 0, 0, 0, 0, 0, 0, 0, 0, 0, 0, 0, 0, 0, 0, 0, 0, 0, 1]	[0, 0, 0, 0, 0, 0, 0, 0, 0, 0, 0, 0, 0, 0, 0, 0, 0, 0, 0, 0, 0, 0, 0, 0, 0, 0, 0, 0, 0, 0]	[0, 0, 0, 0, 0, 0, 0, 0, 0, 0, 0, 0, 0, 0, 0, 0, 0, 0, 0, 0, 0, 0, 0, 0, 0, 0, 0, 0, 0, 0]	[0.00037780002458021045, 0.008200900017982349, 0.02579040001728572, 0.042399800004204735, 0.05852479999884963, 0.07521470001665875, 0.09174470001016743, 0.10858170001301914, 0.1250894000113476, 0.1419239000242669, 0.15841340000042692, 0.17520779999904335, 0.19236080002156086, 0.2083518000144977, 0.22536210002726875, 0.24213510000845417, 0.2588834000052884, 0.27503300001262687, 0.29180320000159554, 0.30835030000889674, 0.32517930000904016, 0.34196890000021085, 0.3584151000250131, 0.3754771000239998, 0.3918845000152942, 0.40841410000575706, 0.425516500021331, 0.4415587000257801, 0.4582098000100814, 0.4751480000268202]	188.0	282.0	0.9	5a
498	13	go_nogo	0	60	7	go	click	[43.0, 43.0, 58.0, 92.0, 117.0, 139.0, 154.0, 171.0, 181.0, 187.0, 190.0, 192.0, 194.0, 196.0, 197.0, 197.0, 197.0, 197.0, 197.0, 197.0, 197.0, 197.0, 197.0, 197.0, 197.0, 197.0, 197.0, 197.0, 197.0, 197.0, 197.0, 197.0, 197.0, 197.0]	[-235.0, -235.0, -186.0, -87.0, -16.0, 47.0, 93.0, 151.0, 184.0, 207.0, 224.0, 232.0, 241.0, 249.0, 253.0, 254.0, 254.0, 254.0, 254.0, 254.0, 254.0, 257.0, 259.0, 260.0, 261.0, 261.0, 261.0, 261.0, 261.0, 262.0, 264.0, 265.0, 265.0, 265.0]	[0, 0, 0, 0, 0, 0, 0, 0, 0, 0, 0, 0, 0, 0, 0, 0, 0, 0, 0, 0, 0, 0, 0, 0, 0, 0, 0, 0, 0, 0, 0, 0, 0, 1]	[0, 0, 0, 0, 0, 0, 0, 0, 0, 0, 0, 0, 0, 0, 0, 0, 0, 0, 0, 0, 0, 0, 0, 0, 0, 0, 0, 0, 0, 0, 0, 0, 0, 0]	[0, 0, 0, 0, 0, 0, 0, 0, 0, 0, 0, 0, 0, 0, 0, 0, 0, 0, 0, 0, 0, 0, 0, 0, 0, 0, 0, 0, 0, 0, 0, 0, 0, 0]	[0.0004379000165499747, 0.00841860001673922, 0.02483750000828877, 0.041771599993808195, 0.05835199999273755, 0.07510960000217892, 0.0917405000072904, 0.10835850000148639, 0.12521080000442453, 0.14175390001037158, 0.15850300001329742, 0.17554490000475198, 0.19162580001284368, 0.20825429999968037, 0.22504980000667274, 0.2414324000128545, 0.2579349000006914, 0.2748221000074409, 0.2912188000045717, 0.3079328000021633, 0.32486510000308044, 0.34176310000475496, 0.3583713000116404, 0.37493720001657493, 0.3913696999952663, 0.40787970001110807, 0.4246266999980435, 0.4413936999917496, 0.45839840002008714, 0.47492559999227524, 0.49151789999450557, 0.5081172999925911, 0.5248235000181012, 0.5416738000058103]	197.0	265.0	0.5	5a
499	13	go_nogo	0	60	1	nogo	none	[26.0, 26.0, 47.0, 81.0, 114.0, 138.0, 159.0, 168.0, 171.0, 173.0, 173.0, 173.0, 173.0, 173.0, 173.0, 173.0, 173.0, 173.0, 171.0, 168.0, 166.0, 166.0, 165.0, 165.0, 165.0, 165.0, 165.0, 165.0, 165.0, 165.0, 165.0, 165.0, 165.0, 165.0, 165.0, 165.0, 165.0, 165.0, 165.0, 165.0, 165.0, 165.0, 165.0, 165.0, 165.0, 165.0, 165.0, 165.0, 165.0, 165.0, 165.0, 165.0, 165.0, 165.0, 165.0, 165.0, 165.0, 165.0, 165.0, 165.0, 165.0, 165.0, 165.0, 165.0, 165.0, 165.0, 165.0, 165.0, 165.0, 165.0, 165.0, 165.0]	[-200.0, -200.0, -131.0, 2.0, 127.0, 236.0, 313.0, 359.0, 381.0, 388.0, 388.0, 388.0, 388.0, 387.0, 386.0, 386.0, 386.0, 384.0, 380.0, 371.0, 356.0, 348.0, 343.0, 339.0, 334.0, 328.0, 319.0, 310.0, 305.0, 303.0, 302.0, 302.0, 302.0, 302.0, 302.0, 302.0, 302.0, 302.0, 302.0, 302.0, 302.0, 302.0, 302.0, 302.0, 302.0, 302.0, 302.0, 302.0, 302.0, 302.0, 302.0, 302.0, 302.0, 302.0, 302.0, 302.0, 302.0, 302.0, 302.0, 302.0, 302.0, 302.0, 302.0, 302.0, 302.0, 302.0, 302.0, 302.0, 302.0, 302.0, 302.0, 302.0]	[0, 0, 0, 0, 0, 0, 0, 0, 0, 0, 0, 0, 0, 0, 0, 0, 0, 0, 0, 0, 0, 0, 0, 0, 0, 0, 0, 0, 0, 0, 0, 0, 0, 0, 0, 0, 0, 0, 0, 0, 0, 0, 0, 0, 0, 0, 0, 0, 0, 0, 0, 0, 0, 0, 0, 0, 0, 0, 0, 0, 0, 0, 0, 0, 0, 0, 0, 0, 0, 0, 0, 0]	[0, 0, 0, 0, 0, 0, 0, 0, 0, 0, 0, 0, 0, 0, 0, 0, 0, 0, 0, 0, 0, 0, 0, 0, 0, 0, 0, 0, 0, 0, 0, 0, 0, 0, 0, 0, 0, 0, 0, 0, 0, 0, 0, 0, 0, 0, 0, 0, 0, 0, 0, 0, 0, 0, 0, 0, 0, 0, 0, 0, 0, 0, 0, 0, 0, 0, 0, 0, 0, 0, 0, 0]	[0, 0, 0, 0, 0, 0, 0, 0, 0, 0, 0, 0, 0, 0, 0, 0, 0, 0, 0, 0, 0, 0, 0, 0, 0, 0, 0, 0, 0, 0, 0, 0, 0, 0, 0, 0, 0, 0, 0, 0, 0, 0, 0, 0, 0, 0, 0, 0, 0, 0, 0, 0, 0, 0, 0, 0, 0, 0, 0, 0, 0, 0, 0, 0, 0, 0, 0, 0, 0, 0, 0, 0]	[0.00041939999209716916, 0.007281900005182251, 0.0237691999936942, 0.040545399999246, 0.057166999991750345, 0.07374690001597628, 0.0905825000081677, 0.10732159999315627, 0.1237461999990046, 0.14026780001586303, 0.1568738000059966, 0.17356660001678392, 0.19066719998954795, 0.2071124000067357, 0.22377330000745133, 0.24026140000205487, 0.2572359000041615, 0.27384800001163967, 0.29043009999440983, 0.3069874999928288, 0.3236427000083495, 0.3405951000167988, 0.35777850000886247, 0.3735578999912832, 0.39012610001373105, 0.40684710000641644, 0.4235433000139892, 0.44042430000263266, 0.4570520000124816, 0.4735377999895718, 0.49016390001634136, 0.5065691999916453, 0.5233358000114094, 0.5399732000078075, 0.5565854000160471, 0.5732891999941785, 0.5899342999910004, 0.6066478000138886, 0.6232767000037711, 0.6399332000000868, 0.6567079999949783, 0.6732087999989744, 0.6900036000006367, 0.7066661000135355, 0.7232459000078961, 0.7398666999943089, 0.7565406000067014, 0.7732322000083514, 0.7900470999884419, 0.8064918000018224, 0.8232141000044066, 0.8398545999953058, 0.8566244000103325, 0.8732633999898098, 0.8903125000069849, 0.9065188000095077, 0.9231907000066712, 0.9398904000117909, 0.9564825000124983, 0.9732239000150003, 0.9897971000173129, 1.006544700008817, 1.0232252000132576, 1.03981419999036, 1.056414799997583, 1.073326600017026, 1.089720199990552, 1.106417800008785, 1.123078100004932, 1.1396759999915957, 1.1567067000141833, 1.173041900008684]	n/a	n/a	0.8	5a
500	13	go_nogo	0	60	4	go	click	[95.0, 95.0, 109.0, 136.0, 159.0, 171.0, 179.0, 182.0, 183.0, 184.0, 184.0, 184.0, 184.0, 186.0, 195.0, 204.0, 213.0, 216.0, 216.0, 216.0, 216.0, 216.0, 216.0, 216.0, 216.0, 216.0]	[-117.0, -117.0, -53.0, 60.0, 157.0, 212.0, 245.0, 262.0, 271.0, 276.0, 278.0, 278.0, 278.0, 283.0, 299.0, 322.0, 338.0, 343.0, 343.0, 343.0, 343.0, 339.0, 339.0, 338.0, 338.0, 338.0]	[0, 0, 0, 0, 0, 0, 0, 0, 0, 0, 0, 0, 0, 0, 0, 0, 0, 0, 0, 0, 0, 0, 0, 0, 0, 1]	[0, 0, 0, 0, 0, 0, 0, 0, 0, 0, 0, 0, 0, 0, 0, 0, 0, 0, 0, 0, 0, 0, 0, 0, 0, 0]	[0, 0, 0, 0, 0, 0, 0, 0, 0, 0, 0, 0, 0, 0, 0, 0, 0, 0, 0, 0, 0, 0, 0, 0, 0, 0]	[0.00044880001223646104, 0.008018900000024587, 0.024653200001921505, 0.04149329999927431, 0.05804350000107661, 0.07510710001224652, 0.09128230001078919, 0.10800500001641922, 0.12473410001257434, 0.14130849999492057, 0.15769079999881797, 0.17444100001011975, 0.19167110000853427, 0.20851719999336638, 0.2246445000055246, 0.24114329999429174, 0.2578473000030499, 0.2746155000058934, 0.2910517000127584, 0.3078193000110332, 0.324856399995042, 0.3410310000181198, 0.3579316000104882, 0.3744293999916408, 0.3910195000062231, 0.40763719999813475]	216.0	338.0	1.0	5a
501	13	go_nogo	0	60	8	go	click	[48.0, 48.0, 65.0, 95.0, 121.0, 135.0, 144.0, 151.0, 155.0, 158.0, 158.0, 158.0, 158.0, 158.0, 158.0, 158.0, 158.0, 158.0, 158.0, 158.0, 158.0, 158.0, 158.0, 158.0, 158.0, 158.0, 158.0, 158.0, 158.0, 158.0, 158.0, 158.0, 158.0, 158.0, 158.0, 158.0, 158.0, 158.0, 158.0, 158.0, 158.0, 158.0, 158.0, 158.0, 158.0, 158.0, 158.0, 158.0]	[-154.0, -154.0, -90.0, 27.0, 124.0, 207.0, 262.0, 296.0, 319.0, 327.0, 328.0, 328.0, 328.0, 328.0, 328.0, 328.0, 328.0, 328.0, 328.0, 328.0, 328.0, 328.0, 328.0, 328.0, 328.0, 328.0, 328.0, 328.0, 328.0, 328.0, 328.0, 328.0, 328.0, 328.0, 328.0, 328.0, 328.0, 328.0, 328.0, 328.0, 328.0, 328.0, 328.0, 328.0, 328.0, 328.0, 328.0, 328.0]	[0, 0, 0, 0, 0, 0, 0, 0, 0, 0, 0, 0, 0, 0, 0, 0, 0, 0, 0, 0, 0, 0, 0, 0, 0, 0, 0, 0, 0, 0, 0, 0, 0, 0, 0, 0, 0, 0, 0, 0, 0, 0, 0, 0, 0, 0, 0, 1]	[0, 0, 0, 0, 0, 0, 0, 0, 0, 0, 0, 0, 0, 0, 0, 0, 0, 0, 0, 0, 0, 0, 0, 0, 0, 0, 0, 0, 0, 0, 0, 0, 0, 0, 0, 0, 0, 0, 0, 0, 0, 0, 0, 0, 0, 0, 0, 0]	[0, 0, 0, 0, 0, 0, 0, 0, 0, 0, 0, 0, 0, 0, 0, 0, 0, 0, 0, 0, 0, 0, 0, 0, 0, 0, 0, 0, 0, 0, 0, 0, 0, 0, 0, 0, 0, 0, 0, 0, 0, 0, 0, 0, 0, 0, 0, 0]	[0.0003698000218719244, 0.007152800011681393, 0.02397830001427792, 0.040611600008560345, 0.057233500003349036, 0.07400390002294444, 0.09063099999912083, 0.10733810000238009, 0.12399540000478737, 0.14061250002123415, 0.1571239000186324, 0.17373020001105033, 0.19041990002733655, 0.20695930000510998, 0.2237168000137899, 0.24035550002008677, 0.25699050002731383, 0.2736985000083223, 0.2903832000156399, 0.30713130001095124, 0.32362800001283176, 0.34028980002040043, 0.3569832000066526, 0.37370470000314526, 0.3905420000082813, 0.40716110001085326, 0.4238259000121616, 0.44026970001868904, 0.4571613000007346, 0.4736245000094641, 0.49037690000841394, 0.5069508000160567, 0.5236524000065401, 0.5403139000118244, 0.5569798000215087, 0.573608200007584, 0.5902566000004299, 0.606993000023067, 0.6237816000066232, 0.6402802000229713, 0.656966000009561, 0.6735691000067163, 0.6904322000045795, 0.7068856000259984, 0.723758700012695, 0.7402600000204984, 0.7571202000253834, 0.7740833999996539]	158.0	328.0	0.9	5a
502	13	go_nogo	0	60	8	go	click	[98.0, 98.0, 131.0, 184.0, 226.0, 237.0, 239.0, 239.0, 239.0, 239.0, 239.0, 239.0, 239.0, 239.0, 238.0, 238.0, 238.0, 238.0, 238.0, 238.0, 238.0]	[-112.0, -112.0, -33.0, 107.0, 239.0, 279.0, 294.0, 299.0, 300.0, 301.0, 301.0, 301.0, 301.0, 302.0, 306.0, 307.0, 307.0, 307.0, 307.0, 307.0, 307.0]	[0, 0, 0, 0, 0, 0, 0, 0, 0, 0, 0, 0, 0, 0, 0, 0, 0, 0, 0, 0, 1]	[0, 0, 0, 0, 0, 0, 0, 0, 0, 0, 0, 0, 0, 0, 0, 0, 0, 0, 0, 0, 0]	[0, 0, 0, 0, 0, 0, 0, 0, 0, 0, 0, 0, 0, 0, 0, 0, 0, 0, 0, 0, 0]	[0.0004154000198468566, 0.010589700017590076, 0.027186799998162314, 0.04377230000682175, 0.06059290000121109, 0.07712840000749566, 0.09366770001361147, 0.11059860000386834, 0.12704459999804385, 0.14339850001852028, 0.16021100000943989, 0.1769145000143908, 0.1936627000104636, 0.21042710001347587, 0.2270489000075031, 0.24355939999804832, 0.2600768000120297, 0.276886600011494, 0.2936453000002075, 0.31023620002088137, 0.32712659999378957]	238.0	307.0	0.5	5a
503	13	go_nogo	0	60	8	go	click	[72.0, 72.0, 112.0, 143.0, 169.0, 188.0, 198.0, 205.0, 208.0, 209.0, 209.0, 209.0, 209.0, 209.0, 209.0, 207.0, 207.0, 206.0, 206.0, 206.0, 209.0, 209.0, 209.0, 208.0, 207.0, 207.0, 206.0, 206.0]	[-209.0, -209.0, -74.0, 66.0, 202.0, 336.0, 429.0, 472.0, 487.0, 491.0, 492.0, 492.0, 490.0, 471.0, 465.0, 460.0, 455.0, 447.0, 429.0, 405.0, 373.0, 347.0, 327.0, 310.0, 298.0, 298.0, 298.0, 298.0]	[0, 0, 0, 0, 0, 0, 0, 0, 0, 0, 0, 0, 0, 0, 0, 0, 0, 0, 0, 0, 0, 0, 0, 0, 0, 0, 0, 1]	[0, 0, 0, 0, 0, 0, 0, 0, 0, 0, 0, 0, 0, 0, 0, 0, 0, 0, 0, 0, 0, 0, 0, 0, 0, 0, 0, 0]	[0, 0, 0, 0, 0, 0, 0, 0, 0, 0, 0, 0, 0, 0, 0, 0, 0, 0, 0, 0, 0, 0, 0, 0, 0, 0, 0, 0]	[0.00048030001926235855, 0.010727400018367916, 0.027438700024504215, 0.04406569999991916, 0.06046750000678003, 0.07741040000109933, 0.09383200001320802, 0.11055020001367666, 0.12719990001642145, 0.14410180001868866, 0.16032429999904707, 0.17739980001351796, 0.19393620002665557, 0.21061210002517328, 0.22718860002350993, 0.24387299999943934, 0.2605307000048924, 0.27712710000923835, 0.2937820000224747, 0.310609200008912, 0.32708909999928437, 0.3437755000195466, 0.360474700020859, 0.37763480001012795, 0.39353750000009313, 0.41053210000973195, 0.4269285000045784, 0.4441034000192303]	206.0	298.0	0.8	5a
504	13	go_nogo	0	60	2	go	click	[87.0, 87.0, 132.0, 186.0, 232.0, 265.0, 284.0, 291.0, 293.0, 293.0, 293.0, 293.0, 293.0, 293.0, 293.0, 288.0, 285.0, 282.0, 274.0, 258.0, 237.0, 227.0, 223.0, 222.0, 221.0, 221.0, 221.0, 221.0, 221.0]	[-200.0, -200.0, -76.0, 41.0, 150.0, 223.0, 267.0, 286.0, 292.0, 292.0, 292.0, 292.0, 292.0, 292.0, 292.0, 290.0, 290.0, 290.0, 294.0, 303.0, 310.0, 313.0, 314.0, 314.0, 314.0, 314.0, 314.0, 314.0, 314.0]	[0, 0, 0, 0, 0, 0, 0, 0, 0, 0, 0, 0, 0, 0, 0, 0, 0, 0, 0, 0, 0, 0, 0, 0, 0, 0, 0, 0, 1]	[0, 0, 0, 0, 0, 0, 0, 0, 0, 0, 0, 0, 0, 0, 0, 0, 0, 0, 0, 0, 0, 0, 0, 0, 0, 0, 0, 0, 0]	[0, 0, 0, 0, 0, 0, 0, 0, 0, 0, 0, 0, 0, 0, 0, 0, 0, 0, 0, 0, 0, 0, 0, 0, 0, 0, 0, 0, 0]	[0.0004807999939657748, 0.00964659999590367, 0.02664660001755692, 0.04309260001173243, 0.059701999998651445, 0.07584969999152236, 0.09285200000158511, 0.10935080001945607, 0.12589980001212098, 0.14225200001965277, 0.15905690001090989, 0.17562349999207072, 0.1923733000003267, 0.20899030001601204, 0.22619109999504872, 0.2428784999938216, 0.2591046000015922, 0.27633419999619946, 0.29278899999917485, 0.30910129999392666, 0.32591350001166575, 0.3426795999985188, 0.35923580001690425, 0.37617520001367666, 0.3923996000085026, 0.40885229999548756, 0.4255554999981541, 0.4425307000055909, 0.45936239999718964]	221.0	314.0	0.6	5a
505	13	go_nogo	0	60	2	go	click	[102.0, 102.0, 134.0, 210.0, 244.0, 267.0, 277.0, 281.0, 282.0, 282.0, 282.0, 281.0, 281.0, 281.0, 281.0, 281.0, 281.0, 281.0, 279.0, 275.0, 268.0, 261.0, 253.0, 243.0, 233.0, 220.0, 214.0, 212.0, 212.0, 212.0, 212.0, 212.0, 212.0]	[-142.0, -142.0, -71.0, 142.0, 242.0, 312.0, 343.0, 355.0, 357.0, 357.0, 357.0, 355.0, 354.0, 354.0, 354.0, 354.0, 354.0, 354.0, 354.0, 350.0, 346.0, 342.0, 337.0, 331.0, 326.0, 317.0, 314.0, 313.0, 312.0, 312.0, 312.0, 312.0, 312.0]	[0, 0, 0, 0, 0, 0, 0, 0, 0, 0, 0, 0, 0, 0, 0, 0, 0, 0, 0, 0, 0, 0, 0, 0, 0, 0, 0, 0, 0, 0, 0, 0, 1]	[0, 0, 0, 0, 0, 0, 0, 0, 0, 0, 0, 0, 0, 0, 0, 0, 0, 0, 0, 0, 0, 0, 0, 0, 0, 0, 0, 0, 0, 0, 0, 0, 0]	[0, 0, 0, 0, 0, 0, 0, 0, 0, 0, 0, 0, 0, 0, 0, 0, 0, 0, 0, 0, 0, 0, 0, 0, 0, 0, 0, 0, 0, 0, 0, 0, 0]	[0.0004358000005595386, 0.011150199978146702, 0.027776199975050986, 0.04410879997885786, 0.061107999994419515, 0.07762149997870438, 0.09401509998133406, 0.11093749999417923, 0.12720049999188632, 0.1438657999970019, 0.16080799998599105, 0.17734159997780807, 0.1939616999879945, 0.21047659998293966, 0.22724379997816868, 0.24399349998566322, 0.26056409999728203, 0.27723779997904785, 0.294014299986884, 0.31072329997550696, 0.32724600000074133, 0.3446393999911379, 0.3606372999784071, 0.3772781000006944, 0.3942568999773357, 0.4108906999754254, 0.42731089997687377, 0.44451829997706227, 0.4604665999941062, 0.4773080999730155, 0.49367099997471087, 0.510407399997348, 0.5274471999728121]	212.0	312.0	1.0	5a
506	13	go_nogo	0	60	3	go	click	[106.0, 106.0, 128.0, 169.0, 198.0, 222.0, 234.0, 240.0, 243.0, 243.0, 243.0, 243.0, 244.0, 245.0, 245.0, 245.0, 245.0, 245.0, 245.0, 245.0, 245.0, 245.0, 245.0, 245.0, 245.0, 245.0, 245.0, 245.0, 245.0, 245.0, 245.0, 245.0, 245.0, 245.0, 245.0, 245.0, 245.0, 245.0, 245.0, 245.0, 245.0, 245.0, 245.0, 245.0, 245.0, 245.0, 245.0, 245.0, 245.0, 245.0, 245.0, 245.0, 245.0, 245.0, 245.0]	[-143.0, -143.0, -89.0, 27.0, 136.0, 214.0, 250.0, 273.0, 284.0, 287.0, 288.0, 288.0, 292.0, 294.0, 295.0, 295.0, 295.0, 295.0, 295.0, 295.0, 295.0, 295.0, 295.0, 295.0, 295.0, 295.0, 295.0, 295.0, 295.0, 295.0, 295.0, 295.0, 295.0, 295.0, 295.0, 295.0, 295.0, 295.0, 295.0, 295.0, 295.0, 295.0, 295.0, 295.0, 295.0, 295.0, 296.0, 296.0, 296.0, 296.0, 296.0, 296.0, 296.0, 296.0, 296.0]	[0, 0, 0, 0, 0, 0, 0, 0, 0, 0, 0, 0, 0, 0, 0, 0, 0, 0, 0, 0, 0, 0, 0, 0, 0, 0, 0, 0, 0, 0, 0, 0, 0, 0, 0, 0, 0, 0, 0, 0, 0, 0, 0, 0, 0, 0, 0, 0, 0, 0, 0, 0, 0, 0, 1]	[0, 0, 0, 0, 0, 0, 0, 0, 0, 0, 0, 0, 0, 0, 0, 0, 0, 0, 0, 0, 0, 0, 0, 0, 0, 0, 0, 0, 0, 0, 0, 0, 0, 0, 0, 0, 0, 0, 0, 0, 0, 0, 0, 0, 0, 0, 0, 0, 0, 0, 0, 0, 0, 0, 0]	[0, 0, 0, 0, 0, 0, 0, 0, 0, 0, 0, 0, 0, 0, 0, 0, 0, 0, 0, 0, 0, 0, 0, 0, 0, 0, 0, 0, 0, 0, 0, 0, 0, 0, 0, 0, 0, 0, 0, 0, 0, 0, 0, 0, 0, 0, 0, 0, 0, 0, 0, 0, 0, 0, 0]	[0.00042379999649710953, 0.008209699997678399, 0.025055000005522743, 0.041621900018071756, 0.05813210000633262, 0.07472090001101606, 0.091535700019449, 0.10823150002397597, 0.12473150002188049, 0.14142800000263378, 0.15812380000716075, 0.1749024000018835, 0.19187070001498796, 0.2080361999978777, 0.22458219999680296, 0.24123400001553819, 0.25792220002040267, 0.2745491999958176, 0.2912036000052467, 0.3078893000201788, 0.32455160000245087, 0.3411220000125468, 0.3578643000219017, 0.37457090002135374, 0.39111090000369586, 0.4077413000050001, 0.4247380000015255, 0.4413049000140745, 0.4577337000227999, 0.4744590000191238, 0.4912340000155382, 0.507728099997621, 0.5245025000185706, 0.5424232000077609, 0.5578661000181455, 0.5744054999959189, 0.591108799999347, 0.6079595000192057, 0.6243370000156574, 0.6412973999977112, 0.6577408000011928, 0.6744313000235707, 0.6910307000216562, 0.7080569000099786, 0.7243917000014335, 0.7413014000048861, 0.7578987000160851, 0.7744231999968179, 0.791204100009054, 0.8077001000056043, 0.8245214000053238, 0.840946200012695, 0.8577860000077635, 0.8745753999974113, 0.8913624999986496]	245.0	296.0	0.7	5a
507	13	go_nogo	0	60	8	go	click	[62.0, 62.0, 72.0, 97.0, 118.0, 134.0, 150.0, 163.0, 166.0, 166.0, 166.0, 166.0, 167.0, 167.0, 167.0, 167.0, 167.0, 167.0, 167.0, 167.0, 169.0, 169.0, 169.0, 170.0, 171.0]	[-171.0, -171.0, -116.0, 8.0, 112.0, 195.0, 267.0, 318.0, 329.0, 333.0, 333.0, 333.0, 334.0, 335.0, 335.0, 335.0, 335.0, 335.0, 335.0, 336.0, 336.0, 336.0, 336.0, 336.0, 336.0]	[0, 0, 0, 0, 0, 0, 0, 0, 0, 0, 0, 0, 0, 0, 0, 0, 0, 0, 0, 0, 0, 0, 0, 0, 1]	[0, 0, 0, 0, 0, 0, 0, 0, 0, 0, 0, 0, 0, 0, 0, 0, 0, 0, 0, 0, 0, 0, 0, 0, 0]	[0, 0, 0, 0, 0, 0, 0, 0, 0, 0, 0, 0, 0, 0, 0, 0, 0, 0, 0, 0, 0, 0, 0, 0, 0]	[0.00020509999012574553, 0.009704299998702481, 0.02639479999197647, 0.04286149999825284, 0.05971919998410158, 0.07635759998811409, 0.09292799999821, 0.10964979999698699, 0.12628810000023805, 0.1429459999781102, 0.15933039999799803, 0.1762072999845259, 0.19285469999886118, 0.20943409999017604, 0.2258873999817297, 0.2427447999943979, 0.25926749999052845, 0.2759864999970887, 0.29260239997529425, 0.3095493000000715, 0.3259574999974575, 0.3426834999991115, 0.35954919998766854, 0.3759567999804858, 0.3926717999856919]	171.0	336.0	0.7	5a
508	13	go_nogo	0	60	1	nogo	none	[81.0, 81.0, 105.0, 145.0, 173.0, 188.0, 195.0, 196.0, 196.0, 197.0, 197.0, 197.0, 197.0, 197.0, 197.0, 197.0, 197.0, 197.0, 197.0, 197.0, 197.0, 197.0]	[-126.0, -126.0, -49.0, 89.0, 183.0, 247.0, 282.0, 302.0, 313.0, 315.0, 315.0, 315.0, 315.0, 315.0, 315.0, 315.0, 315.0, 315.0, 315.0, 315.0, 315.0, 315.0]	[0, 0, 0, 0, 0, 0, 0, 0, 0, 0, 0, 0, 0, 0, 0, 0, 0, 0, 0, 0, 0, 1]	[0, 0, 0, 0, 0, 0, 0, 0, 0, 0, 0, 0, 0, 0, 0, 0, 0, 0, 0, 0, 0, 0]	[0, 0, 0, 0, 0, 0, 0, 0, 0, 0, 0, 0, 0, 0, 0, 0, 0, 0, 0, 0, 0, 0]	[0.00042740002390928566, 0.007709099998464808, 0.02443180000409484, 0.041140700021060184, 0.05784819999826141, 0.07454940001480281, 0.09118070002296008, 0.10791650001192465, 0.12454220000654459, 0.14123570002266206, 0.157527300005313, 0.1742361000215169, 0.1908949000062421, 0.2074960000172723, 0.22423910000361502, 0.2409895000164397, 0.25752000001375563, 0.27421820000745356, 0.2909510000026785, 0.30751330000930466, 0.32400950000737794, 0.341300100000808]	197.0	315.0	0.8	5a
509	13	go_nogo	0	60	6	go	click	[52.0, 52.0, 73.0, 108.0, 136.0, 147.0, 150.0, 152.0, 152.0, 152.0, 152.0, 152.0, 152.0, 152.0, 152.0, 152.0, 153.0, 157.0, 166.0, 184.0, 191.0, 193.0, 193.0, 194.0, 194.0, 194.0]	[-90.0, -90.0, -2.0, 155.0, 276.0, 346.0, 374.0, 382.0, 382.0, 382.0, 378.0, 369.0, 365.0, 365.0, 365.0, 364.0, 361.0, 350.0, 326.0, 285.0, 269.0, 265.0, 265.0, 265.0, 265.0, 265.0]	[0, 0, 0, 0, 0, 0, 0, 0, 0, 0, 0, 0, 0, 0, 0, 0, 0, 0, 0, 0, 0, 0, 0, 0, 0, 1]	[0, 0, 0, 0, 0, 0, 0, 0, 0, 0, 0, 0, 0, 0, 0, 0, 0, 0, 0, 0, 0, 0, 0, 0, 0, 0]	[0, 0, 0, 0, 0, 0, 0, 0, 0, 0, 0, 0, 0, 0, 0, 0, 0, 0, 0, 0, 0, 0, 0, 0, 0, 0]	[0.0004243000003043562, 0.008919899992179126, 0.025553699990268797, 0.04219129998818971, 0.05887589999474585, 0.0756171999964863, 0.09272489999420941, 0.10864719998789951, 0.12561459999415092, 0.1420429999998305, 0.15892909999820404, 0.17542609997326508, 0.19216099998448044, 0.20861959998728707, 0.2256453999725636, 0.24208749999525025, 0.2588151999807451, 0.27549879997968674, 0.29207929997937754, 0.3093321999767795, 0.32558599999174476, 0.3418820999795571, 0.35883889999240637, 0.3754262999864295, 0.39197539997985587, 0.4089106999745127]	194.0	265.0	0.6	5a
510	13	go_nogo	0	60	6	go	click	[117.0, 153.0, 178.0, 218.0, 244.0, 259.0, 267.0, 270.0, 271.0, 271.0, 271.0, 269.0, 266.0, 261.0, 254.0, 247.0, 243.0, 242.0, 241.0, 239.0, 236.0, 236.0, 236.0, 236.0, 236.0]	[-147.0, -79.0, -17.0, 117.0, 218.0, 268.0, 297.0, 307.0, 309.0, 310.0, 310.0, 310.0, 310.0, 307.0, 300.0, 292.0, 287.0, 286.0, 286.0, 286.0, 286.0, 286.0, 286.0, 286.0, 286.0]	[0, 0, 0, 0, 0, 0, 0, 0, 0, 0, 0, 0, 0, 0, 0, 0, 0, 0, 0, 0, 0, 0, 0, 0, 1]	[0, 0, 0, 0, 0, 0, 0, 0, 0, 0, 0, 0, 0, 0, 0, 0, 0, 0, 0, 0, 0, 0, 0, 0, 0]	[0, 0, 0, 0, 0, 0, 0, 0, 0, 0, 0, 0, 0, 0, 0, 0, 0, 0, 0, 0, 0, 0, 0, 0, 0]	[0.0001703999878372997, 0.010224099998595193, 0.027037199994083494, 0.0437386000121478, 0.06039900000905618, 0.07709199999226257, 0.09374519999255426, 0.11050770001020283, 0.12705489998916164, 0.14357380001456477, 0.16018989999429323, 0.17723699999623932, 0.19409569998970255, 0.21072080000885762, 0.227024399995571, 0.24368230000254698, 0.26029010000638664, 0.2771587999886833, 0.29366210001171567, 0.3104716000088956, 0.3267807000083849, 0.34343529999023303, 0.3600827000045683, 0.37685219998820685, 0.3935658000118565]	236.0	286.0	0.7	5a
511	13	go_nogo	0	60	1	nogo	none	[42.0, 42.0, 61.0, 85.0, 105.0, 117.0, 127.0, 131.0, 132.0, 132.0, 132.0, 133.0, 134.0, 136.0, 137.0, 137.0, 137.0, 137.0, 138.0, 138.0, 142.0, 152.0, 161.0, 172.0, 177.0, 180.0, 181.0, 182.0, 182.0, 182.0, 182.0, 182.0, 182.0, 182.0, 182.0, 182.0, 182.0, 182.0, 182.0, 182.0, 182.0, 182.0, 182.0, 182.0, 182.0, 182.0, 182.0, 182.0, 182.0, 182.0, 182.0, 182.0, 182.0, 182.0, 182.0, 182.0, 182.0, 182.0, 182.0, 182.0, 182.0, 182.0, 182.0, 182.0, 182.0, 182.0, 182.0, 182.0, 182.0]	[-197.0, -197.0, -82.0, 30.0, 122.0, 168.0, 195.0, 207.0, 209.0, 210.0, 210.0, 210.0, 210.0, 210.0, 210.0, 210.0, 209.0, 207.0, 206.0, 206.0, 209.0, 227.0, 247.0, 266.0, 278.0, 286.0, 287.0, 288.0, 288.0, 289.0, 289.0, 289.0, 289.0, 289.0, 289.0, 289.0, 289.0, 289.0, 289.0, 289.0, 289.0, 289.0, 289.0, 289.0, 289.0, 289.0, 289.0, 289.0, 289.0, 289.0, 289.0, 289.0, 289.0, 289.0, 289.0, 289.0, 289.0, 289.0, 289.0, 289.0, 289.0, 289.0, 289.0, 289.0, 289.0, 289.0, 289.0, 289.0, 289.0]	[0, 0, 0, 0, 0, 0, 0, 0, 0, 0, 0, 0, 0, 0, 0, 0, 0, 0, 0, 0, 0, 0, 0, 0, 0, 0, 0, 0, 0, 0, 0, 0, 0, 0, 0, 0, 0, 0, 0, 0, 0, 0, 0, 0, 0, 0, 0, 0, 0, 0, 0, 0, 0, 0, 0, 0, 0, 0, 0, 0, 0, 0, 0, 0, 0, 0, 0, 0, 0]	[0, 0, 0, 0, 0, 0, 0, 0, 0, 0, 0, 0, 0, 0, 0, 0, 0, 0, 0, 0, 0, 0, 0, 0, 0, 0, 0, 0, 0, 0, 0, 0, 0, 0, 0, 0, 0, 0, 0, 0, 0, 0, 0, 0, 0, 0, 0, 0, 0, 0, 0, 0, 0, 0, 0, 0, 0, 0, 0, 0, 0, 0, 0, 0, 0, 0, 0, 0, 0]	[0, 0, 0, 0, 0, 0, 0, 0, 0, 0, 0, 0, 0, 0, 0, 0, 0, 0, 0, 0, 0, 0, 0, 0, 0, 0, 0, 0, 0, 0, 0, 0, 0, 0, 0, 0, 0, 0, 0, 0, 0, 0, 0, 0, 0, 0, 0, 0, 0, 0, 0, 0, 0, 0, 0, 0, 0, 0, 0, 0, 0, 0, 0, 0, 0, 0, 0, 0, 0]	[0.00020330000552348793, 0.010136800003238022, 0.026351200009230524, 0.04323929999372922, 0.05986519998987205, 0.07664040001691319, 0.09299160001683049, 0.10973389999708161, 0.1263918000040576, 0.1428895000135526, 0.15997360000619665, 0.17646730001433752, 0.19323410000652075, 0.20966140000382438, 0.22611180000239983, 0.24303430001600645, 0.2597117999976035, 0.2763695000030566, 0.2926910000096541, 0.30994900001678616, 0.32631999999284744, 0.342936600005487, 0.3595346999936737, 0.3762840999988839, 0.3929589999897871, 0.40990790000068955, 0.42620469999383204, 0.4426936999952886, 0.45948210000642575, 0.4759728999924846, 0.49256109999259934, 0.5092817000113428, 0.5259701999893878, 0.5425653000129387, 0.5593366000102833, 0.5758793000131845, 0.5926728000049479, 0.6092746999929659, 0.6261104000150226, 0.6426283000037074, 0.6592140000138897, 0.675825000012992, 0.6926069000037387, 0.7092348000151105, 0.7258480000018608, 0.7425433000025805, 0.7591834999911953, 0.7758930000127293, 0.7927202999999281, 0.8091843000147492, 0.8259363000106532, 0.8424749000114389, 0.8592713999969419, 0.8767087000014726, 0.8926707000064198, 0.9090443000022788, 0.925782700011041, 0.9423729999980424, 0.9591611000068951, 0.9757828000001609, 0.9925527000159491, 1.009125300013693, 1.0257589000102598, 1.0424151000042912, 1.0591702999954578, 1.0757707000011578, 1.0924524000147358, 1.109124000009615, 1.1257613000052515]	n/a	n/a	1.0	5a
512	13	go_nogo	0	60	7	go	click	[7.0, 7.0, 26.0, 80.0, 100.0, 112.0, 122.0, 128.0, 136.0, 143.0, 147.0, 148.0, 151.0, 154.0, 160.0, 161.0, 161.0, 161.0, 161.0, 161.0, 163.0, 166.0, 167.0, 168.0, 169.0, 169.0]	[-224.0, -224.0, -166.0, -2.0, 94.0, 145.0, 182.0, 209.0, 230.0, 246.0, 256.0, 261.0, 267.0, 276.0, 288.0, 288.0, 289.0, 289.0, 288.0, 286.0, 286.0, 287.0, 289.0, 290.0, 290.0, 290.0]	[0, 0, 0, 0, 0, 0, 0, 0, 0, 0, 0, 0, 0, 0, 0, 0, 0, 0, 0, 0, 0, 0, 0, 0, 0, 1]	[0, 0, 0, 0, 0, 0, 0, 0, 0, 0, 0, 0, 0, 0, 0, 0, 0, 0, 0, 0, 0, 0, 0, 0, 0, 0]	[0, 0, 0, 0, 0, 0, 0, 0, 0, 0, 0, 0, 0, 0, 0, 0, 0, 0, 0, 0, 0, 0, 0, 0, 0, 0]	[0.0003381999849807471, 0.008237999980337918, 0.025229699996998534, 0.042266300006303936, 0.05920079999486916, 0.07504140000673942, 0.09197909999056719, 0.10818139999173582, 0.12483839999185875, 0.14159260000451468, 0.15833969999221154, 0.17479069999535568, 0.19149269998888485, 0.20812949998071417, 0.22479259999818169, 0.2414543000049889, 0.2578963999985717, 0.27477839999482967, 0.29155579998041503, 0.3081209999800194, 0.32478399999672547, 0.34138259998871945, 0.358186299999943, 0.37496739998459816, 0.3911493000050541, 0.4083198999869637]	169.0	290.0	1.0	5a
513	13	go_nogo	0	60	8	go	click	[52.0, 76.0, 76.0, 129.0, 154.0, 173.0, 183.0, 187.0, 188.0, 188.0, 188.0, 189.0, 193.0, 201.0, 212.0, 214.0, 214.0, 214.0, 214.0, 212.0, 207.0, 202.0, 194.0, 188.0, 187.0, 186.0, 186.0, 186.0, 186.0, 186.0]	[-156.0, -86.0, -86.0, 147.0, 283.0, 367.0, 402.0, 417.0, 420.0, 420.0, 420.0, 420.0, 421.0, 427.0, 435.0, 436.0, 436.0, 436.0, 433.0, 414.0, 380.0, 335.0, 301.0, 282.0, 274.0, 269.0, 266.0, 266.0, 266.0, 266.0]	[0, 0, 0, 0, 0, 0, 0, 0, 0, 0, 0, 0, 0, 0, 0, 0, 0, 0, 0, 0, 0, 0, 0, 0, 0, 0, 0, 0, 0, 1]	[0, 0, 0, 0, 0, 0, 0, 0, 0, 0, 0, 0, 0, 0, 0, 0, 0, 0, 0, 0, 0, 0, 0, 0, 0, 0, 0, 0, 0, 0]	[0, 0, 0, 0, 0, 0, 0, 0, 0, 0, 0, 0, 0, 0, 0, 0, 0, 0, 0, 0, 0, 0, 0, 0, 0, 0, 0, 0, 0, 0]	[0.00037299998803064227, 0.008063499990385026, 0.024959500005934387, 0.041747899987967685, 0.0583547999849543, 0.07496319999336265, 0.09235349998925813, 0.1082583999959752, 0.12466410000342876, 0.14144790000864305, 0.15837310001370497, 0.17502739999326877, 0.1916340999887325, 0.2082249000086449, 0.22533059999113902, 0.24123929999768734, 0.25796359998639673, 0.2749189999885857, 0.29177189999609254, 0.30821479999576695, 0.325058699992951, 0.3414544000115711, 0.3581740999943577, 0.3751584000128787, 0.39163080000435, 0.4082430000125896, 0.42461779998848215, 0.4412497000012081, 0.45811129998764955, 0.47541919999639504]	186.0	266.0	0.5	5a
514	13	go_nogo	0	60	4	go	click	[50.0, 50.0, 65.0, 124.0, 159.0, 176.0, 186.0, 196.0, 201.0, 203.0, 203.0, 203.0, 203.0, 203.0, 203.0, 203.0, 203.0, 203.0, 203.0, 203.0, 205.0, 209.0, 210.0, 211.0, 211.0, 211.0, 211.0]	[-233.0, -233.0, -183.0, -29.0, 59.0, 120.0, 157.0, 184.0, 201.0, 205.0, 206.0, 206.0, 206.0, 207.0, 209.0, 210.0, 210.0, 210.0, 210.0, 215.0, 228.0, 247.0, 263.0, 271.0, 272.0, 272.0, 272.0]	[0, 0, 0, 0, 0, 0, 0, 0, 0, 0, 0, 0, 0, 0, 0, 0, 0, 0, 0, 0, 0, 0, 0, 0, 0, 0, 1]	[0, 0, 0, 0, 0, 0, 0, 0, 0, 0, 0, 0, 0, 0, 0, 0, 0, 0, 0, 0, 0, 0, 0, 0, 0, 0, 0]	[0, 0, 0, 0, 0, 0, 0, 0, 0, 0, 0, 0, 0, 0, 0, 0, 0, 0, 0, 0, 0, 0, 0, 0, 0, 0, 0]	[0.00034830000367946923, 0.008627999981399626, 0.025373399985255674, 0.04200889999628998, 0.058975899999495596, 0.07548080000560731, 0.09222709998721257, 0.10907679999945685, 0.12541109998710454, 0.1419674000062514, 0.15864899998996407, 0.17524640000192448, 0.1922811999975238, 0.2085701999894809, 0.22533580000163056, 0.24184159998549148, 0.25839770000311546, 0.2750917999946978, 0.2927936000050977, 0.3085369000036735, 0.32515009999042377, 0.3420963999815285, 0.35862539999652654, 0.3753220000071451, 0.3919850999955088, 0.4086113999946974, 0.42531779999262653]	211.0	272.0	1.0	5a
515	13	go_nogo	0	60	9	nogo	none	[52.0, 67.0, 84.0, 95.0, 107.0, 114.0, 120.0, 123.0, 126.0, 127.0, 131.0, 137.0, 139.0, 139.0, 139.0, 139.0, 139.0, 139.0, 139.0, 140.0, 143.0, 146.0, 151.0, 153.0, 154.0, 155.0, 156.0, 156.0, 156.0, 156.0, 156.0, 156.0, 156.0, 156.0, 156.0, 156.0, 156.0, 156.0, 156.0, 156.0, 156.0, 156.0, 156.0, 156.0, 156.0, 156.0, 156.0, 156.0, 156.0, 156.0, 156.0, 156.0, 156.0, 156.0, 156.0, 156.0, 156.0, 156.0, 156.0, 156.0, 156.0, 156.0, 156.0, 156.0, 156.0, 156.0, 156.0]	[-179.0, -110.0, -42.0, 107.0, 193.0, 233.0, 258.0, 272.0, 282.0, 293.0, 320.0, 343.0, 352.0, 352.0, 353.0, 352.0, 342.0, 322.0, 299.0, 288.0, 287.0, 287.0, 289.0, 292.0, 292.0, 293.0, 293.0, 293.0, 293.0, 293.0, 293.0, 293.0, 293.0, 293.0, 293.0, 293.0, 293.0, 293.0, 293.0, 293.0, 293.0, 293.0, 293.0, 293.0, 293.0, 293.0, 293.0, 293.0, 293.0, 293.0, 293.0, 293.0, 293.0, 293.0, 293.0, 293.0, 293.0, 293.0, 293.0, 293.0, 293.0, 293.0, 293.0, 293.0, 293.0, 293.0, 293.0]	[0, 0, 0, 0, 0, 0, 0, 0, 0, 0, 0, 0, 0, 0, 0, 0, 0, 0, 0, 0, 0, 0, 0, 0, 0, 0, 0, 0, 0, 0, 0, 0, 0, 0, 0, 0, 0, 0, 0, 0, 0, 0, 0, 0, 0, 0, 0, 0, 0, 0, 0, 0, 0, 0, 0, 0, 0, 0, 0, 0, 0, 0, 0, 0, 0, 0, 0]	[0, 0, 0, 0, 0, 0, 0, 0, 0, 0, 0, 0, 0, 0, 0, 0, 0, 0, 0, 0, 0, 0, 0, 0, 0, 0, 0, 0, 0, 0, 0, 0, 0, 0, 0, 0, 0, 0, 0, 0, 0, 0, 0, 0, 0, 0, 0, 0, 0, 0, 0, 0, 0, 0, 0, 0, 0, 0, 0, 0, 0, 0, 0, 0, 0, 0, 0]	[0, 0, 0, 0, 0, 0, 0, 0, 0, 0, 0, 0, 0, 0, 0, 0, 0, 0, 0, 0, 0, 0, 0, 0, 0, 0, 0, 0, 0, 0, 0, 0, 0, 0, 0, 0, 0, 0, 0, 0, 0, 0, 0, 0, 0, 0, 0, 0, 0, 0, 0, 0, 0, 0, 0, 0, 0, 0, 0, 0, 0, 0, 0, 0, 0, 0, 0]	[7.899999036453664e-05, 0.008709299989277497, 0.025450099987210706, 0.04258320000371896, 0.05873399999109097, 0.07535930001176894, 0.09223390000988729, 0.10906720001366921, 0.12549080001190305, 0.14222450001398101, 0.15882119999150746, 0.17577110001002438, 0.19193150001228787, 0.2087671000044793, 0.22537880000891164, 0.24229640001431108, 0.25863339999341406, 0.2756559000117704, 0.2922233999997843, 0.30882400000700727, 0.32551510000484996, 0.3419714999909047, 0.3586842000077013, 0.37548119999701157, 0.3918206999951508, 0.40829789999406785, 0.42503559999749996, 0.4416540999955032, 0.4583954999980051, 0.47504799999296665, 0.49167789999046363, 0.5083287000015844, 0.5250481000111904, 0.5416343999968376, 0.5583546000125352, 0.5750520000001416, 0.5918509000039194, 0.6084993999975268, 0.6248558000079356, 0.6417469000152778, 0.6585021000064444, 0.6748526000010315, 0.6916533999901731, 0.7083570999966469, 0.7249373999948148, 0.7416536000091583, 0.7582419000100344, 0.7749464999942575, 0.7916595000133384, 0.8083526999980677, 0.8247068999917246, 0.841388700006064, 0.8582214000052772, 0.8747807999898214, 0.8915628000104334, 0.9081911999965087, 0.9249561000033282, 0.9415507999947295, 0.9581147000135388, 0.974861199996667, 0.9915161000099033, 1.0081696000124793, 1.0248447000049055, 1.0414288000029046, 1.0581115999957547, 1.0748663000122178, 1.091431700013345]	n/a	n/a	1.0	5a
516	13	go_nogo	0	60	6	go	click	[56.0, 56.0, 76.0, 127.0, 180.0, 221.0, 233.0, 238.0, 240.0, 241.0, 243.0, 243.0, 243.0, 243.0, 243.0, 243.0, 243.0, 236.0, 230.0, 230.0, 230.0, 230.0, 230.0, 230.0, 230.0]	[-222.0, -222.0, -180.0, -77.0, 37.0, 187.0, 234.0, 264.0, 281.0, 288.0, 293.0, 296.0, 297.0, 297.0, 297.0, 297.0, 293.0, 275.0, 269.0, 268.0, 268.0, 268.0, 268.0, 268.0, 268.0]	[0, 0, 0, 0, 0, 0, 0, 0, 0, 0, 0, 0, 0, 0, 0, 0, 0, 0, 0, 0, 0, 0, 0, 0, 1]	[0, 0, 0, 0, 0, 0, 0, 0, 0, 0, 0, 0, 0, 0, 0, 0, 0, 0, 0, 0, 0, 0, 0, 0, 0]	[0, 0, 0, 0, 0, 0, 0, 0, 0, 0, 0, 0, 0, 0, 0, 0, 0, 0, 0, 0, 0, 0, 0, 0, 0]	[0.00041259999852627516, 0.008706599997822195, 0.02546750000328757, 0.04204960001516156, 0.058781800005817786, 0.07540239999070764, 0.09255040000425652, 0.10896529999445193, 0.12559939999482594, 0.142004099994665, 0.15863650001119822, 0.17538259999128059, 0.19192919999477454, 0.2084712999931071, 0.2254661000042688, 0.24194649999844842, 0.25885919999564067, 0.2752692000067327, 0.29187320001074113, 0.30836250001448207, 0.32525550000718795, 0.34187860001111403, 0.3588449000089895, 0.3750127000093926, 0.3920963999989908]	230.0	268.0	0.7	5a
517	13	go_nogo	0	60	1	nogo	none	[54.0, 57.0, 59.0, 64.0, 70.0, 77.0, 83.0, 86.0, 88.0, 91.0, 93.0, 96.0, 99.0, 104.0, 108.0, 111.0, 112.0, 112.0, 112.0, 113.0, 113.0, 114.0, 115.0, 119.0, 125.0, 133.0, 140.0, 148.0, 160.0, 168.0, 176.0, 179.0, 180.0, 180.0, 181.0, 181.0, 181.0, 181.0, 181.0, 181.0, 181.0, 181.0, 181.0, 181.0, 181.0, 181.0, 181.0, 181.0, 181.0, 181.0, 181.0, 181.0, 181.0, 181.0, 181.0, 181.0, 181.0, 181.0, 181.0, 181.0, 181.0, 181.0, 181.0, 181.0, 181.0, 181.0, 181.0, 181.0, 181.0, 181.0, 181.0, 181.0, 181.0, 181.0, 181.0]	[-229.0, -175.0, -122.0, -18.0, 50.0, 83.0, 106.0, 123.0, 136.0, 142.0, 148.0, 152.0, 155.0, 163.0, 171.0, 176.0, 177.0, 177.0, 177.0, 177.0, 174.0, 174.0, 175.0, 184.0, 206.0, 224.0, 239.0, 253.0, 268.0, 282.0, 292.0, 299.0, 301.0, 301.0, 301.0, 301.0, 301.0, 301.0, 301.0, 301.0, 301.0, 301.0, 301.0, 301.0, 301.0, 301.0, 301.0, 301.0, 301.0, 301.0, 301.0, 301.0, 301.0, 301.0, 301.0, 301.0, 301.0, 301.0, 301.0, 301.0, 301.0, 301.0, 301.0, 301.0, 301.0, 301.0, 301.0, 301.0, 301.0, 301.0, 301.0, 301.0, 301.0, 301.0, 301.0]	[0, 0, 0, 0, 0, 0, 0, 0, 0, 0, 0, 0, 0, 0, 0, 0, 0, 0, 0, 0, 0, 0, 0, 0, 0, 0, 0, 0, 0, 0, 0, 0, 0, 0, 0, 0, 0, 0, 0, 0, 0, 0, 0, 0, 0, 0, 0, 0, 0, 0, 0, 0, 0, 0, 0, 0, 0, 0, 0, 0, 0, 0, 0, 0, 0, 0, 0, 0, 0, 0, 0, 0, 0, 0, 0]	[0, 0, 0, 0, 0, 0, 0, 0, 0, 0, 0, 0, 0, 0, 0, 0, 0, 0, 0, 0, 0, 0, 0, 0, 0, 0, 0, 0, 0, 0, 0, 0, 0, 0, 0, 0, 0, 0, 0, 0, 0, 0, 0, 0, 0, 0, 0, 0, 0, 0, 0, 0, 0, 0, 0, 0, 0, 0, 0, 0, 0, 0, 0, 0, 0, 0, 0, 0, 0, 0, 0, 0, 0, 0, 0]	[0, 0, 0, 0, 0, 0, 0, 0, 0, 0, 0, 0, 0, 0, 0, 0, 0, 0, 0, 0, 0, 0, 0, 0, 0, 0, 0, 0, 0, 0, 0, 0, 0, 0, 0, 0, 0, 0, 0, 0, 0, 0, 0, 0, 0, 0, 0, 0, 0, 0, 0, 0, 0, 0, 0, 0, 0, 0, 0, 0, 0, 0, 0, 0, 0, 0, 0, 0, 0, 0, 0, 0, 0, 0, 0]	[0.0004530999867711216, 0.008754399983445182, 0.02585549998912029, 0.04218379998928867, 0.05894369998713955, 0.07548549998318776, 0.09227999998256564, 0.1091506999800913, 0.1255714999861084, 0.14247329998761415, 0.15913970000110567, 0.17556030000559986, 0.19259779999265447, 0.20890789999975823, 0.22590689998469315, 0.24240409999038093, 0.2585681999917142, 0.2753204999899026, 0.2922324999817647, 0.30877949998830445, 0.3256454000074882, 0.3421576999826357, 0.35881410000729375, 0.37551079998956993, 0.3922217999934219, 0.4088212999922689, 0.4256829999794718, 0.4425633999926504, 0.45879340000101365, 0.47538829999393784, 0.49212109998916276, 0.5092009000072721, 0.5253516999946442, 0.5422671999840531, 0.5585390999913216, 0.5752257999847643, 0.5917684999876656, 0.6084794999915175, 0.6252761000068858, 0.6418097999994643, 0.658536400005687, 0.6753160000080243, 0.6917622000037227, 0.7084430999821052, 0.7252276999934111, 0.7419833999883849, 0.7584818000032101, 0.7751760999963153, 0.7920947999809869, 0.8086888999969233, 0.8253238000033889, 0.8416908000071999, 0.8583887999993749, 0.8752091999922413, 0.8917520999966655, 0.9084170999994967, 0.9253015999856871, 0.9417083000007551, 0.9586035999818705, 0.9751057999965269, 0.9919617999985348, 1.0084234999958426, 1.0250918999954592, 1.0419564000039827, 1.0586096000042744, 1.0750507999910042, 1.0916440000000875, 1.1085849999799393, 1.1250008000060916, 1.1417981999984477, 1.1585371999826748, 1.175029399979394, 1.1918434999824967, 1.2084902999922633, 1.2249941999907605]	n/a	n/a	0.7	5a
518	13	go_nogo	0	60	7	go	click	[64.0, 77.0, 77.0, 112.0, 134.0, 148.0, 153.0, 155.0, 155.0, 155.0, 155.0, 155.0, 155.0, 155.0, 156.0, 164.0, 168.0, 170.0, 171.0, 171.0, 171.0, 173.0, 176.0, 180.0, 183.0, 184.0]	[-218.0, -165.0, -165.0, -5.0, 83.0, 144.0, 176.0, 196.0, 203.0, 204.0, 204.0, 204.0, 204.0, 204.0, 212.0, 233.0, 249.0, 255.0, 256.0, 257.0, 257.0, 260.0, 269.0, 283.0, 291.0, 293.0]	[0, 0, 0, 0, 0, 0, 0, 0, 0, 0, 0, 0, 0, 0, 0, 0, 0, 0, 0, 0, 0, 0, 0, 0, 0, 1]	[0, 0, 0, 0, 0, 0, 0, 0, 0, 0, 0, 0, 0, 0, 0, 0, 0, 0, 0, 0, 0, 0, 0, 0, 0, 0]	[0, 0, 0, 0, 0, 0, 0, 0, 0, 0, 0, 0, 0, 0, 0, 0, 0, 0, 0, 0, 0, 0, 0, 0, 0, 0]	[0.00037579998024739325, 0.007241099985549226, 0.024593999987700954, 0.041091699997195974, 0.058188999973936006, 0.07472419997793622, 0.09095189999789, 0.10787859998526983, 0.1246091999928467, 0.14061029997537844, 0.15735519997542724, 0.1741102999949362, 0.1907391999848187, 0.20789089999743737, 0.22421339998254552, 0.24086259998148307, 0.2576392999908421, 0.2740250999922864, 0.2909328999812715, 0.3074825999792665, 0.32421989997965284, 0.3410204999963753, 0.3574910999741405, 0.374187899986282, 0.3908168999769259, 0.40758509997976944]	184.0	293.0	0.6	5a
519	13	go_nogo	0	60	4	go	click	[51.0, 51.0, 62.0, 86.0, 108.0, 126.0, 139.0, 153.0, 163.0, 164.0, 164.0, 165.0, 165.0, 165.0, 165.0, 165.0, 165.0, 165.0, 165.0, 165.0, 168.0, 170.0, 170.0]	[-242.0, -242.0, -182.0, -62.0, 53.0, 148.0, 223.0, 261.0, 285.0, 287.0, 287.0, 287.0, 287.0, 287.0, 287.0, 287.0, 287.0, 287.0, 287.0, 287.0, 295.0, 295.0, 295.0]	[0, 0, 0, 0, 0, 0, 0, 0, 0, 0, 0, 0, 0, 0, 0, 0, 0, 0, 0, 0, 0, 0, 1]	[0, 0, 0, 0, 0, 0, 0, 0, 0, 0, 0, 0, 0, 0, 0, 0, 0, 0, 0, 0, 0, 0, 0]	[0, 0, 0, 0, 0, 0, 0, 0, 0, 0, 0, 0, 0, 0, 0, 0, 0, 0, 0, 0, 0, 0, 0]	[0.0003479000006336719, 0.007238100020913407, 0.023976099997526035, 0.04093210000428371, 0.05730870002298616, 0.07395740001811646, 0.09060890000546351, 0.10750179999740794, 0.12418120002257638, 0.14041540000471286, 0.1570415000023786, 0.173806600010721, 0.19037550000939518, 0.20702890001120977, 0.22379950000322424, 0.2403395000146702, 0.2570994000125211, 0.2736587999970652, 0.29051020002225414, 0.3072012000193354, 0.32386530001531355, 0.3405959000228904, 0.357201900013024]	170.0	295.0	1.0	5a
520	13	go_nogo	0	60	2	go	click	[60.0, 60.0, 79.0, 118.0, 148.0, 169.0, 181.0, 186.0, 188.0, 188.0, 188.0, 188.0, 188.0, 188.0, 189.0, 191.0, 191.0, 191.0, 191.0, 191.0, 191.0, 193.0, 197.0, 199.0, 199.0]	[-180.0, -180.0, -130.0, -33.0, 54.0, 135.0, 183.0, 214.0, 229.0, 233.0, 234.0, 234.0, 234.0, 239.0, 245.0, 248.0, 248.0, 248.0, 248.0, 248.0, 251.0, 264.0, 285.0, 291.0, 291.0]	[0, 0, 0, 0, 0, 0, 0, 0, 0, 0, 0, 0, 0, 0, 0, 0, 0, 0, 0, 0, 0, 0, 0, 0, 1]	[0, 0, 0, 0, 0, 0, 0, 0, 0, 0, 0, 0, 0, 0, 0, 0, 0, 0, 0, 0, 0, 0, 0, 0, 0]	[0, 0, 0, 0, 0, 0, 0, 0, 0, 0, 0, 0, 0, 0, 0, 0, 0, 0, 0, 0, 0, 0, 0, 0, 0]	[0.0003797999816015363, 0.006174299982376397, 0.02309499998227693, 0.03977239999221638, 0.05647700000554323, 0.07329229998867959, 0.08976079997955821, 0.10692429999471642, 0.12303749998682179, 0.1399766999820713, 0.15611660000286065, 0.17286069999681786, 0.19029349999618717, 0.20663659999263473, 0.22327250000671484, 0.23969829999259673, 0.25617829998373054, 0.27272519998950884, 0.2895037999842316, 0.3063716999895405, 0.32300629999372177, 0.33986779997940175, 0.3563721999817062, 0.37281450000591576, 0.3894358999968972]	199.0	291.0	0.7	5a
521	13	go_nogo	0	60	8	go	click	[60.0, 60.0, 65.0, 79.0, 87.0, 99.0, 102.0, 103.0, 103.0, 103.0, 103.0, 103.0, 103.0, 105.0, 109.0, 111.0, 111.0, 114.0, 123.0, 140.0, 156.0, 166.0, 172.0, 174.0, 174.0, 174.0, 174.0, 174.0]	[-213.0, -213.0, -151.0, -6.0, 122.0, 196.0, 229.0, 233.0, 233.0, 233.0, 233.0, 233.0, 233.0, 237.0, 245.0, 248.0, 248.0, 249.0, 249.0, 256.0, 265.0, 273.0, 278.0, 280.0, 280.0, 280.0, 280.0, 280.0]	[0, 0, 0, 0, 0, 0, 0, 0, 0, 0, 0, 0, 0, 0, 0, 0, 0, 0, 0, 0, 0, 0, 0, 0, 0, 0, 0, 1]	[0, 0, 0, 0, 0, 0, 0, 0, 0, 0, 0, 0, 0, 0, 0, 0, 0, 0, 0, 0, 0, 0, 0, 0, 0, 0, 0, 0]	[0, 0, 0, 0, 0, 0, 0, 0, 0, 0, 0, 0, 0, 0, 0, 0, 0, 0, 0, 0, 0, 0, 0, 0, 0, 0, 0, 0]	[0.00042260001646354795, 0.008206400001654401, 0.024943700002040714, 0.04146540001966059, 0.05826960000558756, 0.07508780001080595, 0.09135860000969842, 0.10779949999414384, 0.12468510001781397, 0.1412508000212256, 0.1576882000081241, 0.17444659999455325, 0.19146980001823977, 0.20810710001387633, 0.22469240002101287, 0.24140769999939948, 0.25799020001431927, 0.2747940999979619, 0.29154130001552403, 0.3082420999999158, 0.32526100001996383, 0.3416711000027135, 0.3584424000000581, 0.37467230000765994, 0.39104800001950935, 0.4078748000029009, 0.4244053000002168, 0.4414995000115596]	174.0	280.0	0.9	5a
522	13	go_nogo	0	60	3	go	click	[141.0, 141.0, 168.0, 215.0, 252.0, 266.0, 274.0, 276.0, 276.0, 276.0, 276.0, 276.0, 276.0, 276.0, 276.0, 276.0, 272.0, 270.0, 270.0, 269.0, 263.0, 245.0, 229.0, 211.0, 197.0, 191.0, 189.0, 189.0, 189.0, 189.0]	[-46.0, -46.0, 35.0, 182.0, 286.0, 325.0, 345.0, 350.0, 351.0, 351.0, 351.0, 351.0, 351.0, 354.0, 364.0, 386.0, 400.0, 405.0, 405.0, 405.0, 401.0, 370.0, 342.0, 316.0, 298.0, 286.0, 282.0, 281.0, 281.0, 281.0]	[0, 0, 0, 0, 0, 0, 0, 0, 0, 0, 0, 0, 0, 0, 0, 0, 0, 0, 0, 0, 0, 0, 0, 0, 0, 0, 0, 0, 0, 1]	[0, 0, 0, 0, 0, 0, 0, 0, 0, 0, 0, 0, 0, 0, 0, 0, 0, 0, 0, 0, 0, 0, 0, 0, 0, 0, 0, 0, 0, 0]	[0, 0, 0, 0, 0, 0, 0, 0, 0, 0, 0, 0, 0, 0, 0, 0, 0, 0, 0, 0, 0, 0, 0, 0, 0, 0, 0, 0, 0, 0]	[0.0003497999859973788, 0.007803999993484467, 0.024672300001839176, 0.04133839998394251, 0.05814449998433702, 0.0747208000102546, 0.09135450000758283, 0.10788480000337586, 0.12449009998817928, 0.14103090000571683, 0.15767610000330023, 0.1743142000050284, 0.1911963000020478, 0.20803629999863915, 0.22456770000280812, 0.24120910000056028, 0.2578247000055853, 0.2745129000104498, 0.2911640999955125, 0.30798529999447055, 0.32453859999077395, 0.3413011000084225, 0.357975399994757, 0.3749610999948345, 0.3913057000027038, 0.40775509999366477, 0.42451370001072064, 0.44111630000406876, 0.45759380000527017, 0.47476260000257753]	189.0	281.0	0.6	5a
523	13	go_nogo	0	60	4	go	click	[115.0, 134.0, 134.0, 183.0, 205.0, 214.0, 216.0, 216.0, 216.0, 216.0, 216.0, 216.0, 216.0, 216.0, 216.0, 216.0, 216.0, 214.0, 214.0, 214.0]	[-147.0, -90.0, -90.0, 77.0, 162.0, 214.0, 240.0, 249.0, 251.0, 253.0, 253.0, 257.0, 263.0, 266.0, 266.0, 266.0, 266.0, 261.0, 261.0, 261.0]	[0, 0, 0, 0, 0, 0, 0, 0, 0, 0, 0, 0, 0, 0, 0, 0, 0, 0, 0, 1]	[0, 0, 0, 0, 0, 0, 0, 0, 0, 0, 0, 0, 0, 0, 0, 0, 0, 0, 0, 0]	[0, 0, 0, 0, 0, 0, 0, 0, 0, 0, 0, 0, 0, 0, 0, 0, 0, 0, 0, 0]	[0.0004495999892242253, 0.00823179999133572, 0.025155100011033937, 0.04249849999905564, 0.05856939998921007, 0.07495919999200851, 0.09202089998871088, 0.10859600000549108, 0.12487339999643154, 0.14165790000697598, 0.15833420000853948, 0.17506489998777397, 0.19166650000261143, 0.20809890000964515, 0.2247164000000339, 0.24152999999932945, 0.25906250000116415, 0.27487600001040846, 0.29129379999358207, 0.3083526999980677]	214.0	261.0	0.9	5a
524	13	go_nogo	0	60	4	go	click	[36.0, 36.0, 71.0, 107.0, 140.0, 162.0, 181.0, 195.0, 201.0, 204.0, 205.0, 205.0, 206.0, 208.0, 210.0, 211.0, 211.0, 213.0, 215.0, 215.0, 215.0, 215.0, 215.0, 215.0, 215.0, 214.0, 214.0, 214.0]	[-278.0, -278.0, -193.0, -97.0, -10.0, 57.0, 119.0, 159.0, 184.0, 192.0, 195.0, 196.0, 200.0, 209.0, 219.0, 223.0, 225.0, 238.0, 257.0, 273.0, 286.0, 290.0, 291.0, 293.0, 295.0, 297.0, 297.0, 297.0]	[0, 0, 0, 0, 0, 0, 0, 0, 0, 0, 0, 0, 0, 0, 0, 0, 0, 0, 0, 0, 0, 0, 0, 0, 0, 0, 0, 1]	[0, 0, 0, 0, 0, 0, 0, 0, 0, 0, 0, 0, 0, 0, 0, 0, 0, 0, 0, 0, 0, 0, 0, 0, 0, 0, 0, 0]	[0, 0, 0, 0, 0, 0, 0, 0, 0, 0, 0, 0, 0, 0, 0, 0, 0, 0, 0, 0, 0, 0, 0, 0, 0, 0, 0, 0]	[0.000168999977177009, 0.010822699987329543, 0.027394499978981912, 0.04422779998276383, 0.06075579999014735, 0.07736499997554347, 0.09412739999243058, 0.1107021999778226, 0.12744489999022335, 0.1442784999962896, 0.16072489999351092, 0.17735039998660795, 0.19414539998979308, 0.21067760000005364, 0.2278490999888163, 0.24386339998454787, 0.26056349999271333, 0.2774943999829702, 0.2939592999755405, 0.31065749999834225, 0.32750259997555986, 0.34397859999444336, 0.3607062999799382, 0.3774529999936931, 0.3942796999763232, 0.4103469999972731, 0.42702589998953044, 0.44379489999846555]	214.0	297.0	0.5	5a
525	13	go_nogo	0	60	8	go	click	[69.0, 91.0, 110.0, 138.0, 154.0, 164.0, 170.0, 175.0, 180.0, 183.0, 185.0, 187.0, 187.0, 187.0, 187.0, 187.0, 187.0, 187.0, 187.0, 187.0, 187.0, 187.0, 187.0]	[-226.0, -164.0, -110.0, -20.0, 37.0, 74.0, 104.0, 141.0, 177.0, 211.0, 243.0, 267.0, 276.0, 283.0, 286.0, 286.0, 286.0, 286.0, 286.0, 286.0, 286.0, 286.0, 286.0]	[0, 0, 0, 0, 0, 0, 0, 0, 0, 0, 0, 0, 0, 0, 0, 0, 0, 0, 0, 0, 0, 0, 1]	[0, 0, 0, 0, 0, 0, 0, 0, 0, 0, 0, 0, 0, 0, 0, 0, 0, 0, 0, 0, 0, 0, 0]	[0, 0, 0, 0, 0, 0, 0, 0, 0, 0, 0, 0, 0, 0, 0, 0, 0, 0, 0, 0, 0, 0, 0]	[0.0004391000256873667, 0.008287900011055171, 0.02522860001772642, 0.04226539999945089, 0.058291500026825815, 0.07479490002151579, 0.0914970000158064, 0.10812050002277829, 0.1248984000121709, 0.14163019999978133, 0.15856540002278052, 0.17489710001973435, 0.19163290000869893, 0.20829910002066754, 0.2247806000232231, 0.2411707999999635, 0.2579457000247203, 0.27463720002560876, 0.2913303000095766, 0.30800690001342446, 0.3246386000246275, 0.3413169000123162, 0.35836930002551526]	187.0	286.0	0.9	5a
526	13	go_nogo	0	60	3	go	click	[86.0, 86.0, 102.0, 129.0, 151.0, 163.0, 175.0, 179.0, 179.0, 179.0, 179.0, 179.0, 179.0, 179.0, 179.0, 179.0, 179.0, 178.0, 178.0, 178.0, 178.0, 178.0, 178.0, 178.0, 177.0, 177.0, 174.0, 173.0, 173.0, 173.0, 173.0]	[-180.0, -180.0, -123.0, -7.0, 109.0, 206.0, 281.0, 329.0, 343.0, 351.0, 359.0, 366.0, 373.0, 376.0, 376.0, 376.0, 376.0, 370.0, 368.0, 368.0, 368.0, 368.0, 368.0, 364.0, 347.0, 325.0, 307.0, 301.0, 300.0, 300.0, 300.0]	[0, 0, 0, 0, 0, 0, 0, 0, 0, 0, 0, 0, 0, 0, 0, 0, 0, 0, 0, 0, 0, 0, 0, 0, 0, 0, 0, 0, 0, 0, 1]	[0, 0, 0, 0, 0, 0, 0, 0, 0, 0, 0, 0, 0, 0, 0, 0, 0, 0, 0, 0, 0, 0, 0, 0, 0, 0, 0, 0, 0, 0, 0]	[0, 0, 0, 0, 0, 0, 0, 0, 0, 0, 0, 0, 0, 0, 0, 0, 0, 0, 0, 0, 0, 0, 0, 0, 0, 0, 0, 0, 0, 0, 0]	[0.0003794000076595694, 0.0075514999916777015, 0.024882900004740804, 0.04122670000651851, 0.058048600010806695, 0.07441090000793338, 0.09109080000780523, 0.10797949999687262, 0.124436300015077, 0.14110660000005737, 0.1577030000044033, 0.17444989999057725, 0.1909958999895025, 0.20743559999391437, 0.22417860000859946, 0.24084310000762343, 0.2578856000036467, 0.27465599999413826, 0.29083459998946637, 0.3074215000087861, 0.3241133000119589, 0.34097320001455955, 0.3577379999915138, 0.3747152000141796, 0.3909767000004649, 0.40758239998831414, 0.4246409999905154, 0.4410517000069376, 0.4574543999915477, 0.4740387999918312, 0.4913920999970287]	173.0	300.0	0.6	5a
527	13	go_nogo	0	60	2	go	click	[54.0, 54.0, 69.0, 103.0, 138.0, 160.0, 176.0, 179.0, 179.0, 179.0, 179.0, 179.0, 179.0, 179.0, 179.0, 179.0, 179.0, 179.0, 179.0, 179.0, 179.0, 179.0, 179.0, 179.0, 180.0, 180.0, 180.0, 180.0, 180.0, 180.0, 181.0, 183.0, 184.0, 186.0, 188.0, 188.0, 188.0, 188.0]	[-205.0, -205.0, -156.0, -56.0, 46.0, 139.0, 217.0, 237.0, 245.0, 246.0, 247.0, 247.0, 247.0, 249.0, 249.0, 249.0, 249.0, 249.0, 249.0, 249.0, 249.0, 249.0, 249.0, 249.0, 250.0, 251.0, 251.0, 251.0, 251.0, 251.0, 257.0, 263.0, 270.0, 277.0, 279.0, 280.0, 280.0, 280.0]	[0, 0, 0, 0, 0, 0, 0, 0, 0, 0, 0, 0, 0, 0, 0, 0, 0, 0, 0, 0, 0, 0, 0, 0, 0, 0, 0, 0, 0, 0, 0, 0, 0, 0, 0, 0, 0, 1]	[0, 0, 0, 0, 0, 0, 0, 0, 0, 0, 0, 0, 0, 0, 0, 0, 0, 0, 0, 0, 0, 0, 0, 0, 0, 0, 0, 0, 0, 0, 0, 0, 0, 0, 0, 0, 0, 0]	[0, 0, 0, 0, 0, 0, 0, 0, 0, 0, 0, 0, 0, 0, 0, 0, 0, 0, 0, 0, 0, 0, 0, 0, 0, 0, 0, 0, 0, 0, 0, 0, 0, 0, 0, 0, 0, 0]	[0.0004397000011522323, 0.008404499996686354, 0.02519469999242574, 0.04162249999353662, 0.05822860001353547, 0.07534929999383166, 0.09191600000485778, 0.1082528000115417, 0.12527099999715574, 0.1418054999958258, 0.1580926000024192, 0.17473250001785345, 0.19196640001609921, 0.20805300000938587, 0.2246164999960456, 0.24128360001486726, 0.2582262000069022, 0.27494950001710095, 0.2913029000046663, 0.30795089999446645, 0.3246444000105839, 0.3412530000205152, 0.35792060001404025, 0.37477260001469404, 0.3915255000174511, 0.4079597000090871, 0.4249302000098396, 0.44121780002024025, 0.4579006000130903, 0.47492350000538863, 0.49166719999630004, 0.5082333000027575, 0.5248017999983858, 0.5417428000073414, 0.5582359000109136, 0.5745743000006769, 0.5912379999936093, 0.6082324000017252]	188.0	280.0	0.5	5a
528	13	go_nogo	0	60	9	nogo	none	[60.0, 60.0, 71.0, 103.0, 133.0, 164.0, 178.0, 185.0, 189.0, 190.0, 192.0, 192.0, 192.0, 194.0, 195.0, 196.0, 196.0, 196.0, 196.0, 196.0, 196.0, 196.0, 196.0, 196.0, 196.0, 196.0, 196.0, 196.0, 196.0, 196.0, 196.0, 196.0, 196.0, 196.0, 196.0, 196.0, 196.0, 196.0, 196.0, 196.0, 196.0, 196.0, 196.0, 196.0, 196.0, 196.0, 196.0, 196.0, 196.0, 196.0, 196.0, 196.0, 196.0, 196.0, 196.0, 196.0, 196.0, 196.0]	[-188.0, -188.0, -124.0, 20.0, 142.0, 244.0, 286.0, 311.0, 332.0, 341.0, 344.0, 345.0, 347.0, 352.0, 359.0, 361.0, 361.0, 361.0, 361.0, 361.0, 360.0, 360.0, 360.0, 360.0, 360.0, 360.0, 360.0, 360.0, 360.0, 360.0, 360.0, 360.0, 360.0, 360.0, 360.0, 360.0, 360.0, 360.0, 360.0, 360.0, 360.0, 360.0, 360.0, 360.0, 360.0, 360.0, 360.0, 360.0, 360.0, 360.0, 360.0, 360.0, 360.0, 360.0, 360.0, 360.0, 360.0, 360.0]	[0, 0, 0, 0, 0, 0, 0, 0, 0, 0, 0, 0, 0, 0, 0, 0, 0, 0, 0, 0, 0, 1, 1, 1, 1, 1, 0, 0, 0, 0, 0, 0, 0, 0, 0, 0, 0, 0, 0, 0, 0, 0, 0, 0, 0, 0, 0, 0, 0, 0, 0, 0, 0, 0, 0, 0, 0, 0]	[0, 0, 0, 0, 0, 0, 0, 0, 0, 0, 0, 0, 0, 0, 0, 0, 0, 0, 0, 0, 0, 0, 0, 0, 0, 0, 0, 0, 0, 0, 0, 0, 0, 0, 0, 0, 0, 0, 0, 0, 0, 0, 0, 0, 0, 0, 0, 0, 0, 0, 0, 0, 0, 0, 0, 0, 0, 0]	[0, 0, 0, 0, 0, 0, 0, 0, 0, 0, 0, 0, 0, 0, 0, 0, 0, 0, 0, 0, 0, 0, 0, 0, 0, 0, 0, 0, 0, 0, 0, 0, 0, 0, 0, 0, 0, 0, 0, 0, 0, 0, 0, 0, 0, 0, 0, 0, 0, 0, 0, 0, 0, 0, 0, 0, 0, 0]	[0.0003324999997857958, 0.008237100002588704, 0.025038699997821823, 0.04164780001156032, 0.05825260002166033, 0.07491399999707937, 0.09218740000505932, 0.10834540001815185, 0.12536740000359714, 0.14157930001965724, 0.15840100002242252, 0.17486990001634695, 0.1915201999945566, 0.20822990001761355, 0.2248429000028409, 0.24150050000753254, 0.25792050000745803, 0.2748060000012629, 0.2912875000038184, 0.3081135000102222, 0.3248809000069741, 0.3419933000113815, 0.358001200016588, 0.37456810000003316, 0.3914062000112608, 0.40816290001384914, 0.4250602000101935, 0.4415741999982856, 0.4581145000120159, 0.47471010001027025, 0.4912071000144351, 0.5080971000134014, 0.5244980000134092, 0.5413032000069506, 0.5578920000116341, 0.5745294000080321, 0.5911959000222851, 0.607860799995251, 0.6246554999961518, 0.6414088000019547, 0.6577733000158332, 0.6744350999942981, 0.6911658000026364, 0.708079700008966, 0.7245945000031497, 0.7412277999974322, 0.7577483000059146, 0.7744258000166155, 0.7912584000150673, 0.8077654000080656, 0.8244914000097197, 0.841117200005101, 0.8578481000149623, 0.8744081000040751, 0.8910752000228968, 0.9077601000026334, 0.9244248000031803, 0.940944900008617]	n/a	n/a	0.7	5a
529	14	go_nogo	0	60	2	go	click	[-5.0, -5.0, 52.0, 145.0, 230.0, 266.0, 272.0, 272.0, 269.0, 267.0, 267.0, 267.0, 267.0, 267.0, 267.0, 267.0, 267.0, 269.0, 281.0, 287.0, 292.0, 292.0, 289.0, 288.0, 288.0, 286.0, 284.0, 282.0, 276.0, 262.0, 240.0, 229.0, 229.0, 229.0, 229.0, 229.0, 225.0, 216.0, 207.0, 203.0, 202.0, 202.0, 202.0, 202.0, 202.0, 202.0, 203.0, 204.0, 204.0, 204.0]	[-90.0, -90.0, -1.0, 190.0, 434.0, 540.0, 540.0, 540.0, 540.0, 540.0, 540.0, 540.0, 540.0, 540.0, 507.0, 457.0, 414.0, 371.0, 336.0, 302.0, 273.0, 251.0, 236.0, 233.0, 233.0, 233.0, 251.0, 281.0, 316.0, 352.0, 373.0, 379.0, 379.0, 379.0, 379.0, 379.0, 379.0, 375.0, 369.0, 362.0, 357.0, 354.0, 353.0, 352.0, 352.0, 349.0, 346.0, 345.0, 345.0, 345.0]	[0, 0, 0, 0, 0, 0, 0, 0, 0, 0, 0, 0, 0, 0, 0, 0, 0, 0, 0, 0, 0, 0, 0, 0, 0, 0, 0, 0, 0, 0, 0, 0, 0, 0, 0, 0, 0, 0, 0, 0, 0, 0, 0, 0, 0, 0, 0, 0, 0, 1]	[0, 0, 0, 0, 0, 0, 0, 0, 0, 0, 0, 0, 0, 0, 0, 0, 0, 0, 0, 0, 0, 0, 0, 0, 0, 0, 0, 0, 0, 0, 0, 0, 0, 0, 0, 0, 0, 0, 0, 0, 0, 0, 0, 0, 0, 0, 0, 0, 0, 0]	[0, 0, 0, 0, 0, 0, 0, 0, 0, 0, 0, 0, 0, 0, 0, 0, 0, 0, 0, 0, 0, 0, 0, 0, 0, 0, 0, 0, 0, 0, 0, 0, 0, 0, 0, 0, 0, 0, 0, 0, 0, 0, 0, 0, 0, 0, 0, 0, 0, 0]	[0.0003823000006377697, 0.007091599982231855, 0.024073399981716648, 0.04076159998658113, 0.05737530000624247, 0.07388529999298044, 0.09039579998352565, 0.10720820000278763, 0.12383709999267012, 0.14053879998391494, 0.1570740999886766, 0.1735952000017278, 0.1902465999883134, 0.2075470999989193, 0.2238268000073731, 0.24087569999392144, 0.25748790000216104, 0.27376089998870157, 0.29058629999053665, 0.3071167999878526, 0.3238757999788504, 0.34049070000764914, 0.3582319999986794, 0.37371809998876415, 0.3904337999993004, 0.4070214999956079, 0.4238430999976117, 0.4403399000002537, 0.45701819998794235, 0.4736624000070151, 0.4905267999856733, 0.5069280999887269, 0.5237290999793913, 0.5401070999796502, 0.5568326000066008, 0.5738433999940753, 0.5908722000021953, 0.6074224000039976, 0.623617999983253, 0.6402987999899779, 0.6569352999795228, 0.6739778000046499, 0.6903843999898527, 0.7067674999998417, 0.7237208999868017, 0.7406381999899168, 0.7570895999961067, 0.7737417999887839, 0.7900744999933522, 0.8073067999794148]	204.0	344.0	0.5	5a
530	14	go_nogo	0	60	7	go	click	[15.0, 15.0, 22.0, 37.0, 53.0, 69.0, 87.0, 107.0, 114.0, 115.0, 115.0, 115.0, 115.0, 115.0, 115.0, 115.0, 115.0, 115.0, 115.0, 115.0, 118.0, 126.0, 136.0, 144.0, 151.0, 156.0, 158.0, 159.0, 161.0, 166.0, 173.0, 183.0, 184.0, 184.0]	[-255.0, -255.0, -215.0, -117.0, 9.0, 119.0, 188.0, 242.0, 258.0, 262.0, 262.0, 262.0, 262.0, 261.0, 261.0, 261.0, 261.0, 261.0, 261.0, 261.0, 261.0, 263.0, 269.0, 276.0, 282.0, 285.0, 287.0, 288.0, 290.0, 295.0, 298.0, 304.0, 304.0, 304.0]	[0, 0, 0, 0, 0, 0, 0, 0, 0, 0, 0, 0, 0, 0, 0, 0, 0, 0, 0, 0, 0, 0, 0, 0, 0, 0, 0, 0, 0, 0, 0, 0, 0, 1]	[0, 0, 0, 0, 0, 0, 0, 0, 0, 0, 0, 0, 0, 0, 0, 0, 0, 0, 0, 0, 0, 0, 0, 0, 0, 0, 0, 0, 0, 0, 0, 0, 0, 0]	[0, 0, 0, 0, 0, 0, 0, 0, 0, 0, 0, 0, 0, 0, 0, 0, 0, 0, 0, 0, 0, 0, 0, 0, 0, 0, 0, 0, 0, 0, 0, 0, 0, 0]	[0.0004386999935377389, 0.00904530001571402, 0.025338900013593957, 0.041825099993729964, 0.05879470001673326, 0.07527100000879727, 0.0921033000049647, 0.1086467000131961, 0.12564280000515282, 0.1416458000021521, 0.15824290001182817, 0.17487280000932515, 0.19202560000121593, 0.20824890001676977, 0.2251678000029642, 0.24158649999299087, 0.2584756000142079, 0.2749584999983199, 0.2915272999962326, 0.3082875999971293, 0.32507570000598207, 0.34219490000396036, 0.3584694000019226, 0.3752157000126317, 0.3919277999957558, 0.40836689999559894, 0.42506110001704656, 0.4419058999919798, 0.45836730001610704, 0.47500100001343526, 0.49177680001594126, 0.5084126000001561, 0.5247024999989662, 0.5414875000133179]	184.0	304.0	0.8	5a
531	14	go_nogo	0	60	1	nogo	none	[76.0, 76.0, 106.0, 191.0, 233.0, 257.0, 265.0, 268.0, 268.0, 268.0, 268.0, 268.0, 268.0, 268.0, 264.0, 260.0, 257.0, 252.0, 242.0, 230.0, 221.0, 216.0, 213.0, 211.0, 211.0, 211.0, 211.0, 211.0, 211.0, 211.0, 211.0, 211.0, 211.0, 211.0, 211.0, 210.0, 210.0, 210.0, 210.0, 210.0, 210.0, 210.0, 210.0, 210.0, 210.0, 210.0, 210.0, 210.0, 210.0, 210.0, 210.0, 210.0, 210.0, 210.0, 210.0, 210.0, 210.0, 210.0, 210.0, 210.0, 210.0, 210.0, 210.0, 210.0, 210.0, 210.0]	[-156.0, -156.0, -78.0, 141.0, 238.0, 285.0, 306.0, 320.0, 324.0, 326.0, 326.0, 326.0, 326.0, 334.0, 343.0, 351.0, 351.0, 351.0, 347.0, 337.0, 330.0, 326.0, 323.0, 322.0, 322.0, 322.0, 322.0, 322.0, 322.0, 322.0, 322.0, 322.0, 322.0, 322.0, 322.0, 322.0, 322.0, 322.0, 322.0, 322.0, 322.0, 322.0, 322.0, 322.0, 322.0, 322.0, 322.0, 322.0, 322.0, 322.0, 322.0, 322.0, 322.0, 322.0, 322.0, 322.0, 322.0, 322.0, 322.0, 322.0, 322.0, 322.0, 322.0, 322.0, 322.0, 322.0]	[0, 0, 0, 0, 0, 0, 0, 0, 0, 0, 0, 0, 0, 0, 0, 0, 0, 0, 0, 0, 0, 0, 0, 0, 0, 0, 0, 0, 0, 0, 0, 0, 0, 0, 0, 0, 0, 0, 0, 0, 0, 0, 0, 0, 0, 0, 0, 0, 0, 0, 0, 0, 0, 0, 0, 0, 0, 0, 0, 0, 0, 0, 0, 0, 0, 0]	[0, 0, 0, 0, 0, 0, 0, 0, 0, 0, 0, 0, 0, 0, 0, 0, 0, 0, 0, 0, 0, 0, 0, 0, 0, 0, 0, 0, 0, 0, 0, 0, 0, 0, 0, 0, 0, 0, 0, 0, 0, 0, 0, 0, 0, 0, 0, 0, 0, 0, 0, 0, 0, 0, 0, 0, 0, 0, 0, 0, 0, 0, 0, 0, 0, 0]	[0, 0, 0, 0, 0, 0, 0, 0, 0, 0, 0, 0, 0, 0, 0, 0, 0, 0, 0, 0, 0, 0, 0, 0, 0, 0, 0, 0, 0, 0, 0, 0, 0, 0, 0, 0, 0, 0, 0, 0, 0, 0, 0, 0, 0, 0, 0, 0, 0, 0, 0, 0, 0, 0, 0, 0, 0, 0, 0, 0, 0, 0, 0, 0, 0, 0]	[0.00026270002126693726, 0.00990170001750812, 0.02658170001814142, 0.04305979999480769, 0.05995439999969676, 0.07677109999349341, 0.0929871000116691, 0.10959770000772551, 0.1263448999961838, 0.1427595000131987, 0.15945560002001002, 0.1761337000061758, 0.1929672000114806, 0.2096109999984037, 0.2263904999999795, 0.24298840001574717, 0.26037090001045726, 0.2768139000108931, 0.29302710000774823, 0.3098727000178769, 0.32649760000640526, 0.344629300001543, 0.359554599999683, 0.37629179999930784, 0.3926381000201218, 0.40933720002067275, 0.42621560001862235, 0.44274290002067573, 0.45924830000149086, 0.47597339999629185, 0.49254380000638776, 0.5092083000054117, 0.5259125000156928, 0.5425999000144657, 0.5594414999941364, 0.576050400006352, 0.5925552000117023, 0.6093519999994896, 0.6258886000141501, 0.6425758000114001, 0.6592284000071231, 0.6758398000092711, 0.6926207999931648, 0.7092070000071544, 0.72583680000389, 0.7425349999975879, 0.7591184000193607, 0.7759994000080042, 0.7924453000014182, 0.809202100004768, 0.8258042999950703, 0.8425546000071336, 0.8591341999999713, 0.8757598999945913, 0.8925427999929525, 0.9091359000012744, 0.9258298000204377, 0.9423790000146255, 0.9590768000052776, 0.9758815999957733, 0.9924227000155952, 1.0091072000213899, 1.0258761000004597, 1.0423936000152025, 1.0590537000098266, 1.0769065000058617]	n/a	n/a	0.9	5a
532	14	go_nogo	0	60	2	go	click	[96.0, 96.0, 110.0, 137.0, 149.0, 174.0, 193.0, 201.0, 206.0, 207.0, 207.0, 207.0, 207.0, 207.0, 207.0, 207.0, 207.0, 205.0, 205.0, 205.0, 205.0, 205.0, 205.0, 205.0]	[-178.0, -178.0, -121.0, 7.0, 49.0, 177.0, 249.0, 276.0, 295.0, 298.0, 298.0, 298.0, 298.0, 298.0, 298.0, 292.0, 284.0, 277.0, 277.0, 277.0, 277.0, 277.0, 277.0, 277.0]	[0, 0, 0, 0, 0, 0, 0, 0, 0, 0, 0, 0, 0, 0, 0, 0, 0, 0, 0, 0, 0, 0, 0, 1]	[0, 0, 0, 0, 0, 0, 0, 0, 0, 0, 0, 0, 0, 0, 0, 0, 0, 0, 0, 0, 0, 0, 0, 0]	[0, 0, 0, 0, 0, 0, 0, 0, 0, 0, 0, 0, 0, 0, 0, 0, 0, 0, 0, 0, 0, 0, 0, 0]	[0.0004146999854128808, 0.008803300006547943, 0.025247699988540262, 0.04237239999929443, 0.05876749998424202, 0.07550939999055117, 0.09243429999332875, 0.108784599986393, 0.12557060000835918, 0.14242749998811632, 0.1587242000096012, 0.17519429998355918, 0.19187000000965782, 0.20850539999082685, 0.22536909999325871, 0.2419594000093639, 0.2589461999887135, 0.2753740999905858, 0.29180360000464134, 0.3087021000101231, 0.3252091000031214, 0.3420230000047013, 0.3586807000101544, 0.37516269998741336]	205.0	277.0	0.6	5a
533	14	go_nogo	0	60	1	nogo	none	[73.0, 73.0, 104.0, 157.0, 214.0, 233.0, 243.0, 248.0, 250.0, 253.0, 253.0, 253.0, 253.0, 253.0, 253.0, 254.0, 254.0, 254.0, 254.0, 254.0, 254.0, 254.0, 254.0, 251.0, 248.0, 247.0, 247.0, 245.0, 245.0, 245.0, 245.0, 245.0, 245.0, 245.0, 245.0, 245.0, 245.0, 245.0, 245.0, 245.0, 245.0, 245.0, 245.0, 245.0, 245.0, 245.0, 245.0, 245.0, 245.0, 245.0, 245.0, 245.0, 245.0, 245.0, 245.0, 245.0, 245.0, 245.0, 245.0, 245.0, 245.0, 245.0, 245.0, 245.0, 245.0, 245.0, 245.0, 245.0]	[-154.0, -154.0, -72.0, 80.0, 226.0, 275.0, 298.0, 311.0, 318.0, 326.0, 331.0, 332.0, 332.0, 332.0, 336.0, 340.0, 340.0, 340.0, 341.0, 341.0, 341.0, 341.0, 340.0, 337.0, 332.0, 331.0, 329.0, 329.0, 329.0, 329.0, 329.0, 329.0, 329.0, 329.0, 329.0, 329.0, 329.0, 329.0, 329.0, 329.0, 329.0, 329.0, 329.0, 329.0, 329.0, 329.0, 329.0, 329.0, 329.0, 329.0, 329.0, 329.0, 329.0, 329.0, 329.0, 329.0, 329.0, 329.0, 329.0, 329.0, 329.0, 329.0, 329.0, 329.0, 329.0, 329.0, 329.0, 329.0]	[0, 0, 0, 0, 0, 0, 0, 0, 0, 0, 0, 0, 0, 0, 0, 0, 0, 0, 0, 0, 0, 0, 0, 0, 0, 0, 0, 0, 0, 0, 0, 0, 0, 0, 0, 0, 0, 0, 0, 0, 0, 0, 0, 0, 0, 0, 0, 0, 0, 0, 0, 0, 0, 0, 0, 0, 0, 0, 0, 0, 0, 0, 0, 0, 0, 0, 0, 0]	[0, 0, 0, 0, 0, 0, 0, 0, 0, 0, 0, 0, 0, 0, 0, 0, 0, 0, 0, 0, 0, 0, 0, 0, 0, 0, 0, 0, 0, 0, 0, 0, 0, 0, 0, 0, 0, 0, 0, 0, 0, 0, 0, 0, 0, 0, 0, 0, 0, 0, 0, 0, 0, 0, 0, 0, 0, 0, 0, 0, 0, 0, 0, 0, 0, 0, 0, 0]	[0, 0, 0, 0, 0, 0, 0, 0, 0, 0, 0, 0, 0, 0, 0, 0, 0, 0, 0, 0, 0, 0, 0, 0, 0, 0, 0, 0, 0, 0, 0, 0, 0, 0, 0, 0, 0, 0, 0, 0, 0, 0, 0, 0, 0, 0, 0, 0, 0, 0, 0, 0, 0, 0, 0, 0, 0, 0, 0, 0, 0, 0, 0, 0, 0, 0, 0, 0]	[0.00031689999741502106, 0.0064190000121016055, 0.02331150000100024, 0.040235299995401874, 0.056509000016376376, 0.07335570000577718, 0.09005480000632815, 0.10648210000363179, 0.12310140000772662, 0.13979509999626316, 0.1565005000156816, 0.1730678000021726, 0.1896953000104986, 0.20659260000684299, 0.22314940000069328, 0.23983999999472871, 0.25621640001190826, 0.27293929998995736, 0.2895400999987032, 0.306293600006029, 0.3229276000056416, 0.33979990001535043, 0.3564895000017714, 0.3730757999874186, 0.3897190999996383, 0.40657290001399815, 0.423070299992105, 0.4395162000146229, 0.4563729999936186, 0.4736583000048995, 0.4897237000113819, 0.5061550000100397, 0.5228732000105083, 0.539623799995752, 0.5561506999947596, 0.5728226999926846, 0.5894651999988127, 0.6061750999942888, 0.6228307000128552, 0.6393948000040837, 0.6562158000015188, 0.6729011000134051, 0.6895322999916971, 0.7061418000084814, 0.7228004999924451, 0.7395369000150822, 0.7560725999937858, 0.7727280000108294, 0.7894225000054576, 0.806142000015825, 0.8227396000002045, 0.8393751000112388, 0.8560347000020556, 0.8726695000077598, 0.8894519000023138, 0.9060103000083473, 0.9227279000042472, 0.9397390999947675, 0.9560977999935858, 0.9727411000058055, 0.9894333000120241, 1.00599860001239, 1.0228083000110928, 1.0393279000127222, 1.0560132999962661, 1.072757999994792, 1.0895010000094771, 1.106032600015169]	n/a	n/a	0.5	5a
534	14	go_nogo	0	60	6	go	click	[130.0, 130.0, 163.0, 213.0, 249.0, 256.0, 256.0, 255.0, 254.0, 253.0, 253.0, 253.0, 253.0, 253.0, 253.0, 251.0, 245.0, 236.0, 231.0, 229.0, 229.0, 229.0, 229.0, 229.0]	[-230.0, -230.0, -162.0, -11.0, 172.0, 248.0, 288.0, 307.0, 314.0, 315.0, 316.0, 316.0, 316.0, 316.0, 316.0, 316.0, 316.0, 313.0, 311.0, 310.0, 310.0, 310.0, 310.0, 310.0]	[0, 0, 0, 0, 0, 0, 0, 0, 0, 0, 0, 0, 0, 0, 0, 0, 0, 0, 0, 0, 0, 0, 0, 1]	[0, 0, 0, 0, 0, 0, 0, 0, 0, 0, 0, 0, 0, 0, 0, 0, 0, 0, 0, 0, 0, 0, 0, 0]	[0, 0, 0, 0, 0, 0, 0, 0, 0, 0, 0, 0, 0, 0, 0, 0, 0, 0, 0, 0, 0, 0, 0, 0]	[0.0003136000013910234, 0.008181999990483746, 0.024943700002040714, 0.04164819998550229, 0.05845979999867268, 0.07495829998515546, 0.09217859999625944, 0.10870559999602847, 0.12482739999541081, 0.14156550000188872, 0.15783399998326786, 0.17463459999999031, 0.19128199998522177, 0.2080452999798581, 0.22493139997823164, 0.2415634999924805, 0.2582445000007283, 0.2748626999964472, 0.2915218999842182, 0.30788599999505095, 0.3248254999925848, 0.34117869997862726, 0.3579582999809645, 0.3748903999803588]	229.0	310.0	0.6	5a
535	14	go_nogo	0	60	4	go	click	[101.0, 101.0, 116.0, 127.0, 127.0, 130.0, 130.0, 130.0, 130.0, 130.0, 130.0, 130.0, 130.0, 132.0, 134.0, 134.0, 134.0, 135.0, 144.0, 152.0, 158.0, 160.0, 161.0, 163.0, 163.0, 164.0, 164.0, 164.0]	[-99.0, -99.0, -16.0, 133.0, 247.0, 329.0, 363.0, 381.0, 383.0, 383.0, 383.0, 383.0, 383.0, 384.0, 386.0, 386.0, 386.0, 386.0, 366.0, 344.0, 334.0, 329.0, 327.0, 325.0, 324.0, 324.0, 324.0, 324.0]	[0, 0, 0, 0, 0, 0, 0, 0, 0, 0, 0, 0, 0, 0, 0, 0, 0, 0, 0, 0, 0, 0, 0, 0, 0, 0, 0, 1]	[0, 0, 0, 0, 0, 0, 0, 0, 0, 0, 0, 0, 0, 0, 0, 0, 0, 0, 0, 0, 0, 0, 0, 0, 0, 0, 0, 0]	[0, 0, 0, 0, 0, 0, 0, 0, 0, 0, 0, 0, 0, 0, 0, 0, 0, 0, 0, 0, 0, 0, 0, 0, 0, 0, 0, 0]	[0.00040530000114813447, 0.007920900010503829, 0.024707900010980666, 0.04135860002133995, 0.0579794000077527, 0.07478160000755452, 0.09152300001005642, 0.10773489999701269, 0.12441010001930408, 0.14093760002288036, 0.15750850000767969, 0.17435790001763962, 0.1912185000255704, 0.2077432000078261, 0.22419740000623278, 0.2408999000035692, 0.25790900000720285, 0.27472820002003573, 0.2911573000019416, 0.3077969000150915, 0.3245479000033811, 0.34135850000893697, 0.35828670000773855, 0.37433550000423566, 0.3912603000062518, 0.40759950000210665, 0.4241356000129599, 0.4413578000094276]	164.0	324.0	0.7	5a
536	14	go_nogo	0	60	7	go	click	[89.0, 89.0, 122.0, 188.0, 240.0, 279.0, 311.0, 318.0, 321.0, 321.0, 322.0, 322.0, 322.0, 321.0, 314.0, 306.0, 299.0, 291.0, 288.0, 287.0, 286.0, 284.0, 282.0, 280.0, 277.0, 275.0, 274.0, 273.0, 269.0, 256.0, 234.0, 227.0, 226.0, 225.0]	[-213.0, -213.0, -161.0, -38.0, 69.0, 165.0, 272.0, 308.0, 329.0, 333.0, 333.0, 334.0, 334.0, 331.0, 317.0, 305.0, 295.0, 283.0, 279.0, 279.0, 279.0, 279.0, 280.0, 282.0, 283.0, 283.0, 284.0, 284.0, 287.0, 291.0, 295.0, 295.0, 295.0, 295.0]	[0, 0, 0, 0, 0, 0, 0, 0, 0, 0, 0, 0, 0, 0, 0, 0, 0, 0, 0, 0, 0, 0, 0, 0, 0, 0, 0, 0, 0, 0, 0, 0, 0, 1]	[0, 0, 0, 0, 0, 0, 0, 0, 0, 0, 0, 0, 0, 0, 0, 0, 0, 0, 0, 0, 0, 0, 0, 0, 0, 0, 0, 0, 0, 0, 0, 0, 0, 0]	[0, 0, 0, 0, 0, 0, 0, 0, 0, 0, 0, 0, 0, 0, 0, 0, 0, 0, 0, 0, 0, 0, 0, 0, 0, 0, 0, 0, 0, 0, 0, 0, 0, 0]	[0.00041569999302737415, 0.009044799982802942, 0.025485399994067848, 0.04201639999519102, 0.058713699982035905, 0.07542439998360351, 0.09222479999880306, 0.10925469998619519, 0.12548259997856803, 0.14202359999762848, 0.15867459998116829, 0.17522010000539012, 0.19195599999511614, 0.20891439999104477, 0.22527150000678375, 0.24219600000651553, 0.2586441999883391, 0.27522979999776, 0.29232529998989776, 0.30839570000534877, 0.32532889998401515, 0.34256590000586584, 0.35846160000073723, 0.37521289999131113, 0.39197699999203905, 0.4086675999860745, 0.42541749999509193, 0.4419935999903828, 0.4586295000044629, 0.47527999998419546, 0.491842599993106, 0.5084917999920435, 0.5251609999977518, 0.5417623999819625]	225.0	295.0	0.9	5a
537	14	go_nogo	0	60	3	go	click	[75.0, 75.0, 97.0, 143.0, 193.0, 230.0, 242.0, 244.0, 244.0, 244.0, 244.0, 244.0, 241.0, 237.0, 235.0, 234.0, 234.0, 234.0, 234.0, 232.0, 230.0, 225.0, 219.0, 216.0, 215.0, 214.0, 213.0, 213.0]	[-207.0, -207.0, -149.0, -13.0, 142.0, 276.0, 354.0, 394.0, 399.0, 399.0, 399.0, 399.0, 392.0, 377.0, 367.0, 366.0, 366.0, 366.0, 366.0, 362.0, 355.0, 344.0, 330.0, 322.0, 318.0, 317.0, 316.0, 316.0]	[0, 0, 0, 0, 0, 0, 0, 0, 0, 0, 0, 0, 0, 0, 0, 0, 0, 0, 0, 0, 0, 0, 0, 0, 0, 0, 0, 1]	[0, 0, 0, 0, 0, 0, 0, 0, 0, 0, 0, 0, 0, 0, 0, 0, 0, 0, 0, 0, 0, 0, 0, 0, 0, 0, 0, 0]	[0, 0, 0, 0, 0, 0, 0, 0, 0, 0, 0, 0, 0, 0, 0, 0, 0, 0, 0, 0, 0, 0, 0, 0, 0, 0, 0, 0]	[0.0004120999947190285, 0.008644299989100546, 0.025695899996208027, 0.04256899998290464, 0.05914120000670664, 0.07562240000697784, 0.09227789999567904, 0.10892629998852499, 0.1252958999830298, 0.1421892999787815, 0.15872809998109005, 0.1755317999923136, 0.19227189998491667, 0.2088244000042323, 0.22564629997941665, 0.24208219998399727, 0.2587133999913931, 0.27529649998177774, 0.29232360000605695, 0.3087861999811139, 0.3257778999977745, 0.3423905999807175, 0.35896869999123737, 0.3755765999958385, 0.3921834999928251, 0.40891389999887906, 0.4252948999928776, 0.44239459998789243]	213.0	315.0	0.6	5a
538	14	go_nogo	0	60	4	go	click	[72.0, 94.0, 113.0, 148.0, 170.0, 189.0, 199.0, 203.0, 206.0, 206.0, 206.0, 206.0, 206.0, 206.0, 206.0, 206.0, 207.0, 207.0, 207.0, 207.0, 207.0, 208.0, 208.0, 208.0, 208.0, 208.0]	[-219.0, -161.0, -104.0, 3.0, 88.0, 164.0, 213.0, 241.0, 253.0, 255.0, 256.0, 256.0, 256.0, 256.0, 256.0, 257.0, 263.0, 266.0, 266.0, 266.0, 266.0, 266.0, 266.0, 269.0, 273.0, 274.0]	[0, 0, 0, 0, 0, 0, 0, 0, 0, 0, 0, 0, 0, 0, 0, 0, 0, 0, 0, 0, 0, 0, 0, 0, 0, 1]	[0, 0, 0, 0, 0, 0, 0, 0, 0, 0, 0, 0, 0, 0, 0, 0, 0, 0, 0, 0, 0, 0, 0, 0, 0, 0]	[0, 0, 0, 0, 0, 0, 0, 0, 0, 0, 0, 0, 0, 0, 0, 0, 0, 0, 0, 0, 0, 0, 0, 0, 0, 0]	[0.0009799999825190753, 0.008236599998781458, 0.024965899996459484, 0.04150099999969825, 0.05819489998975769, 0.0746324000065215, 0.09131499999784864, 0.10830510000232607, 0.12482769999769516, 0.1413575999904424, 0.1582187000021804, 0.17438330000732094, 0.19127670000307262, 0.20788959998753853, 0.22484650000114925, 0.24123809998854995, 0.257935700006783, 0.27442750000045635, 0.2911268000025302, 0.30777369998395443, 0.32476869999663904, 0.341055700002471, 0.35797089998959564, 0.3747870000079274, 0.39131859998451546, 0.40856320000602864]	208.0	274.0	0.8	5a
539	14	go_nogo	0	60	4	go	click	[77.0, 120.0, 156.0, 201.0, 233.0, 248.0, 255.0, 258.0, 258.0, 258.0, 258.0, 258.0, 257.0, 253.0, 252.0, 252.0, 251.0, 247.0, 242.0, 238.0, 234.0, 227.0, 217.0, 214.0, 214.0, 214.0]	[-196.0, -116.0, -37.0, 87.0, 185.0, 257.0, 300.0, 325.0, 328.0, 328.0, 328.0, 328.0, 328.0, 320.0, 318.0, 317.0, 318.0, 324.0, 330.0, 330.0, 329.0, 319.0, 308.0, 304.0, 304.0, 304.0]	[0, 0, 0, 0, 0, 0, 0, 0, 0, 0, 0, 0, 0, 0, 0, 0, 0, 0, 0, 0, 0, 0, 0, 0, 0, 1]	[0, 0, 0, 0, 0, 0, 0, 0, 0, 0, 0, 0, 0, 0, 0, 0, 0, 0, 0, 0, 0, 0, 0, 0, 0, 0]	[0, 0, 0, 0, 0, 0, 0, 0, 0, 0, 0, 0, 0, 0, 0, 0, 0, 0, 0, 0, 0, 0, 0, 0, 0, 0]	[0.0004064000095240772, 0.01095500000519678, 0.02751660000649281, 0.04414860001998022, 0.06090140002197586, 0.07740460001514293, 0.0941095000016503, 0.11080960000981577, 0.12728120002429932, 0.14389560002018698, 0.16042460000608116, 0.17732480002450757, 0.19434840002213605, 0.21081580000463873, 0.22743270001956262, 0.2444242000055965, 0.2607201000209898, 0.2776052000117488, 0.2940625000046566, 0.3108947000000626, 0.3275449000066146, 0.34426530002383515, 0.361198600003263, 0.3772103000083007, 0.39377300001797266, 0.4108141000033356]	214.0	304.0	1.0	5a
540	14	go_nogo	0	60	6	go	click	[95.0, 95.0, 108.0, 150.0, 189.0, 216.0, 233.0, 246.0, 254.0, 258.0, 258.0, 258.0, 258.0, 258.0, 258.0, 258.0, 258.0, 258.0, 258.0, 256.0, 251.0, 247.0, 241.0, 237.0, 233.0, 230.0, 228.0]	[-189.0, -189.0, -136.0, -13.0, 110.0, 196.0, 240.0, 269.0, 287.0, 294.0, 295.0, 295.0, 295.0, 295.0, 295.0, 295.0, 295.0, 295.0, 295.0, 296.0, 299.0, 301.0, 302.0, 302.0, 301.0, 299.0, 298.0]	[0, 0, 0, 0, 0, 0, 0, 0, 0, 0, 0, 0, 0, 0, 0, 0, 0, 0, 0, 0, 0, 0, 0, 0, 0, 0, 1]	[0, 0, 0, 0, 0, 0, 0, 0, 0, 0, 0, 0, 0, 0, 0, 0, 0, 0, 0, 0, 0, 0, 0, 0, 0, 0, 0]	[0, 0, 0, 0, 0, 0, 0, 0, 0, 0, 0, 0, 0, 0, 0, 0, 0, 0, 0, 0, 0, 0, 0, 0, 0, 0, 0]	[0.0003806999884545803, 0.008694199990713969, 0.025484199984930456, 0.042307800002163276, 0.0589406999933999, 0.07551359999342822, 0.09206940000876784, 0.1089127000013832, 0.1254330000083428, 0.14203089999500662, 0.15851039998233318, 0.17520309999235906, 0.1918825999891851, 0.20848989998921752, 0.2255826999899, 0.2419135000091046, 0.2584631000063382, 0.2752753999957349, 0.2921024000097532, 0.30888949998188764, 0.3254634999902919, 0.3422564000065904, 0.35885329998563975, 0.37550319998990744, 0.3923618999833707, 0.4091562000103295, 0.4257264999905601]	228.0	298.0	0.7	5a
541	14	go_nogo	0	60	6	go	click	[19.0, 28.0, 36.0, 50.0, 63.0, 75.0, 91.0, 110.0, 120.0, 128.0, 134.0, 137.0, 138.0, 139.0, 140.0, 140.0, 140.0, 140.0, 140.0, 145.0, 154.0, 163.0, 171.0, 175.0, 179.0, 188.0, 200.0, 205.0, 207.0, 207.0, 207.0]	[-296.0, -274.0, -249.0, -209.0, -170.0, -129.0, -69.0, 4.0, 62.0, 128.0, 149.0, 158.0, 162.0, 164.0, 165.0, 165.0, 165.0, 165.0, 165.0, 165.0, 166.0, 175.0, 192.0, 205.0, 222.0, 248.0, 273.0, 288.0, 294.0, 295.0, 295.0]	[0, 0, 0, 0, 0, 0, 0, 0, 0, 0, 0, 0, 0, 0, 0, 0, 0, 0, 0, 0, 0, 0, 0, 0, 0, 0, 0, 0, 0, 0, 1]	[0, 0, 0, 0, 0, 0, 0, 0, 0, 0, 0, 0, 0, 0, 0, 0, 0, 0, 0, 0, 0, 0, 0, 0, 0, 0, 0, 0, 0, 0, 0]	[0, 0, 0, 1, 1, 1, 1, 1, 0, 0, 0, 0, 0, 0, 0, 0, 0, 0, 0, 0, 0, 0, 0, 0, 0, 0, 0, 0, 0, 0, 0]	[0.0001748999929986894, 0.010963000007905066, 0.027464100014185533, 0.04425000000628643, 0.06071770002017729, 0.07734370001708157, 0.09411920001730323, 0.1106253000034485, 0.12758260002010502, 0.14442070000222884, 0.1607064999989234, 0.1778741000161972, 0.19402700001955964, 0.21097690000897273, 0.22717389999888837, 0.24388460000045598, 0.2608623999985866, 0.2773915000143461, 0.29404239999712445, 0.3107118000043556, 0.32747550000203773, 0.34411040000850335, 0.3617894000199158, 0.3773286000068765, 0.39480720000574365, 0.4109677000087686, 0.42730529999244027, 0.443924799998058, 0.4607014000066556, 0.47714629999245517, 0.4942436999990605]	207.0	295.0	0.7	5a
542	14	go_nogo	0	60	4	go	click	[53.0, 53.0, 69.0, 100.0, 136.0, 163.0, 180.0, 189.0, 198.0, 202.0, 204.0, 205.0, 208.0, 215.0, 220.0, 223.0, 223.0, 223.0, 219.0, 217.0, 217.0, 217.0, 217.0, 217.0, 217.0]	[-211.0, -211.0, -158.0, -52.0, 63.0, 153.0, 197.0, 224.0, 242.0, 254.0, 259.0, 260.0, 263.0, 270.0, 274.0, 276.0, 276.0, 275.0, 266.0, 261.0, 261.0, 261.0, 261.0, 261.0, 261.0]	[0, 0, 0, 0, 0, 0, 0, 0, 0, 0, 0, 0, 0, 0, 0, 0, 0, 0, 0, 0, 0, 0, 0, 0, 1]	[0, 0, 0, 0, 0, 0, 0, 0, 0, 0, 0, 0, 0, 0, 0, 0, 0, 0, 0, 0, 0, 0, 0, 0, 0]	[0, 0, 0, 0, 0, 0, 0, 0, 0, 0, 0, 0, 0, 0, 0, 0, 0, 0, 0, 0, 0, 0, 0, 0, 0]	[0.0004414999857544899, 0.007615799986524507, 0.024297600000863895, 0.04081619999487884, 0.057400999998208135, 0.07439540000632405, 0.09098209999501705, 0.1075315999914892, 0.12416249999660067, 0.14088719998835586, 0.15731010001036339, 0.17416309998952784, 0.19091569999000058, 0.20802819999516942, 0.22413230000529438, 0.240572799986694, 0.25772630001301877, 0.274216299992986, 0.2909403000085149, 0.3074841999914497, 0.32394179998664185, 0.3405104000121355, 0.35717549998662435, 0.37366720000864007, 0.39051699999254197]	217.0	261.0	0.6	5a
543	14	go_nogo	0	60	7	go	click	[71.0, 71.0, 86.0, 109.0, 126.0, 143.0, 150.0, 158.0, 159.0, 159.0, 159.0, 159.0, 159.0, 159.0, 159.0, 159.0, 159.0, 159.0, 159.0, 159.0, 160.0, 169.0, 177.0, 185.0, 188.0, 188.0, 188.0, 188.0, 189.0, 190.0, 190.0]	[-235.0, -235.0, -189.0, -97.0, -5.0, 74.0, 125.0, 160.0, 167.0, 169.0, 169.0, 169.0, 169.0, 169.0, 169.0, 169.0, 169.0, 169.0, 169.0, 169.0, 175.0, 193.0, 220.0, 245.0, 255.0, 256.0, 256.0, 256.0, 256.0, 259.0, 261.0]	[0, 0, 0, 0, 0, 0, 0, 0, 0, 0, 0, 0, 0, 0, 0, 0, 0, 0, 0, 0, 0, 0, 0, 0, 0, 0, 0, 0, 0, 0, 1]	[0, 0, 0, 0, 0, 0, 0, 0, 0, 0, 0, 0, 0, 0, 0, 0, 0, 0, 0, 0, 0, 0, 0, 0, 0, 0, 0, 0, 0, 0, 0]	[0, 0, 0, 0, 0, 0, 0, 0, 0, 0, 0, 0, 0, 0, 0, 0, 0, 0, 0, 0, 0, 0, 0, 0, 0, 0, 0, 0, 0, 0, 0]	[0.00041199999395757914, 0.009043300000485033, 0.025571700010914356, 0.04209490001085214, 0.059121400001458824, 0.07539650000398979, 0.0921772999863606, 0.10893960000248626, 0.12557470001047477, 0.1419136000040453, 0.15857929998310283, 0.17531170000438578, 0.19194739998783916, 0.2085730999824591, 0.2252745000005234, 0.24198329998762347, 0.2585395000060089, 0.27514220000011846, 0.291837900003884, 0.30905419998453, 0.3256102000013925, 0.34247689999756403, 0.3589974000060465, 0.37561879999702796, 0.39209959999425337, 0.40870949998497963, 0.42517979998956434, 0.4426616999844555, 0.4586822999990545, 0.4755445999908261, 0.49231539998436347]	190.0	261.0	0.6	5a
544	14	go_nogo	0	60	2	go	click	[105.0, 105.0, 128.0, 164.0, 192.0, 210.0, 219.0, 222.0, 223.0, 223.0, 223.0, 223.0, 223.0, 223.0, 222.0, 219.0, 217.0, 215.0, 215.0, 215.0, 214.0, 214.0]	[-139.0, -139.0, -65.0, 57.0, 151.0, 216.0, 250.0, 267.0, 268.0, 269.0, 269.0, 269.0, 269.0, 269.0, 269.0, 265.0, 261.0, 257.0, 257.0, 257.0, 257.0, 257.0]	[0, 0, 0, 0, 0, 0, 0, 0, 0, 0, 0, 0, 0, 0, 0, 0, 0, 0, 0, 0, 0, 1]	[0, 0, 0, 0, 0, 0, 0, 0, 0, 0, 0, 0, 0, 0, 0, 0, 0, 0, 0, 0, 0, 0]	[0, 0, 0, 0, 0, 0, 0, 0, 0, 0, 0, 0, 0, 0, 0, 0, 0, 0, 0, 0, 0, 0]	[0.0004214000073261559, 0.00817410001764074, 0.024910600011935458, 0.04133850001380779, 0.058351000014226884, 0.07487260000198148, 0.09169770000153221, 0.1081250999995973, 0.12455510001746006, 0.14119710001978092, 0.15784379999968223, 0.17469090002123266, 0.19142879999708384, 0.2081192000187002, 0.22478160000173375, 0.24139070001547225, 0.2580572000006214, 0.2747432000178378, 0.29112870001699775, 0.3080340000160504, 0.3245013999985531, 0.34153480001259595]	214.0	257.0	0.8	5a
545	14	go_nogo	0	60	3	go	click	[78.0, 78.0, 78.0, 78.0, 91.0, 122.0, 159.0, 189.0, 205.0, 218.0, 227.0, 231.0, 236.0, 236.0, 236.0, 236.0, 236.0, 236.0, 236.0, 236.0, 236.0, 236.0, 236.0, 236.0, 236.0, 236.0, 236.0, 235.0, 233.0, 233.0]	[-237.0, -237.0, -237.0, -237.0, -214.0, -138.0, -35.0, 52.0, 110.0, 159.0, 193.0, 222.0, 239.0, 243.0, 243.0, 244.0, 244.0, 244.0, 244.0, 244.0, 244.0, 244.0, 244.0, 244.0, 244.0, 249.0, 265.0, 282.0, 288.0, 288.0]	[0, 0, 0, 0, 0, 0, 0, 0, 0, 0, 0, 0, 0, 0, 0, 0, 0, 0, 0, 0, 0, 0, 0, 0, 0, 0, 0, 0, 0, 1]	[0, 0, 0, 0, 0, 0, 0, 0, 0, 0, 0, 0, 0, 0, 0, 0, 0, 0, 0, 0, 0, 0, 0, 0, 0, 0, 0, 0, 0, 0]	[0, 0, 0, 0, 0, 0, 0, 0, 0, 0, 0, 0, 0, 0, 0, 0, 0, 0, 0, 0, 0, 0, 0, 0, 0, 0, 0, 0, 0, 0]	[0.00017660000594332814, 0.00341220002155751, 0.005881400022190064, 0.008511200023349375, 0.024404000025242567, 0.04109260000404902, 0.05800879999878816, 0.07461930002318695, 0.09140000000479631, 0.10791500000050291, 0.12458530001458712, 0.14127300001564436, 0.15807590002077632, 0.17439780000131577, 0.1911543000023812, 0.20767650002380833, 0.2243843000032939, 0.24127940001199022, 0.25789380000787787, 0.2744439000089187, 0.29109310000785626, 0.30789940000977367, 0.32438630002434365, 0.34108589999959804, 0.3580629000207409, 0.3745803000056185, 0.39126640002359636, 0.40793340001255274, 0.42435110002406873, 0.44127470001694746]	233.0	288.0	0.8	5a
546	14	go_nogo	0	60	8	go	click	[93.0, 122.0, 158.0, 214.0, 254.0, 276.0, 281.0, 282.0, 282.0, 282.0, 282.0, 282.0, 282.0, 280.0, 278.0, 272.0, 268.0, 264.0, 260.0, 253.0, 244.0, 232.0, 223.0, 219.0, 216.0, 216.0, 216.0, 216.0]	[-242.0, -179.0, -104.0, 41.0, 145.0, 211.0, 238.0, 248.0, 252.0, 252.0, 253.0, 254.0, 254.0, 256.0, 257.0, 259.0, 260.0, 260.0, 262.0, 267.0, 276.0, 287.0, 294.0, 300.0, 303.0, 303.0, 303.0, 303.0]	[0, 0, 0, 0, 0, 0, 0, 0, 0, 0, 0, 0, 0, 0, 0, 0, 0, 0, 0, 0, 0, 0, 0, 0, 0, 0, 0, 1]	[0, 0, 0, 0, 0, 0, 0, 0, 0, 0, 0, 0, 0, 0, 0, 0, 0, 0, 0, 0, 0, 0, 0, 0, 0, 0, 0, 0]	[0, 0, 0, 0, 0, 0, 0, 0, 0, 0, 0, 0, 0, 0, 0, 0, 0, 0, 0, 0, 0, 0, 0, 0, 0, 0, 0, 0]	[0.00043539999751374125, 0.008232599997427315, 0.025457999989157543, 0.04162279999582097, 0.05850149999605492, 0.07500839998829179, 0.09181310000712983, 0.10827510000672191, 0.12505410000449046, 0.1416451999975834, 0.15848459998960607, 0.1748680000018794, 0.19163709998247214, 0.2082427999994252, 0.22516689999611117, 0.24193299998296425, 0.25891289999708533, 0.27508799999486655, 0.2915690999943763, 0.30830089998198673, 0.3249229000066407, 0.3415624999906868, 0.3584328999859281, 0.3749309999984689, 0.3914322000055108, 0.4080516000103671, 0.4246757999935653, 0.4414227000088431]	216.0	303.0	0.8	5a
547	14	go_nogo	0	60	1	nogo	none	[129.0, 129.0, 154.0, 230.0, 262.0, 278.0, 284.0, 284.0, 282.0, 279.0, 279.0, 278.0, 278.0, 277.0, 276.0, 273.0, 266.0, 261.0, 258.0, 255.0, 248.0, 237.0, 230.0, 227.0, 226.0, 226.0, 226.0, 226.0, 226.0, 226.0, 226.0, 226.0, 226.0, 226.0, 226.0, 226.0, 226.0, 226.0, 226.0, 226.0, 226.0, 226.0, 226.0, 226.0, 226.0, 226.0, 226.0, 226.0, 226.0, 226.0, 226.0, 226.0, 226.0, 226.0, 226.0, 226.0, 226.0, 226.0, 226.0, 226.0, 226.0, 226.0, 226.0, 226.0, 226.0, 226.0, 226.0]	[-224.0, -224.0, -166.0, -9.0, 75.0, 133.0, 176.0, 215.0, 236.0, 244.0, 246.0, 247.0, 249.0, 253.0, 256.0, 258.0, 259.0, 259.0, 260.0, 263.0, 274.0, 284.0, 292.0, 294.0, 294.0, 295.0, 295.0, 295.0, 295.0, 295.0, 295.0, 295.0, 295.0, 295.0, 295.0, 295.0, 295.0, 295.0, 295.0, 295.0, 295.0, 295.0, 295.0, 295.0, 295.0, 295.0, 295.0, 295.0, 295.0, 295.0, 295.0, 295.0, 295.0, 295.0, 295.0, 295.0, 295.0, 295.0, 295.0, 295.0, 295.0, 295.0, 295.0, 295.0, 295.0, 295.0, 295.0]	[0, 0, 0, 0, 0, 0, 0, 0, 0, 0, 0, 0, 0, 0, 0, 0, 0, 0, 0, 0, 0, 0, 0, 0, 0, 0, 0, 0, 0, 0, 0, 0, 0, 0, 0, 0, 0, 0, 0, 0, 0, 0, 0, 0, 0, 0, 0, 0, 0, 0, 0, 0, 0, 0, 0, 0, 0, 0, 0, 0, 0, 0, 0, 0, 0, 0, 0]	[0, 0, 0, 0, 0, 0, 0, 0, 0, 0, 0, 0, 0, 0, 0, 0, 0, 0, 0, 0, 0, 0, 0, 0, 0, 0, 0, 0, 0, 0, 0, 0, 0, 0, 0, 0, 0, 0, 0, 0, 0, 0, 0, 0, 0, 0, 0, 0, 0, 0, 0, 0, 0, 0, 0, 0, 0, 0, 0, 0, 0, 0, 0, 0, 0, 0, 0]	[0, 0, 0, 0, 0, 0, 0, 0, 0, 0, 0, 0, 0, 0, 0, 0, 0, 0, 0, 0, 0, 0, 0, 0, 0, 0, 0, 0, 0, 0, 0, 0, 0, 0, 0, 0, 0, 0, 0, 0, 0, 0, 0, 0, 0, 0, 0, 0, 0, 0, 0, 0, 0, 0, 0, 0, 0, 0, 0, 0, 0, 0, 0, 0, 0, 0, 0]	[0.0003696999920066446, 0.007824800006346777, 0.024640099989483133, 0.04130159999476746, 0.057983499980764464, 0.07455439999466762, 0.09138659999007359, 0.10845859997789375, 0.12448420000146143, 0.14120699997874908, 0.15785079999477603, 0.1744814999983646, 0.19124200000078417, 0.20786949998000637, 0.22448149998672307, 0.24110189999919385, 0.2577702999988105, 0.27480949999880977, 0.29160709999268875, 0.30780320000485517, 0.32458059999044053, 0.341173599998001, 0.3578148999949917, 0.3746190999809187, 0.39132579998113215, 0.40763430000515655, 0.4243069999793079, 0.4409938000026159, 0.45773929997812957, 0.4741795999871101, 0.49093770000035875, 0.5076874999795109, 0.524243399995612, 0.5408692999917548, 0.5574992999900132, 0.5742222999979276, 0.5909269999829121, 0.6076866999792401, 0.6243794999900274, 0.6407937000039965, 0.6575529999972787, 0.6741439999896102, 0.6908912999788299, 0.7077048999781255, 0.7242788999865297, 0.7409283999877516, 0.7574120999779552, 0.7741844999836758, 0.7907616999873426, 0.80742409999948, 0.8241544000047725, 0.8408768999797758, 0.8574481999967247, 0.8741093999997247, 0.8909301999956369, 0.9076333999983035, 0.9241796999995131, 0.9409478000015952, 0.9575602999830153, 0.9740349999919999, 0.9909089999855496, 1.0073090999794658, 1.024003400001675, 1.040716399991652, 1.057509599981131, 1.0739868999808095, 1.0906358999782242]	n/a	n/a	0.5	5a
548	14	go_nogo	0	60	7	go	click	[39.0, 64.0, 87.0, 144.0, 191.0, 224.0, 242.0, 253.0, 256.0, 256.0, 256.0, 256.0, 256.0, 256.0, 256.0, 256.0, 254.0, 250.0, 248.0, 248.0, 248.0, 246.0, 242.0, 241.0, 241.0, 241.0, 241.0]	[-240.0, -181.0, -119.0, 37.0, 157.0, 220.0, 248.0, 264.0, 271.0, 272.0, 272.0, 272.0, 272.0, 272.0, 273.0, 277.0, 286.0, 295.0, 300.0, 300.0, 300.0, 300.0, 300.0, 300.0, 300.0, 300.0, 300.0]	[0, 0, 0, 0, 0, 0, 0, 0, 0, 0, 0, 0, 0, 0, 0, 0, 0, 0, 0, 0, 0, 0, 0, 0, 0, 0, 1]	[0, 0, 0, 0, 0, 0, 0, 0, 0, 0, 0, 0, 0, 0, 0, 0, 0, 0, 0, 0, 0, 0, 0, 0, 0, 0, 0]	[0, 0, 0, 0, 0, 0, 0, 0, 0, 0, 0, 0, 0, 0, 0, 0, 0, 0, 0, 0, 0, 0, 0, 0, 0, 0, 0]	[0.0004545999981928617, 0.008287200005725026, 0.02549420000286773, 0.04183289999491535, 0.05902680000872351, 0.07516810001106933, 0.09177749999798834, 0.10850900001241826, 0.1253617000184022, 0.14165979999233969, 0.15834240001277067, 0.17501330000231974, 0.19171410001581535, 0.2083592000126373, 0.22516390000237152, 0.24251350000849925, 0.25886180001543835, 0.2754045000183396, 0.2915461999946274, 0.3083696000103373, 0.3252107000153046, 0.34189949999563396, 0.35846119999769144, 0.3749013000051491, 0.39147679999587126, 0.4082021999929566, 0.4253786000190303]	241.0	300.0	1.0	5a
549	14	go_nogo	0	60	8	go	click	[47.0, 56.0, 56.0, 75.0, 99.0, 113.0, 127.0, 139.0, 146.0, 148.0, 148.0, 148.0, 149.0, 149.0, 150.0, 151.0, 151.0, 151.0, 151.0, 153.0, 163.0, 172.0, 180.0, 184.0, 188.0, 191.0, 194.0, 195.0, 195.0, 195.0, 195.0, 195.0]	[-236.0, -200.0, -200.0, -119.0, -15.0, 28.0, 68.0, 97.0, 115.0, 124.0, 127.0, 128.0, 130.0, 133.0, 142.0, 145.0, 145.0, 145.0, 145.0, 149.0, 164.0, 183.0, 201.0, 214.0, 231.0, 250.0, 279.0, 293.0, 301.0, 303.0, 304.0, 304.0]	[0, 0, 0, 0, 0, 0, 0, 0, 0, 0, 0, 0, 0, 0, 0, 0, 0, 0, 0, 0, 0, 0, 0, 0, 0, 0, 0, 0, 0, 0, 0, 1]	[0, 0, 0, 0, 0, 0, 0, 0, 0, 0, 0, 0, 0, 0, 0, 0, 0, 0, 0, 0, 0, 0, 0, 0, 0, 0, 0, 0, 0, 0, 0, 0]	[0, 0, 0, 0, 0, 0, 0, 0, 0, 0, 0, 0, 0, 0, 0, 0, 0, 0, 0, 0, 0, 0, 0, 0, 0, 0, 0, 0, 0, 0, 0, 0]	[0.00045339998905546963, 0.007027399988146499, 0.023802699986845255, 0.04075169999850914, 0.05769169999985024, 0.0743335000006482, 0.09062299999641255, 0.10739999997895211, 0.12364569999044761, 0.14057180000236258, 0.15724040000350215, 0.1738887999963481, 0.19053309998707846, 0.20734120000270195, 0.22378169998410158, 0.24041339999530464, 0.25696159998187795, 0.27375449999817647, 0.29057399998418987, 0.30752770000253804, 0.32372899999609217, 0.34046639999723993, 0.3571071999904234, 0.37377310000010766, 0.39046500000404194, 0.4072511999984272, 0.4239225999917835, 0.44050919997971505, 0.4570075999945402, 0.474236199981533, 0.49011610000161454, 0.5074901999905705]	195.0	304.0	0.8	5a
550	14	go_nogo	0	60	8	go	click	[49.0, 57.0, 68.0, 94.0, 114.0, 135.0, 146.0, 155.0, 160.0, 160.0, 160.0, 161.0, 164.0, 175.0, 187.0, 192.0, 193.0, 193.0, 195.0, 198.0, 198.0, 198.0, 198.0, 198.0, 199.0, 199.0, 199.0, 199.0]	[-212.0, -161.0, -97.0, 42.0, 201.0, 312.0, 358.0, 378.0, 385.0, 385.0, 385.0, 385.0, 385.0, 389.0, 394.0, 397.0, 397.0, 397.0, 392.0, 373.0, 347.0, 329.0, 323.0, 322.0, 321.0, 321.0, 321.0, 321.0]	[0, 0, 0, 0, 0, 0, 0, 0, 0, 0, 0, 0, 0, 0, 0, 0, 0, 0, 0, 0, 0, 0, 0, 0, 0, 0, 0, 1]	[0, 0, 0, 0, 0, 0, 0, 0, 0, 0, 0, 0, 0, 0, 0, 0, 0, 0, 0, 0, 0, 0, 0, 0, 0, 0, 0, 0]	[0, 0, 0, 0, 0, 0, 0, 0, 0, 0, 0, 0, 0, 0, 0, 0, 0, 0, 0, 0, 0, 0, 0, 0, 0, 0, 0, 0]	[0.0004434000002220273, 0.01137579997885041, 0.027478899981360883, 0.04416510000010021, 0.06084069999633357, 0.07747560000279918, 0.09419679999700747, 0.11094749998301268, 0.12725449999561533, 0.1439892000053078, 0.16059329998097382, 0.17727439998998307, 0.19426669998210855, 0.2112110999878496, 0.22745199999189936, 0.2443341999896802, 0.26048669998999685, 0.2777709999936633, 0.2941190999990795, 0.3107730000047013, 0.32745949999662116, 0.34429959999397397, 0.36075749999145046, 0.3774097999848891, 0.3941233999794349, 0.4104450999875553, 0.42727379998541437, 0.44416019998607226]	199.0	321.0	1.0	5a
551	14	go_nogo	0	60	3	go	click	[138.0, 138.0, 151.0, 177.0, 194.0, 202.0, 205.0, 205.0, 205.0, 205.0, 205.0, 205.0, 205.0, 205.0, 205.0, 205.0, 205.0, 205.0, 205.0, 205.0, 205.0, 205.0, 207.0, 207.0, 207.0]	[-79.0, -79.0, -23.0, 82.0, 162.0, 204.0, 225.0, 233.0, 236.0, 236.0, 237.0, 237.0, 237.0, 239.0, 240.0, 240.0, 240.0, 240.0, 240.0, 240.0, 243.0, 254.0, 265.0, 265.0, 265.0]	[0, 0, 0, 0, 0, 0, 0, 0, 0, 0, 0, 0, 0, 0, 0, 0, 0, 0, 0, 0, 0, 0, 0, 0, 1]	[0, 0, 0, 0, 0, 0, 0, 0, 0, 0, 0, 0, 0, 0, 0, 0, 0, 0, 0, 0, 0, 0, 0, 0, 0]	[0, 0, 0, 0, 0, 0, 0, 0, 0, 0, 0, 0, 0, 0, 0, 0, 0, 0, 0, 0, 0, 0, 0, 0, 0]	[0.00035349998506717384, 0.008126100001391023, 0.025103599997237325, 0.04179190000286326, 0.058128500008024275, 0.07506969998939894, 0.09152369998628274, 0.10823209999944083, 0.12482269998872653, 0.14126480001141317, 0.15788439998868853, 0.17471769999247044, 0.1915103000064846, 0.2082088000024669, 0.22484459998668171, 0.24121069998363964, 0.2579734000028111, 0.2745534999994561, 0.2912103999988176, 0.3082140999904368, 0.32480679999571294, 0.34165099999518134, 0.35783059999812394, 0.374674499995308, 0.391305299999658]	207.0	265.0	0.9	5a
552	14	go_nogo	0	60	2	go	click	[69.0, 69.0, 87.0, 133.0, 185.0, 215.0, 229.0, 238.0, 240.0, 240.0, 240.0, 238.0, 237.0, 237.0, 237.0, 235.0, 235.0, 231.0, 224.0, 213.0, 195.0, 190.0, 184.0, 182.0, 181.0, 181.0, 181.0]	[-250.0, -250.0, -197.0, -69.0, 102.0, 265.0, 356.0, 386.0, 396.0, 396.0, 396.0, 396.0, 396.0, 396.0, 395.0, 395.0, 393.0, 390.0, 381.0, 362.0, 329.0, 320.0, 302.0, 295.0, 294.0, 294.0, 294.0]	[0, 0, 0, 0, 0, 0, 0, 0, 0, 0, 0, 0, 0, 0, 0, 0, 0, 0, 0, 0, 0, 0, 0, 0, 0, 0, 1]	[0, 0, 0, 0, 0, 0, 0, 0, 0, 0, 0, 0, 0, 0, 0, 0, 0, 0, 0, 0, 0, 0, 0, 0, 0, 0, 0]	[0, 0, 0, 0, 0, 0, 0, 0, 0, 0, 0, 0, 0, 0, 0, 0, 0, 0, 0, 0, 0, 0, 0, 0, 0, 0, 0]	[0.00019439999596215785, 0.009942800010321662, 0.0265339000034146, 0.043055899994215, 0.05982389999553561, 0.07666429999517277, 0.09353380001266487, 0.10986130000674166, 0.12618160000420175, 0.14301670002168976, 0.15956590001587756, 0.1764784000115469, 0.19308640001690947, 0.21014850001665764, 0.22666350001236424, 0.24309760000323877, 0.2599041000066791, 0.27661040000384673, 0.29321870001149364, 0.30991110001923516, 0.32637640001485124, 0.3431317000067793, 0.35995129999355413, 0.3769891000119969, 0.39306610001949593, 0.40951480000512674, 0.426616600016132]	181.0	294.0	1.0	5a
553	14	go_nogo	0	60	4	go	click	[61.0, 61.0, 74.0, 92.0, 108.0, 122.0, 131.0, 138.0, 143.0, 144.0, 145.0, 145.0, 149.0, 158.0, 164.0, 168.0, 168.0, 168.0, 168.0, 167.0, 165.0, 165.0]	[-164.0, -164.0, -111.0, -1.0, 71.0, 120.0, 155.0, 178.0, 198.0, 203.0, 207.0, 212.0, 227.0, 252.0, 273.0, 280.0, 280.0, 280.0, 280.0, 274.0, 265.0, 265.0]	[0, 0, 0, 0, 0, 0, 0, 0, 0, 0, 0, 0, 0, 0, 0, 0, 0, 0, 0, 0, 0, 1]	[0, 0, 0, 0, 0, 0, 0, 0, 0, 0, 0, 0, 0, 0, 0, 0, 0, 0, 0, 0, 0, 0]	[0, 0, 0, 0, 0, 0, 0, 0, 0, 0, 0, 0, 0, 0, 0, 0, 0, 0, 0, 0, 0, 0]	[0.00042580001172609627, 0.008604100003140047, 0.025216000009095296, 0.041974600026151165, 0.0584981000283733, 0.07513620000099763, 0.09205830001155846, 0.10849700000835583, 0.1255539000267163, 0.1417976000229828, 0.15892940000048839, 0.17515130000538193, 0.1917807999998331, 0.20844090002356097, 0.22531480001634918, 0.2415449000254739, 0.25825960002839565, 0.2749273000226822, 0.29171870002755895, 0.30849720002152026, 0.3256581000168808, 0.34192500001518056]	165.0	265.0	0.7	5a
554	14	go_nogo	0	60	4	go	click	[62.0, 62.0, 73.0, 97.0, 116.0, 125.0, 129.0, 134.0, 141.0, 149.0, 155.0, 159.0, 163.0, 168.0, 170.0, 170.0, 170.0, 170.0, 170.0, 172.0, 173.0, 177.0, 178.0, 179.0, 179.0, 179.0, 179.0]	[-220.0, -220.0, -168.0, -56.0, 77.0, 150.0, 210.0, 254.0, 295.0, 327.0, 348.0, 360.0, 369.0, 379.0, 383.0, 384.0, 384.0, 384.0, 376.0, 361.0, 350.0, 340.0, 335.0, 331.0, 330.0, 329.0, 329.0]	[0, 0, 0, 0, 0, 0, 0, 0, 0, 0, 0, 0, 0, 0, 0, 0, 0, 0, 0, 0, 0, 0, 0, 0, 0, 0, 1]	[0, 0, 0, 0, 0, 0, 0, 0, 0, 0, 0, 0, 0, 0, 0, 0, 0, 0, 0, 0, 0, 0, 0, 0, 0, 0, 0]	[0, 0, 0, 0, 0, 0, 0, 0, 0, 0, 0, 0, 0, 0, 0, 0, 0, 0, 0, 0, 0, 0, 0, 0, 0, 0, 0]	[0.00043879999429918826, 0.010914100013906136, 0.02779940000618808, 0.04437550000147894, 0.06080219999421388, 0.07749319999129511, 0.09415940000326373, 0.11102010001195595, 0.1274095000117086, 0.14424150000559166, 0.16075249999994412, 0.17752259998815134, 0.19421009998768568, 0.21128660000977106, 0.22748289999435656, 0.24396650001290254, 0.2606184000032954, 0.2775774000037927, 0.2940764999948442, 0.31070820000604726, 0.32734720001462847, 0.34404200001154095, 0.36081270000431687, 0.37744609999936074, 0.3939298999903258, 0.4106945999956224, 0.4275463999947533]	179.0	329.0	1.0	5a
555	14	go_nogo	0	60	9	nogo	none	[108.0, 145.0, 145.0, 228.0, 299.0, 343.0, 343.0, 342.0, 341.0, 338.0, 337.0, 336.0, 334.0, 333.0, 326.0, 317.0, 306.0, 298.0, 290.0, 287.0, 283.0, 280.0, 278.0, 276.0, 274.0, 267.0, 257.0, 241.0, 227.0, 223.0, 221.0, 220.0, 219.0, 217.0, 217.0, 215.0, 214.0, 214.0, 214.0, 214.0, 214.0, 214.0, 214.0, 214.0, 214.0, 214.0, 214.0, 214.0, 214.0, 214.0, 214.0, 214.0, 214.0, 214.0, 214.0, 214.0, 214.0, 214.0, 214.0, 214.0, 213.0, 213.0, 213.0, 213.0, 213.0, 213.0, 213.0, 213.0, 213.0, 213.0, 213.0, 213.0, 213.0, 213.0, 213.0, 213.0, 213.0, 213.0, 213.0]	[-181.0, -94.0, -94.0, 104.0, 315.0, 540.0, 540.0, 540.0, 540.0, 540.0, 540.0, 540.0, 540.0, 540.0, 535.0, 509.0, 466.0, 439.0, 412.0, 386.0, 360.0, 335.0, 325.0, 319.0, 315.0, 311.0, 309.0, 309.0, 312.0, 313.0, 314.0, 314.0, 314.0, 313.0, 310.0, 307.0, 306.0, 306.0, 306.0, 306.0, 306.0, 306.0, 306.0, 306.0, 306.0, 306.0, 306.0, 306.0, 306.0, 306.0, 306.0, 306.0, 306.0, 306.0, 306.0, 306.0, 306.0, 306.0, 306.0, 306.0, 305.0, 303.0, 303.0, 303.0, 303.0, 303.0, 303.0, 303.0, 303.0, 303.0, 303.0, 303.0, 303.0, 303.0, 303.0, 303.0, 303.0, 303.0, 303.0]	[0, 0, 0, 0, 0, 0, 0, 0, 0, 0, 0, 0, 0, 0, 0, 0, 0, 0, 0, 0, 0, 0, 0, 0, 0, 0, 0, 0, 0, 0, 0, 0, 0, 0, 0, 0, 0, 0, 0, 0, 0, 0, 0, 0, 0, 0, 0, 0, 0, 0, 0, 0, 0, 0, 0, 0, 0, 0, 0, 0, 0, 0, 0, 0, 0, 0, 0, 0, 0, 0, 0, 0, 0, 0, 0, 0, 0, 0, 0]	[0, 0, 0, 0, 0, 0, 0, 0, 0, 0, 0, 0, 0, 0, 0, 0, 0, 0, 0, 0, 0, 0, 0, 0, 0, 0, 0, 0, 0, 0, 0, 0, 0, 0, 0, 0, 0, 0, 0, 0, 0, 0, 0, 0, 0, 0, 0, 0, 0, 0, 0, 0, 0, 0, 0, 0, 0, 0, 0, 0, 0, 0, 0, 0, 0, 0, 0, 0, 0, 0, 0, 0, 0, 0, 0, 0, 0, 0, 0]	[0, 0, 0, 0, 0, 0, 0, 0, 0, 0, 0, 0, 0, 0, 0, 0, 0, 0, 0, 0, 0, 0, 0, 0, 0, 0, 0, 0, 0, 0, 0, 0, 0, 0, 0, 0, 0, 0, 0, 0, 0, 0, 0, 0, 0, 0, 0, 0, 0, 0, 0, 0, 0, 0, 0, 0, 0, 0, 0, 0, 0, 0, 0, 0, 0, 0, 0, 0, 0, 0, 0, 0, 0, 0, 0, 0, 0, 0, 0]	[0.00043070001993328333, 0.005660099996021017, 0.022755400015739724, 0.039347700017970055, 0.05603180002071895, 0.07226980000268668, 0.08927630001562648, 0.1060394000087399, 0.12262950002332218, 0.13934220001101494, 0.1557712000212632, 0.17244779999600723, 0.18912000002455898, 0.20599180000135675, 0.2225730000063777, 0.23915770000894554, 0.25583320000441745, 0.2724746000021696, 0.28932110001915134, 0.3065214000234846, 0.32283650001045316, 0.339130300009856, 0.3557132999994792, 0.37237190001178533, 0.3891494999988936, 0.4059012000216171, 0.4225451000093017, 0.43953289999626577, 0.4556814000243321, 0.4726941999979317, 0.489941900013946, 0.5057417000061832, 0.522342700016452, 0.5391554000088945, 0.5555998000199907, 0.5722986000182573, 0.5889698000100907, 0.6054997000028379, 0.6224818000046071, 0.638921300007496, 0.6554703000001609, 0.6721129000070505, 0.6888174000196159, 0.705400600010762, 0.7220432000176515, 0.7387508999963757, 0.7554061000118963, 0.7721421000023838, 0.7887447000248358, 0.8053397000185214, 0.8220459000149276, 0.8387675000121817, 0.8552803000202402, 0.8722067000053357, 0.8886747000215109, 0.9053416000097059, 0.9219867000065278, 0.938711399998283, 0.9553544000082184, 0.9722138000070117, 0.9891254999965895, 1.0053575000201818, 1.0220125000050757, 1.0388141000003088, 1.0553899000224192, 1.0719776000187267, 1.0887274999986403, 1.105766200023936, 1.1222241000214126, 1.1386560999962967, 1.1553206999960821, 1.1725160000205506, 1.1885674000077415, 1.2052916000247933, 1.2218988000240643, 1.2385560999973677, 1.255254400020931, 1.272030200023437, 1.2885718000179622]	n/a	n/a	0.7	5a
556	14	go_nogo	0	60	2	go	click	[50.0, 50.0, 66.0, 98.0, 124.0, 138.0, 148.0, 153.0, 156.0, 155.0, 154.0, 153.0, 153.0, 153.0, 153.0, 155.0, 156.0, 157.0, 157.0, 157.0, 160.0, 164.0, 168.0, 169.0, 169.0]	[-230.0, -230.0, -173.0, -71.0, 8.0, 60.0, 97.0, 126.0, 153.0, 166.0, 173.0, 177.0, 178.0, 181.0, 190.0, 203.0, 213.0, 217.0, 218.0, 220.0, 234.0, 249.0, 258.0, 260.0, 261.0]	[0, 0, 0, 0, 0, 0, 0, 0, 0, 0, 0, 0, 0, 0, 0, 0, 0, 0, 0, 0, 0, 0, 0, 0, 1]	[0, 0, 0, 0, 0, 0, 0, 0, 0, 0, 0, 0, 0, 0, 0, 0, 0, 0, 0, 0, 0, 0, 0, 0, 0]	[0, 0, 0, 0, 0, 0, 0, 0, 0, 0, 0, 0, 0, 0, 0, 0, 0, 0, 0, 0, 0, 0, 0, 0, 0]	[0.0003803999861702323, 0.00815909999073483, 0.0249574999907054, 0.04162289999658242, 0.05833829997573048, 0.07508609999786131, 0.09164179998333566, 0.10840759999700822, 0.1250974999857135, 0.14177309998194687, 0.1583634999988135, 0.17516449998947792, 0.19133239999064244, 0.2081748999771662, 0.22493959998246282, 0.24153109997860156, 0.2585135999834165, 0.2750336999888532, 0.2916098999849055, 0.3082333999918774, 0.32489499999792315, 0.3418400999798905, 0.35828139999648556, 0.37492159998510033, 0.39221389999147505]	169.0	261.0	0.9	5a
557	14	go_nogo	0	60	7	go	click	[63.0, 63.0, 76.0, 99.0, 122.0, 144.0, 163.0, 176.0, 181.0, 185.0, 185.0, 185.0, 187.0, 192.0, 196.0, 196.0, 196.0, 196.0, 195.0, 191.0, 190.0, 189.0, 189.0, 189.0, 189.0, 188.0, 188.0, 187.0, 187.0, 187.0, 187.0]	[-164.0, -164.0, -115.0, -11.0, 89.0, 170.0, 232.0, 281.0, 310.0, 321.0, 324.0, 324.0, 334.0, 353.0, 365.0, 367.0, 367.0, 367.0, 360.0, 347.0, 337.0, 337.0, 337.0, 337.0, 335.0, 331.0, 326.0, 319.0, 317.0, 316.0, 316.0]	[0, 0, 0, 0, 0, 0, 0, 0, 0, 0, 0, 0, 0, 0, 0, 0, 0, 0, 0, 0, 0, 0, 0, 0, 0, 0, 0, 0, 0, 0, 1]	[0, 0, 0, 0, 0, 0, 0, 0, 0, 0, 0, 0, 0, 0, 0, 0, 0, 0, 0, 0, 0, 0, 0, 0, 0, 0, 0, 0, 0, 0, 0]	[0, 0, 0, 0, 0, 0, 0, 0, 0, 0, 0, 0, 0, 0, 0, 0, 0, 0, 0, 0, 0, 0, 0, 0, 0, 0, 0, 0, 0, 0, 0]	[0.00043360001291148365, 0.007776800019200891, 0.024994400009745732, 0.04119020001962781, 0.058012800000142306, 0.07450800001970492, 0.09118869999656454, 0.10779900001944043, 0.12450030000763945, 0.1413511999999173, 0.15775589999975637, 0.17451460001757368, 0.19117110001388937, 0.2085191000078339, 0.22448960001929663, 0.24081220000516623, 0.2576112000097055, 0.2744706000084989, 0.2914821000013035, 0.3077285000181291, 0.32468010002048686, 0.3410042000177782, 0.3573564999969676, 0.37443580001126975, 0.39104539999971166, 0.40861149999545887, 0.4243486000050325, 0.4411506000033114, 0.4576752000139095, 0.47433389999787323, 0.49112769999192096]	187.0	316.0	0.6	5a
558	14	go_nogo	0	60	8	go	click	[53.0, 53.0, 69.0, 101.0, 130.0, 156.0, 177.0, 185.0, 189.0, 192.0, 192.0, 192.0, 192.0, 192.0, 192.0, 192.0, 192.0, 191.0, 191.0, 191.0, 191.0, 191.0]	[-204.0, -204.0, -151.0, -44.0, 57.0, 136.0, 206.0, 231.0, 250.0, 265.0, 270.0, 270.0, 270.0, 270.0, 270.0, 270.0, 268.0, 260.0, 259.0, 259.0, 259.0, 259.0]	[0, 0, 0, 0, 0, 0, 0, 0, 0, 0, 0, 0, 0, 0, 0, 0, 0, 0, 0, 0, 0, 1]	[0, 0, 0, 0, 0, 0, 0, 0, 0, 0, 0, 0, 0, 0, 0, 0, 0, 0, 0, 0, 0, 0]	[0, 0, 0, 0, 0, 0, 0, 0, 0, 0, 0, 0, 0, 0, 0, 0, 0, 0, 0, 0, 0, 0]	[0.0007158000080380589, 0.0076203999924473464, 0.02464809999219142, 0.04138119998970069, 0.05763719999231398, 0.07459999999264255, 0.09096440000575967, 0.10781300000962801, 0.12492269999347627, 0.1409542000037618, 0.15742410000530072, 0.1741152000031434, 0.19104309999966063, 0.2074680000077933, 0.22417969998787157, 0.2409746999910567, 0.2577758000115864, 0.27459909999743104, 0.2907372000045143, 0.3072900999977719, 0.324060399987502, 0.3410998999897856]	191.0	259.0	0.5	5a
559	14	go_nogo	0	60	3	go	click	[102.0, 102.0, 119.0, 148.0, 167.0, 180.0, 197.0, 205.0, 214.0, 220.0, 222.0, 222.0, 222.0, 222.0, 222.0, 222.0, 222.0, 223.0, 223.0, 223.0, 223.0, 222.0, 219.0, 216.0, 216.0, 216.0, 216.0, 216.0, 216.0, 216.0, 216.0, 216.0, 216.0, 216.0]	[-171.0, -171.0, -103.0, 37.0, 164.0, 265.0, 363.0, 392.0, 414.0, 429.0, 433.0, 434.0, 434.0, 434.0, 434.0, 434.0, 434.0, 434.0, 428.0, 412.0, 386.0, 358.0, 331.0, 318.0, 317.0, 317.0, 316.0, 316.0, 316.0, 316.0, 316.0, 316.0, 316.0, 316.0]	[0, 0, 0, 0, 0, 0, 0, 0, 0, 0, 0, 0, 0, 0, 0, 0, 0, 0, 0, 0, 0, 0, 0, 0, 0, 0, 0, 0, 0, 0, 0, 0, 0, 1]	[0, 0, 0, 0, 0, 0, 0, 0, 0, 0, 0, 0, 0, 0, 0, 0, 0, 0, 0, 0, 0, 0, 0, 0, 0, 0, 0, 0, 0, 0, 0, 0, 0, 0]	[0, 0, 0, 0, 0, 0, 0, 0, 0, 0, 0, 0, 0, 0, 0, 0, 0, 0, 0, 0, 0, 0, 0, 0, 0, 0, 0, 0, 0, 0, 0, 0, 0, 0]	[0.00037009999505244195, 0.008327299990924075, 0.02525239999522455, 0.041789399983827025, 0.05843589999130927, 0.07513109999126755, 0.09193719999166206, 0.10834109998540953, 0.12579039999400266, 0.14225639999494888, 0.15835079998942092, 0.17495829999097623, 0.1913920999795664, 0.20795829998678528, 0.22481439998955466, 0.24141769998823293, 0.2583963999932166, 0.2748907999775838, 0.2917291999910958, 0.3082996000011917, 0.32573119999142364, 0.34161149998544715, 0.3584436999808531, 0.37502979999408126, 0.3913332999800332, 0.4082501999801025, 0.4248961999837775, 0.44136659998912364, 0.4580650999851059, 0.47469709999859333, 0.4913462999975309, 0.5080320999841206, 0.5247423999826424, 0.5413591999968048]	216.0	316.0	0.9	5a
560	14	go_nogo	0	60	6	go	click	[73.0, 85.0, 97.0, 114.0, 133.0, 149.0, 161.0, 169.0, 172.0, 173.0, 173.0, 173.0, 173.0, 176.0, 180.0, 182.0, 182.0, 183.0, 183.0, 184.0, 191.0, 200.0, 208.0, 212.0, 212.0, 212.0, 212.0, 212.0, 213.0, 215.0, 215.0, 215.0]	[-193.0, -156.0, -118.0, -50.0, 9.0, 66.0, 104.0, 133.0, 142.0, 144.0, 144.0, 144.0, 145.0, 153.0, 161.0, 166.0, 167.0, 167.0, 167.0, 171.0, 193.0, 218.0, 240.0, 256.0, 259.0, 259.0, 259.0, 260.0, 263.0, 269.0, 270.0, 270.0]	[0, 0, 0, 0, 0, 0, 0, 0, 0, 0, 0, 0, 0, 0, 0, 0, 0, 0, 0, 0, 0, 0, 0, 0, 0, 0, 0, 0, 0, 0, 0, 1]	[0, 0, 0, 0, 0, 0, 0, 0, 0, 0, 0, 0, 0, 0, 0, 0, 0, 0, 0, 0, 0, 0, 0, 0, 0, 0, 0, 0, 0, 0, 0, 0]	[0, 0, 0, 0, 0, 0, 0, 0, 0, 0, 0, 0, 0, 0, 0, 0, 0, 0, 0, 0, 0, 0, 0, 0, 0, 0, 0, 0, 0, 0, 0, 0]	[0.0004398000019136816, 0.008930500014685094, 0.0261962000222411, 0.04242890002205968, 0.059063500026240945, 0.07588590000523254, 0.0922590000263881, 0.10908140000537969, 0.12584110000170767, 0.14208090002648532, 0.1587244000111241, 0.17543070000829175, 0.1923702000058256, 0.2091882000095211, 0.22591240002657287, 0.24253529999987222, 0.259093100001337, 0.2756202000018675, 0.29220040002837777, 0.3089584000117611, 0.32574640001985244, 0.34243220000644214, 0.35911610000766814, 0.3756844000017736, 0.3919017000007443, 0.40860460000112653, 0.4254798000038136, 0.4421800000127405, 0.4587082000216469, 0.47568600001977757, 0.49199060001410544, 0.5089682000107132]	215.0	270.0	0.5	5a
561	14	go_nogo	0	60	6	go	click	[59.0, 59.0, 73.0, 98.0, 145.0, 168.0, 181.0, 187.0, 188.0, 188.0, 188.0, 188.0, 188.0, 188.0, 188.0, 188.0, 188.0, 188.0, 188.0, 188.0, 188.0]	[-232.0, -232.0, -168.0, -36.0, 146.0, 220.0, 261.0, 280.0, 287.0, 296.0, 307.0, 314.0, 317.0, 318.0, 318.0, 318.0, 318.0, 318.0, 318.0, 319.0, 320.0]	[0, 0, 0, 0, 0, 0, 0, 0, 0, 0, 0, 0, 0, 0, 0, 0, 0, 0, 0, 0, 1]	[0, 0, 0, 0, 0, 0, 0, 0, 0, 0, 0, 0, 0, 0, 0, 0, 0, 0, 0, 0, 0]	[0, 0, 0, 0, 0, 0, 0, 0, 0, 0, 0, 0, 0, 0, 0, 0, 0, 0, 0, 0, 0]	[0.0003949000092688948, 0.010816299996804446, 0.02779069999814965, 0.04419670000788756, 0.06080669999937527, 0.07845390000147745, 0.09409759999834932, 0.1115464000031352, 0.12730359999113716, 0.14418649999424815, 0.16069399999105372, 0.1775476000038907, 0.19423039999674074, 0.21035599999595433, 0.2274145999981556, 0.2437301000172738, 0.260448200016981, 0.2771087000146508, 0.29496100000687875, 0.31091970001580194, 0.32763780001550913]	188.0	320.0	1.0	5a
562	14	go_nogo	0	60	9	nogo	none	[58.0, 58.0, 75.0, 108.0, 144.0, 169.0, 186.0, 200.0, 212.0, 226.0, 230.0, 231.0, 231.0, 231.0, 231.0, 231.0, 231.0, 231.0, 231.0, 231.0, 231.0, 232.0, 232.0, 232.0]	[-226.0, -226.0, -184.0, -96.0, -4.0, 71.0, 132.0, 181.0, 220.0, 265.0, 277.0, 278.0, 278.0, 278.0, 278.0, 278.0, 278.0, 278.0, 278.0, 278.0, 278.0, 280.0, 280.0, 280.0]	[0, 0, 0, 0, 0, 0, 0, 0, 0, 0, 0, 0, 0, 0, 0, 0, 0, 0, 0, 0, 0, 0, 0, 1]	[0, 0, 0, 0, 0, 0, 0, 0, 0, 0, 0, 0, 0, 0, 0, 0, 0, 0, 0, 0, 0, 0, 0, 0]	[0, 0, 0, 0, 0, 0, 0, 0, 0, 0, 0, 0, 0, 0, 0, 0, 0, 0, 0, 0, 0, 0, 0, 0]	[0.00018510001245886087, 0.009156100015388802, 0.025830600003246218, 0.04235950001748279, 0.05910160002531484, 0.07592160001513548, 0.09244790000957437, 0.10934330002055503, 0.12582830002065748, 0.1427613999985624, 0.15943379999953322, 0.17542290000710636, 0.19213210002635606, 0.2086249999993015, 0.22555530001409352, 0.2422225000045728, 0.25876720002270304, 0.2754309000156354, 0.2921846000244841, 0.30882710000150837, 0.32593740001902916, 0.3421575000102166, 0.3588562000077218, 0.3755500999977812]	232.0	280.0	0.8	5a
563	14	go_nogo	0	60	6	go	click	[109.0, 128.0, 147.0, 178.0, 202.0, 218.0, 228.0, 232.0, 232.0, 232.0, 232.0, 232.0, 232.0, 232.0, 232.0, 232.0, 232.0, 232.0, 232.0, 232.0, 232.0, 232.0, 232.0]	[-135.0, -73.0, -16.0, 79.0, 157.0, 218.0, 247.0, 257.0, 259.0, 259.0, 260.0, 260.0, 260.0, 260.0, 260.0, 260.0, 260.0, 260.0, 260.0, 262.0, 264.0, 265.0, 266.0]	[0, 0, 0, 0, 0, 0, 0, 0, 0, 0, 0, 0, 0, 0, 0, 0, 0, 0, 0, 0, 0, 0, 1]	[0, 0, 0, 0, 0, 0, 0, 0, 0, 0, 0, 0, 0, 0, 0, 0, 0, 0, 0, 0, 0, 0, 0]	[0, 0, 0, 0, 0, 0, 0, 0, 0, 0, 0, 0, 0, 0, 0, 0, 0, 0, 0, 0, 0, 0, 0]	[0.0008751999994274229, 0.008352000004379079, 0.0256775000016205, 0.04197989997919649, 0.058660499984398484, 0.07509850000496954, 0.09199369998532347, 0.10842169998795725, 0.12478559999726713, 0.14193419998628087, 0.15818609998677857, 0.17488700000103563, 0.19156089998432435, 0.20817080000415444, 0.22482750000199303, 0.24152459998731501, 0.2582768999855034, 0.2748008999915328, 0.2916036999959033, 0.3084595999971498, 0.3254482999909669, 0.34165159999975003, 0.3587923999875784]	231.0	266.0	0.7	5a
564	14	go_nogo	0	60	6	go	click	[6.0, 20.0, 38.0, 80.0, 117.0, 146.0, 175.0, 194.0, 207.0, 210.0, 210.0, 210.0, 210.0, 210.0, 210.0, 210.0, 210.0, 210.0, 209.0, 208.0, 208.0, 208.0, 208.0, 208.0, 208.0]	[-240.0, -202.0, -156.0, -63.0, 45.0, 146.0, 226.0, 269.0, 295.0, 300.0, 300.0, 300.0, 300.0, 300.0, 300.0, 300.0, 300.0, 300.0, 297.0, 295.0, 295.0, 295.0, 295.0, 295.0, 295.0]	[0, 0, 0, 0, 0, 0, 0, 0, 0, 0, 0, 0, 0, 0, 0, 0, 0, 0, 0, 0, 0, 0, 0, 0, 1]	[0, 0, 0, 0, 0, 0, 0, 0, 0, 0, 0, 0, 0, 0, 0, 0, 0, 0, 0, 0, 0, 0, 0, 0, 0]	[0, 0, 0, 0, 0, 0, 0, 0, 0, 0, 0, 0, 0, 0, 0, 0, 0, 0, 0, 0, 0, 0, 0, 0, 0]	[0.00018020000425167382, 0.01065270000253804, 0.027304999995976686, 0.044011799996951595, 0.0606506000040099, 0.07736510000540875, 0.09398550001787953, 0.11077070000465028, 0.12725280001177453, 0.14370750001398847, 0.16041540002333932, 0.1770054000080563, 0.1937032999994699, 0.2103155000077095, 0.2270252000016626, 0.24365950000355951, 0.26039350000792183, 0.2773155000177212, 0.2940664000052493, 0.31028910001623444, 0.32699000000138767, 0.3436310999968555, 0.3603251000167802, 0.376971500023501, 0.3940500000026077]	208.0	295.0	0.7	5a
565	14	go_nogo	0	60	8	go	click	[-8.0, -8.0, 4.0, 38.0, 57.0, 74.0, 86.0, 93.0, 99.0, 101.0, 104.0, 107.0, 110.0, 113.0, 116.0, 116.0, 116.0, 116.0, 116.0, 119.0, 125.0, 134.0, 141.0, 148.0, 153.0, 158.0, 166.0, 180.0, 186.0, 191.0, 192.0, 192.0, 192.0]	[-193.0, -193.0, -148.0, -18.0, 40.0, 87.0, 120.0, 140.0, 153.0, 161.0, 169.0, 176.0, 184.0, 192.0, 196.0, 196.0, 196.0, 196.0, 196.0, 198.0, 204.0, 213.0, 222.0, 230.0, 234.0, 241.0, 249.0, 264.0, 271.0, 277.0, 278.0, 278.0, 278.0]	[0, 0, 0, 0, 0, 0, 0, 0, 0, 0, 0, 0, 0, 0, 0, 0, 0, 0, 0, 0, 0, 0, 0, 0, 0, 0, 0, 0, 0, 0, 0, 0, 1]	[0, 0, 0, 0, 0, 0, 0, 0, 0, 0, 0, 0, 0, 0, 0, 0, 0, 0, 0, 0, 0, 0, 0, 0, 0, 0, 0, 0, 0, 0, 0, 0, 0]	[0, 0, 0, 0, 0, 0, 0, 0, 0, 0, 0, 0, 0, 0, 0, 0, 0, 0, 0, 0, 0, 0, 0, 0, 0, 0, 0, 0, 0, 0, 0, 0, 0]	[0.00034389999927952886, 0.008716799988178536, 0.025863399991067126, 0.04211909999139607, 0.059421799989650026, 0.0754929999820888, 0.09210309997433797, 0.10870009998325258, 0.12549119998584501, 0.141959999979008, 0.1585917999909725, 0.17531489999964833, 0.19196749999537133, 0.20879779997630976, 0.22500279999803752, 0.2416726999799721, 0.25838639997527935, 0.27502809997531585, 0.2925801999808755, 0.308551099995384, 0.3254082999774255, 0.3417864999792073, 0.358702199999243, 0.3752219000016339, 0.392086499981815, 0.4086057999811601, 0.42532689997460693, 0.44185819997801445, 0.45869829997536726, 0.47492929999134503, 0.4915720999997575, 0.5084290999802761, 0.5252880999760237]	192.0	278.0	0.6	5a
566	14	go_nogo	0	60	9	nogo	none	[87.0, 87.0, 107.0, 153.0, 195.0, 224.0, 238.0, 246.0, 250.0, 254.0, 255.0, 255.0, 254.0, 252.0, 251.0, 248.0, 248.0, 247.0, 247.0, 246.0, 238.0, 233.0, 225.0, 222.0, 220.0, 220.0, 220.0, 220.0, 220.0, 220.0, 220.0, 220.0, 220.0, 220.0, 220.0, 220.0, 220.0, 220.0, 220.0, 220.0, 220.0, 220.0, 220.0, 220.0, 220.0, 220.0, 220.0, 220.0, 220.0, 220.0, 220.0, 220.0, 220.0, 220.0, 220.0, 220.0, 220.0, 220.0, 220.0, 220.0, 220.0, 220.0, 220.0, 220.0, 220.0, 220.0, 220.0]	[-168.0, -168.0, -103.0, 29.0, 130.0, 181.0, 210.0, 232.0, 249.0, 266.0, 271.0, 274.0, 280.0, 286.0, 294.0, 308.0, 313.0, 315.0, 315.0, 315.0, 311.0, 308.0, 302.0, 301.0, 300.0, 300.0, 300.0, 300.0, 300.0, 300.0, 300.0, 300.0, 300.0, 300.0, 300.0, 300.0, 300.0, 300.0, 300.0, 300.0, 300.0, 300.0, 300.0, 300.0, 300.0, 300.0, 300.0, 300.0, 300.0, 300.0, 300.0, 300.0, 300.0, 300.0, 300.0, 300.0, 300.0, 300.0, 300.0, 300.0, 300.0, 300.0, 300.0, 300.0, 300.0, 300.0, 300.0]	[0, 0, 0, 0, 0, 0, 0, 0, 0, 0, 0, 0, 0, 0, 0, 0, 0, 0, 0, 0, 0, 0, 0, 0, 0, 0, 0, 0, 0, 0, 0, 0, 0, 0, 0, 0, 0, 0, 0, 0, 0, 0, 0, 0, 0, 0, 0, 0, 0, 0, 0, 0, 0, 0, 0, 0, 0, 0, 0, 0, 0, 0, 0, 0, 0, 0, 0]	[0, 0, 0, 0, 0, 0, 0, 0, 0, 0, 0, 0, 0, 0, 0, 0, 0, 0, 0, 0, 0, 0, 0, 0, 0, 0, 0, 0, 0, 0, 0, 0, 0, 0, 0, 0, 0, 0, 0, 0, 0, 0, 0, 0, 0, 0, 0, 0, 0, 0, 0, 0, 0, 0, 0, 0, 0, 0, 0, 0, 0, 0, 0, 0, 0, 0, 0]	[0, 0, 0, 0, 0, 0, 0, 0, 0, 0, 0, 0, 0, 0, 0, 0, 0, 0, 0, 0, 0, 0, 0, 0, 0, 0, 0, 0, 0, 0, 0, 0, 0, 0, 0, 0, 0, 0, 0, 0, 0, 0, 0, 0, 0, 0, 0, 0, 0, 0, 0, 0, 0, 0, 0, 0, 0, 0, 0, 0, 0, 0, 0, 0, 0, 0, 0]	[0.00042070000199601054, 0.00824819999979809, 0.024819499987643212, 0.041539199999533594, 0.05821519999881275, 0.074827100004768, 0.09150020001106896, 0.10819420000188984, 0.12490960001014173, 0.14174890000140294, 0.15912960001151077, 0.1752482999872882, 0.19171399998595007, 0.20810670001083054, 0.22480379999615252, 0.24145380000118166, 0.25817129999632016, 0.27445100000477396, 0.2918645000027027, 0.3082275000051595, 0.32471330001135357, 0.3415505999873858, 0.3580929999880027, 0.3757370999956038, 0.3912486000044737, 0.407897299999604, 0.424698199989507, 0.44116489999578334, 0.45808989999932237, 0.4744766000076197, 0.49124339999980293, 0.5079361000098288, 0.524477900005877, 0.5411396999843419, 0.5579631000000518, 0.5746545000001788, 0.5916040999873076, 0.6078017000108957, 0.6244626000116114, 0.641202600003453, 0.657973099994706, 0.6747049000114202, 0.6910602999851108, 0.7079250999959186, 0.7244278999860398, 0.7411382999853231, 0.75777259998722, 0.7744766999967396, 0.7914206999994349, 0.8077370999963023, 0.8243930999888107, 0.8412087000033353, 0.8576915999874473, 0.8743538999988232, 0.891059799992945, 0.9079007999971509, 0.9246409999905154, 0.941533300006995, 0.9580101000028662, 0.9755449999938719, 0.9910344000090845, 1.0076841000118293, 1.0243498999916483, 1.0412160999840125, 1.0580220999836456, 1.0743958000093699, 1.091023299988592]	n/a	n/a	1.0	5a
567	14	go_nogo	0	60	4	go	click	[86.0, 86.0, 110.0, 161.0, 204.0, 237.0, 258.0, 267.0, 269.0, 270.0, 270.0, 270.0, 270.0, 270.0, 270.0, 270.0, 270.0, 270.0, 270.0, 270.0, 268.0, 258.0, 249.0, 241.0, 239.0, 239.0, 238.0, 238.0, 238.0, 238.0]	[-116.0, -116.0, -35.0, 128.0, 263.0, 351.0, 388.0, 404.0, 408.0, 409.0, 409.0, 409.0, 409.0, 409.0, 409.0, 410.0, 410.0, 410.0, 410.0, 410.0, 398.0, 372.0, 347.0, 330.0, 328.0, 326.0, 325.0, 324.0, 324.0, 324.0]	[0, 0, 0, 0, 0, 0, 0, 0, 0, 0, 0, 0, 0, 0, 0, 0, 0, 0, 0, 0, 0, 0, 0, 0, 0, 0, 0, 0, 0, 1]	[0, 0, 0, 0, 0, 0, 0, 0, 0, 0, 0, 0, 0, 0, 0, 0, 0, 0, 0, 0, 0, 0, 0, 0, 0, 0, 0, 0, 0, 0]	[0, 0, 0, 0, 0, 0, 0, 0, 0, 0, 0, 0, 0, 0, 0, 0, 0, 0, 0, 0, 0, 0, 0, 0, 0, 0, 0, 0, 0, 0]	[0.00043819998973049223, 0.007979499991051853, 0.024984999996377155, 0.0411720999982208, 0.057952199975261465, 0.07462049997411668, 0.09117809997405857, 0.10794019998866133, 0.12462829999276437, 0.1410533000016585, 0.15771329999552108, 0.17444449997856282, 0.19137809998937882, 0.20772959999158047, 0.22481169999809936, 0.2410098999971524, 0.25765479999245144, 0.27435939997667447, 0.29110899998340756, 0.30783039997913875, 0.32454249999136664, 0.34117679999326356, 0.3580636999977287, 0.3745370999968145, 0.39128919999348, 0.40787450000061654, 0.4244833999837283, 0.4408615999855101, 0.4576058999809902, 0.47467779999715276]	238.0	324.0	0.9	5a
568	14	go_nogo	0	60	9	nogo	none	[110.0, 144.0, 144.0, 229.0, 255.0, 265.0, 266.0, 266.0, 265.0, 264.0, 262.0, 260.0, 259.0, 256.0, 252.0, 246.0, 245.0, 243.0, 242.0, 241.0, 241.0, 241.0, 241.0, 239.0, 237.0, 237.0, 237.0, 236.0, 236.0, 236.0, 236.0, 236.0, 236.0, 236.0, 236.0, 236.0, 236.0, 236.0, 236.0, 236.0, 236.0, 236.0, 236.0, 236.0, 236.0, 236.0, 236.0, 236.0, 236.0, 236.0, 236.0, 236.0, 236.0, 236.0, 236.0, 236.0, 236.0, 236.0, 236.0, 236.0, 236.0, 236.0, 236.0, 236.0, 236.0, 236.0, 236.0]	[-117.0, -30.0, -30.0, 177.0, 256.0, 289.0, 298.0, 300.0, 300.0, 300.0, 299.0, 299.0, 296.0, 293.0, 290.0, 288.0, 288.0, 292.0, 293.0, 295.0, 295.0, 295.0, 295.0, 295.0, 295.0, 295.0, 295.0, 295.0, 295.0, 295.0, 295.0, 295.0, 295.0, 295.0, 295.0, 295.0, 295.0, 295.0, 295.0, 295.0, 295.0, 295.0, 295.0, 295.0, 295.0, 295.0, 295.0, 295.0, 295.0, 295.0, 295.0, 295.0, 295.0, 295.0, 295.0, 295.0, 295.0, 295.0, 295.0, 295.0, 295.0, 295.0, 295.0, 295.0, 295.0, 295.0, 295.0]	[0, 0, 0, 0, 0, 0, 0, 0, 0, 0, 0, 0, 0, 0, 0, 0, 0, 0, 0, 0, 0, 0, 0, 0, 0, 0, 0, 0, 0, 0, 0, 0, 0, 0, 0, 0, 0, 0, 0, 0, 0, 0, 0, 0, 0, 0, 0, 0, 0, 0, 0, 0, 0, 0, 0, 0, 0, 0, 0, 0, 0, 0, 0, 0, 0, 0, 0]	[0, 0, 0, 0, 0, 0, 0, 0, 0, 0, 0, 0, 0, 0, 0, 0, 0, 0, 0, 0, 0, 0, 0, 0, 0, 0, 0, 0, 0, 0, 0, 0, 0, 0, 0, 0, 0, 0, 0, 0, 0, 0, 0, 0, 0, 0, 0, 0, 0, 0, 0, 0, 0, 0, 0, 0, 0, 0, 0, 0, 0, 0, 0, 0, 0, 0, 0]	[0, 0, 0, 0, 0, 0, 0, 0, 0, 0, 0, 0, 0, 0, 0, 0, 0, 0, 0, 0, 0, 0, 0, 0, 0, 0, 0, 0, 0, 0, 0, 0, 0, 0, 0, 0, 0, 0, 0, 0, 0, 0, 0, 0, 0, 0, 0, 0, 0, 0, 0, 0, 0, 0, 0, 0, 0, 0, 0, 0, 0, 0, 0, 0, 0, 0, 0]	[0.00043440001900307834, 0.008599900000263005, 0.02566569999908097, 0.042094800010090694, 0.05915290000848472, 0.07535980001557618, 0.09222449999651872, 0.10871070000575855, 0.1254047999973409, 0.14222790001076646, 0.15843660000246018, 0.1753415999992285, 0.19199380002100952, 0.20858450001105666, 0.22531229999731295, 0.24193940000259317, 0.2586645999981556, 0.2751328000158537, 0.2925033000065014, 0.30832640000153333, 0.32500559999607503, 0.3417323000030592, 0.35860500001581386, 0.37522030001855455, 0.3916581000084989, 0.4082125000131782, 0.4254438000207301, 0.44172360000084154, 0.4582931000040844, 0.47477250001975335, 0.4915603999979794, 0.5083957000169903, 0.5248925000196323, 0.5416505000030156, 0.5583203000132926, 0.5748430000094231, 0.5916315000213217, 0.6081382000120357, 0.6247903000039514, 0.6414482000109274, 0.6582965000125114, 0.6749711000011303, 0.6915619000210427, 0.7083202000067104, 0.7248191999970004, 0.7415202000120189, 0.7582082000153605, 0.7749208000022918, 0.7915797000168823, 0.8084159000136424, 0.8249008000129834, 0.8414597000228241, 0.8581857999961358, 0.8749538999982178, 0.8913614000193775, 0.9081298000237439, 0.9248729000100866, 0.9414228000096045, 0.9582895000057761, 0.9749676000210457, 0.9914933000109158, 1.008081600011792, 1.0248826000024565, 1.041335900023114, 1.0582259000220802, 1.0746728000231087, 1.0914441000204533]	n/a	n/a	0.8	5a
569	14	go_nogo	0	60	8	go	click	[47.0, 47.0, 66.0, 103.0, 134.0, 162.0, 181.0, 187.0, 191.0, 192.0, 192.0, 192.0, 192.0, 192.0, 192.0, 192.0, 193.0, 193.0, 193.0, 193.0, 193.0, 193.0, 193.0, 193.0, 194.0, 194.0, 194.0, 194.0, 194.0, 194.0, 194.0, 194.0, 194.0]	[-222.0, -222.0, -165.0, -31.0, 109.0, 230.0, 324.0, 349.0, 360.0, 363.0, 363.0, 363.0, 363.0, 363.0, 363.0, 363.0, 364.0, 365.0, 365.0, 365.0, 365.0, 365.0, 365.0, 365.0, 358.0, 351.0, 344.0, 337.0, 330.0, 326.0, 325.0, 325.0, 325.0]	[0, 0, 0, 0, 0, 0, 0, 0, 0, 0, 0, 0, 0, 0, 0, 0, 0, 0, 0, 0, 0, 0, 0, 0, 0, 0, 0, 0, 0, 0, 0, 0, 1]	[0, 0, 0, 0, 0, 0, 0, 0, 0, 0, 0, 0, 0, 0, 0, 0, 0, 0, 0, 0, 0, 0, 0, 0, 0, 0, 0, 0, 0, 0, 0, 0, 0]	[0, 0, 0, 0, 0, 0, 0, 0, 0, 0, 0, 0, 0, 0, 0, 0, 0, 0, 0, 0, 0, 0, 0, 0, 0, 0, 0, 0, 0, 0, 0, 0, 0]	[0.00036199999158270657, 0.009081800002604723, 0.025703299994347617, 0.042753999994602054, 0.05903589999070391, 0.07581549999304116, 0.09242170001380146, 0.10964070001500659, 0.1262132000119891, 0.14208660001168028, 0.15899950001039542, 0.17577840000740252, 0.19204660001560114, 0.20883920000051148, 0.22551879999809898, 0.24233840001397766, 0.25896139998803847, 0.27557890000753105, 0.29209450000780635, 0.3088759999955073, 0.32547390001127496, 0.34218539998983033, 0.3587511999940034, 0.3757636999944225, 0.3924684000085108, 0.40934690000722185, 0.42571849998785183, 0.44239209999796003, 0.45904740001424216, 0.47577540000202134, 0.4920095000125002, 0.5086757999961264, 0.525853700004518]	194.0	325.0	0.6	5a
570	14	go_nogo	0	60	1	nogo	none	[107.0, 107.0, 137.0, 184.0, 237.0, 267.0, 283.0, 287.0, 287.0, 288.0, 288.0, 288.0, 288.0, 288.0, 288.0, 288.0, 284.0, 275.0, 259.0, 236.0, 217.0, 205.0, 198.0, 194.0, 192.0, 191.0, 191.0, 191.0, 191.0, 191.0, 191.0, 191.0, 191.0, 191.0, 191.0, 191.0, 191.0, 191.0, 191.0, 191.0, 191.0, 191.0, 191.0, 191.0, 191.0, 191.0, 191.0, 191.0, 191.0, 191.0, 191.0, 191.0, 191.0, 191.0, 191.0, 191.0, 191.0, 191.0, 191.0, 191.0, 191.0, 191.0, 191.0, 191.0, 191.0, 191.0, 191.0, 191.0]	[-153.0, -153.0, -79.0, 60.0, 225.0, 308.0, 361.0, 384.0, 392.0, 393.0, 393.0, 393.0, 393.0, 393.0, 393.0, 393.0, 391.0, 383.0, 370.0, 349.0, 329.0, 309.0, 295.0, 284.0, 277.0, 275.0, 275.0, 275.0, 275.0, 275.0, 275.0, 275.0, 275.0, 275.0, 275.0, 275.0, 275.0, 275.0, 275.0, 275.0, 275.0, 275.0, 275.0, 275.0, 275.0, 275.0, 275.0, 275.0, 275.0, 275.0, 275.0, 275.0, 275.0, 275.0, 275.0, 275.0, 275.0, 275.0, 275.0, 275.0, 275.0, 275.0, 275.0, 275.0, 275.0, 275.0, 275.0, 275.0]	[0, 0, 0, 0, 0, 0, 0, 0, 0, 0, 0, 0, 0, 0, 0, 0, 0, 0, 0, 0, 0, 0, 0, 0, 0, 0, 0, 0, 0, 0, 0, 0, 0, 0, 0, 0, 0, 0, 0, 0, 0, 0, 0, 0, 0, 0, 0, 0, 0, 0, 0, 0, 0, 0, 0, 0, 0, 0, 0, 0, 0, 0, 0, 0, 0, 0, 0, 0]	[0, 0, 0, 0, 0, 0, 0, 0, 0, 0, 0, 0, 0, 0, 0, 0, 0, 0, 0, 0, 0, 0, 0, 0, 0, 0, 0, 0, 0, 0, 0, 0, 0, 0, 0, 0, 0, 0, 0, 0, 0, 0, 0, 0, 0, 0, 0, 0, 0, 0, 0, 0, 0, 0, 0, 0, 0, 0, 0, 0, 0, 0, 0, 0, 0, 0, 0, 0]	[0, 0, 0, 0, 0, 0, 0, 0, 0, 0, 0, 0, 0, 0, 0, 0, 0, 0, 0, 0, 0, 0, 0, 0, 0, 0, 0, 0, 0, 0, 0, 0, 0, 0, 0, 0, 0, 0, 0, 0, 0, 0, 0, 0, 0, 0, 0, 0, 0, 0, 0, 0, 0, 0, 0, 0, 0, 0, 0, 0, 0, 0, 0, 0, 0, 0, 0, 0]	[0.00020670000230893493, 0.012001900002360344, 0.028822300024330616, 0.0459504000027664, 0.0625034999975469, 0.07926990001578815, 0.09577740001259372, 0.112406700005522, 0.1292109000205528, 0.14555040001869202, 0.16219610002008267, 0.1791605000034906, 0.1953714000119362, 0.2122291999985464, 0.2288935000251513, 0.2456473000056576, 0.2626186000125017, 0.27978510002139956, 0.2959553000109736, 0.31237110000802204, 0.32903730001999065, 0.34610570000950247, 0.362353600008646, 0.37902970000868663, 0.3957208000065293, 0.4121539000188932, 0.42878690001089126, 0.4453040000225883, 0.46251979999942705, 0.4788527000055183, 0.4954619000200182, 0.5121810999989975, 0.5290524000010919, 0.5454381000017747, 0.5622062000038568, 0.5787400999979582, 0.5954159999964759, 0.6123075000068638, 0.628714000020409, 0.6454796000034548, 0.6621595000033267, 0.6787700999993831, 0.6954393000050914, 0.7124283000011928, 0.7289801000151783, 0.745280900009675, 0.7620875000138767, 0.7787302000215277, 0.7953742000099737, 0.8122130999981891, 0.8286911000031978, 0.8454052000015508, 0.8620476000069175, 0.8787112999998499, 0.8953436000156216, 0.9120508000196423, 0.9286896999983583, 0.945377500000177, 0.9620065000199247, 0.9785261000215542, 0.9952581000106875, 1.0119528000068385, 1.028672300017206, 1.0454272000060882, 1.0620362000190653, 1.0786716000002343, 1.095392500021262, 1.1119920000201091]	n/a	n/a	1.0	5a
571	14	go_nogo	0	60	3	go	click	[145.0, 145.0, 171.0, 207.0, 221.0, 226.0, 231.0, 236.0, 236.0, 234.0, 231.0, 230.0, 230.0, 230.0, 230.0, 230.0, 229.0, 229.0, 227.0, 227.0, 227.0, 226.0, 225.0, 225.0, 225.0, 225.0]	[-119.0, -119.0, -56.0, 62.0, 152.0, 194.0, 221.0, 238.0, 246.0, 247.0, 247.0, 247.0, 248.0, 255.0, 262.0, 264.0, 264.0, 265.0, 265.0, 265.0, 265.0, 266.0, 268.0, 268.0, 268.0, 268.0]	[0, 0, 0, 0, 0, 0, 0, 0, 0, 0, 0, 0, 0, 0, 0, 0, 0, 0, 0, 0, 0, 0, 0, 0, 0, 1]	[0, 0, 0, 0, 0, 0, 0, 0, 0, 0, 0, 0, 0, 0, 0, 0, 0, 0, 0, 0, 0, 0, 0, 0, 0, 0]	[0, 0, 0, 0, 0, 0, 0, 0, 0, 0, 0, 0, 0, 0, 0, 0, 0, 0, 0, 0, 0, 0, 0, 0, 0, 0]	[0.0005899000097997487, 0.007916900009149686, 0.0252184999990277, 0.04159450001316145, 0.05797679998795502, 0.0747272000007797, 0.09152310001081787, 0.10804110000026412, 0.12482669999008067, 0.1414068000158295, 0.15844560001278296, 0.174479400011478, 0.1913615000084974, 0.2080407000030391, 0.22493769999709912, 0.24150130001362413, 0.25812350001069717, 0.27461230001063086, 0.2912944999989122, 0.30778050000662915, 0.3246198999986518, 0.3414309000072535, 0.35772659999202006, 0.3745254999957979, 0.3910827999934554, 0.4078467999934219]	225.0	268.0	1.0	5a
572	14	go_nogo	0	60	2	go	click	[29.0, 39.0, 51.0, 72.0, 92.0, 104.0, 114.0, 122.0, 128.0, 130.0, 132.0, 135.0, 136.0, 137.0, 137.0, 138.0, 139.0, 142.0, 146.0, 150.0, 151.0, 154.0, 156.0, 161.0, 167.0, 170.0, 170.0, 170.0, 170.0, 170.0]	[-223.0, -179.0, -138.0, -57.0, 5.0, 50.0, 83.0, 108.0, 126.0, 134.0, 143.0, 151.0, 157.0, 159.0, 162.0, 167.0, 179.0, 194.0, 213.0, 230.0, 239.0, 247.0, 255.0, 269.0, 280.0, 287.0, 287.0, 287.0, 287.0, 287.0]	[0, 0, 0, 0, 0, 0, 0, 0, 0, 0, 0, 0, 0, 0, 0, 0, 0, 0, 0, 0, 0, 0, 0, 0, 0, 0, 0, 0, 0, 1]	[0, 0, 0, 0, 0, 0, 0, 0, 0, 0, 0, 0, 0, 0, 0, 0, 0, 0, 0, 0, 0, 0, 0, 0, 0, 0, 0, 0, 0, 0]	[0, 0, 0, 0, 0, 0, 0, 0, 0, 0, 0, 0, 0, 0, 0, 0, 0, 0, 0, 0, 0, 0, 0, 0, 0, 0, 0, 0, 0, 0]	[0.00042310002027079463, 0.008235700021032244, 0.02509239999926649, 0.04142110000248067, 0.05880020000040531, 0.07457520000752993, 0.09145040001021698, 0.10799980000592768, 0.12502669999958016, 0.14139470001100563, 0.15793410001788288, 0.1746382999990601, 0.19153440001537092, 0.20809660002123564, 0.2246146000106819, 0.24182690001907758, 0.2578577999956906, 0.274685500015039, 0.29112999999779277, 0.30785979999927804, 0.324507800018182, 0.3416203999950085, 0.35801290001836605, 0.3745671000215225, 0.39146420001634397, 0.4077121000154875, 0.4243330000026617, 0.44127219999791123, 0.45767370000248775, 0.4746832000091672]	170.0	287.0	0.5	5a
573	14	go_nogo	0	60	7	go	click	[32.0, 47.0, 47.0, 83.0, 103.0, 124.0, 136.0, 146.0, 154.0, 158.0, 160.0, 160.0, 160.0, 160.0, 160.0, 160.0, 160.0, 160.0, 160.0, 161.0, 163.0, 165.0, 166.0, 166.0, 166.0, 166.0, 166.0]	[-239.0, -194.0, -194.0, -45.0, 43.0, 120.0, 176.0, 215.0, 239.0, 256.0, 264.0, 265.0, 265.0, 265.0, 265.0, 265.0, 265.0, 265.0, 265.0, 266.0, 270.0, 275.0, 277.0, 278.0, 278.0, 278.0, 278.0]	[0, 0, 0, 0, 0, 0, 0, 0, 0, 0, 0, 0, 0, 0, 0, 0, 0, 0, 0, 0, 0, 0, 0, 0, 0, 0, 1]	[0, 0, 0, 0, 0, 0, 0, 0, 0, 0, 0, 0, 0, 0, 0, 0, 0, 0, 0, 0, 0, 0, 0, 0, 0, 0, 0]	[0, 0, 0, 0, 0, 0, 0, 0, 0, 0, 0, 0, 0, 0, 0, 0, 0, 0, 0, 0, 0, 0, 0, 0, 0, 0, 0]	[0.00044850000995211303, 0.008247699995990843, 0.025296400010120124, 0.0422891000052914, 0.05870069999946281, 0.07472619999316521, 0.09228909999364987, 0.1081488000054378, 0.12469620001502335, 0.14143720001447946, 0.15840939999907278, 0.1747447999950964, 0.19156999999540858, 0.20801080000819638, 0.224607800017111, 0.2415026999951806, 0.2580288000172004, 0.27457750000758097, 0.2914529000117909, 0.3084062999987509, 0.32478870000340976, 0.3413816000102088, 0.35833990000537597, 0.37456500000553206, 0.391428500006441, 0.40793440002016723, 0.4250041000195779]	166.0	278.0	0.8	5a
574	14	go_nogo	0	60	3	go	click	[111.0, 111.0, 135.0, 179.0, 208.0, 230.0, 231.0, 231.0, 231.0, 231.0, 231.0, 231.0, 228.0, 224.0, 219.0, 213.0, 206.0, 199.0, 190.0, 187.0, 186.0, 186.0, 186.0, 186.0, 186.0]	[-108.0, -108.0, -34.0, 116.0, 260.0, 390.0, 418.0, 425.0, 426.0, 426.0, 426.0, 425.0, 417.0, 411.0, 398.0, 377.0, 354.0, 330.0, 297.0, 287.0, 284.0, 284.0, 284.0, 284.0, 284.0]	[0, 0, 0, 0, 0, 0, 0, 0, 0, 0, 0, 0, 0, 0, 0, 0, 0, 0, 0, 0, 0, 0, 0, 0, 1]	[0, 0, 0, 0, 0, 0, 0, 0, 0, 0, 0, 0, 0, 0, 0, 0, 0, 0, 0, 0, 0, 0, 0, 0, 0]	[0, 0, 0, 0, 0, 0, 0, 0, 0, 0, 0, 0, 0, 0, 0, 0, 0, 0, 0, 0, 0, 0, 0, 0, 0]	[0.0002929000183939934, 0.00716510001802817, 0.02388779999455437, 0.040672400005860254, 0.05722079999395646, 0.07420629999251105, 0.09064710000529885, 0.10763980000047013, 0.1236747000075411, 0.1403915999981109, 0.1572816999978386, 0.1738801000174135, 0.19051529999705963, 0.20723450000514276, 0.2239463000150863, 0.24059100000886247, 0.257300800003577, 0.27411309999297373, 0.2906121000123676, 0.30818710001767613, 0.32364980000420474, 0.3402681000006851, 0.35703060001833364, 0.3736974000057671, 0.3909427000035066]	186.0	284.0	0.5	5a
575	14	go_nogo	0	60	6	go	click	[62.0, 80.0, 80.0, 135.0, 162.0, 173.0, 174.0, 174.0, 174.0, 174.0, 172.0, 166.0, 161.0, 157.0, 155.0, 154.0, 154.0, 154.0, 154.0, 154.0, 154.0, 154.0, 154.0, 154.0, 154.0, 154.0, 154.0, 154.0, 154.0, 155.0, 156.0, 156.0, 156.0, 156.0]	[-151.0, -79.0, -79.0, 147.0, 259.0, 319.0, 341.0, 347.0, 347.0, 347.0, 341.0, 326.0, 308.0, 300.0, 296.0, 295.0, 295.0, 295.0, 295.0, 295.0, 295.0, 294.0, 294.0, 294.0, 294.0, 294.0, 294.0, 294.0, 294.0, 294.0, 294.0, 294.0, 294.0, 294.0]	[0, 0, 0, 0, 0, 0, 0, 0, 0, 0, 0, 0, 0, 0, 0, 0, 0, 0, 0, 0, 0, 0, 0, 0, 0, 0, 0, 0, 0, 0, 0, 0, 0, 1]	[0, 0, 0, 0, 0, 0, 0, 0, 0, 0, 0, 0, 0, 0, 0, 0, 0, 0, 0, 0, 0, 0, 0, 0, 0, 0, 0, 0, 0, 0, 0, 0, 0, 0]	[0, 0, 0, 0, 0, 0, 0, 0, 0, 0, 0, 0, 0, 0, 0, 0, 0, 0, 0, 0, 0, 0, 0, 0, 0, 0, 0, 0, 0, 0, 0, 0, 0, 0]	[0.00039080000715330243, 0.007885700004408136, 0.02473219999228604, 0.041515099990647286, 0.058408500015502796, 0.07468049999442883, 0.09200540001620539, 0.10808179999003187, 0.12466070000664331, 0.14138469999306835, 0.1579644000157714, 0.1749363999988418, 0.1913639999984298, 0.20815300001413561, 0.22458820001338609, 0.24114500000723638, 0.25799630000256, 0.2743727999913972, 0.2910723999957554, 0.30780650000087917, 0.3246678000141401, 0.3411021000065375, 0.3578118000004906, 0.3745393000135664, 0.3910285999882035, 0.40771800000220537, 0.4244392999971751, 0.4411357000062708, 0.4578594999911729, 0.4744396999885794, 0.49100730000645854, 0.5076929999922868, 0.5243038999906275, 0.5415315999998711]	156.0	294.0	0.7	5a
576	14	go_nogo	0	60	3	go	click	[95.0, 95.0, 118.0, 157.0, 188.0, 202.0, 211.0, 217.0, 217.0, 218.0, 218.0, 218.0, 218.0, 218.0, 218.0, 217.0, 216.0, 216.0, 216.0, 214.0, 211.0, 209.0, 208.0, 207.0, 207.0]	[-192.0, -192.0, -126.0, -7.0, 114.0, 171.0, 212.0, 239.0, 251.0, 254.0, 254.0, 254.0, 254.0, 254.0, 254.0, 251.0, 250.0, 250.0, 250.0, 258.0, 271.0, 282.0, 286.0, 286.0, 286.0]	[0, 0, 0, 0, 0, 0, 0, 0, 0, 0, 0, 0, 0, 0, 0, 0, 0, 0, 0, 0, 0, 0, 0, 0, 1]	[0, 0, 0, 0, 0, 0, 0, 0, 0, 0, 0, 0, 0, 0, 0, 0, 0, 0, 0, 0, 0, 0, 0, 0, 0]	[0, 0, 0, 0, 0, 0, 0, 0, 0, 0, 0, 0, 0, 0, 0, 0, 0, 0, 0, 0, 0, 0, 0, 0, 0]	[0.00037620001239702106, 0.007943800010252744, 0.024721299996599555, 0.041541800019331276, 0.05798400001367554, 0.07554459999664687, 0.09185530000831932, 0.10811130001093261, 0.12472310001612641, 0.14126490001217462, 0.15775730001041666, 0.1743774000206031, 0.19113940000534058, 0.20778759999666363, 0.22474940001848154, 0.24139860001741908, 0.25766450000810437, 0.27437389999977313, 0.29159140001866035, 0.3079304000129923, 0.3246002999949269, 0.3412077999964822, 0.3579680999973789, 0.3742527000140399, 0.3913328000053298]	207.0	286.0	0.9	5a
577	14	go_nogo	0	60	3	go	click	[89.0, 89.0, 130.0, 163.0, 182.0, 194.0, 199.0, 201.0, 201.0, 201.0, 200.0, 199.0, 197.0, 197.0, 196.0, 195.0, 195.0, 195.0, 195.0, 195.0, 195.0, 195.0, 195.0, 195.0, 195.0, 195.0]	[-143.0, -143.0, -27.0, 61.0, 137.0, 200.0, 237.0, 253.0, 260.0, 262.0, 263.0, 264.0, 264.0, 265.0, 266.0, 267.0, 267.0, 267.0, 267.0, 267.0, 268.0, 273.0, 281.0, 285.0, 286.0, 286.0]	[0, 0, 0, 0, 0, 0, 0, 0, 0, 0, 0, 0, 0, 0, 0, 0, 0, 0, 0, 0, 0, 0, 0, 0, 0, 1]	[0, 0, 0, 0, 0, 0, 0, 0, 0, 0, 0, 0, 0, 0, 0, 0, 0, 0, 0, 0, 0, 0, 0, 0, 0, 0]	[0, 0, 0, 0, 0, 0, 0, 0, 0, 0, 0, 0, 0, 0, 0, 0, 0, 0, 0, 0, 0, 0, 0, 0, 0, 0]	[0.0004330000083427876, 0.011720600014086813, 0.02788539999164641, 0.04429220000747591, 0.06099940001149662, 0.07761209999443963, 0.09461580001516268, 0.11103450000518933, 0.12769419999676757, 0.14448680001078174, 0.16092720002052374, 0.17789150000317022, 0.1943537000042852, 0.21069229999557137, 0.2276830000046175, 0.2443836000165902, 0.2607115000137128, 0.27762070001335815, 0.29409510002005845, 0.31091359999845736, 0.3276054000016302, 0.3444782000151463, 0.3613144000119064, 0.3775954000011552, 0.39428550002048723, 0.41105130000505596]	195.0	286.0	0.7	5a
578	14	go_nogo	0	60	1	nogo	none	[64.0, 64.0, 82.0, 122.0, 162.0, 193.0, 207.0, 215.0, 215.0, 215.0, 210.0, 208.0, 207.0, 206.0, 206.0, 206.0, 206.0, 206.0, 206.0, 204.0, 204.0, 204.0, 201.0, 200.0, 199.0, 199.0, 199.0, 199.0, 199.0, 199.0, 199.0, 199.0, 199.0, 199.0, 199.0, 199.0, 199.0, 199.0, 199.0, 199.0, 199.0, 199.0, 199.0, 199.0, 199.0, 199.0, 199.0, 199.0, 199.0, 199.0, 199.0, 199.0, 199.0, 199.0, 199.0, 199.0, 199.0, 199.0, 199.0, 199.0, 199.0, 199.0, 199.0, 199.0, 199.0, 199.0, 199.0, 199.0]	[-200.0, -200.0, -150.0, -46.0, 54.0, 130.0, 173.0, 198.0, 210.0, 217.0, 219.0, 220.0, 221.0, 226.0, 236.0, 242.0, 244.0, 244.0, 244.0, 245.0, 248.0, 258.0, 281.0, 290.0, 292.0, 293.0, 293.0, 293.0, 293.0, 293.0, 293.0, 293.0, 293.0, 293.0, 293.0, 293.0, 293.0, 293.0, 293.0, 293.0, 293.0, 293.0, 293.0, 293.0, 293.0, 293.0, 293.0, 293.0, 293.0, 293.0, 293.0, 293.0, 293.0, 293.0, 293.0, 293.0, 293.0, 293.0, 293.0, 293.0, 293.0, 293.0, 293.0, 293.0, 293.0, 293.0, 293.0, 293.0]	[0, 0, 0, 0, 0, 0, 0, 0, 0, 0, 0, 0, 0, 0, 0, 0, 0, 0, 0, 0, 0, 0, 0, 0, 0, 0, 0, 0, 0, 0, 0, 0, 0, 0, 0, 0, 0, 0, 0, 0, 0, 0, 0, 0, 0, 0, 0, 0, 0, 0, 0, 0, 0, 0, 0, 0, 0, 0, 0, 0, 0, 0, 0, 0, 0, 0, 0, 0]	[0, 0, 0, 0, 0, 0, 0, 0, 0, 0, 0, 0, 0, 0, 0, 0, 0, 0, 0, 0, 0, 0, 0, 0, 0, 0, 0, 0, 0, 0, 0, 0, 0, 0, 0, 0, 0, 0, 0, 0, 0, 0, 0, 0, 0, 0, 0, 0, 0, 0, 0, 0, 0, 0, 0, 0, 0, 0, 0, 0, 0, 0, 0, 0, 0, 0, 0, 0]	[0, 0, 0, 0, 0, 0, 0, 0, 0, 0, 0, 0, 0, 0, 0, 0, 0, 0, 0, 0, 0, 0, 0, 0, 0, 0, 0, 0, 0, 0, 0, 0, 0, 0, 0, 0, 0, 0, 0, 0, 0, 0, 0, 0, 0, 0, 0, 0, 0, 0, 0, 0, 0, 0, 0, 0, 0, 0, 0, 0, 0, 0, 0, 0, 0, 0, 0, 0]	[0.0004200999974273145, 0.007255700009409338, 0.02411019999999553, 0.04048660001717508, 0.05713780000223778, 0.0740659000002779, 0.09050320001551881, 0.10732500001904555, 0.12382700000307523, 0.14057540000067092, 0.15717650001170114, 0.1737763000128325, 0.19101040001260117, 0.20715000000200234, 0.22372450001421385, 0.24073660001158714, 0.25691399999777786, 0.2735093999945093, 0.29034400000819005, 0.3072151000087615, 0.32407460000831634, 0.3403759000066202, 0.35709100001258776, 0.3737595000129659, 0.39016959999571554, 0.40700989999459125, 0.4234747000155039, 0.4401798000035342, 0.4568959000171162, 0.4734466999943834, 0.49025520001305267, 0.506798999995226, 0.5235810000158381, 0.5401941000018269, 0.5570881000021473, 0.5734193999960553, 0.5901500000036322, 0.6067446999950334, 0.6233694000111427, 0.6401175000064541, 0.6566326000029221, 0.6735090000147466, 0.6901739000168163, 0.7067551000218373, 0.7233945000043605, 0.7400636000093073, 0.7567608999961521, 0.7734453000011854, 0.7902196000213735, 0.8067340000125114, 0.8242465000075754, 0.8405418000184, 0.8567069999990053, 0.873378300020704, 0.8899613000103272, 0.9068106000195257, 0.9232490000140388, 0.9399221000203397, 0.9567218000011053, 0.9732814000162762, 0.989955099998042, 1.0067596000153571, 1.0235017999948468, 1.0400901999964844, 1.0566152000101283, 1.073513900017133, 1.0899615999951493, 1.1065740000049118]	n/a	n/a	0.7	5a
579	14	go_nogo	0	60	8	go	click	[59.0, 59.0, 85.0, 133.0, 177.0, 206.0, 226.0, 232.0, 232.0, 232.0, 231.0, 229.0, 229.0, 229.0, 229.0, 229.0, 229.0, 227.0, 222.0, 220.0, 219.0, 219.0, 219.0, 219.0, 219.0]	[-203.0, -203.0, -137.0, -13.0, 103.0, 205.0, 275.0, 301.0, 310.0, 316.0, 319.0, 322.0, 322.0, 322.0, 322.0, 322.0, 323.0, 326.0, 330.0, 332.0, 332.0, 332.0, 332.0, 332.0, 332.0]	[0, 0, 0, 0, 0, 0, 0, 0, 0, 0, 0, 0, 0, 0, 0, 0, 0, 0, 0, 0, 0, 0, 0, 0, 1]	[0, 0, 0, 0, 0, 0, 0, 0, 0, 0, 0, 0, 0, 0, 0, 0, 0, 0, 0, 0, 0, 0, 0, 0, 0]	[0, 0, 0, 0, 0, 0, 0, 0, 0, 0, 0, 0, 0, 0, 0, 0, 0, 0, 0, 0, 0, 0, 0, 0, 0]	[0.00039000000106170774, 0.007894399983342737, 0.024866899999324232, 0.04135109999333508, 0.05793029998312704, 0.07475490000797436, 0.09131109999725595, 0.10783950000768527, 0.12456629998632707, 0.14140329998917878, 0.15801220000139438, 0.17449750000378117, 0.19099579998874106, 0.20769219999783672, 0.22435119998408481, 0.2414911999949254, 0.25820670000393875, 0.27448089999961667, 0.29118410000228323, 0.30800220000674017, 0.3242608000000473, 0.34100789998774417, 0.35780919998069294, 0.3743032999918796, 0.3909814000071492]	219.0	332.0	0.8	5a
580	14	go_nogo	0	60	9	nogo	none	[55.0, 55.0, 69.0, 96.0, 127.0, 158.0, 182.0, 194.0, 201.0, 202.0, 202.0, 202.0, 202.0, 202.0, 202.0, 201.0, 198.0, 196.0, 195.0, 195.0, 195.0, 195.0, 195.0, 195.0, 195.0, 194.0, 194.0, 194.0, 193.0, 193.0, 193.0, 193.0, 193.0, 193.0, 193.0, 193.0, 193.0, 193.0, 193.0, 193.0, 193.0, 193.0, 193.0, 193.0, 193.0, 193.0, 193.0, 193.0, 193.0, 193.0, 193.0, 193.0, 193.0, 193.0, 193.0, 193.0, 193.0, 193.0, 193.0, 193.0, 193.0, 193.0, 193.0, 193.0, 193.0, 193.0, 193.0, 193.0, 193.0]	[-219.0, -219.0, -163.0, -38.0, 90.0, 215.0, 305.0, 343.0, 377.0, 386.0, 388.0, 388.0, 388.0, 388.0, 388.0, 380.0, 369.0, 362.0, 360.0, 360.0, 358.0, 355.0, 347.0, 339.0, 333.0, 328.0, 326.0, 326.0, 326.0, 326.0, 325.0, 325.0, 325.0, 325.0, 325.0, 325.0, 325.0, 325.0, 325.0, 325.0, 325.0, 325.0, 325.0, 325.0, 325.0, 325.0, 325.0, 325.0, 325.0, 325.0, 325.0, 325.0, 325.0, 325.0, 325.0, 325.0, 325.0, 325.0, 325.0, 325.0, 325.0, 325.0, 325.0, 325.0, 325.0, 325.0, 325.0, 325.0, 325.0]	[0, 0, 0, 0, 0, 0, 0, 0, 0, 0, 0, 0, 0, 0, 0, 0, 0, 0, 0, 0, 0, 0, 0, 0, 0, 0, 0, 0, 0, 0, 0, 0, 0, 0, 0, 0, 0, 0, 0, 0, 0, 0, 0, 0, 0, 0, 0, 0, 0, 0, 0, 0, 0, 0, 0, 0, 0, 0, 0, 0, 0, 0, 0, 0, 0, 0, 0, 0, 0]	[0, 0, 0, 0, 0, 0, 0, 0, 0, 0, 0, 0, 0, 0, 0, 0, 0, 0, 0, 0, 0, 0, 0, 0, 0, 0, 0, 0, 0, 0, 0, 0, 0, 0, 0, 0, 0, 0, 0, 0, 0, 0, 0, 0, 0, 0, 0, 0, 0, 0, 0, 0, 0, 0, 0, 0, 0, 0, 0, 0, 0, 0, 0, 0, 0, 0, 0, 0, 0]	[0, 0, 0, 0, 0, 0, 0, 0, 0, 0, 0, 0, 0, 0, 0, 0, 0, 0, 0, 0, 0, 0, 0, 0, 0, 0, 0, 0, 0, 0, 0, 0, 0, 0, 0, 0, 0, 0, 0, 0, 0, 0, 0, 0, 0, 0, 0, 0, 0, 0, 0, 0, 0, 0, 0, 0, 0, 0, 0, 0, 0, 0, 0, 0, 0, 0, 0, 0, 0]	[0.0003231999871786684, 0.008181599987437949, 0.025008900003740564, 0.041691599995829165, 0.058429199998499826, 0.07534469998790883, 0.09160939999856055, 0.10853169998154044, 0.12508080000407062, 0.142303600005107, 0.15804770000977442, 0.17497419999563135, 0.19140320000587963, 0.20807150000473484, 0.2252135000017006, 0.2417608999821823, 0.25830600000335835, 0.2749869999825023, 0.29131969998707063, 0.30845399998361245, 0.32495849998667836, 0.34160980000160635, 0.3585607999993954, 0.375063899991801, 0.3915856999810785, 0.40841800000634976, 0.42510130000300705, 0.4418242999818176, 0.45821219999925233, 0.47486280000885017, 0.4913110999914352, 0.5081395999877714, 0.5247338000044692, 0.5415920999948867, 0.5583703999873251, 0.5748528999974951, 0.5912322000076529, 0.6080645000038203, 0.6246057999960613, 0.6414025999838486, 0.6579356000002008, 0.6746540000021923, 0.6912775000091642, 0.707932899997104, 0.7246859000006225, 0.741271599981701, 0.7581640999997035, 0.7745761999976821, 0.7912337000016123, 0.8081375999900047, 0.8245572999876458, 0.841376800002763, 0.8578529999940656, 0.8746566000045277, 0.8913461999909487, 0.9083338000054937, 0.92454569999245, 0.9411846000002697, 0.9579377000045497, 0.9745786999992561, 0.9913930000038818, 1.0077950999839231, 1.0244305999949574, 1.0412821999925654, 1.057668499997817, 1.074538399989251, 1.091129100008402, 1.107958200009307, 1.1244178999913856]	n/a	n/a	0.8	5a
581	14	go_nogo	0	60	7	go	click	[62.0, 76.0, 88.0, 111.0, 121.0, 126.0, 126.0, 126.0, 126.0, 122.0, 119.0, 118.0, 117.0, 114.0, 114.0, 114.0, 114.0, 114.0, 114.0, 114.0, 119.0, 129.0, 138.0, 151.0, 157.0, 162.0, 164.0, 164.0, 164.0, 164.0]	[-276.0, -239.0, -198.0, -97.0, 8.0, 83.0, 132.0, 158.0, 174.0, 184.0, 193.0, 196.0, 202.0, 211.0, 221.0, 227.0, 227.0, 227.0, 227.0, 229.0, 236.0, 248.0, 259.0, 277.0, 285.0, 291.0, 294.0, 294.0, 294.0, 294.0]	[0, 0, 0, 0, 0, 0, 0, 0, 0, 0, 0, 0, 0, 0, 0, 0, 0, 0, 0, 0, 0, 0, 0, 0, 0, 0, 0, 0, 0, 1]	[0, 0, 0, 0, 0, 0, 0, 0, 0, 0, 0, 0, 0, 0, 0, 0, 0, 0, 0, 0, 0, 0, 0, 0, 0, 0, 0, 0, 0, 0]	[0, 0, 0, 0, 0, 0, 0, 0, 0, 0, 0, 0, 0, 0, 0, 0, 0, 0, 0, 0, 0, 0, 0, 0, 0, 0, 0, 0, 0, 0]	[8.209998486563563e-05, 0.009592099988367409, 0.0261148999852594, 0.04287879998446442, 0.05979020000086166, 0.07616430000052787, 0.09283419998246245, 0.10952830000314862, 0.12636369999381714, 0.14269700000295416, 0.15953380000428297, 0.17659570000250824, 0.19278809998650104, 0.20972620000247844, 0.22601819998817518, 0.2427142999949865, 0.25912679999601096, 0.27616489998763427, 0.2928699000040069, 0.3094054999819491, 0.32631059997947887, 0.34270829998422414, 0.35944780000136234, 0.3762879999994766, 0.39306269999360666, 0.41011619998607785, 0.42586069999379106, 0.44279969998751767, 0.4596204999834299, 0.4762204999860842]	164.0	294.0	0.6	5a
582	14	go_nogo	0	60	2	go	click	[166.0, 200.0, 200.0, 282.0, 308.0, 317.0, 320.0, 323.0, 323.0, 323.0, 323.0, 323.0, 323.0, 323.0, 323.0, 318.0, 310.0, 294.0, 271.0, 251.0, 238.0, 230.0, 225.0, 223.0, 222.0, 222.0, 222.0, 222.0, 222.0, 222.0]	[-116.0, -26.0, -26.0, 219.0, 328.0, 397.0, 435.0, 452.0, 456.0, 457.0, 457.0, 457.0, 457.0, 457.0, 457.0, 455.0, 446.0, 425.0, 395.0, 368.0, 349.0, 341.0, 334.0, 330.0, 328.0, 328.0, 328.0, 328.0, 328.0, 328.0]	[0, 0, 0, 0, 0, 0, 0, 0, 0, 0, 0, 0, 0, 0, 0, 0, 0, 0, 0, 0, 0, 0, 0, 0, 0, 0, 0, 0, 0, 1]	[0, 0, 0, 0, 0, 0, 0, 0, 0, 0, 0, 0, 0, 0, 0, 0, 0, 0, 0, 0, 0, 0, 0, 0, 0, 0, 0, 0, 0, 0]	[0, 0, 0, 0, 0, 0, 0, 0, 0, 0, 0, 0, 0, 0, 0, 0, 0, 0, 0, 0, 0, 0, 0, 0, 0, 0, 0, 0, 0, 0]	[0.00041649999911896884, 0.008125599997583777, 0.02548680000472814, 0.041750899981707335, 0.0583510999858845, 0.07500919999438338, 0.09169659999315627, 0.10842709999997169, 0.12514139999984764, 0.14143150000018068, 0.15811109999776818, 0.1748770999838598, 0.19140979999792762, 0.20831819999148138, 0.2252204999967944, 0.2417618999897968, 0.2581571000046097, 0.27489860000787303, 0.29161389998625964, 0.30846139998175204, 0.3249937999935355, 0.3417835999862291, 0.3582334000093397, 0.37487770000007004, 0.3913353999960236, 0.40802410000469536, 0.4248434999899473, 0.4412941999908071, 0.45784469999489374, 0.47527689998969436]	222.0	328.0	0.8	5a
583	14	go_nogo	0	60	4	go	click	[41.0, 65.0, 79.0, 94.0, 99.0, 107.0, 114.0, 117.0, 118.0, 119.0, 119.0, 119.0, 119.0, 119.0, 119.0, 119.0, 119.0, 119.0, 120.0, 126.0, 137.0, 154.0, 168.0, 182.0, 188.0, 191.0, 192.0, 192.0, 192.0, 192.0]	[-238.0, -165.0, -89.0, 64.0, 159.0, 221.0, 262.0, 291.0, 305.0, 315.0, 317.0, 317.0, 317.0, 317.0, 317.0, 317.0, 317.0, 317.0, 316.0, 312.0, 307.0, 305.0, 305.0, 305.0, 306.0, 306.0, 307.0, 307.0, 307.0, 307.0]	[0, 0, 0, 0, 0, 0, 0, 0, 0, 0, 0, 0, 0, 0, 0, 0, 0, 0, 0, 0, 0, 0, 0, 0, 0, 0, 0, 0, 0, 1]	[0, 0, 0, 0, 0, 0, 0, 0, 0, 0, 0, 0, 0, 0, 0, 0, 0, 0, 0, 0, 0, 0, 0, 0, 0, 0, 0, 0, 0, 0]	[0, 0, 0, 0, 0, 0, 0, 0, 0, 0, 0, 0, 0, 0, 0, 0, 0, 0, 0, 0, 0, 0, 0, 0, 0, 0, 0, 0, 0, 0]	[0.00020580002455972135, 0.00968820002162829, 0.026349200023105368, 0.043448800017358735, 0.059341900021536276, 0.07602420001057908, 0.09287740002037026, 0.10954860001220368, 0.12601860001450405, 0.14290250002522953, 0.15936550000333227, 0.1757618000265211, 0.19243970001116395, 0.20918070001062006, 0.2258021000016015, 0.2423199000186287, 0.25906490001943894, 0.27596970001468435, 0.2926228000142146, 0.3092569000145886, 0.3260613000020385, 0.3428647000109777, 0.3593626000219956, 0.37615110000479035, 0.392897300014738, 0.40952840002137236, 0.4257058000075631, 0.44245410000439733, 0.4590364000177942, 0.4760410000162665]	192.0	307.0	1.0	5a
584	14	go_nogo	0	60	7	go	click	[26.0, 35.0, 52.0, 73.0, 78.0, 82.0, 86.0, 91.0, 98.0, 102.0, 105.0, 108.0, 116.0, 120.0, 122.0, 123.0, 123.0, 123.0, 126.0, 136.0, 151.0, 161.0, 168.0, 175.0, 179.0, 180.0, 180.0]	[-268.0, -246.0, -211.0, -134.0, -31.0, 49.0, 105.0, 147.0, 179.0, 204.0, 224.0, 245.0, 276.0, 294.0, 299.0, 300.0, 300.0, 300.0, 297.0, 289.0, 285.0, 284.0, 284.0, 284.0, 284.0, 284.0, 284.0]	[0, 0, 0, 0, 0, 0, 0, 0, 0, 0, 0, 0, 0, 0, 0, 0, 0, 0, 0, 0, 0, 0, 0, 0, 0, 0, 1]	[0, 0, 0, 0, 0, 0, 0, 0, 0, 0, 0, 0, 0, 0, 0, 0, 0, 0, 0, 0, 0, 0, 0, 0, 0, 0, 0]	[0, 0, 0, 0, 0, 0, 0, 0, 0, 0, 0, 0, 0, 0, 0, 0, 0, 0, 0, 0, 0, 0, 0, 0, 0, 0, 0]	[0.0004755000118166208, 0.009022100013680756, 0.02602749998914078, 0.042070700001204386, 0.0587762999930419, 0.07543460000306368, 0.09225290000904351, 0.1089471000013873, 0.12580810001236387, 0.14209899998968467, 0.15889670001342893, 0.17573720001382753, 0.19255720000364818, 0.20885419999831356, 0.22540289998869412, 0.24214909999864176, 0.25839430000633, 0.2753099999972619, 0.2920752000063658, 0.30892700000549667, 0.32531879999442026, 0.34189479998894967, 0.3580225000041537, 0.3749205000058282, 0.3917723000049591, 0.40825919999042526, 0.42513529999996535]	180.0	284.0	0.9	5a
585	14	go_nogo	0	60	8	go	click	[85.0, 85.0, 108.0, 142.0, 161.0, 172.0, 180.0, 189.0, 193.0, 196.0, 197.0, 197.0, 197.0, 197.0, 197.0, 197.0, 198.0, 198.0, 198.0, 198.0, 198.0, 198.0, 198.0, 198.0]	[-205.0, -205.0, -162.0, -59.0, 60.0, 157.0, 218.0, 257.0, 269.0, 276.0, 277.0, 277.0, 277.0, 276.0, 276.0, 276.0, 275.0, 273.0, 270.0, 267.0, 267.0, 267.0, 267.0, 267.0]	[0, 0, 0, 0, 0, 0, 0, 0, 0, 0, 0, 0, 0, 0, 0, 0, 0, 0, 0, 0, 0, 0, 0, 1]	[0, 0, 0, 0, 0, 0, 0, 0, 0, 0, 0, 0, 0, 0, 0, 0, 0, 0, 0, 0, 0, 0, 0, 0]	[0, 0, 0, 0, 0, 0, 0, 0, 0, 0, 0, 0, 0, 0, 0, 0, 0, 0, 0, 0, 0, 0, 0, 0]	[0.0004044999950565398, 0.008027200005017221, 0.024853100010659546, 0.04146860001492314, 0.05825979998917319, 0.07461690000491217, 0.09148639999330044, 0.10835829999996349, 0.12486489998991601, 0.14122109999880195, 0.15789559998665936, 0.17478120001032948, 0.19108769999002106, 0.20770460000494495, 0.2243828999926336, 0.24114460000419058, 0.2576837000087835, 0.27459789998829365, 0.2911006000067573, 0.30754609999712557, 0.32444070000201464, 0.3409543999878224, 0.3576916999882087, 0.3748351999965962]	198.0	267.0	0.7	5a
586	14	go_nogo	0	60	9	nogo	none	[78.0, 78.0, 121.0, 166.0, 207.0, 237.0, 250.0, 255.0, 256.0, 256.0, 256.0, 255.0, 255.0, 255.0, 255.0, 255.0, 255.0, 255.0, 250.0, 241.0, 228.0, 221.0, 221.0, 221.0, 221.0, 221.0, 221.0, 221.0, 221.0, 221.0, 221.0, 221.0, 221.0, 221.0, 221.0, 221.0, 221.0, 221.0, 221.0, 221.0, 221.0, 221.0, 221.0, 221.0, 221.0, 221.0, 221.0, 221.0, 221.0, 221.0, 221.0, 221.0, 221.0, 221.0, 221.0, 221.0, 221.0, 221.0, 221.0, 221.0, 221.0, 221.0, 221.0, 221.0, 221.0]	[-204.0, -204.0, -77.0, 50.0, 162.0, 253.0, 302.0, 325.0, 332.0, 334.0, 336.0, 336.0, 337.0, 337.0, 337.0, 337.0, 337.0, 337.0, 337.0, 333.0, 326.0, 323.0, 322.0, 322.0, 322.0, 322.0, 322.0, 322.0, 322.0, 322.0, 322.0, 322.0, 322.0, 322.0, 322.0, 322.0, 322.0, 322.0, 322.0, 322.0, 322.0, 322.0, 322.0, 322.0, 322.0, 322.0, 322.0, 322.0, 322.0, 322.0, 322.0, 322.0, 322.0, 322.0, 322.0, 322.0, 322.0, 322.0, 322.0, 322.0, 322.0, 322.0, 322.0, 322.0, 322.0]	[0, 0, 0, 0, 0, 0, 0, 0, 0, 0, 0, 0, 0, 0, 0, 0, 0, 0, 0, 0, 0, 0, 0, 0, 0, 0, 0, 0, 0, 0, 0, 0, 0, 0, 0, 0, 0, 0, 0, 0, 0, 0, 0, 0, 0, 0, 0, 0, 0, 0, 0, 0, 0, 0, 0, 0, 0, 0, 0, 0, 0, 0, 0, 0, 0]	[0, 0, 0, 0, 0, 0, 0, 0, 0, 0, 0, 0, 0, 0, 0, 0, 0, 0, 0, 0, 0, 0, 0, 0, 0, 0, 0, 0, 0, 0, 0, 0, 0, 0, 0, 0, 0, 0, 0, 0, 0, 0, 0, 0, 0, 0, 0, 0, 0, 0, 0, 0, 0, 0, 0, 0, 0, 0, 0, 0, 0, 0, 0, 0, 0]	[0, 0, 0, 0, 0, 0, 0, 0, 0, 0, 0, 0, 0, 0, 0, 0, 0, 0, 0, 0, 0, 0, 0, 0, 0, 0, 0, 0, 0, 0, 0, 0, 0, 0, 0, 0, 0, 0, 0, 0, 0, 0, 0, 0, 0, 0, 0, 0, 0, 0, 0, 0, 0, 0, 0, 0, 0, 0, 0, 0, 0, 0, 0, 0, 0]	[0.00022590000298805535, 0.012599200010299683, 0.029283400013810024, 0.04544720001285896, 0.062031200010096654, 0.07878000001073815, 0.09534110000822693, 0.11199080001097172, 0.12878910001018085, 0.14525250002043322, 0.1619854000164196, 0.17866990002221428, 0.19515820001834072, 0.2118606000149157, 0.22871300001861528, 0.2451584000082221, 0.26174250000622123, 0.27868410001974553, 0.2952614999958314, 0.3122430000221357, 0.3285825000202749, 0.34526940001524054, 0.3618622000212781, 0.3785781000042334, 0.3951574999955483, 0.4118173000169918, 0.4287145000125747, 0.445150100014871, 0.46200080000562593, 0.4785310000006575, 0.49516550000407733, 0.5122045000025537, 0.5283949000004213, 0.5451310000207741, 0.5619335999945179, 0.5783610999933444, 0.5950040000025183, 0.6114345999958459, 0.6283663000212982, 0.6449560000037309, 0.6615253000054508, 0.6781274999957532, 0.6949087000102736, 0.711932500009425, 0.7283022000046913, 0.7450477000093088, 0.7616400000115391, 0.7786294000106864, 0.7949633999960497, 0.8115951000072528, 0.8281934999977238, 0.8450148999982048, 0.8617285000218544, 0.8783407000009902, 0.8948459000093862, 0.9115161999943666, 0.9284212000202388, 0.9452947000099812, 0.9614783000142779, 0.9781463000108488, 0.9952163000125438, 1.0117870999965817, 1.0282494999992196, 1.0450094999978319, 1.061450800014427]	n/a	n/a	1.0	5a
587	14	go_nogo	0	60	2	go	click	[67.0, 67.0, 85.0, 117.0, 141.0, 160.0, 174.0, 185.0, 188.0, 189.0, 190.0, 191.0, 194.0, 199.0, 204.0, 204.0, 204.0, 204.0, 204.0, 204.0, 204.0, 204.0, 204.0]	[-224.0, -224.0, -178.0, -68.0, 48.0, 128.0, 181.0, 224.0, 239.0, 244.0, 246.0, 249.0, 256.0, 265.0, 272.0, 274.0, 274.0, 274.0, 271.0, 271.0, 270.0, 270.0, 270.0]	[0, 0, 0, 0, 0, 0, 0, 0, 0, 0, 0, 0, 0, 0, 0, 0, 0, 0, 0, 0, 0, 0, 1]	[0, 0, 0, 0, 0, 0, 0, 0, 0, 0, 0, 0, 0, 0, 0, 0, 0, 0, 0, 0, 0, 0, 0]	[0, 0, 0, 0, 0, 0, 0, 0, 0, 0, 0, 0, 0, 0, 0, 0, 0, 0, 0, 0, 0, 0, 0]	[0.0002610000083222985, 0.010383899993030354, 0.02665419998811558, 0.04339780000736937, 0.06010830000741407, 0.07700889999978244, 0.09351179999066517, 0.10997910000151023, 0.12661010000738315, 0.14357509999535978, 0.16016999998828396, 0.17673450001166202, 0.19348290000925772, 0.21018769999500364, 0.2271304999885615, 0.24333269998896867, 0.25991660001454875, 0.27680469999904744, 0.2932091999973636, 0.31013299999176525, 0.3265473000064958, 0.34326449999934994, 0.36037840001517907]	204.0	270.0	0.9	5a
588	14	go_nogo	0	60	1	nogo	none	[49.0, 49.0, 66.0, 96.0, 123.0, 148.0, 163.0, 173.0, 177.0, 180.0, 181.0, 181.0, 183.0, 183.0, 183.0, 183.0, 183.0, 183.0, 183.0, 183.0]	[-165.0, -165.0, -104.0, 9.0, 99.0, 185.0, 249.0, 283.0, 304.0, 311.0, 314.0, 315.0, 318.0, 319.0, 319.0, 319.0, 319.0, 319.0, 319.0, 319.0]	[0, 0, 0, 0, 0, 0, 0, 0, 0, 0, 0, 0, 0, 0, 0, 0, 0, 0, 0, 1]	[0, 0, 0, 0, 0, 0, 0, 0, 0, 0, 0, 0, 0, 0, 0, 0, 0, 0, 0, 0]	[0, 0, 0, 0, 0, 0, 0, 0, 0, 0, 0, 0, 0, 0, 0, 0, 0, 0, 0, 0]	[0.0004372999828774482, 0.007639399991603568, 0.025325399998109788, 0.041158399981213734, 0.057841099973302335, 0.07481049999478273, 0.09123419999377802, 0.10784479998983443, 0.12455799998133443, 0.14291349999257363, 0.15736549999564886, 0.17432890000054613, 0.19131239998387173, 0.20762919998378493, 0.22427749997586943, 0.24085389997344464, 0.25752909999573603, 0.2743023999792058, 0.2909358999750111, 0.3081021999823861]	183.0	319.0	1.0	5a
589	15	go_only	0	18	4	go	click	[22.0, 22.0, 42.0, 75.0, 92.0, 106.0, 119.0, 126.0, 126.0, 126.0, 126.0, 126.0, 126.0, 126.0, 125.0, 125.0, 124.0, 124.0, 124.0, 131.0, 143.0, 156.0, 164.0, 169.0, 170.0, 170.0, 170.0, 170.0]	[-177.0, -177.0, -108.0, 56.0, 186.0, 280.0, 340.0, 371.0, 373.0, 373.0, 373.0, 373.0, 373.0, 371.0, 367.0, 362.0, 359.0, 356.0, 354.0, 341.0, 329.0, 321.0, 316.0, 315.0, 315.0, 315.0, 315.0, 315.0]	[0, 0, 0, 0, 0, 0, 0, 0, 0, 0, 0, 0, 0, 0, 0, 0, 0, 0, 0, 0, 0, 0, 0, 0, 0, 0, 0, 1]	[0, 0, 0, 0, 0, 0, 0, 0, 0, 0, 0, 0, 0, 0, 0, 0, 0, 0, 0, 0, 0, 0, 0, 0, 0, 0, 0, 0]	[0, 0, 0, 0, 0, 0, 0, 0, 0, 0, 0, 0, 0, 0, 0, 0, 0, 0, 0, 0, 0, 0, 0, 0, 0, 0, 0, 0]	[0.00041149999015033245, 0.00768509999033995, 0.024657400004798546, 0.04119419999187812, 0.05778529998497106, 0.07439500000327826, 0.09111519998987205, 0.10810359998140484, 0.12428999997791834, 0.14093890000367537, 0.157872599986149, 0.17420989999664016, 0.19104029997834004, 0.2077395999804139, 0.2244168999895919, 0.24119979998795316, 0.25793459999840707, 0.27440729999216273, 0.29126289999112487, 0.3079132999991998, 0.32437210000352934, 0.34087769998586737, 0.35774219999439083, 0.3743339999928139, 0.39088160000392236, 0.4074817999789957, 0.42415720000281, 0.4411264999944251]	170.0	315.0	0.8	5a
590	15	go_only	0	18	3	go	click	[81.0, 81.0, 103.0, 145.0, 174.0, 188.0, 191.0, 191.0, 188.0, 187.0, 187.0, 187.0, 187.0, 187.0, 187.0, 187.0, 187.0, 187.0, 187.0, 187.0, 187.0, 186.0, 191.0, 197.0, 202.0, 202.0, 202.0]	[-163.0, -163.0, -109.0, 11.0, 120.0, 195.0, 229.0, 242.0, 248.0, 248.0, 249.0, 249.0, 249.0, 249.0, 249.0, 249.0, 249.0, 249.0, 249.0, 249.0, 249.0, 252.0, 262.0, 277.0, 288.0, 288.0, 288.0]	[0, 0, 0, 0, 0, 0, 0, 0, 0, 0, 0, 0, 0, 0, 0, 0, 0, 0, 0, 0, 0, 0, 0, 0, 0, 0, 1]	[0, 0, 0, 0, 0, 0, 0, 0, 0, 0, 0, 0, 0, 0, 0, 0, 0, 0, 0, 0, 0, 0, 0, 0, 0, 0, 0]	[0, 0, 0, 0, 0, 0, 0, 0, 0, 0, 0, 0, 0, 0, 0, 0, 0, 0, 0, 0, 0, 0, 0, 0, 0, 0, 0]	[0.0008725000079721212, 0.008038700005272403, 0.02525079998304136, 0.04169429998728447, 0.05825380000169389, 0.07500759998220019, 0.09174519998487085, 0.10846349998610094, 0.1250710999884177, 0.1416107999975793, 0.15805589998490177, 0.17441669999971054, 0.19149520000792108, 0.20804619998671114, 0.2244281999883242, 0.24146269998163916, 0.2581169999903068, 0.27470000000903383, 0.2916049000050407, 0.3080689999915194, 0.3253843999991659, 0.3414836000010837, 0.3583476000057999, 0.37529409999842755, 0.3914603999874089, 0.4083256000012625, 0.4250548999989405]	202.0	288.0	0.7	5a
591	15	go_only	0	18	6	go	click	[68.0, 68.0, 97.0, 156.0, 201.0, 224.0, 240.0, 242.0, 242.0, 242.0, 242.0, 242.0, 242.0, 244.0, 246.0, 246.0, 246.0, 246.0, 246.0, 246.0, 245.0, 242.0, 239.0, 237.0, 237.0, 237.0, 237.0, 237.0, 237.0]	[-208.0, -208.0, -137.0, 11.0, 135.0, 202.0, 245.0, 258.0, 262.0, 262.0, 262.0, 262.0, 262.0, 264.0, 267.0, 267.0, 267.0, 267.0, 267.0, 267.0, 268.0, 270.0, 274.0, 277.0, 278.0, 278.0, 278.0, 278.0, 278.0]	[0, 0, 0, 0, 0, 0, 0, 0, 0, 0, 0, 0, 0, 0, 0, 0, 0, 0, 0, 0, 0, 0, 0, 0, 0, 0, 0, 0, 1]	[0, 0, 0, 0, 0, 0, 0, 0, 0, 0, 0, 0, 0, 0, 0, 0, 0, 0, 0, 0, 0, 0, 0, 0, 0, 0, 0, 0, 0]	[0, 0, 0, 0, 0, 0, 0, 0, 0, 0, 0, 0, 0, 0, 0, 0, 0, 0, 0, 0, 0, 0, 0, 0, 0, 0, 0, 0, 0]	[0.0004248000041116029, 0.00894010000047274, 0.025622300017857924, 0.042464800004381686, 0.05889870002283715, 0.07568259999970905, 0.0922980000032112, 0.10896370001137257, 0.12538169999606907, 0.1420466999989003, 0.1586576999980025, 0.17548120001447387, 0.1922377000155393, 0.2088221000158228, 0.2254696000018157, 0.24197790000471286, 0.2586408000206575, 0.27523820000351407, 0.29210790002252907, 0.3085653000161983, 0.32591620000312105, 0.34211080000386573, 0.35880260000703856, 0.3757225000008475, 0.3920349999971222, 0.4085337000142317, 0.4251988000178244, 0.4419412999995984, 0.4589777000073809]	237.0	278.0	0.6	5a
592	15	go_only	0	18	6	go	click	[-10.0, -10.0, 58.0, 167.0, 249.0, 293.0, 321.0, 333.0, 341.0, 343.0, 343.0, 343.0, 342.0, 340.0, 339.0, 335.0, 325.0, 314.0, 294.0, 272.0, 250.0, 227.0, 214.0, 212.0, 211.0, 211.0, 211.0, 211.0, 210.0, 210.0, 210.0]	[-256.0, -256.0, -136.0, 0.0, 107.0, 183.0, 251.0, 297.0, 322.0, 329.0, 330.0, 330.0, 330.0, 330.0, 330.0, 330.0, 327.0, 324.0, 318.0, 313.0, 313.0, 314.0, 315.0, 316.0, 316.0, 316.0, 316.0, 316.0, 316.0, 316.0, 315.0]	[0, 0, 0, 0, 0, 0, 0, 0, 0, 0, 0, 0, 0, 0, 0, 0, 0, 0, 0, 0, 0, 0, 0, 0, 0, 0, 0, 0, 0, 0, 1]	[0, 0, 0, 0, 0, 0, 0, 0, 0, 0, 0, 0, 0, 0, 0, 0, 0, 0, 0, 0, 0, 0, 0, 0, 0, 0, 0, 0, 0, 0, 0]	[0, 0, 0, 0, 0, 0, 0, 0, 0, 0, 0, 0, 0, 0, 0, 0, 0, 0, 0, 0, 0, 0, 0, 0, 0, 0, 0, 0, 0, 0, 0]	[0.00042830000165849924, 0.01232540002092719, 0.02836670001852326, 0.0450293000030797, 0.061895000020740554, 0.07829120001406409, 0.0949286000104621, 0.11199930001748726, 0.12839030000031926, 0.14524870002060197, 0.16141699999570847, 0.17819690000033006, 0.19472920001135208, 0.21144909999566153, 0.22872590000042692, 0.24494350000168197, 0.2617840000020806, 0.2782504000060726, 0.2951685000152793, 0.31165150000015274, 0.3282692000211682, 0.34490029999869876, 0.3615853000083007, 0.3781870999955572, 0.39465640002163127, 0.4113593000220135, 0.42804580001393333, 0.4448256000177935, 0.46138530000462197, 0.4784118999959901, 0.49521600001025945]	209.0	315.0	0.7	5a
593	15	go_only	0	18	8	go	click	[61.0, 61.0, 94.0, 165.0, 228.0, 275.0, 315.0, 339.0, 342.0, 343.0, 343.0, 344.0, 344.0, 345.0, 345.0, 345.0, 345.0, 345.0, 339.0, 325.0, 310.0, 279.0, 261.0, 250.0, 246.0, 244.0, 244.0, 244.0, 243.0, 242.0, 242.0, 242.0, 242.0]	[-226.0, -226.0, -148.0, 26.0, 182.0, 295.0, 363.0, 400.0, 411.0, 415.0, 416.0, 418.0, 420.0, 421.0, 421.0, 421.0, 421.0, 421.0, 415.0, 400.0, 383.0, 357.0, 343.0, 334.0, 329.0, 328.0, 327.0, 326.0, 325.0, 324.0, 323.0, 323.0, 323.0]	[0, 0, 0, 0, 0, 0, 0, 0, 0, 0, 0, 0, 0, 0, 0, 0, 0, 0, 0, 0, 0, 0, 0, 0, 0, 0, 0, 0, 0, 0, 0, 0, 1]	[0, 0, 0, 0, 0, 0, 0, 0, 0, 0, 0, 0, 0, 0, 0, 0, 0, 0, 0, 0, 0, 0, 0, 0, 0, 0, 0, 0, 0, 0, 0, 0, 0]	[0, 0, 0, 0, 0, 0, 0, 0, 0, 0, 0, 0, 0, 0, 0, 0, 0, 0, 0, 0, 0, 0, 0, 0, 0, 0, 0, 0, 0, 0, 0, 0, 0]	[0.00047890000860206783, 0.009153899998636916, 0.025808400008827448, 0.04255890002241358, 0.0590682000038214, 0.0756493000080809, 0.09248450002633035, 0.10905330002424307, 0.12636059999931604, 0.14227440001559444, 0.1598750000121072, 0.17553550002048723, 0.19227630001842044, 0.209055300016189, 0.22546909999800846, 0.2422404000244569, 0.2587540000095032, 0.2756344000226818, 0.2924073000031058, 0.3089068000263069, 0.32556490000570193, 0.34260110001196153, 0.35969150002347305, 0.37549550001858734, 0.3921754000184592, 0.4090685000119265, 0.4254860000219196, 0.4422424000222236, 0.4589912000228651, 0.4755833000235725, 0.492047800013097, 0.508621300017694, 0.5253075000073295]	242.0	323.0	0.5	5a
594	15	go_only	0	18	4	go	click	[68.0, 68.0, 83.0, 126.0, 181.0, 226.0, 247.0, 260.0, 265.0, 268.0, 270.0, 276.0, 283.0, 290.0, 294.0, 295.0, 295.0, 295.0, 290.0, 281.0, 264.0, 249.0, 239.0, 230.0, 224.0, 223.0, 220.0, 217.0, 214.0, 214.0, 214.0, 214.0]	[-236.0, -236.0, -209.0, -126.0, -12.0, 82.0, 129.0, 153.0, 166.0, 176.0, 180.0, 185.0, 195.0, 207.0, 216.0, 218.0, 218.0, 218.0, 219.0, 223.0, 241.0, 258.0, 274.0, 283.0, 287.0, 288.0, 288.0, 289.0, 290.0, 291.0, 291.0, 291.0]	[0, 0, 0, 0, 0, 0, 0, 0, 0, 0, 0, 0, 0, 0, 0, 0, 0, 0, 0, 0, 0, 0, 0, 0, 0, 0, 0, 0, 0, 0, 0, 1]	[0, 0, 0, 0, 0, 0, 0, 0, 0, 0, 0, 0, 0, 0, 0, 0, 0, 0, 0, 0, 0, 0, 0, 0, 0, 0, 0, 0, 0, 0, 0, 0]	[0, 0, 0, 0, 0, 0, 0, 0, 0, 0, 0, 0, 0, 0, 0, 0, 0, 0, 0, 0, 0, 0, 0, 0, 0, 0, 0, 0, 0, 0, 0, 0]	[0.0004091000009793788, 0.009231099975295365, 0.02567459997953847, 0.04252160000032745, 0.059060500003397465, 0.07593659998383373, 0.09247579998918809, 0.10906970000360161, 0.12573209998663515, 0.14257050000014715, 0.15950829998473637, 0.1757369999832008, 0.19273869998869486, 0.208974599983776, 0.2258150999841746, 0.242184200003976, 0.2588355999905616, 0.2758107999979984, 0.2923978999897372, 0.30918199999723583, 0.3256878999818582, 0.34264419999090023, 0.35878079998656176, 0.37540160000207834, 0.39221839999663644, 0.4089502999850083, 0.4255575999850407, 0.4421266999852378, 0.45873759998357855, 0.4750752999971155, 0.49204379998263903, 0.5091024999856018]	214.0	291.0	0.6	5a
595	15	go_only	0	18	4	go	click	[8.0, 16.0, 27.0, 55.0, 84.0, 102.0, 111.0, 116.0, 116.0, 116.0, 117.0, 117.0, 117.0, 117.0, 117.0, 117.0, 117.0, 117.0, 117.0, 118.0, 131.0, 151.0, 168.0, 179.0, 184.0, 185.0, 185.0, 185.0, 185.0, 185.0, 185.0]	[-239.0, -188.0, -128.0, 4.0, 117.0, 190.0, 225.0, 243.0, 245.0, 246.0, 246.0, 246.0, 246.0, 246.0, 245.0, 244.0, 244.0, 243.0, 243.0, 243.0, 251.0, 265.0, 280.0, 292.0, 299.0, 300.0, 300.0, 300.0, 301.0, 301.0, 301.0]	[0, 0, 0, 0, 0, 0, 0, 0, 0, 0, 0, 0, 0, 0, 0, 0, 0, 0, 0, 0, 0, 0, 0, 0, 0, 0, 0, 0, 0, 0, 1]	[0, 0, 0, 0, 0, 0, 0, 0, 0, 0, 0, 0, 0, 0, 0, 0, 0, 0, 0, 0, 0, 0, 0, 0, 0, 0, 0, 0, 0, 0, 0]	[0, 0, 0, 0, 0, 0, 0, 0, 0, 0, 0, 0, 0, 0, 0, 0, 0, 0, 0, 0, 0, 0, 0, 0, 0, 0, 0, 0, 0, 0, 0]	[0.0001818999880924821, 0.01124379999237135, 0.027892199985217303, 0.04449809997458942, 0.061373399978037924, 0.07794889999786392, 0.09456619998672977, 0.11132629998610355, 0.12802179998834617, 0.14485640000202693, 0.16115449997596443, 0.17763839999679476, 0.19421709998277947, 0.2110452999768313, 0.22808339999755844, 0.24446529999841005, 0.26135439999052323, 0.27765760000329465, 0.29429439999512397, 0.3111319000017829, 0.32802889999584295, 0.3452854999923147, 0.3616063999943435, 0.37769959997967817, 0.3943260999803897, 0.41079259998514317, 0.42754389997571707, 0.4444315999862738, 0.46108059998368844, 0.4775828999991063, 0.49448490000213496]	185.0	301.0	0.6	5a
596	15	go_only	0	18	2	go	click	[65.0, 65.0, 68.0, 77.0, 92.0, 116.0, 135.0, 153.0, 167.0, 179.0, 183.0, 184.0, 187.0, 188.0, 194.0, 198.0, 200.0, 200.0, 200.0, 200.0, 200.0]	[-267.0, -267.0, -259.0, -234.0, -181.0, -73.0, 50.0, 149.0, 200.0, 237.0, 251.0, 262.0, 267.0, 272.0, 280.0, 289.0, 293.0, 293.0, 293.0, 293.0, 293.0]	[0, 0, 0, 0, 0, 0, 0, 0, 0, 0, 0, 0, 0, 0, 0, 0, 0, 0, 0, 0, 1]	[0, 0, 0, 0, 0, 0, 0, 0, 0, 0, 0, 0, 0, 0, 0, 0, 0, 0, 0, 0, 0]	[0, 0, 0, 0, 0, 0, 0, 0, 0, 0, 0, 0, 0, 0, 0, 0, 0, 0, 0, 0, 0]	[0.00041649999911896884, 0.00879779999377206, 0.025582500005839393, 0.04206529998918995, 0.058798200014280155, 0.07546680001541972, 0.09202559999539517, 0.108648199995514, 0.1256217999907676, 0.1420114999928046, 0.15892750001512468, 0.1754355000157375, 0.19278610000037588, 0.20870540000032634, 0.2255392000079155, 0.24199229999794625, 0.2586534000001848, 0.275311800010968, 0.2923939000174869, 0.3084644000045955, 0.3255236000113655]	200.0	293.0	1.0	5a
597	15	go_only	0	18	7	go	click	[83.0, 83.0, 106.0, 150.0, 179.0, 200.0, 211.0, 217.0, 221.0, 223.0, 226.0, 227.0, 229.0, 230.0, 232.0, 232.0, 232.0, 232.0, 232.0, 232.0, 232.0, 232.0, 232.0, 232.0, 232.0, 232.0, 232.0, 232.0, 232.0, 232.0, 232.0, 232.0, 232.0, 232.0, 232.0, 232.0, 232.0, 232.0, 232.0, 232.0, 232.0, 231.0, 229.0, 226.0, 224.0, 222.0]	[-159.0, -159.0, -93.0, 46.0, 159.0, 218.0, 253.0, 273.0, 286.0, 301.0, 317.0, 323.0, 330.0, 343.0, 354.0, 356.0, 356.0, 356.0, 356.0, 356.0, 356.0, 356.0, 356.0, 356.0, 355.0, 355.0, 355.0, 355.0, 355.0, 355.0, 355.0, 355.0, 355.0, 355.0, 353.0, 353.0, 353.0, 353.0, 353.0, 353.0, 353.0, 350.0, 345.0, 336.0, 327.0, 322.0]	[0, 0, 0, 0, 0, 0, 0, 0, 0, 0, 0, 0, 0, 0, 0, 0, 0, 0, 0, 0, 1, 1, 1, 1, 1, 1, 1, 0, 0, 0, 0, 0, 0, 0, 0, 0, 0, 0, 0, 0, 0, 0, 0, 0, 0, 1]	[0, 0, 0, 0, 0, 0, 0, 0, 0, 0, 0, 0, 0, 0, 0, 0, 0, 0, 0, 0, 0, 0, 0, 0, 0, 0, 0, 0, 0, 0, 0, 0, 0, 0, 0, 0, 0, 0, 0, 0, 0, 0, 0, 0, 0, 0]	[0, 0, 0, 0, 0, 0, 0, 0, 0, 0, 0, 0, 0, 0, 0, 0, 0, 0, 0, 0, 0, 0, 0, 0, 0, 0, 0, 0, 0, 0, 0, 0, 0, 0, 0, 0, 0, 0, 0, 0, 0, 0, 0, 0, 0, 0]	[0.0004186999867670238, 0.008377999998629093, 0.025214299996150658, 0.04156610000063665, 0.058235300006344914, 0.07487789998413064, 0.09203189998515882, 0.10854299998027273, 0.125006599992048, 0.141650599980494, 0.15842560000601225, 0.1749386999872513, 0.19210640000528656, 0.20837399997981265, 0.22497109998948872, 0.2412940000067465, 0.2580047000083141, 0.2746383000048809, 0.2914828000066336, 0.30809469998348504, 0.32507399999303743, 0.34140899998601526, 0.35786499999812804, 0.374595400004182, 0.3912965999916196, 0.4080989999929443, 0.42463140000472777, 0.44175410000025295, 0.4583824999863282, 0.47448599999188446, 0.491210999985924, 0.5080066999944393, 0.5248818999971263, 0.54143660000409, 0.5578527000034228, 0.5746600999846123, 0.591164099983871, 0.6081846999877598, 0.6246956999821123, 0.6413922999927308, 0.6579380999901332, 0.6747548999846913, 0.691675199981546, 0.7081682999851182, 0.7247689999931026, 0.7417380999831948]	222.0	322.0	0.5	5a
598	15	go_only	0	18	2	go	click	[78.0, 78.0, 104.0, 150.0, 173.0, 189.0, 197.0, 200.0, 203.0, 203.0, 201.0, 201.0, 200.0, 200.0, 200.0, 200.0, 198.0, 197.0, 195.0, 195.0, 195.0, 194.0, 193.0, 193.0]	[-200.0, -200.0, -130.0, 6.0, 102.0, 156.0, 187.0, 207.0, 220.0, 230.0, 233.0, 233.0, 236.0, 250.0, 262.0, 262.0, 263.0, 263.0, 263.0, 263.0, 265.0, 277.0, 286.0, 286.0]	[0, 0, 0, 0, 0, 0, 0, 0, 0, 0, 0, 0, 0, 0, 0, 0, 0, 0, 0, 0, 0, 0, 0, 1]	[0, 0, 0, 0, 0, 0, 0, 0, 0, 0, 0, 0, 0, 0, 0, 0, 0, 0, 0, 0, 0, 0, 0, 0]	[0, 0, 0, 0, 0, 0, 0, 0, 0, 0, 0, 0, 0, 0, 0, 0, 0, 0, 0, 0, 0, 0, 0, 0]	[0.0003724999842233956, 0.007710099976975471, 0.024380399991059676, 0.04086829998414032, 0.05755099997622892, 0.0743705999921076, 0.09119379997719079, 0.10750159999588504, 0.12440499998047017, 0.1406896999978926, 0.1573449999850709, 0.1740218999912031, 0.19163919999846257, 0.20774479999090545, 0.22394349999376573, 0.24094289998174645, 0.25736719998531044, 0.27442299999529496, 0.29081379997660406, 0.30763099997420795, 0.32407449997845106, 0.34079029998974875, 0.3573485999950208, 0.37436209997395054]	193.0	286.0	0.6	5a
599	15	go_only	0	18	3	go	click	[-6.0, 5.0, 19.0, 47.0, 74.0, 93.0, 106.0, 114.0, 121.0, 129.0, 135.0, 136.0, 139.0, 145.0, 152.0, 154.0, 155.0, 155.0, 155.0, 161.0, 173.0, 183.0, 184.0, 184.0]	[-213.0, -150.0, -78.0, 50.0, 133.0, 172.0, 199.0, 224.0, 249.0, 271.0, 287.0, 293.0, 296.0, 303.0, 308.0, 309.0, 310.0, 310.0, 310.0, 312.0, 316.0, 320.0, 321.0, 321.0]	[0, 0, 0, 0, 0, 0, 0, 0, 0, 0, 0, 0, 0, 0, 0, 0, 0, 0, 0, 0, 0, 0, 0, 1]	[0, 0, 0, 0, 0, 0, 0, 0, 0, 0, 0, 0, 0, 0, 0, 0, 0, 0, 0, 0, 0, 0, 0, 0]	[0, 0, 0, 0, 0, 0, 0, 0, 0, 0, 0, 0, 0, 0, 0, 0, 0, 0, 0, 0, 0, 0, 0, 0]	[0.0008322999929077923, 0.009567200002493337, 0.02626600000075996, 0.042973200004780665, 0.059693199989851564, 0.0763431999948807, 0.09299179998924956, 0.10987590000149794, 0.12641169998096302, 0.1430320999934338, 0.1598078999959398, 0.1765220999950543, 0.19352639999124222, 0.2099865000054706, 0.22629059999599122, 0.24320889997761697, 0.25954850000562146, 0.27602679998381063, 0.2929571999993641, 0.3098331999790389, 0.326458299998194, 0.34294829997816123, 0.35924879999947734, 0.3764865999983158]	184.0	321.0	0.6	5a
600	15	go_only	0	18	8	go	click	[-2.0, -2.0, 13.0, 72.0, 90.0, 117.0, 141.0, 158.0, 172.0, 181.0, 187.0, 188.0, 188.0, 188.0, 188.0, 188.0, 188.0, 188.0, 188.0, 188.0, 188.0, 188.0, 188.0, 189.0, 189.0, 189.0, 191.0, 195.0, 200.0, 203.0, 203.0, 203.0, 203.0, 203.0]	[-272.0, -272.0, -226.0, -39.0, 21.0, 84.0, 127.0, 155.0, 179.0, 202.0, 217.0, 222.0, 222.0, 222.0, 222.0, 222.0, 222.0, 222.0, 222.0, 222.0, 222.0, 222.0, 222.0, 222.0, 223.0, 228.0, 236.0, 255.0, 278.0, 298.0, 301.0, 301.0, 301.0, 301.0]	[0, 0, 0, 0, 0, 0, 0, 0, 0, 0, 0, 0, 0, 0, 0, 0, 0, 0, 0, 0, 0, 0, 0, 0, 0, 0, 0, 0, 0, 0, 0, 0, 0, 1]	[0, 0, 0, 0, 0, 0, 0, 0, 0, 0, 0, 0, 0, 0, 0, 0, 0, 0, 0, 0, 0, 0, 0, 0, 0, 0, 0, 0, 0, 0, 0, 0, 0, 0]	[0, 0, 0, 0, 0, 0, 0, 0, 0, 0, 0, 0, 0, 0, 0, 0, 0, 0, 0, 0, 0, 0, 0, 0, 0, 0, 0, 0, 0, 0, 0, 0, 0, 0]	[0.0003848000196740031, 0.008972300012828782, 0.025725600018631667, 0.04220690001966432, 0.058869200001936406, 0.07595040000160225, 0.09294560001580976, 0.10921379999490455, 0.1255834000185132, 0.14198330001090653, 0.15864660000079311, 0.1751966000010725, 0.19196140000713058, 0.20853210001951084, 0.22542040000553243, 0.24217130002216436, 0.25845580000896007, 0.27520689999801107, 0.2918173000216484, 0.3086724000168033, 0.3255455000034999, 0.34203640001942404, 0.3587753000028897, 0.3753486000059638, 0.3920921999961138, 0.4087790000194218, 0.4255161000182852, 0.4420213999983389, 0.4587955000170041, 0.4754572000238113, 0.49179100000765175, 0.5087835000013001, 0.5251267999992706, 0.5421785000071395]	203.0	301.0	0.6	5a
601	15	go_only	0	18	3	go	click	[60.0, 60.0, 79.0, 120.0, 156.0, 179.0, 189.0, 199.0, 210.0, 214.0, 216.0, 218.0, 218.0, 218.0, 218.0, 218.0, 214.0, 208.0, 197.0, 187.0, 182.0, 181.0, 181.0, 181.0, 181.0, 181.0, 181.0, 181.0, 181.0]	[-230.0, -230.0, -172.0, -22.0, 134.0, 281.0, 402.0, 495.0, 540.0, 540.0, 540.0, 540.0, 540.0, 540.0, 540.0, 534.0, 523.0, 498.0, 454.0, 395.0, 331.0, 323.0, 323.0, 323.0, 323.0, 323.0, 322.0, 322.0, 322.0]	[0, 0, 0, 0, 0, 0, 0, 0, 0, 0, 0, 0, 0, 0, 0, 0, 0, 0, 0, 0, 0, 0, 0, 0, 0, 0, 0, 0, 1]	[0, 0, 0, 0, 0, 0, 0, 0, 0, 0, 0, 0, 0, 0, 0, 0, 0, 0, 0, 0, 0, 0, 0, 0, 0, 0, 0, 0, 0]	[0, 0, 0, 0, 0, 0, 0, 0, 0, 0, 0, 0, 0, 0, 0, 0, 0, 0, 0, 0, 0, 0, 0, 0, 0, 0, 0, 0, 0]	[0.0004239999980200082, 0.008416700002271682, 0.025119700003415346, 0.04158900000038557, 0.05835249999654479, 0.07540370000060648, 0.09174790000542998, 0.10836090001976117, 0.1250976000155788, 0.1423066999996081, 0.15830629999982193, 0.17477510002208874, 0.19142420002026483, 0.20806330000050366, 0.22502559999702498, 0.24196050001773983, 0.25829260001773946, 0.2749772999959532, 0.2918204000161495, 0.30851020000409335, 0.32499490000191145, 0.341555100021651, 0.3580091000185348, 0.3747548000246752, 0.3913296000100672, 0.4083110000065062, 0.4247609000012744, 0.4413702000165358, 0.4583948000217788]	181.0	322.0	0.6	5a
602	15	go_only	0	18	8	go	click	[68.0, 68.0, 75.0, 107.0, 124.0, 137.0, 144.0, 152.0, 157.0, 158.0, 162.0, 168.0, 174.0, 182.0, 187.0, 188.0, 188.0, 188.0, 188.0]	[-242.0, -242.0, -217.0, -88.0, 0.0, 67.0, 108.0, 131.0, 145.0, 153.0, 162.0, 183.0, 212.0, 244.0, 261.0, 265.0, 265.0, 265.0, 265.0]	[0, 0, 0, 0, 0, 0, 0, 0, 0, 0, 0, 0, 0, 0, 0, 0, 0, 0, 0]	[0, 0, 0, 0, 0, 0, 0, 0, 0, 0, 0, 0, 0, 0, 0, 0, 0, 0, 0]	[0, 0, 0, 0, 0, 0, 0, 0, 0, 0, 0, 0, 0, 0, 0, 0, 0, 0, 0]	[0.0003856999974232167, 0.008595399995101616, 0.025418900011572987, 0.042088800022611395, 0.05874130001757294, 0.07557400001678616, 0.09206550000817515, 0.10848389999591745, 0.12516240001423284, 0.14184039999963716, 0.1584807000181172, 0.1753276000090409, 0.19190639999578707, 0.20845500001451, 0.22521870001219213, 0.2416539000114426, 0.25827340001706034, 0.274900999997044, 0.2915107000153512]	188.0	265.0	0.9	5a
603	15	go_only	0	18	7	go	click	[82.0, 82.0, 100.0, 147.0, 162.0, 174.0, 182.0, 186.0, 188.0, 190.0, 190.0, 190.0, 191.0, 191.0, 191.0, 191.0, 191.0, 191.0, 191.0, 191.0]	[-155.0, -155.0, -86.0, 99.0, 163.0, 203.0, 234.0, 253.0, 259.0, 267.0, 276.0, 291.0, 309.0, 317.0, 319.0, 319.0, 319.0, 319.0, 319.0, 319.0]	[0, 0, 0, 0, 0, 0, 0, 0, 0, 0, 0, 0, 0, 0, 0, 0, 0, 0, 0, 1]	[0, 0, 0, 0, 0, 0, 0, 0, 0, 0, 0, 0, 0, 0, 0, 0, 0, 0, 0, 0]	[0, 0, 0, 0, 0, 0, 0, 0, 0, 0, 0, 0, 0, 0, 0, 0, 0, 0, 0, 0]	[0.00043670000741258264, 0.008676900004502386, 0.025237000023480505, 0.041728600015630946, 0.05849780002608895, 0.07562280001002364, 0.09238070002174936, 0.1083447000128217, 0.12511860000086017, 0.14162540002143942, 0.15836710002622567, 0.17505700001493096, 0.19196070000180043, 0.2084577000059653, 0.22472230001585558, 0.24147710000397637, 0.2581800000043586, 0.27474130000337027, 0.2914607000129763, 0.3087305000226479]	191.0	319.0	0.8	5a
604	15	go_only	0	18	2	go	click	[137.0, 137.0, 178.0, 202.0, 225.0, 238.0, 243.0, 244.0, 244.0, 244.0, 244.0, 244.0, 243.0, 241.0, 241.0, 240.0, 240.0, 240.0, 240.0, 240.0, 240.0, 239.0, 232.0, 216.0, 208.0, 207.0, 207.0, 207.0]	[-138.0, -138.0, 8.0, 124.0, 224.0, 288.0, 324.0, 346.0, 353.0, 353.0, 353.0, 353.0, 354.0, 354.0, 354.0, 354.0, 354.0, 354.0, 354.0, 354.0, 354.0, 354.0, 349.0, 331.0, 321.0, 320.0, 320.0, 320.0]	[0, 0, 0, 0, 0, 0, 0, 0, 0, 0, 0, 0, 0, 0, 0, 0, 0, 0, 0, 0, 0, 0, 0, 0, 0, 0, 0, 1]	[0, 0, 0, 0, 0, 0, 0, 0, 0, 0, 0, 0, 0, 0, 0, 0, 0, 0, 0, 0, 0, 0, 0, 0, 0, 0, 0, 0]	[0, 0, 0, 0, 0, 0, 0, 0, 0, 0, 0, 0, 0, 0, 0, 0, 0, 0, 0, 0, 0, 0, 0, 0, 0, 0, 0, 0]	[0.0002060999977402389, 0.009703799994895235, 0.025988500012317672, 0.04334560001734644, 0.05969100000220351, 0.0761079000076279, 0.0926482000213582, 0.10928420000709593, 0.12596450001001358, 0.14231379999546334, 0.15913539999746718, 0.17587639999692328, 0.1926361999940127, 0.2090221999969799, 0.22599810000974685, 0.24233999999705702, 0.25906410001334734, 0.27586300001712516, 0.2923253000190016, 0.3091467000194825, 0.32590799999888986, 0.34263349999673665, 0.359241900005145, 0.37594820000231266, 0.3925052999984473, 0.40898370000650175, 0.42553800001041964, 0.4429021000105422]	207.0	320.0	0.7	5a
605	15	go_only	0	18	7	go	click	[123.0, 123.0, 164.0, 235.0, 289.0, 313.0, 316.0, 316.0, 307.0, 299.0, 293.0, 287.0, 284.0, 280.0, 274.0, 266.0, 257.0, 243.0, 228.0, 212.0, 210.0, 209.0, 208.0, 208.0]	[-175.0, -175.0, -77.0, 89.0, 218.0, 274.0, 291.0, 291.0, 294.0, 294.0, 294.0, 294.0, 294.0, 299.0, 304.0, 308.0, 309.0, 309.0, 308.0, 307.0, 307.0, 307.0, 307.0, 307.0]	[0, 0, 0, 0, 0, 0, 0, 0, 0, 0, 0, 0, 0, 0, 0, 0, 0, 0, 0, 0, 0, 0, 0, 1]	[0, 0, 0, 0, 0, 0, 0, 0, 0, 0, 0, 0, 0, 0, 0, 0, 0, 0, 0, 0, 0, 0, 0, 0]	[0, 0, 0, 0, 0, 0, 0, 0, 0, 0, 0, 0, 0, 0, 0, 0, 0, 0, 0, 0, 0, 0, 0, 0]	[0.00041939999209716916, 0.008275700005469844, 0.02481390000320971, 0.04153789998963475, 0.05824749998282641, 0.07506599999032915, 0.09125939998193644, 0.10804500000085682, 0.12492619999102317, 0.1419484999787528, 0.15825789998052642, 0.17478879998088814, 0.19150169999920763, 0.20815309998579323, 0.22492730000521988, 0.24139919999288395, 0.2583353999943938, 0.2748033999814652, 0.2915216999826953, 0.30808259997866116, 0.3249436999903992, 0.34141389999422245, 0.3580136999953538, 0.37483019998762757]	208.0	307.0	1.0	5a
606	15	go_only	0	18	6	go	click	[58.0, 58.0, 68.0, 90.0, 112.0, 119.0, 121.0, 123.0, 123.0, 123.0, 123.0, 123.0, 123.0, 123.0, 124.0, 130.0, 130.0, 130.0, 130.0, 132.0, 142.0, 152.0, 160.0, 167.0, 172.0, 174.0, 174.0, 174.0, 174.0]	[-228.0, -228.0, -184.0, -99.0, -10.0, 131.0, 202.0, 238.0, 258.0, 265.0, 266.0, 266.0, 266.0, 266.0, 267.0, 270.0, 271.0, 271.0, 271.0, 270.0, 269.0, 269.0, 271.0, 277.0, 283.0, 285.0, 285.0, 285.0, 285.0]	[0, 0, 0, 0, 0, 0, 0, 0, 0, 0, 0, 0, 0, 0, 0, 0, 0, 0, 0, 0, 0, 0, 0, 0, 0, 0, 0, 0, 1]	[0, 0, 0, 0, 0, 0, 0, 0, 0, 0, 0, 0, 0, 0, 0, 0, 0, 0, 0, 0, 0, 0, 0, 0, 0, 0, 0, 0, 0]	[0, 0, 0, 0, 0, 0, 0, 0, 0, 0, 0, 0, 0, 0, 0, 0, 0, 0, 0, 0, 0, 0, 0, 0, 0, 0, 0, 0, 0]	[0.00040970000554807484, 0.00875480001559481, 0.025388100009877235, 0.04189930000575259, 0.0588669000135269, 0.07556409999961033, 0.09191300001111813, 0.10855090001132339, 0.12557669999659993, 0.1418853999930434, 0.15839160000905395, 0.17508410001755692, 0.19169840001268312, 0.20861930001410656, 0.2251061999995727, 0.2415610000025481, 0.25806210000882857, 0.2750287000089884, 0.29175220002071, 0.3090137999970466, 0.32569820000207983, 0.34187249999376945, 0.3587474999949336, 0.3753877000126522, 0.39226150000467896, 0.4082897000189405, 0.4251642000162974, 0.442769400018733, 0.4581829000089783]	174.0	285.0	0.9	5a
