trial_index	block_number	block_type	is_practice	trials_count	digit	trial_type	correct_response	mouse_resp.x	mouse_resp.y	mouse_resp.leftButton	mouse_resp.midButton	mouse_resp.rightButton	mouse_resp.time	click_pos_x	click_pos_y	iti_duration	participant
1	1	go_only	1	18	6	go	click	[22.0, 22.0, 22.0, 23.0, 23.0, 23.0, 23.0, 24.0, 25.0, 28.0, 30.0, 32.0, 34.0, 37.0, 39.0, 42.0, 43.0, 45.0, 45.0, 45.0, 45.0, 45.0, 45.0, 45.0, 45.0, 45.0, 45.0, 45.0, 45.0, 45.0, 46.0, 46.0, 46.0, 46.0, 46.0, 46.0, 46.0, 46.0, 46.0, 46.0, 46.0, 46.0, 46.0, 46.0, 46.0, 46.0, 46.0, 46.0, 46.0, 46.0, 47.0, 52.0, 63.0, 79.0, 91.0, 103.0, 118.0, 145.0, 185.0, 235.0, 291.0, 337.0, 367.0, 387.0, 405.0, 413.0, 418.0, 418.0, 418.0, 417.0, 416.0, 414.0, 411.0, 406.0, 394.0, 363.0, 309.0, 255.0, 204.0, 185.0, 177.0, 174.0, 173.0, 173.0, 173.0, 176.0, 178.0, 182.0, 185.0, 187.0, 188.0, 189.0, 190.0]	[-278.0, -272.0, -272.0, -267.0, -257.0, -249.0, -238.0, -230.0, -221.0, -212.0, -204.0, -196.0, -188.0, -182.0, -175.0, -168.0, -164.0, -162.0, -161.0, -161.0, -161.0, -161.0, -161.0, -161.0, -161.0, -161.0, -161.0, -161.0, -161.0, -161.0, -161.0, -161.0, -161.0, -160.0, -160.0, -160.0, -160.0, -160.0, -160.0, -160.0, -160.0, -160.0, -160.0, -160.0, -160.0, -160.0, -160.0, -160.0, -160.0, -160.0, -156.0, -144.0, -121.0, -77.0, -52.0, -25.0, 9.0, 58.0, 144.0, 225.0, 303.0, 365.0, 414.0, 449.0, 481.0, 499.0, 511.0, 518.0, 522.0, 524.0, 526.0, 526.0, 527.0, 528.0, 528.0, 517.0, 497.0, 470.0, 437.0, 420.0, 406.0, 398.0, 388.0, 377.0, 366.0, 355.0, 344.0, 334.0, 330.0, 327.0, 326.0, 326.0, 324.0]	[0, 0, 0, 0, 0, 0, 0, 0, 0, 0, 0, 0, 0, 0, 0, 0, 0, 0, 0, 0, 0, 0, 0, 0, 0, 0, 0, 0, 0, 0, 0, 0, 0, 0, 0, 0, 0, 0, 0, 0, 0, 0, 0, 0, 0, 0, 0, 0, 0, 0, 0, 0, 0, 0, 0, 0, 0, 0, 0, 0, 0, 0, 0, 0, 0, 0, 0, 0, 0, 0, 0, 0, 0, 0, 0, 0, 0, 0, 0, 0, 0, 0, 0, 0, 0, 0, 0, 0, 0, 0, 0, 0, 0]	[0, 0, 0, 0, 0, 0, 0, 0, 0, 0, 0, 0, 0, 0, 0, 0, 0, 0, 0, 0, 0, 0, 0, 0, 0, 0, 0, 0, 0, 0, 0, 0, 0, 0, 0, 0, 0, 0, 0, 0, 0, 0, 0, 0, 0, 0, 0, 0, 0, 0, 0, 0, 0, 0, 0, 0, 0, 0, 0, 0, 0, 0, 0, 0, 0, 0, 0, 0, 0, 0, 0, 0, 0, 0, 0, 0, 0, 0, 0, 0, 0, 0, 0, 0, 0, 0, 0, 0, 0, 0, 0, 0, 0]	[0, 0, 0, 0, 0, 0, 0, 0, 0, 0, 0, 0, 0, 0, 0, 0, 0, 0, 0, 0, 0, 0, 0, 0, 0, 0, 0, 0, 0, 0, 0, 0, 0, 0, 0, 0, 0, 0, 0, 0, 0, 0, 0, 0, 0, 0, 0, 0, 0, 0, 0, 0, 0, 0, 0, 0, 0, 0, 0, 0, 0, 0, 0, 0, 0, 0, 0, 0, 0, 0, 0, 0, 0, 0, 0, 0, 0, 0, 0, 0, 0, 0, 0, 0, 0, 0, 0, 0, 0, 0, 0, 0, 0]	[0.00019309998606331646, 0.005139199987752363, 0.016344600007869303, 0.03297460000612773, 0.0495801999932155, 0.06686520000221208, 0.08288859997992404, 0.09972929998184554, 0.11630239998339675, 0.1329589999804739, 0.14945779999834485, 0.16647959998226725, 0.18331229998148046, 0.19969099998706952, 0.21630159998312593, 0.2329627999861259, 0.24979739999980666, 0.26645989998360164, 0.2829560999816749, 0.2997079000051599, 0.31607820000499487, 0.33289439999498427, 0.3495000999828335, 0.36624099998152815, 0.38282100000651553, 0.39949239999987185, 0.41644229998928495, 0.4328330999996979, 0.4494078999850899, 0.46612299999105744, 0.4827084999997169, 0.4993549000064377, 0.5164139999833424, 0.5328327000024728, 0.5498294999997597, 0.5660659999994095, 0.5831026999803726, 0.5994329999957699, 0.6162132000026759, 0.6327059000032023, 0.6495920000015758, 0.6659889000002295, 0.682666499982588, 0.6993280999886338, 0.7160432999953628, 0.7330763000063598, 0.7494065999926534, 0.7661669999943115, 0.7827751000004355, 0.7994505999959074, 0.8162558999902103, 0.8338226999912877, 0.8495824999990873, 0.8660596999980044, 0.8833139000053052, 0.8995530999964103, 0.916073200001847, 0.9330776999995578, 0.9494644999795128, 0.9662584000034258, 0.9829076000023633, 0.999673399986932, 1.0163783000025433, 1.0331466000061482, 1.0497997000056785, 1.0663169999897946, 1.0834078000043519, 1.0995168999943417, 1.116435600008117, 1.1328594999795314, 1.14955609999015, 1.1660456999961752, 1.1826621000072919, 1.1996118999959435, 1.2160629999998491, 1.2328424000006635, 1.2495472999871708, 1.2661389999848325, 1.2830994999967515, 1.299416599998949, 1.3161223999923095, 1.3327278000069782, 1.3493805000034627, 1.3658890999795403, 1.3827046999940649, 1.3992555000004359, 1.4157428999897093, 1.4324442000070121, 1.4491085000045132, 1.4658051999867894, 1.4828487999911886, 1.499269699997967, 1.5161154999805149]	n/a	n/a	0.8	8a
2	1	go_only	1	18	8	go	click	[-55.0, -55.0, -57.0, -63.0, -70.0, -78.0, -87.0, -95.0, -104.0, -113.0, -118.0, -121.0, -123.0, -124.0, -126.0, -126.0, -126.0, -126.0, -124.0, -117.0, -110.0, -97.0, -80.0, -57.0, -33.0, 6.0, 69.0, 125.0, 190.0, 256.0, 311.0, 335.0, 349.0, 360.0, 368.0, 372.0, 374.0, 376.0, 376.0, 375.0, 358.0, 336.0, 315.0, 294.0, 273.0, 259.0, 246.0, 241.0, 239.0, 239.0, 238.0, 238.0, 238.0, 238.0, 238.0]	[-292.0, -292.0, -287.0, -275.0, -267.0, -257.0, -244.0, -232.0, -216.0, -200.0, -187.0, -179.0, -174.0, -168.0, -161.0, -153.0, -146.0, -135.0, -122.0, -107.0, -89.0, -69.0, -45.0, -23.0, 0.0, 29.0, 75.0, 110.0, 149.0, 183.0, 213.0, 229.0, 239.0, 249.0, 260.0, 267.0, 273.0, 280.0, 286.0, 293.0, 306.0, 317.0, 323.0, 329.0, 332.0, 333.0, 333.0, 334.0, 334.0, 334.0, 334.0, 334.0, 334.0, 334.0, 334.0]	[0, 0, 0, 0, 0, 0, 0, 0, 0, 0, 0, 0, 0, 0, 0, 0, 0, 0, 0, 0, 0, 0, 0, 0, 0, 0, 0, 0, 0, 0, 0, 0, 0, 0, 0, 0, 0, 0, 0, 0, 0, 0, 0, 0, 0, 0, 0, 0, 0, 0, 0, 0, 0, 0, 1]	[0, 0, 0, 0, 0, 0, 0, 0, 0, 0, 0, 0, 0, 0, 0, 0, 0, 0, 0, 0, 0, 0, 0, 0, 0, 0, 0, 0, 0, 0, 0, 0, 0, 0, 0, 0, 0, 0, 0, 0, 0, 0, 0, 0, 0, 0, 0, 0, 0, 0, 0, 0, 0, 0, 0]	[0, 0, 0, 0, 0, 0, 0, 0, 0, 0, 0, 0, 0, 0, 0, 0, 0, 0, 0, 0, 0, 0, 0, 0, 0, 0, 0, 0, 0, 0, 0, 0, 0, 0, 0, 0, 0, 0, 0, 0, 0, 0, 0, 0, 0, 0, 0, 0, 0, 0, 0, 0, 0, 0, 0]	[0.00019430002430453897, 0.009183200018014759, 0.025588000018615276, 0.042605599999660626, 0.05894879999686964, 0.07570630000554956, 0.09222839999711141, 0.10895700001856312, 0.12554500001715496, 0.1427663000067696, 0.15900000001420267, 0.17581200000131503, 0.19232220001867972, 0.20900890001212247, 0.22578810001141392, 0.2423813000204973, 0.25903899999684654, 0.2759451000019908, 0.29238790000090376, 0.3087637000135146, 0.32529979999526404, 0.34234590001869947, 0.358663000020897, 0.37548610000521876, 0.39216730001498945, 0.4088071000005584, 0.4254400000208989, 0.4421978000027593, 0.4594863000093028, 0.47565160001977347, 0.49234440000145696, 0.5088659000175539, 0.5255050999985542, 0.5428551000077277, 0.5588435000099707, 0.5753567000210751, 0.5920073000015691, 0.6086895000189543, 0.6253079000161961, 0.6422998000052758, 0.6593823000148404, 0.6753969000128563, 0.6921513999986928, 0.7085357000178192, 0.7255135000159498, 0.7419871000165585, 0.7587629000190645, 0.7754019999993034, 0.7918710000230931, 0.8089163000113331, 0.8252608000184409, 0.8420599000237416, 0.8586129000177607, 0.8752155000111088, 0.8921744000108447]	238.0	334.0	0.5	8a
3	1	go_only	1	18	8	go	click	[-33.0, -33.0, -34.0, -39.0, -44.0, -46.0, -47.0, -47.0, -47.0, -45.0, -41.0, -37.0, -32.0, -28.0, -23.0, -19.0, -13.0, -7.0, -6.0, -4.0, -3.0, -3.0, -3.0, -3.0, -3.0, -3.0, -3.0, -3.0, -3.0, 0.0, 6.0, 13.0, 25.0, 41.0, 58.0, 78.0, 98.0, 112.0, 124.0, 134.0, 143.0, 155.0, 170.0, 190.0, 202.0, 208.0, 209.0, 209.0, 209.0, 209.0, 209.0]	[-276.0, -276.0, -265.0, -233.0, -191.0, -149.0, -125.0, -100.0, -84.0, -65.0, -48.0, -33.0, -20.0, -10.0, -3.0, 4.0, 12.0, 18.0, 21.0, 23.0, 23.0, 24.0, 24.0, 24.0, 24.0, 24.0, 24.0, 24.0, 24.0, 29.0, 37.0, 47.0, 65.0, 89.0, 120.0, 156.0, 186.0, 208.0, 224.0, 236.0, 251.0, 265.0, 282.0, 302.0, 315.0, 322.0, 323.0, 323.0, 323.0, 323.0, 323.0]	[0, 0, 0, 0, 0, 0, 0, 0, 0, 0, 0, 0, 0, 0, 0, 0, 0, 0, 0, 0, 0, 0, 0, 0, 0, 0, 0, 0, 0, 0, 0, 0, 0, 0, 0, 0, 0, 0, 0, 0, 0, 0, 0, 0, 0, 0, 0, 0, 0, 0, 1]	[0, 0, 0, 0, 0, 0, 0, 0, 0, 0, 0, 0, 0, 0, 0, 0, 0, 0, 0, 0, 0, 0, 0, 0, 0, 0, 0, 0, 0, 0, 0, 0, 0, 0, 0, 0, 0, 0, 0, 0, 0, 0, 0, 0, 0, 0, 0, 0, 0, 0, 0]	[0, 0, 0, 0, 0, 0, 0, 0, 0, 0, 0, 0, 0, 0, 0, 0, 0, 0, 0, 0, 0, 0, 0, 0, 0, 0, 0, 0, 0, 0, 0, 0, 0, 0, 0, 0, 0, 0, 0, 0, 0, 0, 0, 0, 0, 0, 0, 0, 0, 0, 0]	[0.00018659999477677047, 0.011578400008147582, 0.02818910000496544, 0.044915600010426715, 0.06155569999828003, 0.0781931999954395, 0.09503090000362135, 0.11159950000001118, 0.128228699992178, 0.14485340000828728, 0.16132280000601895, 0.17838979998487048, 0.19472070000483654, 0.21135749999666587, 0.22800470000947826, 0.24463130001095124, 0.2613435999955982, 0.27806159999454394, 0.29492990000289865, 0.31128210001043044, 0.3280230000091251, 0.3445169999904465, 0.36132669998914935, 0.37812579999445006, 0.3946331999904942, 0.4111921000003349, 0.42791560001205653, 0.44457960000727326, 0.46130739999352954, 0.4782180000038352, 0.4950001999968663, 0.5121332000126131, 0.5280929000000469, 0.5448331999941729, 0.5616084999928717, 0.5781934999977238, 0.5949277000036091, 0.6113236999954097, 0.6279115999932401, 0.6445689999964088, 0.6612839000008535, 0.6778612000052817, 0.6949051000119653, 0.7115248999907635, 0.7281503000122029, 0.7445873999968171, 0.7611919000046328, 0.7779573999869172, 0.7945595000055619, 0.8113291999907233, 0.8282230999902822]	209.0	323.0	0.9	8a
4	1	go_only	1	18	3	go	click	[3.0, 3.0, -2.0, -9.0, -16.0, -16.0, -11.0, -2.0, 9.0, 20.0, 27.0, 29.0, 30.0, 30.0, 30.0, 30.0, 30.0, 32.0, 34.0, 44.0, 61.0, 83.0, 108.0, 132.0, 165.0, 180.0, 187.0, 190.0, 190.0, 190.0, 190.0, 190.0, 190.0, 190.0, 190.0, 190.0, 190.0, 190.0, 190.0, 190.0, 190.0, 190.0, 190.0, 190.0, 190.0, 190.0, 190.0, 190.0]	[-233.0, -233.0, -141.0, -61.0, 15.0, 89.0, 146.0, 187.0, 220.0, 239.0, 252.0, 253.0, 255.0, 255.0, 255.0, 255.0, 255.0, 256.0, 258.0, 262.0, 271.0, 280.0, 290.0, 293.0, 297.0, 300.0, 303.0, 304.0, 304.0, 304.0, 304.0, 304.0, 304.0, 304.0, 304.0, 304.0, 304.0, 304.0, 304.0, 304.0, 304.0, 304.0, 304.0, 304.0, 304.0, 304.0, 304.0, 304.0]	[0, 0, 0, 0, 0, 0, 0, 0, 0, 0, 0, 0, 0, 0, 0, 0, 0, 0, 0, 0, 0, 0, 0, 0, 0, 0, 0, 0, 0, 0, 0, 0, 0, 0, 0, 0, 0, 0, 0, 0, 0, 0, 0, 0, 0, 0, 0, 1]	[0, 0, 0, 0, 0, 0, 0, 0, 0, 0, 0, 0, 0, 0, 0, 0, 0, 0, 0, 0, 0, 0, 0, 0, 0, 0, 0, 0, 0, 0, 0, 0, 0, 0, 0, 0, 0, 0, 0, 0, 0, 0, 0, 0, 0, 0, 0, 0]	[0, 0, 0, 0, 0, 0, 0, 0, 0, 0, 0, 0, 0, 0, 0, 0, 0, 0, 0, 0, 0, 0, 0, 0, 0, 0, 0, 0, 0, 0, 0, 0, 0, 0, 0, 0, 0, 0, 0, 0, 0, 0, 0, 0, 0, 0, 0, 0]	[0.00018689999706111848, 0.00994600000558421, 0.026533600001130253, 0.04314870000234805, 0.06034120000549592, 0.07672929999534972, 0.09343189999344759, 0.11002719998941757, 0.12667399999918416, 0.14354220000677742, 0.15996250000898726, 0.1765816000115592, 0.19289870001375675, 0.20984719999250956, 0.2264936999999918, 0.24313149999943562, 0.25985649999347515, 0.27654320001602173, 0.2935546000080649, 0.3100531999953091, 0.32659979999880306, 0.3435266999877058, 0.36005869999644347, 0.3767426999984309, 0.39312220001011156, 0.41003150001051836, 0.42652670000097714, 0.44308409999939613, 0.4597052999888547, 0.4764384000154678, 0.4932189999963157, 0.509919300006004, 0.526374000008218, 0.5431053999927826, 0.5596876000054181, 0.5762519999989308, 0.5931021000142209, 0.6098323999904096, 0.6263752999948338, 0.6429724000045098, 0.6597779000003356, 0.6765408999926876, 0.6930246000119951, 0.7098594999988563, 0.7264805999875534, 0.7431462999957148, 0.7597305999952368, 0.77660760001163]	190.0	304.0	0.5	8a
5	1	go_only	1	18	2	go	click	[-59.0, -59.0, -66.0, -81.0, -91.0, -97.0, -101.0, -103.0, -103.0, -103.0, -103.0, -100.0, -98.0, -95.0, -93.0, -86.0, -73.0, -51.0, -26.0, 19.0, 47.0, 72.0, 92.0, 108.0, 126.0, 141.0, 152.0, 161.0, 169.0, 175.0, 181.0, 191.0, 196.0, 201.0, 204.0, 206.0, 207.0, 207.0, 207.0, 207.0, 207.0, 207.0, 207.0, 207.0, 207.0, 207.0, 207.0, 207.0, 207.0, 207.0, 207.0, 207.0, 207.0, 207.0, 207.0, 207.0, 207.0, 207.0, 207.0, 207.0, 207.0, 207.0, 207.0, 207.0, 206.0, 206.0, 206.0, 205.0, 205.0, 206.0, 208.0, 208.0, 208.0, 208.0, 208.0]	[-275.0, -275.0, -254.0, -219.0, -190.0, -169.0, -153.0, -140.0, -132.0, -123.0, -117.0, -109.0, -102.0, -98.0, -95.0, -87.0, -73.0, -52.0, -29.0, 13.0, 40.0, 66.0, 90.0, 116.0, 149.0, 177.0, 200.0, 224.0, 249.0, 273.0, 298.0, 328.0, 338.0, 345.0, 351.0, 352.0, 353.0, 353.0, 353.0, 353.0, 353.0, 353.0, 353.0, 353.0, 353.0, 353.0, 353.0, 353.0, 353.0, 353.0, 353.0, 353.0, 353.0, 353.0, 353.0, 353.0, 353.0, 353.0, 353.0, 353.0, 353.0, 353.0, 350.0, 342.0, 334.0, 328.0, 325.0, 322.0, 320.0, 313.0, 310.0, 310.0, 310.0, 310.0, 310.0]	[0, 0, 0, 0, 0, 0, 0, 0, 0, 0, 0, 0, 0, 0, 0, 0, 0, 0, 0, 0, 0, 0, 0, 0, 0, 0, 0, 0, 0, 0, 0, 0, 0, 0, 0, 0, 0, 0, 1, 1, 1, 1, 1, 1, 1, 0, 0, 0, 0, 0, 0, 0, 0, 0, 0, 0, 0, 0, 0, 0, 0, 0, 0, 0, 0, 0, 0, 0, 0, 0, 0, 0, 0, 0, 1]	[0, 0, 0, 0, 0, 0, 0, 0, 0, 0, 0, 0, 0, 0, 0, 0, 0, 0, 0, 0, 0, 0, 0, 0, 0, 0, 0, 0, 0, 0, 0, 0, 0, 0, 0, 0, 0, 0, 0, 0, 0, 0, 0, 0, 0, 0, 0, 0, 0, 0, 0, 0, 0, 0, 0, 0, 0, 0, 0, 0, 0, 0, 0, 0, 0, 0, 0, 0, 0, 0, 0, 0, 0, 0, 0]	[0, 0, 0, 0, 0, 0, 0, 0, 0, 0, 0, 0, 0, 0, 0, 0, 0, 0, 0, 0, 0, 0, 0, 0, 0, 0, 0, 0, 0, 0, 0, 0, 0, 0, 0, 0, 0, 0, 0, 0, 0, 0, 0, 0, 0, 0, 0, 0, 0, 0, 0, 0, 0, 0, 0, 0, 0, 0, 0, 0, 0, 0, 0, 0, 0, 0, 0, 0, 0, 0, 0, 0, 0, 0, 0]	[0.0001925000105984509, 0.007914000016171485, 0.024656599998706952, 0.04134270001668483, 0.05822070001158863, 0.07472649999544956, 0.09141180000733584, 0.10822329999064095, 0.12535190000198781, 0.14198149999720044, 0.15785089999553747, 0.17449299999861978, 0.19113590000779368, 0.20771320001222193, 0.22445050001260825, 0.240995500003919, 0.25751039999886416, 0.2745086000068113, 0.29124550000415184, 0.3079202999942936, 0.32468960000551306, 0.34128819999750704, 0.35802859999239445, 0.3744567999965511, 0.3908355000021402, 0.4077404999989085, 0.4245521000120789, 0.44109549999120645, 0.45796510000946, 0.47450060001574457, 0.4911019999999553, 0.5078934000048321, 0.5253250999958254, 0.5413125999912154, 0.5581499999971129, 0.5742932000139263, 0.5909592999960296, 0.6075293000030797, 0.624652700003935, 0.6409435000095982, 0.6574010000040289, 0.6741355000121985, 0.6907162000134122, 0.7073651000100654, 0.723987200006377, 0.7406549000006635, 0.7573029999912251, 0.7741377000056673, 0.7907414000073913, 0.8074439000047278, 0.8245711000054143, 0.8408600999973714, 0.8576106000109576, 0.8741745000006631, 0.8907706000027247, 0.9074133000103757, 0.9239906000148039, 0.9407547000155319, 0.9573605000041425, 0.9740959999908227, 0.9907769999990705, 1.0077040999894962, 1.0240460000059102, 1.040761999989627, 1.0573784000007436, 1.0743808000115678, 1.090881799987983, 1.1074168999912217, 1.1240197000151966, 1.1408408000133932, 1.1572222000104375, 1.1738825000065845, 1.1907594999938738, 1.2074215000029653, 1.2244204999879003]	208.0	310.0	1.0	8a
6	1	go_only	1	18	3	go	click	[-29.0, -29.0, -34.0, -39.0, -40.0, -42.0, -42.0, -41.0, -39.0, -35.0, -33.0, -33.0, -33.0, -33.0, -33.0, -31.0, -27.0, -8.0, 18.0, 53.0, 103.0, 155.0, 192.0, 215.0, 232.0, 247.0, 249.0, 252.0, 253.0, 254.0, 254.0, 254.0, 253.0, 250.0, 247.0, 246.0, 246.0, 245.0, 245.0, 245.0, 245.0, 245.0]	[-265.0, -265.0, -226.0, -188.0, -154.0, -126.0, -102.0, -80.0, -63.0, -55.0, -51.0, -50.0, -50.0, -50.0, -50.0, -46.0, -39.0, -19.0, 15.0, 59.0, 107.0, 150.0, 183.0, 209.0, 230.0, 253.0, 258.0, 267.0, 273.0, 278.0, 283.0, 288.0, 292.0, 294.0, 296.0, 297.0, 298.0, 298.0, 299.0, 299.0, 299.0, 299.0]	[0, 0, 0, 0, 0, 0, 0, 0, 0, 0, 0, 0, 0, 0, 0, 0, 0, 0, 0, 0, 0, 0, 0, 0, 0, 0, 0, 0, 0, 0, 0, 0, 0, 0, 0, 0, 0, 0, 0, 0, 0, 1]	[0, 0, 0, 0, 0, 0, 0, 0, 0, 0, 0, 0, 0, 0, 0, 0, 0, 0, 0, 0, 0, 0, 0, 0, 0, 0, 0, 0, 0, 0, 0, 0, 0, 0, 0, 0, 0, 0, 0, 0, 0, 0]	[0, 0, 0, 0, 0, 0, 0, 0, 0, 0, 0, 0, 0, 0, 0, 0, 0, 0, 0, 0, 0, 0, 0, 0, 0, 0, 0, 0, 0, 0, 0, 0, 0, 0, 0, 0, 0, 0, 0, 0, 0, 0]	[0.00018870001076720655, 0.010026400006609038, 0.02669259998947382, 0.043810200004372746, 0.059947800007648766, 0.07655789999989793, 0.09330770000815392, 0.10981709999032319, 0.12661669999943115, 0.14351170000736602, 0.16008219998911954, 0.1765954000002239, 0.1930309000017587, 0.20983500001602806, 0.22664070001337677, 0.24338810000335798, 0.26007650000974536, 0.2763887000037357, 0.2930087000131607, 0.3096167999901809, 0.32655090000480413, 0.3432053000142332, 0.35982879999210127, 0.37642919999780133, 0.39343510000617243, 0.40991449999273755, 0.42646940000122413, 0.4435491999902297, 0.4602491999976337, 0.4764390999916941, 0.493217100010952, 0.5095867000054568, 0.5263650999986567, 0.5430182999989484, 0.5598525000095833, 0.5765121000004001, 0.5931131000106689, 0.6096710000128951, 0.6261110999912489, 0.6429848000116181, 0.6595620000152849, 0.6763727999932598]	245.0	299.0	0.9	8a
7	1	go_only	1	18	7	go	click	[50.0, 50.0, 57.0, 67.0, 84.0, 101.0, 114.0, 122.0, 131.0, 141.0, 152.0, 156.0, 160.0, 162.0, 163.0, 163.0, 163.0, 163.0, 163.0, 163.0, 164.0, 169.0, 170.0, 171.0, 172.0, 173.0, 174.0, 174.0, 174.0, 174.0, 174.0, 174.0]	[-247.0, -247.0, -211.0, -145.0, -65.0, 22.0, 89.0, 143.0, 194.0, 234.0, 272.0, 287.0, 298.0, 305.0, 306.0, 306.0, 306.0, 306.0, 303.0, 301.0, 300.0, 299.0, 299.0, 299.0, 299.0, 299.0, 299.0, 299.0, 299.0, 299.0, 299.0, 299.0]	[0, 0, 0, 0, 0, 0, 0, 0, 0, 0, 0, 0, 0, 0, 0, 0, 0, 0, 0, 0, 0, 0, 0, 0, 0, 0, 0, 0, 0, 0, 0, 1]	[0, 0, 0, 0, 0, 0, 0, 0, 0, 0, 0, 0, 0, 0, 0, 0, 0, 0, 0, 0, 0, 0, 0, 0, 0, 0, 0, 0, 0, 0, 0, 0]	[0, 0, 0, 0, 0, 0, 0, 0, 0, 0, 0, 0, 0, 0, 0, 0, 0, 0, 0, 0, 0, 0, 0, 0, 0, 0, 0, 0, 0, 0, 0, 0]	[0.00023770000552758574, 0.008102499996311963, 0.02475039998535067, 0.041633799992268905, 0.058095699991099536, 0.07453899999381974, 0.09155519999330863, 0.1081529000075534, 0.12468889998854138, 0.14136290000169538, 0.15863940000417642, 0.17493519998970442, 0.19125139998504892, 0.20853820000775158, 0.2246129999984987, 0.24118640000233427, 0.25786099999095313, 0.2748435999965295, 0.29142090000095777, 0.30817239999305457, 0.3246891000017058, 0.3414314999827184, 0.35798289999365807, 0.3749513999791816, 0.391754399985075, 0.4083581999875605, 0.42469169999822043, 0.44121439999435097, 0.45793800000683405, 0.47459080000407994, 0.4914771000039764, 0.5082152999821119]	174.0	299.0	0.5	8a
8	1	go_only	1	18	4	go	click	[31.0, 31.0, 40.0, 54.0, 60.0, 64.0, 71.0, 94.0, 113.0, 124.0, 133.0, 138.0, 142.0, 142.0, 142.0, 142.0, 143.0, 151.0, 168.0, 192.0, 208.0, 217.0, 218.0, 219.0, 220.0, 222.0, 224.0, 224.0, 224.0, 224.0]	[-259.0, -259.0, -223.0, -156.0, -95.0, -40.0, 18.0, 107.0, 150.0, 175.0, 193.0, 205.0, 210.0, 211.0, 212.0, 212.0, 212.0, 218.0, 231.0, 250.0, 267.0, 278.0, 280.0, 281.0, 283.0, 287.0, 292.0, 294.0, 295.0, 295.0]	[0, 0, 0, 0, 0, 0, 0, 0, 0, 0, 0, 0, 0, 0, 0, 0, 0, 0, 0, 0, 0, 0, 0, 0, 0, 0, 0, 0, 0, 1]	[0, 0, 0, 0, 0, 0, 0, 0, 0, 0, 0, 0, 0, 0, 0, 0, 0, 0, 0, 0, 0, 0, 0, 0, 0, 0, 0, 0, 0, 0]	[0, 0, 0, 0, 0, 0, 0, 0, 0, 0, 0, 0, 0, 0, 0, 0, 0, 0, 0, 0, 0, 0, 0, 0, 0, 0, 0, 0, 0, 0]	[0.00037429999792948365, 0.007298000011360273, 0.023666599998250604, 0.040510599996196106, 0.057217199995648116, 0.07399289999739267, 0.09061479999218136, 0.10733349999645725, 0.12416330000269227, 0.14051880000624806, 0.15795039999647997, 0.1737913000106346, 0.19059770001331344, 0.20705070000258274, 0.2236632000131067, 0.24058390001300722, 0.2572132000059355, 0.2740825999935623, 0.29067320001195185, 0.3071062999952119, 0.32370380000793375, 0.34076290001394227, 0.3570336000120733, 0.37400919999345206, 0.3905531000054907, 0.40705599999637343, 0.42374860000563785, 0.4402723000093829, 0.45697780000045896, 0.473729799996363]	224.0	295.0	0.7	8a
9	1	go_only	1	18	7	go	click	[63.0, 63.0, 70.0, 90.0, 117.0, 133.0, 153.0, 160.0, 167.0, 171.0, 176.0, 178.0, 179.0, 180.0, 180.0, 180.0, 180.0, 180.0, 185.0, 202.0, 214.0, 216.0, 212.0, 208.0, 204.0, 200.0, 197.0, 197.0, 197.0, 197.0, 197.0, 197.0, 197.0, 197.0, 197.0, 197.0, 197.0, 197.0, 197.0]	[-206.0, -206.0, -167.0, -75.0, 107.0, 225.0, 313.0, 363.0, 395.0, 422.0, 439.0, 449.0, 453.0, 453.0, 454.0, 454.0, 454.0, 454.0, 453.0, 438.0, 412.0, 378.0, 352.0, 333.0, 320.0, 304.0, 291.0, 285.0, 284.0, 284.0, 284.0, 284.0, 284.0, 284.0, 284.0, 284.0, 284.0, 284.0, 284.0]	[0, 0, 0, 0, 0, 0, 0, 0, 0, 0, 0, 0, 0, 0, 0, 0, 0, 0, 0, 0, 0, 0, 0, 0, 0, 0, 0, 0, 0, 0, 0, 0, 0, 0, 0, 0, 0, 0, 1]	[0, 0, 0, 0, 0, 0, 0, 0, 0, 0, 0, 0, 0, 0, 0, 0, 0, 0, 0, 0, 0, 0, 0, 0, 0, 0, 0, 0, 0, 0, 0, 0, 0, 0, 0, 0, 0, 0, 0]	[0, 0, 0, 0, 0, 0, 0, 0, 0, 0, 0, 0, 0, 0, 0, 0, 0, 0, 0, 0, 0, 0, 0, 0, 0, 0, 0, 0, 0, 0, 0, 0, 0, 0, 0, 0, 0, 0, 0]	[0.0006536000000778586, 0.009598500007996336, 0.026272400020388886, 0.043736399995395914, 0.05982429999858141, 0.07636860001366585, 0.09303220000583678, 0.1097996000025887, 0.1266005000215955, 0.14301060000434518, 0.15991899999789894, 0.17662559999735095, 0.19297260002349503, 0.20956060002208687, 0.22628750000149012, 0.24277969999820925, 0.2596200999978464, 0.2763439000118524, 0.2931105000025127, 0.30952170002274215, 0.32625340000959113, 0.34310300002107397, 0.35966820002067834, 0.376517500000773, 0.3929430000134744, 0.4096031000080984, 0.42616760000237264, 0.4430539000022691, 0.45978900001500733, 0.47611079999478534, 0.4927892000123393, 0.5094275000155903, 0.5261072000139393, 0.5429006000049412, 0.5596698000153992, 0.5762216000002809, 0.5930325000081211, 0.6093872000055853, 0.6262483000173233]	197.0	284.0	0.8	8a
10	1	go_only	1	18	2	go	click	[26.0, 26.0, 29.0, 37.0, 41.0, 44.0, 48.0, 54.0, 62.0, 68.0, 70.0, 76.0, 82.0, 92.0, 100.0, 102.0, 103.0, 105.0, 108.0, 124.0, 147.0, 170.0, 182.0, 194.0, 201.0, 204.0, 206.0, 206.0, 206.0, 204.0, 202.0, 200.0, 198.0, 194.0, 191.0, 190.0, 189.0, 189.0, 189.0, 189.0]	[-278.0, -278.0, -266.0, -240.0, -216.0, -191.0, -167.0, -142.0, -117.0, -96.0, -81.0, -55.0, -31.0, -3.0, 12.0, 17.0, 18.0, 21.0, 28.0, 46.0, 75.0, 101.0, 117.0, 145.0, 166.0, 189.0, 209.0, 230.0, 248.0, 267.0, 283.0, 296.0, 303.0, 309.0, 315.0, 319.0, 322.0, 323.0, 323.0, 323.0]	[0, 0, 0, 0, 0, 0, 0, 0, 0, 0, 0, 0, 0, 0, 0, 0, 0, 0, 0, 0, 0, 0, 0, 0, 0, 0, 0, 0, 0, 0, 0, 0, 0, 0, 0, 0, 0, 0, 0, 1]	[0, 0, 0, 0, 0, 0, 0, 0, 0, 0, 0, 0, 0, 0, 0, 0, 0, 0, 0, 0, 0, 0, 0, 0, 0, 0, 0, 0, 0, 0, 0, 0, 0, 0, 0, 0, 0, 0, 0, 0]	[0, 0, 0, 0, 0, 0, 0, 0, 0, 0, 0, 0, 0, 0, 0, 0, 0, 0, 0, 0, 0, 0, 0, 0, 0, 0, 0, 0, 0, 0, 0, 0, 0, 0, 0, 0, 0, 0, 0, 0]	[0.00018030000501312315, 0.010390000010374933, 0.025873700011288747, 0.042559900000924245, 0.05930290001560934, 0.07607939999434166, 0.09269570000469685, 0.10933760000625625, 0.12603720001061447, 0.14268200000515208, 0.159212500002468, 0.1763597000099253, 0.19307999999728054, 0.20969909999985248, 0.22563719999743626, 0.24240210000425577, 0.2589201999944635, 0.2758349000068847, 0.29247960000066087, 0.3092383000184782, 0.32561620001797564, 0.3424051000038162, 0.35904910002136603, 0.3764897000219207, 0.39256470001419075, 0.40900600000168197, 0.42572699999436736, 0.4423821000091266, 0.4591528000019025, 0.4757075000088662, 0.4927155000041239, 0.509047700004885, 0.5256739000033122, 0.5423070999968331, 0.5587799000204541, 0.5758073000179138, 0.5922350000182632, 0.6092958000081126, 0.6252292999997735, 0.6426135000074282]	189.0	323.0	0.6	8a
11	1	go_only	1	18	3	go	click	[-4.0, -4.0, -9.0, -17.0, -24.0, -27.0, -28.0, -30.0, -29.0, -27.0, -22.0, -17.0, -10.0, -2.0, 15.0, 33.0, 57.0, 87.0, 125.0, 153.0, 171.0, 182.0, 189.0, 197.0, 202.0, 213.0, 218.0, 221.0, 222.0, 223.0, 223.0, 221.0, 219.0, 218.0, 218.0, 218.0, 218.0, 218.0, 218.0]	[-273.0, -273.0, -255.0, -208.0, -174.0, -143.0, -113.0, -83.0, -59.0, -40.0, -23.0, -10.0, 4.0, 15.0, 33.0, 48.0, 67.0, 89.0, 116.0, 137.0, 154.0, 166.0, 177.0, 189.0, 204.0, 230.0, 246.0, 255.0, 264.0, 272.0, 279.0, 285.0, 289.0, 292.0, 295.0, 296.0, 296.0, 296.0, 296.0]	[0, 0, 0, 0, 0, 0, 0, 0, 0, 0, 0, 0, 0, 0, 0, 0, 0, 0, 0, 0, 0, 0, 0, 0, 0, 0, 0, 0, 0, 0, 0, 0, 0, 0, 0, 0, 0, 0, 1]	[0, 0, 0, 0, 0, 0, 0, 0, 0, 0, 0, 0, 0, 0, 0, 0, 0, 0, 0, 0, 0, 0, 0, 0, 0, 0, 0, 0, 0, 0, 0, 0, 0, 0, 0, 0, 0, 0, 0]	[0, 0, 0, 0, 0, 0, 0, 0, 0, 0, 0, 0, 0, 0, 0, 0, 0, 0, 0, 0, 0, 0, 0, 0, 0, 0, 0, 0, 0, 0, 0, 0, 0, 0, 0, 0, 0, 0, 0]	[0.00027099999715574086, 0.010869199992157519, 0.027326999988872558, 0.04460640001343563, 0.06114589999197051, 0.07840460000443272, 0.09473919999436475, 0.11088699998799711, 0.12731879999046214, 0.14438360001076944, 0.16088959999615327, 0.17795000001206063, 0.19428230001358315, 0.21089889999711886, 0.2275182000012137, 0.243958000006387, 0.26096220000181347, 0.277447000000393, 0.2943925999861676, 0.31073930001002736, 0.32740589999593794, 0.3442297999863513, 0.3607534999900963, 0.37741769998683594, 0.39423450001049787, 0.4109300000127405, 0.42738579999422655, 0.44422139998641796, 0.46073260001139715, 0.47740249999333173, 0.4940053999889642, 0.5106394999893382, 0.5273102000064682, 0.543908099993132, 0.5606425000005402, 0.5771306999959052, 0.5939097999944352, 0.6102809000003617, 0.6270878000068478]	218.0	296.0	0.7	8a
12	1	go_only	1	18	7	go	click	[8.0, 8.0, 8.0, 7.0, 7.0, 7.0, 7.0, 7.0, 7.0, 7.0, 7.0, 7.0, 7.0, 7.0, 7.0, 7.0, 7.0, 7.0, 10.0, 11.0, 16.0, 24.0, 32.0, 43.0, 50.0, 65.0, 81.0, 109.0, 117.0, 145.0, 164.0, 184.0, 203.0, 220.0, 236.0, 246.0, 248.0, 249.0, 249.0, 249.0, 249.0, 249.0, 248.0, 247.0, 246.0, 246.0, 246.0, 246.0, 246.0]	[-271.0, -271.0, -266.0, -260.0, -259.0, -258.0, -256.0, -255.0, -255.0, -255.0, -255.0, -255.0, -255.0, -255.0, -251.0, -227.0, -205.0, -175.0, -145.0, -117.0, -90.0, -65.0, -36.0, -11.0, 10.0, 36.0, 66.0, 106.0, 117.0, 149.0, 168.0, 187.0, 204.0, 224.0, 244.0, 258.0, 265.0, 269.0, 273.0, 280.0, 284.0, 285.0, 286.0, 287.0, 288.0, 289.0, 289.0, 289.0, 289.0]	[0, 0, 0, 0, 0, 0, 0, 0, 0, 0, 0, 0, 0, 0, 0, 0, 0, 0, 0, 0, 0, 0, 0, 0, 0, 0, 0, 0, 0, 0, 0, 0, 0, 0, 0, 0, 0, 0, 0, 0, 0, 0, 0, 0, 0, 0, 0, 0, 1]	[0, 0, 0, 0, 0, 0, 0, 0, 0, 0, 0, 0, 0, 0, 0, 0, 0, 0, 0, 0, 0, 0, 0, 0, 0, 0, 0, 0, 0, 0, 0, 0, 0, 0, 0, 0, 0, 0, 0, 0, 0, 0, 0, 0, 0, 0, 0, 0, 0]	[0, 0, 0, 0, 0, 0, 0, 0, 0, 0, 0, 0, 0, 0, 0, 0, 0, 0, 0, 0, 0, 0, 0, 0, 0, 0, 0, 0, 0, 0, 0, 0, 0, 0, 0, 0, 0, 0, 0, 0, 0, 0, 0, 0, 0, 0, 0, 0, 0]	[0.00019270001212134957, 0.011087599996244535, 0.027889299992239103, 0.04432960000121966, 0.061056200007442385, 0.07806679999339394, 0.09436950000235811, 0.1110264000017196, 0.12765889998991042, 0.14431810000678524, 0.16093690000707284, 0.17748340000980534, 0.19413260000874288, 0.21116169999004342, 0.22781909999321215, 0.2444291000138037, 0.2611856000148691, 0.27786590001778677, 0.29479050001828, 0.3111747000075411, 0.32748420001007617, 0.34463639999739826, 0.3608910999901127, 0.37766679999185726, 0.3944850999978371, 0.41127559999586083, 0.4278374999994412, 0.4445367000007536, 0.46199959999648854, 0.4779963000037242, 0.4943521000095643, 0.5111413999984507, 0.5275062000146136, 0.544339400017634, 0.5610571000142954, 0.5776703000010457, 0.594368799997028, 0.610985500010429, 0.627658400015207, 0.6442395999911241, 0.6611212000134401, 0.6781939000065904, 0.6942006000026595, 0.7111568000109401, 0.727658000017982, 0.7441057999967597, 0.7608448000100907, 0.7775361000094563, 0.7945857000013348]	246.0	289.0	0.5	8a
13	1	go_only	1	18	6	go	click	[53.0, 53.0, 57.0, 66.0, 79.0, 91.0, 105.0, 123.0, 138.0, 149.0, 158.0, 166.0, 179.0, 195.0, 210.0, 222.0, 233.0, 235.0, 237.0, 238.0, 238.0, 237.0, 235.0, 232.0, 230.0, 230.0, 230.0, 230.0, 230.0, 230.0]	[-234.0, -234.0, -211.0, -163.0, -108.0, -70.0, -31.0, 7.0, 36.0, 58.0, 76.0, 92.0, 115.0, 141.0, 170.0, 194.0, 222.0, 239.0, 257.0, 276.0, 292.0, 301.0, 305.0, 307.0, 309.0, 310.0, 311.0, 311.0, 311.0, 311.0]	[0, 0, 0, 0, 0, 0, 0, 0, 0, 0, 0, 0, 0, 0, 0, 0, 0, 0, 0, 0, 0, 0, 0, 0, 0, 0, 0, 0, 0, 1]	[0, 0, 0, 0, 0, 0, 0, 0, 0, 0, 0, 0, 0, 0, 0, 0, 0, 0, 0, 0, 0, 0, 0, 0, 0, 0, 0, 0, 0, 0]	[0, 0, 0, 0, 0, 0, 0, 0, 0, 0, 0, 0, 0, 0, 0, 0, 0, 0, 0, 0, 0, 0, 0, 0, 0, 0, 0, 0, 0, 0]	[0.00019730001804418862, 0.0102171000035014, 0.026757500017993152, 0.04326170001877472, 0.05982850000145845, 0.07681960001355037, 0.0932516000175383, 0.10978060000343248, 0.1266100000066217, 0.14324710000073537, 0.15990760002750903, 0.17657100001815706, 0.19316260001505725, 0.2099523000069894, 0.2266208000073675, 0.2434361000196077, 0.2600830000010319, 0.2765073000045959, 0.2932671000016853, 0.3097169000247959, 0.3264591000042856, 0.3432646000001114, 0.36000130002503283, 0.37660740001592785, 0.39353750000009313, 0.409906700020656, 0.42622520000441, 0.44290400002500974, 0.4595936000114307, 0.47698450001189485]	230.0	311.0	0.5	8a
14	1	go_only	1	18	4	go	click	[32.0, 32.0, 32.0, 31.0, 31.0, 31.0, 35.0, 44.0, 54.0, 66.0, 74.0, 83.0, 95.0, 108.0, 120.0, 131.0, 140.0, 152.0, 163.0, 169.0, 169.0, 169.0, 169.0, 169.0, 169.0, 169.0, 169.0, 170.0, 170.0, 170.0, 170.0]	[-284.0, -270.0, -252.0, -210.0, -166.0, -105.0, -37.0, 43.0, 81.0, 114.0, 143.0, 170.0, 201.0, 230.0, 252.0, 272.0, 291.0, 315.0, 335.0, 343.0, 344.0, 344.0, 344.0, 344.0, 344.0, 344.0, 340.0, 339.0, 339.0, 338.0, 338.0]	[0, 0, 0, 0, 0, 0, 0, 0, 0, 0, 0, 0, 0, 0, 0, 0, 0, 0, 0, 0, 0, 0, 0, 0, 0, 0, 0, 0, 0, 0, 1]	[0, 0, 0, 0, 0, 0, 0, 0, 0, 0, 0, 0, 0, 0, 0, 0, 0, 0, 0, 0, 0, 0, 0, 0, 0, 0, 0, 0, 0, 0, 0]	[0, 0, 0, 0, 0, 0, 0, 0, 0, 0, 0, 0, 0, 0, 0, 0, 0, 0, 0, 0, 0, 0, 0, 0, 0, 0, 0, 0, 0, 0, 0]	[7.459998596459627e-05, 0.012181099998997524, 0.02882589999353513, 0.04527040000539273, 0.06203969998750836, 0.07880540000041947, 0.0954251000075601, 0.1120523999852594, 0.12889900000300258, 0.1454270000103861, 0.16217060000053607, 0.17906920000677928, 0.19536959999823011, 0.21210860001156107, 0.2286720999982208, 0.24534239998320118, 0.26204850000794977, 0.2789129999873694, 0.2955311000114307, 0.31216000000131316, 0.3287795000069309, 0.3453653999895323, 0.3619769999932032, 0.3785994999925606, 0.39523659998667426, 0.4118898999877274, 0.42868429998634383, 0.44517910000286065, 0.4619972000073176, 0.47864250000566244, 0.49548589999903925]	170.0	338.0	0.6	8a
15	1	go_only	1	18	8	go	click	[10.0, 10.0, 10.0, 10.0, 10.0, 10.0, 13.0, 19.0, 26.0, 28.0, 32.0, 34.0, 41.0, 56.0, 75.0, 81.0, 88.0, 102.0, 109.0, 117.0, 125.0, 129.0, 134.0, 138.0, 139.0, 144.0, 146.0, 152.0, 155.0, 161.0, 163.0, 164.0, 165.0, 165.0, 165.0, 165.0, 168.0, 170.0, 173.0, 175.0, 176.0, 176.0, 176.0, 176.0, 176.0, 176.0, 176.0, 176.0]	[-256.0, -256.0, -236.0, -198.0, -165.0, -137.0, -96.0, -73.0, -56.0, -48.0, -40.0, -33.0, -20.0, 0.0, 31.0, 40.0, 61.0, 95.0, 124.0, 153.0, 184.0, 204.0, 221.0, 240.0, 261.0, 278.0, 291.0, 304.0, 309.0, 317.0, 319.0, 319.0, 319.0, 319.0, 319.0, 319.0, 319.0, 316.0, 314.0, 313.0, 313.0, 313.0, 313.0, 313.0, 313.0, 313.0, 313.0, 313.0]	[0, 0, 0, 0, 0, 0, 0, 0, 0, 0, 0, 0, 0, 0, 0, 0, 0, 0, 0, 0, 0, 0, 0, 0, 0, 0, 0, 0, 0, 0, 0, 0, 0, 0, 0, 0, 0, 0, 0, 0, 0, 0, 0, 0, 0, 0, 0, 1]	[0, 0, 0, 0, 0, 0, 0, 0, 0, 0, 0, 0, 0, 0, 0, 0, 0, 0, 0, 0, 0, 0, 0, 0, 0, 0, 0, 0, 0, 0, 0, 0, 0, 0, 0, 0, 0, 0, 0, 0, 0, 0, 0, 0, 0, 0, 0, 0]	[0, 0, 0, 0, 0, 0, 0, 0, 0, 0, 0, 0, 0, 0, 0, 0, 0, 0, 0, 0, 0, 0, 0, 0, 0, 0, 0, 0, 0, 0, 0, 0, 0, 0, 0, 0, 0, 0, 0, 0, 0, 0, 0, 0, 0, 0, 0, 0]	[0.00022759998682886362, 0.011059299984481186, 0.027609999990090728, 0.04420549998758361, 0.0608862999943085, 0.0775683999818284, 0.0942427999980282, 0.1108615999983158, 0.12750179998693056, 0.14420479998807423, 0.16095109999878332, 0.17947439997806214, 0.1940599999797996, 0.21111499998369254, 0.22740829997928813, 0.24418939999304712, 0.26072589997784235, 0.27791559998877347, 0.29461389998323284, 0.3109548999927938, 0.32742409998900257, 0.3441593999741599, 0.3607202999992296, 0.3774715999898035, 0.3943120999902021, 0.4107190999784507, 0.42751849998603575, 0.4442358999804128, 0.4610295999736991, 0.4774819999875035, 0.49387529998784885, 0.5106955999799538, 0.5271358999889344, 0.5438630999997258, 0.5604785999748856, 0.5773803999763913, 0.5939016999909654, 0.6109363999858033, 0.6273478999792133, 0.6440439999860246, 0.6606335999967996, 0.6771064999920782, 0.6939356999937445, 0.7104856999940239, 0.7271803999901749, 0.743925799994031, 0.7604823999863584, 0.7774761999899056]	176.0	313.0	0.5	8a
16	1	go_only	1	18	6	go	click	[-9.0, -5.0, 1.0, 22.0, 31.0, 42.0, 50.0, 56.0, 72.0, 81.0, 88.0, 100.0, 112.0, 119.0, 119.0, 120.0, 120.0, 120.0, 125.0, 156.0, 180.0, 196.0, 203.0, 204.0, 204.0, 205.0, 205.0, 205.0, 205.0, 205.0, 205.0, 204.0, 202.0, 196.0, 185.0, 175.0, 168.0, 166.0, 165.0, 165.0, 165.0, 164.0, 164.0, 164.0, 164.0, 164.0]	[-294.0, -268.0, -233.0, -163.0, -109.0, -68.0, -34.0, -5.0, 35.0, 53.0, 67.0, 85.0, 101.0, 110.0, 110.0, 110.0, 110.0, 110.0, 116.0, 141.0, 164.0, 184.0, 196.0, 204.0, 207.0, 211.0, 216.0, 219.0, 222.0, 224.0, 225.0, 228.0, 232.0, 240.0, 253.0, 269.0, 281.0, 289.0, 294.0, 294.0, 295.0, 295.0, 295.0, 295.0, 295.0, 295.0]	[0, 0, 0, 0, 0, 0, 0, 0, 0, 0, 0, 0, 0, 0, 0, 0, 0, 0, 0, 0, 0, 0, 0, 0, 0, 0, 0, 0, 0, 0, 0, 0, 0, 0, 0, 0, 0, 0, 0, 0, 0, 0, 0, 0, 0, 1]	[0, 0, 0, 0, 0, 0, 0, 0, 0, 0, 0, 0, 0, 0, 0, 0, 0, 0, 0, 0, 0, 0, 0, 0, 0, 0, 0, 0, 0, 0, 0, 0, 0, 0, 0, 0, 0, 0, 0, 0, 0, 0, 0, 0, 0, 0]	[0, 0, 0, 0, 0, 0, 0, 0, 0, 0, 0, 0, 0, 0, 0, 0, 0, 0, 0, 0, 0, 0, 0, 0, 0, 0, 0, 0, 0, 0, 0, 0, 0, 0, 0, 0, 0, 0, 0, 0, 0, 0, 0, 0, 0, 0]	[9.539999882690609e-05, 0.010856500011868775, 0.027479000011226162, 0.04418130000703968, 0.06093350000446662, 0.07801170001039281, 0.0943087000050582, 0.11104150000028312, 0.12761630001477897, 0.14513059999444522, 0.1610907000140287, 0.17766109999502078, 0.19432949999463744, 0.2106731999956537, 0.22759960000985302, 0.24411210001562722, 0.26070429998799227, 0.27761310001369566, 0.2945487000106368, 0.3108914000040386, 0.3275120999896899, 0.34470049999072216, 0.36144680000143126, 0.37784390000160784, 0.3942330999998376, 0.410809099994367, 0.42761220000102185, 0.44424149999395013, 0.4609074000036344, 0.47778200000175275, 0.4942023000039626, 0.5111938999907579, 0.5276638999930583, 0.5446471000032034, 0.5611117999942508, 0.5774842000100762, 0.5941559000057168, 0.6108498999965377, 0.6272327000042424, 0.6440985999943223, 0.6607871000014711, 0.6773127999913413, 0.6938430000154767, 0.7106051000009757, 0.7272480000101496, 0.7438695000018924]	164.0	295.0	0.9	8a
17	1	go_only	1	18	2	go	click	[-43.0, -43.0, -51.0, -54.0, -56.0, -54.0, -45.0, -33.0, -18.0, 7.0, 40.0, 77.0, 111.0, 156.0, 178.0, 193.0, 206.0, 216.0, 221.0, 222.0, 223.0, 224.0, 226.0, 226.0, 226.0, 226.0, 226.0, 226.0, 226.0, 224.0, 224.0, 224.0, 224.0, 224.0]	[-263.0, -263.0, -232.0, -198.0, -158.0, -116.0, -76.0, -39.0, 0.0, 44.0, 87.0, 128.0, 159.0, 198.0, 217.0, 232.0, 245.0, 256.0, 260.0, 262.0, 263.0, 265.0, 266.0, 268.0, 270.0, 272.0, 273.0, 279.0, 284.0, 288.0, 289.0, 289.0, 289.0, 289.0]	[0, 0, 0, 0, 0, 0, 0, 0, 0, 0, 0, 0, 0, 0, 0, 0, 0, 0, 0, 0, 0, 0, 0, 0, 0, 0, 0, 0, 0, 0, 0, 0, 0, 1]	[0, 0, 0, 0, 0, 0, 0, 0, 0, 0, 0, 0, 0, 0, 0, 0, 0, 0, 0, 0, 0, 0, 0, 0, 0, 0, 0, 0, 0, 0, 0, 0, 0, 0]	[0, 0, 0, 0, 0, 0, 0, 0, 0, 0, 0, 0, 0, 0, 0, 0, 0, 0, 0, 0, 0, 0, 0, 0, 0, 0, 0, 0, 0, 0, 0, 0, 0, 0]	[0.00018350000027567148, 0.010164999985136092, 0.027206099999602884, 0.043346699996618554, 0.06043139999383129, 0.07698939999681897, 0.09326819999841973, 0.11009939998621121, 0.12697749998187646, 0.14338559997850098, 0.16020169999683276, 0.1767260000051465, 0.19343929999740794, 0.21019719998002984, 0.22740929998690262, 0.2434083999833092, 0.26005699997767806, 0.27681250000023283, 0.2933828999812249, 0.3100739999790676, 0.3267959999793675, 0.34329419999266975, 0.3600134000007529, 0.3766573999891989, 0.39344379998510703, 0.40993639998487197, 0.42661019999650307, 0.4433818999968935, 0.4606865999812726, 0.4767392999783624, 0.4929783999978099, 0.510022200003732, 0.5264181999955326, 0.5433675999811385]	224.0	289.0	0.8	8a
18	1	go_only	1	18	4	go	click	[-16.0, -16.0, -33.0, -45.0, -44.0, -13.0, 34.0, 84.0, 120.0, 149.0, 201.0, 231.0, 255.0, 278.0, 291.0, 294.0, 294.0, 294.0, 296.0, 300.0, 303.0, 299.0, 286.0, 264.0, 243.0, 228.0, 224.0, 223.0, 223.0, 223.0, 223.0, 223.0, 223.0, 223.0, 223.0, 223.0]	[-265.0, -265.0, -199.0, -114.0, -19.0, 106.0, 222.0, 314.0, 367.0, 400.0, 442.0, 460.0, 473.0, 481.0, 485.0, 486.0, 486.0, 486.0, 485.0, 478.0, 465.0, 426.0, 393.0, 359.0, 333.0, 319.0, 314.0, 313.0, 313.0, 313.0, 313.0, 313.0, 313.0, 313.0, 313.0, 313.0]	[0, 0, 0, 0, 0, 0, 0, 0, 0, 0, 0, 0, 0, 0, 0, 0, 0, 0, 0, 0, 0, 0, 0, 0, 0, 0, 0, 0, 0, 0, 0, 0, 0, 0, 0, 1]	[0, 0, 0, 0, 0, 0, 0, 0, 0, 0, 0, 0, 0, 0, 0, 0, 0, 0, 0, 0, 0, 0, 0, 0, 0, 0, 0, 0, 0, 0, 0, 0, 0, 0, 0, 0]	[0, 0, 0, 0, 0, 0, 0, 0, 0, 0, 0, 0, 0, 0, 0, 0, 0, 0, 0, 0, 0, 0, 0, 0, 0, 0, 0, 0, 0, 0, 0, 0, 0, 0, 0, 0]	[0.00021159998141229153, 0.011305099993478507, 0.02786899998318404, 0.04464370000641793, 0.061546399985672906, 0.07807039999170229, 0.09496289998060092, 0.11161530000390485, 0.12805100000696257, 0.14494440000271425, 0.16141450000577606, 0.17801000000326894, 0.1949531999998726, 0.21144230000209063, 0.2280869999958668, 0.2444973999809008, 0.2611744999885559, 0.27803009998751804, 0.29470519997994415, 0.31138619998819195, 0.32831739998073317, 0.34467200000653975, 0.36151560000143945, 0.37841380000463687, 0.39482469999347813, 0.4113824999949429, 0.42849729998852126, 0.44463029998587444, 0.46125609998125583, 0.4779580000031274, 0.4946672999940347, 0.5112029000010807, 0.5279802999866661, 0.5447316000063438, 0.5611649999918882, 0.5781089999945834]	223.0	313.0	0.8	8a
19	2	go_nogo_prac	1	18	6	go	click	[-62.0, -62.0, -67.0, -72.0, -74.0, -76.0, -76.0, -72.0, -65.0, -53.0, -38.0, -23.0, -12.0, -3.0, 3.0, 7.0, 15.0, 27.0, 35.0, 41.0, 44.0, 44.0, 44.0, 44.0, 44.0, 44.0, 44.0, 45.0, 50.0, 56.0, 65.0, 78.0, 85.0, 94.0, 102.0, 111.0, 120.0, 125.0, 128.0, 132.0, 135.0, 144.0, 158.0, 175.0, 190.0, 198.0, 199.0, 199.0, 199.0, 199.0, 200.0]	[-278.0, -278.0, -260.0, -243.0, -228.0, -212.0, -193.0, -167.0, -132.0, -91.0, -52.0, -18.0, 5.0, 24.0, 35.0, 44.0, 54.0, 70.0, 82.0, 91.0, 94.0, 95.0, 95.0, 95.0, 95.0, 95.0, 95.0, 97.0, 101.0, 108.0, 119.0, 130.0, 139.0, 149.0, 161.0, 174.0, 192.0, 201.0, 209.0, 217.0, 226.0, 240.0, 262.0, 285.0, 301.0, 309.0, 310.0, 310.0, 310.0, 310.0, 310.0]	[0, 0, 0, 0, 0, 0, 0, 0, 0, 0, 0, 0, 0, 0, 0, 0, 0, 0, 0, 0, 0, 0, 0, 0, 0, 0, 0, 0, 0, 0, 0, 0, 0, 0, 0, 0, 0, 0, 0, 0, 0, 0, 0, 0, 0, 0, 0, 0, 0, 0, 1]	[0, 0, 0, 0, 0, 0, 0, 0, 0, 0, 0, 0, 0, 0, 0, 0, 0, 0, 0, 0, 0, 0, 0, 0, 0, 0, 0, 0, 0, 0, 0, 0, 0, 0, 0, 0, 0, 0, 0, 0, 0, 0, 0, 0, 0, 0, 0, 0, 0, 0, 0]	[0, 0, 0, 0, 0, 0, 0, 0, 0, 0, 0, 0, 0, 0, 0, 0, 0, 0, 0, 0, 0, 0, 0, 0, 0, 0, 0, 0, 0, 0, 0, 0, 0, 0, 0, 0, 0, 0, 0, 0, 0, 0, 0, 0, 0, 0, 0, 0, 0, 0, 0]	[0.0002164000179618597, 0.011359900003299117, 0.027978900005109608, 0.044447300024330616, 0.0611695000261534, 0.07771510002203286, 0.09439969999948516, 0.11105920001864433, 0.12779009999940172, 0.14433660000213422, 0.16104480001376942, 0.17768070002784953, 0.195232100028079, 0.2109696000115946, 0.2281943000270985, 0.24457780001102947, 0.2608626000001095, 0.27752780000446364, 0.29435920002288185, 0.31073000002652407, 0.3276489000127185, 0.3442161000275519, 0.36098550001042895, 0.37773080001352355, 0.3943689000152517, 0.41101650000200607, 0.42782630000147037, 0.4442001999996137, 0.46101130000897683, 0.47736730001633987, 0.49427660001674667, 0.5109446000133175, 0.5274386000237428, 0.5441301000246312, 0.5610527000098955, 0.5776968999998644, 0.595190400024876, 0.6108749000122771, 0.6277372000040486, 0.6448043000127655, 0.6611690000281669, 0.6779098000261001, 0.6941874000185635, 0.7109746000205632, 0.7278817000042181, 0.7443795000144746, 0.7606218000000808, 0.7773151000146754, 0.7944154000142589, 0.8108917000063229, 0.8276553000032436]	200.0	310.0	0.5	8a
20	2	go_nogo_prac	1	18	9	nogo	none	[-4.0, -4.0, -6.0, -8.0, -8.0, -6.0, -3.0, 0.0, 2.0, 6.0, 14.0, 25.0, 48.0, 70.0, 109.0, 135.0, 157.0, 172.0, 186.0, 194.0, 197.0, 198.0, 198.0, 198.0, 198.0, 198.0, 198.0, 198.0, 198.0, 198.0, 198.0, 198.0, 198.0, 198.0, 198.0, 198.0, 198.0, 198.0, 198.0, 198.0, 198.0, 198.0, 198.0, 198.0, 198.0, 198.0, 198.0, 198.0, 198.0, 198.0, 198.0, 198.0, 198.0, 198.0, 198.0, 198.0, 198.0, 198.0, 198.0, 198.0, 198.0, 198.0, 198.0, 198.0, 198.0, 198.0]	[-236.0, -236.0, -206.0, -144.0, -112.0, -92.0, -75.0, -60.0, -49.0, -41.0, -29.0, -16.0, 1.0, 17.0, 46.0, 68.0, 88.0, 114.0, 140.0, 165.0, 187.0, 200.0, 206.0, 207.0, 207.0, 207.0, 207.0, 207.0, 207.0, 207.0, 207.0, 207.0, 207.0, 207.0, 207.0, 207.0, 207.0, 207.0, 207.0, 207.0, 207.0, 207.0, 207.0, 207.0, 207.0, 207.0, 207.0, 207.0, 207.0, 207.0, 207.0, 207.0, 207.0, 207.0, 207.0, 207.0, 207.0, 207.0, 207.0, 207.0, 207.0, 207.0, 207.0, 207.0, 207.0, 207.0]	[0, 0, 0, 0, 0, 0, 0, 0, 0, 0, 0, 0, 0, 0, 0, 0, 0, 0, 0, 0, 0, 0, 0, 0, 0, 0, 0, 0, 0, 0, 0, 0, 0, 0, 0, 0, 0, 0, 0, 0, 0, 0, 0, 0, 0, 0, 0, 0, 0, 0, 0, 0, 0, 0, 0, 0, 0, 0, 0, 0, 0, 0, 0, 0, 0, 0]	[0, 0, 0, 0, 0, 0, 0, 0, 0, 0, 0, 0, 0, 0, 0, 0, 0, 0, 0, 0, 0, 0, 0, 0, 0, 0, 0, 0, 0, 0, 0, 0, 0, 0, 0, 0, 0, 0, 0, 0, 0, 0, 0, 0, 0, 0, 0, 0, 0, 0, 0, 0, 0, 0, 0, 0, 0, 0, 0, 0, 0, 0, 0, 0, 0, 0]	[0, 0, 0, 0, 0, 0, 0, 0, 0, 0, 0, 0, 0, 0, 0, 0, 0, 0, 0, 0, 0, 0, 0, 0, 0, 0, 0, 0, 0, 0, 0, 0, 0, 0, 0, 0, 0, 0, 0, 0, 0, 0, 0, 0, 0, 0, 0, 0, 0, 0, 0, 0, 0, 0, 0, 0, 0, 0, 0, 0, 0, 0, 0, 0, 0, 0]	[0.00020790001144632697, 0.00908970000455156, 0.026048700005048886, 0.042965800006641075, 0.05914989998564124, 0.07582470000488684, 0.09254270000383258, 0.1090738000057172, 0.12573490000795573, 0.14244850000250153, 0.15915859999950044, 0.17572639998979867, 0.19248669999069534, 0.2091278999869246, 0.2257095999957528, 0.24287590000312775, 0.25949269998818636, 0.2755147999851033, 0.29231849999632686, 0.3090154000092298, 0.3257179000065662, 0.34240150000550784, 0.3590603999909945, 0.375565700000152, 0.3921979999868199, 0.40910089999670163, 0.42551370000001043, 0.4422696999972686, 0.4589694000023883, 0.47582469999906607, 0.4923158999881707, 0.5091921999992337, 0.5256204000033904, 0.5424606000015046, 0.5588205000094604, 0.5757000999874435, 0.5923387999937404, 0.608940200007055, 0.6255734000005759, 0.6423713999975007, 0.6589245999930426, 0.6755355999921449, 0.692249499988975, 0.7088901000097394, 0.7255237000063062, 0.7423295000044163, 0.7588042999850586, 0.77571019998868, 0.7923200000077486, 0.8090008999861311, 0.8255979999958072, 0.8420424000069033, 0.8587852999917232, 0.8754381999897305, 0.8922828999930061, 0.9089385999832302, 0.925660799985053, 0.9421725999854971, 0.9596777000115253, 0.9754872999910731, 0.9921642999979667, 1.0087911000009626, 1.025484099984169, 1.0424414000008255, 1.0588514999835752, 1.075511800008826]	n/a	n/a	0.8	8a
21	2	go_nogo_prac	1	18	9	nogo	none	[-27.0, -27.0, -29.0, -29.0, -19.0, 8.0, 37.0, 65.0, 93.0, 124.0, 150.0, 166.0, 174.0, 179.0, 184.0, 198.0, 225.0, 233.0, 241.0, 243.0, 244.0, 244.0, 244.0, 244.0, 244.0, 244.0, 244.0, 244.0, 244.0, 244.0, 244.0, 244.0, 244.0, 244.0, 244.0, 244.0, 244.0, 244.0, 244.0, 244.0, 244.0, 244.0, 244.0, 244.0, 244.0, 244.0, 244.0, 244.0, 244.0, 244.0, 244.0, 244.0, 244.0, 244.0, 244.0, 244.0, 244.0, 244.0, 244.0, 244.0, 244.0, 244.0, 244.0]	[-229.0, -229.0, -209.0, -169.0, -144.0, -107.0, -77.0, -59.0, -41.0, -25.0, -9.0, 0.0, 6.0, 8.0, 12.0, 24.0, 55.0, 71.0, 88.0, 98.0, 99.0, 99.0, 99.0, 99.0, 99.0, 99.0, 99.0, 99.0, 99.0, 99.0, 99.0, 99.0, 99.0, 99.0, 99.0, 99.0, 99.0, 99.0, 99.0, 99.0, 99.0, 99.0, 99.0, 99.0, 99.0, 100.0, 100.0, 100.0, 100.0, 100.0, 100.0, 100.0, 100.0, 100.0, 100.0, 100.0, 100.0, 100.0, 100.0, 100.0, 100.0, 100.0, 100.0]	[0, 0, 0, 0, 0, 0, 0, 0, 0, 0, 0, 0, 0, 0, 0, 0, 0, 0, 0, 0, 0, 0, 0, 0, 0, 0, 0, 0, 0, 0, 0, 0, 0, 0, 0, 0, 0, 0, 0, 0, 0, 0, 0, 0, 0, 0, 0, 0, 0, 0, 0, 0, 0, 0, 0, 0, 0, 0, 0, 0, 0, 0, 0]	[0, 0, 0, 0, 0, 0, 0, 0, 0, 0, 0, 0, 0, 0, 0, 0, 0, 0, 0, 0, 0, 0, 0, 0, 0, 0, 0, 0, 0, 0, 0, 0, 0, 0, 0, 0, 0, 0, 0, 0, 0, 0, 0, 0, 0, 0, 0, 0, 0, 0, 0, 0, 0, 0, 0, 0, 0, 0, 0, 0, 0, 0, 0]	[0, 0, 0, 0, 0, 0, 0, 0, 0, 0, 0, 0, 0, 0, 0, 0, 0, 0, 0, 0, 0, 0, 0, 0, 0, 0, 0, 0, 0, 0, 0, 0, 0, 0, 0, 0, 0, 0, 0, 0, 0, 0, 0, 0, 0, 0, 0, 0, 0, 0, 0, 0, 0, 0, 0, 0, 0, 0, 0, 0, 0, 0, 0]	[0.00019610000890679657, 0.012111599993659183, 0.028962800017325208, 0.0458204000024125, 0.06224470000597648, 0.07925909999175929, 0.09561519999988377, 0.1123782999929972, 0.1289214999997057, 0.14555320001090877, 0.16231040001730435, 0.17906540000694804, 0.19572250000783242, 0.2123503999901004, 0.22895429999334738, 0.24566270000650547, 0.26249200000893325, 0.2788592000142671, 0.2955789999978151, 0.3120737000135705, 0.3289822000078857, 0.3453587999974843, 0.3620496999938041, 0.3787118000036571, 0.39523630001349375, 0.4119705999910366, 0.4288068000169005, 0.4451882000139449, 0.461803999991389, 0.47868349999771453, 0.4953187000064645, 0.5119061000004876, 0.5288014000107069, 0.5451901000051294, 0.5620814000139944, 0.5785467000096105, 0.5952070000057574, 0.6118342000117991, 0.6285177000099793, 0.6453927000111435, 0.6619146000011824, 0.6786294000048656, 0.6957518999988679, 0.7121286000183318, 0.7292262999981176, 0.7454840000136755, 0.762133400014136, 0.7792388999951072, 0.7951824000047054, 0.8118653999990784, 0.8285780000151135, 0.8453039000160061, 0.8618686000118032, 0.8786379999946803, 0.8957110999908764, 0.9119928000145592, 0.9284246000170242, 0.9453213000087999, 0.9620390000054613, 0.9784713000117335, 0.9954890999943018, 1.0121521000110079, 1.0286217000102624]	n/a	n/a	0.8	8a
22	2	go_nogo_prac	1	18	1	nogo	none	[13.0, 13.0, 19.0, 45.0, 56.0, 71.0, 83.0, 98.0, 111.0, 125.0, 135.0, 141.0, 146.0, 149.0, 151.0, 155.0, 162.0, 169.0, 180.0, 188.0, 197.0, 202.0, 206.0, 210.0, 211.0, 211.0, 211.0, 211.0, 211.0, 211.0, 211.0, 211.0, 211.0, 211.0, 211.0, 211.0, 211.0, 211.0, 211.0, 211.0, 211.0, 211.0, 211.0, 211.0, 211.0, 211.0, 211.0, 211.0, 211.0, 211.0, 211.0, 211.0, 211.0, 211.0, 211.0, 211.0, 211.0, 211.0, 211.0, 211.0, 211.0, 211.0, 211.0, 211.0, 211.0, 211.0, 211.0, 211.0, 211.0, 211.0, 211.0, 211.0, 211.0]	[-266.0, -266.0, -238.0, -158.0, -129.0, -103.0, -82.0, -56.0, -36.0, -16.0, -2.0, 7.0, 14.0, 19.0, 22.0, 28.0, 40.0, 59.0, 85.0, 115.0, 150.0, 188.0, 222.0, 253.0, 273.0, 289.0, 306.0, 326.0, 337.0, 341.0, 341.0, 341.0, 341.0, 341.0, 341.0, 341.0, 341.0, 341.0, 341.0, 341.0, 341.0, 341.0, 341.0, 341.0, 341.0, 341.0, 341.0, 341.0, 341.0, 341.0, 341.0, 341.0, 341.0, 341.0, 341.0, 341.0, 341.0, 341.0, 341.0, 341.0, 341.0, 341.0, 341.0, 341.0, 341.0, 341.0, 341.0, 341.0, 341.0, 341.0, 341.0, 341.0, 341.0]	[0, 0, 0, 0, 0, 0, 0, 0, 0, 0, 0, 0, 0, 0, 0, 0, 0, 0, 0, 0, 0, 0, 0, 0, 0, 0, 0, 0, 0, 0, 0, 0, 0, 0, 0, 0, 0, 0, 0, 0, 0, 0, 0, 0, 0, 0, 0, 0, 0, 0, 0, 0, 0, 0, 0, 0, 0, 0, 0, 0, 0, 0, 0, 0, 0, 0, 0, 0, 0, 0, 0, 0, 0]	[0, 0, 0, 0, 0, 0, 0, 0, 0, 0, 0, 0, 0, 0, 0, 0, 0, 0, 0, 0, 0, 0, 0, 0, 0, 0, 0, 0, 0, 0, 0, 0, 0, 0, 0, 0, 0, 0, 0, 0, 0, 0, 0, 0, 0, 0, 0, 0, 0, 0, 0, 0, 0, 0, 0, 0, 0, 0, 0, 0, 0, 0, 0, 0, 0, 0, 0, 0, 0, 0, 0, 0, 0]	[0, 0, 0, 0, 0, 0, 0, 0, 0, 0, 0, 0, 0, 0, 0, 0, 0, 0, 0, 0, 0, 0, 0, 0, 0, 0, 0, 0, 0, 0, 0, 0, 0, 0, 0, 0, 0, 0, 0, 0, 0, 0, 0, 0, 0, 0, 0, 0, 0, 0, 0, 0, 0, 0, 0, 0, 0, 0, 0, 0, 0, 0, 0, 0, 0, 0, 0, 0, 0, 0, 0, 0, 0]	[0.00021860000560991466, 0.010106200003065169, 0.026752600009785965, 0.04342450000694953, 0.06050730001879856, 0.07680240002810024, 0.09316440002294257, 0.10984280001139268, 0.1265752000035718, 0.14330840000184253, 0.1600023000210058, 0.17664580000564456, 0.1933597000024747, 0.21005730002070777, 0.22673439999925904, 0.24376850001863204, 0.2599210000189487, 0.2764476000156719, 0.29321030000573955, 0.3097822000272572, 0.32650500000454485, 0.3433130000194069, 0.35980620002374053, 0.37657120000221767, 0.3932066000124905, 0.4098521000123583, 0.4264708000118844, 0.44301240000640973, 0.46042170000146143, 0.47646920001716353, 0.4931351000268478, 0.5095531000115443, 0.5263720000220928, 0.5430080000078306, 0.5597653000149876, 0.5762671000265982, 0.5930384000239428, 0.6098992000042927, 0.6262828000180889, 0.6430470000195783, 0.6595764000085182, 0.6763647000188939, 0.6930289000156336, 0.7095256000175141, 0.7261396000103559, 0.7429006000165828, 0.7596026000101119, 0.7760726000124123, 0.7930911000003107, 0.8095324000169057, 0.826241900009336, 0.8429404000053182, 0.8595633000077214, 0.8762827000173274, 0.8929181000276003, 0.9096827000030316, 0.926222800015239, 0.943036500015296, 0.9598863999999594, 0.9762009000114631, 0.9932553000107873, 1.009631300024921, 1.0261907000094652, 1.0428361000085715, 1.059585100010736, 1.076135700015584, 1.0927331000275444, 1.1098035000031814, 1.1261924999998882, 1.1429560000251513, 1.159494600025937, 1.1762282000272535, 1.1927866000041831]	n/a	n/a	0.7	8a
23	2	go_nogo_prac	1	18	4	go	click	[37.0, 46.0, 54.0, 70.0, 78.0, 84.0, 89.0, 91.0, 93.0, 95.0, 97.0, 98.0, 99.0, 101.0, 102.0, 102.0, 102.0, 102.0, 102.0, 102.0, 102.0, 102.0, 102.0, 102.0, 102.0, 102.0, 102.0, 102.0, 103.0, 110.0, 120.0, 135.0, 152.0, 175.0, 182.0, 189.0, 192.0, 194.0, 195.0, 196.0, 196.0, 196.0, 196.0, 196.0, 196.0, 196.0, 196.0]	[-299.0, -277.0, -252.0, -199.0, -160.0, -134.0, -116.0, -109.0, -104.0, -100.0, -94.0, -92.0, -88.0, -83.0, -80.0, -79.0, -79.0, -79.0, -79.0, -79.0, -79.0, -79.0, -79.0, -79.0, -79.0, -79.0, -79.0, -79.0, -74.0, -56.0, -27.0, 18.0, 69.0, 158.0, 208.0, 251.0, 285.0, 306.0, 315.0, 320.0, 320.0, 320.0, 320.0, 320.0, 320.0, 320.0, 320.0]	[0, 0, 0, 0, 0, 0, 0, 0, 0, 0, 0, 0, 0, 0, 0, 0, 0, 0, 0, 0, 0, 0, 0, 0, 0, 0, 0, 0, 0, 0, 0, 0, 0, 0, 0, 0, 0, 0, 0, 0, 0, 0, 0, 0, 0, 0, 1]	[0, 0, 0, 0, 0, 0, 0, 0, 0, 0, 0, 0, 0, 0, 0, 0, 0, 0, 0, 0, 0, 0, 0, 0, 0, 0, 0, 0, 0, 0, 0, 0, 0, 0, 0, 0, 0, 0, 0, 0, 0, 0, 0, 0, 0, 0, 0]	[0, 0, 0, 0, 0, 0, 0, 0, 0, 0, 0, 0, 0, 0, 0, 0, 0, 0, 0, 0, 0, 0, 0, 0, 0, 0, 0, 0, 0, 0, 0, 0, 0, 0, 0, 0, 0, 0, 0, 0, 0, 0, 0, 0, 0, 0, 0]	[0.00010730000212788582, 0.009893400012515485, 0.02633980000973679, 0.04305870001553558, 0.05983470001956448, 0.07639140001265332, 0.09314930002437904, 0.10980420000851154, 0.126678600005107, 0.14331579999998212, 0.15969380000024103, 0.17689940001582727, 0.19391180001548491, 0.2100362000055611, 0.226697600010084, 0.24315510000451468, 0.2598104000207968, 0.2763709000137169, 0.29297050001332536, 0.3098700000264216, 0.3264525000122376, 0.34307460000854917, 0.35982520002289675, 0.37635690000024624, 0.39301980001619086, 0.4096469000214711, 0.4264205000072252, 0.44320540002081543, 0.46020830000634305, 0.4764664000249468, 0.49309690002701245, 0.5098196000035387, 0.5264341000001878, 0.5433387000230141, 0.5600134000123944, 0.5769176000030711, 0.5941911000118125, 0.6096010000037495, 0.6260542000236455, 0.6428092000132892, 0.6593366000161041, 0.6760916000057478, 0.692960900021717, 0.7096465000067838, 0.726218100026017, 0.7430191000166815, 0.7596051000000443]	196.0	320.0	0.5	8a
24	2	go_nogo_prac	1	18	3	go	click	[30.0, 35.0, 39.0, 51.0, 70.0, 95.0, 121.0, 155.0, 179.0, 203.0, 208.0, 213.0, 218.0, 225.0, 229.0, 231.0, 231.0, 232.0, 232.0, 232.0, 232.0, 232.0, 232.0, 232.0, 232.0, 232.0, 232.0, 232.0]	[-236.0, -190.0, -147.0, -62.0, 19.0, 82.0, 133.0, 189.0, 219.0, 242.0, 249.0, 255.0, 261.0, 271.0, 279.0, 284.0, 287.0, 292.0, 300.0, 305.0, 308.0, 308.0, 309.0, 309.0, 309.0, 309.0, 309.0, 309.0]	[0, 0, 0, 0, 0, 0, 0, 0, 0, 0, 0, 0, 0, 0, 0, 0, 0, 0, 0, 0, 0, 0, 0, 0, 0, 0, 0, 1]	[0, 0, 0, 0, 0, 0, 0, 0, 0, 0, 0, 0, 0, 0, 0, 0, 0, 0, 0, 0, 0, 0, 0, 0, 0, 0, 0, 0]	[0, 0, 0, 0, 0, 0, 0, 0, 0, 0, 0, 0, 0, 0, 0, 0, 0, 0, 0, 0, 0, 0, 0, 0, 0, 0, 0, 0]	[8.399999933317304e-05, 0.010017899970989674, 0.02683629997773096, 0.04318769997917116, 0.06008819999988191, 0.07649689997197129, 0.09339999998337589, 0.10983799997484311, 0.1269929999834858, 0.14332219999050722, 0.16002639997168444, 0.17703819999587722, 0.19324859997141175, 0.20980559999588877, 0.22664219999569468, 0.24327459998312406, 0.2600901999976486, 0.2765781999914907, 0.2931277999887243, 0.30998989997897297, 0.3264191999915056, 0.3432260999979917, 0.35971629997948185, 0.376451599993743, 0.3930615999852307, 0.4098025999846868, 0.4264310999715235, 0.443526799994288]	232.0	309.0	1.0	8a
25	2	go_nogo_prac	1	18	6	go	click	[39.0, 39.0, 42.0, 50.0, 56.0, 59.0, 63.0, 65.0, 66.0, 67.0, 67.0, 70.0, 75.0, 81.0, 91.0, 100.0, 106.0, 107.0, 107.0, 107.0, 107.0, 109.0, 113.0, 119.0, 124.0, 133.0, 145.0, 154.0, 162.0, 168.0, 172.0, 174.0, 174.0, 175.0, 176.0, 178.0, 180.0, 181.0, 182.0, 183.0]	[-264.0, -264.0, -246.0, -194.0, -167.0, -148.0, -133.0, -123.0, -119.0, -117.0, -115.0, -110.0, -103.0, -96.0, -78.0, -63.0, -49.0, -48.0, -47.0, -47.0, -47.0, -43.0, -32.0, -7.0, 36.0, 106.0, 165.0, 205.0, 248.0, 267.0, 277.0, 283.0, 284.0, 285.0, 288.0, 292.0, 295.0, 295.0, 295.0, 296.0]	[0, 0, 0, 0, 0, 0, 0, 0, 0, 0, 0, 0, 0, 0, 0, 0, 0, 0, 0, 0, 0, 0, 0, 0, 0, 0, 0, 0, 0, 0, 0, 0, 0, 0, 0, 0, 0, 0, 0, 1]	[0, 0, 0, 0, 0, 0, 0, 0, 0, 0, 0, 0, 0, 0, 0, 0, 0, 0, 0, 0, 0, 0, 0, 0, 0, 0, 0, 0, 0, 0, 0, 0, 0, 0, 0, 0, 0, 0, 0, 0]	[0, 0, 0, 0, 0, 0, 0, 0, 0, 0, 0, 0, 0, 0, 0, 0, 0, 0, 0, 0, 0, 0, 0, 0, 0, 0, 0, 0, 0, 0, 0, 0, 0, 0, 0, 0, 0, 0, 0, 0]	[0.00019920000340789557, 0.009771399985766038, 0.02640820000669919, 0.04339760000584647, 0.05966299999272451, 0.07633239999995567, 0.09282419999362901, 0.1095490999869071, 0.12650340000982396, 0.14303050001035444, 0.15944729998591356, 0.17607650000718422, 0.19281400000909343, 0.20947979998891242, 0.22617639999953099, 0.24285010001040064, 0.2596929999999702, 0.27598370000487193, 0.29254550000769086, 0.30921639999723993, 0.32589330000337213, 0.3426141999952961, 0.3592503000108991, 0.37631180000607856, 0.3927529999928083, 0.4093439999851398, 0.42596960000810213, 0.4425542000099085, 0.4597164999868255, 0.4758492000109982, 0.4927103999943938, 0.5094103000010364, 0.5259365999954753, 0.5426714000059292, 0.5592502999934368, 0.575994399987394, 0.5928245999966748, 0.6093442999990657, 0.6260176000068896, 0.6424129999941215]	183.0	296.0	0.6	8a
26	2	go_nogo_prac	1	18	8	go	click	[-69.0, -74.0, -78.0, -74.0, -27.0, 24.0, 55.0, 81.0, 110.0, 125.0, 137.0, 149.0, 160.0, 172.0, 186.0, 198.0, 205.0, 209.0, 209.0, 209.0, 209.0, 209.0, 209.0, 211.0, 213.0, 213.0, 213.0]	[-286.0, -268.0, -245.0, -178.0, -69.0, 16.0, 61.0, 94.0, 127.0, 146.0, 164.0, 182.0, 200.0, 218.0, 238.0, 260.0, 277.0, 289.0, 292.0, 292.0, 294.0, 298.0, 307.0, 315.0, 319.0, 319.0, 319.0]	[0, 0, 0, 0, 0, 0, 0, 0, 0, 0, 0, 0, 0, 0, 0, 0, 0, 0, 0, 0, 0, 0, 0, 0, 0, 0, 1]	[0, 0, 0, 0, 0, 0, 0, 0, 0, 0, 0, 0, 0, 0, 0, 0, 0, 0, 0, 0, 0, 0, 0, 0, 0, 0, 0]	[0, 0, 0, 0, 0, 0, 0, 0, 0, 0, 0, 0, 0, 0, 0, 0, 0, 0, 0, 0, 0, 0, 0, 0, 0, 0, 0]	[9.960000170394778e-05, 0.010392399999545887, 0.02714759999071248, 0.04355760000180453, 0.06057429997599684, 0.07707400000072084, 0.09366179999778979, 0.11043729999801144, 0.1269756999972742, 0.1437478000007104, 0.1607642000017222, 0.17742389999330044, 0.19382359998417087, 0.2104364999977406, 0.22710979997646064, 0.24373149999883026, 0.2605302000010852, 0.27708719999645837, 0.2936623999848962, 0.3105740000028163, 0.327162599976873, 0.3442483999824617, 0.36055509999278, 0.3770236999844201, 0.39343080000253394, 0.41023509998922236, 0.42734919997747056]	213.0	320.0	0.7	8a
27	2	go_nogo_prac	1	18	2	go	click	[26.0, 26.0, 19.0, 8.0, 3.0, -3.0, -6.0, -6.0, -2.0, 9.0, 27.0, 49.0, 79.0, 110.0, 132.0, 147.0, 159.0, 182.0, 196.0, 201.0, 204.0, 206.0, 208.0, 208.0, 209.0, 209.0, 209.0, 209.0, 209.0, 209.0, 209.0, 209.0]	[-265.0, -265.0, -221.0, -151.0, -113.0, -78.0, -57.0, -37.0, -10.0, 21.0, 52.0, 86.0, 121.0, 163.0, 193.0, 213.0, 231.0, 261.0, 277.0, 287.0, 294.0, 296.0, 302.0, 306.0, 307.0, 307.0, 307.0, 307.0, 307.0, 307.0, 307.0, 307.0]	[0, 0, 0, 0, 0, 0, 0, 0, 0, 0, 0, 0, 0, 0, 0, 0, 0, 0, 0, 0, 0, 0, 0, 0, 0, 0, 0, 0, 0, 0, 0, 1]	[0, 0, 0, 0, 0, 0, 0, 0, 0, 0, 0, 0, 0, 0, 0, 0, 0, 0, 0, 0, 0, 0, 0, 0, 0, 0, 0, 0, 0, 0, 0, 0]	[0, 0, 0, 0, 0, 0, 0, 0, 0, 0, 0, 0, 0, 0, 0, 0, 0, 0, 0, 0, 0, 0, 0, 0, 0, 0, 0, 0, 0, 0, 0, 0]	[0.00024449999909847975, 0.011482100002467632, 0.028133600018918514, 0.044623900001170114, 0.0616411000082735, 0.07831710000755265, 0.09570960002020001, 0.11160950001794845, 0.1284295000077691, 0.14481990001513623, 0.1611910000210628, 0.17810700001427904, 0.1950323000201024, 0.21137800000724383, 0.22841720000724308, 0.2444627000077162, 0.2615464999980759, 0.2790013000194449, 0.2950732000172138, 0.3117563000123482, 0.3282275999954436, 0.3454034000169486, 0.3616883000067901, 0.3782671999942977, 0.39489910000702366, 0.4114543000177946, 0.4281257000111509, 0.4446057000022847, 0.4613771000003908, 0.4780458000022918, 0.49511180000263266, 0.5110330000170507]	209.0	307.0	0.6	8a
28	2	go_nogo_prac	1	18	2	go	click	[-83.0, -83.0, -109.0, -125.0, -132.0, -132.0, -130.0, -121.0, -102.0, -71.0, -23.0, 61.0, 103.0, 129.0, 143.0, 150.0, 152.0, 154.0, 159.0, 171.0, 187.0, 196.0, 196.0, 196.0, 196.0, 196.0]	[-180.0, -180.0, -79.0, -3.0, 39.0, 61.0, 78.0, 96.0, 116.0, 147.0, 187.0, 251.0, 279.0, 297.0, 307.0, 313.0, 315.0, 315.0, 318.0, 325.0, 332.0, 335.0, 336.0, 336.0, 336.0, 336.0]	[0, 0, 0, 0, 0, 0, 0, 0, 0, 0, 0, 0, 0, 0, 0, 0, 0, 0, 0, 0, 0, 0, 0, 0, 0, 1]	[0, 0, 0, 0, 0, 0, 0, 0, 0, 0, 0, 0, 0, 0, 0, 0, 0, 0, 0, 0, 0, 0, 0, 0, 0, 0]	[0, 0, 0, 0, 0, 0, 0, 0, 0, 0, 0, 0, 0, 0, 0, 0, 0, 0, 0, 0, 0, 0, 0, 0, 0, 0]	[0.00021009999909438193, 0.013015200005611405, 0.029293800005689263, 0.04567210000823252, 0.06277499999850988, 0.07913570001255721, 0.09588609999627806, 0.11267120001139119, 0.12931920000119135, 0.14611160001368262, 0.16318140001385473, 0.17941959999734536, 0.19604730000719428, 0.21283910001511686, 0.22928709999541752, 0.24639869999373332, 0.2625451000058092, 0.2792794000124559, 0.29606769999372773, 0.31249209999805316, 0.3291248000168707, 0.34586460000718944, 0.36266990000149235, 0.37916139999288134, 0.3959614000050351, 0.4127139000047464]	196.0	336.0	0.5	8a
29	2	go_nogo_prac	1	18	2	go	click	[53.0, 53.0, 57.0, 71.0, 78.0, 84.0, 93.0, 104.0, 120.0, 139.0, 153.0, 167.0, 178.0, 185.0, 195.0, 200.0, 202.0, 204.0, 204.0, 204.0, 206.0, 207.0, 207.0, 207.0, 204.0, 202.0, 201.0, 201.0, 201.0, 201.0]	[-255.0, -255.0, -216.0, -101.0, -62.0, -39.0, -20.0, 4.0, 31.0, 57.0, 77.0, 94.0, 107.0, 118.0, 135.0, 147.0, 158.0, 162.0, 165.0, 168.0, 184.0, 210.0, 234.0, 255.0, 275.0, 292.0, 302.0, 302.0, 302.0, 302.0]	[0, 0, 0, 0, 0, 0, 0, 0, 0, 0, 0, 0, 0, 0, 0, 0, 0, 0, 0, 0, 0, 0, 0, 0, 0, 0, 0, 0, 0, 1]	[0, 0, 0, 0, 0, 0, 0, 0, 0, 0, 0, 0, 0, 0, 0, 0, 0, 0, 0, 0, 0, 0, 0, 0, 0, 0, 0, 0, 0, 0]	[0, 0, 0, 0, 0, 0, 0, 0, 0, 0, 0, 0, 0, 0, 0, 0, 0, 0, 0, 0, 0, 0, 0, 0, 0, 0, 0, 0, 0, 0]	[0.0002589000214356929, 0.012038800021400675, 0.028523200016934425, 0.04525310001918115, 0.06219230001443066, 0.0786556999955792, 0.09538559999782592, 0.11212870001327246, 0.128582200006349, 0.14542169999913312, 0.16212660001474433, 0.17858930001966655, 0.1957993000105489, 0.21207110001705587, 0.22869650000939146, 0.2453539000125602, 0.26213580000330694, 0.2786287000053562, 0.29517530000885017, 0.3116605000104755, 0.32863460000953637, 0.3448458000202663, 0.3619157999928575, 0.37852620001649484, 0.39532159999362193, 0.4119676999980584, 0.4283867000194732, 0.4453508000005968, 0.46190150000620633, 0.478784100007033]	201.0	302.0	0.5	8a
30	2	go_nogo_prac	1	18	3	go	click	[-7.0, -7.0, -2.0, 12.0, 47.0, 71.0, 96.0, 127.0, 168.0, 218.0, 268.0, 305.0, 327.0, 338.0, 342.0, 342.0, 342.0, 342.0, 341.0, 336.0, 325.0, 310.0, 294.0, 275.0, 255.0, 238.0, 229.0, 223.0, 221.0, 221.0, 221.0, 221.0, 222.0, 222.0, 222.0, 222.0, 221.0, 221.0, 221.0]	[-259.0, -259.0, -217.0, -138.0, -23.0, 37.0, 94.0, 146.0, 197.0, 254.0, 302.0, 335.0, 357.0, 374.0, 388.0, 391.0, 393.0, 393.0, 393.0, 395.0, 398.0, 398.0, 398.0, 391.0, 384.0, 375.0, 369.0, 362.0, 358.0, 356.0, 355.0, 354.0, 351.0, 345.0, 336.0, 325.0, 320.0, 319.0, 319.0]	[0, 0, 0, 0, 0, 0, 0, 0, 0, 0, 0, 0, 0, 0, 0, 0, 0, 0, 0, 0, 0, 0, 0, 0, 0, 0, 0, 0, 0, 0, 0, 0, 0, 0, 0, 0, 0, 0, 1]	[0, 0, 0, 0, 0, 0, 0, 0, 0, 0, 0, 0, 0, 0, 0, 0, 0, 0, 0, 0, 0, 0, 0, 0, 0, 0, 0, 0, 0, 0, 0, 0, 0, 0, 0, 0, 0, 0, 0]	[0, 0, 0, 0, 0, 0, 0, 0, 0, 0, 0, 0, 0, 0, 0, 0, 0, 0, 0, 0, 0, 0, 0, 0, 0, 0, 0, 0, 0, 0, 0, 0, 0, 0, 0, 0, 0, 0, 0]	[0.00021649998961947858, 0.010970699979225174, 0.02758429999812506, 0.0442722000007052, 0.06091289999312721, 0.07838609997997992, 0.0942804999940563, 0.11091899999883026, 0.12758030000259168, 0.14429709999240004, 0.16123919998062775, 0.1777996000018902, 0.19422629999462515, 0.21101709999493323, 0.2275530000042636, 0.24442219999036752, 0.2604490999947302, 0.2774632999789901, 0.29411550000077114, 0.31074299997999333, 0.3273888999829069, 0.34401319999597035, 0.3606728999875486, 0.37771909998264164, 0.39401679998263717, 0.41064299998106435, 0.4274038999865297, 0.4442733000032604, 0.46062490000622347, 0.47735800000373274, 0.49430190000566654, 0.5107775999931619, 0.5274024999816902, 0.5445361000020057, 0.5608518999943044, 0.5776167000003625, 0.5944271000043955, 0.6106103000056464, 0.6277090999938082]	221.0	319.0	0.9	8a
31	2	go_nogo_prac	1	18	8	go	click	[3.0, 3.0, -16.0, -43.0, -66.0, -80.0, -82.0, -81.0, -69.0, -53.0, -36.0, -9.0, 12.0, 40.0, 69.0, 89.0, 92.0, 92.0, 93.0, 97.0, 103.0, 108.0, 118.0, 125.0, 132.0, 134.0, 136.0, 136.0, 136.0, 137.0, 138.0, 139.0, 140.0, 141.0, 141.0, 142.0, 144.0, 147.0, 149.0, 151.0, 158.0, 161.0, 162.0, 162.0, 162.0]	[-265.0, -265.0, -181.0, -69.0, 36.0, 111.0, 156.0, 188.0, 221.0, 251.0, 275.0, 303.0, 323.0, 347.0, 368.0, 377.0, 378.0, 378.0, 378.0, 378.0, 377.0, 375.0, 366.0, 354.0, 338.0, 332.0, 329.0, 329.0, 328.0, 326.0, 324.0, 323.0, 322.0, 322.0, 322.0, 321.0, 320.0, 317.0, 315.0, 313.0, 311.0, 311.0, 310.0, 309.0, 309.0]	[0, 0, 0, 0, 0, 0, 0, 0, 0, 0, 0, 0, 0, 0, 0, 0, 0, 0, 0, 0, 0, 0, 0, 0, 0, 0, 0, 0, 0, 0, 0, 0, 0, 0, 0, 0, 0, 0, 0, 0, 0, 0, 0, 0, 1]	[0, 0, 0, 0, 0, 0, 0, 0, 0, 0, 0, 0, 0, 0, 0, 0, 0, 0, 0, 0, 0, 0, 0, 0, 0, 0, 0, 0, 0, 0, 0, 0, 0, 0, 0, 0, 0, 0, 0, 0, 0, 0, 0, 0, 0]	[0, 0, 0, 0, 0, 0, 0, 0, 0, 0, 0, 0, 0, 0, 0, 0, 0, 0, 0, 0, 0, 0, 0, 0, 0, 0, 0, 0, 0, 0, 0, 0, 0, 0, 0, 0, 0, 0, 0, 0, 0, 0, 0, 0, 0]	[0.0002533000078983605, 0.00928359999670647, 0.026356499991379678, 0.04279149998910725, 0.059324100002413616, 0.07591889999457635, 0.09298749998561107, 0.1093037000100594, 0.12619700000504963, 0.14278319998993538, 0.15961579998838715, 0.17603850000887178, 0.19260760000906885, 0.20964200000162236, 0.22606349998386577, 0.24289639998460189, 0.25906620000023395, 0.27591140000731684, 0.2927793999842834, 0.30928210000274703, 0.3258987999870442, 0.3426813999831211, 0.35902380000334233, 0.37596770000527613, 0.3923500000091735, 0.4091770999948494, 0.4257119999965653, 0.4424628999840934, 0.4592776999925263, 0.4761860999860801, 0.49276069999905303, 0.5092979999899399, 0.5261530999850947, 0.5424323999905027, 0.559201199997915, 0.5758716999844182, 0.5923760999867227, 0.6093233999854419, 0.6257403999916278, 0.642337299999781, 0.6589467999874614, 0.6757306999934372, 0.6925326999917161, 0.7090650000027381, 0.7257784999965224]	162.0	309.0	0.7	8a
32	2	go_nogo_prac	1	18	8	go	click	[-27.0, -27.0, -40.0, -52.0, -63.0, -67.0, -67.0, -62.0, -51.0, -33.0, -12.0, 10.0, 32.0, 55.0, 77.0, 97.0, 115.0, 130.0, 142.0, 164.0, 171.0, 176.0, 178.0, 178.0, 178.0, 178.0, 179.0, 182.0, 184.0]	[-255.0, -255.0, -188.0, -106.0, -20.0, 32.0, 72.0, 93.0, 122.0, 150.0, 172.0, 191.0, 207.0, 228.0, 249.0, 263.0, 271.0, 277.0, 281.0, 291.0, 295.0, 298.0, 299.0, 299.0, 299.0, 299.0, 299.0, 299.0, 299.0]	[0, 0, 0, 0, 0, 0, 0, 0, 0, 0, 0, 0, 0, 0, 0, 0, 0, 0, 0, 0, 0, 0, 0, 0, 0, 0, 0, 0, 1]	[0, 0, 0, 0, 0, 0, 0, 0, 0, 0, 0, 0, 0, 0, 0, 0, 0, 0, 0, 0, 0, 0, 0, 0, 0, 0, 0, 0, 0]	[0, 0, 0, 0, 0, 0, 0, 0, 0, 0, 0, 0, 0, 0, 0, 0, 0, 0, 0, 0, 0, 0, 0, 0, 0, 0, 0, 0, 0]	[9.289997979067266e-05, 0.012758899974869564, 0.029383499990217388, 0.04621829997631721, 0.06294789997627959, 0.0795477999781724, 0.09631789999548346, 0.11282929999288172, 0.12934580000001006, 0.14614529997925274, 0.1629081999999471, 0.17949809998390265, 0.19610020000254735, 0.21272809998481534, 0.2292689000023529, 0.24594679998699576, 0.2625984999758657, 0.27950169998803176, 0.29581379998126067, 0.312595199997304, 0.3291668999881949, 0.34609909998835064, 0.3625420999887865, 0.37924239999847487, 0.39574809998157434, 0.41281399998115376, 0.4293139999790583, 0.44587219998356886, 0.4627038999751676]	186.0	299.0	0.7	8a
33	2	go_nogo_prac	1	18	7	go	click	[-33.0, -33.0, -38.0, -38.0, -18.0, 12.0, 41.0, 63.0, 84.0, 103.0, 125.0, 144.0, 155.0, 164.0, 171.0, 181.0, 187.0, 188.0, 189.0, 189.0, 189.0, 189.0, 189.0]	[-225.0, -225.0, -183.0, -97.0, 17.0, 90.0, 141.0, 169.0, 193.0, 218.0, 238.0, 259.0, 272.0, 279.0, 286.0, 294.0, 297.0, 299.0, 300.0, 300.0, 300.0, 300.0, 300.0]	[0, 0, 0, 0, 0, 0, 0, 0, 0, 0, 0, 0, 0, 0, 0, 0, 0, 0, 0, 0, 0, 0, 1]	[0, 0, 0, 0, 0, 0, 0, 0, 0, 0, 0, 0, 0, 0, 0, 0, 0, 0, 0, 0, 0, 0, 0]	[0, 0, 0, 0, 0, 0, 0, 0, 0, 0, 0, 0, 0, 0, 0, 0, 0, 0, 0, 0, 0, 0, 0]	[0.0003491000097710639, 0.010262299998430535, 0.02712650000466965, 0.04379339999286458, 0.060325900005409494, 0.0775595000013709, 0.09365850000176579, 0.11024870001710951, 0.1274342999968212, 0.14378860002034344, 0.1603705000015907, 0.17700009999680333, 0.19360590001451783, 0.21036379999713972, 0.227077100018505, 0.24364930001320317, 0.2602943000092637, 0.27699070001835935, 0.2935033999965526, 0.310476100014057, 0.3270650000195019, 0.3437471000070218, 0.3606335000076797]	189.0	300.0	1.0	8a
34	2	go_nogo_prac	1	18	4	go	click	[18.0, 18.0, 53.0, 99.0, 156.0, 204.0, 240.0, 260.0, 267.0, 269.0, 271.0, 273.0, 274.0, 274.0, 274.0, 274.0, 274.0, 274.0, 274.0, 261.0, 233.0, 205.0, 182.0, 171.0, 169.0, 168.0, 168.0, 168.0, 169.0, 170.0, 170.0, 171.0]	[-223.0, -223.0, -116.0, 19.0, 141.0, 243.0, 317.0, 356.0, 374.0, 382.0, 388.0, 394.0, 398.0, 400.0, 400.0, 400.0, 400.0, 400.0, 400.0, 385.0, 360.0, 335.0, 315.0, 304.0, 301.0, 299.0, 298.0, 297.0, 296.0, 296.0, 296.0, 296.0]	[0, 0, 0, 0, 0, 0, 0, 0, 0, 0, 0, 0, 0, 0, 0, 0, 0, 0, 0, 0, 0, 0, 0, 0, 0, 0, 0, 0, 0, 0, 0, 1]	[0, 0, 0, 0, 0, 0, 0, 0, 0, 0, 0, 0, 0, 0, 0, 0, 0, 0, 0, 0, 0, 0, 0, 0, 0, 0, 0, 0, 0, 0, 0, 0]	[0, 0, 0, 0, 0, 0, 0, 0, 0, 0, 0, 0, 0, 0, 0, 0, 0, 0, 0, 0, 0, 0, 0, 0, 0, 0, 0, 0, 0, 0, 0, 0]	[0.0002198000147473067, 0.009784299996681511, 0.02647159999469295, 0.04261410000617616, 0.05911000000196509, 0.07610330000170507, 0.09246750001329929, 0.10909290000563487, 0.1257478000188712, 0.1424410000036005, 0.15896470000734553, 0.1760638999985531, 0.19225640001241118, 0.20888300001388416, 0.22556469999835826, 0.24218990001827478, 0.2587403999932576, 0.27549550001276657, 0.2922462999995332, 0.3092379000154324, 0.3255959000089206, 0.3422106000070926, 0.35924039999372326, 0.3756207000114955, 0.39241990001755767, 0.40880780000588857, 0.42545790001167916, 0.44223059999058023, 0.45905730000231415, 0.47540480000316165, 0.49238020001212135, 0.509199299995089]	171.0	296.0	1.0	8a
35	2	go_nogo_prac	1	18	1	nogo	none	[-125.0, -125.0, -133.0, -159.0, -165.0, -170.0, -148.0, -106.0, -72.0, -51.0, -38.0, -22.0, -3.0, 17.0, 57.0, 91.0, 115.0, 192.0, 225.0, 229.0, 229.0, 229.0, 229.0, 229.0, 229.0, 229.0, 229.0, 229.0, 229.0, 229.0, 229.0, 229.0, 229.0, 229.0, 229.0, 229.0, 229.0, 229.0, 229.0, 229.0, 229.0, 229.0, 229.0, 229.0, 229.0, 229.0, 229.0, 229.0, 229.0, 229.0, 229.0, 229.0, 229.0, 229.0, 229.0, 229.0, 229.0, 229.0, 229.0, 229.0, 229.0, 229.0, 229.0]	[-265.0, -265.0, -249.0, -192.0, -173.0, -121.0, -75.0, -10.0, 43.0, 79.0, 107.0, 134.0, 157.0, 172.0, 191.0, 210.0, 224.0, 271.0, 291.0, 295.0, 295.0, 295.0, 295.0, 295.0, 295.0, 295.0, 295.0, 295.0, 295.0, 295.0, 295.0, 295.0, 295.0, 295.0, 295.0, 295.0, 295.0, 295.0, 295.0, 295.0, 295.0, 295.0, 295.0, 295.0, 295.0, 295.0, 295.0, 295.0, 295.0, 295.0, 295.0, 295.0, 295.0, 295.0, 295.0, 295.0, 295.0, 295.0, 295.0, 295.0, 295.0, 295.0, 295.0]	[0, 0, 0, 0, 0, 0, 0, 0, 0, 0, 0, 0, 0, 0, 0, 0, 0, 0, 0, 0, 0, 0, 0, 0, 0, 0, 0, 0, 0, 0, 0, 0, 0, 0, 0, 0, 0, 0, 0, 0, 0, 0, 0, 0, 0, 0, 0, 0, 0, 0, 0, 0, 0, 0, 0, 0, 0, 0, 0, 0, 0, 0, 0]	[0, 0, 0, 0, 0, 0, 0, 0, 0, 0, 0, 0, 0, 0, 0, 0, 0, 0, 0, 0, 0, 0, 0, 0, 0, 0, 0, 0, 0, 0, 0, 0, 0, 0, 0, 0, 0, 0, 0, 0, 0, 0, 0, 0, 0, 0, 0, 0, 0, 0, 0, 0, 0, 0, 0, 0, 0, 0, 0, 0, 0, 0, 0]	[0, 0, 0, 0, 0, 0, 0, 0, 0, 0, 0, 0, 0, 0, 0, 0, 0, 0, 0, 0, 0, 0, 0, 0, 0, 0, 0, 0, 0, 0, 0, 0, 0, 0, 0, 0, 0, 0, 0, 0, 0, 0, 0, 0, 0, 0, 0, 0, 0, 0, 0, 0, 0, 0, 0, 0, 0, 0, 0, 0, 0, 0, 0]	[0.0003750999749172479, 0.01123340000049211, 0.02792649998445995, 0.04449279999244027, 0.06178689998341724, 0.07817470000009052, 0.094540699996287, 0.11134959998889826, 0.12817939999513328, 0.14477279997663572, 0.1616912999888882, 0.1782173999818042, 0.19484139999258332, 0.21144479999202304, 0.22815589999663644, 0.24474819999886677, 0.2613761999818962, 0.27822459998424165, 0.2947528999939095, 0.31107659998815507, 0.32785879998118617, 0.3444510999834165, 0.36142809997545555, 0.377859999978682, 0.39438549999613315, 0.4111170999822207, 0.4276382999960333, 0.44441440000082366, 0.46110859999316745, 0.4776631999993697, 0.49439179999171756, 0.511191699974006, 0.5278658999886829, 0.5443865999986883, 0.5608923999825493, 0.5776777999999467, 0.5944083999784198, 0.6110571999743115, 0.6280001999984961, 0.6443440000002738, 0.6616424999956507, 0.6779060999979265, 0.6944298999733292, 0.7109990999742877, 0.7276051999942865, 0.7445430999796372, 0.7611890999833122, 0.7777878999768291, 0.7942557999922428, 0.8109961999871302, 0.8277241999749094, 0.8444135999889113, 0.8610323999891989, 0.8775153999740724, 0.8941139999951702, 0.9109730999916792, 0.9276530999923125, 0.9441456999920774, 0.9608493999985512, 0.9774493999721017, 0.994070799992187, 1.0107625999953598, 1.0274663999734912]	n/a	n/a	0.9	8a
36	2	go_nogo_prac	1	18	7	go	click	[-9.0, -9.0, -1.0, 14.0, 48.0, 69.0, 89.0, 99.0, 107.0, 113.0, 119.0, 125.0, 129.0, 133.0, 144.0, 153.0, 157.0, 159.0, 159.0, 160.0, 161.0, 165.0, 172.0, 177.0, 180.0, 180.0, 181.0, 181.0, 181.0, 181.0]	[-264.0, -264.0, -236.0, -172.0, -50.0, 32.0, 87.0, 116.0, 141.0, 164.0, 185.0, 204.0, 219.0, 235.0, 264.0, 288.0, 301.0, 305.0, 306.0, 306.0, 308.0, 313.0, 320.0, 324.0, 326.0, 326.0, 326.0, 326.0, 326.0, 326.0]	[0, 0, 0, 0, 0, 0, 0, 0, 0, 0, 0, 0, 0, 0, 0, 0, 0, 0, 0, 0, 0, 0, 0, 0, 0, 0, 0, 0, 0, 1]	[0, 0, 0, 0, 0, 0, 0, 0, 0, 0, 0, 0, 0, 0, 0, 0, 0, 0, 0, 0, 0, 0, 0, 0, 0, 0, 0, 0, 0, 0]	[0, 0, 0, 0, 0, 0, 0, 0, 0, 0, 0, 0, 0, 0, 0, 0, 0, 0, 0, 0, 0, 0, 0, 0, 0, 0, 0, 0, 0, 0]	[0.00021040000137872994, 0.011388199985958636, 0.027911399985896423, 0.04498189999139868, 0.06124659997294657, 0.07791859999997541, 0.09444999997504056, 0.11118619999615476, 0.12776099998154677, 0.14462839998304844, 0.1613311999826692, 0.17779889999656007, 0.19471769998199306, 0.21147099998779595, 0.22819449999951757, 0.24523539998335764, 0.261258699989412, 0.2778744999959599, 0.29450389998964965, 0.3113703999842983, 0.3283746999804862, 0.34468809998361394, 0.3611324999947101, 0.37794979999307543, 0.39429859997471794, 0.4111038999981247, 0.42794659998617135, 0.4445269999851007, 0.46106189998681657, 0.47769119997974485]	181.0	326.0	0.6	8a
37	3	go_only	0	18	7	go	click	[82.0, 82.0, 127.0, 180.0, 235.0, 281.0, 315.0, 328.0, 330.0, 331.0, 332.0, 333.0, 338.0, 342.0, 342.0, 340.0, 327.0, 311.0, 302.0, 300.0, 299.0, 299.0, 299.0, 299.0, 299.0, 299.0, 299.0, 299.0, 297.0, 287.0, 278.0, 272.0, 267.0, 262.0, 257.0, 254.0, 252.0, 251.0, 251.0, 251.0, 251.0, 251.0, 251.0, 251.0, 251.0, 250.0, 250.0, 249.0]	[-240.0, -240.0, -142.0, -29.0, 78.0, 155.0, 207.0, 222.0, 225.0, 228.0, 231.0, 233.0, 247.0, 260.0, 264.0, 264.0, 254.0, 246.0, 242.0, 241.0, 241.0, 241.0, 241.0, 243.0, 245.0, 248.0, 255.0, 263.0, 271.0, 276.0, 281.0, 282.0, 283.0, 283.0, 284.0, 284.0, 284.0, 284.0, 284.0, 284.0, 284.0, 284.0, 284.0, 284.0, 284.0, 284.0, 284.0, 284.0]	[0, 0, 0, 0, 0, 0, 0, 0, 0, 0, 0, 0, 0, 0, 0, 0, 0, 0, 0, 0, 0, 0, 0, 0, 0, 0, 0, 0, 0, 0, 0, 0, 0, 0, 0, 0, 0, 0, 0, 0, 0, 0, 0, 0, 0, 0, 0, 1]	[0, 0, 0, 0, 0, 0, 0, 0, 0, 0, 0, 0, 0, 0, 0, 0, 0, 0, 0, 0, 0, 0, 0, 0, 0, 0, 0, 0, 0, 0, 0, 0, 0, 0, 0, 0, 0, 0, 0, 0, 0, 0, 0, 0, 0, 0, 0, 0]	[0, 0, 0, 0, 0, 0, 0, 0, 0, 0, 0, 0, 0, 0, 0, 0, 0, 0, 0, 0, 0, 0, 0, 0, 0, 0, 0, 0, 0, 0, 0, 0, 0, 0, 0, 0, 0, 0, 0, 0, 0, 0, 0, 0, 0, 0, 0, 0]	[0.0001922000083141029, 0.012522799981525168, 0.02919939998537302, 0.04603739999583922, 0.06291059998329729, 0.079093299980741, 0.0958898999961093, 0.1125774999964051, 0.1292927000031341, 0.14598359999945387, 0.16261739999754354, 0.1793171000026632, 0.19579529998009093, 0.21293539999169298, 0.2290557000087574, 0.24604589998489246, 0.2629717999952845, 0.2791872000088915, 0.29594270000234246, 0.31272159999934956, 0.3289609999919776, 0.3456519999890588, 0.3626613999949768, 0.37912349999533035, 0.396183300006669, 0.4123721999931149, 0.42933590000029653, 0.4463575999834575, 0.46264710000832565, 0.4793282999889925, 0.49568819999694824, 0.512399600003846, 0.5293976999819279, 0.5458866999833845, 0.5623671000066679, 0.5790396000084002, 0.59590990000288, 0.6122079000051599, 0.6288628999900538, 0.6455591999983881, 0.6622310999955516, 0.6787830999819562, 0.6954138999863062, 0.7122366999974474, 0.7291140999877825, 0.7455733999959193, 0.7623415999987628, 0.7792802999902051]	249.0	284.0	0.8	8a
38	3	go_only	0	18	2	go	click	[66.0, 66.0, 73.0, 103.0, 131.0, 154.0, 171.0, 184.0, 192.0, 200.0, 206.0, 213.0, 219.0, 221.0, 221.0, 221.0, 221.0, 221.0, 221.0, 221.0, 221.0, 221.0, 221.0, 221.0]	[-244.0, -244.0, -205.0, -65.0, 25.0, 99.0, 164.0, 210.0, 240.0, 263.0, 281.0, 300.0, 316.0, 321.0, 321.0, 321.0, 321.0, 321.0, 321.0, 321.0, 321.0, 321.0, 321.0, 321.0]	[0, 0, 0, 0, 0, 0, 0, 0, 0, 0, 0, 0, 0, 0, 0, 0, 0, 0, 0, 0, 0, 0, 0, 1]	[0, 0, 0, 0, 0, 0, 0, 0, 0, 0, 0, 0, 0, 0, 0, 0, 0, 0, 0, 0, 0, 0, 0, 0]	[0, 0, 0, 0, 0, 0, 0, 0, 0, 0, 0, 0, 0, 0, 0, 0, 0, 0, 0, 0, 0, 0, 0, 0]	[0.0002130000211764127, 0.009813300013775006, 0.026456599996890873, 0.04290380000020377, 0.05956480000168085, 0.07639030000427738, 0.09299710000050254, 0.10989079999853857, 0.126318499998888, 0.14306390000274405, 0.15925730002345517, 0.17602050001733005, 0.19293600000673905, 0.2092603000055533, 0.22587300001760013, 0.24279270000988618, 0.2592564000224229, 0.2759982999996282, 0.2925460000114981, 0.30957219999982044, 0.32606780002242886, 0.3427443999971729, 0.35954250002396293, 0.37657670001499355]	221.0	321.0	0.7	8a
39	3	go_only	0	18	8	go	click	[61.0, 61.0, 100.0, 144.0, 174.0, 191.0, 200.0, 206.0, 211.0, 215.0, 222.0, 234.0, 245.0, 255.0, 267.0, 270.0, 270.0, 270.0, 270.0, 270.0, 270.0, 270.0, 270.0, 269.0, 269.0, 269.0, 268.0, 266.0, 263.0, 261.0, 260.0, 259.0, 258.0, 257.0, 257.0, 256.0, 256.0, 256.0, 254.0, 251.0, 248.0, 245.0, 237.0, 230.0, 228.0, 228.0, 228.0, 228.0, 228.0, 228.0]	[-215.0, -215.0, -100.0, 20.0, 107.0, 152.0, 175.0, 192.0, 204.0, 215.0, 231.0, 253.0, 278.0, 307.0, 338.0, 357.0, 358.0, 358.0, 358.0, 358.0, 358.0, 358.0, 358.0, 358.0, 358.0, 358.0, 358.0, 355.0, 348.0, 346.0, 344.0, 344.0, 343.0, 342.0, 341.0, 341.0, 341.0, 340.0, 339.0, 336.0, 335.0, 334.0, 329.0, 326.0, 325.0, 325.0, 325.0, 325.0, 325.0, 325.0]	[0, 0, 0, 0, 0, 0, 0, 0, 0, 0, 0, 0, 0, 0, 0, 0, 0, 0, 0, 0, 0, 0, 0, 0, 0, 0, 0, 0, 0, 0, 0, 0, 0, 0, 0, 0, 0, 0, 0, 0, 0, 0, 0, 0, 0, 0, 0, 0, 0, 1]	[0, 0, 0, 0, 0, 0, 0, 0, 0, 0, 0, 0, 0, 0, 0, 0, 0, 0, 0, 0, 0, 0, 0, 0, 0, 0, 0, 0, 0, 0, 0, 0, 0, 0, 0, 0, 0, 0, 0, 0, 0, 0, 0, 0, 0, 0, 0, 0, 0, 0]	[0, 0, 0, 0, 0, 0, 0, 0, 0, 0, 0, 0, 0, 0, 0, 0, 0, 0, 0, 0, 0, 0, 0, 0, 0, 0, 0, 0, 0, 0, 0, 0, 0, 0, 0, 0, 0, 0, 0, 0, 0, 0, 0, 0, 0, 0, 0, 0, 0, 0]	[0.00018379997345618904, 0.010713700001360849, 0.026998999994248152, 0.04372759998659603, 0.06066379998810589, 0.07743079998181202, 0.09362199998577125, 0.11054409999633208, 0.12693649998982437, 0.14356430000043474, 0.16036409998196177, 0.17679129997850396, 0.19352149998303503, 0.21005939997849055, 0.2270608999824617, 0.24352459999499843, 0.259976099972846, 0.2764762000006158, 0.29335819999687374, 0.3099653999961447, 0.32680229999823496, 0.3434805999859236, 0.36027539998758584, 0.37660269998013973, 0.39333809999516234, 0.410223999992013, 0.4269102999824099, 0.4445691999862902, 0.4603890999860596, 0.47734569999738596, 0.4936511999985669, 0.5104076999996323, 0.526963699987391, 0.5435445999901276, 0.5604077999887522, 0.5767449999984819, 0.5935207000002265, 0.6101193999929819, 0.6271490999788512, 0.6442126999900211, 0.6602267999842297, 0.6770870999898762, 0.6939881999860518, 0.7105025999771897, 0.7265369999804534, 0.7433484999928623, 0.7598513999837451, 0.7765660999866668, 0.7932767999882344, 0.8102973999921232]	228.0	325.0	0.5	8a
40	3	go_only	0	18	4	go	click	[16.0, 16.0, 26.0, 49.0, 78.0, 100.0, 126.0, 134.0, 146.0, 150.0, 150.0, 150.0, 152.0, 156.0, 157.0, 157.0, 157.0, 157.0, 164.0, 172.0, 183.0, 189.0, 194.0, 196.0, 197.0, 197.0, 198.0, 198.0, 198.0, 198.0]	[-196.0, -196.0, -144.0, -40.0, 39.0, 102.0, 162.0, 175.0, 198.0, 203.0, 204.0, 205.0, 209.0, 213.0, 215.0, 215.0, 215.0, 215.0, 224.0, 238.0, 254.0, 264.0, 274.0, 278.0, 281.0, 282.0, 282.0, 282.0, 282.0, 282.0]	[0, 0, 0, 0, 0, 0, 0, 0, 0, 0, 0, 0, 0, 0, 0, 0, 0, 0, 0, 0, 0, 0, 0, 0, 0, 0, 0, 0, 0, 1]	[0, 0, 0, 0, 0, 0, 0, 0, 0, 0, 0, 0, 0, 0, 0, 0, 0, 0, 0, 0, 0, 0, 0, 0, 0, 0, 0, 0, 0, 0]	[0, 0, 0, 0, 0, 0, 0, 0, 0, 0, 0, 0, 0, 0, 0, 0, 0, 0, 0, 0, 0, 0, 0, 0, 0, 0, 0, 0, 0, 0]	[0.0002012000186368823, 0.011778000014601275, 0.028373700013617054, 0.04520809999667108, 0.061792699998477474, 0.07870000001275912, 0.09508329999516718, 0.11174280001432635, 0.12835959999938495, 0.14512980001745746, 0.16179230000125244, 0.17839220000314526, 0.19522570000845008, 0.2120254000183195, 0.22819829999934882, 0.24493869999423623, 0.26153360001626424, 0.27874599999631755, 0.2949518999957945, 0.31174770000507124, 0.3284032999945339, 0.34534130000974983, 0.3618698999925982, 0.37833070001215674, 0.39526520000072196, 0.41196019999915734, 0.42829989999881946, 0.44496300001628697, 0.46163550001801923, 0.47869920000084676]	198.0	282.0	0.7	8a
41	3	go_only	0	18	3	go	click	[89.0, 89.0, 112.0, 156.0, 203.0, 244.0, 283.0, 300.0, 309.0, 317.0, 321.0, 324.0, 324.0, 325.0, 325.0, 325.0, 324.0, 314.0, 294.0, 262.0, 237.0, 222.0, 217.0, 217.0, 217.0, 215.0, 213.0, 210.0, 205.0, 203.0, 203.0, 203.0, 203.0]	[-232.0, -232.0, -199.0, -127.0, -47.0, 28.0, 119.0, 166.0, 201.0, 232.0, 251.0, 265.0, 275.0, 281.0, 286.0, 287.0, 287.0, 288.0, 293.0, 296.0, 301.0, 305.0, 306.0, 307.0, 307.0, 307.0, 308.0, 311.0, 313.0, 314.0, 314.0, 314.0, 314.0]	[0, 0, 0, 0, 0, 0, 0, 0, 0, 0, 0, 0, 0, 0, 0, 0, 0, 0, 0, 0, 0, 0, 0, 0, 0, 0, 0, 0, 0, 0, 0, 0, 1]	[0, 0, 0, 0, 0, 0, 0, 0, 0, 0, 0, 0, 0, 0, 0, 0, 0, 0, 0, 0, 0, 0, 0, 0, 0, 0, 0, 0, 0, 0, 0, 0, 0]	[0, 0, 0, 0, 0, 0, 0, 0, 0, 0, 0, 0, 0, 0, 0, 0, 0, 0, 0, 0, 0, 0, 0, 0, 0, 0, 0, 0, 0, 0, 0, 0, 0]	[0.00020760000916197896, 0.009935000009136274, 0.026598900003591552, 0.04319009999744594, 0.06004830001620576, 0.07692200000747107, 0.09337479999521747, 0.1100235000194516, 0.12665479999850504, 0.14329360000556335, 0.15994519999367185, 0.17696919999434613, 0.19311660001403652, 0.20990770001662895, 0.22658089999458753, 0.2434429000131786, 0.26007819999358617, 0.2768688999931328, 0.2938861000002362, 0.30987480000476353, 0.3265012000047136, 0.34345200000097975, 0.3597013000107836, 0.37645370000973344, 0.3932384999934584, 0.4103766999905929, 0.4265083000063896, 0.4432053999917116, 0.4598014999937732, 0.4761720999958925, 0.4928999000112526, 0.5096179000101984, 0.5263594000134617]	203.0	314.0	0.5	8a
42	3	go_only	0	18	8	go	click	[88.0, 88.0, 105.0, 141.0, 183.0, 224.0, 259.0, 289.0, 321.0, 335.0, 347.0, 357.0, 363.0, 365.0, 365.0, 365.0, 365.0, 363.0, 350.0, 327.0, 300.0, 270.0, 253.0, 241.0, 235.0, 233.0, 233.0, 233.0, 233.0, 233.0, 233.0, 233.0, 233.0, 232.0, 230.0, 229.0, 229.0, 229.0]	[-223.0, -223.0, -181.0, -92.0, 5.0, 94.0, 182.0, 269.0, 362.0, 403.0, 440.0, 473.0, 496.0, 506.0, 506.0, 506.0, 506.0, 503.0, 487.0, 461.0, 434.0, 403.0, 384.0, 368.0, 359.0, 356.0, 356.0, 356.0, 355.0, 355.0, 355.0, 355.0, 355.0, 350.0, 336.0, 333.0, 333.0, 333.0]	[0, 0, 0, 0, 0, 0, 0, 0, 0, 0, 0, 0, 0, 0, 0, 0, 0, 0, 0, 0, 0, 0, 0, 0, 0, 0, 0, 0, 0, 0, 0, 0, 0, 0, 0, 0, 0, 1]	[0, 0, 0, 0, 0, 0, 0, 0, 0, 0, 0, 0, 0, 0, 0, 0, 0, 0, 0, 0, 0, 0, 0, 0, 0, 0, 0, 0, 0, 0, 0, 0, 0, 0, 0, 0, 0, 0]	[0, 0, 0, 0, 0, 0, 0, 0, 0, 0, 0, 0, 0, 0, 0, 0, 0, 0, 0, 0, 0, 0, 0, 0, 0, 0, 0, 0, 0, 0, 0, 0, 0, 0, 0, 0, 0, 0]	[0.00018130001262761652, 0.0098600999917835, 0.026497700018808246, 0.04370390000985935, 0.06003510000300594, 0.07635940000182018, 0.09329799999250099, 0.10995660000480711, 0.1263671000197064, 0.14364799999748357, 0.16002470001694746, 0.17671870000776835, 0.1932076000084635, 0.20978860001196153, 0.22651390000828542, 0.24318990000756457, 0.2598428000055719, 0.2765021999948658, 0.2929557000170462, 0.30952529999194667, 0.3263493000122253, 0.34297510000760667, 0.3599904000002425, 0.37654250001651235, 0.39287290000356734, 0.4095732000132557, 0.4262102000066079, 0.4429242000041995, 0.4593810999940615, 0.47603869999875315, 0.49303599999984726, 0.5094834000046831, 0.5265347000095062, 0.5430630000191741, 0.5600087000057101, 0.5761396000161767, 0.5926483999937773, 0.6095594000071287]	229.0	333.0	0.8	8a
43	3	go_only	0	18	8	go	click	[73.0, 73.0, 87.0, 129.0, 159.0, 181.0, 199.0, 211.0, 218.0, 224.0, 226.0, 230.0, 234.0, 239.0, 240.0, 240.0, 240.0, 240.0, 240.0, 240.0, 239.0, 239.0, 239.0, 239.0, 239.0]	[-247.0, -247.0, -209.0, -81.0, 10.0, 91.0, 159.0, 205.0, 233.0, 252.0, 267.0, 279.0, 292.0, 302.0, 307.0, 307.0, 307.0, 307.0, 307.0, 307.0, 307.0, 306.0, 306.0, 306.0, 306.0]	[0, 0, 0, 0, 0, 0, 0, 0, 0, 0, 0, 0, 0, 0, 0, 0, 0, 0, 0, 0, 0, 0, 0, 0, 1]	[0, 0, 0, 0, 0, 0, 0, 0, 0, 0, 0, 0, 0, 0, 0, 0, 0, 0, 0, 0, 0, 0, 0, 0, 0]	[0, 0, 0, 0, 0, 0, 0, 0, 0, 0, 0, 0, 0, 0, 0, 0, 0, 0, 0, 0, 0, 0, 0, 0, 0]	[0.00018620002083480358, 0.012867400015238672, 0.029520600015530363, 0.04645470000104979, 0.06344260001787916, 0.07990510002127849, 0.09654410000075586, 0.11361010000109673, 0.1297705000033602, 0.14631979999830946, 0.16300390000105835, 0.1795929000072647, 0.19620580002083443, 0.21309679999831133, 0.2295931999979075, 0.24599100000341423, 0.26245270000072196, 0.27927130000898615, 0.29583970000385307, 0.3130253000126686, 0.3298561999981757, 0.3461313000007067, 0.3630845000152476, 0.3795272000133991, 0.39646990000619553]	239.0	306.0	0.8	8a
44	3	go_only	0	18	3	go	click	[34.0, 34.0, 58.0, 91.0, 125.0, 150.0, 174.0, 190.0, 204.0, 209.0, 210.0, 210.0, 210.0, 210.0, 210.0, 210.0, 210.0, 210.0, 210.0, 210.0, 210.0, 210.0, 210.0, 210.0, 210.0, 210.0, 210.0, 210.0, 210.0, 210.0, 210.0, 210.0, 210.0, 210.0, 210.0, 210.0, 210.0, 210.0, 210.0, 210.0, 210.0, 210.0, 209.0, 209.0, 209.0, 209.0]	[-268.0, -268.0, -190.0, -94.0, 9.0, 94.0, 180.0, 252.0, 304.0, 347.0, 357.0, 359.0, 361.0, 364.0, 365.0, 365.0, 365.0, 365.0, 365.0, 365.0, 365.0, 365.0, 365.0, 365.0, 365.0, 365.0, 365.0, 365.0, 365.0, 365.0, 365.0, 365.0, 365.0, 365.0, 365.0, 365.0, 365.0, 365.0, 365.0, 363.0, 359.0, 350.0, 342.0, 338.0, 337.0, 337.0]	[0, 0, 0, 0, 0, 0, 0, 0, 0, 0, 0, 0, 0, 0, 0, 0, 0, 0, 0, 1, 1, 1, 1, 1, 1, 0, 0, 0, 0, 0, 0, 0, 0, 0, 0, 0, 0, 0, 0, 0, 0, 0, 0, 0, 0, 1]	[0, 0, 0, 0, 0, 0, 0, 0, 0, 0, 0, 0, 0, 0, 0, 0, 0, 0, 0, 0, 0, 0, 0, 0, 0, 0, 0, 0, 0, 0, 0, 0, 0, 0, 0, 0, 0, 0, 0, 0, 0, 0, 0, 0, 0, 0]	[0, 0, 0, 0, 0, 0, 0, 0, 0, 0, 0, 0, 0, 0, 0, 0, 0, 0, 0, 0, 0, 0, 0, 0, 0, 0, 0, 0, 0, 0, 0, 0, 0, 0, 0, 0, 0, 0, 0, 0, 0, 0, 0, 0, 0, 0]	[9.660000796429813e-05, 0.010940000007394701, 0.027631500008283183, 0.044360100000631064, 0.06139069999335334, 0.07773550000274554, 0.09438779999618419, 0.11120419998769648, 0.12769150000531226, 0.14435600000433624, 0.16147829999681562, 0.17785179999191314, 0.19446739999693818, 0.21115069999359548, 0.2276617999887094, 0.24412789999041706, 0.2608337999845389, 0.2774986999866087, 0.2944615999876987, 0.3112208000093233, 0.3278423000010662, 0.3442520000098739, 0.3613234999938868, 0.37797239999054, 0.39436760000535287, 0.41131930000847206, 0.4277429000067059, 0.44436679998761974, 0.4609524999978021, 0.4776955999841448, 0.494356000010157, 0.5111164000118151, 0.5276129999838304, 0.5442608000012115, 0.5608712999965064, 0.5775618999905419, 0.5942394000012428, 0.6107169000024442, 0.6277177000010852, 0.6446419999992941, 0.6609170000010636, 0.6774919999879785, 0.694359799992526, 0.7114262999966741, 0.727437599998666, 0.7444677999883424]	209.0	337.0	0.6	8a
45	3	go_only	0	18	6	go	click	[22.0, 22.0, 68.0, 112.0, 154.0, 180.0, 195.0, 205.0, 209.0, 211.0, 213.0, 214.0, 215.0, 215.0, 215.0, 215.0, 213.0, 212.0, 212.0, 211.0, 209.0, 208.0, 208.0, 208.0, 208.0, 208.0, 209.0, 210.0, 213.0, 213.0, 213.0, 213.0]	[-221.0, -221.0, -134.0, -44.0, 39.0, 100.0, 135.0, 162.0, 183.0, 193.0, 200.0, 211.0, 223.0, 226.0, 226.0, 226.0, 226.0, 226.0, 226.0, 227.0, 233.0, 238.0, 240.0, 242.0, 244.0, 248.0, 252.0, 258.0, 263.0, 265.0, 265.0, 265.0]	[0, 0, 0, 0, 0, 0, 0, 0, 0, 0, 0, 0, 0, 0, 0, 0, 0, 0, 0, 0, 0, 0, 0, 0, 0, 0, 0, 0, 0, 0, 0, 1]	[0, 0, 0, 0, 0, 0, 0, 0, 0, 0, 0, 0, 0, 0, 0, 0, 0, 0, 0, 0, 0, 0, 0, 0, 0, 0, 0, 0, 0, 0, 0, 0]	[0, 0, 0, 0, 0, 0, 0, 0, 0, 0, 0, 0, 0, 0, 0, 0, 0, 0, 0, 0, 0, 0, 0, 0, 0, 0, 0, 0, 0, 0, 0, 0]	[0.00019049999536946416, 0.010194500006036833, 0.026660400006221607, 0.04295460000867024, 0.05979880000813864, 0.07653280001250096, 0.0930272999976296, 0.1098964000120759, 0.12663380001322366, 0.14323970000259578, 0.15969090000726283, 0.17688660000567324, 0.19352070000604726, 0.20976440000231378, 0.2266216000134591, 0.2432783000112977, 0.2599107999994885, 0.2764448999951128, 0.2932699999946635, 0.309881499997573, 0.32642029999988154, 0.3432754999957979, 0.35980070001096465, 0.37629340001149103, 0.39315150000038557, 0.4098309999972116, 0.4268232999893371, 0.44319359998917207, 0.45970910001778975, 0.4760771000001114, 0.4929681000066921, 0.5097049000032712]	213.0	265.0	0.9	8a
46	3	go_only	0	18	3	go	click	[88.0, 88.0, 115.0, 145.0, 171.0, 192.0, 205.0, 214.0, 222.0, 227.0, 230.0, 232.0, 233.0, 235.0, 235.0, 235.0, 235.0, 235.0, 235.0, 235.0, 233.0, 232.0, 232.0, 232.0, 233.0, 233.0, 233.0, 233.0, 233.0, 233.0, 233.0, 233.0]	[-232.0, -232.0, -146.0, -51.0, 24.0, 79.0, 110.0, 134.0, 157.0, 170.0, 179.0, 184.0, 189.0, 195.0, 195.0, 195.0, 195.0, 195.0, 197.0, 206.0, 221.0, 236.0, 250.0, 263.0, 285.0, 302.0, 314.0, 322.0, 326.0, 326.0, 326.0, 326.0]	[0, 0, 0, 0, 0, 0, 0, 0, 0, 0, 0, 0, 0, 0, 0, 0, 0, 0, 0, 0, 0, 0, 0, 0, 0, 0, 0, 0, 0, 0, 0, 1]	[0, 0, 0, 0, 0, 0, 0, 0, 0, 0, 0, 0, 0, 0, 0, 0, 0, 0, 0, 0, 0, 0, 0, 0, 0, 0, 0, 0, 0, 0, 0, 0]	[0, 0, 0, 0, 0, 0, 0, 0, 0, 0, 0, 0, 0, 0, 0, 0, 0, 0, 0, 0, 0, 0, 0, 0, 0, 0, 0, 0, 0, 0, 0, 0]	[0.0001881999778561294, 0.01197870000032708, 0.028080199990654364, 0.04481689998647198, 0.061490499996580184, 0.0781289000005927, 0.0946840999822598, 0.11162479998893104, 0.12817499999073334, 0.14476299998932518, 0.16146989999106154, 0.17829349997919053, 0.19497579999733716, 0.21135329999378882, 0.22809920000145212, 0.24472879999666475, 0.26128029997926205, 0.2784100999997463, 0.2948661999835167, 0.31141480000223964, 0.3283406999835279, 0.34467349998885766, 0.3612643999804277, 0.37813509997795336, 0.39491149998502806, 0.411599799990654, 0.428022099978989, 0.44503569998778403, 0.4612442999787163, 0.47794290000456385, 0.4945591999858152, 0.5117535000026692]	233.0	326.0	1.0	8a
47	3	go_only	0	18	2	go	click	[16.0, 16.0, 27.0, 48.0, 71.0, 97.0, 127.0, 143.0, 155.0, 159.0, 160.0, 160.0, 160.0, 161.0, 161.0, 161.0, 161.0, 161.0, 161.0, 161.0, 161.0, 162.0, 163.0, 164.0]	[-270.0, -270.0, -236.0, -159.0, -62.0, 42.0, 156.0, 210.0, 242.0, 263.0, 272.0, 272.0, 272.0, 272.0, 272.0, 272.0, 272.0, 272.0, 272.0, 272.0, 273.0, 274.0, 274.0, 274.0]	[0, 0, 0, 0, 0, 0, 0, 0, 0, 0, 0, 0, 0, 0, 0, 0, 0, 0, 0, 0, 0, 0, 0, 1]	[0, 0, 0, 0, 0, 0, 0, 0, 0, 0, 0, 0, 0, 0, 0, 0, 0, 0, 0, 0, 0, 0, 0, 0]	[0, 0, 0, 0, 0, 0, 0, 0, 0, 0, 0, 0, 0, 0, 0, 0, 0, 0, 0, 0, 0, 0, 0, 0]	[0.00020680000307038426, 0.009626099985325709, 0.02643470000475645, 0.043204099987633526, 0.0597014999948442, 0.07615929999155924, 0.09316160000162199, 0.10953769998741336, 0.12680999998701736, 0.1430032999778632, 0.1595177999988664, 0.1761619999888353, 0.19322799998917617, 0.2095868999895174, 0.22621419999632053, 0.2426262999942992, 0.25932379998266697, 0.2760254000022542, 0.29270560000441037, 0.3096093999920413, 0.32625630000256933, 0.3432771999796387, 0.36003290000371635, 0.3764771999849472]	164.0	274.0	0.7	8a
48	3	go_only	0	18	2	go	click	[54.0, 54.0, 66.0, 84.0, 117.0, 137.0, 156.0, 171.0, 179.0, 182.0, 182.0, 182.0, 182.0, 182.0, 182.0, 182.0, 182.0, 182.0, 182.0, 182.0, 182.0, 182.0, 182.0, 184.0, 185.0, 186.0, 186.0, 186.0, 186.0, 186.0, 186.0]	[-255.0, -255.0, -196.0, -123.0, -5.0, 61.0, 119.0, 165.0, 192.0, 202.0, 202.0, 202.0, 203.0, 207.0, 208.0, 208.0, 208.0, 208.0, 208.0, 208.0, 211.0, 221.0, 237.0, 253.0, 264.0, 269.0, 275.0, 278.0, 279.0, 279.0, 279.0]	[0, 0, 0, 0, 0, 0, 0, 0, 0, 0, 0, 0, 0, 0, 0, 0, 0, 0, 0, 0, 0, 0, 0, 0, 0, 0, 0, 0, 0, 0, 1]	[0, 0, 0, 0, 0, 0, 0, 0, 0, 0, 0, 0, 0, 0, 0, 0, 0, 0, 0, 0, 0, 0, 0, 0, 0, 0, 0, 0, 0, 0, 0]	[0, 0, 0, 0, 0, 0, 0, 0, 0, 0, 0, 0, 0, 0, 0, 0, 0, 0, 0, 0, 0, 0, 0, 0, 0, 0, 0, 0, 0, 0, 0]	[7.71000050008297e-05, 0.013261499989312142, 0.029949899995699525, 0.04721459999564104, 0.0643090000085067, 0.0802030999911949, 0.0974358000094071, 0.11414499999955297, 0.13075909999315627, 0.1466155000089202, 0.16321530001005158, 0.18001350000849925, 0.19678329999442212, 0.2134688000078313, 0.23012029999517836, 0.24642839998705313, 0.2630938999936916, 0.27992870000889525, 0.29659220000030473, 0.31365210001240484, 0.330672100011725, 0.34651850000955164, 0.3635138999961782, 0.3800383000052534, 0.3968006999930367, 0.4135562999872491, 0.4301659000047948, 0.44690449998597614, 0.46322040000814013, 0.47986170000513084, 0.49714910000329837]	186.0	279.0	0.7	8a
49	3	go_only	0	18	7	go	click	[47.0, 47.0, 51.0, 56.0, 60.0, 65.0, 71.0, 87.0, 101.0, 113.0, 126.0, 144.0, 160.0, 171.0, 182.0, 193.0, 206.0, 218.0, 229.0, 242.0, 244.0, 245.0, 247.0, 247.0, 247.0, 247.0, 247.0, 247.0, 247.0, 247.0, 247.0, 247.0]	[-256.0, -256.0, -238.0, -209.0, -184.0, -163.0, -141.0, -87.0, -45.0, -9.0, 28.0, 66.0, 99.0, 124.0, 146.0, 169.0, 193.0, 215.0, 242.0, 276.0, 289.0, 298.0, 307.0, 311.0, 312.0, 312.0, 313.0, 313.0, 313.0, 313.0, 313.0, 313.0]	[0, 0, 0, 0, 0, 0, 0, 0, 0, 0, 0, 0, 0, 0, 0, 0, 0, 0, 0, 0, 0, 0, 0, 0, 0, 0, 0, 0, 0, 0, 0, 1]	[0, 0, 0, 0, 0, 0, 0, 0, 0, 0, 0, 0, 0, 0, 0, 0, 0, 0, 0, 0, 0, 0, 0, 0, 0, 0, 0, 0, 0, 0, 0, 0]	[0, 0, 0, 0, 0, 0, 0, 0, 0, 0, 0, 0, 0, 0, 0, 0, 0, 0, 0, 0, 0, 0, 0, 0, 0, 0, 0, 0, 0, 0, 0, 0]	[0.00022079999325796962, 0.01118609998957254, 0.027686299988999963, 0.04433840001001954, 0.06119889998808503, 0.07779569999547675, 0.09457339998334646, 0.11164399998961017, 0.12785900000017136, 0.14475629999651574, 0.1610627000045497, 0.1777347000024747, 0.19433669999125414, 0.21093309999560006, 0.2277268999896478, 0.2441908000037074, 0.26090160000603646, 0.2777912000019569, 0.29427250000298955, 0.31135629999334924, 0.32818340000812896, 0.3446875000081491, 0.36094929999671876, 0.3779435000033118, 0.39440630000899546, 0.4111421999987215, 0.4276884999999311, 0.44426829999429174, 0.46109560001059435, 0.4774811000097543, 0.4941523000015877, 0.5110218999907374]	247.0	313.0	0.6	8a
50	3	go_only	0	18	6	go	click	[-1.0, -1.0, 6.0, 23.0, 41.0, 62.0, 86.0, 103.0, 119.0, 129.0, 139.0, 147.0, 159.0, 173.0, 178.0, 178.0, 178.0, 178.0, 178.0, 180.0, 185.0, 190.0, 193.0, 193.0, 193.0, 193.0, 193.0, 193.0, 195.0, 195.0, 195.0]	[-227.0, -227.0, -188.0, -82.0, -13.0, 42.0, 95.0, 129.0, 153.0, 170.0, 185.0, 199.0, 213.0, 231.0, 239.0, 239.0, 239.0, 240.0, 240.0, 245.0, 257.0, 269.0, 274.0, 275.0, 276.0, 276.0, 276.0, 278.0, 280.0, 280.0, 280.0]	[0, 0, 0, 0, 0, 0, 0, 0, 0, 0, 0, 0, 0, 0, 0, 0, 0, 0, 0, 0, 0, 0, 0, 0, 0, 0, 0, 0, 0, 0, 1]	[0, 0, 0, 0, 0, 0, 0, 0, 0, 0, 0, 0, 0, 0, 0, 0, 0, 0, 0, 0, 0, 0, 0, 0, 0, 0, 0, 0, 0, 0, 0]	[0, 0, 0, 0, 0, 0, 0, 0, 0, 0, 0, 0, 0, 0, 0, 0, 0, 0, 0, 0, 0, 0, 0, 0, 0, 0, 0, 0, 0, 0, 0]	[0.00018850000924430788, 0.010275299981003627, 0.026891999994404614, 0.04339790000813082, 0.06007659999886528, 0.07694800000172108, 0.09366990000125952, 0.10982039998634718, 0.12674109998624772, 0.1433893000066746, 0.16000209999037907, 0.1766998999810312, 0.19341760000679642, 0.21014629999990575, 0.22647049999795854, 0.24318099999800324, 0.2600574000098277, 0.27648909998242743, 0.29391139998915605, 0.31010579998837784, 0.3264869999838993, 0.34340730000985786, 0.3600201999943238, 0.37653619999764487, 0.3930771999876015, 0.40968250000150874, 0.42657019998296164, 0.4434260999842081, 0.45975839998573065, 0.47657579998485744, 0.49318429999402724]	195.0	280.0	0.6	8a
51	3	go_only	0	18	4	go	click	[70.0, 70.0, 89.0, 150.0, 181.0, 197.0, 209.0, 214.0, 219.0, 220.0, 221.0, 225.0, 230.0, 232.0, 232.0, 232.0, 232.0, 232.0, 232.0, 232.0, 232.0, 232.0, 232.0, 232.0, 232.0]	[-194.0, -194.0, -144.0, 10.0, 87.0, 140.0, 178.0, 212.0, 235.0, 246.0, 255.0, 266.0, 282.0, 303.0, 306.0, 306.0, 306.0, 306.0, 306.0, 310.0, 312.0, 312.0, 312.0, 312.0, 312.0]	[0, 0, 0, 0, 0, 0, 0, 0, 0, 0, 0, 0, 0, 0, 0, 0, 0, 0, 0, 0, 0, 0, 0, 0, 1]	[0, 0, 0, 0, 0, 0, 0, 0, 0, 0, 0, 0, 0, 0, 0, 0, 0, 0, 0, 0, 0, 0, 0, 0, 0]	[0, 0, 0, 0, 0, 0, 0, 0, 0, 0, 0, 0, 0, 0, 0, 0, 0, 0, 0, 0, 0, 0, 0, 0, 0]	[0.00018370000179857016, 0.01112689997535199, 0.028030999994371086, 0.04434409999521449, 0.06103939999593422, 0.07775949998176657, 0.09459379999316297, 0.11098099997616373, 0.12776779997511767, 0.14467680000234395, 0.16108639998128638, 0.17806569999083877, 0.19471929999417625, 0.2109811999835074, 0.22769859997788444, 0.24459779998869635, 0.2610807000019122, 0.2778698999900371, 0.29440649997559376, 0.31121169999823906, 0.3274927999882493, 0.34419049997814, 0.36114480000105686, 0.3775562999944668, 0.39465189998736605]	232.0	312.0	0.6	8a
52	3	go_only	0	18	6	go	click	[61.0, 61.0, 83.0, 102.0, 118.0, 131.0, 141.0, 149.0, 150.0, 151.0, 151.0, 151.0, 151.0, 151.0, 151.0, 151.0, 151.0, 151.0, 153.0, 164.0, 176.0, 186.0, 190.0, 192.0, 193.0, 195.0, 195.0, 195.0, 195.0]	[-197.0, -197.0, -115.0, -31.0, 44.0, 112.0, 162.0, 197.0, 214.0, 216.0, 218.0, 220.0, 222.0, 223.0, 223.0, 223.0, 223.0, 223.0, 231.0, 253.0, 278.0, 294.0, 301.0, 304.0, 308.0, 311.0, 312.0, 312.0, 312.0]	[0, 0, 0, 0, 0, 0, 0, 0, 0, 0, 0, 0, 0, 0, 0, 0, 0, 0, 0, 0, 0, 0, 0, 0, 0, 0, 0, 0, 1]	[0, 0, 0, 0, 0, 0, 0, 0, 0, 0, 0, 0, 0, 0, 0, 0, 0, 0, 0, 0, 0, 0, 0, 0, 0, 0, 0, 0, 0]	[0, 0, 0, 0, 0, 0, 0, 0, 0, 0, 0, 0, 0, 0, 0, 0, 0, 0, 0, 0, 0, 0, 0, 0, 0, 0, 0, 0, 0]	[0.00018580001778900623, 0.010944200010271743, 0.027037399995606393, 0.04377730001579039, 0.06054330000188202, 0.07709330000216141, 0.09361229999922216, 0.11034400001517497, 0.12706070000422187, 0.14443020001635887, 0.160493100003805, 0.1782559000130277, 0.19370380000327714, 0.21008449999499135, 0.2278410000144504, 0.24358750000828877, 0.26021100001526065, 0.2771047000132967, 0.29398610000498593, 0.3105261000164319, 0.32737230000202544, 0.3436600000131875, 0.36012910000863485, 0.3773393000010401, 0.3943266000133008, 0.41041450001648627, 0.4267827000003308, 0.4434868000098504, 0.46074720000615343]	195.0	312.0	0.7	8a
53	3	go_only	0	18	7	go	click	[36.0, 36.0, 54.0, 80.0, 104.0, 133.0, 164.0, 189.0, 205.0, 213.0, 216.0, 216.0, 216.0, 216.0, 216.0, 216.0, 216.0, 215.0, 215.0, 214.0, 214.0, 214.0, 214.0, 214.0, 214.0, 215.0, 218.0, 220.0, 220.0, 220.0, 220.0]	[-256.0, -256.0, -205.0, -145.0, -85.0, -19.0, 43.0, 96.0, 139.0, 172.0, 193.0, 200.0, 204.0, 219.0, 228.0, 232.0, 233.0, 235.0, 239.0, 249.0, 260.0, 267.0, 267.0, 267.0, 268.0, 280.0, 290.0, 297.0, 297.0, 297.0, 297.0]	[0, 0, 0, 0, 0, 0, 0, 0, 0, 0, 0, 0, 0, 0, 0, 0, 0, 0, 0, 0, 0, 0, 0, 0, 0, 0, 0, 0, 0, 0, 1]	[0, 0, 0, 0, 0, 0, 0, 0, 0, 0, 0, 0, 0, 0, 0, 0, 0, 0, 0, 0, 0, 0, 0, 0, 0, 0, 0, 0, 0, 0, 0]	[0, 0, 0, 0, 0, 0, 0, 0, 0, 0, 0, 0, 0, 0, 0, 0, 0, 0, 0, 0, 0, 0, 0, 0, 0, 0, 0, 0, 0, 0, 0]	[0.00020400001085363328, 0.009975099994335324, 0.02674739999929443, 0.043599800002994016, 0.0602595999953337, 0.07667490001767874, 0.09346780000487342, 0.1101044999959413, 0.12678990000858903, 0.14359210000839084, 0.16013350000139326, 0.17669700001715682, 0.19337300001643598, 0.2101396000070963, 0.22703569999430329, 0.2436438000004273, 0.25992090001818724, 0.27648970001609996, 0.293216999998549, 0.31009549999726005, 0.32666479999898, 0.34326389999478124, 0.35974220000207424, 0.3766380000161007, 0.3934449000225868, 0.41029790000175126, 0.42676460000802763, 0.44309939999948256, 0.4597727000073064, 0.47654450000845827, 0.49367090000305325]	220.0	297.0	0.6	8a
54	3	go_only	0	18	4	go	click	[79.0, 79.0, 79.0, 79.0, 90.0, 103.0, 114.0, 122.0, 127.0, 131.0, 137.0, 143.0, 145.0, 145.0, 145.0, 145.0, 145.0, 147.0, 151.0, 155.0, 161.0, 167.0, 172.0, 174.0, 175.0, 175.0, 175.0, 175.0, 175.0]	[11.0, 11.0, 11.0, 11.0, 82.0, 149.0, 197.0, 229.0, 248.0, 265.0, 282.0, 297.0, 305.0, 306.0, 306.0, 306.0, 306.0, 306.0, 303.0, 301.0, 297.0, 291.0, 287.0, 286.0, 286.0, 286.0, 286.0, 286.0, 286.0]	[0, 0, 0, 0, 0, 0, 0, 0, 0, 0, 0, 0, 0, 0, 0, 0, 0, 0, 0, 0, 0, 0, 0, 0, 0, 0, 0, 0, 1]	[0, 0, 0, 0, 0, 0, 0, 0, 0, 0, 0, 0, 0, 0, 0, 0, 0, 0, 0, 0, 0, 0, 0, 0, 0, 0, 0, 0, 0]	[0, 0, 0, 0, 0, 0, 0, 0, 0, 0, 0, 0, 0, 0, 0, 0, 0, 0, 0, 0, 0, 0, 0, 0, 0, 0, 0, 0, 0]	[0.00018619999173097312, 0.00325209999573417, 0.0061280000081751496, 0.01735119998920709, 0.03396999998949468, 0.05094640000606887, 0.06755489998613484, 0.08412939999834634, 0.10128100001020357, 0.11769899999490008, 0.13417959999060258, 0.15086669998709112, 0.16724680000334047, 0.18368429999100044, 0.2006208999955561, 0.21702109999023378, 0.23377419999451376, 0.2506088000081945, 0.2672285999869928, 0.28382010001223534, 0.3005369000020437, 0.31776810000883415, 0.3338694999984, 0.3505590000131633, 0.36721230001421645, 0.3839399999997113, 0.4006284000060987, 0.41705419999198057, 0.43395129998680204]	175.0	286.0	0.7	8a
55	4	go_nogo	0	60	2	go	click	[68.0, 68.0, 96.0, 122.0, 143.0, 159.0, 174.0, 184.0, 189.0, 192.0, 194.0, 195.0, 195.0, 195.0, 195.0, 195.0, 195.0, 195.0, 198.0, 199.0, 199.0]	[-174.0, -174.0, -50.0, 59.0, 136.0, 194.0, 240.0, 265.0, 280.0, 288.0, 294.0, 295.0, 296.0, 296.0, 296.0, 296.0, 296.0, 298.0, 305.0, 307.0, 307.0]	[0, 0, 0, 0, 0, 0, 0, 0, 0, 0, 0, 0, 0, 0, 0, 0, 0, 0, 0, 0, 1]	[0, 0, 0, 0, 0, 0, 0, 0, 0, 0, 0, 0, 0, 0, 0, 0, 0, 0, 0, 0, 0]	[0, 0, 0, 0, 0, 0, 0, 0, 0, 0, 0, 0, 0, 0, 0, 0, 0, 0, 0, 0, 0]	[0.00020409998251125216, 0.01007499999832362, 0.026955799985444173, 0.04346279997844249, 0.06021519997739233, 0.0766760999977123, 0.09321900000213645, 0.10976599997957237, 0.1263760000001639, 0.1431299999821931, 0.1599454999959562, 0.17670889999135397, 0.19295879997662269, 0.20954660000279546, 0.22621480000088923, 0.2428455000044778, 0.25959449997753836, 0.27631539999856614, 0.2929112999991048, 0.3094695000036154, 0.32633819998591207]	199.0	307.0	0.6	8a
56	4	go_nogo	0	60	4	go	click	[30.0, 30.0, 43.0, 73.0, 106.0, 133.0, 167.0, 177.0, 181.0, 185.0, 186.0, 187.0, 187.0, 187.0, 187.0, 187.0, 187.0, 187.0, 192.0, 200.0, 214.0, 225.0, 226.0, 224.0, 221.0, 219.0, 219.0, 219.0, 217.0, 216.0, 216.0, 216.0]	[-245.0, -245.0, -193.0, -72.0, 50.0, 163.0, 285.0, 323.0, 344.0, 354.0, 359.0, 362.0, 364.0, 364.0, 364.0, 364.0, 364.0, 364.0, 364.0, 363.0, 352.0, 334.0, 315.0, 293.0, 276.0, 270.0, 270.0, 270.0, 269.0, 269.0, 269.0, 269.0]	[0, 0, 0, 0, 0, 0, 0, 0, 0, 0, 0, 0, 0, 0, 0, 0, 0, 0, 0, 0, 0, 0, 0, 0, 0, 0, 0, 0, 0, 0, 0, 1]	[0, 0, 0, 0, 0, 0, 0, 0, 0, 0, 0, 0, 0, 0, 0, 0, 0, 0, 0, 0, 0, 0, 0, 0, 0, 0, 0, 0, 0, 0, 0, 0]	[0, 0, 0, 0, 0, 0, 0, 0, 0, 0, 0, 0, 0, 0, 0, 0, 0, 0, 0, 0, 0, 0, 0, 0, 0, 0, 0, 0, 0, 0, 0, 0]	[0.00018160001491196454, 0.011625600018305704, 0.02842479999526404, 0.04484790001879446, 0.061513599997852, 0.07817039999645203, 0.0950617000053171, 0.11198000001604669, 0.12830620000022464, 0.14479130000108853, 0.16143360000569373, 0.17833200001041405, 0.19487010000739247, 0.21119530001305975, 0.22793590000947006, 0.24455659999512136, 0.2618032000027597, 0.2789921000075992, 0.295493899990106, 0.3118341999943368, 0.32802370001445524, 0.34506120000150986, 0.36145789999864064, 0.37829429999692366, 0.39495200000237674, 0.41130920001887716, 0.4280060000019148, 0.44484780001221225, 0.4618174000061117, 0.4779897000116762, 0.4948224000108894, 0.5116983999905642]	216.0	269.0	0.5	8a
57	4	go_nogo	0	60	2	go	click	[-40.0, -40.0, -18.0, 17.0, 60.0, 92.0, 120.0, 147.0, 164.0, 174.0, 178.0, 179.0, 179.0, 181.0, 182.0, 183.0, 183.0, 185.0, 187.0, 188.0, 188.0, 188.0, 188.0]	[-264.0, -264.0, -167.0, -57.0, 40.0, 114.0, 168.0, 222.0, 258.0, 278.0, 286.0, 287.0, 287.0, 288.0, 289.0, 290.0, 291.0, 294.0, 301.0, 301.0, 301.0, 301.0, 301.0]	[0, 0, 0, 0, 0, 0, 0, 0, 0, 0, 0, 0, 0, 0, 0, 0, 0, 0, 0, 0, 0, 0, 1]	[0, 0, 0, 0, 0, 0, 0, 0, 0, 0, 0, 0, 0, 0, 0, 0, 0, 0, 0, 0, 0, 0, 0]	[0, 0, 0, 0, 0, 0, 0, 0, 0, 0, 0, 0, 0, 0, 0, 0, 0, 0, 0, 0, 0, 0, 0]	[7.249999907799065e-05, 0.011150900012580678, 0.027817700000014156, 0.044640200008871034, 0.061531599989393726, 0.07800559999304824, 0.09471390000544488, 0.11120260000461712, 0.12774880000506528, 0.14441459998488426, 0.16116150000016205, 0.1776040999975521, 0.19460200000321493, 0.21119760000146925, 0.22778700001072139, 0.2448255000053905, 0.26100830000359565, 0.2777895999897737, 0.29439860000275075, 0.3110640000086278, 0.3276754000107758, 0.34466380000230856, 0.36141320000751875]	188.0	302.0	0.8	8a
58	4	go_nogo	0	60	9	nogo	none	[48.0, 48.0, 59.0, 77.0, 95.0, 111.0, 126.0, 137.0, 142.0, 142.0, 142.0, 142.0, 144.0, 146.0, 147.0, 147.0, 147.0, 147.0, 147.0, 147.0, 147.0, 147.0, 147.0, 147.0, 147.0, 147.0, 147.0, 147.0, 147.0, 147.0, 147.0, 147.0, 147.0, 147.0, 147.0, 147.0, 147.0, 147.0, 147.0, 147.0, 147.0, 147.0, 147.0, 147.0, 147.0, 147.0, 147.0, 147.0, 147.0, 147.0, 147.0, 147.0, 147.0, 147.0, 147.0, 147.0, 147.0]	[-216.0, -216.0, -160.0, -50.0, 46.0, 129.0, 193.0, 234.0, 252.0, 252.0, 252.0, 252.0, 259.0, 264.0, 264.0, 264.0, 264.0, 264.0, 264.0, 264.0, 264.0, 264.0, 265.0, 265.0, 265.0, 265.0, 265.0, 265.0, 265.0, 265.0, 265.0, 265.0, 265.0, 265.0, 265.0, 265.0, 265.0, 265.0, 265.0, 265.0, 265.0, 265.0, 265.0, 265.0, 265.0, 265.0, 265.0, 265.0, 265.0, 265.0, 265.0, 265.0, 265.0, 265.0, 265.0, 265.0, 265.0]	[0, 0, 0, 0, 0, 0, 0, 0, 0, 0, 0, 0, 0, 0, 0, 0, 0, 0, 0, 0, 0, 0, 0, 0, 0, 0, 0, 0, 0, 0, 0, 0, 0, 0, 0, 0, 0, 0, 0, 0, 0, 0, 0, 0, 0, 0, 0, 0, 0, 0, 0, 0, 0, 0, 0, 0, 0]	[0, 0, 0, 0, 0, 0, 0, 0, 0, 0, 0, 0, 0, 0, 0, 0, 0, 0, 0, 0, 0, 0, 0, 0, 0, 0, 0, 0, 0, 0, 0, 0, 0, 0, 0, 0, 0, 0, 0, 0, 0, 0, 0, 0, 0, 0, 0, 0, 0, 0, 0, 0, 0, 0, 0, 0, 0]	[0, 0, 0, 0, 0, 0, 0, 0, 0, 0, 0, 0, 0, 0, 0, 0, 0, 0, 0, 0, 0, 0, 0, 0, 0, 0, 0, 0, 0, 0, 0, 0, 0, 0, 0, 0, 0, 0, 0, 0, 0, 0, 0, 0, 0, 0, 0, 0, 0, 0, 0, 0, 0, 0, 0, 0, 0]	[0.00034810000215657055, 0.009634599991841242, 0.026181699999142438, 0.04309079999802634, 0.05951120000099763, 0.07623249999596737, 0.09294020000379533, 0.10956710000755265, 0.12614209999446757, 0.14288430000306107, 0.15921409998554736, 0.17651640000985935, 0.19269870000425726, 0.20950060000177473, 0.22593670000787824, 0.24260989998583682, 0.2594745999958832, 0.27594749999116175, 0.29275130000314675, 0.3092870000109542, 0.32604909999645315, 0.3427854999899864, 0.3593700999917928, 0.37583959999028593, 0.39226580000831746, 0.40911450001294725, 0.4260109000024386, 0.4424140999908559, 0.4592310999869369, 0.47580409998772666, 0.49253849999513477, 0.509195999999065, 0.5259197000123095, 0.5425488000037149, 0.559275500010699, 0.5760246999852825, 0.5925799999968149, 0.6090357000066433, 0.6257335999980569, 0.6425064000068232, 0.6590878999850247, 0.6758165000064764, 0.6925438999896869, 0.7091316999867558, 0.7258177000039723, 0.7424084999947809, 0.7590941000089515, 0.7758937999897171, 0.7926093999994919, 0.8091897999984212, 0.8257202999957372, 0.8424329000117723, 0.8590640999900643, 0.8757884000078775, 0.8924204999930225, 0.9090500999882352, 0.9256634000048507]	n/a	n/a	0.6	8a
59	4	go_nogo	0	60	7	go	click	[74.0, 74.0, 90.0, 119.0, 144.0, 164.0, 174.0, 181.0, 188.0, 189.0, 191.0, 192.0, 193.0, 196.0, 197.0, 197.0, 197.0, 197.0, 197.0, 197.0, 197.0, 197.0]	[-174.0, -174.0, -117.0, -15.0, 78.0, 148.0, 187.0, 218.0, 247.0, 258.0, 267.0, 276.0, 291.0, 306.0, 308.0, 308.0, 308.0, 308.0, 308.0, 308.0, 308.0, 308.0]	[0, 0, 0, 0, 0, 0, 0, 0, 0, 0, 0, 0, 0, 0, 0, 0, 0, 0, 0, 0, 0, 1]	[0, 0, 0, 0, 0, 0, 0, 0, 0, 0, 0, 0, 0, 0, 0, 0, 0, 0, 0, 0, 0, 0]	[0, 0, 0, 0, 0, 0, 0, 0, 0, 0, 0, 0, 0, 0, 0, 0, 0, 0, 0, 0, 0, 0]	[0.00018269999418407679, 0.01040530001046136, 0.02739810000639409, 0.04364170000189915, 0.060513800010085106, 0.07727720000548288, 0.09363780001876876, 0.1103607999975793, 0.12756379999336787, 0.14380990000790916, 0.16086540001560934, 0.17699790000915527, 0.1936275000043679, 0.2103322000184562, 0.2267907000205014, 0.24348520001512952, 0.2605981999950018, 0.2768270999949891, 0.2935859000135679, 0.31074690000968985, 0.32669430001988076, 0.34353790001478046]	197.0	308.0	0.6	8a
60	4	go_nogo	0	60	9	nogo	none	[57.0, 57.0, 88.0, 117.0, 138.0, 155.0, 162.0, 168.0, 173.0, 177.0, 179.0, 179.0, 179.0, 179.0, 179.0, 179.0, 179.0, 179.0, 179.0, 179.0, 180.0, 180.0, 180.0, 180.0, 180.0, 180.0, 180.0, 180.0, 180.0, 180.0, 180.0, 180.0, 180.0, 180.0, 180.0, 180.0, 180.0, 180.0, 180.0, 180.0, 180.0, 180.0, 180.0, 180.0, 180.0, 180.0, 180.0, 180.0, 180.0, 180.0, 180.0, 180.0, 180.0, 180.0, 180.0, 180.0, 180.0, 180.0, 180.0, 180.0, 180.0, 180.0, 180.0, 180.0]	[-248.0, -248.0, -150.0, -48.0, 21.0, 72.0, 101.0, 126.0, 150.0, 167.0, 180.0, 184.0, 190.0, 196.0, 198.0, 198.0, 198.0, 198.0, 198.0, 200.0, 204.0, 205.0, 206.0, 206.0, 206.0, 206.0, 206.0, 206.0, 206.0, 206.0, 206.0, 206.0, 206.0, 206.0, 206.0, 206.0, 206.0, 206.0, 206.0, 206.0, 206.0, 206.0, 206.0, 206.0, 206.0, 206.0, 206.0, 206.0, 206.0, 206.0, 206.0, 206.0, 206.0, 206.0, 206.0, 206.0, 206.0, 206.0, 206.0, 206.0, 206.0, 206.0, 206.0, 206.0]	[0, 0, 0, 0, 0, 0, 0, 0, 0, 0, 0, 0, 0, 0, 0, 0, 0, 0, 0, 0, 0, 0, 0, 0, 0, 0, 0, 0, 0, 0, 0, 0, 0, 0, 0, 0, 0, 0, 0, 0, 0, 0, 0, 0, 0, 0, 0, 0, 0, 0, 0, 0, 0, 0, 0, 0, 0, 0, 0, 0, 0, 0, 0, 0]	[0, 0, 0, 0, 0, 0, 0, 0, 0, 0, 0, 0, 0, 0, 0, 0, 0, 0, 0, 0, 0, 0, 0, 0, 0, 0, 0, 0, 0, 0, 0, 0, 0, 0, 0, 0, 0, 0, 0, 0, 0, 0, 0, 0, 0, 0, 0, 0, 0, 0, 0, 0, 0, 0, 0, 0, 0, 0, 0, 0, 0, 0, 0, 0]	[0, 0, 0, 0, 0, 0, 0, 0, 0, 0, 0, 0, 0, 0, 0, 0, 0, 0, 0, 0, 0, 0, 0, 0, 0, 0, 0, 0, 0, 0, 0, 0, 0, 0, 0, 0, 0, 0, 0, 0, 0, 0, 0, 0, 0, 0, 0, 0, 0, 0, 0, 0, 0, 0, 0, 0, 0, 0, 0, 0, 0, 0, 0, 0]	[0.00024920000578276813, 0.011062600009609014, 0.02727180000510998, 0.04391190002206713, 0.06066310001187958, 0.077324400015641, 0.09384780001710169, 0.1105515000235755, 0.127227800025139, 0.14387190001434647, 0.16065070001059212, 0.17716780002228916, 0.19404210001812316, 0.21063929999945685, 0.22705680000944994, 0.24367009999696165, 0.26019660002202727, 0.2772592000255827, 0.2941259000217542, 0.3104739999980666, 0.3272785000153817, 0.34401090000756085, 0.3607038000191096, 0.37707919999957085, 0.39380410002195276, 0.41058710002107546, 0.4271784000156913, 0.44375900001614355, 0.46051940001780167, 0.47729260000051, 0.49396380002144724, 0.5105674000224099, 0.5272444000001997, 0.543802100000903, 0.5603340000088792, 0.5773241000133567, 0.5936019000073429, 0.610740000003716, 0.6268595000146888, 0.6435136000218336, 0.6602917000127491, 0.6770399000088219, 0.6935677000146825, 0.7102887000073679, 0.7269422000099439, 0.7437395000015385, 0.7601883000170346, 0.776828200003365, 0.7934793000167701, 0.8102996000088751, 0.827032600005623, 0.8435416000138503, 0.8605314000160433, 0.8768619000038598, 0.8933975000109058, 0.9103480000048876, 0.926886100001866, 0.9437918000039645, 0.9605485000065528, 0.9771234000218101, 0.9936861000023782, 1.0103499000251759, 1.02693530000397, 1.0438880000147037]	n/a	n/a	1.0	8a
61	4	go_nogo	0	60	8	go	click	[93.0, 93.0, 115.0, 153.0, 188.0, 214.0, 239.0, 246.0, 250.0, 250.0, 250.0, 250.0, 249.0, 249.0, 248.0, 248.0, 248.0, 247.0, 243.0, 240.0, 237.0, 232.0, 229.0, 228.0, 228.0, 228.0, 228.0, 228.0]	[-205.0, -205.0, -147.0, -36.0, 74.0, 175.0, 261.0, 303.0, 327.0, 332.0, 336.0, 341.0, 354.0, 363.0, 364.0, 364.0, 364.0, 364.0, 364.0, 362.0, 359.0, 351.0, 346.0, 345.0, 344.0, 344.0, 344.0, 344.0]	[0, 0, 0, 0, 0, 0, 0, 0, 0, 0, 0, 0, 0, 0, 0, 0, 0, 0, 0, 0, 0, 0, 0, 0, 0, 0, 0, 1]	[0, 0, 0, 0, 0, 0, 0, 0, 0, 0, 0, 0, 0, 0, 0, 0, 0, 0, 0, 0, 0, 0, 0, 0, 0, 0, 0, 0]	[0, 0, 0, 0, 0, 0, 0, 0, 0, 0, 0, 0, 0, 0, 0, 0, 0, 0, 0, 0, 0, 0, 0, 0, 0, 0, 0, 0]	[0.00019400002202019095, 0.009432500024558976, 0.026238800026476383, 0.043143500020960346, 0.05937540001468733, 0.07619340001838282, 0.09296950002317317, 0.10945590000483207, 0.12636910000583157, 0.14323490002425388, 0.15950860001612455, 0.1760952000040561, 0.19271290002507158, 0.20946280000498518, 0.22573970002122223, 0.2424503000220284, 0.25951920001534745, 0.2760701000224799, 0.29251420000218786, 0.3091833000071347, 0.32586860001902096, 0.34249970002565533, 0.359747900016373, 0.3759806000161916, 0.39265210001030937, 0.4092704000067897, 0.42585100000724196, 0.44267120002768934]	228.0	344.0	1.0	8a
62	4	go_nogo	0	60	6	go	click	[-24.0, -24.0, -24.0, -22.0, -22.0, -22.0, -19.0, -5.0, 19.0, 53.0, 90.0, 120.0, 130.0, 135.0, 138.0, 142.0, 145.0, 147.0, 148.0, 153.0, 155.0, 156.0, 156.0, 156.0, 157.0, 160.0, 165.0, 175.0, 184.0, 188.0, 191.0, 192.0, 193.0, 194.0, 195.0, 195.0, 195.0, 195.0]	[-284.0, -284.0, -262.0, -249.0, -246.0, -244.0, -223.0, -168.0, -86.0, 21.0, 124.0, 210.0, 245.0, 271.0, 296.0, 320.0, 343.0, 362.0, 376.0, 397.0, 407.0, 408.0, 408.0, 408.0, 404.0, 396.0, 376.0, 349.0, 326.0, 315.0, 310.0, 308.0, 307.0, 305.0, 302.0, 302.0, 302.0, 302.0]	[0, 0, 0, 0, 0, 0, 0, 0, 0, 0, 0, 0, 0, 0, 0, 0, 0, 0, 0, 0, 0, 0, 0, 0, 0, 0, 0, 0, 0, 0, 0, 0, 0, 0, 0, 0, 0, 1]	[0, 0, 0, 0, 0, 0, 0, 0, 0, 0, 0, 0, 0, 0, 0, 0, 0, 0, 0, 0, 0, 0, 0, 0, 0, 0, 0, 0, 0, 0, 0, 0, 0, 0, 0, 0, 0, 0]	[0, 0, 0, 0, 0, 0, 0, 0, 0, 0, 0, 0, 0, 0, 0, 0, 0, 0, 0, 0, 0, 0, 0, 0, 0, 0, 0, 0, 0, 0, 0, 0, 0, 0, 0, 0, 0, 0]	[8.650001836940646e-05, 0.010465700004715472, 0.027186100021936, 0.04382620000978932, 0.06032020002021454, 0.07714350000605918, 0.09378630001447164, 0.11050450001494028, 0.12689620000310242, 0.14367910000146367, 0.1606634000199847, 0.17692220001481473, 0.19410650001373142, 0.21020380000118166, 0.2268261999997776, 0.2437705000047572, 0.260202700010268, 0.27713100000983104, 0.29383330000564456, 0.3105197999975644, 0.32686329999705777, 0.34334590000798926, 0.3600594000017736, 0.3767929000023287, 0.3935343000048306, 0.4104824000096414, 0.4271186999976635, 0.4433204999950249, 0.4600940000091214, 0.47657160001108423, 0.49335110001266, 0.5100642000033986, 0.5269305999972858, 0.543345500016585, 0.5600263999949675, 0.5767088000138756, 0.5932409999950323, 0.610171900014393]	195.0	302.0	0.6	8a
63	4	go_nogo	0	60	1	nogo	none	[35.0, 35.0, 53.0, 73.0, 93.0, 117.0, 135.0, 149.0, 160.0, 168.0, 174.0, 179.0, 181.0, 182.0, 182.0, 183.0, 183.0, 183.0, 183.0, 183.0, 183.0, 183.0, 183.0, 184.0, 186.0, 189.0, 189.0, 189.0, 189.0, 189.0, 189.0, 189.0, 189.0, 189.0, 189.0, 189.0, 189.0, 189.0, 189.0, 189.0, 189.0, 190.0, 190.0, 190.0, 190.0, 190.0, 190.0, 190.0, 190.0, 190.0, 190.0, 190.0, 190.0, 190.0, 190.0, 190.0, 190.0, 190.0, 190.0, 190.0, 190.0, 190.0, 190.0, 190.0, 190.0, 190.0, 190.0, 190.0, 190.0, 190.0]	[-300.0, -300.0, -245.0, -179.0, -110.0, -28.0, 41.0, 97.0, 142.0, 176.0, 205.0, 224.0, 230.0, 237.0, 239.0, 241.0, 241.0, 241.0, 241.0, 241.0, 241.0, 241.0, 243.0, 246.0, 254.0, 267.0, 270.0, 270.0, 270.0, 270.0, 270.0, 270.0, 270.0, 270.0, 270.0, 270.0, 270.0, 270.0, 270.0, 270.0, 270.0, 270.0, 270.0, 270.0, 270.0, 270.0, 270.0, 270.0, 270.0, 270.0, 270.0, 270.0, 270.0, 270.0, 270.0, 270.0, 270.0, 270.0, 270.0, 270.0, 270.0, 270.0, 270.0, 270.0, 270.0, 270.0, 270.0, 270.0, 270.0, 270.0]	[0, 0, 0, 0, 0, 0, 0, 0, 0, 0, 0, 0, 0, 0, 0, 0, 0, 0, 0, 0, 0, 0, 0, 0, 0, 0, 0, 0, 0, 0, 0, 0, 0, 0, 0, 0, 0, 0, 0, 0, 0, 0, 0, 0, 0, 0, 0, 0, 0, 0, 0, 0, 0, 0, 0, 0, 0, 0, 0, 0, 0, 0, 0, 0, 0, 0, 0, 0, 0, 0]	[0, 0, 0, 0, 0, 0, 0, 0, 0, 0, 0, 0, 0, 0, 0, 0, 0, 0, 0, 0, 0, 0, 0, 0, 0, 0, 0, 0, 0, 0, 0, 0, 0, 0, 0, 0, 0, 0, 0, 0, 0, 0, 0, 0, 0, 0, 0, 0, 0, 0, 0, 0, 0, 0, 0, 0, 0, 0, 0, 0, 0, 0, 0, 0, 0, 0, 0, 0, 0, 0]	[0, 0, 0, 0, 0, 0, 0, 0, 0, 0, 0, 0, 0, 0, 0, 0, 0, 0, 0, 0, 0, 0, 0, 0, 0, 0, 0, 0, 0, 0, 0, 0, 0, 0, 0, 0, 0, 0, 0, 0, 0, 0, 0, 0, 0, 0, 0, 0, 0, 0, 0, 0, 0, 0, 0, 0, 0, 0, 0, 0, 0, 0, 0, 0, 0, 0, 0, 0, 0, 0]	[7.360000745393336e-05, 0.010418899997603148, 0.02733700000680983, 0.043688800011295825, 0.06023609999101609, 0.07698610000079498, 0.09364489998552017, 0.11012589998426847, 0.12711420000414364, 0.1436948000045959, 0.16032190000987612, 0.17686269999830984, 0.19360810000216588, 0.21029270000872202, 0.22731560000102036, 0.24341110000386834, 0.2601837000111118, 0.27679850001004525, 0.29344849998597056, 0.30992430000333115, 0.32674869999755174, 0.34380989999044687, 0.36010130000067875, 0.3770016999915242, 0.3937343999859877, 0.41016090000630356, 0.4268406000046525, 0.44333670000196435, 0.46010599998407997, 0.4767998000024818, 0.49339610000606626, 0.51005479999003, 0.5267181000090204, 0.5434348999988288, 0.5599975000077393, 0.5765327000117395, 0.5932854000129737, 0.6100175000028685, 0.6267493999912404, 0.6434049000090454, 0.6602229999843985, 0.6767433999921195, 0.6933875000104308, 0.7102072999987286, 0.7267988999956287, 0.7433927000092808, 0.7602700999996159, 0.7769060999853536, 0.7933494999888353, 0.8101408999937121, 0.8267049999849405, 0.8433422000089195, 0.8600762999849394, 0.8769660000107251, 0.8933854000060819, 0.9101211999950465, 0.926813600002788, 0.9434032999852207, 0.9602481999900192, 0.9771611999894958, 0.993570999999065, 1.009992000006605, 1.0267486000084318, 1.0435241000086535, 1.0600362000113819, 1.0766407999908552, 1.0933980999980122, 1.1100906000065152, 1.126594400004251, 1.14312210000935]	n/a	n/a	0.8	8a
64	4	go_nogo	0	60	4	go	click	[42.0, 42.0, 57.0, 92.0, 103.0, 117.0, 129.0, 141.0, 147.0, 149.0, 152.0, 153.0, 155.0, 155.0, 157.0, 164.0, 182.0, 220.0, 256.0, 277.0, 292.0, 302.0, 309.0, 310.0, 310.0, 310.0, 308.0, 307.0, 305.0, 301.0, 295.0, 286.0, 279.0, 272.0, 264.0, 257.0, 254.0, 252.0, 250.0, 249.0, 247.0, 245.0, 245.0, 245.0, 245.0, 245.0, 245.0, 245.0, 245.0, 245.0, 245.0, 245.0, 245.0, 245.0, 245.0, 245.0, 245.0, 245.0, 245.0, 245.0, 245.0, 245.0, 245.0, 245.0, 245.0, 245.0, 245.0, 245.0, 245.0, 245.0, 245.0, 245.0, 245.0, 245.0, 245.0, 245.0, 245.0, 245.0, 245.0, 245.0, 245.0, 245.0, 245.0, 245.0, 245.0, 245.0, 245.0, 245.0, 245.0, 245.0, 245.0, 245.0]	[-278.0, -278.0, -247.0, -168.0, -131.0, -98.0, -54.0, -17.0, 6.0, 20.0, 28.0, 36.0, 40.0, 42.0, 48.0, 64.0, 109.0, 194.0, 272.0, 317.0, 360.0, 403.0, 436.0, 452.0, 461.0, 466.0, 476.0, 480.0, 480.0, 480.0, 476.0, 467.0, 455.0, 436.0, 417.0, 399.0, 388.0, 380.0, 369.0, 360.0, 349.0, 341.0, 339.0, 339.0, 339.0, 339.0, 338.0, 338.0, 338.0, 338.0, 338.0, 338.0, 338.0, 338.0, 338.0, 338.0, 338.0, 338.0, 338.0, 338.0, 338.0, 338.0, 338.0, 338.0, 338.0, 338.0, 338.0, 338.0, 338.0, 338.0, 338.0, 338.0, 338.0, 338.0, 338.0, 338.0, 338.0, 338.0, 338.0, 338.0, 338.0, 338.0, 338.0, 338.0, 338.0, 338.0, 338.0, 338.0, 338.0, 338.0, 338.0, 338.0]	[0, 0, 0, 0, 0, 0, 0, 0, 0, 0, 0, 0, 0, 0, 0, 0, 0, 0, 0, 0, 0, 0, 0, 0, 0, 0, 0, 0, 0, 0, 0, 0, 0, 0, 0, 0, 0, 0, 0, 0, 0, 0, 0, 0, 0, 0, 0, 0, 0, 0, 0, 0, 0, 0, 0, 0, 0, 0, 0, 0, 0, 0, 0, 0, 0, 0, 0, 0, 0, 0, 0, 0, 0, 0, 0, 0, 0, 0, 0, 0, 0, 0, 0, 0, 0, 0, 0, 0, 0, 0, 0, 0]	[0, 0, 0, 0, 0, 0, 0, 0, 0, 0, 0, 0, 0, 0, 0, 0, 0, 0, 0, 0, 0, 0, 0, 0, 0, 0, 0, 0, 0, 0, 0, 0, 0, 0, 0, 0, 0, 0, 0, 0, 0, 0, 0, 0, 0, 0, 0, 0, 0, 0, 0, 0, 0, 0, 0, 0, 0, 0, 0, 0, 0, 0, 0, 0, 0, 0, 0, 0, 0, 0, 0, 0, 0, 0, 0, 0, 0, 0, 0, 0, 0, 0, 0, 0, 0, 0, 0, 0, 0, 0, 0, 0]	[0, 0, 0, 0, 0, 0, 0, 0, 0, 0, 0, 0, 0, 0, 0, 0, 0, 0, 0, 0, 0, 0, 0, 0, 0, 0, 0, 0, 0, 0, 0, 0, 0, 0, 0, 0, 0, 0, 0, 0, 0, 0, 0, 0, 0, 0, 0, 0, 0, 0, 0, 0, 0, 0, 0, 0, 0, 0, 0, 0, 0, 0, 0, 0, 0, 0, 0, 0, 0, 0, 0, 0, 0, 0, 0, 0, 0, 0, 0, 0, 0, 0, 0, 0, 0, 0, 0, 0, 0, 0, 0, 0]	[0.0002094999945256859, 0.009517700003925711, 0.026737799984402955, 0.04319009999744594, 0.059789499995531514, 0.07632759999250993, 0.0931241000071168, 0.10975509998388588, 0.12645700000575744, 0.143142099987017, 0.1595454000052996, 0.1760913000034634, 0.19279179998557083, 0.20967169999494217, 0.22697580000385642, 0.24316600000020117, 0.25961360000655986, 0.2762300999893341, 0.29296990000875667, 0.30971129998215474, 0.3263137000030838, 0.34304949999204837, 0.3595762999902945, 0.37623699998948723, 0.3928617000055965, 0.4098064999852795, 0.42666040000040084, 0.4437292999937199, 0.45957109998562373, 0.47632570000132546, 0.4929635000007693, 0.5098424000025261, 0.5260811999905854, 0.5430044999811798, 0.5593058999802452, 0.5759624000056647, 0.5927976999955717, 0.6095920999941882, 0.6262976999860257, 0.6435397999885026, 0.6594131999881938, 0.676064100000076, 0.6927670000004582, 0.7094115999934729, 0.7259131000027992, 0.742826600006083, 0.7592147999966983, 0.7757023999874946, 0.7925302000076044, 0.8091328000009526, 0.8258940999803599, 0.8424641999881715, 0.859277799987467, 0.8759269999864046, 0.892735300003551, 0.9092675999854691, 0.9259737999818753, 0.9430290999880526, 0.959176500007743, 0.9760888000018895, 0.9926100999873597, 1.00924230000237, 1.025862499984214, 1.042493299988564, 1.0595649000024423, 1.0759231999982148, 1.0925920000008773, 1.1094757999817375, 1.1258737999887671, 1.1427044000010937, 1.1593008000054397, 1.1758798999944702, 1.1925149000016972, 1.2091397999902256, 1.225687600002857, 1.2423642000067048, 1.2590750999806914, 1.2758216999936849, 1.2925666999944951, 1.309116599994013, 1.3259040999982972, 1.3424712999840267, 1.3591375999967568, 1.375811200006865, 1.392474599997513, 1.4091071999864653, 1.4259510999836493, 1.4425010999839287, 1.4590692000056151, 1.4759363000048324, 1.49266279998119, 1.5090483999811113]	n/a	n/a	1.0	8a
65	4	go_nogo	0	60	3	go	click	[114.0, 114.0, 144.0, 198.0, 237.0, 263.0, 273.0, 278.0, 281.0, 281.0, 281.0, 282.0, 282.0, 282.0, 282.0, 280.0, 271.0, 265.0, 258.0, 253.0, 245.0, 237.0, 231.0, 226.0, 225.0, 225.0, 225.0, 225.0, 225.0, 225.0, 225.0, 225.0, 225.0, 225.0]	[-127.0, -127.0, -45.0, 110.0, 237.0, 335.0, 369.0, 394.0, 411.0, 416.0, 419.0, 429.0, 452.0, 462.0, 463.0, 463.0, 461.0, 456.0, 444.0, 429.0, 406.0, 377.0, 354.0, 337.0, 330.0, 329.0, 328.0, 328.0, 328.0, 326.0, 322.0, 320.0, 320.0, 320.0]	[0, 0, 0, 0, 0, 0, 0, 0, 0, 0, 0, 0, 0, 0, 0, 0, 0, 0, 0, 0, 0, 0, 0, 0, 0, 0, 0, 0, 0, 0, 0, 0, 0, 1]	[0, 0, 0, 0, 0, 0, 0, 0, 0, 0, 0, 0, 0, 0, 0, 0, 0, 0, 0, 0, 0, 0, 0, 0, 0, 0, 0, 0, 0, 0, 0, 0, 0, 0]	[0, 0, 0, 0, 0, 0, 0, 0, 0, 0, 0, 0, 0, 0, 0, 0, 0, 0, 0, 0, 0, 0, 0, 0, 0, 0, 0, 0, 0, 0, 0, 0, 0, 0]	[0.00018010000349022448, 0.010130100010428578, 0.02666609999141656, 0.04313989999354817, 0.06000910000875592, 0.07667350000701845, 0.09347289998549968, 0.11054759999387898, 0.12679400001070462, 0.14314860000740737, 0.15989099998841994, 0.17676400000345893, 0.19346629999927245, 0.21016789998975582, 0.2267592999851331, 0.2434789999970235, 0.2601421999861486, 0.27676659999997355, 0.2935001000005286, 0.31010189998778515, 0.32664139999542385, 0.34348290000343695, 0.3599826999998186, 0.3766841999895405, 0.3934051000105683, 0.40992750000441447, 0.42664560000412166, 0.4430848000047263, 0.45994380000047386, 0.4770291000022553, 0.49329390001366846, 0.5097511000058148, 0.5265692000102717, 0.5433626000012737]	225.0	320.0	0.9	8a
66	4	go_nogo	0	60	3	go	click	[70.0, 70.0, 89.0, 120.0, 142.0, 158.0, 171.0, 174.0, 175.0, 178.0, 179.0, 181.0, 184.0, 186.0, 186.0, 186.0, 186.0, 186.0, 186.0, 186.0, 186.0, 186.0, 186.0]	[-166.0, -166.0, -112.0, -13.0, 75.0, 151.0, 220.0, 248.0, 267.0, 280.0, 291.0, 305.0, 322.0, 331.0, 331.0, 331.0, 331.0, 331.0, 331.0, 331.0, 331.0, 331.0, 331.0]	[0, 0, 0, 0, 0, 0, 0, 0, 0, 0, 0, 0, 0, 0, 0, 0, 0, 0, 0, 0, 0, 0, 1]	[0, 0, 0, 0, 0, 0, 0, 0, 0, 0, 0, 0, 0, 0, 0, 0, 0, 0, 0, 0, 0, 0, 0]	[0, 0, 0, 0, 0, 0, 0, 0, 0, 0, 0, 0, 0, 0, 0, 0, 0, 0, 0, 0, 0, 0, 0]	[0.00037670001620426774, 0.01131800000439398, 0.0280454000167083, 0.04459900001529604, 0.061020599998300895, 0.07800780000980012, 0.09481040001264773, 0.11112290000892244, 0.12786960002267733, 0.14510429999791086, 0.16139200000907294, 0.17788570001721382, 0.19459480000659823, 0.21081920000142418, 0.227718600013759, 0.24429960001725703, 0.2609764000226278, 0.27751380001427606, 0.29404440001235344, 0.31096630002139136, 0.327467399998568, 0.3441985000099521, 0.3610888000112027]	186.0	331.0	0.7	8a
67	4	go_nogo	0	60	4	go	click	[56.0, 56.0, 65.0, 91.0, 130.0, 154.0, 176.0, 190.0, 196.0, 198.0, 198.0, 198.0, 200.0, 202.0, 203.0, 203.0, 203.0, 203.0, 203.0, 203.0, 203.0, 203.0, 203.0]	[-206.0, -206.0, -174.0, -99.0, 28.0, 110.0, 177.0, 230.0, 256.0, 269.0, 276.0, 283.0, 298.0, 314.0, 316.0, 316.0, 316.0, 316.0, 316.0, 316.0, 316.0, 316.0, 316.0]	[0, 0, 0, 0, 0, 0, 0, 0, 0, 0, 0, 0, 0, 0, 0, 0, 0, 0, 0, 0, 0, 0, 1]	[0, 0, 0, 0, 0, 0, 0, 0, 0, 0, 0, 0, 0, 0, 0, 0, 0, 0, 0, 0, 0, 0, 0]	[0, 0, 0, 0, 0, 0, 0, 0, 0, 0, 0, 0, 0, 0, 0, 0, 0, 0, 0, 0, 0, 0, 0]	[0.00018909998470917344, 0.011859299993375316, 0.02841699999407865, 0.04545010000583716, 0.06239289999939501, 0.07830379999359138, 0.09507290000328794, 0.11188789998413995, 0.12838489998830482, 0.14518130000215024, 0.1616947999864351, 0.17843520001042634, 0.19513750000623986, 0.21160919999238104, 0.22816699999384582, 0.2448005999904126, 0.26171699998667464, 0.2782731000042986, 0.2947569999960251, 0.3114763000048697, 0.328008399985265, 0.34474629999022, 0.3617361999931745]	203.0	316.0	0.8	8a
68	4	go_nogo	0	60	1	nogo	none	[35.0, 35.0, 39.0, 52.0, 78.0, 102.0, 121.0, 136.0, 141.0, 146.0, 148.0, 149.0, 150.0, 151.0, 156.0, 158.0, 161.0, 164.0, 165.0, 166.0, 166.0, 166.0, 166.0, 166.0, 166.0, 166.0, 166.0, 166.0, 166.0, 166.0, 166.0, 166.0, 166.0, 166.0, 166.0, 166.0, 166.0, 166.0, 166.0, 166.0, 166.0, 166.0, 166.0, 166.0, 166.0, 166.0, 166.0, 166.0, 166.0, 166.0, 166.0, 166.0, 166.0, 166.0, 166.0, 166.0, 166.0, 166.0, 166.0, 166.0, 166.0, 166.0]	[-271.0, -271.0, -244.0, -181.0, -84.0, -20.0, 35.0, 84.0, 119.0, 141.0, 154.0, 162.0, 168.0, 177.0, 193.0, 199.0, 217.0, 224.0, 229.0, 229.0, 229.0, 229.0, 229.0, 229.0, 229.0, 229.0, 229.0, 229.0, 229.0, 229.0, 229.0, 229.0, 229.0, 229.0, 229.0, 229.0, 229.0, 229.0, 229.0, 229.0, 229.0, 229.0, 229.0, 229.0, 229.0, 229.0, 229.0, 229.0, 229.0, 229.0, 229.0, 229.0, 229.0, 229.0, 229.0, 229.0, 229.0, 229.0, 229.0, 229.0, 229.0, 229.0]	[0, 0, 0, 0, 0, 0, 0, 0, 0, 0, 0, 0, 0, 0, 0, 0, 0, 0, 0, 0, 0, 0, 0, 0, 0, 0, 0, 0, 0, 0, 0, 0, 0, 0, 0, 0, 0, 0, 0, 0, 0, 0, 0, 0, 0, 0, 0, 0, 0, 0, 0, 0, 0, 0, 0, 0, 0, 0, 0, 0, 0, 0]	[0, 0, 0, 0, 0, 0, 0, 0, 0, 0, 0, 0, 0, 0, 0, 0, 0, 0, 0, 0, 0, 0, 0, 0, 0, 0, 0, 0, 0, 0, 0, 0, 0, 0, 0, 0, 0, 0, 0, 0, 0, 0, 0, 0, 0, 0, 0, 0, 0, 0, 0, 0, 0, 0, 0, 0, 0, 0, 0, 0, 0, 0]	[0, 0, 0, 0, 0, 0, 0, 0, 0, 0, 0, 0, 0, 0, 0, 0, 0, 0, 0, 0, 0, 0, 0, 0, 0, 0, 0, 0, 0, 0, 0, 0, 0, 0, 0, 0, 0, 0, 0, 0, 0, 0, 0, 0, 0, 0, 0, 0, 0, 0, 0, 0, 0, 0, 0, 0, 0, 0, 0, 0, 0, 0]	[0.00021649998961947858, 0.011820599989732727, 0.02839220000896603, 0.045523100008722395, 0.061891699995612726, 0.07870159999583848, 0.09515969999483787, 0.11170609999680892, 0.12835549999726936, 0.14541880000615492, 0.16189160000067204, 0.17866840001079254, 0.19519399999990128, 0.21171269999467768, 0.22846849999041297, 0.2459077000094112, 0.2616909999924246, 0.27915529999881983, 0.2953120000020135, 0.3116333000070881, 0.3283706000074744, 0.34493880000081845, 0.3616090999857988, 0.37821389999589883, 0.39528719999361783, 0.4115587999986019, 0.42861119998269714, 0.4449266000010539, 0.4616165999905206, 0.47829249998903833, 0.49487860000226647, 0.5116673999873456, 0.5281484999868553, 0.5447130000102334, 0.5614402999926824, 0.5781233999878168, 0.5947328000038397, 0.6115232000011019, 0.6280638999887742, 0.6447456000023521, 0.6614030000055209, 0.6780263999826275, 0.6946607999852858, 0.7113602999888826, 0.728344900009688, 0.7448322999989614, 0.7616360000101849, 0.7781862999836449, 0.7947879999992438, 0.8117041999939829, 0.828138199984096, 0.844758199993521, 0.8616422000050079, 0.8780978999857325, 0.8948359999922104, 0.9114081999869086, 0.928195999993477, 0.9447075999923982, 0.9615957000060007, 0.9783345999894664, 0.9947892999916803, 1.0115487999864854]	n/a	n/a	0.7	8a
69	4	go_nogo	0	60	4	go	click	[54.0, 54.0, 61.0, 76.0, 92.0, 118.0, 124.0, 134.0, 134.0, 135.0, 135.0, 135.0, 138.0, 140.0, 140.0, 140.0, 140.0, 140.0, 141.0, 144.0, 144.0, 144.0, 144.0, 144.0, 144.0, 144.0, 144.0, 144.0, 144.0, 144.0, 145.0, 146.0, 146.0, 146.0, 146.0, 146.0, 146.0, 146.0, 146.0, 146.0, 146.0, 146.0, 146.0, 146.0, 146.0, 146.0, 146.0, 146.0, 146.0, 146.0, 151.0, 154.0, 157.0, 160.0, 161.0, 162.0, 162.0, 162.0]	[-232.0, -232.0, -188.0, -106.0, -22.0, 101.0, 125.0, 172.0, 198.0, 219.0, 235.0, 251.0, 268.0, 275.0, 276.0, 276.0, 276.0, 276.0, 277.0, 280.0, 280.0, 280.0, 280.0, 280.0, 280.0, 280.0, 280.0, 280.0, 280.0, 280.0, 280.0, 280.0, 280.0, 280.0, 280.0, 280.0, 280.0, 280.0, 280.0, 280.0, 280.0, 280.0, 280.0, 280.0, 280.0, 280.0, 280.0, 280.0, 280.0, 280.0, 280.0, 280.0, 281.0, 281.0, 281.0, 281.0, 281.0, 281.0]	[0, 0, 0, 0, 0, 0, 0, 0, 0, 0, 0, 0, 0, 0, 0, 0, 0, 0, 0, 0, 0, 0, 0, 0, 0, 0, 0, 0, 1, 1, 1, 1, 1, 1, 1, 0, 0, 0, 0, 0, 0, 0, 0, 0, 0, 0, 0, 0, 0, 0, 0, 0, 0, 0, 0, 0, 0, 1]	[0, 0, 0, 0, 0, 0, 0, 0, 0, 0, 0, 0, 0, 0, 0, 0, 0, 0, 0, 0, 0, 0, 0, 0, 0, 0, 0, 0, 0, 0, 0, 0, 0, 0, 0, 0, 0, 0, 0, 0, 0, 0, 0, 0, 0, 0, 0, 0, 0, 0, 0, 0, 0, 0, 0, 0, 0, 0]	[0, 0, 0, 0, 0, 0, 0, 0, 0, 0, 0, 0, 0, 0, 0, 0, 0, 0, 0, 0, 0, 0, 0, 0, 0, 0, 0, 0, 0, 0, 0, 0, 0, 0, 0, 0, 0, 0, 0, 0, 0, 0, 0, 0, 0, 0, 0, 0, 0, 0, 0, 0, 0, 0, 0, 0, 0, 0]	[0.00019290001364424825, 0.009172999998554587, 0.026061900018248707, 0.04267900000559166, 0.05980800001998432, 0.0760428000066895, 0.09315990001778118, 0.10914960000081919, 0.1258537000103388, 0.14267210001708008, 0.1592090000049211, 0.17584020001231693, 0.19246099999872968, 0.209245700010797, 0.22592850000364706, 0.2424098000046797, 0.25927959999535233, 0.27581160000409, 0.2927242000005208, 0.30944860001909547, 0.32577240001410246, 0.34236440001404844, 0.35922159999608994, 0.37593189999461174, 0.39259299999685027, 0.4093808000034187, 0.4256793000095058, 0.44258930001524277, 0.4593275000224821, 0.47569570000632666, 0.49250310001662, 0.509310599998571, 0.525845099997241, 0.542467100021895, 0.5589826000214089, 0.5758369000104722, 0.592261400015559, 0.6091913999989629, 0.6256085000059102, 0.6426234999962617, 0.6590509000234306, 0.6757940000097733, 0.6926201000169385, 0.7091964000137523, 0.7257536000106484, 0.7423245999962091, 0.7590781000035349, 0.7756477000075392, 0.7922662000055425, 0.8091530000092462, 0.8258533000189345, 0.8426229000033345, 0.8590381999965757, 0.875782800023444, 0.8922629000153393, 0.909041500010062, 0.9256489000108559, 0.9426778000197373]	162.0	281.0	1.0	8a
70	4	go_nogo	0	60	6	go	click	[39.0, 48.0, 57.0, 79.0, 103.0, 123.0, 137.0, 147.0, 152.0, 155.0, 156.0, 159.0, 162.0, 165.0, 168.0, 173.0, 176.0, 177.0, 179.0, 179.0, 180.0, 180.0, 180.0, 180.0, 180.0, 180.0]	[-251.0, -222.0, -196.0, -133.0, -70.0, -18.0, 26.0, 69.0, 93.0, 114.0, 138.0, 163.0, 185.0, 206.0, 230.0, 255.0, 276.0, 292.0, 308.0, 314.0, 319.0, 320.0, 320.0, 320.0, 316.0, 313.0]	[0, 0, 0, 0, 0, 0, 0, 0, 0, 0, 0, 0, 0, 0, 0, 0, 0, 0, 0, 0, 0, 0, 0, 0, 0, 1]	[0, 0, 0, 0, 0, 0, 0, 0, 0, 0, 0, 0, 0, 0, 0, 0, 0, 0, 0, 0, 0, 0, 0, 0, 0, 0]	[0, 0, 0, 0, 0, 0, 0, 0, 0, 0, 0, 0, 0, 0, 0, 0, 0, 0, 0, 0, 0, 0, 0, 0, 0, 0]	[7.280000136233866e-05, 0.011246200010646135, 0.027820999996038154, 0.04451150001841597, 0.06120980001287535, 0.07773540000198409, 0.09468259999994189, 0.11162239999976009, 0.1282915000047069, 0.14524420001544058, 0.1612658000085503, 0.17779159999918193, 0.1947408000123687, 0.210978699993575, 0.2280658000090625, 0.24479060000157915, 0.26147800000035204, 0.2780698999995366, 0.2946368000120856, 0.3115928999905009, 0.32780200001434423, 0.3443527999916114, 0.3613201999978628, 0.3780067999905441, 0.3945411000167951, 0.41190500001539476]	180.0	312.0	0.5	8a
71	4	go_nogo	0	60	3	go	click	[37.0, 37.0, 44.0, 62.0, 70.0, 78.0, 86.0, 94.0, 99.0, 103.0, 108.0, 114.0, 120.0, 130.0, 134.0, 134.0, 134.0, 135.0, 137.0, 144.0, 151.0, 159.0, 165.0, 167.0, 167.0, 167.0, 167.0, 168.0]	[-208.0, -208.0, -164.0, -55.0, 11.0, 65.0, 118.0, 157.0, 189.0, 214.0, 237.0, 256.0, 273.0, 287.0, 292.0, 293.0, 293.0, 293.0, 293.0, 291.0, 288.0, 283.0, 282.0, 281.0, 281.0, 281.0, 281.0, 281.0]	[0, 0, 0, 0, 0, 0, 0, 0, 0, 0, 0, 0, 0, 0, 0, 0, 0, 0, 0, 0, 0, 0, 0, 0, 0, 0, 0, 1]	[0, 0, 0, 0, 0, 0, 0, 0, 0, 0, 0, 0, 0, 0, 0, 0, 0, 0, 0, 0, 0, 0, 0, 0, 0, 0, 0, 0]	[0, 0, 0, 0, 0, 0, 0, 0, 0, 0, 0, 0, 0, 0, 0, 0, 0, 0, 0, 0, 0, 0, 0, 0, 0, 0, 0, 0]	[0.00019600000814534724, 0.010861799994017929, 0.02741979999700561, 0.04406559999915771, 0.0608092000184115, 0.07757270001457073, 0.09417379999649711, 0.11066500001470558, 0.12736909999512136, 0.1441462000075262, 0.16094649999286048, 0.1780125999939628, 0.19417010000324808, 0.21086069999728352, 0.2276121000177227, 0.24406970001291484, 0.2611396000138484, 0.2777246000187006, 0.2941573999996763, 0.31087960000149906, 0.3274841000093147, 0.3440288999991026, 0.36060109999380074, 0.3771048000198789, 0.3938108000147622, 0.4106008000089787, 0.42735610000090674, 0.44419599999673665]	168.0	281.0	0.9	8a
72	4	go_nogo	0	60	2	go	click	[14.0, 14.0, 30.0, 53.0, 78.0, 101.0, 122.0, 143.0, 170.0, 189.0, 202.0, 212.0, 222.0, 226.0, 228.0, 228.0, 228.0, 228.0, 228.0, 228.0, 228.0, 228.0, 228.0, 228.0, 228.0]	[-272.0, -272.0, -233.0, -173.0, -105.0, -35.0, 28.0, 83.0, 137.0, 185.0, 220.0, 249.0, 276.0, 295.0, 304.0, 304.0, 304.0, 304.0, 304.0, 305.0, 307.0, 307.0, 307.0, 307.0, 307.0]	[0, 0, 0, 0, 0, 0, 0, 0, 0, 0, 0, 0, 0, 0, 0, 0, 0, 0, 0, 0, 0, 0, 0, 0, 1]	[0, 0, 0, 0, 0, 0, 0, 0, 0, 0, 0, 0, 0, 0, 0, 0, 0, 0, 0, 0, 0, 0, 0, 0, 0]	[0, 0, 0, 0, 0, 0, 0, 0, 0, 0, 0, 0, 0, 0, 0, 0, 0, 0, 0, 0, 0, 0, 0, 0, 0]	[0.00023259999579750001, 0.011028699984308332, 0.02771339999162592, 0.04420770000433549, 0.061167100007878616, 0.07763859999249689, 0.09411139998701401, 0.1111615999834612, 0.12777659998391755, 0.14426860000821762, 0.1611241000064183, 0.17772879998665303, 0.19431379999150522, 0.2111676000058651, 0.22744539999985136, 0.24427579998155124, 0.2607776999939233, 0.2774831999849994, 0.2943803000089247, 0.3112527999910526, 0.32742610000423156, 0.344185900001321, 0.3607455999881495, 0.377406699990388, 0.3946445999899879]	228.0	307.0	0.7	8a
73	4	go_nogo	0	60	9	nogo	none	[120.0, 120.0, 166.0, 204.0, 227.0, 236.0, 240.0, 241.0, 241.0, 241.0, 243.0, 248.0, 252.0, 253.0, 253.0, 253.0, 253.0, 253.0, 253.0, 253.0, 253.0, 253.0, 253.0, 253.0, 252.0, 252.0, 252.0, 252.0, 252.0, 252.0, 252.0, 252.0, 252.0, 252.0, 252.0, 252.0, 252.0, 252.0, 252.0, 252.0, 252.0, 252.0, 252.0, 252.0, 252.0, 252.0, 252.0, 252.0, 252.0, 252.0, 252.0, 252.0, 252.0, 252.0, 252.0, 252.0, 252.0]	[-217.0, -217.0, -112.0, -5.0, 100.0, 181.0, 224.0, 245.0, 250.0, 253.0, 258.0, 269.0, 282.0, 292.0, 292.0, 293.0, 293.0, 293.0, 293.0, 293.0, 293.0, 293.0, 293.0, 293.0, 293.0, 293.0, 293.0, 293.0, 293.0, 293.0, 293.0, 293.0, 293.0, 293.0, 293.0, 293.0, 293.0, 293.0, 293.0, 293.0, 293.0, 293.0, 293.0, 293.0, 293.0, 293.0, 293.0, 293.0, 293.0, 293.0, 293.0, 293.0, 293.0, 293.0, 293.0, 293.0, 293.0]	[0, 0, 0, 0, 0, 0, 0, 0, 0, 0, 0, 0, 0, 0, 0, 0, 0, 0, 0, 0, 0, 0, 0, 0, 0, 0, 0, 0, 0, 0, 0, 0, 0, 0, 0, 0, 0, 0, 0, 0, 0, 0, 0, 0, 0, 0, 0, 0, 0, 0, 0, 0, 0, 0, 0, 0, 0]	[0, 0, 0, 0, 0, 0, 0, 0, 0, 0, 0, 0, 0, 0, 0, 0, 0, 0, 0, 0, 0, 0, 0, 0, 0, 0, 0, 0, 0, 0, 0, 0, 0, 0, 0, 0, 0, 0, 0, 0, 0, 0, 0, 0, 0, 0, 0, 0, 0, 0, 0, 0, 0, 0, 0, 0, 0]	[0, 0, 0, 0, 0, 0, 0, 0, 0, 0, 0, 0, 0, 0, 0, 0, 0, 0, 0, 0, 0, 0, 0, 0, 0, 0, 0, 0, 0, 0, 0, 0, 0, 0, 0, 0, 0, 0, 0, 0, 0, 0, 0, 0, 0, 0, 0, 0, 0, 0, 0, 0, 0, 0, 0, 0, 0]	[0.0001925000105984509, 0.01210330001777038, 0.028708500001812354, 0.04527620002045296, 0.062294900009874254, 0.07871470000827685, 0.09526620001997799, 0.11222170002292842, 0.12906440001097508, 0.14525220001814887, 0.16202440002234653, 0.17880740002146922, 0.1953028000134509, 0.21183440001914278, 0.22865810000803322, 0.24510720002581365, 0.2618802000069991, 0.27862980001373217, 0.29493540001567453, 0.311991599999601, 0.3284758000227157, 0.345314000005601, 0.36174980000942014, 0.37848730001132935, 0.39497830002801493, 0.4116556000080891, 0.42819950002012774, 0.44497940002474934, 0.46154410002054647, 0.47825330001069233, 0.4947946000029333, 0.511595700023463, 0.5280596000084188, 0.544892300007632, 0.5617484000104014, 0.5783645000192337, 0.5948349000245798, 0.6115389000042342, 0.6281840000010561, 0.6449565000075381, 0.66145770001458, 0.6782437000074424, 0.6948099000146613, 0.7115673000225797, 0.7281582000141498, 0.7449637000099756, 0.7615546000015456, 0.778207100025611, 0.7948643000272568, 0.8114416000025813, 0.8281544000201393, 0.8449029000184964, 0.8613864000071771, 0.8780288000125438, 0.8948955000087153, 0.911447800026508, 0.9281192000198644]	n/a	n/a	0.5	8a
74	4	go_nogo	0	60	3	go	click	[66.0, 66.0, 75.0, 100.0, 124.0, 138.0, 146.0, 150.0, 150.0, 150.0, 153.0, 162.0, 177.0, 190.0, 196.0, 197.0, 197.0, 197.0, 199.0, 206.0, 216.0, 224.0, 228.0, 228.0, 228.0, 228.0, 228.0, 228.0, 228.0, 229.0, 229.0, 229.0]	[-191.0, -191.0, -151.0, -65.0, 16.0, 73.0, 106.0, 122.0, 124.0, 125.0, 130.0, 149.0, 181.0, 206.0, 215.0, 217.0, 217.0, 217.0, 221.0, 233.0, 247.0, 259.0, 266.0, 268.0, 268.0, 268.0, 268.0, 268.0, 271.0, 275.0, 275.0, 275.0]	[0, 0, 0, 0, 0, 0, 0, 0, 0, 0, 0, 0, 0, 0, 0, 0, 0, 0, 0, 0, 0, 0, 0, 0, 0, 0, 0, 0, 0, 0, 0, 1]	[0, 0, 0, 0, 0, 0, 0, 0, 0, 0, 0, 0, 0, 0, 0, 0, 0, 0, 0, 0, 0, 0, 0, 0, 0, 0, 0, 0, 0, 0, 0, 0]	[0, 0, 0, 0, 0, 0, 0, 0, 0, 0, 0, 0, 0, 0, 0, 0, 0, 0, 0, 0, 0, 0, 0, 0, 0, 0, 0, 0, 0, 0, 0, 0]	[0.00023910001618787646, 0.0074773000087589025, 0.024215800018282607, 0.04090720001840964, 0.05795310001121834, 0.07436980001511984, 0.09102039999561384, 0.10784870001953095, 0.12431740001193248, 0.14106749999336898, 0.15756220000912435, 0.17426180001348257, 0.19088700000429526, 0.20779839999158867, 0.2243501000048127, 0.24068800001987256, 0.25755280000157654, 0.27438180000171997, 0.2910367000149563, 0.3076973000133876, 0.3244190000114031, 0.34137880001799203, 0.3576339000137523, 0.37396470000385307, 0.39087930001551285, 0.40741740001249127, 0.42431820000638254, 0.4409443000040483, 0.45760349999181926, 0.4742123000032734, 0.4906933000020217, 0.5073928000056185]	229.0	275.0	0.8	8a
75	4	go_nogo	0	60	8	go	click	[125.0, 125.0, 156.0, 222.0, 283.0, 343.0, 362.0, 373.0, 375.0, 377.0, 380.0, 382.0, 384.0, 384.0, 384.0, 384.0, 384.0, 364.0, 322.0, 257.0, 197.0, 163.0, 150.0, 149.0, 149.0, 149.0, 149.0, 149.0, 149.0, 149.0, 149.0, 149.0, 149.0, 149.0, 151.0, 157.0, 161.0, 163.0, 163.0, 163.0]	[-142.0, -142.0, -82.0, 41.0, 149.0, 256.0, 290.0, 315.0, 327.0, 333.0, 337.0, 342.0, 343.0, 345.0, 345.0, 345.0, 345.0, 343.0, 338.0, 330.0, 326.0, 324.0, 324.0, 324.0, 324.0, 324.0, 324.0, 324.0, 324.0, 324.0, 324.0, 324.0, 324.0, 323.0, 319.0, 312.0, 307.0, 305.0, 305.0, 305.0]	[0, 0, 0, 0, 0, 0, 0, 0, 0, 0, 0, 0, 0, 0, 0, 0, 0, 0, 0, 0, 0, 0, 0, 0, 0, 0, 0, 0, 0, 0, 0, 0, 0, 0, 0, 0, 0, 0, 0, 1]	[0, 0, 0, 0, 0, 0, 0, 0, 0, 0, 0, 0, 0, 0, 0, 0, 0, 0, 0, 0, 0, 0, 0, 0, 0, 0, 0, 0, 0, 0, 0, 0, 0, 0, 0, 0, 0, 0, 0, 0]	[0, 0, 0, 0, 0, 0, 0, 0, 0, 0, 0, 0, 0, 0, 0, 0, 0, 0, 0, 0, 0, 0, 0, 0, 0, 0, 0, 0, 0, 0, 0, 0, 0, 0, 0, 0, 0, 0, 0, 0]	[0.00018020000425167382, 0.010338000021874905, 0.02674900001147762, 0.04364370001712814, 0.060471000004326925, 0.07708630000706762, 0.09348930002306588, 0.11019090001354925, 0.12684820001595654, 0.1435676999972202, 0.16047870001057163, 0.1768426000198815, 0.19358160000410862, 0.21039140000357293, 0.22687760001281276, 0.24344330001622438, 0.260376999998698, 0.2768428999988828, 0.2936111000017263, 0.310364800010575, 0.3271209000085946, 0.34373900000355206, 0.3601175000076182, 0.37665600000764243, 0.3935823000210803, 0.4101882000104524, 0.42694450000999495, 0.44337029999587685, 0.46021940000355244, 0.47677750000730157, 0.49332460001460277, 0.509898999996949, 0.5270750000199769, 0.5432779999973718, 0.5600105000194162, 0.5765896000084467, 0.5934958000143524, 0.6100078000163194, 0.6265290000010282, 0.6434136000170838]	163.0	305.0	0.9	8a
76	4	go_nogo	0	60	1	nogo	none	[85.0, 85.0, 118.0, 153.0, 180.0, 200.0, 207.0, 209.0, 209.0, 209.0, 211.0, 220.0, 229.0, 230.0, 230.0, 230.0, 230.0, 231.0, 236.0, 238.0, 238.0, 238.0, 238.0, 239.0, 239.0, 239.0, 239.0, 239.0, 239.0, 239.0, 239.0, 239.0, 239.0, 239.0, 239.0, 239.0, 239.0, 239.0, 239.0, 239.0, 239.0, 239.0, 239.0, 239.0, 239.0, 239.0, 239.0, 239.0, 239.0, 239.0, 239.0, 239.0, 239.0, 239.0, 239.0, 239.0, 239.0, 239.0, 239.0, 239.0, 239.0, 239.0, 239.0, 239.0]	[-242.0, -242.0, -154.0, -66.0, 17.0, 86.0, 133.0, 156.0, 168.0, 176.0, 187.0, 205.0, 236.0, 251.0, 258.0, 267.0, 276.0, 289.0, 304.0, 315.0, 319.0, 320.0, 320.0, 320.0, 320.0, 320.0, 320.0, 320.0, 320.0, 320.0, 320.0, 320.0, 320.0, 320.0, 320.0, 320.0, 320.0, 320.0, 320.0, 320.0, 320.0, 320.0, 320.0, 320.0, 320.0, 320.0, 320.0, 320.0, 320.0, 320.0, 320.0, 320.0, 320.0, 320.0, 320.0, 320.0, 320.0, 320.0, 320.0, 320.0, 320.0, 320.0, 320.0, 320.0]	[0, 0, 0, 0, 0, 0, 0, 0, 0, 0, 0, 0, 0, 0, 0, 0, 0, 0, 0, 0, 0, 0, 0, 0, 0, 0, 0, 0, 0, 0, 0, 0, 0, 0, 0, 0, 0, 0, 0, 0, 0, 0, 0, 0, 0, 0, 0, 0, 0, 0, 0, 0, 0, 0, 0, 0, 0, 0, 0, 0, 0, 0, 0, 0]	[0, 0, 0, 0, 0, 0, 0, 0, 0, 0, 0, 0, 0, 0, 0, 0, 0, 0, 0, 0, 0, 0, 0, 0, 0, 0, 0, 0, 0, 0, 0, 0, 0, 0, 0, 0, 0, 0, 0, 0, 0, 0, 0, 0, 0, 0, 0, 0, 0, 0, 0, 0, 0, 0, 0, 0, 0, 0, 0, 0, 0, 0, 0, 0]	[0, 0, 0, 0, 0, 0, 0, 0, 0, 0, 0, 0, 0, 0, 0, 0, 0, 0, 0, 0, 0, 0, 0, 0, 0, 0, 0, 0, 0, 0, 0, 0, 0, 0, 0, 0, 0, 0, 0, 0, 0, 0, 0, 0, 0, 0, 0, 0, 0, 0, 0, 0, 0, 0, 0, 0, 0, 0, 0, 0, 0, 0, 0, 0]	[0.00018499998259358108, 0.011044899991247803, 0.028126299992436543, 0.0440734000003431, 0.06086319999303669, 0.07737509999424219, 0.09408619999885559, 0.11066129998653196, 0.12746309998328798, 0.14415519998874515, 0.1608344999840483, 0.177601000003051, 0.1943246999871917, 0.21102970000356436, 0.22835289998329245, 0.24423049998586066, 0.261112400010461, 0.27739060000749305, 0.2941864999884274, 0.31088869998347946, 0.32786059999489225, 0.3439612000074703, 0.3609068999940064, 0.377349399990635, 0.39397079998161644, 0.41074739999021403, 0.42734870000276715, 0.4440030999830924, 0.460801100009121, 0.4773523999901954, 0.49394159999792464, 0.5106032000039704, 0.5273594000027515, 0.5439019000041299, 0.5605652999947779, 0.5771904999855906, 0.5938864999916404, 0.6105771999864373, 0.6272966999968048, 0.6453857999877073, 0.6607482999970671, 0.677168399997754, 0.6937434999854304, 0.7103184000006877, 0.7269387999840546, 0.7438761999947019, 0.7604884000029415, 0.7771452000015415, 0.7938404000014998, 0.8105707000067923, 0.8271573999954853, 0.8437785999849439, 0.8604746999917552, 0.8771343999833334, 0.8938099000079092, 0.9104451999883167, 0.9269729999941774, 0.9437046000093687, 0.9602115000016056, 0.9768705999886151, 0.9937144999857992, 1.0103923999995459, 1.026871799986111, 1.0436763000034261]	n/a	n/a	0.5	8a
77	4	go_nogo	0	60	3	go	click	[49.0, 49.0, 76.0, 142.0, 208.0, 253.0, 280.0, 287.0, 290.0, 291.0, 291.0, 291.0, 291.0, 291.0, 291.0, 291.0, 287.0, 278.0, 256.0, 224.0, 211.0, 205.0, 201.0, 201.0, 201.0, 201.0, 201.0, 201.0]	[-249.0, -249.0, -193.0, -70.0, 49.0, 151.0, 248.0, 289.0, 316.0, 334.0, 343.0, 346.0, 347.0, 347.0, 347.0, 347.0, 347.0, 347.0, 347.0, 346.0, 344.0, 342.0, 341.0, 341.0, 341.0, 341.0, 341.0, 341.0]	[0, 0, 0, 0, 0, 0, 0, 0, 0, 0, 0, 0, 0, 0, 0, 0, 0, 0, 0, 0, 0, 0, 0, 0, 0, 0, 0, 1]	[0, 0, 0, 0, 0, 0, 0, 0, 0, 0, 0, 0, 0, 0, 0, 0, 0, 0, 0, 0, 0, 0, 0, 0, 0, 0, 0, 0]	[0, 0, 0, 0, 0, 0, 0, 0, 0, 0, 0, 0, 0, 0, 0, 0, 0, 0, 0, 0, 0, 0, 0, 0, 0, 0, 0, 0]	[0.00018259999342262745, 0.011012200004188344, 0.02728089998709038, 0.044026599993230775, 0.06086619998677634, 0.07740079998620786, 0.09413379998295568, 0.1111215999990236, 0.12802939998800866, 0.14419659998384304, 0.1608432999928482, 0.17775909998454154, 0.1942253999877721, 0.21073039999464527, 0.22752779998700134, 0.24424810000346042, 0.2608579999941867, 0.27757999999448657, 0.2945152999891434, 0.31138539998210035, 0.32745599999907427, 0.34464279998792335, 0.360537700005807, 0.3773141999845393, 0.39395149998017587, 0.41084419999970123, 0.4273226999794133, 0.4444692999823019]	201.0	341.0	0.7	8a
78	4	go_nogo	0	60	2	go	click	[36.0, 47.0, 58.0, 94.0, 127.0, 160.0, 192.0, 210.0, 220.0, 224.0, 225.0, 225.0, 225.0, 225.0, 225.0, 225.0, 225.0, 225.0, 224.0, 220.0, 214.0, 206.0, 203.0, 202.0, 201.0, 201.0, 201.0]	[-252.0, -219.0, -181.0, -93.0, -20.0, 53.0, 119.0, 161.0, 188.0, 205.0, 213.0, 218.0, 219.0, 219.0, 219.0, 219.0, 219.0, 219.0, 222.0, 233.0, 251.0, 275.0, 286.0, 291.0, 292.0, 292.0, 292.0]	[0, 0, 0, 0, 0, 0, 0, 0, 0, 0, 0, 0, 0, 0, 0, 0, 0, 0, 0, 0, 0, 0, 0, 0, 0, 0, 1]	[0, 0, 0, 0, 0, 0, 0, 0, 0, 0, 0, 0, 0, 0, 0, 0, 0, 0, 0, 0, 0, 0, 0, 0, 0, 0, 0]	[0, 0, 0, 0, 0, 0, 0, 0, 0, 0, 0, 0, 0, 0, 0, 0, 0, 0, 0, 0, 0, 0, 0, 0, 0, 0, 0]	[8.700002217665315e-05, 0.010030000004917383, 0.026710700010880828, 0.04336760001024231, 0.0601483000209555, 0.07666170000447892, 0.09358830002020113, 0.11003080001682974, 0.12660529999993742, 0.14312820002669469, 0.15985280001768842, 0.17667460002121516, 0.1931289000203833, 0.20971180000924505, 0.22658070002216846, 0.24331280001206324, 0.2597272000275552, 0.27666210001916625, 0.29313410000759177, 0.3100408000173047, 0.3270518000063021, 0.34314010001253337, 0.35997870002756827, 0.37706740002613515, 0.3929640999995172, 0.4099335000209976, 0.42675660000531934]	201.0	292.0	0.8	8a
79	4	go_nogo	0	60	7	go	click	[88.0, 88.0, 104.0, 161.0, 193.0, 211.0, 220.0, 224.0, 225.0, 225.0, 226.0, 226.0, 227.0, 228.0, 228.0, 228.0, 228.0, 228.0, 228.0, 228.0, 228.0, 228.0, 227.0, 227.0, 227.0, 227.0, 227.0, 227.0]	[-157.0, -157.0, -97.0, 102.0, 208.0, 281.0, 320.0, 340.0, 347.0, 349.0, 351.0, 353.0, 360.0, 365.0, 366.0, 366.0, 366.0, 366.0, 366.0, 366.0, 361.0, 348.0, 337.0, 331.0, 328.0, 327.0, 327.0, 326.0]	[0, 0, 0, 0, 0, 0, 0, 0, 0, 0, 0, 0, 0, 0, 0, 0, 0, 0, 0, 0, 0, 0, 0, 0, 0, 0, 0, 1]	[0, 0, 0, 0, 0, 0, 0, 0, 0, 0, 0, 0, 0, 0, 0, 0, 0, 0, 0, 0, 0, 0, 0, 0, 0, 0, 0, 0]	[0, 0, 0, 0, 0, 0, 0, 0, 0, 0, 0, 0, 0, 0, 0, 0, 0, 0, 0, 0, 0, 0, 0, 0, 0, 0, 0, 0]	[0.0001956000050995499, 0.009780400025192648, 0.026458900014404207, 0.04315140002290718, 0.05977130000246689, 0.0765767999982927, 0.09302540001226589, 0.11003680000430904, 0.12657960000797175, 0.1431219000078272, 0.1597734000242781, 0.17643600000883453, 0.19311250001192093, 0.20983500001602806, 0.22614330000942573, 0.24323059999733232, 0.25952290001441725, 0.27624470001319423, 0.29298080000444315, 0.309968800022034, 0.3265761000220664, 0.3432704000151716, 0.3597267000004649, 0.3765958000149112, 0.3931968999968376, 0.4095190000080038, 0.42614640001556836, 0.4436034000245854]	227.0	326.0	0.7	8a
80	4	go_nogo	0	60	2	go	click	[-2.0, -2.0, 9.0, 31.0, 51.0, 72.0, 94.0, 107.0, 113.0, 115.0, 115.0, 115.0, 117.0, 119.0, 120.0, 121.0, 121.0, 122.0, 131.0, 162.0, 176.0, 182.0, 183.0, 183.0, 185.0, 185.0, 185.0, 185.0, 185.0, 185.0]	[-166.0, -166.0, -115.0, -26.0, 66.0, 151.0, 214.0, 253.0, 271.0, 279.0, 280.0, 280.0, 280.0, 279.0, 279.0, 279.0, 279.0, 279.0, 278.0, 278.0, 278.0, 281.0, 281.0, 281.0, 282.0, 282.0, 282.0, 282.0, 282.0, 282.0]	[0, 0, 0, 0, 0, 0, 0, 0, 0, 0, 0, 0, 0, 0, 0, 0, 0, 0, 0, 0, 0, 0, 0, 0, 0, 0, 0, 0, 0, 1]	[0, 0, 0, 0, 0, 0, 0, 0, 0, 0, 0, 0, 0, 0, 0, 0, 0, 0, 0, 0, 0, 0, 0, 0, 0, 0, 0, 0, 0, 0]	[0, 0, 0, 0, 0, 0, 0, 0, 0, 0, 0, 0, 0, 0, 0, 0, 0, 0, 0, 0, 0, 0, 0, 0, 0, 0, 0, 0, 0, 0]	[0.0002463000128045678, 0.010571799997705966, 0.027088900009403005, 0.04371300002094358, 0.060462200024630874, 0.07704600002034567, 0.09367160001420416, 0.11044910000055097, 0.12706030000117607, 0.1436767000122927, 0.16020530002424493, 0.17692660001921467, 0.19379730001674034, 0.21052059999783523, 0.22721540002385154, 0.24359080000431277, 0.2606489000027068, 0.2770318000111729, 0.29377410002052784, 0.3105282000033185, 0.3275199000199791, 0.34360010002274066, 0.3601108000148088, 0.37704040002427064, 0.3936031000048388, 0.4100015000149142, 0.4267407000006642, 0.4434759000141639, 0.460200800007442, 0.4772596000111662]	185.0	282.0	0.6	8a
81	4	go_nogo	0	60	7	go	click	[-39.0, -39.0, -54.0, -73.0, -69.0, -53.0, -37.0, -23.0, -8.0, 5.0, 19.0, 36.0, 51.0, 62.0, 67.0, 70.0, 73.0, 81.0, 94.0, 105.0, 115.0, 126.0, 142.0, 156.0, 162.0, 165.0, 166.0, 167.0, 168.0, 171.0, 171.0, 171.0, 171.0]	[-241.0, -241.0, -196.0, -111.0, -16.0, 74.0, 128.0, 170.0, 207.0, 231.0, 249.0, 269.0, 286.0, 297.0, 302.0, 303.0, 303.0, 303.0, 298.0, 296.0, 292.0, 285.0, 276.0, 271.0, 268.0, 267.0, 267.0, 267.0, 267.0, 270.0, 270.0, 270.0, 270.0]	[0, 0, 0, 0, 0, 0, 0, 0, 0, 0, 0, 0, 0, 0, 0, 0, 0, 0, 0, 0, 0, 0, 0, 0, 0, 0, 0, 0, 0, 0, 0, 0, 1]	[0, 0, 0, 0, 0, 0, 0, 0, 0, 0, 0, 0, 0, 0, 0, 0, 0, 0, 0, 0, 0, 0, 0, 0, 0, 0, 0, 0, 0, 0, 0, 0, 0]	[0, 0, 0, 0, 0, 0, 0, 0, 0, 0, 0, 0, 0, 0, 0, 0, 0, 0, 0, 0, 0, 0, 0, 0, 0, 0, 0, 0, 0, 0, 0, 0, 0]	[0.00018540001474320889, 0.01162020000629127, 0.027694399992469698, 0.04445139999734238, 0.06107719999272376, 0.0781313999905251, 0.09486790001392365, 0.11151700001209974, 0.12787299999035895, 0.14457870001206174, 0.16125540001667105, 0.17794980001053773, 0.19459860000642948, 0.21141220000572503, 0.2280503000074532, 0.24473420000867918, 0.2615376000176184, 0.2782191000005696, 0.29464539999025874, 0.311276699998416, 0.32794300001114607, 0.3447823000024073, 0.3613353999971878, 0.37795460000052117, 0.39462360000470653, 0.4112895000143908, 0.42799560001003556, 0.44455839999136515, 0.4613771000003908, 0.47793960000853986, 0.49445830000331625, 0.5110236000036821, 0.5279252000036649]	171.0	270.0	1.0	8a
82	4	go_nogo	0	60	2	go	click	[26.0, 26.0, 43.0, 94.0, 155.0, 262.0, 318.0, 346.0, 357.0, 359.0, 359.0, 359.0, 359.0, 359.0, 359.0, 359.0, 357.0, 343.0, 322.0, 295.0, 267.0, 248.0, 234.0, 225.0, 220.0, 219.0, 217.0, 216.0, 216.0, 216.0]	[-249.0, -249.0, -211.0, -108.0, 25.0, 213.0, 309.0, 357.0, 377.0, 383.0, 385.0, 386.0, 386.0, 386.0, 386.0, 386.0, 386.0, 384.0, 376.0, 365.0, 354.0, 343.0, 335.0, 328.0, 324.0, 323.0, 321.0, 320.0, 319.0, 319.0]	[0, 0, 0, 0, 0, 0, 0, 0, 0, 0, 0, 0, 0, 0, 0, 0, 0, 0, 0, 0, 0, 0, 0, 0, 0, 0, 0, 0, 0, 1]	[0, 0, 0, 0, 0, 0, 0, 0, 0, 0, 0, 0, 0, 0, 0, 0, 0, 0, 0, 0, 0, 0, 0, 0, 0, 0, 0, 0, 0, 0]	[0, 0, 0, 0, 0, 0, 0, 0, 0, 0, 0, 0, 0, 0, 0, 0, 0, 0, 0, 0, 0, 0, 0, 0, 0, 0, 0, 0, 0, 0]	[0.00027340001543052495, 0.01150920000509359, 0.028149299992946908, 0.04498920001788065, 0.06138329999521375, 0.07808000000659376, 0.09526989998994395, 0.11132140000700019, 0.12837710001622327, 0.14460400000098161, 0.16106220000074245, 0.17812910000793636, 0.19468159999814816, 0.21136039998964407, 0.22803699999349192, 0.24456069999723695, 0.26148270000703633, 0.27799649999360554, 0.29552280000643805, 0.31107429999974556, 0.3278483999893069, 0.3447578999912366, 0.36108689999673516, 0.3775389000074938, 0.3945277000020724, 0.41104919998906553, 0.4277987999957986, 0.4445406000013463, 0.46060449999640696, 0.4778109999897424]	216.0	319.0	0.5	8a
83	4	go_nogo	0	60	9	nogo	none	[-6.0, -6.0, -6.0, -6.0, -2.0, 5.0, 13.0, 19.0, 27.0, 31.0, 31.0, 32.0, 32.0, 32.0, 32.0, 36.0, 46.0, 65.0, 88.0, 117.0, 169.0, 200.0, 222.0, 229.0, 230.0, 230.0, 230.0, 230.0, 230.0, 230.0, 230.0, 230.0, 230.0, 230.0, 230.0, 230.0, 230.0, 230.0, 230.0, 230.0, 230.0, 230.0, 230.0, 230.0, 230.0, 230.0, 230.0, 230.0, 230.0, 230.0, 230.0, 230.0, 230.0, 230.0, 230.0, 230.0, 230.0, 230.0, 230.0, 230.0, 230.0, 230.0, 230.0, 230.0, 230.0, 230.0, 230.0]	[-253.0, -253.0, -220.0, -163.0, -91.0, -11.0, 58.0, 101.0, 146.0, 169.0, 182.0, 186.0, 186.0, 186.0, 186.0, 188.0, 193.0, 200.0, 208.0, 216.0, 237.0, 256.0, 270.0, 280.0, 283.0, 284.0, 284.0, 284.0, 284.0, 284.0, 284.0, 284.0, 284.0, 284.0, 284.0, 284.0, 284.0, 284.0, 284.0, 284.0, 284.0, 284.0, 284.0, 284.0, 284.0, 284.0, 284.0, 284.0, 284.0, 284.0, 284.0, 284.0, 284.0, 284.0, 284.0, 284.0, 284.0, 284.0, 284.0, 284.0, 284.0, 284.0, 284.0, 284.0, 284.0, 284.0, 284.0]	[0, 0, 0, 0, 0, 0, 0, 0, 0, 0, 0, 0, 0, 0, 0, 0, 0, 0, 0, 0, 0, 0, 0, 0, 0, 0, 0, 0, 0, 0, 0, 0, 0, 0, 0, 0, 0, 0, 0, 0, 0, 0, 0, 0, 0, 0, 0, 0, 0, 0, 0, 0, 0, 0, 0, 0, 0, 0, 0, 0, 0, 0, 0, 0, 0, 0, 0]	[0, 0, 0, 0, 0, 0, 0, 0, 0, 0, 0, 0, 0, 0, 0, 0, 0, 0, 0, 0, 0, 0, 0, 0, 0, 0, 0, 0, 0, 0, 0, 0, 0, 0, 0, 0, 0, 0, 0, 0, 0, 0, 0, 0, 0, 0, 0, 0, 0, 0, 0, 0, 0, 0, 0, 0, 0, 0, 0, 0, 0, 0, 0, 0, 0, 0, 0]	[0, 0, 0, 0, 0, 0, 0, 0, 0, 0, 0, 0, 0, 0, 0, 0, 0, 0, 0, 0, 0, 0, 0, 0, 0, 0, 0, 0, 0, 0, 0, 0, 0, 0, 0, 0, 0, 0, 0, 0, 0, 0, 0, 0, 0, 0, 0, 0, 0, 0, 0, 0, 0, 0, 0, 0, 0, 0, 0, 0, 0, 0, 0, 0, 0, 0, 0]	[0.00018259999342262745, 0.009565999993355945, 0.026348400017013773, 0.04324400000041351, 0.05944800001452677, 0.07665800000540912, 0.0927238000149373, 0.10950940000475384, 0.12628850000328384, 0.14287740000872873, 0.15968770001200028, 0.17576670000562444, 0.19251220001024194, 0.20928249999997206, 0.22615249999216758, 0.24271640001097694, 0.259468400006881, 0.27598989999387413, 0.29273420001845807, 0.309550300007686, 0.32651730001089163, 0.3425767000007909, 0.3593336000049021, 0.3761582000006456, 0.3926888999994844, 0.4091263000154868, 0.4257469000003766, 0.4423948999901768, 0.4592168999952264, 0.4760507000028156, 0.4924004999920726, 0.5094042000127956, 0.5259254999982659, 0.5424744999909308, 0.5590694000129588, 0.5760752999922261, 0.5924431000021286, 0.6091378999990411, 0.625626299995929, 0.6424079000134952, 0.659147700003814, 0.6758986999921035, 0.6924750000180211, 0.7092156000144314, 0.7259047999978065, 0.7423740999947768, 0.7591070999915246, 0.7757572999980766, 0.7924159000103828, 0.8091293000034057, 0.8257609000138473, 0.8424026000138838, 0.8591787000186741, 0.8758955000084825, 0.8924585999920964, 0.9093048000067938, 0.9257216000114568, 0.942465700005414, 0.9593535000167321, 0.9757327999977861, 0.9925979000108782, 1.0089992000139318, 1.0258598999935202, 1.042341899999883, 1.0589576000056695, 1.0761560999962967, 1.0923460999911185]	n/a	n/a	0.6	8a
84	4	go_nogo	0	60	7	go	click	[51.0, 51.0, 65.0, 64.0, 54.0, 49.0, 43.0, 40.0, 37.0, 36.0, 36.0, 36.0, 36.0, 44.0, 58.0, 83.0, 111.0, 136.0, 160.0, 178.0, 193.0, 200.0, 202.0, 202.0, 202.0, 202.0, 202.0, 202.0, 202.0, 202.0]	[-250.0, -250.0, -175.0, -112.0, -58.0, -5.0, 34.0, 59.0, 81.0, 104.0, 114.0, 118.0, 121.0, 141.0, 167.0, 190.0, 208.0, 222.0, 235.0, 250.0, 265.0, 277.0, 285.0, 292.0, 306.0, 316.0, 321.0, 322.0, 322.0, 322.0]	[0, 0, 0, 0, 0, 0, 0, 0, 0, 0, 0, 0, 0, 0, 0, 0, 0, 0, 0, 0, 0, 0, 0, 0, 0, 0, 0, 0, 0, 1]	[0, 0, 0, 0, 0, 0, 0, 0, 0, 0, 0, 0, 0, 0, 0, 0, 0, 0, 0, 0, 0, 0, 0, 0, 0, 0, 0, 0, 0, 0]	[0, 0, 0, 0, 0, 0, 0, 0, 0, 0, 0, 0, 0, 0, 0, 0, 0, 0, 0, 0, 0, 0, 0, 0, 0, 0, 0, 0, 0, 0]	[0.00018360000103712082, 0.010103199980221689, 0.02711060000001453, 0.04358459997456521, 0.06026859997655265, 0.07670609999331646, 0.09343839998473413, 0.10991780000040308, 0.12657089999993332, 0.14321650000056252, 0.1599856999819167, 0.17655809997813776, 0.19326059997547418, 0.21009069998399355, 0.22671829999308102, 0.24317479997989722, 0.2598227999988012, 0.2765441999945324, 0.2931916999805253, 0.30977019999409094, 0.3264445999811869, 0.3433478999941144, 0.35997809999389574, 0.3766618999943603, 0.3933023999852594, 0.4102065999759361, 0.42682419999619015, 0.4431952999730129, 0.4600124999997206, 0.47672149998834357]	203.0	322.0	0.8	8a
85	4	go_nogo	0	60	7	go	click	[28.0, 28.0, 30.0, 43.0, 53.0, 66.0, 71.0, 71.0, 67.0, 62.0, 61.0, 60.0, 60.0, 60.0, 60.0, 60.0, 65.0, 85.0, 112.0, 139.0, 163.0, 176.0, 181.0, 189.0, 197.0, 203.0, 204.0, 204.0, 204.0]	[-271.0, -271.0, -233.0, -86.0, 27.0, 140.0, 215.0, 273.0, 311.0, 336.0, 345.0, 347.0, 347.0, 347.0, 347.0, 347.0, 343.0, 333.0, 323.0, 315.0, 311.0, 309.0, 309.0, 308.0, 308.0, 307.0, 307.0, 307.0, 307.0]	[0, 0, 0, 0, 0, 0, 0, 0, 0, 0, 0, 0, 0, 0, 0, 0, 0, 0, 0, 0, 0, 0, 0, 0, 0, 0, 0, 0, 1]	[0, 0, 0, 0, 0, 0, 0, 0, 0, 0, 0, 0, 0, 0, 0, 0, 0, 0, 0, 0, 0, 0, 0, 0, 0, 0, 0, 0, 0]	[0, 0, 0, 0, 0, 0, 0, 0, 0, 0, 0, 0, 0, 0, 0, 0, 0, 0, 0, 0, 0, 0, 0, 0, 0, 0, 0, 0, 0]	[0.00026890001026913524, 0.01273010001750663, 0.029462300008162856, 0.046626800001831725, 0.06286430000909604, 0.07968439999967813, 0.09633000000030734, 0.11261280000326224, 0.1295764000096824, 0.14650430000619963, 0.16269110000575893, 0.17966020002495497, 0.1957270000129938, 0.21250230001169257, 0.2294869000033941, 0.24649780002073385, 0.26278970000566915, 0.27941490002558567, 0.296428300003754, 0.31286760000512004, 0.32914710001205094, 0.34595010001794435, 0.362848800024949, 0.3793440000154078, 0.39618730000802316, 0.4122532000183128, 0.4290369000227656, 0.44579320002230816, 0.4631445000122767]	204.0	307.0	0.6	8a
86	4	go_nogo	0	60	4	go	click	[15.0, 15.0, 40.0, 70.0, 92.0, 112.0, 125.0, 134.0, 136.0, 137.0, 138.0, 150.0, 164.0, 173.0, 176.0, 176.0, 176.0, 178.0, 181.0, 192.0, 203.0, 214.0, 219.0, 219.0, 219.0, 218.0, 218.0, 218.0, 218.0, 218.0, 218.0]	[-231.0, -231.0, -138.0, -51.0, 16.0, 64.0, 95.0, 117.0, 123.0, 124.0, 125.0, 142.0, 164.0, 182.0, 186.0, 188.0, 189.0, 194.0, 204.0, 225.0, 252.0, 278.0, 300.0, 303.0, 306.0, 309.0, 310.0, 310.0, 310.0, 310.0, 310.0]	[0, 0, 0, 0, 0, 0, 0, 0, 0, 0, 0, 0, 0, 0, 0, 0, 0, 0, 0, 0, 0, 0, 0, 0, 0, 0, 0, 0, 0, 0, 1]	[0, 0, 0, 0, 0, 0, 0, 0, 0, 0, 0, 0, 0, 0, 0, 0, 0, 0, 0, 0, 0, 0, 0, 0, 0, 0, 0, 0, 0, 0, 0]	[0, 0, 0, 0, 0, 0, 0, 0, 0, 0, 0, 0, 0, 0, 0, 0, 0, 0, 0, 0, 0, 0, 0, 0, 0, 0, 0, 0, 0, 0, 0]	[9.759998647496104e-05, 0.010987699992256239, 0.027798800001619384, 0.04410880000796169, 0.060952300002099946, 0.0773979999939911, 0.09427339999820106, 0.11081849999027327, 0.12759550000191666, 0.14422319998266175, 0.16233689998625778, 0.17747259998577647, 0.19451949998619966, 0.21108259999891743, 0.2279774000053294, 0.24399739998625591, 0.2607343999843579, 0.2775363000109792, 0.2942641999979969, 0.3105883999960497, 0.32730820000870153, 0.34445840000989847, 0.3607964999973774, 0.37725930000306107, 0.3938505999976769, 0.4106424000055995, 0.42701379998470657, 0.44375700000091456, 0.46062359999632463, 0.4772575999959372, 0.49424589998670854]	218.0	310.0	0.7	8a
87	4	go_nogo	0	60	1	nogo	none	[70.0, 79.0, 92.0, 129.0, 160.0, 198.0, 206.0, 215.0, 226.0, 233.0, 240.0, 243.0, 244.0, 244.0, 244.0, 244.0, 245.0, 245.0, 251.0, 255.0, 259.0, 263.0, 264.0, 265.0, 265.0, 265.0, 265.0, 265.0, 265.0, 265.0, 265.0, 265.0, 265.0, 265.0, 265.0, 265.0, 265.0, 265.0, 265.0, 265.0, 265.0, 265.0, 265.0, 265.0, 265.0, 265.0, 265.0, 265.0, 265.0, 265.0, 265.0, 265.0, 265.0, 265.0, 265.0, 265.0, 265.0, 265.0, 265.0, 265.0, 265.0, 265.0, 265.0, 265.0, 265.0, 265.0]	[-275.0, -253.0, -223.0, -145.0, -65.0, 51.0, 76.0, 118.0, 159.0, 177.0, 189.0, 194.0, 196.0, 198.0, 199.0, 201.0, 203.0, 208.0, 222.0, 235.0, 247.0, 257.0, 262.0, 263.0, 263.0, 263.0, 263.0, 263.0, 263.0, 263.0, 263.0, 263.0, 263.0, 263.0, 263.0, 263.0, 263.0, 263.0, 263.0, 263.0, 263.0, 263.0, 263.0, 263.0, 263.0, 263.0, 263.0, 263.0, 263.0, 263.0, 263.0, 263.0, 263.0, 263.0, 263.0, 263.0, 263.0, 263.0, 263.0, 263.0, 263.0, 263.0, 263.0, 263.0, 263.0, 263.0]	[0, 0, 0, 0, 0, 0, 0, 0, 0, 0, 0, 0, 0, 0, 0, 0, 0, 0, 0, 0, 0, 0, 0, 0, 0, 0, 0, 0, 0, 0, 0, 0, 0, 0, 0, 0, 0, 0, 0, 0, 0, 0, 0, 0, 0, 0, 0, 0, 0, 0, 0, 0, 0, 0, 0, 0, 0, 0, 0, 0, 0, 0, 0, 0, 0, 0]	[0, 0, 0, 0, 0, 0, 0, 0, 0, 0, 0, 0, 0, 0, 0, 0, 0, 0, 0, 0, 0, 0, 0, 0, 0, 0, 0, 0, 0, 0, 0, 0, 0, 0, 0, 0, 0, 0, 0, 0, 0, 0, 0, 0, 0, 0, 0, 0, 0, 0, 0, 0, 0, 0, 0, 0, 0, 0, 0, 0, 0, 0, 0, 0, 0, 0]	[0, 0, 0, 0, 0, 0, 0, 0, 0, 0, 0, 0, 0, 0, 0, 0, 0, 0, 0, 0, 0, 0, 0, 0, 0, 0, 0, 0, 0, 0, 0, 0, 0, 0, 0, 0, 0, 0, 0, 0, 0, 0, 0, 0, 0, 0, 0, 0, 0, 0, 0, 0, 0, 0, 0, 0, 0, 0, 0, 0, 0, 0, 0, 0, 0, 0]	[0.0001097000204026699, 0.01134610001463443, 0.027628000010736287, 0.04452349999337457, 0.06167039999854751, 0.07809799999813549, 0.09470099999452941, 0.11137270001927391, 0.12887129999580793, 0.14470830000936985, 0.16130219999467954, 0.17825709999306127, 0.19470630001160316, 0.21142690000124276, 0.22803210001438856, 0.24480280000716448, 0.26144230001955293, 0.27808920000097714, 0.29473700001835823, 0.31156620002002455, 0.3279769000073429, 0.344485400011763, 0.3618639000051189, 0.3778547999972943, 0.394521900016116, 0.41105190000962466, 0.427916999993613, 0.44456329999957234, 0.4610728000116069, 0.47772990001249127, 0.49446240000543185, 0.5111920000053942, 0.5279027000069618, 0.5447483000170905, 0.5611457000195514, 0.578189799998654, 0.5947186000121292, 0.6111083000141662, 0.6278136000037193, 0.6446653000020888, 0.6615037000156008, 0.6777218000206631, 0.6945859999977984, 0.7109502000093926, 0.7277845999924466, 0.7445340999984182, 0.7610481000156142, 0.7776962000061758, 0.7943780999921728, 0.8114140999969095, 0.8277233999979217, 0.8442681000160519, 0.8609475000121165, 0.8776786999951582, 0.8945033999916632, 0.9111187999951653, 0.927830400003586, 0.9443658000091091, 0.9612092000024859, 0.9776945000048727, 0.9943296000128612, 1.0110056000121403, 1.0277857000182848, 1.0444246999977622, 1.061275600019144, 1.0776602000114508]	n/a	n/a	0.8	8a
88	4	go_nogo	0	60	8	go	click	[38.0, 38.0, 57.0, 74.0, 87.0, 99.0, 108.0, 115.0, 120.0, 125.0, 130.0, 136.0, 138.0, 138.0, 139.0, 143.0, 145.0, 147.0, 156.0, 172.0, 181.0, 184.0, 187.0, 188.0, 190.0, 191.0, 191.0, 191.0, 191.0]	[-269.0, -269.0, -188.0, -89.0, 8.0, 94.0, 164.0, 217.0, 260.0, 295.0, 323.0, 340.0, 347.0, 347.0, 348.0, 351.0, 351.0, 351.0, 347.0, 339.0, 330.0, 324.0, 320.0, 317.0, 313.0, 303.0, 298.0, 297.0, 297.0]	[0, 0, 0, 0, 0, 0, 0, 0, 0, 0, 0, 0, 0, 0, 0, 0, 0, 0, 0, 0, 0, 0, 0, 0, 0, 0, 0, 0, 1]	[0, 0, 0, 0, 0, 0, 0, 0, 0, 0, 0, 0, 0, 0, 0, 0, 0, 0, 0, 0, 0, 0, 0, 0, 0, 0, 0, 0, 0]	[0, 0, 0, 0, 0, 0, 0, 0, 0, 0, 0, 0, 0, 0, 0, 0, 0, 0, 0, 0, 0, 0, 0, 0, 0, 0, 0, 0, 0]	[0.00020769998081959784, 0.009398399997735396, 0.026533199998084456, 0.043083900003694, 0.059302100009517744, 0.07594690000405535, 0.09260199998971075, 0.10950409999350086, 0.12608439999166876, 0.14305469999089837, 0.15922889998182654, 0.17600929999025539, 0.19231859999126755, 0.2092234999872744, 0.22561019999557175, 0.24278709999634884, 0.259409099991899, 0.27571859999443404, 0.2924248999916017, 0.30947700000251643, 0.3258942999818828, 0.3425652000005357, 0.35956320000695996, 0.375945599982515, 0.392563200002769, 0.4093118000018876, 0.42570619998150505, 0.4421995999873616, 0.45935689998441376]	191.0	297.0	0.5	8a
89	4	go_nogo	0	60	3	go	click	[4.0, 4.0, 9.0, 29.0, 46.0, 65.0, 80.0, 93.0, 100.0, 104.0, 106.0, 107.0, 111.0, 114.0, 114.0, 115.0, 124.0, 136.0, 155.0, 178.0, 196.0, 206.0, 208.0, 208.0, 208.0, 208.0]	[-210.0, -210.0, -159.0, -19.0, 77.0, 161.0, 208.0, 235.0, 247.0, 251.0, 252.0, 252.0, 254.0, 256.0, 256.0, 256.0, 254.0, 253.0, 253.0, 261.0, 269.0, 274.0, 276.0, 276.0, 276.0, 276.0]	[0, 0, 0, 0, 0, 0, 0, 0, 0, 0, 0, 0, 0, 0, 0, 0, 0, 0, 0, 0, 0, 0, 0, 0, 0, 1]	[0, 0, 0, 0, 0, 0, 0, 0, 0, 0, 0, 0, 0, 0, 0, 0, 0, 0, 0, 0, 0, 0, 0, 0, 0, 0]	[0, 0, 0, 0, 0, 0, 0, 0, 0, 0, 0, 0, 0, 0, 0, 0, 0, 0, 0, 0, 0, 0, 0, 0, 0, 0]	[0.00019800002337433398, 0.009652100008679554, 0.026365600002463907, 0.04348260001279414, 0.059491800027899444, 0.07625870002084412, 0.0929160000232514, 0.1095359000028111, 0.12627160002011806, 0.1428242000110913, 0.15946100000292063, 0.17629920001490973, 0.1929093000071589, 0.2094097000081092, 0.22623640001984313, 0.2428873000026215, 0.25971640000352636, 0.27677000002586283, 0.2930378000019118, 0.30957030001445673, 0.3260483000194654, 0.3430040000239387, 0.35958400001982227, 0.37600480002583936, 0.3927729000279214, 0.4099356000078842]	208.0	276.0	1.0	8a
90	4	go_nogo	0	60	6	go	click	[54.0, 54.0, 98.0, 148.0, 207.0, 258.0, 291.0, 304.0, 309.0, 310.0, 309.0, 307.0, 306.0, 305.0, 303.0, 303.0, 298.0, 292.0, 284.0, 266.0, 244.0, 225.0, 199.0, 188.0, 184.0, 183.0, 183.0, 183.0, 183.0]	[-263.0, -263.0, -169.0, -56.0, 63.0, 184.0, 279.0, 343.0, 375.0, 395.0, 400.0, 401.0, 402.0, 402.0, 402.0, 403.0, 403.0, 403.0, 399.0, 387.0, 371.0, 356.0, 331.0, 320.0, 313.0, 310.0, 310.0, 310.0, 310.0]	[0, 0, 0, 0, 0, 0, 0, 0, 0, 0, 0, 0, 0, 0, 0, 0, 0, 0, 0, 0, 0, 0, 0, 0, 0, 0, 0, 0, 1]	[0, 0, 0, 0, 0, 0, 0, 0, 0, 0, 0, 0, 0, 0, 0, 0, 0, 0, 0, 0, 0, 0, 0, 0, 0, 0, 0, 0, 0]	[0, 0, 0, 0, 0, 0, 0, 0, 0, 0, 0, 0, 0, 0, 0, 0, 0, 0, 0, 0, 0, 0, 0, 0, 0, 0, 0, 0, 0]	[8.769999840296805e-05, 0.011198599997442216, 0.027570299978833646, 0.04428329999791458, 0.0611283999751322, 0.07768289998057298, 0.09462910000002012, 0.11113499998464249, 0.12772629997925833, 0.14451029998599552, 0.16184919999795966, 0.1781499999924563, 0.1946964999951888, 0.21139559999573976, 0.22790219998569228, 0.24425109999720007, 0.26108929998008534, 0.2777182999998331, 0.29455269998288713, 0.31110999998054467, 0.32772649999242276, 0.34453999999095686, 0.3609386999742128, 0.3776857999910135, 0.3942754000017885, 0.41086649999488145, 0.42770349999773316, 0.44418039999436587, 0.46150359997409396]	183.0	310.0	0.6	8a
91	4	go_nogo	0	60	4	go	click	[100.0, 114.0, 128.0, 157.0, 189.0, 211.0, 231.0, 244.0, 255.0, 262.0, 268.0, 276.0, 278.0, 278.0, 278.0, 278.0, 278.0, 278.0, 278.0, 278.0, 276.0, 273.0, 272.0, 271.0, 271.0, 271.0, 271.0, 271.0, 269.0, 268.0, 268.0, 268.0, 268.0, 268.0, 268.0, 265.0, 262.0, 258.0, 255.0, 253.0, 248.0, 235.0, 222.0, 220.0, 219.0, 219.0]	[-225.0, -187.0, -153.0, -74.0, 10.0, 80.0, 132.0, 165.0, 187.0, 197.0, 204.0, 213.0, 216.0, 217.0, 217.0, 217.0, 217.0, 217.0, 217.0, 220.0, 230.0, 243.0, 254.0, 266.0, 274.0, 282.0, 287.0, 292.0, 296.0, 298.0, 298.0, 298.0, 298.0, 298.0, 298.0, 299.0, 300.0, 302.0, 302.0, 303.0, 303.0, 300.0, 298.0, 298.0, 297.0, 296.0]	[0, 0, 0, 0, 0, 0, 0, 0, 0, 0, 0, 0, 0, 0, 0, 0, 0, 0, 0, 0, 0, 0, 0, 0, 0, 0, 0, 0, 0, 0, 0, 0, 0, 0, 0, 0, 0, 0, 0, 0, 0, 0, 0, 0, 0, 1]	[0, 0, 0, 0, 0, 0, 0, 0, 0, 0, 0, 0, 0, 0, 0, 0, 0, 0, 0, 0, 0, 0, 0, 0, 0, 0, 0, 0, 0, 0, 0, 0, 0, 0, 0, 0, 0, 0, 0, 0, 0, 0, 0, 0, 0, 0]	[0, 0, 0, 0, 0, 0, 0, 0, 0, 0, 0, 0, 0, 0, 0, 0, 0, 0, 0, 0, 0, 0, 0, 0, 0, 0, 0, 0, 0, 0, 0, 0, 0, 0, 0, 0, 0, 0, 0, 0, 0, 0, 0, 0, 0, 0]	[0.0002010999887716025, 0.009794999990845099, 0.026556900003924966, 0.04336660000262782, 0.060122800001408905, 0.07639589998871088, 0.09311879999586381, 0.10983930001384579, 0.12660399999003857, 0.14313660000334494, 0.16001540000434034, 0.1764590000093449, 0.19292559998575598, 0.20954740000888705, 0.22622969999792986, 0.2428819999913685, 0.2596528000140097, 0.2761592000024393, 0.293609699991066, 0.3097160999896005, 0.32631360000232235, 0.34311749998596497, 0.3599452000053134, 0.3770434999896679, 0.39340319999610074, 0.4098121999995783, 0.4263742000039201, 0.4433519000012893, 0.4596614000038244, 0.47618170001078397, 0.49284680001437664, 0.5095557000022382, 0.5262837999907788, 0.542917100014165, 0.5601180999947246, 0.5765747000114061, 0.5936373999866191, 0.6108728999970481, 0.6265068000066094, 0.6430655999865849, 0.6598914999922272, 0.6765637999924365, 0.6932014999911189, 0.7098370000021532, 0.7268823999911547, 0.7434499000082724]	217.0	295.0	0.7	8a
92	4	go_nogo	0	60	8	go	click	[93.0, 93.0, 113.0, 141.0, 169.0, 198.0, 216.0, 226.0, 231.0, 233.0, 233.0, 233.0, 233.0, 233.0, 233.0, 233.0, 233.0, 234.0, 238.0, 241.0, 247.0, 253.0, 255.0, 258.0, 258.0, 258.0, 258.0, 258.0, 258.0, 258.0, 258.0, 258.0, 258.0, 258.0, 256.0, 253.0, 249.0, 244.0, 236.0, 224.0, 212.0, 204.0, 202.0, 202.0, 202.0]	[-174.0, -174.0, -112.0, 24.0, 152.0, 307.0, 387.0, 442.0, 476.0, 500.0, 515.0, 521.0, 522.0, 523.0, 523.0, 522.0, 512.0, 472.0, 436.0, 405.0, 379.0, 359.0, 350.0, 344.0, 342.0, 342.0, 342.0, 342.0, 342.0, 342.0, 340.0, 339.0, 339.0, 338.0, 337.0, 336.0, 333.0, 331.0, 328.0, 321.0, 314.0, 311.0, 310.0, 309.0, 309.0]	[0, 0, 0, 0, 0, 0, 0, 0, 0, 0, 0, 0, 0, 0, 0, 0, 0, 0, 0, 0, 0, 0, 0, 0, 0, 0, 0, 0, 0, 0, 0, 0, 0, 0, 0, 0, 0, 0, 0, 0, 0, 0, 0, 0, 1]	[0, 0, 0, 0, 0, 0, 0, 0, 0, 0, 0, 0, 0, 0, 0, 0, 0, 0, 0, 0, 0, 0, 0, 0, 0, 0, 0, 0, 0, 0, 0, 0, 0, 0, 0, 0, 0, 0, 0, 0, 0, 0, 0, 0, 0]	[0, 0, 0, 0, 0, 0, 0, 0, 0, 0, 0, 0, 0, 0, 0, 0, 0, 0, 0, 0, 0, 0, 0, 0, 0, 0, 0, 0, 0, 0, 0, 0, 0, 0, 0, 0, 0, 0, 0, 0, 0, 0, 0, 0, 0]	[0.00021979998564347625, 0.0116157999727875, 0.0279920999892056, 0.044850399979623035, 0.06164029997307807, 0.0783229999942705, 0.09512699997867458, 0.11154849999002181, 0.12845959997503087, 0.14493839998613112, 0.16147799999453127, 0.1784089999855496, 0.1949105999956373, 0.21132649999344721, 0.228185099986149, 0.2449532999889925, 0.2615571999922395, 0.27822639999794774, 0.29482409998308867, 0.31171089998679236, 0.32840959998429753, 0.3447955999872647, 0.3616786999918986, 0.3782146999728866, 0.3947489999991376, 0.4114217999740504, 0.4280243999965023, 0.44459819997427985, 0.46120979997795075, 0.4782380999822635, 0.4949317999999039, 0.5113325999991503, 0.528038699994795, 0.5448887999809813, 0.5615945999743417, 0.5780684999772348, 0.5946980000007898, 0.6114546999742743, 0.6282614999799989, 0.6447670999914408, 0.6614681999781169, 0.6780152999854181, 0.6949214999913238, 0.7111700999957975, 0.7282972999964841]	202.0	309.0	0.8	8a
93	4	go_nogo	0	60	4	go	click	[31.0, 31.0, 36.0, 36.0, 36.0, 35.0, 33.0, 30.0, 27.0, 27.0, 27.0, 27.0, 27.0, 27.0, 28.0, 30.0, 36.0, 50.0, 73.0, 105.0, 138.0, 166.0, 183.0, 189.0, 189.0, 189.0, 189.0, 189.0, 190.0, 190.0, 190.0]	[-233.0, -233.0, -126.0, -24.0, 70.0, 133.0, 174.0, 205.0, 231.0, 249.0, 254.0, 254.0, 255.0, 256.0, 256.0, 257.0, 257.0, 259.0, 262.0, 269.0, 274.0, 279.0, 283.0, 286.0, 286.0, 286.0, 287.0, 289.0, 290.0, 291.0, 291.0]	[0, 0, 0, 0, 0, 0, 0, 0, 0, 0, 0, 0, 0, 0, 0, 0, 0, 0, 0, 0, 0, 0, 0, 0, 0, 0, 0, 0, 0, 0, 1]	[0, 0, 0, 0, 0, 0, 0, 0, 0, 0, 0, 0, 0, 0, 0, 0, 0, 0, 0, 0, 0, 0, 0, 0, 0, 0, 0, 0, 0, 0, 0]	[0, 0, 0, 0, 0, 0, 0, 0, 0, 0, 0, 0, 0, 0, 0, 0, 0, 0, 0, 0, 0, 0, 0, 0, 0, 0, 0, 0, 0, 0, 0]	[0.0001925000105984509, 0.010333500016713515, 0.02712980000069365, 0.04391380000743084, 0.06061260000569746, 0.07745300000533462, 0.09421370000927709, 0.11062829999718815, 0.1274701000074856, 0.14398520000395365, 0.16060629999265075, 0.17726689999108203, 0.19410220001009293, 0.21078369999304414, 0.22734839998884127, 0.24421720000100322, 0.26080910000018775, 0.2773888999945484, 0.2940783000085503, 0.31108370001311414, 0.3273778000148013, 0.34399280001525767, 0.3607563000114169, 0.37737830000696704, 0.39385789999505505, 0.4108659999910742, 0.4270206000073813, 0.4438813000160735, 0.46066899999277666, 0.4770825000014156, 0.49417849999736063]	190.0	291.0	1.0	8a
94	4	go_nogo	0	60	7	go	click	[109.0, 133.0, 149.0, 167.0, 186.0, 205.0, 221.0, 223.0, 221.0, 217.0, 213.0, 209.0, 206.0, 204.0, 204.0, 204.0, 204.0, 203.0, 200.0, 195.0, 191.0, 189.0, 189.0, 189.0, 189.0, 189.0, 189.0, 189.0, 189.0, 189.0, 190.0, 190.0, 191.0, 191.0, 191.0, 191.0, 190.0, 190.0, 190.0, 190.0]	[-255.0, -204.0, -159.0, -48.0, 75.0, 193.0, 340.0, 362.0, 399.0, 410.0, 420.0, 427.0, 430.0, 433.0, 433.0, 433.0, 430.0, 424.0, 403.0, 359.0, 304.0, 252.0, 247.0, 245.0, 245.0, 245.0, 245.0, 245.0, 245.0, 245.0, 245.0, 247.0, 250.0, 257.0, 268.0, 276.0, 285.0, 286.0, 286.0, 286.0]	[0, 0, 0, 0, 0, 0, 0, 0, 0, 0, 0, 0, 0, 0, 0, 0, 0, 0, 0, 0, 0, 0, 0, 0, 0, 0, 0, 0, 0, 0, 0, 0, 0, 0, 0, 0, 0, 0, 0, 1]	[0, 0, 0, 0, 0, 0, 0, 0, 0, 0, 0, 0, 0, 0, 0, 0, 0, 0, 0, 0, 0, 0, 0, 0, 0, 0, 0, 0, 0, 0, 0, 0, 0, 0, 0, 0, 0, 0, 0, 0]	[0, 0, 0, 0, 0, 0, 0, 0, 0, 0, 0, 0, 0, 0, 0, 0, 0, 0, 0, 0, 0, 0, 0, 0, 0, 0, 0, 0, 0, 0, 0, 0, 0, 0, 0, 0, 0, 0, 0, 0]	[0.00025480001932010055, 0.009673100023064762, 0.026392500003566965, 0.04316480000852607, 0.06007289999979548, 0.07827009999891743, 0.093148400017526, 0.110193700005766, 0.1265319000231102, 0.14315760001773015, 0.1597050999989733, 0.17660110001452267, 0.19328170001972467, 0.20975130001897924, 0.22617800001171418, 0.2427353000093717, 0.259859800018603, 0.27645200002007186, 0.2932839000131935, 0.30973040001117624, 0.32669620000524446, 0.3428942000027746, 0.3595252000086475, 0.37606830001459457, 0.3927830000175163, 0.40952470002230257, 0.42623100001947023, 0.44289340000250377, 0.45956220000516623, 0.47619710001163185, 0.49300810002023354, 0.5096763000183273, 0.5261976000037976, 0.5432601000065915, 0.5595510000130162, 0.5761592000199016, 0.5928911000082735, 0.6096178000152577, 0.6260244000004604, 0.6431717000086792]	190.0	286.0	0.5	8a
95	4	go_nogo	0	60	9	nogo	none	[45.0, 50.0, 53.0, 58.0, 61.0, 71.0, 81.0, 89.0, 93.0, 100.0, 105.0, 113.0, 114.0, 117.0, 119.0, 120.0, 121.0, 124.0, 135.0, 153.0, 163.0, 164.0, 164.0, 164.0, 164.0, 165.0, 165.0, 165.0, 165.0, 165.0, 165.0, 165.0, 165.0, 165.0, 165.0, 165.0, 165.0, 165.0, 165.0, 165.0, 165.0, 165.0, 165.0, 165.0, 165.0, 165.0, 165.0, 165.0, 165.0, 165.0, 165.0, 165.0, 165.0, 165.0, 165.0, 165.0, 165.0, 165.0, 165.0, 165.0, 165.0, 165.0, 165.0, 165.0]	[-271.0, -257.0, -242.0, -222.0, -195.0, -154.0, -91.0, -7.0, 60.0, 114.0, 154.0, 193.0, 208.0, 219.0, 227.0, 230.0, 230.0, 233.0, 239.0, 250.0, 256.0, 257.0, 257.0, 257.0, 257.0, 257.0, 257.0, 257.0, 257.0, 257.0, 256.0, 256.0, 256.0, 256.0, 256.0, 256.0, 256.0, 256.0, 256.0, 256.0, 256.0, 256.0, 256.0, 256.0, 256.0, 256.0, 256.0, 256.0, 256.0, 256.0, 256.0, 256.0, 256.0, 256.0, 256.0, 256.0, 256.0, 256.0, 256.0, 256.0, 256.0, 256.0, 256.0, 256.0]	[0, 0, 0, 0, 0, 0, 0, 0, 0, 0, 0, 0, 0, 0, 0, 0, 0, 0, 0, 0, 0, 0, 0, 0, 0, 0, 0, 0, 0, 0, 0, 0, 0, 0, 0, 0, 0, 0, 0, 0, 0, 0, 0, 0, 0, 0, 0, 0, 0, 0, 0, 0, 0, 0, 0, 0, 0, 0, 0, 0, 0, 0, 0, 0]	[0, 0, 0, 0, 0, 0, 0, 0, 0, 0, 0, 0, 0, 0, 0, 0, 0, 0, 0, 0, 0, 0, 0, 0, 0, 0, 0, 0, 0, 0, 0, 0, 0, 0, 0, 0, 0, 0, 0, 0, 0, 0, 0, 0, 0, 0, 0, 0, 0, 0, 0, 0, 0, 0, 0, 0, 0, 0, 0, 0, 0, 0, 0, 0]	[0, 0, 0, 0, 0, 0, 0, 0, 0, 0, 0, 0, 0, 0, 0, 0, 0, 0, 0, 0, 0, 0, 0, 0, 0, 0, 0, 0, 0, 0, 0, 0, 0, 0, 0, 0, 0, 0, 0, 0, 0, 0, 0, 0, 0, 0, 0, 0, 0, 0, 0, 0, 0, 0, 0, 0, 0, 0, 0, 0, 0, 0, 0, 0]	[0.00014779999037273228, 0.00994150000042282, 0.025910600001225248, 0.042663600004743785, 0.059408600005554035, 0.07598439999856055, 0.09258050000062212, 0.1091078000026755, 0.12603370001306757, 0.14278240001294762, 0.15948540001409128, 0.1764223999925889, 0.1932368999987375, 0.20932759999413975, 0.22570129999076016, 0.2427795999974478, 0.25932149999425747, 0.27619740000227466, 0.29262660001404583, 0.3092172000033315, 0.3264646999887191, 0.3423432999989018, 0.3591305000009015, 0.37572670000372455, 0.3928740000119433, 0.40888360000099055, 0.4258165000064764, 0.44278809998650104, 0.45913559998734854, 0.4759277999983169, 0.49234170001000166, 0.5091186999925412, 0.5262222999881487, 0.5423777000105474, 0.559233400010271, 0.5756303000089247, 0.5921306000091136, 0.6087147000071127, 0.6254619999963325, 0.6422459000023082, 0.6589862999971956, 0.6756312999932561, 0.692219099990325, 0.7089785999851301, 0.7254006000002846, 0.7422201999870595, 0.7598193000012543, 0.7756028999865521, 0.7923152000003029, 0.8086723999876995, 0.8256393999909051, 0.8419354000070598, 0.8586196000105701, 0.8755703000060748, 0.8921143999905325, 0.9088939999928698, 0.9254753999994136, 0.9421901000023354, 0.9587353999959305, 0.9755169000127353, 0.9920990999962669, 1.0087669999920763, 1.0253598999988753, 1.0421021000074688]	n/a	n/a	0.9	8a
96	4	go_nogo	0	60	3	go	click	[48.0, 48.0, 59.0, 84.0, 108.0, 126.0, 134.0, 142.0, 152.0, 161.0, 166.0, 172.0, 178.0, 182.0, 182.0, 182.0, 183.0, 185.0, 186.0, 188.0, 188.0, 188.0, 188.0]	[-201.0, -201.0, -146.0, -18.0, 94.0, 178.0, 209.0, 238.0, 265.0, 286.0, 298.0, 304.0, 308.0, 309.0, 310.0, 310.0, 305.0, 304.0, 304.0, 304.0, 304.0, 304.0, 304.0]	[0, 0, 0, 0, 0, 0, 0, 0, 0, 0, 0, 0, 0, 0, 0, 0, 0, 0, 0, 0, 0, 0, 1]	[0, 0, 0, 0, 0, 0, 0, 0, 0, 0, 0, 0, 0, 0, 0, 0, 0, 0, 0, 0, 0, 0, 0]	[0, 0, 0, 0, 0, 0, 0, 0, 0, 0, 0, 0, 0, 0, 0, 0, 0, 0, 0, 0, 0, 0, 0]	[0.00019660001271404326, 0.009856799995759502, 0.026514500001212582, 0.04338540000026114, 0.05994569999165833, 0.0766769000038039, 0.09338790000765584, 0.11040010000579059, 0.12688610001350753, 0.14317220001248643, 0.159939300006954, 0.17628610000247136, 0.19303260001470335, 0.20977670000866055, 0.2262555000197608, 0.24299500000779517, 0.2605968000134453, 0.2763137000147253, 0.2930447999970056, 0.30996440001763403, 0.3261662000149954, 0.34289940001326613, 0.36020840000128374]	189.0	304.0	0.9	8a
97	4	go_nogo	0	60	7	go	click	[44.0, 44.0, 51.0, 75.0, 97.0, 113.0, 119.0, 124.0, 128.0, 134.0, 144.0, 155.0, 162.0, 162.0, 162.0, 162.0, 162.0, 163.0, 165.0, 169.0, 173.0, 174.0, 174.0, 174.0, 174.0, 175.0, 180.0, 182.0, 183.0, 183.0, 183.0]	[-244.0, -244.0, -204.0, -73.0, 15.0, 83.0, 120.0, 148.0, 167.0, 181.0, 195.0, 208.0, 219.0, 220.0, 220.0, 220.0, 220.0, 221.0, 226.0, 235.0, 240.0, 241.0, 242.0, 243.0, 244.0, 255.0, 267.0, 276.0, 279.0, 279.0, 279.0]	[0, 0, 0, 0, 0, 0, 0, 0, 0, 0, 0, 0, 0, 0, 0, 0, 0, 0, 0, 0, 0, 0, 0, 0, 0, 0, 0, 0, 0, 0, 1]	[0, 0, 0, 0, 0, 0, 0, 0, 0, 0, 0, 0, 0, 0, 0, 0, 0, 0, 0, 0, 0, 0, 0, 0, 0, 0, 0, 0, 0, 0, 0]	[0, 0, 0, 0, 0, 0, 0, 0, 0, 0, 0, 0, 0, 0, 0, 0, 0, 0, 0, 0, 0, 0, 0, 0, 0, 0, 0, 0, 0, 0, 0]	[0.00018519998411647975, 0.011927099985769019, 0.028843499982031062, 0.04495069998665713, 0.06170479999855161, 0.07838920000358485, 0.09516199998324737, 0.11193789998651482, 0.1285271999950055, 0.1452524999913294, 0.162064999982249, 0.1786392999929376, 0.19548029999714345, 0.21178089999011718, 0.22820189999765716, 0.24503150000236928, 0.2618208999920171, 0.27848869998706505, 0.2951081999926828, 0.31185239998740144, 0.32853649999015033, 0.34522809999180026, 0.3618467999913264, 0.3783847999875434, 0.39647509998758323, 0.4118449999950826, 0.4283939999877475, 0.4455314999795519, 0.46152689997688867, 0.4781353999860585, 0.4951378999976441]	183.0	279.0	1.0	8a
98	4	go_nogo	0	60	8	go	click	[19.0, 19.0, 28.0, 47.0, 58.0, 85.0, 103.0, 120.0, 133.0, 146.0, 156.0, 161.0, 165.0, 166.0, 167.0, 167.0, 167.0, 170.0, 176.0, 184.0, 184.0, 184.0, 184.0, 184.0, 184.0]	[-202.0, -202.0, -158.0, -82.0, -8.0, 98.0, 152.0, 196.0, 233.0, 263.0, 286.0, 301.0, 310.0, 312.0, 314.0, 314.0, 316.0, 319.0, 324.0, 331.0, 331.0, 331.0, 331.0, 331.0, 331.0]	[0, 0, 0, 0, 0, 0, 0, 0, 0, 0, 0, 0, 0, 0, 0, 0, 0, 0, 0, 0, 0, 0, 0, 0, 1]	[0, 0, 0, 0, 0, 0, 0, 0, 0, 0, 0, 0, 0, 0, 0, 0, 0, 0, 0, 0, 0, 0, 0, 0, 0]	[0, 0, 0, 0, 0, 0, 0, 0, 0, 0, 0, 0, 0, 0, 0, 0, 0, 0, 0, 0, 0, 0, 0, 0, 0]	[0.00018360000103712082, 0.010984799999278039, 0.027470700006233528, 0.04421079999883659, 0.06112970001413487, 0.07782920001773164, 0.09449849999509752, 0.11166329999105074, 0.12748650001594797, 0.1440854000102263, 0.16080119999242015, 0.17778090000501834, 0.19411509999190457, 0.21085730000049807, 0.22732440000982024, 0.24437800000305288, 0.26069890000508167, 0.2774032000161242, 0.29451040001004003, 0.3109237000171561, 0.327265100000659, 0.3440363999980036, 0.3603779000113718, 0.37730729999020696, 0.3946379999979399]	184.0	331.0	0.5	8a
99	4	go_nogo	0	60	6	go	click	[80.0, 80.0, 94.0, 112.0, 121.0, 128.0, 130.0, 129.0, 128.0, 125.0, 124.0, 124.0, 124.0, 124.0, 124.0, 124.0, 124.0, 124.0, 126.0, 131.0, 135.0, 141.0, 142.0, 142.0, 142.0, 142.0, 142.0, 142.0, 142.0, 142.0, 142.0, 142.0, 142.0, 142.0, 142.0, 142.0, 142.0, 142.0, 142.0, 142.0, 142.0, 154.0, 165.0, 190.0, 227.0, 243.0, 245.0, 245.0, 245.0, 245.0]	[-183.0, -183.0, -123.0, -20.0, 65.0, 138.0, 208.0, 277.0, 297.0, 310.0, 318.0, 322.0, 322.0, 322.0, 322.0, 322.0, 322.0, 322.0, 316.0, 311.0, 304.0, 298.0, 297.0, 297.0, 297.0, 297.0, 297.0, 297.0, 297.0, 297.0, 297.0, 297.0, 297.0, 297.0, 297.0, 297.0, 297.0, 297.0, 297.0, 297.0, 297.0, 294.0, 291.0, 284.0, 277.0, 275.0, 275.0, 275.0, 275.0, 275.0]	[0, 0, 0, 0, 0, 0, 0, 0, 0, 0, 0, 0, 0, 0, 0, 0, 0, 0, 0, 0, 0, 0, 0, 0, 0, 1, 1, 1, 1, 1, 1, 0, 0, 0, 0, 0, 0, 0, 0, 0, 0, 0, 0, 0, 0, 0, 0, 0, 0, 1]	[0, 0, 0, 0, 0, 0, 0, 0, 0, 0, 0, 0, 0, 0, 0, 0, 0, 0, 0, 0, 0, 0, 0, 0, 0, 0, 0, 0, 0, 0, 0, 0, 0, 0, 0, 0, 0, 0, 0, 0, 0, 0, 0, 0, 0, 0, 0, 0, 0, 0]	[0, 0, 0, 0, 0, 0, 0, 0, 0, 0, 0, 0, 0, 0, 0, 0, 0, 0, 0, 0, 0, 0, 0, 0, 0, 0, 0, 0, 0, 0, 0, 0, 0, 0, 0, 0, 0, 0, 0, 0, 0, 0, 0, 0, 0, 0, 0, 0, 0, 0]	[0.00018149998504668474, 0.010246499994536862, 0.026783899986185133, 0.04351959997438826, 0.060198099992703646, 0.07666529997368343, 0.09351399997831322, 0.1104421999771148, 0.12713449998409487, 0.14405019997502677, 0.1601100999978371, 0.1766143999993801, 0.1934649999893736, 0.21017529998789541, 0.2267299999948591, 0.2434826999960933, 0.26001739999628626, 0.27698269998654723, 0.29372159999911673, 0.3109618999878876, 0.32739899997250177, 0.344091999984812, 0.35991749999811873, 0.37675239998498, 0.3932941999810282, 0.4101311999838799, 0.42665649999980815, 0.4435356999747455, 0.45989249998820014, 0.4766146999900229, 0.4932918999984395, 0.5102851999981795, 0.5265939999953844, 0.5438552999985404, 0.5601916999730747, 0.5768085999879986, 0.5932938999903854, 0.6099969999922905, 0.626762299973052, 0.6432356000004802, 0.6604461999959312, 0.6767008999886457, 0.693314999982249, 0.7101407999871299, 0.7267805999726988, 0.7432838999957312, 0.759945699974196, 0.7765820999920834, 0.7931149999785703, 0.8102723999763839]	245.0	275.0	0.7	8a
100	4	go_nogo	0	60	1	nogo	none	[36.0, 36.0, 58.0, 84.0, 109.0, 141.0, 166.0, 171.0, 179.0, 183.0, 185.0, 187.0, 188.0, 188.0, 188.0, 188.0, 188.0, 188.0, 188.0, 188.0, 188.0, 188.0, 188.0, 188.0, 188.0, 188.0, 188.0, 188.0, 188.0, 188.0, 188.0, 188.0, 188.0, 188.0, 188.0, 188.0, 188.0, 188.0, 188.0, 188.0, 188.0, 188.0, 188.0, 188.0, 188.0, 188.0, 188.0, 188.0, 188.0, 188.0, 188.0, 188.0, 188.0, 188.0, 188.0, 188.0, 188.0, 188.0, 188.0, 188.0, 188.0, 188.0, 188.0, 188.0, 188.0, 188.0]	[-230.0, -230.0, -163.0, -92.0, -17.0, 63.0, 134.0, 147.0, 172.0, 191.0, 201.0, 206.0, 211.0, 211.0, 212.0, 212.0, 212.0, 212.0, 212.0, 212.0, 218.0, 225.0, 230.0, 231.0, 231.0, 231.0, 231.0, 231.0, 231.0, 231.0, 231.0, 231.0, 231.0, 231.0, 231.0, 231.0, 231.0, 231.0, 231.0, 231.0, 231.0, 231.0, 231.0, 231.0, 231.0, 231.0, 231.0, 231.0, 231.0, 231.0, 231.0, 231.0, 231.0, 231.0, 231.0, 231.0, 231.0, 231.0, 231.0, 231.0, 231.0, 231.0, 231.0, 231.0, 231.0, 231.0]	[0, 0, 0, 0, 0, 0, 0, 0, 0, 0, 0, 0, 0, 0, 0, 0, 0, 0, 0, 0, 0, 0, 0, 0, 0, 0, 0, 0, 0, 0, 0, 0, 0, 0, 0, 0, 0, 0, 0, 0, 0, 0, 0, 0, 0, 0, 0, 0, 0, 0, 0, 0, 0, 0, 0, 0, 0, 0, 0, 0, 0, 0, 0, 0, 0, 0]	[0, 0, 0, 0, 0, 0, 0, 0, 0, 0, 0, 0, 0, 0, 0, 0, 0, 0, 0, 0, 0, 0, 0, 0, 0, 0, 0, 0, 0, 0, 0, 0, 0, 0, 0, 0, 0, 0, 0, 0, 0, 0, 0, 0, 0, 0, 0, 0, 0, 0, 0, 0, 0, 0, 0, 0, 0, 0, 0, 0, 0, 0, 0, 0, 0, 0]	[0, 0, 0, 0, 0, 0, 0, 0, 0, 0, 0, 0, 0, 0, 0, 0, 0, 0, 0, 0, 0, 0, 0, 0, 0, 0, 0, 0, 0, 0, 0, 0, 0, 0, 0, 0, 0, 0, 0, 0, 0, 0, 0, 0, 0, 0, 0, 0, 0, 0, 0, 0, 0, 0, 0, 0, 0, 0, 0, 0, 0, 0, 0, 0, 0, 0]	[0.00019500000053085387, 0.010091299976920709, 0.026656400004867464, 0.043034000002080575, 0.06036049997783266, 0.07638509999378584, 0.0931951999955345, 0.10995419998653233, 0.12647709998418577, 0.14298189998953603, 0.1598836999910418, 0.1764924000017345, 0.1930475999834016, 0.20995249997940846, 0.22661479999078438, 0.24305739998817444, 0.25965459999861196, 0.2763601999904495, 0.29279680000036024, 0.3097168999956921, 0.3263786000024993, 0.3429767999914475, 0.35978489997796714, 0.3762044000031892, 0.3928390999790281, 0.4095431999885477, 0.42634689999977127, 0.44300749999820255, 0.45946600000024773, 0.4762386999791488, 0.4930381999874953, 0.5099194999784231, 0.526842499995837, 0.5428215999854729, 0.5593495999928564, 0.5763990999839734, 0.5928529999800958, 0.6094144999806304, 0.6261806999973487, 0.6427204999781679, 0.6595210999948904, 0.6761218000028748, 0.6927100000029895, 0.7094470000010915, 0.7261518999875989, 0.7428288999944925, 0.7595646999834571, 0.7762605999887455, 0.7928887000016402, 0.8094538000004832, 0.8262516999966465, 0.8426620999816805, 0.8596132999809925, 0.8760975000041071, 0.8930756000045221, 0.9093774999782909, 0.9262089999974705, 0.9429059999820311, 0.9594679999863729, 0.9761160999769345, 0.9928794000006747, 1.009525500005111, 1.0261472999991383, 1.042857799999183, 1.0594735000049695, 1.075998599990271]	n/a	n/a	0.8	8a
101	4	go_nogo	0	60	7	go	click	[99.0, 99.0, 113.0, 132.0, 149.0, 156.0, 163.0, 169.0, 172.0, 174.0, 175.0, 175.0, 176.0, 176.0, 177.0, 177.0, 177.0, 177.0, 178.0, 179.0, 180.0, 180.0, 181.0]	[-158.0, -158.0, -102.0, -14.0, 77.0, 124.0, 164.0, 195.0, 212.0, 218.0, 224.0, 230.0, 238.0, 244.0, 245.0, 245.0, 245.0, 246.0, 253.0, 261.0, 269.0, 269.0, 269.0]	[0, 0, 0, 0, 0, 0, 0, 0, 0, 0, 0, 0, 0, 0, 0, 0, 0, 0, 0, 0, 0, 0, 1]	[0, 0, 0, 0, 0, 0, 0, 0, 0, 0, 0, 0, 0, 0, 0, 0, 0, 0, 0, 0, 0, 0, 0]	[0, 0, 0, 0, 0, 0, 0, 0, 0, 0, 0, 0, 0, 0, 0, 0, 0, 0, 0, 0, 0, 0, 0]	[0.00021159998141229153, 0.011281299986876547, 0.027892099984455854, 0.04459149998729117, 0.06131319998530671, 0.07798929998534732, 0.09459349999087863, 0.11133519999566488, 0.12778749997960404, 0.1446525999926962, 0.16115899998112582, 0.17823399999178946, 0.1946946999814827, 0.2113130999787245, 0.22769529998186044, 0.24471609998727217, 0.26118859997950494, 0.2780248999770265, 0.29535969998687506, 0.3116052999976091, 0.32798669999465346, 0.3445977999945171, 0.361222599982284]	181.0	269.0	1.0	8a
102	4	go_nogo	0	60	2	go	click	[91.0, 91.0, 107.0, 134.0, 157.0, 176.0, 189.0, 192.0, 193.0, 193.0, 193.0, 194.0, 194.0, 194.0, 194.0, 194.0, 194.0, 194.0, 194.0, 194.0]	[-186.0, -186.0, -133.0, -16.0, 88.0, 199.0, 279.0, 303.0, 310.0, 310.0, 310.0, 310.0, 310.0, 310.0, 310.0, 310.0, 310.0, 311.0, 312.0, 312.0]	[0, 0, 0, 0, 0, 0, 0, 0, 0, 0, 0, 0, 0, 0, 0, 0, 0, 0, 0, 1]	[0, 0, 0, 0, 0, 0, 0, 0, 0, 0, 0, 0, 0, 0, 0, 0, 0, 0, 0, 0]	[0, 0, 0, 0, 0, 0, 0, 0, 0, 0, 0, 0, 0, 0, 0, 0, 0, 0, 0, 0]	[0.00019079999765381217, 0.010602800000924617, 0.027589500008616596, 0.04428570001618937, 0.06026709999423474, 0.07714710000436753, 0.09371440001996234, 0.11044330001459457, 0.12684330000774935, 0.14348729999619536, 0.160148199996911, 0.17689560001599602, 0.1935239000013098, 0.21018419999745674, 0.22687780001433566, 0.24349970000912435, 0.2608939000056125, 0.2769774000043981, 0.29340620001312345, 0.31062220002058893]	194.0	312.0	0.9	8a
103	4	go_nogo	0	60	6	go	click	[22.0, 22.0, 27.0, 38.0, 46.0, 52.0, 57.0, 62.0, 65.0, 70.0, 74.0, 78.0, 81.0, 86.0, 92.0, 104.0, 125.0, 147.0, 163.0, 175.0, 183.0, 193.0, 203.0, 210.0, 211.0, 211.0, 211.0, 211.0]	[-235.0, -235.0, -176.0, 13.0, 118.0, 182.0, 222.0, 255.0, 279.0, 300.0, 319.0, 336.0, 347.0, 356.0, 358.0, 358.0, 350.0, 336.0, 329.0, 322.0, 318.0, 312.0, 306.0, 301.0, 300.0, 300.0, 300.0, 300.0]	[0, 0, 0, 0, 0, 0, 0, 0, 0, 0, 0, 0, 0, 0, 0, 0, 0, 0, 0, 0, 0, 0, 0, 0, 0, 0, 0, 1]	[0, 0, 0, 0, 0, 0, 0, 0, 0, 0, 0, 0, 0, 0, 0, 0, 0, 0, 0, 0, 0, 0, 0, 0, 0, 0, 0, 0]	[0, 0, 0, 0, 0, 0, 0, 0, 0, 0, 0, 0, 0, 0, 0, 0, 0, 0, 0, 0, 0, 0, 0, 0, 0, 0, 0, 0]	[0.00020559999393299222, 0.01160830000299029, 0.028302599996095523, 0.04459469998255372, 0.06164810000336729, 0.07820469999569468, 0.09478549999766983, 0.11148339998908341, 0.12809320000815205, 0.1449748000013642, 0.16133830000762828, 0.17805119999684393, 0.19459090000600554, 0.21157600000151433, 0.22815650000120513, 0.24491099998704158, 0.26151650000247173, 0.278205499984324, 0.294851499987999, 0.31133140000747517, 0.3281153999851085, 0.3446968999924138, 0.36131229999591596, 0.3782657999836374, 0.3944472000002861, 0.41105749999405816, 0.42768470000009984, 0.4448610999970697]	211.0	300.0	0.9	8a
104	4	go_nogo	0	60	6	go	click	[34.0, 34.0, 59.0, 85.0, 115.0, 133.0, 144.0, 150.0, 156.0, 159.0, 163.0, 169.0, 184.0, 188.0, 188.0, 189.0, 192.0, 199.0, 214.0, 228.0, 240.0, 249.0, 251.0, 255.0, 255.0, 255.0, 255.0, 255.0, 255.0, 255.0, 255.0, 255.0, 255.0, 255.0, 255.0, 255.0, 255.0, 255.0, 255.0, 255.0, 255.0, 253.0, 252.0, 249.0, 248.0, 247.0, 243.0, 238.0, 235.0, 234.0, 234.0]	[-273.0, -273.0, -157.0, -6.0, 158.0, 265.0, 323.0, 357.0, 384.0, 401.0, 409.0, 418.0, 437.0, 442.0, 442.0, 442.0, 438.0, 423.0, 399.0, 368.0, 341.0, 309.0, 303.0, 288.0, 284.0, 283.0, 283.0, 283.0, 283.0, 283.0, 283.0, 283.0, 283.0, 283.0, 283.0, 283.0, 283.0, 283.0, 283.0, 283.0, 283.0, 283.0, 284.0, 286.0, 286.0, 287.0, 288.0, 292.0, 293.0, 293.0, 293.0]	[0, 0, 0, 0, 0, 0, 0, 0, 0, 0, 0, 0, 0, 0, 0, 0, 0, 0, 0, 0, 0, 0, 0, 0, 0, 0, 0, 0, 1, 1, 1, 1, 1, 1, 1, 1, 1, 0, 0, 0, 0, 0, 0, 0, 0, 0, 0, 0, 0, 0, 1]	[0, 0, 0, 0, 0, 0, 0, 0, 0, 0, 0, 0, 0, 0, 0, 0, 0, 0, 0, 0, 0, 0, 0, 0, 0, 0, 0, 0, 0, 0, 0, 0, 0, 0, 0, 0, 0, 0, 0, 0, 0, 0, 0, 0, 0, 0, 0, 0, 0, 0, 0]	[0, 0, 0, 0, 0, 0, 0, 0, 0, 0, 0, 0, 0, 0, 0, 0, 0, 0, 0, 0, 0, 0, 0, 0, 0, 0, 0, 0, 0, 0, 0, 0, 0, 0, 0, 0, 0, 0, 0, 0, 0, 0, 0, 0, 0, 0, 0, 0, 0, 0, 0]	[0.0002266999799758196, 0.011810899974079803, 0.028407699981471524, 0.044947999995201826, 0.061782199976732954, 0.07880219997605309, 0.09544849998201244, 0.11178649999783374, 0.12834909997764044, 0.14472209999803454, 0.16139409999595955, 0.17824799998197705, 0.19494599997415207, 0.21158649999415502, 0.22847149998415262, 0.24530179999419488, 0.26167769997846335, 0.27836589998332784, 0.2950142999761738, 0.31202879999182187, 0.3285639999958221, 0.3450334999943152, 0.36164609997649677, 0.3782737999863457, 0.39494879997801036, 0.41153809998650104, 0.42817689999355935, 0.4446454999851994, 0.46164359999238513, 0.4779361999826506, 0.4946291999949608, 0.5112777999893297, 0.52834609997808, 0.5446995999955107, 0.5617012000002433, 0.578127399989171, 0.5947352999937721, 0.6111835999763571, 0.6279442999802995, 0.6446622999792453, 0.6612884999776725, 0.6783184999949299, 0.6949431999819353, 0.7114748999883886, 0.7279709999857005, 0.7448473999975249, 0.7615070999891032, 0.7782169999845792, 0.794798399991123, 0.8113898999872617, 0.8279150999733247]	234.0	293.0	0.8	8a
105	4	go_nogo	0	60	4	go	click	[21.0, 21.0, 17.0, 12.0, 13.0, 20.0, 39.0, 52.0, 66.0, 79.0, 91.0, 100.0, 111.0, 117.0, 119.0, 121.0, 124.0, 141.0, 158.0, 178.0, 198.0, 218.0, 230.0, 238.0, 239.0, 239.0, 239.0, 239.0, 239.0, 239.0, 239.0, 238.0, 238.0, 238.0, 238.0]	[-223.0, -223.0, -185.0, -113.0, -51.0, 22.0, 95.0, 128.0, 155.0, 177.0, 193.0, 206.0, 217.0, 220.0, 221.0, 221.0, 221.0, 221.0, 224.0, 233.0, 245.0, 259.0, 270.0, 276.0, 279.0, 281.0, 283.0, 285.0, 287.0, 289.0, 292.0, 296.0, 297.0, 297.0, 297.0]	[0, 0, 0, 0, 0, 0, 0, 0, 0, 0, 0, 0, 0, 0, 0, 0, 0, 0, 0, 0, 0, 0, 0, 0, 0, 0, 0, 0, 0, 0, 0, 0, 0, 0, 1]	[0, 0, 0, 0, 0, 0, 0, 0, 0, 0, 0, 0, 0, 0, 0, 0, 0, 0, 0, 0, 0, 0, 0, 0, 0, 0, 0, 0, 0, 0, 0, 0, 0, 0, 0]	[0, 0, 0, 0, 0, 0, 0, 0, 0, 0, 0, 0, 0, 0, 0, 0, 0, 0, 0, 0, 0, 0, 0, 0, 0, 0, 0, 0, 0, 0, 0, 0, 0, 0, 0]	[0.00018400000408291817, 0.010260599985485896, 0.02694020001217723, 0.043902300007175654, 0.060802699998021126, 0.0770978000073228, 0.09394950000569224, 0.11149559999466874, 0.12725099999806844, 0.14423639999586158, 0.16078259999630973, 0.17721689998870715, 0.1939315999916289, 0.2105640000081621, 0.22707039999659173, 0.2439728000026662, 0.2608325000037439, 0.27749750000657514, 0.29371810000156984, 0.3104538999905344, 0.32745129999239, 0.3443422999989707, 0.36026260000653565, 0.3769269000040367, 0.3935193000070285, 0.4104159999988042, 0.42697649999172427, 0.44362249999539927, 0.460383700003149, 0.4770012999942992, 0.49400810000952333, 0.5103331999853253, 0.5269264999951702, 0.5433988999866415, 0.5606539000000339]	238.0	297.0	1.0	8a
106	4	go_nogo	0	60	8	go	click	[14.0, 25.0, 34.0, 50.0, 64.0, 79.0, 88.0, 94.0, 98.0, 102.0, 104.0, 110.0, 112.0, 113.0, 113.0, 116.0, 123.0, 141.0, 161.0, 180.0, 203.0, 223.0, 236.0, 237.0, 237.0, 237.0, 237.0, 237.0, 237.0, 235.0, 233.0, 228.0, 223.0, 220.0, 218.0, 215.0, 215.0, 215.0, 215.0]	[-254.0, -190.0, -123.0, -9.0, 78.0, 138.0, 183.0, 210.0, 227.0, 235.0, 244.0, 255.0, 258.0, 258.0, 258.0, 258.0, 258.0, 258.0, 261.0, 266.0, 274.0, 282.0, 288.0, 289.0, 289.0, 289.0, 289.0, 290.0, 291.0, 292.0, 293.0, 296.0, 298.0, 299.0, 300.0, 300.0, 300.0, 300.0, 300.0]	[0, 0, 0, 0, 0, 0, 0, 0, 0, 0, 0, 0, 0, 0, 0, 0, 0, 0, 0, 0, 0, 0, 0, 0, 0, 0, 0, 0, 0, 0, 0, 0, 0, 0, 0, 0, 0, 0, 1]	[0, 0, 0, 0, 0, 0, 0, 0, 0, 0, 0, 0, 0, 0, 0, 0, 0, 0, 0, 0, 0, 0, 0, 0, 0, 0, 0, 0, 0, 0, 0, 0, 0, 0, 0, 0, 0, 0, 0]	[0, 0, 0, 0, 0, 0, 0, 0, 0, 0, 0, 0, 0, 0, 0, 0, 0, 0, 0, 0, 0, 0, 0, 0, 0, 0, 0, 0, 0, 0, 0, 0, 0, 0, 0, 0, 0, 0, 0]	[8.180001168511808e-05, 0.008991600014269352, 0.02579189999960363, 0.042448899999726564, 0.05926290000206791, 0.07598419999703765, 0.0924970000050962, 0.109210599999642, 0.1257464000082109, 0.14246790000470355, 0.1590907000063453, 0.17607940000016242, 0.19270089999190532, 0.20916980001493357, 0.22611789999064058, 0.24241120001534, 0.2590611999912653, 0.27580550001584925, 0.2926119999901857, 0.30925389999174513, 0.32614630000898615, 0.3426181999966502, 0.35935899999458343, 0.3758920000109356, 0.39249610001570545, 0.40901669999584556, 0.4257604000158608, 0.44264100000145845, 0.4591575000085868, 0.47620120001374744, 0.4925576999958139, 0.5092893000110053, 0.5257637000177056, 0.5425178000004962, 0.5592028000100981, 0.575627300015185, 0.5922111000108998, 0.6089323000051081, 0.6257789999945089]	215.0	300.0	0.8	8a
107	4	go_nogo	0	60	9	nogo	none	[6.0, 6.0, 1.0, 1.0, 16.0, 37.0, 59.0, 89.0, 126.0, 157.0, 176.0, 193.0, 204.0, 214.0, 220.0, 221.0, 221.0, 222.0, 224.0, 227.0, 229.0, 229.0, 230.0, 232.0, 232.0, 232.0, 229.0, 228.0, 226.0, 225.0, 225.0, 225.0, 225.0, 225.0, 225.0, 225.0, 225.0, 225.0, 225.0, 225.0, 225.0, 225.0, 225.0, 225.0, 225.0, 225.0, 225.0, 225.0, 225.0, 225.0, 225.0, 225.0, 225.0, 225.0, 225.0, 225.0, 225.0, 225.0, 225.0, 225.0, 225.0, 225.0, 225.0, 225.0, 225.0, 225.0, 225.0, 225.0, 225.0, 225.0, 225.0, 225.0]	[-280.0, -280.0, -262.0, -226.0, -124.0, -43.0, 46.0, 133.0, 214.0, 276.0, 320.0, 355.0, 377.0, 391.0, 397.0, 397.0, 397.0, 397.0, 398.0, 399.0, 401.0, 401.0, 401.0, 394.0, 378.0, 364.0, 352.0, 344.0, 338.0, 337.0, 337.0, 337.0, 337.0, 337.0, 337.0, 337.0, 337.0, 337.0, 337.0, 337.0, 337.0, 337.0, 337.0, 337.0, 337.0, 337.0, 337.0, 337.0, 337.0, 337.0, 337.0, 337.0, 337.0, 337.0, 337.0, 337.0, 337.0, 337.0, 337.0, 337.0, 337.0, 337.0, 337.0, 337.0, 337.0, 337.0, 337.0, 337.0, 337.0, 337.0, 337.0, 337.0]	[0, 0, 0, 0, 0, 0, 0, 0, 0, 0, 0, 0, 0, 0, 0, 0, 0, 0, 0, 0, 0, 0, 0, 0, 0, 0, 0, 0, 0, 0, 0, 0, 0, 0, 0, 0, 0, 0, 0, 0, 0, 0, 0, 0, 0, 0, 0, 0, 0, 0, 0, 0, 0, 0, 0, 0, 0, 0, 0, 0, 0, 0, 0, 0, 0, 0, 0, 0, 0, 0, 0, 0]	[0, 0, 0, 0, 0, 0, 0, 0, 0, 0, 0, 0, 0, 0, 0, 0, 0, 0, 0, 0, 0, 0, 0, 0, 0, 0, 0, 0, 0, 0, 0, 0, 0, 0, 0, 0, 0, 0, 0, 0, 0, 0, 0, 0, 0, 0, 0, 0, 0, 0, 0, 0, 0, 0, 0, 0, 0, 0, 0, 0, 0, 0, 0, 0, 0, 0, 0, 0, 0, 0, 0, 0]	[0, 0, 0, 0, 0, 0, 0, 0, 0, 0, 0, 0, 0, 0, 0, 0, 0, 0, 0, 0, 0, 0, 0, 0, 0, 0, 0, 0, 0, 0, 0, 0, 0, 0, 0, 0, 0, 0, 0, 0, 0, 0, 0, 0, 0, 0, 0, 0, 0, 0, 0, 0, 0, 0, 0, 0, 0, 0, 0, 0, 0, 0, 0, 0, 0, 0, 0, 0, 0, 0, 0, 0]	[0.00023430000874213874, 0.011112200008938089, 0.028010500012896955, 0.04469070001505315, 0.06131650001043454, 0.07961130002513528, 0.09480840002652258, 0.11093610001262277, 0.12767840002197772, 0.14436310000019148, 0.1611875000235159, 0.17776130000129342, 0.19435610002255999, 0.2113254000141751, 0.22759420002694242, 0.24419930001022294, 0.2609243000042625, 0.2775440000114031, 0.2947576000005938, 0.3114903000241611, 0.327665100019658, 0.3441565000102855, 0.3609606000245549, 0.3779134000069462, 0.3944531000161078, 0.41107560001546517, 0.4279769000131637, 0.4443737000110559, 0.4609442000219133, 0.4775940000254195, 0.49415560002671555, 0.5109911000181455, 0.5273622000240721, 0.5440919000247959, 0.5609383000119124, 0.5775914000114426, 0.5941919000179041, 0.6108251000114251, 0.6275841000024229, 0.6440800999989733, 0.6606576000049245, 0.6772691000078339, 0.6940176000061911, 0.7107750000141095, 0.7274246000160929, 0.7447214999992866, 0.7609905000135768, 0.7773594000027515, 0.793919800024014, 0.8107631000166293, 0.8272762000269722, 0.8438981000217609, 0.8605360000219662, 0.8772583000245504, 0.89383060002001, 0.9106124000099953, 0.9272347000078298, 0.9440270000195596, 0.96071120002307, 0.9772992000216618, 0.9938129000074696, 1.0104963000048883, 1.027033600024879, 1.0437630000233185, 1.0604506000236142, 1.0770653000217862, 1.0938112000003457, 1.1105599000002258, 1.127297400002135, 1.143852400011383, 1.1603326000040397, 1.1769545999995898]	n/a	n/a	0.7	8a
108	4	go_nogo	0	60	6	go	click	[79.0, 79.0, 83.0, 83.0, 83.0, 98.0, 111.0, 119.0, 125.0, 129.0, 130.0, 130.0, 130.0, 132.0, 138.0, 148.0, 161.0, 171.0, 177.0, 179.0, 180.0, 182.0, 183.0, 183.0, 184.0, 184.0, 184.0]	[87.0, 87.0, 129.0, 129.0, 129.0, 216.0, 291.0, 342.0, 363.0, 373.0, 374.0, 375.0, 376.0, 376.0, 375.0, 367.0, 351.0, 335.0, 321.0, 313.0, 308.0, 302.0, 301.0, 301.0, 301.0, 301.0, 301.0]	[0, 0, 0, 0, 0, 0, 0, 0, 0, 0, 0, 0, 0, 0, 0, 0, 0, 0, 0, 0, 0, 0, 0, 0, 0, 0, 1]	[0, 0, 0, 0, 0, 0, 0, 0, 0, 0, 0, 0, 0, 0, 0, 0, 0, 0, 0, 0, 0, 0, 0, 0, 0, 0, 0]	[0, 0, 0, 0, 0, 0, 0, 0, 0, 0, 0, 0, 0, 0, 0, 0, 0, 0, 0, 0, 0, 0, 0, 0, 0, 0, 0]	[0.00020219999714754522, 0.0028125999961048365, 0.005558300006669015, 0.007790700008627027, 0.023351199983153492, 0.04013559999293648, 0.056750499992631376, 0.07323320000432432, 0.08999760000733659, 0.10678529998403974, 0.1233457000053022, 0.14012639998691157, 0.1568476999818813, 0.17355370000586845, 0.1901079999806825, 0.20718339999439195, 0.2233774999913294, 0.24013709998689592, 0.25677509998786263, 0.2733585999812931, 0.2899887999810744, 0.3067119999905117, 0.32307630000286736, 0.34006240000599064, 0.35634830000344664, 0.37327059998642653, 0.39009549998445436]	184.0	301.0	0.6	8a
109	4	go_nogo	0	60	6	go	click	[42.0, 42.0, 59.0, 68.0, 74.0, 81.0, 89.0, 93.0, 96.0, 98.0, 98.0, 98.0, 98.0, 98.0, 98.0, 98.0, 98.0, 102.0, 113.0, 124.0, 134.0, 142.0, 146.0, 148.0, 149.0, 150.0, 150.0, 150.0, 150.0, 150.0, 150.0, 150.0, 150.0, 150.0, 150.0, 150.0, 150.0, 150.0, 150.0, 150.0, 150.0, 150.0, 150.0, 150.0, 150.0, 150.0, 150.0, 150.0, 150.0, 150.0, 150.0, 150.0, 151.0, 154.0, 162.0, 171.0, 177.0, 178.0, 181.0, 183.0]	[-274.0, -274.0, -190.0, -121.0, -79.0, -33.0, 25.0, 72.0, 124.0, 139.0, 153.0, 168.0, 182.0, 187.0, 187.0, 187.0, 188.0, 197.0, 217.0, 242.0, 270.0, 296.0, 304.0, 310.0, 314.0, 316.0, 316.0, 316.0, 316.0, 316.0, 316.0, 316.0, 316.0, 316.0, 316.0, 316.0, 316.0, 316.0, 316.0, 316.0, 316.0, 316.0, 316.0, 316.0, 316.0, 316.0, 316.0, 316.0, 316.0, 316.0, 316.0, 316.0, 316.0, 316.0, 314.0, 311.0, 311.0, 310.0, 306.0, 306.0]	[0, 0, 0, 0, 0, 0, 0, 0, 0, 0, 0, 0, 0, 0, 0, 0, 0, 0, 0, 0, 0, 0, 0, 0, 0, 0, 0, 0, 0, 0, 0, 1, 1, 1, 1, 1, 0, 0, 0, 0, 0, 0, 0, 0, 0, 0, 0, 0, 0, 0, 0, 0, 0, 0, 0, 0, 0, 0, 0, 1]	[0, 0, 0, 0, 0, 0, 0, 0, 0, 0, 0, 0, 0, 0, 0, 0, 0, 0, 0, 0, 0, 0, 0, 0, 0, 0, 0, 0, 0, 0, 0, 0, 0, 0, 0, 0, 0, 0, 0, 0, 0, 0, 0, 0, 0, 0, 0, 0, 0, 0, 0, 0, 0, 0, 0, 0, 0, 0, 0, 0]	[0, 0, 0, 0, 0, 0, 0, 0, 0, 0, 0, 0, 0, 0, 0, 0, 0, 0, 0, 0, 0, 0, 0, 0, 0, 0, 0, 0, 0, 0, 0, 0, 0, 0, 0, 0, 0, 0, 0, 0, 0, 0, 0, 0, 0, 0, 0, 0, 0, 0, 0, 0, 0, 0, 0, 0, 0, 0, 0, 0]	[0.00015300000086426735, 0.011817499995231628, 0.02857859997311607, 0.04505449999123812, 0.061663399974349886, 0.07836970000062138, 0.09519459999864921, 0.11187679998693056, 0.12842969998018816, 0.14517679999698885, 0.16209909997996874, 0.17835429997649044, 0.19515169999795035, 0.21145869998144917, 0.2283828999788966, 0.24538709997432306, 0.26186829997459427, 0.27839209997910075, 0.29498599999351427, 0.31184129999019206, 0.3285369999939576, 0.34515349997673184, 0.36230719997547567, 0.37832609997713007, 0.3950353999971412, 0.411857399973087, 0.4282359999779146, 0.4448993999976665, 0.46155979999457486, 0.47816439997404814, 0.49486889998661354, 0.5117370999942068, 0.5281694000004791, 0.5448531000001822, 0.5615797999780625, 0.5783054999774322, 0.5951668999914546, 0.6116691999777686, 0.6281444999913219, 0.6447118999785744, 0.6617357999784872, 0.6782308999972884, 0.694701599975815, 0.7113988999917638, 0.7280509999836795, 0.7446749999944586, 0.7614142999809701, 0.7780867999827024, 0.7948406999930739, 0.8115376999776345, 0.8281191999849398, 0.8448623000003863, 0.8615298999939114, 0.8783117999846581, 0.8950598999799695, 0.9117005000007339, 0.9283750999893527, 0.9455708999885246, 0.9614712999900803, 0.9777962999942247]	183.0	306.0	0.6	8a
110	4	go_nogo	0	60	1	nogo	none	[61.0, 61.0, 72.0, 97.0, 120.0, 133.0, 136.0, 137.0, 137.0, 137.0, 138.0, 138.0, 139.0, 139.0, 139.0, 139.0, 139.0, 139.0, 139.0, 142.0, 150.0, 158.0, 168.0, 176.0, 181.0, 185.0, 188.0, 190.0, 190.0, 190.0, 190.0, 190.0, 191.0, 191.0, 191.0, 191.0, 191.0, 191.0, 191.0, 191.0, 191.0, 191.0, 191.0, 191.0, 191.0, 191.0, 191.0, 191.0, 191.0, 191.0, 191.0, 191.0, 191.0, 191.0, 191.0, 191.0, 191.0, 191.0, 191.0, 191.0, 191.0, 191.0, 191.0, 191.0, 191.0, 191.0, 191.0, 191.0, 191.0, 191.0, 191.0, 191.0, 191.0, 191.0, 191.0, 191.0, 191.0, 191.0]	[-246.0, -246.0, -213.0, -142.0, -71.0, -17.0, 1.0, 8.0, 8.0, 9.0, 12.0, 19.0, 28.0, 31.0, 32.0, 32.0, 32.0, 42.0, 64.0, 93.0, 121.0, 156.0, 193.0, 221.0, 250.0, 277.0, 293.0, 303.0, 304.0, 304.0, 304.0, 302.0, 297.0, 292.0, 288.0, 286.0, 286.0, 285.0, 285.0, 285.0, 285.0, 285.0, 285.0, 285.0, 285.0, 285.0, 285.0, 285.0, 285.0, 285.0, 285.0, 285.0, 285.0, 285.0, 285.0, 285.0, 285.0, 285.0, 285.0, 285.0, 285.0, 285.0, 285.0, 285.0, 285.0, 285.0, 285.0, 285.0, 285.0, 285.0, 285.0, 285.0, 285.0, 285.0, 285.0, 285.0, 285.0, 285.0]	[0, 0, 0, 0, 0, 0, 0, 0, 0, 0, 0, 0, 0, 0, 0, 0, 0, 0, 0, 0, 0, 0, 0, 0, 0, 0, 0, 0, 0, 0, 0, 0, 0, 0, 0, 0, 0, 0, 0, 0, 0, 0, 0, 0, 0, 0, 0, 0, 0, 0, 0, 0, 0, 0, 0, 0, 0, 0, 0, 0, 0, 0, 0, 0, 0, 0, 0, 0, 0, 0, 0, 0, 0, 0, 0, 0, 0, 0]	[0, 0, 0, 0, 0, 0, 0, 0, 0, 0, 0, 0, 0, 0, 0, 0, 0, 0, 0, 0, 0, 0, 0, 0, 0, 0, 0, 0, 0, 0, 0, 0, 0, 0, 0, 0, 0, 0, 0, 0, 0, 0, 0, 0, 0, 0, 0, 0, 0, 0, 0, 0, 0, 0, 0, 0, 0, 0, 0, 0, 0, 0, 0, 0, 0, 0, 0, 0, 0, 0, 0, 0, 0, 0, 0, 0, 0, 0]	[0, 0, 0, 0, 0, 0, 0, 0, 0, 0, 0, 0, 0, 0, 0, 0, 0, 0, 0, 0, 0, 0, 0, 0, 0, 0, 0, 0, 0, 0, 0, 0, 0, 0, 0, 0, 0, 0, 0, 0, 0, 0, 0, 0, 0, 0, 0, 0, 0, 0, 0, 0, 0, 0, 0, 0, 0, 0, 0, 0, 0, 0, 0, 0, 0, 0, 0, 0, 0, 0, 0, 0, 0, 0, 0, 0, 0, 0]	[0.0001908999984152615, 0.010199200012721121, 0.02688240000861697, 0.04350720002548769, 0.060238500009290874, 0.07677420001709834, 0.09383140000863932, 0.11020660001668148, 0.1270043000113219, 0.1436923000146635, 0.1605635000159964, 0.17697040000348352, 0.19356929999776185, 0.21045440001762472, 0.2265934000024572, 0.24331080002593808, 0.2602047999971546, 0.27704900002572685, 0.2933519000071101, 0.3100430000049528, 0.32697380002355203, 0.3434897000261117, 0.36011610002606176, 0.3769231000042055, 0.39341780001996085, 0.4102431000210345, 0.4269217000110075, 0.443661900004372, 0.46022350000566803, 0.4769055000215303, 0.49346120000700466, 0.5108473000000231, 0.5268107000156306, 0.5437579000135884, 0.5603778000222519, 0.5768750999995973, 0.59354530001292, 0.6096910000196658, 0.6264742000203114, 0.6430562000023201, 0.6597743000020273, 0.676432800013572, 0.6930857000115793, 0.7096785000176169, 0.7263998000125866, 0.7432513000094332, 0.759878300013952, 0.7762789000116754, 0.7930132000183221, 0.8097058999992441, 0.827057300019078, 0.8431397000094876, 0.8599099999992177, 0.8763359000149649, 0.8931749000039417, 0.9097188000159804, 0.926463000010699, 0.942995500023244, 0.9597047000133898, 0.976392400014447, 0.9931178000115324, 1.0096739000000525, 1.0265224000031594, 1.0430499000067357, 1.0599270000238903, 1.0762607000069693, 1.092869200016139, 1.1095800000184681, 1.1262510000087786, 1.1430592000251636, 1.159587600006489, 1.176273700024467, 1.1932144000020344, 1.2096624000114389, 1.2263447000004817, 1.2429713000019547, 1.2598788000177592, 1.276507100003073]	n/a	n/a	0.9	8a
111	4	go_nogo	0	60	3	go	click	[43.0, 43.0, 48.0, 56.0, 64.0, 67.0, 70.0, 73.0, 74.0, 77.0, 82.0, 86.0, 95.0, 99.0, 103.0, 104.0, 106.0, 107.0, 109.0, 113.0, 118.0, 123.0, 126.0, 130.0, 131.0, 132.0, 132.0, 133.0, 135.0, 138.0, 140.0, 141.0, 143.0, 145.0, 154.0, 158.0, 161.0, 164.0, 168.0, 173.0, 174.0, 175.0]	[-178.0, -178.0, -128.0, -36.0, 26.0, 62.0, 88.0, 109.0, 124.0, 139.0, 153.0, 164.0, 186.0, 203.0, 214.0, 219.0, 222.0, 227.0, 235.0, 245.0, 255.0, 265.0, 271.0, 281.0, 285.0, 285.0, 286.0, 287.0, 288.0, 290.0, 292.0, 293.0, 294.0, 294.0, 294.0, 294.0, 294.0, 294.0, 294.0, 294.0, 294.0, 294.0]	[0, 0, 0, 0, 0, 0, 0, 0, 0, 0, 0, 0, 0, 0, 0, 0, 0, 0, 0, 0, 0, 0, 0, 0, 0, 0, 0, 0, 0, 0, 0, 0, 0, 0, 0, 0, 0, 0, 0, 0, 0, 1]	[0, 0, 0, 0, 0, 0, 0, 0, 0, 0, 0, 0, 0, 0, 0, 0, 0, 0, 0, 0, 0, 0, 0, 0, 0, 0, 0, 0, 0, 0, 0, 0, 0, 0, 0, 0, 0, 0, 0, 0, 0, 0]	[0, 0, 0, 0, 0, 0, 0, 0, 0, 0, 0, 0, 0, 0, 0, 0, 0, 0, 0, 0, 0, 0, 0, 0, 0, 0, 0, 0, 0, 0, 0, 0, 0, 0, 0, 0, 0, 0, 0, 0, 0, 0]	[0.00034359999699518085, 0.007990100013557822, 0.02488499999162741, 0.04136679999646731, 0.05810359999304637, 0.07501960001536645, 0.09158279999974184, 0.10813919999054633, 0.12481100001605228, 0.1414920999959577, 0.15793570000096224, 0.17512010000064038, 0.19178910000482574, 0.20808020001277328, 0.22470200000680052, 0.24161510000703856, 0.25832950000767596, 0.2750882999971509, 0.29157800000393763, 0.30801120001706295, 0.3250959000142757, 0.3416362999996636, 0.35842140001477674, 0.37479229999007657, 0.391801799996756, 0.4081700000097044, 0.42510849999962375, 0.44156390000716783, 0.45828700001584366, 0.4748377999931108, 0.49156090000178665, 0.5088492000068072, 0.524613399989903, 0.5413968999928329, 0.5581072999921162, 0.574786800018046, 0.5914584000129253, 0.6083964999997988, 0.6250383000005968, 0.6411394000169821, 0.6576901999942493, 0.6746064999897499]	176.0	294.0	1.0	8a
112	4	go_nogo	0	60	8	go	click	[51.0, 51.0, 61.0, 83.0, 101.0, 112.0, 119.0, 122.0, 122.0, 123.0, 123.0, 124.0, 126.0, 127.0, 128.0, 129.0, 135.0, 139.0, 144.0, 150.0, 157.0, 165.0, 170.0, 176.0, 179.0, 182.0, 184.0, 185.0, 185.0, 185.0, 185.0, 185.0]	[-238.0, -238.0, -190.0, -106.0, -40.0, 16.0, 45.0, 65.0, 76.0, 81.0, 85.0, 93.0, 101.0, 106.0, 110.0, 117.0, 140.0, 159.0, 178.0, 197.0, 215.0, 236.0, 251.0, 267.0, 276.0, 289.0, 296.0, 300.0, 300.0, 300.0, 300.0, 300.0]	[0, 0, 0, 0, 0, 0, 0, 0, 0, 0, 0, 0, 0, 0, 0, 0, 0, 0, 0, 0, 0, 0, 0, 0, 0, 0, 0, 0, 0, 0, 0, 1]	[0, 0, 0, 0, 0, 0, 0, 0, 0, 0, 0, 0, 0, 0, 0, 0, 0, 0, 0, 0, 0, 0, 0, 0, 0, 0, 0, 0, 0, 0, 0, 0]	[0, 0, 0, 0, 0, 0, 0, 0, 0, 0, 0, 0, 0, 0, 0, 0, 0, 0, 0, 0, 0, 0, 0, 0, 0, 0, 0, 0, 0, 0, 0, 0]	[0.00020099998801015317, 0.01166159997228533, 0.028243099979590625, 0.04474159999517724, 0.061719699995592237, 0.07861119997687638, 0.09515639999881387, 0.11176329999580048, 0.1283621999900788, 0.14496239999425597, 0.16145799998776056, 0.17826509999576956, 0.19489689997863024, 0.2117244999972172, 0.22836789998109452, 0.24506109999492764, 0.2615569999907166, 0.2787942999857478, 0.29539199999999255, 0.3114738999865949, 0.3281721999810543, 0.34488769999006763, 0.36182419999386184, 0.37835409998660907, 0.3950485999812372, 0.41169569999328814, 0.4283473999821581, 0.4450469999865163, 0.4614236999768764, 0.47812580000027083, 0.49483159999363124, 0.5116536999994423]	185.0	300.0	0.7	8a
113	4	go_nogo	0	60	2	go	click	[53.0, 53.0, 71.0, 90.0, 110.0, 122.0, 135.0, 145.0, 151.0, 162.0, 166.0, 168.0, 170.0, 172.0, 172.0, 172.0, 172.0, 172.0, 172.0, 172.0, 172.0, 176.0, 177.0, 181.0, 182.0, 184.0, 185.0, 186.0, 186.0, 186.0, 186.0]	[-263.0, -263.0, -187.0, -106.0, -22.0, 41.0, 84.0, 119.0, 142.0, 174.0, 189.0, 202.0, 211.0, 215.0, 216.0, 216.0, 216.0, 216.0, 216.0, 216.0, 218.0, 231.0, 235.0, 249.0, 256.0, 262.0, 268.0, 272.0, 274.0, 274.0, 274.0]	[0, 0, 0, 0, 0, 0, 0, 0, 0, 0, 0, 0, 0, 0, 0, 0, 0, 0, 0, 0, 0, 0, 0, 0, 0, 0, 0, 0, 0, 0, 1]	[0, 0, 0, 0, 0, 0, 0, 0, 0, 0, 0, 0, 0, 0, 0, 0, 0, 0, 0, 0, 0, 0, 0, 0, 0, 0, 0, 0, 0, 0, 0]	[0, 0, 0, 0, 0, 0, 0, 0, 0, 0, 0, 0, 0, 0, 0, 0, 0, 0, 0, 0, 0, 0, 0, 0, 0, 0, 0, 0, 0, 0, 0]	[7.989999721758068e-05, 0.011356300004990771, 0.02800079999724403, 0.04456530002062209, 0.06111169999348931, 0.07791300001554191, 0.09461329999612644, 0.11119540000800043, 0.12786120001692325, 0.14461730001494288, 0.16121590000693686, 0.1778727000055369, 0.19458120001945645, 0.2115648000035435, 0.22775879999971949, 0.24437410000246018, 0.26123120001284406, 0.27774130000034347, 0.2945997999922838, 0.31097740001860075, 0.3278899000142701, 0.3444941000198014, 0.36101829999824986, 0.3781637999927625, 0.3948363999952562, 0.41099010000471026, 0.4277609999990091, 0.4447762000199873, 0.46123030001763254, 0.4777596000058111, 0.49490720001631416]	186.0	274.0	0.8	8a
114	4	go_nogo	0	60	8	go	click	[38.0, 38.0, 61.0, 76.0, 125.0, 155.0, 175.0, 190.0, 199.0, 205.0, 207.0, 209.0, 214.0, 220.0, 224.0, 228.0, 228.0, 228.0, 228.0, 228.0, 228.0, 228.0, 228.0, 228.0, 228.0, 228.0]	[-260.0, -260.0, -190.0, -140.0, 4.0, 87.0, 143.0, 178.0, 199.0, 211.0, 217.0, 224.0, 237.0, 255.0, 270.0, 280.0, 281.0, 281.0, 281.0, 281.0, 283.0, 284.0, 284.0, 284.0, 284.0, 284.0]	[0, 0, 0, 0, 0, 0, 0, 0, 0, 0, 0, 0, 0, 0, 0, 0, 0, 0, 0, 0, 0, 0, 0, 0, 0, 1]	[0, 0, 0, 0, 0, 0, 0, 0, 0, 0, 0, 0, 0, 0, 0, 0, 0, 0, 0, 0, 0, 0, 0, 0, 0, 0]	[0, 0, 0, 0, 0, 0, 0, 0, 0, 0, 0, 0, 0, 0, 0, 0, 0, 0, 0, 0, 0, 0, 0, 0, 0, 0]	[0.0002038000093307346, 0.011117299989564344, 0.027438999997684732, 0.044534699991345406, 0.060756999999284744, 0.07734000001801178, 0.09402700001373887, 0.11064780000015162, 0.12749060001806356, 0.1441394000139553, 0.16085529999691062, 0.17749299999559298, 0.19407420000061393, 0.21074660000158474, 0.2278770999982953, 0.24368580000009388, 0.26051280001411214, 0.27723690000129864, 0.29394550001597963, 0.3106145999918226, 0.32744130000355653, 0.34400889999233186, 0.36066760000539944, 0.3772580999939237, 0.3939494999940507, 0.4109046999947168]	228.0	284.0	0.8	8a
115	5	go_nogo	0	60	3	go	click	[58.0, 58.0, 60.0, 62.0, 65.0, 70.0, 77.0, 86.0, 92.0, 102.0, 108.0, 113.0, 119.0, 124.0, 128.0, 130.0, 132.0, 136.0, 139.0, 147.0, 159.0, 168.0, 176.0, 181.0, 182.0, 182.0, 182.0, 182.0, 182.0, 182.0]	[-243.0, -243.0, -219.0, -181.0, -149.0, -114.0, -69.0, -14.0, 35.0, 95.0, 130.0, 160.0, 185.0, 204.0, 214.0, 218.0, 223.0, 229.0, 234.0, 243.0, 253.0, 260.0, 267.0, 273.0, 275.0, 275.0, 275.0, 275.0, 275.0, 275.0]	[0, 0, 0, 0, 0, 0, 0, 0, 0, 0, 0, 0, 0, 0, 0, 0, 0, 0, 0, 0, 0, 0, 0, 0, 0, 0, 0, 0, 0, 1]	[0, 0, 0, 0, 0, 0, 0, 0, 0, 0, 0, 0, 0, 0, 0, 0, 0, 0, 0, 0, 0, 0, 0, 0, 0, 0, 0, 0, 0, 0]	[0, 0, 0, 0, 0, 0, 0, 0, 0, 0, 0, 0, 0, 0, 0, 0, 0, 0, 0, 0, 0, 0, 0, 0, 0, 0, 0, 0, 0, 0]	[0.0002643000043462962, 0.010004299983847886, 0.026493299985304475, 0.043005899991840124, 0.05952169999363832, 0.0761194999795407, 0.09278340000309981, 0.10943519999273121, 0.12654589998419397, 0.14298619999317452, 0.1596436999971047, 0.17615369998384267, 0.1932383999810554, 0.20973689999664202, 0.2265969000000041, 0.2429884999874048, 0.2597390000009909, 0.2760554999986198, 0.29287760000443086, 0.30963609999162145, 0.3261997999798041, 0.34282940000412054, 0.35978529998101294, 0.37663029998657294, 0.3927910999918822, 0.4093249999859836, 0.4259674999921117, 0.44259550000424497, 0.45931919998838566, 0.4763655999850016]	182.0	275.0	1.0	8a
116	5	go_nogo	0	60	6	go	click	[34.0, 34.0, 42.0, 61.0, 84.0, 118.0, 139.0, 150.0, 159.0, 166.0, 170.0, 173.0, 175.0, 179.0, 183.0, 185.0, 185.0, 186.0, 186.0, 186.0, 186.0, 186.0, 186.0, 186.0]	[-259.0, -259.0, -230.0, -164.0, -90.0, 36.0, 105.0, 153.0, 186.0, 213.0, 230.0, 245.0, 254.0, 266.0, 275.0, 285.0, 286.0, 287.0, 287.0, 287.0, 287.0, 287.0, 287.0, 287.0]	[0, 0, 0, 0, 0, 0, 0, 0, 0, 0, 0, 0, 0, 0, 0, 0, 0, 0, 0, 0, 0, 0, 0, 1]	[0, 0, 0, 0, 0, 0, 0, 0, 0, 0, 0, 0, 0, 0, 0, 0, 0, 0, 0, 0, 0, 0, 0, 0]	[0, 0, 0, 0, 0, 0, 0, 0, 0, 0, 0, 0, 0, 0, 0, 0, 0, 0, 0, 0, 0, 0, 0, 0]	[0.000218700006371364, 0.011773300007916987, 0.028417900000931695, 0.04527500001131557, 0.06197690000408329, 0.07864459999836981, 0.09533080001710914, 0.11193240000284277, 0.1285805000225082, 0.145174200006295, 0.1618453000264708, 0.1785536000097636, 0.19538970000576228, 0.21182470000348985, 0.2286698000098113, 0.24523440000484698, 0.26184370002010837, 0.2782745000149589, 0.29499520000535995, 0.3115823000262026, 0.32848640001611784, 0.34499710000818595, 0.3618406000023242, 0.3788840000052005]	186.0	287.0	1.0	8a
117	5	go_nogo	0	60	4	go	click	[44.0, 44.0, 49.0, 65.0, 82.0, 91.0, 100.0, 104.0, 109.0, 115.0, 120.0, 122.0, 122.0, 122.0, 122.0, 122.0, 122.0, 123.0, 128.0, 134.0, 140.0, 146.0, 152.0, 158.0, 162.0, 168.0, 170.0, 170.0, 170.0, 170.0, 170.0]	[-218.0, -218.0, -159.0, -57.0, 45.0, 96.0, 130.0, 151.0, 174.0, 199.0, 223.0, 238.0, 242.0, 242.0, 242.0, 242.0, 242.0, 242.0, 242.0, 246.0, 251.0, 260.0, 265.0, 272.0, 279.0, 286.0, 290.0, 291.0, 291.0, 291.0, 291.0]	[0, 0, 0, 0, 0, 0, 0, 0, 0, 0, 0, 0, 0, 0, 0, 0, 0, 0, 0, 0, 0, 0, 0, 0, 0, 0, 0, 0, 0, 0, 1]	[0, 0, 0, 0, 0, 0, 0, 0, 0, 0, 0, 0, 0, 0, 0, 0, 0, 0, 0, 0, 0, 0, 0, 0, 0, 0, 0, 0, 0, 0, 0]	[0, 0, 0, 0, 0, 0, 0, 0, 0, 0, 0, 0, 0, 0, 0, 0, 0, 0, 0, 0, 0, 0, 0, 0, 0, 0, 0, 0, 0, 0, 0]	[0.0001838000025600195, 0.011274799995590001, 0.027865199983352795, 0.044792800006689504, 0.061463399993954226, 0.07844599999953061, 0.0950472999829799, 0.11163609998766333, 0.12824449999607168, 0.14492990000871941, 0.16151869998429902, 0.1782713999855332, 0.19451589998789132, 0.21141150000039488, 0.22807270000339486, 0.24467109999386594, 0.2614498999901116, 0.27836259998730384, 0.29536379998899065, 0.31199909999850206, 0.32796609998331405, 0.3448373999854084, 0.361276599986013, 0.3779520000098273, 0.3946928000077605, 0.4113612000073772, 0.42827479998231865, 0.44452419999288395, 0.46139740000944585, 0.4781121999840252, 0.49480459999176674]	170.0	291.0	0.7	8a
118	5	go_nogo	0	60	3	go	click	[16.0, 16.0, 20.0, 34.0, 50.0, 71.0, 88.0, 108.0, 120.0, 126.0, 129.0, 131.0, 135.0, 139.0, 140.0, 140.0, 140.0, 143.0, 151.0, 160.0, 170.0, 172.0, 174.0, 175.0, 176.0, 176.0, 176.0]	[-230.0, -230.0, -199.0, -124.0, 2.0, 113.0, 197.0, 252.0, 281.0, 300.0, 305.0, 311.0, 317.0, 323.0, 325.0, 325.0, 325.0, 325.0, 320.0, 314.0, 309.0, 307.0, 306.0, 306.0, 306.0, 306.0, 306.0]	[0, 0, 0, 0, 0, 0, 0, 0, 0, 0, 0, 0, 0, 0, 0, 0, 0, 0, 0, 0, 0, 0, 0, 0, 0, 0, 1]	[0, 0, 0, 0, 0, 0, 0, 0, 0, 0, 0, 0, 0, 0, 0, 0, 0, 0, 0, 0, 0, 0, 0, 0, 0, 0, 0]	[0, 0, 0, 0, 0, 0, 0, 0, 0, 0, 0, 0, 0, 0, 0, 0, 0, 0, 0, 0, 0, 0, 0, 0, 0, 0, 0]	[0.0001829999964684248, 0.010387899994384497, 0.027268600009847432, 0.04369389999192208, 0.0601295999949798, 0.07692369999131188, 0.09362160001182929, 0.1102971000073012, 0.1273077999940142, 0.1436558999994304, 0.16034870001021773, 0.17737819999456406, 0.1939464000170119, 0.21033380000153556, 0.22691019999911077, 0.24345939999329858, 0.2601683000102639, 0.27696570000262, 0.2938952000113204, 0.31028730000252835, 0.32665209998958744, 0.344028099993011, 0.3601057000050787, 0.37675240001408383, 0.39332550001563504, 0.41014190000714734, 0.42716600000858307]	177.0	306.0	0.8	8a
119	5	go_nogo	0	60	4	go	click	[46.0, 46.0, 48.0, 58.0, 71.0, 82.0, 91.0, 99.0, 106.0, 110.0, 112.0, 115.0, 117.0, 117.0, 117.0, 117.0, 118.0, 121.0, 127.0, 133.0, 139.0, 151.0, 160.0, 168.0, 171.0, 174.0, 179.0, 180.0, 180.0, 180.0]	[-272.0, -272.0, -198.0, -105.0, -3.0, 75.0, 122.0, 155.0, 180.0, 190.0, 199.0, 212.0, 220.0, 221.0, 221.0, 221.0, 221.0, 224.0, 231.0, 239.0, 248.0, 265.0, 277.0, 286.0, 293.0, 299.0, 306.0, 308.0, 308.0, 308.0]	[0, 0, 0, 0, 0, 0, 0, 0, 0, 0, 0, 0, 0, 0, 0, 0, 0, 0, 0, 0, 0, 0, 0, 0, 0, 0, 0, 0, 0, 1]	[0, 0, 0, 0, 0, 0, 0, 0, 0, 0, 0, 0, 0, 0, 0, 0, 0, 0, 0, 0, 0, 0, 0, 0, 0, 0, 0, 0, 0, 0]	[0, 0, 0, 0, 0, 0, 0, 0, 0, 0, 0, 0, 0, 0, 0, 0, 0, 0, 0, 0, 0, 0, 0, 0, 0, 0, 0, 0, 0, 0]	[0.00011359999189153314, 0.011707300000125542, 0.02839359999052249, 0.04469419998349622, 0.061533400003099814, 0.07840530000976287, 0.0951375000004191, 0.11182459999690764, 0.1283337000058964, 0.145013100001961, 0.16200419998494908, 0.1780641000077594, 0.19483839999884367, 0.21134270000038669, 0.22796990000642836, 0.24505989998579025, 0.2616891000070609, 0.2782571999996435, 0.2947911999945063, 0.31147459999192506, 0.32851659998414107, 0.34536549999029376, 0.3615399999835063, 0.37819709998439066, 0.3948118999833241, 0.41156879998743534, 0.4281802999903448, 0.44482309999875724, 0.46139640000183135, 0.47862629999872297]	180.0	308.0	0.8	8a
120	5	go_nogo	0	60	2	go	click	[35.0, 35.0, 46.0, 71.0, 112.0, 131.0, 143.0, 150.0, 154.0, 158.0, 162.0, 166.0, 168.0, 169.0, 169.0, 169.0, 169.0, 170.0, 180.0, 188.0, 191.0, 191.0, 192.0, 192.0, 192.0]	[-185.0, -185.0, -134.0, -33.0, 110.0, 168.0, 203.0, 226.0, 241.0, 251.0, 261.0, 272.0, 277.0, 278.0, 278.0, 278.0, 278.0, 278.0, 265.0, 256.0, 254.0, 254.0, 254.0, 254.0, 254.0]	[0, 0, 0, 0, 0, 0, 0, 0, 0, 0, 0, 0, 0, 0, 0, 0, 0, 0, 0, 0, 0, 0, 0, 0, 1]	[0, 0, 0, 0, 0, 0, 0, 0, 0, 0, 0, 0, 0, 0, 0, 0, 0, 0, 0, 0, 0, 0, 0, 0, 0]	[0, 0, 0, 0, 0, 0, 0, 0, 0, 0, 0, 0, 0, 0, 0, 0, 0, 0, 0, 0, 0, 0, 0, 0, 0]	[0.0002138000272680074, 0.011105300014605746, 0.027554200001759455, 0.04441880001104437, 0.06091060000471771, 0.07781310001155362, 0.0943017000099644, 0.11099870002362877, 0.12775390001479536, 0.14427980000618845, 0.1610884000256192, 0.17784690001280978, 0.1946151000156533, 0.21112510000239126, 0.22748840000713244, 0.24441130002378486, 0.26104350000969134, 0.2781068000185769, 0.2941419000271708, 0.3110199000220746, 0.32735830001183785, 0.34435410000151023, 0.36093810002785176, 0.37743870000122115, 0.39454780000960454]	192.0	254.0	1.0	8a
121	5	go_nogo	0	60	8	go	click	[19.0, 19.0, 26.0, 45.0, 72.0, 93.0, 111.0, 122.0, 124.0, 128.0, 129.0, 131.0, 135.0, 137.0, 137.0, 137.0, 137.0, 138.0, 142.0, 148.0, 152.0, 157.0, 163.0, 167.0, 171.0, 175.0, 179.0, 181.0, 182.0, 182.0, 182.0, 182.0]	[-263.0, -263.0, -223.0, -139.0, -57.0, 28.0, 79.0, 111.0, 121.0, 129.0, 134.0, 143.0, 153.0, 159.0, 159.0, 159.0, 159.0, 160.0, 170.0, 184.0, 199.0, 214.0, 230.0, 245.0, 260.0, 273.0, 285.0, 291.0, 293.0, 293.0, 293.0, 293.0]	[0, 0, 0, 0, 0, 0, 0, 0, 0, 0, 0, 0, 0, 0, 0, 0, 0, 0, 0, 0, 0, 0, 0, 0, 0, 0, 0, 0, 0, 0, 0, 1]	[0, 0, 0, 0, 0, 0, 0, 0, 0, 0, 0, 0, 0, 0, 0, 0, 0, 0, 0, 0, 0, 0, 0, 0, 0, 0, 0, 0, 0, 0, 0, 0]	[0, 0, 0, 0, 0, 0, 0, 0, 0, 0, 0, 0, 0, 0, 0, 0, 0, 0, 0, 0, 0, 0, 0, 0, 0, 0, 0, 0, 0, 0, 0, 0]	[0.00032160000409930944, 0.010907699994277209, 0.027517200011061504, 0.04411650000838563, 0.06088780000573024, 0.0775537000154145, 0.09427649999270216, 0.11120579999987967, 0.12807950002024882, 0.1440269000013359, 0.16078700000070967, 0.17751229999703355, 0.19401979999383911, 0.21042990000569262, 0.22718950000125915, 0.24389129999326542, 0.2607558000017889, 0.27772040001582354, 0.2940686999936588, 0.31136079999851063, 0.32753440001397394, 0.34436529999948107, 0.36065420001978055, 0.37746730001526885, 0.3939583000028506, 0.4104850000003353, 0.42704300000332296, 0.44394220001413487, 0.4604743999952916, 0.4770775999932084, 0.4936359999992419, 0.5107383000140544]	182.0	293.0	0.9	8a
122	5	go_nogo	0	60	1	nogo	none	[118.0, 118.0, 164.0, 213.0, 247.0, 268.0, 285.0, 298.0, 310.0, 322.0, 330.0, 341.0, 352.0, 359.0, 359.0, 359.0, 358.0, 355.0, 347.0, 334.0, 323.0, 317.0, 317.0, 316.0, 316.0, 316.0, 316.0, 316.0, 316.0, 316.0, 316.0, 316.0, 316.0, 316.0, 316.0, 316.0, 316.0, 316.0, 316.0, 316.0, 316.0, 316.0, 316.0, 316.0, 316.0, 316.0, 316.0, 316.0, 316.0, 316.0, 316.0, 316.0, 316.0, 316.0, 316.0, 316.0, 316.0, 316.0, 316.0, 316.0, 316.0, 316.0, 316.0, 316.0, 316.0]	[-209.0, -209.0, -126.0, -52.0, 4.0, 43.0, 78.0, 113.0, 144.0, 176.0, 195.0, 221.0, 256.0, 282.0, 292.0, 295.0, 296.0, 298.0, 300.0, 304.0, 305.0, 306.0, 306.0, 306.0, 306.0, 306.0, 306.0, 306.0, 306.0, 306.0, 306.0, 306.0, 306.0, 306.0, 306.0, 306.0, 306.0, 306.0, 306.0, 306.0, 306.0, 306.0, 306.0, 306.0, 306.0, 306.0, 306.0, 306.0, 306.0, 306.0, 306.0, 306.0, 306.0, 306.0, 306.0, 306.0, 306.0, 306.0, 306.0, 306.0, 306.0, 306.0, 306.0, 306.0, 306.0]	[0, 0, 0, 0, 0, 0, 0, 0, 0, 0, 0, 0, 0, 0, 0, 0, 0, 0, 0, 0, 0, 0, 0, 0, 0, 0, 0, 0, 0, 0, 0, 0, 0, 0, 0, 0, 0, 0, 0, 0, 0, 0, 0, 0, 0, 0, 0, 0, 0, 0, 0, 0, 0, 0, 0, 0, 0, 0, 0, 0, 0, 0, 0, 0, 0]	[0, 0, 0, 0, 0, 0, 0, 0, 0, 0, 0, 0, 0, 0, 0, 0, 0, 0, 0, 0, 0, 0, 0, 0, 0, 0, 0, 0, 0, 0, 0, 0, 0, 0, 0, 0, 0, 0, 0, 0, 0, 0, 0, 0, 0, 0, 0, 0, 0, 0, 0, 0, 0, 0, 0, 0, 0, 0, 0, 0, 0, 0, 0, 0, 0]	[0, 0, 0, 0, 0, 0, 0, 0, 0, 0, 0, 0, 0, 0, 0, 0, 0, 0, 0, 0, 0, 0, 0, 0, 0, 0, 0, 0, 0, 0, 0, 0, 0, 0, 0, 0, 0, 0, 0, 0, 0, 0, 0, 0, 0, 0, 0, 0, 0, 0, 0, 0, 0, 0, 0, 0, 0, 0, 0, 0, 0, 0, 0, 0, 0]	[7.730000652372837e-05, 0.012470200017560273, 0.029005100019276142, 0.045736400003079325, 0.06233720001182519, 0.07900190001237206, 0.09568200001376681, 0.11245790001703426, 0.12923590000718832, 0.145994199992856, 0.1634253000083845, 0.17941240000072867, 0.19607400000677444, 0.21265240001957864, 0.22926059999736026, 0.24557590001495555, 0.2623522999929264, 0.27901110000675544, 0.2958521000109613, 0.31249579999712296, 0.3289939000096638, 0.3454873000155203, 0.3623712999979034, 0.3789747999981046, 0.3955164000217337, 0.41236440002103336, 0.4289065000193659, 0.44553670001914725, 0.4621871999988798, 0.47890849999384955, 0.495553300017491, 0.5123562999942806, 0.5289551000169013, 0.5455362999928184, 0.562309600005392, 0.5786426000122447, 0.5956406000186689, 0.6122004000062589, 0.6289341000083368, 0.6454189000069164, 0.6621545999951195, 0.6788406000123359, 0.6954369000159204, 0.7119383999961428, 0.7289722000132315, 0.7453893000201788, 0.7621326000080444, 0.7788112999987788, 0.7956854999938514, 0.8122099000029266, 0.8291606999991927, 0.8455190999957267, 0.862094000010984, 0.8786833000194747, 0.8954423000104725, 0.9120734000171069, 0.9289874999958556, 0.9453240000002552, 0.9623675000038929, 0.978767799999332, 0.9956102000141982, 1.0120616000203881, 1.0287603000178933, 1.0454756999970414, 1.0618859000096563]	n/a	n/a	0.8	8a
123	5	go_nogo	0	60	7	go	click	[81.0, 81.0, 107.0, 156.0, 196.0, 229.0, 248.0, 260.0, 268.0, 271.0, 273.0, 276.0, 280.0, 281.0, 281.0, 281.0, 281.0, 281.0, 276.0, 267.0, 262.0, 254.0, 250.0, 248.0, 244.0, 240.0, 236.0, 232.0, 230.0, 229.0, 229.0, 229.0, 229.0, 229.0, 229.0]	[-210.0, -210.0, -140.0, -1.0, 130.0, 244.0, 332.0, 384.0, 425.0, 438.0, 449.0, 462.0, 472.0, 476.0, 476.0, 476.0, 476.0, 476.0, 473.0, 451.0, 442.0, 416.0, 405.0, 395.0, 387.0, 376.0, 362.0, 349.0, 341.0, 338.0, 337.0, 337.0, 336.0, 335.0, 335.0]	[0, 0, 0, 0, 0, 0, 0, 0, 0, 0, 0, 0, 0, 0, 0, 0, 0, 0, 0, 0, 0, 0, 0, 0, 0, 0, 0, 0, 0, 0, 0, 0, 0, 0, 1]	[0, 0, 0, 0, 0, 0, 0, 0, 0, 0, 0, 0, 0, 0, 0, 0, 0, 0, 0, 0, 0, 0, 0, 0, 0, 0, 0, 0, 0, 0, 0, 0, 0, 0, 0]	[0, 0, 0, 0, 0, 0, 0, 0, 0, 0, 0, 0, 0, 0, 0, 0, 0, 0, 0, 0, 0, 0, 0, 0, 0, 0, 0, 0, 0, 0, 0, 0, 0, 0, 0]	[0.0003141000051982701, 0.010048500000266358, 0.026558500016108155, 0.04323919999296777, 0.05999199999496341, 0.0764752000104636, 0.09332730001187883, 0.11012430000118911, 0.12722789999679662, 0.14365780001389794, 0.1598113999934867, 0.17644720000680536, 0.19328330000280403, 0.20995859999675304, 0.22657309999340214, 0.2432109999936074, 0.25984990000142716, 0.27653669999563135, 0.2932274999911897, 0.309902900015004, 0.3268171999952756, 0.34343159999116324, 0.36002900000312366, 0.3764202000165824, 0.3931737999955658, 0.40988500000094064, 0.4266025999968406, 0.44336269999621436, 0.45988770000985824, 0.47652940000989474, 0.4930568000127096, 0.5096607000159565, 0.5266423000139184, 0.5428986000188161, 0.5600564999913331]	229.0	335.0	1.0	8a
124	5	go_nogo	0	60	9	nogo	none	[58.0, 58.0, 79.0, 125.0, 198.0, 242.0, 271.0, 284.0, 292.0, 298.0, 302.0, 304.0, 306.0, 306.0, 307.0, 307.0, 302.0, 290.0, 271.0, 250.0, 224.0, 198.0, 176.0, 162.0, 156.0, 155.0, 155.0, 156.0, 156.0, 156.0, 156.0, 156.0, 156.0, 156.0, 156.0, 156.0, 156.0, 156.0, 156.0, 156.0, 156.0, 156.0, 156.0, 156.0, 156.0, 156.0, 156.0, 156.0, 156.0, 156.0, 156.0, 156.0, 156.0, 156.0, 156.0, 156.0, 156.0, 156.0, 156.0, 156.0, 156.0, 156.0, 156.0, 156.0, 156.0, 156.0, 156.0, 156.0, 156.0, 156.0, 156.0]	[-224.0, -224.0, -173.0, -68.0, 89.0, 186.0, 262.0, 309.0, 342.0, 365.0, 382.0, 394.0, 405.0, 412.0, 416.0, 418.0, 421.0, 424.0, 424.0, 417.0, 401.0, 382.0, 361.0, 344.0, 334.0, 328.0, 319.0, 318.0, 316.0, 316.0, 316.0, 316.0, 316.0, 316.0, 316.0, 316.0, 316.0, 316.0, 316.0, 316.0, 316.0, 316.0, 316.0, 316.0, 316.0, 316.0, 316.0, 316.0, 316.0, 316.0, 316.0, 316.0, 316.0, 316.0, 316.0, 316.0, 316.0, 316.0, 316.0, 316.0, 316.0, 316.0, 316.0, 316.0, 316.0, 316.0, 316.0, 316.0, 316.0, 316.0, 316.0]	[0, 0, 0, 0, 0, 0, 0, 0, 0, 0, 0, 0, 0, 0, 0, 0, 0, 0, 0, 0, 0, 0, 0, 0, 0, 0, 0, 0, 0, 0, 0, 0, 0, 0, 0, 0, 0, 0, 0, 0, 0, 0, 0, 0, 0, 0, 0, 0, 0, 0, 0, 0, 0, 0, 0, 0, 0, 0, 0, 0, 0, 0, 0, 0, 0, 0, 0, 0, 0, 0, 0]	[0, 0, 0, 0, 0, 0, 0, 0, 0, 0, 0, 0, 0, 0, 0, 0, 0, 0, 0, 0, 0, 0, 0, 0, 0, 0, 0, 0, 0, 0, 0, 0, 0, 0, 0, 0, 0, 0, 0, 0, 0, 0, 0, 0, 0, 0, 0, 0, 0, 0, 0, 0, 0, 0, 0, 0, 0, 0, 0, 0, 0, 0, 0, 0, 0, 0, 0, 0, 0, 0, 0]	[0, 0, 0, 0, 0, 0, 0, 0, 0, 0, 0, 0, 0, 0, 0, 0, 0, 0, 0, 0, 0, 0, 0, 0, 0, 0, 0, 0, 0, 0, 0, 0, 0, 0, 0, 0, 0, 0, 0, 0, 0, 0, 0, 0, 0, 0, 0, 0, 0, 0, 0, 0, 0, 0, 0, 0, 0, 0, 0, 0, 0, 0, 0, 0, 0, 0, 0, 0, 0, 0, 0]	[0.00019000002066604793, 0.010458500008098781, 0.027129000023705885, 0.04403520000050776, 0.060509600007208064, 0.07701230002567172, 0.09359420000691898, 0.11040230002254248, 0.1269664000137709, 0.14370720001170412, 0.160238800017396, 0.1771714000205975, 0.19343640000442974, 0.21058300000731833, 0.22694520000368357, 0.24380560001009144, 0.2603145000175573, 0.27704530002665706, 0.2937194000114687, 0.3103947000054177, 0.3269540000183042, 0.3434640000050422, 0.3602553000091575, 0.3769895000150427, 0.3935697000124492, 0.41064310001092963, 0.4269551000033971, 0.44366489999811165, 0.45991900001536123, 0.47661020001396537, 0.49330990001908503, 0.5099390000104904, 0.5266155000135768, 0.5432850000215694, 0.5598236000223551, 0.5767602999985684, 0.5933805000095163, 0.6101835000154097, 0.6267278000013903, 0.6435405000229366, 0.6602342000114731, 0.6769171000050846, 0.6934502000221983, 0.710060200013686, 0.726640300010331, 0.7432527000200935, 0.7598719000234269, 0.7765165000164416, 0.7931975000246894, 0.8098718000110239, 0.8264647000178229, 0.8431046000041533, 0.8598665000172332, 0.8764887000143062, 0.8931537000171375, 0.9098385000252165, 0.9268063000054099, 0.9431186000001617, 0.9600404000084382, 0.9767779000103474, 0.9933520000195131, 1.010067800001707, 1.0265474000188988, 1.0431225000065751, 1.0598048000247218, 1.0764610000187531, 1.093046400026651, 1.109905900026206, 1.1265751000028104, 1.1430857000232209, 1.1600338999996893]	n/a	n/a	0.6	8a
125	5	go_nogo	0	60	7	go	click	[34.0, 34.0, 49.0, 68.0, 95.0, 117.0, 140.0, 162.0, 176.0, 183.0, 184.0, 184.0, 185.0, 188.0, 190.0, 194.0, 198.0, 198.0, 198.0, 199.0, 199.0, 199.0, 199.0, 197.0, 196.0, 194.0, 193.0, 193.0, 193.0, 192.0, 192.0, 191.0, 191.0, 191.0, 191.0]	[-274.0, -274.0, -230.0, -164.0, -55.0, 72.0, 172.0, 257.0, 314.0, 352.0, 378.0, 390.0, 396.0, 406.0, 417.0, 430.0, 443.0, 447.0, 447.0, 447.0, 447.0, 442.0, 428.0, 404.0, 376.0, 343.0, 332.0, 326.0, 323.0, 322.0, 319.0, 317.0, 317.0, 317.0, 317.0]	[0, 0, 0, 0, 0, 0, 0, 0, 0, 0, 0, 0, 0, 0, 0, 0, 0, 0, 0, 0, 0, 0, 0, 0, 0, 0, 0, 0, 0, 0, 0, 0, 0, 0, 1]	[0, 0, 0, 0, 0, 0, 0, 0, 0, 0, 0, 0, 0, 0, 0, 0, 0, 0, 0, 0, 0, 0, 0, 0, 0, 0, 0, 0, 0, 0, 0, 0, 0, 0, 0]	[0, 0, 0, 0, 0, 0, 0, 0, 0, 0, 0, 0, 0, 0, 0, 0, 0, 0, 0, 0, 0, 0, 0, 0, 0, 0, 0, 0, 0, 0, 0, 0, 0, 0, 0]	[0.00018209998961538076, 0.011283500003628433, 0.027721899998141453, 0.044625300011830404, 0.06121129999519326, 0.07779059998574667, 0.09450410000863485, 0.11112379998667166, 0.12775069999042898, 0.14437029999680817, 0.16107209998881444, 0.1777519999886863, 0.19442779998644255, 0.211064000002807, 0.2276883999875281, 0.24445319999358617, 0.261003299994627, 0.2775312000012491, 0.2945307999907527, 0.310871199995745, 0.3281239999923855, 0.3444166000117548, 0.36117049999302253, 0.37773700000252575, 0.39449629999580793, 0.41106959999888204, 0.4286513999977615, 0.44480170001043007, 0.46093229998950846, 0.477700499992352, 0.49444119998952374, 0.5108449000108521, 0.5277306000061799, 0.5443206999916583, 0.561349199997494]	191.0	317.0	0.9	8a
126	5	go_nogo	0	60	4	go	click	[6.0, 6.0, 34.0, 67.0, 104.0, 136.0, 168.0, 194.0, 216.0, 238.0, 259.0, 283.0, 295.0, 300.0, 301.0, 301.0, 300.0, 297.0, 286.0, 268.0, 247.0, 235.0, 227.0, 223.0, 223.0, 223.0, 223.0, 223.0, 223.0, 223.0, 223.0]	[-218.0, -218.0, -128.0, -32.0, 45.0, 91.0, 123.0, 145.0, 160.0, 178.0, 195.0, 217.0, 234.0, 249.0, 257.0, 262.0, 266.0, 273.0, 284.0, 299.0, 316.0, 328.0, 334.0, 336.0, 336.0, 336.0, 336.0, 336.0, 336.0, 336.0, 336.0]	[0, 0, 0, 0, 0, 0, 0, 0, 0, 0, 0, 0, 0, 0, 0, 0, 0, 0, 0, 0, 0, 0, 0, 0, 0, 0, 0, 0, 0, 0, 1]	[0, 0, 0, 0, 0, 0, 0, 0, 0, 0, 0, 0, 0, 0, 0, 0, 0, 0, 0, 0, 0, 0, 0, 0, 0, 0, 0, 0, 0, 0, 0]	[0, 0, 0, 0, 0, 0, 0, 0, 0, 0, 0, 0, 0, 0, 0, 0, 0, 0, 0, 0, 0, 0, 0, 0, 0, 0, 0, 0, 0, 0, 0]	[0.0002497000095900148, 0.010974900011206046, 0.027710099995601922, 0.044451900001149625, 0.061474099988117814, 0.07787770000868477, 0.09453199998824857, 0.1111846000130754, 0.12788119999459013, 0.14447969998582266, 0.1611964000039734, 0.17791800000122748, 0.19471169999451376, 0.21137730000191368, 0.22773310000775382, 0.24454590000095777, 0.2612494000059087, 0.27801340000587516, 0.2944613999861758, 0.3111563000129536, 0.327914099994814, 0.34454650001134723, 0.3611525000014808, 0.3776184000016656, 0.39420959999551997, 0.4111251999856904, 0.4277828999911435, 0.44442240000353195, 0.46114440000383183, 0.4776743999973405, 0.4948007999919355]	223.0	336.0	0.5	8a
127	5	go_nogo	0	60	4	go	click	[16.0, 16.0, 33.0, 55.0, 78.0, 105.0, 123.0, 138.0, 147.0, 152.0, 159.0, 166.0, 173.0, 178.0, 179.0, 179.0, 179.0, 182.0, 186.0, 189.0, 190.0, 190.0]	[-208.0, -208.0, -113.0, -28.0, 43.0, 107.0, 162.0, 195.0, 214.0, 228.0, 242.0, 257.0, 278.0, 286.0, 288.0, 289.0, 289.0, 294.0, 301.0, 307.0, 310.0, 310.0]	[0, 0, 0, 0, 0, 0, 0, 0, 0, 0, 0, 0, 0, 0, 0, 0, 0, 0, 0, 0, 0, 1]	[0, 0, 0, 0, 0, 0, 0, 0, 0, 0, 0, 0, 0, 0, 0, 0, 0, 0, 0, 0, 0, 0]	[0, 0, 0, 0, 0, 0, 0, 0, 0, 0, 0, 0, 0, 0, 0, 0, 0, 0, 0, 0, 0, 0]	[0.00027379998937249184, 0.012474199989810586, 0.029138199985027313, 0.04574709999724291, 0.06244079998577945, 0.07896719998097979, 0.09544330000062473, 0.11253469999064691, 0.1292933999793604, 0.1458668999839574, 0.16273079998791218, 0.17901269998401403, 0.19578399998135865, 0.21244899998418987, 0.22893009998369962, 0.2456395000044722, 0.2622116999991704, 0.2788707999861799, 0.2956803999841213, 0.3124332999868784, 0.3287889999919571, 0.34560359999886714]	190.0	310.0	0.7	8a
128	5	go_nogo	0	60	6	go	click	[31.0, 37.0, 45.0, 71.0, 105.0, 142.0, 173.0, 195.0, 214.0, 225.0, 235.0, 240.0, 246.0, 248.0, 249.0, 249.0, 249.0, 249.0, 249.0, 249.0, 249.0, 249.0, 249.0]	[-280.0, -260.0, -235.0, -160.0, -57.0, 39.0, 119.0, 171.0, 213.0, 238.0, 263.0, 278.0, 292.0, 303.0, 309.0, 311.0, 315.0, 319.0, 320.0, 321.0, 321.0, 321.0, 321.0]	[0, 0, 0, 0, 0, 0, 0, 0, 0, 0, 0, 0, 0, 0, 0, 0, 0, 0, 0, 0, 0, 0, 1]	[0, 0, 0, 0, 0, 0, 0, 0, 0, 0, 0, 0, 0, 0, 0, 0, 0, 0, 0, 0, 0, 0, 0]	[0, 0, 0, 0, 0, 0, 0, 0, 0, 0, 0, 0, 0, 0, 0, 0, 0, 0, 0, 0, 0, 0, 0]	[0.0001233000075444579, 0.009768799995072186, 0.026452999998582527, 0.043383500014897436, 0.059688700013794005, 0.07648440002230927, 0.09300170000642538, 0.10974960000021383, 0.1266100000066217, 0.1430343000101857, 0.15981350000947714, 0.17636430001584813, 0.1931011000124272, 0.20976320002228022, 0.22620880001340993, 0.24304650002159178, 0.2599140999955125, 0.27619940001750365, 0.2930204000149388, 0.309498300019186, 0.3261969000159297, 0.34299790000659414, 0.3596827000146732]	249.0	321.0	0.9	8a
129	5	go_nogo	0	60	1	nogo	none	[56.0, 56.0, 63.0, 82.0, 102.0, 130.0, 142.0, 148.0, 152.0, 154.0, 156.0, 159.0, 162.0, 163.0, 163.0, 163.0, 164.0, 167.0, 174.0, 183.0, 189.0, 191.0, 192.0, 192.0, 193.0, 193.0]	[-191.0, -191.0, -148.0, -64.0, 24.0, 119.0, 157.0, 178.0, 188.0, 193.0, 200.0, 208.0, 215.0, 221.0, 222.0, 222.0, 224.0, 232.0, 248.0, 266.0, 279.0, 286.0, 288.0, 288.0, 288.0, 288.0]	[0, 0, 0, 0, 0, 0, 0, 0, 0, 0, 0, 0, 0, 0, 0, 0, 0, 0, 0, 0, 0, 0, 0, 0, 0, 1]	[0, 0, 0, 0, 0, 0, 0, 0, 0, 0, 0, 0, 0, 0, 0, 0, 0, 0, 0, 0, 0, 0, 0, 0, 0, 0]	[0, 0, 0, 0, 0, 0, 0, 0, 0, 0, 0, 0, 0, 0, 0, 0, 0, 0, 0, 0, 0, 0, 0, 0, 0, 0]	[0.00021250001736916602, 0.012183900020318106, 0.028679100010776892, 0.0456463000155054, 0.06207910002558492, 0.0787789000023622, 0.09583090001251549, 0.11276119999820367, 0.12870320002548397, 0.14532110001891851, 0.16235340002458543, 0.1786875000107102, 0.19546499999705702, 0.21213830000488088, 0.228481300000567, 0.24544050000258721, 0.2622712000156753, 0.2788233000028413, 0.2959147000219673, 0.3121211000252515, 0.3289904000121169, 0.3454392999992706, 0.36181100000976585, 0.37937520002014935, 0.39537370001198724, 0.4124599000206217]	193.0	288.0	0.8	8a
130	5	go_nogo	0	60	8	go	click	[53.0, 53.0, 65.0, 86.0, 110.0, 140.0, 156.0, 171.0, 186.0, 196.0, 205.0, 211.0, 218.0, 222.0, 224.0, 224.0, 224.0, 224.0, 224.0, 224.0, 223.0, 223.0, 223.0, 223.0, 223.0, 223.0, 223.0]	[-241.0, -241.0, -204.0, -131.0, -49.0, 61.0, 122.0, 168.0, 210.0, 239.0, 261.0, 278.0, 294.0, 307.0, 315.0, 317.0, 318.0, 321.0, 329.0, 338.0, 343.0, 344.0, 344.0, 344.0, 344.0, 344.0, 344.0]	[0, 0, 0, 0, 0, 0, 0, 0, 0, 0, 0, 0, 0, 0, 0, 0, 0, 0, 0, 0, 0, 0, 0, 0, 0, 0, 1]	[0, 0, 0, 0, 0, 0, 0, 0, 0, 0, 0, 0, 0, 0, 0, 0, 0, 0, 0, 0, 0, 0, 0, 0, 0, 0, 0]	[0, 0, 0, 0, 0, 0, 0, 0, 0, 0, 0, 0, 0, 0, 0, 0, 0, 0, 0, 0, 0, 0, 0, 0, 0, 0, 0]	[0.0002161000156775117, 0.010835499997483566, 0.027545300021301955, 0.04423080000560731, 0.06089880000217818, 0.07783160000690259, 0.09402479999698699, 0.11136920002172701, 0.12771520001115277, 0.14411270001437515, 0.1608399999968242, 0.17745000001741573, 0.1942343999980949, 0.21114310002303682, 0.22737760000745766, 0.24433980000321753, 0.2609437000064645, 0.27809140001772903, 0.2940857000066899, 0.3109714000020176, 0.3277562000148464, 0.3440646000090055, 0.36062620001030155, 0.37742940001771785, 0.39382570001180284, 0.41053429999738, 0.42752920000930317]	223.0	344.0	0.5	8a
131	5	go_nogo	0	60	8	go	click	[32.0, 32.0, 34.0, 44.0, 73.0, 86.0, 99.0, 120.0, 131.0, 137.0, 139.0, 139.0, 139.0, 140.0, 140.0, 141.0, 141.0, 142.0, 144.0, 149.0, 165.0, 185.0, 199.0, 206.0, 209.0, 209.0, 210.0, 210.0, 210.0, 210.0, 210.0]	[-206.0, -206.0, -169.0, -87.0, 79.0, 150.0, 217.0, 295.0, 343.0, 366.0, 371.0, 372.0, 372.0, 372.0, 374.0, 375.0, 375.0, 375.0, 375.0, 375.0, 363.0, 344.0, 328.0, 319.0, 315.0, 313.0, 313.0, 312.0, 311.0, 311.0, 311.0]	[0, 0, 0, 0, 0, 0, 0, 0, 0, 0, 0, 0, 0, 0, 0, 0, 0, 0, 0, 0, 0, 0, 0, 0, 0, 0, 0, 0, 0, 0, 1]	[0, 0, 0, 0, 0, 0, 0, 0, 0, 0, 0, 0, 0, 0, 0, 0, 0, 0, 0, 0, 0, 0, 0, 0, 0, 0, 0, 0, 0, 0, 0]	[0, 0, 0, 0, 0, 0, 0, 0, 0, 0, 0, 0, 0, 0, 0, 0, 0, 0, 0, 0, 0, 0, 0, 0, 0, 0, 0, 0, 0, 0, 0]	[0.00019679998513311148, 0.012121899984776974, 0.028933800000231713, 0.045767400006297976, 0.06251560000237077, 0.07888700001058169, 0.0956024999904912, 0.11266119999345392, 0.12899880000622943, 0.14575669998885132, 0.16239139999379404, 0.178804900002433, 0.19564900000113994, 0.21240240000770427, 0.22911200000089593, 0.24533750000409782, 0.2621944999846164, 0.2795472999860067, 0.29552099999273196, 0.3122624999959953, 0.32903960000840016, 0.3458053999929689, 0.36221789999399334, 0.37894840000080876, 0.39555089999339543, 0.41223439999157563, 0.4289703000104055, 0.44587930000852793, 0.4620291999890469, 0.47875499998917803, 0.49564390000887215]	210.0	311.0	0.5	8a
132	5	go_nogo	0	60	8	go	click	[62.0, 62.0, 73.0, 104.0, 150.0, 206.0, 217.0, 232.0, 236.0, 237.0, 238.0, 238.0, 238.0, 238.0, 238.0, 238.0, 238.0, 238.0, 238.0, 238.0, 238.0, 238.0, 233.0, 230.0, 228.0, 226.0, 226.0, 226.0, 226.0, 226.0, 226.0, 226.0]	[-208.0, -208.0, -156.0, -16.0, 154.0, 345.0, 379.0, 429.0, 444.0, 451.0, 453.0, 455.0, 456.0, 456.0, 456.0, 456.0, 456.0, 456.0, 456.0, 448.0, 420.0, 386.0, 355.0, 336.0, 323.0, 317.0, 314.0, 309.0, 306.0, 305.0, 305.0, 305.0]	[0, 0, 0, 0, 0, 0, 0, 0, 0, 0, 0, 0, 0, 0, 0, 0, 0, 0, 0, 0, 0, 0, 0, 0, 0, 0, 0, 0, 0, 0, 0, 1]	[0, 0, 0, 0, 0, 0, 0, 0, 0, 0, 0, 0, 0, 0, 0, 0, 0, 0, 0, 0, 0, 0, 0, 0, 0, 0, 0, 0, 0, 0, 0, 0]	[0, 0, 0, 0, 0, 0, 0, 0, 0, 0, 0, 0, 0, 0, 0, 0, 0, 0, 0, 0, 0, 0, 0, 0, 0, 0, 0, 0, 0, 0, 0, 0]	[0.00034669999149627984, 0.011091699998360127, 0.027622299996437505, 0.04422269997303374, 0.06100049999076873, 0.07740349997766316, 0.09424489998491481, 0.11071670000092126, 0.12775919999694452, 0.14413419997435994, 0.1607095999934245, 0.1776691999984905, 0.19393519998993725, 0.21061439998447895, 0.2273840999987442, 0.24418039998272434, 0.2607333999767434, 0.2772372999752406, 0.2942643999995198, 0.31075289999716915, 0.3275314999918919, 0.3441900999750942, 0.3607773999974597, 0.3775261999981012, 0.3941984999983106, 0.410838399984641, 0.42720700000063516, 0.4440257999813184, 0.4607341999944765, 0.4770291999739129, 0.4938197000010405, 0.51048319999245]	226.0	305.0	0.7	8a
133	5	go_nogo	0	60	4	go	click	[34.0, 34.0, 36.0, 38.0, 47.0, 68.0, 86.0, 98.0, 105.0, 111.0, 113.0, 114.0, 114.0, 114.0, 114.0, 114.0, 114.0, 119.0, 150.0, 165.0, 209.0, 227.0, 234.0, 236.0, 237.0, 237.0, 237.0, 237.0, 237.0, 237.0, 235.0, 234.0, 229.0, 226.0, 222.0, 220.0, 220.0, 220.0, 220.0, 220.0]	[-233.0, -233.0, -195.0, -117.0, -51.0, 48.0, 113.0, 149.0, 172.0, 184.0, 191.0, 192.0, 192.0, 192.0, 192.0, 192.0, 192.0, 194.0, 206.0, 213.0, 232.0, 243.0, 250.0, 254.0, 257.0, 259.0, 261.0, 262.0, 265.0, 267.0, 277.0, 279.0, 288.0, 291.0, 294.0, 296.0, 296.0, 296.0, 296.0, 296.0]	[0, 0, 0, 0, 0, 0, 0, 0, 0, 0, 0, 0, 0, 0, 0, 0, 0, 0, 0, 0, 0, 0, 0, 0, 0, 0, 0, 0, 0, 0, 0, 0, 0, 0, 0, 0, 0, 0, 0, 1]	[0, 0, 0, 0, 0, 0, 0, 0, 0, 0, 0, 0, 0, 0, 0, 0, 0, 0, 0, 0, 0, 0, 0, 0, 0, 0, 0, 0, 0, 0, 0, 0, 0, 0, 0, 0, 0, 0, 0, 0]	[0, 0, 0, 0, 0, 0, 0, 0, 0, 0, 0, 0, 0, 0, 0, 0, 0, 0, 0, 0, 0, 0, 0, 0, 0, 0, 0, 0, 0, 0, 0, 0, 0, 0, 0, 0, 0, 0, 0, 0]	[0.00018319999799132347, 0.009964099997887388, 0.026796799997100607, 0.043537499994272366, 0.060052999993786216, 0.07692469999892637, 0.09351129998685792, 0.11019819998182356, 0.12686669998220168, 0.1432959999947343, 0.16015469998819754, 0.1766619999834802, 0.19343459999072365, 0.20989639998879284, 0.22644909998052754, 0.24314949999097735, 0.25999699998646975, 0.27684340000269003, 0.2934800999937579, 0.31002689999877475, 0.3269088999950327, 0.3435700999980327, 0.3598082999815233, 0.3763108999992255, 0.3933209999813698, 0.4100046999810729, 0.42665730000589974, 0.4432119999837596, 0.45984349999343976, 0.47656839998671785, 0.49351309999474324, 0.5099048999836668, 0.5265955999784637, 0.543471299984958, 0.560098999994807, 0.576542700000573, 0.5930192999949213, 0.6097723999992013, 0.6263483999937307, 0.6435501999803819]	220.0	296.0	0.7	8a
134	5	go_nogo	0	60	4	go	click	[61.0, 61.0, 72.0, 107.0, 134.0, 163.0, 187.0, 210.0, 221.0, 224.0, 225.0, 225.0, 225.0, 225.0, 225.0, 225.0, 225.0, 225.0, 223.0, 221.0, 220.0, 220.0, 220.0, 220.0, 220.0, 220.0, 220.0, 220.0, 220.0, 220.0, 220.0]	[-174.0, -174.0, -110.0, 61.0, 178.0, 284.0, 365.0, 436.0, 473.0, 490.0, 493.0, 493.0, 493.0, 493.0, 493.0, 493.0, 493.0, 490.0, 470.0, 438.0, 404.0, 374.0, 354.0, 346.0, 343.0, 342.0, 341.0, 340.0, 340.0, 340.0, 340.0]	[0, 0, 0, 0, 0, 0, 0, 0, 0, 0, 0, 0, 0, 0, 0, 0, 0, 0, 0, 0, 0, 0, 0, 0, 0, 0, 0, 0, 0, 0, 1]	[0, 0, 0, 0, 0, 0, 0, 0, 0, 0, 0, 0, 0, 0, 0, 0, 0, 0, 0, 0, 0, 0, 0, 0, 0, 0, 0, 0, 0, 0, 0]	[0, 0, 0, 0, 0, 0, 0, 0, 0, 0, 0, 0, 0, 0, 0, 0, 0, 0, 0, 0, 0, 0, 0, 0, 0, 0, 0, 0, 0, 0, 0]	[0.00020169999334029853, 0.011733999999705702, 0.028563400002894923, 0.0448929000122007, 0.06167150000692345, 0.07835660001728684, 0.09508090000599623, 0.11169369998970069, 0.128322600008687, 0.14495690001058392, 0.16156760000740178, 0.17818190000252798, 0.1947091000038199, 0.21137890001409687, 0.22813279999536462, 0.24477950000436977, 0.26139339999645017, 0.2782766000018455, 0.29500980000011623, 0.3117217000108212, 0.3281610000121873, 0.3449079999991227, 0.36154400001396425, 0.3784029000089504, 0.3949428999912925, 0.41186029999516904, 0.42814639999414794, 0.44478849999723025, 0.4613666000077501, 0.47820040001533926, 0.4952198000100907]	220.0	340.0	1.0	8a
135	5	go_nogo	0	60	9	nogo	none	[81.0, 81.0, 104.0, 142.0, 170.0, 190.0, 198.0, 203.0, 205.0, 207.0, 212.0, 217.0, 219.0, 220.0, 220.0, 220.0, 222.0, 222.0, 222.0, 222.0, 222.0, 222.0, 222.0, 222.0, 222.0, 222.0, 222.0, 222.0, 222.0, 222.0, 222.0, 222.0, 222.0, 222.0, 222.0, 222.0, 222.0, 222.0, 222.0, 222.0, 222.0, 222.0, 222.0, 222.0, 222.0, 222.0, 222.0, 222.0, 222.0, 222.0, 222.0, 222.0, 222.0, 222.0, 222.0, 222.0, 222.0, 222.0, 222.0]	[-137.0, -137.0, -68.0, 40.0, 119.0, 181.0, 202.0, 212.0, 219.0, 224.0, 234.0, 242.0, 246.0, 247.0, 248.0, 249.0, 252.0, 253.0, 253.0, 253.0, 253.0, 253.0, 253.0, 253.0, 253.0, 253.0, 253.0, 253.0, 253.0, 253.0, 253.0, 253.0, 253.0, 253.0, 253.0, 253.0, 253.0, 253.0, 253.0, 253.0, 253.0, 253.0, 253.0, 253.0, 253.0, 253.0, 253.0, 253.0, 253.0, 253.0, 253.0, 253.0, 253.0, 253.0, 253.0, 253.0, 253.0, 253.0, 253.0]	[0, 0, 0, 0, 0, 0, 0, 0, 0, 0, 0, 0, 0, 0, 0, 0, 0, 0, 0, 0, 0, 0, 0, 0, 0, 0, 0, 0, 0, 0, 0, 0, 0, 0, 0, 0, 0, 0, 0, 0, 0, 0, 0, 0, 0, 0, 0, 0, 0, 0, 0, 0, 0, 0, 0, 0, 0, 0, 0]	[0, 0, 0, 0, 0, 0, 0, 0, 0, 0, 0, 0, 0, 0, 0, 0, 0, 0, 0, 0, 0, 0, 0, 0, 0, 0, 0, 0, 0, 0, 0, 0, 0, 0, 0, 0, 0, 0, 0, 0, 0, 0, 0, 0, 0, 0, 0, 0, 0, 0, 0, 0, 0, 0, 0, 0, 0, 0, 0]	[0, 0, 0, 0, 0, 0, 0, 0, 0, 0, 0, 0, 0, 0, 0, 0, 0, 0, 0, 0, 0, 0, 0, 0, 0, 0, 0, 0, 0, 0, 0, 0, 0, 0, 0, 0, 0, 0, 0, 0, 0, 0, 0, 0, 0, 0, 0, 0, 0, 0, 0, 0, 0, 0, 0, 0, 0, 0, 0]	[0.00021479997667483985, 0.01016239999444224, 0.026711399987107143, 0.04344509998918511, 0.06029100000159815, 0.07696399997803383, 0.09363079999457113, 0.11045300000114366, 0.12689319998025894, 0.14349989997572266, 0.160347199998796, 0.17697169998427853, 0.19359819998499006, 0.2102135999884922, 0.2267922000028193, 0.24371579999569803, 0.26018719997955486, 0.2766245999955572, 0.29320619997452013, 0.30986290000146255, 0.326458299998194, 0.34334779999335296, 0.35988149998593144, 0.3765492999809794, 0.3932388999965042, 0.40978269997867756, 0.426634399977047, 0.44367949999286793, 0.4601398999802768, 0.4767437999835238, 0.4932457999966573, 0.5098042999743484, 0.5266734999895561, 0.5431903999997303, 0.5598625999991782, 0.5764924999966752, 0.593173699977342, 0.6098347999795806, 0.6263998999784235, 0.6430434999929275, 0.6598548999754712, 0.6764755999902263, 0.6931231999769807, 0.7098208999959752, 0.7267309000017121, 0.7430827999778558, 0.7597733000002336, 0.7764740999846254, 0.7932383999868762, 0.8098911999841221, 0.8263991999847349, 0.8433573999791406, 0.8601052000012714, 0.876701699977275, 0.8934612000011839, 0.9101220000011381, 0.9266129999887198, 0.9433153999852948, 0.9600511000026017]	n/a	n/a	0.9	8a
136	5	go_nogo	0	60	2	go	click	[55.0, 55.0, 68.0, 86.0, 106.0, 124.0, 138.0, 169.0, 180.0, 187.0, 190.0, 191.0, 192.0, 193.0, 193.0, 193.0, 193.0, 194.0, 199.0, 199.0, 199.0, 199.0, 199.0]	[-258.0, -258.0, -209.0, -110.0, -22.0, 50.0, 107.0, 214.0, 252.0, 272.0, 280.0, 282.0, 284.0, 284.0, 284.0, 284.0, 284.0, 285.0, 289.0, 289.0, 290.0, 290.0, 290.0]	[0, 0, 0, 0, 0, 0, 0, 0, 0, 0, 0, 0, 0, 0, 0, 0, 0, 0, 0, 0, 0, 0, 1]	[0, 0, 0, 0, 0, 0, 0, 0, 0, 0, 0, 0, 0, 0, 0, 0, 0, 0, 0, 0, 0, 0, 0]	[0, 0, 0, 0, 0, 0, 0, 0, 0, 0, 0, 0, 0, 0, 0, 0, 0, 0, 0, 0, 0, 0, 0]	[0.00019520000205375254, 0.01191500001004897, 0.02839479999965988, 0.04523980000521988, 0.061851600010413677, 0.07866569998441264, 0.09525509999366477, 0.11219300000811927, 0.128655999986222, 0.14517000000341795, 0.16212950000772253, 0.17853820000891574, 0.19508679999853484, 0.21154560000286438, 0.22838610000326298, 0.24499659999855794, 0.2619954000110738, 0.2784881000116002, 0.29484250000678003, 0.31155650000437163, 0.3284480999864172, 0.3448678999848198, 0.36167730001034215]	199.0	290.0	0.8	8a
137	5	go_nogo	0	60	8	go	click	[17.0, 17.0, 32.0, 71.0, 115.0, 157.0, 203.0, 218.0, 229.0, 232.0, 235.0, 236.0, 236.0, 236.0, 236.0, 236.0, 236.0, 236.0, 236.0, 236.0, 236.0, 236.0, 234.0, 230.0, 224.0, 220.0, 219.0, 218.0, 218.0, 218.0, 218.0, 218.0]	[-228.0, -228.0, -175.0, -56.0, 60.0, 176.0, 301.0, 334.0, 354.0, 366.0, 372.0, 374.0, 375.0, 375.0, 375.0, 375.0, 376.0, 376.0, 376.0, 376.0, 376.0, 376.0, 367.0, 349.0, 332.0, 319.0, 314.0, 310.0, 308.0, 308.0, 308.0, 308.0]	[0, 0, 0, 0, 0, 0, 0, 0, 0, 0, 0, 0, 0, 0, 0, 0, 0, 0, 0, 0, 0, 0, 0, 0, 0, 0, 0, 0, 0, 0, 0, 1]	[0, 0, 0, 0, 0, 0, 0, 0, 0, 0, 0, 0, 0, 0, 0, 0, 0, 0, 0, 0, 0, 0, 0, 0, 0, 0, 0, 0, 0, 0, 0, 0]	[0, 0, 0, 0, 0, 0, 0, 0, 0, 0, 0, 0, 0, 0, 0, 0, 0, 0, 0, 0, 0, 0, 0, 0, 0, 0, 0, 0, 0, 0, 0, 0]	[0.00018269999418407679, 0.010818900016602129, 0.02733700000680983, 0.04406020001624711, 0.06044210001709871, 0.07710450000013225, 0.09378309999010526, 0.11086990000330843, 0.1272056000016164, 0.14380580000579357, 0.16063060000305995, 0.17743310000514612, 0.19381570001132786, 0.21081940000294708, 0.22715429999516346, 0.24417799999355339, 0.2603569999919273, 0.2769805999996606, 0.29368430000613444, 0.3103392999910284, 0.3270501999941189, 0.3438676999940071, 0.3605767000117339, 0.37728310000966303, 0.39385680001578294, 0.4106498000037391, 0.42741440000827424, 0.44393390000914223, 0.4602374999958556, 0.4768733000091743, 0.49387239999487065, 0.5107592999993358]	218.0	308.0	0.5	8a
138	5	go_nogo	0	60	7	go	click	[68.0, 68.0, 101.0, 144.0, 173.0, 198.0, 210.0, 217.0, 222.0, 226.0, 228.0, 230.0, 231.0, 231.0, 231.0, 231.0, 231.0, 231.0, 229.0, 226.0, 220.0, 214.0, 210.0, 208.0, 208.0, 208.0, 208.0, 208.0, 208.0]	[-239.0, -239.0, -144.0, -40.0, 40.0, 97.0, 130.0, 151.0, 163.0, 171.0, 176.0, 179.0, 182.0, 183.0, 183.0, 183.0, 183.0, 183.0, 189.0, 198.0, 216.0, 237.0, 256.0, 270.0, 277.0, 283.0, 283.0, 283.0, 283.0]	[0, 0, 0, 0, 0, 0, 0, 0, 0, 0, 0, 0, 0, 0, 0, 0, 0, 0, 0, 0, 0, 0, 0, 0, 0, 0, 0, 0, 1]	[0, 0, 0, 0, 0, 0, 0, 0, 0, 0, 0, 0, 0, 0, 0, 0, 0, 0, 0, 0, 0, 0, 0, 0, 0, 0, 0, 0, 0]	[0, 0, 0, 0, 0, 0, 0, 0, 0, 0, 0, 0, 0, 0, 0, 0, 0, 0, 0, 0, 0, 0, 0, 0, 0, 0, 0, 0, 0]	[0.00021019999985583127, 0.011599299992667511, 0.028389499988406897, 0.04522179998457432, 0.06191930000204593, 0.07837129998370074, 0.09503559998120181, 0.11157690000254661, 0.12843700000667013, 0.14509509998606518, 0.1618144999956712, 0.1784099999931641, 0.1949898999882862, 0.21159170000464655, 0.2282206999952905, 0.24495829999796115, 0.2615079999959562, 0.27828949998365715, 0.29504510000697337, 0.3117550000024494, 0.3286342999781482, 0.34507339997799136, 0.3620208999782335, 0.37829949997831136, 0.395284600002924, 0.41159169998718426, 0.4282884999993257, 0.44482909998623654, 0.4616198999865446]	208.0	283.0	0.7	8a
139	5	go_nogo	0	60	7	go	click	[35.0, 43.0, 49.0, 68.0, 89.0, 121.0, 139.0, 154.0, 162.0, 169.0, 176.0, 183.0, 188.0, 188.0, 188.0, 188.0, 188.0, 189.0, 192.0, 194.0, 196.0, 199.0, 202.0, 206.0, 209.0, 210.0, 212.0, 213.0, 214.0, 215.0, 215.0, 215.0]	[-279.0, -254.0, -226.0, -146.0, -73.0, 24.0, 64.0, 92.0, 109.0, 123.0, 137.0, 151.0, 158.0, 158.0, 158.0, 158.0, 158.0, 162.0, 169.0, 179.0, 191.0, 206.0, 220.0, 237.0, 249.0, 256.0, 267.0, 274.0, 278.0, 279.0, 279.0, 279.0]	[0, 0, 0, 0, 0, 0, 0, 0, 0, 0, 0, 0, 0, 0, 0, 0, 0, 0, 0, 0, 0, 0, 0, 0, 0, 0, 0, 0, 0, 0, 0, 1]	[0, 0, 0, 0, 0, 0, 0, 0, 0, 0, 0, 0, 0, 0, 0, 0, 0, 0, 0, 0, 0, 0, 0, 0, 0, 0, 0, 0, 0, 0, 0, 0]	[0, 0, 0, 0, 0, 0, 0, 0, 0, 0, 0, 0, 0, 0, 0, 0, 0, 0, 0, 0, 0, 0, 0, 0, 0, 0, 0, 0, 0, 0, 0, 0]	[0.00011480000102892518, 0.012496799987275153, 0.029094899975461885, 0.04600529998424463, 0.06260769997606985, 0.07953979997546412, 0.09591419997741468, 0.11300059998757206, 0.1293764000001829, 0.14592389998142608, 0.16347649999079295, 0.17921619999106042, 0.19569339998997748, 0.212257299979683, 0.22907929998473264, 0.24567159998696297, 0.26251329999649897, 0.27936179999960586, 0.2964402999787126, 0.31281879998277873, 0.32912039998336695, 0.3460023999796249, 0.36261269997339696, 0.37921600000117905, 0.39572459997725673, 0.4125350999820512, 0.4292144999781158, 0.4457949999778066, 0.4625256999861449, 0.47887349998927675, 0.49555349998991005, 0.5126484999782406]	215.0	279.0	0.6	8a
140	5	go_nogo	0	60	9	nogo	none	[26.0, 26.0, 35.0, 56.0, 97.0, 127.0, 150.0, 163.0, 173.0, 178.0, 182.0, 183.0, 184.0, 184.0, 184.0, 184.0, 184.0, 184.0, 184.0, 184.0, 184.0, 184.0, 184.0, 184.0, 184.0, 184.0, 184.0, 184.0, 184.0, 184.0, 184.0, 184.0, 184.0, 184.0, 184.0, 184.0, 184.0, 184.0, 184.0, 184.0, 184.0, 184.0, 184.0, 184.0, 184.0, 184.0, 184.0, 184.0, 184.0, 184.0, 184.0, 184.0, 184.0, 184.0, 184.0]	[-263.0, -263.0, -231.0, -153.0, -11.0, 80.0, 151.0, 188.0, 212.0, 225.0, 235.0, 240.0, 240.0, 240.0, 240.0, 240.0, 241.0, 243.0, 244.0, 244.0, 244.0, 244.0, 244.0, 244.0, 244.0, 244.0, 244.0, 244.0, 244.0, 244.0, 244.0, 244.0, 244.0, 244.0, 244.0, 244.0, 244.0, 244.0, 244.0, 244.0, 244.0, 244.0, 244.0, 244.0, 244.0, 244.0, 244.0, 244.0, 244.0, 244.0, 244.0, 244.0, 244.0, 244.0, 244.0]	[0, 0, 0, 0, 0, 0, 0, 0, 0, 0, 0, 0, 0, 0, 0, 0, 0, 0, 0, 0, 0, 0, 0, 0, 0, 0, 0, 0, 0, 0, 0, 0, 0, 0, 0, 0, 0, 0, 0, 0, 0, 0, 0, 0, 0, 0, 0, 0, 0, 0, 0, 0, 0, 0, 0]	[0, 0, 0, 0, 0, 0, 0, 0, 0, 0, 0, 0, 0, 0, 0, 0, 0, 0, 0, 0, 0, 0, 0, 0, 0, 0, 0, 0, 0, 0, 0, 0, 0, 0, 0, 0, 0, 0, 0, 0, 0, 0, 0, 0, 0, 0, 0, 0, 0, 0, 0, 0, 0, 0, 0]	[0, 0, 0, 0, 0, 0, 0, 0, 0, 0, 0, 0, 0, 0, 0, 0, 0, 0, 0, 0, 0, 0, 0, 0, 0, 0, 0, 0, 0, 0, 0, 0, 0, 0, 0, 0, 0, 0, 0, 0, 0, 0, 0, 0, 0, 0, 0, 0, 0, 0, 0, 0, 0, 0, 0]	[0.00023540001711808145, 0.011006200016709045, 0.027477499999804422, 0.0443336000025738, 0.06108760001370683, 0.07778130000224337, 0.09447740000905469, 0.1108488000172656, 0.12762549999752082, 0.14411970000946894, 0.16082469999673776, 0.17755270001362078, 0.1940040999907069, 0.2105784000013955, 0.22739549999823794, 0.2438964000029955, 0.26132520000101067, 0.27739800000563264, 0.29424650000873953, 0.3107245000137482, 0.3276651999913156, 0.34423750001587905, 0.36060889999498613, 0.3773360000050161, 0.3939912999921944, 0.4108882000145968, 0.42734029999701306, 0.4442152999981772, 0.46097650000592694, 0.47744930000044405, 0.49420139999710955, 0.5108629000023939, 0.5273785000026692, 0.5440630000084639, 0.5607246000145096, 0.5773292999947444, 0.5941387999919243, 0.6107335000124294, 0.6273023000103422, 0.6438705000036862, 0.6606429000094067, 0.6772813000134192, 0.6943469000107143, 0.7106915999902412, 0.727411600004416, 0.7437722000177018, 0.760744800005341, 0.777197299990803, 0.79401099999086, 0.8107021000178065, 0.8272551000118256, 0.8438907999952789, 0.8606691000168212, 0.8774376999936067, 0.8940464000042994]	n/a	n/a	0.8	8a
141	5	go_nogo	0	60	6	go	click	[3.0, 3.0, 16.0, 40.0, 72.0, 113.0, 140.0, 156.0, 167.0, 173.0, 177.0, 180.0, 186.0, 189.0, 196.0, 203.0, 210.0, 212.0, 212.0, 212.0, 212.0, 212.0, 212.0]	[-268.0, -268.0, -213.0, -132.0, -25.0, 82.0, 154.0, 193.0, 215.0, 225.0, 233.0, 241.0, 252.0, 258.0, 271.0, 289.0, 301.0, 306.0, 307.0, 307.0, 307.0, 307.0, 307.0]	[0, 0, 0, 0, 0, 0, 0, 0, 0, 0, 0, 0, 0, 0, 0, 0, 0, 0, 0, 0, 0, 0, 1]	[0, 0, 0, 0, 0, 0, 0, 0, 0, 0, 0, 0, 0, 0, 0, 0, 0, 0, 0, 0, 0, 0, 0]	[0, 0, 0, 0, 0, 0, 0, 0, 0, 0, 0, 0, 0, 0, 0, 0, 0, 0, 0, 0, 0, 0, 0]	[0.00019329998758621514, 0.011800300009781495, 0.02859349999926053, 0.04568179999478161, 0.06182460000854917, 0.07834209999418817, 0.0950066999939736, 0.11194699999759905, 0.12841299999854527, 0.1449672000017017, 0.16169050001190044, 0.178410199994687, 0.19510040001478046, 0.21166959998663515, 0.22873169998638332, 0.24531900000874884, 0.26167760000680573, 0.2783923000097275, 0.2949226000055205, 0.3115842000115663, 0.3282400000025518, 0.34501670001191087, 0.36186520001501776]	212.0	307.0	0.6	8a
142	5	go_nogo	0	60	6	go	click	[30.0, 30.0, 64.0, 104.0, 138.0, 160.0, 176.0, 189.0, 194.0, 197.0, 197.0, 198.0, 198.0, 198.0, 198.0, 198.0, 198.0, 198.0, 198.0, 198.0, 198.0, 198.0, 199.0, 199.0, 201.0, 202.0, 204.0, 204.0, 205.0, 205.0, 205.0]	[-224.0, -224.0, -121.0, -21.0, 60.0, 112.0, 153.0, 180.0, 192.0, 199.0, 203.0, 207.0, 210.0, 211.0, 211.0, 211.0, 211.0, 211.0, 211.0, 211.0, 211.0, 212.0, 219.0, 229.0, 241.0, 248.0, 258.0, 261.0, 261.0, 261.0, 261.0]	[0, 0, 0, 0, 0, 0, 0, 0, 0, 0, 0, 0, 0, 0, 0, 0, 0, 0, 0, 0, 0, 0, 0, 0, 0, 0, 0, 0, 0, 0, 1]	[0, 0, 0, 0, 0, 0, 0, 0, 0, 0, 0, 0, 0, 0, 0, 0, 0, 0, 0, 0, 0, 0, 0, 0, 0, 0, 0, 0, 0, 0, 0]	[0, 0, 0, 0, 0, 0, 0, 0, 0, 0, 0, 0, 0, 0, 0, 0, 0, 0, 0, 0, 0, 0, 0, 0, 0, 0, 0, 0, 0, 0, 0]	[0.0002494000073056668, 0.012463399994885549, 0.02884959999937564, 0.04550340000423603, 0.06245399999897927, 0.07895220001228154, 0.0954691999941133, 0.1119812999968417, 0.12898750000749715, 0.1456381999887526, 0.16230009999708273, 0.17894939999678172, 0.19542770000407472, 0.21191909999470226, 0.22845550000783987, 0.24522039998555556, 0.26208809998934157, 0.27867020000121556, 0.29528059999574907, 0.3119781000132207, 0.3287416000093799, 0.3451731000095606, 0.36207000000285916, 0.37854519998654723, 0.39532640000106767, 0.4119986000005156, 0.4287878999894019, 0.44542509998427704, 0.4618196999945212, 0.47868209998705424, 0.4956438000081107]	205.0	261.0	0.7	8a
143	5	go_nogo	0	60	8	go	click	[63.0, 63.0, 85.0, 105.0, 124.0, 139.0, 148.0, 158.0, 166.0, 171.0, 174.0, 176.0, 180.0, 183.0, 184.0, 184.0, 184.0, 185.0, 186.0, 187.0, 189.0, 190.0, 192.0, 193.0, 195.0, 196.0, 197.0, 198.0, 198.0, 198.0, 198.0]	[-192.0, -192.0, -111.0, -41.0, 21.0, 64.0, 95.0, 122.0, 141.0, 153.0, 160.0, 166.0, 174.0, 184.0, 186.0, 186.0, 187.0, 188.0, 192.0, 203.0, 225.0, 251.0, 268.0, 279.0, 288.0, 293.0, 297.0, 298.0, 298.0, 298.0, 298.0]	[0, 0, 0, 0, 0, 0, 0, 0, 0, 0, 0, 0, 0, 0, 0, 0, 0, 0, 0, 0, 0, 0, 0, 0, 0, 0, 0, 0, 0, 0, 1]	[0, 0, 0, 0, 0, 0, 0, 0, 0, 0, 0, 0, 0, 0, 0, 0, 0, 0, 0, 0, 0, 0, 0, 0, 0, 0, 0, 0, 0, 0, 0]	[0, 0, 0, 0, 0, 0, 0, 0, 0, 0, 0, 0, 0, 0, 0, 0, 0, 0, 0, 0, 0, 0, 0, 0, 0, 0, 0, 0, 0, 0, 0]	[0.00021769999875687063, 0.011551399977179244, 0.028044599981512874, 0.04476469999644905, 0.06168969999998808, 0.07865949999541044, 0.09506229998078197, 0.11169359998893924, 0.12844390000100248, 0.1451439999800641, 0.16163469999446534, 0.17824719997588545, 0.19477149998419918, 0.21154419999220408, 0.22796079999534413, 0.24477929997374304, 0.26145599997835234, 0.27818339999066666, 0.2948690999764949, 0.31156750000081956, 0.3282011999981478, 0.3447458999871742, 0.3613308999920264, 0.3781009999802336, 0.3949904999753926, 0.41138859998318367, 0.42820499997469597, 0.44452029999229126, 0.46110859999316745, 0.47813699999824166, 0.4950447999872267]	198.0	298.0	0.8	8a
144	5	go_nogo	0	60	4	go	click	[50.0, 69.0, 84.0, 104.0, 119.0, 127.0, 135.0, 143.0, 148.0, 151.0, 152.0, 154.0, 155.0, 156.0, 156.0, 156.0, 156.0, 156.0, 156.0, 158.0, 164.0, 178.0, 186.0, 191.0, 196.0, 199.0, 200.0, 201.0, 201.0, 201.0, 201.0]	[-201.0, -147.0, -98.0, -28.0, 28.0, 66.0, 105.0, 138.0, 160.0, 178.0, 181.0, 193.0, 201.0, 208.0, 210.0, 210.0, 210.0, 210.0, 212.0, 220.0, 236.0, 266.0, 282.0, 292.0, 300.0, 305.0, 309.0, 309.0, 309.0, 309.0, 309.0]	[0, 0, 0, 0, 0, 0, 0, 0, 0, 0, 0, 0, 0, 0, 0, 0, 0, 0, 0, 0, 0, 0, 0, 0, 0, 0, 0, 0, 0, 0, 1]	[0, 0, 0, 0, 0, 0, 0, 0, 0, 0, 0, 0, 0, 0, 0, 0, 0, 0, 0, 0, 0, 0, 0, 0, 0, 0, 0, 0, 0, 0, 0]	[0, 0, 0, 0, 0, 0, 0, 0, 0, 0, 0, 0, 0, 0, 0, 0, 0, 0, 0, 0, 0, 0, 0, 0, 0, 0, 0, 0, 0, 0, 0]	[8.749999688006938e-05, 0.011822200001915917, 0.028029299981426448, 0.0446994999947492, 0.06145390000892803, 0.07802620000438765, 0.09488419999252073, 0.11143230000743642, 0.12842219998128712, 0.14478100000997074, 0.16156839998438954, 0.17845159998978488, 0.19479730000603013, 0.21127880000858568, 0.2279424000007566, 0.24462310000672005, 0.26122980000218377, 0.2782889000081923, 0.2949443999968935, 0.3115226000081748, 0.3279925000097137, 0.345296799991047, 0.3614618999999948, 0.37838740000734106, 0.39471860000048764, 0.41150180000113323, 0.4281953999889083, 0.444508999993559, 0.46125860000029206, 0.4778476000064984, 0.49481350000132807]	201.0	309.0	0.6	8a
145	5	go_nogo	0	60	3	go	click	[55.0, 55.0, 79.0, 97.0, 116.0, 137.0, 153.0, 166.0, 177.0, 185.0, 190.0, 194.0, 197.0, 199.0, 204.0, 206.0, 212.0, 217.0, 220.0, 224.0, 227.0, 228.0, 229.0, 229.0, 229.0, 229.0, 230.0, 230.0, 230.0]	[-247.0, -247.0, -169.0, -96.0, -34.0, 21.0, 60.0, 95.0, 120.0, 140.0, 152.0, 165.0, 173.0, 184.0, 194.0, 203.0, 222.0, 241.0, 260.0, 281.0, 297.0, 316.0, 319.0, 323.0, 323.0, 323.0, 323.0, 323.0, 323.0]	[0, 0, 0, 0, 0, 0, 0, 0, 0, 0, 0, 0, 0, 0, 0, 0, 0, 0, 0, 0, 0, 0, 0, 0, 0, 0, 0, 0, 1]	[0, 0, 0, 0, 0, 0, 0, 0, 0, 0, 0, 0, 0, 0, 0, 0, 0, 0, 0, 0, 0, 0, 0, 0, 0, 0, 0, 0, 0]	[0, 0, 0, 0, 0, 0, 0, 0, 0, 0, 0, 0, 0, 0, 0, 0, 0, 0, 0, 0, 0, 0, 0, 0, 0, 0, 0, 0, 0]	[8.040000102482736e-05, 0.011895299976458773, 0.02846739999949932, 0.04498449998209253, 0.06177409997326322, 0.07853539998177439, 0.09514759999001399, 0.11177519999910146, 0.12826489997678436, 0.1449826999742072, 0.16168729998753406, 0.17885239998577163, 0.19493030000012368, 0.21157889999449253, 0.2285884999728296, 0.2451188999984879, 0.2616865999880247, 0.2785002999880817, 0.2948881999764126, 0.3118697999743745, 0.32841129999724217, 0.3449430999753531, 0.3615976999863051, 0.37823249999200925, 0.39510369999334216, 0.4116867999837268, 0.42841139997472055, 0.4450044999830425, 0.4618490999855567]	230.0	323.0	0.5	8a
146	5	go_nogo	0	60	2	go	click	[50.0, 50.0, 61.0, 92.0, 117.0, 137.0, 162.0, 172.0, 180.0, 184.0, 185.0, 186.0, 187.0, 188.0, 191.0, 191.0, 191.0, 191.0, 192.0, 193.0, 194.0, 194.0, 194.0, 195.0, 195.0, 195.0, 195.0, 195.0, 195.0]	[-224.0, -224.0, -190.0, -114.0, -47.0, 19.0, 105.0, 146.0, 177.0, 190.0, 198.0, 202.0, 208.0, 217.0, 229.0, 234.0, 236.0, 239.0, 249.0, 257.0, 263.0, 266.0, 269.0, 271.0, 272.0, 273.0, 273.0, 273.0, 273.0]	[0, 0, 0, 0, 0, 0, 0, 0, 0, 0, 0, 0, 0, 0, 0, 0, 0, 0, 0, 0, 0, 0, 0, 0, 0, 0, 0, 0, 1]	[0, 0, 0, 0, 0, 0, 0, 0, 0, 0, 0, 0, 0, 0, 0, 0, 0, 0, 0, 0, 0, 0, 0, 0, 0, 0, 0, 0, 0]	[0, 0, 0, 0, 0, 0, 0, 0, 0, 0, 0, 0, 0, 0, 0, 0, 0, 0, 0, 0, 0, 0, 0, 0, 0, 0, 0, 0, 0]	[0.00026470000739209354, 0.011289100017165765, 0.027643000008538365, 0.04450550000183284, 0.06118610000703484, 0.07800830001360737, 0.09486710000783205, 0.11134580001817085, 0.1278877000149805, 0.1444162999978289, 0.16090450002229773, 0.17788650002330542, 0.1945181000046432, 0.21098200001870282, 0.22761470000841655, 0.24453330002143048, 0.2610276000050362, 0.2778866000007838, 0.29443629999877885, 0.3109325999976136, 0.3277428000001237, 0.34435290002147667, 0.3608613999967929, 0.37771080000675283, 0.39421140000922605, 0.41082819999428466, 0.4275287000054959, 0.44432100001722574, 0.4611972999991849]	195.0	273.0	0.6	8a
147	5	go_nogo	0	60	1	nogo	none	[67.0, 67.0, 89.0, 124.0, 146.0, 165.0, 182.0, 187.0, 189.0, 190.0, 192.0, 193.0, 194.0, 195.0, 195.0, 196.0, 196.0, 196.0, 196.0, 196.0, 196.0, 196.0, 196.0, 196.0, 196.0, 196.0, 196.0, 196.0, 196.0, 196.0, 196.0, 196.0, 196.0, 196.0, 196.0, 196.0, 196.0, 196.0, 196.0, 196.0, 196.0, 196.0, 196.0, 196.0, 196.0, 196.0, 196.0, 196.0, 196.0, 196.0, 196.0, 196.0, 196.0, 196.0, 196.0, 196.0, 196.0, 196.0]	[-237.0, -237.0, -179.0, -69.0, 16.0, 93.0, 191.0, 235.0, 263.0, 281.0, 296.0, 309.0, 321.0, 334.0, 342.0, 343.0, 343.0, 343.0, 343.0, 343.0, 343.0, 343.0, 343.0, 343.0, 343.0, 343.0, 343.0, 343.0, 343.0, 343.0, 343.0, 343.0, 343.0, 343.0, 343.0, 343.0, 343.0, 343.0, 343.0, 343.0, 343.0, 343.0, 343.0, 343.0, 343.0, 343.0, 343.0, 343.0, 343.0, 343.0, 343.0, 343.0, 343.0, 343.0, 343.0, 343.0, 343.0, 343.0]	[0, 0, 0, 0, 0, 0, 0, 0, 0, 0, 0, 0, 0, 0, 0, 0, 0, 0, 0, 0, 0, 0, 0, 0, 0, 0, 0, 0, 0, 0, 0, 0, 0, 0, 0, 0, 0, 0, 0, 0, 0, 0, 0, 0, 0, 0, 0, 0, 0, 0, 0, 0, 0, 0, 0, 0, 0, 0]	[0, 0, 0, 0, 0, 0, 0, 0, 0, 0, 0, 0, 0, 0, 0, 0, 0, 0, 0, 0, 0, 0, 0, 0, 0, 0, 0, 0, 0, 0, 0, 0, 0, 0, 0, 0, 0, 0, 0, 0, 0, 0, 0, 0, 0, 0, 0, 0, 0, 0, 0, 0, 0, 0, 0, 0, 0, 0]	[0, 0, 0, 0, 0, 0, 0, 0, 0, 0, 0, 0, 0, 0, 0, 0, 0, 0, 0, 0, 0, 0, 0, 0, 0, 0, 0, 0, 0, 0, 0, 0, 0, 0, 0, 0, 0, 0, 0, 0, 0, 0, 0, 0, 0, 0, 0, 0, 0, 0, 0, 0, 0, 0, 0, 0, 0, 0]	[0.00020440001389943063, 0.011768100026529282, 0.027985200023977086, 0.044877300009829924, 0.0614456000039354, 0.07813550002174452, 0.09468170002219267, 0.1115132000122685, 0.12818759999936447, 0.14485380001133308, 0.16136720002396032, 0.17798860001494177, 0.1946855999995023, 0.2114542000053916, 0.2281088000163436, 0.2444264000223484, 0.26115310000022873, 0.2776976000168361, 0.29435550002381206, 0.31114410000736825, 0.32778210000833496, 0.3444059000175912, 0.3610695000097621, 0.3777956000121776, 0.39439739999943413, 0.41099380000378005, 0.42769650000263937, 0.44428870000410825, 0.46087450001505204, 0.47804460002225824, 0.49471990001620725, 0.5113082000170834, 0.5279209000000264, 0.5443311000126414, 0.5609074000094552, 0.5780454000050668, 0.5946085000177845, 0.6113181000109762, 0.6276621000142768, 0.6443840000138152, 0.6610496000212152, 0.6776155000261497, 0.6943135000183247, 0.7110189000086393, 0.7276842000137549, 0.7444050000049174, 0.7608892000280321, 0.7777771000110079, 0.7945368000073358, 0.8110996000177693, 0.8276763000176288, 0.8443974000110757, 0.8609217000193894, 0.87750150001375, 0.8941996000066865, 0.9108741000236478, 0.9276340000214987, 0.9442327000142541]	n/a	n/a	1.0	8a
148	5	go_nogo	0	60	6	go	click	[33.0, 33.0, 43.0, 51.0, 61.0, 66.0, 72.0, 77.0, 82.0, 85.0, 89.0, 90.0, 91.0, 91.0, 91.0, 91.0, 94.0, 100.0, 106.0, 111.0, 114.0, 117.0, 119.0, 128.0, 136.0, 148.0, 156.0, 159.0, 159.0, 159.0, 159.0, 159.0, 159.0]	[-294.0, -294.0, -197.0, -77.0, 24.0, 103.0, 164.0, 207.0, 237.0, 254.0, 268.0, 274.0, 281.0, 283.0, 283.0, 283.0, 279.0, 269.0, 265.0, 263.0, 263.0, 263.0, 264.0, 270.0, 276.0, 283.0, 288.0, 291.0, 291.0, 291.0, 291.0, 291.0, 291.0]	[0, 0, 0, 0, 0, 0, 0, 0, 0, 0, 0, 0, 0, 0, 0, 0, 0, 0, 0, 0, 0, 0, 0, 0, 0, 0, 0, 0, 0, 0, 0, 0, 1]	[0, 0, 0, 0, 0, 0, 0, 0, 0, 0, 0, 0, 0, 0, 0, 0, 0, 0, 0, 0, 0, 0, 0, 0, 0, 0, 0, 0, 0, 0, 0, 0, 0]	[0, 0, 0, 0, 0, 0, 0, 0, 0, 0, 0, 0, 0, 0, 0, 0, 0, 0, 0, 0, 0, 0, 0, 0, 0, 0, 0, 0, 0, 0, 0, 0, 0]	[8.709999383427203e-05, 0.011699199996655807, 0.028265400003874674, 0.04495509999105707, 0.06192400000873022, 0.07855440001003444, 0.09524480000254698, 0.11180210000020452, 0.12843229999998584, 0.14514859998598695, 0.1619762000045739, 0.17884989999583922, 0.19519190001301467, 0.21148800000082701, 0.22820620000129566, 0.24506960000144318, 0.26171329998760484, 0.2786674000089988, 0.29525460000149906, 0.311674700002186, 0.32849280000664294, 0.34492169998702593, 0.3616653000062797, 0.3786366000131238, 0.39506619999883696, 0.41179370001191273, 0.4283655000035651, 0.44476559999748133, 0.46141869999701157, 0.47812730001169257, 0.4947684000071604, 0.5113024000020232, 0.5284966999897733]	159.0	291.0	0.5	8a
149	5	go_nogo	0	60	7	go	click	[50.0, 50.0, 69.0, 115.0, 155.0, 192.0, 208.0, 222.0, 232.0, 239.0, 245.0, 251.0, 255.0, 258.0, 259.0, 259.0, 259.0, 260.0, 260.0, 259.0, 257.0, 252.0, 252.0, 251.0, 249.0, 247.0, 243.0, 238.0, 236.0, 236.0, 236.0, 236.0, 236.0, 236.0, 236.0]	[-216.0, -216.0, -166.0, -27.0, 81.0, 171.0, 210.0, 238.0, 254.0, 266.0, 272.0, 281.0, 287.0, 292.0, 292.0, 292.0, 294.0, 299.0, 308.0, 319.0, 326.0, 328.0, 328.0, 328.0, 328.0, 327.0, 325.0, 322.0, 319.0, 317.0, 317.0, 317.0, 317.0, 317.0, 317.0]	[0, 0, 0, 0, 0, 0, 0, 0, 0, 0, 0, 0, 0, 0, 0, 0, 0, 0, 0, 0, 0, 0, 0, 0, 0, 0, 0, 0, 0, 0, 0, 0, 0, 0, 1]	[0, 0, 0, 0, 0, 0, 0, 0, 0, 0, 0, 0, 0, 0, 0, 0, 0, 0, 0, 0, 0, 0, 0, 0, 0, 0, 0, 0, 0, 0, 0, 0, 0, 0, 0]	[0, 0, 0, 0, 0, 0, 0, 0, 0, 0, 0, 0, 0, 0, 0, 0, 0, 0, 0, 0, 0, 0, 0, 0, 0, 0, 0, 0, 0, 0, 0, 0, 0, 0, 0]	[0.0001875000016298145, 0.01219069998478517, 0.028571699978783727, 0.04489130000001751, 0.06165449999389239, 0.0788841999892611, 0.0950312000059057, 0.11190519999945536, 0.12840159999905154, 0.14505560000543483, 0.1617281999788247, 0.17854530000477098, 0.19523839998873882, 0.21178529999451712, 0.2281096999940928, 0.24503459999687038, 0.2618217999988701, 0.2783408999966923, 0.29502200000570156, 0.3118354000034742, 0.3283778000040911, 0.3448246000043582, 0.36169960000552237, 0.37834679998923093, 0.39508059999207035, 0.41196149997995235, 0.42837300000246614, 0.44503239999176003, 0.46149859999422915, 0.47802549999323674, 0.4946728000068106, 0.5113821999984793, 0.5278472999925725, 0.544568099983735, 0.5616603999806102]	236.0	317.0	0.7	8a
150	5	go_nogo	0	60	2	go	click	[56.0, 56.0, 73.0, 101.0, 126.0, 142.0, 155.0, 163.0, 169.0, 173.0, 174.0, 175.0, 179.0, 181.0, 188.0, 195.0, 197.0, 197.0, 197.0, 197.0, 200.0, 204.0, 211.0, 216.0, 220.0, 223.0, 224.0, 225.0, 225.0, 225.0, 225.0, 225.0, 225.0, 225.0, 225.0, 225.0, 224.0, 224.0, 224.0, 224.0]	[-228.0, -228.0, -141.0, -13.0, 127.0, 203.0, 248.0, 279.0, 303.0, 317.0, 323.0, 330.0, 341.0, 348.0, 360.0, 373.0, 377.0, 377.0, 377.0, 377.0, 374.0, 368.0, 356.0, 341.0, 325.0, 308.0, 306.0, 306.0, 306.0, 305.0, 305.0, 305.0, 305.0, 305.0, 305.0, 305.0, 305.0, 305.0, 305.0, 305.0]	[0, 0, 0, 0, 0, 0, 0, 0, 0, 0, 0, 0, 0, 0, 0, 0, 0, 0, 0, 0, 0, 0, 0, 0, 0, 0, 0, 0, 0, 0, 0, 0, 0, 0, 0, 0, 0, 0, 0, 1]	[0, 0, 0, 0, 0, 0, 0, 0, 0, 0, 0, 0, 0, 0, 0, 0, 0, 0, 0, 0, 0, 0, 0, 0, 0, 0, 0, 0, 0, 0, 0, 0, 0, 0, 0, 0, 0, 0, 0, 0]	[0, 0, 0, 0, 0, 0, 0, 0, 0, 0, 0, 0, 0, 0, 0, 0, 0, 0, 0, 0, 0, 0, 0, 0, 0, 0, 0, 0, 0, 0, 0, 0, 0, 0, 0, 0, 0, 0, 0, 0]	[0.00020069998572580516, 0.012159000005340204, 0.02874149999115616, 0.04511139998794533, 0.06171959999483079, 0.07850649999454618, 0.0951958000077866, 0.1117521999985911, 0.12858459999551997, 0.14503690000856295, 0.16174899999168701, 0.17834889999357983, 0.19517600000835955, 0.21259680000366643, 0.22901680000359192, 0.24540169999818318, 0.26158489999943413, 0.27856529998825863, 0.29526389998500235, 0.31172589998459443, 0.3283662000030745, 0.34503419999964535, 0.3615558999881614, 0.3783689999836497, 0.39519720000680536, 0.412186900008237, 0.42868949999683537, 0.4449560999928508, 0.46205090000876226, 0.4784370999841485, 0.49495259998366237, 0.5118728000088595, 0.5281906999880448, 0.5450436999963131, 0.5616896999999881, 0.5786058999947272, 0.5950365999888163, 0.6115588000102434, 0.6281469000095967, 0.644956700009061]	224.0	305.0	0.8	8a
151	5	go_nogo	0	60	3	go	click	[41.0, 41.0, 76.0, 120.0, 166.0, 213.0, 250.0, 272.0, 277.0, 277.0, 277.0, 277.0, 277.0, 277.0, 276.0, 273.0, 269.0, 264.0, 260.0, 254.0, 247.0, 240.0, 235.0, 232.0, 228.0, 227.0, 227.0, 227.0, 227.0, 227.0, 227.0, 227.0, 227.0, 227.0, 227.0, 227.0, 227.0]	[-273.0, -273.0, -206.0, -94.0, 19.0, 132.0, 232.0, 310.0, 331.0, 342.0, 347.0, 350.0, 351.0, 352.0, 356.0, 359.0, 362.0, 364.0, 364.0, 363.0, 356.0, 346.0, 338.0, 331.0, 322.0, 311.0, 303.0, 300.0, 299.0, 299.0, 299.0, 299.0, 299.0, 299.0, 299.0, 299.0, 299.0]	[0, 0, 0, 0, 0, 0, 0, 0, 0, 0, 0, 0, 0, 0, 0, 0, 0, 0, 0, 0, 0, 0, 0, 0, 0, 0, 0, 0, 0, 0, 0, 0, 0, 0, 0, 0, 1]	[0, 0, 0, 0, 0, 0, 0, 0, 0, 0, 0, 0, 0, 0, 0, 0, 0, 0, 0, 0, 0, 0, 0, 0, 0, 0, 0, 0, 0, 0, 0, 0, 0, 0, 0, 0, 0]	[0, 0, 0, 0, 0, 0, 0, 0, 0, 0, 0, 0, 0, 0, 0, 0, 0, 0, 0, 0, 0, 0, 0, 0, 0, 0, 0, 0, 0, 0, 0, 0, 0, 0, 0, 0, 0]	[0.00010069998097606003, 0.012730099988402799, 0.028733699989970773, 0.045488899981137365, 0.06216819997644052, 0.07897709999815561, 0.09576539997942746, 0.1122107999981381, 0.1290234999905806, 0.14572239998960868, 0.16226939999614842, 0.178809499979252, 0.19548549997853115, 0.21228729997528717, 0.22888260000036098, 0.24553429998923093, 0.262160699989181, 0.27885969998897053, 0.2955303999769967, 0.3121915999799967, 0.32883189999847673, 0.3459288000012748, 0.36232239997480065, 0.3787274999776855, 0.3954401999944821, 0.41219899998395704, 0.42875169997569174, 0.44538079999620095, 0.46182889997726306, 0.47852699999930337, 0.49558829999295995, 0.5123385999759194, 0.5287432999757584, 0.5450206999958027, 0.561874099978013, 0.5785739999846555, 0.5957156999793369]	227.0	299.0	0.5	8a
152	5	go_nogo	0	60	2	go	click	[59.0, 59.0, 70.0, 96.0, 122.0, 130.0, 138.0, 143.0, 144.0, 145.0, 146.0, 149.0, 151.0, 155.0, 155.0, 155.0, 155.0, 155.0, 158.0, 165.0, 173.0, 180.0, 188.0, 190.0, 191.0, 191.0, 192.0]	[-201.0, -201.0, -138.0, 6.0, 168.0, 225.0, 262.0, 288.0, 303.0, 311.0, 316.0, 323.0, 334.0, 344.0, 344.0, 344.0, 344.0, 344.0, 343.0, 335.0, 328.0, 319.0, 315.0, 314.0, 314.0, 314.0, 313.0]	[0, 0, 0, 0, 0, 0, 0, 0, 0, 0, 0, 0, 0, 0, 0, 0, 0, 0, 0, 0, 0, 0, 0, 0, 0, 0, 1]	[0, 0, 0, 0, 0, 0, 0, 0, 0, 0, 0, 0, 0, 0, 0, 0, 0, 0, 0, 0, 0, 0, 0, 0, 0, 0, 0]	[0, 0, 0, 0, 0, 0, 0, 0, 0, 0, 0, 0, 0, 0, 0, 0, 0, 0, 0, 0, 0, 0, 0, 0, 0, 0, 0]	[0.00022399998852051795, 0.00976390001596883, 0.026622400007909164, 0.04351809999207035, 0.060228099988307804, 0.07700130000011995, 0.09339449999970384, 0.11008509999373928, 0.12667649998911656, 0.14341499999864027, 0.16008120001060888, 0.1768187000125181, 0.1933749000017997, 0.20980149999377318, 0.22646619999432005, 0.2430508999968879, 0.2596833000134211, 0.2767928999965079, 0.2937324999948032, 0.3100626000086777, 0.32660900001064874, 0.34328080000705086, 0.35980910001671873, 0.3767986999882851, 0.39310119999572635, 0.4099160000041593, 0.42689959998824634]	192.0	313.0	0.8	8a
153	5	go_nogo	0	60	6	go	click	[78.0, 78.0, 111.0, 139.0, 166.0, 189.0, 202.0, 210.0, 216.0, 221.0, 225.0, 226.0, 227.0, 227.0, 227.0, 228.0, 228.0, 228.0, 228.0, 228.0, 228.0, 228.0, 228.0, 228.0, 224.0, 221.0, 219.0, 217.0, 216.0, 216.0, 216.0, 216.0, 216.0]	[-233.0, -233.0, -138.0, -44.0, 65.0, 165.0, 236.0, 284.0, 317.0, 341.0, 363.0, 370.0, 376.0, 377.0, 377.0, 377.0, 377.0, 377.0, 380.0, 380.0, 380.0, 380.0, 380.0, 379.0, 356.0, 334.0, 313.0, 302.0, 297.0, 296.0, 296.0, 296.0, 296.0]	[0, 0, 0, 0, 0, 0, 0, 0, 0, 0, 0, 0, 0, 0, 0, 0, 0, 0, 0, 0, 0, 0, 0, 0, 0, 0, 0, 0, 0, 0, 0, 0, 1]	[0, 0, 0, 0, 0, 0, 0, 0, 0, 0, 0, 0, 0, 0, 0, 0, 0, 0, 0, 0, 0, 0, 0, 0, 0, 0, 0, 0, 0, 0, 0, 0, 0]	[0, 0, 0, 0, 0, 0, 0, 0, 0, 0, 0, 0, 0, 0, 0, 0, 0, 0, 0, 0, 0, 0, 0, 0, 0, 0, 0, 0, 0, 0, 0, 0, 0]	[0.00011490000179037452, 0.01152530001127161, 0.028069599997252226, 0.044562900002347305, 0.061467999999877065, 0.07783610001206398, 0.09444919999805279, 0.11120829998981208, 0.12778750000870787, 0.14489779999712482, 0.16182239999761805, 0.1778741000161972, 0.19424509999225847, 0.21105479999096133, 0.22806369999307208, 0.2443331000104081, 0.2609357000037562, 0.27788830001372844, 0.29433860001154244, 0.3109923000156414, 0.3275990000111051, 0.3441162999952212, 0.3612221000075806, 0.377987200015923, 0.3944484000094235, 0.41177189999143593, 0.4279357999912463, 0.4442451999930199, 0.4610204999917187, 0.47743239998817444, 0.4942690999887418, 0.5110430000058841, 0.528033200011123]	216.0	296.0	0.8	8a
154	5	go_nogo	0	60	1	nogo	none	[27.0, 27.0, 49.0, 71.0, 95.0, 112.0, 124.0, 132.0, 136.0, 138.0, 139.0, 141.0, 146.0, 147.0, 147.0, 148.0, 149.0, 156.0, 165.0, 172.0, 178.0, 184.0, 188.0, 191.0, 193.0, 193.0, 193.0, 193.0, 193.0, 193.0, 193.0, 193.0, 193.0, 193.0, 193.0, 193.0, 193.0, 193.0, 193.0, 193.0, 193.0, 193.0, 193.0, 193.0, 193.0, 193.0, 193.0, 193.0, 193.0, 193.0, 193.0, 193.0, 193.0, 193.0, 193.0, 193.0, 193.0, 193.0, 193.0, 193.0, 193.0, 193.0, 193.0, 193.0, 193.0, 193.0, 193.0, 193.0]	[-237.0, -237.0, -167.0, -85.0, 0.0, 61.0, 99.0, 122.0, 135.0, 142.0, 147.0, 153.0, 161.0, 162.0, 163.0, 164.0, 168.0, 180.0, 199.0, 217.0, 236.0, 251.0, 263.0, 269.0, 274.0, 275.0, 275.0, 275.0, 275.0, 275.0, 275.0, 275.0, 275.0, 275.0, 275.0, 275.0, 275.0, 275.0, 275.0, 275.0, 275.0, 275.0, 275.0, 275.0, 275.0, 275.0, 275.0, 275.0, 275.0, 275.0, 275.0, 275.0, 275.0, 275.0, 275.0, 275.0, 275.0, 275.0, 275.0, 275.0, 275.0, 275.0, 275.0, 275.0, 275.0, 275.0, 275.0, 275.0]	[0, 0, 0, 0, 0, 0, 0, 0, 0, 0, 0, 0, 0, 0, 0, 0, 0, 0, 0, 0, 0, 0, 0, 0, 0, 0, 0, 0, 0, 0, 0, 0, 0, 0, 0, 0, 0, 0, 0, 0, 0, 0, 0, 0, 0, 0, 0, 0, 0, 0, 0, 0, 0, 0, 0, 0, 0, 0, 0, 0, 0, 0, 0, 0, 0, 0, 0, 0]	[0, 0, 0, 0, 0, 0, 0, 0, 0, 0, 0, 0, 0, 0, 0, 0, 0, 0, 0, 0, 0, 0, 0, 0, 0, 0, 0, 0, 0, 0, 0, 0, 0, 0, 0, 0, 0, 0, 0, 0, 0, 0, 0, 0, 0, 0, 0, 0, 0, 0, 0, 0, 0, 0, 0, 0, 0, 0, 0, 0, 0, 0, 0, 0, 0, 0, 0, 0]	[0, 0, 0, 0, 0, 0, 0, 0, 0, 0, 0, 0, 0, 0, 0, 0, 0, 0, 0, 0, 0, 0, 0, 0, 0, 0, 0, 0, 0, 0, 0, 0, 0, 0, 0, 0, 0, 0, 0, 0, 0, 0, 0, 0, 0, 0, 0, 0, 0, 0, 0, 0, 0, 0, 0, 0, 0, 0, 0, 0, 0, 0, 0, 0, 0, 0, 0, 0]	[0.00024759999359957874, 0.011143000010633841, 0.02752820000750944, 0.04407600002014078, 0.06086440000217408, 0.07744590000947937, 0.09416850001434796, 0.11085779999848455, 0.12758010000106879, 0.14419700001599267, 0.16098469999269582, 0.17744880000827834, 0.19420140000875108, 0.21105230000102893, 0.22743719999562018, 0.2440941999957431, 0.2609350999991875, 0.27749090001452714, 0.2941278000071179, 0.31071760001941584, 0.32758909999392927, 0.34414050000486895, 0.3608803999959491, 0.37754660000791773, 0.39408570001251064, 0.4105054000101518, 0.42735179999726824, 0.44387829999323003, 0.4607577999995556, 0.47724969999399036, 0.4937798000173643, 0.5105295999965165, 0.5274728999938816, 0.5443792000005487, 0.5605920999951195, 0.5771414000191726, 0.5939459000073839, 0.6105799000069965, 0.6272166999988258, 0.6442538000119384, 0.6606305000022985, 0.6773666999943089, 0.6940474000002723, 0.7105163999949582, 0.7271720000135247, 0.7440898999921046, 0.7607261000084691, 0.7772554999974091, 0.794186000013724, 0.810777800012147, 0.8274193000106607, 0.8437617000017781, 0.8606608000118285, 0.8773564000148326, 0.8938275999971665, 0.9106352000089828, 0.9272171000193339, 0.9439067000057548, 0.9603839000046719, 0.9772541999991518, 0.9939223999972455, 1.0104793999926187, 1.0274279000004753, 1.0439055000024382, 1.06041550001828, 1.0770592000044417, 1.0937933000095654, 1.1103854000102729]	n/a	n/a	0.5	8a
155	5	go_nogo	0	60	2	go	click	[68.0, 68.0, 115.0, 153.0, 182.0, 205.0, 218.0, 226.0, 230.0, 231.0, 231.0, 231.0, 231.0, 231.0, 232.0, 232.0, 232.0, 232.0, 232.0, 232.0, 227.0, 220.0, 215.0, 212.0, 212.0, 212.0, 212.0, 212.0]	[-160.0, -160.0, -13.0, 91.0, 178.0, 244.0, 293.0, 324.0, 337.0, 341.0, 341.0, 342.0, 342.0, 342.0, 342.0, 342.0, 342.0, 342.0, 342.0, 341.0, 332.0, 318.0, 309.0, 305.0, 304.0, 304.0, 304.0, 304.0]	[0, 0, 0, 0, 0, 0, 0, 0, 0, 0, 0, 0, 0, 0, 0, 0, 0, 0, 0, 0, 0, 0, 0, 0, 0, 0, 0, 1]	[0, 0, 0, 0, 0, 0, 0, 0, 0, 0, 0, 0, 0, 0, 0, 0, 0, 0, 0, 0, 0, 0, 0, 0, 0, 0, 0, 0]	[0, 0, 0, 0, 0, 0, 0, 0, 0, 0, 0, 0, 0, 0, 0, 0, 0, 0, 0, 0, 0, 0, 0, 0, 0, 0, 0, 0]	[0.000229199999012053, 0.012234699999680743, 0.028604899998754263, 0.04532649999600835, 0.06172860000515357, 0.07826170002226718, 0.09502280000015162, 0.11166900000534952, 0.1284360999998171, 0.14514810001128353, 0.16177299999981187, 0.17822550001437776, 0.1949910999974236, 0.21196870002313517, 0.22835889999987558, 0.24491280000074767, 0.2616148999950383, 0.27813039999455214, 0.29497420002007857, 0.31168340001022443, 0.32836070001940243, 0.34490250001545064, 0.3616657000093255, 0.37849410000490025, 0.3947224000003189, 0.4117254000157118, 0.42836809999425896, 0.44503659999463707]	212.0	304.0	1.0	8a
156	5	go_nogo	0	60	2	go	click	[66.0, 66.0, 100.0, 124.0, 137.0, 149.0, 156.0, 164.0, 167.0, 175.0, 182.0, 189.0, 193.0, 194.0, 195.0, 196.0, 197.0, 197.0, 197.0, 197.0, 197.0, 199.0, 199.0, 199.0, 199.0, 199.0]	[-200.0, -200.0, -109.0, -23.0, 48.0, 103.0, 144.0, 171.0, 189.0, 214.0, 239.0, 263.0, 270.0, 274.0, 277.0, 279.0, 279.0, 279.0, 279.0, 279.0, 281.0, 285.0, 286.0, 286.0, 286.0, 286.0]	[0, 0, 0, 0, 0, 0, 0, 0, 0, 0, 0, 0, 0, 0, 0, 0, 0, 0, 0, 0, 0, 0, 0, 0, 0, 1]	[0, 0, 0, 0, 0, 0, 0, 0, 0, 0, 0, 0, 0, 0, 0, 0, 0, 0, 0, 0, 0, 0, 0, 0, 0, 0]	[0, 0, 0, 0, 0, 0, 0, 0, 0, 0, 0, 0, 0, 0, 0, 0, 0, 0, 0, 0, 0, 0, 0, 0, 0, 0]	[0.0002348999842070043, 0.012776999996276572, 0.029424999986076728, 0.045934900001157075, 0.06270260000019334, 0.07957529998384416, 0.09587369998916984, 0.11242729998775758, 0.12919969999347813, 0.14585509998141788, 0.16277199998148717, 0.17917419999139383, 0.19579619998694398, 0.2123210999998264, 0.22917159998905845, 0.24590539999189787, 0.26226640000822954, 0.279030799982138, 0.2957618999935221, 0.31245709999348037, 0.3293006999883801, 0.34595980000449345, 0.3623910000023898, 0.37899559998186305, 0.395711899996968, 0.4133271999889985]	199.0	286.0	0.8	8a
157	5	go_nogo	0	60	8	go	click	[56.0, 56.0, 68.0, 88.0, 119.0, 133.0, 148.0, 156.0, 161.0, 164.0, 165.0, 165.0, 166.0, 167.0, 168.0, 168.0, 168.0, 169.0, 170.0, 172.0, 174.0, 175.0, 176.0, 176.0, 176.0, 177.0, 177.0, 177.0, 177.0, 177.0, 177.0, 177.0, 177.0, 177.0, 177.0, 177.0]	[-215.0, -215.0, -174.0, -86.0, 43.0, 99.0, 146.0, 180.0, 203.0, 216.0, 222.0, 226.0, 232.0, 238.0, 243.0, 246.0, 247.0, 247.0, 252.0, 261.0, 271.0, 274.0, 275.0, 275.0, 275.0, 276.0, 276.0, 276.0, 276.0, 276.0, 276.0, 276.0, 276.0, 276.0, 276.0, 276.0]	[0, 0, 0, 0, 0, 0, 0, 0, 0, 0, 0, 0, 0, 0, 0, 0, 0, 0, 0, 0, 0, 0, 0, 0, 0, 0, 0, 0, 0, 0, 0, 0, 0, 0, 0, 1]	[0, 0, 0, 0, 0, 0, 0, 0, 0, 0, 0, 0, 0, 0, 0, 0, 0, 0, 0, 0, 0, 0, 0, 0, 0, 0, 0, 0, 0, 0, 0, 0, 0, 0, 0, 0]	[0, 0, 0, 0, 0, 0, 0, 0, 0, 0, 0, 0, 0, 0, 0, 0, 0, 0, 0, 0, 0, 0, 0, 0, 0, 0, 0, 0, 0, 0, 0, 0, 0, 0, 0, 0]	[0.00019029999384656549, 0.011404699995182455, 0.028045599989127368, 0.04504359999555163, 0.0615809999871999, 0.07825120000052266, 0.09495810000225902, 0.11146949999965727, 0.12822899999446236, 0.14487640000879765, 0.16151919998810627, 0.17819289999897592, 0.19490129998303019, 0.21145529998466372, 0.22829749999800697, 0.24456359999021515, 0.26135630000499077, 0.2788016999838874, 0.29500340000959113, 0.311614100006409, 0.32820809999248013, 0.3447728999890387, 0.36135719998856075, 0.37788329998147674, 0.3948130999924615, 0.4112095999880694, 0.4279345000104513, 0.44442320000962354, 0.461067299998831, 0.4779735000047367, 0.49465609999606386, 0.5112817999906838, 0.5279107000096701, 0.5446809999994002, 0.56124009998166, 0.578103599982569]	177.0	276.0	0.6	8a
158	5	go_nogo	0	60	2	go	click	[75.0, 75.0, 108.0, 135.0, 164.0, 181.0, 193.0, 202.0, 210.0, 213.0, 214.0, 215.0, 218.0, 218.0, 221.0, 221.0, 221.0, 222.0, 222.0, 222.0, 222.0, 222.0, 222.0, 222.0, 222.0, 222.0]	[-231.0, -231.0, -140.0, -54.0, 26.0, 77.0, 111.0, 140.0, 162.0, 175.0, 183.0, 192.0, 215.0, 221.0, 244.0, 258.0, 269.0, 277.0, 283.0, 291.0, 295.0, 299.0, 302.0, 304.0, 304.0, 304.0]	[0, 0, 0, 0, 0, 0, 0, 0, 0, 0, 0, 0, 0, 0, 0, 0, 0, 0, 0, 0, 0, 0, 0, 0, 0, 1]	[0, 0, 0, 0, 0, 0, 0, 0, 0, 0, 0, 0, 0, 0, 0, 0, 0, 0, 0, 0, 0, 0, 0, 0, 0, 0]	[0, 0, 0, 0, 0, 0, 0, 0, 0, 0, 0, 0, 0, 0, 0, 0, 0, 0, 0, 0, 0, 0, 0, 0, 0, 0]	[0.0002125999890267849, 0.01180390000808984, 0.02803370001493022, 0.04474750001099892, 0.06129589999909513, 0.07846429999335669, 0.09483710001222789, 0.11150410000118427, 0.12822730001062155, 0.1449745999998413, 0.16157150000799447, 0.17960370000218973, 0.19482169998809695, 0.2115846000087913, 0.22806439999840222, 0.24493909999728203, 0.2616555000131484, 0.2781033999926876, 0.29472309999982826, 0.3115224000066519, 0.3282298000121955, 0.3448342999909073, 0.36138149999896996, 0.378019800002221, 0.39460940001299605, 0.41130939999129623]	222.0	304.0	0.5	8a
159	5	go_nogo	0	60	1	nogo	none	[68.0, 68.0, 98.0, 128.0, 150.0, 168.0, 179.0, 187.0, 193.0, 197.0, 199.0, 205.0, 207.0, 209.0, 210.0, 210.0, 210.0, 210.0, 210.0, 210.0, 210.0, 210.0, 210.0, 210.0, 210.0, 210.0, 210.0, 210.0, 210.0, 210.0, 210.0, 210.0, 210.0, 210.0, 210.0, 210.0, 210.0, 210.0, 210.0, 210.0, 210.0, 210.0, 210.0, 210.0, 210.0, 210.0, 210.0, 210.0, 210.0, 210.0, 210.0, 210.0, 210.0, 210.0, 210.0, 210.0, 210.0, 210.0, 210.0, 210.0, 210.0, 210.0, 210.0, 210.0]	[-238.0, -238.0, -151.0, -60.0, 7.0, 58.0, 89.0, 116.0, 133.0, 146.0, 157.0, 179.0, 194.0, 207.0, 212.0, 213.0, 213.0, 213.0, 213.0, 213.0, 216.0, 217.0, 217.0, 218.0, 219.0, 219.0, 219.0, 219.0, 219.0, 219.0, 219.0, 219.0, 219.0, 219.0, 219.0, 219.0, 219.0, 219.0, 219.0, 219.0, 219.0, 219.0, 219.0, 219.0, 219.0, 219.0, 219.0, 219.0, 219.0, 219.0, 219.0, 219.0, 219.0, 219.0, 219.0, 219.0, 219.0, 219.0, 219.0, 219.0, 219.0, 219.0, 219.0, 219.0]	[0, 0, 0, 0, 0, 0, 0, 0, 0, 0, 0, 0, 0, 0, 0, 0, 0, 0, 0, 0, 0, 0, 0, 0, 0, 0, 0, 0, 0, 0, 0, 0, 0, 0, 0, 0, 0, 0, 0, 0, 0, 0, 0, 0, 0, 0, 0, 0, 0, 0, 0, 0, 0, 0, 0, 0, 0, 0, 0, 0, 0, 0, 0, 0]	[0, 0, 0, 0, 0, 0, 0, 0, 0, 0, 0, 0, 0, 0, 0, 0, 0, 0, 0, 0, 0, 0, 0, 0, 0, 0, 0, 0, 0, 0, 0, 0, 0, 0, 0, 0, 0, 0, 0, 0, 0, 0, 0, 0, 0, 0, 0, 0, 0, 0, 0, 0, 0, 0, 0, 0, 0, 0, 0, 0, 0, 0, 0, 0]	[0, 0, 0, 0, 0, 0, 0, 0, 0, 0, 0, 0, 0, 0, 0, 0, 0, 0, 0, 0, 0, 0, 0, 0, 0, 0, 0, 0, 0, 0, 0, 0, 0, 0, 0, 0, 0, 0, 0, 0, 0, 0, 0, 0, 0, 0, 0, 0, 0, 0, 0, 0, 0, 0, 0, 0, 0, 0, 0, 0, 0, 0, 0, 0]	[8.090000483207405e-05, 0.01155510000535287, 0.028185000002849847, 0.04455960000632331, 0.06138179998379201, 0.07805489999009296, 0.09478990000206977, 0.11136320000514388, 0.12828119998448528, 0.14464710000902414, 0.16121220000786707, 0.17803559999447316, 0.1951112000097055, 0.21169039999949746, 0.2282151999825146, 0.24444809998385608, 0.26129920000676066, 0.27795879999757744, 0.2945140000083484, 0.31146259998786263, 0.327982399991015, 0.34451729999273084, 0.3612442000012379, 0.37826669999049045, 0.3945769999991171, 0.41130469998461194, 0.4278537000063807, 0.4443981999938842, 0.46108589999494143, 0.4777077999897301, 0.49456299998564646, 0.511139699985506, 0.5276468000083696, 0.5445945000101347, 0.5612942999869119, 0.5775748000014573, 0.5944702999840956, 0.611010399996303, 0.6280697000038344, 0.6445748999831267, 0.6611380999966059, 0.677570800005924, 0.6946629000012763, 0.7109996000071988, 0.7276507999922615, 0.7444321000075433, 0.7608927999972366, 0.7775535999971908, 0.7942200000106823, 0.8114806000085082, 0.8278971000108868, 0.8443387000006624, 0.8609358000103384, 0.8776488000003155, 0.894137099996442, 0.9112355000106618, 0.9277533999993466, 0.9445533000107389, 0.9607961000001524, 0.9776413000072353, 0.9943123999983072, 1.0108947999833617, 1.0275735000032, 1.0443454000051133]	n/a	n/a	0.5	8a
160	5	go_nogo	0	60	7	go	click	[37.0, 48.0, 63.0, 90.0, 115.0, 140.0, 172.0, 205.0, 231.0, 243.0, 244.0, 245.0, 245.0, 245.0, 245.0, 245.0, 245.0, 245.0, 245.0, 245.0, 245.0, 245.0, 241.0, 236.0, 233.0, 230.0, 228.0, 226.0, 225.0, 225.0, 224.0, 224.0]	[-278.0, -245.0, -203.0, -121.0, -49.0, 22.0, 106.0, 193.0, 268.0, 323.0, 337.0, 345.0, 349.0, 350.0, 350.0, 350.0, 350.0, 350.0, 350.0, 350.0, 350.0, 350.0, 349.0, 344.0, 339.0, 332.0, 326.0, 320.0, 319.0, 318.0, 317.0, 315.0]	[0, 0, 0, 0, 0, 0, 0, 0, 0, 0, 0, 0, 0, 0, 0, 0, 0, 0, 0, 0, 0, 0, 0, 0, 0, 0, 0, 0, 0, 0, 0, 1]	[0, 0, 0, 0, 0, 0, 0, 0, 0, 0, 0, 0, 0, 0, 0, 0, 0, 0, 0, 0, 0, 0, 0, 0, 0, 0, 0, 0, 0, 0, 0, 0]	[0, 0, 0, 0, 0, 0, 0, 0, 0, 0, 0, 0, 0, 0, 0, 0, 0, 0, 0, 0, 0, 0, 0, 0, 0, 0, 0, 0, 0, 0, 0, 0]	[8.6499989265576e-05, 0.01243669999530539, 0.028853399999206886, 0.04527619999134913, 0.062076799978967756, 0.0785191000031773, 0.09534739999799058, 0.11206039998796768, 0.12845699998433702, 0.145690100005595, 0.16212090000044554, 0.17852960000163876, 0.1952402000024449, 0.21183029998792335, 0.2286710999906063, 0.24511009998968802, 0.2619494999817107, 0.2784959999844432, 0.2952676999848336, 0.31197619999875315, 0.3285570000007283, 0.3459683999826666, 0.362220899987733, 0.3790488999802619, 0.39517849998082966, 0.41209779999917373, 0.4283900999871548, 0.4452999999921303, 0.461864599987166, 0.4785944999894127, 0.49542550000478514, 0.5117182999965735]	224.0	315.0	0.5	8a
161	5	go_nogo	0	60	1	nogo	none	[27.0, 38.0, 51.0, 93.0, 137.0, 177.0, 205.0, 223.0, 233.0, 239.0, 241.0, 241.0, 241.0, 241.0, 241.0, 241.0, 241.0, 241.0, 241.0, 241.0, 238.0, 236.0, 233.0, 233.0, 231.0, 230.0, 230.0, 230.0, 230.0, 230.0, 230.0, 230.0, 230.0, 230.0, 230.0, 230.0, 230.0, 230.0, 230.0, 230.0, 230.0, 230.0, 230.0, 230.0, 230.0, 230.0, 230.0, 230.0, 230.0, 230.0, 230.0, 230.0, 230.0, 230.0, 230.0, 230.0, 230.0, 230.0, 230.0, 230.0, 230.0, 230.0, 230.0, 230.0, 230.0, 230.0, 230.0, 230.0, 230.0]	[-273.0, -236.0, -187.0, -68.0, 52.0, 156.0, 228.0, 282.0, 315.0, 346.0, 353.0, 365.0, 367.0, 368.0, 368.0, 368.0, 368.0, 368.0, 368.0, 368.0, 367.0, 365.0, 360.0, 356.0, 353.0, 350.0, 348.0, 347.0, 347.0, 347.0, 347.0, 347.0, 347.0, 347.0, 347.0, 347.0, 347.0, 347.0, 347.0, 347.0, 347.0, 347.0, 347.0, 347.0, 347.0, 347.0, 347.0, 347.0, 347.0, 347.0, 347.0, 347.0, 347.0, 347.0, 347.0, 347.0, 347.0, 347.0, 347.0, 347.0, 347.0, 347.0, 347.0, 347.0, 347.0, 347.0, 347.0, 347.0, 347.0]	[0, 0, 0, 0, 0, 0, 0, 0, 0, 0, 0, 0, 0, 0, 0, 0, 0, 0, 0, 0, 0, 0, 0, 0, 0, 0, 0, 0, 0, 0, 0, 0, 0, 0, 0, 0, 0, 0, 0, 0, 0, 0, 0, 0, 0, 0, 0, 0, 0, 0, 0, 0, 0, 0, 0, 0, 0, 0, 0, 0, 0, 0, 0, 0, 0, 0, 0, 0, 0]	[0, 0, 0, 0, 0, 0, 0, 0, 0, 0, 0, 0, 0, 0, 0, 0, 0, 0, 0, 0, 0, 0, 0, 0, 0, 0, 0, 0, 0, 0, 0, 0, 0, 0, 0, 0, 0, 0, 0, 0, 0, 0, 0, 0, 0, 0, 0, 0, 0, 0, 0, 0, 0, 0, 0, 0, 0, 0, 0, 0, 0, 0, 0, 0, 0, 0, 0, 0, 0]	[0, 0, 0, 0, 0, 0, 0, 0, 0, 0, 0, 0, 0, 0, 0, 0, 0, 0, 0, 0, 0, 0, 0, 0, 0, 0, 0, 0, 0, 0, 0, 0, 0, 0, 0, 0, 0, 0, 0, 0, 0, 0, 0, 0, 0, 0, 0, 0, 0, 0, 0, 0, 0, 0, 0, 0, 0, 0, 0, 0, 0, 0, 0, 0, 0, 0, 0, 0, 0]	[8.38999985717237e-05, 0.010718700010329485, 0.027344800007995218, 0.043773200013674796, 0.060567500011529773, 0.077268399996683, 0.09388999998918734, 0.11053939998964779, 0.1271726000122726, 0.14376619999529794, 0.16041989999939688, 0.17704770001000725, 0.19370800000615418, 0.21024559999932535, 0.22709349999786355, 0.2436640000087209, 0.26021169999148697, 0.27691350001259707, 0.2934817000059411, 0.31061300000874326, 0.32699800000409596, 0.34362609998788685, 0.3603747000161093, 0.37761689999024384, 0.3937058000010438, 0.4103774999966845, 0.42701760001364164, 0.4435784000088461, 0.4602935000148136, 0.47712210001191124, 0.4936362000007648, 0.510507900005905, 0.5268028000136837, 0.5436647000024095, 0.5601156000047922, 0.576929700007895, 0.5935230999893975, 0.6100200999935623, 0.6269162000098731, 0.6434148999978788, 0.6600300999998581, 0.6765851000091061, 0.6933716000057757, 0.7100817000027746, 0.726818800001638, 0.7432401000114623, 0.7599229000043124, 0.7768844999955036, 0.7932440000004135, 0.8098906000086572, 0.826783800002886, 0.8432398000149988, 0.8600151000136975, 0.8767460999952164, 0.8932844999944791, 0.9101787999970838, 0.9269396000017878, 0.9435013000038452, 0.9600949000159744, 0.9769052999909036, 0.9932218999892939, 1.009776699997019, 1.0265943999984302, 1.0433979000081308, 1.0600886000029277, 1.076467800012324, 1.0931200000050012, 1.1098970999883022, 1.126569100015331]	n/a	n/a	0.9	8a
162	5	go_nogo	0	60	3	go	click	[69.0, 69.0, 87.0, 115.0, 158.0, 183.0, 199.0, 210.0, 218.0, 222.0, 226.0, 230.0, 231.0, 232.0, 233.0, 233.0, 233.0, 231.0, 226.0, 221.0, 215.0, 210.0, 210.0, 210.0, 210.0]	[-197.0, -197.0, -151.0, -75.0, 24.0, 77.0, 116.0, 145.0, 168.0, 187.0, 203.0, 214.0, 222.0, 230.0, 233.0, 233.0, 235.0, 241.0, 251.0, 263.0, 273.0, 277.0, 278.0, 278.0, 278.0]	[0, 0, 0, 0, 0, 0, 0, 0, 0, 0, 0, 0, 0, 0, 0, 0, 0, 0, 0, 0, 0, 0, 0, 0, 1]	[0, 0, 0, 0, 0, 0, 0, 0, 0, 0, 0, 0, 0, 0, 0, 0, 0, 0, 0, 0, 0, 0, 0, 0, 0]	[0, 0, 0, 0, 0, 0, 0, 0, 0, 0, 0, 0, 0, 0, 0, 0, 0, 0, 0, 0, 0, 0, 0, 0, 0]	[0.00028929999098181725, 0.008786199992755428, 0.025614799989853054, 0.04252059999271296, 0.05913690000306815, 0.07608900000923313, 0.09244449998368509, 0.10918850000598468, 0.12571449999813922, 0.1423136999947019, 0.1590313999913633, 0.17568580000079237, 0.19239360000938177, 0.20901679998496547, 0.22538210000493564, 0.24241710000205785, 0.25908449999406, 0.2760283999959938, 0.29304899999988265, 0.30901180001092143, 0.3256517999980133, 0.3423478000040632, 0.3587593999982346, 0.37539649999234825, 0.39263519999803975]	210.0	278.0	0.6	8a
163	5	go_nogo	0	60	8	go	click	[33.0, 33.0, 40.0, 63.0, 89.0, 125.0, 135.0, 141.0, 144.0, 147.0, 150.0, 153.0, 154.0, 156.0, 158.0, 161.0, 163.0, 164.0, 165.0, 167.0, 170.0, 172.0, 172.0, 172.0, 172.0]	[-265.0, -265.0, -222.0, -125.0, -20.0, 99.0, 135.0, 160.0, 181.0, 203.0, 222.0, 235.0, 243.0, 249.0, 256.0, 264.0, 269.0, 272.0, 276.0, 279.0, 286.0, 289.0, 289.0, 289.0, 289.0]	[0, 0, 0, 0, 0, 0, 0, 0, 0, 0, 0, 0, 0, 0, 0, 0, 0, 0, 0, 0, 0, 0, 0, 0, 1]	[0, 0, 0, 0, 0, 0, 0, 0, 0, 0, 0, 0, 0, 0, 0, 0, 0, 0, 0, 0, 0, 0, 0, 0, 0]	[0, 0, 0, 0, 0, 0, 0, 0, 0, 0, 0, 0, 0, 0, 0, 0, 0, 0, 0, 0, 0, 0, 0, 0, 0]	[0.0002091999922413379, 0.011355900001944974, 0.027902300003916025, 0.0445012999989558, 0.06131469999672845, 0.07797399998526089, 0.09478799998760223, 0.11141610000049695, 0.12791979999747127, 0.14449969999259338, 0.1611710999859497, 0.17795569999725558, 0.19462019999627955, 0.21134559999336489, 0.22790999998687766, 0.24462409998523071, 0.2613233999873046, 0.2781433000054676, 0.29466029998729937, 0.311565599986352, 0.3282108999846969, 0.3445503999828361, 0.3613140999805182, 0.3778833999822382, 0.3952714999904856]	172.0	289.0	0.6	8a
164	5	go_nogo	0	60	6	go	click	[58.0, 65.0, 74.0, 96.0, 122.0, 148.0, 161.0, 171.0, 181.0, 186.0, 186.0, 188.0, 189.0, 191.0, 192.0, 194.0, 195.0, 195.0, 196.0, 196.0, 196.0, 196.0, 196.0, 196.0, 196.0]	[-281.0, -260.0, -228.0, -139.0, -34.0, 63.0, 130.0, 170.0, 199.0, 220.0, 223.0, 231.0, 240.0, 251.0, 264.0, 276.0, 287.0, 299.0, 306.0, 307.0, 307.0, 307.0, 307.0, 307.0, 307.0]	[0, 0, 0, 0, 0, 0, 0, 0, 0, 0, 0, 0, 0, 0, 0, 0, 0, 0, 0, 0, 0, 0, 0, 0, 1]	[0, 0, 0, 0, 0, 0, 0, 0, 0, 0, 0, 0, 0, 0, 0, 0, 0, 0, 0, 0, 0, 0, 0, 0, 0]	[0, 0, 0, 0, 0, 0, 0, 0, 0, 0, 0, 0, 0, 0, 0, 0, 0, 0, 0, 0, 0, 0, 0, 0, 0]	[9.700001101009548e-05, 0.010031000012531877, 0.026585200015688315, 0.04340930000762455, 0.059838499990291893, 0.07649520001723431, 0.09314529999392107, 0.11008079999010079, 0.12660600000526756, 0.1433664000069257, 0.1601051999896299, 0.17723180001485161, 0.19316840000101365, 0.20985680000740103, 0.2264883000170812, 0.24311280000256374, 0.2603493999922648, 0.27656739999656565, 0.2931201999890618, 0.30962559999898076, 0.32648640000843443, 0.34319360001245514, 0.359814199997345, 0.37753590001375414, 0.3933174000121653]	196.0	307.0	0.7	8a
165	5	go_nogo	0	60	6	go	click	[46.0, 60.0, 72.0, 109.0, 144.0, 176.0, 194.0, 200.0, 207.0, 209.0, 210.0, 212.0, 214.0, 215.0, 217.0, 218.0, 218.0, 218.0, 218.0, 218.0, 218.0, 218.0, 218.0, 218.0]	[-278.0, -240.0, -199.0, -96.0, 11.0, 95.0, 146.0, 172.0, 198.0, 207.0, 214.0, 222.0, 233.0, 249.0, 260.0, 267.0, 272.0, 278.0, 285.0, 285.0, 286.0, 286.0, 286.0, 286.0]	[0, 0, 0, 0, 0, 0, 0, 0, 0, 0, 0, 0, 0, 0, 0, 0, 0, 0, 0, 0, 0, 0, 0, 1]	[0, 0, 0, 0, 0, 0, 0, 0, 0, 0, 0, 0, 0, 0, 0, 0, 0, 0, 0, 0, 0, 0, 0, 0]	[0, 0, 0, 0, 0, 0, 0, 0, 0, 0, 0, 0, 0, 0, 0, 0, 0, 0, 0, 0, 0, 0, 0, 0]	[9.14999982342124e-05, 0.01182759998482652, 0.02839789999416098, 0.04549959997530095, 0.062081499985652044, 0.07861879997653887, 0.09528889998910017, 0.1119436000008136, 0.12870689999544993, 0.14552409999305382, 0.16209639998851344, 0.17867359999218024, 0.1951814999920316, 0.21224510000320151, 0.2286088999826461, 0.24530629999935627, 0.2619535999838263, 0.2785493999836035, 0.29499999998370185, 0.3123699999996461, 0.3283487999869976, 0.34491509999497794, 0.36171529997955076, 0.37873189998208545]	218.0	286.0	0.8	8a
166	5	go_nogo	0	60	4	go	click	[61.0, 61.0, 95.0, 126.0, 155.0, 174.0, 182.0, 187.0, 187.0, 189.0, 189.0, 189.0, 189.0, 189.0, 189.0, 189.0, 189.0, 189.0, 189.0, 189.0, 188.0, 188.0, 188.0, 188.0, 188.0, 188.0, 188.0, 190.0, 191.0, 191.0, 192.0, 192.0]	[-216.0, -216.0, -121.0, -40.0, 35.0, 97.0, 134.0, 151.0, 163.0, 178.0, 194.0, 205.0, 213.0, 215.0, 216.0, 217.0, 218.0, 220.0, 224.0, 231.0, 236.0, 236.0, 236.0, 236.0, 237.0, 237.0, 247.0, 274.0, 291.0, 298.0, 298.0, 298.0]	[0, 0, 0, 0, 0, 0, 0, 0, 0, 0, 0, 0, 0, 0, 0, 0, 0, 0, 0, 0, 0, 0, 0, 0, 0, 0, 0, 0, 0, 0, 0, 1]	[0, 0, 0, 0, 0, 0, 0, 0, 0, 0, 0, 0, 0, 0, 0, 0, 0, 0, 0, 0, 0, 0, 0, 0, 0, 0, 0, 0, 0, 0, 0, 0]	[0, 0, 0, 0, 0, 0, 0, 0, 0, 0, 0, 0, 0, 0, 0, 0, 0, 0, 0, 0, 0, 0, 0, 0, 0, 0, 0, 0, 0, 0, 0, 0]	[0.00019039999460801482, 0.01075940000009723, 0.02722449999419041, 0.04433509998489171, 0.06056459998944774, 0.07711839998955838, 0.09384409998892806, 0.11048269999446347, 0.1270842999801971, 0.14380910000181757, 0.1607058999943547, 0.17727259997627698, 0.19392859999788925, 0.21053749998100102, 0.22705149999819696, 0.24377209998783655, 0.26055389997782186, 0.27699859999120235, 0.29367159999674186, 0.3103246999962721, 0.32687959997565486, 0.34393059997819364, 0.3603727000008803, 0.3774441999848932, 0.3938956999918446, 0.4103981999796815, 0.42717959999572486, 0.44410490000154823, 0.4609002999786753, 0.47700699997949414, 0.49373049999121577, 0.5105443999927957]	192.0	298.0	0.8	8a
167	5	go_nogo	0	60	7	go	click	[40.0, 40.0, 50.0, 72.0, 98.0, 137.0, 155.0, 167.0, 177.0, 181.0, 183.0, 184.0, 185.0, 187.0, 189.0, 191.0, 191.0, 191.0, 191.0, 191.0, 191.0, 191.0, 191.0]	[-261.0, -261.0, -221.0, -128.0, -27.0, 96.0, 151.0, 190.0, 215.0, 233.0, 244.0, 247.0, 252.0, 260.0, 268.0, 275.0, 275.0, 275.0, 275.0, 275.0, 276.0, 276.0, 276.0]	[0, 0, 0, 0, 0, 0, 0, 0, 0, 0, 0, 0, 0, 0, 0, 0, 0, 0, 0, 0, 0, 0, 1]	[0, 0, 0, 0, 0, 0, 0, 0, 0, 0, 0, 0, 0, 0, 0, 0, 0, 0, 0, 0, 0, 0, 0]	[0, 0, 0, 0, 0, 0, 0, 0, 0, 0, 0, 0, 0, 0, 0, 0, 0, 0, 0, 0, 0, 0, 0]	[0.00017899999511428177, 0.012203299993416294, 0.028495199978351593, 0.045263899985002354, 0.06226839998271316, 0.07883039998705499, 0.09555279999040067, 0.11226689998875372, 0.12881649998598732, 0.1454109999758657, 0.16212110000196844, 0.17881499999202788, 0.19576139998389408, 0.21205979998921975, 0.2286751999927219, 0.24501279997639358, 0.261743299983209, 0.27842600000440143, 0.2950218999758363, 0.31217809999361634, 0.3284774999774527, 0.34510859998408705, 0.3621868999907747]	191.0	276.0	0.7	8a
168	5	go_nogo	0	60	7	go	click	[31.0, 31.0, 66.0, 100.0, 129.0, 156.0, 178.0, 196.0, 202.0, 207.0, 209.0, 210.0, 210.0, 210.0, 210.0, 210.0, 210.0, 210.0, 210.0, 212.0, 213.0, 215.0, 215.0, 215.0, 215.0, 215.0, 215.0, 215.0]	[-281.0, -281.0, -200.0, -116.0, -36.0, 32.0, 81.0, 131.0, 152.0, 169.0, 179.0, 187.0, 192.0, 193.0, 194.0, 194.0, 195.0, 199.0, 207.0, 237.0, 261.0, 277.0, 285.0, 289.0, 290.0, 290.0, 290.0, 290.0]	[0, 0, 0, 0, 0, 0, 0, 0, 0, 0, 0, 0, 0, 0, 0, 0, 0, 0, 0, 0, 0, 0, 0, 0, 0, 0, 0, 1]	[0, 0, 0, 0, 0, 0, 0, 0, 0, 0, 0, 0, 0, 0, 0, 0, 0, 0, 0, 0, 0, 0, 0, 0, 0, 0, 0, 0]	[0, 0, 0, 0, 0, 0, 0, 0, 0, 0, 0, 0, 0, 0, 0, 0, 0, 0, 0, 0, 0, 0, 0, 0, 0, 0, 0, 0]	[0.00010289999772794545, 0.013914900016970932, 0.03043380001327023, 0.04718960000900552, 0.06360709998989478, 0.08021410001674667, 0.09729020000668243, 0.11375270001008175, 0.13027880000299774, 0.14707679999992251, 0.16394820000277832, 0.18037570000160486, 0.19701329999952577, 0.21366539999144152, 0.22999940000590868, 0.24678720001247711, 0.2636668999912217, 0.28012770001078025, 0.2971959999995306, 0.3139179999998305, 0.3300603000097908, 0.3468725999991875, 0.3634186999988742, 0.380405800009612, 0.3965485999942757, 0.4133502999902703, 0.4301856000092812, 0.44685919999028556]	215.0	290.0	1.0	8a
169	5	go_nogo	0	60	9	nogo	none	[79.0, 79.0, 92.0, 138.0, 168.0, 201.0, 239.0, 268.0, 285.0, 293.0, 296.0, 297.0, 297.0, 297.0, 297.0, 297.0, 296.0, 294.0, 289.0, 282.0, 274.0, 267.0, 264.0, 262.0, 262.0, 262.0, 262.0, 262.0, 262.0, 262.0, 262.0, 262.0, 262.0, 262.0, 262.0, 262.0, 262.0, 262.0, 262.0, 262.0, 262.0, 262.0, 262.0, 262.0, 262.0, 262.0, 262.0, 262.0, 262.0, 262.0, 262.0, 262.0, 262.0, 262.0, 262.0, 262.0, 262.0, 262.0, 262.0, 262.0, 262.0, 262.0, 262.0, 262.0, 262.0, 262.0]	[-236.0, -236.0, -205.0, -102.0, -33.0, 40.0, 125.0, 205.0, 256.0, 281.0, 294.0, 300.0, 304.0, 308.0, 314.0, 317.0, 318.0, 320.0, 320.0, 319.0, 315.0, 312.0, 309.0, 309.0, 309.0, 309.0, 309.0, 308.0, 308.0, 307.0, 307.0, 307.0, 307.0, 307.0, 307.0, 307.0, 307.0, 307.0, 307.0, 307.0, 307.0, 307.0, 307.0, 307.0, 307.0, 307.0, 307.0, 307.0, 307.0, 307.0, 307.0, 307.0, 307.0, 307.0, 307.0, 307.0, 307.0, 307.0, 307.0, 307.0, 307.0, 307.0, 307.0, 307.0, 307.0, 307.0]	[0, 0, 0, 0, 0, 0, 0, 0, 0, 0, 0, 0, 0, 0, 0, 0, 0, 0, 0, 0, 0, 0, 0, 0, 0, 0, 0, 0, 0, 0, 0, 0, 0, 0, 0, 0, 0, 0, 0, 0, 0, 0, 0, 0, 0, 0, 0, 0, 0, 0, 0, 0, 0, 0, 0, 0, 0, 0, 0, 0, 0, 0, 0, 0, 0, 0]	[0, 0, 0, 0, 0, 0, 0, 0, 0, 0, 0, 0, 0, 0, 0, 0, 0, 0, 0, 0, 0, 0, 0, 0, 0, 0, 0, 0, 0, 0, 0, 0, 0, 0, 0, 0, 0, 0, 0, 0, 0, 0, 0, 0, 0, 0, 0, 0, 0, 0, 0, 0, 0, 0, 0, 0, 0, 0, 0, 0, 0, 0, 0, 0, 0, 0]	[0, 0, 0, 0, 0, 0, 0, 0, 0, 0, 0, 0, 0, 0, 0, 0, 0, 0, 0, 0, 0, 0, 0, 0, 0, 0, 0, 0, 0, 0, 0, 0, 0, 0, 0, 0, 0, 0, 0, 0, 0, 0, 0, 0, 0, 0, 0, 0, 0, 0, 0, 0, 0, 0, 0, 0, 0, 0, 0, 0, 0, 0, 0, 0, 0, 0]	[0.00018909998470917344, 0.011700700008077547, 0.028216800012160093, 0.04474549999576993, 0.06153669999912381, 0.0781210999994073, 0.09489879998727702, 0.11248969999724068, 0.1280548000067938, 0.14457919998676516, 0.16138629999477416, 0.17805180000141263, 0.19448609999381006, 0.2118004999938421, 0.22859640000388026, 0.24503799999365583, 0.2612105000007432, 0.27796209999360144, 0.29468640001141466, 0.31138619998819195, 0.32809520000591874, 0.3446708999981638, 0.36149069998646155, 0.37789070000872016, 0.39451589999953285, 0.41152570000849664, 0.4280006999906618, 0.4444075000064913, 0.46114729999681003, 0.4779576000000816, 0.4943994999921415, 0.5112499000097159, 0.5279638000065461, 0.5444518000003882, 0.5611610999912955, 0.5776803999906406, 0.5945296999998391, 0.6113443000067491, 0.6279340999899432, 0.6445420999953058, 0.6612672999908682, 0.6778143999981694, 0.6946768999914639, 0.7112095000047702, 0.7276620999909937, 0.7443499999935739, 0.7610516999848187, 0.7778833000047598, 0.7945756000117399, 0.8111792000127025, 0.8279068999981973, 0.8445916000055149, 0.8611721000052057, 0.8776974999927916, 0.8943190999852959, 0.9111163000052329, 0.9279852999898139, 0.9445271999866236, 0.9611824000021443, 0.9778617999982089, 0.9944658000022173, 1.0111237000091933, 1.0276397000125144, 1.0443424000113737, 1.0611170000047423, 1.077565699990373]	n/a	n/a	0.9	8a
170	5	go_nogo	0	60	3	go	click	[50.0, 50.0, 68.0, 117.0, 144.0, 166.0, 181.0, 188.0, 192.0, 197.0, 200.0, 205.0, 208.0, 212.0, 214.0, 216.0, 216.0, 216.0, 216.0, 216.0, 216.0, 216.0, 216.0, 216.0, 216.0, 216.0, 216.0, 216.0, 216.0, 216.0, 216.0, 216.0, 216.0, 216.0, 216.0, 216.0, 216.0, 216.0, 216.0, 216.0, 216.0, 216.0, 216.0, 216.0, 216.0, 216.0, 216.0, 216.0, 216.0, 216.0, 216.0, 217.0, 217.0, 217.0, 218.0, 218.0]	[-253.0, -253.0, -207.0, -58.0, 20.0, 87.0, 134.0, 163.0, 189.0, 214.0, 240.0, 267.0, 290.0, 312.0, 335.0, 351.0, 353.0, 354.0, 354.0, 355.0, 355.0, 355.0, 355.0, 355.0, 355.0, 355.0, 355.0, 355.0, 355.0, 355.0, 355.0, 355.0, 355.0, 355.0, 355.0, 355.0, 355.0, 355.0, 355.0, 355.0, 355.0, 355.0, 355.0, 355.0, 355.0, 355.0, 355.0, 355.0, 355.0, 355.0, 355.0, 349.0, 344.0, 339.0, 336.0, 336.0]	[0, 0, 0, 0, 0, 0, 0, 0, 0, 0, 0, 0, 0, 0, 0, 0, 0, 0, 0, 0, 0, 0, 0, 0, 0, 1, 1, 1, 1, 1, 1, 1, 1, 1, 0, 0, 0, 0, 0, 0, 0, 0, 0, 0, 0, 0, 0, 0, 0, 0, 0, 0, 0, 0, 0, 1]	[0, 0, 0, 0, 0, 0, 0, 0, 0, 0, 0, 0, 0, 0, 0, 0, 0, 0, 0, 0, 0, 0, 0, 0, 0, 0, 0, 0, 0, 0, 0, 0, 0, 0, 0, 0, 0, 0, 0, 0, 0, 0, 0, 0, 0, 0, 0, 0, 0, 0, 0, 0, 0, 0, 0, 0]	[0, 0, 0, 0, 0, 0, 0, 0, 0, 0, 0, 0, 0, 0, 0, 0, 0, 0, 0, 0, 0, 0, 0, 0, 0, 0, 0, 0, 0, 0, 0, 0, 0, 0, 0, 0, 0, 0, 0, 0, 0, 0, 0, 0, 0, 0, 0, 0, 0, 0, 0, 0, 0, 0, 0, 0]	[0.00023139998666010797, 0.009580999991158023, 0.026265199994668365, 0.04307009998592548, 0.060327199986204505, 0.07624980001128279, 0.09322989999782294, 0.10970020000240766, 0.12629600000218488, 0.14300949999596924, 0.15959580001072027, 0.1762017000000924, 0.19287830000394024, 0.20967079998808913, 0.22675669999443926, 0.24303819998749532, 0.2597341999935452, 0.27624929999001324, 0.2929063999908976, 0.3094435000093654, 0.3261717999994289, 0.3427341000060551, 0.3594634000037331, 0.3761706000077538, 0.3929841000062879, 0.4098236999998335, 0.4260800000047311, 0.4427576999878511, 0.4594681999878958, 0.476575300010154, 0.49276649998500943, 0.5094966999895405, 0.5262958999956027, 0.5430722000019159, 0.5597225000092294, 0.576298100000713, 0.5926332999952137, 0.6095302999892738, 0.6260920999920927, 0.6427330999867991, 0.6596076999849174, 0.6761227000097279, 0.6929808999993838, 0.7093931999988854, 0.7265372000110801, 0.7426813000056427, 0.7594909000035841, 0.7759864999970887, 0.7928206000069622, 0.8095076000026893, 0.8263208999997005, 0.8435253000061493, 0.8603606999968179, 0.8763382000033744, 0.8926406000100542, 0.9096283999970183]	218.0	336.0	1.0	8a
171	5	go_nogo	0	60	9	nogo	none	[17.0, 17.0, 29.0, 57.0, 92.0, 122.0, 153.0, 163.0, 173.0, 179.0, 185.0, 189.0, 196.0, 200.0, 202.0, 202.0, 202.0, 202.0, 202.0, 202.0, 202.0, 202.0, 202.0, 202.0, 202.0, 202.0, 202.0, 202.0, 202.0, 202.0, 202.0, 202.0, 202.0, 202.0, 202.0, 202.0, 202.0, 202.0, 202.0, 202.0, 202.0, 202.0, 202.0, 202.0, 202.0, 202.0, 202.0, 202.0, 202.0, 202.0, 202.0, 202.0, 202.0, 202.0, 202.0, 202.0, 202.0, 202.0]	[-268.0, -268.0, -227.0, -130.0, -23.0, 72.0, 157.0, 189.0, 218.0, 241.0, 262.0, 285.0, 310.0, 333.0, 340.0, 340.0, 340.0, 340.0, 340.0, 340.0, 340.0, 340.0, 340.0, 340.0, 340.0, 340.0, 340.0, 340.0, 340.0, 340.0, 340.0, 340.0, 340.0, 340.0, 340.0, 340.0, 340.0, 340.0, 340.0, 340.0, 340.0, 340.0, 340.0, 340.0, 340.0, 340.0, 340.0, 340.0, 340.0, 340.0, 340.0, 340.0, 340.0, 340.0, 340.0, 340.0, 340.0, 340.0]	[0, 0, 0, 0, 0, 0, 0, 0, 0, 0, 0, 0, 0, 0, 0, 0, 0, 0, 0, 0, 0, 0, 0, 0, 0, 0, 0, 0, 0, 0, 0, 0, 0, 0, 0, 0, 0, 0, 0, 0, 0, 0, 0, 0, 0, 0, 0, 0, 0, 0, 0, 0, 0, 0, 0, 0, 0, 0]	[0, 0, 0, 0, 0, 0, 0, 0, 0, 0, 0, 0, 0, 0, 0, 0, 0, 0, 0, 0, 0, 0, 0, 0, 0, 0, 0, 0, 0, 0, 0, 0, 0, 0, 0, 0, 0, 0, 0, 0, 0, 0, 0, 0, 0, 0, 0, 0, 0, 0, 0, 0, 0, 0, 0, 0, 0, 0]	[0, 0, 0, 0, 0, 0, 0, 0, 0, 0, 0, 0, 0, 0, 0, 0, 0, 0, 0, 0, 0, 0, 0, 0, 0, 0, 0, 0, 0, 0, 0, 0, 0, 0, 0, 0, 0, 0, 0, 0, 0, 0, 0, 0, 0, 0, 0, 0, 0, 0, 0, 0, 0, 0, 0, 0, 0, 0]	[0.00018430000636726618, 0.012133799988077953, 0.02861430001212284, 0.045373300003120676, 0.06217859999742359, 0.0790516999841202, 0.09564320000936277, 0.11221399999340065, 0.1285245000035502, 0.14535899998736568, 0.1619465000112541, 0.17900589999044314, 0.19532959998468868, 0.2119539999985136, 0.22843859999557026, 0.24530730000697076, 0.2619826000009198, 0.27864030000637285, 0.2953354000055697, 0.3118821000098251, 0.32861910000792705, 0.34524269998655654, 0.3623086999868974, 0.3786452999920584, 0.39493869998841546, 0.41182030001073144, 0.42859820000012405, 0.44504029999370687, 0.46174060000339523, 0.4782998999871779, 0.4951811000064481, 0.511722600000212, 0.5284754000022076, 0.5451407000073232, 0.561833799991291, 0.5784367999876849, 0.595056599995587, 0.6117343000078108, 0.6287449999945238, 0.6452754999918398, 0.6619265000044834, 0.6785743999935221, 0.6950379000045359, 0.7117182000074536, 0.7282547999930102, 0.7450146999908611, 0.7620739999983925, 0.7785680000088178, 0.7952116999949794, 0.811764599988237, 0.8285863999917638, 0.8450811000075191, 0.8616425000072923, 0.8783560000010766, 0.8950886999955401, 0.9119754999992438, 0.928595100005623, 0.945001099986257]	n/a	n/a	0.8	8a
172	5	go_nogo	0	60	3	go	click	[68.0, 68.0, 83.0, 132.0, 158.0, 177.0, 189.0, 197.0, 203.0, 207.0, 210.0, 212.0, 213.0, 214.0, 214.0, 214.0, 214.0, 214.0, 214.0, 214.0, 214.0, 214.0, 214.0, 213.0, 213.0, 213.0, 213.0]	[-234.0, -234.0, -185.0, -44.0, 34.0, 93.0, 130.0, 160.0, 185.0, 202.0, 212.0, 218.0, 226.0, 235.0, 244.0, 245.0, 245.0, 245.0, 245.0, 245.0, 247.0, 254.0, 260.0, 267.0, 267.0, 267.0, 267.0]	[0, 0, 0, 0, 0, 0, 0, 0, 0, 0, 0, 0, 0, 0, 0, 0, 0, 0, 0, 0, 0, 0, 0, 0, 0, 0, 1]	[0, 0, 0, 0, 0, 0, 0, 0, 0, 0, 0, 0, 0, 0, 0, 0, 0, 0, 0, 0, 0, 0, 0, 0, 0, 0, 0]	[0, 0, 0, 0, 0, 0, 0, 0, 0, 0, 0, 0, 0, 0, 0, 0, 0, 0, 0, 0, 0, 0, 0, 0, 0, 0, 0]	[0.00018289999570697546, 0.010446600004797801, 0.026987699995515868, 0.04370479998760857, 0.06055960000958294, 0.07735060001141392, 0.09472910000476986, 0.11042290000477806, 0.12680379999801517, 0.143432999990182, 0.1604728999955114, 0.1768160999927204, 0.19365370000014082, 0.21005260001402348, 0.22697680001147091, 0.2435434999933932, 0.2600924000144005, 0.2766896999964956, 0.2933690999925602, 0.31019029999151826, 0.32671329998993315, 0.3435697999957483, 0.3602530999924056, 0.3767853000026662, 0.3932474000030197, 0.4102093999972567, 0.42669170000590384]	213.0	267.0	0.7	8a
173	5	go_nogo	0	60	9	nogo	none	[49.0, 49.0, 79.0, 111.0, 140.0, 164.0, 181.0, 191.0, 199.0, 205.0, 210.0, 214.0, 217.0, 218.0, 218.0, 218.0, 218.0, 214.0, 212.0, 210.0, 208.0, 206.0, 205.0, 205.0, 205.0, 205.0, 205.0, 205.0, 205.0, 205.0, 205.0, 205.0, 205.0, 205.0, 205.0, 205.0, 205.0, 205.0, 205.0, 205.0, 205.0, 205.0, 205.0, 205.0, 205.0, 205.0, 205.0, 205.0, 205.0, 205.0, 205.0, 205.0, 205.0, 205.0, 205.0, 205.0, 205.0, 205.0, 205.0, 205.0, 205.0, 205.0, 205.0, 205.0, 205.0, 205.0]	[-291.0, -291.0, -222.0, -138.0, -59.0, 5.0, 52.0, 83.0, 111.0, 136.0, 159.0, 182.0, 207.0, 218.0, 228.0, 239.0, 250.0, 261.0, 268.0, 272.0, 277.0, 280.0, 283.0, 285.0, 286.0, 287.0, 287.0, 287.0, 287.0, 287.0, 287.0, 287.0, 287.0, 287.0, 287.0, 287.0, 287.0, 287.0, 287.0, 287.0, 287.0, 287.0, 287.0, 287.0, 287.0, 287.0, 287.0, 287.0, 287.0, 287.0, 287.0, 287.0, 287.0, 287.0, 287.0, 287.0, 287.0, 287.0, 287.0, 287.0, 287.0, 287.0, 287.0, 287.0, 287.0, 287.0]	[0, 0, 0, 0, 0, 0, 0, 0, 0, 0, 0, 0, 0, 0, 0, 0, 0, 0, 0, 0, 0, 0, 0, 0, 0, 0, 0, 0, 0, 0, 0, 0, 0, 0, 0, 0, 0, 0, 0, 0, 0, 0, 0, 0, 0, 0, 0, 0, 0, 0, 0, 0, 0, 0, 0, 0, 0, 0, 0, 0, 0, 0, 0, 0, 0, 0]	[0, 0, 0, 0, 0, 0, 0, 0, 0, 0, 0, 0, 0, 0, 0, 0, 0, 0, 0, 0, 0, 0, 0, 0, 0, 0, 0, 0, 0, 0, 0, 0, 0, 0, 0, 0, 0, 0, 0, 0, 0, 0, 0, 0, 0, 0, 0, 0, 0, 0, 0, 0, 0, 0, 0, 0, 0, 0, 0, 0, 0, 0, 0, 0, 0, 0]	[0, 0, 0, 0, 0, 0, 0, 0, 0, 0, 0, 0, 0, 0, 0, 0, 0, 0, 0, 0, 0, 0, 0, 0, 0, 0, 0, 0, 0, 0, 0, 0, 0, 0, 0, 0, 0, 0, 0, 0, 0, 0, 0, 0, 0, 0, 0, 0, 0, 0, 0, 0, 0, 0, 0, 0, 0, 0, 0, 0, 0, 0, 0, 0, 0, 0]	[0.00013000000035390258, 0.010035199986305088, 0.02678009998635389, 0.043552499992074445, 0.06008379999548197, 0.07664989997283556, 0.09349999998812564, 0.10992059999261983, 0.12667949998285621, 0.14323139999760315, 0.15988319998723455, 0.1766300999734085, 0.19338309997692704, 0.21003119999659248, 0.22678249998716637, 0.24328879997483455, 0.2598899999866262, 0.27654289998463355, 0.2936745999904815, 0.3101833999971859, 0.326586099981796, 0.3431630999839399, 0.359834899980342, 0.3764958999818191, 0.3931507999950554, 0.40973219997249544, 0.4268490999820642, 0.44291359998169355, 0.4597607999749016, 0.47651319997385144, 0.49302899997564964, 0.5097880999965128, 0.5264134999888483, 0.5431029999745078, 0.5596244999906048, 0.5762326999974903, 0.5929771999944933, 0.6095817999739666, 0.6262974999845028, 0.6428954000002705, 0.6596298999793362, 0.6765621999802534, 0.6930313999764621, 0.7097300999739673, 0.7262965999834705, 0.7428998999821488, 0.7597176999843214, 0.776284299994586, 0.7929680999950506, 0.8096382999792695, 0.826218499976676, 0.8431173999852035, 0.8593993999820668, 0.8763102999946568, 0.8930303999804892, 0.9095456999784801, 0.9261349999869708, 0.9429673999838997, 0.9594061999814585, 0.9761695999768563, 0.9929178999736905, 1.009652599983383, 1.0264031999977306, 1.0429441999876872, 1.0594768999726512, 1.076170699991053]	n/a	n/a	0.5	8a
174	5	go_nogo	0	60	3	go	click	[44.0, 44.0, 46.0, 48.0, 52.0, 56.0, 62.0, 68.0, 81.0, 92.0, 105.0, 124.0, 151.0, 168.0, 176.0, 181.0, 184.0, 188.0, 191.0, 194.0, 195.0, 196.0, 198.0, 198.0, 198.0, 198.0, 198.0, 198.0, 198.0, 198.0, 198.0, 198.0, 198.0, 198.0, 198.0, 198.0, 198.0, 198.0, 198.0, 198.0, 198.0, 198.0, 198.0, 198.0, 198.0, 199.0, 202.0, 205.0, 206.0, 206.0, 206.0, 206.0, 206.0]	[-282.0, -282.0, -277.0, -266.0, -254.0, -239.0, -220.0, -197.0, -144.0, -97.0, -38.0, 43.0, 133.0, 194.0, 228.0, 251.0, 266.0, 285.0, 306.0, 329.0, 340.0, 348.0, 354.0, 355.0, 355.0, 355.0, 355.0, 355.0, 355.0, 355.0, 355.0, 355.0, 355.0, 355.0, 355.0, 355.0, 355.0, 355.0, 355.0, 355.0, 355.0, 355.0, 355.0, 355.0, 355.0, 351.0, 338.0, 323.0, 313.0, 313.0, 313.0, 313.0, 313.0]	[0, 0, 0, 0, 0, 0, 0, 0, 0, 0, 0, 0, 0, 0, 0, 0, 0, 0, 0, 0, 0, 0, 0, 0, 0, 1, 1, 1, 1, 1, 1, 1, 1, 0, 0, 0, 0, 0, 0, 0, 0, 0, 0, 0, 0, 0, 0, 0, 0, 0, 0, 0, 1]	[0, 0, 0, 0, 0, 0, 0, 0, 0, 0, 0, 0, 0, 0, 0, 0, 0, 0, 0, 0, 0, 0, 0, 0, 0, 0, 0, 0, 0, 0, 0, 0, 0, 0, 0, 0, 0, 0, 0, 0, 0, 0, 0, 0, 0, 0, 0, 0, 0, 0, 0, 0, 0]	[0, 0, 0, 0, 0, 0, 0, 0, 0, 0, 0, 0, 0, 0, 0, 0, 0, 0, 0, 0, 0, 0, 0, 0, 0, 0, 0, 0, 0, 0, 0, 0, 0, 0, 0, 0, 0, 0, 0, 0, 0, 0, 0, 0, 0, 0, 0, 0, 0, 0, 0, 0, 0]	[0.00034600001526996493, 0.010128599999006838, 0.029158299992559478, 0.045233999990159646, 0.06024550000438467, 0.076632200012682, 0.0935577999916859, 0.11093779999646358, 0.1267801999929361, 0.14350890001514927, 0.1604710000101477, 0.177142400003504, 0.19354110001586378, 0.21025500001269393, 0.22661260000313632, 0.24321970000164583, 0.2600885000138078, 0.2767456000146922, 0.2939554000040516, 0.31018470000708476, 0.32679009999264963, 0.34352490000310354, 0.36027579999063164, 0.376508899993496, 0.39341910000075586, 0.41033000001334585, 0.42676940001547337, 0.4432939999969676, 0.4598773999896366, 0.4765262000146322, 0.4932912999938708, 0.5100413000036497, 0.5266117000137456, 0.5434438000083901, 0.5600523000175599, 0.5765863000124227, 0.5932070999988355, 0.6099985000037123, 0.6265301000094041, 0.6433630000101402, 0.659955400013132, 0.6765473000123166, 0.6932612000091467, 0.7098808000155259, 0.7265289000060875, 0.743287599994801, 0.7598913999972865, 0.7766095999977551, 0.7929380999994464, 0.809800000017276, 0.826448400010122, 0.8431626000092365, 0.8600855999975465]	206.0	313.0	0.8	8a
175	6	go_only	0	18	3	go	click	[18.0, 18.0, 26.0, 37.0, 49.0, 53.0, 58.0, 63.0, 66.0, 67.0, 68.0, 68.0, 70.0, 77.0, 81.0, 83.0, 83.0, 83.0, 85.0, 99.0, 145.0, 166.0, 222.0, 248.0, 262.0, 266.0, 267.0, 267.0, 267.0, 267.0, 267.0, 266.0, 266.0, 263.0, 261.0, 253.0, 245.0, 235.0, 231.0, 230.0, 230.0, 230.0, 230.0, 230.0, 230.0, 230.0]	[-272.0, -272.0, -215.0, -149.0, -51.0, -1.0, 31.0, 62.0, 82.0, 95.0, 96.0, 96.0, 99.0, 106.0, 111.0, 113.0, 113.0, 113.0, 115.0, 122.0, 149.0, 162.0, 195.0, 216.0, 231.0, 242.0, 247.0, 247.0, 248.0, 251.0, 253.0, 255.0, 256.0, 258.0, 260.0, 264.0, 268.0, 271.0, 273.0, 273.0, 273.0, 273.0, 273.0, 273.0, 273.0, 273.0]	[0, 0, 0, 0, 0, 0, 0, 0, 0, 0, 0, 0, 0, 0, 0, 0, 0, 0, 0, 0, 0, 0, 0, 0, 0, 0, 0, 0, 0, 0, 0, 0, 0, 0, 0, 0, 0, 0, 0, 0, 0, 0, 0, 0, 0, 1]	[0, 0, 0, 0, 0, 0, 0, 0, 0, 0, 0, 0, 0, 0, 0, 0, 0, 0, 0, 0, 0, 0, 0, 0, 0, 0, 0, 0, 0, 0, 0, 0, 0, 0, 0, 0, 0, 0, 0, 0, 0, 0, 0, 0, 0, 0]	[0, 0, 0, 0, 0, 0, 0, 0, 0, 0, 0, 0, 0, 0, 0, 0, 0, 0, 0, 0, 0, 0, 0, 0, 0, 0, 0, 0, 0, 0, 0, 0, 0, 0, 0, 0, 0, 0, 0, 0, 0, 0, 0, 0, 0, 0]	[0.00015279999934136868, 0.011526499991305172, 0.028120000002672896, 0.045037300005787984, 0.0615412000042852, 0.07826229999773204, 0.09475329998531379, 0.11144659999990836, 0.12825020001037046, 0.14540469998610206, 0.16145859999232925, 0.1786302000109572, 0.19506050000200048, 0.21165189999737777, 0.22799889999441803, 0.24460820000967942, 0.2612795000022743, 0.2781535999965854, 0.2950428999902215, 0.31154500000411645, 0.3282368000072893, 0.34486549999564886, 0.3621440999850165, 0.3783510999928694, 0.39509030000772327, 0.41156159999081865, 0.4278516999911517, 0.4448970000084955, 0.46123079999233596, 0.47816460000467487, 0.4946889000129886, 0.5115786000096705, 0.5280673000088427, 0.544585299998289, 0.5614190000051167, 0.5784947999927681, 0.5948282000026666, 0.6114728999964427, 0.628414500009967, 0.6444449000118766, 0.6612720999983139, 0.6780278999940492, 0.6946004999917932, 0.7114434000104666, 0.7279364000132773, 0.7449949999863748]	230.0	273.0	0.7	8a
176	6	go_only	0	18	6	go	click	[16.0, 16.0, 29.0, 51.0, 60.0, 64.0, 64.0, 63.0, 63.0, 67.0, 73.0, 81.0, 88.0, 96.0, 111.0, 126.0, 144.0, 157.0, 168.0, 172.0, 174.0, 177.0, 181.0, 185.0, 186.0, 187.0, 187.0, 187.0]	[-260.0, -260.0, -212.0, -127.0, -21.0, 39.0, 79.0, 109.0, 135.0, 156.0, 177.0, 194.0, 206.0, 217.0, 231.0, 254.0, 276.0, 290.0, 299.0, 301.0, 303.0, 303.0, 307.0, 310.0, 310.0, 311.0, 311.0, 311.0]	[0, 0, 0, 0, 0, 0, 0, 0, 0, 0, 0, 0, 0, 0, 0, 0, 0, 0, 0, 0, 0, 0, 0, 0, 0, 0, 0, 1]	[0, 0, 0, 0, 0, 0, 0, 0, 0, 0, 0, 0, 0, 0, 0, 0, 0, 0, 0, 0, 0, 0, 0, 0, 0, 0, 0, 0]	[0, 0, 0, 0, 0, 0, 0, 0, 0, 0, 0, 0, 0, 0, 0, 0, 0, 0, 0, 0, 0, 0, 0, 0, 0, 0, 0, 0]	[0.00019340001745149493, 0.009713100007502362, 0.026312600006349385, 0.04327329999068752, 0.05992800000240095, 0.07640210000681691, 0.09315239998977631, 0.10948750001261942, 0.12603670000680722, 0.14319309999700636, 0.15943820000393316, 0.17606230001547374, 0.19271490001119673, 0.20952659999602474, 0.2261284000123851, 0.2426569999952335, 0.259601500001736, 0.27625860000262037, 0.2934833999897819, 0.3100284000101965, 0.32667840001522563, 0.3431423000001814, 0.3595237999979872, 0.37613630000851117, 0.39262860000599176, 0.40955040001426823, 0.4260055999911856, 0.44289030000800267]	187.0	311.0	0.8	8a
177	6	go_only	0	18	2	go	click	[22.0, 22.0, 27.0, 32.0, 36.0, 45.0, 46.0, 50.0, 50.0, 51.0, 54.0, 57.0, 60.0, 62.0, 63.0, 66.0, 71.0, 82.0, 99.0, 120.0, 140.0, 159.0, 178.0, 192.0, 199.0, 200.0, 200.0, 201.0, 202.0, 202.0, 202.0]	[-253.0, -253.0, -206.0, -111.0, -31.0, 71.0, 116.0, 152.0, 178.0, 198.0, 221.0, 243.0, 256.0, 266.0, 267.0, 270.0, 274.0, 282.0, 289.0, 294.0, 295.0, 298.0, 302.0, 308.0, 311.0, 313.0, 313.0, 313.0, 313.0, 314.0, 314.0]	[0, 0, 0, 0, 0, 0, 0, 0, 0, 0, 0, 0, 0, 0, 0, 0, 0, 0, 0, 0, 0, 0, 0, 0, 0, 0, 0, 0, 0, 0, 1]	[0, 0, 0, 0, 0, 0, 0, 0, 0, 0, 0, 0, 0, 0, 0, 0, 0, 0, 0, 0, 0, 0, 0, 0, 0, 0, 0, 0, 0, 0, 0]	[0, 0, 0, 0, 0, 0, 0, 0, 0, 0, 0, 0, 0, 0, 0, 0, 0, 0, 0, 0, 0, 0, 0, 0, 0, 0, 0, 0, 0, 0, 0]	[0.0001880000054370612, 0.01047929999185726, 0.026960299990605563, 0.04374739999184385, 0.060858999990159646, 0.07727750000776723, 0.093721999990521, 0.11043359999894165, 0.1270850999862887, 0.1438198999967426, 0.1605336999928113, 0.17717099998844787, 0.19414579999283887, 0.21037319998140447, 0.22705339998356067, 0.24391469999682158, 0.2607758000085596, 0.27695900000981055, 0.2935299999953713, 0.3102739999885671, 0.3270556000061333, 0.34369859998696484, 0.36029169999528676, 0.3769717999966815, 0.39355919999070466, 0.41026000000420026, 0.42715629999293014, 0.44348339998396114, 0.46035020000999793, 0.4769418000068981, 0.4939658000075724]	202.0	314.0	0.7	8a
178	6	go_only	0	18	4	go	click	[29.0, 29.0, 36.0, 66.0, 91.0, 116.0, 139.0, 154.0, 163.0, 171.0, 177.0, 185.0, 193.0, 197.0, 200.0, 202.0, 202.0, 206.0, 208.0, 209.0, 210.0, 211.0, 211.0, 215.0, 217.0, 220.0, 223.0, 224.0, 224.0, 224.0]	[-282.0, -282.0, -265.0, -197.0, -111.0, -40.0, 20.0, 60.0, 89.0, 114.0, 135.0, 162.0, 185.0, 198.0, 207.0, 211.0, 213.0, 223.0, 234.0, 242.0, 247.0, 249.0, 252.0, 258.0, 268.0, 276.0, 281.0, 285.0, 285.0, 285.0]	[0, 0, 0, 0, 0, 0, 0, 0, 0, 0, 0, 0, 0, 0, 0, 0, 0, 0, 0, 0, 0, 0, 0, 0, 0, 0, 0, 0, 0, 1]	[0, 0, 0, 0, 0, 0, 0, 0, 0, 0, 0, 0, 0, 0, 0, 0, 0, 0, 0, 0, 0, 0, 0, 0, 0, 0, 0, 0, 0, 0]	[0, 0, 0, 0, 0, 0, 0, 0, 0, 0, 0, 0, 0, 0, 0, 0, 0, 0, 0, 0, 0, 0, 0, 0, 0, 0, 0, 0, 0, 0]	[0.00018689999706111848, 0.010318199987523258, 0.02682279999135062, 0.04351059999316931, 0.06017819998669438, 0.07670559998950921, 0.09341100000892766, 0.11050270000123419, 0.12653239999781363, 0.14371169998776168, 0.1602501999877859, 0.17705229998682626, 0.19357099998160265, 0.21001379998051561, 0.22687670000595972, 0.2435754000034649, 0.26017399999545887, 0.2766269999847282, 0.2936337999999523, 0.31028239999432117, 0.3266965000075288, 0.34335479998844676, 0.36003949999576434, 0.37680339999496937, 0.3933029999898281, 0.4099358999810647, 0.42666989998542704, 0.4430897999845911, 0.4596402999886777, 0.4763436999928672]	224.0	285.0	0.8	8a
179	6	go_only	0	18	3	go	click	[24.0, 24.0, 42.0, 78.0, 91.0, 101.0, 108.0, 116.0, 126.0, 136.0, 144.0, 152.0, 159.0, 165.0, 169.0, 170.0, 170.0, 170.0, 170.0, 171.0, 171.0, 171.0, 171.0]	[-248.0, -248.0, -202.0, -87.0, -19.0, 43.0, 89.0, 127.0, 166.0, 199.0, 224.0, 245.0, 263.0, 278.0, 289.0, 293.0, 294.0, 294.0, 295.0, 297.0, 297.0, 297.0, 297.0]	[0, 0, 0, 0, 0, 0, 0, 0, 0, 0, 0, 0, 0, 0, 0, 0, 0, 0, 0, 0, 0, 0, 1]	[0, 0, 0, 0, 0, 0, 0, 0, 0, 0, 0, 0, 0, 0, 0, 0, 0, 0, 0, 0, 0, 0, 0]	[0, 0, 0, 0, 0, 0, 0, 0, 0, 0, 0, 0, 0, 0, 0, 0, 0, 0, 0, 0, 0, 0, 0]	[0.00024920000578276813, 0.011724399984814227, 0.028081900003599003, 0.04500539999571629, 0.06165600000531413, 0.07838029999402352, 0.09482820000266656, 0.11165830001118593, 0.12813729999470524, 0.14496529998723418, 0.1614207999955397, 0.17805930000031367, 0.1948131000099238, 0.21144499999354593, 0.22811550000915304, 0.24474940000800416, 0.2612331999989692, 0.2781826999853365, 0.29475010000169277, 0.3112165000056848, 0.32822090000263415, 0.3447213000035845, 0.3618094999983441]	171.0	297.0	0.7	8a
180	6	go_only	0	18	4	go	click	[49.0, 49.0, 57.0, 79.0, 91.0, 115.0, 140.0, 156.0, 164.0, 168.0, 171.0, 173.0, 177.0, 181.0, 185.0, 185.0, 185.0, 185.0, 185.0, 185.0, 185.0]	[-221.0, -221.0, -188.0, -110.0, -47.0, 57.0, 151.0, 204.0, 233.0, 250.0, 263.0, 273.0, 284.0, 299.0, 307.0, 308.0, 308.0, 308.0, 309.0, 309.0, 309.0]	[0, 0, 0, 0, 0, 0, 0, 0, 0, 0, 0, 0, 0, 0, 0, 0, 0, 0, 0, 0, 1]	[0, 0, 0, 0, 0, 0, 0, 0, 0, 0, 0, 0, 0, 0, 0, 0, 0, 0, 0, 0, 0]	[0, 0, 0, 0, 0, 0, 0, 0, 0, 0, 0, 0, 0, 0, 0, 0, 0, 0, 0, 0, 0]	[0.00018400000408291817, 0.01243209998938255, 0.028719099995214492, 0.046029899996938184, 0.06221669999649748, 0.07919309998396784, 0.09521739999763668, 0.11200609998195432, 0.12855599998147227, 0.14537789998576045, 0.1621277999947779, 0.1790229000034742, 0.19513370000640862, 0.2120295999920927, 0.2289738999970723, 0.24526699999114498, 0.26194689999101683, 0.278895299998112, 0.29535639999085106, 0.31195189998834394, 0.32889559998875484]	186.0	309.0	0.5	8a
181	6	go_only	0	18	8	go	click	[49.0, 49.0, 57.0, 84.0, 103.0, 125.0, 137.0, 152.0, 167.0, 187.0, 200.0, 213.0, 224.0, 236.0, 239.0, 239.0, 239.0, 239.0, 239.0, 239.0, 239.0, 239.0, 240.0, 240.0, 240.0, 240.0, 240.0, 240.0, 239.0, 236.0, 235.0, 232.0, 230.0, 226.0, 224.0, 224.0, 223.0, 223.0, 223.0]	[-265.0, -265.0, -239.0, -130.0, -42.0, 39.0, 99.0, 163.0, 250.0, 319.0, 357.0, 381.0, 404.0, 432.0, 441.0, 441.0, 441.0, 441.0, 441.0, 441.0, 441.0, 441.0, 441.0, 441.0, 441.0, 441.0, 439.0, 433.0, 424.0, 405.0, 385.0, 368.0, 352.0, 335.0, 322.0, 314.0, 313.0, 313.0, 313.0]	[0, 0, 0, 0, 0, 0, 0, 0, 0, 0, 0, 0, 0, 0, 0, 0, 0, 0, 0, 0, 1, 1, 1, 1, 1, 1, 0, 0, 0, 0, 0, 0, 0, 0, 0, 0, 0, 0, 1]	[0, 0, 0, 0, 0, 0, 0, 0, 0, 0, 0, 0, 0, 0, 0, 0, 0, 0, 0, 0, 0, 0, 0, 0, 0, 0, 0, 0, 0, 0, 0, 0, 0, 0, 0, 0, 0, 0, 0]	[0, 0, 0, 0, 0, 0, 0, 0, 0, 0, 0, 0, 0, 0, 0, 0, 0, 0, 0, 0, 0, 0, 0, 0, 0, 0, 0, 0, 0, 0, 0, 0, 0, 0, 0, 0, 0, 0, 0]	[0.0001917000045068562, 0.012160400016000494, 0.02861110001686029, 0.04539449998992495, 0.0618364000110887, 0.07868939999025315, 0.09544790000654757, 0.1121106999926269, 0.1286885000008624, 0.14529580000089481, 0.1621064000064507, 0.1787561000091955, 0.19555979999131523, 0.21237200000905432, 0.2285799999954179, 0.2450847000000067, 0.2617360000149347, 0.2784405999991577, 0.29521899999235757, 0.31173600000329316, 0.32904450001660734, 0.3453070000105072, 0.3618523000041023, 0.37818530001095496, 0.3950333000102546, 0.4115668000013102, 0.4284625000145752, 0.44536099999095313, 0.462106799997855, 0.4783909000107087, 0.4950154999969527, 0.5116125000058673, 0.5283843000070192, 0.5450905000034254, 0.5617536999925505, 0.5785274000081699, 0.5949546000047121, 0.6115102999901865, 0.6284771999926306]	223.0	313.0	0.9	8a
182	6	go_only	0	18	4	go	click	[66.0, 66.0, 94.0, 123.0, 139.0, 149.0, 155.0, 160.0, 166.0, 171.0, 175.0, 182.0, 189.0, 190.0, 191.0, 192.0, 193.0, 196.0, 200.0, 205.0, 209.0, 214.0, 215.0, 217.0, 220.0, 221.0, 222.0, 222.0, 222.0, 222.0]	[-240.0, -240.0, -164.0, -89.0, -31.0, 6.0, 32.0, 55.0, 72.0, 90.0, 105.0, 121.0, 136.0, 139.0, 140.0, 143.0, 147.0, 155.0, 170.0, 191.0, 214.0, 233.0, 247.0, 258.0, 274.0, 282.0, 286.0, 288.0, 288.0, 288.0]	[0, 0, 0, 0, 0, 0, 0, 0, 0, 0, 0, 0, 0, 0, 0, 0, 0, 0, 0, 0, 0, 0, 0, 0, 0, 0, 0, 0, 0, 1]	[0, 0, 0, 0, 0, 0, 0, 0, 0, 0, 0, 0, 0, 0, 0, 0, 0, 0, 0, 0, 0, 0, 0, 0, 0, 0, 0, 0, 0, 0]	[0, 0, 0, 0, 0, 0, 0, 0, 0, 0, 0, 0, 0, 0, 0, 0, 0, 0, 0, 0, 0, 0, 0, 0, 0, 0, 0, 0, 0, 0]	[0.0002111000067088753, 0.012050100020132959, 0.02822770000784658, 0.04521070001646876, 0.061769100022502244, 0.07866220001596957, 0.09526780000305735, 0.11208130000159144, 0.12851280000177212, 0.14522480001323856, 0.16167880001012236, 0.17831690001185052, 0.19501320002018474, 0.2114589000120759, 0.22833840001840144, 0.24501880002208054, 0.26164130002143793, 0.27839079999830574, 0.29544250000617467, 0.31167480000294745, 0.32862420001765713, 0.3449731000000611, 0.36161050002556294, 0.37839789999998175, 0.3951614000252448, 0.41162749999784864, 0.4283958000014536, 0.4446341000148095, 0.4613921999989543, 0.47845419999794103]	222.0	288.0	1.0	8a
183	6	go_only	0	18	3	go	click	[21.0, 21.0, 25.0, 35.0, 52.0, 72.0, 94.0, 121.0, 143.0, 164.0, 174.0, 183.0, 193.0, 200.0, 204.0, 206.0, 208.0, 210.0, 213.0, 216.0, 216.0, 216.0, 216.0, 216.0, 217.0, 218.0, 218.0, 218.0]	[-275.0, -275.0, -257.0, -213.0, -156.0, -101.0, -38.0, 34.0, 83.0, 131.0, 158.0, 183.0, 206.0, 224.0, 232.0, 239.0, 244.0, 250.0, 257.0, 265.0, 266.0, 266.0, 267.0, 268.0, 271.0, 274.0, 275.0, 275.0]	[0, 0, 0, 0, 0, 0, 0, 0, 0, 0, 0, 0, 0, 0, 0, 0, 0, 0, 0, 0, 0, 0, 0, 0, 0, 0, 0, 1]	[0, 0, 0, 0, 0, 0, 0, 0, 0, 0, 0, 0, 0, 0, 0, 0, 0, 0, 0, 0, 0, 0, 0, 0, 0, 0, 0, 0]	[0, 0, 0, 0, 0, 0, 0, 0, 0, 0, 0, 0, 0, 0, 0, 0, 0, 0, 0, 0, 0, 0, 0, 0, 0, 0, 0, 0]	[0.00020290000247769058, 0.009055699978489429, 0.02572939998935908, 0.04244200000539422, 0.05885790000320412, 0.07613729999866337, 0.0922376999806147, 0.10893749998649582, 0.1255918999959249, 0.14284230000339448, 0.1592088000033982, 0.17549080000026152, 0.192113099998096, 0.2089886000030674, 0.22573429998010397, 0.2422149000049103, 0.2589338999823667, 0.27559519998612814, 0.2924668999912683, 0.3088923000032082, 0.32552729998133145, 0.34213720000116155, 0.3588780999998562, 0.37565299999550916, 0.39221599997836165, 0.4088391999830492, 0.4254167999897618, 0.44230419999803416]	218.0	275.0	0.5	8a
184	6	go_only	0	18	6	go	click	[42.0, 42.0, 46.0, 56.0, 67.0, 96.0, 117.0, 134.0, 145.0, 151.0, 155.0, 159.0, 165.0, 168.0, 170.0, 171.0, 175.0, 179.0, 183.0, 185.0, 185.0, 185.0, 185.0, 185.0]	[-270.0, -270.0, -252.0, -213.0, -159.0, -26.0, 81.0, 161.0, 204.0, 229.0, 244.0, 259.0, 273.0, 282.0, 288.0, 290.0, 299.0, 311.0, 322.0, 326.0, 327.0, 327.0, 327.0, 327.0]	[0, 0, 0, 0, 0, 0, 0, 0, 0, 0, 0, 0, 0, 0, 0, 0, 0, 0, 0, 0, 0, 0, 0, 1]	[0, 0, 0, 0, 0, 0, 0, 0, 0, 0, 0, 0, 0, 0, 0, 0, 0, 0, 0, 0, 0, 0, 0, 0]	[0, 0, 0, 0, 0, 0, 0, 0, 0, 0, 0, 0, 0, 0, 0, 0, 0, 0, 0, 0, 0, 0, 0, 0]	[0.0002001000102609396, 0.011532000004081056, 0.028017600008752197, 0.044517100002849475, 0.0612752000160981, 0.07863040000665933, 0.09491220000199974, 0.11132510000606999, 0.1283228000102099, 0.14466400002129376, 0.16136050000204705, 0.17799330002162606, 0.19486470002448186, 0.21145090000936761, 0.22801660001277924, 0.24462969999876805, 0.26140030001988634, 0.27827580002485774, 0.2948292000219226, 0.3112977000128012, 0.32772170001408085, 0.34422660002019256, 0.3610419000033289, 0.3782118000090122]	185.0	327.0	0.9	8a
185	6	go_only	0	18	7	go	click	[50.0, 56.0, 62.0, 76.0, 87.0, 96.0, 108.0, 120.0, 133.0, 143.0, 154.0, 156.0, 157.0, 158.0, 159.0, 159.0, 159.0, 159.0, 159.0, 160.0, 161.0, 161.0, 161.0, 161.0]	[-288.0, -257.0, -225.0, -146.0, -84.0, -33.0, 22.0, 100.0, 179.0, 223.0, 259.0, 270.0, 277.0, 281.0, 281.0, 281.0, 281.0, 281.0, 281.0, 283.0, 284.0, 284.0, 284.0, 284.0]	[0, 0, 0, 0, 0, 0, 0, 0, 0, 0, 0, 0, 0, 0, 0, 0, 0, 0, 0, 0, 0, 0, 0, 1]	[0, 0, 0, 0, 0, 0, 0, 0, 0, 0, 0, 0, 0, 0, 0, 0, 0, 0, 0, 0, 0, 0, 0, 0]	[0, 0, 0, 0, 0, 0, 0, 0, 0, 0, 0, 0, 0, 0, 0, 0, 0, 0, 0, 0, 0, 0, 0, 0]	[8.060000254772604e-05, 0.01112969999667257, 0.027622699999483302, 0.044051600008970127, 0.060696000000461936, 0.07738679999602027, 0.09552570001687855, 0.11057369998889044, 0.12734120001550764, 0.14406039999448694, 0.16128319999552332, 0.17740580000099726, 0.19389980001142249, 0.21070540000800975, 0.22739879999426194, 0.24406669999007136, 0.26084269999410026, 0.27728619999834336, 0.2940406000125222, 0.3108741999894846, 0.3273973999894224, 0.3438998000056017, 0.36059699999168515, 0.3774035999958869]	161.0	284.0	0.9	8a
186	6	go_only	0	18	8	go	click	[29.0, 29.0, 34.0, 40.0, 52.0, 74.0, 99.0, 125.0, 144.0, 154.0, 160.0, 164.0, 168.0, 170.0, 173.0, 173.0, 175.0, 177.0, 183.0, 187.0, 188.0, 189.0, 189.0, 189.0, 189.0, 189.0]	[-276.0, -276.0, -253.0, -225.0, -173.0, -88.0, -3.0, 72.0, 138.0, 175.0, 192.0, 205.0, 219.0, 228.0, 235.0, 237.0, 241.0, 248.0, 264.0, 276.0, 281.0, 283.0, 283.0, 283.0, 283.0, 283.0]	[0, 0, 0, 0, 0, 0, 0, 0, 0, 0, 0, 0, 0, 0, 0, 0, 0, 0, 0, 0, 0, 0, 0, 0, 0, 1]	[0, 0, 0, 0, 0, 0, 0, 0, 0, 0, 0, 0, 0, 0, 0, 0, 0, 0, 0, 0, 0, 0, 0, 0, 0, 0]	[0, 0, 0, 0, 0, 0, 0, 0, 0, 0, 0, 0, 0, 0, 0, 0, 0, 0, 0, 0, 0, 0, 0, 0, 0, 0]	[0.00019799999427050352, 0.010387299989815801, 0.02707790001295507, 0.04386619999422692, 0.06047130000661127, 0.07710329999099486, 0.09390249999705702, 0.11067840000032447, 0.12718320000567473, 0.1437449000077322, 0.16044269999838434, 0.17697910001152195, 0.19354579999344423, 0.2102561999927275, 0.22710200000437908, 0.24375709999003448, 0.26028700001188554, 0.27729050000198185, 0.2939497999905143, 0.3106242000067141, 0.3271223999909125, 0.3435651999898255, 0.3602514000085648, 0.3767037999932654, 0.3934405999898445, 0.41029050000361167]	189.0	283.0	0.6	8a
187	6	go_only	0	18	6	go	click	[75.0, 75.0, 98.0, 121.0, 146.0, 182.0, 214.0, 240.0, 254.0, 263.0, 269.0, 272.0, 277.0, 279.0, 279.0, 279.0, 279.0, 279.0, 277.0, 273.0, 264.0, 253.0, 241.0, 225.0, 219.0, 217.0, 217.0, 217.0, 217.0, 217.0]	[-254.0, -254.0, -198.0, -138.0, -70.0, 7.0, 73.0, 120.0, 149.0, 169.0, 191.0, 199.0, 225.0, 230.0, 232.0, 234.0, 236.0, 238.0, 241.0, 244.0, 252.0, 261.0, 272.0, 292.0, 299.0, 301.0, 301.0, 301.0, 301.0, 301.0]	[0, 0, 0, 0, 0, 0, 0, 0, 0, 0, 0, 0, 0, 0, 0, 0, 0, 0, 0, 0, 0, 0, 0, 0, 0, 0, 0, 0, 0, 1]	[0, 0, 0, 0, 0, 0, 0, 0, 0, 0, 0, 0, 0, 0, 0, 0, 0, 0, 0, 0, 0, 0, 0, 0, 0, 0, 0, 0, 0, 0]	[0, 0, 0, 0, 0, 0, 0, 0, 0, 0, 0, 0, 0, 0, 0, 0, 0, 0, 0, 0, 0, 0, 0, 0, 0, 0, 0, 0, 0, 0]	[9.640000644139946e-05, 0.011009600013494492, 0.027727100008632988, 0.04417110001668334, 0.061032700003124774, 0.07797849999042228, 0.09439410001505166, 0.11096819999511354, 0.12775300000794232, 0.1447836000006646, 0.16094850000808947, 0.17766459999256767, 0.1952002000180073, 0.21103340000263415, 0.2276463000162039, 0.2442870000086259, 0.261093900015112, 0.27767700000549667, 0.29465389999677427, 0.31137939999462105, 0.3279947999981232, 0.3444378999993205, 0.36104530000011437, 0.37809179999749176, 0.39434719999553636, 0.41121320001548156, 0.42786290001822636, 0.4443739000125788, 0.4609507000131998, 0.47778400001698174]	217.0	301.0	1.0	8a
188	6	go_only	0	18	7	go	click	[20.0, 20.0, 28.0, 35.0, 44.0, 53.0, 63.0, 71.0, 90.0, 99.0, 107.0, 112.0, 116.0, 120.0, 126.0, 136.0, 149.0, 161.0, 172.0, 181.0, 189.0, 196.0, 200.0, 203.0, 206.0, 207.0, 208.0, 208.0, 208.0, 208.0, 208.0, 208.0, 208.0]	[-275.0, -275.0, -218.0, -164.0, -117.0, -79.0, -44.0, -15.0, 27.0, 47.0, 59.0, 67.0, 74.0, 81.0, 89.0, 104.0, 123.0, 141.0, 160.0, 176.0, 190.0, 214.0, 233.0, 250.0, 267.0, 278.0, 287.0, 295.0, 296.0, 296.0, 296.0, 296.0, 296.0]	[0, 0, 0, 0, 0, 0, 0, 0, 0, 0, 0, 0, 0, 0, 0, 0, 0, 0, 0, 0, 0, 0, 0, 0, 0, 0, 0, 0, 0, 0, 0, 0, 1]	[0, 0, 0, 0, 0, 0, 0, 0, 0, 0, 0, 0, 0, 0, 0, 0, 0, 0, 0, 0, 0, 0, 0, 0, 0, 0, 0, 0, 0, 0, 0, 0, 0]	[0, 0, 0, 0, 0, 0, 0, 0, 0, 0, 0, 0, 0, 0, 0, 0, 0, 0, 0, 0, 0, 0, 0, 0, 0, 0, 0, 0, 0, 0, 0, 0, 0]	[7.459998596459627e-05, 0.011817399994470179, 0.028144999989308417, 0.044974799995543435, 0.06167319999076426, 0.07847739997669123, 0.09522529999958351, 0.11174160000518896, 0.12862179998774081, 0.14504079998005182, 0.16232750000199303, 0.1787375999847427, 0.19517419999465346, 0.21173509999061935, 0.2284356000018306, 0.24514089999138378, 0.2617928999825381, 0.27855709998402745, 0.2951065999804996, 0.31176670000422746, 0.3283788999833632, 0.3450777999823913, 0.36166229998343624, 0.3784612999879755, 0.39505629998166114, 0.4117149999947287, 0.42838349999510683, 0.4450563999998849, 0.4617335999791976, 0.47817200000281446, 0.49476099997991696, 0.511520300002303, 0.5285635000036564]	208.0	296.0	0.5	8a
189	6	go_only	0	18	2	go	click	[32.0, 32.0, 51.0, 85.0, 121.0, 138.0, 147.0, 148.0, 150.0, 150.0, 149.0, 150.0, 150.0, 150.0, 150.0, 150.0, 150.0, 150.0, 150.0, 150.0, 150.0, 150.0, 150.0, 150.0, 150.0, 150.0, 150.0, 150.0]	[-254.0, -254.0, -215.0, -119.0, 37.0, 117.0, 161.0, 193.0, 221.0, 249.0, 273.0, 296.0, 308.0, 316.0, 322.0, 328.0, 328.0, 328.0, 328.0, 328.0, 328.0, 328.0, 328.0, 328.0, 328.0, 328.0, 328.0, 328.0]	[0, 0, 0, 0, 0, 0, 0, 0, 0, 0, 0, 0, 0, 0, 0, 0, 0, 0, 0, 0, 0, 0, 0, 0, 0, 0, 1, 1]	[0, 0, 0, 0, 0, 0, 0, 0, 0, 0, 0, 0, 0, 0, 0, 0, 0, 0, 0, 0, 0, 0, 0, 0, 0, 0, 0, 0]	[0, 0, 0, 0, 0, 0, 0, 0, 0, 0, 0, 0, 0, 0, 0, 0, 0, 0, 0, 0, 0, 0, 0, 0, 0, 0, 0, 0]	[0.0002052999916486442, 0.011145199998281896, 0.02754129999084398, 0.044488699990324676, 0.0610504999931436, 0.07767379999859259, 0.09439159999601543, 0.11093139997683465, 0.12811989997862838, 0.14474419999169186, 0.16118879997520708, 0.17800639997585677, 0.19442590000107884, 0.2110763999808114, 0.22801669998443685, 0.2444266999955289, 0.260738399985712, 0.2775995999982115, 0.2942052999860607, 0.3106932999799028, 0.32747269998071715, 0.3441725999873597, 0.36085409999941476, 0.3775281999842264, 0.3941919999779202, 0.410846999991918, 0.42764169999281876, 0.4440951999858953]	151.0	328.0	0.5	8a
190	6	go_only	0	18	7	go	click	[55.0, 73.0, 73.0, 136.0, 174.0, 203.0, 228.0, 245.0, 253.0, 261.0, 263.0, 266.0, 267.0, 267.0, 267.0, 267.0, 267.0, 266.0, 264.0, 261.0, 259.0, 256.0, 251.0, 244.0, 231.0, 214.0, 208.0, 206.0, 206.0, 206.0, 206.0, 206.0, 206.0]	[-246.0, -204.0, -204.0, -57.0, 32.0, 112.0, 179.0, 230.0, 259.0, 276.0, 291.0, 302.0, 310.0, 311.0, 311.0, 311.0, 311.0, 311.0, 312.0, 312.0, 313.0, 313.0, 313.0, 313.0, 313.0, 310.0, 309.0, 309.0, 309.0, 309.0, 309.0, 309.0, 309.0]	[0, 0, 0, 0, 0, 0, 0, 0, 0, 0, 0, 0, 0, 0, 0, 0, 0, 0, 0, 0, 0, 0, 0, 0, 0, 0, 0, 0, 0, 0, 0, 0, 1]	[0, 0, 0, 0, 0, 0, 0, 0, 0, 0, 0, 0, 0, 0, 0, 0, 0, 0, 0, 0, 0, 0, 0, 0, 0, 0, 0, 0, 0, 0, 0, 0, 0]	[0, 0, 0, 0, 0, 0, 0, 0, 0, 0, 0, 0, 0, 0, 0, 0, 0, 0, 0, 0, 0, 0, 0, 0, 0, 0, 0, 0, 0, 0, 0, 0, 0]	[0.0003163000219501555, 0.009023600025102496, 0.026140900008613244, 0.04275740002049133, 0.05929240002296865, 0.0759748000127729, 0.09267900002305396, 0.10936400000355206, 0.1260443000064697, 0.14268360001733527, 0.15932960002101026, 0.1761244000226725, 0.19277970000985079, 0.20917300001019612, 0.22606050001922995, 0.24266509999870323, 0.2593693000089843, 0.27592710001044907, 0.2926310000184458, 0.30951350001851097, 0.3258930000010878, 0.3427020000235643, 0.3595506999990903, 0.3766602000105195, 0.39253440001630224, 0.4092753000149969, 0.4276986000186298, 0.44237710000015795, 0.45913970001856796, 0.47574940000777133, 0.49253540000063367, 0.5090879000199493, 0.5260487000050489]	206.0	308.0	1.0	8a
191	6	go_only	0	18	8	go	click	[48.0, 48.0, 70.0, 99.0, 123.0, 147.0, 163.0, 174.0, 177.0, 177.0, 177.0, 176.0, 175.0, 174.0, 172.0, 172.0, 172.0, 171.0, 171.0, 171.0, 171.0, 171.0]	[-257.0, -257.0, -186.0, -107.0, -25.0, 57.0, 129.0, 174.0, 208.0, 232.0, 246.0, 257.0, 265.0, 278.0, 303.0, 319.0, 328.0, 335.0, 339.0, 339.0, 339.0, 339.0]	[0, 0, 0, 0, 0, 0, 0, 0, 0, 0, 0, 0, 0, 0, 0, 0, 0, 0, 0, 0, 0, 1]	[0, 0, 0, 0, 0, 0, 0, 0, 0, 0, 0, 0, 0, 0, 0, 0, 0, 0, 0, 0, 0, 0]	[0, 0, 0, 0, 0, 0, 0, 0, 0, 0, 0, 0, 0, 0, 0, 0, 0, 0, 0, 0, 0, 0]	[0.00023639999562874436, 0.01213290001032874, 0.028705000004265457, 0.04470560001209378, 0.061376400000881404, 0.07808000000659376, 0.09508280002046376, 0.11159320001024753, 0.12830320000648499, 0.1450083999952767, 0.16153080001822673, 0.17809490000945516, 0.19486030002008192, 0.2118526000122074, 0.22813719999976456, 0.2453784999961499, 0.26159070001449436, 0.278358700015815, 0.29478759999619797, 0.31151739999768324, 0.32805750000989065, 0.3450592000153847]	171.0	339.0	0.8	8a
192	6	go_only	0	18	2	go	click	[82.0, 82.0, 118.0, 149.0, 171.0, 185.0, 193.0, 198.0, 202.0, 205.0, 210.0, 211.0, 214.0, 216.0, 217.0, 217.0, 217.0, 216.0, 215.0, 214.0, 212.0, 212.0, 212.0, 212.0, 212.0]	[-239.0, -239.0, -147.0, -67.0, -8.0, 31.0, 64.0, 90.0, 115.0, 139.0, 176.0, 196.0, 219.0, 234.0, 245.0, 251.0, 255.0, 259.0, 267.0, 277.0, 290.0, 298.0, 300.0, 300.0, 300.0]	[0, 0, 0, 0, 0, 0, 0, 0, 0, 0, 0, 0, 0, 0, 0, 0, 0, 0, 0, 0, 0, 0, 0, 0, 1]	[0, 0, 0, 0, 0, 0, 0, 0, 0, 0, 0, 0, 0, 0, 0, 0, 0, 0, 0, 0, 0, 0, 0, 0, 0]	[0, 0, 0, 0, 0, 0, 0, 0, 0, 0, 0, 0, 0, 0, 0, 0, 0, 0, 0, 0, 0, 0, 0, 0, 0]	[7.639999967068434e-05, 0.010802700009662658, 0.026747099997010082, 0.04343600000720471, 0.060096300003351644, 0.07692150000366382, 0.0936799000191968, 0.11038310002186336, 0.1270053000189364, 0.14383570000063628, 0.160795900010271, 0.17707980002160184, 0.19373280002037063, 0.21046040000510402, 0.2269242000184022, 0.2436007000214886, 0.2602332000096794, 0.27717119999579154, 0.29354400001466274, 0.31019190000370145, 0.3268189000082202, 0.34350700001232326, 0.35989859999972396, 0.3766327000048477, 0.39367330001550727]	212.0	300.0	0.8	8a
193	7	go_nogo	0	60	3	go	click	[21.0, 21.0, 26.0, 39.0, 47.0, 53.0, 57.0, 59.0, 60.0, 65.0, 69.0, 78.0, 97.0, 122.0, 163.0, 187.0, 202.0, 208.0, 210.0, 210.0, 210.0, 210.0, 210.0, 211.0, 212.0, 212.0, 213.0, 213.0, 213.0]	[-264.0, -264.0, -226.0, -110.0, -52.0, -7.0, 25.0, 49.0, 68.0, 83.0, 91.0, 102.0, 117.0, 145.0, 195.0, 227.0, 247.0, 256.0, 259.0, 259.0, 259.0, 259.0, 260.0, 264.0, 269.0, 273.0, 273.0, 273.0, 273.0]	[0, 0, 0, 0, 0, 0, 0, 0, 0, 0, 0, 0, 0, 0, 0, 0, 0, 0, 0, 0, 0, 0, 0, 0, 0, 0, 0, 0, 1]	[0, 0, 0, 0, 0, 0, 0, 0, 0, 0, 0, 0, 0, 0, 0, 0, 0, 0, 0, 0, 0, 0, 0, 0, 0, 0, 0, 0, 0]	[0, 0, 0, 0, 0, 0, 0, 0, 0, 0, 0, 0, 0, 0, 0, 0, 0, 0, 0, 0, 0, 0, 0, 0, 0, 0, 0, 0, 0]	[0.0004318999999668449, 0.008329400006914511, 0.025141899997834116, 0.04162830000859685, 0.058500600018305704, 0.0748516000167001, 0.09171390000847168, 0.10830940000596456, 0.12511490000179037, 0.1416793999960646, 0.15863530000206083, 0.17498810001416132, 0.19153660000301898, 0.20848249999107793, 0.22535490000154823, 0.24157290000584908, 0.258248400001321, 0.275217899994459, 0.2917455999995582, 0.30832929999451153, 0.32495880001806654, 0.3417882999929134, 0.35825150000164285, 0.3745143999985885, 0.39177429999108426, 0.4081554000149481, 0.42466390001936816, 0.4413098999939393, 0.4581223000132013]	213.0	273.0	0.8	8a
194	7	go_nogo	0	60	8	go	click	[55.0, 55.0, 66.0, 71.0, 74.0, 77.0, 79.0, 86.0, 95.0, 101.0, 108.0, 112.0, 116.0, 119.0, 124.0, 130.0, 134.0, 138.0, 141.0, 141.0, 142.0, 144.0, 150.0, 157.0, 167.0, 175.0, 180.0, 183.0, 185.0, 188.0, 189.0, 189.0, 189.0, 189.0]	[-258.0, -258.0, -210.0, -176.0, -155.0, -135.0, -103.0, -57.0, -10.0, 28.0, 67.0, 90.0, 109.0, 127.0, 148.0, 166.0, 183.0, 196.0, 201.0, 204.0, 205.0, 210.0, 224.0, 238.0, 252.0, 263.0, 271.0, 277.0, 282.0, 287.0, 289.0, 289.0, 289.0, 289.0]	[0, 0, 0, 0, 0, 0, 0, 0, 0, 0, 0, 0, 0, 0, 0, 0, 0, 0, 0, 0, 0, 0, 0, 0, 0, 0, 0, 0, 0, 0, 0, 0, 0, 1]	[0, 0, 0, 0, 0, 0, 0, 0, 0, 0, 0, 0, 0, 0, 0, 0, 0, 0, 0, 0, 0, 0, 0, 0, 0, 0, 0, 0, 0, 0, 0, 0, 0, 0]	[0, 0, 0, 0, 0, 0, 0, 0, 0, 0, 0, 0, 0, 0, 0, 0, 0, 0, 0, 0, 0, 0, 0, 0, 0, 0, 0, 0, 0, 0, 0, 0, 0, 0]	[7.219999679364264e-05, 0.011567399982595816, 0.02759919999516569, 0.044539199996506795, 0.06106999999610707, 0.07755799998994917, 0.09445199999026954, 0.111032199987676, 0.12781989999348298, 0.14434569998411462, 0.16102860000682995, 0.1779884999850765, 0.19510439998703077, 0.2111049999948591, 0.22778759998618625, 0.24445359999663197, 0.26097129998379387, 0.27758059999905527, 0.2942188000015449, 0.31098300000303425, 0.3275491999811493, 0.34436799999093637, 0.36129109998000786, 0.3782107000006363, 0.39486989998840727, 0.41100269998423755, 0.4276581000012811, 0.444265500002075, 0.4610585999907926, 0.4777233999921009, 0.49408249999396503, 0.5106463999836706, 0.5274177999817766, 0.5443015999917407]	189.0	289.0	0.6	8a
195	7	go_nogo	0	60	4	go	click	[72.0, 72.0, 84.0, 109.0, 129.0, 151.0, 159.0, 164.0, 169.0, 173.0, 175.0, 178.0, 181.0, 182.0, 183.0, 183.0, 183.0, 183.0, 183.0, 183.0, 183.0]	[-195.0, -195.0, -150.0, -61.0, 27.0, 131.0, 192.0, 225.0, 249.0, 265.0, 276.0, 289.0, 306.0, 316.0, 319.0, 320.0, 320.0, 320.0, 320.0, 320.0, 320.0]	[0, 0, 0, 0, 0, 0, 0, 0, 0, 0, 0, 0, 0, 0, 0, 0, 0, 0, 0, 0, 1]	[0, 0, 0, 0, 0, 0, 0, 0, 0, 0, 0, 0, 0, 0, 0, 0, 0, 0, 0, 0, 0]	[0, 0, 0, 0, 0, 0, 0, 0, 0, 0, 0, 0, 0, 0, 0, 0, 0, 0, 0, 0, 0]	[0.0002164000179618597, 0.010517100017750636, 0.02743509999709204, 0.04401959999813698, 0.06072810001205653, 0.07761050001136027, 0.09392320000915788, 0.11067029999685474, 0.1274371000181418, 0.14400759999989532, 0.16063920001033694, 0.17753169999923557, 0.1939950000087265, 0.21074710000539199, 0.22727249999297783, 0.24370570000610314, 0.26050830000895076, 0.27709700001287274, 0.293687500001397, 0.3102775000152178, 0.327406800002791]	183.0	320.0	0.6	8a
196	7	go_nogo	0	60	2	go	click	[82.0, 82.0, 98.0, 134.0, 168.0, 192.0, 201.0, 208.0, 213.0, 214.0, 214.0, 214.0, 214.0, 214.0, 214.0, 214.0, 214.0, 214.0, 214.0, 214.0, 214.0, 214.0, 214.0, 214.0, 214.0, 214.0, 214.0, 214.0, 214.0]	[-189.0, -189.0, -136.0, -22.0, 85.0, 163.0, 208.0, 231.0, 251.0, 258.0, 260.0, 261.0, 264.0, 266.0, 266.0, 266.0, 266.0, 266.0, 266.0, 266.0, 266.0, 266.0, 267.0, 267.0, 267.0, 267.0, 267.0, 267.0, 267.0]	[0, 0, 0, 0, 0, 0, 0, 0, 0, 0, 0, 0, 0, 0, 0, 0, 0, 0, 0, 0, 0, 0, 0, 0, 0, 0, 0, 0, 1]	[0, 0, 0, 0, 0, 0, 0, 0, 0, 0, 0, 0, 0, 0, 0, 0, 0, 0, 0, 0, 0, 0, 0, 0, 0, 0, 0, 0, 0]	[0, 0, 0, 0, 0, 0, 0, 0, 0, 0, 0, 0, 0, 0, 0, 0, 0, 0, 0, 0, 0, 0, 0, 0, 0, 0, 0, 0, 0]	[0.00018950001685880125, 0.006803199998103082, 0.023463200021069497, 0.04011600001831539, 0.05673770001158118, 0.07328500002040528, 0.09010339999804273, 0.1068276000150945, 0.12384889999520965, 0.14029480001772754, 0.1567376000166405, 0.17333570000482723, 0.19002930002170615, 0.20650810000370257, 0.22333290000096895, 0.23995970000396483, 0.2567775000061374, 0.27338690002216026, 0.29023770001367666, 0.3072099999990314, 0.32315410001319833, 0.34011370001826435, 0.3564755000115838, 0.373254200007068, 0.3899358000198845, 0.40676820001681335, 0.4232775999989826, 0.4399388000019826, 0.4569231000205036]	214.0	267.0	0.9	8a
197	7	go_nogo	0	60	7	go	click	[71.0, 71.0, 108.0, 150.0, 187.0, 212.0, 226.0, 232.0, 234.0, 235.0, 235.0, 235.0, 236.0, 236.0, 236.0, 236.0, 236.0, 236.0, 236.0, 236.0, 236.0, 236.0, 236.0, 235.0, 235.0, 235.0, 235.0, 235.0, 235.0, 235.0]	[-228.0, -228.0, -124.0, -9.0, 95.0, 166.0, 209.0, 230.0, 243.0, 250.0, 253.0, 263.0, 275.0, 290.0, 296.0, 296.0, 296.0, 296.0, 296.0, 297.0, 297.0, 297.0, 297.0, 297.0, 297.0, 297.0, 297.0, 297.0, 297.0, 297.0]	[0, 0, 0, 0, 0, 0, 0, 0, 0, 0, 0, 0, 0, 0, 0, 0, 0, 0, 0, 0, 0, 0, 0, 0, 0, 0, 0, 0, 0, 1]	[0, 0, 0, 0, 0, 0, 0, 0, 0, 0, 0, 0, 0, 0, 0, 0, 0, 0, 0, 0, 0, 0, 0, 0, 0, 0, 0, 0, 0, 0]	[0, 0, 0, 0, 0, 0, 0, 0, 0, 0, 0, 0, 0, 0, 0, 0, 0, 0, 0, 0, 0, 0, 0, 0, 0, 0, 0, 0, 0, 0]	[0.00021989998640492558, 0.011898400000063702, 0.028788199997507036, 0.04527599998982623, 0.06195890001254156, 0.07866729999659583, 0.09572489999118261, 0.11205110000446439, 0.12895330000901595, 0.14545829998678528, 0.16204070000094362, 0.1788237000000663, 0.1954873999929987, 0.2119138000125531, 0.22848280001198873, 0.24505289999069646, 0.2618291999970097, 0.2783738000143785, 0.29522619998897426, 0.31174360000295565, 0.32845709999674, 0.3449380999954883, 0.3617464000126347, 0.37824590000673197, 0.3951459999952931, 0.4117236000020057, 0.4282328000117559, 0.44496960000833496, 0.4616379000071902, 0.4784642999875359]	235.0	297.0	1.0	8a
198	7	go_nogo	0	60	3	go	click	[62.0, 62.0, 80.0, 119.0, 174.0, 199.0, 210.0, 215.0, 216.0, 216.0, 216.0, 216.0, 216.0, 215.0, 215.0, 215.0, 215.0, 215.0, 215.0, 215.0, 215.0, 215.0, 216.0, 217.0]	[-243.0, -243.0, -194.0, -67.0, 109.0, 194.0, 246.0, 275.0, 288.0, 294.0, 297.0, 303.0, 315.0, 326.0, 332.0, 332.0, 332.0, 332.0, 332.0, 332.0, 332.0, 332.0, 331.0, 330.0]	[0, 0, 0, 0, 0, 0, 0, 0, 0, 0, 0, 0, 0, 0, 0, 0, 0, 0, 0, 0, 0, 0, 0, 1]	[0, 0, 0, 0, 0, 0, 0, 0, 0, 0, 0, 0, 0, 0, 0, 0, 0, 0, 0, 0, 0, 0, 0, 0]	[0, 0, 0, 0, 0, 0, 0, 0, 0, 0, 0, 0, 0, 0, 0, 0, 0, 0, 0, 0, 0, 0, 0, 0]	[0.00021040000137872994, 0.009794099983992055, 0.026246299996273592, 0.04317059999448247, 0.059706199972424656, 0.07635759998811409, 0.0931004999729339, 0.10963639998226427, 0.12641009999788366, 0.14294439999503084, 0.15966699999989942, 0.17631449998589233, 0.1930614000011701, 0.2099275999935344, 0.2262075999751687, 0.2428168999904301, 0.2596964999975171, 0.2762073999911081, 0.2930020999920089, 0.30978429998504, 0.32609539999975823, 0.3428950999805238, 0.35953499999595806, 0.3767669999797363]	218.0	330.0	0.8	8a
199	7	go_nogo	0	60	6	go	click	[21.0, 21.0, 63.0, 103.0, 139.0, 170.0, 181.0, 186.0, 187.0, 187.0, 187.0, 187.0, 187.0, 187.0, 187.0, 187.0, 187.0, 187.0, 187.0, 187.0, 187.0, 187.0, 187.0, 187.0, 187.0, 187.0]	[-252.0, -252.0, -133.0, 1.0, 124.0, 218.0, 265.0, 290.0, 295.0, 297.0, 297.0, 297.0, 297.0, 297.0, 297.0, 297.0, 297.0, 297.0, 297.0, 297.0, 297.0, 297.0, 297.0, 297.0, 297.0, 297.0]	[0, 0, 0, 0, 0, 0, 0, 0, 0, 0, 0, 0, 0, 0, 0, 0, 0, 0, 0, 0, 0, 0, 0, 0, 0, 1]	[0, 0, 0, 0, 0, 0, 0, 0, 0, 0, 0, 0, 0, 0, 0, 0, 0, 0, 0, 0, 0, 0, 0, 0, 0, 0]	[0, 0, 0, 0, 0, 0, 0, 0, 0, 0, 0, 0, 0, 0, 0, 0, 0, 0, 0, 0, 0, 0, 0, 0, 0, 0]	[7.340000593103468e-05, 0.010484400001587346, 0.027455000003101304, 0.04421550000552088, 0.061082700005499646, 0.07765279998420738, 0.09437760000582784, 0.11117849999573082, 0.12743890000274405, 0.14415889998781495, 0.16082349998760037, 0.1774368000042159, 0.19408210000256076, 0.21068930000183173, 0.22738979998393916, 0.24407960000098683, 0.26064599998062477, 0.27733439998701215, 0.2939194999926258, 0.3107636999920942, 0.3276135000050999, 0.3440673000004608, 0.3605844999838155, 0.37725739998859353, 0.39386919999378733, 0.41110299999127164]	187.0	297.0	0.6	8a
200	7	go_nogo	0	60	6	go	click	[63.0, 63.0, 104.0, 149.0, 184.0, 198.0, 203.0, 204.0, 204.0, 204.0, 204.0, 204.0, 204.0, 204.0, 204.0, 204.0, 204.0, 204.0]	[-195.0, -195.0, -76.0, 44.0, 129.0, 176.0, 199.0, 210.0, 216.0, 222.0, 232.0, 248.0, 266.0, 280.0, 280.0, 280.0, 280.0, 280.0]	[0, 0, 0, 0, 0, 0, 0, 0, 0, 0, 0, 0, 0, 0, 0, 0, 0, 1]	[0, 0, 0, 0, 0, 0, 0, 0, 0, 0, 0, 0, 0, 0, 0, 0, 0, 0]	[0, 0, 0, 0, 0, 0, 0, 0, 0, 0, 0, 0, 0, 0, 0, 0, 0, 0]	[0.00020760000916197896, 0.01293880000594072, 0.02969730002223514, 0.046339300024555996, 0.06314500002190471, 0.07976700001745485, 0.09640100001706742, 0.1129627000191249, 0.12972000002628192, 0.1462187000142876, 0.16303070000139996, 0.17962700000498444, 0.19630560002406128, 0.21269520002533682, 0.22925100001157261, 0.2460111000109464, 0.2626007000217214, 0.2797142000054009]	204.0	280.0	0.8	8a
201	7	go_nogo	0	60	4	go	click	[46.0, 60.0, 79.0, 124.0, 160.0, 182.0, 191.0, 193.0, 192.0, 190.0, 189.0, 188.0, 188.0, 188.0, 188.0, 188.0, 188.0, 188.0, 188.0]	[-290.0, -252.0, -203.0, -79.0, 43.0, 132.0, 183.0, 217.0, 235.0, 251.0, 255.0, 258.0, 259.0, 259.0, 261.0, 263.0, 264.0, 264.0, 264.0]	[0, 0, 0, 0, 0, 0, 0, 0, 0, 0, 0, 0, 0, 0, 0, 0, 0, 0, 1]	[0, 0, 0, 0, 0, 0, 0, 0, 0, 0, 0, 0, 0, 0, 0, 0, 0, 0, 0]	[0, 0, 0, 0, 0, 0, 0, 0, 0, 0, 0, 0, 0, 0, 0, 0, 0, 0, 0]	[0.00022750001517124474, 0.010798900009831414, 0.02720219999901019, 0.04390020002028905, 0.060396800021408126, 0.07737850002013147, 0.0938740000128746, 0.11042510002152994, 0.1270137999963481, 0.14375820002169348, 0.16041280000354163, 0.17716030002338812, 0.1936610999982804, 0.2106809999968391, 0.22703020001063123, 0.24365830002352595, 0.2602813999983482, 0.2770044000062626, 0.293819300015457]	188.0	264.0	0.8	8a
202	7	go_nogo	0	60	3	go	click	[46.0, 46.0, 58.0, 77.0, 94.0, 115.0, 129.0, 129.0, 129.0, 128.0, 126.0, 123.0, 119.0, 117.0, 116.0, 116.0, 116.0, 116.0, 116.0, 116.0, 131.0, 158.0, 196.0, 205.0, 209.0, 209.0, 210.0, 210.0, 210.0, 210.0, 210.0, 210.0, 210.0, 210.0, 210.0, 210.0]	[-283.0, -283.0, -228.0, -144.0, -18.0, 152.0, 289.0, 355.0, 383.0, 399.0, 412.0, 417.0, 451.0, 478.0, 483.0, 483.0, 483.0, 483.0, 483.0, 479.0, 452.0, 403.0, 333.0, 316.0, 310.0, 309.0, 309.0, 309.0, 309.0, 309.0, 309.0, 309.0, 309.0, 309.0, 309.0, 309.0]	[0, 0, 0, 0, 0, 0, 0, 0, 0, 0, 0, 0, 0, 0, 0, 0, 0, 0, 0, 0, 0, 0, 0, 0, 0, 0, 0, 0, 0, 0, 0, 0, 0, 0, 0, 1]	[0, 0, 0, 0, 0, 0, 0, 0, 0, 0, 0, 0, 0, 0, 0, 0, 0, 0, 0, 0, 0, 0, 0, 0, 0, 0, 0, 0, 0, 0, 0, 0, 0, 0, 0, 0]	[0, 0, 0, 0, 0, 0, 0, 0, 0, 0, 0, 0, 0, 0, 0, 0, 0, 0, 0, 0, 0, 0, 0, 0, 0, 0, 0, 0, 0, 0, 0, 0, 0, 0, 0, 0]	[9.560000034980476e-05, 0.010480099997948855, 0.0269564000191167, 0.043724200018914416, 0.060445700015407056, 0.07705620001070201, 0.09373140000388958, 0.11054779999540187, 0.1270340000046417, 0.1439777000050526, 0.16027950000716373, 0.17677140000159852, 0.1936201000062283, 0.21022680000169203, 0.2269300000043586, 0.24361230002250522, 0.260142100014491, 0.2768977000087034, 0.2936517000198364, 0.31034789999830537, 0.32737040001666173, 0.3435667000012472, 0.3605954000086058, 0.37732640001922846, 0.39368380000814795, 0.4103954000165686, 0.4267779000219889, 0.4434641000116244, 0.4601617000007536, 0.47672040000907145, 0.49356380000244826, 0.5103581000003032, 0.5268390999990515, 0.5434098000114318, 0.5600520000152756, 0.5766530999972019]	210.0	309.0	0.7	8a
203	7	go_nogo	0	60	1	nogo	none	[18.0, 18.0, 19.0, 22.0, 22.0, 22.0, 22.0, 25.0, 27.0, 27.0, 28.0, 30.0, 36.0, 43.0, 48.0, 49.0, 54.0, 71.0, 93.0, 112.0, 125.0, 136.0, 143.0, 146.0, 147.0, 147.0, 147.0, 147.0, 147.0, 147.0, 147.0, 147.0, 147.0, 147.0, 147.0, 147.0, 147.0, 147.0, 147.0, 147.0, 147.0, 147.0, 147.0, 147.0, 147.0, 147.0, 147.0, 147.0, 147.0, 147.0, 147.0, 147.0, 147.0, 147.0, 147.0, 147.0, 147.0, 147.0, 147.0, 147.0, 147.0, 147.0, 147.0, 147.0, 147.0, 147.0]	[-271.0, -271.0, -234.0, -139.0, -37.0, 85.0, 216.0, 252.0, 266.0, 273.0, 279.0, 290.0, 305.0, 319.0, 325.0, 326.0, 326.0, 326.0, 323.0, 318.0, 316.0, 313.0, 313.0, 313.0, 313.0, 313.0, 313.0, 313.0, 313.0, 313.0, 313.0, 313.0, 313.0, 313.0, 313.0, 313.0, 313.0, 313.0, 313.0, 313.0, 313.0, 313.0, 313.0, 313.0, 313.0, 313.0, 313.0, 313.0, 313.0, 313.0, 313.0, 313.0, 313.0, 313.0, 313.0, 313.0, 313.0, 313.0, 313.0, 313.0, 313.0, 313.0, 313.0, 313.0, 313.0, 313.0]	[0, 0, 0, 0, 0, 0, 0, 0, 0, 0, 0, 0, 0, 0, 0, 0, 0, 0, 0, 0, 0, 0, 0, 0, 0, 0, 0, 0, 0, 0, 0, 0, 0, 0, 0, 0, 0, 0, 0, 0, 0, 0, 0, 0, 0, 0, 0, 0, 0, 0, 0, 0, 0, 0, 0, 0, 0, 0, 0, 0, 0, 0, 0, 0, 0, 0]	[0, 0, 0, 0, 0, 0, 0, 0, 0, 0, 0, 0, 0, 0, 0, 0, 0, 0, 0, 0, 0, 0, 0, 0, 0, 0, 0, 0, 0, 0, 0, 0, 0, 0, 0, 0, 0, 0, 0, 0, 0, 0, 0, 0, 0, 0, 0, 0, 0, 0, 0, 0, 0, 0, 0, 0, 0, 0, 0, 0, 0, 0, 0, 0, 0, 0]	[0, 0, 0, 0, 0, 0, 0, 0, 0, 0, 0, 0, 0, 0, 0, 0, 0, 0, 0, 0, 0, 0, 0, 0, 0, 0, 0, 0, 0, 0, 0, 0, 0, 0, 0, 0, 0, 0, 0, 0, 0, 0, 0, 0, 0, 0, 0, 0, 0, 0, 0, 0, 0, 0, 0, 0, 0, 0, 0, 0, 0, 0, 0, 0, 0, 0]	[0.000202000024728477, 0.01178470000741072, 0.028392300009727478, 0.04492220000247471, 0.062097900023218244, 0.07820869999704883, 0.09498840000014752, 0.11201790001359768, 0.1283947000047192, 0.14552020002156496, 0.16179920002468862, 0.1784555000194814, 0.1951171999971848, 0.21162850002292544, 0.2287300000025425, 0.2452050000138115, 0.2622117999999318, 0.2782673000183422, 0.29570440002135, 0.3115583000180777, 0.32824460000847466, 0.3452759000065271, 0.36190170000190847, 0.3783395000209566, 0.3948617000132799, 0.41174180002417415, 0.4282515000086278, 0.444729400012875, 0.46164730002055876, 0.47819730002083816, 0.49475100002018735, 0.5115679000155069, 0.528375199995935, 0.5448439000174403, 0.5615560000005644, 0.5783009000006132, 0.595006999996258, 0.6113981000089552, 0.6282390000123996, 0.6449034000106622, 0.661599400016712, 0.6782201000023633, 0.69490240002051, 0.7114970000111498, 0.7282911000074819, 0.744761500012828, 0.7615487000148278, 0.7781468000030145, 0.7949097000237089, 0.8115256000019144, 0.8279166000138503, 0.844856300012907, 0.861460200016154, 0.8784118000185117, 0.8947430000116583, 0.9114413000061177, 0.9281511000008322, 0.9447505999996793, 0.9613682000199333, 0.9780264000000898, 0.9948698000225704, 1.0115187000192236, 1.0278654000139795, 1.044706100015901, 1.0615370000014082, 1.0780067000014242]	n/a	n/a	0.9	8a
204	7	go_nogo	0	60	4	go	click	[-28.0, -28.0, -39.0, -45.0, -45.0, -42.0, -35.0, -29.0, -21.0, -18.0, -16.0, -13.0, -5.0, 8.0, 22.0, 37.0, 51.0, 78.0, 104.0, 124.0, 140.0, 151.0, 157.0, 163.0, 166.0, 171.0, 173.0, 175.0, 175.0, 175.0, 175.0]	[-148.0, -148.0, 1.0, 144.0, 234.0, 290.0, 329.0, 357.0, 375.0, 382.0, 386.0, 392.0, 404.0, 418.0, 425.0, 428.0, 428.0, 418.0, 407.0, 393.0, 378.0, 362.0, 352.0, 343.0, 337.0, 327.0, 318.0, 313.0, 313.0, 313.0, 313.0]	[0, 0, 0, 0, 0, 0, 0, 0, 0, 0, 0, 0, 0, 0, 0, 0, 0, 0, 0, 0, 0, 0, 0, 0, 0, 0, 0, 0, 0, 0, 1]	[0, 0, 0, 0, 0, 0, 0, 0, 0, 0, 0, 0, 0, 0, 0, 0, 0, 0, 0, 0, 0, 0, 0, 0, 0, 0, 0, 0, 0, 0, 0]	[0, 0, 0, 0, 0, 0, 0, 0, 0, 0, 0, 0, 0, 0, 0, 0, 0, 0, 0, 0, 0, 0, 0, 0, 0, 0, 0, 0, 0, 0, 0]	[8.060000254772604e-05, 0.010541199997533113, 0.02687790000345558, 0.043465199996717274, 0.060073900007409975, 0.07702480000443757, 0.09403629999724217, 0.11016169999493286, 0.12701510000624694, 0.14361520000966266, 0.16051020001759753, 0.17733530001714826, 0.19406420001178049, 0.21040770001127385, 0.22703609999734908, 0.24360149999847636, 0.2602844999928493, 0.2768139000108931, 0.2935175000166055, 0.3101670000178274, 0.32703839999157935, 0.34344910000800155, 0.36032259999774396, 0.3771730000153184, 0.39339100001961924, 0.41067119999206625, 0.42650960001628846, 0.4431124000111595, 0.45991140001569875, 0.4766568999912124, 0.49393890000646934]	175.0	313.0	0.6	8a
205	7	go_nogo	0	60	8	go	click	[40.0, 40.0, 42.0, 50.0, 50.0, 52.0, 55.0, 58.0, 62.0, 63.0, 65.0, 66.0, 74.0, 80.0, 82.0, 82.0, 82.0, 82.0, 84.0, 103.0, 118.0, 126.0, 135.0, 143.0, 149.0, 151.0, 151.0, 151.0, 151.0, 151.0, 151.0, 151.0, 151.0, 151.0, 151.0, 151.0, 151.0, 151.0, 153.0, 154.0, 156.0, 160.0, 161.0, 161.0, 162.0, 162.0]	[-247.0, -247.0, -201.0, -97.0, 45.0, 156.0, 220.0, 252.0, 274.0, 279.0, 284.0, 297.0, 318.0, 337.0, 341.0, 341.0, 341.0, 341.0, 341.0, 333.0, 328.0, 322.0, 317.0, 311.0, 307.0, 306.0, 306.0, 306.0, 306.0, 306.0, 306.0, 306.0, 306.0, 306.0, 306.0, 306.0, 306.0, 306.0, 305.0, 304.0, 303.0, 301.0, 300.0, 300.0, 300.0, 300.0]	[0, 0, 0, 0, 0, 0, 0, 0, 0, 0, 0, 0, 0, 0, 0, 0, 0, 0, 0, 0, 0, 0, 0, 0, 0, 0, 0, 0, 0, 0, 0, 0, 0, 0, 0, 0, 0, 0, 0, 0, 0, 0, 0, 0, 0, 1]	[0, 0, 0, 0, 0, 0, 0, 0, 0, 0, 0, 0, 0, 0, 0, 0, 0, 0, 0, 0, 0, 0, 0, 0, 0, 0, 0, 0, 0, 0, 0, 0, 0, 0, 0, 0, 0, 0, 0, 0, 0, 0, 0, 0, 0, 0]	[0, 0, 0, 0, 0, 0, 0, 0, 0, 0, 0, 0, 0, 0, 0, 0, 0, 0, 0, 0, 0, 0, 0, 0, 0, 0, 0, 0, 0, 0, 0, 0, 0, 0, 0, 0, 0, 0, 0, 0, 0, 0, 0, 0, 0, 0]	[0.00017749998369254172, 0.0103221999888774, 0.02699059998849407, 0.043524199980311096, 0.06015449998085387, 0.07737899999483489, 0.09360339998966083, 0.11014899998554029, 0.12683909997576848, 0.1433651999977883, 0.16011789999902248, 0.17740099999355152, 0.19375759997637942, 0.21029839999391697, 0.2268645000003744, 0.24362649998511188, 0.25991149997571483, 0.27688589997706003, 0.29344969999510795, 0.31046799998148344, 0.3269523999770172, 0.34409849997609854, 0.36013349998393096, 0.37680830000317656, 0.393758499994874, 0.410000299976673, 0.4267567999777384, 0.4432426999846939, 0.4598688999831211, 0.47654799997690134, 0.49322340000071563, 0.5097850000020117, 0.526449999975739, 0.543302699981723, 0.5599835999892093, 0.5768962999864016, 0.5931415999948513, 0.6098501999804284, 0.6266965999966487, 0.6433431999757886, 0.6598210999800358, 0.6767481999995653, 0.6931271999783348, 0.7100439999776427, 0.7267550999822561, 0.7435075999819674]	162.0	300.0	0.7	8a
206	7	go_nogo	0	60	2	go	click	[64.0, 64.0, 83.0, 99.0, 111.0, 124.0, 134.0, 140.0, 143.0, 145.0, 146.0, 148.0, 149.0, 151.0, 154.0, 159.0, 165.0, 173.0, 179.0, 183.0, 185.0, 188.0, 190.0, 191.0, 192.0, 192.0, 193.0, 193.0, 193.0]	[-228.0, -228.0, -151.0, -72.0, -12.0, 33.0, 66.0, 89.0, 100.0, 108.0, 113.0, 117.0, 120.0, 125.0, 130.0, 142.0, 159.0, 182.0, 205.0, 224.0, 241.0, 258.0, 268.0, 273.0, 276.0, 277.0, 277.0, 277.0, 278.0]	[0, 0, 0, 0, 0, 0, 0, 0, 0, 0, 0, 0, 0, 0, 0, 0, 0, 0, 0, 0, 0, 0, 0, 0, 0, 0, 0, 0, 1]	[0, 0, 0, 0, 0, 0, 0, 0, 0, 0, 0, 0, 0, 0, 0, 0, 0, 0, 0, 0, 0, 0, 0, 0, 0, 0, 0, 0, 0]	[0, 0, 0, 0, 0, 0, 0, 0, 0, 0, 0, 0, 0, 0, 0, 0, 0, 0, 0, 0, 0, 0, 0, 0, 0, 0, 0, 0, 0]	[0.0002066000015474856, 0.010032599995611235, 0.02652949999901466, 0.04307960000005551, 0.05955469998298213, 0.07664620000286959, 0.09286649999557994, 0.10955629998352379, 0.12646589998621494, 0.14289950000238605, 0.15967159997671843, 0.17630910000298172, 0.19317169999703765, 0.20975039998302236, 0.22679970000172034, 0.24282970000058413, 0.25961979999556206, 0.2765493000042625, 0.29304570000385866, 0.30986479998682626, 0.32624319999013096, 0.3432751999935135, 0.3595230999926571, 0.37617169998702593, 0.3930116999836173, 0.40973980000126176, 0.4261410000035539, 0.44291990000056103, 0.4597322999907192]	193.0	278.0	0.7	8a
207	7	go_nogo	0	60	6	go	click	[42.0, 42.0, 48.0, 60.0, 76.0, 82.0, 88.0, 91.0, 94.0, 96.0, 99.0, 101.0, 103.0, 107.0, 110.0, 110.0, 111.0, 111.0, 112.0, 115.0, 120.0, 128.0, 134.0, 146.0, 161.0, 175.0, 186.0, 194.0, 201.0, 203.0, 203.0, 203.0, 203.0]	[-211.0, -211.0, -171.0, -97.0, 27.0, 88.0, 131.0, 163.0, 186.0, 199.0, 208.0, 217.0, 226.0, 234.0, 241.0, 242.0, 242.0, 242.0, 243.0, 243.0, 244.0, 245.0, 246.0, 250.0, 257.0, 264.0, 272.0, 278.0, 286.0, 288.0, 288.0, 288.0, 288.0]	[0, 0, 0, 0, 0, 0, 0, 0, 0, 0, 0, 0, 0, 0, 0, 0, 0, 0, 0, 0, 0, 0, 0, 0, 0, 0, 0, 0, 0, 0, 0, 0, 1]	[0, 0, 0, 0, 0, 0, 0, 0, 0, 0, 0, 0, 0, 0, 0, 0, 0, 0, 0, 0, 0, 0, 0, 0, 0, 0, 0, 0, 0, 0, 0, 0, 0]	[0, 0, 0, 0, 0, 0, 0, 0, 0, 0, 0, 0, 0, 0, 0, 0, 0, 0, 0, 0, 0, 0, 0, 0, 0, 0, 0, 0, 0, 0, 0, 0, 0]	[0.00020780001068487763, 0.012587999983225018, 0.02894309998373501, 0.046083099994575605, 0.06241079999017529, 0.07912859998759814, 0.09581020000041462, 0.11242469999706373, 0.1290963999927044, 0.1456971000006888, 0.16256579998298548, 0.17912359998445027, 0.19597989998874255, 0.2126888000057079, 0.2289089999976568, 0.24567269999533892, 0.26214119998621754, 0.27946990000782534, 0.2956044999882579, 0.3122547999955714, 0.32908470000256784, 0.3458461999834981, 0.36221259998274036, 0.3790083999920171, 0.39570789999561384, 0.4124428000068292, 0.42888170000514947, 0.44580149999819696, 0.4626974999846425, 0.4785578000009991, 0.495424799999455, 0.5122939999855589, 0.5289448999974411]	203.0	288.0	0.8	8a
208	7	go_nogo	0	60	6	go	click	[61.0, 81.0, 108.0, 162.0, 215.0, 265.0, 303.0, 329.0, 351.0, 359.0, 362.0, 363.0, 363.0, 363.0, 363.0, 363.0, 362.0, 359.0, 353.0, 350.0, 330.0, 321.0, 296.0, 289.0, 286.0, 281.0, 279.0, 277.0, 277.0, 277.0, 274.0, 263.0, 260.0, 254.0, 254.0, 254.0, 254.0, 254.0, 254.0, 254.0, 254.0, 254.0, 254.0, 254.0, 254.0, 254.0, 254.0, 254.0, 254.0, 254.0, 254.0, 253.0, 253.0, 253.0, 252.0, 252.0, 250.0, 247.0, 246.0, 245.0, 245.0, 245.0, 245.0, 245.0, 245.0, 245.0, 245.0, 245.0, 245.0]	[-269.0, -241.0, -207.0, -136.0, -55.0, 22.0, 97.0, 158.0, 223.0, 252.0, 271.0, 278.0, 280.0, 282.0, 283.0, 283.0, 283.0, 284.0, 284.0, 282.0, 274.0, 271.0, 267.0, 266.0, 266.0, 268.0, 270.0, 270.0, 271.0, 271.0, 271.0, 271.0, 271.0, 272.0, 272.0, 272.0, 272.0, 272.0, 272.0, 273.0, 273.0, 273.0, 273.0, 273.0, 273.0, 273.0, 273.0, 273.0, 273.0, 273.0, 273.0, 273.0, 271.0, 269.0, 269.0, 269.0, 269.0, 270.0, 271.0, 271.0, 272.0, 272.0, 272.0, 272.0, 272.0, 272.0, 272.0, 272.0, 272.0]	[0, 0, 0, 0, 0, 0, 0, 0, 0, 0, 0, 0, 0, 0, 0, 0, 0, 0, 0, 0, 0, 0, 0, 0, 0, 0, 0, 0, 0, 0, 0, 0, 0, 0, 0, 0, 0, 0, 0, 0, 0, 0, 1, 1, 1, 1, 1, 1, 1, 1, 0, 0, 0, 0, 0, 0, 0, 0, 0, 0, 0, 0, 0, 0, 0, 0, 0, 0, 1]	[0, 0, 0, 0, 0, 0, 0, 0, 0, 0, 0, 0, 0, 0, 0, 0, 0, 0, 0, 0, 0, 0, 0, 0, 0, 0, 0, 0, 0, 0, 0, 0, 0, 0, 0, 0, 0, 0, 0, 0, 0, 0, 0, 0, 0, 0, 0, 0, 0, 0, 0, 0, 0, 0, 0, 0, 0, 0, 0, 0, 0, 0, 0, 0, 0, 0, 0, 0, 0]	[0, 0, 0, 0, 0, 0, 0, 0, 0, 0, 0, 0, 0, 0, 0, 0, 0, 0, 0, 0, 0, 0, 0, 0, 0, 0, 0, 0, 0, 0, 0, 0, 0, 0, 0, 0, 0, 0, 0, 0, 0, 0, 0, 0, 0, 0, 0, 0, 0, 0, 0, 0, 0, 0, 0, 0, 0, 0, 0, 0, 0, 0, 0, 0, 0, 0, 0, 0, 0]	[0.00018100001034326851, 0.012820900010410696, 0.029048900003544986, 0.045945200021378696, 0.06220320001011714, 0.07895610001287423, 0.09575990002485923, 0.11212780000641942, 0.1291808000241872, 0.14610530002391897, 0.16214600001694635, 0.1787847000232432, 0.19552540002041496, 0.2121124000113923, 0.22890170000027865, 0.24546330000157468, 0.26218830002471805, 0.27925570000661537, 0.29581760001019575, 0.31217250000918284, 0.3290273000020534, 0.3460493000166025, 0.3623797000036575, 0.3792080999992322, 0.39557950000744313, 0.4122026000113692, 0.42882359999930486, 0.4455833999963943, 0.4621558000217192, 0.4790493000182323, 0.4955294000101276, 0.5121718000154942, 0.5287980000139214, 0.5452485000132583, 0.5618568000209052, 0.5785434000135865, 0.595496699999785, 0.6118702000239864, 0.6286408000160009, 0.645331100007752, 0.6620530000072904, 0.6785568000050262, 0.6956223000015598, 0.7119340000208467, 0.7285833000205457, 0.7452362000185531, 0.7617879000026733, 0.7784809000149835, 0.7951871000113897, 0.81175340001937, 0.8287296000053175, 0.845248099998571, 0.8617922000121325, 0.8786059000121895, 0.8950147000141442, 0.9120396000216715, 0.9285802000085823, 0.945134000008693, 0.9616768000123557, 0.9785643000213895, 0.9950091000064276, 1.0119834000070114, 1.0286436000023969, 1.0450935999979265, 1.061819499998819, 1.0786229000077583, 1.0950955000007525, 1.111962199996924, 1.1287916000001132]	245.0	272.0	0.6	8a
209	7	go_nogo	0	60	6	go	click	[16.0, 25.0, 41.0, 73.0, 131.0, 171.0, 207.0, 237.0, 260.0, 273.0, 275.0, 276.0, 276.0, 276.0, 277.0, 277.0, 277.0, 277.0, 277.0, 275.0, 269.0, 257.0, 244.0, 237.0, 232.0, 230.0, 230.0, 230.0, 229.0, 229.0, 229.0, 229.0]	[-276.0, -252.0, -218.0, -137.0, 13.0, 121.0, 216.0, 285.0, 329.0, 351.0, 358.0, 359.0, 360.0, 360.0, 360.0, 360.0, 360.0, 360.0, 362.0, 363.0, 363.0, 356.0, 347.0, 336.0, 326.0, 322.0, 321.0, 320.0, 320.0, 319.0, 319.0, 319.0]	[0, 0, 0, 0, 0, 0, 0, 0, 0, 0, 0, 0, 0, 0, 0, 0, 0, 0, 0, 0, 0, 0, 0, 0, 0, 0, 0, 0, 0, 0, 0, 1]	[0, 0, 0, 0, 0, 0, 0, 0, 0, 0, 0, 0, 0, 0, 0, 0, 0, 0, 0, 0, 0, 0, 0, 0, 0, 0, 0, 0, 0, 0, 0, 0]	[0, 0, 0, 0, 0, 0, 0, 0, 0, 0, 0, 0, 0, 0, 0, 0, 0, 0, 0, 0, 0, 0, 0, 0, 0, 0, 0, 0, 0, 0, 0, 0]	[0.0001427999814040959, 0.012852699990617111, 0.029496499977540225, 0.046407399990130216, 0.06316469999728724, 0.0799764999828767, 0.09601479998673312, 0.1126769999973476, 0.12948219999088906, 0.14605799998389557, 0.16271429997868836, 0.1793331999797374, 0.19591339997714385, 0.2128624999895692, 0.22965319998911582, 0.24593459998141043, 0.2626299999828916, 0.2793202000029851, 0.2968801999813877, 0.31312229999457486, 0.3293178000021726, 0.3460932000016328, 0.36256259999936447, 0.3794460999779403, 0.3960058999946341, 0.4131338000006508, 0.42941529999370687, 0.44617869998910464, 0.4628339000046253, 0.4793204999878071, 0.495810899999924, 0.5127106999862008]	229.0	319.0	0.5	8a
210	7	go_nogo	0	60	8	go	click	[50.0, 50.0, 53.0, 69.0, 90.0, 111.0, 128.0, 152.0, 163.0, 168.0, 171.0, 172.0, 173.0, 175.0, 182.0, 191.0, 199.0, 207.0, 219.0, 222.0, 228.0, 229.0, 230.0, 231.0, 231.0, 231.0]	[-263.0, -263.0, -241.0, -173.0, -92.0, -14.0, 65.0, 142.0, 169.0, 181.0, 185.0, 187.0, 188.0, 190.0, 197.0, 210.0, 220.0, 236.0, 259.0, 267.0, 284.0, 289.0, 293.0, 296.0, 296.0, 296.0]	[0, 0, 0, 0, 0, 0, 0, 0, 0, 0, 0, 0, 0, 0, 0, 0, 0, 0, 0, 0, 0, 0, 0, 0, 0, 1]	[0, 0, 0, 0, 0, 0, 0, 0, 0, 0, 0, 0, 0, 0, 0, 0, 0, 0, 0, 0, 0, 0, 0, 0, 0, 0]	[0, 0, 0, 0, 0, 0, 0, 0, 0, 0, 0, 0, 0, 0, 0, 0, 0, 0, 0, 0, 0, 0, 0, 0, 0, 0]	[0.00022539999918080866, 0.01196550001623109, 0.028684599994448945, 0.04524629999650642, 0.06203309999546036, 0.07847010000841692, 0.09599110000999644, 0.11196629999903962, 0.12848220000159927, 0.14515140000730753, 0.16204090000246651, 0.17835229999036528, 0.19504089999827556, 0.21178270000382327, 0.2284605000168085, 0.24505800000042655, 0.2617554000171367, 0.2788855000108015, 0.29522309999447316, 0.31173660000786185, 0.328375999990385, 0.34496499999659136, 0.36182560000452213, 0.3785189999907743, 0.39530120001290925, 0.4119588999892585]	231.0	296.0	0.9	8a
211	7	go_nogo	0	60	2	go	click	[11.0, 11.0, 18.0, 34.0, 71.0, 101.0, 135.0, 152.0, 162.0, 169.0, 172.0, 174.0, 175.0, 177.0, 181.0, 185.0, 186.0, 187.0, 187.0, 187.0, 187.0]	[-262.0, -262.0, -226.0, -147.0, -21.0, 74.0, 160.0, 198.0, 222.0, 237.0, 246.0, 248.0, 250.0, 253.0, 261.0, 268.0, 271.0, 272.0, 272.0, 272.0, 272.0]	[0, 0, 0, 0, 0, 0, 0, 0, 0, 0, 0, 0, 0, 0, 0, 0, 0, 0, 0, 0, 1]	[0, 0, 0, 0, 0, 0, 0, 0, 0, 0, 0, 0, 0, 0, 0, 0, 0, 0, 0, 0, 0]	[0, 0, 0, 0, 0, 0, 0, 0, 0, 0, 0, 0, 0, 0, 0, 0, 0, 0, 0, 0, 0]	[0.0003538000164553523, 0.011533200013218448, 0.028102800017222762, 0.044942300010006875, 0.0614112000039313, 0.07816520001506433, 0.09500890001072548, 0.11158050000085495, 0.12781200002063997, 0.144545899995137, 0.16146390000358224, 0.1778109000006225, 0.19461810000939295, 0.21128350001526996, 0.22793550000642426, 0.24438869999721646, 0.26097760000266135, 0.27734010000131093, 0.2943074000068009, 0.31078689999412745, 0.3275838000117801]	187.0	272.0	0.5	8a
212	7	go_nogo	0	60	3	go	click	[10.0, 16.0, 23.0, 40.0, 62.0, 84.0, 100.0, 110.0, 119.0, 121.0, 121.0, 122.0, 122.0, 126.0, 136.0, 143.0, 144.0, 144.0, 144.0, 144.0, 144.0, 147.0, 151.0, 156.0, 159.0, 160.0, 160.0, 160.0]	[-261.0, -225.0, -182.0, -98.0, -10.0, 71.0, 129.0, 160.0, 184.0, 191.0, 192.0, 193.0, 195.0, 206.0, 231.0, 252.0, 257.0, 257.0, 257.0, 257.0, 257.0, 262.0, 270.0, 283.0, 291.0, 294.0, 294.0, 294.0]	[0, 0, 0, 0, 0, 0, 0, 0, 0, 0, 0, 0, 0, 0, 0, 0, 0, 0, 0, 0, 0, 0, 0, 0, 0, 0, 0, 1]	[0, 0, 0, 0, 0, 0, 0, 0, 0, 0, 0, 0, 0, 0, 0, 0, 0, 0, 0, 0, 0, 0, 0, 0, 0, 0, 0, 0]	[0, 0, 0, 0, 0, 0, 0, 0, 0, 0, 0, 0, 0, 0, 0, 0, 0, 0, 0, 0, 0, 0, 0, 0, 0, 0, 0, 0]	[9.319998207502067e-05, 0.011036999989300966, 0.028074499976355582, 0.04474759998265654, 0.06149379999260418, 0.07821789997979067, 0.09486809998634271, 0.11186889998498373, 0.12848499999381602, 0.14473639999050647, 0.16146619999199174, 0.17815139997401275, 0.19458659997326322, 0.21139409998431802, 0.2279512999812141, 0.2451549999823328, 0.2613552999973763, 0.2780622999998741, 0.29428759997244924, 0.31129549999604933, 0.32782169998972677, 0.34440299999550916, 0.36206359998323023, 0.37800029999925755, 0.3946404999878723, 0.4112236999790184, 0.42808629997307435, 0.4447780999762472]	160.0	294.0	0.9	8a
213	7	go_nogo	0	60	8	go	click	[70.0, 70.0, 102.0, 139.0, 173.0, 201.0, 220.0, 242.0, 263.0, 273.0, 280.0, 286.0, 287.0, 288.0, 288.0, 288.0, 287.0, 284.0, 280.0, 276.0, 269.0, 254.0, 244.0, 237.0, 231.0, 227.0, 226.0, 226.0, 226.0, 226.0, 226.0, 226.0]	[-277.0, -277.0, -207.0, -126.0, -49.0, 27.0, 85.0, 138.0, 194.0, 221.0, 240.0, 259.0, 266.0, 271.0, 273.0, 273.0, 274.0, 275.0, 277.0, 279.0, 283.0, 290.0, 296.0, 300.0, 303.0, 304.0, 304.0, 304.0, 304.0, 305.0, 305.0, 305.0]	[0, 0, 0, 0, 0, 0, 0, 0, 0, 0, 0, 0, 0, 0, 0, 0, 0, 0, 0, 0, 0, 0, 0, 0, 0, 0, 0, 0, 0, 0, 0, 1]	[0, 0, 0, 0, 0, 0, 0, 0, 0, 0, 0, 0, 0, 0, 0, 0, 0, 0, 0, 0, 0, 0, 0, 0, 0, 0, 0, 0, 0, 0, 0, 0]	[0, 0, 0, 0, 0, 0, 0, 0, 0, 0, 0, 0, 0, 0, 0, 0, 0, 0, 0, 0, 0, 0, 0, 0, 0, 0, 0, 0, 0, 0, 0, 0]	[7.239999831654131e-05, 0.012833399989176542, 0.03006330001517199, 0.046341000008396804, 0.06285139999818057, 0.07966630000737496, 0.09658770001260564, 0.11315230000764132, 0.12991680001141503, 0.14625340001657605, 0.1638628999935463, 0.17957010000827722, 0.19645399998989888, 0.2130679000110831, 0.22962850000476465, 0.24655899999197572, 0.26279979999526404, 0.27959580000606366, 0.2963072000129614, 0.31285489999572746, 0.3294828000070993, 0.3465808999899309, 0.36284950000117533, 0.3794384000066202, 0.39627709999331273, 0.41296950000105426, 0.4293910000124015, 0.44599330000346527, 0.46274210000410676, 0.4793218999984674, 0.495674500009045, 0.5128061000141315]	226.0	305.0	1.0	8a
214	7	go_nogo	0	60	1	nogo	none	[10.0, 10.0, 19.0, 41.0, 64.0, 90.0, 127.0, 148.0, 162.0, 170.0, 174.0, 177.0, 179.0, 179.0, 181.0, 184.0, 188.0, 189.0, 189.0, 189.0, 189.0, 189.0, 189.0, 189.0, 189.0, 189.0, 189.0, 189.0, 189.0, 189.0, 189.0, 189.0, 189.0, 189.0, 189.0, 189.0, 189.0, 189.0, 189.0, 189.0, 189.0, 189.0, 189.0, 189.0, 190.0, 190.0, 190.0, 190.0, 190.0, 190.0, 190.0, 190.0, 190.0, 190.0, 190.0, 190.0, 190.0, 190.0, 190.0, 190.0]	[-250.0, -250.0, -214.0, -133.0, -36.0, 65.0, 180.0, 240.0, 277.0, 300.0, 319.0, 331.0, 335.0, 336.0, 339.0, 347.0, 353.0, 355.0, 355.0, 355.0, 355.0, 355.0, 355.0, 355.0, 355.0, 355.0, 355.0, 355.0, 355.0, 355.0, 355.0, 355.0, 355.0, 355.0, 355.0, 355.0, 355.0, 355.0, 355.0, 355.0, 355.0, 355.0, 355.0, 355.0, 355.0, 355.0, 355.0, 355.0, 355.0, 355.0, 355.0, 355.0, 355.0, 355.0, 355.0, 355.0, 355.0, 355.0, 355.0, 355.0]	[0, 0, 0, 0, 0, 0, 0, 0, 0, 0, 0, 0, 0, 0, 0, 0, 0, 0, 0, 0, 0, 0, 0, 0, 0, 0, 0, 0, 0, 0, 0, 0, 0, 0, 0, 0, 0, 0, 0, 0, 0, 0, 0, 0, 0, 0, 0, 0, 0, 0, 0, 0, 0, 0, 0, 0, 0, 0, 0, 0]	[0, 0, 0, 0, 0, 0, 0, 0, 0, 0, 0, 0, 0, 0, 0, 0, 0, 0, 0, 0, 0, 0, 0, 0, 0, 0, 0, 0, 0, 0, 0, 0, 0, 0, 0, 0, 0, 0, 0, 0, 0, 0, 0, 0, 0, 0, 0, 0, 0, 0, 0, 0, 0, 0, 0, 0, 0, 0, 0, 0]	[0, 0, 0, 0, 0, 0, 0, 0, 0, 0, 0, 0, 0, 0, 0, 0, 0, 0, 0, 0, 0, 0, 0, 0, 0, 0, 0, 0, 0, 0, 0, 0, 0, 0, 0, 0, 0, 0, 0, 0, 0, 0, 0, 0, 0, 0, 0, 0, 0, 0, 0, 0, 0, 0, 0, 0, 0, 0, 0, 0]	[0.00017790001584216952, 0.011628800013568252, 0.028475700004491955, 0.04495879999012686, 0.06171330000506714, 0.07823340001050383, 0.09568500000750646, 0.11231769999722019, 0.12827760001528077, 0.14513950000400655, 0.16153000001213513, 0.17831230000592768, 0.19505390000995249, 0.2116706999950111, 0.22819309998885728, 0.24497279999195598, 0.2615510000032373, 0.2780389999970794, 0.2946961999987252, 0.31140969999250956, 0.3283446000132244, 0.34469840000383556, 0.3612724000122398, 0.3784901000035461, 0.3947831999976188, 0.4114747999992687, 0.42807140000513755, 0.44497780001256615, 0.46138550000614487, 0.4780973000160884, 0.49495130000286736, 0.5114224000135437, 0.5280274999968242, 0.5447600999905262, 0.5614874000020791, 0.5779052000143565, 0.5947463999909814, 0.6115528999944218, 0.6278485000075307, 0.6445811000012327, 0.6613119000103325, 0.6781539999938104, 0.6947308999951929, 0.711541099997703, 0.7279293999890797, 0.744800699991174, 0.7612291999976151, 0.7779393999953754, 0.7944946000061464, 0.8115770000149496, 0.8278700000082608, 0.8447825000039302, 0.8621598999889102, 0.878051100007724, 0.8945439000090118, 0.9113623000157531, 0.9278243000153452, 0.9444996000092942, 0.9613730999990366, 0.9779807000013534]	n/a	n/a	0.6	8a
215	7	go_nogo	0	60	7	go	click	[55.0, 55.0, 74.0, 112.0, 172.0, 216.0, 245.0, 260.0, 262.0, 262.0, 262.0, 262.0, 262.0, 262.0, 262.0, 262.0, 262.0, 262.0, 262.0, 261.0, 255.0, 249.0, 241.0, 235.0, 231.0, 230.0, 230.0, 230.0, 230.0, 230.0, 230.0, 230.0, 230.0, 230.0]	[-187.0, -187.0, -133.0, -22.0, 151.0, 267.0, 346.0, 386.0, 395.0, 397.0, 398.0, 400.0, 402.0, 403.0, 404.0, 404.0, 404.0, 404.0, 404.0, 401.0, 381.0, 354.0, 329.0, 306.0, 295.0, 291.0, 290.0, 290.0, 290.0, 290.0, 290.0, 290.0, 290.0, 290.0]	[0, 0, 0, 0, 0, 0, 0, 0, 0, 0, 0, 0, 0, 0, 0, 0, 0, 0, 0, 0, 0, 0, 0, 0, 0, 0, 0, 0, 0, 0, 0, 0, 0, 1]	[0, 0, 0, 0, 0, 0, 0, 0, 0, 0, 0, 0, 0, 0, 0, 0, 0, 0, 0, 0, 0, 0, 0, 0, 0, 0, 0, 0, 0, 0, 0, 0, 0, 0]	[0, 0, 0, 0, 0, 0, 0, 0, 0, 0, 0, 0, 0, 0, 0, 0, 0, 0, 0, 0, 0, 0, 0, 0, 0, 0, 0, 0, 0, 0, 0, 0, 0, 0]	[0.0002666999935172498, 0.008981799997854978, 0.02564069998334162, 0.042910899996059015, 0.059463199984747916, 0.0759212999837473, 0.09307380000245757, 0.10949609999079257, 0.12577549999696203, 0.14279429998714477, 0.1590282999968622, 0.1772140999964904, 0.19228940000175498, 0.20902459998615086, 0.22564029999193735, 0.2422530000039842, 0.25884759999462403, 0.27561299997614697, 0.29251459997612983, 0.308896000002278, 0.3257789999770466, 0.34241409998503514, 0.3595564999850467, 0.3756412999937311, 0.3925368999771308, 0.4092377999913879, 0.4255942000017967, 0.44226499999058433, 0.4588973999780137, 0.476003399991896, 0.4922264000051655, 0.508722200000193, 0.5256040999956895, 0.542702399980044]	230.0	290.0	1.0	8a
216	7	go_nogo	0	60	3	go	click	[21.0, 33.0, 54.0, 101.0, 151.0, 192.0, 220.0, 242.0, 245.0, 248.0, 248.0, 248.0, 248.0, 248.0, 248.0, 248.0, 248.0, 248.0, 245.0, 239.0, 230.0, 222.0, 218.0, 215.0, 214.0, 214.0, 214.0, 214.0, 214.0, 214.0, 214.0, 214.0, 214.0, 214.0]	[-295.0, -254.0, -203.0, -64.0, 91.0, 229.0, 331.0, 426.0, 458.0, 473.0, 481.0, 486.0, 490.0, 493.0, 493.0, 493.0, 493.0, 493.0, 475.0, 449.0, 416.0, 387.0, 366.0, 351.0, 343.0, 341.0, 341.0, 341.0, 341.0, 340.0, 339.0, 339.0, 339.0, 339.0]	[0, 0, 0, 0, 0, 0, 0, 0, 0, 0, 0, 0, 0, 0, 0, 0, 0, 0, 0, 0, 0, 0, 0, 0, 0, 0, 0, 0, 0, 0, 0, 0, 0, 1]	[0, 0, 0, 0, 0, 0, 0, 0, 0, 0, 0, 0, 0, 0, 0, 0, 0, 0, 0, 0, 0, 0, 0, 0, 0, 0, 0, 0, 0, 0, 0, 0, 0, 0]	[0, 0, 0, 0, 0, 0, 0, 0, 0, 0, 0, 0, 0, 0, 0, 0, 0, 0, 0, 0, 0, 0, 0, 0, 0, 0, 0, 0, 0, 0, 0, 0, 0, 0]	[0.00013770000077784061, 0.012282199983019382, 0.029066599992802367, 0.04554329998791218, 0.062290499976370484, 0.07938369998009875, 0.0957979999948293, 0.11229119999916293, 0.12976189999608323, 0.14576699997996911, 0.16226579999784008, 0.17882669999380596, 0.1957512999942992, 0.21212279997416772, 0.22877210000297055, 0.24592869999469258, 0.26224339997861534, 0.2789751999953296, 0.29576859998633154, 0.3126316999841947, 0.32888200000161305, 0.3457408999965992, 0.36215959998662584, 0.37897329998668283, 0.39555899999686517, 0.4121722999843769, 0.4288112999929581, 0.4459987999871373, 0.4624828999803867, 0.4789864999765996, 0.49561899999389425, 0.5120154999895021, 0.5289655999804381, 0.5457044999930076]	214.0	339.0	1.0	8a
217	7	go_nogo	0	60	6	go	click	[33.0, 33.0, 62.0, 96.0, 114.0, 122.0, 130.0, 138.0, 155.0, 163.0, 167.0, 170.0, 171.0, 172.0, 172.0, 172.0, 172.0, 172.0, 172.0, 172.0, 172.0, 172.0, 172.0, 173.0, 176.0, 179.0, 181.0, 181.0, 181.0, 182.0, 182.0, 182.0, 182.0, 182.0]	[-264.0, -264.0, -177.0, -86.0, -27.0, 3.0, 27.0, 53.0, 109.0, 139.0, 162.0, 175.0, 183.0, 186.0, 188.0, 188.0, 188.0, 188.0, 188.0, 188.0, 188.0, 188.0, 189.0, 205.0, 237.0, 267.0, 289.0, 300.0, 303.0, 303.0, 303.0, 303.0, 303.0, 303.0]	[0, 0, 0, 0, 0, 0, 0, 0, 0, 0, 0, 0, 0, 0, 0, 0, 0, 0, 0, 0, 0, 0, 0, 0, 0, 0, 0, 0, 0, 0, 0, 0, 0, 1]	[0, 0, 0, 0, 0, 0, 0, 0, 0, 0, 0, 0, 0, 0, 0, 0, 0, 0, 0, 0, 0, 0, 0, 0, 0, 0, 0, 0, 0, 0, 0, 0, 0, 0]	[0, 0, 0, 0, 0, 0, 0, 0, 0, 0, 0, 0, 0, 0, 0, 0, 0, 0, 0, 0, 0, 0, 0, 0, 0, 0, 0, 0, 0, 0, 0, 0, 0, 0]	[0.00010880001354962587, 0.011357300012605265, 0.02772660000482574, 0.044611799996346235, 0.06157980000716634, 0.07817970000905916, 0.09497639999608509, 0.11267560001579113, 0.12793230000534095, 0.1447082000086084, 0.1615276999946218, 0.1783004000026267, 0.1946565000107512, 0.21115149999968708, 0.22770459999446757, 0.24447800000780262, 0.2611378000001423, 0.27775790001032874, 0.2943626000196673, 0.31102459999965504, 0.32767060000333004, 0.3444831999950111, 0.36186699999962, 0.37799920001998544, 0.39465370000107214, 0.4111857000098098, 0.4277608999982476, 0.4445400999975391, 0.4612724000180606, 0.47786830001859926, 0.4944703000073787, 0.511157800006913, 0.5278004000138026, 0.5448479000187945]	182.0	303.0	0.8	8a
218	7	go_nogo	0	60	9	nogo	none	[86.0, 86.0, 128.0, 162.0, 186.0, 202.0, 209.0, 212.0, 212.0, 212.0, 213.0, 213.0, 213.0, 213.0, 213.0, 213.0, 213.0, 213.0, 213.0, 213.0, 213.0]	[-172.0, -172.0, -49.0, 54.0, 132.0, 185.0, 220.0, 242.0, 255.0, 262.0, 270.0, 291.0, 309.0, 318.0, 319.0, 319.0, 319.0, 319.0, 320.0, 320.0, 320.0]	[0, 0, 0, 0, 0, 0, 0, 0, 0, 0, 0, 0, 0, 0, 0, 0, 0, 0, 0, 0, 1]	[0, 0, 0, 0, 0, 0, 0, 0, 0, 0, 0, 0, 0, 0, 0, 0, 0, 0, 0, 0, 0]	[0, 0, 0, 0, 0, 0, 0, 0, 0, 0, 0, 0, 0, 0, 0, 0, 0, 0, 0, 0, 0]	[0.00029590001213364303, 0.010001499991631135, 0.026669999992009252, 0.04315020001376979, 0.0598345999896992, 0.07654710000497289, 0.0934797000081744, 0.10995459998957813, 0.1267175000102725, 0.14335050000227056, 0.1602668999985326, 0.17644760000985116, 0.19346380000934005, 0.21002830000361428, 0.22643070001504384, 0.24335490001249127, 0.2598013000097126, 0.2770013000117615, 0.29306399999768473, 0.30977970000822097, 0.32656740001402795]	213.0	320.0	0.9	8a
219	7	go_nogo	0	60	7	go	click	[72.0, 72.0, 77.0, 91.0, 111.0, 124.0, 139.0, 154.0, 167.0, 178.0, 189.0, 199.0, 209.0, 218.0, 231.0, 244.0, 252.0, 256.0, 254.0, 253.0, 252.0, 252.0, 250.0, 248.0, 246.0, 244.0, 238.0, 232.0, 227.0, 219.0, 207.0, 199.0, 197.0, 197.0, 197.0, 197.0, 197.0, 197.0, 197.0, 197.0, 197.0]	[-266.0, -266.0, -245.0, -203.0, -152.0, -124.0, -93.0, -64.0, -34.0, -9.0, 18.0, 47.0, 86.0, 146.0, 240.0, 342.0, 411.0, 463.0, 480.0, 488.0, 489.0, 489.0, 489.0, 489.0, 487.0, 481.0, 471.0, 456.0, 437.0, 408.0, 353.0, 328.0, 320.0, 319.0, 319.0, 319.0, 319.0, 319.0, 319.0, 319.0, 319.0]	[0, 0, 0, 0, 0, 0, 0, 0, 0, 0, 0, 0, 0, 0, 0, 0, 0, 0, 0, 0, 0, 0, 0, 0, 0, 0, 0, 0, 0, 0, 0, 0, 0, 0, 0, 0, 0, 0, 0, 0, 1]	[0, 0, 0, 0, 0, 0, 0, 0, 0, 0, 0, 0, 0, 0, 0, 0, 0, 0, 0, 0, 0, 0, 0, 0, 0, 0, 0, 0, 0, 0, 0, 0, 0, 0, 0, 0, 0, 0, 0, 0, 0]	[0, 0, 0, 0, 0, 0, 0, 0, 0, 0, 0, 0, 0, 0, 0, 0, 0, 0, 0, 0, 0, 0, 0, 0, 0, 0, 0, 0, 0, 0, 0, 0, 0, 0, 0, 0, 0, 0, 0, 0, 0]	[0.00020629999926313758, 0.012074400001438335, 0.028676800022367388, 0.045651899999938905, 0.061993900017114356, 0.07931270002154633, 0.09527550000348128, 0.1129557000240311, 0.12885620002634823, 0.14524740001070313, 0.16201910001109354, 0.17875970000750385, 0.19538760001887567, 0.2118919000204187, 0.22864650000701658, 0.2453531000064686, 0.2619020999991335, 0.2785398000269197, 0.2953853000071831, 0.3122180000063963, 0.3285976000188384, 0.3451886000111699, 0.3619780000008177, 0.37858720001531765, 0.3951814000029117, 0.4121070000110194, 0.4286160000192467, 0.44539269999950193, 0.46181440001237206, 0.4785965000046417, 0.4952066000259947, 0.5122193999995943, 0.5287067000172101, 0.5452148000185844, 0.5620648000040092, 0.5789368000114337, 0.5957190000044648, 0.611947199999122, 0.6283946000039577, 0.6451039000239689, 0.6623943000158761]	197.0	319.0	0.5	8a
220	7	go_nogo	0	60	9	nogo	none	[68.0, 68.0, 87.0, 150.0, 178.0, 199.0, 211.0, 218.0, 221.0, 221.0, 221.0, 221.0, 223.0, 225.0, 226.0, 226.0, 226.0, 225.0, 220.0, 215.0, 213.0, 211.0, 211.0, 211.0, 211.0, 211.0, 211.0, 211.0, 211.0, 211.0, 211.0, 211.0, 211.0, 211.0, 211.0, 211.0, 211.0, 211.0, 211.0, 211.0, 211.0, 211.0, 211.0, 211.0, 211.0, 211.0, 211.0, 211.0, 211.0, 211.0, 211.0, 211.0, 211.0, 211.0, 211.0, 211.0, 211.0, 211.0, 211.0, 211.0, 211.0, 211.0, 211.0, 211.0]	[-216.0, -216.0, -162.0, 11.0, 98.0, 161.0, 198.0, 223.0, 235.0, 240.0, 244.0, 250.0, 257.0, 262.0, 265.0, 265.0, 266.0, 267.0, 274.0, 286.0, 297.0, 300.0, 300.0, 300.0, 300.0, 300.0, 300.0, 300.0, 300.0, 300.0, 300.0, 300.0, 300.0, 300.0, 300.0, 300.0, 300.0, 300.0, 300.0, 300.0, 300.0, 300.0, 300.0, 300.0, 300.0, 300.0, 300.0, 300.0, 300.0, 300.0, 300.0, 300.0, 300.0, 300.0, 300.0, 300.0, 300.0, 300.0, 300.0, 300.0, 300.0, 300.0, 300.0, 300.0]	[0, 0, 0, 0, 0, 0, 0, 0, 0, 0, 0, 0, 0, 0, 0, 0, 0, 0, 0, 0, 0, 0, 0, 0, 0, 0, 0, 0, 0, 0, 0, 0, 0, 0, 0, 0, 0, 0, 0, 0, 0, 0, 0, 0, 0, 0, 0, 0, 0, 0, 0, 0, 0, 0, 0, 0, 0, 0, 0, 0, 0, 0, 0, 0]	[0, 0, 0, 0, 0, 0, 0, 0, 0, 0, 0, 0, 0, 0, 0, 0, 0, 0, 0, 0, 0, 0, 0, 0, 0, 0, 0, 0, 0, 0, 0, 0, 0, 0, 0, 0, 0, 0, 0, 0, 0, 0, 0, 0, 0, 0, 0, 0, 0, 0, 0, 0, 0, 0, 0, 0, 0, 0, 0, 0, 0, 0, 0, 0]	[0, 0, 0, 0, 0, 0, 0, 0, 0, 0, 0, 0, 0, 0, 0, 0, 0, 0, 0, 0, 0, 0, 0, 0, 0, 0, 0, 0, 0, 0, 0, 0, 0, 0, 0, 0, 0, 0, 0, 0, 0, 0, 0, 0, 0, 0, 0, 0, 0, 0, 0, 0, 0, 0, 0, 0, 0, 0, 0, 0, 0, 0, 0, 0]	[0.0002035000070463866, 0.009535099990898743, 0.026334399997722358, 0.042762800003401935, 0.05937930001528002, 0.0760465000057593, 0.09255770000163466, 0.10971499999868684, 0.12608390001696534, 0.1428664000122808, 0.15942750000976957, 0.17599790001986548, 0.1925784999912139, 0.2094494000193663, 0.2259009999979753, 0.24249360000248998, 0.2592843000020366, 0.27604309999151155, 0.29317240000818856, 0.3095059000188485, 0.32616570001118816, 0.34260150001500733, 0.35919380001723766, 0.3760453000140842, 0.3923417000041809, 0.4090823000005912, 0.42573410001932643, 0.4424701000098139, 0.4591491000028327, 0.47576370000024326, 0.4924538000195753, 0.5090154999925289, 0.5257894000096712, 0.5424557999940589, 0.5591616000165232, 0.5758425999956671, 0.5922841000137851, 0.6090506000036839, 0.625785000011092, 0.6424480999994557, 0.6590714000049047, 0.6756879000167828, 0.6923181000165641, 0.7091048000147566, 0.7257549999922048, 0.7423374000063632, 0.7589668000000529, 0.7755510999995749, 0.7922151999955531, 0.8089666000159923, 0.8255460000073072, 0.8423822000040673, 0.8590771000017412, 0.875811200006865, 0.8925573000160512, 0.9091612000192981, 0.9257462999958079, 0.942210300010629, 0.9593276999949012, 0.9756324000190943, 0.9923388000170235, 1.0091620000021067, 1.0256777000031434, 1.0425912000064272]	n/a	n/a	0.7	8a
221	7	go_nogo	0	60	8	go	click	[76.0, 76.0, 94.0, 129.0, 159.0, 191.0, 201.0, 208.0, 211.0, 212.0, 212.0, 212.0, 212.0, 213.0, 214.0, 214.0, 212.0, 210.0, 209.0, 209.0, 209.0, 209.0]	[-205.0, -205.0, -159.0, -75.0, 16.0, 119.0, 160.0, 195.0, 219.0, 230.0, 239.0, 248.0, 260.0, 283.0, 301.0, 309.0, 311.0, 312.0, 313.0, 313.0, 314.0, 314.0]	[0, 0, 0, 0, 0, 0, 0, 0, 0, 0, 0, 0, 0, 0, 0, 0, 0, 0, 0, 0, 0, 1]	[0, 0, 0, 0, 0, 0, 0, 0, 0, 0, 0, 0, 0, 0, 0, 0, 0, 0, 0, 0, 0, 0]	[0, 0, 0, 0, 0, 0, 0, 0, 0, 0, 0, 0, 0, 0, 0, 0, 0, 0, 0, 0, 0, 0]	[0.00018339999951422215, 0.011435899999924004, 0.0280141000112053, 0.0445639000099618, 0.061237099987920374, 0.07852109998930246, 0.09462630000780337, 0.11114419999648817, 0.12794929998926818, 0.14446010001120158, 0.16104069998255, 0.17753739998443052, 0.19449960000929423, 0.2111035999841988, 0.22767019999446347, 0.24451270001009107, 0.2612082999839913, 0.277496800001245, 0.29422700000577606, 0.3111662000010256, 0.32764199998928234, 0.34465549999731593]	209.0	314.0	0.7	8a
222	7	go_nogo	0	60	7	go	click	[63.0, 63.0, 79.0, 114.0, 142.0, 159.0, 171.0, 185.0, 191.0, 195.0, 197.0, 199.0, 201.0, 202.0, 207.0, 214.0, 227.0, 243.0, 257.0, 257.0, 257.0, 255.0, 251.0, 250.0, 250.0, 250.0]	[-254.0, -254.0, -205.0, -91.0, -1.0, 61.0, 95.0, 137.0, 154.0, 166.0, 172.0, 178.0, 182.0, 186.0, 193.0, 208.0, 236.0, 269.0, 305.0, 312.0, 315.0, 319.0, 322.0, 325.0, 325.0, 325.0]	[0, 0, 0, 0, 0, 0, 0, 0, 0, 0, 0, 0, 0, 0, 0, 0, 0, 0, 0, 0, 0, 0, 0, 0, 0, 1]	[0, 0, 0, 0, 0, 0, 0, 0, 0, 0, 0, 0, 0, 0, 0, 0, 0, 0, 0, 0, 0, 0, 0, 0, 0, 0]	[0, 0, 0, 0, 0, 0, 0, 0, 0, 0, 0, 0, 0, 0, 0, 0, 0, 0, 0, 0, 0, 0, 0, 0, 0, 0]	[0.0001756999990902841, 0.010916100000031292, 0.027388199989218265, 0.04390699998475611, 0.06078599998727441, 0.07743289999780245, 0.0941158999921754, 0.11143919997266494, 0.12813199998345226, 0.14432129997294396, 0.16058979998342693, 0.17724449999514036, 0.19373969998559915, 0.21086369999102317, 0.22718269997858442, 0.24419669999042526, 0.26074259998858906, 0.27749629999743775, 0.2940659999730997, 0.3112556999840308, 0.32753139999113046, 0.34423489999608137, 0.3608339999918826, 0.3771025999740232, 0.3938727999920957, 0.4111535999982152]	249.0	325.0	0.9	8a
223	7	go_nogo	0	60	7	go	click	[36.0, 37.0, 38.0, 39.0, 45.0, 59.0, 85.0, 115.0, 145.0, 168.0, 185.0, 196.0, 206.0, 214.0, 221.0, 226.0, 228.0, 232.0, 234.0, 234.0, 234.0, 234.0, 234.0, 234.0, 234.0, 234.0]	[-298.0, -295.0, -291.0, -281.0, -258.0, -220.0, -145.0, -55.0, 36.0, 103.0, 159.0, 188.0, 217.0, 246.0, 273.0, 290.0, 301.0, 314.0, 327.0, 333.0, 334.0, 334.0, 334.0, 334.0, 334.0, 334.0]	[0, 0, 0, 0, 0, 0, 0, 0, 0, 0, 0, 0, 0, 0, 0, 0, 0, 0, 0, 0, 0, 0, 0, 0, 0, 1]	[0, 0, 0, 0, 0, 0, 0, 0, 0, 0, 0, 0, 0, 0, 0, 0, 0, 0, 0, 0, 0, 0, 0, 0, 0, 0]	[0, 0, 0, 0, 0, 0, 0, 0, 0, 0, 0, 0, 0, 0, 0, 0, 0, 0, 0, 0, 0, 0, 0, 0, 0, 0]	[0.0001900999923236668, 0.011693700012983754, 0.028298999997787178, 0.04530640001758002, 0.06182170001557097, 0.0784873999946285, 0.09494030001224019, 0.11162790001253597, 0.12842779999482445, 0.1449743999983184, 0.1615788000053726, 0.17904660000931472, 0.19550230001914315, 0.21131360001163557, 0.2278731999977026, 0.2450206000066828, 0.26143210000009276, 0.27820749999955297, 0.29499399999622256, 0.3112783000105992, 0.3280727000092156, 0.34469080000417307, 0.3612600000051316, 0.37790260001202114, 0.39455190001172014, 0.41202320001320913]	234.0	334.0	0.8	8a
224	7	go_nogo	0	60	9	nogo	none	[9.0, 9.0, 23.0, 38.0, 58.0, 83.0, 106.0, 120.0, 132.0, 143.0, 150.0, 154.0, 156.0, 160.0, 166.0, 169.0, 169.0, 169.0, 170.0, 173.0, 179.0, 185.0, 186.0, 186.0, 186.0, 186.0, 186.0, 186.0, 186.0, 186.0, 186.0, 186.0, 186.0, 186.0, 186.0, 186.0, 186.0, 186.0, 186.0, 186.0, 186.0, 186.0, 187.0, 187.0, 187.0, 187.0, 187.0, 187.0, 187.0, 187.0, 187.0, 187.0, 187.0, 187.0, 187.0, 187.0, 187.0, 187.0, 188.0, 188.0, 188.0, 188.0, 188.0, 189.0, 189.0, 189.0]	[-294.0, -294.0, -236.0, -164.0, -80.0, -5.0, 52.0, 91.0, 126.0, 157.0, 185.0, 194.0, 200.0, 211.0, 226.0, 235.0, 236.0, 236.0, 236.0, 246.0, 265.0, 282.0, 287.0, 288.0, 288.0, 288.0, 288.0, 288.0, 288.0, 288.0, 288.0, 288.0, 288.0, 288.0, 288.0, 288.0, 288.0, 288.0, 288.0, 288.0, 288.0, 288.0, 288.0, 288.0, 288.0, 288.0, 288.0, 288.0, 288.0, 288.0, 288.0, 288.0, 288.0, 288.0, 287.0, 287.0, 287.0, 287.0, 286.0, 286.0, 286.0, 286.0, 286.0, 286.0, 285.0, 285.0]	[0, 0, 0, 0, 0, 0, 0, 0, 0, 0, 0, 0, 0, 0, 0, 0, 0, 0, 0, 0, 0, 0, 0, 0, 0, 0, 0, 0, 0, 0, 0, 0, 0, 0, 0, 0, 0, 0, 0, 0, 0, 0, 0, 0, 0, 0, 0, 0, 0, 0, 0, 0, 0, 0, 0, 0, 0, 0, 0, 0, 0, 0, 0, 0, 0, 0]	[0, 0, 0, 0, 0, 0, 0, 0, 0, 0, 0, 0, 0, 0, 0, 0, 0, 0, 0, 0, 0, 0, 0, 0, 0, 0, 0, 0, 0, 0, 0, 0, 0, 0, 0, 0, 0, 0, 0, 0, 0, 0, 0, 0, 0, 0, 0, 0, 0, 0, 0, 0, 0, 0, 0, 0, 0, 0, 0, 0, 0, 0, 0, 0, 0, 0]	[0, 0, 0, 0, 0, 0, 0, 0, 0, 0, 0, 0, 0, 0, 0, 0, 0, 0, 0, 0, 0, 0, 0, 0, 0, 0, 0, 0, 0, 0, 0, 0, 0, 0, 0, 0, 0, 0, 0, 0, 0, 0, 0, 0, 0, 0, 0, 0, 0, 0, 0, 0, 0, 0, 0, 0, 0, 0, 0, 0, 0, 0, 0, 0, 0, 0]	[8.719999459572136e-05, 0.011175399995408952, 0.027622399997198954, 0.04417709997505881, 0.06104209998738952, 0.07749919997877441, 0.09412840000004508, 0.11081909999484196, 0.12756209998042323, 0.14419289998477325, 0.1610443999816198, 0.1775972999748774, 0.19487379997735843, 0.2109741999884136, 0.22769369999878109, 0.24416469997959211, 0.2606985999736935, 0.27732349999132566, 0.29387889997451566, 0.31056259997421876, 0.3273091999872122, 0.34413249997305684, 0.36070039999322034, 0.3770756999729201, 0.3939135999826249, 0.41077889999723993, 0.42730299997492693, 0.4439047999912873, 0.46051899998565204, 0.4772075999935623, 0.49383699998725206, 0.5106011999887414, 0.5274549999739975, 0.5439164999988861, 0.5605594999797177, 0.5772584999795072, 0.5937550999806263, 0.6104592999909073, 0.6270793000003323, 0.6440548999817111, 0.6607069999736268, 0.6774308999883942, 0.6938045999850146, 0.7105843999888748, 0.7268181999970693, 0.7439913999987766, 0.7606555999955162, 0.7771464999823365, 0.7938510999956634, 0.8105366999807302, 0.8271040999970865, 0.8437118999718223, 0.8605199999874458, 0.8773636999831069, 0.893690199998673, 0.9103474999719765, 0.9271281999826897, 0.9438087999878917, 0.9603360999899451, 0.9771563999820501, 0.9937066999846138, 1.010557899979176, 1.027382399974158, 1.0438151999842376, 1.0604059999750461, 1.0772030999942217]	n/a	n/a	0.7	8a
225	7	go_nogo	0	60	4	go	click	[72.0, 72.0, 75.0, 78.0, 85.0, 103.0, 116.0, 124.0, 131.0, 134.0, 137.0, 141.0, 144.0, 147.0, 155.0, 161.0, 167.0, 174.0, 176.0, 176.0, 176.0, 177.0, 177.0, 179.0, 180.0, 181.0, 181.0, 181.0, 181.0, 181.0, 181.0, 181.0, 181.0, 181.0, 181.0, 181.0, 181.0, 181.0, 181.0, 181.0, 181.0, 181.0, 181.0, 181.0, 181.0, 181.0, 181.0, 181.0, 181.0, 181.0, 181.0, 181.0, 181.0, 180.0, 180.0]	[-290.0, -290.0, -281.0, -255.0, -203.0, -55.0, 50.0, 120.0, 161.0, 187.0, 208.0, 223.0, 242.0, 264.0, 289.0, 314.0, 333.0, 352.0, 354.0, 355.0, 355.0, 355.0, 355.0, 353.0, 353.0, 352.0, 352.0, 352.0, 352.0, 352.0, 352.0, 352.0, 352.0, 352.0, 352.0, 352.0, 352.0, 352.0, 352.0, 352.0, 352.0, 352.0, 352.0, 352.0, 352.0, 352.0, 352.0, 352.0, 352.0, 352.0, 348.0, 340.0, 331.0, 323.0, 323.0]	[0, 0, 0, 0, 0, 0, 0, 0, 0, 0, 0, 0, 0, 0, 0, 0, 0, 0, 0, 0, 0, 0, 0, 0, 0, 0, 0, 0, 1, 1, 1, 1, 1, 1, 0, 0, 0, 0, 0, 0, 0, 0, 0, 0, 0, 0, 0, 0, 0, 0, 0, 0, 0, 0, 1]	[0, 0, 0, 0, 0, 0, 0, 0, 0, 0, 0, 0, 0, 0, 0, 0, 0, 0, 0, 0, 0, 0, 0, 0, 0, 0, 0, 0, 0, 0, 0, 0, 0, 0, 0, 0, 0, 0, 0, 0, 0, 0, 0, 0, 0, 0, 0, 0, 0, 0, 0, 0, 0, 0, 0]	[0, 0, 0, 0, 0, 0, 0, 0, 0, 0, 0, 0, 0, 0, 0, 0, 0, 0, 0, 0, 0, 0, 0, 0, 0, 0, 0, 0, 0, 0, 0, 0, 0, 0, 0, 0, 0, 0, 0, 0, 0, 0, 0, 0, 0, 0, 0, 0, 0, 0, 0, 0, 0, 0, 0]	[0.00020280000171624124, 0.009262700012186542, 0.026216400001430884, 0.042814800021005794, 0.05984160001389682, 0.07633330000680871, 0.09251040001981892, 0.10942660001455806, 0.1261384000245016, 0.14260469999862835, 0.15940020000562072, 0.17585800000233576, 0.19267800002126023, 0.2094589000043925, 0.22601730001042597, 0.24276039999676868, 0.2594699000183027, 0.27693610001006164, 0.29250260000117123, 0.30924460000824183, 0.3262488000036683, 0.342741800006479, 0.35957739999867044, 0.3761918000236619, 0.3923872000013944, 0.4091210000042338, 0.42568100002245046, 0.4422783000045456, 0.45922800002153963, 0.47567010001512244, 0.4923576000146568, 0.5090855000016745, 0.5257143000198994, 0.5423849000071641, 0.5594365000142716, 0.5756699000194203, 0.5924631000088993, 0.6090072000224609, 0.625799300003564, 0.6426002000225708, 0.659070800000336, 0.6756769000203349, 0.6922761000168975, 0.7089994999987539, 0.7257747999974526, 0.7423896999971475, 0.7590830000117421, 0.7755821000027936, 0.7922844999993686, 0.8093310999975074, 0.8255686000047717, 0.84229420000338, 0.8590920999995433, 0.8756199000054039, 0.8923124000139069]	180.0	323.0	0.8	8a
226	7	go_nogo	0	60	9	nogo	none	[50.0, 50.0, 80.0, 106.0, 128.0, 147.0, 162.0, 174.0, 179.0, 183.0, 183.0, 183.0, 183.0, 183.0, 183.0, 183.0, 183.0, 183.0, 182.0, 181.0, 181.0, 181.0, 181.0, 181.0, 181.0, 181.0, 181.0, 181.0, 181.0, 181.0, 181.0, 181.0, 181.0, 181.0, 181.0, 181.0, 181.0, 181.0, 181.0, 181.0, 181.0, 181.0, 181.0, 181.0, 181.0, 181.0, 181.0, 181.0, 181.0, 181.0, 181.0, 181.0, 181.0, 181.0, 181.0, 181.0, 181.0, 181.0, 181.0, 181.0, 181.0, 181.0, 181.0]	[-246.0, -246.0, -177.0, -116.0, -63.0, -16.0, 31.0, 67.0, 102.0, 128.0, 155.0, 164.0, 180.0, 204.0, 230.0, 250.0, 261.0, 265.0, 268.0, 270.0, 271.0, 272.0, 272.0, 273.0, 273.0, 273.0, 273.0, 273.0, 273.0, 273.0, 273.0, 273.0, 273.0, 273.0, 273.0, 273.0, 273.0, 273.0, 273.0, 273.0, 273.0, 273.0, 273.0, 273.0, 273.0, 273.0, 273.0, 273.0, 273.0, 273.0, 273.0, 273.0, 273.0, 273.0, 273.0, 273.0, 273.0, 273.0, 273.0, 273.0, 273.0, 273.0, 273.0]	[0, 0, 0, 0, 0, 0, 0, 0, 0, 0, 0, 0, 0, 0, 0, 0, 0, 0, 0, 0, 0, 0, 0, 0, 0, 0, 0, 0, 0, 0, 0, 0, 0, 0, 0, 0, 0, 0, 0, 0, 0, 0, 0, 0, 0, 0, 0, 0, 0, 0, 0, 0, 0, 0, 0, 0, 0, 0, 0, 0, 0, 0, 0]	[0, 0, 0, 0, 0, 0, 0, 0, 0, 0, 0, 0, 0, 0, 0, 0, 0, 0, 0, 0, 0, 0, 0, 0, 0, 0, 0, 0, 0, 0, 0, 0, 0, 0, 0, 0, 0, 0, 0, 0, 0, 0, 0, 0, 0, 0, 0, 0, 0, 0, 0, 0, 0, 0, 0, 0, 0, 0, 0, 0, 0, 0, 0]	[0, 0, 0, 0, 0, 0, 0, 0, 0, 0, 0, 0, 0, 0, 0, 0, 0, 0, 0, 0, 0, 0, 0, 0, 0, 0, 0, 0, 0, 0, 0, 0, 0, 0, 0, 0, 0, 0, 0, 0, 0, 0, 0, 0, 0, 0, 0, 0, 0, 0, 0, 0, 0, 0, 0, 0, 0, 0, 0, 0, 0, 0, 0]	[0.0002066000015474856, 0.011334000009810552, 0.027438699995400384, 0.04437370001687668, 0.0614730000088457, 0.07800259999930859, 0.09483230000478216, 0.11139440000988543, 0.12809529999503866, 0.14468440000200644, 0.16163839999353513, 0.17801810000673868, 0.19492300000274554, 0.2110656000149902, 0.22801750001963228, 0.24497359999804758, 0.2611171000171453, 0.2779129999980796, 0.2946432000026107, 0.3112519000133034, 0.3279513000161387, 0.34437720000278205, 0.3614342999935616, 0.3778496000159066, 0.3943698999937624, 0.4110625000030268, 0.4277396000106819, 0.44435110001359135, 0.4610240000183694, 0.4776860999991186, 0.49458270001923665, 0.5110690000001341, 0.5279754000075627, 0.5443877000070643, 0.5610427999927197, 0.5775430999929085, 0.5942692999960855, 0.6108762999938335, 0.627730000007432, 0.6442229000094812, 0.6608688000123948, 0.6775710000074469, 0.6942389000032563, 0.7110370000009425, 0.7276017999975011, 0.7443667000043206, 0.761023800005205, 0.7775641000189353, 0.7940806999977212, 0.810959800001001, 0.8274256000004243, 0.8443128000071738, 0.8611156000115443, 0.8776361000200268, 0.8940372999932151, 0.9107729000097606, 0.9275234999950044, 0.944258000003174, 0.9610677000018768, 0.9776270000147633, 0.994327099993825, 1.0110471000079997, 1.0276072999986354]	n/a	n/a	0.6	8a
227	7	go_nogo	0	60	2	go	click	[26.0, 26.0, 31.0, 43.0, 58.0, 77.0, 98.0, 114.0, 119.0, 121.0, 124.0, 126.0, 130.0, 135.0, 138.0, 138.0, 138.0, 138.0, 138.0, 139.0, 142.0, 144.0, 147.0, 149.0, 151.0, 153.0, 155.0, 157.0, 158.0, 158.0, 158.0]	[-275.0, -275.0, -252.0, -166.0, -75.0, 13.0, 90.0, 146.0, 165.0, 171.0, 181.0, 189.0, 210.0, 239.0, 252.0, 253.0, 253.0, 253.0, 253.0, 256.0, 261.0, 268.0, 275.0, 280.0, 284.0, 289.0, 292.0, 294.0, 296.0, 296.0, 296.0]	[0, 0, 0, 0, 0, 0, 0, 0, 0, 0, 0, 0, 0, 0, 0, 0, 0, 0, 0, 0, 0, 0, 0, 0, 0, 0, 0, 0, 0, 0, 1]	[0, 0, 0, 0, 0, 0, 0, 0, 0, 0, 0, 0, 0, 0, 0, 0, 0, 0, 0, 0, 0, 0, 0, 0, 0, 0, 0, 0, 0, 0, 0]	[0, 0, 0, 0, 0, 0, 0, 0, 0, 0, 0, 0, 0, 0, 0, 0, 0, 0, 0, 0, 0, 0, 0, 0, 0, 0, 0, 0, 0, 0, 0]	[0.00017750001279637218, 0.010539500013692304, 0.026637400005711243, 0.043195600010221824, 0.05992960001458414, 0.07665180001640692, 0.09357160000945441, 0.11004400000092573, 0.1266802000172902, 0.14320420002331957, 0.1599599000182934, 0.17649800001527183, 0.1933621000207495, 0.20992500000284053, 0.22674020001431927, 0.24322070000926033, 0.26007690001279116, 0.2767325000022538, 0.2937699000176508, 0.3101044000068214, 0.32729260000633076, 0.34383620001608506, 0.3598196000093594, 0.3765393000212498, 0.39307290001306683, 0.40981579999788664, 0.42654710001079366, 0.4431539000070188, 0.45983600002364255, 0.47636460000649095, 0.4933858000149485]	158.0	296.0	0.6	8a
228	7	go_nogo	0	60	1	nogo	none	[69.0, 69.0, 77.0, 96.0, 115.0, 155.0, 176.0, 191.0, 206.0, 217.0, 225.0, 228.0, 229.0, 229.0, 229.0, 227.0, 221.0, 216.0, 213.0, 213.0, 212.0, 212.0, 212.0, 212.0, 212.0, 212.0, 212.0, 212.0, 212.0, 212.0, 212.0, 212.0, 212.0, 212.0, 212.0, 212.0, 212.0, 212.0, 212.0, 212.0, 212.0, 212.0, 212.0, 212.0, 212.0, 212.0, 212.0, 212.0, 212.0, 212.0, 212.0, 212.0, 212.0, 212.0, 212.0, 212.0, 212.0, 212.0, 212.0, 212.0, 212.0, 212.0, 212.0]	[-281.0, -281.0, -264.0, -226.0, -178.0, -84.0, -24.0, 25.0, 75.0, 114.0, 147.0, 177.0, 199.0, 212.0, 222.0, 234.0, 261.0, 282.0, 293.0, 297.0, 297.0, 297.0, 297.0, 297.0, 297.0, 297.0, 297.0, 297.0, 297.0, 297.0, 297.0, 297.0, 297.0, 297.0, 297.0, 297.0, 297.0, 297.0, 297.0, 297.0, 297.0, 297.0, 297.0, 297.0, 297.0, 297.0, 297.0, 297.0, 297.0, 297.0, 297.0, 297.0, 297.0, 297.0, 297.0, 297.0, 297.0, 297.0, 297.0, 297.0, 297.0, 297.0, 297.0]	[0, 0, 0, 0, 0, 0, 0, 0, 0, 0, 0, 0, 0, 0, 0, 0, 0, 0, 0, 0, 0, 0, 0, 0, 0, 0, 0, 0, 0, 0, 0, 0, 0, 0, 0, 0, 0, 0, 0, 0, 0, 0, 0, 0, 0, 0, 0, 0, 0, 0, 0, 0, 0, 0, 0, 0, 0, 0, 0, 0, 0, 0, 0]	[0, 0, 0, 0, 0, 0, 0, 0, 0, 0, 0, 0, 0, 0, 0, 0, 0, 0, 0, 0, 0, 0, 0, 0, 0, 0, 0, 0, 0, 0, 0, 0, 0, 0, 0, 0, 0, 0, 0, 0, 0, 0, 0, 0, 0, 0, 0, 0, 0, 0, 0, 0, 0, 0, 0, 0, 0, 0, 0, 0, 0, 0, 0]	[0, 0, 0, 0, 0, 0, 0, 0, 0, 0, 0, 0, 0, 0, 0, 0, 0, 0, 0, 0, 0, 0, 0, 0, 0, 0, 0, 0, 0, 0, 0, 0, 0, 0, 0, 0, 0, 0, 0, 0, 0, 0, 0, 0, 0, 0, 0, 0, 0, 0, 0, 0, 0, 0, 0, 0, 0, 0, 0, 0, 0, 0, 0]	[0.000202300027012825, 0.010195100010605529, 0.026985200005583465, 0.04377600000589155, 0.06003630001214333, 0.07768640000722371, 0.0948262000165414, 0.11000890002469532, 0.1266211000038311, 0.14345710002817214, 0.16017670001019724, 0.1768875000125263, 0.19336300002760254, 0.20964520002598874, 0.2266620000009425, 0.2436005000199657, 0.26011050000670366, 0.2769253000151366, 0.2933774000266567, 0.3098022000049241, 0.3268574000103399, 0.3431000000273343, 0.35981430002721027, 0.3765086000203155, 0.39325670001562685, 0.4098443000111729, 0.42662330000894144, 0.44323740000254475, 0.45981680002296343, 0.47653270000591874, 0.4930908000096679, 0.509761300025275, 0.5265988000028301, 0.543037000024924, 0.5597094000258949, 0.5763934999995399, 0.5930277000006754, 0.6097153000009712, 0.6263147000281606, 0.6429942000249866, 0.6597265000164043, 0.6763190000201575, 0.6929450000170618, 0.7099818000278901, 0.7265228000178467, 0.7430376000120305, 0.7598414000240155, 0.7766212999995332, 0.7930666000174824, 0.8096304000064265, 0.8263083000201732, 0.8431086000055075, 0.8597993000003044, 0.8763515000173356, 0.892833400022937, 0.9095369999995455, 0.9264657000021543, 0.9429493000207003, 0.9598091000225395, 0.9764399000268895, 0.992929500003811, 1.0099217000242788, 1.0263093000103254]	n/a	n/a	0.6	8a
229	7	go_nogo	0	60	8	go	click	[36.0, 36.0, 86.0, 153.0, 221.0, 294.0, 359.0, 405.0, 437.0, 452.0, 460.0, 464.0, 466.0, 466.0, 466.0, 466.0, 466.0, 466.0, 459.0, 441.0, 414.0, 386.0, 357.0, 334.0, 322.0, 312.0, 305.0, 295.0, 283.0, 276.0, 274.0, 273.0, 272.0, 269.0, 262.0, 255.0, 239.0, 223.0, 215.0, 214.0, 214.0, 214.0, 214.0]	[-299.0, -299.0, -186.0, -51.0, 65.0, 175.0, 273.0, 345.0, 397.0, 429.0, 446.0, 455.0, 460.0, 460.0, 460.0, 460.0, 460.0, 460.0, 455.0, 445.0, 428.0, 416.0, 403.0, 393.0, 388.0, 381.0, 377.0, 371.0, 364.0, 359.0, 359.0, 359.0, 358.0, 356.0, 350.0, 343.0, 329.0, 318.0, 314.0, 314.0, 314.0, 314.0, 314.0]	[0, 0, 0, 0, 0, 0, 0, 0, 0, 0, 0, 0, 0, 0, 0, 0, 0, 0, 0, 0, 0, 0, 0, 0, 0, 0, 0, 0, 0, 0, 0, 0, 0, 0, 0, 0, 0, 0, 0, 0, 0, 0, 1]	[0, 0, 0, 0, 0, 0, 0, 0, 0, 0, 0, 0, 0, 0, 0, 0, 0, 0, 0, 0, 0, 0, 0, 0, 0, 0, 0, 0, 0, 0, 0, 0, 0, 0, 0, 0, 0, 0, 0, 0, 0, 0, 0]	[0, 0, 0, 0, 0, 0, 0, 0, 0, 0, 0, 0, 0, 0, 0, 0, 0, 0, 0, 0, 0, 0, 0, 0, 0, 0, 0, 0, 0, 0, 0, 0, 0, 0, 0, 0, 0, 0, 0, 0, 0, 0, 0]	[8.610001532360911e-05, 0.0110082000028342, 0.02713550001499243, 0.04363450000528246, 0.060186700022313744, 0.0769094999996014, 0.09365320001961663, 0.11032950002118014, 0.127306900016265, 0.14368239999748766, 0.16028670000378042, 0.17702240002108738, 0.1937231000047177, 0.21023880000575446, 0.2271136000053957, 0.24357950000558048, 0.2601664000249002, 0.27720949999638833, 0.29366350002237596, 0.31000920000951737, 0.327122100017732, 0.3438588000135496, 0.3602680000185501, 0.37695289999828674, 0.39376780000748113, 0.4103954000165686, 0.42697190001490526, 0.4435117000248283, 0.46014910002122633, 0.47688170001492836, 0.4936502000200562, 0.5101792000059504, 0.5268797000171617, 0.5434096000099089, 0.5603808000159916, 0.5770893000008073, 0.5942569000180811, 0.610985500010429, 0.6268773000047076, 0.6433857000083663, 0.6610719000163954, 0.6767620000173338, 0.6935397000052035]	214.0	314.0	0.9	8a
230	7	go_nogo	0	60	1	nogo	none	[47.0, 47.0, 62.0, 82.0, 114.0, 145.0, 185.0, 214.0, 249.0, 274.0, 285.0, 291.0, 293.0, 295.0, 296.0, 296.0, 296.0, 294.0, 289.0, 283.0, 267.0, 250.0, 237.0, 225.0, 218.0, 215.0, 215.0, 215.0, 215.0, 215.0, 215.0, 215.0, 215.0, 215.0, 215.0, 215.0, 215.0, 215.0, 215.0, 215.0, 215.0, 215.0, 215.0, 215.0, 215.0, 215.0, 215.0, 215.0, 215.0, 215.0, 215.0, 215.0, 215.0, 215.0, 215.0, 215.0, 215.0, 215.0, 215.0, 215.0, 215.0, 215.0, 215.0, 215.0, 215.0, 215.0, 215.0, 215.0, 215.0]	[-289.0, -289.0, -259.0, -214.0, -148.0, -72.0, 10.0, 75.0, 149.0, 202.0, 230.0, 245.0, 251.0, 259.0, 263.0, 264.0, 265.0, 267.0, 269.0, 273.0, 277.0, 282.0, 286.0, 293.0, 297.0, 298.0, 298.0, 298.0, 298.0, 298.0, 299.0, 299.0, 299.0, 299.0, 299.0, 299.0, 299.0, 299.0, 299.0, 299.0, 299.0, 299.0, 299.0, 299.0, 299.0, 299.0, 299.0, 299.0, 299.0, 299.0, 299.0, 299.0, 299.0, 299.0, 299.0, 299.0, 299.0, 299.0, 299.0, 299.0, 299.0, 299.0, 299.0, 299.0, 299.0, 299.0, 299.0, 299.0, 299.0]	[0, 0, 0, 0, 0, 0, 0, 0, 0, 0, 0, 0, 0, 0, 0, 0, 0, 0, 0, 0, 0, 0, 0, 0, 0, 0, 0, 0, 0, 0, 0, 0, 0, 0, 0, 0, 0, 0, 0, 0, 0, 0, 0, 0, 0, 0, 0, 0, 0, 0, 0, 0, 0, 0, 0, 0, 0, 0, 0, 0, 0, 0, 0, 0, 0, 0, 0, 0, 0]	[0, 0, 0, 0, 0, 0, 0, 0, 0, 0, 0, 0, 0, 0, 0, 0, 0, 0, 0, 0, 0, 0, 0, 0, 0, 0, 0, 0, 0, 0, 0, 0, 0, 0, 0, 0, 0, 0, 0, 0, 0, 0, 0, 0, 0, 0, 0, 0, 0, 0, 0, 0, 0, 0, 0, 0, 0, 0, 0, 0, 0, 0, 0, 0, 0, 0, 0, 0, 0]	[0, 0, 0, 0, 0, 0, 0, 0, 0, 0, 0, 0, 0, 0, 0, 0, 0, 0, 0, 0, 0, 0, 0, 0, 0, 0, 0, 0, 0, 0, 0, 0, 0, 0, 0, 0, 0, 0, 0, 0, 0, 0, 0, 0, 0, 0, 0, 0, 0, 0, 0, 0, 0, 0, 0, 0, 0, 0, 0, 0, 0, 0, 0, 0, 0, 0, 0, 0, 0]	[0.00012139999307692051, 0.01036369998473674, 0.02702149999095127, 0.04360669999732636, 0.06058109999867156, 0.07701340000494383, 0.09383709999383427, 0.11028629998327233, 0.12694659997941926, 0.14348929998232052, 0.16035829999600537, 0.1771582999790553, 0.19422919998760335, 0.210700600000564, 0.22737379997852258, 0.24392179999267682, 0.2603845999983605, 0.2769875999947544, 0.29394049997790717, 0.3104213000042364, 0.32721719998517074, 0.34382369997911155, 0.36026839999249205, 0.377175100002205, 0.39418179998756386, 0.41015779998269863, 0.42666949998238124, 0.44344999999157153, 0.45995619997847825, 0.4768166999856476, 0.4936362000007648, 0.510114100005012, 0.5267167999991216, 0.5435250999871641, 0.5603569999802858, 0.5767971999885049, 0.5933504999848083, 0.6102915999945253, 0.6267730999970809, 0.6433509000053164, 0.660046799981501, 0.6769663000013679, 0.6934290000062902, 0.7100189999910071, 0.7266328999830876, 0.7434312999830581, 0.760014700004831, 0.776524499990046, 0.793303599988576, 0.8099636999832001, 0.8269886999914888, 0.84335640000063, 0.8599425999855157, 0.87675239998498, 0.893106200004695, 0.9099764999991748, 0.9266522999969311, 0.9431199999817181, 0.9597421999787912, 0.9767429000057746, 0.9936359999992419, 1.0099915000027977, 1.0265097999945283, 1.0432422999874689, 1.059868499985896, 1.0765409999876283, 1.0929272999928799, 1.109803200000897, 1.1262749999877997]	n/a	n/a	0.8	8a
231	7	go_nogo	0	60	3	go	click	[52.0, 52.0, 56.0, 73.0, 95.0, 121.0, 139.0, 152.0, 166.0, 180.0, 196.0, 206.0, 211.0, 214.0, 214.0, 214.0, 215.0, 217.0, 217.0, 218.0, 218.0, 218.0, 218.0, 218.0, 218.0, 218.0, 218.0, 218.0, 218.0, 218.0, 218.0, 218.0, 218.0, 218.0, 218.0, 218.0, 218.0, 218.0, 218.0, 218.0, 218.0, 218.0, 217.0, 217.0, 216.0, 216.0]	[-277.0, -277.0, -246.0, -159.0, -70.0, 27.0, 96.0, 145.0, 185.0, 227.0, 270.0, 303.0, 326.0, 337.0, 342.0, 343.0, 348.0, 357.0, 358.0, 358.0, 358.0, 358.0, 358.0, 358.0, 358.0, 358.0, 358.0, 358.0, 358.0, 358.0, 358.0, 358.0, 358.0, 358.0, 358.0, 358.0, 358.0, 358.0, 358.0, 358.0, 346.0, 324.0, 306.0, 296.0, 294.0, 294.0]	[0, 0, 0, 0, 0, 0, 0, 0, 0, 0, 0, 0, 0, 0, 0, 0, 0, 0, 0, 0, 0, 1, 1, 1, 1, 1, 1, 0, 0, 0, 0, 0, 0, 0, 0, 0, 0, 0, 0, 0, 0, 0, 0, 0, 0, 1]	[0, 0, 0, 0, 0, 0, 0, 0, 0, 0, 0, 0, 0, 0, 0, 0, 0, 0, 0, 0, 0, 0, 0, 0, 0, 0, 0, 0, 0, 0, 0, 0, 0, 0, 0, 0, 0, 0, 0, 0, 0, 0, 0, 0, 0, 0]	[0, 0, 0, 0, 0, 0, 0, 0, 0, 0, 0, 0, 0, 0, 0, 0, 0, 0, 0, 0, 0, 0, 0, 0, 0, 0, 0, 0, 0, 0, 0, 0, 0, 0, 0, 0, 0, 0, 0, 0, 0, 0, 0, 0, 0, 0]	[0.00019760002032853663, 0.009704700001748279, 0.02660350000951439, 0.043056100024841726, 0.060044400015613064, 0.07675090001430362, 0.09396480000577867, 0.11022700002649799, 0.1267109000182245, 0.14327760000014678, 0.1601282000192441, 0.17671790000167675, 0.1933597000024747, 0.21024470002157614, 0.22687750001205131, 0.24314980002236553, 0.2599165000137873, 0.27653700002701953, 0.2934469000028912, 0.30979800000204705, 0.32678640002268367, 0.34314580002683215, 0.3595420000201557, 0.3762645000242628, 0.3928524000220932, 0.4094354000117164, 0.4264483000151813, 0.4431526000262238, 0.4595110000227578, 0.476299600006314, 0.49280920001911, 0.509709500009194, 0.5262414000171702, 0.5429436000122223, 0.5594820000114851, 0.5764008000260219, 0.5930762000207324, 0.6097013000107836, 0.6266151000163518, 0.643746200017631, 0.659974800015334, 0.6771427000057884, 0.6935238000005484, 0.7098793000041042, 0.7265979000076186, 0.7434307000075933]	216.0	294.0	0.6	8a
232	7	go_nogo	0	60	4	go	click	[43.0, 43.0, 45.0, 54.0, 68.0, 91.0, 115.0, 145.0, 156.0, 161.0, 163.0, 163.0, 164.0, 166.0, 167.0, 167.0, 167.0, 167.0, 169.0, 176.0, 184.0, 190.0, 192.0, 193.0, 193.0, 193.0]	[-229.0, -229.0, -187.0, -110.0, -27.0, 65.0, 143.0, 222.0, 253.0, 266.0, 269.0, 270.0, 271.0, 273.0, 273.0, 273.0, 273.0, 273.0, 273.0, 275.0, 275.0, 277.0, 278.0, 278.0, 278.0, 278.0]	[0, 0, 0, 0, 0, 0, 0, 0, 0, 0, 0, 0, 0, 0, 0, 0, 0, 0, 0, 0, 0, 0, 0, 0, 0, 1]	[0, 0, 0, 0, 0, 0, 0, 0, 0, 0, 0, 0, 0, 0, 0, 0, 0, 0, 0, 0, 0, 0, 0, 0, 0, 0]	[0, 0, 0, 0, 0, 0, 0, 0, 0, 0, 0, 0, 0, 0, 0, 0, 0, 0, 0, 0, 0, 0, 0, 0, 0, 0]	[0.00018770000315271318, 0.0105801000026986, 0.027308299992000684, 0.044771799992304295, 0.0604868000082206, 0.07737909999559633, 0.09380020000389777, 0.11081109999213368, 0.12795560000813566, 0.14440180000383407, 0.16076080000493675, 0.17750119999982417, 0.1941264999913983, 0.2108754999935627, 0.22723499999847263, 0.24378849999629892, 0.26048190001165494, 0.27746539999498054, 0.29420329999993555, 0.3111514000047464, 0.3272528999950737, 0.3441082999925129, 0.3608759999915492, 0.3770317000162322, 0.39374230001703836, 0.4108563000045251]	193.0	278.0	1.0	8a
233	7	go_nogo	0	60	7	go	click	[39.0, 39.0, 47.0, 70.0, 99.0, 129.0, 160.0, 173.0, 182.0, 190.0, 195.0, 199.0, 201.0, 203.0, 204.0, 204.0, 205.0, 205.0, 207.0, 210.0, 213.0, 214.0, 215.0, 215.0, 218.0, 219.0, 219.0, 219.0, 219.0]	[-267.0, -267.0, -242.0, -168.0, -89.0, -16.0, 83.0, 114.0, 138.0, 157.0, 169.0, 178.0, 185.0, 189.0, 191.0, 193.0, 195.0, 201.0, 214.0, 233.0, 250.0, 260.0, 271.0, 280.0, 289.0, 295.0, 295.0, 295.0, 295.0]	[0, 0, 0, 0, 0, 0, 0, 0, 0, 0, 0, 0, 0, 0, 0, 0, 0, 0, 0, 0, 0, 0, 0, 0, 0, 0, 0, 0, 1]	[0, 0, 0, 0, 0, 0, 0, 0, 0, 0, 0, 0, 0, 0, 0, 0, 0, 0, 0, 0, 0, 0, 0, 0, 0, 0, 0, 0, 0]	[0, 0, 0, 0, 0, 0, 0, 0, 0, 0, 0, 0, 0, 0, 0, 0, 0, 0, 0, 0, 0, 0, 0, 0, 0, 0, 0, 0, 0]	[0.0002531999780330807, 0.011427299992647022, 0.028054499998688698, 0.044628199975704774, 0.06130569998640567, 0.07805159999406897, 0.0946830999746453, 0.1116953999735415, 0.12786719997529872, 0.14478699999745004, 0.1614011999918148, 0.17779709998285398, 0.1943918999750167, 0.2112044999958016, 0.22774439997738227, 0.24461199998040684, 0.26115269999718294, 0.2778859999962151, 0.2946928999735974, 0.3110725999868009, 0.3280240999883972, 0.3445357999880798, 0.3612392999930307, 0.3778992999868933, 0.3947631999908481, 0.4110826999822166, 0.42760749999433756, 0.4443485999945551, 0.460840299987467]	219.0	295.0	0.9	8a
234	7	go_nogo	0	60	7	go	click	[51.0, 51.0, 58.0, 80.0, 97.0, 110.0, 118.0, 124.0, 128.0, 130.0, 132.0, 135.0, 139.0, 143.0, 145.0, 146.0, 148.0, 153.0, 162.0, 171.0, 181.0, 194.0, 205.0, 215.0, 220.0, 222.0, 223.0, 223.0, 223.0, 224.0, 224.0]	[-203.0, -203.0, -167.0, -60.0, 1.0, 47.0, 79.0, 100.0, 112.0, 118.0, 125.0, 133.0, 143.0, 151.0, 156.0, 158.0, 162.0, 169.0, 182.0, 196.0, 216.0, 239.0, 268.0, 294.0, 307.0, 314.0, 315.0, 315.0, 317.0, 317.0, 317.0]	[0, 0, 0, 0, 0, 0, 0, 0, 0, 0, 0, 0, 0, 0, 0, 0, 0, 0, 0, 0, 0, 0, 0, 0, 0, 0, 0, 0, 0, 0, 1]	[0, 0, 0, 0, 0, 0, 0, 0, 0, 0, 0, 0, 0, 0, 0, 0, 0, 0, 0, 0, 0, 0, 0, 0, 0, 0, 0, 0, 0, 0, 0]	[0, 0, 0, 0, 0, 0, 0, 0, 0, 0, 0, 0, 0, 0, 0, 0, 0, 0, 0, 0, 0, 0, 0, 0, 0, 0, 0, 0, 0, 0, 0]	[0.00021840000408701599, 0.012386399990646169, 0.02897149999625981, 0.04590570001164451, 0.06282190000638366, 0.07969680000678636, 0.09582260000752285, 0.11244019999867305, 0.12910220000776462, 0.1458719999936875, 0.16249429999152198, 0.17912310000974685, 0.19608709999010898, 0.21241470001405105, 0.22909840001375414, 0.24580850001075305, 0.26242380001349375, 0.2791258000070229, 0.2960591999872122, 0.31231280000065453, 0.3291274000075646, 0.34576369999558665, 0.3623813999874983, 0.37902930000564083, 0.39564010000322014, 0.4125095999916084, 0.4289780000108294, 0.44578390000970103, 0.46211620001122355, 0.47893059998750687, 0.4959554999950342]	224.0	317.0	0.5	8a
235	7	go_nogo	0	60	2	go	click	[63.0, 63.0, 78.0, 100.0, 123.0, 142.0, 156.0, 162.0, 167.0, 172.0, 177.0, 185.0, 188.0, 193.0, 194.0, 194.0, 194.0, 194.0, 194.0, 194.0, 195.0, 196.0, 197.0, 197.0, 197.0, 198.0, 202.0, 206.0, 212.0, 216.0, 217.0, 217.0, 217.0]	[-257.0, -257.0, -207.0, -140.0, -70.0, -7.0, 36.0, 67.0, 91.0, 118.0, 148.0, 191.0, 202.0, 224.0, 227.0, 227.0, 227.0, 227.0, 227.0, 227.0, 229.0, 233.0, 234.0, 235.0, 237.0, 243.0, 256.0, 275.0, 292.0, 305.0, 309.0, 309.0, 309.0]	[0, 0, 0, 0, 0, 0, 0, 0, 0, 0, 0, 0, 0, 0, 0, 0, 0, 0, 0, 0, 0, 0, 0, 0, 0, 0, 0, 0, 0, 0, 0, 0, 1]	[0, 0, 0, 0, 0, 0, 0, 0, 0, 0, 0, 0, 0, 0, 0, 0, 0, 0, 0, 0, 0, 0, 0, 0, 0, 0, 0, 0, 0, 0, 0, 0, 0]	[0, 0, 0, 0, 0, 0, 0, 0, 0, 0, 0, 0, 0, 0, 0, 0, 0, 0, 0, 0, 0, 0, 0, 0, 0, 0, 0, 0, 0, 0, 0, 0, 0]	[7.199999527074397e-05, 0.012228800012962893, 0.028498400002717972, 0.044934700010344386, 0.06174600002123043, 0.07853650001925416, 0.09530860002269037, 0.11174980000942014, 0.12857850000727922, 0.14494710002327338, 0.16179959999863058, 0.178260600019712, 0.19490160001441836, 0.21171000000322238, 0.22838720001163892, 0.24498560000211, 0.2616631000128109, 0.27830120001453906, 0.29473270001471974, 0.3115925000165589, 0.32809560000896454, 0.3449481000134256, 0.36164310001186095, 0.37833239999599755, 0.3949778999958653, 0.41211220002151094, 0.42835410000407137, 0.4448928000056185, 0.4617034000111744, 0.4780969000130426, 0.49474280001595616, 0.5113728000142146, 0.52839990000939]	217.0	309.0	0.6	8a
236	7	go_nogo	0	60	1	nogo	none	[10.0, 10.0, 18.0, 27.0, 34.0, 37.0, 40.0, 44.0, 49.0, 57.0, 69.0, 86.0, 105.0, 117.0, 126.0, 133.0, 136.0, 140.0, 144.0, 146.0, 146.0, 146.0, 146.0, 146.0, 146.0, 146.0, 146.0, 146.0, 146.0, 146.0, 146.0, 146.0, 146.0, 146.0, 146.0, 146.0, 146.0, 146.0, 146.0, 146.0, 146.0, 146.0, 146.0, 146.0, 146.0, 146.0, 146.0, 146.0, 146.0, 146.0, 146.0, 146.0, 146.0, 146.0, 146.0, 146.0, 146.0, 146.0, 146.0, 146.0, 146.0, 146.0]	[-282.0, -282.0, -249.0, -206.0, -163.0, -125.0, -89.0, -53.0, -15.0, 24.0, 60.0, 100.0, 160.0, 191.0, 216.0, 232.0, 241.0, 250.0, 255.0, 256.0, 256.0, 256.0, 256.0, 256.0, 256.0, 256.0, 256.0, 256.0, 256.0, 256.0, 256.0, 256.0, 256.0, 256.0, 256.0, 256.0, 256.0, 257.0, 257.0, 257.0, 257.0, 257.0, 257.0, 257.0, 257.0, 257.0, 257.0, 257.0, 257.0, 257.0, 257.0, 257.0, 257.0, 257.0, 257.0, 257.0, 257.0, 257.0, 257.0, 257.0, 257.0, 257.0]	[0, 0, 0, 0, 0, 0, 0, 0, 0, 0, 0, 0, 0, 0, 0, 0, 0, 0, 0, 0, 0, 0, 0, 0, 0, 0, 0, 0, 0, 0, 0, 0, 0, 0, 0, 0, 0, 0, 0, 0, 0, 0, 0, 0, 0, 0, 0, 0, 0, 0, 0, 0, 0, 0, 0, 0, 0, 0, 0, 0, 0, 0]	[0, 0, 0, 0, 0, 0, 0, 0, 0, 0, 0, 0, 0, 0, 0, 0, 0, 0, 0, 0, 0, 0, 0, 0, 0, 0, 0, 0, 0, 0, 0, 0, 0, 0, 0, 0, 0, 0, 0, 0, 0, 0, 0, 0, 0, 0, 0, 0, 0, 0, 0, 0, 0, 0, 0, 0, 0, 0, 0, 0, 0, 0]	[0, 0, 0, 0, 0, 0, 0, 0, 0, 0, 0, 0, 0, 0, 0, 0, 0, 0, 0, 0, 0, 0, 0, 0, 0, 0, 0, 0, 0, 0, 0, 0, 0, 0, 0, 0, 0, 0, 0, 0, 0, 0, 0, 0, 0, 0, 0, 0, 0, 0, 0, 0, 0, 0, 0, 0, 0, 0, 0, 0, 0, 0]	[7.410001126118004e-05, 0.01085140000213869, 0.02707499999087304, 0.0437724000075832, 0.06044530001236126, 0.07707959998515435, 0.09376119999797083, 0.11018700001295656, 0.12697780001326464, 0.14354300001286902, 0.1604180999856908, 0.17711719998624176, 0.19357689999742433, 0.21020199998747557, 0.2272238000005018, 0.24358680000295863, 0.2604618000041228, 0.27699360001133755, 0.2935488999937661, 0.3099485000129789, 0.3268191000097431, 0.34335499998996966, 0.35989449999760836, 0.37691009999252856, 0.39367910000146367, 0.4101599999994505, 0.426719699986279, 0.44339749999926426, 0.4600769999960903, 0.4767250999866519, 0.49332360000698827, 0.5100300000049174, 0.5267605000117328, 0.5434701000049245, 0.5600413999927696, 0.5765493999933824, 0.5934047999908216, 0.6101028000121005, 0.6268518999859225, 0.6433342999953311, 0.659880899998825, 0.676819299987983, 0.6934019000036642, 0.7100867000117432, 0.7266030999890063, 0.7432837999949697, 0.7600731999846175, 0.7766227000101935, 0.793422599992482, 0.8097293000028003, 0.8265507000032812, 0.8433124999864958, 0.8600027000065893, 0.8767621000006329, 0.8933647999947425, 0.9100417000008747, 0.9268183000094723, 0.9432705999934115, 0.9598016999952961, 0.9766079999972135, 0.9940190000052098, 1.0097064999863505]	n/a	n/a	0.5	8a
237	7	go_nogo	0	60	2	go	click	[22.0, 22.0, 30.0, 34.0, 49.0, 60.0, 71.0, 79.0, 86.0, 89.0, 92.0, 96.0, 99.0, 100.0, 100.0, 100.0, 103.0, 111.0, 127.0, 144.0, 158.0, 165.0, 170.0, 171.0, 172.0, 178.0, 183.0, 186.0, 186.0, 186.0, 186.0]	[-149.0, -149.0, -45.0, 42.0, 125.0, 199.0, 251.0, 287.0, 316.0, 339.0, 357.0, 373.0, 383.0, 384.0, 384.0, 384.0, 383.0, 377.0, 365.0, 350.0, 337.0, 329.0, 323.0, 321.0, 319.0, 310.0, 304.0, 302.0, 302.0, 302.0, 302.0]	[0, 0, 0, 0, 0, 0, 0, 0, 0, 0, 0, 0, 0, 0, 0, 0, 0, 0, 0, 0, 0, 0, 0, 0, 0, 0, 0, 0, 0, 0, 1]	[0, 0, 0, 0, 0, 0, 0, 0, 0, 0, 0, 0, 0, 0, 0, 0, 0, 0, 0, 0, 0, 0, 0, 0, 0, 0, 0, 0, 0, 0, 0]	[0, 0, 0, 0, 0, 0, 0, 0, 0, 0, 0, 0, 0, 0, 0, 0, 0, 0, 0, 0, 0, 0, 0, 0, 0, 0, 0, 0, 0, 0, 0]	[0.00026780000189319253, 0.011084199999459088, 0.027448499982710928, 0.044358599989209324, 0.06095499999355525, 0.07751790000475012, 0.09439869999187067, 0.11088540000491776, 0.12753139997948892, 0.1443153999862261, 0.16086360000190325, 0.17766669997945428, 0.1944253999972716, 0.21088830000371672, 0.2276928999926895, 0.2444303999945987, 0.26086099998792633, 0.2773158999916632, 0.29428939998615533, 0.31098280000151135, 0.32768049999140203, 0.34461430000374094, 0.36070570000447333, 0.377538500004448, 0.3941739999863785, 0.4110045999987051, 0.42751740000676364, 0.44395970000186935, 0.46073570000589825, 0.4774662999843713, 0.4941971999942325]	186.0	302.0	0.5	8a
238	7	go_nogo	0	60	2	go	click	[47.0, 52.0, 57.0, 65.0, 73.0, 83.0, 98.0, 122.0, 127.0, 129.0, 128.0, 127.0, 124.0, 123.0, 122.0, 121.0, 121.0, 121.0, 121.0, 121.0, 121.0, 132.0, 147.0, 163.0, 174.0, 181.0, 185.0, 190.0, 194.0, 198.0, 203.0, 203.0, 203.0, 203.0, 204.0, 204.0, 204.0, 204.0, 204.0, 204.0, 204.0, 204.0, 204.0, 204.0]	[-288.0, -277.0, -264.0, -239.0, -207.0, -146.0, -47.0, 122.0, 209.0, 268.0, 309.0, 334.0, 351.0, 360.0, 365.0, 370.0, 373.0, 377.0, 379.0, 379.0, 379.0, 371.0, 351.0, 331.0, 317.0, 310.0, 301.0, 296.0, 290.0, 285.0, 282.0, 281.0, 281.0, 281.0, 281.0, 281.0, 281.0, 281.0, 281.0, 281.0, 281.0, 281.0, 281.0, 281.0]	[0, 0, 0, 0, 0, 0, 0, 0, 0, 0, 0, 0, 0, 0, 0, 0, 0, 0, 0, 0, 0, 0, 0, 0, 0, 0, 0, 0, 0, 0, 0, 0, 0, 0, 0, 0, 0, 0, 0, 0, 0, 0, 0, 1]	[0, 0, 0, 0, 0, 0, 0, 0, 0, 0, 0, 0, 0, 0, 0, 0, 0, 0, 0, 0, 0, 0, 0, 0, 0, 0, 0, 0, 0, 0, 0, 0, 0, 0, 0, 0, 0, 0, 0, 0, 0, 0, 0, 0]	[0, 0, 0, 0, 0, 0, 0, 0, 0, 0, 0, 0, 0, 0, 0, 0, 0, 0, 0, 0, 0, 0, 0, 0, 0, 0, 0, 0, 0, 0, 0, 0, 0, 0, 0, 0, 0, 0, 0, 0, 0, 0, 0, 0]	[0.00015619999612681568, 0.012175599986221641, 0.028498100000433624, 0.04524059998220764, 0.06186129999696277, 0.07851229998050258, 0.0950375999964308, 0.11208530000294559, 0.12837960000615567, 0.14540779998060316, 0.1618634999904316, 0.1785457999794744, 0.1951843999850098, 0.21162379998713732, 0.22851929999887943, 0.24517179999384098, 0.2618205999897327, 0.27851030000601895, 0.29511429998092353, 0.3117095000052359, 0.3284235000028275, 0.3450871999957599, 0.3616899999906309, 0.37858249997952953, 0.3949209999991581, 0.41204579998156987, 0.42839509999612346, 0.444965200003935, 0.46170809998875484, 0.47872059998917393, 0.49517049998394214, 0.5118409999995492, 0.528190299984999, 0.545219099993119, 0.561599299981026, 0.5782597000070382, 0.5947917999874335, 0.611486599984346, 0.6282753999985289, 0.6447298999992199, 0.6615547999972478, 0.6783393000077922, 0.694859599985648, 0.7118452999857254]	204.0	281.0	0.9	8a
239	7	go_nogo	0	60	6	go	click	[55.0, 55.0, 60.0, 67.0, 75.0, 85.0, 93.0, 104.0, 112.0, 122.0, 133.0, 139.0, 143.0, 147.0, 151.0, 155.0, 156.0, 158.0, 160.0, 166.0, 171.0, 176.0, 176.0, 177.0, 177.0, 177.0]	[-283.0, -283.0, -241.0, -189.0, -127.0, -50.0, 23.0, 86.0, 129.0, 162.0, 198.0, 215.0, 230.0, 245.0, 258.0, 265.0, 267.0, 269.0, 272.0, 274.0, 276.0, 277.0, 277.0, 277.0, 277.0, 277.0]	[0, 0, 0, 0, 0, 0, 0, 0, 0, 0, 0, 0, 0, 0, 0, 0, 0, 0, 0, 0, 0, 0, 0, 0, 0, 1]	[0, 0, 0, 0, 0, 0, 0, 0, 0, 0, 0, 0, 0, 0, 0, 0, 0, 0, 0, 0, 0, 0, 0, 0, 0, 0]	[0, 0, 0, 0, 0, 0, 0, 0, 0, 0, 0, 0, 0, 0, 0, 0, 0, 0, 0, 0, 0, 0, 0, 0, 0, 0]	[7.300000288523734e-05, 0.011868200002936646, 0.02859659999376163, 0.04528329998720437, 0.062080000003334135, 0.07859359998838045, 0.0953293000056874, 0.11233939998783171, 0.12886619998607785, 0.14539950000471435, 0.16216979999444447, 0.17900959998951294, 0.19503519998397678, 0.21239519998198375, 0.2287423999805469, 0.24522159999469295, 0.26216959999874234, 0.2789409999968484, 0.29533799999626353, 0.3121493000071496, 0.3292502999829594, 0.34526129998266697, 0.3620883999974467, 0.3786443999852054, 0.39508509999723174, 0.4123134999827016]	177.0	277.0	1.0	8a
240	7	go_nogo	0	60	7	go	click	[78.0, 78.0, 95.0, 136.0, 188.0, 211.0, 219.0, 225.0, 229.0, 233.0, 237.0, 240.0, 242.0, 242.0, 242.0, 242.0, 242.0, 242.0, 242.0, 242.0, 242.0, 240.0, 239.0, 238.0]	[-179.0, -179.0, -119.0, 1.0, 150.0, 216.0, 253.0, 276.0, 291.0, 306.0, 321.0, 334.0, 341.0, 342.0, 342.0, 342.0, 342.0, 342.0, 342.0, 342.0, 340.0, 332.0, 327.0, 326.0]	[0, 0, 0, 0, 0, 0, 0, 0, 0, 0, 0, 0, 0, 0, 0, 0, 0, 0, 0, 0, 0, 0, 0, 1]	[0, 0, 0, 0, 0, 0, 0, 0, 0, 0, 0, 0, 0, 0, 0, 0, 0, 0, 0, 0, 0, 0, 0, 0]	[0, 0, 0, 0, 0, 0, 0, 0, 0, 0, 0, 0, 0, 0, 0, 0, 0, 0, 0, 0, 0, 0, 0, 0]	[0.0002601000014692545, 0.01155070000095293, 0.02786869998089969, 0.04459649999625981, 0.06137539999326691, 0.07819909998215735, 0.09471289999783039, 0.1111934999935329, 0.12771209998754784, 0.14456889999564737, 0.1612234000058379, 0.17828589997952804, 0.19455059999017976, 0.21089769998798147, 0.22767739999108016, 0.24465280000003986, 0.2609398000058718, 0.2776962000061758, 0.2946450999879744, 0.31155059998854995, 0.328049200004898, 0.3448930000013206, 0.3609961000038311, 0.37780769998789765]	238.0	326.0	0.9	8a
241	7	go_nogo	0	60	4	go	click	[-3.0, -1.0, -1.0, 1.0, 4.0, 10.0, 21.0, 33.0, 43.0, 57.0, 77.0, 84.0, 89.0, 93.0, 97.0, 101.0, 104.0, 107.0, 113.0, 122.0, 138.0, 162.0, 170.0, 172.0, 173.0, 173.0, 173.0, 175.0, 178.0, 179.0, 179.0, 179.0]	[-272.0, -244.0, -216.0, -145.0, -82.0, -14.0, 52.0, 108.0, 152.0, 189.0, 224.0, 232.0, 234.0, 237.0, 241.0, 245.0, 250.0, 253.0, 256.0, 258.0, 265.0, 275.0, 281.0, 282.0, 283.0, 283.0, 284.0, 286.0, 288.0, 289.0, 289.0, 289.0]	[0, 0, 0, 0, 0, 0, 0, 0, 0, 0, 0, 0, 0, 0, 0, 0, 0, 0, 0, 0, 0, 0, 0, 0, 0, 0, 0, 0, 0, 0, 0, 1]	[0, 0, 0, 0, 0, 0, 0, 0, 0, 0, 0, 0, 0, 0, 0, 0, 0, 0, 0, 0, 0, 0, 0, 0, 0, 0, 0, 0, 0, 0, 0, 0]	[0, 0, 0, 0, 0, 0, 0, 0, 0, 0, 0, 0, 0, 0, 0, 0, 0, 0, 0, 0, 0, 0, 0, 0, 0, 0, 0, 0, 0, 0, 0, 0]	[0.00011079999967478216, 0.010934700025245547, 0.02744210002128966, 0.04413550000754185, 0.06090920002316125, 0.07775730002322234, 0.09411390000605024, 0.11094280000543222, 0.12759650000953116, 0.14433410001220182, 0.1609492000134196, 0.17748179999762215, 0.19430250002187677, 0.21115580000332557, 0.22749440002371557, 0.24409400002332404, 0.26093499999842606, 0.27738320000935346, 0.2942221999983303, 0.3112453000212554, 0.32761870001559146, 0.34425710001960397, 0.3610513000166975, 0.3778683000127785, 0.3940035999985412, 0.41118330002063885, 0.4278096000198275, 0.4442845000012312, 0.46088050000253133, 0.4774760000000242, 0.49410120001994073, 0.5113807000161614]	179.0	289.0	0.5	8a
242	7	go_nogo	0	60	1	nogo	none	[47.0, 47.0, 72.0, 105.0, 148.0, 188.0, 218.0, 239.0, 248.0, 250.0, 252.0, 253.0, 253.0, 253.0, 253.0, 253.0, 253.0, 253.0, 253.0, 252.0, 249.0, 246.0, 242.0, 240.0, 239.0, 238.0, 238.0, 237.0, 237.0, 237.0, 237.0, 237.0, 237.0, 237.0, 237.0, 237.0, 237.0, 237.0, 237.0, 237.0, 237.0, 237.0, 237.0, 237.0, 237.0, 237.0, 237.0, 237.0, 237.0, 237.0, 237.0, 237.0, 237.0, 237.0, 237.0, 237.0, 237.0, 237.0, 237.0, 237.0, 237.0, 237.0, 237.0, 237.0, 237.0, 237.0, 237.0, 237.0, 237.0, 237.0]	[-262.0, -262.0, -191.0, -103.0, 9.0, 132.0, 226.0, 285.0, 316.0, 335.0, 344.0, 352.0, 354.0, 357.0, 359.0, 360.0, 360.0, 360.0, 360.0, 360.0, 358.0, 352.0, 347.0, 339.0, 337.0, 332.0, 328.0, 326.0, 326.0, 326.0, 325.0, 325.0, 325.0, 325.0, 325.0, 325.0, 325.0, 325.0, 325.0, 325.0, 325.0, 325.0, 325.0, 325.0, 325.0, 325.0, 325.0, 325.0, 325.0, 325.0, 325.0, 325.0, 325.0, 325.0, 325.0, 325.0, 325.0, 325.0, 325.0, 325.0, 325.0, 325.0, 325.0, 325.0, 325.0, 325.0, 325.0, 325.0, 325.0, 325.0]	[0, 0, 0, 0, 0, 0, 0, 0, 0, 0, 0, 0, 0, 0, 0, 0, 0, 0, 0, 0, 0, 0, 0, 0, 0, 0, 0, 0, 0, 0, 0, 0, 0, 0, 0, 0, 0, 0, 0, 0, 0, 0, 0, 0, 0, 0, 0, 0, 0, 0, 0, 0, 0, 0, 0, 0, 0, 0, 0, 0, 0, 0, 0, 0, 0, 0, 0, 0, 0, 0]	[0, 0, 0, 0, 0, 0, 0, 0, 0, 0, 0, 0, 0, 0, 0, 0, 0, 0, 0, 0, 0, 0, 0, 0, 0, 0, 0, 0, 0, 0, 0, 0, 0, 0, 0, 0, 0, 0, 0, 0, 0, 0, 0, 0, 0, 0, 0, 0, 0, 0, 0, 0, 0, 0, 0, 0, 0, 0, 0, 0, 0, 0, 0, 0, 0, 0, 0, 0, 0, 0]	[0, 0, 0, 0, 0, 0, 0, 0, 0, 0, 0, 0, 0, 0, 0, 0, 0, 0, 0, 0, 0, 0, 0, 0, 0, 0, 0, 0, 0, 0, 0, 0, 0, 0, 0, 0, 0, 0, 0, 0, 0, 0, 0, 0, 0, 0, 0, 0, 0, 0, 0, 0, 0, 0, 0, 0, 0, 0, 0, 0, 0, 0, 0, 0, 0, 0, 0, 0, 0, 0]	[9.139999747276306e-05, 0.011153799976455048, 0.027194299997063354, 0.04380819998914376, 0.06028649999643676, 0.07705449999775738, 0.09377869998570532, 0.11069139998289756, 0.12708929998916574, 0.14394899999024346, 0.16064609997556545, 0.17751069998485036, 0.19405629998072982, 0.21087849998730235, 0.22734079998917878, 0.2440340000030119, 0.2606372000009287, 0.2769503000017721, 0.2939689999911934, 0.3105193999945186, 0.32745409998460673, 0.3437784999841824, 0.3607713999808766, 0.37698469997849315, 0.3936403999978211, 0.41029810000327416, 0.4275101999810431, 0.44366920000175014, 0.4603175999945961, 0.4773041000007652, 0.4936548999976367, 0.5103329999838024, 0.5268394000013359, 0.5435698999790475, 0.5605988999886904, 0.5770690999925137, 0.5936617999977898, 0.6101296999840997, 0.6269792999955826, 0.6435777999868151, 0.6601921999827027, 0.676898199977586, 0.6934880999906454, 0.7101713999873027, 0.7269441999960691, 0.7436243999982253, 0.7604140999901574, 0.7771015999896917, 0.7935643999953754, 0.8103592999977991, 0.827108199999202, 0.8435698999965098, 0.8602619000012055, 0.8768977999861818, 0.8935658999835141, 0.9105195000011008, 0.9268693999911193, 0.9434903999790549, 0.9602414999972098, 0.9770099000015762, 0.9935026000021026, 1.0103399999788962, 1.0267334999807645, 1.0434156999981496, 1.0600703999807592, 1.0769769999897107, 1.0934910999785643, 1.1101443999796174, 1.1266628000012133, 1.1434941999905277]	n/a	n/a	0.5	8a
243	7	go_nogo	0	60	2	go	click	[33.0, 33.0, 43.0, 69.0, 103.0, 140.0, 186.0, 194.0, 199.0, 200.0, 201.0, 201.0, 202.0, 205.0, 209.0, 211.0, 212.0, 212.0, 212.0, 212.0, 212.0, 212.0, 214.0, 217.0, 217.0, 217.0, 217.0, 217.0, 217.0, 217.0, 217.0]	[-242.0, -242.0, -194.0, -93.0, 28.0, 166.0, 306.0, 333.0, 346.0, 356.0, 360.0, 361.0, 362.0, 367.0, 375.0, 379.0, 381.0, 381.0, 382.0, 382.0, 382.0, 382.0, 376.0, 358.0, 339.0, 327.0, 322.0, 322.0, 322.0, 321.0, 321.0]	[0, 0, 0, 0, 0, 0, 0, 0, 0, 0, 0, 0, 0, 0, 0, 0, 0, 0, 0, 0, 0, 0, 0, 0, 0, 0, 0, 0, 0, 0, 1]	[0, 0, 0, 0, 0, 0, 0, 0, 0, 0, 0, 0, 0, 0, 0, 0, 0, 0, 0, 0, 0, 0, 0, 0, 0, 0, 0, 0, 0, 0, 0]	[0, 0, 0, 0, 0, 0, 0, 0, 0, 0, 0, 0, 0, 0, 0, 0, 0, 0, 0, 0, 0, 0, 0, 0, 0, 0, 0, 0, 0, 0, 0]	[0.00028210002346895635, 0.01056540000718087, 0.027134900010423735, 0.04415490000974387, 0.06045640000957064, 0.07770930000697263, 0.0939148000034038, 0.11087030000635423, 0.12768649999634363, 0.14397800000733696, 0.16069260000949726, 0.17727820001891814, 0.1942875999957323, 0.21051380000426434, 0.2270587999955751, 0.24377610001829453, 0.26025010002194904, 0.2770205000124406, 0.2934444000129588, 0.3100869000190869, 0.326732700021239, 0.3438824000186287, 0.3603962000051979, 0.37695140001596883, 0.3937088000238873, 0.41064770001685247, 0.42675780001445673, 0.44351700000697747, 0.46050929999910295, 0.47686600001179613, 0.49362390002352186]	217.0	321.0	0.5	8a
244	7	go_nogo	0	60	3	go	click	[48.0, 48.0, 58.0, 88.0, 111.0, 123.0, 131.0, 135.0, 136.0, 138.0, 138.0, 138.0, 138.0, 138.0, 140.0, 144.0, 147.0, 149.0, 151.0, 152.0, 152.0, 152.0, 152.0, 152.0, 152.0, 152.0, 152.0]	[-297.0, -297.0, -267.0, -146.0, -49.0, 33.0, 94.0, 140.0, 172.0, 190.0, 198.0, 202.0, 206.0, 228.0, 253.0, 272.0, 283.0, 290.0, 294.0, 296.0, 296.0, 296.0, 296.0, 296.0, 296.0, 296.0, 296.0]	[0, 0, 0, 0, 0, 0, 0, 0, 0, 0, 0, 0, 0, 0, 0, 0, 0, 0, 0, 0, 0, 0, 0, 0, 0, 0, 1]	[0, 0, 0, 0, 0, 0, 0, 0, 0, 0, 0, 0, 0, 0, 0, 0, 0, 0, 0, 0, 0, 0, 0, 0, 0, 0, 0]	[0, 0, 0, 0, 0, 0, 0, 0, 0, 0, 0, 0, 0, 0, 0, 0, 0, 0, 0, 0, 0, 0, 0, 0, 0, 0, 0]	[6.970000686123967e-05, 0.01295370000298135, 0.029474600014509633, 0.04640779999317601, 0.06291569999302737, 0.07964060001540929, 0.09633990001748316, 0.1127035999961663, 0.13030660001095384, 0.14621450001141056, 0.16279659999418072, 0.17956300001242198, 0.19651209999574348, 0.21309050000854768, 0.23027689999435097, 0.24675049999495968, 0.26290299999527633, 0.27939179999521, 0.2963115000165999, 0.312651599990204, 0.3294854999985546, 0.34609470001305453, 0.3627394000068307, 0.3793258999940008, 0.39603520001401193, 0.4127036000136286, 0.42966490000253543]	152.0	296.0	0.6	8a
245	7	go_nogo	0	60	9	nogo	none	[76.0, 76.0, 143.0, 198.0, 235.0, 262.0, 275.0, 283.0, 288.0, 291.0, 292.0, 292.0, 291.0, 288.0, 284.0, 282.0, 280.0, 275.0, 270.0, 261.0, 251.0, 241.0, 232.0, 222.0, 212.0, 207.0, 207.0, 207.0, 207.0, 207.0, 207.0, 207.0, 207.0, 207.0, 207.0, 207.0, 207.0, 207.0, 207.0, 207.0, 207.0, 207.0, 207.0, 207.0, 207.0, 207.0, 207.0, 207.0, 207.0, 207.0, 207.0, 207.0, 207.0, 206.0, 206.0, 206.0, 206.0, 206.0, 206.0, 206.0, 206.0, 206.0, 206.0, 206.0, 206.0, 206.0, 206.0, 206.0, 206.0]	[-240.0, -240.0, -149.0, -57.0, 24.0, 92.0, 138.0, 168.0, 191.0, 212.0, 228.0, 241.0, 247.0, 255.0, 259.0, 260.0, 261.0, 261.0, 261.0, 262.0, 266.0, 269.0, 274.0, 279.0, 283.0, 286.0, 286.0, 286.0, 286.0, 286.0, 286.0, 286.0, 286.0, 286.0, 286.0, 286.0, 286.0, 286.0, 286.0, 286.0, 286.0, 286.0, 286.0, 286.0, 286.0, 286.0, 286.0, 286.0, 286.0, 286.0, 286.0, 286.0, 286.0, 286.0, 286.0, 286.0, 286.0, 286.0, 286.0, 286.0, 286.0, 286.0, 286.0, 286.0, 286.0, 286.0, 286.0, 286.0, 286.0]	[0, 0, 0, 0, 0, 0, 0, 0, 0, 0, 0, 0, 0, 0, 0, 0, 0, 0, 0, 0, 0, 0, 0, 0, 0, 0, 0, 0, 0, 0, 0, 0, 0, 0, 0, 0, 0, 0, 0, 0, 0, 0, 0, 0, 0, 0, 0, 0, 0, 0, 0, 0, 0, 0, 0, 0, 0, 0, 0, 0, 0, 0, 0, 0, 0, 0, 0, 0, 0]	[0, 0, 0, 0, 0, 0, 0, 0, 0, 0, 0, 0, 0, 0, 0, 0, 0, 0, 0, 0, 0, 0, 0, 0, 0, 0, 0, 0, 0, 0, 0, 0, 0, 0, 0, 0, 0, 0, 0, 0, 0, 0, 0, 0, 0, 0, 0, 0, 0, 0, 0, 0, 0, 0, 0, 0, 0, 0, 0, 0, 0, 0, 0, 0, 0, 0, 0, 0, 0]	[0, 0, 0, 0, 0, 0, 0, 0, 0, 0, 0, 0, 0, 0, 0, 0, 0, 0, 0, 0, 0, 0, 0, 0, 0, 0, 0, 0, 0, 0, 0, 0, 0, 0, 0, 0, 0, 0, 0, 0, 0, 0, 0, 0, 0, 0, 0, 0, 0, 0, 0, 0, 0, 0, 0, 0, 0, 0, 0, 0, 0, 0, 0, 0, 0, 0, 0, 0, 0]	[0.00020550002227537334, 0.010910800017882138, 0.028146399999968708, 0.044518600014271215, 0.06120789999840781, 0.07803299999795854, 0.09451090000220574, 0.1110165000136476, 0.12772340001538396, 0.14435430002049543, 0.16116310001234524, 0.17795720000867732, 0.19463199999881908, 0.21123919999809004, 0.22788950000540353, 0.24443849999806844, 0.2611734000092838, 0.2776933000131976, 0.29449230001773685, 0.31106170002021827, 0.3278170000121463, 0.34444040001835674, 0.3611784999957308, 0.37776480001048185, 0.3948376000043936, 0.4109312000218779, 0.42763940000440925, 0.4442150999966543, 0.4608128000108991, 0.4775567000033334, 0.494196900021052, 0.5108352999959607, 0.5276458000007551, 0.5443657000141684, 0.5608034000033513, 0.5773355000128504, 0.5942653999954928, 0.6108107000181917, 0.6274352000036743, 0.6443964000209235, 0.6608657000178937, 0.6775707000051625, 0.694086800009245, 0.7107813000038732, 0.7273368000169285, 0.7440213000227232, 0.7606933000206482, 0.7774744000053033, 0.7940587000048254, 0.8107433000113815, 0.8274314000154845, 0.8439747000229545, 0.8608165000041481, 0.8772731000208296, 0.8942877000081353, 0.9107047000143211, 0.9273199000163004, 0.9437805000052322, 0.9606919000216294, 0.9774022000201512, 0.9939308000029996, 1.010701400024118, 1.0274926999991294, 1.0440737000026274, 1.060702900023898, 1.0775361999985762, 1.0940042000147514, 1.1106769000180066, 1.127580600004876]	n/a	n/a	1.0	8a
246	7	go_nogo	0	60	4	go	click	[73.0, 86.0, 99.0, 127.0, 151.0, 175.0, 191.0, 200.0, 201.0, 203.0, 203.0, 202.0, 199.0, 195.0, 192.0, 189.0, 184.0, 180.0, 175.0, 175.0, 175.0, 177.0, 177.0, 177.0, 178.0, 180.0, 182.0, 186.0, 188.0, 189.0, 189.0, 189.0]	[-260.0, -233.0, -203.0, -145.0, -81.0, -18.0, 40.0, 76.0, 98.0, 113.0, 134.0, 148.0, 158.0, 164.0, 170.0, 175.0, 185.0, 202.0, 223.0, 243.0, 254.0, 258.0, 258.0, 261.0, 263.0, 267.0, 273.0, 278.0, 284.0, 284.0, 284.0, 284.0]	[0, 0, 0, 0, 0, 0, 0, 0, 0, 0, 0, 0, 0, 0, 0, 0, 0, 0, 0, 0, 0, 0, 0, 0, 0, 0, 0, 0, 0, 0, 0, 1]	[0, 0, 0, 0, 0, 0, 0, 0, 0, 0, 0, 0, 0, 0, 0, 0, 0, 0, 0, 0, 0, 0, 0, 0, 0, 0, 0, 0, 0, 0, 0, 0]	[0, 0, 0, 0, 0, 0, 0, 0, 0, 0, 0, 0, 0, 0, 0, 0, 0, 0, 0, 0, 0, 0, 0, 0, 0, 0, 0, 0, 0, 0, 0, 0]	[0.00019120000069960952, 0.010343900008592755, 0.027339299995219335, 0.04373679999844171, 0.060373000014806166, 0.0773306000046432, 0.09366810001665726, 0.11046279998845421, 0.12719249998917803, 0.14382450000266545, 0.16041589999804273, 0.1775361000036355, 0.19380290000117384, 0.2102422000025399, 0.22707100000116043, 0.24365180000313558, 0.26018610000028275, 0.2769454999943264, 0.2935181999928318, 0.3101234000059776, 0.32687970000552014, 0.34346329999971204, 0.36076529999263585, 0.3769517999899108, 0.39375260000815615, 0.410151499992935, 0.4267827000003308, 0.44347120000747964, 0.4608885000052396, 0.47680179998860694, 0.49356030000490136, 0.5104778000095394]	189.0	284.0	0.7	8a
247	7	go_nogo	0	60	6	go	click	[78.0, 78.0, 90.0, 106.0, 117.0, 125.0, 128.0, 131.0, 133.0, 136.0, 143.0, 146.0, 147.0, 147.0, 148.0, 148.0, 149.0, 150.0, 151.0, 153.0, 154.0, 158.0, 162.0, 165.0, 167.0, 170.0, 175.0, 179.0, 184.0, 186.0, 187.0, 187.0]	[-297.0, -297.0, -235.0, -163.0, -97.0, -43.0, 1.0, 41.0, 80.0, 122.0, 177.0, 199.0, 210.0, 211.0, 212.0, 214.0, 218.0, 224.0, 228.0, 231.0, 233.0, 241.0, 247.0, 253.0, 257.0, 263.0, 275.0, 286.0, 300.0, 306.0, 309.0, 309.0]	[0, 0, 0, 0, 0, 0, 0, 0, 0, 0, 0, 0, 0, 0, 0, 0, 0, 0, 0, 0, 0, 0, 0, 0, 0, 0, 0, 0, 0, 0, 0, 1]	[0, 0, 0, 0, 0, 0, 0, 0, 0, 0, 0, 0, 0, 0, 0, 0, 0, 0, 0, 0, 0, 0, 0, 0, 0, 0, 0, 0, 0, 0, 0, 0]	[0, 0, 0, 0, 0, 0, 0, 0, 0, 0, 0, 0, 0, 0, 0, 0, 0, 0, 0, 0, 0, 0, 0, 0, 0, 0, 0, 0, 0, 0, 0, 0]	[8.090000483207405e-05, 0.011617899988777936, 0.028081600001314655, 0.04484349998529069, 0.06143050000537187, 0.07812739998917095, 0.09503009999752976, 0.11172210000222549, 0.1281641999958083, 0.1448235999851022, 0.16206760000204667, 0.17861919998540543, 0.19509359999210574, 0.21152789998450316, 0.22828979999758303, 0.24487429999862798, 0.2614551000006031, 0.27822290000040084, 0.29477310000220314, 0.31160809998982586, 0.3286763000069186, 0.3445171999919694, 0.3615589000110049, 0.3781130999850575, 0.3949824000010267, 0.41150429999106564, 0.42818160000024363, 0.44509239998296835, 0.46137699999962933, 0.47836879998794757, 0.4947014999925159, 0.5117350000073202]	187.0	309.0	0.8	8a
248	7	go_nogo	0	60	3	go	click	[73.0, 73.0, 88.0, 120.0, 178.0, 194.0, 225.0, 235.0, 238.0, 238.0, 238.0, 238.0, 238.0, 238.0, 238.0, 238.0, 238.0, 238.0, 238.0, 238.0, 236.0, 227.0, 218.0, 208.0, 206.0, 205.0, 205.0, 205.0, 205.0, 205.0, 205.0, 205.0, 205.0, 205.0, 205.0, 205.0, 205.0, 205.0, 205.0, 205.0, 205.0, 205.0, 205.0, 205.0, 205.0, 205.0, 205.0, 202.0, 202.0, 201.0, 201.0, 201.0, 201.0, 201.0]	[-217.0, -217.0, -171.0, -57.0, 119.0, 168.0, 271.0, 304.0, 320.0, 331.0, 340.0, 348.0, 357.0, 362.0, 362.0, 362.0, 362.0, 362.0, 362.0, 362.0, 350.0, 320.0, 283.0, 256.0, 247.0, 247.0, 247.0, 247.0, 247.0, 247.0, 247.0, 247.0, 247.0, 247.0, 247.0, 247.0, 247.0, 247.0, 247.0, 247.0, 247.0, 247.0, 247.0, 247.0, 247.0, 247.0, 251.0, 268.0, 290.0, 305.0, 309.0, 309.0, 309.0, 309.0]	[0, 0, 0, 0, 0, 0, 0, 0, 0, 0, 0, 0, 0, 0, 0, 0, 0, 0, 0, 0, 0, 0, 0, 0, 0, 0, 0, 0, 1, 1, 1, 1, 1, 1, 1, 0, 0, 0, 0, 0, 0, 0, 0, 0, 0, 0, 0, 0, 0, 0, 0, 0, 0, 1]	[0, 0, 0, 0, 0, 0, 0, 0, 0, 0, 0, 0, 0, 0, 0, 0, 0, 0, 0, 0, 0, 0, 0, 0, 0, 0, 0, 0, 0, 0, 0, 0, 0, 0, 0, 0, 0, 0, 0, 0, 0, 0, 0, 0, 0, 0, 0, 0, 0, 0, 0, 0, 0, 0]	[0, 0, 0, 0, 0, 0, 0, 0, 0, 0, 0, 0, 0, 0, 0, 0, 0, 0, 0, 0, 0, 0, 0, 0, 0, 0, 0, 0, 0, 0, 0, 0, 0, 0, 0, 0, 0, 0, 0, 0, 0, 0, 0, 0, 0, 0, 0, 0, 0, 0, 0, 0, 0, 0]	[0.00023710000095888972, 0.009932999993907288, 0.02671619999455288, 0.04393710001022555, 0.05984629999147728, 0.07685499999206513, 0.0933534000068903, 0.1100661999953445, 0.12658459998783655, 0.14304920000722632, 0.15979979999247007, 0.1766801000048872, 0.19329289998859167, 0.20994999998947605, 0.2264572000131011, 0.2431351999985054, 0.25974480001605116, 0.27645900001516566, 0.2930474999884609, 0.31067010000697337, 0.32638610000140034, 0.3432606999995187, 0.36027659999672323, 0.3765521000023, 0.39312739999149926, 0.4095106000022497, 0.42640409999876283, 0.4432518999965396, 0.4603132999909576, 0.476557199988747, 0.492902400001185, 0.5096911000146065, 0.5263486999901943, 0.5432192000153009, 0.559927800000878, 0.5766135000158101, 0.5930068999878131, 0.6098645000020042, 0.6265040000143927, 0.6429448999988381, 0.6598634000110906, 0.6762913000129629, 0.6931801000027917, 0.7095865000155754, 0.7264564000070095, 0.7429021999996621, 0.759782000008272, 0.7763016000099014, 0.79296270001214, 0.8099592000071425, 0.8263267000147607, 0.8429082999937236, 0.8593897999962792, 0.8764777999895159]	201.0	309.0	0.7	8a
249	7	go_nogo	0	60	9	nogo	none	[64.0, 64.0, 78.0, 97.0, 116.0, 148.0, 171.0, 189.0, 199.0, 209.0, 214.0, 215.0, 216.0, 217.0, 219.0, 219.0, 219.0, 219.0, 219.0, 219.0, 219.0, 219.0, 219.0, 219.0, 219.0, 219.0, 219.0, 219.0, 219.0, 219.0, 219.0, 219.0, 219.0, 219.0, 219.0, 219.0, 219.0, 219.0, 219.0, 219.0, 219.0, 219.0, 219.0, 219.0, 219.0, 219.0, 219.0, 219.0, 219.0, 219.0, 219.0, 219.0, 219.0, 219.0, 219.0, 219.0, 219.0, 219.0, 219.0, 219.0, 219.0, 219.0, 219.0, 219.0, 219.0]	[-276.0, -276.0, -234.0, -186.0, -106.0, -7.0, 71.0, 125.0, 162.0, 191.0, 215.0, 234.0, 247.0, 257.0, 267.0, 269.0, 270.0, 271.0, 271.0, 276.0, 282.0, 287.0, 288.0, 288.0, 288.0, 288.0, 288.0, 288.0, 288.0, 288.0, 288.0, 288.0, 288.0, 288.0, 288.0, 288.0, 288.0, 288.0, 288.0, 288.0, 288.0, 288.0, 288.0, 288.0, 288.0, 288.0, 288.0, 288.0, 288.0, 288.0, 288.0, 288.0, 288.0, 288.0, 288.0, 288.0, 288.0, 288.0, 288.0, 288.0, 288.0, 288.0, 288.0, 288.0, 288.0]	[0, 0, 0, 0, 0, 0, 0, 0, 0, 0, 0, 0, 0, 0, 0, 0, 0, 0, 0, 0, 0, 0, 0, 0, 0, 0, 0, 0, 0, 0, 0, 0, 0, 0, 0, 0, 0, 0, 0, 0, 0, 0, 0, 0, 0, 0, 0, 0, 0, 0, 0, 0, 0, 0, 0, 0, 0, 0, 0, 0, 0, 0, 0, 0, 0]	[0, 0, 0, 0, 0, 0, 0, 0, 0, 0, 0, 0, 0, 0, 0, 0, 0, 0, 0, 0, 0, 0, 0, 0, 0, 0, 0, 0, 0, 0, 0, 0, 0, 0, 0, 0, 0, 0, 0, 0, 0, 0, 0, 0, 0, 0, 0, 0, 0, 0, 0, 0, 0, 0, 0, 0, 0, 0, 0, 0, 0, 0, 0, 0, 0]	[0, 0, 0, 0, 0, 0, 0, 0, 0, 0, 0, 0, 0, 0, 0, 0, 0, 0, 0, 0, 0, 0, 0, 0, 0, 0, 0, 0, 0, 0, 0, 0, 0, 0, 0, 0, 0, 0, 0, 0, 0, 0, 0, 0, 0, 0, 0, 0, 0, 0, 0, 0, 0, 0, 0, 0, 0, 0, 0, 0, 0, 0, 0, 0, 0]	[0.00018319999799132347, 0.011483300011605024, 0.02861120001762174, 0.044858000008389354, 0.061888700001873076, 0.07777120001264848, 0.09470840002177283, 0.11101130000315607, 0.12807380000595003, 0.14448600000469014, 0.1611222000210546, 0.17792550000012852, 0.1946448000089731, 0.21141010001883842, 0.22849970002425835, 0.24468720000004396, 0.2612407999986317, 0.27771860000211746, 0.294650099996943, 0.3112281000067014, 0.3281438999983948, 0.3444900000176858, 0.36080340002081357, 0.3777903000009246, 0.3944177000084892, 0.41106410001521, 0.4278208000177983, 0.4443918000033591, 0.46112750002066605, 0.47777310002129525, 0.4943976000067778, 0.5111625000135973, 0.5277635000238661, 0.5444709000003058, 0.5611792000127025, 0.5779642999987118, 0.5943992000247817, 0.6109413000231143, 0.627775400003884, 0.6445300000195857, 0.6610968000022694, 0.6777488000225276, 0.6943588000140153, 0.7111017999995966, 0.7276259000063874, 0.744023900013417, 0.7609266000217758, 0.7777988000016194, 0.7944057999993674, 0.8111221000144724, 0.8278754000202753, 0.8443838000239339, 0.861079200025415, 0.8778628000000026, 0.8943411000072956, 0.9109499000187498, 0.9277261000243016, 0.9444433000171557, 0.9609004000085406, 0.9776725000119768, 0.9944256000162568, 1.0109743000066373, 1.0275803999975324, 1.0441888000059407, 1.0610789000056684]	n/a	n/a	1.0	8a
250	7	go_nogo	0	60	8	go	click	[74.0, 74.0, 87.0, 133.0, 157.0, 170.0, 177.0, 182.0, 187.0, 191.0, 193.0, 193.0, 193.0, 193.0, 193.0, 193.0, 193.0, 193.0, 193.0, 193.0, 193.0, 193.0, 193.0]	[-254.0, -254.0, -198.0, 11.0, 127.0, 198.0, 244.0, 280.0, 307.0, 324.0, 330.0, 332.0, 333.0, 334.0, 334.0, 334.0, 334.0, 334.0, 334.0, 334.0, 334.0, 334.0, 334.0]	[0, 0, 0, 0, 0, 0, 0, 0, 0, 0, 0, 0, 0, 0, 0, 0, 0, 0, 0, 0, 0, 0, 1]	[0, 0, 0, 0, 0, 0, 0, 0, 0, 0, 0, 0, 0, 0, 0, 0, 0, 0, 0, 0, 0, 0, 0]	[0, 0, 0, 0, 0, 0, 0, 0, 0, 0, 0, 0, 0, 0, 0, 0, 0, 0, 0, 0, 0, 0, 0]	[0.0002080000122077763, 0.01240549999056384, 0.02896090000285767, 0.04626480001024902, 0.06298560000141151, 0.07976329998928122, 0.09578959998907521, 0.11241729999892414, 0.12911850001546554, 0.14578099999926053, 0.16249990000505932, 0.1794542999996338, 0.19594830001005903, 0.21233700000448152, 0.22899070000858046, 0.24562110000988469, 0.26214510001591407, 0.2789770000090357, 0.295429999998305, 0.31247309999889694, 0.3291536000033375, 0.34576369999558665, 0.36269899999024346]	193.0	334.0	0.9	8a
251	7	go_nogo	0	60	8	go	click	[23.0, 23.0, 43.0, 65.0, 93.0, 119.0, 145.0, 175.0, 193.0, 203.0, 207.0, 208.0, 211.0, 216.0, 221.0, 222.0, 223.0, 223.0, 223.0, 223.0, 223.0, 223.0, 223.0, 223.0, 223.0, 223.0, 223.0]	[-292.0, -292.0, -258.0, -213.0, -145.0, -67.0, 12.0, 108.0, 154.0, 185.0, 202.0, 219.0, 243.0, 274.0, 304.0, 314.0, 315.0, 315.0, 315.0, 315.0, 316.0, 316.0, 316.0, 316.0, 316.0, 317.0, 317.0]	[0, 0, 0, 0, 0, 0, 0, 0, 0, 0, 0, 0, 0, 0, 0, 0, 0, 0, 0, 0, 0, 0, 0, 0, 0, 0, 1]	[0, 0, 0, 0, 0, 0, 0, 0, 0, 0, 0, 0, 0, 0, 0, 0, 0, 0, 0, 0, 0, 0, 0, 0, 0, 0, 0]	[0, 0, 0, 0, 0, 0, 0, 0, 0, 0, 0, 0, 0, 0, 0, 0, 0, 0, 0, 0, 0, 0, 0, 0, 0, 0, 0]	[9.429999045096338e-05, 0.013593900017440319, 0.030039900011615828, 0.04682590000447817, 0.0632910999993328, 0.07994440000038594, 0.09682179999072105, 0.11391420001746155, 0.13058190001174808, 0.14712239999789745, 0.1632759000058286, 0.18021330001647584, 0.19671029999153689, 0.21355610000318848, 0.23017210001125932, 0.24700649999431334, 0.26323240000056103, 0.27992010000161827, 0.29680529999313876, 0.3134526000067126, 0.3299451000057161, 0.34645670000463724, 0.36326980000012554, 0.38021140001364984, 0.3966935999924317, 0.4131599999964237, 0.43017710000276566]	223.0	317.0	0.6	8a
252	7	go_nogo	0	60	4	go	click	[63.0, 63.0, 81.0, 111.0, 169.0, 210.0, 241.0, 255.0, 263.0, 269.0, 270.0, 272.0, 272.0, 272.0, 272.0, 272.0, 272.0, 272.0, 272.0, 269.0, 257.0, 245.0, 236.0, 234.0, 234.0, 234.0, 234.0, 234.0, 234.0, 234.0]	[-213.0, -213.0, -170.0, -80.0, 74.0, 164.0, 236.0, 275.0, 302.0, 323.0, 339.0, 352.0, 361.0, 363.0, 363.0, 363.0, 363.0, 362.0, 357.0, 340.0, 313.0, 290.0, 276.0, 273.0, 273.0, 273.0, 273.0, 273.0, 273.0, 273.0]	[0, 0, 0, 0, 0, 0, 0, 0, 0, 0, 0, 0, 0, 0, 0, 0, 0, 0, 0, 0, 0, 0, 0, 0, 0, 0, 0, 0, 0, 1]	[0, 0, 0, 0, 0, 0, 0, 0, 0, 0, 0, 0, 0, 0, 0, 0, 0, 0, 0, 0, 0, 0, 0, 0, 0, 0, 0, 0, 0, 0]	[0, 0, 0, 0, 0, 0, 0, 0, 0, 0, 0, 0, 0, 0, 0, 0, 0, 0, 0, 0, 0, 0, 0, 0, 0, 0, 0, 0, 0, 0]	[0.00020509999012574553, 0.009345699974801391, 0.026204199995845556, 0.043109399994136766, 0.05980459999409504, 0.07609419999062084, 0.09265819998108782, 0.10937219997867942, 0.12604599999031052, 0.14292159999604337, 0.15947169999708422, 0.1766955999773927, 0.19261219998588786, 0.20903769999858923, 0.2258502999902703, 0.2425280999741517, 0.25927529999171384, 0.2764924999792129, 0.29305639999802224, 0.30932709999615327, 0.32612260000314564, 0.3427815999893937, 0.359436899976572, 0.3758497999806423, 0.3926453999883961, 0.4091693999944255, 0.4258589999808464, 0.44248469997546636, 0.4593045999936294, 0.4762575999775436]	234.0	273.0	0.6	8a
253	8	go_nogo	0	60	3	go	click	[34.0, 34.0, 39.0, 54.0, 58.0, 64.0, 68.0, 68.0, 68.0, 68.0, 69.0, 69.0, 71.0, 74.0, 77.0, 83.0, 99.0, 117.0, 135.0, 147.0, 155.0, 162.0, 171.0, 176.0, 179.0, 180.0, 184.0, 187.0, 187.0, 188.0, 188.0]	[-250.0, -250.0, -219.0, -110.0, -47.0, 10.0, 69.0, 113.0, 145.0, 165.0, 171.0, 181.0, 192.0, 203.0, 210.0, 215.0, 227.0, 240.0, 252.0, 263.0, 272.0, 281.0, 288.0, 293.0, 294.0, 296.0, 301.0, 304.0, 305.0, 305.0, 305.0]	[0, 0, 0, 0, 0, 0, 0, 0, 0, 0, 0, 0, 0, 0, 0, 0, 0, 0, 0, 0, 0, 0, 0, 0, 0, 0, 0, 0, 0, 0, 0]	[0, 0, 0, 0, 0, 0, 0, 0, 0, 0, 0, 0, 0, 0, 0, 0, 0, 0, 0, 0, 0, 0, 0, 0, 0, 0, 0, 0, 0, 0, 0]	[0, 0, 0, 0, 0, 0, 0, 0, 0, 0, 0, 0, 0, 0, 0, 0, 0, 0, 0, 0, 0, 0, 0, 0, 0, 0, 0, 0, 0, 0, 0]	[0.00019240000983700156, 0.009715499996673316, 0.02650020000874065, 0.04294429998844862, 0.05968979999306612, 0.07665959998848848, 0.09297060000244528, 0.10941929998807609, 0.12636940000811592, 0.1431078999885358, 0.1597765999904368, 0.1764283000084106, 0.19289639999624342, 0.20953079999890178, 0.2261094999848865, 0.24277469998924062, 0.25978110000141896, 0.27632780000567436, 0.29297479998786, 0.30958979998831637, 0.3262285999953747, 0.3429249000037089, 0.3594869000080507, 0.3762636999890674, 0.39290159998927265, 0.40966830000979826, 0.426785599993309, 0.44295890000648797, 0.4595283000089694, 0.4760305999952834, 0.492730500001926]	188.0	305.0	1.0	8a
254	8	go_nogo	0	60	3	go	click	[97.0, 97.0, 130.0, 171.0, 209.0, 239.0, 250.0, 256.0, 259.0, 259.0, 260.0, 261.0, 262.0, 264.0, 264.0, 264.0, 264.0, 264.0, 263.0, 260.0, 253.0, 244.0, 236.0, 225.0, 215.0, 205.0, 198.0, 196.0, 196.0, 196.0, 196.0, 196.0]	[-182.0, -182.0, -95.0, 17.0, 136.0, 219.0, 267.0, 300.0, 316.0, 324.0, 328.0, 333.0, 340.0, 346.0, 346.0, 346.0, 346.0, 346.0, 343.0, 336.0, 328.0, 320.0, 314.0, 307.0, 302.0, 297.0, 294.0, 294.0, 293.0, 293.0, 293.0, 293.0]	[0, 0, 0, 0, 0, 0, 0, 0, 0, 0, 0, 0, 0, 0, 0, 0, 0, 0, 0, 0, 0, 0, 0, 0, 0, 0, 0, 0, 0, 0, 0, 1]	[0, 0, 0, 0, 0, 0, 0, 0, 0, 0, 0, 0, 0, 0, 0, 0, 0, 0, 0, 0, 0, 0, 0, 0, 0, 0, 0, 0, 0, 0, 0, 0]	[0, 0, 0, 0, 0, 0, 0, 0, 0, 0, 0, 0, 0, 0, 0, 0, 0, 0, 0, 0, 0, 0, 0, 0, 0, 0, 0, 0, 0, 0, 0, 0]	[0.0002499000111129135, 0.012042999995173886, 0.028646299993852153, 0.04550189999281429, 0.06216699999640696, 0.078779300005408, 0.09552840000833385, 0.111739200016018, 0.12836990001960658, 0.14513800002168864, 0.16201580001506954, 0.17872920000809245, 0.1955391000083182, 0.21170600000186823, 0.22825710001052357, 0.24500980001175776, 0.26182060001883656, 0.27835120001691394, 0.2951408000080846, 0.3122917000146117, 0.3284661000070628, 0.34504630000446923, 0.3616650000039954, 0.37835939999786206, 0.39524680000613444, 0.41177810000954196, 0.42843299999367446, 0.4453380000195466, 0.4614513000124134, 0.47840049999649636, 0.49491010000929236, 0.5117198000079952]	196.0	293.0	0.9	8a
255	8	go_nogo	0	60	6	go	click	[40.0, 40.0, 52.0, 66.0, 83.0, 98.0, 109.0, 117.0, 122.0, 124.0, 128.0, 134.0, 137.0, 138.0, 139.0, 146.0, 162.0, 186.0, 200.0, 205.0, 205.0, 205.0, 205.0, 205.0]	[-215.0, -215.0, -133.0, -46.0, 37.0, 105.0, 149.0, 184.0, 207.0, 220.0, 231.0, 244.0, 246.0, 247.0, 248.0, 251.0, 263.0, 277.0, 289.0, 291.0, 292.0, 292.0, 292.0, 292.0]	[0, 0, 0, 0, 0, 0, 0, 0, 0, 0, 0, 0, 0, 0, 0, 0, 0, 0, 0, 0, 0, 0, 0, 1]	[0, 0, 0, 0, 0, 0, 0, 0, 0, 0, 0, 0, 0, 0, 0, 0, 0, 0, 0, 0, 0, 0, 0, 0]	[0, 0, 0, 0, 0, 0, 0, 0, 0, 0, 0, 0, 0, 0, 0, 0, 0, 0, 0, 0, 0, 0, 0, 0]	[0.00025779998395591974, 0.010491599998204038, 0.02709999997750856, 0.04375579999759793, 0.06081139997695573, 0.07721669998136349, 0.0938579999783542, 0.11083170000347309, 0.12729629999375902, 0.1440860999864526, 0.16082469999673776, 0.1773752000008244, 0.19395829999120906, 0.21056529998895712, 0.22783009998966008, 0.24397149999276735, 0.2605467999819666, 0.27718649999587797, 0.29406179999932647, 0.31065159998252057, 0.32692219997989014, 0.343616900005145, 0.3606378999829758, 0.3775656999787316]	205.0	292.0	0.6	8a
256	8	go_nogo	0	60	2	go	click	[26.0, 26.0, 52.0, 125.0, 172.0, 214.0, 242.0, 257.0, 265.0, 269.0, 270.0, 271.0, 272.0, 272.0, 272.0, 272.0, 272.0, 269.0, 267.0, 265.0, 264.0, 264.0, 263.0, 263.0, 261.0, 258.0, 256.0, 253.0, 247.0, 242.0, 236.0, 232.0, 230.0, 230.0, 230.0]	[-242.0, -242.0, -198.0, -59.0, 35.0, 110.0, 168.0, 205.0, 226.0, 236.0, 242.0, 248.0, 255.0, 261.0, 261.0, 261.0, 261.0, 259.0, 257.0, 256.0, 255.0, 255.0, 255.0, 256.0, 258.0, 261.0, 268.0, 279.0, 291.0, 302.0, 313.0, 318.0, 319.0, 319.0, 319.0]	[0, 0, 0, 0, 0, 0, 0, 0, 0, 0, 0, 0, 0, 0, 0, 0, 0, 0, 0, 0, 0, 0, 0, 0, 0, 0, 0, 0, 0, 0, 0, 0, 0, 0, 1]	[0, 0, 0, 0, 0, 0, 0, 0, 0, 0, 0, 0, 0, 0, 0, 0, 0, 0, 0, 0, 0, 0, 0, 0, 0, 0, 0, 0, 0, 0, 0, 0, 0, 0, 0]	[0, 0, 0, 0, 0, 0, 0, 0, 0, 0, 0, 0, 0, 0, 0, 0, 0, 0, 0, 0, 0, 0, 0, 0, 0, 0, 0, 0, 0, 0, 0, 0, 0, 0, 0]	[0.00021570001263171434, 0.01074620001600124, 0.02898010000353679, 0.043936200003372505, 0.060813200019765645, 0.07715190001181327, 0.09396810000180267, 0.11058770000818186, 0.12735770002473146, 0.1441567000001669, 0.1606146000267472, 0.17735460001858883, 0.19422620002296753, 0.21081700001377612, 0.2271508000267204, 0.2439891000103671, 0.26051630001165904, 0.27754530002130195, 0.2939203000278212, 0.31065210001543164, 0.32719040001393296, 0.34394470002735034, 0.36053700000047684, 0.3774244000087492, 0.3939204000052996, 0.410662800015416, 0.4278564000269398, 0.444085900002392, 0.4610928000183776, 0.47714870001072995, 0.494153700012248, 0.5105896000168286, 0.5270619000075385, 0.5436427000095136, 0.5606322000094224]	230.0	319.0	1.0	8a
257	8	go_nogo	0	60	9	nogo	none	[67.0, 67.0, 84.0, 122.0, 160.0, 188.0, 203.0, 214.0, 217.0, 219.0, 219.0, 219.0, 219.0, 220.0, 221.0, 221.0, 221.0, 221.0, 221.0, 221.0, 220.0, 218.0, 217.0, 217.0, 216.0, 216.0, 216.0, 216.0, 216.0, 216.0, 216.0, 216.0, 216.0, 216.0, 216.0, 216.0, 216.0, 216.0, 216.0, 216.0, 216.0, 216.0, 216.0, 216.0, 216.0, 216.0, 216.0, 216.0, 216.0, 216.0, 216.0, 216.0, 216.0, 216.0, 216.0, 216.0, 216.0, 216.0, 216.0, 216.0, 216.0, 216.0, 216.0, 216.0, 216.0, 216.0, 216.0]	[-212.0, -212.0, -166.0, -63.0, 30.0, 102.0, 148.0, 197.0, 219.0, 230.0, 234.0, 236.0, 238.0, 243.0, 248.0, 251.0, 251.0, 251.0, 252.0, 252.0, 258.0, 264.0, 271.0, 274.0, 276.0, 276.0, 276.0, 276.0, 276.0, 276.0, 276.0, 276.0, 276.0, 276.0, 276.0, 276.0, 276.0, 276.0, 276.0, 276.0, 276.0, 276.0, 276.0, 276.0, 276.0, 276.0, 276.0, 276.0, 276.0, 276.0, 276.0, 276.0, 276.0, 276.0, 276.0, 276.0, 276.0, 276.0, 276.0, 276.0, 276.0, 276.0, 276.0, 276.0, 276.0, 276.0, 276.0]	[0, 0, 0, 0, 0, 0, 0, 0, 0, 0, 0, 0, 0, 0, 0, 0, 0, 0, 0, 0, 0, 0, 0, 0, 0, 0, 0, 0, 0, 0, 0, 0, 0, 0, 0, 0, 0, 0, 0, 0, 0, 0, 0, 0, 0, 0, 0, 0, 0, 0, 0, 0, 0, 0, 0, 0, 0, 0, 0, 0, 0, 0, 0, 0, 0, 0, 0]	[0, 0, 0, 0, 0, 0, 0, 0, 0, 0, 0, 0, 0, 0, 0, 0, 0, 0, 0, 0, 0, 0, 0, 0, 0, 0, 0, 0, 0, 0, 0, 0, 0, 0, 0, 0, 0, 0, 0, 0, 0, 0, 0, 0, 0, 0, 0, 0, 0, 0, 0, 0, 0, 0, 0, 0, 0, 0, 0, 0, 0, 0, 0, 0, 0, 0, 0]	[0, 0, 0, 0, 0, 0, 0, 0, 0, 0, 0, 0, 0, 0, 0, 0, 0, 0, 0, 0, 0, 0, 0, 0, 0, 0, 0, 0, 0, 0, 0, 0, 0, 0, 0, 0, 0, 0, 0, 0, 0, 0, 0, 0, 0, 0, 0, 0, 0, 0, 0, 0, 0, 0, 0, 0, 0, 0, 0, 0, 0, 0, 0, 0, 0, 0, 0]	[0.00018050000653602183, 0.010202000004937872, 0.026961800002027303, 0.04361369999242015, 0.06008019999717362, 0.07671429999754764, 0.09355009999126196, 0.11069790000328794, 0.12680030000046827, 0.1433645999932196, 0.15986320000956766, 0.17648289998760447, 0.19328380000661127, 0.2099879999877885, 0.2266267999948468, 0.2431053000036627, 0.26002000001608394, 0.27660770001239143, 0.2931688000098802, 0.31062120001297444, 0.32687379998969845, 0.34346350000123493, 0.36022309999680147, 0.37679589999606833, 0.3931626999983564, 0.40992750000441447, 0.42650780000258237, 0.4431186000001617, 0.4599049999960698, 0.47664169999188744, 0.49321129999589175, 0.5099164000130259, 0.5267510999983642, 0.5433403000060935, 0.5599700000020675, 0.5765792000165675, 0.5932042000058573, 0.6099978999991436, 0.6263745999895036, 0.6431091999984346, 0.6598028000153136, 0.6765195000043605, 0.6930201000068337, 0.7098884000151884, 0.7264255000045523, 0.7429499000136275, 0.7596570999885444, 0.7763430000049993, 0.7930499000067357, 0.8096171999932267, 0.8267964000115171, 0.843125899991719, 0.8598350000102073, 0.8762950999953318, 0.892961200006539, 0.9097921999928076, 0.9262571000144817, 0.9430469000071753, 0.9597453000023961, 0.9764406000031158, 0.9932570999953896, 1.0096811999974307, 1.026384800003143, 1.0433225000160746, 1.0597089999937452, 1.0763039000157733, 1.0929622999974526]	n/a	n/a	1.0	8a
258	8	go_nogo	0	60	2	go	click	[21.0, 21.0, 28.0, 41.0, 60.0, 78.0, 99.0, 122.0, 135.0, 146.0, 153.0, 158.0, 164.0, 170.0, 173.0, 174.0, 175.0, 175.0, 177.0, 180.0, 181.0, 181.0, 181.0, 181.0]	[-256.0, -256.0, -205.0, -95.0, 12.0, 88.0, 143.0, 206.0, 237.0, 263.0, 280.0, 290.0, 302.0, 310.0, 316.0, 317.0, 317.0, 318.0, 319.0, 321.0, 322.0, 322.0, 322.0, 322.0]	[0, 0, 0, 0, 0, 0, 0, 0, 0, 0, 0, 0, 0, 0, 0, 0, 0, 0, 0, 0, 0, 0, 0, 1]	[0, 0, 0, 0, 0, 0, 0, 0, 0, 0, 0, 0, 0, 0, 0, 0, 0, 0, 0, 0, 0, 0, 0, 0]	[0, 0, 0, 0, 0, 0, 0, 0, 0, 0, 0, 0, 0, 0, 0, 0, 0, 0, 0, 0, 0, 0, 0, 0]	[0.0003265000123064965, 0.011126500001410022, 0.02772810001624748, 0.04451330000301823, 0.060974799998803064, 0.07767289999173954, 0.09433439999702387, 0.1116215999936685, 0.1280945000180509, 0.1449688000138849, 0.1612635999917984, 0.17791030000080355, 0.1947105000144802, 0.21107540000230074, 0.22782260001986288, 0.24429220001911744, 0.261287600005744, 0.27775400000973605, 0.2944398999970872, 0.311102400009986, 0.3277698000019882, 0.34437269999762066, 0.3610691000067163, 0.37809139999444596]	181.0	322.0	1.0	8a
259	8	go_nogo	0	60	6	go	click	[-21.0, -38.0, -62.0, -98.0, -121.0, -132.0, -136.0, -136.0, -136.0, -132.0, -125.0, -116.0, -99.0, -80.0, -63.0, -49.0, -31.0, -15.0, 5.0, 29.0, 63.0, 78.0, 85.0, 90.0, 96.0, 101.0, 105.0, 111.0, 116.0, 123.0, 128.0, 130.0, 130.0, 130.0, 135.0, 144.0, 156.0, 163.0, 167.0, 171.0, 174.0, 175.0]	[-256.0, -214.0, -167.0, -93.0, -49.0, -19.0, 0.0, 11.0, 22.0, 29.0, 36.0, 43.0, 57.0, 69.0, 79.0, 89.0, 100.0, 111.0, 127.0, 146.0, 175.0, 192.0, 205.0, 221.0, 236.0, 252.0, 265.0, 280.0, 294.0, 306.0, 313.0, 315.0, 315.0, 315.0, 315.0, 316.0, 316.0, 316.0, 316.0, 315.0, 314.0, 314.0]	[0, 0, 0, 0, 0, 0, 0, 0, 0, 0, 0, 0, 0, 0, 0, 0, 0, 0, 0, 0, 0, 0, 0, 0, 0, 0, 0, 0, 0, 0, 0, 0, 0, 0, 0, 0, 0, 0, 0, 0, 0, 1]	[0, 0, 0, 0, 0, 0, 0, 0, 0, 0, 0, 0, 0, 0, 0, 0, 0, 0, 0, 0, 0, 0, 0, 0, 0, 0, 0, 0, 0, 0, 0, 0, 0, 0, 0, 0, 0, 0, 0, 0, 0, 0]	[0, 0, 0, 0, 0, 0, 0, 0, 0, 0, 0, 0, 0, 0, 0, 0, 0, 0, 0, 0, 0, 0, 0, 0, 0, 0, 0, 0, 0, 0, 0, 0, 0, 0, 0, 0, 0, 0, 0, 0, 0, 0]	[7.849998655728996e-05, 0.011030099994968623, 0.027707099972758442, 0.044612599973334, 0.061205999983940274, 0.07767809997312725, 0.09426869999151677, 0.11103789997287095, 0.12793249997776002, 0.14467459998559207, 0.16095219997805543, 0.17756479998934083, 0.1943223999987822, 0.21082919999025762, 0.2277295999811031, 0.24423009998281486, 0.26120549999177456, 0.2778276999888476, 0.2945909999834839, 0.3112879999971483, 0.32757859997218475, 0.3447024999768473, 0.36085289999027736, 0.3778018999728374, 0.3946877999987919, 0.41096929999184795, 0.4276608999934979, 0.4443596999917645, 0.4611004999896977, 0.47768769998219796, 0.49451209997641854, 0.510798099974636, 0.5275734999740962, 0.5444835999805946, 0.560931799991522, 0.5777892999758478, 0.5943879999977071, 0.6111204999906477, 0.6275471999833826, 0.6443618999910541, 0.661300299980212, 0.6776534999953583]	175.0	313.0	0.9	8a
260	8	go_nogo	0	60	7	go	click	[25.0, 25.0, 42.0, 60.0, 80.0, 103.0, 124.0, 143.0, 155.0, 159.0, 162.0, 163.0, 163.0, 163.0, 163.0, 163.0, 163.0, 163.0, 163.0, 163.0, 163.0, 163.0, 163.0, 163.0, 163.0, 164.0, 168.0, 174.0, 178.0, 179.0, 179.0, 179.0]	[-274.0, -274.0, -213.0, -148.0, -78.0, -4.0, 73.0, 153.0, 205.0, 234.0, 247.0, 251.0, 253.0, 253.0, 253.0, 253.0, 253.0, 253.0, 253.0, 253.0, 253.0, 253.0, 253.0, 253.0, 253.0, 256.0, 265.0, 275.0, 281.0, 282.0, 282.0, 282.0]	[0, 0, 0, 0, 0, 0, 0, 0, 0, 0, 0, 0, 0, 0, 0, 0, 0, 0, 0, 0, 0, 0, 0, 0, 0, 0, 0, 0, 0, 0, 0, 1]	[0, 0, 0, 0, 0, 0, 0, 0, 0, 0, 0, 0, 0, 0, 0, 0, 0, 0, 0, 0, 0, 0, 0, 0, 0, 0, 0, 0, 0, 0, 0, 0]	[0, 0, 0, 0, 0, 0, 0, 0, 0, 0, 0, 0, 0, 0, 0, 0, 0, 0, 0, 0, 0, 0, 0, 0, 0, 0, 0, 0, 0, 0, 0, 0]	[0.00020440001389943063, 0.010576100001344457, 0.02702740000677295, 0.04350480000721291, 0.06037799999467097, 0.07698620000155643, 0.09378910000668839, 0.11045649999869056, 0.12700770000810735, 0.14377110000350513, 0.16028670000378042, 0.17718610001611523, 0.19382809998933226, 0.21033090000855736, 0.22693800000706688, 0.2435303000092972, 0.26027329999487847, 0.2768170000053942, 0.2935501000029035, 0.3103140000021085, 0.32677420001709834, 0.3435915000154637, 0.36005370001657866, 0.3769142999954056, 0.39355490001617, 0.4107769000111148, 0.42769030001363717, 0.4436858000117354, 0.4605577999900561, 0.4768091000150889, 0.49345999999786727, 0.510797700000694]	179.0	282.0	0.8	8a
261	8	go_nogo	0	60	6	go	click	[42.0, 42.0, 56.0, 79.0, 103.0, 123.0, 136.0, 144.0, 148.0, 151.0, 153.0, 157.0, 161.0, 161.0, 161.0, 163.0, 169.0, 178.0, 188.0, 193.0, 196.0, 196.0, 196.0, 197.0, 197.0, 197.0, 197.0]	[-198.0, -198.0, -108.0, -15.0, 67.0, 118.0, 151.0, 175.0, 188.0, 196.0, 205.0, 218.0, 230.0, 233.0, 233.0, 236.0, 244.0, 258.0, 271.0, 283.0, 287.0, 288.0, 289.0, 289.0, 289.0, 289.0, 289.0]	[0, 0, 0, 0, 0, 0, 0, 0, 0, 0, 0, 0, 0, 0, 0, 0, 0, 0, 0, 0, 0, 0, 0, 0, 0, 0, 1]	[0, 0, 0, 0, 0, 0, 0, 0, 0, 0, 0, 0, 0, 0, 0, 0, 0, 0, 0, 0, 0, 0, 0, 0, 0, 0, 0]	[0, 0, 0, 0, 0, 0, 0, 0, 0, 0, 0, 0, 0, 0, 0, 0, 0, 0, 0, 0, 0, 0, 0, 0, 0, 0, 0]	[0.0003376999811735004, 0.010838199988938868, 0.027022299997042865, 0.04348409999511205, 0.06041710000135936, 0.07714899998973124, 0.09364829998230562, 0.11045759997796267, 0.1268844000005629, 0.1435293999966234, 0.16013459998066537, 0.1768314999935683, 0.1940582999959588, 0.20997100000386126, 0.2267539000022225, 0.24386649997904897, 0.2601987999805715, 0.2767501999915112, 0.2934860999812372, 0.31015360000310466, 0.32716449999134056, 0.3435369999788236, 0.36061350000090897, 0.37678609997965395, 0.3936037999810651, 0.4099608999968041, 0.42669930000556633]	197.0	289.0	1.0	8a
262	8	go_nogo	0	60	1	nogo	none	[23.0, 24.0, 28.0, 36.0, 49.0, 61.0, 76.0, 94.0, 111.0, 126.0, 131.0, 136.0, 145.0, 148.0, 152.0, 158.0, 166.0, 175.0, 181.0, 182.0, 183.0, 183.0, 183.0, 183.0, 183.0, 183.0, 183.0, 183.0, 183.0, 183.0, 183.0, 183.0, 183.0, 183.0, 183.0, 183.0, 183.0, 183.0, 183.0, 183.0, 183.0, 183.0, 183.0, 183.0, 183.0, 183.0, 183.0, 183.0, 183.0, 183.0, 183.0, 183.0, 183.0, 183.0, 183.0, 183.0, 183.0, 183.0, 183.0, 183.0, 183.0, 183.0, 183.0]	[-298.0, -288.0, -275.0, -246.0, -211.0, -170.0, -124.0, -66.0, -8.0, 51.0, 67.0, 96.0, 129.0, 146.0, 161.0, 184.0, 211.0, 233.0, 248.0, 254.0, 255.0, 256.0, 256.0, 257.0, 258.0, 258.0, 258.0, 258.0, 258.0, 258.0, 258.0, 258.0, 258.0, 258.0, 258.0, 258.0, 258.0, 258.0, 258.0, 258.0, 258.0, 258.0, 258.0, 258.0, 258.0, 258.0, 258.0, 258.0, 258.0, 258.0, 258.0, 258.0, 258.0, 258.0, 258.0, 258.0, 258.0, 258.0, 258.0, 258.0, 258.0, 258.0, 258.0]	[0, 0, 0, 0, 0, 0, 0, 0, 0, 0, 0, 0, 0, 0, 0, 0, 0, 0, 0, 0, 0, 0, 0, 0, 0, 0, 0, 0, 0, 0, 0, 0, 0, 0, 0, 0, 0, 0, 0, 0, 0, 0, 0, 0, 0, 0, 0, 0, 0, 0, 0, 0, 0, 0, 0, 0, 0, 0, 0, 0, 0, 0, 0]	[0, 0, 0, 0, 0, 0, 0, 0, 0, 0, 0, 0, 0, 0, 0, 0, 0, 0, 0, 0, 0, 0, 0, 0, 0, 0, 0, 0, 0, 0, 0, 0, 0, 0, 0, 0, 0, 0, 0, 0, 0, 0, 0, 0, 0, 0, 0, 0, 0, 0, 0, 0, 0, 0, 0, 0, 0, 0, 0, 0, 0, 0, 0]	[0, 0, 0, 0, 0, 0, 0, 0, 0, 0, 0, 0, 0, 0, 0, 0, 0, 0, 0, 0, 0, 0, 0, 0, 0, 0, 0, 0, 0, 0, 0, 0, 0, 0, 0, 0, 0, 0, 0, 0, 0, 0, 0, 0, 0, 0, 0, 0, 0, 0, 0, 0, 0, 0, 0, 0, 0, 0, 0, 0, 0, 0, 0]	[0.00013539998326450586, 0.010951400006888434, 0.027343499998096377, 0.043962900002952665, 0.06045089999679476, 0.07706619999953546, 0.09403469998505898, 0.1104230000055395, 0.1274310000007972, 0.14386909999302588, 0.1604356000025291, 0.17736329999752343, 0.19391219998942688, 0.21051509998505935, 0.2271554000035394, 0.24365419999230653, 0.26038759999210015, 0.2771796000015456, 0.2938959999883082, 0.31054609999409877, 0.3273697999829892, 0.34386259998427704, 0.360525800002506, 0.3771937999990769, 0.3935816999874078, 0.4104306999943219, 0.426975099981064, 0.4437146999989636, 0.4604325999971479, 0.477182200003881, 0.4936971999995876, 0.5104402999859303, 0.5270791999937501, 0.543719199980842, 0.5601738999830559, 0.5770169000024907, 0.5937737000058405, 0.6103129999828525, 0.6268076999986079, 0.6438045999966562, 0.6603980000072625, 0.6768966999952681, 0.6934484999801498, 0.710194599989336, 0.726857999979984, 0.7436022000038065, 0.7601768999884371, 0.7768294999841601, 0.7936243999865837, 0.8103052999940701, 0.8271193999971729, 0.8434785999997985, 0.8601398000027984, 0.8768342999974266, 0.8937723999843001, 0.9100613000045996, 0.9270831999892835, 0.9436310000019148, 0.9601876999950036, 0.9768225000007078, 0.993405499990331, 1.0101042999885976, 1.0269379999954253]	n/a	n/a	0.8	8a
263	8	go_nogo	0	60	7	go	click	[31.0, 31.0, 42.0, 58.0, 76.0, 98.0, 119.0, 135.0, 148.0, 160.0, 173.0, 185.0, 197.0, 205.0, 207.0, 207.0, 207.0, 207.0, 207.0, 207.0, 207.0, 207.0, 207.0, 207.0]	[-219.0, -219.0, -149.0, -73.0, -5.0, 62.0, 121.0, 158.0, 187.0, 213.0, 233.0, 251.0, 269.0, 281.0, 284.0, 284.0, 284.0, 284.0, 284.0, 284.0, 284.0, 284.0, 284.0, 284.0]	[0, 0, 0, 0, 0, 0, 0, 0, 0, 0, 0, 0, 0, 0, 0, 0, 0, 0, 0, 0, 0, 0, 0, 1]	[0, 0, 0, 0, 0, 0, 0, 0, 0, 0, 0, 0, 0, 0, 0, 0, 0, 0, 0, 0, 0, 0, 0, 0]	[0, 0, 0, 0, 0, 0, 0, 0, 0, 0, 0, 0, 0, 0, 0, 0, 0, 0, 0, 0, 0, 0, 0, 0]	[0.00018699999782256782, 0.011447700002463534, 0.027669300005072728, 0.044435499992687255, 0.061122799990698695, 0.07774740000604652, 0.09450139998807572, 0.11109639998176135, 0.12768279999727383, 0.14470469998195767, 0.16115369999897666, 0.1777218999923207, 0.19447519999812357, 0.21116649999748915, 0.2279387000016868, 0.2443924999970477, 0.2610761999967508, 0.277898100001039, 0.2943146000034176, 0.3110694999922998, 0.32765540000400506, 0.344301799981622, 0.3611279999895487, 0.3781592999876011]	207.0	284.0	0.8	8a
264	8	go_nogo	0	60	6	go	click	[18.0, 18.0, 20.0, 23.0, 36.0, 55.0, 70.0, 84.0, 102.0, 113.0, 124.0, 130.0, 137.0, 143.0, 146.0, 150.0, 155.0, 162.0, 167.0, 173.0, 175.0, 179.0, 183.0, 187.0, 191.0, 196.0, 197.0, 198.0, 198.0, 198.0]	[-282.0, -282.0, -260.0, -209.0, -142.0, -84.0, -34.0, -1.0, 45.0, 78.0, 105.0, 126.0, 142.0, 154.0, 162.0, 170.0, 181.0, 197.0, 212.0, 231.0, 237.0, 248.0, 264.0, 282.0, 300.0, 315.0, 321.0, 323.0, 323.0, 323.0]	[0, 0, 0, 0, 0, 0, 0, 0, 0, 0, 0, 0, 0, 0, 0, 0, 0, 0, 0, 0, 0, 0, 0, 0, 0, 0, 0, 0, 0, 1]	[0, 0, 0, 0, 0, 0, 0, 0, 0, 0, 0, 0, 0, 0, 0, 0, 0, 0, 0, 0, 0, 0, 0, 0, 0, 0, 0, 0, 0, 0]	[0, 0, 0, 0, 0, 0, 0, 0, 0, 0, 0, 0, 0, 0, 0, 0, 0, 0, 0, 0, 0, 0, 0, 0, 0, 0, 0, 0, 0, 0]	[0.00018540001474320889, 0.009418000001460314, 0.026234100019792095, 0.042380700004287064, 0.05917660001432523, 0.0756841000111308, 0.09234570001717657, 0.10973930000909604, 0.12640380000812002, 0.1425236000213772, 0.15925970001262613, 0.1757052000029944, 0.1923047000018414, 0.20901469999807887, 0.22578219999559224, 0.24233800001093186, 0.2589734000212047, 0.27559580001980066, 0.29223250001086853, 0.3091932999959681, 0.3256827000004705, 0.34276160001172684, 0.3590857000090182, 0.37578230001963675, 0.3925578000198584, 0.4091422000201419, 0.4257651999942027, 0.4422822000051383, 0.4591417000046931, 0.4758624999958556]	198.0	323.0	0.6	8a
265	8	go_nogo	0	60	7	go	click	[18.0, 18.0, 25.0, 41.0, 58.0, 77.0, 99.0, 109.0, 117.0, 131.0, 138.0, 146.0, 151.0, 158.0, 159.0, 160.0, 160.0, 160.0, 160.0, 160.0, 160.0, 160.0, 160.0, 160.0, 160.0]	[-223.0, -223.0, -184.0, -100.0, -17.0, 60.0, 127.0, 169.0, 201.0, 230.0, 242.0, 254.0, 268.0, 280.0, 286.0, 287.0, 287.0, 287.0, 287.0, 287.0, 288.0, 288.0, 288.0, 288.0, 288.0]	[0, 0, 0, 0, 0, 0, 0, 0, 0, 0, 0, 0, 0, 0, 0, 0, 0, 0, 0, 0, 0, 0, 0, 0, 1]	[0, 0, 0, 0, 0, 0, 0, 0, 0, 0, 0, 0, 0, 0, 0, 0, 0, 0, 0, 0, 0, 0, 0, 0, 0]	[0, 0, 0, 0, 0, 0, 0, 0, 0, 0, 0, 0, 0, 0, 0, 0, 0, 0, 0, 0, 0, 0, 0, 0, 0]	[0.00020859998767264187, 0.010638200008543208, 0.027050000004237518, 0.043948000005912036, 0.060524500004248694, 0.0771066999877803, 0.09369949999381788, 0.11071509998873807, 0.12719629998900928, 0.14382960001239553, 0.16085529999691062, 0.17749339999863878, 0.19401760000619106, 0.2106670000066515, 0.2275474999914877, 0.24362640001345426, 0.2603066999872681, 0.27693980000913143, 0.2935863999882713, 0.31019990000640973, 0.32702440000139177, 0.34378630001447164, 0.360409199987771, 0.3771407000022009, 0.39395040000090376]	160.0	288.0	1.0	8a
266	8	go_nogo	0	60	2	go	click	[27.0, 27.0, 31.0, 39.0, 46.0, 56.0, 66.0, 81.0, 84.0, 95.0, 100.0, 104.0, 109.0, 114.0, 122.0, 128.0, 131.0, 133.0, 139.0, 144.0, 151.0, 155.0, 159.0, 167.0, 173.0, 177.0, 177.0, 177.0, 177.0, 177.0, 177.0]	[-248.0, -248.0, -217.0, -151.0, -87.0, -20.0, 34.0, 109.0, 129.0, 165.0, 177.0, 186.0, 196.0, 210.0, 220.0, 227.0, 230.0, 232.0, 237.0, 242.0, 250.0, 257.0, 262.0, 272.0, 281.0, 285.0, 286.0, 286.0, 286.0, 286.0, 286.0]	[0, 0, 0, 0, 0, 0, 0, 0, 0, 0, 0, 0, 0, 0, 0, 0, 0, 0, 0, 0, 0, 0, 0, 0, 0, 0, 0, 0, 0, 0, 1]	[0, 0, 0, 0, 0, 0, 0, 0, 0, 0, 0, 0, 0, 0, 0, 0, 0, 0, 0, 0, 0, 0, 0, 0, 0, 0, 0, 0, 0, 0, 0]	[0, 0, 0, 0, 0, 0, 0, 0, 0, 0, 0, 0, 0, 0, 0, 0, 0, 0, 0, 0, 0, 0, 0, 0, 0, 0, 0, 0, 0, 0, 0]	[0.00023389997659251094, 0.01027349999640137, 0.026967499987222254, 0.04381669999565929, 0.06057929998496547, 0.07765289998496883, 0.09403419998125173, 0.11046989998430945, 0.12766349999583326, 0.14415209999424405, 0.16046699997968972, 0.17703489999985322, 0.1938056999933906, 0.21094629997969605, 0.2270956999855116, 0.2439816999831237, 0.26051169997663237, 0.27716399999917485, 0.2936905999958981, 0.3105947999865748, 0.3273990999732632, 0.34419199998956174, 0.36103439997532405, 0.37711099997977726, 0.39357089999248274, 0.4104155999957584, 0.4268109999829903, 0.44360169998253696, 0.46019759998307563, 0.4769314999866765, 0.4939721999980975]	177.0	286.0	0.7	8a
267	8	go_nogo	0	60	1	nogo	none	[69.0, 69.0, 81.0, 123.0, 153.0, 176.0, 196.0, 209.0, 217.0, 221.0, 224.0, 226.0, 231.0, 232.0, 233.0, 233.0, 233.0, 233.0, 233.0, 233.0, 233.0, 233.0]	[-242.0, -242.0, -201.0, -70.0, 17.0, 92.0, 147.0, 188.0, 217.0, 236.0, 249.0, 262.0, 279.0, 290.0, 295.0, 295.0, 295.0, 295.0, 295.0, 295.0, 295.0, 295.0]	[0, 0, 0, 0, 0, 0, 0, 0, 0, 0, 0, 0, 0, 0, 0, 0, 0, 0, 0, 0, 0, 1]	[0, 0, 0, 0, 0, 0, 0, 0, 0, 0, 0, 0, 0, 0, 0, 0, 0, 0, 0, 0, 0, 0]	[0, 0, 0, 0, 0, 0, 0, 0, 0, 0, 0, 0, 0, 0, 0, 0, 0, 0, 0, 0, 0, 0]	[0.00020849998691119254, 0.011939699994400144, 0.02861139999004081, 0.04531329998280853, 0.062051799992332235, 0.07835509997676127, 0.09524339999188669, 0.11179460000130348, 0.12844429997494444, 0.14518890000181273, 0.162092999991728, 0.17859049999970011, 0.1952595999755431, 0.2118326999770943, 0.22842689999379218, 0.24496449998696335, 0.26167419998091646, 0.2784269999829121, 0.29496329999528825, 0.31162229998153634, 0.32834349997574463, 0.34526699999696575]	233.0	295.0	0.8	8a
268	8	go_nogo	0	60	6	go	click	[38.0, 38.0, 44.0, 53.0, 66.0, 93.0, 110.0, 130.0, 148.0, 160.0, 172.0, 181.0, 191.0, 197.0, 202.0, 209.0, 216.0, 220.0, 221.0, 221.0, 221.0, 221.0, 221.0]	[-281.0, -281.0, -261.0, -215.0, -143.0, -35.0, 27.0, 93.0, 147.0, 187.0, 221.0, 250.0, 272.0, 286.0, 296.0, 306.0, 320.0, 329.0, 330.0, 330.0, 330.0, 330.0, 330.0]	[0, 0, 0, 0, 0, 0, 0, 0, 0, 0, 0, 0, 0, 0, 0, 0, 0, 0, 0, 0, 0, 0, 1]	[0, 0, 0, 0, 0, 0, 0, 0, 0, 0, 0, 0, 0, 0, 0, 0, 0, 0, 0, 0, 0, 0, 0]	[0, 0, 0, 0, 0, 0, 0, 0, 0, 0, 0, 0, 0, 0, 0, 0, 0, 0, 0, 0, 0, 0, 0]	[0.00018870001076720655, 0.010356599988881499, 0.026894899987382814, 0.043407499993918464, 0.060159799992106855, 0.07678840000880882, 0.09343569999327883, 0.11048899998422712, 0.12661030000890605, 0.1432929000002332, 0.1599757999938447, 0.17654729998321272, 0.19347850000485778, 0.21006489999126643, 0.22665269998833537, 0.24355859999195673, 0.2603362000081688, 0.27698560000862926, 0.2931327999976929, 0.30986539999139495, 0.32650979998288676, 0.34358670000801794, 0.36020309999003075]	221.0	330.0	1.0	8a
269	8	go_nogo	0	60	7	go	click	[52.0, 52.0, 59.0, 76.0, 87.0, 104.0, 119.0, 128.0, 139.0, 145.0, 150.0, 155.0, 159.0, 160.0, 161.0, 161.0, 161.0, 161.0, 161.0, 161.0, 161.0, 161.0, 161.0, 161.0, 161.0]	[-237.0, -237.0, -205.0, -100.0, -29.0, 46.0, 114.0, 165.0, 204.0, 238.0, 270.0, 297.0, 314.0, 320.0, 320.0, 320.0, 320.0, 320.0, 320.0, 320.0, 320.0, 320.0, 320.0, 320.0, 320.0]	[0, 0, 0, 0, 0, 0, 0, 0, 0, 0, 0, 0, 0, 0, 0, 0, 0, 0, 0, 0, 0, 0, 0, 0, 1]	[0, 0, 0, 0, 0, 0, 0, 0, 0, 0, 0, 0, 0, 0, 0, 0, 0, 0, 0, 0, 0, 0, 0, 0, 0]	[0, 0, 0, 0, 0, 0, 0, 0, 0, 0, 0, 0, 0, 0, 0, 0, 0, 0, 0, 0, 0, 0, 0, 0, 0]	[0.00027359998784959316, 0.011153200000990182, 0.027746899984776974, 0.0443739999900572, 0.061225099983857945, 0.07834730000467971, 0.09467099999892525, 0.1114157999982126, 0.1279928000003565, 0.14478329999838024, 0.16118219998315908, 0.1778997000074014, 0.19447699998272583, 0.21168629999738187, 0.22798409999813884, 0.2444882999989204, 0.26106640000944026, 0.2780357000010554, 0.29440029998659156, 0.31127849998301826, 0.3277345999958925, 0.3444630999874789, 0.3609363999858033, 0.3776990000042133, 0.3946993999998085]	161.0	320.0	0.8	8a
270	8	go_nogo	0	60	6	go	click	[26.0, 26.0, 32.0, 48.0, 69.0, 90.0, 121.0, 137.0, 149.0, 160.0, 167.0, 174.0, 182.0, 187.0, 191.0, 195.0, 199.0, 203.0, 207.0, 212.0, 213.0, 213.0, 213.0]	[-262.0, -262.0, -230.0, -158.0, -81.0, -11.0, 81.0, 118.0, 146.0, 165.0, 181.0, 199.0, 216.0, 230.0, 243.0, 254.0, 268.0, 283.0, 296.0, 310.0, 311.0, 311.0, 311.0]	[0, 0, 0, 0, 0, 0, 0, 0, 0, 0, 0, 0, 0, 0, 0, 0, 0, 0, 0, 0, 0, 0, 1]	[0, 0, 0, 0, 0, 0, 0, 0, 0, 0, 0, 0, 0, 0, 0, 0, 0, 0, 0, 0, 0, 0, 0]	[0, 0, 0, 0, 0, 0, 0, 0, 0, 0, 0, 0, 0, 0, 0, 0, 0, 0, 0, 0, 0, 0, 0]	[0.00018370000179857016, 0.010715799988247454, 0.02722910000011325, 0.043871300003957, 0.06055629998445511, 0.07731849999981932, 0.0941529999836348, 0.11132490000454709, 0.1273153999936767, 0.14450100000249222, 0.16095259998110123, 0.1773498999828007, 0.19391810000524856, 0.2108705999853555, 0.22706449998077005, 0.24379350000526756, 0.26043829999980517, 0.27703090000431985, 0.29368869998143055, 0.3104505999945104, 0.3267972999892663, 0.34358879999490455, 0.3607429999974556]	213.0	311.0	1.0	8a
271	8	go_nogo	0	60	7	go	click	[65.0, 65.0, 86.0, 104.0, 120.0, 132.0, 141.0, 149.0, 157.0, 165.0, 173.0, 185.0, 192.0, 198.0, 205.0, 214.0, 223.0, 230.0, 236.0, 240.0, 242.0, 243.0, 243.0, 243.0, 243.0, 243.0, 243.0, 243.0, 243.0]	[-243.0, -243.0, -184.0, -125.0, -75.0, -37.0, -4.0, 23.0, 48.0, 71.0, 94.0, 126.0, 140.0, 152.0, 166.0, 182.0, 199.0, 219.0, 234.0, 251.0, 270.0, 286.0, 296.0, 301.0, 302.0, 302.0, 302.0, 302.0, 302.0]	[0, 0, 0, 0, 0, 0, 0, 0, 0, 0, 0, 0, 0, 0, 0, 0, 0, 0, 0, 0, 0, 0, 0, 0, 0, 0, 0, 0, 1]	[0, 0, 0, 0, 0, 0, 0, 0, 0, 0, 0, 0, 0, 0, 0, 0, 0, 0, 0, 0, 0, 0, 0, 0, 0, 0, 0, 0, 0]	[0, 0, 0, 0, 0, 0, 0, 0, 0, 0, 0, 0, 0, 0, 0, 0, 0, 0, 0, 0, 0, 0, 0, 0, 0, 0, 0, 0, 0]	[0.00020640000002458692, 0.01117869999143295, 0.027666699985275045, 0.044476999988546595, 0.061220499977935106, 0.07775759999640286, 0.09452529999543913, 0.11120009998558089, 0.12771669999347068, 0.14431569998851046, 0.16121979997842573, 0.1783611999999266, 0.19517259998247027, 0.21105469999019988, 0.22772409999743104, 0.24443500000052154, 0.261035899980925, 0.27775469998596236, 0.29439179998007603, 0.3113588999840431, 0.3277808999991976, 0.34438549997867085, 0.36108709999825805, 0.37769049999769777, 0.39408989998628385, 0.41084549998049624, 0.4279002999828663, 0.4440775999973994, 0.4611367999750655]	243.0	302.0	0.5	8a
272	8	go_nogo	0	60	2	go	click	[20.0, 23.0, 30.0, 41.0, 59.0, 83.0, 101.0, 115.0, 126.0, 132.0, 138.0, 144.0, 151.0, 162.0, 178.0, 187.0, 193.0, 198.0, 199.0, 200.0, 200.0, 201.0, 202.0, 202.0, 203.0, 203.0]	[-290.0, -272.0, -253.0, -206.0, -133.0, -48.0, 25.0, 72.0, 105.0, 128.0, 143.0, 158.0, 172.0, 197.0, 225.0, 242.0, 260.0, 268.0, 273.0, 275.0, 277.0, 278.0, 282.0, 284.0, 285.0, 285.0]	[0, 0, 0, 0, 0, 0, 0, 0, 0, 0, 0, 0, 0, 0, 0, 0, 0, 0, 0, 0, 0, 0, 0, 0, 0, 1]	[0, 0, 0, 0, 0, 0, 0, 0, 0, 0, 0, 0, 0, 0, 0, 0, 0, 0, 0, 0, 0, 0, 0, 0, 0, 0]	[0, 0, 0, 0, 0, 0, 0, 0, 0, 0, 0, 0, 0, 0, 0, 0, 0, 0, 0, 0, 0, 0, 0, 0, 0, 0]	[0.00013909998233430088, 0.00985549998586066, 0.026798499980941415, 0.0433558999793604, 0.060685000004014, 0.07665649999398738, 0.09356169999227859, 0.10984779999125749, 0.12675880000460893, 0.14338049999787472, 0.15998039999976754, 0.17637529998319224, 0.19345849999808706, 0.21036249998724088, 0.22642560000531375, 0.2434202999866102, 0.2602605999854859, 0.2765038999787066, 0.29310569999506697, 0.30993499999749474, 0.3269025000045076, 0.34306980000110343, 0.35957229998894036, 0.37638020000304095, 0.392924599989783, 0.4099354999780189]	203.0	286.0	0.6	8a
273	8	go_nogo	0	60	4	go	click	[41.0, 41.0, 45.0, 55.0, 69.0, 89.0, 106.0, 121.0, 131.0, 138.0, 144.0, 147.0, 150.0, 152.0, 154.0, 158.0, 165.0, 173.0, 181.0, 186.0, 187.0, 187.0, 187.0, 187.0, 187.0, 187.0]	[-271.0, -271.0, -227.0, -173.0, -113.0, -51.0, 14.0, 75.0, 117.0, 150.0, 175.0, 195.0, 214.0, 227.0, 238.0, 248.0, 267.0, 288.0, 308.0, 321.0, 325.0, 325.0, 325.0, 325.0, 325.0, 325.0]	[0, 0, 0, 0, 0, 0, 0, 0, 0, 0, 0, 0, 0, 0, 0, 0, 0, 0, 0, 0, 0, 0, 0, 0, 0, 1]	[0, 0, 0, 0, 0, 0, 0, 0, 0, 0, 0, 0, 0, 0, 0, 0, 0, 0, 0, 0, 0, 0, 0, 0, 0, 0]	[0, 0, 0, 0, 0, 0, 0, 0, 0, 0, 0, 0, 0, 0, 0, 0, 0, 0, 0, 0, 0, 0, 0, 0, 0, 0]	[0.00022330001229420304, 0.011241800006246194, 0.02825730000040494, 0.04446639999514446, 0.061380700004519895, 0.07793379999930039, 0.09463289999985136, 0.11147750000236556, 0.1283564000041224, 0.14468210001359694, 0.1612345000030473, 0.1779081999848131, 0.19457250001141801, 0.2113697000022512, 0.2278766999952495, 0.2446813000133261, 0.26130789998569526, 0.27772419998655096, 0.2944149000104517, 0.31108949999907054, 0.3276492999866605, 0.3444143999950029, 0.3614643999899272, 0.3777987000066787, 0.3944432999996934, 0.4113673999963794]	187.0	325.0	1.0	8a
274	8	go_nogo	0	60	4	go	click	[65.0, 65.0, 78.0, 123.0, 149.0, 173.0, 189.0, 195.0, 200.0, 203.0, 207.0, 210.0, 214.0, 219.0, 220.0, 220.0, 220.0, 220.0, 220.0, 220.0, 220.0, 220.0, 220.0, 220.0, 220.0, 220.0, 220.0, 220.0, 220.0, 220.0, 220.0, 219.0, 218.0, 218.0, 217.0, 217.0, 217.0, 217.0, 217.0]	[-180.0, -180.0, -128.0, 5.0, 106.0, 191.0, 245.0, 274.0, 295.0, 311.0, 327.0, 347.0, 376.0, 400.0, 409.0, 410.0, 410.0, 410.0, 410.0, 410.0, 410.0, 410.0, 410.0, 410.0, 410.0, 410.0, 410.0, 410.0, 410.0, 407.0, 396.0, 382.0, 371.0, 363.0, 357.0, 353.0, 349.0, 343.0, 339.0]	[0, 0, 0, 0, 0, 0, 0, 0, 0, 0, 0, 0, 0, 0, 0, 0, 0, 0, 0, 1, 1, 1, 1, 1, 1, 0, 0, 0, 0, 0, 0, 0, 0, 0, 0, 0, 0, 0, 1]	[0, 0, 0, 0, 0, 0, 0, 0, 0, 0, 0, 0, 0, 0, 0, 0, 0, 0, 0, 0, 0, 0, 0, 0, 0, 0, 0, 0, 0, 0, 0, 0, 0, 0, 0, 0, 0, 0, 0]	[0, 0, 0, 0, 0, 0, 0, 0, 0, 0, 0, 0, 0, 0, 0, 0, 0, 0, 0, 0, 0, 0, 0, 0, 0, 0, 0, 0, 0, 0, 0, 0, 0, 0, 0, 0, 0, 0, 0]	[0.00041179999243468046, 0.012077699997462332, 0.028669599996646866, 0.04561659999308176, 0.062090299994451925, 0.07904489999054931, 0.0954069999861531, 0.11221809999551624, 0.12870199998724274, 0.14537320000818, 0.162096299987752, 0.1784369999950286, 0.19512039999244735, 0.2118854000000283, 0.22862199999508448, 0.2450681999907829, 0.26156129999435507, 0.27844850000110455, 0.29504629998700693, 0.3119271000032313, 0.3283530999906361, 0.3448666000040248, 0.36160709999967366, 0.3786207000084687, 0.39503839999088086, 0.4120330000005197, 0.42858460001298226, 0.4450969999888912, 0.4614923000044655, 0.47842309999396093, 0.49518369999714196, 0.5117932999855839, 0.528457200009143, 0.5452603999874555, 0.5619176999898627, 0.57868080001208, 0.5952386999852024, 0.611771800002316, 0.6289219000027515]	217.0	338.0	0.6	8a
275	8	go_nogo	0	60	9	nogo	none	[18.0, 18.0, 49.0, 85.0, 111.0, 130.0, 145.0, 154.0, 162.0, 164.0, 167.0, 168.0, 168.0, 169.0, 169.0, 169.0, 169.0, 169.0, 169.0, 169.0, 169.0, 170.0, 171.0, 172.0, 172.0, 172.0, 172.0, 172.0, 172.0, 172.0, 172.0, 172.0, 172.0, 172.0, 172.0, 172.0, 172.0, 172.0, 172.0, 172.0, 172.0, 172.0, 172.0, 172.0, 172.0, 172.0, 172.0, 172.0, 172.0, 172.0, 172.0, 172.0, 172.0, 172.0, 172.0, 172.0, 172.0, 172.0, 172.0, 172.0, 172.0, 172.0, 172.0, 172.0, 172.0, 172.0]	[-233.0, -233.0, -153.0, -65.0, -1.0, 47.0, 94.0, 128.0, 171.0, 207.0, 226.0, 236.0, 238.0, 241.0, 242.0, 242.0, 243.0, 243.0, 243.0, 243.0, 248.0, 254.0, 261.0, 263.0, 265.0, 265.0, 265.0, 265.0, 265.0, 265.0, 265.0, 265.0, 265.0, 265.0, 265.0, 265.0, 265.0, 265.0, 265.0, 265.0, 265.0, 265.0, 265.0, 265.0, 265.0, 265.0, 265.0, 265.0, 265.0, 265.0, 265.0, 265.0, 265.0, 265.0, 265.0, 265.0, 265.0, 265.0, 265.0, 265.0, 265.0, 265.0, 265.0, 265.0, 265.0, 265.0]	[0, 0, 0, 0, 0, 0, 0, 0, 0, 0, 0, 0, 0, 0, 0, 0, 0, 0, 0, 0, 0, 0, 0, 0, 0, 0, 0, 0, 0, 0, 0, 0, 0, 0, 0, 0, 0, 0, 0, 0, 0, 0, 0, 0, 0, 0, 0, 0, 0, 0, 0, 0, 0, 0, 0, 0, 0, 0, 0, 0, 0, 0, 0, 0, 0, 0]	[0, 0, 0, 0, 0, 0, 0, 0, 0, 0, 0, 0, 0, 0, 0, 0, 0, 0, 0, 0, 0, 0, 0, 0, 0, 0, 0, 0, 0, 0, 0, 0, 0, 0, 0, 0, 0, 0, 0, 0, 0, 0, 0, 0, 0, 0, 0, 0, 0, 0, 0, 0, 0, 0, 0, 0, 0, 0, 0, 0, 0, 0, 0, 0, 0, 0]	[0, 0, 0, 0, 0, 0, 0, 0, 0, 0, 0, 0, 0, 0, 0, 0, 0, 0, 0, 0, 0, 0, 0, 0, 0, 0, 0, 0, 0, 0, 0, 0, 0, 0, 0, 0, 0, 0, 0, 0, 0, 0, 0, 0, 0, 0, 0, 0, 0, 0, 0, 0, 0, 0, 0, 0, 0, 0, 0, 0, 0, 0, 0, 0, 0, 0]	[0.0002103000006172806, 0.010813400003826246, 0.02716359999612905, 0.043765900016296655, 0.060485599999083206, 0.07720729999709874, 0.09380649999366142, 0.11043840000638738, 0.1271003000147175, 0.14382100000511855, 0.16049050001311116, 0.17733060001046397, 0.1939317999931518, 0.21064219999243505, 0.2267555000144057, 0.2435782999964431, 0.2604187999968417, 0.2768915999913588, 0.29354240000247955, 0.3104391999950167, 0.3270599000097718, 0.3438965000095777, 0.36040229999343865, 0.37691620000987314, 0.39357459999155253, 0.4100470000121277, 0.4266970000171568, 0.4434139000077266, 0.46018090000143275, 0.4767493999970611, 0.4933598999923561, 0.5103808999992907, 0.5264333999948576, 0.5433128000004217, 0.559996099997079, 0.5769464999902993, 0.5934214000008069, 0.6099342000088654, 0.6266388999938499, 0.6433359000075143, 0.6599448999913875, 0.6766528000007384, 0.693415100016864, 0.7098912000074051, 0.7266608999925666, 0.7433909999963362, 0.7599346000060905, 0.7767024000058882, 0.793161700014025, 0.8099185999890324, 0.8268150000076275, 0.8431158000021242, 0.8596959999995306, 0.8763821999891661, 0.8931205999979284, 0.9096771999902558, 0.9263088000006974, 0.9429340999922715, 0.959807200008072, 0.9763588999921922, 0.993354400008684, 1.0098727000004146, 1.0266280999931041, 1.043108799989568, 1.0595954000018537, 1.0763864000036847]	n/a	n/a	0.7	8a
276	8	go_nogo	0	60	6	go	click	[67.0, 67.0, 88.0, 104.0, 119.0, 133.0, 146.0, 157.0, 163.0, 166.0, 166.0, 167.0, 169.0, 170.0, 170.0, 170.0, 170.0, 172.0, 175.0, 180.0, 188.0, 196.0, 202.0, 209.0, 212.0, 212.0, 212.0, 212.0]	[-210.0, -210.0, -102.0, 4.0, 94.0, 177.0, 244.0, 292.0, 317.0, 330.0, 332.0, 334.0, 336.0, 337.0, 337.0, 337.0, 336.0, 330.0, 322.0, 312.0, 298.0, 288.0, 282.0, 276.0, 275.0, 275.0, 275.0, 275.0]	[0, 0, 0, 0, 0, 0, 0, 0, 0, 0, 0, 0, 0, 0, 0, 0, 0, 0, 0, 0, 0, 0, 0, 0, 0, 0, 0, 1]	[0, 0, 0, 0, 0, 0, 0, 0, 0, 0, 0, 0, 0, 0, 0, 0, 0, 0, 0, 0, 0, 0, 0, 0, 0, 0, 0, 0]	[0, 0, 0, 0, 0, 0, 0, 0, 0, 0, 0, 0, 0, 0, 0, 0, 0, 0, 0, 0, 0, 0, 0, 0, 0, 0, 0, 0]	[0.0002516999957151711, 0.011325700004817918, 0.027615300001343712, 0.04438780000782572, 0.061490399995818734, 0.07760340001550503, 0.09425779999583028, 0.11100820000865497, 0.12783529999433085, 0.1443751000042539, 0.16133840000838973, 0.1777836999972351, 0.19428560000960715, 0.2110028000024613, 0.22783230000641197, 0.2445531999983359, 0.26122459999169223, 0.2778159000154119, 0.2943088999891188, 0.31113819999154657, 0.327593900001375, 0.3445269000076223, 0.3611670999962371, 0.37779329999466427, 0.3943920000165235, 0.411074000003282, 0.4276088000042364, 0.44428110000444576]	212.0	275.0	0.9	8a
277	8	go_nogo	0	60	2	go	click	[39.0, 62.0, 86.0, 126.0, 146.0, 158.0, 159.0, 159.0, 159.0, 159.0, 159.0, 159.0, 159.0, 159.0, 159.0, 160.0, 160.0, 160.0, 161.0, 163.0, 166.0, 167.0, 169.0, 171.0, 172.0, 173.0, 174.0, 174.0, 174.0, 174.0]	[-208.0, -139.0, -61.0, 73.0, 169.0, 254.0, 274.0, 298.0, 317.0, 324.0, 325.0, 328.0, 334.0, 341.0, 344.0, 344.0, 344.0, 344.0, 338.0, 332.0, 328.0, 327.0, 327.0, 326.0, 325.0, 325.0, 325.0, 325.0, 325.0, 325.0]	[0, 0, 0, 0, 0, 0, 0, 0, 0, 0, 0, 0, 0, 0, 0, 0, 0, 0, 0, 0, 0, 0, 0, 0, 0, 0, 0, 0, 0, 1]	[0, 0, 0, 0, 0, 0, 0, 0, 0, 0, 0, 0, 0, 0, 0, 0, 0, 0, 0, 0, 0, 0, 0, 0, 0, 0, 0, 0, 0, 0]	[0, 0, 0, 0, 0, 0, 0, 0, 0, 0, 0, 0, 0, 0, 0, 0, 0, 0, 0, 0, 0, 0, 0, 0, 0, 0, 0, 0, 0, 0]	[0.00011170000652782619, 0.01190470001893118, 0.02859940001508221, 0.0454823000181932, 0.06356850001611747, 0.07830819999799132, 0.0950903000193648, 0.11179240001365542, 0.12912250001681969, 0.14536029999726452, 0.16183850000379607, 0.17857270000968128, 0.19524270002148114, 0.21213379999971949, 0.22861290001310408, 0.24526379999588244, 0.2617366000195034, 0.2787619000009727, 0.29532930001732893, 0.31180480000330135, 0.32817270001396537, 0.34479890001239255, 0.3619858000020031, 0.3784821000008378, 0.39520170001196675, 0.41195239999797195, 0.428554800018901, 0.4450024999969173, 0.46165640000253916, 0.4788181000039913]	174.0	325.0	0.7	8a
278	8	go_nogo	0	60	8	go	click	[54.0, 54.0, 56.0, 58.0, 61.0, 65.0, 72.0, 87.0, 104.0, 112.0, 116.0, 119.0, 120.0, 122.0, 125.0, 125.0, 126.0, 126.0, 127.0, 129.0, 134.0, 139.0, 146.0, 152.0, 157.0, 162.0, 166.0, 171.0, 178.0, 183.0, 184.0, 184.0]	[-282.0, -282.0, -277.0, -267.0, -257.0, -240.0, -197.0, -102.0, -11.0, 47.0, 85.0, 111.0, 137.0, 163.0, 180.0, 188.0, 191.0, 193.0, 198.0, 206.0, 217.0, 228.0, 239.0, 249.0, 256.0, 262.0, 269.0, 281.0, 291.0, 301.0, 303.0, 304.0]	[0, 0, 0, 0, 0, 0, 0, 0, 0, 0, 0, 0, 0, 0, 0, 0, 0, 0, 0, 0, 0, 0, 0, 0, 0, 0, 0, 0, 0, 0, 0, 1]	[0, 0, 0, 0, 0, 0, 0, 0, 0, 0, 0, 0, 0, 0, 0, 0, 0, 0, 0, 0, 0, 0, 0, 0, 0, 0, 0, 0, 0, 0, 0, 0]	[0, 0, 0, 0, 0, 0, 0, 0, 0, 0, 0, 0, 0, 0, 0, 0, 0, 0, 0, 0, 0, 0, 0, 0, 0, 0, 0, 0, 0, 0, 0, 0]	[0.00022460002219304442, 0.012388700008159503, 0.028512400022009388, 0.045213200006401166, 0.061929000017698854, 0.07880370001657866, 0.09544240002287552, 0.1117806000111159, 0.12854850001167506, 0.14520990001619793, 0.16184179999982007, 0.178488900011871, 0.19508270002552308, 0.21177610001177527, 0.22871010002563708, 0.2453741000208538, 0.26210010002250783, 0.27883910000673495, 0.2953840999980457, 0.312021600024309, 0.32882160000735894, 0.34552780000376515, 0.36181349999969825, 0.3783648000098765, 0.3950030000123661, 0.41190380000625737, 0.4285006000136491, 0.4453409000125248, 0.4616993000090588, 0.478629200020805, 0.4953864999988582, 0.512067500007106]	184.0	304.0	1.0	8a
279	8	go_nogo	0	60	9	nogo	none	[42.0, 42.0, 47.0, 64.0, 80.0, 93.0, 108.0, 118.0, 121.0, 124.0, 126.0, 127.0, 127.0, 127.0, 127.0, 130.0, 134.0, 139.0, 150.0, 157.0, 159.0, 159.0, 159.0, 159.0, 159.0, 159.0, 159.0, 159.0, 159.0, 159.0, 159.0, 159.0, 159.0, 159.0, 159.0, 159.0, 159.0, 159.0, 159.0, 159.0, 159.0, 159.0, 159.0, 159.0, 159.0, 159.0, 159.0, 159.0, 159.0, 159.0, 159.0, 159.0, 159.0, 159.0, 159.0, 159.0, 159.0, 159.0, 159.0, 159.0, 159.0, 159.0, 159.0, 159.0]	[-182.0, -182.0, -136.0, -44.0, 35.0, 95.0, 159.0, 194.0, 214.0, 229.0, 239.0, 241.0, 241.0, 241.0, 241.0, 242.0, 242.0, 243.0, 245.0, 248.0, 248.0, 249.0, 249.0, 249.0, 249.0, 249.0, 249.0, 249.0, 249.0, 249.0, 249.0, 249.0, 249.0, 249.0, 249.0, 249.0, 249.0, 249.0, 249.0, 249.0, 249.0, 249.0, 249.0, 249.0, 249.0, 249.0, 249.0, 249.0, 249.0, 249.0, 249.0, 249.0, 249.0, 249.0, 249.0, 249.0, 249.0, 249.0, 249.0, 249.0, 249.0, 249.0, 249.0, 249.0]	[0, 0, 0, 0, 0, 0, 0, 0, 0, 0, 0, 0, 0, 0, 0, 0, 0, 0, 0, 0, 0, 0, 0, 0, 0, 0, 0, 0, 0, 0, 0, 0, 0, 0, 0, 0, 0, 0, 0, 0, 0, 0, 0, 0, 0, 0, 0, 0, 0, 0, 0, 0, 0, 0, 0, 0, 0, 0, 0, 0, 0, 0, 0, 0]	[0, 0, 0, 0, 0, 0, 0, 0, 0, 0, 0, 0, 0, 0, 0, 0, 0, 0, 0, 0, 0, 0, 0, 0, 0, 0, 0, 0, 0, 0, 0, 0, 0, 0, 0, 0, 0, 0, 0, 0, 0, 0, 0, 0, 0, 0, 0, 0, 0, 0, 0, 0, 0, 0, 0, 0, 0, 0, 0, 0, 0, 0, 0, 0]	[0, 0, 0, 0, 0, 0, 0, 0, 0, 0, 0, 0, 0, 0, 0, 0, 0, 0, 0, 0, 0, 0, 0, 0, 0, 0, 0, 0, 0, 0, 0, 0, 0, 0, 0, 0, 0, 0, 0, 0, 0, 0, 0, 0, 0, 0, 0, 0, 0, 0, 0, 0, 0, 0, 0, 0, 0, 0, 0, 0, 0, 0, 0, 0]	[0.0001790999958757311, 0.009749899996677414, 0.02642290000221692, 0.043331699998816475, 0.059872499987250194, 0.0767078000062611, 0.09345819998998195, 0.1102656000002753, 0.12649590001092292, 0.14347740000812337, 0.16001279998454265, 0.17640530000790022, 0.19287629998871125, 0.20943329998408444, 0.22644560001208447, 0.2431712000106927, 0.2598495999991428, 0.2766743999964092, 0.2930237000109628, 0.3104907000088133, 0.32635129999835044, 0.34295819999533705, 0.3597576000029221, 0.3762824999867007, 0.3928576000034809, 0.40977219998603687, 0.42646099999547005, 0.4429940000118222, 0.45950599998468533, 0.476539800001774, 0.4931268999935128, 0.5095532000123058, 0.5262408999842592, 0.5429614000022411, 0.5594738000072539, 0.5762329999997746, 0.592839399992954, 0.6093476999958511, 0.6265745999990031, 0.6426758999878075, 0.6595402999955695, 0.6760443999955896, 0.6928603999840561, 0.7094418999913614, 0.7260917999956291, 0.7428790999983903, 0.7595651999872644, 0.7762436000048183, 0.7928909999900497, 0.8094219999911729, 0.826185899990378, 0.8427332999999635, 0.8595378999889363, 0.8761303999926895, 0.8928367999906186, 0.909557799983304, 0.9263991999905556, 0.9427965999930166, 0.9596575000032317, 0.976276900008088, 0.992875500000082, 1.0096556000062265, 1.026140400004806, 1.0427440000057686]	n/a	n/a	1.0	8a
280	8	go_nogo	0	60	3	go	click	[76.0, 76.0, 84.0, 103.0, 136.0, 170.0, 192.0, 209.0, 217.0, 222.0, 224.0, 225.0, 226.0, 230.0, 234.0, 234.0, 234.0, 234.0, 234.0, 234.0, 234.0, 234.0, 234.0, 234.0, 234.0, 234.0, 234.0, 234.0, 234.0, 234.0, 234.0, 234.0, 234.0, 234.0, 234.0, 234.0, 234.0, 234.0, 234.0, 234.0, 234.0, 234.0, 234.0, 233.0, 232.0, 232.0, 232.0, 232.0, 232.0]	[-255.0, -255.0, -230.0, -168.0, -76.0, 19.0, 89.0, 147.0, 174.0, 193.0, 204.0, 212.0, 220.0, 233.0, 241.0, 243.0, 244.0, 244.0, 244.0, 246.0, 248.0, 249.0, 249.0, 249.0, 249.0, 249.0, 249.0, 249.0, 249.0, 249.0, 249.0, 249.0, 249.0, 249.0, 249.0, 249.0, 249.0, 249.0, 249.0, 249.0, 249.0, 255.0, 261.0, 268.0, 270.0, 270.0, 270.0, 270.0, 270.0]	[0, 0, 0, 0, 0, 0, 0, 0, 0, 0, 0, 0, 0, 0, 0, 0, 0, 0, 0, 0, 0, 0, 0, 0, 0, 0, 1, 1, 1, 1, 1, 1, 1, 1, 1, 0, 0, 0, 0, 0, 0, 0, 0, 0, 0, 0, 0, 0, 1]	[0, 0, 0, 0, 0, 0, 0, 0, 0, 0, 0, 0, 0, 0, 0, 0, 0, 0, 0, 0, 0, 0, 0, 0, 0, 0, 0, 0, 0, 0, 0, 0, 0, 0, 0, 0, 0, 0, 0, 0, 0, 0, 0, 0, 0, 0, 0, 0, 0]	[0, 0, 0, 0, 0, 0, 0, 0, 0, 0, 0, 0, 0, 0, 0, 0, 0, 0, 0, 0, 0, 0, 0, 0, 0, 0, 0, 0, 0, 0, 0, 0, 0, 0, 0, 0, 0, 0, 0, 0, 0, 0, 0, 0, 0, 0, 0, 0, 0]	[0.00017870002193376422, 0.010338899999624118, 0.026897400006419048, 0.043481500004418194, 0.06020330000319518, 0.0768067000026349, 0.09387620000052266, 0.11028150000493042, 0.12707860002410598, 0.143596100009745, 0.1601049000164494, 0.1769106000137981, 0.1935840000223834, 0.21070500000496395, 0.22706930001731962, 0.24377520001144148, 0.26005670000449754, 0.2767595000041183, 0.2937165000184905, 0.3103881000133697, 0.32679320001625456, 0.3435710000048857, 0.36024760000873357, 0.3767676000134088, 0.39333290001377463, 0.4101185000035912, 0.42724280001129955, 0.4434127999993507, 0.45985189999919385, 0.4764689000148792, 0.49336130000301637, 0.5101560000039171, 0.5266216000018176, 0.5434083000000101, 0.5601418000005651, 0.5768406999995932, 0.5935621000244282, 0.6102341000223532, 0.6267463000258431, 0.6433921000279952, 0.6600672000204213, 0.6768084000214003, 0.6935696000000462, 0.7102480000176001, 0.7266120999993291, 0.7432774000044446, 0.7600055000220891, 0.776756800012663, 0.7934937000100035]	232.0	270.0	0.7	8a
281	8	go_nogo	0	60	1	nogo	none	[45.0, 45.0, 56.0, 113.0, 150.0, 171.0, 189.0, 199.0, 205.0, 209.0, 210.0, 213.0, 214.0, 215.0, 215.0, 215.0, 215.0, 215.0, 215.0, 215.0, 215.0, 215.0, 215.0, 215.0, 215.0, 215.0, 215.0, 215.0, 215.0, 215.0, 215.0, 215.0, 215.0, 215.0, 215.0, 215.0, 215.0, 215.0, 215.0, 215.0, 215.0, 215.0, 215.0, 215.0, 215.0, 215.0, 215.0, 215.0, 215.0, 215.0, 215.0, 215.0, 215.0, 215.0, 215.0, 215.0, 215.0]	[-233.0, -233.0, -196.0, -31.0, 72.0, 145.0, 200.0, 233.0, 256.0, 273.0, 281.0, 290.0, 298.0, 304.0, 305.0, 305.0, 306.0, 306.0, 306.0, 306.0, 306.0, 306.0, 306.0, 306.0, 306.0, 306.0, 306.0, 306.0, 306.0, 306.0, 306.0, 306.0, 306.0, 306.0, 306.0, 306.0, 306.0, 306.0, 306.0, 306.0, 306.0, 306.0, 306.0, 306.0, 306.0, 306.0, 306.0, 306.0, 306.0, 306.0, 306.0, 306.0, 306.0, 306.0, 306.0, 306.0, 306.0]	[0, 0, 0, 0, 0, 0, 0, 0, 0, 0, 0, 0, 0, 0, 0, 0, 0, 0, 0, 0, 0, 0, 0, 0, 0, 0, 0, 0, 0, 0, 0, 0, 0, 0, 0, 0, 0, 0, 0, 0, 0, 0, 0, 0, 0, 0, 0, 0, 0, 0, 0, 0, 0, 0, 0, 0, 0]	[0, 0, 0, 0, 0, 0, 0, 0, 0, 0, 0, 0, 0, 0, 0, 0, 0, 0, 0, 0, 0, 0, 0, 0, 0, 0, 0, 0, 0, 0, 0, 0, 0, 0, 0, 0, 0, 0, 0, 0, 0, 0, 0, 0, 0, 0, 0, 0, 0, 0, 0, 0, 0, 0, 0, 0, 0]	[0, 0, 0, 0, 0, 0, 0, 0, 0, 0, 0, 0, 0, 0, 0, 0, 0, 0, 0, 0, 0, 0, 0, 0, 0, 0, 0, 0, 0, 0, 0, 0, 0, 0, 0, 0, 0, 0, 0, 0, 0, 0, 0, 0, 0, 0, 0, 0, 0, 0, 0, 0, 0, 0, 0, 0, 0]	[0.00026780000189319253, 0.00978739999118261, 0.026613499998347834, 0.0436762000026647, 0.061001299996860325, 0.07738969998899847, 0.09327969999867491, 0.11011429998325184, 0.12659060000441968, 0.14325779999489896, 0.1601166999898851, 0.17666209998424165, 0.19345910000265576, 0.21012299999711104, 0.2265027999819722, 0.2431434000027366, 0.25996480000321753, 0.27674499998101965, 0.29331089998595417, 0.3098829999798909, 0.3265669999818783, 0.3431420999986585, 0.3599767999839969, 0.3765803999849595, 0.39330349999363534, 0.40985229998477735, 0.4265499000030104, 0.44314759998815134, 0.46007959998678416, 0.476494599977741, 0.4930633000039961, 0.5099264000018593, 0.5265961999830324, 0.5429948999953922, 0.5597985000058543, 0.5763902000035159, 0.5930928000016138, 0.6097764000005554, 0.6265950999804772, 0.6429327999940142, 0.6597253999789245, 0.6762353999947663, 0.6930878999992274, 0.7098854999931064, 0.7266122000000905, 0.7433163999812678, 0.759895700000925, 0.7764154000033159, 0.7929092999838758, 0.8095485999947414, 0.8261415000015404, 0.843052499985788, 0.8596127000055276, 0.8764983000000939, 0.8931143999798223, 0.9097156999923754, 0.9264737000048626]	n/a	n/a	0.6	8a
282	8	go_nogo	0	60	7	go	click	[77.0, 77.0, 103.0, 125.0, 148.0, 159.0, 164.0, 165.0, 165.0, 167.0, 168.0, 168.0, 169.0, 170.0, 170.0, 170.0, 170.0, 170.0, 170.0, 171.0, 171.0, 171.0, 173.0, 179.0, 186.0, 190.0, 198.0, 200.0, 201.0, 201.0, 201.0, 201.0, 201.0, 201.0, 201.0, 201.0, 201.0, 201.0, 201.0]	[-257.0, -257.0, -163.0, -71.0, 22.0, 92.0, 130.0, 156.0, 171.0, 178.0, 184.0, 188.0, 192.0, 194.0, 194.0, 194.0, 194.0, 195.0, 196.0, 197.0, 198.0, 199.0, 205.0, 226.0, 253.0, 280.0, 309.0, 317.0, 318.0, 318.0, 318.0, 318.0, 318.0, 318.0, 318.0, 318.0, 318.0, 318.0, 318.0]	[0, 0, 0, 0, 0, 0, 0, 0, 0, 0, 0, 0, 0, 0, 0, 0, 0, 0, 0, 0, 0, 0, 0, 0, 0, 0, 0, 0, 0, 0, 0, 0, 0, 0, 0, 0, 0, 0, 1]	[0, 0, 0, 0, 0, 0, 0, 0, 0, 0, 0, 0, 0, 0, 0, 0, 0, 0, 0, 0, 0, 0, 0, 0, 0, 0, 0, 0, 0, 0, 0, 0, 0, 0, 0, 0, 0, 0, 0]	[0, 0, 0, 0, 0, 0, 0, 0, 0, 0, 0, 0, 0, 0, 0, 0, 0, 0, 0, 0, 0, 0, 0, 0, 0, 0, 0, 0, 0, 0, 0, 0, 0, 0, 0, 0, 0, 0, 0]	[0.00023110001347959042, 0.011315600015223026, 0.027993700001388788, 0.044717000011587515, 0.06160169999930076, 0.07811470000888221, 0.09475170000223443, 0.1116838000016287, 0.12815440000849776, 0.14467889998923056, 0.16154920001281425, 0.1780819999985397, 0.19523430001572706, 0.21126539999386296, 0.22782259999075904, 0.24459079999360256, 0.26139150001108646, 0.2782073999987915, 0.29490579999401234, 0.311567600001581, 0.32810590000008233, 0.34481949999462813, 0.3616339000000153, 0.3781343000009656, 0.3947718999988865, 0.41164440001011826, 0.4287966999982018, 0.44492360000731423, 0.461171100003412, 0.4778564000152983, 0.4944334000174422, 0.511178699991433, 0.5279786000028253, 0.5447507000062615, 0.5612274000013713, 0.5780584000167437, 0.594688999990467, 0.6113322000019252, 0.6280329000146594]	201.0	318.0	0.8	8a
283	8	go_nogo	0	60	2	go	click	[53.0, 63.0, 79.0, 115.0, 150.0, 181.0, 205.0, 223.0, 237.0, 243.0, 249.0, 253.0, 253.0, 254.0, 254.0, 254.0, 254.0, 254.0, 254.0, 254.0, 250.0, 248.0, 245.0, 242.0, 240.0, 238.0, 237.0, 236.0, 236.0, 236.0, 236.0, 236.0, 236.0]	[-258.0, -210.0, -149.0, -31.0, 80.0, 174.0, 242.0, 292.0, 333.0, 358.0, 373.0, 395.0, 397.0, 397.0, 397.0, 397.0, 397.0, 397.0, 397.0, 396.0, 388.0, 378.0, 366.0, 358.0, 348.0, 340.0, 336.0, 334.0, 332.0, 329.0, 328.0, 328.0, 328.0]	[0, 0, 0, 0, 0, 0, 0, 0, 0, 0, 0, 0, 0, 0, 0, 0, 0, 0, 0, 0, 0, 0, 0, 0, 0, 0, 0, 0, 0, 0, 0, 0, 1]	[0, 0, 0, 0, 0, 0, 0, 0, 0, 0, 0, 0, 0, 0, 0, 0, 0, 0, 0, 0, 0, 0, 0, 0, 0, 0, 0, 0, 0, 0, 0, 0, 0]	[0, 0, 0, 0, 0, 0, 0, 0, 0, 0, 0, 0, 0, 0, 0, 0, 0, 0, 0, 0, 0, 0, 0, 0, 0, 0, 0, 0, 0, 0, 0, 0, 0]	[7.970002479851246e-05, 0.010487000021385029, 0.0273163000238128, 0.0437697000161279, 0.06038590002572164, 0.07730220002122223, 0.0937137000146322, 0.11034850002033636, 0.12691700001596473, 0.14388529999996535, 0.16035060002468526, 0.17699790000915527, 0.19387890002690256, 0.21040710000670515, 0.22682710000663064, 0.24374600002192892, 0.2603905000141822, 0.2768724000197835, 0.293674300017301, 0.3103283000236843, 0.32673960001557134, 0.3438029000244569, 0.360269500000868, 0.3769338000274729, 0.39438850001897663, 0.4105684000242036, 0.42720200002077036, 0.4437758000276517, 0.46052580000832677, 0.4770332000043709, 0.49345230002654716, 0.5106742000207305, 0.5272792000032496]	236.0	328.0	0.6	8a
284	8	go_nogo	0	60	4	go	click	[38.0, 38.0, 64.0, 83.0, 98.0, 120.0, 130.0, 140.0, 144.0, 148.0, 150.0, 154.0, 159.0, 164.0, 166.0, 167.0, 168.0, 168.0, 170.0, 173.0, 178.0, 189.0, 198.0, 209.0, 211.0, 211.0, 211.0, 211.0]	[-240.0, -240.0, -139.0, -50.0, 18.0, 80.0, 119.0, 146.0, 165.0, 177.0, 183.0, 191.0, 204.0, 214.0, 219.0, 221.0, 221.0, 221.0, 224.0, 230.0, 242.0, 260.0, 281.0, 302.0, 307.0, 307.0, 307.0, 307.0]	[0, 0, 0, 0, 0, 0, 0, 0, 0, 0, 0, 0, 0, 0, 0, 0, 0, 0, 0, 0, 0, 0, 0, 0, 0, 0, 0, 1]	[0, 0, 0, 0, 0, 0, 0, 0, 0, 0, 0, 0, 0, 0, 0, 0, 0, 0, 0, 0, 0, 0, 0, 0, 0, 0, 0, 0]	[0, 0, 0, 0, 0, 0, 0, 0, 0, 0, 0, 0, 0, 0, 0, 0, 0, 0, 0, 0, 0, 0, 0, 0, 0, 0, 0, 0]	[0.00018259999342262745, 0.011324299994157627, 0.02811799998744391, 0.04494859999977052, 0.0616180999786593, 0.07824759997311048, 0.09510349997435696, 0.11160509998444468, 0.12837279998348095, 0.1450724999886006, 0.16158659997745417, 0.17824779998045415, 0.1948862999852281, 0.21166979998815805, 0.22834429997601546, 0.2451332999917213, 0.2613558000011835, 0.2782489999954123, 0.2949136999959592, 0.3117859999765642, 0.32852669997373596, 0.344860899989726, 0.36175299997557886, 0.378142100002151, 0.3947086999833118, 0.41131769999628887, 0.42783119998057373, 0.445100699987961]	211.0	307.0	0.7	8a
285	8	go_nogo	0	60	9	nogo	none	[16.0, 23.0, 33.0, 68.0, 122.0, 178.0, 205.0, 220.0, 227.0, 228.0, 229.0, 229.0, 231.0, 235.0, 238.0, 242.0, 242.0, 242.0, 242.0, 241.0, 240.0, 239.0, 238.0, 237.0, 237.0, 237.0, 237.0, 237.0, 237.0, 237.0, 237.0, 237.0, 237.0, 237.0, 237.0, 237.0, 237.0, 237.0, 237.0, 237.0, 237.0, 237.0, 237.0, 237.0, 237.0, 237.0, 237.0, 237.0, 237.0, 237.0, 237.0, 237.0, 237.0, 237.0, 237.0, 237.0, 237.0, 237.0, 237.0, 237.0, 237.0, 237.0, 237.0, 237.0]	[-270.0, -249.0, -223.0, -138.0, -13.0, 122.0, 186.0, 221.0, 242.0, 250.0, 252.0, 255.0, 260.0, 273.0, 288.0, 300.0, 303.0, 305.0, 307.0, 308.0, 309.0, 310.0, 311.0, 311.0, 311.0, 311.0, 311.0, 311.0, 311.0, 311.0, 311.0, 311.0, 311.0, 311.0, 311.0, 311.0, 311.0, 311.0, 311.0, 311.0, 311.0, 311.0, 311.0, 311.0, 311.0, 311.0, 311.0, 311.0, 311.0, 311.0, 311.0, 311.0, 311.0, 311.0, 311.0, 312.0, 312.0, 312.0, 312.0, 312.0, 312.0, 312.0, 312.0, 312.0]	[0, 0, 0, 0, 0, 0, 0, 0, 0, 0, 0, 0, 0, 0, 0, 0, 0, 0, 0, 0, 0, 0, 0, 0, 0, 0, 0, 0, 0, 0, 0, 0, 0, 0, 0, 0, 0, 0, 0, 0, 0, 0, 0, 0, 0, 0, 0, 0, 0, 0, 0, 0, 0, 0, 0, 0, 0, 0, 0, 0, 0, 0, 0, 0]	[0, 0, 0, 0, 0, 0, 0, 0, 0, 0, 0, 0, 0, 0, 0, 0, 0, 0, 0, 0, 0, 0, 0, 0, 0, 0, 0, 0, 0, 0, 0, 0, 0, 0, 0, 0, 0, 0, 0, 0, 0, 0, 0, 0, 0, 0, 0, 0, 0, 0, 0, 0, 0, 0, 0, 0, 0, 0, 0, 0, 0, 0, 0, 0]	[0, 0, 0, 0, 0, 0, 0, 0, 0, 0, 0, 0, 0, 0, 0, 0, 0, 0, 0, 0, 0, 0, 0, 0, 0, 0, 0, 0, 0, 0, 0, 0, 0, 0, 0, 0, 0, 0, 0, 0, 0, 0, 0, 0, 0, 0, 0, 0, 0, 0, 0, 0, 0, 0, 0, 0, 0, 0, 0, 0, 0, 0, 0, 0]	[9.009998757392168e-05, 0.012094900012016296, 0.02819489999092184, 0.04505869999411516, 0.061746799998218194, 0.0783950999903027, 0.09490269998786971, 0.111711200006539, 0.12850250001065433, 0.14498069998808205, 0.16157600001315586, 0.17821320000803098, 0.19495969999115914, 0.21165159999509342, 0.22866039999644272, 0.24495069999829866, 0.26160470000468194, 0.27823820000048727, 0.294613300007768, 0.3115713000006508, 0.3284043000021484, 0.3449436000082642, 0.3614643999899272, 0.3779297000146471, 0.39485350000904873, 0.411512099992251, 0.42806589999236166, 0.44468730001244694, 0.46144439998897724, 0.47805740000330843, 0.494732599996496, 0.5113669999991544, 0.5281398000079207, 0.5448422000044957, 0.561527699988801, 0.5780073000059929, 0.5947181000083219, 0.611357699992368, 0.6278833000105806, 0.6447525999974459, 0.661373500013724, 0.6780894999974407, 0.6947108999884222, 0.711368099990068, 0.7280739000125322, 0.7448028000071645, 0.7614160999946762, 0.7789688000048045, 0.7945874000142794, 0.8113815000106115, 0.8280740999907721, 0.8446004000143148, 0.8612729999877047, 0.8780170000100043, 0.8945337999903131, 0.9112163000099827, 0.9280289000016637, 0.9448671000136528, 0.9611405000032391, 0.9779610999976285, 0.9946605000004638, 1.0113499000144657, 1.0280533999903128, 1.0446490999893285]	n/a	n/a	0.7	8a
286	8	go_nogo	0	60	8	go	click	[56.0, 56.0, 95.0, 132.0, 168.0, 199.0, 221.0, 230.0, 232.0, 232.0, 232.0, 231.0, 230.0, 230.0, 230.0, 230.0, 229.0, 227.0, 222.0, 214.0, 210.0, 209.0, 207.0, 207.0, 206.0, 205.0, 203.0, 201.0, 200.0, 200.0, 200.0, 199.0, 199.0, 199.0, 199.0, 199.0]	[-175.0, -175.0, -18.0, 120.0, 242.0, 345.0, 422.0, 473.0, 503.0, 516.0, 519.0, 520.0, 521.0, 521.0, 521.0, 521.0, 521.0, 511.0, 490.0, 461.0, 439.0, 426.0, 419.0, 414.0, 405.0, 390.0, 368.0, 343.0, 339.0, 339.0, 339.0, 338.0, 338.0, 338.0, 338.0, 338.0]	[0, 0, 0, 0, 0, 0, 0, 0, 0, 0, 0, 0, 0, 0, 0, 0, 0, 0, 0, 0, 0, 0, 0, 0, 0, 0, 0, 0, 0, 0, 0, 0, 0, 0, 0, 1]	[0, 0, 0, 0, 0, 0, 0, 0, 0, 0, 0, 0, 0, 0, 0, 0, 0, 0, 0, 0, 0, 0, 0, 0, 0, 0, 0, 0, 0, 0, 0, 0, 0, 0, 0, 0]	[0, 0, 0, 0, 0, 0, 0, 0, 0, 0, 0, 0, 0, 0, 0, 0, 0, 0, 0, 0, 0, 0, 0, 0, 0, 0, 0, 0, 0, 0, 0, 0, 0, 0, 0, 0]	[0.00018560001626610756, 0.009924700018018484, 0.026880400022491813, 0.043842900020536035, 0.05987950001144782, 0.07662530001834966, 0.09376210000482388, 0.10990900002070703, 0.12680700002238154, 0.1436175999988336, 0.1600029999972321, 0.17686730000423267, 0.1932303000066895, 0.2098139000008814, 0.22650420002173632, 0.24332510001841, 0.2604302999970969, 0.27666770000359975, 0.29300610002246685, 0.30961220001336187, 0.3262324999959674, 0.34302530001150444, 0.35983690002467483, 0.3762363000132609, 0.39299860000028275, 0.40956200001528487, 0.4263887999986764, 0.44339339999714866, 0.459380800020881, 0.47616780002135783, 0.4930000000167638, 0.5094366999983322, 0.5262600000132807, 0.5428627000073902, 0.5594695000036154, 0.5763951000117231]	199.0	338.0	1.0	8a
287	8	go_nogo	0	60	7	go	click	[36.0, 36.0, 59.0, 88.0, 117.0, 144.0, 163.0, 182.0, 187.0, 190.0, 190.0, 190.0, 190.0, 190.0, 190.0, 190.0, 190.0, 190.0, 190.0, 190.0, 190.0, 190.0, 190.0]	[-290.0, -290.0, -198.0, -84.0, 21.0, 108.0, 170.0, 224.0, 249.0, 260.0, 262.0, 262.0, 262.0, 265.0, 268.0, 268.0, 268.0, 268.0, 268.0, 268.0, 268.0, 268.0, 268.0]	[0, 0, 0, 0, 0, 0, 0, 0, 0, 0, 0, 0, 0, 0, 0, 0, 0, 0, 0, 0, 0, 0, 1]	[0, 0, 0, 0, 0, 0, 0, 0, 0, 0, 0, 0, 0, 0, 0, 0, 0, 0, 0, 0, 0, 0, 0]	[0, 0, 0, 0, 0, 0, 0, 0, 0, 0, 0, 0, 0, 0, 0, 0, 0, 0, 0, 0, 0, 0, 0]	[7.990002632141113e-05, 0.012548700004117563, 0.02890440000919625, 0.04540540001471527, 0.06227900000521913, 0.07888010001624934, 0.09538959999918006, 0.11249250001856126, 0.12898280000081286, 0.14584900002228096, 0.16222310002194718, 0.1787367000069935, 0.1957935000245925, 0.21213840000564232, 0.2290268000215292, 0.24539070000173524, 0.26213670001016, 0.27885329999844544, 0.2953657000034582, 0.31232540000928566, 0.3290900000138208, 0.3453882000176236, 0.3623373000009451]	190.0	268.0	0.9	8a
288	8	go_nogo	0	60	8	go	click	[63.0, 63.0, 75.0, 102.0, 126.0, 135.0, 138.0, 141.0, 141.0, 141.0, 141.0, 141.0, 140.0, 139.0, 137.0, 136.0, 136.0, 136.0, 136.0, 136.0, 137.0, 141.0, 145.0, 151.0, 154.0, 158.0, 164.0, 179.0, 187.0, 190.0, 190.0]	[-274.0, -274.0, -241.0, -102.0, 7.0, 76.0, 116.0, 144.0, 164.0, 175.0, 180.0, 185.0, 196.0, 211.0, 220.0, 221.0, 221.0, 221.0, 221.0, 224.0, 228.0, 232.0, 239.0, 243.0, 249.0, 254.0, 261.0, 277.0, 285.0, 286.0, 287.0]	[0, 0, 0, 0, 0, 0, 0, 0, 0, 0, 0, 0, 0, 0, 0, 0, 0, 0, 0, 0, 0, 0, 0, 0, 0, 0, 0, 0, 0, 0, 1]	[0, 0, 0, 0, 0, 0, 0, 0, 0, 0, 0, 0, 0, 0, 0, 0, 0, 0, 0, 0, 0, 0, 0, 0, 0, 0, 0, 0, 0, 0, 0]	[0, 0, 0, 0, 0, 0, 0, 0, 0, 0, 0, 0, 0, 0, 0, 0, 0, 0, 0, 0, 0, 0, 0, 0, 0, 0, 0, 0, 0, 0, 0]	[0.0002686999796424061, 0.011290199996437877, 0.02817999999388121, 0.04461889999220148, 0.06151049997424707, 0.07804229998146184, 0.09447719997842796, 0.11123919999226928, 0.12786149999010377, 0.14438159999554045, 0.1612052999844309, 0.17781699998886324, 0.1945971999957692, 0.21119779997388832, 0.22783629997866228, 0.24437390000093728, 0.2610749999876134, 0.27773019997403026, 0.29444829997373745, 0.3111145999864675, 0.32777779997559264, 0.3449706999817863, 0.36100319999968633, 0.3776707999932114, 0.39438759998301975, 0.41108179997536354, 0.4278846999804955, 0.4447331999836024, 0.4609842999780085, 0.47782999998889863, 0.494467699987581]	190.0	287.0	1.0	8a
289	8	go_nogo	0	60	4	go	click	[42.0, 42.0, 56.0, 82.0, 101.0, 110.0, 119.0, 125.0, 129.0, 130.0, 134.0, 136.0, 140.0, 143.0, 150.0, 164.0, 179.0, 195.0, 208.0, 218.0, 219.0, 223.0, 223.0, 224.0, 225.0, 226.0, 227.0, 227.0, 227.0, 227.0]	[-203.0, -203.0, -128.0, -31.0, 35.0, 72.0, 101.0, 118.0, 128.0, 132.0, 141.0, 144.0, 151.0, 156.0, 166.0, 184.0, 204.0, 226.0, 250.0, 272.0, 279.0, 292.0, 296.0, 300.0, 304.0, 309.0, 311.0, 311.0, 311.0, 311.0]	[0, 0, 0, 0, 0, 0, 0, 0, 0, 0, 0, 0, 0, 0, 0, 0, 0, 0, 0, 0, 0, 0, 0, 0, 0, 0, 0, 0, 0, 1]	[0, 0, 0, 0, 0, 0, 0, 0, 0, 0, 0, 0, 0, 0, 0, 0, 0, 0, 0, 0, 0, 0, 0, 0, 0, 0, 0, 0, 0, 0]	[0, 0, 0, 0, 0, 0, 0, 0, 0, 0, 0, 0, 0, 0, 0, 0, 0, 0, 0, 0, 0, 0, 0, 0, 0, 0, 0, 0, 0, 0]	[7.510001887567341e-05, 0.011294399999314919, 0.02770610002335161, 0.04435920002288185, 0.061089000024367124, 0.07776810001814738, 0.09425850000116043, 0.11114290001569316, 0.12768820000928827, 0.14420680000330321, 0.16088020001188852, 0.17788920001476072, 0.19453550002072006, 0.21085400000447407, 0.22771340000326745, 0.24424570001428947, 0.26074760002666153, 0.27758420002646744, 0.2952674000116531, 0.3110422000172548, 0.32758160002413206, 0.3446743000240531, 0.36117710001417436, 0.3777464000158943, 0.39430860002175905, 0.4113208000198938, 0.42739090000395663, 0.4441668000072241, 0.46066320000682026, 0.4777046000235714]	227.0	311.0	0.9	8a
290	8	go_nogo	0	60	3	go	click	[56.0, 56.0, 80.0, 102.0, 121.0, 136.0, 146.0, 156.0, 162.0, 168.0, 172.0, 185.0, 194.0, 204.0, 209.0, 211.0, 212.0, 214.0, 216.0, 218.0, 219.0, 219.0, 219.0]	[-214.0, -214.0, -132.0, -51.0, 30.0, 94.0, 136.0, 163.0, 182.0, 194.0, 204.0, 231.0, 252.0, 273.0, 285.0, 289.0, 293.0, 298.0, 305.0, 312.0, 314.0, 314.0, 314.0]	[0, 0, 0, 0, 0, 0, 0, 0, 0, 0, 0, 0, 0, 0, 0, 0, 0, 0, 0, 0, 0, 0, 1]	[0, 0, 0, 0, 0, 0, 0, 0, 0, 0, 0, 0, 0, 0, 0, 0, 0, 0, 0, 0, 0, 0, 0]	[0, 0, 0, 0, 0, 0, 0, 0, 0, 0, 0, 0, 0, 0, 0, 0, 0, 0, 0, 0, 0, 0, 0]	[7.670000195503235e-05, 0.011476999992737547, 0.02785690000746399, 0.04459219999262132, 0.06128320001880638, 0.07815750001464039, 0.09466480000992306, 0.11131609999574721, 0.1278572000155691, 0.14485109999077395, 0.16140599999926053, 0.1782258000166621, 0.1949126000108663, 0.21191280000493862, 0.2283068000106141, 0.24466550000943244, 0.2614430999965407, 0.27815309999277815, 0.294869600009406, 0.3114330999960657, 0.3280343000078574, 0.34451580001041293, 0.36193919999641366]	219.0	314.0	0.8	8a
291	8	go_nogo	0	60	8	go	click	[67.0, 67.0, 81.0, 99.0, 136.0, 156.0, 181.0, 194.0, 204.0, 210.0, 217.0, 222.0, 228.0, 237.0, 240.0, 240.0, 240.0, 240.0, 240.0, 240.0, 240.0, 240.0, 240.0, 240.0, 240.0]	[-209.0, -209.0, -171.0, -98.0, 10.0, 80.0, 143.0, 183.0, 212.0, 233.0, 250.0, 262.0, 279.0, 297.0, 303.0, 304.0, 304.0, 304.0, 304.0, 304.0, 304.0, 304.0, 304.0, 304.0, 304.0]	[0, 0, 0, 0, 0, 0, 0, 0, 0, 0, 0, 0, 0, 0, 0, 0, 0, 0, 0, 0, 0, 0, 0, 0, 1]	[0, 0, 0, 0, 0, 0, 0, 0, 0, 0, 0, 0, 0, 0, 0, 0, 0, 0, 0, 0, 0, 0, 0, 0, 0]	[0, 0, 0, 0, 0, 0, 0, 0, 0, 0, 0, 0, 0, 0, 0, 0, 0, 0, 0, 0, 0, 0, 0, 0, 0]	[0.00024480000138282776, 0.011221499997191131, 0.028079000010620803, 0.04479040001751855, 0.061426600004779175, 0.07817429999704473, 0.09495170001173392, 0.11158750002505258, 0.1280354000045918, 0.14476990001276135, 0.16172260002349503, 0.17822820000583306, 0.19487020000815392, 0.21168810001108795, 0.2283385000191629, 0.24456760002067313, 0.26109890002408065, 0.27797819999977946, 0.2944463000167161, 0.31137650000164285, 0.3280420000082813, 0.3446133999968879, 0.3612622000218835, 0.3778433999978006, 0.39484730002004653]	240.0	304.0	0.9	8a
292	8	go_nogo	0	60	8	go	click	[45.0, 45.0, 53.0, 58.0, 64.0, 71.0, 80.0, 92.0, 99.0, 106.0, 112.0, 118.0, 121.0, 124.0, 128.0, 132.0, 141.0, 156.0, 166.0, 174.0, 176.0, 182.0, 189.0, 198.0, 205.0, 210.0, 213.0, 213.0, 213.0]	[-297.0, -297.0, -268.0, -230.0, -190.0, -121.0, -48.0, 26.0, 55.0, 76.0, 93.0, 111.0, 122.0, 133.0, 145.0, 162.0, 181.0, 209.0, 227.0, 239.0, 245.0, 253.0, 263.0, 276.0, 286.0, 294.0, 297.0, 298.0, 298.0]	[0, 0, 0, 0, 0, 0, 0, 0, 0, 0, 0, 0, 0, 0, 0, 0, 0, 0, 0, 0, 0, 0, 0, 0, 0, 0, 0, 0, 1]	[0, 0, 0, 0, 0, 0, 0, 0, 0, 0, 0, 0, 0, 0, 0, 0, 0, 0, 0, 0, 0, 0, 0, 0, 0, 0, 0, 0, 0]	[0, 0, 0, 0, 0, 0, 0, 0, 0, 0, 0, 0, 0, 0, 0, 0, 0, 0, 0, 0, 0, 0, 0, 0, 0, 0, 0, 0, 0]	[9.369998588226736e-05, 0.013615399977425113, 0.030445999989751726, 0.047115699999267235, 0.06388469997909851, 0.08040529998834245, 0.09702729998389259, 0.11393949997727759, 0.1303532999882009, 0.14715659999637865, 0.1638671999971848, 0.18045359998359345, 0.19710369998938404, 0.21381549999932759, 0.2303558999847155, 0.24692789997789077, 0.2637197999865748, 0.2803206999960821, 0.29697649998706765, 0.31441950000589713, 0.33056740000029095, 0.348221399995964, 0.3635200999851804, 0.3802637000044342, 0.397186199988937, 0.4137398999882862, 0.43055639998055995, 0.4466866999864578, 0.46395679999841377]	213.0	298.0	0.8	8a
293	8	go_nogo	0	60	8	go	click	[56.0, 56.0, 64.0, 71.0, 78.0, 84.0, 91.0, 95.0, 100.0, 104.0, 107.0, 112.0, 117.0, 126.0, 137.0, 151.0, 164.0, 176.0, 185.0, 192.0, 199.0, 206.0, 207.0, 211.0, 213.0, 218.0, 221.0, 222.0, 222.0, 222.0]	[-226.0, -226.0, -122.0, -45.0, 1.0, 35.0, 66.0, 90.0, 109.0, 123.0, 135.0, 145.0, 158.0, 176.0, 196.0, 216.0, 234.0, 254.0, 270.0, 284.0, 296.0, 309.0, 312.0, 316.0, 319.0, 323.0, 327.0, 328.0, 328.0, 328.0]	[0, 0, 0, 0, 0, 0, 0, 0, 0, 0, 0, 0, 0, 0, 0, 0, 0, 0, 0, 0, 0, 0, 0, 0, 0, 0, 0, 0, 0, 1]	[0, 0, 0, 0, 0, 0, 0, 0, 0, 0, 0, 0, 0, 0, 0, 0, 0, 0, 0, 0, 0, 0, 0, 0, 0, 0, 0, 0, 0, 0]	[0, 0, 0, 0, 0, 0, 0, 0, 0, 0, 0, 0, 0, 0, 0, 0, 0, 0, 0, 0, 0, 0, 0, 0, 0, 0, 0, 0, 0, 0]	[0.00012400001287460327, 0.013459200010402128, 0.030420800001593307, 0.04658769999514334, 0.06336770000052638, 0.07986590001382865, 0.09690279999631457, 0.1131263000133913, 0.12995760000194423, 0.14639740000711754, 0.1632790000003297, 0.18029220000607893, 0.19653670000843704, 0.2132380999973975, 0.23003999999491498, 0.24689870001748204, 0.2634830000170041, 0.27982759999576956, 0.29668820000370033, 0.3134706999990158, 0.3301307999936398, 0.34653229999821633, 0.3633765999984462, 0.37984969999524765, 0.3967920000141021, 0.4130845000036061, 0.4301170000107959, 0.44638420001138, 0.4630936000030488, 0.4799514000187628]	222.0	328.0	0.7	8a
294	8	go_nogo	0	60	2	go	click	[91.0, 91.0, 117.0, 137.0, 154.0, 167.0, 180.0, 195.0, 207.0, 218.0, 225.0, 231.0, 233.0, 234.0, 234.0, 234.0, 234.0, 234.0, 234.0, 230.0, 225.0, 216.0, 209.0, 204.0, 203.0, 201.0, 201.0, 198.0, 198.0, 198.0, 198.0, 199.0, 199.0, 199.0]	[-211.0, -211.0, -147.0, -95.0, -52.0, -15.0, 20.0, 55.0, 85.0, 108.0, 125.0, 142.0, 148.0, 153.0, 154.0, 154.0, 154.0, 157.0, 161.0, 172.0, 190.0, 207.0, 221.0, 234.0, 243.0, 252.0, 263.0, 272.0, 279.0, 286.0, 292.0, 293.0, 293.0, 293.0]	[0, 0, 0, 0, 0, 0, 0, 0, 0, 0, 0, 0, 0, 0, 0, 0, 0, 0, 0, 0, 0, 0, 0, 0, 0, 0, 0, 0, 0, 0, 0, 0, 0, 1]	[0, 0, 0, 0, 0, 0, 0, 0, 0, 0, 0, 0, 0, 0, 0, 0, 0, 0, 0, 0, 0, 0, 0, 0, 0, 0, 0, 0, 0, 0, 0, 0, 0, 0]	[0, 0, 0, 0, 0, 0, 0, 0, 0, 0, 0, 0, 0, 0, 0, 0, 0, 0, 0, 0, 0, 0, 0, 0, 0, 0, 0, 0, 0, 0, 0, 0, 0, 0]	[0.00020009998115710914, 0.011366399994585663, 0.027945299982093275, 0.04457389999879524, 0.061576299980515614, 0.07800779998069629, 0.09461129998089746, 0.1113628999737557, 0.1279482999816537, 0.14465459997882135, 0.16128569998545572, 0.1779163999890443, 0.19506609998643398, 0.21118719998048618, 0.22781319997739047, 0.24448429999756627, 0.2611711999925319, 0.27789109997684136, 0.294545399985509, 0.31143109998083673, 0.32799699998577125, 0.34449199997470714, 0.36143879999872297, 0.3781015999848023, 0.3949877999839373, 0.41152969998074695, 0.42835469997953624, 0.44461009997758083, 0.4613412999897264, 0.47820829998818226, 0.4945997999748215, 0.5113003999867942, 0.5277962999825832, 0.5447308999719098]	199.0	293.0	0.8	8a
295	8	go_nogo	0	60	9	nogo	none	[56.0, 56.0, 95.0, 133.0, 164.0, 192.0, 213.0, 228.0, 235.0, 238.0, 239.0, 239.0, 241.0, 242.0, 242.0, 242.0, 242.0, 242.0, 241.0, 239.0, 237.0, 237.0, 235.0, 235.0, 235.0, 235.0, 235.0, 235.0, 235.0, 235.0, 235.0, 235.0, 235.0, 235.0, 235.0, 235.0, 235.0, 235.0, 235.0, 235.0, 235.0, 235.0, 235.0, 235.0, 235.0, 235.0, 235.0, 235.0, 235.0, 235.0, 235.0, 235.0, 235.0, 235.0, 235.0, 235.0, 235.0, 235.0, 235.0, 235.0, 235.0, 235.0, 235.0]	[-242.0, -242.0, -150.0, -64.0, 12.0, 84.0, 143.0, 192.0, 225.0, 244.0, 253.0, 262.0, 290.0, 307.0, 312.0, 312.0, 312.0, 312.0, 313.0, 314.0, 315.0, 315.0, 316.0, 316.0, 316.0, 316.0, 316.0, 316.0, 316.0, 316.0, 316.0, 316.0, 316.0, 316.0, 316.0, 316.0, 316.0, 316.0, 316.0, 316.0, 316.0, 316.0, 316.0, 316.0, 316.0, 316.0, 316.0, 316.0, 316.0, 316.0, 316.0, 316.0, 316.0, 316.0, 316.0, 316.0, 316.0, 316.0, 316.0, 316.0, 316.0, 316.0, 316.0]	[0, 0, 0, 0, 0, 0, 0, 0, 0, 0, 0, 0, 0, 0, 0, 0, 0, 0, 0, 0, 0, 0, 0, 0, 0, 0, 0, 0, 0, 0, 0, 0, 0, 0, 0, 0, 0, 0, 0, 0, 0, 0, 0, 0, 0, 0, 0, 0, 0, 0, 0, 0, 0, 0, 0, 0, 0, 0, 0, 0, 0, 0, 0]	[0, 0, 0, 0, 0, 0, 0, 0, 0, 0, 0, 0, 0, 0, 0, 0, 0, 0, 0, 0, 0, 0, 0, 0, 0, 0, 0, 0, 0, 0, 0, 0, 0, 0, 0, 0, 0, 0, 0, 0, 0, 0, 0, 0, 0, 0, 0, 0, 0, 0, 0, 0, 0, 0, 0, 0, 0, 0, 0, 0, 0, 0, 0]	[0, 0, 0, 0, 0, 0, 0, 0, 0, 0, 0, 0, 0, 0, 0, 0, 0, 0, 0, 0, 0, 0, 0, 0, 0, 0, 0, 0, 0, 0, 0, 0, 0, 0, 0, 0, 0, 0, 0, 0, 0, 0, 0, 0, 0, 0, 0, 0, 0, 0, 0, 0, 0, 0, 0, 0, 0, 0, 0, 0, 0, 0, 0]	[0.0002015999925788492, 0.013039399986155331, 0.02942159998929128, 0.04598189998068847, 0.06255919998511672, 0.07924540000385605, 0.09621469999547116, 0.11268150000250898, 0.12958019998040982, 0.14608539998880588, 0.16269959998317063, 0.17923579999478534, 0.19610059997648932, 0.21243559999857098, 0.22898220000206493, 0.2456192999961786, 0.2624727999791503, 0.2791346999874804, 0.29591839999193326, 0.31269239998073317, 0.32920069998363033, 0.3459386999893468, 0.36233740000170656, 0.37900499999523163, 0.3958392999775242, 0.4124076000007335, 0.42915959999663755, 0.44556890000239946, 0.462297199992463, 0.47905269998591393, 0.4957425000029616, 0.5126399000000674, 0.52898429997731, 0.5456811999902129, 0.5624622000032105, 0.5791750999924261, 0.5955897999810986, 0.6122637999942526, 0.6291029999847524, 0.645596199989086, 0.6624623999814503, 0.6791490000032354, 0.6957974999968428, 0.7123966999934055, 0.7291906999889761, 0.7462941999838222, 0.7623959999764338, 0.7791576999879908, 0.7957450999820139, 0.8126203999854624, 0.8292876999767032, 0.8456789999909233, 0.862508499994874, 0.8790726999868639, 0.8958119000017177, 0.9123663999780547, 0.9291530000045896, 0.9456506999849807, 0.9622361999936402, 0.9792844000039622, 0.9955355999991298, 1.012134499993408, 1.028796999977203]	n/a	n/a	1.0	8a
296	8	go_nogo	0	60	7	go	click	[46.0, 46.0, 57.0, 75.0, 94.0, 109.0, 126.0, 136.0, 144.0, 150.0, 157.0, 160.0, 162.0, 165.0, 167.0, 167.0, 168.0, 168.0, 169.0, 172.0, 173.0, 173.0, 173.0, 173.0, 173.0, 173.0]	[-229.0, -229.0, -195.0, -127.0, -65.0, -18.0, 39.0, 72.0, 101.0, 128.0, 155.0, 177.0, 196.0, 215.0, 226.0, 236.0, 255.0, 273.0, 294.0, 308.0, 315.0, 317.0, 318.0, 319.0, 319.0, 319.0]	[0, 0, 0, 0, 0, 0, 0, 0, 0, 0, 0, 0, 0, 0, 0, 0, 0, 0, 0, 0, 0, 0, 0, 0, 0, 1]	[0, 0, 0, 0, 0, 0, 0, 0, 0, 0, 0, 0, 0, 0, 0, 0, 0, 0, 0, 0, 0, 0, 0, 0, 0, 0]	[0, 0, 0, 0, 0, 0, 0, 0, 0, 0, 0, 0, 0, 0, 0, 0, 0, 0, 0, 0, 0, 0, 0, 0, 0, 0]	[0.00023189999046735466, 0.01264840000658296, 0.029367200011620298, 0.04595460000564344, 0.06250649999128655, 0.07909949999884702, 0.09641719999490306, 0.11268500000005588, 0.12910970000666566, 0.14582470001187176, 0.16276320000179112, 0.17903910001041368, 0.1961054000130389, 0.21254189999308437, 0.2295324000006076, 0.2461055000021588, 0.2625963999889791, 0.27937080000992864, 0.29666480000014417, 0.31334210000932217, 0.3294595000043046, 0.3458929999906104, 0.36299299998790957, 0.3790210000006482, 0.3957159999990836, 0.4130423000024166]	173.0	319.0	0.5	8a
297	8	go_nogo	0	60	3	go	click	[71.0, 71.0, 95.0, 126.0, 164.0, 202.0, 235.0, 251.0, 259.0, 262.0, 262.0, 262.0, 263.0, 263.0, 263.0, 263.0, 263.0, 263.0, 263.0, 263.0, 260.0, 258.0, 255.0, 253.0, 249.0, 242.0, 236.0, 231.0, 231.0, 231.0, 231.0, 231.0, 231.0]	[-240.0, -240.0, -155.0, -60.0, 55.0, 166.0, 254.0, 311.0, 338.0, 351.0, 353.0, 354.0, 357.0, 363.0, 363.0, 363.0, 363.0, 363.0, 363.0, 363.0, 359.0, 358.0, 355.0, 351.0, 345.0, 338.0, 330.0, 325.0, 324.0, 324.0, 324.0, 324.0, 324.0]	[0, 0, 0, 0, 0, 0, 0, 0, 0, 0, 0, 0, 0, 0, 0, 0, 0, 0, 0, 0, 0, 0, 0, 0, 0, 0, 0, 0, 0, 0, 0, 0, 1]	[0, 0, 0, 0, 0, 0, 0, 0, 0, 0, 0, 0, 0, 0, 0, 0, 0, 0, 0, 0, 0, 0, 0, 0, 0, 0, 0, 0, 0, 0, 0, 0, 0]	[0, 0, 0, 0, 0, 0, 0, 0, 0, 0, 0, 0, 0, 0, 0, 0, 0, 0, 0, 0, 0, 0, 0, 0, 0, 0, 0, 0, 0, 0, 0, 0, 0]	[7.449998520314693e-05, 0.01189279998652637, 0.028410599974449724, 0.04513559999759309, 0.06187749997479841, 0.07876069998019375, 0.09522459999425337, 0.11172499999520369, 0.12853889999678358, 0.14557789999525994, 0.16189389998908155, 0.1792729999870062, 0.1954226999951061, 0.21155209999415092, 0.22827689998666756, 0.24513939997996204, 0.26190899999346584, 0.27856099998462014, 0.29506899998523295, 0.3119641999946907, 0.32859339998685755, 0.3453197999915574, 0.3617398999922443, 0.3784950999834109, 0.39537519999430515, 0.41163389998837374, 0.42844489999697544, 0.4450916999776382, 0.4615124999836553, 0.47820829998818226, 0.4947995999827981, 0.5114362000022084, 0.5286579999956302]	231.0	324.0	1.0	8a
298	8	go_nogo	0	60	8	go	click	[83.0, 83.0, 102.0, 148.0, 177.0, 210.0, 236.0, 251.0, 258.0, 261.0, 261.0, 262.0, 262.0, 261.0, 258.0, 256.0, 252.0, 248.0, 246.0, 242.0, 238.0, 231.0, 229.0, 224.0, 223.0, 223.0, 223.0, 223.0]	[-180.0, -180.0, -126.0, 14.0, 97.0, 185.0, 249.0, 290.0, 307.0, 315.0, 317.0, 323.0, 329.0, 334.0, 337.0, 338.0, 340.0, 340.0, 340.0, 340.0, 340.0, 335.0, 331.0, 326.0, 325.0, 325.0, 324.0, 324.0]	[0, 0, 0, 0, 0, 0, 0, 0, 0, 0, 0, 0, 0, 0, 0, 0, 0, 0, 0, 0, 0, 0, 0, 0, 0, 0, 0, 1]	[0, 0, 0, 0, 0, 0, 0, 0, 0, 0, 0, 0, 0, 0, 0, 0, 0, 0, 0, 0, 0, 0, 0, 0, 0, 0, 0, 0]	[0, 0, 0, 0, 0, 0, 0, 0, 0, 0, 0, 0, 0, 0, 0, 0, 0, 0, 0, 0, 0, 0, 0, 0, 0, 0, 0, 0]	[0.00020479998784139752, 0.011287100001936778, 0.02769699998316355, 0.044614599988562986, 0.06128829999943264, 0.07778990000952035, 0.09479730000020936, 0.11130339998635463, 0.12776149998535402, 0.14447209998616017, 0.1611284000100568, 0.17778470000484958, 0.19454389999737032, 0.21121300000231713, 0.22801749999052845, 0.24513659998774529, 0.26108699999167584, 0.27778169998782687, 0.2945060000056401, 0.31133779999800026, 0.32775820000097156, 0.34445139998570085, 0.36113299999851733, 0.37807010000688024, 0.3942085999879055, 0.41108469999744557, 0.4274470999953337, 0.4447834999882616]	223.0	324.0	0.9	8a
299	8	go_nogo	0	60	4	go	click	[72.0, 72.0, 86.0, 123.0, 175.0, 237.0, 264.0, 282.0, 292.0, 298.0, 301.0, 302.0, 303.0, 303.0, 303.0, 303.0, 303.0, 303.0, 303.0, 299.0, 292.0, 282.0, 274.0, 264.0, 254.0, 247.0, 243.0, 240.0, 235.0, 222.0, 220.0, 218.0, 218.0, 218.0, 218.0, 218.0, 218.0, 218.0, 218.0, 218.0]	[-224.0, -224.0, -186.0, -101.0, 6.0, 142.0, 206.0, 251.0, 283.0, 306.0, 325.0, 338.0, 350.0, 361.0, 368.0, 368.0, 368.0, 368.0, 368.0, 367.0, 364.0, 359.0, 354.0, 350.0, 345.0, 340.0, 338.0, 336.0, 333.0, 323.0, 321.0, 321.0, 321.0, 321.0, 321.0, 321.0, 321.0, 321.0, 321.0, 321.0]	[0, 0, 0, 0, 0, 0, 0, 0, 0, 0, 0, 0, 0, 0, 0, 0, 0, 0, 0, 0, 0, 0, 0, 0, 0, 0, 0, 0, 0, 0, 0, 0, 0, 0, 0, 0, 0, 0, 0, 1]	[0, 0, 0, 0, 0, 0, 0, 0, 0, 0, 0, 0, 0, 0, 0, 0, 0, 0, 0, 0, 0, 0, 0, 0, 0, 0, 0, 0, 0, 0, 0, 0, 0, 0, 0, 0, 0, 0, 0, 0]	[0, 0, 0, 0, 0, 0, 0, 0, 0, 0, 0, 0, 0, 0, 0, 0, 0, 0, 0, 0, 0, 0, 0, 0, 0, 0, 0, 0, 0, 0, 0, 0, 0, 0, 0, 0, 0, 0, 0, 0]	[0.00018730000010691583, 0.009563100000377744, 0.026429899997310713, 0.04289099999004975, 0.05960680000134744, 0.07625760001246817, 0.09290119999786839, 0.10952279999037273, 0.12622810000902973, 0.14304090000223368, 0.15941920000477694, 0.17617700001574121, 0.19274279999081045, 0.20938059999025427, 0.22606380001525395, 0.24247540000942536, 0.25956700000097044, 0.27604590001283213, 0.29355639999266714, 0.3096763000066858, 0.32636820001062006, 0.342703000002075, 0.3596481000131462, 0.37630540001555346, 0.3929325999924913, 0.4095356999896467, 0.42615710000973195, 0.4428222000133246, 0.45957939999061637, 0.4762347000068985, 0.4926145999925211, 0.5092503000050783, 0.5259940999967512, 0.5427634000079706, 0.5596894999907818, 0.5761370999971405, 0.5927773000148591, 0.6094027000071947, 0.6260994999902323, 0.6430615000135731]	218.0	321.0	0.6	8a
300	8	go_nogo	0	60	3	go	click	[30.0, 30.0, 61.0, 91.0, 115.0, 133.0, 145.0, 158.0, 166.0, 176.0, 184.0, 188.0, 191.0, 192.0, 192.0, 192.0, 192.0, 192.0, 192.0, 191.0, 189.0, 188.0, 187.0, 187.0, 186.0, 186.0, 188.0, 191.0, 193.0, 194.0, 194.0, 194.0]	[-290.0, -290.0, -228.0, -155.0, -91.0, -41.0, 1.0, 45.0, 84.0, 130.0, 155.0, 178.0, 197.0, 210.0, 216.0, 217.0, 217.0, 217.0, 218.0, 220.0, 226.0, 235.0, 244.0, 248.0, 251.0, 257.0, 267.0, 282.0, 294.0, 299.0, 299.0, 299.0]	[0, 0, 0, 0, 0, 0, 0, 0, 0, 0, 0, 0, 0, 0, 0, 0, 0, 0, 0, 0, 0, 0, 0, 0, 0, 0, 0, 0, 0, 0, 0, 1]	[0, 0, 0, 0, 0, 0, 0, 0, 0, 0, 0, 0, 0, 0, 0, 0, 0, 0, 0, 0, 0, 0, 0, 0, 0, 0, 0, 0, 0, 0, 0, 0]	[0, 0, 0, 0, 0, 0, 0, 0, 0, 0, 0, 0, 0, 0, 0, 0, 0, 0, 0, 0, 0, 0, 0, 0, 0, 0, 0, 0, 0, 0, 0, 0]	[0.00014560000272467732, 0.011564100015675649, 0.02814919999218546, 0.04486309998901561, 0.061262300005182624, 0.07808680000016466, 0.09479339999961667, 0.11139619999448769, 0.12814410001737997, 0.14487580000422895, 0.16122290000203066, 0.17852960000163876, 0.1945232000143733, 0.21193429999402724, 0.2279110999952536, 0.24427940000896342, 0.26085049999528565, 0.2776270000031218, 0.29446800000732765, 0.3109810000169091, 0.32779400001163594, 0.3444235000060871, 0.3609629000129644, 0.3782523999980185, 0.3944111000164412, 0.41107830000692047, 0.42758829999365844, 0.44441399999777786, 0.4611860000004526, 0.47782170001300983, 0.4943646999890916, 0.5111214999924414]	194.0	299.0	0.8	8a
301	8	go_nogo	0	60	3	go	click	[55.0, 55.0, 91.0, 124.0, 151.0, 171.0, 186.0, 197.0, 204.0, 208.0, 211.0, 211.0, 211.0, 212.0, 213.0, 213.0, 216.0, 216.0, 216.0, 214.0, 213.0, 212.0, 212.0, 212.0]	[-236.0, -236.0, -136.0, -45.0, 20.0, 75.0, 119.0, 153.0, 178.0, 197.0, 218.0, 229.0, 237.0, 246.0, 258.0, 278.0, 293.0, 298.0, 300.0, 302.0, 303.0, 308.0, 308.0, 308.0]	[0, 0, 0, 0, 0, 0, 0, 0, 0, 0, 0, 0, 0, 0, 0, 0, 0, 0, 0, 0, 0, 0, 0, 1]	[0, 0, 0, 0, 0, 0, 0, 0, 0, 0, 0, 0, 0, 0, 0, 0, 0, 0, 0, 0, 0, 0, 0, 0]	[0, 0, 0, 0, 0, 0, 0, 0, 0, 0, 0, 0, 0, 0, 0, 0, 0, 0, 0, 0, 0, 0, 0, 0]	[7.869998808018863e-05, 0.01300249999621883, 0.029120299994247034, 0.046106599998893216, 0.06273809997946955, 0.07952459997613914, 0.0960962999961339, 0.11266869999235496, 0.12956989998929203, 0.14615599997341633, 0.16320659997290932, 0.17982789999223314, 0.19671069999458268, 0.21271899997373112, 0.22933579998789355, 0.24611799998092465, 0.2626460999890696, 0.27934899998945184, 0.296016399981454, 0.31262929999502376, 0.32935049998923205, 0.34586859997943975, 0.36266729998169467, 0.3799707999860402]	212.0	308.0	0.7	8a
302	8	go_nogo	0	60	1	nogo	none	[55.0, 55.0, 91.0, 138.0, 188.0, 227.0, 258.0, 274.0, 280.0, 280.0, 280.0, 280.0, 280.0, 277.0, 275.0, 272.0, 270.0, 265.0, 261.0, 255.0, 250.0, 242.0, 236.0, 229.0, 219.0, 218.0, 216.0, 216.0, 216.0, 216.0, 216.0, 216.0, 216.0, 216.0, 216.0, 216.0, 216.0, 216.0, 216.0, 216.0, 216.0, 216.0, 216.0, 216.0, 216.0, 216.0, 216.0, 216.0, 216.0, 216.0, 216.0, 216.0, 216.0, 216.0, 216.0, 216.0, 216.0, 216.0, 216.0, 216.0, 216.0, 216.0, 216.0, 216.0, 216.0, 216.0, 216.0, 216.0, 216.0, 216.0]	[-258.0, -258.0, -162.0, -50.0, 64.0, 160.0, 236.0, 290.0, 319.0, 335.0, 344.0, 350.0, 373.0, 388.0, 394.0, 396.0, 397.0, 397.0, 397.0, 395.0, 391.0, 382.0, 370.0, 354.0, 332.0, 324.0, 320.0, 319.0, 318.0, 317.0, 317.0, 317.0, 317.0, 317.0, 317.0, 317.0, 317.0, 317.0, 317.0, 317.0, 317.0, 317.0, 317.0, 317.0, 317.0, 317.0, 317.0, 317.0, 317.0, 317.0, 317.0, 317.0, 317.0, 317.0, 317.0, 317.0, 317.0, 317.0, 317.0, 317.0, 317.0, 317.0, 317.0, 317.0, 317.0, 317.0, 317.0, 317.0, 317.0, 317.0]	[0, 0, 0, 0, 0, 0, 0, 0, 0, 0, 0, 0, 0, 0, 0, 0, 0, 0, 0, 0, 0, 0, 0, 0, 0, 0, 0, 0, 0, 0, 0, 0, 0, 0, 0, 0, 0, 0, 0, 0, 0, 0, 0, 0, 0, 0, 0, 0, 0, 0, 0, 0, 0, 0, 0, 0, 0, 0, 0, 0, 0, 0, 0, 0, 0, 0, 0, 0, 0, 0]	[0, 0, 0, 0, 0, 0, 0, 0, 0, 0, 0, 0, 0, 0, 0, 0, 0, 0, 0, 0, 0, 0, 0, 0, 0, 0, 0, 0, 0, 0, 0, 0, 0, 0, 0, 0, 0, 0, 0, 0, 0, 0, 0, 0, 0, 0, 0, 0, 0, 0, 0, 0, 0, 0, 0, 0, 0, 0, 0, 0, 0, 0, 0, 0, 0, 0, 0, 0, 0, 0]	[0, 0, 0, 0, 0, 0, 0, 0, 0, 0, 0, 0, 0, 0, 0, 0, 0, 0, 0, 0, 0, 0, 0, 0, 0, 0, 0, 0, 0, 0, 0, 0, 0, 0, 0, 0, 0, 0, 0, 0, 0, 0, 0, 0, 0, 0, 0, 0, 0, 0, 0, 0, 0, 0, 0, 0, 0, 0, 0, 0, 0, 0, 0, 0, 0, 0, 0, 0, 0, 0]	[0.0001875000016298145, 0.011255300021730363, 0.027705700020305812, 0.044638699997449294, 0.06132850001449697, 0.0779826000216417, 0.09449210000457242, 0.11119510000571609, 0.1280556000128854, 0.1446748000162188, 0.16127959999721497, 0.17810520000057295, 0.1949839000008069, 0.2111614000168629, 0.22773959999904037, 0.24461280001560226, 0.2608574000187218, 0.2776929000101518, 0.2944212000002153, 0.3111936000059359, 0.32766260000062175, 0.34439760001259856, 0.3611047000158578, 0.3778609000146389, 0.39521539999987, 0.41164560001925565, 0.4279443999985233, 0.4446065000083763, 0.4611410000070464, 0.47771669999929145, 0.4941298000048846, 0.5110249000135809, 0.5277649000054225, 0.544266000011703, 0.5609912000072654, 0.5779526999976952, 0.5942187000182457, 0.6110406999941915, 0.6276761000044644, 0.6441506000119261, 0.6608312000171281, 0.6776128000055905, 0.6943151000014041, 0.7109392000129446, 0.7279238000046462, 0.7442123999935575, 0.7609886999998707, 0.777794299996458, 0.7941394000081345, 0.8108961000107229, 0.8275394999946002, 0.8444238000083715, 0.8609904000186361, 0.8776230000075884, 0.8941339000011794, 0.9109064000076614, 0.9275533000181895, 0.9440639000094961, 0.9609819000179414, 0.9776844000152778, 0.99435180000728, 1.0110075999982655, 1.027523700002348, 1.0439813999983016, 1.0608010000141803, 1.077450000011595, 1.094230000016978, 1.1108257000159938, 1.1274960000009742, 1.1440969000104815]	n/a	n/a	1.0	8a
303	8	go_nogo	0	60	4	go	click	[30.0, 45.0, 62.0, 97.0, 131.0, 162.0, 181.0, 192.0, 194.0, 194.0, 193.0, 191.0, 189.0, 184.0, 180.0, 177.0, 174.0, 170.0, 167.0, 167.0, 167.0, 167.0, 167.0, 167.0, 167.0, 167.0, 171.0, 180.0, 187.0, 191.0, 193.0, 193.0, 193.0, 193.0]	[-262.0, -231.0, -196.0, -126.0, -45.0, 31.0, 90.0, 138.0, 170.0, 186.0, 199.0, 207.0, 214.0, 222.0, 229.0, 231.0, 232.0, 232.0, 234.0, 235.0, 240.0, 246.0, 247.0, 247.0, 248.0, 250.0, 261.0, 283.0, 300.0, 310.0, 314.0, 315.0, 315.0, 315.0]	[0, 0, 0, 0, 0, 0, 0, 0, 0, 0, 0, 0, 0, 0, 0, 0, 0, 0, 0, 0, 0, 0, 0, 0, 0, 0, 0, 0, 0, 0, 0, 0, 0, 1]	[0, 0, 0, 0, 0, 0, 0, 0, 0, 0, 0, 0, 0, 0, 0, 0, 0, 0, 0, 0, 0, 0, 0, 0, 0, 0, 0, 0, 0, 0, 0, 0, 0, 0]	[0, 0, 0, 0, 0, 0, 0, 0, 0, 0, 0, 0, 0, 0, 0, 0, 0, 0, 0, 0, 0, 0, 0, 0, 0, 0, 0, 0, 0, 0, 0, 0, 0, 0]	[0.00014340001507662237, 0.009901800018269569, 0.026985600008629262, 0.04346760001499206, 0.06008470000233501, 0.07657540001673624, 0.09312780000618659, 0.10991050000302494, 0.1266077000182122, 0.1432183000142686, 0.16015380001044832, 0.17673360000480898, 0.1934015000006184, 0.20992310001747683, 0.22675010000239126, 0.24348299999837764, 0.260110800008988, 0.27665600000182167, 0.2936235000088345, 0.3099034000188112, 0.3264113000186626, 0.34306360001210123, 0.35960009999689646, 0.3763479000190273, 0.3931884000194259, 0.40984360000584275, 0.4265610000002198, 0.44337250001262873, 0.4599927000235766, 0.4764992000127677, 0.49313830002211034, 0.5096673000080045, 0.5262329000106547, 0.5436317000130657]	193.0	315.0	0.7	8a
304	8	go_nogo	0	60	1	nogo	none	[93.0, 93.0, 102.0, 122.0, 141.0, 152.0, 153.0, 153.0, 155.0, 155.0, 155.0, 152.0, 152.0, 152.0, 152.0, 152.0, 154.0, 155.0, 156.0, 159.0, 162.0, 164.0, 164.0, 164.0, 164.0, 164.0, 164.0, 164.0, 164.0, 164.0, 164.0, 164.0, 165.0, 165.0, 165.0, 165.0, 165.0, 165.0, 165.0, 165.0, 165.0, 165.0, 165.0, 165.0, 165.0, 165.0, 165.0, 165.0, 165.0, 165.0, 165.0, 165.0, 165.0, 165.0, 165.0, 165.0, 165.0, 165.0, 165.0, 165.0, 165.0, 165.0, 165.0, 165.0, 165.0]	[-264.0, -264.0, -238.0, -186.0, -132.0, -55.0, -17.0, 15.0, 37.0, 51.0, 60.0, 75.0, 97.0, 123.0, 149.0, 181.0, 196.0, 209.0, 218.0, 229.0, 239.0, 245.0, 247.0, 248.0, 248.0, 248.0, 248.0, 248.0, 248.0, 248.0, 248.0, 248.0, 248.0, 248.0, 248.0, 248.0, 248.0, 248.0, 248.0, 248.0, 248.0, 248.0, 248.0, 248.0, 248.0, 248.0, 248.0, 248.0, 248.0, 248.0, 248.0, 248.0, 248.0, 248.0, 248.0, 248.0, 248.0, 248.0, 248.0, 248.0, 248.0, 248.0, 248.0, 248.0, 248.0]	[0, 0, 0, 0, 0, 0, 0, 0, 0, 0, 0, 0, 0, 0, 0, 0, 0, 0, 0, 0, 0, 0, 0, 0, 0, 0, 0, 0, 0, 0, 0, 0, 0, 0, 0, 0, 0, 0, 0, 0, 0, 0, 0, 0, 0, 0, 0, 0, 0, 0, 0, 0, 0, 0, 0, 0, 0, 0, 0, 0, 0, 0, 0, 0, 0]	[0, 0, 0, 0, 0, 0, 0, 0, 0, 0, 0, 0, 0, 0, 0, 0, 0, 0, 0, 0, 0, 0, 0, 0, 0, 0, 0, 0, 0, 0, 0, 0, 0, 0, 0, 0, 0, 0, 0, 0, 0, 0, 0, 0, 0, 0, 0, 0, 0, 0, 0, 0, 0, 0, 0, 0, 0, 0, 0, 0, 0, 0, 0, 0, 0]	[0, 0, 0, 0, 0, 0, 0, 0, 0, 0, 0, 0, 0, 0, 0, 0, 0, 0, 0, 0, 0, 0, 0, 0, 0, 0, 0, 0, 0, 0, 0, 0, 0, 0, 0, 0, 0, 0, 0, 0, 0, 0, 0, 0, 0, 0, 0, 0, 0, 0, 0, 0, 0, 0, 0, 0, 0, 0, 0, 0, 0, 0, 0, 0, 0]	[0.00019580000662244856, 0.011624300008406863, 0.02826739998999983, 0.04513690000749193, 0.061679799982812256, 0.07894939999096096, 0.09529179998207837, 0.11141349998069927, 0.1281386000046041, 0.14489490000414662, 0.16151979999267496, 0.17821230000117794, 0.19483130000298843, 0.21161319999373518, 0.2282707999984268, 0.24487219998263754, 0.2614686999877449, 0.27801159999216907, 0.29543460000422783, 0.31192780000856146, 0.328084199980367, 0.3449802999966778, 0.36170909999054857, 0.37825079998583533, 0.3948077999812085, 0.41145670000696555, 0.42796909998287447, 0.4445199999900069, 0.4611858999996912, 0.47795679999399, 0.49469930000486784, 0.5114883999922313, 0.5279385999892838, 0.5445261999848299, 0.5613700999820139, 0.5779019999899901, 0.5947645999840461, 0.6115541000035591, 0.6278712000057567, 0.6444721999869216, 0.6610547000018414, 0.6777777999814134, 0.6946509999979753, 0.7111807999899611, 0.7279797999945004, 0.744448299985379, 0.7611920000053942, 0.7780644999875221, 0.7945884999935515, 0.8114085999841336, 0.8279967999842484, 0.8445556999940891, 0.8611656999855768, 0.8779559999820776, 0.8945228999946266, 0.9111208999820519, 0.9278233000077307, 0.9447239000000991, 0.9612805999931879, 0.9779205000086222, 0.9944076999963727, 1.0109804999956395, 1.0278555999975652, 1.0445880999905057, 1.0611505999986548]	n/a	n/a	0.5	8a
305	8	go_nogo	0	60	3	go	click	[83.0, 83.0, 125.0, 162.0, 186.0, 204.0, 216.0, 222.0, 225.0, 227.0, 227.0, 227.0, 224.0, 222.0, 218.0, 214.0, 213.0, 210.0, 208.0, 207.0, 207.0, 207.0]	[-203.0, -203.0, -102.0, -3.0, 83.0, 152.0, 204.0, 240.0, 270.0, 291.0, 303.0, 316.0, 325.0, 336.0, 344.0, 346.0, 348.0, 349.0, 350.0, 350.0, 350.0, 350.0]	[0, 0, 0, 0, 0, 0, 0, 0, 0, 0, 0, 0, 0, 0, 0, 0, 0, 0, 0, 0, 0, 1]	[0, 0, 0, 0, 0, 0, 0, 0, 0, 0, 0, 0, 0, 0, 0, 0, 0, 0, 0, 0, 0, 0]	[0, 0, 0, 0, 0, 0, 0, 0, 0, 0, 0, 0, 0, 0, 0, 0, 0, 0, 0, 0, 0, 0]	[0.0002514999941922724, 0.01153879999765195, 0.027727200009394437, 0.04397379999863915, 0.0607781000144314, 0.07761490001576021, 0.09416850001434796, 0.11079540001810528, 0.12765850001596846, 0.144115300005069, 0.16072800001711585, 0.17742480000015348, 0.1942861000134144, 0.21106980001786724, 0.22759389999555424, 0.24433489999501035, 0.2608892999996897, 0.2774764000205323, 0.2939961999945808, 0.31069020001450554, 0.3271848000003956, 0.344262600003276]	207.0	350.0	1.0	8a
306	8	go_nogo	0	60	1	nogo	none	[55.0, 55.0, 70.0, 122.0, 149.0, 168.0, 180.0, 186.0, 193.0, 196.0, 199.0, 203.0, 212.0, 228.0, 234.0, 235.0, 235.0, 235.0, 235.0, 235.0, 235.0, 235.0, 235.0, 235.0, 235.0, 235.0, 235.0, 235.0, 235.0, 235.0, 235.0, 235.0, 235.0, 235.0, 235.0, 235.0, 235.0, 235.0, 235.0, 235.0, 235.0, 235.0, 235.0, 235.0, 235.0, 235.0, 235.0, 235.0, 235.0, 235.0, 235.0, 235.0, 235.0, 235.0, 235.0, 235.0, 235.0, 235.0]	[-254.0, -254.0, -213.0, -90.0, -21.0, 37.0, 76.0, 109.0, 137.0, 160.0, 179.0, 201.0, 244.0, 301.0, 328.0, 329.0, 329.0, 329.0, 329.0, 329.0, 329.0, 329.0, 329.0, 329.0, 329.0, 329.0, 329.0, 329.0, 329.0, 329.0, 329.0, 329.0, 329.0, 329.0, 329.0, 329.0, 329.0, 329.0, 329.0, 329.0, 329.0, 329.0, 329.0, 329.0, 329.0, 329.0, 329.0, 329.0, 329.0, 329.0, 329.0, 329.0, 329.0, 329.0, 329.0, 329.0, 329.0, 329.0]	[0, 0, 0, 0, 0, 0, 0, 0, 0, 0, 0, 0, 0, 0, 0, 0, 0, 0, 0, 0, 0, 0, 0, 0, 0, 0, 0, 0, 0, 0, 0, 0, 0, 0, 0, 0, 0, 0, 0, 0, 0, 0, 0, 0, 0, 0, 0, 0, 0, 0, 0, 0, 0, 0, 0, 0, 0, 0]	[0, 0, 0, 0, 0, 0, 0, 0, 0, 0, 0, 0, 0, 0, 0, 0, 0, 0, 0, 0, 0, 0, 0, 0, 0, 0, 0, 0, 0, 0, 0, 0, 0, 0, 0, 0, 0, 0, 0, 0, 0, 0, 0, 0, 0, 0, 0, 0, 0, 0, 0, 0, 0, 0, 0, 0, 0, 0]	[0, 0, 0, 0, 0, 0, 0, 0, 0, 0, 0, 0, 0, 0, 0, 0, 0, 0, 0, 0, 0, 0, 0, 0, 0, 0, 0, 0, 0, 0, 0, 0, 0, 0, 0, 0, 0, 0, 0, 0, 0, 0, 0, 0, 0, 0, 0, 0, 0, 0, 0, 0, 0, 0, 0, 0, 0, 0]	[0.00020369997946545482, 0.010219899995718151, 0.027352399978553876, 0.043684299977030605, 0.06041529998765327, 0.07702319999225438, 0.0937534999975469, 0.11039389998768456, 0.12696559997857548, 0.14375569997355342, 0.1603404999768827, 0.17691349997767247, 0.19352089997846633, 0.2104793999751564, 0.2271191999898292, 0.24352689998340793, 0.25998259999323636, 0.27673779998440295, 0.2933937999769114, 0.30996589999995194, 0.3269402999721933, 0.34335359997930937, 0.36019759997725487, 0.3768958000000566, 0.39350639999611303, 0.41007769998395815, 0.42666849997476675, 0.4441517999803182, 0.46036989998538047, 0.4767886999761686, 0.49352629997883923, 0.5101467999920715, 0.5266895999957342, 0.5435251999879256, 0.5600797999941278, 0.5767607999732718, 0.5934943999745883, 0.6102062999852933, 0.6267043999978341, 0.6434325999871362, 0.6602915999828838, 0.677195899974322, 0.6934476999740582, 0.7102529999974649, 0.7268022999924142, 0.7433960999769624, 0.7599746999912895, 0.7766136999998707, 0.7932559999753721, 0.8098751999787055, 0.8267071999725886, 0.8436456999916118, 0.8600683999829926, 0.8766317999979947, 0.8934014999831561, 0.9101385999820195, 0.9265891999821179, 0.9433296999777667]	n/a	n/a	0.9	8a
307	8	go_nogo	0	60	6	go	click	[4.0, 4.0, 10.0, 16.0, 20.0, 24.0, 27.0, 31.0, 39.0, 73.0, 126.0, 176.0, 209.0, 221.0, 225.0, 226.0, 226.0, 226.0, 226.0, 226.0, 226.0, 226.0, 226.0, 226.0, 226.0, 226.0, 226.0, 226.0, 226.0, 224.0, 219.0, 214.0, 213.0, 213.0, 213.0, 213.0, 213.0]	[-283.0, -283.0, -260.0, -243.0, -226.0, -215.0, -208.0, -192.0, -164.0, -51.0, 89.0, 240.0, 332.0, 368.0, 381.0, 383.0, 383.0, 386.0, 389.0, 391.0, 391.0, 391.0, 392.0, 392.0, 392.0, 392.0, 392.0, 392.0, 382.0, 355.0, 319.0, 292.0, 281.0, 279.0, 279.0, 279.0, 279.0]	[0, 0, 0, 0, 0, 0, 0, 0, 0, 0, 0, 0, 0, 0, 0, 0, 0, 0, 0, 0, 0, 0, 0, 0, 0, 0, 0, 0, 0, 0, 0, 0, 0, 0, 0, 0, 1]	[0, 0, 0, 0, 0, 0, 0, 0, 0, 0, 0, 0, 0, 0, 0, 0, 0, 0, 0, 0, 0, 0, 0, 0, 0, 0, 0, 0, 0, 0, 0, 0, 0, 0, 0, 0, 0]	[0, 0, 0, 0, 0, 0, 0, 0, 0, 0, 0, 0, 0, 0, 0, 0, 0, 0, 0, 0, 0, 0, 0, 0, 0, 0, 0, 0, 0, 0, 0, 0, 0, 0, 0, 0, 0]	[8.090000483207405e-05, 0.011879900004714727, 0.028455199993913993, 0.04507880000164732, 0.06187510001473129, 0.07871100000920705, 0.09539740000036545, 0.11217560002114624, 0.1284313999931328, 0.1450980000081472, 0.1620880000118632, 0.1787905000091996, 0.1952113000152167, 0.21205750000081025, 0.22887180000543594, 0.24501640000380576, 0.2618826999969315, 0.27871810001670383, 0.2951327000046149, 0.31169130001217127, 0.3283475000062026, 0.3452218000020366, 0.36161389999324456, 0.37855140000465326, 0.39506080001592636, 0.4115855999989435, 0.428247800009558, 0.44523250000202097, 0.461749600013718, 0.4783668000018224, 0.49541460000909865, 0.5117032999987714, 0.5286004999943543, 0.5448590000160038, 0.5615808000147808, 0.578429999994114, 0.5951989000022877]	213.0	279.0	0.6	8a
308	8	go_nogo	0	60	4	go	click	[65.0, 65.0, 74.0, 91.0, 124.0, 135.0, 143.0, 144.0, 146.0, 147.0, 147.0, 148.0, 149.0, 150.0, 152.0, 153.0, 154.0, 154.0, 156.0, 162.0, 171.0, 178.0, 183.0, 185.0, 187.0, 189.0, 189.0, 190.0, 191.0, 191.0, 191.0, 191.0, 191.0]	[-259.0, -259.0, -223.0, -132.0, -17.0, 31.0, 58.0, 72.0, 83.0, 94.0, 103.0, 112.0, 120.0, 129.0, 140.0, 148.0, 151.0, 155.0, 163.0, 182.0, 209.0, 236.0, 253.0, 263.0, 271.0, 276.0, 279.0, 280.0, 281.0, 284.0, 284.0, 284.0, 284.0]	[0, 0, 0, 0, 0, 0, 0, 0, 0, 0, 0, 0, 0, 0, 0, 0, 0, 0, 0, 0, 0, 0, 0, 0, 0, 0, 0, 0, 0, 0, 0, 0, 1]	[0, 0, 0, 0, 0, 0, 0, 0, 0, 0, 0, 0, 0, 0, 0, 0, 0, 0, 0, 0, 0, 0, 0, 0, 0, 0, 0, 0, 0, 0, 0, 0, 0]	[0, 0, 0, 0, 0, 0, 0, 0, 0, 0, 0, 0, 0, 0, 0, 0, 0, 0, 0, 0, 0, 0, 0, 0, 0, 0, 0, 0, 0, 0, 0, 0, 0]	[0.00019520000205375254, 0.011763400019844994, 0.028403600008459762, 0.04537880001589656, 0.06209230000968091, 0.07865470001706854, 0.09527300001354888, 0.11192180000944063, 0.12899660001858138, 0.1454139999987092, 0.1620507000188809, 0.1787270000204444, 0.19532940001226962, 0.2119511000055354, 0.22860750000108965, 0.2453537000110373, 0.2618289999954868, 0.27899280001292937, 0.295215799997095, 0.31186170000000857, 0.3287666999967769, 0.34509909999906085, 0.36189880000893027, 0.37856969999847934, 0.39511390001280233, 0.4118204000114929, 0.4285336000029929, 0.4452624999976251, 0.4620928000076674, 0.47824880000553094, 0.49488370001199655, 0.5115502999979071, 0.5287573999958113]	191.0	284.0	0.6	8a
309	8	go_nogo	0	60	2	go	click	[63.0, 63.0, 73.0, 87.0, 109.0, 138.0, 161.0, 171.0, 177.0, 178.0, 181.0, 182.0, 184.0, 185.0, 185.0, 188.0, 192.0, 195.0, 195.0, 195.0, 195.0, 196.0, 200.0, 202.0, 204.0, 207.0, 209.0, 210.0, 210.0, 210.0, 210.0, 210.0]	[-278.0, -278.0, -238.0, -182.0, -97.0, 9.0, 79.0, 118.0, 140.0, 151.0, 159.0, 166.0, 172.0, 173.0, 174.0, 182.0, 192.0, 201.0, 204.0, 204.0, 204.0, 207.0, 214.0, 223.0, 234.0, 247.0, 253.0, 256.0, 257.0, 257.0, 257.0, 257.0]	[0, 0, 0, 0, 0, 0, 0, 0, 0, 0, 0, 0, 0, 0, 0, 0, 0, 0, 0, 0, 0, 0, 0, 0, 0, 0, 0, 0, 0, 0, 0, 1]	[0, 0, 0, 0, 0, 0, 0, 0, 0, 0, 0, 0, 0, 0, 0, 0, 0, 0, 0, 0, 0, 0, 0, 0, 0, 0, 0, 0, 0, 0, 0, 0]	[0, 0, 0, 0, 0, 0, 0, 0, 0, 0, 0, 0, 0, 0, 0, 0, 0, 0, 0, 0, 0, 0, 0, 0, 0, 0, 0, 0, 0, 0, 0, 0]	[0.0001871999993454665, 0.012463899998692796, 0.02873439999530092, 0.045730599988019094, 0.06204970000544563, 0.0787179000035394, 0.09541340000578202, 0.11213659998611547, 0.12861230000271462, 0.14533339999616146, 0.1620182000042405, 0.17865059999166988, 0.1953090000024531, 0.21249679999891669, 0.22883310000179335, 0.24570900000981055, 0.2619029000052251, 0.27872329999809153, 0.29522060000454076, 0.3119068999949377, 0.32881810000981204, 0.34537619998445734, 0.3620701000036206, 0.3786557999846991, 0.3955550999962725, 0.41251299998839386, 0.42879539998830296, 0.4451646000088658, 0.4618573999905493, 0.4784448999853339, 0.495163199986564, 0.5120662999979686]	211.0	257.0	0.8	8a
310	8	go_nogo	0	60	8	go	click	[54.0, 54.0, 83.0, 110.0, 132.0, 153.0, 161.0, 167.0, 175.0, 181.0, 190.0, 198.0, 206.0, 211.0, 212.0, 212.0, 212.0, 212.0, 212.0, 212.0, 212.0, 212.0, 212.0, 212.0, 213.0, 213.0, 213.0, 213.0, 213.0, 213.0, 214.0, 215.0, 216.0, 217.0, 218.0, 218.0, 218.0]	[-293.0, -293.0, -206.0, -128.0, -57.0, 12.0, 51.0, 80.0, 106.0, 131.0, 163.0, 192.0, 223.0, 241.0, 244.0, 244.0, 244.0, 244.0, 244.0, 245.0, 247.0, 247.0, 247.0, 247.0, 251.0, 253.0, 255.0, 255.0, 255.0, 255.0, 258.0, 263.0, 267.0, 271.0, 273.0, 273.0, 273.0]	[0, 0, 0, 0, 0, 0, 0, 0, 0, 0, 0, 0, 0, 0, 0, 0, 0, 0, 0, 0, 0, 0, 0, 0, 0, 0, 0, 0, 0, 0, 0, 0, 0, 0, 0, 0, 1]	[0, 0, 0, 0, 0, 0, 0, 0, 0, 0, 0, 0, 0, 0, 0, 0, 0, 0, 0, 0, 0, 0, 0, 0, 0, 0, 0, 0, 0, 0, 0, 0, 0, 0, 0, 0, 0]	[0, 0, 0, 0, 0, 0, 0, 0, 0, 0, 0, 0, 0, 0, 0, 0, 0, 0, 0, 0, 0, 0, 0, 0, 0, 0, 0, 0, 0, 0, 0, 0, 0, 0, 0, 0, 0]	[0.0001750999945215881, 0.010551299987128004, 0.027538199996342883, 0.04364999997778796, 0.0606539000000339, 0.07731269998475909, 0.0940235999878496, 0.11060029998770915, 0.12727619998622686, 0.14433769998140633, 0.1606292999931611, 0.1773899999971036, 0.19411650000256486, 0.2105182999803219, 0.22710729998652823, 0.24352799999178387, 0.26035729999421164, 0.276909699983662, 0.2937067000020761, 0.3103636000014376, 0.32705219998024404, 0.34364009997807443, 0.36002549997647293, 0.37765479998779483, 0.3939392000029329, 0.41022969997720793, 0.42697770000086166, 0.44351659997482784, 0.46024339998257346, 0.4771766999911051, 0.4937877999909688, 0.5103416999918409, 0.5270346999750473, 0.5437503999855835, 0.560047199978726, 0.5768301999778487, 0.5932644999993499]	218.0	273.0	0.5	8a
311	8	go_nogo	0	60	4	go	click	[22.0, 22.0, 29.0, 39.0, 48.0, 59.0, 67.0, 77.0, 85.0, 91.0, 99.0, 105.0, 112.0, 119.0, 123.0, 126.0, 131.0, 138.0, 147.0, 161.0, 177.0, 193.0, 203.0, 212.0, 219.0, 225.0, 229.0, 230.0, 231.0, 231.0, 231.0, 231.0, 231.0, 231.0, 231.0, 231.0]	[-234.0, -234.0, -209.0, -171.0, -138.0, -87.0, -56.0, -26.0, 5.0, 32.0, 55.0, 74.0, 94.0, 107.0, 119.0, 126.0, 132.0, 145.0, 161.0, 183.0, 209.0, 231.0, 253.0, 270.0, 286.0, 301.0, 311.0, 318.0, 321.0, 322.0, 322.0, 323.0, 323.0, 323.0, 323.0, 323.0]	[0, 0, 0, 0, 0, 0, 0, 0, 0, 0, 0, 0, 0, 0, 0, 0, 0, 0, 0, 0, 0, 0, 0, 0, 0, 0, 0, 0, 0, 0, 0, 0, 0, 0, 0, 1]	[0, 0, 0, 0, 0, 0, 0, 0, 0, 0, 0, 0, 0, 0, 0, 0, 0, 0, 0, 0, 0, 0, 0, 0, 0, 0, 0, 0, 0, 0, 0, 0, 0, 0, 0, 0]	[0, 0, 0, 0, 0, 0, 0, 0, 0, 0, 0, 0, 0, 0, 0, 0, 0, 0, 0, 0, 0, 0, 0, 0, 0, 0, 0, 0, 0, 0, 0, 0, 0, 0, 0, 0]	[0.00019049999536946416, 0.011827200010884553, 0.02821420002146624, 0.04501590001746081, 0.061887200019555166, 0.07858870000927709, 0.0953643000102602, 0.11161980000906624, 0.12843470001826063, 0.1451390000001993, 0.1614292000012938, 0.17827510001370683, 0.19487609999487177, 0.2115174000209663, 0.2281628000200726, 0.24502500001108274, 0.2618003000097815, 0.2785235000192188, 0.29518869999446906, 0.3116932999982964, 0.3282697999966331, 0.3446930999925826, 0.3616846000077203, 0.37880480001331307, 0.3952683999959845, 0.4115592000016477, 0.42822590001742356, 0.44473640000796877, 0.46136590000241995, 0.477858300000662, 0.4946353000123054, 0.5111445999937132, 0.5279227000137325, 0.5444843000150286, 0.5613239000085741, 0.5784264999965671]	231.0	323.0	0.9	8a
312	8	go_nogo	0	60	9	nogo	none	[15.0, 15.0, 17.0, 26.0, 33.0, 42.0, 50.0, 60.0, 69.0, 79.0, 86.0, 92.0, 100.0, 102.0, 103.0, 104.0, 104.0, 105.0, 106.0, 107.0, 110.0, 118.0, 128.0, 141.0, 162.0, 172.0, 176.0, 180.0, 183.0, 186.0, 189.0, 190.0, 191.0, 192.0, 192.0, 192.0, 192.0]	[-242.0, -242.0, -220.0, -141.0, -95.0, -53.0, -15.0, 16.0, 45.0, 70.0, 92.0, 109.0, 128.0, 135.0, 138.0, 139.0, 140.0, 142.0, 143.0, 150.0, 158.0, 175.0, 195.0, 217.0, 244.0, 256.0, 263.0, 267.0, 270.0, 272.0, 274.0, 276.0, 277.0, 277.0, 277.0, 277.0, 277.0]	[0, 0, 0, 0, 0, 0, 0, 0, 0, 0, 0, 0, 0, 0, 0, 0, 0, 0, 0, 0, 0, 0, 0, 0, 0, 0, 0, 0, 0, 0, 0, 0, 0, 0, 0, 0, 1]	[0, 0, 0, 0, 0, 0, 0, 0, 0, 0, 0, 0, 0, 0, 0, 0, 0, 0, 0, 0, 0, 0, 0, 0, 0, 0, 0, 0, 0, 0, 0, 0, 0, 0, 0, 0, 0]	[0, 0, 0, 0, 0, 0, 0, 0, 0, 0, 0, 0, 0, 0, 0, 0, 0, 0, 0, 0, 0, 0, 0, 0, 0, 0, 0, 0, 0, 0, 0, 0, 0, 0, 0, 0, 0]	[0.00021040000137872994, 0.012037099979352206, 0.029019599984167144, 0.045256199984578416, 0.06187159998808056, 0.07868739997502416, 0.09530899999663234, 0.11217469998518936, 0.1288955999771133, 0.14539049999439158, 0.1618585999822244, 0.17868499999167398, 0.195351699978346, 0.21199959999648854, 0.2288692999863997, 0.2452890999848023, 0.26190349998068996, 0.27857609998318367, 0.2950587999948766, 0.31171709997579455, 0.3284774999774527, 0.3452273999864701, 0.36217549999128096, 0.3785527999862097, 0.3952195999736432, 0.41186319998814724, 0.42864759999793023, 0.4452125999960117, 0.4617864999745507, 0.478464099986013, 0.49521399999503046, 0.5119683999801055, 0.5285615999891888, 0.5449097999953665, 0.5616373999800999, 0.5780971999920439, 0.5952029999752995]	192.0	277.0	1.0	8a
313	9	go_only	0	18	6	go	click	[67.0, 67.0, 95.0, 119.0, 144.0, 166.0, 180.0, 189.0, 195.0, 199.0, 200.0, 201.0, 201.0, 202.0, 202.0, 202.0, 202.0, 202.0, 205.0, 207.0, 212.0, 218.0, 224.0, 228.0, 231.0, 232.0, 233.0, 233.0, 234.0, 234.0, 234.0]	[-236.0, -236.0, -161.0, -83.0, -12.0, 41.0, 76.0, 103.0, 122.0, 132.0, 138.0, 139.0, 140.0, 143.0, 144.0, 145.0, 145.0, 147.0, 154.0, 166.0, 188.0, 215.0, 238.0, 255.0, 268.0, 272.0, 276.0, 278.0, 279.0, 279.0, 279.0]	[0, 0, 0, 0, 0, 0, 0, 0, 0, 0, 0, 0, 0, 0, 0, 0, 0, 0, 0, 0, 0, 0, 0, 0, 0, 0, 0, 0, 0, 0, 1]	[0, 0, 0, 0, 0, 0, 0, 0, 0, 0, 0, 0, 0, 0, 0, 0, 0, 0, 0, 0, 0, 0, 0, 0, 0, 0, 0, 0, 0, 0, 0]	[0, 0, 0, 0, 0, 0, 0, 0, 0, 0, 0, 0, 0, 0, 0, 0, 0, 0, 0, 0, 0, 0, 0, 0, 0, 0, 0, 0, 0, 0, 0]	[0.0001860000193119049, 0.011635200004093349, 0.028422100003808737, 0.0448927000106778, 0.06161060000886209, 0.07805540002300404, 0.09491750001325272, 0.11175260000163689, 0.12828730000182986, 0.14525020000291988, 0.1615878000156954, 0.17824010000913404, 0.19507919999887235, 0.21164520000456832, 0.22823910001898184, 0.2448517000011634, 0.2614781000011135, 0.2778693000145722, 0.29477390000829473, 0.31131990000722, 0.3283316000015475, 0.3446610000100918, 0.36151250000693835, 0.37814880002406426, 0.39477870002156124, 0.4114179000025615, 0.4286461000156123, 0.4449806000047829, 0.46131690000765957, 0.47785720002138987, 0.4949084999971092]	234.0	279.0	0.6	8a
314	9	go_only	0	18	4	go	click	[135.0, 135.0, 181.0, 225.0, 259.0, 288.0, 309.0, 318.0, 326.0, 331.0, 331.0, 331.0, 331.0, 329.0, 323.0, 316.0, 307.0, 293.0, 275.0, 261.0, 248.0, 243.0, 242.0, 242.0, 241.0, 241.0, 241.0]	[-171.0, -171.0, -84.0, -8.0, 58.0, 120.0, 165.0, 192.0, 212.0, 225.0, 233.0, 239.0, 249.0, 257.0, 262.0, 267.0, 271.0, 277.0, 288.0, 299.0, 311.0, 316.0, 318.0, 318.0, 319.0, 319.0, 319.0]	[0, 0, 0, 0, 0, 0, 0, 0, 0, 0, 0, 0, 0, 0, 0, 0, 0, 0, 0, 0, 0, 0, 0, 0, 0, 0, 1]	[0, 0, 0, 0, 0, 0, 0, 0, 0, 0, 0, 0, 0, 0, 0, 0, 0, 0, 0, 0, 0, 0, 0, 0, 0, 0, 0]	[0, 0, 0, 0, 0, 0, 0, 0, 0, 0, 0, 0, 0, 0, 0, 0, 0, 0, 0, 0, 0, 0, 0, 0, 0, 0, 0]	[0.000239099987084046, 0.011827399983303621, 0.02819469998939894, 0.04462459997739643, 0.06129819998750463, 0.07798909998382442, 0.09466109998174943, 0.11139629999524914, 0.12794659999781288, 0.14472529999329709, 0.16163599997526035, 0.17802909997408278, 0.19466569999349304, 0.21144579999963753, 0.2283053999999538, 0.2451347999740392, 0.26118279999354854, 0.2779228999861516, 0.29457829997409135, 0.31154419999802485, 0.3280862999963574, 0.3447335999808274, 0.3610097999917343, 0.37798379999003373, 0.3942883999843616, 0.4112126999825705, 0.42817509997985326]	241.0	319.0	0.8	8a
315	9	go_only	0	18	2	go	click	[45.0, 45.0, 61.0, 92.0, 133.0, 158.0, 176.0, 188.0, 198.0, 205.0, 209.0, 215.0, 224.0, 231.0, 237.0, 241.0, 243.0, 248.0, 249.0, 250.0, 250.0, 250.0, 250.0, 250.0, 250.0, 250.0, 250.0, 250.0, 250.0, 250.0, 250.0, 249.0, 244.0, 236.0, 227.0, 213.0, 200.0, 197.0, 197.0, 197.0, 197.0]	[-194.0, -194.0, -141.0, -42.0, 78.0, 145.0, 186.0, 211.0, 233.0, 249.0, 262.0, 274.0, 290.0, 307.0, 323.0, 336.0, 345.0, 357.0, 362.0, 362.0, 362.0, 362.0, 362.0, 363.0, 363.0, 363.0, 363.0, 363.0, 363.0, 363.0, 363.0, 359.0, 351.0, 339.0, 321.0, 301.0, 285.0, 282.0, 282.0, 281.0, 281.0]	[0, 0, 0, 0, 0, 0, 0, 0, 0, 0, 0, 0, 0, 0, 0, 0, 0, 0, 0, 0, 0, 0, 1, 1, 1, 1, 1, 1, 0, 0, 0, 0, 0, 0, 0, 0, 0, 0, 0, 0, 1]	[0, 0, 0, 0, 0, 0, 0, 0, 0, 0, 0, 0, 0, 0, 0, 0, 0, 0, 0, 0, 0, 0, 0, 0, 0, 0, 0, 0, 0, 0, 0, 0, 0, 0, 0, 0, 0, 0, 0, 0, 0]	[0, 0, 0, 0, 0, 0, 0, 0, 0, 0, 0, 0, 0, 0, 0, 0, 0, 0, 0, 0, 0, 0, 0, 0, 0, 0, 0, 0, 0, 0, 0, 0, 0, 0, 0, 0, 0, 0, 0, 0, 0]	[0.00019359998987056315, 0.01051189997815527, 0.027186499995877966, 0.04419469999265857, 0.061341900000115857, 0.0774729999830015, 0.09393549998640083, 0.11072199998307042, 0.1276339000032749, 0.14376330000231974, 0.16027870000107214, 0.1769909999857191, 0.19379739998839796, 0.21046489998116158, 0.2272889000014402, 0.24389519999385811, 0.26050999999279156, 0.27738959999987856, 0.2938138000026811, 0.3103471999929752, 0.32714409998152405, 0.34383169998181984, 0.3608943999861367, 0.3772132000012789, 0.39396250000572763, 0.41041449998738244, 0.4272808999812696, 0.44394779999856837, 0.4604567000060342, 0.4770354999927804, 0.4940645000024233, 0.5105312999803573, 0.5273406000051182, 0.5441660999786109, 0.5605272999964654, 0.5771198000002187, 0.5939050999877509, 0.6103783999860752, 0.627247600001283, 0.6437121999915689, 0.6605432000069413]	198.0	281.0	0.5	8a
316	9	go_only	0	18	7	go	click	[55.0, 55.0, 63.0, 82.0, 101.0, 124.0, 160.0, 181.0, 191.0, 197.0, 203.0, 204.0, 205.0, 205.0, 205.0, 205.0, 206.0, 211.0, 215.0, 220.0, 223.0, 225.0, 227.0, 227.0, 228.0, 228.0, 228.0, 228.0]	[-269.0, -269.0, -236.0, -178.0, -116.0, -46.0, 59.0, 114.0, 147.0, 176.0, 197.0, 206.0, 209.0, 209.0, 209.0, 209.0, 212.0, 223.0, 238.0, 252.0, 267.0, 278.0, 286.0, 291.0, 295.0, 296.0, 296.0, 296.0]	[0, 0, 0, 0, 0, 0, 0, 0, 0, 0, 0, 0, 0, 0, 0, 0, 0, 0, 0, 0, 0, 0, 0, 0, 0, 0, 0, 1]	[0, 0, 0, 0, 0, 0, 0, 0, 0, 0, 0, 0, 0, 0, 0, 0, 0, 0, 0, 0, 0, 0, 0, 0, 0, 0, 0, 0]	[0, 0, 0, 0, 0, 0, 0, 0, 0, 0, 0, 0, 0, 0, 0, 0, 0, 0, 0, 0, 0, 0, 0, 0, 0, 0, 0, 0]	[0.0003541000187397003, 0.010413400013931096, 0.02700360000017099, 0.04360960001940839, 0.0604151000152342, 0.07707190001383424, 0.09369880001759157, 0.1107893000007607, 0.1275303000002168, 0.14366210001753643, 0.16027270001359284, 0.17695640001329593, 0.1934950000140816, 0.2102638000214938, 0.22690629999851808, 0.24373909999849275, 0.2603570000210311, 0.27711019999696873, 0.2935244000109378, 0.31080890001612715, 0.3271522000140976, 0.3435511999996379, 0.360266200004844, 0.376906899997266, 0.3935866999963764, 0.4100944999954663, 0.42686540001886897, 0.44389439999940805]	228.0	296.0	0.7	8a
317	9	go_only	0	18	3	go	click	[83.0, 99.0, 118.0, 150.0, 177.0, 200.0, 221.0, 241.0, 254.0, 264.0, 270.0, 277.0, 279.0, 282.0, 283.0, 283.0, 283.0, 283.0, 283.0, 282.0, 279.0, 275.0, 268.0, 257.0, 249.0, 240.0, 236.0, 235.0, 235.0, 235.0, 235.0]	[-214.0, -179.0, -144.0, -78.0, -13.0, 43.0, 102.0, 154.0, 191.0, 218.0, 240.0, 261.0, 276.0, 286.0, 292.0, 292.0, 292.0, 292.0, 293.0, 293.0, 295.0, 296.0, 297.0, 299.0, 300.0, 303.0, 303.0, 304.0, 304.0, 304.0, 304.0]	[0, 0, 0, 0, 0, 0, 0, 0, 0, 0, 0, 0, 0, 0, 0, 0, 0, 0, 0, 0, 0, 0, 0, 0, 0, 0, 0, 0, 0, 0, 1]	[0, 0, 0, 0, 0, 0, 0, 0, 0, 0, 0, 0, 0, 0, 0, 0, 0, 0, 0, 0, 0, 0, 0, 0, 0, 0, 0, 0, 0, 0, 0]	[0, 0, 0, 0, 0, 0, 0, 0, 0, 0, 0, 0, 0, 0, 0, 0, 0, 0, 0, 0, 0, 0, 0, 0, 0, 0, 0, 0, 0, 0, 0]	[0.00013520001084543765, 0.0105461000057403, 0.027820799994515255, 0.04400389999500476, 0.06056209999951534, 0.07698809998692013, 0.09374199999729171, 0.11023829999612644, 0.1270856999908574, 0.14374759999918751, 0.16048550000414252, 0.17713180001010187, 0.19404319999739528, 0.2107689999975264, 0.22698529998888262, 0.2435334000037983, 0.2604272000025958, 0.2770985999959521, 0.2935375999950338, 0.31006230000639334, 0.32701569999335334, 0.3438810000079684, 0.36027309999917634, 0.37708619999466464, 0.39450379999470897, 0.410249600012321, 0.42707780000637285, 0.44329570000991225, 0.4601519999851007, 0.47676699998555705, 0.49372900000889786]	235.0	304.0	0.7	8a
318	9	go_only	0	18	8	go	click	[41.0, 41.0, 54.0, 75.0, 103.0, 133.0, 164.0, 187.0, 200.0, 211.0, 220.0, 225.0, 232.0, 237.0, 241.0, 248.0, 254.0, 258.0, 259.0, 259.0, 259.0, 259.0, 259.0, 259.0, 259.0, 258.0, 258.0, 256.0, 254.0, 251.0, 249.0, 247.0, 247.0, 246.0, 244.0, 239.0, 237.0, 233.0, 229.0, 227.0, 225.0]	[-260.0, -260.0, -211.0, -155.0, -80.0, -7.0, 55.0, 97.0, 127.0, 150.0, 170.0, 181.0, 195.0, 205.0, 214.0, 230.0, 245.0, 258.0, 266.0, 271.0, 274.0, 275.0, 275.0, 275.0, 277.0, 278.0, 283.0, 289.0, 293.0, 296.0, 297.0, 297.0, 297.0, 297.0, 297.0, 297.0, 297.0, 297.0, 296.0, 295.0, 294.0]	[0, 0, 0, 0, 0, 0, 0, 0, 0, 0, 0, 0, 0, 0, 0, 0, 0, 0, 0, 0, 0, 0, 0, 0, 0, 0, 0, 0, 0, 0, 0, 0, 0, 0, 0, 0, 0, 0, 0, 0, 1]	[0, 0, 0, 0, 0, 0, 0, 0, 0, 0, 0, 0, 0, 0, 0, 0, 0, 0, 0, 0, 0, 0, 0, 0, 0, 0, 0, 0, 0, 0, 0, 0, 0, 0, 0, 0, 0, 0, 0, 0, 0]	[0, 0, 0, 0, 0, 0, 0, 0, 0, 0, 0, 0, 0, 0, 0, 0, 0, 0, 0, 0, 0, 0, 0, 0, 0, 0, 0, 0, 0, 0, 0, 0, 0, 0, 0, 0, 0, 0, 0, 0, 0]	[0.0001942999952007085, 0.011964999983320013, 0.028082999982871115, 0.04460229998221621, 0.06142589999944903, 0.07808089998434298, 0.09486299997661263, 0.11162089998833835, 0.1281126999820117, 0.14461239997763187, 0.16134589997818694, 0.1779759999772068, 0.19454919997951947, 0.21145989999058656, 0.2280785999901127, 0.24461319998954423, 0.2613075999834109, 0.2780272999953013, 0.29466709998087026, 0.3114138999953866, 0.3284457999980077, 0.3445077999786008, 0.3611296000017319, 0.3780185999930836, 0.39460759999928996, 0.411176699999487, 0.42821729998104274, 0.44461239999509417, 0.4612734999973327, 0.47779639999498613, 0.49473589999252, 0.5112208999926224, 0.5279878999863286, 0.5448378000000957, 0.5613093999854755, 0.5778094999841414, 0.5943664999795146, 0.6114833999890834, 0.6287520999903791, 0.6446517999866046, 0.6618299999972805]	225.0	294.0	0.5	8a
319	9	go_only	0	18	4	go	click	[57.0, 57.0, 70.0, 84.0, 103.0, 123.0, 143.0, 158.0, 170.0, 178.0, 184.0, 188.0, 190.0, 192.0, 199.0, 204.0, 211.0, 217.0, 220.0, 221.0, 223.0, 225.0, 226.0, 226.0, 226.0, 226.0, 226.0, 226.0, 226.0, 226.0, 226.0, 226.0, 226.0, 226.0, 226.0, 226.0, 226.0, 220.0, 211.0, 203.0, 201.0, 201.0, 201.0, 201.0, 201.0]	[-282.0, -282.0, -243.0, -200.0, -146.0, -76.0, -10.0, 54.0, 99.0, 130.0, 151.0, 162.0, 168.0, 174.0, 186.0, 198.0, 212.0, 233.0, 259.0, 291.0, 325.0, 357.0, 380.0, 382.0, 382.0, 382.0, 382.0, 382.0, 381.0, 381.0, 381.0, 381.0, 381.0, 380.0, 377.0, 370.0, 360.0, 345.0, 324.0, 304.0, 296.0, 295.0, 295.0, 295.0, 295.0]	[0, 0, 0, 0, 0, 0, 0, 0, 0, 0, 0, 0, 0, 0, 0, 0, 0, 0, 0, 0, 0, 0, 0, 0, 0, 0, 0, 0, 0, 1, 1, 1, 1, 0, 0, 0, 0, 0, 0, 0, 0, 0, 0, 0, 1]	[0, 0, 0, 0, 0, 0, 0, 0, 0, 0, 0, 0, 0, 0, 0, 0, 0, 0, 0, 0, 0, 0, 0, 0, 0, 0, 0, 0, 0, 0, 0, 0, 0, 0, 0, 0, 0, 0, 0, 0, 0, 0, 0, 0, 0]	[0, 0, 0, 0, 0, 0, 0, 0, 0, 0, 0, 0, 0, 0, 0, 0, 0, 0, 0, 0, 0, 0, 0, 0, 0, 0, 0, 0, 0, 0, 0, 0, 0, 0, 0, 0, 0, 0, 0, 0, 0, 0, 0, 0, 0]	[0.0001866999955382198, 0.013311799993971363, 0.02939630000037141, 0.04614849999779835, 0.06260079998173751, 0.07951619999948889, 0.09613149997312576, 0.11291879997588694, 0.12935069997911341, 0.14606619998812675, 0.1627837999840267, 0.17951249997713603, 0.1961499999742955, 0.21278039997559972, 0.22947899997234344, 0.24595049998606555, 0.26272999998764135, 0.27956929997890256, 0.2961172999930568, 0.31285569997271523, 0.32960329999332316, 0.3461560999858193, 0.3631069999828469, 0.37931859999662265, 0.3961066999763716, 0.4126708999974653, 0.4293920999916736, 0.4463664999930188, 0.4625690999964718, 0.4798665999842342, 0.4959754999727011, 0.5126185999833979, 0.5295250999915879, 0.5462873999786098, 0.5627815999905579, 0.5800958999898285, 0.5966578999941703, 0.6132166999741457, 0.6293372999934945, 0.6459617999789771, 0.6626433999917936, 0.6792789999744855, 0.695944299979601, 0.7125527999887709, 0.7294732999871485]	202.0	295.0	1.0	8a
320	9	go_only	0	18	8	go	click	[38.0, 38.0, 51.0, 63.0, 75.0, 86.0, 100.0, 109.0, 116.0, 119.0, 122.0, 123.0, 127.0, 127.0, 127.0, 127.0, 127.0, 127.0, 127.0, 127.0, 128.0, 130.0, 135.0, 145.0, 170.0, 180.0, 186.0, 187.0, 188.0, 189.0, 189.0, 189.0, 189.0, 189.0, 189.0]	[-237.0, -237.0, -188.0, -147.0, -108.0, -61.0, -5.0, 42.0, 79.0, 105.0, 133.0, 160.0, 206.0, 226.0, 231.0, 231.0, 231.0, 231.0, 231.0, 232.0, 235.0, 239.0, 245.0, 256.0, 274.0, 283.0, 287.0, 288.0, 290.0, 291.0, 291.0, 291.0, 291.0, 291.0, 291.0]	[0, 0, 0, 0, 0, 0, 0, 0, 0, 0, 0, 0, 0, 0, 0, 0, 0, 0, 0, 0, 0, 0, 0, 0, 0, 0, 0, 0, 0, 0, 0, 0, 0, 0, 1]	[0, 0, 0, 0, 0, 0, 0, 0, 0, 0, 0, 0, 0, 0, 0, 0, 0, 0, 0, 0, 0, 0, 0, 0, 0, 0, 0, 0, 0, 0, 0, 0, 0, 0, 0]	[0, 0, 0, 0, 0, 0, 0, 0, 0, 0, 0, 0, 0, 0, 0, 0, 0, 0, 0, 0, 0, 0, 0, 0, 0, 0, 0, 0, 0, 0, 0, 0, 0, 0, 0]	[0.0002044999855570495, 0.009855999989667907, 0.02616369997849688, 0.042516699992120266, 0.05930569997872226, 0.07600459997775033, 0.09248979997937568, 0.10959740000544116, 0.12581450000288896, 0.14257919997908175, 0.15950079998583533, 0.1760941999964416, 0.1928665000014007, 0.2095264999952633, 0.22609419998480007, 0.24262929998803884, 0.2592770000046585, 0.27594870000029914, 0.29292619999614544, 0.3092474000004586, 0.32613649999257177, 0.3427296000008937, 0.35930549999466166, 0.3761709999816958, 0.39287869998952374, 0.4095831000013277, 0.42619480000576004, 0.4426501999842003, 0.459336700005224, 0.47585369998705573, 0.49245979997795075, 0.5092350000049919, 0.5259416000044439, 0.5424533000041265, 0.559566799987806]	189.0	291.0	0.8	8a
321	9	go_only	0	18	3	go	click	[59.0, 59.0, 84.0, 132.0, 181.0, 231.0, 244.0, 250.0, 253.0, 253.0, 253.0, 253.0, 253.0, 253.0, 253.0, 253.0, 250.0, 247.0, 244.0, 243.0, 241.0, 237.0, 236.0, 235.0, 235.0, 235.0, 235.0]	[-224.0, -224.0, -165.0, -48.0, 91.0, 239.0, 284.0, 311.0, 326.0, 329.0, 330.0, 330.0, 331.0, 335.0, 338.0, 340.0, 341.0, 341.0, 341.0, 340.0, 338.0, 334.0, 331.0, 331.0, 331.0, 331.0, 330.0]	[0, 0, 0, 0, 0, 0, 0, 0, 0, 0, 0, 0, 0, 0, 0, 0, 0, 0, 0, 0, 0, 0, 0, 0, 0, 0, 1]	[0, 0, 0, 0, 0, 0, 0, 0, 0, 0, 0, 0, 0, 0, 0, 0, 0, 0, 0, 0, 0, 0, 0, 0, 0, 0, 0]	[0, 0, 0, 0, 0, 0, 0, 0, 0, 0, 0, 0, 0, 0, 0, 0, 0, 0, 0, 0, 0, 0, 0, 0, 0, 0, 0]	[0.00021219998598098755, 0.012241699994774535, 0.02868809999199584, 0.04538249998586252, 0.062027999985730276, 0.07871589998831041, 0.09531619999324903, 0.11194859998067841, 0.12878420000197366, 0.14538449997780845, 0.16186749999178573, 0.17866439998033457, 0.195259799977066, 0.21207069998490624, 0.2287491999741178, 0.24558459999389015, 0.2620468999957666, 0.2786659999983385, 0.295411899976898, 0.31213759997626767, 0.32923779997508973, 0.3454798999882769, 0.3624229999841191, 0.37883239999064244, 0.39533549998304807, 0.41198909998638555, 0.4286640999780502]	235.0	330.0	0.7	8a
322	9	go_only	0	18	4	go	click	[41.0, 41.0, 58.0, 77.0, 104.0, 138.0, 169.0, 186.0, 191.0, 194.0, 194.0, 194.0, 194.0, 194.0, 193.0, 192.0, 191.0, 191.0, 190.0, 190.0, 190.0, 190.0, 190.0, 190.0]	[-292.0, -292.0, -246.0, -187.0, -97.0, 28.0, 127.0, 188.0, 222.0, 243.0, 255.0, 257.0, 261.0, 263.0, 263.0, 263.0, 263.0, 264.0, 267.0, 270.0, 270.0, 270.0, 270.0, 270.0]	[0, 0, 0, 0, 0, 0, 0, 0, 0, 0, 0, 0, 0, 0, 0, 0, 0, 0, 0, 0, 0, 0, 0, 1]	[0, 0, 0, 0, 0, 0, 0, 0, 0, 0, 0, 0, 0, 0, 0, 0, 0, 0, 0, 0, 0, 0, 0, 0]	[0, 0, 0, 0, 0, 0, 0, 0, 0, 0, 0, 0, 0, 0, 0, 0, 0, 0, 0, 0, 0, 0, 0, 0]	[8.110000635497272e-05, 0.011826000001747161, 0.027381199994124472, 0.04403639998054132, 0.06060699999216013, 0.0773683000006713, 0.09405109999352135, 0.11056010000174865, 0.1275988999987021, 0.14426359999924898, 0.16052209999179468, 0.17745550000108778, 0.19409899998572655, 0.21127239998895675, 0.22767669998575002, 0.24407549999887124, 0.2606757000030484, 0.2774481999804266, 0.2941380999982357, 0.31043319997843355, 0.3271249999816064, 0.343805299984524, 0.36035679999622516, 0.37754169999971054]	190.0	270.0	0.6	8a
323	9	go_only	0	18	6	go	click	[20.0, 25.0, 32.0, 49.0, 66.0, 78.0, 87.0, 94.0, 99.0, 103.0, 106.0, 108.0, 110.0, 111.0, 111.0, 111.0, 111.0, 112.0, 115.0, 122.0, 127.0, 133.0, 139.0, 147.0, 157.0, 160.0, 169.0, 176.0, 183.0, 185.0, 185.0, 185.0, 185.0]	[-262.0, -242.0, -216.0, -158.0, -90.0, -38.0, 13.0, 59.0, 97.0, 131.0, 158.0, 173.0, 187.0, 196.0, 200.0, 201.0, 201.0, 205.0, 212.0, 223.0, 235.0, 243.0, 253.0, 264.0, 279.0, 284.0, 299.0, 310.0, 320.0, 323.0, 323.0, 323.0, 323.0]	[0, 0, 0, 0, 0, 0, 0, 0, 0, 0, 0, 0, 0, 0, 0, 0, 0, 0, 0, 0, 0, 0, 0, 0, 0, 0, 0, 0, 0, 0, 0, 0, 1]	[0, 0, 0, 0, 0, 0, 0, 0, 0, 0, 0, 0, 0, 0, 0, 0, 0, 0, 0, 0, 0, 0, 0, 0, 0, 0, 0, 0, 0, 0, 0, 0, 0]	[0, 0, 0, 0, 0, 0, 0, 0, 0, 0, 0, 0, 0, 0, 0, 0, 0, 0, 0, 0, 0, 0, 0, 0, 0, 0, 0, 0, 0, 0, 0, 0, 0]	[0.0001866999955382198, 0.009363899996969849, 0.02670459999353625, 0.042669599992223084, 0.0597356999933254, 0.07619479999993928, 0.09282389999134466, 0.10958299998310395, 0.12617939998744987, 0.14287680000416003, 0.15924069998436607, 0.17614820000017062, 0.19277530000545084, 0.2092693999875337, 0.22612219999427907, 0.2425060000095982, 0.25963869999395683, 0.2760324999981094, 0.2925377000065055, 0.3091954999836162, 0.3260399999853689, 0.34253540000645444, 0.3591613000025973, 0.37615090000326745, 0.39248479998786934, 0.40982179998536594, 0.42597849998855963, 0.4431441999913659, 0.4592040999850724, 0.47584729999653064, 0.4926215999876149, 0.5091192999971099, 0.526766700000735]	185.0	323.0	0.7	8a
324	9	go_only	0	18	7	go	click	[10.0, 10.0, 17.0, 27.0, 46.0, 70.0, 92.0, 108.0, 121.0, 130.0, 133.0, 135.0, 136.0, 137.0, 138.0, 139.0, 143.0, 153.0, 167.0, 175.0, 178.0, 178.0, 178.0, 179.0, 180.0, 180.0]	[-300.0, -300.0, -258.0, -203.0, -123.0, -11.0, 70.0, 128.0, 173.0, 214.0, 229.0, 239.0, 243.0, 246.0, 247.0, 250.0, 256.0, 270.0, 289.0, 301.0, 304.0, 304.0, 305.0, 305.0, 306.0, 306.0]	[0, 0, 0, 0, 0, 0, 0, 0, 0, 0, 0, 0, 0, 0, 0, 0, 0, 0, 0, 0, 0, 0, 0, 0, 0, 1]	[0, 0, 0, 0, 0, 0, 0, 0, 0, 0, 0, 0, 0, 0, 0, 0, 0, 0, 0, 0, 0, 0, 0, 0, 0, 0]	[0, 0, 0, 0, 0, 0, 0, 0, 0, 0, 0, 0, 0, 0, 0, 0, 0, 0, 0, 0, 0, 0, 0, 0, 0, 0]	[0.0001128000149037689, 0.011314400006085634, 0.02788070001406595, 0.044641399988904595, 0.06120460000238381, 0.07793709999532439, 0.09470809999038465, 0.11134209998999722, 0.12790650001261383, 0.1446152999997139, 0.16139880000264384, 0.17828220000956208, 0.194518500007689, 0.21125250001205131, 0.22809240000788122, 0.24461180000798777, 0.2613870000059251, 0.27801569999428466, 0.29472209999221377, 0.31131859999732114, 0.32776889999513514, 0.34463639999739826, 0.3614806999976281, 0.3780210000113584, 0.39466610000818036, 0.411593199998606]	180.0	306.0	1.0	8a
325	9	go_only	0	18	8	go	click	[31.0, 31.0, 35.0, 47.0, 76.0, 103.0, 132.0, 164.0, 185.0, 197.0, 206.0, 210.0, 212.0, 215.0, 216.0, 216.0, 216.0, 216.0, 217.0, 218.0, 218.0, 218.0, 218.0, 218.0]	[-273.0, -273.0, -256.0, -210.0, -107.0, -39.0, 40.0, 120.0, 169.0, 198.0, 218.0, 231.0, 240.0, 248.0, 252.0, 252.0, 253.0, 253.0, 255.0, 257.0, 260.0, 260.0, 260.0, 260.0]	[0, 0, 0, 0, 0, 0, 0, 0, 0, 0, 0, 0, 0, 0, 0, 0, 0, 0, 0, 0, 0, 0, 0, 1]	[0, 0, 0, 0, 0, 0, 0, 0, 0, 0, 0, 0, 0, 0, 0, 0, 0, 0, 0, 0, 0, 0, 0, 0]	[0, 0, 0, 0, 0, 0, 0, 0, 0, 0, 0, 0, 0, 0, 0, 0, 0, 0, 0, 0, 0, 0, 0, 0]	[0.00019710001652128994, 0.012023900024360046, 0.02834160000202246, 0.04519830000936054, 0.06186910002725199, 0.07839760000933893, 0.09507200002553873, 0.11194710002746433, 0.12852660001954064, 0.14518000002135523, 0.16180460000759922, 0.17845050001051277, 0.1952346000180114, 0.21174720002454706, 0.22826020000502467, 0.24509910002234392, 0.26149550001719035, 0.2785946000076365, 0.2951471000269521, 0.311820600007195, 0.3282620000245515, 0.3449047000030987, 0.36173420000704937, 0.3790156000177376]	218.0	260.0	0.9	8a
326	9	go_only	0	18	2	go	click	[86.0, 86.0, 100.0, 135.0, 145.0, 167.0, 175.0, 180.0, 183.0, 187.0, 188.0, 192.0, 198.0, 203.0, 205.0, 205.0, 205.0, 205.0, 205.0, 206.0, 213.0, 225.0, 233.0, 241.0, 243.0, 244.0, 244.0, 244.0, 244.0, 244.0]	[-166.0, -166.0, -94.0, 78.0, 118.0, 226.0, 279.0, 318.0, 344.0, 356.0, 362.0, 371.0, 384.0, 396.0, 400.0, 401.0, 401.0, 401.0, 401.0, 401.0, 386.0, 363.0, 339.0, 318.0, 308.0, 306.0, 306.0, 306.0, 306.0, 306.0]	[0, 0, 0, 0, 0, 0, 0, 0, 0, 0, 0, 0, 0, 0, 0, 0, 0, 0, 0, 0, 0, 0, 0, 0, 0, 0, 0, 0, 0, 0]	[0, 0, 0, 0, 0, 0, 0, 0, 0, 0, 0, 0, 0, 0, 0, 0, 0, 0, 0, 0, 0, 0, 0, 0, 0, 0, 0, 0, 0, 0]	[0, 0, 0, 0, 0, 0, 0, 0, 0, 0, 0, 0, 0, 0, 0, 0, 0, 0, 0, 0, 0, 0, 0, 0, 0, 0, 0, 0, 0, 0]	[0.0002044999855570495, 0.009792299999389797, 0.026278800010913983, 0.04290010000113398, 0.059873799997149035, 0.07632130000274628, 0.09328530001221225, 0.10959410000941716, 0.12630959998932667, 0.14303690000087954, 0.1596434999955818, 0.1764240000047721, 0.19290590001037344, 0.21008280001115054, 0.22635720000835136, 0.24272489998838864, 0.2594377000059467, 0.2760921999870334, 0.29337699999450706, 0.30981529998825863, 0.32669099999475293, 0.3430412999878172, 0.3597715999931097, 0.3763590999878943, 0.39321119998930953, 0.40950370000791736, 0.42620590000296943, 0.442881099996157, 0.45964139999705367, 0.4763999000133481]	244.0	306.0	0.8	8a
327	9	go_only	0	18	7	go	click	[50.0, 50.0, 67.0, 97.0, 122.0, 147.0, 164.0, 175.0, 187.0, 194.0, 198.0, 202.0, 203.0, 204.0, 205.0, 205.0, 205.0, 206.0, 207.0, 209.0, 209.0, 209.0, 209.0, 209.0]	[-217.0, -217.0, -175.0, -88.0, -21.0, 73.0, 131.0, 165.0, 191.0, 210.0, 225.0, 237.0, 244.0, 251.0, 255.0, 256.0, 258.0, 261.0, 274.0, 288.0, 296.0, 297.0, 297.0, 297.0]	[0, 0, 0, 0, 0, 0, 0, 0, 0, 0, 0, 0, 0, 0, 0, 0, 0, 0, 0, 0, 0, 0, 0, 1]	[0, 0, 0, 0, 0, 0, 0, 0, 0, 0, 0, 0, 0, 0, 0, 0, 0, 0, 0, 0, 0, 0, 0, 0]	[0, 0, 0, 0, 0, 0, 0, 0, 0, 0, 0, 0, 0, 0, 0, 0, 0, 0, 0, 0, 0, 0, 0, 0]	[0.00024189997930079699, 0.011936499999137595, 0.028804999979911372, 0.045443199982400984, 0.06267849999130704, 0.07874099997570738, 0.09557419997872785, 0.11210849997587502, 0.12862209999002516, 0.14538309999625199, 0.1624996999744326, 0.17857699998421595, 0.19536019998486154, 0.21184939998784102, 0.2286236999789253, 0.24523390000103973, 0.26205489999847487, 0.27896499997586943, 0.29559080000035465, 0.31195350000052713, 0.3286294999998063, 0.34511369999381714, 0.3619536999904085, 0.37925559998257086]	209.0	297.0	0.9	8a
328	9	go_only	0	18	2	go	click	[44.0, 44.0, 49.0, 57.0, 73.0, 79.0, 110.0, 133.0, 157.0, 172.0, 183.0, 188.0, 192.0, 193.0, 194.0, 195.0, 196.0, 197.0, 198.0, 200.0, 200.0, 201.0, 201.0, 201.0, 201.0, 202.0, 202.0]	[-268.0, -268.0, -255.0, -226.0, -157.0, -121.0, -4.0, 70.0, 130.0, 165.0, 193.0, 210.0, 220.0, 226.0, 230.0, 234.0, 239.0, 249.0, 258.0, 267.0, 276.0, 281.0, 285.0, 287.0, 287.0, 287.0, 287.0]	[0, 0, 0, 0, 0, 0, 0, 0, 0, 0, 0, 0, 0, 0, 0, 0, 0, 0, 0, 0, 0, 0, 0, 0, 0, 0, 1]	[0, 0, 0, 0, 0, 0, 0, 0, 0, 0, 0, 0, 0, 0, 0, 0, 0, 0, 0, 0, 0, 0, 0, 0, 0, 0, 0]	[0, 0, 0, 0, 0, 0, 0, 0, 0, 0, 0, 0, 0, 0, 0, 0, 0, 0, 0, 0, 0, 0, 0, 0, 0, 0, 0]	[0.00030640000477433205, 0.011029899993445724, 0.02738459999090992, 0.044177699979627505, 0.060799999977461994, 0.077603799989447, 0.09473329997854307, 0.11087730000144802, 0.12758719999692403, 0.14424130000406876, 0.1610928000009153, 0.17754629999399185, 0.19392359998892061, 0.21079819998703897, 0.22736940000322647, 0.2440399999904912, 0.2608297999831848, 0.27746809998643585, 0.2940179999859538, 0.3113716999941971, 0.32744589998037554, 0.34402989997761324, 0.36062089999904856, 0.3771905000030529, 0.3939699000038672, 0.41053689998807386, 0.42759279999881983]	202.0	287.0	0.8	8a
329	9	go_only	0	18	6	go	click	[110.0, 110.0, 134.0, 179.0, 229.0, 244.0, 252.0, 255.0, 257.0, 258.0, 258.0, 258.0, 257.0, 256.0, 256.0, 253.0, 250.0, 246.0, 240.0, 232.0, 226.0, 220.0, 218.0, 216.0, 215.0, 215.0, 215.0]	[-202.0, -202.0, -148.0, -32.0, 94.0, 142.0, 177.0, 197.0, 208.0, 216.0, 221.0, 225.0, 231.0, 237.0, 243.0, 253.0, 259.0, 263.0, 266.0, 270.0, 273.0, 275.0, 277.0, 279.0, 280.0, 280.0, 280.0]	[0, 0, 0, 0, 0, 0, 0, 0, 0, 0, 0, 0, 0, 0, 0, 0, 0, 0, 0, 0, 0, 0, 0, 0, 0, 0, 1]	[0, 0, 0, 0, 0, 0, 0, 0, 0, 0, 0, 0, 0, 0, 0, 0, 0, 0, 0, 0, 0, 0, 0, 0, 0, 0, 0]	[0, 0, 0, 0, 0, 0, 0, 0, 0, 0, 0, 0, 0, 0, 0, 0, 0, 0, 0, 0, 0, 0, 0, 0, 0, 0, 0]	[0.00027730001602321863, 0.011436200002208352, 0.027528600010555238, 0.044207200000528246, 0.06117970001650974, 0.07820950000314042, 0.09487729999818839, 0.11088370002107695, 0.12788450001971796, 0.14449940001941286, 0.16110500000650063, 0.1781566000136081, 0.1944906999997329, 0.21123919999809004, 0.22793690001708455, 0.24510230001760647, 0.26170319999800995, 0.2780291000090074, 0.29420350000145845, 0.31135500001255423, 0.3276874000148382, 0.3443029000191018, 0.3611498000100255, 0.37752070001442917, 0.39415290000033565, 0.4106824000191409, 0.42762040000525303]	215.0	280.0	0.5	8a
330	9	go_only	0	18	3	go	click	[37.0, 37.0, 40.0, 51.0, 66.0, 82.0, 92.0, 100.0, 107.0, 111.0, 115.0, 119.0, 125.0, 133.0, 138.0, 139.0, 139.0, 140.0, 143.0, 150.0, 156.0, 161.0, 166.0, 170.0, 173.0, 174.0, 177.0, 178.0, 178.0, 178.0, 178.0]	[-247.0, -247.0, -209.0, -98.0, -34.0, 23.0, 56.0, 81.0, 101.0, 116.0, 129.0, 141.0, 156.0, 177.0, 191.0, 194.0, 195.0, 198.0, 208.0, 223.0, 242.0, 259.0, 271.0, 283.0, 292.0, 300.0, 305.0, 307.0, 308.0, 308.0, 308.0]	[0, 0, 0, 0, 0, 0, 0, 0, 0, 0, 0, 0, 0, 0, 0, 0, 0, 0, 0, 0, 0, 0, 0, 0, 0, 0, 0, 0, 0, 0, 1]	[0, 0, 0, 0, 0, 0, 0, 0, 0, 0, 0, 0, 0, 0, 0, 0, 0, 0, 0, 0, 0, 0, 0, 0, 0, 0, 0, 0, 0, 0, 0]	[0, 0, 0, 0, 0, 0, 0, 0, 0, 0, 0, 0, 0, 0, 0, 0, 0, 0, 0, 0, 0, 0, 0, 0, 0, 0, 0, 0, 0, 0, 0]	[0.00018489998183213174, 0.011247599992202595, 0.02771339999162592, 0.04436699999496341, 0.06098280000151135, 0.0777937000093516, 0.09490950001054443, 0.11086069999146275, 0.12801300000865012, 0.14426020000246353, 0.16111729998374358, 0.1776448999880813, 0.19421509999665432, 0.21118469999055378, 0.22763509998912923, 0.24438200000440702, 0.2611112000013236, 0.27824949999921955, 0.2946120999986306, 0.31088040000759065, 0.32771469998988323, 0.3442510000022594, 0.3608485999866389, 0.3774810000031721, 0.3943061000027228, 0.4110625000030268, 0.4283176999888383, 0.44437899999320507, 0.4609926999837626, 0.4774025999940932, 0.4942156999895815]	178.0	308.0	0.6	8a
331	10	go_nogo	0	60	3	go	click	[63.0, 84.0, 104.0, 127.0, 150.0, 166.0, 180.0, 193.0, 202.0, 208.0, 210.0, 211.0, 211.0, 211.0, 214.0, 223.0, 244.0, 254.0, 259.0, 259.0, 257.0, 254.0, 252.0, 252.0, 251.0, 251.0, 251.0, 251.0, 250.0, 247.0, 242.0, 241.0, 241.0, 241.0, 241.0]	[-238.0, -165.0, -93.0, 54.0, 286.0, 396.0, 479.0, 540.0, 540.0, 540.0, 540.0, 540.0, 540.0, 540.0, 534.0, 517.0, 471.0, 444.0, 419.0, 399.0, 382.0, 369.0, 356.0, 348.0, 345.0, 344.0, 344.0, 344.0, 343.0, 339.0, 332.0, 332.0, 332.0, 332.0, 332.0]	[0, 0, 0, 0, 0, 0, 0, 0, 0, 0, 0, 0, 0, 0, 0, 0, 0, 0, 0, 0, 0, 0, 0, 0, 0, 0, 0, 0, 0, 0, 0, 0, 0, 0, 1]	[0, 0, 0, 0, 0, 0, 0, 0, 0, 0, 0, 0, 0, 0, 0, 0, 0, 0, 0, 0, 0, 0, 0, 0, 0, 0, 0, 0, 0, 0, 0, 0, 0, 0, 0]	[0, 0, 0, 0, 0, 0, 0, 0, 0, 0, 0, 0, 0, 0, 0, 0, 0, 0, 0, 0, 0, 0, 0, 0, 0, 0, 0, 0, 0, 0, 0, 0, 0, 0, 0]	[7.790001109242439e-05, 0.012967900023795664, 0.029648800002178177, 0.04654340000706725, 0.06325590002234094, 0.08015840000007302, 0.09641320002265275, 0.11357500002486631, 0.12994850001996383, 0.14639140001963824, 0.16310640002484433, 0.1794475000060629, 0.19630920002236962, 0.21316149999620393, 0.22971050001797266, 0.24674750000122003, 0.2628786000132095, 0.27984980001929216, 0.29623340000398457, 0.31262740000966005, 0.32947670001885854, 0.346107999997912, 0.36301250001997687, 0.379533100000117, 0.39622049999888986, 0.41293469999800436, 0.4295196000020951, 0.44618009999976493, 0.46274100002483465, 0.4802806000225246, 0.4960212000005413, 0.5125948000058997, 0.5293358000053558, 0.5459884000010788, 0.5631361000123434]	241.0	332.0	0.9	8a
332	10	go_nogo	0	60	4	go	click	[75.0, 75.0, 82.0, 96.0, 118.0, 129.0, 139.0, 146.0, 150.0, 152.0, 156.0, 161.0, 165.0, 167.0, 167.0, 167.0, 167.0, 167.0, 167.0, 167.0, 167.0, 167.0, 167.0, 167.0, 167.0, 167.0, 167.0, 167.0, 167.0, 167.0, 167.0]	[-206.0, -206.0, -166.0, -84.0, 24.0, 82.0, 141.0, 184.0, 213.0, 231.0, 252.0, 277.0, 301.0, 314.0, 315.0, 315.0, 315.0, 315.0, 315.0, 315.0, 315.0, 315.0, 315.0, 315.0, 315.0, 315.0, 315.0, 315.0, 315.0, 315.0, 315.0]	[0, 0, 0, 0, 0, 0, 0, 0, 0, 0, 0, 0, 0, 0, 0, 0, 0, 0, 0, 0, 0, 0, 0, 0, 0, 0, 0, 0, 0, 0, 1]	[0, 0, 0, 0, 0, 0, 0, 0, 0, 0, 0, 0, 0, 0, 0, 0, 0, 0, 0, 0, 0, 0, 0, 0, 0, 0, 0, 0, 0, 0, 0]	[0, 0, 0, 0, 0, 0, 0, 0, 0, 0, 0, 0, 0, 0, 0, 0, 0, 0, 0, 0, 0, 0, 0, 0, 0, 0, 0, 0, 0, 0, 0]	[0.00022369998623616993, 0.012295199994696304, 0.028897999989567325, 0.04554729998926632, 0.06234869998297654, 0.07920379997813143, 0.09615189998294227, 0.11232819998986088, 0.1291029999847524, 0.14586839999537915, 0.16253390000201762, 0.17935510000097565, 0.195537499996135, 0.2122834000037983, 0.2287163999862969, 0.24528139998437837, 0.2619844999862835, 0.27865039999596775, 0.2952936999790836, 0.3120976999925915, 0.32878359997994266, 0.3453542999923229, 0.3620015000051353, 0.37886289999005385, 0.3953567999997176, 0.41197339998325333, 0.42887380000320263, 0.44553599998471327, 0.4619959999981802, 0.47874579997733235, 0.4958024999941699]	167.0	315.0	0.9	8a
333	10	go_nogo	0	60	2	go	click	[47.0, 47.0, 67.0, 103.0, 131.0, 148.0, 154.0, 159.0, 161.0, 162.0, 162.0, 163.0, 164.0, 165.0, 166.0, 166.0, 166.0, 166.0, 166.0, 166.0, 166.0, 166.0]	[-165.0, -165.0, -100.0, 26.0, 120.0, 178.0, 208.0, 227.0, 237.0, 240.0, 245.0, 253.0, 262.0, 267.0, 267.0, 267.0, 267.0, 267.0, 268.0, 269.0, 269.0, 269.0]	[0, 0, 0, 0, 0, 0, 0, 0, 0, 0, 0, 0, 0, 0, 0, 0, 0, 0, 0, 0, 0, 1]	[0, 0, 0, 0, 0, 0, 0, 0, 0, 0, 0, 0, 0, 0, 0, 0, 0, 0, 0, 0, 0, 0]	[0, 0, 0, 0, 0, 0, 0, 0, 0, 0, 0, 0, 0, 0, 0, 0, 0, 0, 0, 0, 0, 0]	[0.0001914000022225082, 0.009739600005559623, 0.02667940000537783, 0.04293359999428503, 0.05977340001845732, 0.07636229999479838, 0.09339620001264848, 0.10965020000003278, 0.12664740000036545, 0.14309250001679175, 0.16021699999691918, 0.17644430001382716, 0.1931036000023596, 0.20986060000723228, 0.22641669999575242, 0.24291280002216808, 0.2594643000047654, 0.27651090000290424, 0.2930163000128232, 0.3095141999947373, 0.3262486000021454, 0.3434543000184931]	166.0	269.0	1.0	8a
334	10	go_nogo	0	60	3	go	click	[57.0, 57.0, 68.0, 90.0, 113.0, 130.0, 142.0, 147.0, 150.0, 150.0, 151.0, 152.0, 155.0, 158.0, 160.0, 160.0, 160.0, 166.0, 170.0, 182.0, 187.0, 188.0, 188.0, 188.0]	[-248.0, -248.0, -214.0, -126.0, -29.0, 50.0, 121.0, 152.0, 172.0, 180.0, 185.0, 192.0, 203.0, 216.0, 224.0, 225.0, 228.0, 244.0, 255.0, 287.0, 300.0, 304.0, 304.0, 304.0]	[0, 0, 0, 0, 0, 0, 0, 0, 0, 0, 0, 0, 0, 0, 0, 0, 0, 0, 0, 0, 0, 0, 0, 1]	[0, 0, 0, 0, 0, 0, 0, 0, 0, 0, 0, 0, 0, 0, 0, 0, 0, 0, 0, 0, 0, 0, 0, 0]	[0, 0, 0, 0, 0, 0, 0, 0, 0, 0, 0, 0, 0, 0, 0, 0, 0, 0, 0, 0, 0, 0, 0, 0]	[0.00017399998614564538, 0.011616300005698577, 0.028037099982611835, 0.0449267000076361, 0.06180659998790361, 0.07857389998389408, 0.09507280000252649, 0.11213219998171553, 0.12847080000210553, 0.144902700005332, 0.16165940000792034, 0.1785010999883525, 0.19496839999919757, 0.21163269999669865, 0.22826350000104867, 0.2449194999935571, 0.2616150999965612, 0.2782736999797635, 0.29520799999590963, 0.31188950000796467, 0.32872009999118745, 0.34467570000560954, 0.36129949998576194, 0.3783228999818675]	188.0	304.0	0.5	8a
335	10	go_nogo	0	60	3	go	click	[62.0, 62.0, 65.0, 76.0, 84.0, 90.0, 93.0, 96.0, 96.0, 97.0, 98.0, 99.0, 101.0, 103.0, 105.0, 108.0, 124.0, 137.0, 152.0, 159.0, 165.0, 170.0, 173.0, 175.0, 179.0, 183.0, 184.0, 185.0, 185.0, 185.0]	[-247.0, -247.0, -220.0, -128.0, -59.0, -6.0, 32.0, 56.0, 69.0, 77.0, 79.0, 83.0, 89.0, 93.0, 98.0, 102.0, 140.0, 173.0, 205.0, 226.0, 243.0, 255.0, 264.0, 273.0, 289.0, 299.0, 305.0, 307.0, 307.0, 307.0]	[0, 0, 0, 0, 0, 0, 0, 0, 0, 0, 0, 0, 0, 0, 0, 0, 0, 0, 0, 0, 0, 0, 0, 0, 0, 0, 0, 0, 0, 1]	[0, 0, 0, 0, 0, 0, 0, 0, 0, 0, 0, 0, 0, 0, 0, 0, 0, 0, 0, 0, 0, 0, 0, 0, 0, 0, 0, 0, 0, 0]	[0, 0, 0, 0, 0, 0, 0, 0, 0, 0, 0, 0, 0, 0, 0, 0, 0, 0, 0, 0, 0, 0, 0, 0, 0, 0, 0, 0, 0, 0]	[0.0002392000169493258, 0.012366400012979284, 0.02889300000970252, 0.046070000011241063, 0.06256230000872165, 0.07896790001541376, 0.09584640001412481, 0.11278250001487322, 0.1292187999933958, 0.1457924999995157, 0.16270069999154657, 0.17895050000515766, 0.19582150000496767, 0.21239840000635013, 0.22912299999734387, 0.2459792000008747, 0.26220689999172464, 0.27921939999214374, 0.2955526000005193, 0.3123057000047993, 0.3287803000130225, 0.3455385999986902, 0.3623636999982409, 0.37875249999342486, 0.395558299991535, 0.412439900013851, 0.42885739999474026, 0.44564409999293275, 0.46216130000539124, 0.4793208999908529]	185.0	307.0	1.0	8a
336	10	go_nogo	0	60	8	go	click	[38.0, 38.0, 46.0, 59.0, 81.0, 111.0, 137.0, 179.0, 198.0, 208.0, 213.0, 217.0, 219.0, 220.0, 220.0, 221.0, 221.0, 221.0, 222.0, 223.0, 223.0, 223.0, 221.0, 219.0, 218.0, 218.0, 218.0, 218.0, 218.0]	[-294.0, -294.0, -272.0, -235.0, -168.0, -85.0, -6.0, 100.0, 148.0, 173.0, 189.0, 200.0, 208.0, 212.0, 215.0, 216.0, 218.0, 221.0, 229.0, 237.0, 248.0, 256.0, 262.0, 269.0, 273.0, 274.0, 274.0, 274.0, 274.0]	[0, 0, 0, 0, 0, 0, 0, 0, 0, 0, 0, 0, 0, 0, 0, 0, 0, 0, 0, 0, 0, 0, 0, 0, 0, 0, 0, 0, 1]	[0, 0, 0, 0, 0, 0, 0, 0, 0, 0, 0, 0, 0, 0, 0, 0, 0, 0, 0, 0, 0, 0, 0, 0, 0, 0, 0, 0, 0]	[0, 0, 0, 0, 0, 0, 0, 0, 0, 0, 0, 0, 0, 0, 0, 0, 0, 0, 0, 0, 0, 0, 0, 0, 0, 0, 0, 0, 0]	[7.239999831654131e-05, 0.012514700007159263, 0.029013399995164946, 0.04559829999925569, 0.0622023000032641, 0.07916759999352507, 0.09594160001142882, 0.11275140001089312, 0.12969160001375712, 0.14603870001155883, 0.16250430000945926, 0.179294800007483, 0.19585399999050424, 0.21239920001244172, 0.2291339999937918, 0.24589009999181144, 0.2626511999987997, 0.2792090000002645, 0.2956156999862287, 0.31236290000379086, 0.32930509999278, 0.3462135999870952, 0.36221150000346825, 0.37887360001332127, 0.39580309999291785, 0.4123869999893941, 0.4289443999878131, 0.4459297000139486, 0.46285000001080334]	218.0	274.0	0.7	8a
337	10	go_nogo	0	60	9	nogo	none	[45.0, 45.0, 54.0, 72.0, 100.0, 130.0, 149.0, 161.0, 167.0, 174.0, 178.0, 182.0, 182.0, 184.0, 185.0, 187.0, 188.0, 188.0, 188.0, 188.0, 188.0, 188.0, 188.0, 188.0, 188.0, 188.0, 188.0, 188.0, 188.0, 188.0, 188.0, 188.0, 188.0, 188.0, 188.0, 188.0, 188.0, 188.0, 188.0, 188.0, 188.0, 188.0, 188.0, 188.0, 188.0, 188.0, 188.0, 188.0, 188.0, 188.0, 188.0, 188.0, 188.0, 188.0, 188.0, 188.0, 188.0, 188.0, 188.0, 188.0, 188.0]	[-263.0, -263.0, -230.0, -154.0, -64.0, 27.0, 85.0, 123.0, 152.0, 177.0, 197.0, 213.0, 224.0, 235.0, 247.0, 260.0, 264.0, 266.0, 267.0, 268.0, 269.0, 269.0, 269.0, 269.0, 269.0, 269.0, 269.0, 269.0, 269.0, 269.0, 269.0, 269.0, 269.0, 269.0, 269.0, 269.0, 269.0, 269.0, 269.0, 269.0, 269.0, 269.0, 269.0, 269.0, 269.0, 269.0, 269.0, 269.0, 269.0, 269.0, 269.0, 269.0, 269.0, 269.0, 269.0, 269.0, 269.0, 269.0, 269.0, 269.0, 269.0]	[0, 0, 0, 0, 0, 0, 0, 0, 0, 0, 0, 0, 0, 0, 0, 0, 0, 0, 0, 0, 0, 0, 0, 0, 0, 0, 0, 0, 0, 0, 0, 0, 0, 0, 0, 0, 0, 0, 0, 0, 0, 0, 0, 0, 0, 0, 0, 0, 0, 0, 0, 0, 0, 0, 0, 0, 0, 0, 0, 0, 0]	[0, 0, 0, 0, 0, 0, 0, 0, 0, 0, 0, 0, 0, 0, 0, 0, 0, 0, 0, 0, 0, 0, 0, 0, 0, 0, 0, 0, 0, 0, 0, 0, 0, 0, 0, 0, 0, 0, 0, 0, 0, 0, 0, 0, 0, 0, 0, 0, 0, 0, 0, 0, 0, 0, 0, 0, 0, 0, 0, 0, 0]	[0, 0, 0, 0, 0, 0, 0, 0, 0, 0, 0, 0, 0, 0, 0, 0, 0, 0, 0, 0, 0, 0, 0, 0, 0, 0, 0, 0, 0, 0, 0, 0, 0, 0, 0, 0, 0, 0, 0, 0, 0, 0, 0, 0, 0, 0, 0, 0, 0, 0, 0, 0, 0, 0, 0, 0, 0, 0, 0, 0, 0]	[0.0001810999820008874, 0.00921109999762848, 0.025877199979731813, 0.04265079999458976, 0.0594437999825459, 0.07602439998299815, 0.09251959997345693, 0.10900939998100512, 0.1257298999989871, 0.14265699998941272, 0.15940249999403022, 0.1765261999971699, 0.19234709997544996, 0.20917709998320788, 0.22579869997571222, 0.24241279999841936, 0.2591919999977108, 0.2757094999833498, 0.29240049998043105, 0.3092579999938607, 0.3256315999897197, 0.34215079998830333, 0.35924209997756407, 0.3757198999810498, 0.3924319999932777, 0.409057999990182, 0.4256024999776855, 0.44229099998483434, 0.45908000000054017, 0.47585209997487254, 0.49234669998986647, 0.5089976999734063, 0.5255586999992374, 0.5423345000017434, 0.5589600999956019, 0.5759465000010096, 0.5922854999953415, 0.6090018999821041, 0.625745299999835, 0.6423465999832842, 0.6588933999883011, 0.6756463999918196, 0.6922348999942187, 0.7089542999747209, 0.7255173999874387, 0.7422076999791898, 0.7588942000002135, 0.7755860999750439, 0.792391700000735, 0.8089507999829948, 0.8256361999956425, 0.842185999994399, 0.8586546999868006, 0.8755968999757897, 0.8922747999895364, 0.9088271999789868, 0.925408899987815, 0.9423975999816321, 0.9586802999838255, 0.975538200000301, 0.9925093999772798]	n/a	n/a	0.7	8a
338	10	go_nogo	0	60	2	go	click	[47.0, 47.0, 57.0, 70.0, 82.0, 90.0, 99.0, 110.0, 122.0, 130.0, 140.0, 146.0, 154.0, 160.0, 168.0, 173.0, 176.0, 177.0, 178.0, 180.0, 181.0, 182.0, 182.0]	[-264.0, -264.0, -218.0, -150.0, -80.0, -23.0, 24.0, 98.0, 154.0, 185.0, 212.0, 233.0, 259.0, 276.0, 297.0, 315.0, 326.0, 331.0, 333.0, 337.0, 339.0, 339.0, 339.0]	[0, 0, 0, 0, 0, 0, 0, 0, 0, 0, 0, 0, 0, 0, 0, 0, 0, 0, 0, 0, 0, 0, 1]	[0, 0, 0, 0, 0, 0, 0, 0, 0, 0, 0, 0, 0, 0, 0, 0, 0, 0, 0, 0, 0, 0, 0]	[0, 0, 0, 0, 0, 0, 0, 0, 0, 0, 0, 0, 0, 0, 0, 0, 0, 0, 0, 0, 0, 0, 0]	[0.0002486000012140721, 0.010162799997488037, 0.0267327000037767, 0.043743799993535504, 0.060108100005891174, 0.07696629999554716, 0.09376399999018759, 0.11033510000561364, 0.12686079999548383, 0.1436552999948617, 0.1604347999964375, 0.1770128000061959, 0.19357440000749193, 0.21002520000911318, 0.22717490000650287, 0.24389979999978095, 0.26007859999663197, 0.2766885999881197, 0.2936224000004586, 0.31009019998600706, 0.3267886000103317, 0.3435433999984525, 0.3603548999817576]	182.0	339.0	0.5	8a
339	10	go_nogo	0	60	4	go	click	[55.0, 55.0, 72.0, 106.0, 149.0, 165.0, 173.0, 176.0, 179.0, 179.0, 180.0, 181.0, 181.0, 182.0, 182.0, 182.0, 182.0, 182.0, 182.0, 182.0, 182.0]	[-161.0, -161.0, -101.0, 29.0, 172.0, 225.0, 254.0, 271.0, 282.0, 290.0, 301.0, 311.0, 318.0, 323.0, 326.0, 327.0, 327.0, 327.0, 327.0, 327.0, 327.0]	[0, 0, 0, 0, 0, 0, 0, 0, 0, 0, 0, 0, 0, 0, 0, 0, 0, 0, 0, 0, 1]	[0, 0, 0, 0, 0, 0, 0, 0, 0, 0, 0, 0, 0, 0, 0, 0, 0, 0, 0, 0, 0]	[0, 0, 0, 0, 0, 0, 0, 0, 0, 0, 0, 0, 0, 0, 0, 0, 0, 0, 0, 0, 0]	[0.0002432999899610877, 0.010673000011593103, 0.027238799986662343, 0.04398149999906309, 0.06092349998652935, 0.07725579998805188, 0.09369380000862293, 0.1104988000006415, 0.12767190000158735, 0.14381159999174997, 0.1606020999897737, 0.17727580000064336, 0.19397769999341108, 0.21082119998754933, 0.22740179998800159, 0.2438143999897875, 0.26038739999057725, 0.2770746999885887, 0.29418659998918884, 0.31027469999389723, 0.3273572000034619]	182.0	327.0	0.7	8a
340	10	go_nogo	0	60	9	nogo	none	[65.0, 65.0, 78.0, 106.0, 132.0, 155.0, 161.0, 161.0, 162.0, 162.0, 162.0, 162.0, 162.0, 162.0, 162.0, 162.0, 162.0, 162.0, 162.0, 162.0, 162.0, 162.0, 162.0, 162.0, 162.0, 162.0, 162.0, 162.0, 162.0, 162.0, 162.0, 162.0, 162.0, 162.0, 162.0, 162.0, 162.0, 162.0, 162.0, 162.0, 162.0, 162.0, 162.0, 162.0, 162.0, 162.0, 162.0, 162.0, 162.0, 162.0, 162.0, 162.0, 162.0, 162.0, 162.0, 162.0, 162.0]	[-196.0, -196.0, -144.0, -50.0, 47.0, 154.0, 189.0, 209.0, 222.0, 231.0, 243.0, 257.0, 273.0, 282.0, 285.0, 286.0, 286.0, 286.0, 286.0, 286.0, 286.0, 286.0, 286.0, 286.0, 286.0, 286.0, 286.0, 286.0, 286.0, 286.0, 286.0, 286.0, 286.0, 286.0, 286.0, 286.0, 286.0, 286.0, 286.0, 286.0, 286.0, 286.0, 286.0, 286.0, 286.0, 286.0, 286.0, 286.0, 286.0, 286.0, 286.0, 286.0, 286.0, 286.0, 286.0, 286.0, 286.0]	[0, 0, 0, 0, 0, 0, 0, 0, 0, 0, 0, 0, 0, 0, 0, 0, 0, 0, 0, 0, 0, 0, 0, 0, 0, 0, 0, 0, 0, 0, 0, 0, 0, 0, 0, 0, 0, 0, 0, 0, 0, 0, 0, 0, 0, 0, 0, 0, 0, 0, 0, 0, 0, 0, 0, 0, 0]	[0, 0, 0, 0, 0, 0, 0, 0, 0, 0, 0, 0, 0, 0, 0, 0, 0, 0, 0, 0, 0, 0, 0, 0, 0, 0, 0, 0, 0, 0, 0, 0, 0, 0, 0, 0, 0, 0, 0, 0, 0, 0, 0, 0, 0, 0, 0, 0, 0, 0, 0, 0, 0, 0, 0, 0, 0]	[0, 0, 0, 0, 0, 0, 0, 0, 0, 0, 0, 0, 0, 0, 0, 0, 0, 0, 0, 0, 0, 0, 0, 0, 0, 0, 0, 0, 0, 0, 0, 0, 0, 0, 0, 0, 0, 0, 0, 0, 0, 0, 0, 0, 0, 0, 0, 0, 0, 0, 0, 0, 0, 0, 0, 0, 0]	[0.00019309998606331646, 0.010107699985383078, 0.026702599978307262, 0.04333079999196343, 0.05987599998479709, 0.07739419999415986, 0.09307309999712743, 0.10997629998018965, 0.12656770000467077, 0.14318169999751262, 0.15983709998545237, 0.17654849999235012, 0.19282609998481348, 0.20963349999510683, 0.22638730000471696, 0.243113300006371, 0.2599253999942448, 0.2764196000061929, 0.29332749999593943, 0.3097548999940045, 0.3263029999798164, 0.34302639999077655, 0.3597499000024982, 0.3762511999811977, 0.39313620000029914, 0.4097967999987304, 0.4262633000034839, 0.44309719998273067, 0.4598006999876816, 0.4763686999795027, 0.49315920000663027, 0.5097988999914378, 0.5262482999823987, 0.5429926000069827, 0.5597502999880817, 0.5763864000036847, 0.5931991999968886, 0.6096293999871705, 0.6265146999794524, 0.6430191999825183, 0.6594648000027519, 0.6762077999883331, 0.6930965000065044, 0.709719899983611, 0.7263264999783132, 0.7428313999844249, 0.7597955999954138, 0.7762357000028715, 0.792996200005291, 0.8095502999785822, 0.826354499993613, 0.8429468999966048, 0.8596143999893684, 0.8762981999898329, 0.892939799989108, 0.909696199989412, 0.9262049999961164]	n/a	n/a	0.8	8a
341	10	go_nogo	0	60	8	go	click	[29.0, 46.0, 65.0, 90.0, 114.0, 128.0, 134.0, 137.0, 138.0, 138.0, 139.0, 139.0, 139.0, 139.0, 139.0, 139.0, 139.0, 139.0, 139.0, 140.0, 143.0, 147.0, 150.0, 152.0, 153.0, 153.0, 154.0, 154.0, 154.0, 154.0]	[-152.0, -87.0, -29.0, 64.0, 146.0, 195.0, 220.0, 231.0, 236.0, 240.0, 244.0, 246.0, 246.0, 247.0, 247.0, 247.0, 247.0, 247.0, 247.0, 248.0, 253.0, 259.0, 264.0, 268.0, 269.0, 271.0, 272.0, 272.0, 273.0, 273.0]	[0, 0, 0, 0, 0, 0, 0, 0, 0, 0, 0, 0, 0, 0, 0, 0, 0, 0, 0, 0, 0, 0, 0, 0, 0, 0, 0, 0, 0, 1]	[0, 0, 0, 0, 0, 0, 0, 0, 0, 0, 0, 0, 0, 0, 0, 0, 0, 0, 0, 0, 0, 0, 0, 0, 0, 0, 0, 0, 0, 0]	[0, 0, 0, 0, 0, 0, 0, 0, 0, 0, 0, 0, 0, 0, 0, 0, 0, 0, 0, 0, 0, 0, 0, 0, 0, 0, 0, 0, 0, 0]	[0.0001908999984152615, 0.008861199981765822, 0.026042799989227206, 0.042553999985102564, 0.05901389999780804, 0.07595639998908155, 0.09226159998797812, 0.10910149998380803, 0.12567259999923408, 0.14234160000341944, 0.1590604999801144, 0.1754155999806244, 0.19246639998164028, 0.2087001999898348, 0.22562680000555702, 0.24223959998926148, 0.25886619999073446, 0.27561539999442175, 0.29242700000759214, 0.30899789999239147, 0.32554689998505637, 0.3423544999968726, 0.35873649999848567, 0.37577389998477884, 0.39218319999054074, 0.40887660000589676, 0.4255230999842752, 0.44233059999533, 0.4587345999898389, 0.4756350999814458]	154.0	273.0	0.6	8a
342	10	go_nogo	0	60	2	go	click	[34.0, 34.0, 43.0, 59.0, 73.0, 81.0, 83.0, 85.0, 87.0, 87.0, 88.0, 91.0, 95.0, 100.0, 107.0, 117.0, 126.0, 129.0, 129.0, 129.0, 130.0, 134.0, 142.0, 153.0, 160.0, 165.0, 167.0, 167.0, 167.0, 167.0, 167.0, 167.0, 167.0]	[-236.0, -236.0, -151.0, -41.0, 38.0, 103.0, 153.0, 187.0, 215.0, 233.0, 248.0, 263.0, 286.0, 296.0, 310.0, 324.0, 333.0, 336.0, 336.0, 336.0, 336.0, 331.0, 324.0, 316.0, 310.0, 307.0, 307.0, 307.0, 306.0, 306.0, 306.0, 306.0, 306.0]	[0, 0, 0, 0, 0, 0, 0, 0, 0, 0, 0, 0, 0, 0, 0, 0, 0, 0, 0, 0, 0, 0, 0, 0, 0, 0, 0, 0, 0, 0, 0, 0, 1]	[0, 0, 0, 0, 0, 0, 0, 0, 0, 0, 0, 0, 0, 0, 0, 0, 0, 0, 0, 0, 0, 0, 0, 0, 0, 0, 0, 0, 0, 0, 0, 0, 0]	[0, 0, 0, 0, 0, 0, 0, 0, 0, 0, 0, 0, 0, 0, 0, 0, 0, 0, 0, 0, 0, 0, 0, 0, 0, 0, 0, 0, 0, 0, 0, 0, 0]	[0.00019229997997172177, 0.01118599998881109, 0.027702399995177984, 0.044127200002549216, 0.06055429999832995, 0.07751569998799823, 0.09414429997559637, 0.11072109997621737, 0.1273446999839507, 0.14408199998433702, 0.16056289998232387, 0.17748220000066794, 0.19471909999265336, 0.21090730000287294, 0.227229999989504, 0.2441413999767974, 0.26055649999761954, 0.2771403999940958, 0.2937843999825418, 0.3107974999875296, 0.32744689998799004, 0.3440309999859892, 0.3607264999882318, 0.37734289999934845, 0.3940713999909349, 0.4111370999889914, 0.42724819999421015, 0.4441895999771077, 0.4604737999907229, 0.47716479998780414, 0.49381429998902604, 0.510438700002851, 0.5274471000011545]	167.0	306.0	1.0	8a
343	10	go_nogo	0	60	6	go	click	[24.0, 24.0, 44.0, 100.0, 124.0, 151.0, 175.0, 186.0, 192.0, 192.0, 193.0, 194.0, 194.0, 195.0, 195.0, 195.0, 195.0, 195.0, 195.0, 195.0, 195.0, 195.0, 195.0, 195.0, 195.0, 198.0, 200.0, 201.0, 201.0, 201.0, 201.0, 201.0, 201.0, 201.0, 201.0, 201.0, 201.0, 201.0, 201.0]	[-223.0, -223.0, -150.0, 29.0, 119.0, 205.0, 279.0, 327.0, 350.0, 362.0, 369.0, 372.0, 377.0, 380.0, 381.0, 381.0, 381.0, 381.0, 381.0, 381.0, 381.0, 381.0, 381.0, 371.0, 345.0, 317.0, 296.0, 296.0, 296.0, 296.0, 296.0, 296.0, 296.0, 296.0, 296.0, 296.0, 296.0, 296.0, 296.0]	[0, 0, 0, 0, 0, 0, 0, 0, 0, 0, 0, 0, 0, 0, 0, 0, 0, 0, 0, 0, 0, 0, 0, 0, 0, 0, 0, 0, 0, 0, 0, 0, 0, 0, 0, 0, 0, 0, 1]	[0, 0, 0, 0, 0, 0, 0, 0, 0, 0, 0, 0, 0, 0, 0, 0, 0, 0, 0, 0, 0, 0, 0, 0, 0, 0, 0, 0, 0, 0, 0, 0, 0, 0, 0, 0, 0, 0, 0]	[0, 0, 0, 0, 0, 0, 0, 0, 0, 0, 0, 0, 0, 0, 0, 0, 0, 0, 0, 0, 0, 0, 0, 0, 0, 0, 0, 0, 0, 0, 0, 0, 0, 0, 0, 0, 0, 0, 0]	[0.00032160000409930944, 0.010991300019668415, 0.027512900007423013, 0.04445430001942441, 0.06155160002526827, 0.07721760001732036, 0.09389470002497546, 0.11058150001917966, 0.12745770000037737, 0.14391800001612864, 0.16075800001272, 0.17755660001421347, 0.19402910000644624, 0.21058650000486523, 0.22715790002257563, 0.2440620000124909, 0.2604046000051312, 0.27752390000387095, 0.29385470002307557, 0.3108100000245031, 0.3270704000024125, 0.3437257000186946, 0.3606034000113141, 0.37714570001116954, 0.39424520000466146, 0.4104947000159882, 0.4269495000189636, 0.44365420000394806, 0.460206100018695, 0.4773476000118535, 0.49381549999816343, 0.5104500000015832, 0.5270449000236113, 0.5436958000063896, 0.5603029000048991, 0.5769972999987658, 0.5937744000111707, 0.6103553000139073, 0.6274441000132356]	201.0	296.0	0.7	8a
344	10	go_nogo	0	60	2	go	click	[72.0, 72.0, 104.0, 135.0, 162.0, 181.0, 193.0, 201.0, 204.0, 205.0, 206.0, 209.0, 209.0, 212.0, 216.0, 220.0, 222.0, 223.0, 223.0, 223.0, 223.0, 223.0, 223.0, 223.0, 221.0, 220.0, 219.0, 219.0, 219.0, 219.0]	[-159.0, -159.0, -22.0, 107.0, 193.0, 255.0, 296.0, 322.0, 338.0, 349.0, 356.0, 367.0, 372.0, 378.0, 387.0, 394.0, 397.0, 397.0, 397.0, 397.0, 394.0, 382.0, 364.0, 344.0, 337.0, 331.0, 328.0, 328.0, 328.0, 328.0]	[0, 0, 0, 0, 0, 0, 0, 0, 0, 0, 0, 0, 0, 0, 0, 0, 0, 0, 0, 0, 0, 0, 0, 0, 0, 0, 0, 0, 0, 1]	[0, 0, 0, 0, 0, 0, 0, 0, 0, 0, 0, 0, 0, 0, 0, 0, 0, 0, 0, 0, 0, 0, 0, 0, 0, 0, 0, 0, 0, 0]	[0, 0, 0, 0, 0, 0, 0, 0, 0, 0, 0, 0, 0, 0, 0, 0, 0, 0, 0, 0, 0, 0, 0, 0, 0, 0, 0, 0, 0, 0]	[0.0001973999897018075, 0.011105599987786263, 0.027707900007953867, 0.044706499989842996, 0.060952400002861395, 0.07771969999885187, 0.09439369998290204, 0.11093409999739379, 0.12766679999185726, 0.1446044000040274, 0.1610954999923706, 0.17797669998253696, 0.1944177999976091, 0.2115644000004977, 0.2274821999890264, 0.24431859998730943, 0.2613861999998335, 0.2775044000009075, 0.29423569998471066, 0.3110635000048205, 0.32775989998481236, 0.34438500000396743, 0.3610783999902196, 0.3777438999968581, 0.3943293000047561, 0.4113760000036564, 0.42752999998629093, 0.4441839999926742, 0.461425399989821, 0.4776778999948874]	219.0	328.0	0.8	8a
345	10	go_nogo	0	60	7	go	click	[100.0, 100.0, 125.0, 166.0, 192.0, 213.0, 230.0, 244.0, 248.0, 250.0, 250.0, 253.0, 256.0, 261.0, 262.0, 262.0, 262.0, 262.0, 260.0, 255.0, 249.0, 243.0, 237.0, 234.0, 231.0, 231.0, 231.0, 231.0, 231.0, 231.0, 231.0, 231.0]	[-140.0, -140.0, -55.0, 95.0, 192.0, 269.0, 338.0, 390.0, 407.0, 416.0, 420.0, 426.0, 438.0, 455.0, 465.0, 466.0, 467.0, 467.0, 460.0, 443.0, 415.0, 388.0, 369.0, 354.0, 342.0, 334.0, 325.0, 317.0, 314.0, 314.0, 314.0, 314.0]	[0, 0, 0, 0, 0, 0, 0, 0, 0, 0, 0, 0, 0, 0, 0, 0, 0, 0, 0, 0, 0, 0, 0, 0, 0, 0, 0, 0, 0, 0, 0, 1]	[0, 0, 0, 0, 0, 0, 0, 0, 0, 0, 0, 0, 0, 0, 0, 0, 0, 0, 0, 0, 0, 0, 0, 0, 0, 0, 0, 0, 0, 0, 0, 0]	[0, 0, 0, 0, 0, 0, 0, 0, 0, 0, 0, 0, 0, 0, 0, 0, 0, 0, 0, 0, 0, 0, 0, 0, 0, 0, 0, 0, 0, 0, 0, 0]	[0.00022069999249652028, 0.010597299988148734, 0.02719179997802712, 0.04376689999480732, 0.06060529997921549, 0.07723840000107884, 0.09412649998557754, 0.11095339999883436, 0.12725419999333099, 0.14407759997993708, 0.16108249998069368, 0.17723450000630692, 0.19420989998616278, 0.21063159999903291, 0.22724700000253506, 0.24384459998691455, 0.26022480000392534, 0.2771756000001915, 0.29450180000276305, 0.310792100004619, 0.32739950000541285, 0.3437639999901876, 0.3606939000019338, 0.3772074999869801, 0.39391809998778626, 0.4103980999789201, 0.42698269998072647, 0.4437501000065822, 0.4604348999855574, 0.4772934999782592, 0.4937881999940146, 0.5109507000015583]	231.0	314.0	0.8	8a
346	10	go_nogo	0	60	8	go	click	[78.0, 78.0, 101.0, 144.0, 176.0, 197.0, 202.0, 217.0, 225.0, 231.0, 235.0, 237.0, 238.0, 238.0, 238.0, 238.0, 238.0, 238.0, 237.0, 235.0, 234.0, 233.0, 233.0, 233.0, 233.0]	[-197.0, -197.0, -132.0, 7.0, 109.0, 184.0, 203.0, 254.0, 284.0, 306.0, 319.0, 329.0, 332.0, 332.0, 332.0, 332.0, 332.0, 332.0, 326.0, 320.0, 319.0, 318.0, 318.0, 318.0, 318.0]	[0, 0, 0, 0, 0, 0, 0, 0, 0, 0, 0, 0, 0, 0, 0, 0, 0, 0, 0, 0, 0, 0, 0, 0, 1]	[0, 0, 0, 0, 0, 0, 0, 0, 0, 0, 0, 0, 0, 0, 0, 0, 0, 0, 0, 0, 0, 0, 0, 0, 0]	[0, 0, 0, 0, 0, 0, 0, 0, 0, 0, 0, 0, 0, 0, 0, 0, 0, 0, 0, 0, 0, 0, 0, 0, 0]	[0.00019019999308511615, 0.010302799986675382, 0.02704349998384714, 0.04367489999276586, 0.06034999998519197, 0.07692599997972138, 0.09360940000624396, 0.11042129999259487, 0.12665089999791235, 0.1433647999947425, 0.1600382000033278, 0.1767540999862831, 0.19316470000194386, 0.21017289999872446, 0.2268323999887798, 0.2433651000028476, 0.25988100000540726, 0.2766506999905687, 0.29353249998530373, 0.310077200003434, 0.3265743999800179, 0.34316560000297613, 0.3600721999828238, 0.37674999999580905, 0.3936465999868233]	233.0	318.0	0.9	8a
347	10	go_nogo	0	60	1	nogo	none	[72.0, 72.0, 79.0, 107.0, 147.0, 166.0, 180.0, 189.0, 195.0, 198.0, 201.0, 207.0, 211.0, 216.0, 220.0, 221.0, 221.0, 222.0, 222.0, 222.0, 222.0, 222.0, 222.0, 222.0, 222.0, 222.0, 222.0, 222.0, 222.0, 222.0, 222.0, 222.0, 222.0, 222.0, 222.0, 222.0, 222.0, 222.0, 222.0, 222.0, 222.0, 222.0, 222.0, 222.0, 222.0, 222.0, 222.0, 222.0, 222.0, 222.0, 222.0, 222.0, 222.0, 222.0, 222.0, 222.0, 222.0, 222.0, 222.0, 222.0, 222.0, 222.0, 222.0]	[-250.0, -250.0, -210.0, -109.0, 26.0, 84.0, 124.0, 151.0, 172.0, 185.0, 198.0, 217.0, 238.0, 261.0, 281.0, 284.0, 289.0, 296.0, 308.0, 315.0, 316.0, 316.0, 316.0, 316.0, 316.0, 316.0, 316.0, 316.0, 316.0, 316.0, 316.0, 316.0, 316.0, 316.0, 316.0, 316.0, 316.0, 316.0, 316.0, 316.0, 316.0, 316.0, 316.0, 316.0, 316.0, 316.0, 316.0, 316.0, 316.0, 316.0, 316.0, 316.0, 316.0, 316.0, 316.0, 316.0, 316.0, 316.0, 316.0, 316.0, 316.0, 316.0, 316.0]	[0, 0, 0, 0, 0, 0, 0, 0, 0, 0, 0, 0, 0, 0, 0, 0, 0, 0, 0, 0, 0, 0, 0, 0, 0, 0, 0, 0, 0, 0, 0, 0, 0, 0, 0, 0, 0, 0, 0, 0, 0, 0, 0, 0, 0, 0, 0, 0, 0, 0, 0, 0, 0, 0, 0, 0, 0, 0, 0, 0, 0, 0, 0]	[0, 0, 0, 0, 0, 0, 0, 0, 0, 0, 0, 0, 0, 0, 0, 0, 0, 0, 0, 0, 0, 0, 0, 0, 0, 0, 0, 0, 0, 0, 0, 0, 0, 0, 0, 0, 0, 0, 0, 0, 0, 0, 0, 0, 0, 0, 0, 0, 0, 0, 0, 0, 0, 0, 0, 0, 0, 0, 0, 0, 0, 0, 0]	[0, 0, 0, 0, 0, 0, 0, 0, 0, 0, 0, 0, 0, 0, 0, 0, 0, 0, 0, 0, 0, 0, 0, 0, 0, 0, 0, 0, 0, 0, 0, 0, 0, 0, 0, 0, 0, 0, 0, 0, 0, 0, 0, 0, 0, 0, 0, 0, 0, 0, 0, 0, 0, 0, 0, 0, 0, 0, 0, 0, 0, 0, 0]	[0.00042719999328255653, 0.011237500002607703, 0.027726100001018494, 0.044720100006088614, 0.06121099999290891, 0.07795649999752641, 0.09476199999335222, 0.11110579999512993, 0.12787540000863373, 0.14457400000537746, 0.16109160002088174, 0.17789449999690987, 0.19446749999769963, 0.21161190001294017, 0.2278709000092931, 0.2445200000074692, 0.2610179000184871, 0.2777572000049986, 0.29448720000800677, 0.3111990000179503, 0.3278085000056308, 0.34441650001099333, 0.36101930000586435, 0.3778263000131119, 0.39452970001730137, 0.4110392000002321, 0.42759390000719577, 0.44432929999311455, 0.46134259999962524, 0.4777864000061527, 0.4943298000143841, 0.5111386000062339, 0.5278356000198983, 0.5443662000179756, 0.5610029000090435, 0.5777501999982633, 0.5944783000159077, 0.6110386000073049, 0.627704900020035, 0.6442556999973021, 0.6611660000053234, 0.6775863000075333, 0.6944453000032809, 0.7111475999990944, 0.7276222000073176, 0.7443093000038061, 0.7608882000204176, 0.7776448999939021, 0.7943337000033353, 0.8109615000139456, 0.8275083000189625, 0.8441412000101991, 0.8608325000095647, 0.8775860000168905, 0.8942990000068676, 0.9107985000009649, 0.9277110999973956, 0.9442084000038449, 0.9610890000185464, 0.9775665000197478, 0.9941896999953315, 1.0107681000081357, 1.027697800018359]	n/a	n/a	0.5	8a
348	10	go_nogo	0	60	7	go	click	[45.0, 45.0, 52.0, 72.0, 95.0, 125.0, 139.0, 144.0, 147.0, 148.0, 149.0, 149.0, 149.0, 149.0, 150.0, 150.0, 150.0, 154.0, 160.0, 171.0, 180.0, 184.0, 187.0, 187.0, 187.0, 187.0]	[-252.0, -252.0, -212.0, -116.0, -16.0, 124.0, 181.0, 215.0, 234.0, 243.0, 246.0, 246.0, 247.0, 248.0, 248.0, 250.0, 251.0, 257.0, 267.0, 281.0, 295.0, 302.0, 306.0, 307.0, 307.0, 307.0]	[0, 0, 0, 0, 0, 0, 0, 0, 0, 0, 0, 0, 0, 0, 0, 0, 0, 0, 0, 0, 0, 0, 0, 0, 0, 1]	[0, 0, 0, 0, 0, 0, 0, 0, 0, 0, 0, 0, 0, 0, 0, 0, 0, 0, 0, 0, 0, 0, 0, 0, 0, 0]	[0, 0, 0, 0, 0, 0, 0, 0, 0, 0, 0, 0, 0, 0, 0, 0, 0, 0, 0, 0, 0, 0, 0, 0, 0, 0]	[0.00021159998141229153, 0.012847999983932823, 0.02911790000507608, 0.04605399997672066, 0.06266309999045916, 0.07934179998119362, 0.09631490000174381, 0.11291490000439808, 0.1292259999900125, 0.14603429997805506, 0.16259839999838732, 0.17914559997734614, 0.19593679998070002, 0.2124605999852065, 0.22903539999970235, 0.2459517999959644, 0.26258189999498427, 0.2791877999843564, 0.29612640000414103, 0.31279389999690466, 0.32912199999555014, 0.34569409998948686, 0.3626098999811802, 0.3787385000032373, 0.3957249999803025, 0.4126743999950122]	187.0	307.0	0.9	8a
349	10	go_nogo	0	60	2	go	click	[22.0, 25.0, 30.0, 39.0, 58.0, 95.0, 130.0, 164.0, 189.0, 206.0, 217.0, 220.0, 221.0, 221.0, 221.0, 221.0, 219.0, 213.0, 209.0, 207.0, 207.0, 207.0, 207.0, 207.0, 207.0, 207.0, 207.0, 207.0, 207.0, 207.0, 207.0, 207.0, 212.0, 220.0, 224.0, 225.0, 225.0, 225.0, 225.0, 225.0, 225.0, 225.0]	[-296.0, -285.0, -274.0, -245.0, -185.0, -89.0, -1.0, 76.0, 137.0, 181.0, 222.0, 246.0, 275.0, 291.0, 300.0, 315.0, 341.0, 366.0, 377.0, 382.0, 382.0, 382.0, 382.0, 382.0, 382.0, 382.0, 382.0, 382.0, 382.0, 382.0, 382.0, 382.0, 362.0, 338.0, 323.0, 320.0, 320.0, 320.0, 320.0, 320.0, 320.0, 320.0]	[0, 0, 0, 0, 0, 0, 0, 0, 0, 0, 0, 0, 0, 0, 0, 0, 0, 0, 0, 0, 0, 0, 0, 0, 0, 1, 1, 1, 1, 1, 1, 1, 0, 0, 0, 0, 0, 0, 0, 0, 0, 1]	[0, 0, 0, 0, 0, 0, 0, 0, 0, 0, 0, 0, 0, 0, 0, 0, 0, 0, 0, 0, 0, 0, 0, 0, 0, 0, 0, 0, 0, 0, 0, 0, 0, 0, 0, 0, 0, 0, 0, 0, 0, 0]	[0, 0, 0, 0, 0, 0, 0, 0, 0, 0, 0, 0, 0, 0, 0, 0, 0, 0, 0, 0, 0, 0, 0, 0, 0, 0, 0, 0, 0, 0, 0, 0, 0, 0, 0, 0, 0, 0, 0, 0, 0, 0]	[9.180000051856041e-05, 0.009776599996257573, 0.026206100010313094, 0.04286720001255162, 0.05972099999780767, 0.07650769999600016, 0.09332069999072701, 0.10981160000665113, 0.12640430001192726, 0.14309420000063255, 0.15984480001498014, 0.17680580000160262, 0.19294800001080148, 0.20967620000010356, 0.22646330000134185, 0.2433397000131663, 0.25971889999345876, 0.2763213000143878, 0.2931041000119876, 0.3093823000090197, 0.326085000007879, 0.3427324999938719, 0.35941150001599453, 0.3760109000140801, 0.392886699992232, 0.4098119999980554, 0.4259019000164699, 0.4427074000122957, 0.4593577999912668, 0.4759915999893565, 0.4926071999943815, 0.5093883000081405, 0.5267284000001382, 0.5430322999891359, 0.5595462000055704, 0.5761224000016227, 0.5928006999893114, 0.6092116000072565, 0.6261596000113059, 0.6429395000159275, 0.6594478999904823, 0.676471600017976]	225.0	320.0	0.5	8a
350	10	go_nogo	0	60	4	go	click	[1.0, 1.0, 7.0, 11.0, 16.0, 19.0, 24.0, 29.0, 37.0, 47.0, 55.0, 63.0, 71.0, 78.0, 87.0, 100.0, 115.0, 134.0, 161.0, 189.0, 208.0, 220.0, 227.0, 229.0, 229.0, 229.0, 229.0, 229.0, 229.0, 229.0, 229.0]	[-258.0, -258.0, -230.0, -178.0, -120.0, -80.0, -46.0, -11.0, 21.0, 46.0, 62.0, 74.0, 83.0, 92.0, 99.0, 113.0, 128.0, 151.0, 183.0, 224.0, 256.0, 279.0, 290.0, 294.0, 296.0, 298.0, 304.0, 319.0, 325.0, 325.0, 325.0]	[0, 0, 0, 0, 0, 0, 0, 0, 0, 0, 0, 0, 0, 0, 0, 0, 0, 0, 0, 0, 0, 0, 0, 0, 0, 0, 0, 0, 0, 0, 1]	[0, 0, 0, 0, 0, 0, 0, 0, 0, 0, 0, 0, 0, 0, 0, 0, 0, 0, 0, 0, 0, 0, 0, 0, 0, 0, 0, 0, 0, 0, 0]	[0, 0, 0, 0, 0, 0, 0, 0, 0, 0, 0, 0, 0, 0, 0, 0, 0, 0, 0, 0, 0, 0, 0, 0, 0, 0, 0, 0, 0, 0, 0]	[0.00021399999968707561, 0.010842799994861707, 0.027485600003274158, 0.04451619999599643, 0.06129139999393374, 0.07767309999326244, 0.09433859999990091, 0.11102730000857264, 0.12765189999481663, 0.1442760000063572, 0.16100310001638718, 0.1776380999945104, 0.19442489999346435, 0.21096500000567175, 0.2276445000024978, 0.24443920000339858, 0.2609529000183102, 0.2780200999986846, 0.29425440001068637, 0.3110121000208892, 0.3278772000048775, 0.34431370001402684, 0.3608685999934096, 0.3775686000008136, 0.39421759999822825, 0.41086030000587925, 0.42751120001776144, 0.4442278000060469, 0.4606219000124838, 0.4772627000056673, 0.4943492000165861]	229.0	325.0	0.9	8a
351	10	go_nogo	0	60	9	nogo	none	[53.0, 53.0, 56.0, 61.0, 68.0, 75.0, 86.0, 99.0, 113.0, 123.0, 131.0, 138.0, 147.0, 153.0, 154.0, 156.0, 157.0, 157.0, 159.0, 161.0, 163.0, 167.0, 170.0, 171.0, 171.0, 171.0, 171.0, 171.0, 171.0, 171.0, 171.0, 171.0, 171.0, 171.0, 171.0, 171.0, 171.0, 171.0, 171.0, 171.0, 171.0, 171.0, 171.0, 171.0, 171.0, 171.0, 171.0, 171.0, 171.0, 171.0, 171.0, 171.0, 171.0, 171.0, 171.0, 171.0, 171.0, 171.0, 171.0, 171.0, 171.0, 171.0, 171.0, 171.0, 171.0, 171.0]	[-282.0, -282.0, -264.0, -229.0, -184.0, -130.0, -64.0, 3.0, 56.0, 93.0, 125.0, 152.0, 189.0, 210.0, 229.0, 237.0, 241.0, 243.0, 247.0, 253.0, 259.0, 266.0, 271.0, 273.0, 274.0, 274.0, 274.0, 274.0, 274.0, 274.0, 274.0, 274.0, 274.0, 274.0, 274.0, 274.0, 274.0, 274.0, 274.0, 274.0, 274.0, 274.0, 274.0, 274.0, 274.0, 274.0, 274.0, 274.0, 274.0, 274.0, 274.0, 274.0, 274.0, 274.0, 274.0, 274.0, 274.0, 274.0, 274.0, 274.0, 274.0, 274.0, 274.0, 274.0, 274.0, 274.0]	[0, 0, 0, 0, 0, 0, 0, 0, 0, 0, 0, 0, 0, 0, 0, 0, 0, 0, 0, 0, 0, 0, 0, 0, 0, 0, 0, 0, 0, 0, 0, 0, 0, 0, 0, 0, 0, 0, 0, 0, 0, 0, 0, 0, 0, 0, 0, 0, 0, 0, 0, 0, 0, 0, 0, 0, 0, 0, 0, 0, 0, 0, 0, 0, 0, 0]	[0, 0, 0, 0, 0, 0, 0, 0, 0, 0, 0, 0, 0, 0, 0, 0, 0, 0, 0, 0, 0, 0, 0, 0, 0, 0, 0, 0, 0, 0, 0, 0, 0, 0, 0, 0, 0, 0, 0, 0, 0, 0, 0, 0, 0, 0, 0, 0, 0, 0, 0, 0, 0, 0, 0, 0, 0, 0, 0, 0, 0, 0, 0, 0, 0, 0]	[0, 0, 0, 0, 0, 0, 0, 0, 0, 0, 0, 0, 0, 0, 0, 0, 0, 0, 0, 0, 0, 0, 0, 0, 0, 0, 0, 0, 0, 0, 0, 0, 0, 0, 0, 0, 0, 0, 0, 0, 0, 0, 0, 0, 0, 0, 0, 0, 0, 0, 0, 0, 0, 0, 0, 0, 0, 0, 0, 0, 0, 0, 0, 0, 0, 0]	[0.0002044999855570495, 0.010100999992573634, 0.026729899982456118, 0.04308519998448901, 0.059863399976165965, 0.07633359997998923, 0.09313459999975748, 0.10999099997570738, 0.12654559998190962, 0.143263299978571, 0.15970089999609627, 0.17681199999060482, 0.1934177999792155, 0.20980749998125248, 0.22728249998181127, 0.24293349997606128, 0.2594175999984145, 0.27620919997571036, 0.2927330999809783, 0.3095479999901727, 0.32627639998099767, 0.3428186999808531, 0.359669199999189, 0.37618759999168105, 0.3926496999920346, 0.4092965000018012, 0.4260189999768045, 0.4425922999798786, 0.4593142999801785, 0.4759924999962095, 0.49283909998484887, 0.5094022999983281, 0.5260578999877907, 0.5427301999880001, 0.5593845999974292, 0.5758558999805246, 0.5925584999786224, 0.6092088999866974, 0.6260779000003822, 0.6427631999831647, 0.6591862999775913, 0.6761240999912843, 0.6928308999922592, 0.7094389999983832, 0.7259556999779306, 0.7428910000016913, 0.7593278999847826, 0.7760987999790814, 0.7925793999747839, 0.8091781999974046, 0.8260855999833439, 0.8428324999986216, 0.8594196999911219, 0.875987699982943, 0.8927755999902729, 0.9091994999907911, 0.9259578999772202, 0.942749299982097, 0.9593813999963459, 0.975909100001445, 0.9925166000030003, 1.0091707999818027, 1.0260426999884658, 1.0425338999775704, 1.0593349999981, 1.075964199990267]	n/a	n/a	0.6	8a
352	10	go_nogo	0	60	4	go	click	[18.0, 18.0, 22.0, 32.0, 41.0, 49.0, 57.0, 61.0, 64.0, 67.0, 68.0, 70.0, 71.0, 73.0, 76.0, 83.0, 89.0, 99.0, 105.0, 110.0, 117.0, 123.0, 128.0, 132.0, 136.0, 141.0, 144.0, 145.0, 155.0, 158.0, 159.0, 159.0, 159.0, 159.0]	[-263.0, -263.0, -236.0, -181.0, -134.0, -70.0, -28.0, 7.0, 31.0, 46.0, 59.0, 72.0, 81.0, 91.0, 105.0, 125.0, 142.0, 168.0, 182.0, 194.0, 207.0, 219.0, 229.0, 236.0, 244.0, 251.0, 255.0, 259.0, 271.0, 276.0, 277.0, 277.0, 277.0, 277.0]	[0, 0, 0, 0, 0, 0, 0, 0, 0, 0, 0, 0, 0, 0, 0, 0, 0, 0, 0, 0, 0, 0, 0, 0, 0, 0, 0, 0, 0, 0, 0, 0, 0, 1]	[0, 0, 0, 0, 0, 0, 0, 0, 0, 0, 0, 0, 0, 0, 0, 0, 0, 0, 0, 0, 0, 0, 0, 0, 0, 0, 0, 0, 0, 0, 0, 0, 0, 0]	[0, 0, 0, 0, 0, 0, 0, 0, 0, 0, 0, 0, 0, 0, 0, 0, 0, 0, 0, 0, 0, 0, 0, 0, 0, 0, 0, 0, 0, 0, 0, 0, 0, 0]	[0.00018190001719631255, 0.012407700007315725, 0.02907350001623854, 0.045482799992896616, 0.06237090000649914, 0.07916310001746751, 0.09594729999662377, 0.11237960000289604, 0.12894460000097752, 0.1457634000107646, 0.16217920000781305, 0.17905679999967106, 0.19558970001526177, 0.21219610000844114, 0.22911549999844283, 0.24592539999866858, 0.2622308999998495, 0.2788736000075005, 0.29552590000093915, 0.31242510001175106, 0.32916550000663847, 0.34550530000706203, 0.36208130000159144, 0.3787665000127163, 0.39579460001550615, 0.4123656000010669, 0.4291080000111833, 0.4456909000000451, 0.4628304000070784, 0.4789536999887787, 0.49529859999893233, 0.5120238999952562, 0.5286427999963053, 0.5457380000152625]	159.0	277.0	0.5	8a
353	10	go_nogo	0	60	7	go	click	[38.0, 38.0, 45.0, 68.0, 79.0, 88.0, 95.0, 99.0, 102.0, 105.0, 109.0, 112.0, 113.0, 114.0, 116.0, 126.0, 137.0, 150.0, 164.0, 175.0, 186.0, 194.0, 200.0, 202.0, 203.0, 203.0, 204.0]	[-230.0, -230.0, -191.0, -75.0, -9.0, 37.0, 68.0, 86.0, 103.0, 118.0, 135.0, 150.0, 157.0, 163.0, 172.0, 199.0, 218.0, 242.0, 262.0, 278.0, 294.0, 308.0, 317.0, 321.0, 323.0, 323.0, 323.0]	[0, 0, 0, 0, 0, 0, 0, 0, 0, 0, 0, 0, 0, 0, 0, 0, 0, 0, 0, 0, 0, 0, 0, 0, 0, 0, 1]	[0, 0, 0, 0, 0, 0, 0, 0, 0, 0, 0, 0, 0, 0, 0, 0, 0, 0, 0, 0, 0, 0, 0, 0, 0, 0, 0]	[0, 0, 0, 0, 0, 0, 0, 0, 0, 0, 0, 0, 0, 0, 0, 0, 0, 0, 0, 0, 0, 0, 0, 0, 0, 0, 0]	[0.0002083999861497432, 0.009535899996990338, 0.026133100007427856, 0.04330130000016652, 0.06008689998998307, 0.07622799999080598, 0.09293250000337139, 0.10966359998565167, 0.12630040000658482, 0.1429696999839507, 0.15962980000767857, 0.17603499998222105, 0.19265599999926053, 0.20970360000501387, 0.22632670000893995, 0.2425783000071533, 0.25940340000670403, 0.27613270000438206, 0.29275870000128634, 0.3093622000014875, 0.32615249999798834, 0.3426863999920897, 0.3592960999812931, 0.37592019999283366, 0.39249880000716075, 0.4092153999954462, 0.4260346000082791]	204.0	323.0	0.7	8a
354	10	go_nogo	0	60	3	go	click	[38.0, 38.0, 46.0, 62.0, 71.0, 80.0, 87.0, 91.0, 94.0, 96.0, 99.0, 103.0, 105.0, 106.0, 106.0, 106.0, 106.0, 106.0, 108.0, 112.0, 119.0, 131.0, 146.0, 159.0, 164.0, 166.0, 166.0, 166.0, 166.0, 166.0]	[-151.0, -151.0, -96.0, 17.0, 68.0, 112.0, 144.0, 167.0, 180.0, 189.0, 204.0, 220.0, 231.0, 234.0, 234.0, 234.0, 234.0, 234.0, 235.0, 238.0, 243.0, 248.0, 255.0, 263.0, 268.0, 269.0, 269.0, 269.0, 269.0, 269.0]	[0, 0, 0, 0, 0, 0, 0, 0, 0, 0, 0, 0, 0, 0, 0, 0, 0, 0, 0, 0, 0, 0, 0, 0, 0, 0, 0, 0, 0, 1]	[0, 0, 0, 0, 0, 0, 0, 0, 0, 0, 0, 0, 0, 0, 0, 0, 0, 0, 0, 0, 0, 0, 0, 0, 0, 0, 0, 0, 0, 0]	[0, 0, 0, 0, 0, 0, 0, 0, 0, 0, 0, 0, 0, 0, 0, 0, 0, 0, 0, 0, 0, 0, 0, 0, 0, 0, 0, 0, 0, 0]	[0.00018089998047798872, 0.011692100000800565, 0.028207299998030066, 0.045650599990040064, 0.06179949999204837, 0.07825389999197796, 0.09485819999827072, 0.1119845999928657, 0.12841499998467043, 0.14489769999636337, 0.16149030000087805, 0.17816559999482706, 0.19498030000249855, 0.21131809998769313, 0.22800439997809008, 0.2446648999757599, 0.26158160000341013, 0.27816069999244064, 0.29480340000009164, 0.3114692999806721, 0.32846069999504834, 0.3447796999826096, 0.36153850000118837, 0.37828029997763224, 0.39494489997741766, 0.41128119998029433, 0.42825129997800104, 0.44458109998959117, 0.46130559997982346, 0.4779883000010159]	166.0	269.0	0.9	8a
355	10	go_nogo	0	60	4	go	click	[41.0, 49.0, 57.0, 72.0, 88.0, 94.0, 105.0, 113.0, 114.0, 116.0, 116.0, 116.0, 116.0, 116.0, 116.0, 117.0, 121.0, 126.0, 132.0, 139.0, 147.0, 153.0, 162.0, 170.0, 177.0, 179.0, 179.0, 179.0, 179.0, 179.0]	[-270.0, -245.0, -217.0, -156.0, -81.0, -45.0, 17.0, 75.0, 113.0, 139.0, 162.0, 173.0, 182.0, 191.0, 203.0, 216.0, 227.0, 239.0, 251.0, 261.0, 271.0, 277.0, 287.0, 298.0, 305.0, 308.0, 308.0, 309.0, 309.0, 309.0]	[0, 0, 0, 0, 0, 0, 0, 0, 0, 0, 0, 0, 0, 0, 0, 0, 0, 0, 0, 0, 0, 0, 0, 0, 0, 0, 0, 0, 0, 1]	[0, 0, 0, 0, 0, 0, 0, 0, 0, 0, 0, 0, 0, 0, 0, 0, 0, 0, 0, 0, 0, 0, 0, 0, 0, 0, 0, 0, 0, 0]	[0, 0, 0, 0, 0, 0, 0, 0, 0, 0, 0, 0, 0, 0, 0, 0, 0, 0, 0, 0, 0, 0, 0, 0, 0, 0, 0, 0, 0, 0]	[0.0001249000197276473, 0.009945500001776963, 0.026666400022804737, 0.04346690000966191, 0.06021290001808666, 0.07684420002624393, 0.09350800001993775, 0.11017710002488457, 0.12684170002467, 0.14367920000222512, 0.1603882000199519, 0.1773350000148639, 0.19360710002365522, 0.21021380001911893, 0.2269547000178136, 0.24372550001135096, 0.26038839999819174, 0.2770127000112552, 0.2938844000163954, 0.3103488000051584, 0.3270483000087552, 0.3437184000213165, 0.3608964000013657, 0.37739810001221485, 0.3937609000131488, 0.4102829000039492, 0.4269083000253886, 0.44322500002454035, 0.46028100000694394, 0.4767393000074662]	179.0	309.0	1.0	8a
356	10	go_nogo	0	60	9	nogo	none	[103.0, 117.0, 138.0, 177.0, 210.0, 241.0, 269.0, 288.0, 309.0, 315.0, 318.0, 319.0, 320.0, 321.0, 321.0, 321.0, 321.0, 318.0, 312.0, 307.0, 298.0, 292.0, 284.0, 274.0, 265.0, 256.0, 246.0, 235.0, 227.0, 224.0, 222.0, 221.0, 221.0, 221.0, 221.0, 221.0, 221.0, 221.0, 221.0, 221.0, 221.0, 221.0, 221.0, 221.0, 221.0, 221.0, 221.0, 221.0, 221.0, 221.0, 221.0, 221.0, 221.0, 221.0, 221.0, 221.0, 221.0, 221.0, 221.0, 221.0, 221.0, 221.0, 221.0, 221.0, 221.0, 221.0, 221.0, 221.0, 221.0, 221.0, 221.0, 221.0, 221.0]	[-274.0, -240.0, -193.0, -93.0, -2.0, 89.0, 165.0, 227.0, 298.0, 325.0, 340.0, 349.0, 357.0, 364.0, 370.0, 371.0, 372.0, 372.0, 372.0, 372.0, 368.0, 363.0, 359.0, 352.0, 346.0, 341.0, 335.0, 329.0, 324.0, 321.0, 319.0, 319.0, 319.0, 318.0, 318.0, 318.0, 318.0, 318.0, 318.0, 318.0, 318.0, 318.0, 318.0, 318.0, 318.0, 318.0, 318.0, 318.0, 318.0, 318.0, 318.0, 318.0, 318.0, 318.0, 318.0, 318.0, 318.0, 318.0, 318.0, 318.0, 318.0, 318.0, 318.0, 318.0, 318.0, 318.0, 318.0, 318.0, 318.0, 318.0, 318.0, 318.0, 318.0]	[0, 0, 0, 0, 0, 0, 0, 0, 0, 0, 0, 0, 0, 0, 0, 0, 0, 0, 0, 0, 0, 0, 0, 0, 0, 0, 0, 0, 0, 0, 0, 0, 0, 0, 0, 0, 0, 0, 0, 0, 0, 0, 0, 0, 0, 0, 0, 0, 0, 0, 0, 0, 0, 0, 0, 0, 0, 0, 0, 0, 0, 0, 0, 0, 0, 0, 0, 0, 0, 0, 0, 0, 0]	[0, 0, 0, 0, 0, 0, 0, 0, 0, 0, 0, 0, 0, 0, 0, 0, 0, 0, 0, 0, 0, 0, 0, 0, 0, 0, 0, 0, 0, 0, 0, 0, 0, 0, 0, 0, 0, 0, 0, 0, 0, 0, 0, 0, 0, 0, 0, 0, 0, 0, 0, 0, 0, 0, 0, 0, 0, 0, 0, 0, 0, 0, 0, 0, 0, 0, 0, 0, 0, 0, 0, 0, 0]	[0, 0, 0, 0, 0, 0, 0, 0, 0, 0, 0, 0, 0, 0, 0, 0, 0, 0, 0, 0, 0, 0, 0, 0, 0, 0, 0, 0, 0, 0, 0, 0, 0, 0, 0, 0, 0, 0, 0, 0, 0, 0, 0, 0, 0, 0, 0, 0, 0, 0, 0, 0, 0, 0, 0, 0, 0, 0, 0, 0, 0, 0, 0, 0, 0, 0, 0, 0, 0, 0, 0, 0, 0]	[9.819999104365706e-05, 0.01108100000419654, 0.02795650000916794, 0.044505099998787045, 0.06123160000424832, 0.07791500000166707, 0.0943451999919489, 0.11120270000537857, 0.1277086999907624, 0.1443816999963019, 0.16140320000704378, 0.1778682000003755, 0.19441950001055375, 0.2109997000079602, 0.22787349999998696, 0.24456930000451393, 0.2610190999985207, 0.2775813000043854, 0.29434170000604354, 0.31103489999077283, 0.32760719998623244, 0.34424109998508357, 0.3614737000025343, 0.378016500006197, 0.39436529998783953, 0.41088320000562817, 0.4273873000056483, 0.44421519999741577, 0.461058699991554, 0.47755539999343455, 0.49435799999628216, 0.5106159999850206, 0.5273447000072338, 0.5440232999972068, 0.5609438999963459, 0.5774846999847796, 0.5943238000036217, 0.6109385000017937, 0.6275931999844033, 0.6446504000050481, 0.6609327000041958, 0.6776205000060145, 0.6942191999987699, 0.7107532999943942, 0.7275071000040043, 0.7441921999852639, 0.7608431999979075, 0.77765589999035, 0.7942596999928355, 0.8110146999824792, 0.8275223000091501, 0.844441099994583, 0.8607723999884911, 0.8775489999970887, 0.8942643000045791, 0.9107858999923337, 0.9276918999967165, 0.9442349000019021, 0.9607832999899983, 0.9772116999956779, 0.9941379000083543, 1.010585899988655, 1.0273699999961536, 1.0440990999923088, 1.0606920999998692, 1.0774205999914557, 1.0942674999823794, 1.1106505999923684, 1.1272531999857165, 1.1439791999873705, 1.1607659999863245, 1.1773223000054713, 1.1941318000026513]	n/a	n/a	0.5	8a
357	10	go_nogo	0	60	2	go	click	[124.0, 124.0, 139.0, 168.0, 204.0, 236.0, 282.0, 301.0, 308.0, 312.0, 314.0, 314.0, 310.0, 304.0, 297.0, 290.0, 285.0, 279.0, 275.0, 272.0, 269.0, 265.0, 262.0, 257.0, 252.0, 248.0, 240.0, 235.0, 233.0, 233.0, 233.0, 233.0, 233.0, 233.0, 233.0, 233.0, 233.0, 233.0, 233.0, 233.0, 233.0, 233.0, 233.0]	[-233.0, -233.0, -206.0, -141.0, -67.0, 21.0, 157.0, 219.0, 256.0, 286.0, 310.0, 330.0, 344.0, 351.0, 356.0, 359.0, 362.0, 366.0, 367.0, 367.0, 367.0, 366.0, 363.0, 360.0, 354.0, 346.0, 337.0, 330.0, 327.0, 327.0, 327.0, 327.0, 327.0, 327.0, 327.0, 327.0, 327.0, 327.0, 327.0, 327.0, 327.0, 327.0, 327.0]	[0, 0, 0, 0, 0, 0, 0, 0, 0, 0, 0, 0, 0, 0, 0, 0, 0, 0, 0, 0, 0, 0, 0, 0, 0, 0, 0, 0, 0, 0, 0, 0, 0, 0, 0, 0, 0, 0, 0, 0, 0, 0, 1]	[0, 0, 0, 0, 0, 0, 0, 0, 0, 0, 0, 0, 0, 0, 0, 0, 0, 0, 0, 0, 0, 0, 0, 0, 0, 0, 0, 0, 0, 0, 0, 0, 0, 0, 0, 0, 0, 0, 0, 0, 0, 0, 0]	[0, 0, 0, 0, 0, 0, 0, 0, 0, 0, 0, 0, 0, 0, 0, 0, 0, 0, 0, 0, 0, 0, 0, 0, 0, 0, 0, 0, 0, 0, 0, 0, 0, 0, 0, 0, 0, 0, 0, 0, 0, 0, 0]	[0.00017720001051202416, 0.011028900014935061, 0.027749300003051758, 0.044472800014773384, 0.060964400006923825, 0.07773610000731423, 0.09445740000228398, 0.1113208000024315, 0.1280272000003606, 0.1441853000142146, 0.16110669999034144, 0.17769310000585392, 0.19409939998877235, 0.21090150001691654, 0.22745820001000538, 0.24428919999627396, 0.2609703000052832, 0.2774007999978494, 0.2942470000125468, 0.31091130001004785, 0.32762409999850206, 0.34468599999672733, 0.360939900012454, 0.37763730000006035, 0.39426520001143217, 0.41112130001420155, 0.4274596000032034, 0.4441125000012107, 0.46078200000920333, 0.47741690001566894, 0.4940917000058107, 0.5107224000093993, 0.5274918999930378, 0.5440985999885015, 0.5607435000129044, 0.5775136000011116, 0.5942450000147801, 0.6107535999908578, 0.6275609000003897, 0.6440799999982119, 0.6606362000165973, 0.6773737999901641, 0.6943160000082571]	233.0	327.0	0.8	8a
358	10	go_nogo	0	60	8	go	click	[61.0, 61.0, 72.0, 117.0, 152.0, 183.0, 206.0, 222.0, 232.0, 237.0, 241.0, 244.0, 247.0, 247.0, 247.0, 247.0, 245.0, 243.0, 243.0, 240.0, 238.0, 233.0, 227.0, 221.0, 220.0, 220.0, 218.0, 217.0, 217.0, 217.0, 217.0, 217.0, 217.0, 217.0, 217.0, 217.0, 216.0, 216.0, 216.0, 216.0, 216.0, 216.0, 216.0, 216.0, 216.0, 216.0, 216.0, 216.0, 216.0, 216.0, 216.0, 216.0, 217.0, 219.0, 220.0, 220.0]	[-255.0, -255.0, -226.0, -111.0, -23.0, 53.0, 120.0, 173.0, 214.0, 246.0, 275.0, 295.0, 324.0, 337.0, 349.0, 361.0, 368.0, 370.0, 371.0, 371.0, 371.0, 371.0, 369.0, 367.0, 365.0, 364.0, 361.0, 359.0, 356.0, 355.0, 355.0, 355.0, 355.0, 355.0, 355.0, 355.0, 355.0, 355.0, 355.0, 355.0, 355.0, 355.0, 355.0, 355.0, 355.0, 355.0, 355.0, 355.0, 354.0, 354.0, 354.0, 354.0, 347.0, 339.0, 335.0, 335.0]	[0, 0, 0, 0, 0, 0, 0, 0, 0, 0, 0, 0, 0, 0, 0, 0, 0, 0, 0, 0, 0, 0, 0, 0, 0, 0, 0, 0, 0, 0, 1, 1, 1, 1, 1, 1, 1, 1, 1, 0, 0, 0, 0, 0, 0, 0, 0, 0, 0, 0, 0, 0, 0, 0, 0, 1]	[0, 0, 0, 0, 0, 0, 0, 0, 0, 0, 0, 0, 0, 0, 0, 0, 0, 0, 0, 0, 0, 0, 0, 0, 0, 0, 0, 0, 0, 0, 0, 0, 0, 0, 0, 0, 0, 0, 0, 0, 0, 0, 0, 0, 0, 0, 0, 0, 0, 0, 0, 0, 0, 0, 0, 0]	[0, 0, 0, 0, 0, 0, 0, 0, 0, 0, 0, 0, 0, 0, 0, 0, 0, 0, 0, 0, 0, 0, 0, 0, 0, 0, 0, 0, 0, 0, 0, 0, 0, 0, 0, 0, 0, 0, 0, 0, 0, 0, 0, 0, 0, 0, 0, 0, 0, 0, 0, 0, 0, 0, 0, 0]	[0.0002382999809924513, 0.012063599977409467, 0.028544200002215803, 0.045144999981857836, 0.06211219998658635, 0.07851749999099411, 0.09518089998164214, 0.11192339999251999, 0.1284713999775704, 0.14526279998244718, 0.16177310000057332, 0.17867959997965954, 0.19522549997782335, 0.2125297999882605, 0.22905500000342727, 0.2455261999857612, 0.2620077999890782, 0.27874069998506457, 0.29549089999636635, 0.3121361999947112, 0.32886529999086633, 0.3452551999944262, 0.36209179999423213, 0.378652699990198, 0.3951885999995284, 0.41195349997724406, 0.4289204999804497, 0.4453409999841824, 0.46174579998478293, 0.4783618999936152, 0.4953191999811679, 0.5117296999960672, 0.5282324999861885, 0.5450408000033349, 0.5615305999817792, 0.5784158000024036, 0.5948098999797367, 0.6118388999893796, 0.6284121999924537, 0.645240499987267, 0.6615412999817636, 0.6781923999951687, 0.6949561999936122, 0.7117741999973077, 0.7283916999876965, 0.7449246000032872, 0.7616871999925934, 0.7784943000006024, 0.7950117999862414, 0.8115797999780625, 0.828484199999366, 0.8454803999920841, 0.8617637999996077, 0.8783087999909185, 0.894727699982468, 0.9118211999884807]	220.0	335.0	0.7	8a
359	10	go_nogo	0	60	3	go	click	[31.0, 31.0, 50.0, 64.0, 74.0, 86.0, 97.0, 111.0, 124.0, 136.0, 149.0, 161.0, 175.0, 183.0, 187.0, 191.0, 192.0, 192.0, 192.0, 192.0, 193.0, 193.0, 194.0, 197.0, 197.0, 197.0, 197.0]	[-241.0, -241.0, -182.0, -139.0, -102.0, -66.0, -29.0, 6.0, 41.0, 78.0, 115.0, 152.0, 195.0, 215.0, 230.0, 240.0, 246.0, 254.0, 259.0, 264.0, 273.0, 282.0, 298.0, 323.0, 328.0, 328.0, 328.0]	[0, 0, 0, 0, 0, 0, 0, 0, 0, 0, 0, 0, 0, 0, 0, 0, 0, 0, 0, 0, 0, 0, 0, 0, 0, 0, 1]	[0, 0, 0, 0, 0, 0, 0, 0, 0, 0, 0, 0, 0, 0, 0, 0, 0, 0, 0, 0, 0, 0, 0, 0, 0, 0, 0]	[0, 0, 0, 0, 0, 0, 0, 0, 0, 0, 0, 0, 0, 0, 0, 0, 0, 0, 0, 0, 0, 0, 0, 0, 0, 0, 0]	[0.00027970000519417226, 0.01160389999859035, 0.02766310001607053, 0.04415770000196062, 0.06103140002232976, 0.07764950001728721, 0.09430720002274029, 0.11104730001534335, 0.12780120002571493, 0.14429799999925308, 0.16093550002551638, 0.17759860001388006, 0.19452060002367944, 0.21091310001793317, 0.2274747000192292, 0.24439340000390075, 0.2613182000059169, 0.27756180000142194, 0.29422080001677386, 0.3109324000251945, 0.32772380000096746, 0.344208599999547, 0.3611005000129808, 0.3776529000024311, 0.3939350000000559, 0.4112055000150576, 0.4276840000238735]	197.0	328.0	0.6	8a
360	10	go_nogo	0	60	4	go	click	[78.0, 78.0, 102.0, 125.0, 144.0, 158.0, 166.0, 173.0, 176.0, 178.0, 178.0, 178.0, 177.0, 176.0, 176.0, 176.0, 174.0, 172.0, 170.0, 168.0, 166.0, 166.0, 165.0, 165.0, 168.0, 171.0, 171.0, 171.0, 171.0, 171.0, 171.0, 171.0]	[-210.0, -210.0, -143.0, -87.0, -32.0, 14.0, 47.0, 72.0, 88.0, 99.0, 110.0, 118.0, 127.0, 131.0, 132.0, 132.0, 133.0, 136.0, 141.0, 154.0, 173.0, 197.0, 221.0, 243.0, 270.0, 281.0, 286.0, 288.0, 288.0, 288.0, 288.0, 288.0]	[0, 0, 0, 0, 0, 0, 0, 0, 0, 0, 0, 0, 0, 0, 0, 0, 0, 0, 0, 0, 0, 0, 0, 0, 0, 0, 0, 0, 0, 0, 0, 1]	[0, 0, 0, 0, 0, 0, 0, 0, 0, 0, 0, 0, 0, 0, 0, 0, 0, 0, 0, 0, 0, 0, 0, 0, 0, 0, 0, 0, 0, 0, 0, 0]	[0, 0, 0, 0, 0, 0, 0, 0, 0, 0, 0, 0, 0, 0, 0, 0, 0, 0, 0, 0, 0, 0, 0, 0, 0, 0, 0, 0, 0, 0, 0, 0]	[0.00022190000163391232, 0.011984300013864413, 0.02823950001038611, 0.044826700002886355, 0.06138020000071265, 0.07810140002402477, 0.09472860000096262, 0.11127520000445656, 0.12817720000748523, 0.1446460000006482, 0.1613950000028126, 0.17803619999904186, 0.19464040000457317, 0.21151940000709146, 0.2278439000074286, 0.24468450000858866, 0.2612366000248585, 0.2779543000215199, 0.2946321000054013, 0.3113269000023138, 0.32800710000447, 0.34476860001450405, 0.36144659999990836, 0.3779721000173595, 0.39488090001395904, 0.41155210000579245, 0.4282559000130277, 0.4445058999990579, 0.4610154000110924, 0.47787610001978464, 0.4945867000205908, 0.5116603000205941]	171.0	288.0	0.9	8a
361	10	go_nogo	0	60	3	go	click	[74.0, 82.0, 91.0, 108.0, 127.0, 143.0, 162.0, 174.0, 180.0, 187.0, 193.0, 198.0, 201.0, 201.0, 202.0, 202.0, 202.0, 202.0, 202.0, 202.0, 202.0, 202.0, 204.0, 205.0, 205.0, 205.0, 205.0, 205.0]	[-268.0, -243.0, -220.0, -170.0, -115.0, -62.0, 1.0, 39.0, 74.0, 104.0, 133.0, 165.0, 208.0, 226.0, 240.0, 259.0, 275.0, 287.0, 296.0, 301.0, 305.0, 309.0, 325.0, 332.0, 332.0, 332.0, 332.0, 332.0]	[0, 0, 0, 0, 0, 0, 0, 0, 0, 0, 0, 0, 0, 0, 0, 0, 0, 0, 0, 0, 0, 0, 0, 0, 0, 0, 0, 1]	[0, 0, 0, 0, 0, 0, 0, 0, 0, 0, 0, 0, 0, 0, 0, 0, 0, 0, 0, 0, 0, 0, 0, 0, 0, 0, 0, 0]	[0, 0, 0, 0, 0, 0, 0, 0, 0, 0, 0, 0, 0, 0, 0, 0, 0, 0, 0, 0, 0, 0, 0, 0, 0, 0, 0, 0]	[0.0001317999849561602, 0.00969559999066405, 0.026497599988942966, 0.0431549999921117, 0.05963569998857565, 0.07633149999310263, 0.09285389998694882, 0.10944770000060089, 0.12633510000887327, 0.14285119998385198, 0.15952839999226853, 0.17634700000053272, 0.19279000000096858, 0.20982839999487624, 0.22615329999825917, 0.24329509999370202, 0.25933689999510534, 0.276138399989577, 0.2928444999852218, 0.3094723999965936, 0.32615969999460503, 0.34298069999204017, 0.3595945999841206, 0.3759594000002835, 0.3925163999956567, 0.4093237000051886, 0.42590149998432025, 0.4433237999910489]	205.0	332.0	0.7	8a
362	10	go_nogo	0	60	7	go	click	[56.0, 56.0, 61.0, 72.0, 96.0, 108.0, 117.0, 126.0, 131.0, 137.0, 141.0, 143.0, 149.0, 157.0, 169.0, 176.0, 180.0, 180.0, 180.0, 180.0, 181.0, 183.0, 186.0, 188.0, 190.0, 191.0, 193.0, 193.0, 193.0, 193.0]	[-268.0, -268.0, -250.0, -200.0, -99.0, -43.0, 7.0, 44.0, 74.0, 99.0, 114.0, 127.0, 145.0, 173.0, 208.0, 230.0, 239.0, 239.0, 240.0, 242.0, 248.0, 256.0, 265.0, 273.0, 281.0, 286.0, 289.0, 289.0, 289.0, 289.0]	[0, 0, 0, 0, 0, 0, 0, 0, 0, 0, 0, 0, 0, 0, 0, 0, 0, 0, 0, 0, 0, 0, 0, 0, 0, 0, 0, 0, 0, 1]	[0, 0, 0, 0, 0, 0, 0, 0, 0, 0, 0, 0, 0, 0, 0, 0, 0, 0, 0, 0, 0, 0, 0, 0, 0, 0, 0, 0, 0, 0]	[0, 0, 0, 0, 0, 0, 0, 0, 0, 0, 0, 0, 0, 0, 0, 0, 0, 0, 0, 0, 0, 0, 0, 0, 0, 0, 0, 0, 0, 0]	[0.00025740001001395285, 0.010543900018092245, 0.02718299999833107, 0.0442062999936752, 0.06060850000358187, 0.07742449999204837, 0.09389360001659952, 0.11045670000021346, 0.1271820999972988, 0.14403339999262244, 0.16087600000901148, 0.177111099998001, 0.19381860000430606, 0.21059659999446012, 0.2270833000075072, 0.24410129999159835, 0.2602144000120461, 0.27719320001779124, 0.29365820001112297, 0.31041170001844876, 0.32700109999859706, 0.3437116999994032, 0.36083140000118874, 0.37700730000506155, 0.3936397999932524, 0.41047030000481755, 0.42727290000766516, 0.44380209999508224, 0.460469000012381, 0.4772004999977071]	193.0	289.0	1.0	8a
363	10	go_nogo	0	60	1	nogo	none	[23.0, 23.0, 34.0, 66.0, 106.0, 154.0, 171.0, 186.0, 193.0, 197.0, 200.0, 202.0, 204.0, 206.0, 208.0, 209.0, 211.0, 220.0, 228.0, 233.0, 233.0, 233.0, 233.0, 233.0, 233.0, 233.0, 233.0, 233.0, 233.0, 233.0, 234.0, 234.0, 234.0, 234.0, 234.0, 234.0, 234.0, 234.0, 234.0, 234.0, 234.0, 234.0, 234.0, 234.0, 234.0, 234.0, 234.0, 234.0, 234.0, 234.0, 234.0, 234.0, 234.0, 234.0, 234.0, 234.0, 234.0, 234.0, 234.0, 234.0, 234.0, 234.0, 234.0]	[-281.0, -281.0, -262.0, -193.0, -92.0, 41.0, 109.0, 170.0, 204.0, 231.0, 248.0, 257.0, 267.0, 274.0, 281.0, 285.0, 293.0, 319.0, 340.0, 352.0, 355.0, 355.0, 355.0, 355.0, 355.0, 355.0, 355.0, 355.0, 355.0, 355.0, 355.0, 355.0, 355.0, 355.0, 355.0, 355.0, 355.0, 355.0, 355.0, 355.0, 355.0, 355.0, 355.0, 355.0, 355.0, 355.0, 355.0, 355.0, 355.0, 355.0, 355.0, 355.0, 355.0, 355.0, 355.0, 355.0, 355.0, 355.0, 355.0, 355.0, 355.0, 355.0, 355.0]	[0, 0, 0, 0, 0, 0, 0, 0, 0, 0, 0, 0, 0, 0, 0, 0, 0, 0, 0, 0, 0, 0, 0, 0, 0, 0, 0, 0, 0, 0, 0, 0, 0, 0, 0, 0, 0, 0, 0, 0, 0, 0, 0, 0, 0, 0, 0, 0, 0, 0, 0, 0, 0, 0, 0, 0, 0, 0, 0, 0, 0, 0, 0]	[0, 0, 0, 0, 0, 0, 0, 0, 0, 0, 0, 0, 0, 0, 0, 0, 0, 0, 0, 0, 0, 0, 0, 0, 0, 0, 0, 0, 0, 0, 0, 0, 0, 0, 0, 0, 0, 0, 0, 0, 0, 0, 0, 0, 0, 0, 0, 0, 0, 0, 0, 0, 0, 0, 0, 0, 0, 0, 0, 0, 0, 0, 0]	[0, 0, 0, 0, 0, 0, 0, 0, 0, 0, 0, 0, 0, 0, 0, 0, 0, 0, 0, 0, 0, 0, 0, 0, 0, 0, 0, 0, 0, 0, 0, 0, 0, 0, 0, 0, 0, 0, 0, 0, 0, 0, 0, 0, 0, 0, 0, 0, 0, 0, 0, 0, 0, 0, 0, 0, 0, 0, 0, 0, 0, 0, 0]	[0.00025969999842345715, 0.012652599980356172, 0.029303499992238358, 0.045718399982433766, 0.0624684999929741, 0.07900589998462237, 0.09651259999372996, 0.1127721999946516, 0.12905409999075346, 0.14583709998987615, 0.16208320000441745, 0.17899089999264106, 0.19572349998634309, 0.21244059997843578, 0.2290932000032626, 0.24571170000126585, 0.2622407999879215, 0.27903819998027757, 0.2957449999812525, 0.3126701999863144, 0.3288989999855403, 0.3456278999801725, 0.3621279999788385, 0.3788056999910623, 0.39536120000411756, 0.4123424999997951, 0.4289275000046473, 0.4455741999845486, 0.46222439999110065, 0.4788094999967143, 0.49541819997830316, 0.5121135999797843, 0.5289435999875423, 0.5456248999980744, 0.5621664999925997, 0.5789430000004359, 0.5955374999903142, 0.612250199978007, 0.6288491000013892, 0.6455312999896705, 0.6622548000013921, 0.6787906999816187, 0.6955988999980036, 0.7120438999845646, 0.728700999985449, 0.7453705999942031, 0.7621224999893457, 0.7789180999970995, 0.795496299979277, 0.812131299986504, 0.8285718999977689, 0.8453779999981634, 0.8620853000029456, 0.878601999982493, 0.8956312999944203, 0.912007699982496, 0.9286742999975104, 0.9452308999898378, 0.9619861999817658, 0.9788069999776781, 0.9952812999836169, 1.0119888999906834, 1.028538499987917]	n/a	n/a	1.0	8a
364	10	go_nogo	0	60	3	go	click	[50.0, 50.0, 68.0, 100.0, 136.0, 148.0, 158.0, 168.0, 176.0, 181.0, 183.0, 186.0, 188.0, 189.0, 189.0, 189.0, 189.0, 189.0, 189.0, 189.0, 189.0, 189.0, 189.0]	[-185.0, -185.0, -135.0, -33.0, 90.0, 146.0, 186.0, 223.0, 254.0, 276.0, 293.0, 304.0, 315.0, 321.0, 321.0, 321.0, 321.0, 321.0, 321.0, 321.0, 321.0, 321.0, 321.0]	[0, 0, 0, 0, 0, 0, 0, 0, 0, 0, 0, 0, 0, 0, 0, 0, 0, 0, 0, 0, 0, 0, 1]	[0, 0, 0, 0, 0, 0, 0, 0, 0, 0, 0, 0, 0, 0, 0, 0, 0, 0, 0, 0, 0, 0, 0]	[0, 0, 0, 0, 0, 0, 0, 0, 0, 0, 0, 0, 0, 0, 0, 0, 0, 0, 0, 0, 0, 0, 0]	[0.00019630001042969525, 0.011751700018066913, 0.02831960000912659, 0.04504070000257343, 0.06169890001183376, 0.07854020001832396, 0.0949630000104662, 0.11169410002185032, 0.1287307000020519, 0.14499650002107956, 0.16192390001378953, 0.17837400001008064, 0.1949779000133276, 0.21150180001859553, 0.22805020000669174, 0.24484480000683106, 0.261337400006596, 0.2780528000148479, 0.29470900000887923, 0.31129180002608337, 0.3281373000063468, 0.34462550000171177, 0.36203930000192486]	189.0	321.0	0.8	8a
365	10	go_nogo	0	60	3	go	click	[53.0, 53.0, 64.0, 86.0, 126.0, 149.0, 168.0, 181.0, 191.0, 196.0, 202.0, 203.0, 204.0, 206.0, 209.0, 212.0, 212.0, 212.0, 212.0, 210.0, 210.0, 209.0, 209.0, 208.0, 207.0, 207.0, 207.0, 207.0]	[-277.0, -277.0, -256.0, -203.0, -108.0, -52.0, 0.0, 43.0, 79.0, 108.0, 129.0, 146.0, 158.0, 173.0, 190.0, 222.0, 233.0, 239.0, 246.0, 252.0, 260.0, 272.0, 283.0, 292.0, 300.0, 304.0, 304.0, 304.0]	[0, 0, 0, 0, 0, 0, 0, 0, 0, 0, 0, 0, 0, 0, 0, 0, 0, 0, 0, 0, 0, 0, 0, 0, 0, 0, 0, 1]	[0, 0, 0, 0, 0, 0, 0, 0, 0, 0, 0, 0, 0, 0, 0, 0, 0, 0, 0, 0, 0, 0, 0, 0, 0, 0, 0, 0]	[0, 0, 0, 0, 0, 0, 0, 0, 0, 0, 0, 0, 0, 0, 0, 0, 0, 0, 0, 0, 0, 0, 0, 0, 0, 0, 0, 0]	[0.00023880001390352845, 0.013293600000906736, 0.029714800009969622, 0.046357200015336275, 0.06379700000979938, 0.07986060000257567, 0.09653060001437552, 0.11326980000012554, 0.1300411999982316, 0.14660820001154207, 0.16324950000853278, 0.17995690001407638, 0.19655769999371842, 0.2132528999936767, 0.22994170000310987, 0.24649530000169761, 0.26345160001073964, 0.28009250000468455, 0.2968246999953408, 0.313211600005161, 0.3303635999909602, 0.3467289000109304, 0.36313879999215715, 0.37983140000142157, 0.39648110000416636, 0.41288230000645854, 0.42957080001360737, 0.44671230000676587]	207.0	304.0	0.9	8a
366	10	go_nogo	0	60	6	go	click	[46.0, 46.0, 82.0, 125.0, 159.0, 189.0, 213.0, 230.0, 237.0, 240.0, 242.0, 242.0, 243.0, 244.0, 245.0, 245.0, 246.0, 246.0, 246.0, 246.0, 246.0, 246.0, 246.0]	[-257.0, -257.0, -169.0, -64.0, 20.0, 103.0, 185.0, 246.0, 279.0, 295.0, 303.0, 307.0, 311.0, 315.0, 319.0, 322.0, 327.0, 331.0, 333.0, 333.0, 333.0, 333.0, 333.0]	[0, 0, 0, 0, 0, 0, 0, 0, 0, 0, 0, 0, 0, 0, 0, 0, 0, 0, 0, 0, 0, 0, 1]	[0, 0, 0, 0, 0, 0, 0, 0, 0, 0, 0, 0, 0, 0, 0, 0, 0, 0, 0, 0, 0, 0, 0]	[0, 0, 0, 0, 0, 0, 0, 0, 0, 0, 0, 0, 0, 0, 0, 0, 0, 0, 0, 0, 0, 0, 0]	[0.0001959000073838979, 0.010813100001541898, 0.027465500024845824, 0.04476490002707578, 0.06082250000326894, 0.07721830002265051, 0.0937131000100635, 0.11033300001872703, 0.12753220001468435, 0.14369590001297183, 0.16032240001368336, 0.17718730002525263, 0.19388630002504215, 0.21054860000731423, 0.22725370002444834, 0.2438430000038352, 0.26103570000850596, 0.2772422000125516, 0.29388660000404343, 0.31044550001388416, 0.3274684000061825, 0.34382360000745393, 0.36068620000150986]	246.0	333.0	0.9	8a
367	10	go_nogo	0	60	4	go	click	[72.0, 85.0, 101.0, 124.0, 149.0, 170.0, 186.0, 194.0, 202.0, 206.0, 208.0, 209.0, 211.0, 213.0, 214.0, 214.0, 214.0, 215.0, 215.0, 215.0, 215.0, 215.0, 215.0]	[-223.0, -179.0, -125.0, -21.0, 64.0, 142.0, 199.0, 236.0, 261.0, 282.0, 291.0, 298.0, 307.0, 313.0, 319.0, 320.0, 321.0, 323.0, 325.0, 325.0, 325.0, 325.0, 325.0]	[0, 0, 0, 0, 0, 0, 0, 0, 0, 0, 0, 0, 0, 0, 0, 0, 0, 0, 0, 0, 0, 0, 1]	[0, 0, 0, 0, 0, 0, 0, 0, 0, 0, 0, 0, 0, 0, 0, 0, 0, 0, 0, 0, 0, 0, 0]	[0, 0, 0, 0, 0, 0, 0, 0, 0, 0, 0, 0, 0, 0, 0, 0, 0, 0, 0, 0, 0, 0, 0]	[0.0002725000085774809, 0.009230300027411431, 0.026111000013770536, 0.04282450000755489, 0.05937830000766553, 0.07604390001506545, 0.09277740001562051, 0.10951000000932254, 0.12601970002288, 0.14263430002029054, 0.15961530001368374, 0.17616780000389554, 0.19283710001036525, 0.20975210002507083, 0.22658810002030805, 0.2429460000130348, 0.2594276000163518, 0.27613370001199655, 0.2925065000017639, 0.3091718000068795, 0.32590570001048036, 0.3426566000271123, 0.35917910002171993]	215.0	325.0	0.6	8a
368	10	go_nogo	0	60	1	nogo	none	[55.0, 55.0, 80.0, 109.0, 138.0, 165.0, 186.0, 198.0, 209.0, 216.0, 220.0, 226.0, 229.0, 231.0, 231.0, 231.0, 231.0, 231.0, 231.0, 231.0, 231.0, 231.0, 231.0, 231.0, 231.0, 231.0, 231.0, 231.0, 231.0, 231.0, 231.0, 231.0, 231.0, 231.0, 231.0, 231.0, 231.0, 231.0, 231.0, 231.0, 231.0, 231.0, 231.0, 231.0, 231.0, 231.0, 231.0, 231.0, 231.0, 231.0, 231.0, 231.0, 231.0, 231.0, 231.0, 231.0, 231.0]	[-236.0, -236.0, -165.0, -85.0, -6.0, 62.0, 117.0, 159.0, 192.0, 217.0, 234.0, 257.0, 267.0, 272.0, 272.0, 273.0, 273.0, 273.0, 273.0, 273.0, 273.0, 273.0, 273.0, 273.0, 273.0, 273.0, 273.0, 273.0, 273.0, 273.0, 273.0, 273.0, 273.0, 273.0, 273.0, 273.0, 273.0, 273.0, 273.0, 273.0, 273.0, 273.0, 273.0, 273.0, 273.0, 273.0, 273.0, 273.0, 273.0, 273.0, 273.0, 273.0, 273.0, 273.0, 273.0, 273.0, 273.0]	[0, 0, 0, 0, 0, 0, 0, 0, 0, 0, 0, 0, 0, 0, 0, 0, 0, 0, 0, 0, 0, 0, 0, 0, 0, 0, 0, 0, 0, 0, 0, 0, 0, 0, 0, 0, 0, 0, 0, 0, 0, 0, 0, 0, 0, 0, 0, 0, 0, 0, 0, 0, 0, 0, 0, 0, 0]	[0, 0, 0, 0, 0, 0, 0, 0, 0, 0, 0, 0, 0, 0, 0, 0, 0, 0, 0, 0, 0, 0, 0, 0, 0, 0, 0, 0, 0, 0, 0, 0, 0, 0, 0, 0, 0, 0, 0, 0, 0, 0, 0, 0, 0, 0, 0, 0, 0, 0, 0, 0, 0, 0, 0, 0, 0]	[0, 0, 0, 0, 0, 0, 0, 0, 0, 0, 0, 0, 0, 0, 0, 0, 0, 0, 0, 0, 0, 0, 0, 0, 0, 0, 0, 0, 0, 0, 0, 0, 0, 0, 0, 0, 0, 0, 0, 0, 0, 0, 0, 0, 0, 0, 0, 0, 0, 0, 0, 0, 0, 0, 0, 0, 0]	[0.00020700000459328294, 0.009710899990750477, 0.02647650000290014, 0.04316800000378862, 0.05979949998436496, 0.07631740000215359, 0.09292039999854751, 0.10972330000367947, 0.12658889999147505, 0.14286019999417476, 0.15978409998933785, 0.17663329999777488, 0.1930438999843318, 0.20952619999297895, 0.22644140000920743, 0.2428041000093799, 0.2594882999837864, 0.2762918999942485, 0.29281889999401756, 0.3094967000070028, 0.3260703999840189, 0.34270229999674484, 0.3594847999920603, 0.3761044999992009, 0.3928246999857947, 0.4094975999905728, 0.426213300001109, 0.4428841999906581, 0.4595092000090517, 0.4760140999860596, 0.4927431999822147, 0.5093764000048395, 0.5260772999899928, 0.5427425999951083, 0.5594807000015862, 0.5763806999893859, 0.5928331000031903, 0.6095678999845404, 0.6262855000095442, 0.6428328999900259, 0.6596114999847487, 0.675962300010724, 0.6931208999885712, 0.7098079999850597, 0.7261542000051122, 0.7426416999951471, 0.759716100001242, 0.7761381999880541, 0.7928986999904737, 0.8093792999861762, 0.8262407000001986, 0.8428753000043798, 0.8596913999936078, 0.8761478000087664, 0.8928110999986529, 0.9094727000046987, 0.9259966000099666]	n/a	n/a	0.6	8a
369	10	go_nogo	0	60	6	go	click	[57.0, 57.0, 72.0, 78.0, 96.0, 108.0, 118.0, 126.0, 133.0, 138.0, 140.0, 141.0, 142.0, 142.0, 142.0, 142.0, 142.0, 143.0, 145.0, 147.0, 147.0, 147.0, 147.0, 148.0, 148.0, 148.0, 150.0, 156.0, 162.0, 166.0, 166.0, 166.0, 166.0]	[-252.0, -252.0, -188.0, -160.0, -76.0, -21.0, 38.0, 99.0, 149.0, 182.0, 204.0, 217.0, 226.0, 235.0, 238.0, 238.0, 238.0, 238.0, 244.0, 249.0, 250.0, 250.0, 250.0, 250.0, 250.0, 250.0, 255.0, 268.0, 278.0, 284.0, 285.0, 285.0, 285.0]	[0, 0, 0, 0, 0, 0, 0, 0, 0, 0, 0, 0, 0, 0, 0, 0, 0, 0, 0, 0, 0, 0, 0, 0, 0, 0, 0, 0, 0, 0, 0, 0, 1]	[0, 0, 0, 0, 0, 0, 0, 0, 0, 0, 0, 0, 0, 0, 0, 0, 0, 0, 0, 0, 0, 0, 0, 0, 0, 0, 0, 0, 0, 0, 0, 0, 0]	[0, 0, 0, 0, 0, 0, 0, 0, 0, 0, 0, 0, 0, 0, 0, 0, 0, 0, 0, 0, 0, 0, 0, 0, 0, 0, 0, 0, 0, 0, 0, 0, 0]	[0.00028589999419637024, 0.011744099989300594, 0.02821109999786131, 0.04473990001133643, 0.06168360001174733, 0.07842380000511184, 0.09504970000125468, 0.11163759999908507, 0.12824779999209568, 0.14471990001038648, 0.1613122000126168, 0.17818369998713024, 0.1947642999875825, 0.21171299999696203, 0.22811060000094585, 0.24466920000850223, 0.2615177000116091, 0.27815490000648424, 0.2947122000041418, 0.3113147999974899, 0.3280494000064209, 0.34482120000757277, 0.36154429998714477, 0.3780735000036657, 0.39462569999159314, 0.41143959999317303, 0.42885080000269227, 0.44517479999922216, 0.46184760000323877, 0.47798510000575334, 0.49446650000754744, 0.5115038999938406, 0.5282891000097152]	166.0	285.0	0.8	8a
370	10	go_nogo	0	60	1	nogo	none	[49.0, 49.0, 56.0, 77.0, 95.0, 107.0, 117.0, 125.0, 135.0, 141.0, 144.0, 145.0, 148.0, 149.0, 155.0, 158.0, 160.0, 164.0, 169.0, 177.0, 181.0, 182.0, 182.0, 183.0, 183.0, 183.0, 183.0, 183.0, 183.0, 183.0, 183.0, 183.0, 183.0, 183.0, 183.0, 183.0, 183.0, 183.0, 183.0, 183.0, 183.0, 183.0, 183.0, 183.0, 183.0, 183.0, 183.0, 183.0, 183.0, 183.0, 183.0, 183.0, 183.0, 183.0, 183.0, 183.0, 183.0, 183.0, 183.0, 183.0, 183.0, 183.0, 183.0, 183.0]	[-244.0, -244.0, -208.0, -105.0, -40.0, 16.0, 59.0, 98.0, 133.0, 157.0, 174.0, 185.0, 193.0, 199.0, 212.0, 219.0, 226.0, 233.0, 244.0, 258.0, 263.0, 266.0, 267.0, 267.0, 267.0, 267.0, 267.0, 267.0, 267.0, 267.0, 267.0, 267.0, 267.0, 267.0, 267.0, 267.0, 267.0, 267.0, 267.0, 267.0, 267.0, 267.0, 267.0, 267.0, 267.0, 267.0, 267.0, 267.0, 267.0, 267.0, 267.0, 267.0, 267.0, 267.0, 267.0, 267.0, 267.0, 267.0, 267.0, 267.0, 267.0, 267.0, 267.0, 267.0]	[0, 0, 0, 0, 0, 0, 0, 0, 0, 0, 0, 0, 0, 0, 0, 0, 0, 0, 0, 0, 0, 0, 0, 0, 0, 0, 0, 0, 0, 0, 0, 0, 0, 0, 0, 0, 0, 0, 0, 0, 0, 0, 0, 0, 0, 0, 0, 0, 0, 0, 0, 0, 0, 0, 0, 0, 0, 0, 0, 0, 0, 0, 0, 0]	[0, 0, 0, 0, 0, 0, 0, 0, 0, 0, 0, 0, 0, 0, 0, 0, 0, 0, 0, 0, 0, 0, 0, 0, 0, 0, 0, 0, 0, 0, 0, 0, 0, 0, 0, 0, 0, 0, 0, 0, 0, 0, 0, 0, 0, 0, 0, 0, 0, 0, 0, 0, 0, 0, 0, 0, 0, 0, 0, 0, 0, 0, 0, 0]	[0, 0, 0, 0, 0, 0, 0, 0, 0, 0, 0, 0, 0, 0, 0, 0, 0, 0, 0, 0, 0, 0, 0, 0, 0, 0, 0, 0, 0, 0, 0, 0, 0, 0, 0, 0, 0, 0, 0, 0, 0, 0, 0, 0, 0, 0, 0, 0, 0, 0, 0, 0, 0, 0, 0, 0, 0, 0, 0, 0, 0, 0, 0, 0]	[0.0002398999931756407, 0.008980400016298518, 0.02586900000460446, 0.042673899995861575, 0.05930839999928139, 0.07580459999735467, 0.0923328000062611, 0.10910580001655035, 0.12547659999108873, 0.14218319999054074, 0.158811200002674, 0.17561110001406632, 0.19249129999661818, 0.2089986999926623, 0.22591660000034608, 0.24245680001331493, 0.258930700016208, 0.27550680001149885, 0.29239059999235906, 0.30883369999355637, 0.32572910000453703, 0.3422912000096403, 0.3588856999995187, 0.3754750000080094, 0.3919129999994766, 0.4085870000126306, 0.42526340001495555, 0.44198480001068674, 0.45851900000707246, 0.4753631000057794, 0.4919602000154555, 0.5089301000116393, 0.5255645000142977, 0.5421965999994427, 0.5587864000117406, 0.5752864000096451, 0.5922538000158966, 0.6089659999997821, 0.6254864000075031, 0.6421018000110053, 0.6585935000039171, 0.6754087000153959, 0.6918673999898601, 0.7088621000002604, 0.7255436000123154, 0.7422900999954436, 0.7586219999939203, 0.7752650000038557, 0.7917914999998175, 0.8085808000178076, 0.8252350999973714, 0.8418282000056934, 0.8584334000188392, 0.8751153000048362, 0.8919572000158951, 0.9087415999965742, 0.9254568000033032, 0.94197760001407, 0.9585522999987006, 0.9751437999948394, 0.9917599000036716, 1.0083571000141092, 1.025237499998184, 1.0416599000163842]	n/a	n/a	0.9	8a
371	10	go_nogo	0	60	8	go	click	[18.0, 20.0, 27.0, 40.0, 52.0, 64.0, 73.0, 81.0, 88.0, 94.0, 96.0, 101.0, 103.0, 105.0, 107.0, 107.0, 107.0, 107.0, 108.0, 111.0, 115.0, 123.0, 135.0, 150.0, 158.0, 166.0, 170.0, 173.0, 174.0, 175.0, 175.0, 175.0, 175.0]	[-291.0, -245.0, -202.0, -96.0, -11.0, 49.0, 93.0, 126.0, 152.0, 175.0, 188.0, 200.0, 205.0, 213.0, 215.0, 215.0, 215.0, 215.0, 215.0, 218.0, 222.0, 229.0, 242.0, 263.0, 276.0, 286.0, 293.0, 299.0, 301.0, 302.0, 302.0, 302.0, 302.0]	[0, 0, 0, 0, 0, 0, 0, 0, 0, 0, 0, 0, 0, 0, 0, 0, 0, 0, 0, 0, 0, 0, 0, 0, 0, 0, 0, 0, 0, 0, 0, 0, 1]	[0, 0, 0, 0, 0, 0, 0, 0, 0, 0, 0, 0, 0, 0, 0, 0, 0, 0, 0, 0, 0, 0, 0, 0, 0, 0, 0, 0, 0, 0, 0, 0, 0]	[0, 0, 0, 0, 0, 0, 0, 0, 0, 0, 0, 0, 0, 0, 0, 0, 0, 0, 0, 0, 0, 0, 0, 0, 0, 0, 0, 0, 0, 0, 0, 0, 0]	[8.05000017862767e-05, 0.009711499995319173, 0.0263443999865558, 0.042961200000718236, 0.05985819999477826, 0.07647149998228997, 0.09312750000390224, 0.10987699998077005, 0.12654229998588562, 0.14303569999174215, 0.15996649998123758, 0.1770280999771785, 0.19315509998705238, 0.20948109999881126, 0.22605969998403452, 0.24290689997724257, 0.25954440000350587, 0.27635209998697974, 0.29308079998008907, 0.30957219999982044, 0.3265541000000667, 0.3430606999900192, 0.35992289998102933, 0.37651249999180436, 0.39359629998216406, 0.4097987999848556, 0.42650239999056794, 0.44342199998209253, 0.45964099999400787, 0.4760878999950364, 0.4929546999919694, 0.5096110999875236, 0.5266704999958165]	175.0	302.0	0.8	8a
372	10	go_nogo	0	60	4	go	click	[2.0, 2.0, 26.0, 41.0, 51.0, 58.0, 63.0, 68.0, 73.0, 76.0, 78.0, 82.0, 85.0, 88.0, 96.0, 108.0, 114.0, 116.0, 116.0, 116.0, 118.0, 120.0, 121.0, 125.0, 136.0, 153.0, 167.0, 177.0, 179.0, 179.0, 179.0, 179.0, 179.0]	[-258.0, -258.0, -146.0, -44.0, 37.0, 87.0, 129.0, 169.0, 202.0, 222.0, 233.0, 246.0, 253.0, 261.0, 276.0, 296.0, 307.0, 309.0, 309.0, 310.0, 310.0, 311.0, 312.0, 312.0, 312.0, 311.0, 309.0, 307.0, 306.0, 306.0, 306.0, 306.0, 306.0]	[0, 0, 0, 0, 0, 0, 0, 0, 0, 0, 0, 0, 0, 0, 0, 0, 0, 0, 0, 0, 0, 0, 0, 0, 0, 0, 0, 0, 0, 0, 0, 0, 1]	[0, 0, 0, 0, 0, 0, 0, 0, 0, 0, 0, 0, 0, 0, 0, 0, 0, 0, 0, 0, 0, 0, 0, 0, 0, 0, 0, 0, 0, 0, 0, 0, 0]	[0, 0, 0, 0, 0, 0, 0, 0, 0, 0, 0, 0, 0, 0, 0, 0, 0, 0, 0, 0, 0, 0, 0, 0, 0, 0, 0, 0, 0, 0, 0, 0, 0]	[0.00023689999943599105, 0.010438400000566617, 0.026877099997363985, 0.04360360000282526, 0.060414900013711303, 0.07711589999962598, 0.09379380001337267, 0.11054379999404773, 0.12742090001120232, 0.14393389999167994, 0.16103809999185614, 0.17720189999090508, 0.1940916000166908, 0.21086630001082085, 0.22706800000742078, 0.24360370001522824, 0.2605043000075966, 0.27691039998899214, 0.29343320001498796, 0.31027889999677427, 0.32675670000026, 0.3435851999965962, 0.3602270999981556, 0.3770342000061646, 0.39394750000792556, 0.4102147000085097, 0.42712989999563433, 0.44409979999181814, 0.46016529999906197, 0.4769355000171345, 0.4935840000107419, 0.5101678000064567, 0.5273638000071514]	179.0	306.0	0.7	8a
373	10	go_nogo	0	60	6	go	click	[43.0, 43.0, 49.0, 59.0, 66.0, 76.0, 85.0, 94.0, 103.0, 114.0, 122.0, 128.0, 134.0, 138.0, 141.0, 146.0, 147.0, 150.0, 154.0, 159.0, 165.0, 169.0, 170.0, 173.0, 175.0, 177.0, 177.0, 177.0, 177.0]	[-259.0, -259.0, -195.0, -106.0, -13.0, 68.0, 122.0, 167.0, 203.0, 256.0, 285.0, 308.0, 323.0, 335.0, 342.0, 346.0, 349.0, 349.0, 349.0, 346.0, 342.0, 340.0, 339.0, 334.0, 331.0, 327.0, 327.0, 327.0, 327.0]	[0, 0, 0, 0, 0, 0, 0, 0, 0, 0, 0, 0, 0, 0, 0, 0, 0, 0, 0, 0, 0, 0, 0, 0, 0, 0, 0, 0, 1]	[0, 0, 0, 0, 0, 0, 0, 0, 0, 0, 0, 0, 0, 0, 0, 0, 0, 0, 0, 0, 0, 0, 0, 0, 0, 0, 0, 0, 0]	[0, 0, 0, 0, 0, 0, 0, 0, 0, 0, 0, 0, 0, 0, 0, 0, 0, 0, 0, 0, 0, 0, 0, 0, 0, 0, 0, 0, 0]	[0.0001771999814081937, 0.011468199983937666, 0.028000199992675334, 0.044733499991707504, 0.06150919999345206, 0.07802339998306707, 0.09489869998651557, 0.11144629999762401, 0.12823209998896345, 0.14493529999163002, 0.16220079999766313, 0.1781736999982968, 0.19483739999122918, 0.21121989999664947, 0.2280417000001762, 0.24461789999622852, 0.26121889997739345, 0.2780194999941159, 0.29465279998839833, 0.3111716999846976, 0.32808350000414066, 0.3447122999932617, 0.3618296999775339, 0.37786459998460487, 0.39462509998702444, 0.4109477000019979, 0.4277181999932509, 0.4445745999983046, 0.4613545000029262]	177.0	327.0	0.9	8a
374	10	go_nogo	0	60	2	go	click	[37.0, 37.0, 49.0, 76.0, 110.0, 128.0, 142.0, 153.0, 163.0, 171.0, 180.0, 188.0, 198.0, 203.0, 209.0, 212.0, 216.0, 218.0, 218.0, 218.0, 218.0, 218.0, 218.0]	[-238.0, -238.0, -198.0, -115.0, -11.0, 43.0, 86.0, 121.0, 151.0, 178.0, 202.0, 227.0, 250.0, 267.0, 279.0, 290.0, 302.0, 308.0, 309.0, 309.0, 309.0, 309.0, 309.0]	[0, 0, 0, 0, 0, 0, 0, 0, 0, 0, 0, 0, 0, 0, 0, 0, 0, 0, 0, 0, 0, 0, 1]	[0, 0, 0, 0, 0, 0, 0, 0, 0, 0, 0, 0, 0, 0, 0, 0, 0, 0, 0, 0, 0, 0, 0]	[0, 0, 0, 0, 0, 0, 0, 0, 0, 0, 0, 0, 0, 0, 0, 0, 0, 0, 0, 0, 0, 0, 0]	[0.00020479998784139752, 0.010880099987844005, 0.02757730000303127, 0.044279800000367686, 0.06104609998874366, 0.07791729999007657, 0.09433389999321662, 0.11093899997649714, 0.12776609999127686, 0.1444150999886915, 0.16104919998906553, 0.1776283999788575, 0.19429959999979474, 0.21117929997853935, 0.2279963999753818, 0.24453149997862056, 0.2608923999941908, 0.2775903999863658, 0.29418739999528043, 0.3107134999881964, 0.3274494999786839, 0.3441082999925129, 0.36133529999642633]	218.0	309.0	0.6	8a
375	10	go_nogo	0	60	7	go	click	[68.0, 68.0, 75.0, 84.0, 93.0, 97.0, 100.0, 105.0, 110.0, 116.0, 124.0, 132.0, 140.0, 147.0, 151.0, 153.0, 154.0, 155.0, 156.0, 159.0, 165.0, 168.0, 170.0, 171.0, 171.0, 171.0, 171.0]	[-252.0, -252.0, -212.0, -135.0, -62.0, -13.0, 25.0, 69.0, 100.0, 128.0, 151.0, 177.0, 202.0, 221.0, 232.0, 236.0, 238.0, 239.0, 241.0, 245.0, 252.0, 258.0, 261.0, 262.0, 262.0, 262.0, 262.0]	[0, 0, 0, 0, 0, 0, 0, 0, 0, 0, 0, 0, 0, 0, 0, 0, 0, 0, 0, 0, 0, 0, 0, 0, 0, 0, 1]	[0, 0, 0, 0, 0, 0, 0, 0, 0, 0, 0, 0, 0, 0, 0, 0, 0, 0, 0, 0, 0, 0, 0, 0, 0, 0, 0]	[0, 0, 0, 0, 0, 0, 0, 0, 0, 0, 0, 0, 0, 0, 0, 0, 0, 0, 0, 0, 0, 0, 0, 0, 0, 0, 0]	[0.00028369997744448483, 0.009547799971187487, 0.026438599976245314, 0.0432538999884855, 0.05981509998673573, 0.07640699998592027, 0.09326229998259805, 0.110106399981305, 0.1265152999840211, 0.1431332999782171, 0.1599802999990061, 0.17649439998785965, 0.19320329997572117, 0.20977119999588467, 0.22646459998213686, 0.24311119999038056, 0.25986149997333996, 0.2764201999816578, 0.29311929998220876, 0.31013899997924455, 0.3263608999841381, 0.34332039998844266, 0.3598375999717973, 0.3764143999724183, 0.39284019998740405, 0.40941739999107085, 0.42654779998701997]	171.0	262.0	0.8	8a
376	10	go_nogo	0	60	8	go	click	[71.0, 71.0, 76.0, 87.0, 104.0, 126.0, 140.0, 150.0, 160.0, 168.0, 176.0, 181.0, 187.0, 192.0, 195.0, 196.0, 196.0, 196.0, 196.0, 198.0, 199.0, 202.0, 203.0, 204.0, 204.0, 204.0, 205.0, 206.0, 206.0, 206.0, 206.0, 206.0, 206.0, 206.0, 206.0, 206.0, 206.0, 206.0]	[-281.0, -281.0, -262.0, -216.0, -158.0, -69.0, -27.0, 8.0, 43.0, 70.0, 91.0, 106.0, 124.0, 137.0, 145.0, 149.0, 149.0, 150.0, 151.0, 159.0, 172.0, 185.0, 194.0, 202.0, 211.0, 220.0, 232.0, 238.0, 247.0, 252.0, 256.0, 257.0, 257.0, 257.0, 257.0, 257.0, 257.0, 257.0]	[0, 0, 0, 0, 0, 0, 0, 0, 0, 0, 0, 0, 0, 0, 0, 0, 0, 0, 0, 0, 0, 0, 0, 0, 0, 0, 0, 0, 0, 0, 0, 0, 0, 0, 0, 0, 0, 1]	[0, 0, 0, 0, 0, 0, 0, 0, 0, 0, 0, 0, 0, 0, 0, 0, 0, 0, 0, 0, 0, 0, 0, 0, 0, 0, 0, 0, 0, 0, 0, 0, 0, 0, 0, 0, 0, 0]	[0, 0, 0, 0, 0, 0, 0, 0, 0, 0, 0, 0, 0, 0, 0, 0, 0, 0, 0, 0, 0, 0, 0, 0, 0, 0, 0, 0, 0, 0, 0, 0, 0, 0, 0, 0, 0, 0]	[0.0002578000130597502, 0.011096600006567314, 0.027438799996161833, 0.044149599998490885, 0.0609460000123363, 0.07765769999241456, 0.09426760001224466, 0.1109512000111863, 0.12811980000697076, 0.14445039999554865, 0.16120209998916835, 0.1778825999936089, 0.1945658999902662, 0.21117600001161918, 0.22783499999786727, 0.2442311999911908, 0.26095060000079684, 0.2776122000068426, 0.29432819999055937, 0.31088840001029894, 0.3276445000083186, 0.3442180000129156, 0.3607794000126887, 0.3775413999974262, 0.394263599999249, 0.4109351999941282, 0.4277551000122912, 0.44432129999040626, 0.4610658999881707, 0.47786030001589097, 0.49439999999594875, 0.5109359000052791, 0.5274206000030972, 0.5440314000006765, 0.5608078000077512, 0.5774237000150606, 0.5941427999932785, 0.6113081999938004]	206.0	257.0	0.7	8a
377	10	go_nogo	0	60	2	go	click	[37.0, 37.0, 50.0, 72.0, 96.0, 115.0, 130.0, 142.0, 156.0, 169.0, 184.0, 199.0, 208.0, 211.0, 213.0, 213.0, 213.0, 213.0, 213.0, 213.0, 213.0, 213.0, 213.0, 213.0]	[-223.0, -223.0, -178.0, -89.0, -8.0, 51.0, 99.0, 133.0, 175.0, 202.0, 232.0, 259.0, 279.0, 287.0, 290.0, 290.0, 290.0, 290.0, 290.0, 290.0, 290.0, 290.0, 290.0, 290.0]	[0, 0, 0, 0, 0, 0, 0, 0, 0, 0, 0, 0, 0, 0, 0, 0, 0, 0, 0, 0, 0, 0, 0, 1]	[0, 0, 0, 0, 0, 0, 0, 0, 0, 0, 0, 0, 0, 0, 0, 0, 0, 0, 0, 0, 0, 0, 0, 0]	[0, 0, 0, 0, 0, 0, 0, 0, 0, 0, 0, 0, 0, 0, 0, 0, 0, 0, 0, 0, 0, 0, 0, 0]	[0.00022929999977350235, 0.010944100009510294, 0.027444100007414818, 0.044346700015012175, 0.061086000001523644, 0.07759880000958219, 0.09425009999540634, 0.11090980001608841, 0.12752999999793246, 0.14442570001119748, 0.16094210001756437, 0.1775430999987293, 0.19441029999870807, 0.21081330001470633, 0.2272524000145495, 0.24404600000707433, 0.2607395999948494, 0.277173300011782, 0.29427539999596775, 0.3108631999930367, 0.32746010000118986, 0.3441260000108741, 0.36084710000432096, 0.3777311000158079]	213.0	290.0	0.6	8a
378	10	go_nogo	0	60	8	go	click	[54.0, 70.0, 86.0, 113.0, 136.0, 159.0, 178.0, 196.0, 206.0, 213.0, 215.0, 220.0, 223.0, 227.0, 229.0, 229.0, 229.0, 229.0, 229.0, 229.0, 229.0, 229.0]	[-215.0, -162.0, -112.0, -26.0, 48.0, 108.0, 163.0, 207.0, 236.0, 253.0, 263.0, 273.0, 282.0, 294.0, 298.0, 298.0, 298.0, 298.0, 298.0, 298.0, 298.0, 298.0]	[0, 0, 0, 0, 0, 0, 0, 0, 0, 0, 0, 0, 0, 0, 0, 0, 0, 0, 0, 0, 0, 1]	[0, 0, 0, 0, 0, 0, 0, 0, 0, 0, 0, 0, 0, 0, 0, 0, 0, 0, 0, 0, 0, 0]	[0, 0, 0, 0, 0, 0, 0, 0, 0, 0, 0, 0, 0, 0, 0, 0, 0, 0, 0, 0, 0, 0]	[0.00015899998834356666, 0.009814699995331466, 0.02677090000361204, 0.04311510000843555, 0.05991029998403974, 0.07662740000523627, 0.09360429999651387, 0.1097371999931056, 0.12637089999043383, 0.1431909000093583, 0.15969309999491088, 0.1767182000039611, 0.19341939999139868, 0.20971739999367855, 0.2262031999998726, 0.24302399999578483, 0.2597828999860212, 0.27646729999105446, 0.2931609000079334, 0.3096402999944985, 0.3263374000089243, 0.3430895000055898]	229.0	298.0	0.6	8a
379	10	go_nogo	0	60	8	go	click	[46.0, 46.0, 62.0, 97.0, 122.0, 155.0, 177.0, 191.0, 201.0, 207.0, 213.0, 215.0, 215.0, 215.0, 215.0, 215.0, 216.0, 216.0, 216.0, 216.0, 216.0, 216.0, 216.0, 216.0, 216.0, 216.0, 216.0]	[-250.0, -250.0, -197.0, -86.0, 7.0, 117.0, 188.0, 230.0, 257.0, 277.0, 290.0, 295.0, 297.0, 297.0, 298.0, 299.0, 300.0, 301.0, 301.0, 301.0, 301.0, 301.0, 301.0, 301.0, 301.0, 301.0, 301.0]	[0, 0, 0, 0, 0, 0, 0, 0, 0, 0, 0, 0, 0, 0, 0, 0, 0, 0, 0, 0, 0, 0, 0, 0, 0, 0, 1]	[0, 0, 0, 0, 0, 0, 0, 0, 0, 0, 0, 0, 0, 0, 0, 0, 0, 0, 0, 0, 0, 0, 0, 0, 0, 0, 0]	[0, 0, 0, 0, 0, 0, 0, 0, 0, 0, 0, 0, 0, 0, 0, 0, 0, 0, 0, 0, 0, 0, 0, 0, 0, 0, 0]	[0.0002536000101827085, 0.01238319999538362, 0.028880300000309944, 0.0455843000090681, 0.06256409999332391, 0.07913880000705831, 0.09602279998944141, 0.11294769999221899, 0.129394699994009, 0.1457388999988325, 0.16249769998830743, 0.17911409999942407, 0.1956646000035107, 0.21282879999489523, 0.2292017999861855, 0.2458180999965407, 0.26253549999091774, 0.2788549000106286, 0.295549900009064, 0.31234390000463463, 0.3288534999883268, 0.34541760000865906, 0.3621557999867946, 0.378854999988107, 0.3953883000067435, 0.41251090000150725, 0.42932890000520274]	216.0	301.0	1.0	8a
380	10	go_nogo	0	60	9	nogo	none	[43.0, 43.0, 58.0, 82.0, 98.0, 124.0, 142.0, 156.0, 168.0, 175.0, 178.0, 178.0, 179.0, 180.0, 180.0, 180.0, 180.0, 180.0, 180.0, 180.0, 180.0, 180.0, 180.0, 180.0, 180.0, 180.0, 180.0, 180.0, 180.0, 180.0, 180.0, 180.0, 180.0, 180.0, 180.0, 180.0, 180.0, 180.0, 180.0, 180.0, 180.0, 180.0, 180.0, 180.0, 180.0, 180.0, 180.0, 180.0, 180.0, 180.0, 180.0, 180.0, 180.0, 180.0, 180.0, 180.0, 180.0]	[-230.0, -230.0, -188.0, -106.0, -45.0, 31.0, 85.0, 138.0, 177.0, 200.0, 212.0, 218.0, 223.0, 227.0, 228.0, 228.0, 228.0, 228.0, 228.0, 228.0, 228.0, 228.0, 228.0, 228.0, 228.0, 228.0, 228.0, 228.0, 228.0, 228.0, 228.0, 228.0, 228.0, 228.0, 228.0, 228.0, 228.0, 228.0, 228.0, 228.0, 228.0, 228.0, 228.0, 228.0, 228.0, 228.0, 228.0, 228.0, 228.0, 228.0, 228.0, 228.0, 228.0, 228.0, 228.0, 228.0, 228.0]	[0, 0, 0, 0, 0, 0, 0, 0, 0, 0, 0, 0, 0, 0, 0, 0, 0, 0, 0, 0, 0, 0, 0, 0, 0, 0, 0, 0, 0, 0, 0, 0, 0, 0, 0, 0, 0, 0, 0, 0, 0, 0, 0, 0, 0, 0, 0, 0, 0, 0, 0, 0, 0, 0, 0, 0, 0]	[0, 0, 0, 0, 0, 0, 0, 0, 0, 0, 0, 0, 0, 0, 0, 0, 0, 0, 0, 0, 0, 0, 0, 0, 0, 0, 0, 0, 0, 0, 0, 0, 0, 0, 0, 0, 0, 0, 0, 0, 0, 0, 0, 0, 0, 0, 0, 0, 0, 0, 0, 0, 0, 0, 0, 0, 0]	[0, 0, 0, 0, 0, 0, 0, 0, 0, 0, 0, 0, 0, 0, 0, 0, 0, 0, 0, 0, 0, 0, 0, 0, 0, 0, 0, 0, 0, 0, 0, 0, 0, 0, 0, 0, 0, 0, 0, 0, 0, 0, 0, 0, 0, 0, 0, 0, 0, 0, 0, 0, 0, 0, 0, 0, 0]	[0.0001858999894466251, 0.01168389999656938, 0.0284232999838423, 0.04490419998182915, 0.06193679998978041, 0.07853810000233352, 0.09514799999305978, 0.11173439997946844, 0.12837729998864233, 0.14517350000096485, 0.1618146999971941, 0.1785014999913983, 0.19534149998798966, 0.21171499998308718, 0.22813119998318143, 0.24472160000004806, 0.26130809998721816, 0.2783014999877196, 0.29486629998427816, 0.31158399998093955, 0.32813499998883344, 0.34479709999868646, 0.3615618999756407, 0.3781576999754179, 0.3949393999937456, 0.4115855999989435, 0.42822639999212697, 0.4447630999784451, 0.4615052999870386, 0.4780869999958668, 0.4950943999865558, 0.5115372999862302, 0.5281020999827888, 0.5446816000039689, 0.5614190999767743, 0.5782631000038236, 0.5947494999854825, 0.6115570999972988, 0.6281507999810856, 0.6448518999968655, 0.6614376999787055, 0.6781600999820512, 0.694610799982911, 0.7115737999847624, 0.7282832999771927, 0.7448314999928698, 0.7612818999914452, 0.7779819999996107, 0.7946639999863692, 0.8114301000023261, 0.8280582999868784, 0.844701800000621, 0.8614309999975376, 0.8779996999946889, 0.8950060999777634, 0.9115421999886166, 0.928047699999297]	n/a	n/a	0.7	8a
381	10	go_nogo	0	60	6	go	click	[24.0, 24.0, 35.0, 76.0, 102.0, 115.0, 129.0, 143.0, 154.0, 162.0, 173.0, 179.0, 183.0, 183.0, 183.0, 183.0, 183.0, 183.0, 183.0, 183.0, 183.0, 183.0, 183.0, 183.0, 183.0, 183.0, 183.0, 183.0, 183.0, 183.0, 183.0, 183.0, 183.0, 183.0, 183.0, 183.0, 183.0, 183.0, 183.0, 183.0, 183.0, 183.0, 183.0, 183.0, 183.0, 183.0, 183.0, 183.0, 183.0, 183.0, 183.0, 183.0, 183.0, 183.0, 183.0, 183.0, 183.0, 183.0, 183.0, 183.0, 183.0, 183.0, 183.0, 183.0, 183.0, 183.0, 183.0, 183.0, 183.0, 183.0, 183.0, 183.0]	[-256.0, -256.0, -204.0, -27.0, 85.0, 134.0, 178.0, 219.0, 250.0, 277.0, 302.0, 319.0, 328.0, 330.0, 330.0, 330.0, 330.0, 330.0, 330.0, 330.0, 330.0, 330.0, 330.0, 330.0, 330.0, 330.0, 330.0, 330.0, 330.0, 330.0, 330.0, 330.0, 330.0, 330.0, 330.0, 330.0, 330.0, 330.0, 330.0, 330.0, 330.0, 330.0, 330.0, 330.0, 330.0, 330.0, 330.0, 330.0, 330.0, 330.0, 330.0, 330.0, 330.0, 330.0, 330.0, 330.0, 330.0, 330.0, 330.0, 330.0, 330.0, 330.0, 330.0, 330.0, 330.0, 330.0, 330.0, 330.0, 330.0, 330.0, 330.0, 330.0]	[0, 0, 0, 0, 0, 0, 0, 0, 0, 0, 0, 0, 0, 0, 0, 0, 0, 0, 0, 0, 0, 0, 0, 0, 0, 0, 0, 0, 0, 0, 0, 0, 0, 0, 0, 0, 0, 0, 0, 0, 0, 0, 0, 0, 0, 0, 0, 0, 0, 0, 0, 0, 0, 0, 0, 0, 0, 0, 0, 0, 0, 0, 0, 0, 0, 0, 0, 0, 0, 0, 0, 1]	[0, 0, 0, 0, 0, 0, 0, 0, 0, 0, 0, 0, 0, 0, 0, 0, 0, 0, 0, 0, 0, 0, 0, 0, 0, 0, 0, 0, 0, 0, 0, 0, 0, 0, 0, 0, 0, 0, 0, 0, 0, 0, 0, 0, 0, 0, 0, 0, 0, 0, 0, 0, 0, 0, 0, 0, 0, 0, 0, 0, 0, 0, 0, 0, 0, 0, 0, 0, 0, 0, 0, 0]	[0, 0, 0, 0, 0, 0, 0, 0, 0, 0, 0, 0, 0, 0, 0, 0, 0, 0, 0, 0, 0, 0, 0, 0, 0, 0, 0, 0, 0, 0, 0, 0, 0, 0, 0, 0, 0, 0, 0, 0, 0, 0, 0, 0, 0, 0, 0, 0, 0, 0, 0, 0, 0, 0, 0, 0, 0, 0, 0, 0, 0, 0, 0, 0, 0, 0, 0, 0, 0, 0, 0, 0]	[0.0001888000115286559, 0.01079790000221692, 0.02776689999154769, 0.044045599992387, 0.060930100007681176, 0.0773994000046514, 0.09413700000732206, 0.11083530000178143, 0.1271994000126142, 0.14399440001579933, 0.16068480000831187, 0.17731980001553893, 0.19404180001583882, 0.21043550001922995, 0.2272536999953445, 0.24385410000104457, 0.2606155000103172, 0.2772402999980841, 0.29377930000191554, 0.3102225000038743, 0.32707460000528954, 0.34374740000930615, 0.36046490000444464, 0.3768846000020858, 0.393760500010103, 0.41026800000690855, 0.4271125000086613, 0.4436776000075042, 0.46035370000754483, 0.4770280999946408, 0.4936667000001762, 0.5101459000143223, 0.5270375999971293, 0.543615900009172, 0.5603317999921273, 0.5767982999968808, 0.5936018000065815, 0.6102677000162657, 0.6267418999923393, 0.6436202000186313, 0.6601975999947172, 0.6767993000103161, 0.693631700007245, 0.7103312000108417, 0.726975700003095, 0.7436028000083752, 0.7602306000189856, 0.7768966000003275, 0.7936498000053689, 0.810427799995523, 0.8268746999965515, 0.8434745999984443, 0.860158199997386, 0.876730599993607, 0.8933683999930508, 0.9101499000098556, 0.9267258000036236, 0.9434409000095911, 0.9601494999951683, 0.976870600017719, 0.9935236000164878, 1.0101565000077244, 1.0266681000066455, 1.043468199990457, 1.0600831000192557, 1.0770837000163738, 1.0935914000147022, 1.1100640000076964, 1.1269074000010733, 1.143316000001505, 1.159944999992149, 1.176982200006023]	183.0	330.0	0.5	8a
382	10	go_nogo	0	60	6	go	click	[52.0, 52.0, 76.0, 97.0, 117.0, 139.0, 154.0, 168.0, 177.0, 181.0, 184.0, 185.0, 185.0, 185.0, 185.0, 185.0, 185.0, 185.0, 186.0, 186.0, 186.0, 186.0, 186.0, 186.0, 186.0, 186.0, 186.0, 186.0, 186.0, 186.0, 186.0, 186.0]	[-244.0, -244.0, -176.0, -121.0, -66.0, -17.0, 20.0, 57.0, 83.0, 100.0, 108.0, 115.0, 123.0, 132.0, 136.0, 138.0, 139.0, 144.0, 158.0, 186.0, 212.0, 236.0, 259.0, 269.0, 276.0, 277.0, 277.0, 277.0, 277.0, 277.0, 277.0, 277.0]	[0, 0, 0, 0, 0, 0, 0, 0, 0, 0, 0, 0, 0, 0, 0, 0, 0, 0, 0, 0, 0, 0, 0, 0, 0, 0, 0, 0, 0, 0, 0, 1]	[0, 0, 0, 0, 0, 0, 0, 0, 0, 0, 0, 0, 0, 0, 0, 0, 0, 0, 0, 0, 0, 0, 0, 0, 0, 0, 0, 0, 0, 0, 0, 0]	[0, 0, 0, 0, 0, 0, 0, 0, 0, 0, 0, 0, 0, 0, 0, 0, 0, 0, 0, 0, 0, 0, 0, 0, 0, 0, 0, 0, 0, 0, 0, 0]	[0.00039999998989515007, 0.01124239998171106, 0.028449099976569414, 0.044286099990131333, 0.06123729998944327, 0.0774723999784328, 0.09439779998501763, 0.11073200000100769, 0.12754970000241883, 0.14440199997625314, 0.16096290000132285, 0.1775859999761451, 0.19418009999208152, 0.21093519998248667, 0.2277499999909196, 0.24424279999220744, 0.2611284999875352, 0.27736199999344535, 0.2943232999823522, 0.31135879998328164, 0.3276871999842115, 0.34416979999514297, 0.3609608999977354, 0.377558299980592, 0.3945034999924246, 0.4107474999909755, 0.4274213000026066, 0.4441039999946952, 0.4607010999752674, 0.47734919999493286, 0.4939542999782134, 0.5113981999747921]	186.0	277.0	0.5	8a
383	10	go_nogo	0	60	9	nogo	none	[69.0, 80.0, 89.0, 110.0, 128.0, 143.0, 157.0, 171.0, 180.0, 186.0, 193.0, 199.0, 203.0, 206.0, 207.0, 207.0, 207.0, 207.0, 207.0, 210.0, 213.0, 217.0, 219.0, 220.0, 221.0, 221.0, 221.0, 221.0, 221.0, 221.0, 221.0, 221.0, 221.0, 221.0, 221.0, 221.0, 221.0, 221.0, 221.0, 221.0, 221.0, 221.0, 221.0, 221.0, 221.0, 221.0, 221.0, 221.0, 221.0, 221.0, 221.0, 221.0, 221.0, 221.0, 221.0, 221.0, 221.0, 221.0, 221.0, 221.0, 221.0, 221.0, 221.0, 221.0, 221.0, 221.0, 221.0]	[-231.0, -198.0, -162.0, -92.0, -38.0, 12.0, 55.0, 90.0, 121.0, 142.0, 166.0, 185.0, 198.0, 206.0, 206.0, 206.0, 206.0, 206.0, 208.0, 215.0, 228.0, 241.0, 248.0, 252.0, 253.0, 253.0, 253.0, 253.0, 253.0, 253.0, 253.0, 253.0, 253.0, 253.0, 253.0, 253.0, 253.0, 253.0, 253.0, 253.0, 253.0, 253.0, 253.0, 253.0, 253.0, 253.0, 253.0, 253.0, 253.0, 253.0, 253.0, 253.0, 253.0, 253.0, 253.0, 253.0, 253.0, 253.0, 253.0, 253.0, 253.0, 253.0, 253.0, 253.0, 253.0, 253.0, 253.0]	[0, 0, 0, 0, 0, 0, 0, 0, 0, 0, 0, 0, 0, 0, 0, 0, 0, 0, 0, 0, 0, 0, 0, 0, 0, 0, 0, 0, 0, 0, 0, 0, 0, 0, 0, 0, 0, 0, 0, 0, 0, 0, 0, 0, 0, 0, 0, 0, 0, 0, 0, 0, 0, 0, 0, 0, 0, 0, 0, 0, 0, 0, 0, 0, 0, 0, 0]	[0, 0, 0, 0, 0, 0, 0, 0, 0, 0, 0, 0, 0, 0, 0, 0, 0, 0, 0, 0, 0, 0, 0, 0, 0, 0, 0, 0, 0, 0, 0, 0, 0, 0, 0, 0, 0, 0, 0, 0, 0, 0, 0, 0, 0, 0, 0, 0, 0, 0, 0, 0, 0, 0, 0, 0, 0, 0, 0, 0, 0, 0, 0, 0, 0, 0, 0]	[0, 0, 0, 0, 0, 0, 0, 0, 0, 0, 0, 0, 0, 0, 0, 0, 0, 0, 0, 0, 0, 0, 0, 0, 0, 0, 0, 0, 0, 0, 0, 0, 0, 0, 0, 0, 0, 0, 0, 0, 0, 0, 0, 0, 0, 0, 0, 0, 0, 0, 0, 0, 0, 0, 0, 0, 0, 0, 0, 0, 0, 0, 0, 0, 0, 0, 0]	[0.00011550000635907054, 0.01070449998951517, 0.027454700000816956, 0.0439708000048995, 0.06063729999004863, 0.07742659997893497, 0.09425369999371469, 0.1108269999967888, 0.12745390000054613, 0.1442930999910459, 0.16087560000596568, 0.17739619998610578, 0.19482390000484884, 0.2108691000030376, 0.22748000000137836, 0.2440063999965787, 0.26064039999619126, 0.2775651999982074, 0.2941603999934159, 0.31071419999352656, 0.32746859997860156, 0.34415530000114813, 0.36069400000269525, 0.3775389999791514, 0.3939049000036903, 0.41054039998562075, 0.4273325999965891, 0.4440572999883443, 0.460577399993781, 0.4772412999882363, 0.49390889998176135, 0.5107306999852881, 0.5273992999864276, 0.5438259999791626, 0.5606490999925882, 0.5771398000069894, 0.5939956000074744, 0.6104971999884583, 0.627109199995175, 0.6438824000069872, 0.6605937999847811, 0.6772437999898102, 0.6940120999934152, 0.7103965999849606, 0.7273331999895163, 0.7441202999907546, 0.76048830000218, 0.777038200001698, 0.7938047999923583, 0.8110056000004988, 0.8273231000057422, 0.8439118999813218, 0.8606794999795966, 0.8774135999847203, 0.8939220999891404, 0.9103586999990512, 0.9271293999918271, 0.9439431999926455, 0.960516799998004, 0.9771435000002384, 0.9938287999830209, 1.0104929999797605, 1.0270769000053406, 1.0437733999860939, 1.0604247000010218, 1.0773233999789227, 1.0940025000018068]	n/a	n/a	0.9	8a
384	10	go_nogo	0	60	7	go	click	[38.0, 38.0, 51.0, 71.0, 88.0, 121.0, 137.0, 148.0, 156.0, 164.0, 173.0, 181.0, 182.0, 182.0, 182.0, 183.0, 184.0, 187.0, 191.0, 192.0, 192.0, 192.0, 192.0, 192.0]	[-242.0, -242.0, -197.0, -101.0, -6.0, 112.0, 162.0, 197.0, 222.0, 243.0, 268.0, 288.0, 293.0, 295.0, 295.0, 296.0, 298.0, 304.0, 310.0, 310.0, 310.0, 310.0, 310.0, 310.0]	[0, 0, 0, 0, 0, 0, 0, 0, 0, 0, 0, 0, 0, 0, 0, 0, 0, 0, 0, 0, 0, 0, 0, 1]	[0, 0, 0, 0, 0, 0, 0, 0, 0, 0, 0, 0, 0, 0, 0, 0, 0, 0, 0, 0, 0, 0, 0, 0]	[0, 0, 0, 0, 0, 0, 0, 0, 0, 0, 0, 0, 0, 0, 0, 0, 0, 0, 0, 0, 0, 0, 0, 0]	[0.0002634999982547015, 0.011661900003673509, 0.02807210001628846, 0.044552600011229515, 0.06143520001205616, 0.07800290000159293, 0.09470089999376796, 0.11190849999547936, 0.12804340000730008, 0.14486390000092797, 0.16140250000171363, 0.17815059999702498, 0.19502579999971204, 0.21163880001404323, 0.22831590002169833, 0.24491569999372587, 0.26131010000244714, 0.2780532000178937, 0.2948748000198975, 0.31137939999462105, 0.3279999000078533, 0.3446140000014566, 0.36135059999651276, 0.3781868999940343]	192.0	310.0	1.0	8a
385	10	go_nogo	0	60	7	go	click	[60.0, 60.0, 88.0, 114.0, 153.0, 188.0, 215.0, 241.0, 275.0, 287.0, 293.0, 296.0, 297.0, 298.0, 298.0, 298.0, 298.0, 298.0, 292.0, 284.0, 271.0, 263.0, 252.0, 240.0, 233.0, 230.0, 230.0, 229.0, 229.0, 229.0, 229.0, 229.0, 229.0, 229.0, 229.0, 229.0]	[-292.0, -292.0, -194.0, -89.0, 34.0, 144.0, 227.0, 305.0, 409.0, 449.0, 473.0, 487.0, 498.0, 503.0, 504.0, 504.0, 504.0, 504.0, 501.0, 495.0, 471.0, 446.0, 415.0, 384.0, 362.0, 354.0, 353.0, 351.0, 347.0, 345.0, 344.0, 343.0, 343.0, 343.0, 343.0, 343.0]	[0, 0, 0, 0, 0, 0, 0, 0, 0, 0, 0, 0, 0, 0, 0, 0, 0, 0, 0, 0, 0, 0, 0, 0, 0, 0, 0, 0, 0, 0, 0, 0, 0, 0, 0, 1]	[0, 0, 0, 0, 0, 0, 0, 0, 0, 0, 0, 0, 0, 0, 0, 0, 0, 0, 0, 0, 0, 0, 0, 0, 0, 0, 0, 0, 0, 0, 0, 0, 0, 0, 0, 0]	[0, 0, 0, 0, 0, 0, 0, 0, 0, 0, 0, 0, 0, 0, 0, 0, 0, 0, 0, 0, 0, 0, 0, 0, 0, 0, 0, 0, 0, 0, 0, 0, 0, 0, 0, 0]	[0.00011270001414231956, 0.011911200010217726, 0.028610100009245798, 0.04521280000335537, 0.06188630001270212, 0.07852710000588559, 0.09517909999703988, 0.11195489999954589, 0.12886769999749959, 0.14602169999852777, 0.16206629999214783, 0.1790935000171885, 0.1951769000152126, 0.2120893000101205, 0.22852080001030117, 0.24516690001473762, 0.2617564999964088, 0.2786189999897033, 0.29514950001612306, 0.3120786999934353, 0.3284669000131544, 0.3457605000003241, 0.36202359999879263, 0.37867460001143627, 0.3951237000001129, 0.4118675999925472, 0.42861259999335743, 0.4451722000085283, 0.4617130999977235, 0.47877129999687895, 0.49520410000695847, 0.511506000009831, 0.5281910999910906, 0.5448736000107601, 0.5615338000061456, 0.5781754000054207]	229.0	343.0	0.8	8a
386	10	go_nogo	0	60	1	nogo	none	[56.0, 56.0, 100.0, 139.0, 164.0, 180.0, 187.0, 192.0, 195.0, 197.0, 201.0, 202.0, 203.0, 205.0, 205.0, 205.0, 205.0, 205.0, 205.0, 205.0, 205.0, 205.0, 205.0, 205.0, 207.0, 207.0, 208.0, 208.0, 209.0, 209.0, 209.0, 209.0, 209.0, 209.0, 209.0, 209.0, 209.0, 209.0, 209.0, 209.0, 209.0, 209.0, 209.0, 209.0, 209.0, 209.0, 209.0, 209.0, 209.0, 209.0, 209.0, 209.0, 209.0, 209.0, 209.0, 209.0, 209.0, 209.0, 209.0, 209.0, 209.0, 209.0, 209.0, 209.0, 209.0, 209.0, 209.0, 209.0, 209.0, 209.0, 209.0]	[-194.0, -194.0, -56.0, 71.0, 160.0, 218.0, 258.0, 292.0, 321.0, 345.0, 372.0, 383.0, 394.0, 403.0, 405.0, 405.0, 405.0, 405.0, 405.0, 405.0, 405.0, 405.0, 398.0, 389.0, 377.0, 366.0, 360.0, 355.0, 352.0, 351.0, 351.0, 351.0, 351.0, 351.0, 351.0, 351.0, 351.0, 351.0, 351.0, 351.0, 351.0, 351.0, 351.0, 351.0, 351.0, 351.0, 351.0, 351.0, 351.0, 351.0, 351.0, 351.0, 351.0, 351.0, 351.0, 351.0, 351.0, 351.0, 351.0, 351.0, 351.0, 351.0, 351.0, 351.0, 351.0, 351.0, 351.0, 351.0, 351.0, 351.0, 351.0]	[0, 0, 0, 0, 0, 0, 0, 0, 0, 0, 0, 0, 0, 0, 0, 0, 0, 0, 0, 0, 0, 0, 0, 0, 0, 0, 0, 0, 0, 0, 0, 0, 0, 0, 0, 0, 0, 0, 0, 0, 0, 0, 0, 0, 0, 0, 0, 0, 0, 0, 0, 0, 0, 0, 0, 0, 0, 0, 0, 0, 0, 0, 0, 0, 0, 0, 0, 0, 0, 0, 0]	[0, 0, 0, 0, 0, 0, 0, 0, 0, 0, 0, 0, 0, 0, 0, 0, 0, 0, 0, 0, 0, 0, 0, 0, 0, 0, 0, 0, 0, 0, 0, 0, 0, 0, 0, 0, 0, 0, 0, 0, 0, 0, 0, 0, 0, 0, 0, 0, 0, 0, 0, 0, 0, 0, 0, 0, 0, 0, 0, 0, 0, 0, 0, 0, 0, 0, 0, 0, 0, 0, 0]	[0, 0, 0, 0, 0, 0, 0, 0, 0, 0, 0, 0, 0, 0, 0, 0, 0, 0, 0, 0, 0, 0, 0, 0, 0, 0, 0, 0, 0, 0, 0, 0, 0, 0, 0, 0, 0, 0, 0, 0, 0, 0, 0, 0, 0, 0, 0, 0, 0, 0, 0, 0, 0, 0, 0, 0, 0, 0, 0, 0, 0, 0, 0, 0, 0, 0, 0, 0, 0, 0, 0]	[7.680000271648169e-05, 0.011605000006966293, 0.028435699990950525, 0.04475460000685416, 0.06154630001401529, 0.07833220000611618, 0.09493980000843294, 0.11196310000377707, 0.12821419999818318, 0.14467519999016076, 0.16143939999165013, 0.17806380000547506, 0.19470560000627302, 0.21171740000136197, 0.22806059999857098, 0.24450500000966713, 0.2610174000146799, 0.27777570000034757, 0.29459350000252016, 0.31135159998666495, 0.3279214999929536, 0.3450101999915205, 0.36141730000963435, 0.377937799989013, 0.3945373999886215, 0.41125669999746606, 0.42793899998650886, 0.4446771999937482, 0.46130900000571273, 0.47789159999229014, 0.4944504000013694, 0.511181600013515, 0.5279693999909796, 0.5444092999969143, 0.5610230999882333, 0.577715099992929, 0.5944980999920517, 0.6113351999956649, 0.6277466999890748, 0.6444292000087444, 0.6610193999949843, 0.677828000014415, 0.694417999999132, 0.7111460999876726, 0.7278427999990527, 0.744405800011009, 0.7609487999870908, 0.7777817999885883, 0.7942621000111103, 0.8111083999974653, 0.8278341999975964, 0.8444225999992341, 0.8609648999990895, 0.8778293000068516, 0.8945106999890413, 0.9109832000103779, 0.9275735999981407, 0.9443222999980208, 0.9608793999941554, 0.9775480999960564, 0.9942801999859512, 1.0108959999924991, 1.0277462000085507, 1.0445337000128347, 1.0610158999916166, 1.0778185999952257, 1.094338199996855, 1.1109555999864824, 1.1276736999861896, 1.1441093999892473, 1.1609190999879502]	n/a	n/a	0.9	8a
387	10	go_nogo	0	60	6	go	click	[56.0, 56.0, 74.0, 97.0, 127.0, 159.0, 177.0, 186.0, 192.0, 195.0, 198.0, 200.0, 203.0, 205.0, 207.0, 207.0, 207.0, 207.0, 207.0, 207.0, 207.0, 207.0, 207.0, 207.0, 207.0, 207.0, 209.0, 212.0, 212.0, 213.0, 213.0, 213.0, 213.0, 213.0, 213.0, 213.0, 213.0, 213.0, 213.0, 213.0, 213.0, 213.0, 213.0]	[-244.0, -244.0, -164.0, -67.0, 50.0, 156.0, 229.0, 267.0, 294.0, 313.0, 330.0, 343.0, 357.0, 375.0, 382.0, 385.0, 392.0, 396.0, 396.0, 396.0, 396.0, 396.0, 396.0, 396.0, 395.0, 371.0, 344.0, 320.0, 309.0, 306.0, 305.0, 305.0, 305.0, 305.0, 305.0, 305.0, 305.0, 305.0, 305.0, 305.0, 305.0, 305.0, 305.0]	[0, 0, 0, 0, 0, 0, 0, 0, 0, 0, 0, 0, 0, 0, 0, 0, 0, 0, 0, 0, 0, 0, 0, 0, 0, 0, 0, 0, 0, 0, 0, 0, 0, 0, 0, 0, 0, 0, 0, 0, 0, 0, 1]	[0, 0, 0, 0, 0, 0, 0, 0, 0, 0, 0, 0, 0, 0, 0, 0, 0, 0, 0, 0, 0, 0, 0, 0, 0, 0, 0, 0, 0, 0, 0, 0, 0, 0, 0, 0, 0, 0, 0, 0, 0, 0, 0]	[0, 0, 0, 0, 0, 0, 0, 0, 0, 0, 0, 0, 0, 0, 0, 0, 0, 0, 0, 0, 0, 0, 0, 0, 0, 0, 0, 0, 0, 0, 0, 0, 0, 0, 0, 0, 0, 0, 0, 0, 0, 0, 0]	[0.0002103000006172806, 0.010731599992141128, 0.026727099990239367, 0.04367719998117536, 0.060173000005306676, 0.07661029999144375, 0.09340429998701438, 0.11019879998639226, 0.12686679998296313, 0.14351880000322126, 0.16044809998129494, 0.17683479998959228, 0.19371719998889603, 0.21087439998518676, 0.2269533000071533, 0.24381990000256337, 0.2604496999992989, 0.27663849998498335, 0.2932757000089623, 0.30985369998961687, 0.3263196999905631, 0.34325360000366345, 0.3598424000083469, 0.3768460999999661, 0.3934655000048224, 0.4100914000009652, 0.4265642999962438, 0.44356769998557866, 0.46002269999007694, 0.47695759998168796, 0.49330440000630915, 0.5097682999912649, 0.5265237999847159, 0.5435829999914858, 0.5599741000041831, 0.5766389000054915, 0.5934048999915831, 0.6098668999911752, 0.6264933999918867, 0.6431389999925159, 0.6598257999867201, 0.6765203999821097, 0.6935486999864224]	213.0	305.0	0.6	8a
388	10	go_nogo	0	60	1	nogo	none	[18.0, 18.0, 40.0, 64.0, 82.0, 96.0, 112.0, 133.0, 154.0, 166.0, 173.0, 178.0, 180.0, 181.0, 183.0, 188.0, 190.0, 193.0, 193.0, 194.0, 194.0, 194.0, 194.0, 194.0, 194.0, 194.0, 194.0, 194.0, 194.0, 194.0, 194.0, 194.0, 194.0, 194.0, 194.0, 194.0, 194.0, 194.0, 194.0, 194.0, 194.0, 194.0, 194.0, 194.0, 194.0, 194.0, 194.0, 194.0, 194.0, 194.0, 194.0, 194.0, 194.0, 194.0, 194.0, 194.0, 194.0, 194.0, 194.0, 194.0, 194.0, 194.0, 194.0, 194.0]	[-280.0, -280.0, -228.0, -178.0, -134.0, -91.0, -38.0, 40.0, 109.0, 154.0, 181.0, 207.0, 219.0, 232.0, 245.0, 258.0, 273.0, 294.0, 310.0, 323.0, 329.0, 329.0, 329.0, 329.0, 329.0, 329.0, 329.0, 329.0, 329.0, 329.0, 329.0, 329.0, 329.0, 329.0, 329.0, 329.0, 329.0, 329.0, 329.0, 329.0, 329.0, 329.0, 329.0, 329.0, 329.0, 329.0, 329.0, 329.0, 329.0, 329.0, 330.0, 330.0, 330.0, 330.0, 330.0, 330.0, 330.0, 330.0, 330.0, 330.0, 330.0, 330.0, 330.0, 330.0]	[0, 0, 0, 0, 0, 0, 0, 0, 0, 0, 0, 0, 0, 0, 0, 0, 0, 0, 0, 0, 0, 0, 0, 0, 0, 0, 0, 0, 0, 0, 0, 0, 0, 0, 0, 0, 0, 0, 0, 0, 0, 0, 0, 0, 0, 0, 0, 0, 0, 0, 0, 0, 0, 0, 0, 0, 0, 0, 0, 0, 0, 0, 0, 0]	[0, 0, 0, 0, 0, 0, 0, 0, 0, 0, 0, 0, 0, 0, 0, 0, 0, 0, 0, 0, 0, 0, 0, 0, 0, 0, 0, 0, 0, 0, 0, 0, 0, 0, 0, 0, 0, 0, 0, 0, 0, 0, 0, 0, 0, 0, 0, 0, 0, 0, 0, 0, 0, 0, 0, 0, 0, 0, 0, 0, 0, 0, 0, 0]	[0, 0, 0, 0, 0, 0, 0, 0, 0, 0, 0, 0, 0, 0, 0, 0, 0, 0, 0, 0, 0, 0, 0, 0, 0, 0, 0, 0, 0, 0, 0, 0, 0, 0, 0, 0, 0, 0, 0, 0, 0, 0, 0, 0, 0, 0, 0, 0, 0, 0, 0, 0, 0, 0, 0, 0, 0, 0, 0, 0, 0, 0, 0, 0]	[0.0001196000084746629, 0.011490200005937368, 0.027746299980208278, 0.044451800000388175, 0.06093659999896772, 0.0775936999998521, 0.09431580000091344, 0.11116040000342764, 0.127742099983152, 0.1445473000057973, 0.16121319998637773, 0.1776516999816522, 0.19480599998496473, 0.21122699999250472, 0.2279250999854412, 0.24438089999603108, 0.26095619998523034, 0.2776824999891687, 0.29409330000635237, 0.31086120000691153, 0.32745559999602847, 0.3442030999867711, 0.36091529999976046, 0.3774840999976732, 0.3941915000032168, 0.4109405000053812, 0.4278389999817591, 0.4443440999893937, 0.46100350000779144, 0.47771690000081435, 0.4944052000064403, 0.5108905999804847, 0.527765000006184, 0.544664399989415, 0.5609700999921188, 0.5777109999908134, 0.5942991999909282, 0.6108620000013616, 0.6274138999870047, 0.6442695999867283, 0.6608440999989398, 0.6773819999943953, 0.6942494999966584, 0.7106675999821164, 0.7275128999899607, 0.7441166999924462, 0.7607965999923181, 0.7774543999985326, 0.7939354999980424, 0.8111169000039808, 0.8273746999911964, 0.8440569000085816, 0.8607334999833256, 0.877512699982617, 0.8940327999880537, 0.9107568000035826, 0.9275215000088792, 0.9439186999807134, 0.960840299987467, 0.9774411999969743, 0.9942305999866221, 1.0108745000034105, 1.0276490999967791, 1.0438958999875467]	n/a	n/a	1.0	8a
389	10	go_nogo	0	60	7	go	click	[59.0, 59.0, 74.0, 102.0, 139.0, 156.0, 170.0, 178.0, 181.0, 184.0, 184.0, 185.0, 186.0, 189.0, 193.0, 196.0, 200.0, 200.0, 202.0, 202.0, 202.0, 202.0, 202.0, 202.0, 202.0]	[-238.0, -238.0, -197.0, -99.0, 31.0, 93.0, 135.0, 162.0, 181.0, 198.0, 212.0, 227.0, 237.0, 250.0, 279.0, 292.0, 317.0, 328.0, 332.0, 333.0, 333.0, 333.0, 333.0, 333.0, 333.0]	[0, 0, 0, 0, 0, 0, 0, 0, 0, 0, 0, 0, 0, 0, 0, 0, 0, 0, 0, 0, 0, 0, 0, 0, 1]	[0, 0, 0, 0, 0, 0, 0, 0, 0, 0, 0, 0, 0, 0, 0, 0, 0, 0, 0, 0, 0, 0, 0, 0, 0]	[0, 0, 0, 0, 0, 0, 0, 0, 0, 0, 0, 0, 0, 0, 0, 0, 0, 0, 0, 0, 0, 0, 0, 0, 0]	[0.0002182000025641173, 0.011154300009366125, 0.0275858000095468, 0.04446589999133721, 0.061613300000317395, 0.07758919999469072, 0.09422609998728149, 0.11086620000423864, 0.12781790000735782, 0.1442879000096582, 0.16084460000274703, 0.17762760000186972, 0.1943156000052113, 0.2110635999997612, 0.22757869999622926, 0.24432179998257197, 0.2612279999884777, 0.27794030000222847, 0.2944586999947205, 0.3108429999847431, 0.3275474999973085, 0.3440361999964807, 0.360978199983947, 0.37732460000552237, 0.3944750000082422]	202.0	333.0	0.8	8a
390	10	go_nogo	0	60	6	go	click	[31.0, 31.0, 39.0, 66.0, 88.0, 120.0, 164.0, 180.0, 186.0, 191.0, 193.0, 195.0, 197.0, 198.0, 198.0, 198.0, 198.0, 198.0, 198.0, 198.0, 198.0, 200.0, 207.0, 214.0, 218.0, 224.0, 227.0, 230.0, 231.0, 232.0, 232.0, 232.0, 232.0]	[-254.0, -254.0, -207.0, -91.0, 33.0, 146.0, 290.0, 347.0, 374.0, 393.0, 408.0, 422.0, 435.0, 439.0, 440.0, 440.0, 440.0, 440.0, 440.0, 440.0, 440.0, 436.0, 419.0, 394.0, 369.0, 356.0, 346.0, 337.0, 329.0, 325.0, 324.0, 324.0, 324.0]	[0, 0, 0, 0, 0, 0, 0, 0, 0, 0, 0, 0, 0, 0, 0, 0, 0, 0, 0, 0, 0, 0, 0, 0, 0, 0, 0, 0, 0, 0, 0, 0, 1]	[0, 0, 0, 0, 0, 0, 0, 0, 0, 0, 0, 0, 0, 0, 0, 0, 0, 0, 0, 0, 0, 0, 0, 0, 0, 0, 0, 0, 0, 0, 0, 0, 0]	[0, 0, 0, 0, 0, 0, 0, 0, 0, 0, 0, 0, 0, 0, 0, 0, 0, 0, 0, 0, 0, 0, 0, 0, 0, 0, 0, 0, 0, 0, 0, 0, 0]	[0.00018590001855045557, 0.010193299996899441, 0.026845700020203367, 0.04340520000550896, 0.060213200020371005, 0.0767997000075411, 0.09329049999359995, 0.1109213000163436, 0.12683120000292547, 0.14347050001379102, 0.16029050000361167, 0.17660430000978522, 0.19354959999327548, 0.21021530000143684, 0.22668330001761205, 0.24339790001977235, 0.2599124000116717, 0.2767764000163879, 0.293308899999829, 0.3099281000031624, 0.3273828999954276, 0.3433954000065569, 0.36001230002148077, 0.37654729999485426, 0.39331380001385696, 0.4100994000036735, 0.4267169999948237, 0.44343539999681525, 0.46001340000657365, 0.4769322999927681, 0.4931963999988511, 0.5097863000119105, 0.52678190000006]	232.0	324.0	0.5	8a
391	11	go_nogo	0	60	2	go	click	[68.0, 84.0, 97.0, 116.0, 135.0, 154.0, 177.0, 195.0, 201.0, 204.0, 206.0, 214.0, 227.0, 233.0, 233.0, 233.0, 233.0, 234.0, 233.0, 227.0, 219.0, 215.0, 211.0, 208.0, 206.0, 204.0, 203.0, 203.0, 202.0, 202.0, 202.0, 202.0, 202.0, 204.0, 208.0, 213.0, 216.0, 219.0, 222.0, 224.0, 226.0, 227.0, 230.0, 232.0, 233.0, 233.0]	[-283.0, -261.0, -238.0, -200.0, -156.0, -113.0, -61.0, -19.0, 8.0, 33.0, 42.0, 51.0, 64.0, 69.0, 70.0, 70.0, 74.0, 92.0, 116.0, 149.0, 170.0, 181.0, 194.0, 200.0, 205.0, 210.0, 214.0, 217.0, 218.0, 218.0, 219.0, 219.0, 222.0, 228.0, 241.0, 251.0, 260.0, 270.0, 281.0, 289.0, 298.0, 306.0, 315.0, 323.0, 325.0, 325.0]	[0, 0, 0, 0, 0, 0, 0, 0, 0, 0, 0, 0, 0, 0, 0, 0, 0, 0, 0, 0, 0, 0, 0, 0, 0, 0, 0, 0, 0, 0, 0, 0, 0, 0, 0, 0, 0, 0, 0, 0, 0, 0, 0, 0, 0, 1]	[0, 0, 0, 0, 0, 0, 0, 0, 0, 0, 0, 0, 0, 0, 0, 0, 0, 0, 0, 0, 0, 0, 0, 0, 0, 0, 0, 0, 0, 0, 0, 0, 0, 0, 0, 0, 0, 0, 0, 0, 0, 0, 0, 0, 0, 0]	[0, 0, 0, 0, 0, 0, 0, 0, 0, 0, 0, 0, 0, 0, 0, 0, 0, 0, 0, 0, 0, 0, 0, 0, 0, 0, 0, 0, 0, 0, 0, 0, 0, 0, 0, 0, 0, 0, 0, 0, 0, 0, 0, 0, 0, 0]	[0.00011329998960718513, 0.010534999979427084, 0.02722729998640716, 0.04413900000508875, 0.06053269997937605, 0.07735099998535588, 0.09399540000595152, 0.11056999998982064, 0.12738119999994524, 0.14397619999363087, 0.16090279998024926, 0.1774507999944035, 0.19371689998661168, 0.21049219998531044, 0.22693449998041615, 0.24388349999208003, 0.2606800999783445, 0.27726949998759665, 0.29383579999557696, 0.3104324000014458, 0.3271256999869365, 0.3442209999775514, 0.3608077999961097, 0.3774163999769371, 0.39390609998372383, 0.4104493999911938, 0.4272188000031747, 0.4441516999795567, 0.46045199999934994, 0.4772923999989871, 0.49390020000282675, 0.5106552999932319, 0.5273656999925151, 0.5438875999825541, 0.5602253999968525, 0.5773932999873068, 0.593979199999012, 0.6104694999812637, 0.6270609000057448, 0.6438648999901488, 0.6604342999926303, 0.6769303999899421, 0.693756199994823, 0.7103372999990825, 0.7268861999909859, 0.7437888999993447]	233.0	325.0	0.6	8a
392	11	go_nogo	0	60	8	go	click	[-31.0, -31.0, -30.0, -27.0, 2.0, 21.0, 41.0, 59.0, 73.0, 80.0, 83.0, 85.0, 88.0, 97.0, 112.0, 140.0, 183.0, 235.0, 280.0, 309.0, 316.0, 316.0, 314.0, 313.0, 313.0, 313.0, 312.0, 311.0, 307.0, 298.0, 281.0, 255.0, 223.0, 195.0, 177.0, 173.0, 173.0, 173.0, 173.0, 173.0, 172.0]	[-274.0, -274.0, -224.0, -197.0, -73.0, 11.0, 77.0, 116.0, 140.0, 149.0, 150.0, 154.0, 158.0, 167.0, 179.0, 195.0, 213.0, 244.0, 276.0, 302.0, 316.0, 322.0, 327.0, 327.0, 327.0, 327.0, 329.0, 331.0, 332.0, 334.0, 335.0, 335.0, 333.0, 332.0, 332.0, 332.0, 332.0, 332.0, 332.0, 332.0, 332.0]	[0, 0, 0, 0, 0, 0, 0, 0, 0, 0, 0, 0, 0, 0, 0, 0, 0, 0, 0, 0, 0, 0, 0, 0, 0, 0, 0, 0, 0, 0, 0, 0, 0, 0, 0, 0, 0, 0, 0, 0, 1]	[0, 0, 0, 0, 0, 0, 0, 0, 0, 0, 0, 0, 0, 0, 0, 0, 0, 0, 0, 0, 0, 0, 0, 0, 0, 0, 0, 0, 0, 0, 0, 0, 0, 0, 0, 0, 0, 0, 0, 0, 0]	[0, 0, 0, 0, 0, 0, 0, 0, 0, 0, 0, 0, 0, 0, 0, 0, 0, 0, 0, 0, 0, 0, 0, 0, 0, 0, 0, 0, 0, 0, 0, 0, 0, 0, 0, 0, 0, 0, 0, 0, 0]	[0.00023449998116120696, 0.011852499999804422, 0.027795799978775904, 0.04510339998523705, 0.0613825999898836, 0.07779319997644052, 0.09445369997411035, 0.111022299999604, 0.12766699999338016, 0.1443604999803938, 0.1613245999906212, 0.17780149998725392, 0.19470529997488484, 0.2116632999968715, 0.22802199999568984, 0.2449559999804478, 0.2612096999946516, 0.27803339998354204, 0.29463579997536726, 0.3110205999983009, 0.3277003999974113, 0.344261699996423, 0.3609625999815762, 0.3776454999751877, 0.3941408999962732, 0.4110285999777261, 0.427674799982924, 0.4443541999789886, 0.4616084999870509, 0.4777475999726448, 0.4947630999959074, 0.5109096999804024, 0.5276481999899261, 0.5441597999888472, 0.5611013999732677, 0.5773783999902662, 0.5943975999834947, 0.6109978999884333, 0.6276447999989614, 0.6442691999836825, 0.6607950999750756]	172.0	332.0	0.7	8a
393	11	go_nogo	0	60	1	nogo	none	[67.0, 73.0, 82.0, 91.0, 99.0, 101.0, 103.0, 106.0, 106.0, 107.0, 112.0, 121.0, 132.0, 140.0, 142.0, 145.0, 157.0, 175.0, 191.0, 205.0, 215.0, 219.0, 221.0, 222.0, 222.0, 222.0, 222.0, 222.0, 222.0, 222.0, 222.0, 222.0, 222.0, 222.0, 222.0, 222.0, 222.0, 222.0, 222.0, 222.0, 222.0, 222.0, 222.0, 222.0, 222.0, 222.0, 222.0, 222.0, 222.0, 222.0, 222.0, 222.0, 222.0, 222.0, 222.0, 222.0, 222.0, 222.0, 222.0, 222.0, 222.0, 222.0, 222.0, 222.0, 222.0, 222.0]	[-266.0, -230.0, -194.0, -124.0, -63.0, -19.0, 13.0, 34.0, 46.0, 54.0, 70.0, 93.0, 115.0, 125.0, 132.0, 139.0, 155.0, 183.0, 208.0, 230.0, 243.0, 251.0, 256.0, 257.0, 257.0, 257.0, 257.0, 257.0, 257.0, 257.0, 257.0, 257.0, 257.0, 257.0, 257.0, 257.0, 257.0, 257.0, 257.0, 257.0, 257.0, 257.0, 257.0, 257.0, 257.0, 257.0, 257.0, 257.0, 257.0, 257.0, 257.0, 257.0, 257.0, 257.0, 257.0, 257.0, 257.0, 257.0, 257.0, 257.0, 257.0, 257.0, 257.0, 257.0, 257.0, 257.0]	[0, 0, 0, 0, 0, 0, 0, 0, 0, 0, 0, 0, 0, 0, 0, 0, 0, 0, 0, 0, 0, 0, 0, 0, 0, 0, 0, 0, 0, 0, 0, 0, 0, 0, 0, 0, 0, 0, 0, 0, 0, 0, 0, 0, 0, 0, 0, 0, 0, 0, 0, 0, 0, 0, 0, 0, 0, 0, 0, 0, 0, 0, 0, 0, 0, 0]	[0, 0, 0, 0, 0, 0, 0, 0, 0, 0, 0, 0, 0, 0, 0, 0, 0, 0, 0, 0, 0, 0, 0, 0, 0, 0, 0, 0, 0, 0, 0, 0, 0, 0, 0, 0, 0, 0, 0, 0, 0, 0, 0, 0, 0, 0, 0, 0, 0, 0, 0, 0, 0, 0, 0, 0, 0, 0, 0, 0, 0, 0, 0, 0, 0, 0]	[0, 0, 0, 0, 0, 0, 0, 0, 0, 0, 0, 0, 0, 0, 0, 0, 0, 0, 0, 0, 0, 0, 0, 0, 0, 0, 0, 0, 0, 0, 0, 0, 0, 0, 0, 0, 0, 0, 0, 0, 0, 0, 0, 0, 0, 0, 0, 0, 0, 0, 0, 0, 0, 0, 0, 0, 0, 0, 0, 0, 0, 0, 0, 0, 0, 0]	[0.00012119999155402184, 0.010650499985786155, 0.027478999982122332, 0.04395339998882264, 0.06042279998655431, 0.07735549999051727, 0.09399150000535883, 0.1105282999924384, 0.12738940000417642, 0.14391849999083206, 0.16108119999989867, 0.17720189999090508, 0.19431769999209791, 0.21063789998879656, 0.2271609999879729, 0.24384320000535809, 0.260700499988161, 0.27735640000901185, 0.2941616000025533, 0.31081349999294616, 0.32735899998806417, 0.34412789999623783, 0.3611858999938704, 0.37711400000262074, 0.3938299999863375, 0.41028039998491295, 0.426854799996363, 0.443583199987188, 0.4601294999883976, 0.47705680000944994, 0.4936874999839347, 0.5103263999917544, 0.527076099999249, 0.5435999000037555, 0.5603510999935679, 0.576844399998663, 0.5936941999825649, 0.6101370999822393, 0.6270108000026084, 0.6436718000040855, 0.6602307999855839, 0.676844000001438, 0.6936680999933742, 0.7102320999838412, 0.7268972999881953, 0.743620599998394, 0.7602134000044316, 0.7770937999885064, 0.793675599998096, 0.8103139000013471, 0.8272816999815404, 0.8438591999874916, 0.8603048000077251, 0.8768630999838933, 0.8935443999944255, 0.9101596999971662, 0.9270075999957044, 0.9433945000055246, 0.9602332999929786, 0.9767640999925788, 0.993481299985433, 1.0102457999892067, 1.0268042999960016, 1.0434367999841925, 1.0601227000006475, 1.0769567000097595]	n/a	n/a	0.8	8a
394	11	go_nogo	0	60	6	go	click	[41.0, 41.0, 52.0, 62.0, 69.0, 73.0, 74.0, 79.0, 81.0, 85.0, 90.0, 93.0, 97.0, 104.0, 109.0, 109.0, 110.0, 112.0, 115.0, 119.0, 127.0, 144.0, 163.0, 180.0, 192.0, 198.0, 199.0, 199.0, 199.0, 199.0]	[-213.0, -213.0, -157.0, -48.0, 61.0, 103.0, 137.0, 158.0, 171.0, 180.0, 189.0, 195.0, 201.0, 208.0, 211.0, 211.0, 211.0, 211.0, 207.0, 206.0, 206.0, 215.0, 232.0, 251.0, 271.0, 282.0, 289.0, 292.0, 292.0, 292.0]	[0, 0, 0, 0, 0, 0, 0, 0, 0, 0, 0, 0, 0, 0, 0, 0, 0, 0, 0, 0, 0, 0, 0, 0, 0, 0, 0, 0, 0, 1]	[0, 0, 0, 0, 0, 0, 0, 0, 0, 0, 0, 0, 0, 0, 0, 0, 0, 0, 0, 0, 0, 0, 0, 0, 0, 0, 0, 0, 0, 0]	[0, 0, 0, 0, 0, 0, 0, 0, 0, 0, 0, 0, 0, 0, 0, 0, 0, 0, 0, 0, 0, 0, 0, 0, 0, 0, 0, 0, 0, 0]	[0.00019249998149462044, 0.011086299986345693, 0.02751319998060353, 0.04467810000642203, 0.0616835999826435, 0.07801949998247437, 0.0944481999904383, 0.11133289997815154, 0.12772759998915717, 0.14447259998996742, 0.16117219999432564, 0.17776749999029562, 0.19447170000057667, 0.21124939998844638, 0.22776219999650493, 0.24450279999291524, 0.261176300002262, 0.27845529999467544, 0.29454259999329224, 0.31132209999486804, 0.3282199999957811, 0.34464729999308474, 0.36113839998142794, 0.37766470000497065, 0.39444469998124987, 0.41110379999736324, 0.42764350000652485, 0.44441169998026453, 0.46114299999317154, 0.4779701999796089]	199.0	292.0	0.8	8a
395	11	go_nogo	0	60	6	go	click	[72.0, 72.0, 83.0, 104.0, 129.0, 143.0, 159.0, 169.0, 174.0, 176.0, 176.0, 178.0, 183.0, 194.0, 197.0, 199.0, 199.0, 199.0, 200.0, 200.0, 202.0, 206.0, 211.0, 216.0, 217.0, 217.0, 217.0]	[-228.0, -228.0, -191.0, -117.0, -27.0, 29.0, 79.0, 114.0, 135.0, 146.0, 154.0, 165.0, 186.0, 223.0, 242.0, 252.0, 254.0, 255.0, 257.0, 260.0, 265.0, 275.0, 286.0, 295.0, 295.0, 295.0, 295.0]	[0, 0, 0, 0, 0, 0, 0, 0, 0, 0, 0, 0, 0, 0, 0, 0, 0, 0, 0, 0, 0, 0, 0, 0, 0, 0, 1]	[0, 0, 0, 0, 0, 0, 0, 0, 0, 0, 0, 0, 0, 0, 0, 0, 0, 0, 0, 0, 0, 0, 0, 0, 0, 0, 0]	[0, 0, 0, 0, 0, 0, 0, 0, 0, 0, 0, 0, 0, 0, 0, 0, 0, 0, 0, 0, 0, 0, 0, 0, 0, 0, 0]	[0.00032359999022446573, 0.012451899994630367, 0.028921999997692183, 0.04600840000784956, 0.06270840001525357, 0.07901899999706075, 0.09580350000760518, 0.11225239999475889, 0.12914309999905527, 0.1457055000064429, 0.1624180999933742, 0.17896779999136925, 0.19578330000513233, 0.21218609999050386, 0.22922179999295622, 0.2459044000133872, 0.2623479999892879, 0.27888050000183284, 0.29564540000865236, 0.31244030001107603, 0.32913150000968017, 0.345859199995175, 0.3623943999991752, 0.37914390000514686, 0.395504299987806, 0.41215469999588095, 0.428877400001511]	217.0	295.0	0.6	8a
396	11	go_nogo	0	60	8	go	click	[-2.0, 7.0, 15.0, 39.0, 60.0, 75.0, 88.0, 98.0, 107.0, 120.0, 130.0, 143.0, 157.0, 168.0, 181.0, 189.0, 198.0, 204.0, 207.0, 209.0, 211.0, 211.0, 211.0, 211.0, 211.0, 211.0, 211.0]	[-240.0, -208.0, -175.0, -97.0, -38.0, -3.0, 26.0, 48.0, 67.0, 92.0, 113.0, 137.0, 161.0, 184.0, 206.0, 224.0, 241.0, 255.0, 265.0, 270.0, 273.0, 273.0, 273.0, 273.0, 273.0, 273.0, 273.0]	[0, 0, 0, 0, 0, 0, 0, 0, 0, 0, 0, 0, 0, 0, 0, 0, 0, 0, 0, 0, 0, 0, 0, 0, 0, 0, 1]	[0, 0, 0, 0, 0, 0, 0, 0, 0, 0, 0, 0, 0, 0, 0, 0, 0, 0, 0, 0, 0, 0, 0, 0, 0, 0, 0]	[0, 0, 0, 0, 0, 0, 0, 0, 0, 0, 0, 0, 0, 0, 0, 0, 0, 0, 0, 0, 0, 0, 0, 0, 0, 0, 0]	[9.079999290406704e-05, 0.009637200011638924, 0.026468500000191852, 0.043062100012321025, 0.05976490001194179, 0.07655460000387393, 0.09336850000545382, 0.11013909999746829, 0.1266143000102602, 0.14321050001308322, 0.16006150000612251, 0.1766768000088632, 0.19323840001015924, 0.20991289999801666, 0.22692270000698045, 0.24284319998696446, 0.2595679000078235, 0.2765582000138238, 0.29316850000759587, 0.3095465000078548, 0.3261120000097435, 0.34268649999285117, 0.359761100000469, 0.37621250000665896, 0.392686400009552, 0.4093311000033282, 0.4264138999860734]	211.0	273.0	0.6	8a
397	11	go_nogo	0	60	8	go	click	[-1.0, -1.0, 13.0, 35.0, 62.0, 86.0, 107.0, 123.0, 138.0, 148.0, 156.0, 166.0, 171.0, 175.0, 179.0, 188.0, 197.0, 207.0, 215.0, 218.0, 220.0, 220.0, 220.0, 220.0]	[-297.0, -297.0, -259.0, -193.0, -107.0, -32.0, 27.0, 70.0, 110.0, 143.0, 166.0, 194.0, 206.0, 219.0, 230.0, 244.0, 262.0, 276.0, 288.0, 295.0, 297.0, 297.0, 298.0, 298.0]	[0, 0, 0, 0, 0, 0, 0, 0, 0, 0, 0, 0, 0, 0, 0, 0, 0, 0, 0, 0, 0, 0, 0, 1]	[0, 0, 0, 0, 0, 0, 0, 0, 0, 0, 0, 0, 0, 0, 0, 0, 0, 0, 0, 0, 0, 0, 0, 0]	[0, 0, 0, 0, 0, 0, 0, 0, 0, 0, 0, 0, 0, 0, 0, 0, 0, 0, 0, 0, 0, 0, 0, 0]	[0.00016379999578930438, 0.011857699981192127, 0.028254899982130155, 0.04499070000019856, 0.061637099977815524, 0.07816819997970015, 0.09472709998954087, 0.11159489999408834, 0.12815059997956268, 0.14504849998047575, 0.1614222000062, 0.17875639998237602, 0.19494960000156425, 0.211534500005655, 0.22849089998635463, 0.24480339998262934, 0.261402599979192, 0.27804869998362847, 0.29488229998969473, 0.31149349999031983, 0.32807359998696484, 0.34494029998313636, 0.3612909999792464, 0.378601999982493]	220.0	298.0	0.8	8a
398	11	go_nogo	0	60	9	nogo	none	[39.0, 39.0, 48.0, 65.0, 79.0, 100.0, 113.0, 122.0, 130.0, 135.0, 139.0, 145.0, 149.0, 152.0, 154.0, 156.0, 156.0, 156.0, 159.0, 163.0, 168.0, 171.0, 172.0, 172.0, 172.0, 172.0, 172.0, 172.0, 172.0, 172.0, 172.0, 172.0, 172.0, 172.0, 172.0, 172.0, 172.0, 172.0, 172.0, 172.0, 172.0, 172.0, 172.0, 172.0, 172.0, 172.0, 172.0, 172.0, 172.0, 172.0, 172.0, 172.0, 172.0, 172.0, 172.0, 172.0, 172.0, 172.0, 172.0, 172.0, 172.0, 172.0, 172.0, 172.0, 172.0]	[-229.0, -229.0, -193.0, -113.0, -57.0, 4.0, 35.0, 62.0, 82.0, 97.0, 112.0, 127.0, 134.0, 142.0, 149.0, 152.0, 152.0, 152.0, 154.0, 161.0, 169.0, 175.0, 176.0, 176.0, 176.0, 176.0, 176.0, 176.0, 176.0, 176.0, 176.0, 176.0, 176.0, 176.0, 176.0, 176.0, 176.0, 176.0, 176.0, 176.0, 176.0, 176.0, 176.0, 176.0, 176.0, 176.0, 176.0, 176.0, 176.0, 176.0, 176.0, 176.0, 176.0, 176.0, 176.0, 176.0, 176.0, 176.0, 176.0, 176.0, 176.0, 176.0, 176.0, 176.0, 176.0]	[0, 0, 0, 0, 0, 0, 0, 0, 0, 0, 0, 0, 0, 0, 0, 0, 0, 0, 0, 0, 0, 0, 0, 0, 0, 0, 0, 0, 0, 0, 0, 0, 0, 0, 0, 0, 0, 0, 0, 0, 0, 0, 0, 0, 0, 0, 0, 0, 0, 0, 0, 0, 0, 0, 0, 0, 0, 0, 0, 0, 0, 0, 0, 0, 0]	[0, 0, 0, 0, 0, 0, 0, 0, 0, 0, 0, 0, 0, 0, 0, 0, 0, 0, 0, 0, 0, 0, 0, 0, 0, 0, 0, 0, 0, 0, 0, 0, 0, 0, 0, 0, 0, 0, 0, 0, 0, 0, 0, 0, 0, 0, 0, 0, 0, 0, 0, 0, 0, 0, 0, 0, 0, 0, 0, 0, 0, 0, 0, 0, 0]	[0, 0, 0, 0, 0, 0, 0, 0, 0, 0, 0, 0, 0, 0, 0, 0, 0, 0, 0, 0, 0, 0, 0, 0, 0, 0, 0, 0, 0, 0, 0, 0, 0, 0, 0, 0, 0, 0, 0, 0, 0, 0, 0, 0, 0, 0, 0, 0, 0, 0, 0, 0, 0, 0, 0, 0, 0, 0, 0, 0, 0, 0, 0, 0, 0]	[0.00018350000027567148, 0.009793000004719943, 0.026471300021512434, 0.043202900007599965, 0.06004219999886118, 0.07685090001905337, 0.09326900000451133, 0.10984670001198538, 0.12636320001911372, 0.14301190001424402, 0.15975920000346377, 0.17636070001753978, 0.193260600004578, 0.20988870001747273, 0.22657320002326742, 0.24302940000779927, 0.2594410000019707, 0.27668070001527667, 0.293241700012004, 0.30969150000601076, 0.32612050001625903, 0.34304120001615956, 0.3597373000229709, 0.37625370000023395, 0.3929214000236243, 0.4096865000028629, 0.4263527000148315, 0.4429400000080932, 0.45958900000550784, 0.47618230001535267, 0.49295750001329, 0.5099200000113342, 0.5262591000064276, 0.5428998999996111, 0.5597077000129502, 0.5763624999963213, 0.5930637000128627, 0.6095350000250619, 0.6263029999972787, 0.6428743000142276, 0.6594076000037603, 0.6760186000028625, 0.6929257000156213, 0.7093806000193581, 0.7262359000160359, 0.7428241000161506, 0.7593981999962125, 0.7760054000245873, 0.792898800020339, 0.8094876000250224, 0.8262146000051871, 0.8428582000196911, 0.8596329000138212, 0.8762893000093754, 0.8928193000028841, 0.9095102999999654, 0.9261097999988124, 0.9426566000038292, 0.9597115000069607, 0.9762872999999672, 0.9928261000022758, 1.0095622000226285, 1.0261974000022747, 1.0426995000161696, 1.05964110000059]	n/a	n/a	0.5	8a
399	11	go_nogo	0	60	4	go	click	[4.0, 4.0, 12.0, 24.0, 34.0, 44.0, 59.0, 91.0, 125.0, 168.0, 197.0, 213.0, 225.0, 238.0, 249.0, 258.0, 261.0, 260.0, 259.0, 254.0, 244.0, 238.0, 235.0, 232.0, 227.0, 225.0, 225.0, 225.0, 225.0, 225.0, 225.0, 225.0, 225.0]	[-246.0, -246.0, -217.0, -175.0, -136.0, -105.0, -80.0, -33.0, 14.0, 72.0, 117.0, 145.0, 164.0, 186.0, 208.0, 231.0, 244.0, 251.0, 258.0, 286.0, 311.0, 321.0, 322.0, 322.0, 319.0, 318.0, 317.0, 317.0, 317.0, 317.0, 317.0, 316.0, 313.0]	[0, 0, 0, 0, 0, 0, 0, 0, 0, 0, 0, 0, 0, 0, 0, 0, 0, 0, 0, 0, 0, 0, 0, 0, 0, 0, 0, 0, 0, 0, 0, 0, 1]	[0, 0, 0, 0, 0, 0, 0, 0, 0, 0, 0, 0, 0, 0, 0, 0, 0, 0, 0, 0, 0, 0, 0, 0, 0, 0, 0, 0, 0, 0, 0, 0, 0]	[0, 0, 0, 0, 0, 0, 0, 0, 0, 0, 0, 0, 0, 0, 0, 0, 0, 0, 0, 0, 0, 0, 0, 0, 0, 0, 0, 0, 0, 0, 0, 0, 0]	[0.00018859998090192676, 0.0088363999966532, 0.025552399980369955, 0.0425276999885682, 0.058785100001841784, 0.0754904999921564, 0.09228479999001138, 0.10895239998353645, 0.12539279999327846, 0.1421375999925658, 0.1589207999932114, 0.1756353999953717, 0.1921124999935273, 0.2089772999752313, 0.22532800000044517, 0.24233189999358729, 0.2588238999887835, 0.27554909998434596, 0.2925124999892432, 0.30888039999990724, 0.3256055999954697, 0.3421127999899909, 0.3594277999945916, 0.3754190999898128, 0.3922372999950312, 0.40893859998323023, 0.42541299998993054, 0.44196179998107255, 0.4587835999845993, 0.4752151999855414, 0.4919821999792475, 0.5088535999821033, 0.5256620000000112]	225.0	313.0	0.7	8a
400	11	go_nogo	0	60	3	go	click	[27.0, 27.0, 47.0, 76.0, 108.0, 142.0, 170.0, 187.0, 200.0, 209.0, 214.0, 217.0, 219.0, 220.0, 221.0, 221.0, 221.0, 221.0, 221.0, 221.0, 221.0, 221.0, 221.0, 221.0, 220.0, 219.0, 218.0, 217.0, 217.0, 217.0, 217.0]	[-243.0, -243.0, -151.0, -50.0, 56.0, 155.0, 227.0, 275.0, 304.0, 324.0, 338.0, 347.0, 351.0, 354.0, 356.0, 356.0, 356.0, 356.0, 356.0, 356.0, 356.0, 356.0, 356.0, 348.0, 340.0, 334.0, 326.0, 322.0, 320.0, 319.0, 318.0]	[0, 0, 0, 0, 0, 0, 0, 0, 0, 0, 0, 0, 0, 0, 0, 0, 0, 0, 0, 0, 0, 0, 0, 0, 0, 0, 0, 0, 0, 0, 1]	[0, 0, 0, 0, 0, 0, 0, 0, 0, 0, 0, 0, 0, 0, 0, 0, 0, 0, 0, 0, 0, 0, 0, 0, 0, 0, 0, 0, 0, 0, 0]	[0, 0, 0, 0, 0, 0, 0, 0, 0, 0, 0, 0, 0, 0, 0, 0, 0, 0, 0, 0, 0, 0, 0, 0, 0, 0, 0, 0, 0, 0, 0]	[0.00021260001813061535, 0.011962000018684193, 0.02890460001071915, 0.04516120001790114, 0.06192030000966042, 0.0784447000187356, 0.09511950000887737, 0.1119071000139229, 0.12876410002354532, 0.14525140001205727, 0.16228030002093874, 0.1785857000213582, 0.1953061000094749, 0.21208220001426525, 0.22863590001361445, 0.24521850000019185, 0.26197860002866946, 0.27861450001364574, 0.295104100019671, 0.31166760000633076, 0.328450500004692, 0.34511930000735447, 0.3621071000234224, 0.37874380001449026, 0.395315900008427, 0.41195730000617914, 0.4287223000137601, 0.44515250000404194, 0.4617154000152368, 0.4787105000286829, 0.49538260002736934]	217.0	318.0	0.7	8a
401	11	go_nogo	0	60	7	go	click	[24.0, 24.0, 28.0, 44.0, 64.0, 86.0, 98.0, 107.0, 115.0, 119.0, 124.0, 127.0, 131.0, 134.0, 138.0, 142.0, 146.0, 149.0, 153.0, 155.0, 156.0, 160.0, 166.0, 171.0, 174.0]	[-264.0, -264.0, -234.0, -154.0, -62.0, 68.0, 127.0, 166.0, 194.0, 219.0, 236.0, 249.0, 259.0, 270.0, 278.0, 288.0, 293.0, 299.0, 301.0, 302.0, 302.0, 301.0, 297.0, 294.0, 293.0]	[0, 0, 0, 0, 0, 0, 0, 0, 0, 0, 0, 0, 0, 0, 0, 0, 0, 0, 0, 0, 0, 0, 0, 0, 1]	[0, 0, 0, 0, 0, 0, 0, 0, 0, 0, 0, 0, 0, 0, 0, 0, 0, 0, 0, 0, 0, 0, 0, 0, 0]	[0, 0, 0, 0, 0, 0, 0, 0, 0, 0, 0, 0, 0, 0, 0, 0, 0, 0, 0, 0, 0, 0, 0, 0, 0]	[0.00021269998978823423, 0.01237889999174513, 0.02867629998945631, 0.04555159999290481, 0.06237450000480749, 0.07875919999787584, 0.09537890000501648, 0.111938200017903, 0.1287601999938488, 0.1454076000081841, 0.1620892999926582, 0.17874940001638606, 0.19549410001491196, 0.21217270000488497, 0.2291313000023365, 0.2455517000053078, 0.26232559999334626, 0.2786437000031583, 0.2955484999984037, 0.31196469999849796, 0.32870690000709146, 0.34545140000409447, 0.36194000000250526, 0.37892099999589846, 0.3956202999979723]	175.0	292.0	0.9	8a
402	11	go_nogo	0	60	2	go	click	[31.0, 31.0, 44.0, 56.0, 74.0, 93.0, 111.0, 122.0, 132.0, 140.0, 146.0, 154.0, 162.0, 170.0, 177.0, 179.0, 181.0, 184.0, 186.0, 193.0, 199.0, 203.0, 207.0, 207.0, 208.0, 208.0, 208.0, 206.0, 204.0, 202.0, 201.0, 201.0, 201.0, 201.0, 201.0, 201.0, 201.0, 201.0, 201.0, 201.0]	[-289.0, -289.0, -258.0, -221.0, -162.0, -104.0, -53.0, -19.0, 12.0, 35.0, 55.0, 81.0, 104.0, 125.0, 143.0, 149.0, 155.0, 161.0, 174.0, 191.0, 207.0, 220.0, 236.0, 239.0, 248.0, 251.0, 254.0, 259.0, 265.0, 273.0, 274.0, 274.0, 274.0, 274.0, 274.0, 274.0, 274.0, 274.0, 274.0, 274.0]	[0, 0, 0, 0, 0, 0, 0, 0, 0, 0, 0, 0, 0, 0, 0, 0, 0, 0, 0, 0, 0, 0, 0, 0, 0, 0, 0, 0, 0, 0, 0, 0, 0, 0, 0, 0, 0, 0, 0, 1]	[0, 0, 0, 0, 0, 0, 0, 0, 0, 0, 0, 0, 0, 0, 0, 0, 0, 0, 0, 0, 0, 0, 0, 0, 0, 0, 0, 0, 0, 0, 0, 0, 0, 0, 0, 0, 0, 0, 0, 0]	[0, 0, 0, 0, 0, 0, 0, 0, 0, 0, 0, 0, 0, 0, 0, 0, 0, 0, 0, 0, 0, 0, 0, 0, 0, 0, 0, 0, 0, 0, 0, 0, 0, 0, 0, 0, 0, 0, 0, 0]	[7.829998503439128e-05, 0.012272599997231737, 0.028637299983529374, 0.04547159999492578, 0.06193830000120215, 0.07859279998228885, 0.09523979999357834, 0.11183979999623261, 0.12848279997706413, 0.14527839998481795, 0.1620841999829281, 0.17878709998331033, 0.1952601999801118, 0.21171740000136197, 0.2285457999969367, 0.24507299999822862, 0.2619293999741785, 0.27845739998156205, 0.2951790999795776, 0.3118395999772474, 0.3283989999908954, 0.34546459998819046, 0.3619221999833826, 0.37850009999237955, 0.39508019998902455, 0.411777000001166, 0.4287622999981977, 0.445016299985582, 0.46180969997658394, 0.47844149998854846, 0.49496999999973923, 0.5114143999817315, 0.5283132999902591, 0.5450071999803185, 0.5617569999885745, 0.5784295999910682, 0.5949768999998923, 0.6118312999897171, 0.6282737999863457, 0.6457271999970544]	201.0	274.0	0.7	8a
403	11	go_nogo	0	60	6	go	click	[53.0, 53.0, 63.0, 77.0, 95.0, 109.0, 120.0, 132.0, 143.0, 149.0, 152.0, 155.0, 159.0, 163.0, 166.0, 169.0, 170.0, 172.0, 173.0, 174.0, 175.0, 177.0, 178.0, 178.0, 179.0, 181.0, 182.0, 183.0, 183.0, 183.0, 183.0]	[-221.0, -221.0, -195.0, -149.0, -84.0, -44.0, -8.0, 23.0, 49.0, 64.0, 76.0, 89.0, 102.0, 117.0, 136.0, 163.0, 185.0, 208.0, 224.0, 235.0, 248.0, 262.0, 275.0, 286.0, 293.0, 299.0, 302.0, 303.0, 303.0, 303.0, 303.0]	[0, 0, 0, 0, 0, 0, 0, 0, 0, 0, 0, 0, 0, 0, 0, 0, 0, 0, 0, 0, 0, 0, 0, 0, 0, 0, 0, 0, 0, 0, 1]	[0, 0, 0, 0, 0, 0, 0, 0, 0, 0, 0, 0, 0, 0, 0, 0, 0, 0, 0, 0, 0, 0, 0, 0, 0, 0, 0, 0, 0, 0, 0]	[0, 0, 0, 0, 0, 0, 0, 0, 0, 0, 0, 0, 0, 0, 0, 0, 0, 0, 0, 0, 0, 0, 0, 0, 0, 0, 0, 0, 0, 0, 0]	[0.00019150000298395753, 0.011609100009081885, 0.028124100004788488, 0.044920200016349554, 0.06256920000305399, 0.07867340001394041, 0.09494909999193624, 0.11163620001752861, 0.1282233000092674, 0.14509269999689423, 0.1615858000004664, 0.17874540001503192, 0.19495450000977144, 0.21155380000709556, 0.22832890000427142, 0.24496840001665987, 0.261692200001562, 0.27823339999304153, 0.29495569999562576, 0.31157260001054965, 0.3283621000009589, 0.34508240001741797, 0.3616328999924008, 0.3783819999953266, 0.39506330000585876, 0.4115757000108715, 0.42817250001826324, 0.44491560000460595, 0.4613242000050377, 0.4779481000150554, 0.49455880001187325]	183.0	303.0	0.7	8a
404	11	go_nogo	0	60	1	nogo	none	[47.0, 59.0, 73.0, 100.0, 121.0, 137.0, 163.0, 178.0, 191.0, 202.0, 211.0, 217.0, 221.0, 224.0, 224.0, 224.0, 224.0, 225.0, 225.0, 225.0, 225.0, 225.0, 225.0, 225.0, 225.0, 225.0, 225.0, 225.0, 225.0, 225.0, 225.0, 225.0, 225.0, 225.0, 225.0, 225.0, 225.0, 225.0, 225.0, 225.0, 225.0, 225.0, 225.0, 225.0, 225.0, 225.0, 225.0, 225.0, 225.0, 225.0, 225.0, 225.0, 225.0, 225.0, 225.0, 225.0, 225.0]	[-294.0, -249.0, -189.0, -64.0, 39.0, 115.0, 191.0, 228.0, 261.0, 288.0, 309.0, 323.0, 334.0, 341.0, 342.0, 342.0, 342.0, 342.0, 342.0, 342.0, 342.0, 342.0, 342.0, 342.0, 342.0, 342.0, 342.0, 342.0, 342.0, 342.0, 342.0, 342.0, 342.0, 342.0, 342.0, 342.0, 342.0, 342.0, 342.0, 342.0, 342.0, 342.0, 342.0, 342.0, 342.0, 342.0, 342.0, 342.0, 342.0, 342.0, 342.0, 342.0, 342.0, 342.0, 342.0, 342.0, 342.0]	[0, 0, 0, 0, 0, 0, 0, 0, 0, 0, 0, 0, 0, 0, 0, 0, 0, 0, 0, 0, 0, 0, 0, 0, 0, 0, 0, 0, 0, 0, 0, 0, 0, 0, 0, 0, 0, 0, 0, 0, 0, 0, 0, 0, 0, 0, 0, 0, 0, 0, 0, 0, 0, 0, 0, 0, 0]	[0, 0, 0, 0, 0, 0, 0, 0, 0, 0, 0, 0, 0, 0, 0, 0, 0, 0, 0, 0, 0, 0, 0, 0, 0, 0, 0, 0, 0, 0, 0, 0, 0, 0, 0, 0, 0, 0, 0, 0, 0, 0, 0, 0, 0, 0, 0, 0, 0, 0, 0, 0, 0, 0, 0, 0, 0]	[0, 0, 0, 0, 0, 0, 0, 0, 0, 0, 0, 0, 0, 0, 0, 0, 0, 0, 0, 0, 0, 0, 0, 0, 0, 0, 0, 0, 0, 0, 0, 0, 0, 0, 0, 0, 0, 0, 0, 0, 0, 0, 0, 0, 0, 0, 0, 0, 0, 0, 0, 0, 0, 0, 0, 0, 0]	[9.269997826777399e-05, 0.011540399980731308, 0.0281222999910824, 0.04495049998513423, 0.06168619997333735, 0.07835119997616857, 0.09522339998511598, 0.1118883999879472, 0.12864969999645837, 0.14498969999840483, 0.16160569997737184, 0.17831489999662153, 0.19509699998889118, 0.2116933999932371, 0.2280834999983199, 0.24467009998625144, 0.2615882999962196, 0.27801879998878576, 0.29490339997573756, 0.3113652999745682, 0.32800619999761693, 0.34460839998791926, 0.36122489999979734, 0.3778802999877371, 0.3946583999786526, 0.4113037999777589, 0.42797049999353476, 0.4446439999737777, 0.46118069998919964, 0.4780229999742005, 0.49460709997219965, 0.5113907999766525, 0.5282190999714658, 0.544860099995276, 0.5615189999807626, 0.578160899982322, 0.5946750000002794, 0.6113167999719735, 0.6281344999733847, 0.6446311999752652, 0.6613049999868963, 0.6781595999782439, 0.6948211999842897, 0.7116502999851946, 0.7283652999904007, 0.7449087999993935, 0.7613255999749526, 0.7779551999992691, 0.7946465999993961, 0.811534299980849, 0.8279595999920275, 0.8447500999900512, 0.8613186999864411, 0.877742999990005, 0.894637799996417, 0.9114833999774419, 0.9279567999765277]	n/a	n/a	1.0	8a
405	11	go_nogo	0	60	4	go	click	[50.0, 50.0, 75.0, 101.0, 128.0, 149.0, 165.0, 177.0, 184.0, 191.0, 197.0, 201.0, 205.0, 208.0, 209.0, 210.0, 210.0, 210.0, 211.0, 211.0, 211.0, 211.0, 211.0]	[-265.0, -265.0, -201.0, -119.0, -32.0, 45.0, 99.0, 134.0, 161.0, 183.0, 204.0, 222.0, 241.0, 254.0, 261.0, 264.0, 265.0, 266.0, 269.0, 270.0, 271.0, 271.0, 271.0]	[0, 0, 0, 0, 0, 0, 0, 0, 0, 0, 0, 0, 0, 0, 0, 0, 0, 0, 0, 0, 0, 0, 1]	[0, 0, 0, 0, 0, 0, 0, 0, 0, 0, 0, 0, 0, 0, 0, 0, 0, 0, 0, 0, 0, 0, 0]	[0, 0, 0, 0, 0, 0, 0, 0, 0, 0, 0, 0, 0, 0, 0, 0, 0, 0, 0, 0, 0, 0, 0]	[0.00022230000467970967, 0.011600400001043454, 0.028519900020910427, 0.04501380000147037, 0.06180640001548454, 0.07809700001962483, 0.09482790000038221, 0.1115198000043165, 0.1280640000186395, 0.14480350000667386, 0.1616286000062246, 0.17833650001557544, 0.1948551000095904, 0.2114385000022594, 0.2282515999977477, 0.244814600009704, 0.26153280001017265, 0.2781927000032738, 0.2948331999941729, 0.31164530001115054, 0.3281018999987282, 0.3447584999958053, 0.36186170001747087]	212.0	271.0	0.9	8a
406	11	go_nogo	0	60	1	nogo	none	[66.0, 71.0, 79.0, 98.0, 115.0, 129.0, 137.0, 150.0, 158.0, 164.0, 167.0, 169.0, 170.0, 171.0, 171.0, 171.0, 171.0, 171.0, 172.0, 172.0, 173.0, 173.0, 173.0, 173.0, 173.0, 173.0, 173.0, 173.0, 173.0, 173.0, 173.0, 173.0, 173.0, 173.0, 173.0, 173.0, 173.0, 173.0, 173.0, 173.0, 173.0, 173.0, 173.0, 173.0, 173.0, 173.0, 173.0, 173.0, 173.0, 173.0, 173.0, 173.0, 173.0, 173.0, 173.0, 173.0, 173.0, 173.0, 173.0, 173.0, 173.0, 173.0]	[-281.0, -258.0, -229.0, -157.0, -65.0, 13.0, 75.0, 118.0, 149.0, 184.0, 206.0, 229.0, 249.0, 260.0, 264.0, 265.0, 266.0, 268.0, 272.0, 275.0, 275.0, 275.0, 275.0, 275.0, 275.0, 275.0, 275.0, 275.0, 275.0, 275.0, 275.0, 275.0, 275.0, 275.0, 275.0, 275.0, 275.0, 275.0, 275.0, 275.0, 275.0, 275.0, 275.0, 275.0, 275.0, 275.0, 275.0, 275.0, 275.0, 275.0, 275.0, 275.0, 275.0, 275.0, 275.0, 275.0, 275.0, 275.0, 275.0, 275.0, 275.0, 275.0]	[0, 0, 0, 0, 0, 0, 0, 0, 0, 0, 0, 0, 0, 0, 0, 0, 0, 0, 0, 0, 0, 0, 0, 0, 0, 0, 0, 0, 0, 0, 0, 0, 0, 0, 0, 0, 0, 0, 0, 0, 0, 0, 0, 0, 0, 0, 0, 0, 0, 0, 0, 0, 0, 0, 0, 0, 0, 0, 0, 0, 0, 0]	[0, 0, 0, 0, 0, 0, 0, 0, 0, 0, 0, 0, 0, 0, 0, 0, 0, 0, 0, 0, 0, 0, 0, 0, 0, 0, 0, 0, 0, 0, 0, 0, 0, 0, 0, 0, 0, 0, 0, 0, 0, 0, 0, 0, 0, 0, 0, 0, 0, 0, 0, 0, 0, 0, 0, 0, 0, 0, 0, 0, 0, 0]	[0, 0, 0, 0, 0, 0, 0, 0, 0, 0, 0, 0, 0, 0, 0, 0, 0, 0, 0, 0, 0, 0, 0, 0, 0, 0, 0, 0, 0, 0, 0, 0, 0, 0, 0, 0, 0, 0, 0, 0, 0, 0, 0, 0, 0, 0, 0, 0, 0, 0, 0, 0, 0, 0, 0, 0, 0, 0, 0, 0, 0, 0]	[8.999998681247234e-05, 0.011405199998989701, 0.027878199995029718, 0.044611799996346235, 0.061534799984656274, 0.07808509998722002, 0.09496979997493327, 0.11146429998916574, 0.12832549997256137, 0.14508249997743405, 0.16159149998566136, 0.17832549999002367, 0.19457629998214543, 0.21133339998777956, 0.22793959997943603, 0.24475209999945946, 0.2612395999894943, 0.27805179997812957, 0.2947709999862127, 0.3116994999872986, 0.3278232999728061, 0.3445684999751393, 0.36132529997848906, 0.37798399999155663, 0.39452519998303615, 0.4113051999884192, 0.4277274999767542, 0.4444698999868706, 0.46128659998066723, 0.4781555999943521, 0.4946502999810036, 0.5111536999756936, 0.5277550999890082, 0.5445013999997173, 0.5611509000009391, 0.5779484999948181, 0.5945626999891829, 0.6114192999957595, 0.6278159999928903, 0.644495199987432, 0.6610163000004832, 0.677746000001207, 0.6944001999800093, 0.7111596999748144, 0.7280074999725912, 0.7446888999838848, 0.7610871999931987, 0.7777367999951821, 0.7946666999778245, 0.8110694999922998, 0.8277508999744896, 0.8445276999846101, 0.8610189999744762, 0.8778217999788467, 0.8943118999886792, 0.9109004999918398, 0.9277244999830145, 0.9443457999732345, 0.9609322999895085, 0.9777227999875322, 0.9943571999901906, 1.0110778999805916]	n/a	n/a	0.9	8a
407	11	go_nogo	0	60	6	go	click	[42.0, 42.0, 47.0, 61.0, 75.0, 88.0, 98.0, 106.0, 114.0, 120.0, 126.0, 128.0, 130.0, 132.0, 133.0, 135.0, 136.0, 139.0, 149.0, 162.0, 170.0, 176.0, 180.0, 182.0, 184.0, 186.0, 186.0, 186.0, 186.0]	[-235.0, -235.0, -192.0, -106.0, -23.0, 55.0, 90.0, 120.0, 145.0, 167.0, 182.0, 188.0, 195.0, 198.0, 203.0, 207.0, 211.0, 216.0, 231.0, 249.0, 263.0, 274.0, 282.0, 286.0, 290.0, 292.0, 292.0, 292.0, 292.0]	[0, 0, 0, 0, 0, 0, 0, 0, 0, 0, 0, 0, 0, 0, 0, 0, 0, 0, 0, 0, 0, 0, 0, 0, 0, 0, 0, 0, 1]	[0, 0, 0, 0, 0, 0, 0, 0, 0, 0, 0, 0, 0, 0, 0, 0, 0, 0, 0, 0, 0, 0, 0, 0, 0, 0, 0, 0, 0]	[0, 0, 0, 0, 0, 0, 0, 0, 0, 0, 0, 0, 0, 0, 0, 0, 0, 0, 0, 0, 0, 0, 0, 0, 0, 0, 0, 0, 0]	[0.00020870001753792167, 0.01148850002209656, 0.028207800001837313, 0.04457430000184104, 0.06144670001231134, 0.07806650002021343, 0.09480089999851771, 0.11171420000027865, 0.12810950001585297, 0.14479099999880418, 0.16137940000044182, 0.17816120001953095, 0.19475980001152493, 0.21193370001856238, 0.2279809000028763, 0.2448222000093665, 0.2614598000072874, 0.2780001000210177, 0.2947135000140406, 0.311591400008183, 0.3282377000141423, 0.344587200001115, 0.3614559000125155, 0.3779802000208292, 0.39468890000716783, 0.41116290001082234, 0.4278589000168722, 0.44478499999968335, 0.46194110001670197]	187.0	291.0	1.0	8a
408	11	go_nogo	0	60	2	go	click	[35.0, 35.0, 47.0, 61.0, 74.0, 89.0, 101.0, 114.0, 125.0, 138.0, 147.0, 159.0, 167.0, 175.0, 181.0, 182.0, 183.0, 185.0, 187.0, 190.0, 191.0, 191.0, 191.0, 191.0]	[-209.0, -209.0, -119.0, -37.0, 34.0, 80.0, 115.0, 145.0, 172.0, 197.0, 221.0, 249.0, 263.0, 273.0, 279.0, 282.0, 282.0, 284.0, 287.0, 290.0, 292.0, 292.0, 292.0, 292.0]	[0, 0, 0, 0, 0, 0, 0, 0, 0, 0, 0, 0, 0, 0, 0, 0, 0, 0, 0, 0, 0, 0, 0, 1]	[0, 0, 0, 0, 0, 0, 0, 0, 0, 0, 0, 0, 0, 0, 0, 0, 0, 0, 0, 0, 0, 0, 0, 0]	[0, 0, 0, 0, 0, 0, 0, 0, 0, 0, 0, 0, 0, 0, 0, 0, 0, 0, 0, 0, 0, 0, 0, 0]	[0.00019669998437166214, 0.012134899996453896, 0.028150900005130097, 0.044912399986060336, 0.06153690000064671, 0.07834259999799542, 0.09488499999861233, 0.11178089998429641, 0.1282577000092715, 0.1449517000000924, 0.1616187999898102, 0.17852009998750873, 0.19494940000004135, 0.21160529999178834, 0.22834860000875778, 0.2449573999911081, 0.26173329999437556, 0.278297399985604, 0.294841599999927, 0.31157630000961944, 0.32815560000017285, 0.34450089998426847, 0.3612057999998797, 0.3785121999972034]	191.0	292.0	0.5	8a
409	11	go_nogo	0	60	6	go	click	[71.0, 71.0, 79.0, 98.0, 120.0, 138.0, 157.0, 170.0, 181.0, 191.0, 202.0, 210.0, 218.0, 225.0, 230.0, 237.0, 242.0, 246.0, 249.0, 251.0, 251.0, 251.0, 251.0, 251.0, 251.0, 251.0, 251.0, 251.0, 251.0, 251.0, 251.0, 251.0, 252.0, 252.0, 252.0, 252.0, 252.0, 252.0, 252.0, 252.0, 238.0, 219.0, 205.0, 201.0, 200.0, 200.0, 200.0, 200.0, 200.0, 200.0, 200.0, 200.0, 200.0, 200.0, 200.0, 200.0]	[-268.0, -268.0, -241.0, -179.0, -76.0, -7.0, 55.0, 100.0, 133.0, 164.0, 191.0, 214.0, 234.0, 251.0, 267.0, 281.0, 289.0, 303.0, 314.0, 325.0, 330.0, 333.0, 333.0, 333.0, 333.0, 331.0, 331.0, 331.0, 331.0, 331.0, 330.0, 327.0, 325.0, 323.0, 323.0, 323.0, 323.0, 323.0, 323.0, 323.0, 310.0, 292.0, 280.0, 277.0, 277.0, 277.0, 277.0, 277.0, 277.0, 277.0, 277.0, 277.0, 277.0, 277.0, 277.0, 277.0]	[0, 0, 0, 0, 0, 0, 0, 0, 0, 0, 0, 0, 0, 0, 0, 0, 0, 0, 0, 0, 0, 0, 0, 0, 0, 0, 1, 1, 1, 1, 1, 1, 1, 1, 1, 1, 1, 0, 0, 0, 0, 0, 0, 0, 0, 0, 0, 0, 0, 0, 0, 0, 0, 0, 0, 0]	[0, 0, 0, 0, 0, 0, 0, 0, 0, 0, 0, 0, 0, 0, 0, 0, 0, 0, 0, 0, 0, 0, 0, 0, 0, 0, 0, 0, 0, 0, 0, 0, 0, 0, 0, 0, 0, 0, 0, 0, 0, 0, 0, 0, 0, 0, 0, 0, 0, 0, 0, 0, 0, 0, 0, 0]	[0, 0, 0, 0, 0, 0, 0, 0, 0, 0, 0, 0, 0, 0, 0, 0, 0, 0, 0, 0, 0, 0, 0, 0, 0, 0, 0, 0, 0, 0, 0, 0, 0, 0, 0, 0, 0, 0, 0, 0, 0, 0, 0, 0, 0, 0, 0, 0, 0, 0, 0, 0, 0, 0, 0, 0]	[0.00026630001957528293, 0.010538300004554912, 0.027171900001121685, 0.04372690001036972, 0.060530400020070374, 0.07712550001451746, 0.09367920001386665, 0.1103953999991063, 0.1268432000069879, 0.14395900000818074, 0.16047950001666322, 0.17710040000383742, 0.19400580000365153, 0.2105141000065487, 0.2270466000190936, 0.2439973000145983, 0.2604221000219695, 0.27733989999978803, 0.29401990000042133, 0.310571300011361, 0.3270135000057053, 0.3436605000169948, 0.36025950001203455, 0.37692010001046583, 0.3937492000113707, 0.4102468000201043, 0.42720430000917986, 0.4436459999997169, 0.46010140000726096, 0.47682999999960884, 0.49358599999686703, 0.510254900000291, 0.5271694000111893, 0.5435571999987587, 0.5601147999987006, 0.5772148999967612, 0.5934553999977652, 0.6103376999963075, 0.6266573000175413, 0.6436244000215083, 0.6603403000044636, 0.6770853000052739, 0.694253599998774, 0.7104151000094134, 0.7267790000187233, 0.7436567000113428, 0.7603971000062302, 0.7768872000160627, 0.7935119000030681, 0.8101331999932881, 0.8267301000014413, 0.8435774999961723, 0.8602968000050168, 0.8767825000104494, 0.8937037000141572, 0.9103315999964252]	200.0	277.0	0.9	8a
410	11	go_nogo	0	60	2	go	click	[63.0, 63.0, 78.0, 105.0, 131.0, 152.0, 178.0, 193.0, 205.0, 218.0, 226.0, 233.0, 237.0, 238.0, 238.0, 238.0, 238.0, 238.0, 238.0, 236.0, 234.0, 231.0, 230.0, 230.0, 230.0, 230.0]	[-221.0, -221.0, -179.0, -96.0, -22.0, 38.0, 107.0, 144.0, 179.0, 212.0, 235.0, 254.0, 267.0, 275.0, 277.0, 277.0, 277.0, 277.0, 277.0, 280.0, 282.0, 284.0, 285.0, 285.0, 285.0, 285.0]	[0, 0, 0, 0, 0, 0, 0, 0, 0, 0, 0, 0, 0, 0, 0, 0, 0, 0, 0, 0, 0, 0, 0, 0, 0, 1]	[0, 0, 0, 0, 0, 0, 0, 0, 0, 0, 0, 0, 0, 0, 0, 0, 0, 0, 0, 0, 0, 0, 0, 0, 0, 0]	[0, 0, 0, 0, 0, 0, 0, 0, 0, 0, 0, 0, 0, 0, 0, 0, 0, 0, 0, 0, 0, 0, 0, 0, 0, 0]	[0.00020089998724870384, 0.011245000001508743, 0.027712599985534325, 0.04468689998611808, 0.06101870001293719, 0.0779982999956701, 0.09466360000078566, 0.1115834999945946, 0.12792369999806397, 0.1446181999926921, 0.16139079999993555, 0.1780768999888096, 0.19473190000280738, 0.21125049999682233, 0.22762900000088848, 0.24467479999293573, 0.26124669998534955, 0.27775469998596236, 0.2946071999904234, 0.3112379999947734, 0.3278678999922704, 0.3444592999876477, 0.3610344000044279, 0.37768470001174137, 0.39430369998444803, 0.41128060000482947]	230.0	285.0	0.8	8a
411	11	go_nogo	0	60	9	nogo	none	[51.0, 51.0, 58.0, 79.0, 101.0, 121.0, 152.0, 160.0, 180.0, 189.0, 198.0, 205.0, 211.0, 216.0, 216.0, 216.0, 216.0, 216.0, 216.0, 216.0, 216.0, 216.0, 216.0, 216.0, 216.0, 216.0, 216.0, 216.0, 216.0, 216.0, 216.0, 216.0, 216.0, 216.0, 216.0, 216.0, 216.0, 216.0, 216.0, 216.0, 216.0, 216.0, 216.0, 216.0, 216.0, 216.0, 216.0, 216.0, 216.0, 216.0, 216.0, 216.0, 216.0, 216.0, 216.0, 216.0, 216.0]	[-181.0, -181.0, -130.0, -27.0, 58.0, 128.0, 213.0, 232.0, 272.0, 293.0, 313.0, 330.0, 346.0, 354.0, 355.0, 355.0, 355.0, 355.0, 355.0, 355.0, 355.0, 355.0, 355.0, 355.0, 355.0, 355.0, 355.0, 355.0, 355.0, 355.0, 355.0, 355.0, 355.0, 355.0, 355.0, 355.0, 355.0, 355.0, 355.0, 355.0, 355.0, 355.0, 355.0, 355.0, 355.0, 355.0, 355.0, 355.0, 355.0, 355.0, 355.0, 355.0, 355.0, 355.0, 355.0, 355.0, 355.0]	[0, 0, 0, 0, 0, 0, 0, 0, 0, 0, 0, 0, 0, 0, 0, 0, 0, 0, 0, 0, 0, 0, 0, 0, 0, 0, 0, 0, 0, 0, 0, 0, 0, 0, 0, 0, 0, 0, 0, 0, 0, 0, 0, 0, 0, 0, 0, 0, 0, 0, 0, 0, 0, 0, 0, 0, 0]	[0, 0, 0, 0, 0, 0, 0, 0, 0, 0, 0, 0, 0, 0, 0, 0, 0, 0, 0, 0, 0, 0, 0, 0, 0, 0, 0, 0, 0, 0, 0, 0, 0, 0, 0, 0, 0, 0, 0, 0, 0, 0, 0, 0, 0, 0, 0, 0, 0, 0, 0, 0, 0, 0, 0, 0, 0]	[0, 0, 0, 0, 0, 0, 0, 0, 0, 0, 0, 0, 0, 0, 0, 0, 0, 0, 0, 0, 0, 0, 0, 0, 0, 0, 0, 0, 0, 0, 0, 0, 0, 0, 0, 0, 0, 0, 0, 0, 0, 0, 0, 0, 0, 0, 0, 0, 0, 0, 0, 0, 0, 0, 0, 0, 0]	[0.00019120000069960952, 0.010556099994573742, 0.026900299999397248, 0.04370030001155101, 0.0604553000011947, 0.07718970000860281, 0.09354090000852011, 0.11068820001673885, 0.1275350000069011, 0.14407619999838062, 0.16030710001359694, 0.17710269999224693, 0.19351230000029318, 0.21029360001557507, 0.22691719999420457, 0.2433278000098653, 0.26006309999502264, 0.2767847999930382, 0.2935672999883536, 0.3101703000138514, 0.32673000000067987, 0.3434117000142578, 0.3600983000069391, 0.3767869000148494, 0.39365600000019185, 0.41007189999800175, 0.4271008000068832, 0.44335509999655187, 0.4601159000012558, 0.4767987999948673, 0.49341299998923205, 0.5100094999943394, 0.5266926999902353, 0.54336070001591, 0.560024100006558, 0.5767023999942467, 0.593440600001486, 0.6100983000069391, 0.6266318999987561, 0.6434808000049088, 0.6600517999904696, 0.6765214999904856, 0.6933105000061914, 0.7097989000030793, 0.7266560000134632, 0.7434252999955788, 0.760336900013499, 0.7767654999915976, 0.7933618999959435, 0.8098147000127938, 0.8266639999928884, 0.8434235000167973, 0.8602536999969743, 0.8766997999919113, 0.8934947999950964, 0.9099796999944374, 0.9267591999960132]	n/a	n/a	0.6	8a
412	11	go_nogo	0	60	2	go	click	[74.0, 74.0, 91.0, 121.0, 149.0, 158.0, 166.0, 170.0, 172.0, 173.0, 176.0, 179.0, 183.0, 186.0, 186.0, 186.0, 186.0, 187.0, 187.0, 189.0, 191.0, 195.0, 197.0, 197.0, 197.0, 197.0, 197.0, 197.0, 197.0]	[-149.0, -149.0, -85.0, 25.0, 119.0, 150.0, 173.0, 188.0, 198.0, 204.0, 210.0, 218.0, 227.0, 235.0, 237.0, 237.0, 237.0, 237.0, 238.0, 243.0, 251.0, 259.0, 264.0, 264.0, 264.0, 264.0, 264.0, 264.0, 264.0]	[0, 0, 0, 0, 0, 0, 0, 0, 0, 0, 0, 0, 0, 0, 0, 0, 0, 0, 0, 0, 0, 0, 0, 0, 0, 0, 0, 0, 1]	[0, 0, 0, 0, 0, 0, 0, 0, 0, 0, 0, 0, 0, 0, 0, 0, 0, 0, 0, 0, 0, 0, 0, 0, 0, 0, 0, 0, 0]	[0, 0, 0, 0, 0, 0, 0, 0, 0, 0, 0, 0, 0, 0, 0, 0, 0, 0, 0, 0, 0, 0, 0, 0, 0, 0, 0, 0, 0]	[0.0001838000025600195, 0.010855400003492832, 0.027688800008036196, 0.04408859999966808, 0.06087909999769181, 0.07737700000870973, 0.09418660000665113, 0.11112919999868609, 0.12792110000737011, 0.1439218000159599, 0.16069010001956485, 0.17739779999828897, 0.19404400000348687, 0.2109416000021156, 0.2272114000224974, 0.24370700001600198, 0.2606872000033036, 0.2771045000117738, 0.29417300000204705, 0.31085750000784174, 0.3274552000220865, 0.3441113000153564, 0.3604607000015676, 0.3770210000220686, 0.39401010001893155, 0.41049950002343394, 0.4273950000060722, 0.44396540001616813, 0.4608189999999013]	197.0	264.0	0.5	8a
413	11	go_nogo	0	60	4	go	click	[24.0, 24.0, 33.0, 76.0, 111.0, 144.0, 169.0, 188.0, 202.0, 211.0, 217.0, 222.0, 228.0, 232.0, 234.0, 234.0, 234.0, 234.0, 234.0, 234.0, 234.0, 234.0, 234.0, 234.0, 234.0, 230.0, 228.0, 225.0, 225.0, 225.0, 225.0, 225.0, 225.0, 225.0, 225.0, 225.0]	[-257.0, -257.0, -217.0, -59.0, 59.0, 150.0, 218.0, 266.0, 297.0, 320.0, 337.0, 355.0, 372.0, 383.0, 391.0, 392.0, 392.0, 392.0, 393.0, 393.0, 393.0, 393.0, 393.0, 393.0, 387.0, 368.0, 359.0, 345.0, 336.0, 332.0, 330.0, 329.0, 328.0, 328.0, 328.0, 328.0]	[0, 0, 0, 0, 0, 0, 0, 0, 0, 0, 0, 0, 0, 0, 0, 0, 0, 0, 0, 0, 0, 0, 0, 0, 0, 0, 0, 0, 0, 0, 0, 0, 0, 0, 0, 1]	[0, 0, 0, 0, 0, 0, 0, 0, 0, 0, 0, 0, 0, 0, 0, 0, 0, 0, 0, 0, 0, 0, 0, 0, 0, 0, 0, 0, 0, 0, 0, 0, 0, 0, 0, 0]	[0, 0, 0, 0, 0, 0, 0, 0, 0, 0, 0, 0, 0, 0, 0, 0, 0, 0, 0, 0, 0, 0, 0, 0, 0, 0, 0, 0, 0, 0, 0, 0, 0, 0, 0, 0]	[0.00022899999748915434, 0.010965699999360368, 0.028127600002335384, 0.044611999997869134, 0.06133140000747517, 0.07799570000497624, 0.09447790001286194, 0.11120970000047237, 0.12782759999390692, 0.14450250001391396, 0.16113349999068305, 0.17779139999765903, 0.19452439999440685, 0.21113680000416934, 0.22770429999218322, 0.2442567000107374, 0.26085710001643747, 0.2778055999951903, 0.29438810001011007, 0.3111079999944195, 0.32764510001288727, 0.3444547000108287, 0.36118619999615476, 0.37799619999714196, 0.3947092000162229, 0.4112295999948401, 0.42798490001587197, 0.44468799998867325, 0.46177709999028593, 0.4776704999967478, 0.494656800001394, 0.5110730000014883, 0.5277697000128683, 0.5442510000139009, 0.5613376999972388, 0.5779703000152949]	225.0	328.0	0.5	8a
414	11	go_nogo	0	60	7	go	click	[32.0, 32.0, 38.0, 52.0, 68.0, 96.0, 117.0, 148.0, 181.0, 204.0, 219.0, 229.0, 232.0, 234.0, 234.0, 234.0, 234.0, 234.0, 234.0, 234.0, 234.0, 233.0, 233.0, 233.0, 233.0, 233.0, 233.0]	[-258.0, -258.0, -234.0, -178.0, -124.0, -48.0, 15.0, 92.0, 161.0, 211.0, 244.0, 265.0, 276.0, 280.0, 281.0, 281.0, 282.0, 282.0, 282.0, 284.0, 289.0, 295.0, 298.0, 299.0, 299.0, 299.0, 299.0]	[0, 0, 0, 0, 0, 0, 0, 0, 0, 0, 0, 0, 0, 0, 0, 0, 0, 0, 0, 0, 0, 0, 0, 0, 0, 0, 1]	[0, 0, 0, 0, 0, 0, 0, 0, 0, 0, 0, 0, 0, 0, 0, 0, 0, 0, 0, 0, 0, 0, 0, 0, 0, 0, 0]	[0, 0, 0, 0, 0, 0, 0, 0, 0, 0, 0, 0, 0, 0, 0, 0, 0, 0, 0, 0, 0, 0, 0, 0, 0, 0, 0]	[0.0002730000123847276, 0.011012000002665445, 0.027628400013782084, 0.04412320000119507, 0.06083570001646876, 0.07781170000089332, 0.09412560000782833, 0.11078480002470315, 0.12763500001165085, 0.14410340000176802, 0.16087050002533942, 0.17739530000835657, 0.1943528999981936, 0.21078970000962727, 0.22720010002376512, 0.24423170002410188, 0.26060960002359934, 0.27718190001905896, 0.29462600001716055, 0.3107841000019107, 0.3272500000020955, 0.3438527000253089, 0.36066120001487434, 0.377324300003238, 0.39395290001994, 0.41057269999873824, 0.4274339000112377]	233.0	299.0	0.6	8a
415	11	go_nogo	0	60	3	go	click	[29.0, 29.0, 32.0, 47.0, 66.0, 87.0, 110.0, 131.0, 150.0, 164.0, 175.0, 182.0, 188.0, 192.0, 199.0, 204.0, 208.0, 210.0, 211.0, 211.0, 211.0, 211.0, 211.0, 211.0, 211.0]	[-280.0, -280.0, -261.0, -184.0, -111.0, -34.0, 40.0, 99.0, 148.0, 187.0, 216.0, 235.0, 251.0, 264.0, 282.0, 296.0, 307.0, 315.0, 318.0, 319.0, 319.0, 319.0, 319.0, 319.0, 319.0]	[0, 0, 0, 0, 0, 0, 0, 0, 0, 0, 0, 0, 0, 0, 0, 0, 0, 0, 0, 0, 0, 0, 0, 0, 1]	[0, 0, 0, 0, 0, 0, 0, 0, 0, 0, 0, 0, 0, 0, 0, 0, 0, 0, 0, 0, 0, 0, 0, 0, 0]	[0, 0, 0, 0, 0, 0, 0, 0, 0, 0, 0, 0, 0, 0, 0, 0, 0, 0, 0, 0, 0, 0, 0, 0, 0]	[0.00019800002337433398, 0.009556500008329749, 0.026394000014988706, 0.04343610000796616, 0.06057070000679232, 0.07666560000507161, 0.0930930000031367, 0.10988850001012906, 0.126093500002753, 0.14276680001057684, 0.15949240000918508, 0.1761504000169225, 0.1926099999982398, 0.20952560001751408, 0.2262936000188347, 0.24286110000684857, 0.25934370001778007, 0.2762951000186149, 0.2927895000029821, 0.30931940002483316, 0.3261554000200704, 0.3427862000244204, 0.35924570000497624, 0.3759110000100918, 0.3932466999976896]	211.0	319.0	0.9	8a
416	11	go_nogo	0	60	9	nogo	none	[40.0, 40.0, 56.0, 79.0, 106.0, 135.0, 150.0, 160.0, 165.0, 166.0, 168.0, 171.0, 174.0, 178.0, 182.0, 185.0, 186.0, 189.0, 189.0, 189.0, 189.0, 189.0, 189.0, 189.0, 189.0, 189.0, 189.0, 189.0, 189.0, 189.0, 189.0, 189.0, 189.0, 189.0, 189.0, 189.0, 189.0, 189.0, 189.0, 189.0, 189.0, 189.0, 189.0, 189.0, 189.0, 189.0, 189.0, 189.0, 189.0, 189.0, 189.0, 189.0, 189.0, 189.0, 189.0, 189.0, 189.0, 189.0, 189.0, 189.0, 189.0]	[-264.0, -264.0, -185.0, -92.0, -6.0, 74.0, 124.0, 156.0, 179.0, 194.0, 207.0, 220.0, 233.0, 251.0, 266.0, 274.0, 278.0, 282.0, 284.0, 284.0, 284.0, 284.0, 284.0, 284.0, 284.0, 284.0, 284.0, 284.0, 284.0, 284.0, 284.0, 284.0, 284.0, 284.0, 284.0, 284.0, 284.0, 284.0, 284.0, 284.0, 284.0, 284.0, 284.0, 284.0, 284.0, 284.0, 284.0, 284.0, 284.0, 284.0, 284.0, 284.0, 284.0, 284.0, 284.0, 284.0, 284.0, 284.0, 284.0, 284.0, 284.0]	[0, 0, 0, 0, 0, 0, 0, 0, 0, 0, 0, 0, 0, 0, 0, 0, 0, 0, 0, 0, 0, 0, 0, 0, 0, 0, 0, 0, 0, 0, 0, 0, 0, 0, 0, 0, 0, 0, 0, 0, 0, 0, 0, 0, 0, 0, 0, 0, 0, 0, 0, 0, 0, 0, 0, 0, 0, 0, 0, 0, 0]	[0, 0, 0, 0, 0, 0, 0, 0, 0, 0, 0, 0, 0, 0, 0, 0, 0, 0, 0, 0, 0, 0, 0, 0, 0, 0, 0, 0, 0, 0, 0, 0, 0, 0, 0, 0, 0, 0, 0, 0, 0, 0, 0, 0, 0, 0, 0, 0, 0, 0, 0, 0, 0, 0, 0, 0, 0, 0, 0, 0, 0]	[0, 0, 0, 0, 0, 0, 0, 0, 0, 0, 0, 0, 0, 0, 0, 0, 0, 0, 0, 0, 0, 0, 0, 0, 0, 0, 0, 0, 0, 0, 0, 0, 0, 0, 0, 0, 0, 0, 0, 0, 0, 0, 0, 0, 0, 0, 0, 0, 0, 0, 0, 0, 0, 0, 0, 0, 0, 0, 0, 0, 0]	[0.00019719998817890882, 0.01225139998132363, 0.028697500005364418, 0.04539059998933226, 0.06224389999988489, 0.07887689999188296, 0.09613570000510663, 0.11225380000541918, 0.12890229999902658, 0.14579429998411797, 0.16224760000477545, 0.1788032999902498, 0.1956681000010576, 0.21242369999527, 0.22907719999784604, 0.24589069999638014, 0.2624227000051178, 0.2789628999889828, 0.2954304000013508, 0.3121627999935299, 0.3287902000010945, 0.34550409999792464, 0.3622637999942526, 0.3787813999806531, 0.39542960000107996, 0.4122536999930162, 0.42883719998644665, 0.4453858000051696, 0.4620386000024155, 0.47859660000540316, 0.49540949999936856, 0.5121685999911278, 0.5287246000079904, 0.5453386000008322, 0.5621376000053715, 0.5789598999836016, 0.5954606999875978, 0.611894100002246, 0.6286352000024635, 0.6452227999980096, 0.6618578000052366, 0.6785490000038408, 0.6951613999844994, 0.7121231000055559, 0.7285659000044689, 0.7454541999904905, 0.7618574999796692, 0.7785222999809776, 0.7952638999850024, 0.8119224999973085, 0.828649500006577, 0.8451901999942493, 0.862236099987058, 0.8786223999923095, 0.8952054999826942, 0.9118276000081096, 0.9285989000054542, 0.9452329000050668, 0.961921899986919, 0.9789654999913182, 0.9952638999966439]	n/a	n/a	0.9	8a
417	11	go_nogo	0	60	7	go	click	[48.0, 48.0, 60.0, 89.0, 118.0, 131.0, 141.0, 148.0, 152.0, 153.0, 155.0, 156.0, 158.0, 160.0, 163.0, 164.0, 164.0, 165.0, 167.0, 171.0, 176.0, 179.0, 180.0, 180.0, 180.0, 180.0]	[-219.0, -219.0, -174.0, -72.0, 37.0, 86.0, 123.0, 150.0, 165.0, 173.0, 179.0, 187.0, 198.0, 213.0, 223.0, 228.0, 230.0, 235.0, 242.0, 253.0, 263.0, 270.0, 272.0, 273.0, 273.0, 273.0]	[0, 0, 0, 0, 0, 0, 0, 0, 0, 0, 0, 0, 0, 0, 0, 0, 0, 0, 0, 0, 0, 0, 0, 0, 0, 1]	[0, 0, 0, 0, 0, 0, 0, 0, 0, 0, 0, 0, 0, 0, 0, 0, 0, 0, 0, 0, 0, 0, 0, 0, 0, 0]	[0, 0, 0, 0, 0, 0, 0, 0, 0, 0, 0, 0, 0, 0, 0, 0, 0, 0, 0, 0, 0, 0, 0, 0, 0, 0]	[0.0002584999892860651, 0.009956800000509247, 0.026723399991169572, 0.043444399983854964, 0.06045669998275116, 0.07699750000028871, 0.09363429999211803, 0.11083479999797419, 0.12660359998699278, 0.14325160000589676, 0.15992440000991337, 0.1764926000032574, 0.1933627999969758, 0.21005359999253415, 0.2264994999859482, 0.24312609998742118, 0.2599323999893386, 0.27651749999495223, 0.29320059999008663, 0.3102076000068337, 0.32664039998780936, 0.34325340000214055, 0.3597398999845609, 0.37657349999062717, 0.3930687000101898, 0.4099974999844562]	180.0	273.0	0.7	8a
418	11	go_nogo	0	60	3	go	click	[30.0, 30.0, 36.0, 48.0, 74.0, 101.0, 130.0, 161.0, 180.0, 203.0, 212.0, 222.0, 228.0, 233.0, 239.0, 243.0, 245.0, 246.0, 246.0, 246.0, 246.0, 246.0, 246.0, 246.0]	[-290.0, -290.0, -269.0, -227.0, -152.0, -69.0, 14.0, 86.0, 134.0, 182.0, 209.0, 233.0, 252.0, 267.0, 285.0, 298.0, 307.0, 312.0, 316.0, 318.0, 318.0, 318.0, 318.0, 318.0]	[0, 0, 0, 0, 0, 0, 0, 0, 0, 0, 0, 0, 0, 0, 0, 0, 0, 0, 0, 0, 0, 0, 0, 1]	[0, 0, 0, 0, 0, 0, 0, 0, 0, 0, 0, 0, 0, 0, 0, 0, 0, 0, 0, 0, 0, 0, 0, 0]	[0, 0, 0, 0, 0, 0, 0, 0, 0, 0, 0, 0, 0, 0, 0, 0, 0, 0, 0, 0, 0, 0, 0, 0]	[7.469998672604561e-05, 0.012426499975845218, 0.028523399989353493, 0.04522629998973571, 0.062128699995810166, 0.07870429998729378, 0.09541660000104457, 0.11177180000231601, 0.1286582000029739, 0.14538699999684468, 0.16226819998701103, 0.17918659999850206, 0.19528970000101253, 0.21223619999364018, 0.2286465999786742, 0.24593749997438863, 0.26206749997800216, 0.2786443999793846, 0.2953038999985438, 0.31177989998832345, 0.32842979999259114, 0.34499610000057146, 0.3617014999908861, 0.3787022999895271]	246.0	318.0	0.8	8a
419	11	go_nogo	0	60	3	go	click	[35.0, 45.0, 55.0, 71.0, 88.0, 100.0, 110.0, 118.0, 131.0, 139.0, 145.0, 154.0, 160.0, 164.0, 167.0, 169.0, 171.0, 175.0, 182.0, 189.0, 191.0, 191.0, 191.0, 191.0, 191.0]	[-222.0, -174.0, -130.0, -58.0, 3.0, 46.0, 82.0, 119.0, 160.0, 185.0, 206.0, 226.0, 245.0, 258.0, 265.0, 269.0, 273.0, 280.0, 290.0, 305.0, 307.0, 307.0, 307.0, 307.0, 307.0]	[0, 0, 0, 0, 0, 0, 0, 0, 0, 0, 0, 0, 0, 0, 0, 0, 0, 0, 0, 0, 0, 0, 0, 0, 1]	[0, 0, 0, 0, 0, 0, 0, 0, 0, 0, 0, 0, 0, 0, 0, 0, 0, 0, 0, 0, 0, 0, 0, 0, 0]	[0, 0, 0, 0, 0, 0, 0, 0, 0, 0, 0, 0, 0, 0, 0, 0, 0, 0, 0, 0, 0, 0, 0, 0, 0]	[0.00010999999358318746, 0.011523099994519725, 0.02824369998415932, 0.04509869997855276, 0.06167890000506304, 0.07807849999517202, 0.09475099999690428, 0.11160969999036752, 0.12847169997985475, 0.14501259999815375, 0.16172249999362975, 0.17856709999614395, 0.19499269998050295, 0.21176019997801632, 0.22852020000573248, 0.24477509999996983, 0.2614918999897782, 0.2781216999865137, 0.29517880000639707, 0.3116930999967735, 0.327917399990838, 0.34450350000406615, 0.3614391000010073, 0.37782890000380576, 0.3949345999862999]	191.0	307.0	0.7	8a
420	11	go_nogo	0	60	9	nogo	none	[22.0, 22.0, 34.0, 68.0, 111.0, 135.0, 146.0, 151.0, 155.0, 158.0, 164.0, 169.0, 175.0, 180.0, 182.0, 184.0, 185.0, 185.0, 186.0, 186.0, 186.0, 186.0]	[-245.0, -245.0, -200.0, -101.0, 38.0, 112.0, 160.0, 195.0, 216.0, 232.0, 248.0, 265.0, 282.0, 301.0, 310.0, 316.0, 318.0, 322.0, 323.0, 323.0, 323.0, 323.0]	[0, 0, 0, 0, 0, 0, 0, 0, 0, 0, 0, 0, 0, 0, 0, 0, 0, 0, 0, 0, 0, 1]	[0, 0, 0, 0, 0, 0, 0, 0, 0, 0, 0, 0, 0, 0, 0, 0, 0, 0, 0, 0, 0, 0]	[0, 0, 0, 0, 0, 0, 0, 0, 0, 0, 0, 0, 0, 0, 0, 0, 0, 0, 0, 0, 0, 0]	[0.00018470000941306353, 0.011418500012950972, 0.027646100003039464, 0.044520199997350574, 0.06133840000256896, 0.07816870001261123, 0.09487650002120063, 0.11147470001014881, 0.12776319999829866, 0.14468500000657514, 0.16120270002284087, 0.1778319000150077, 0.19445330000598915, 0.21115970000391826, 0.22792250002385117, 0.2443550000025425, 0.2610632000141777, 0.2778991000086535, 0.2943175000254996, 0.3109644000069238, 0.32784800001536496, 0.34469530000933446]	186.0	323.0	0.8	8a
421	11	go_nogo	0	60	3	go	click	[90.0, 90.0, 127.0, 144.0, 156.0, 163.0, 165.0, 165.0, 164.0, 163.0, 163.0, 163.0, 161.0, 160.0, 158.0, 156.0, 155.0, 151.0, 151.0, 153.0, 160.0, 164.0, 166.0, 169.0, 173.0, 180.0, 189.0, 193.0, 195.0, 195.0, 195.0]	[-183.0, -183.0, -115.0, -75.0, -36.0, 1.0, 37.0, 65.0, 87.0, 107.0, 124.0, 150.0, 161.0, 168.0, 172.0, 177.0, 183.0, 195.0, 213.0, 235.0, 258.0, 274.0, 281.0, 291.0, 301.0, 316.0, 332.0, 339.0, 340.0, 340.0, 340.0]	[0, 0, 0, 0, 0, 0, 0, 0, 0, 0, 0, 0, 0, 0, 0, 0, 0, 0, 0, 0, 0, 0, 0, 0, 0, 0, 0, 0, 0, 0, 1]	[0, 0, 0, 0, 0, 0, 0, 0, 0, 0, 0, 0, 0, 0, 0, 0, 0, 0, 0, 0, 0, 0, 0, 0, 0, 0, 0, 0, 0, 0, 0]	[0, 0, 0, 0, 0, 0, 0, 0, 0, 0, 0, 0, 0, 0, 0, 0, 0, 0, 0, 0, 0, 0, 0, 0, 0, 0, 0, 0, 0, 0, 0]	[0.00020060001406818628, 0.011682300013490021, 0.02839180000592023, 0.04545999999390915, 0.0620090999873355, 0.07852790001197718, 0.09526800000458024, 0.1116494000016246, 0.12849679999635555, 0.14515709999250248, 0.16207809999468736, 0.1783139999897685, 0.19516979999025352, 0.21202189999166876, 0.22837960001197644, 0.24511759998858906, 0.2617216999933589, 0.27834630000870675, 0.29502260001027025, 0.3117509000003338, 0.3283192999952007, 0.3451455000031274, 0.36173249999410473, 0.37872670000069775, 0.3955450000066776, 0.41172289999667555, 0.42842780001228675, 0.4451081000152044, 0.4614292999904137, 0.4780157000059262, 0.4951037999999244]	195.0	340.0	0.5	8a
422	11	go_nogo	0	60	6	go	click	[14.0, 14.0, 22.0, 34.0, 47.0, 60.0, 70.0, 83.0, 91.0, 101.0, 107.0, 112.0, 114.0, 118.0, 120.0, 122.0, 124.0, 128.0, 133.0, 137.0, 141.0, 141.0, 141.0, 141.0, 141.0, 141.0, 141.0, 143.0, 145.0, 145.0, 145.0, 145.0, 145.0, 145.0, 145.0, 145.0, 145.0, 145.0, 145.0, 145.0, 145.0, 145.0, 145.0, 145.0, 145.0, 145.0, 145.0, 145.0, 145.0, 149.0, 151.0, 154.0, 155.0, 155.0, 156.0, 156.0]	[-274.0, -274.0, -256.0, -219.0, -164.0, -103.0, -36.0, 23.0, 81.0, 123.0, 148.0, 165.0, 180.0, 193.0, 204.0, 211.0, 218.0, 228.0, 245.0, 258.0, 264.0, 265.0, 265.0, 265.0, 265.0, 265.0, 266.0, 267.0, 268.0, 269.0, 269.0, 269.0, 269.0, 269.0, 269.0, 269.0, 269.0, 269.0, 269.0, 269.0, 269.0, 269.0, 269.0, 269.0, 269.0, 269.0, 269.0, 269.0, 269.0, 269.0, 269.0, 269.0, 269.0, 269.0, 269.0, 269.0]	[0, 0, 0, 0, 0, 0, 0, 0, 0, 0, 0, 0, 0, 0, 0, 0, 0, 0, 0, 0, 0, 0, 0, 0, 0, 0, 0, 0, 0, 0, 0, 0, 1, 1, 1, 1, 1, 1, 1, 0, 0, 0, 0, 0, 0, 0, 0, 0, 0, 0, 0, 0, 0, 0, 0, 1]	[0, 0, 0, 0, 0, 0, 0, 0, 0, 0, 0, 0, 0, 0, 0, 0, 0, 0, 0, 0, 0, 0, 0, 0, 0, 0, 0, 0, 0, 0, 0, 0, 0, 0, 0, 0, 0, 0, 0, 0, 0, 0, 0, 0, 0, 0, 0, 0, 0, 0, 0, 0, 0, 0, 0, 0]	[0, 0, 0, 0, 0, 0, 0, 0, 0, 0, 0, 0, 0, 0, 0, 0, 0, 0, 0, 0, 0, 0, 0, 0, 0, 0, 0, 0, 0, 0, 0, 0, 0, 0, 0, 0, 0, 0, 0, 0, 0, 0, 0, 0, 0, 0, 0, 0, 0, 0, 0, 0, 0, 0, 0, 0]	[0.00017790001584216952, 0.011543800006620586, 0.028161399997770786, 0.04481530000339262, 0.0616777999966871, 0.07833300001220778, 0.09498240001266822, 0.11166789999697357, 0.12859239999670535, 0.14505500000086613, 0.1616760000179056, 0.1782695000001695, 0.19495370000367984, 0.21159890000126325, 0.22845250001410022, 0.2449180000112392, 0.26176740002119914, 0.2781263000215404, 0.2951928999973461, 0.3117019000055734, 0.328158300020732, 0.3446842000121251, 0.3613046999962535, 0.37790590000804514, 0.39453900000080466, 0.4115837000135798, 0.4281607000157237, 0.4447944000130519, 0.46188460002304055, 0.47804610000457615, 0.49458680002135225, 0.5112498000089545, 0.5282993000000715, 0.5446392000012565, 0.5614829999976791, 0.5781445000029635, 0.5949598000152037, 0.6114565000170842, 0.6278905000071973, 0.6449165999947581, 0.6612835999985691, 0.6780753000057302, 0.6945126000209711, 0.7113530000206083, 0.7279788000159897, 0.7445047000073828, 0.7612806000106502, 0.777943499997491, 0.7949074000061955, 0.8113593000161927, 0.8281839000119362, 0.8448215000098571, 0.8612423000158742, 0.8780378999945242, 0.8946327000157908, 0.9114101000013761]	156.0	269.0	1.0	8a
423	11	go_nogo	0	60	4	go	click	[95.0, 95.0, 102.0, 118.0, 122.0, 127.0, 128.0, 130.0, 130.0, 133.0, 134.0, 136.0, 136.0, 136.0, 141.0, 156.0, 163.0, 171.0, 175.0, 180.0, 187.0, 195.0, 201.0, 202.0, 202.0, 202.0, 202.0, 202.0, 202.0, 202.0]	[-220.0, -220.0, -195.0, -113.0, -67.0, -31.0, -4.0, 24.0, 58.0, 92.0, 120.0, 137.0, 145.0, 155.0, 168.0, 210.0, 235.0, 252.0, 258.0, 265.0, 274.0, 286.0, 297.0, 300.0, 300.0, 300.0, 300.0, 300.0, 300.0, 300.0]	[0, 0, 0, 0, 0, 0, 0, 0, 0, 0, 0, 0, 0, 0, 0, 0, 0, 0, 0, 0, 0, 0, 0, 0, 0, 0, 0, 0, 0, 1]	[0, 0, 0, 0, 0, 0, 0, 0, 0, 0, 0, 0, 0, 0, 0, 0, 0, 0, 0, 0, 0, 0, 0, 0, 0, 0, 0, 0, 0, 0]	[0, 0, 0, 0, 0, 0, 0, 0, 0, 0, 0, 0, 0, 0, 0, 0, 0, 0, 0, 0, 0, 0, 0, 0, 0, 0, 0, 0, 0, 0]	[0.00018799997633323073, 0.01229289997718297, 0.028809199982788414, 0.04570899999816902, 0.06211449997499585, 0.07896839999011718, 0.09551529999589548, 0.1121151999977883, 0.12904149998212233, 0.14552669998374768, 0.16249930000049062, 0.17890029997215606, 0.19551249998039566, 0.2123006999900099, 0.22902339999563992, 0.24631039999076165, 0.2623345999745652, 0.27905649997410364, 0.2956980999733787, 0.3122072999831289, 0.32873799998196773, 0.3455200999742374, 0.362290099990787, 0.3786705999809783, 0.3954061999975238, 0.41193039997597225, 0.42865049999090843, 0.44543229998089373, 0.4619325999810826, 0.4790317999722902]	202.0	300.0	0.8	8a
424	11	go_nogo	0	60	1	nogo	none	[22.0, 22.0, 30.0, 43.0, 65.0, 75.0, 88.0, 98.0, 104.0, 110.0, 115.0, 121.0, 132.0, 142.0, 146.0, 148.0, 148.0, 148.0, 151.0, 158.0, 168.0, 175.0, 177.0, 177.0, 177.0, 177.0, 177.0, 177.0, 178.0, 178.0, 178.0, 178.0, 178.0, 178.0, 178.0, 178.0, 178.0, 178.0, 178.0, 178.0, 178.0, 178.0, 178.0, 178.0, 178.0, 178.0, 178.0, 178.0, 178.0, 178.0, 178.0, 178.0, 178.0, 178.0, 178.0, 178.0, 178.0, 178.0, 178.0, 178.0, 178.0, 178.0, 178.0, 178.0, 178.0]	[-255.0, -255.0, -204.0, -94.0, 13.0, 52.0, 85.0, 108.0, 122.0, 135.0, 145.0, 155.0, 175.0, 195.0, 205.0, 206.0, 207.0, 207.0, 213.0, 227.0, 240.0, 248.0, 250.0, 250.0, 250.0, 250.0, 250.0, 250.0, 250.0, 250.0, 250.0, 250.0, 250.0, 250.0, 250.0, 250.0, 250.0, 250.0, 250.0, 250.0, 250.0, 250.0, 250.0, 250.0, 250.0, 250.0, 250.0, 250.0, 250.0, 250.0, 250.0, 250.0, 250.0, 250.0, 250.0, 250.0, 250.0, 250.0, 250.0, 250.0, 250.0, 250.0, 250.0, 250.0, 250.0]	[0, 0, 0, 0, 0, 0, 0, 0, 0, 0, 0, 0, 0, 0, 0, 0, 0, 0, 0, 0, 0, 0, 0, 0, 0, 0, 0, 0, 0, 0, 0, 0, 0, 0, 0, 0, 0, 0, 0, 0, 0, 0, 0, 0, 0, 0, 0, 0, 0, 0, 0, 0, 0, 0, 0, 0, 0, 0, 0, 0, 0, 0, 0, 0, 0]	[0, 0, 0, 0, 0, 0, 0, 0, 0, 0, 0, 0, 0, 0, 0, 0, 0, 0, 0, 0, 0, 0, 0, 0, 0, 0, 0, 0, 0, 0, 0, 0, 0, 0, 0, 0, 0, 0, 0, 0, 0, 0, 0, 0, 0, 0, 0, 0, 0, 0, 0, 0, 0, 0, 0, 0, 0, 0, 0, 0, 0, 0, 0, 0, 0]	[0, 0, 0, 0, 0, 0, 0, 0, 0, 0, 0, 0, 0, 0, 0, 0, 0, 0, 0, 0, 0, 0, 0, 0, 0, 0, 0, 0, 0, 0, 0, 0, 0, 0, 0, 0, 0, 0, 0, 0, 0, 0, 0, 0, 0, 0, 0, 0, 0, 0, 0, 0, 0, 0, 0, 0, 0, 0, 0, 0, 0, 0, 0, 0, 0]	[0.00017520002438686788, 0.011811200005467981, 0.028275600023334846, 0.04503680000198074, 0.06182850000914186, 0.07871610001893714, 0.09506940000574104, 0.11159840002073906, 0.12843800001428463, 0.1450094000028912, 0.16162650001933798, 0.17840910001541488, 0.1951118000142742, 0.21178169999620877, 0.22851919999811798, 0.244674900022801, 0.26131790000363253, 0.2780749000085052, 0.2955040000088047, 0.31129880002117716, 0.32816380000440404, 0.3447011000243947, 0.36160380000364967, 0.37793800001963973, 0.3946351000049617, 0.41145710001001135, 0.42797640000935644, 0.4446929999976419, 0.4613813000032678, 0.47824640001636, 0.494821200001752, 0.5113436999963596, 0.5281710000126623, 0.5446610000217333, 0.5614705000189133, 0.5782700999989174, 0.5946469000191428, 0.6112800000119023, 0.627943100000266, 0.6445830000157002, 0.6612590000149794, 0.6777816000103485, 0.6944813000154682, 0.7110785999975633, 0.7280181999958586, 0.7445910999958869, 0.7612301000044681, 0.7777413000003435, 0.7944912000093609, 0.811139400000684, 0.8277881999965757, 0.844525499996962, 0.8611182000022382, 0.8779516000067815, 0.8947514000174124, 0.9112127000116743, 0.9278889000124764, 0.9444510000175796, 0.9609858000185341, 0.9777409000089392, 0.9944597000139765, 1.0109813000017311, 1.027884900016943, 1.0444684000103734, 1.0610256000072695]	n/a	n/a	0.5	8a
425	11	go_nogo	0	60	7	go	click	[38.0, 38.0, 42.0, 57.0, 76.0, 95.0, 117.0, 128.0, 138.0, 149.0, 162.0, 177.0, 184.0, 189.0, 190.0, 192.0, 197.0, 203.0, 205.0, 208.0, 212.0, 212.0, 212.0, 212.0, 212.0, 212.0, 212.0, 212.0, 212.0, 212.0]	[-275.0, -275.0, -248.0, -184.0, -122.0, -60.0, 5.0, 34.0, 59.0, 90.0, 123.0, 153.0, 170.0, 179.0, 183.0, 189.0, 205.0, 236.0, 254.0, 267.0, 277.0, 286.0, 294.0, 299.0, 301.0, 302.0, 303.0, 303.0, 303.0, 303.0]	[0, 0, 0, 0, 0, 0, 0, 0, 0, 0, 0, 0, 0, 0, 0, 0, 0, 0, 0, 0, 0, 0, 0, 0, 0, 0, 0, 0, 0, 1]	[0, 0, 0, 0, 0, 0, 0, 0, 0, 0, 0, 0, 0, 0, 0, 0, 0, 0, 0, 0, 0, 0, 0, 0, 0, 0, 0, 0, 0, 0]	[0, 0, 0, 0, 0, 0, 0, 0, 0, 0, 0, 0, 0, 0, 0, 0, 0, 0, 0, 0, 0, 0, 0, 0, 0, 0, 0, 0, 0, 0]	[0.00023940001847222447, 0.011013400013325736, 0.027516700007254258, 0.04429119999986142, 0.06088940001791343, 0.07758939999621361, 0.09433640001225285, 0.11103689999436028, 0.12785059999441728, 0.14443519999622367, 0.16090459999395534, 0.17783739999867976, 0.19458139999187551, 0.2110543000162579, 0.22793160000583157, 0.2444176000135485, 0.2611631999898236, 0.27800560000468977, 0.2948488999973051, 0.311763300007442, 0.32773220000672154, 0.344464900001185, 0.3609447999915574, 0.3776820999919437, 0.39462400000775233, 0.4108503000170458, 0.4273823999974411, 0.4440650999895297, 0.46081889999913983, 0.4774508000118658]	212.0	303.0	0.9	8a
426	11	go_nogo	0	60	8	go	click	[73.0, 73.0, 87.0, 115.0, 126.0, 136.0, 143.0, 146.0, 147.0, 148.0, 149.0, 150.0, 153.0, 157.0, 158.0, 159.0, 159.0, 159.0, 159.0, 159.0, 159.0, 159.0, 161.0, 165.0, 166.0, 166.0, 166.0, 166.0]	[-161.0, -161.0, -96.0, 50.0, 117.0, 159.0, 192.0, 208.0, 218.0, 223.0, 225.0, 230.0, 238.0, 254.0, 260.0, 260.0, 260.0, 260.0, 260.0, 260.0, 260.0, 261.0, 265.0, 270.0, 270.0, 270.0, 270.0, 270.0]	[0, 0, 0, 0, 0, 0, 0, 0, 0, 0, 0, 0, 0, 0, 0, 0, 0, 0, 0, 0, 0, 0, 0, 0, 0, 0, 0, 1]	[0, 0, 0, 0, 0, 0, 0, 0, 0, 0, 0, 0, 0, 0, 0, 0, 0, 0, 0, 0, 0, 0, 0, 0, 0, 0, 0, 0]	[0, 0, 0, 0, 0, 0, 0, 0, 0, 0, 0, 0, 0, 0, 0, 0, 0, 0, 0, 0, 0, 0, 0, 0, 0, 0, 0, 0]	[0.00017819998902268708, 0.012259599985554814, 0.028424099989933893, 0.04530349999549799, 0.06176969999796711, 0.07856409999658354, 0.09508830000413582, 0.11181659999419935, 0.12849119998281822, 0.14533239998854697, 0.161755599983735, 0.17844150000019, 0.19500659999903291, 0.2116760999779217, 0.22818419997929595, 0.24490799999330193, 0.26141969999298453, 0.27805829999851994, 0.2947283999819774, 0.31154049999895506, 0.32830559997819364, 0.34514279998256825, 0.3625248000025749, 0.37832419999176636, 0.39474319998407736, 0.4113717000000179, 0.42810869999811985, 0.4446917999885045]	166.0	270.0	0.5	8a
427	11	go_nogo	0	60	9	nogo	none	[47.0, 47.0, 61.0, 88.0, 115.0, 150.0, 162.0, 169.0, 174.0, 176.0, 178.0, 178.0, 178.0, 180.0, 180.0, 181.0, 181.0, 181.0, 181.0, 179.0, 179.0, 179.0, 179.0, 179.0, 179.0, 179.0, 179.0, 179.0, 179.0, 179.0, 179.0, 179.0, 179.0, 179.0, 179.0, 179.0, 179.0, 179.0, 179.0, 179.0, 179.0, 179.0, 179.0, 179.0, 179.0, 179.0, 179.0, 179.0, 179.0, 179.0, 179.0, 179.0, 179.0, 179.0, 179.0, 179.0, 179.0, 179.0, 179.0, 179.0, 179.0, 179.0, 179.0, 179.0]	[-264.0, -264.0, -230.0, -143.0, -53.0, 58.0, 100.0, 128.0, 155.0, 174.0, 186.0, 193.0, 200.0, 208.0, 216.0, 220.0, 224.0, 227.0, 228.0, 234.0, 236.0, 237.0, 237.0, 238.0, 238.0, 238.0, 238.0, 238.0, 238.0, 238.0, 238.0, 238.0, 238.0, 238.0, 238.0, 238.0, 238.0, 238.0, 238.0, 238.0, 238.0, 238.0, 238.0, 238.0, 238.0, 238.0, 238.0, 238.0, 238.0, 238.0, 238.0, 238.0, 238.0, 238.0, 238.0, 238.0, 238.0, 238.0, 238.0, 238.0, 238.0, 238.0, 238.0, 238.0]	[0, 0, 0, 0, 0, 0, 0, 0, 0, 0, 0, 0, 0, 0, 0, 0, 0, 0, 0, 0, 0, 0, 0, 0, 0, 0, 0, 0, 0, 0, 0, 0, 0, 0, 0, 0, 0, 0, 0, 0, 0, 0, 0, 0, 0, 0, 0, 0, 0, 0, 0, 0, 0, 0, 0, 0, 0, 0, 0, 0, 0, 0, 0, 0]	[0, 0, 0, 0, 0, 0, 0, 0, 0, 0, 0, 0, 0, 0, 0, 0, 0, 0, 0, 0, 0, 0, 0, 0, 0, 0, 0, 0, 0, 0, 0, 0, 0, 0, 0, 0, 0, 0, 0, 0, 0, 0, 0, 0, 0, 0, 0, 0, 0, 0, 0, 0, 0, 0, 0, 0, 0, 0, 0, 0, 0, 0, 0, 0]	[0, 0, 0, 0, 0, 0, 0, 0, 0, 0, 0, 0, 0, 0, 0, 0, 0, 0, 0, 0, 0, 0, 0, 0, 0, 0, 0, 0, 0, 0, 0, 0, 0, 0, 0, 0, 0, 0, 0, 0, 0, 0, 0, 0, 0, 0, 0, 0, 0, 0, 0, 0, 0, 0, 0, 0, 0, 0, 0, 0, 0, 0, 0, 0]	[0.0001883000077214092, 0.010872300015762448, 0.027385300025343895, 0.04405970001243986, 0.06096980001893826, 0.07743200002005324, 0.09405540002626367, 0.11140280001563951, 0.12775210000108927, 0.14397390000522137, 0.16094330002670176, 0.1773492000065744, 0.1943211000179872, 0.21056040000985377, 0.22749110002769157, 0.2439303999999538, 0.26063500001328066, 0.2771797000023071, 0.2941986000223551, 0.3106802000256721, 0.3272776000085287, 0.3437256000179332, 0.36056050000479445, 0.377048200025456, 0.3936894000216853, 0.4103354000253603, 0.4269949000154156, 0.44372420001309365, 0.4603314000123646, 0.4770931000239216, 0.49359590001404285, 0.5106846000126097, 0.5272925000172108, 0.5439984000113327, 0.5604563000088092, 0.5770226000167895, 0.5936536000226624, 0.6105098000261933, 0.6273407000117004, 0.6438402000057977, 0.6603969000279903, 0.676991900021676, 0.6936290000157896, 0.7102623000100721, 0.7271926000248641, 0.7436623000248801, 0.7602802000183146, 0.7769321000087075, 0.7938087000220548, 0.8102714000269771, 0.8269747000013012, 0.8436258000147063, 0.8602395000052638, 0.8770792000286747, 0.8935482000233606, 0.9104751000122633, 0.9269969000015408, 0.943813100020634, 0.9605577000183985, 0.976922600006219, 0.9934409000270534, 1.010246800025925, 1.0271123000129592, 1.0435499000013806]	n/a	n/a	0.6	8a
428	11	go_nogo	0	60	8	go	click	[30.0, 30.0, 40.0, 68.0, 98.0, 124.0, 147.0, 160.0, 170.0, 177.0, 181.0, 184.0, 186.0, 189.0, 189.0, 189.0, 189.0, 189.0, 189.0, 187.0, 186.0, 185.0, 184.0, 184.0, 184.0, 184.0, 184.0, 184.0, 184.0]	[-264.0, -264.0, -223.0, -129.0, -39.0, 40.0, 96.0, 134.0, 161.0, 187.0, 200.0, 213.0, 226.0, 234.0, 239.0, 241.0, 243.0, 246.0, 249.0, 252.0, 255.0, 257.0, 266.0, 274.0, 279.0, 280.0, 280.0, 280.0, 280.0]	[0, 0, 0, 0, 0, 0, 0, 0, 0, 0, 0, 0, 0, 0, 0, 0, 0, 0, 0, 0, 0, 0, 0, 0, 0, 0, 0, 0, 1]	[0, 0, 0, 0, 0, 0, 0, 0, 0, 0, 0, 0, 0, 0, 0, 0, 0, 0, 0, 0, 0, 0, 0, 0, 0, 0, 0, 0, 0]	[0, 0, 0, 0, 0, 0, 0, 0, 0, 0, 0, 0, 0, 0, 0, 0, 0, 0, 0, 0, 0, 0, 0, 0, 0, 0, 0, 0, 0]	[0.00019890000112354755, 0.009953700006008148, 0.026605499995639548, 0.043035299982875586, 0.05971020000288263, 0.07638449998921715, 0.09322129999054596, 0.10960920000798069, 0.12635029997909442, 0.14305849999072962, 0.15966449998086318, 0.1765836999984458, 0.19303779999609105, 0.2096187999995891, 0.22643449998577125, 0.24329429998761043, 0.2596140999812633, 0.27636839999468066, 0.2930445999954827, 0.30966989998705685, 0.32623639999656007, 0.3429681999841705, 0.3602011000039056, 0.37632519999169745, 0.39314199998625554, 0.4096881999867037, 0.4261355999915395, 0.44271559998742305, 0.4597232999803964]	184.0	280.0	0.7	8a
429	11	go_nogo	0	60	1	nogo	none	[51.0, 51.0, 81.0, 112.0, 146.0, 170.0, 186.0, 194.0, 199.0, 203.0, 206.0, 209.0, 210.0, 210.0, 210.0, 210.0, 210.0, 207.0, 204.0, 199.0, 197.0, 194.0, 194.0, 194.0, 194.0, 194.0, 194.0, 194.0, 194.0, 194.0, 194.0, 194.0, 194.0, 194.0, 194.0, 194.0, 194.0, 194.0, 194.0, 194.0, 194.0, 194.0, 194.0, 194.0, 194.0, 194.0, 194.0, 194.0, 194.0, 194.0, 194.0, 194.0, 194.0, 194.0, 194.0, 194.0, 194.0, 194.0, 194.0, 194.0, 194.0, 194.0, 194.0, 194.0, 194.0]	[-246.0, -246.0, -141.0, -39.0, 42.0, 92.0, 123.0, 143.0, 154.0, 168.0, 183.0, 204.0, 212.0, 215.0, 219.0, 223.0, 232.0, 240.0, 250.0, 256.0, 262.0, 265.0, 267.0, 267.0, 267.0, 267.0, 267.0, 267.0, 267.0, 267.0, 267.0, 267.0, 267.0, 267.0, 267.0, 267.0, 267.0, 267.0, 267.0, 267.0, 267.0, 267.0, 267.0, 267.0, 267.0, 267.0, 267.0, 267.0, 267.0, 267.0, 267.0, 267.0, 267.0, 267.0, 267.0, 267.0, 267.0, 267.0, 267.0, 267.0, 267.0, 267.0, 267.0, 267.0, 267.0]	[0, 0, 0, 0, 0, 0, 0, 0, 0, 0, 0, 0, 0, 0, 0, 0, 0, 0, 0, 0, 0, 0, 0, 0, 0, 0, 0, 0, 0, 0, 0, 0, 0, 0, 0, 0, 0, 0, 0, 0, 0, 0, 0, 0, 0, 0, 0, 0, 0, 0, 0, 0, 0, 0, 0, 0, 0, 0, 0, 0, 0, 0, 0, 0, 0]	[0, 0, 0, 0, 0, 0, 0, 0, 0, 0, 0, 0, 0, 0, 0, 0, 0, 0, 0, 0, 0, 0, 0, 0, 0, 0, 0, 0, 0, 0, 0, 0, 0, 0, 0, 0, 0, 0, 0, 0, 0, 0, 0, 0, 0, 0, 0, 0, 0, 0, 0, 0, 0, 0, 0, 0, 0, 0, 0, 0, 0, 0, 0, 0, 0]	[0, 0, 0, 0, 0, 0, 0, 0, 0, 0, 0, 0, 0, 0, 0, 0, 0, 0, 0, 0, 0, 0, 0, 0, 0, 0, 0, 0, 0, 0, 0, 0, 0, 0, 0, 0, 0, 0, 0, 0, 0, 0, 0, 0, 0, 0, 0, 0, 0, 0, 0, 0, 0, 0, 0, 0, 0, 0, 0, 0, 0, 0, 0, 0, 0]	[0.00021570001263171434, 0.01141420000931248, 0.027874600025825202, 0.04469260000041686, 0.06152610000572167, 0.07806320002418943, 0.09471850001136772, 0.11171789999934845, 0.12807820001034997, 0.14469690000987612, 0.1614533000101801, 0.17805230000521988, 0.19504630001029, 0.21150190001935698, 0.2283272000204306, 0.24514179999823682, 0.26140220000525005, 0.27800520000164397, 0.29478140000719577, 0.3114874000020791, 0.3284507000062149, 0.3447638000070583, 0.3613599000091199, 0.3777797000075225, 0.39454570002271794, 0.4112705000152346, 0.4280138000031002, 0.4444717000005767, 0.46119260002160445, 0.4780046000087168, 0.4943731000239495, 0.5111690000048839, 0.5279948000097647, 0.5447519000153989, 0.5609942000010051, 0.5778006000036839, 0.5943560000159778, 0.6110513000166975, 0.6276215000252705, 0.6445295000157785, 0.6610071000177413, 0.6776665000070352, 0.6943291000206955, 0.7110263000067789, 0.7277110000140965, 0.744487800024217, 0.7611320000141859, 0.7777992000046652, 0.7942753000243101, 0.8110487000085413, 0.8278820000123233, 0.8442767000233289, 0.8610239000117872, 0.8776663000171538, 0.894348900008481, 0.9109231000184081, 0.9276083000004292, 0.9443208000157028, 0.9609634000225924, 0.9775706000218634, 0.9941885000152979, 1.01092620001873, 1.0278306000109296, 1.0441701000090688, 1.0608412000001408]	n/a	n/a	0.6	8a
430	11	go_nogo	0	60	4	go	click	[94.0, 94.0, 113.0, 148.0, 175.0, 199.0, 221.0, 226.0, 237.0, 241.0, 244.0, 249.0, 251.0, 252.0, 252.0, 252.0, 252.0, 252.0, 251.0, 250.0, 247.0, 244.0, 244.0, 244.0, 244.0, 244.0, 244.0]	[-174.0, -174.0, -116.0, -6.0, 77.0, 140.0, 199.0, 214.0, 249.0, 267.0, 283.0, 302.0, 313.0, 319.0, 320.0, 320.0, 320.0, 320.0, 320.0, 320.0, 320.0, 320.0, 320.0, 320.0, 320.0, 320.0, 320.0]	[0, 0, 0, 0, 0, 0, 0, 0, 0, 0, 0, 0, 0, 0, 0, 0, 0, 0, 0, 0, 0, 0, 0, 0, 0, 0, 1]	[0, 0, 0, 0, 0, 0, 0, 0, 0, 0, 0, 0, 0, 0, 0, 0, 0, 0, 0, 0, 0, 0, 0, 0, 0, 0, 0]	[0, 0, 0, 0, 0, 0, 0, 0, 0, 0, 0, 0, 0, 0, 0, 0, 0, 0, 0, 0, 0, 0, 0, 0, 0, 0, 0]	[0.00024229998234659433, 0.011160699999891222, 0.0276659999799449, 0.04433410000638105, 0.06102910000481643, 0.07780769999953918, 0.09425110000302084, 0.11109839999699034, 0.1277377999795135, 0.144973199989181, 0.1611650999984704, 0.17785619999631308, 0.1943660999822896, 0.2112771999964025, 0.22757059999275953, 0.24405129998922348, 0.2606194999825675, 0.2774372999847401, 0.2941599999903701, 0.3111042999953497, 0.3277321000059601, 0.34409080000477843, 0.3607367999793496, 0.37734909998835064, 0.39398979998077266, 0.4107335000007879, 0.42760689998976886]	244.0	320.0	0.6	8a
431	11	go_nogo	0	60	4	go	click	[23.0, 26.0, 31.0, 37.0, 45.0, 58.0, 68.0, 78.0, 90.0, 99.0, 109.0, 115.0, 121.0, 129.0, 136.0, 146.0, 155.0, 164.0, 175.0, 188.0, 197.0, 200.0, 203.0, 204.0, 205.0, 205.0, 205.0, 205.0]	[-292.0, -278.0, -265.0, -235.0, -198.0, -132.0, -88.0, -46.0, -7.0, 31.0, 68.0, 95.0, 116.0, 135.0, 160.0, 183.0, 205.0, 224.0, 248.0, 278.0, 292.0, 298.0, 302.0, 304.0, 305.0, 305.0, 305.0, 305.0]	[0, 0, 0, 0, 0, 0, 0, 0, 0, 0, 0, 0, 0, 0, 0, 0, 0, 0, 0, 0, 0, 0, 0, 0, 0, 0, 0, 1]	[0, 0, 0, 0, 0, 0, 0, 0, 0, 0, 0, 0, 0, 0, 0, 0, 0, 0, 0, 0, 0, 0, 0, 0, 0, 0, 0, 0]	[0, 0, 0, 0, 0, 0, 0, 0, 0, 0, 0, 0, 0, 0, 0, 0, 0, 0, 0, 0, 0, 0, 0, 0, 0, 0, 0, 0]	[0.00030339998193085194, 0.011909399996511638, 0.028698099980829284, 0.045423699979437515, 0.06218309997348115, 0.0789910999883432, 0.09565989999100566, 0.11227749998215586, 0.12956569998641498, 0.14541849997476675, 0.1619217999977991, 0.17878279997967184, 0.19536139999399893, 0.21204069998930208, 0.2288092999951914, 0.24551019998034462, 0.26190630000201054, 0.2789801999751944, 0.2954623999830801, 0.31257329997606575, 0.3290029999916442, 0.34529669999028556, 0.36203209997620434, 0.3785407999821473, 0.39507529998081736, 0.4121069999819156, 0.4285258000018075, 0.44540820000111125]	205.0	305.0	0.7	8a
432	11	go_nogo	0	60	3	go	click	[29.0, 29.0, 39.0, 56.0, 85.0, 119.0, 150.0, 175.0, 192.0, 200.0, 204.0, 209.0, 213.0, 216.0, 219.0, 221.0, 225.0, 226.0, 226.0, 226.0, 226.0, 226.0, 226.0, 226.0, 226.0]	[-300.0, -300.0, -267.0, -217.0, -137.0, -34.0, 56.0, 128.0, 184.0, 210.0, 230.0, 247.0, 268.0, 287.0, 304.0, 317.0, 328.0, 335.0, 338.0, 338.0, 338.0, 338.0, 338.0, 338.0, 338.0]	[0, 0, 0, 0, 0, 0, 0, 0, 0, 0, 0, 0, 0, 0, 0, 0, 0, 0, 0, 0, 0, 0, 0, 0, 1]	[0, 0, 0, 0, 0, 0, 0, 0, 0, 0, 0, 0, 0, 0, 0, 0, 0, 0, 0, 0, 0, 0, 0, 0, 0]	[0, 0, 0, 0, 0, 0, 0, 0, 0, 0, 0, 0, 0, 0, 0, 0, 0, 0, 0, 0, 0, 0, 0, 0, 0]	[0.00011809999705292284, 0.011518699990119785, 0.02811499999370426, 0.04488770000170916, 0.061454499984392896, 0.07823240000288934, 0.09478650000528432, 0.11173549998784438, 0.12835719998111017, 0.1451824999821838, 0.16189449999365024, 0.17793209999217652, 0.19476749998284504, 0.21151989998179488, 0.22833029998582788, 0.2449250999779906, 0.2611855999857653, 0.2779244999983348, 0.2945813999976963, 0.3110793999803718, 0.32778189997770824, 0.3446244999940973, 0.36113629999454133, 0.37789299999712966, 0.3948212999966927]	226.0	338.0	1.0	8a
433	11	go_nogo	0	60	1	nogo	none	[44.0, 44.0, 53.0, 70.0, 87.0, 102.0, 114.0, 125.0, 134.0, 148.0, 154.0, 158.0, 162.0, 166.0, 171.0, 174.0, 175.0, 178.0, 179.0, 182.0, 186.0, 186.0, 187.0, 187.0, 187.0, 187.0, 188.0, 188.0, 188.0, 188.0, 188.0, 188.0, 188.0, 188.0, 188.0, 188.0, 188.0, 188.0, 188.0, 188.0, 188.0, 188.0, 188.0, 188.0, 188.0, 188.0, 188.0, 188.0, 188.0, 188.0, 188.0, 188.0, 188.0, 188.0, 188.0, 188.0, 188.0, 188.0, 188.0, 188.0, 188.0, 188.0, 188.0, 188.0, 188.0, 188.0]	[-225.0, -225.0, -189.0, -124.0, -63.0, -17.0, 21.0, 50.0, 73.0, 104.0, 123.0, 140.0, 157.0, 174.0, 189.0, 197.0, 203.0, 209.0, 222.0, 239.0, 262.0, 266.0, 274.0, 275.0, 275.0, 277.0, 278.0, 278.0, 278.0, 278.0, 278.0, 278.0, 278.0, 278.0, 278.0, 278.0, 278.0, 278.0, 278.0, 278.0, 278.0, 278.0, 278.0, 278.0, 277.0, 277.0, 277.0, 276.0, 276.0, 276.0, 276.0, 276.0, 276.0, 276.0, 276.0, 276.0, 276.0, 276.0, 276.0, 276.0, 276.0, 276.0, 276.0, 276.0, 276.0, 275.0]	[0, 0, 0, 0, 0, 0, 0, 0, 0, 0, 0, 0, 0, 0, 0, 0, 0, 0, 0, 0, 0, 0, 0, 0, 0, 0, 0, 0, 0, 0, 0, 0, 0, 0, 0, 0, 0, 0, 0, 0, 0, 0, 0, 0, 0, 0, 0, 0, 0, 0, 0, 0, 0, 0, 0, 0, 0, 0, 0, 0, 0, 0, 0, 0, 0, 0]	[0, 0, 0, 0, 0, 0, 0, 0, 0, 0, 0, 0, 0, 0, 0, 0, 0, 0, 0, 0, 0, 0, 0, 0, 0, 0, 0, 0, 0, 0, 0, 0, 0, 0, 0, 0, 0, 0, 0, 0, 0, 0, 0, 0, 0, 0, 0, 0, 0, 0, 0, 0, 0, 0, 0, 0, 0, 0, 0, 0, 0, 0, 0, 0, 0, 0]	[0, 0, 0, 0, 0, 0, 0, 0, 0, 0, 0, 0, 0, 0, 0, 0, 0, 0, 0, 0, 0, 0, 0, 0, 0, 0, 0, 0, 0, 0, 0, 0, 0, 0, 0, 0, 0, 0, 0, 0, 0, 0, 0, 0, 0, 0, 0, 0, 0, 0, 0, 0, 0, 0, 0, 0, 0, 0, 0, 0, 0, 0, 0, 0, 0, 0]	[0.00021689999266527593, 0.010366500006057322, 0.027208699990296736, 0.04346240000450052, 0.06006150000030175, 0.07685529999434948, 0.09341699999640696, 0.11005249997833744, 0.12696289998712018, 0.1438274999964051, 0.16031390000716783, 0.17716950000612997, 0.19371950000640936, 0.21031850000144914, 0.22697669998160563, 0.24342799998703413, 0.2603094999794848, 0.27679030000581406, 0.29351620000670664, 0.3103558000002522, 0.32691479998175055, 0.3442631999787409, 0.3603251999884378, 0.37655939999967813, 0.3933029999898281, 0.4103291000064928, 0.42664729998796247, 0.4432626999914646, 0.45985290000680834, 0.4768986999988556, 0.4934149000036996, 0.5101044999901205, 0.5265434999892022, 0.5433204000000842, 0.5599381999927573, 0.5767005999805406, 0.5933702999900561, 0.6097470999811776, 0.6265120999887586, 0.6432190999912564, 0.6596389999904204, 0.6764645999937784, 0.6930409999913536, 0.7098045999882743, 0.7264851999934763, 0.7431530999892857, 0.7598410999926273, 0.7764351999794599, 0.7931810999871232, 0.8097123999905307, 0.8264103999827057, 0.8430082999984734, 0.8597822999872733, 0.8764552999928128, 0.8930007999879308, 0.9097366000059992, 0.9263282000028994, 0.9429384999966715, 0.9596699999819975, 0.976287700003013, 0.9930402000027243, 1.0096893000009004, 1.0264850999810733, 1.043157499982044, 1.0598973000014666, 1.0762985000037588]	n/a	n/a	0.9	8a
434	11	go_nogo	0	60	2	go	click	[38.0, 38.0, 72.0, 109.0, 146.0, 171.0, 184.0, 188.0, 190.0, 188.0, 185.0, 178.0, 172.0, 167.0, 161.0, 154.0, 151.0, 148.0, 145.0, 145.0, 146.0, 148.0, 152.0, 156.0, 157.0, 158.0, 158.0, 158.0, 158.0, 160.0, 165.0, 172.0, 178.0, 185.0, 194.0, 195.0, 196.0]	[-247.0, -247.0, -194.0, -137.0, -84.0, -46.0, -22.0, -5.0, 15.0, 44.0, 51.0, 76.0, 105.0, 134.0, 160.0, 191.0, 217.0, 238.0, 253.0, 265.0, 280.0, 291.0, 301.0, 308.0, 310.0, 312.0, 312.0, 312.0, 312.0, 312.0, 310.0, 308.0, 306.0, 301.0, 297.0, 296.0, 295.0]	[0, 0, 0, 0, 0, 0, 0, 0, 0, 0, 0, 0, 0, 0, 0, 0, 0, 0, 0, 0, 0, 0, 0, 0, 0, 0, 0, 0, 0, 0, 0, 0, 0, 0, 0, 0, 1]	[0, 0, 0, 0, 0, 0, 0, 0, 0, 0, 0, 0, 0, 0, 0, 0, 0, 0, 0, 0, 0, 0, 0, 0, 0, 0, 0, 0, 0, 0, 0, 0, 0, 0, 0, 0, 0]	[0, 0, 0, 0, 0, 0, 0, 0, 0, 0, 0, 0, 0, 0, 0, 0, 0, 0, 0, 0, 0, 0, 0, 0, 0, 0, 0, 0, 0, 0, 0, 0, 0, 0, 0, 0, 0]	[0.00022670000907965004, 0.011562300001969561, 0.027889200020581484, 0.04456480001681484, 0.061348100018221885, 0.07807119999779388, 0.09487100000842474, 0.1114794000168331, 0.12829280001460575, 0.14472440001554787, 0.16129560000263155, 0.17795290000503883, 0.1947091000038199, 0.21137520001502708, 0.2278989000187721, 0.24455610002041794, 0.2612212000240106, 0.2781103000161238, 0.29471440002089366, 0.3114462000085041, 0.3280236000136938, 0.3447885000205133, 0.3613467999966815, 0.37821389999589883, 0.39487000001827255, 0.41101999999955297, 0.42769630000111647, 0.4443399000156205, 0.4614103000203613, 0.47851250000530854, 0.4947344000102021, 0.5114808000216726, 0.5280334000126459, 0.5450413000071421, 0.5614890000142623, 0.5781718000071123, 0.5946654000144918]	196.0	295.0	1.0	8a
435	11	go_nogo	0	60	4	go	click	[71.0, 71.0, 88.0, 122.0, 154.0, 194.0, 209.0, 222.0, 231.0, 237.0, 242.0, 246.0, 246.0, 246.0, 247.0, 247.0, 240.0, 232.0, 226.0, 220.0, 217.0, 214.0, 210.0, 208.0, 207.0, 207.0, 207.0, 207.0, 207.0]	[-223.0, -223.0, -181.0, -104.0, -34.0, 37.0, 70.0, 101.0, 124.0, 142.0, 157.0, 167.0, 175.0, 189.0, 203.0, 216.0, 233.0, 241.0, 250.0, 258.0, 264.0, 269.0, 273.0, 279.0, 283.0, 283.0, 283.0, 283.0, 283.0]	[0, 0, 0, 0, 0, 0, 0, 0, 0, 0, 0, 0, 0, 0, 0, 0, 0, 0, 0, 0, 0, 0, 0, 0, 0, 0, 0, 0, 1]	[0, 0, 0, 0, 0, 0, 0, 0, 0, 0, 0, 0, 0, 0, 0, 0, 0, 0, 0, 0, 0, 0, 0, 0, 0, 0, 0, 0, 0]	[0, 0, 0, 0, 0, 0, 0, 0, 0, 0, 0, 0, 0, 0, 0, 0, 0, 0, 0, 0, 0, 0, 0, 0, 0, 0, 0, 0, 0]	[0.000176099973032251, 0.011760599998524413, 0.028389699989929795, 0.045272599993040785, 0.06210749997990206, 0.07848539997939952, 0.09527799999341369, 0.1121452999941539, 0.12849099998129532, 0.14516200000070967, 0.1618525999947451, 0.17856389997177757, 0.19510620000073686, 0.2117646999831777, 0.2284421999938786, 0.24517929999274202, 0.26177959999768063, 0.2786964999977499, 0.2950927999918349, 0.31188499997369945, 0.32835299998987466, 0.3451249999925494, 0.3617666999925859, 0.3788195999804884, 0.3947727999766357, 0.41148189999512397, 0.4281325999763794, 0.44492699997499585, 0.4622126999893226]	207.0	283.0	0.5	8a
436	11	go_nogo	0	60	2	go	click	[17.0, 17.0, 49.0, 83.0, 113.0, 140.0, 161.0, 175.0, 183.0, 189.0, 195.0, 198.0, 199.0, 200.0, 200.0, 200.0, 200.0, 200.0, 200.0, 200.0, 200.0, 200.0]	[-228.0, -228.0, -140.0, -45.0, 27.0, 92.0, 141.0, 179.0, 206.0, 227.0, 251.0, 264.0, 275.0, 282.0, 287.0, 288.0, 288.0, 288.0, 289.0, 289.0, 289.0, 289.0]	[0, 0, 0, 0, 0, 0, 0, 0, 0, 0, 0, 0, 0, 0, 0, 0, 0, 0, 0, 0, 0, 1]	[0, 0, 0, 0, 0, 0, 0, 0, 0, 0, 0, 0, 0, 0, 0, 0, 0, 0, 0, 0, 0, 0]	[0, 0, 0, 0, 0, 0, 0, 0, 0, 0, 0, 0, 0, 0, 0, 0, 0, 0, 0, 0, 0, 0]	[8.72999953571707e-05, 0.011264300002949312, 0.027633699995931238, 0.04429439999512397, 0.061397000012220815, 0.07777219999115914, 0.09437269999762066, 0.11118579999310896, 0.12780680001014844, 0.14462800000910647, 0.16135760000906885, 0.17790079998667352, 0.19539670000085607, 0.21172359999036416, 0.2277211000036914, 0.24427460000151768, 0.2608470999985002, 0.27771530000609346, 0.29428179998649284, 0.3109415000071749, 0.3276185999857262, 0.34477729999343865]	200.0	289.0	0.9	8a
437	11	go_nogo	0	60	6	go	click	[39.0, 39.0, 57.0, 90.0, 123.0, 155.0, 180.0, 191.0, 200.0, 204.0, 206.0, 208.0, 211.0, 215.0, 217.0, 219.0, 220.0, 220.0, 220.0, 218.0, 214.0, 214.0, 214.0, 214.0, 214.0, 214.0]	[-234.0, -234.0, -188.0, -93.0, -5.0, 61.0, 111.0, 137.0, 156.0, 172.0, 186.0, 201.0, 212.0, 224.0, 233.0, 238.0, 244.0, 251.0, 258.0, 268.0, 273.0, 274.0, 274.0, 274.0, 274.0, 274.0]	[0, 0, 0, 0, 0, 0, 0, 0, 0, 0, 0, 0, 0, 0, 0, 0, 0, 0, 0, 0, 0, 0, 0, 0, 0, 1]	[0, 0, 0, 0, 0, 0, 0, 0, 0, 0, 0, 0, 0, 0, 0, 0, 0, 0, 0, 0, 0, 0, 0, 0, 0, 0]	[0, 0, 0, 0, 0, 0, 0, 0, 0, 0, 0, 0, 0, 0, 0, 0, 0, 0, 0, 0, 0, 0, 0, 0, 0, 0]	[0.00023289999808184803, 0.011712799983797595, 0.02806889999192208, 0.04459000000497326, 0.061286599986488, 0.07836220000172034, 0.09505239999270998, 0.11138009998830967, 0.12818999998853542, 0.14489649998722598, 0.16157949998159893, 0.17802890000166371, 0.1946239999961108, 0.21133379999082536, 0.22802509999019094, 0.24470750000909902, 0.2612788999977056, 0.27828229998704046, 0.29535410000244156, 0.3116159999917727, 0.32808969999314286, 0.3444496000010986, 0.361174799996661, 0.3779336999868974, 0.3944949999859091, 0.4115063000062946]	214.0	274.0	0.9	8a
438	11	go_nogo	0	60	8	go	click	[97.0, 97.0, 106.0, 119.0, 134.0, 142.0, 157.0, 177.0, 193.0, 204.0, 206.0, 208.0, 209.0, 209.0, 209.0, 208.0, 205.0, 203.0, 200.0, 198.0, 198.0, 198.0, 198.0, 198.0, 198.0, 198.0, 198.0, 198.0]	[-229.0, -229.0, -207.0, -162.0, -100.0, -46.0, 22.0, 87.0, 128.0, 153.0, 166.0, 177.0, 185.0, 190.0, 193.0, 199.0, 215.0, 230.0, 243.0, 251.0, 252.0, 252.0, 252.0, 252.0, 252.0, 252.0, 252.0, 252.0]	[0, 0, 0, 0, 0, 0, 0, 0, 0, 0, 0, 0, 0, 0, 0, 0, 0, 0, 0, 0, 0, 0, 0, 0, 0, 0, 0, 1]	[0, 0, 0, 0, 0, 0, 0, 0, 0, 0, 0, 0, 0, 0, 0, 0, 0, 0, 0, 0, 0, 0, 0, 0, 0, 0, 0, 0]	[0, 0, 0, 0, 0, 0, 0, 0, 0, 0, 0, 0, 0, 0, 0, 0, 0, 0, 0, 0, 0, 0, 0, 0, 0, 0, 0, 0]	[0.00023630002397112548, 0.011111500003607944, 0.02776230001472868, 0.044392500014510006, 0.06112230001599528, 0.07780800000182353, 0.09467220000806265, 0.11116240001865663, 0.12790819999645464, 0.14475050001055934, 0.16113220000988804, 0.1778088000137359, 0.19450000001234002, 0.21128280000993982, 0.22780670001520775, 0.2444244000071194, 0.26123160001588985, 0.2779302000126336, 0.2948814000119455, 0.31106020000879653, 0.3277519000112079, 0.3444176000193693, 0.36101090000011027, 0.3775976000179071, 0.39451630000257865, 0.4112377999990713, 0.4280927000218071, 0.44485130000975914]	198.0	252.0	1.0	8a
439	11	go_nogo	0	60	7	go	click	[65.0, 65.0, 74.0, 88.0, 104.0, 123.0, 145.0, 161.0, 177.0, 184.0, 190.0, 196.0, 204.0, 214.0, 219.0, 221.0, 222.0, 222.0, 222.0, 222.0, 218.0, 215.0, 213.0, 212.0, 212.0, 212.0, 212.0, 212.0, 213.0, 213.0, 213.0, 213.0, 213.0, 213.0, 213.0, 213.0, 213.0, 213.0, 213.0]	[-236.0, -236.0, -203.0, -151.0, -93.0, -31.0, 32.0, 70.0, 108.0, 128.0, 147.0, 172.0, 202.0, 226.0, 241.0, 245.0, 247.0, 249.0, 254.0, 263.0, 280.0, 288.0, 295.0, 298.0, 299.0, 299.0, 299.0, 299.0, 298.0, 298.0, 298.0, 298.0, 298.0, 298.0, 298.0, 298.0, 298.0, 298.0, 298.0]	[0, 0, 0, 0, 0, 0, 0, 0, 0, 0, 0, 0, 0, 0, 0, 0, 0, 0, 0, 0, 0, 0, 0, 0, 0, 0, 0, 0, 0, 0, 0, 0, 0, 0, 0, 0, 0, 0, 1]	[0, 0, 0, 0, 0, 0, 0, 0, 0, 0, 0, 0, 0, 0, 0, 0, 0, 0, 0, 0, 0, 0, 0, 0, 0, 0, 0, 0, 0, 0, 0, 0, 0, 0, 0, 0, 0, 0, 0]	[0, 0, 0, 0, 0, 0, 0, 0, 0, 0, 0, 0, 0, 0, 0, 0, 0, 0, 0, 0, 0, 0, 0, 0, 0, 0, 0, 0, 0, 0, 0, 0, 0, 0, 0, 0, 0, 0, 0]	[0.00017859999206848443, 0.010321199981262907, 0.02684059998136945, 0.04348779999418184, 0.06017579999752343, 0.07685359998140484, 0.09363580000353977, 0.11020550000830553, 0.12672790000215173, 0.14401799999177456, 0.16022639998118393, 0.1769436000031419, 0.1932634999975562, 0.21039930000551976, 0.22710139999981038, 0.243211799999699, 0.26009890000568703, 0.27672580000944436, 0.29337860000669025, 0.3102346000086982, 0.3267731000087224, 0.34391309999045916, 0.36029350000899285, 0.3767531999910716, 0.3930869000032544, 0.4100077000039164, 0.4269767999940086, 0.4435537999961525, 0.4600405000091996, 0.4766730999981519, 0.49340189999202266, 0.5098015999828931, 0.5265470999875106, 0.5431938999972772, 0.5599946999864187, 0.5765267999959178, 0.5932792999956291, 0.6098436999891419, 0.6267487999866717]	213.0	298.0	0.8	8a
440	11	go_nogo	0	60	9	nogo	none	[24.0, 24.0, 53.0, 87.0, 113.0, 128.0, 132.0, 137.0, 141.0, 145.0, 148.0, 152.0, 158.0, 162.0, 163.0, 164.0, 164.0, 164.0, 164.0, 164.0, 164.0, 164.0, 164.0, 164.0, 164.0, 164.0, 164.0, 164.0, 164.0, 164.0, 164.0, 164.0, 164.0, 164.0, 164.0, 164.0, 164.0, 164.0, 164.0, 164.0, 164.0, 164.0, 164.0, 164.0, 164.0, 164.0, 164.0, 164.0, 164.0, 164.0, 164.0, 164.0, 164.0, 164.0, 164.0, 164.0, 164.0, 164.0]	[-164.0, -164.0, -54.0, 49.0, 123.0, 167.0, 195.0, 214.0, 235.0, 252.0, 267.0, 282.0, 304.0, 316.0, 320.0, 320.0, 320.0, 320.0, 320.0, 320.0, 320.0, 320.0, 320.0, 320.0, 320.0, 320.0, 320.0, 320.0, 320.0, 320.0, 320.0, 320.0, 320.0, 320.0, 320.0, 320.0, 320.0, 320.0, 320.0, 320.0, 320.0, 320.0, 320.0, 320.0, 320.0, 320.0, 320.0, 320.0, 320.0, 320.0, 320.0, 320.0, 320.0, 320.0, 320.0, 320.0, 320.0, 320.0]	[0, 0, 0, 0, 0, 0, 0, 0, 0, 0, 0, 0, 0, 0, 0, 0, 0, 0, 0, 0, 0, 0, 0, 0, 0, 0, 0, 0, 0, 0, 0, 0, 0, 0, 0, 0, 0, 0, 0, 0, 0, 0, 0, 0, 0, 0, 0, 0, 0, 0, 0, 0, 0, 0, 0, 0, 0, 0]	[0, 0, 0, 0, 0, 0, 0, 0, 0, 0, 0, 0, 0, 0, 0, 0, 0, 0, 0, 0, 0, 0, 0, 0, 0, 0, 0, 0, 0, 0, 0, 0, 0, 0, 0, 0, 0, 0, 0, 0, 0, 0, 0, 0, 0, 0, 0, 0, 0, 0, 0, 0, 0, 0, 0, 0, 0, 0]	[0, 0, 0, 0, 0, 0, 0, 0, 0, 0, 0, 0, 0, 0, 0, 0, 0, 0, 0, 0, 0, 0, 0, 0, 0, 0, 0, 0, 0, 0, 0, 0, 0, 0, 0, 0, 0, 0, 0, 0, 0, 0, 0, 0, 0, 0, 0, 0, 0, 0, 0, 0, 0, 0, 0, 0, 0, 0]	[0.00021010002819821239, 0.009606300009181723, 0.026499100000364706, 0.04322460002731532, 0.0598537000187207, 0.07650000002468005, 0.09347420002450235, 0.10991180001292378, 0.12651120001100935, 0.14311750000342727, 0.15987180001684465, 0.1764160000020638, 0.19306860002689064, 0.20985710000968538, 0.22625230002449825, 0.24291850000736304, 0.25948460001382045, 0.2760773000190966, 0.2927821000048425, 0.3094588000094518, 0.3260898000153247, 0.34287080002832226, 0.3597569000266958, 0.3762348000018392, 0.39294650001102127, 0.40966360000311397, 0.426446900004521, 0.442915300023742, 0.45948660001158714, 0.4762154000054579, 0.49280010000802577, 0.5094483000284526, 0.5263000000268221, 0.5427448000118602, 0.5596116000087932, 0.5763173000013921, 0.5929128999996465, 0.6097169000131544, 0.6263249000185169, 0.6429455000034068, 0.6596639000053983, 0.6763725000200793, 0.6929070000187494, 0.7093796000117436, 0.7261528000235558, 0.7428011000156403, 0.7594676000007894, 0.7760839000111446, 0.792700700025307, 0.8093081000261009, 0.8259773000027053, 0.8428126000217162, 0.8594421000161674, 0.8759796000085771, 0.8928662000107579, 0.9093517000146676, 0.9260128000169061, 0.9426578000129666]	n/a	n/a	0.7	8a
441	11	go_nogo	0	60	8	go	click	[17.0, 17.0, 21.0, 31.0, 67.0, 92.0, 112.0, 128.0, 141.0, 153.0, 163.0, 169.0, 174.0, 175.0, 179.0, 183.0, 188.0, 188.0, 188.0, 188.0, 189.0, 189.0, 189.0, 192.0]	[-271.0, -271.0, -256.0, -219.0, -116.0, -45.0, 21.0, 79.0, 124.0, 165.0, 202.0, 230.0, 249.0, 260.0, 273.0, 289.0, 305.0, 310.0, 312.0, 315.0, 315.0, 315.0, 315.0, 315.0]	[0, 0, 0, 0, 0, 0, 0, 0, 0, 0, 0, 0, 0, 0, 0, 0, 0, 0, 0, 0, 0, 0, 0, 1]	[0, 0, 0, 0, 0, 0, 0, 0, 0, 0, 0, 0, 0, 0, 0, 0, 0, 0, 0, 0, 0, 0, 0, 0]	[0, 0, 0, 0, 0, 0, 0, 0, 0, 0, 0, 0, 0, 0, 0, 0, 0, 0, 0, 0, 0, 0, 0, 0]	[0.00021510000806301832, 0.011367700004484504, 0.028005700005451217, 0.044361500011291355, 0.06138880000798963, 0.07791230001021177, 0.09560470000724308, 0.11147939998772927, 0.12801919999765232, 0.14466250000987202, 0.16120800000499003, 0.17793090001214296, 0.19451199998729862, 0.21144839999033138, 0.22767329998896457, 0.24446960000204854, 0.2612227000063285, 0.2778907000028994, 0.29454979998990893, 0.31110749999061227, 0.3277055000071414, 0.34442459998535924, 0.3612149000109639, 0.37790920000406913]	193.0	315.0	0.7	8a
442	11	go_nogo	0	60	7	go	click	[87.0, 87.0, 144.0, 207.0, 248.0, 265.0, 271.0, 273.0, 273.0, 271.0, 261.0, 257.0, 255.0, 251.0, 246.0, 243.0, 241.0, 237.0, 233.0, 229.0, 227.0, 225.0, 225.0, 225.0, 225.0, 225.0]	[-289.0, -289.0, -186.0, -67.0, 26.0, 80.0, 118.0, 152.0, 186.0, 214.0, 248.0, 261.0, 272.0, 279.0, 286.0, 287.0, 288.0, 289.0, 290.0, 292.0, 292.0, 293.0, 293.0, 293.0, 293.0, 293.0]	[0, 0, 0, 0, 0, 0, 0, 0, 0, 0, 0, 0, 0, 0, 0, 0, 0, 0, 0, 0, 0, 0, 0, 0, 0, 1]	[0, 0, 0, 0, 0, 0, 0, 0, 0, 0, 0, 0, 0, 0, 0, 0, 0, 0, 0, 0, 0, 0, 0, 0, 0, 0]	[0, 0, 0, 0, 0, 0, 0, 0, 0, 0, 0, 0, 0, 0, 0, 0, 0, 0, 0, 0, 0, 0, 0, 0, 0, 0]	[0.00015320000238716602, 0.01106609997805208, 0.027902100002393126, 0.044507899991003796, 0.060946699988562614, 0.0777743999788072, 0.09438549997867085, 0.11114939997787587, 0.12779599998611957, 0.14430879999417812, 0.1610478999791667, 0.17825870000524446, 0.1948804999992717, 0.21082279999973252, 0.22774619999108836, 0.24451520000002347, 0.2610685999970883, 0.27780719997826964, 0.2946743999782484, 0.3112177999864798, 0.3278725999989547, 0.34411869998439215, 0.3607256999821402, 0.3774312000023201, 0.3940578000037931, 0.41098789998795837]	225.0	293.0	0.6	8a
443	11	go_nogo	0	60	2	go	click	[49.0, 49.0, 60.0, 66.0, 72.0, 81.0, 84.0, 94.0, 104.0, 112.0, 116.0, 119.0, 123.0, 128.0, 132.0, 133.0, 134.0, 136.0, 140.0, 143.0, 145.0, 147.0, 147.0, 147.0, 147.0, 147.0, 147.0, 147.0, 147.0, 147.0, 148.0, 148.0, 148.0, 150.0, 151.0, 151.0, 151.0, 151.0, 151.0, 153.0, 156.0, 160.0, 161.0, 161.0, 161.0, 161.0]	[-269.0, -269.0, -207.0, -142.0, -78.0, -8.0, 40.0, 92.0, 135.0, 160.0, 175.0, 183.0, 206.0, 231.0, 250.0, 260.0, 267.0, 274.0, 282.0, 290.0, 295.0, 297.0, 298.0, 298.0, 298.0, 298.0, 298.0, 298.0, 298.0, 298.0, 298.0, 298.0, 297.0, 294.0, 292.0, 292.0, 292.0, 292.0, 292.0, 288.0, 283.0, 279.0, 279.0, 278.0, 278.0, 278.0]	[0, 0, 0, 0, 0, 0, 0, 0, 0, 0, 0, 0, 0, 0, 0, 0, 0, 0, 0, 0, 0, 0, 0, 0, 0, 1, 1, 1, 1, 1, 1, 1, 1, 0, 0, 0, 0, 0, 0, 0, 0, 0, 0, 0, 0, 1]	[0, 0, 0, 0, 0, 0, 0, 0, 0, 0, 0, 0, 0, 0, 0, 0, 0, 0, 0, 0, 0, 0, 0, 0, 0, 0, 0, 0, 0, 0, 0, 0, 0, 0, 0, 0, 0, 0, 0, 0, 0, 0, 0, 0, 0, 0]	[0, 0, 0, 0, 0, 0, 0, 0, 0, 0, 0, 0, 0, 0, 0, 0, 0, 0, 0, 0, 0, 0, 0, 0, 0, 0, 0, 0, 0, 0, 0, 0, 0, 0, 0, 0, 0, 0, 0, 0, 0, 0, 0, 0, 0, 0]	[0.0002229000092484057, 0.011724100011633709, 0.02840670000296086, 0.0448337999987416, 0.061564400006318465, 0.0781567000085488, 0.09489169999142177, 0.11156499999924563, 0.12825079998583533, 0.14504890001262538, 0.16148229999816976, 0.17819939999026246, 0.19483580000814982, 0.21142790000885725, 0.2281809000123758, 0.24562020000303164, 0.26151939999544993, 0.2781097000115551, 0.29477639999822713, 0.31150979999802075, 0.32812309998553246, 0.3448439000057988, 0.3614072999916971, 0.37803349999012426, 0.3950063000083901, 0.4116463999962434, 0.4281316999986302, 0.44475570000940934, 0.4614770000043791, 0.478159999998752, 0.49467129999538884, 0.5114772999950219, 0.5279287000012118, 0.5449470999883488, 0.5614529000013135, 0.5783815000031609, 0.5947402000019792, 0.6112715000053868, 0.6283780999947339, 0.6447836000006646, 0.661559500003932, 0.6777471000095829, 0.6946348999917973, 0.7111862000019755, 0.727887599990936, 0.744607000000542]	161.0	278.0	0.6	8a
444	11	go_nogo	0	60	3	go	click	[13.0, 13.0, 20.0, 37.0, 69.0, 113.0, 157.0, 207.0, 242.0, 263.0, 268.0, 268.0, 268.0, 267.0, 266.0, 265.0, 265.0, 264.0, 264.0, 262.0, 258.0, 240.0, 223.0, 210.0, 198.0, 190.0, 188.0, 187.0, 187.0, 188.0, 189.0, 189.0, 189.0, 189.0]	[-292.0, -292.0, -234.0, -151.0, -45.0, 71.0, 187.0, 300.0, 385.0, 442.0, 461.0, 468.0, 473.0, 474.0, 475.0, 476.0, 476.0, 477.0, 477.0, 477.0, 472.0, 439.0, 402.0, 363.0, 328.0, 307.0, 299.0, 295.0, 291.0, 288.0, 288.0, 288.0, 288.0, 288.0]	[0, 0, 0, 0, 0, 0, 0, 0, 0, 0, 0, 0, 0, 0, 0, 0, 0, 0, 0, 0, 0, 0, 0, 0, 0, 0, 0, 0, 0, 0, 0, 0, 0, 1]	[0, 0, 0, 0, 0, 0, 0, 0, 0, 0, 0, 0, 0, 0, 0, 0, 0, 0, 0, 0, 0, 0, 0, 0, 0, 0, 0, 0, 0, 0, 0, 0, 0, 0]	[0, 0, 0, 0, 0, 0, 0, 0, 0, 0, 0, 0, 0, 0, 0, 0, 0, 0, 0, 0, 0, 0, 0, 0, 0, 0, 0, 0, 0, 0, 0, 0, 0, 0]	[7.490001735277474e-05, 0.011492399993585423, 0.02799930001492612, 0.04490880001685582, 0.06159870000556111, 0.0782558000064455, 0.09487930001341738, 0.11159730001236312, 0.12849989999085665, 0.14550210000015795, 0.16145440001855604, 0.17797000001883134, 0.1945945000043139, 0.21128930000122637, 0.22806690001743846, 0.24464530000113882, 0.26150359999155626, 0.27776759999687783, 0.2948174999910407, 0.31133550000959076, 0.3288384000188671, 0.3448594000074081, 0.36134110001148656, 0.3780902000144124, 0.3946519000164699, 0.41158670000731945, 0.4280478000000585, 0.4448333000182174, 0.46156260001589544, 0.4780923000071198, 0.4943175000080373, 0.5112116000091191, 0.5277002000075299, 0.5451139000069816]	189.0	288.0	0.9	8a
445	11	go_nogo	0	60	7	go	click	[-3.0, -3.0, 13.0, 26.0, 33.0, 39.0, 46.0, 49.0, 51.0, 53.0, 56.0, 57.0, 61.0, 65.0, 67.0, 67.0, 68.0, 73.0, 88.0, 115.0, 149.0, 189.0, 198.0, 210.0, 211.0, 211.0, 211.0, 209.0, 209.0, 207.0, 206.0, 203.0, 200.0, 197.0, 195.0, 193.0, 193.0, 193.0, 195.0, 196.0, 197.0, 198.0, 198.0, 198.0, 198.0, 198.0]	[-209.0, -209.0, -152.0, -107.0, -69.0, -34.0, -5.0, 15.0, 30.0, 37.0, 42.0, 46.0, 54.0, 58.0, 60.0, 61.0, 61.0, 63.0, 68.0, 83.0, 105.0, 141.0, 152.0, 177.0, 188.0, 193.0, 196.0, 199.0, 201.0, 204.0, 207.0, 210.0, 213.0, 217.0, 224.0, 245.0, 260.0, 276.0, 285.0, 292.0, 296.0, 296.0, 297.0, 297.0, 297.0, 297.0]	[0, 0, 0, 0, 0, 0, 0, 0, 0, 0, 0, 0, 0, 0, 0, 0, 0, 0, 0, 0, 0, 0, 0, 0, 0, 0, 0, 0, 0, 0, 0, 0, 0, 0, 0, 0, 0, 0, 0, 0, 0, 0, 0, 0, 0, 1]	[0, 0, 0, 0, 0, 0, 0, 0, 0, 0, 0, 0, 0, 0, 0, 0, 0, 0, 0, 0, 0, 0, 0, 0, 0, 0, 0, 0, 0, 0, 0, 0, 0, 0, 0, 0, 0, 0, 0, 0, 0, 0, 0, 0, 0, 0]	[0, 0, 0, 0, 0, 0, 0, 0, 0, 0, 0, 0, 0, 0, 0, 0, 0, 0, 0, 0, 0, 0, 0, 0, 0, 0, 0, 0, 0, 0, 0, 0, 0, 0, 0, 0, 0, 0, 0, 0, 0, 0, 0, 0, 0, 0]	[0.0001993000041693449, 0.011819600011222064, 0.027959800005191937, 0.04477670000051148, 0.06144970000605099, 0.0780973999935668, 0.09492970001883805, 0.11143670001183636, 0.12804149999283254, 0.14466330001596361, 0.16147530000307597, 0.17811520001851022, 0.19489340001018718, 0.2117969999962952, 0.2283270000189077, 0.24490869999863207, 0.26136550001683645, 0.27797980001196265, 0.29466040001716465, 0.31127350000315346, 0.3281700999941677, 0.3446661999914795, 0.3612942000036128, 0.3781551000138279, 0.3949162999924738, 0.4113919000083115, 0.4281941000081133, 0.4450342000054661, 0.46159950000583194, 0.4779528999933973, 0.4948712000041269, 0.5113855999952648, 0.5279960000189021, 0.544626100017922, 0.5614853000151925, 0.5780495000071824, 0.5945799000037368, 0.611302400007844, 0.6278558000049088, 0.6447028999973554, 0.6613196000107564, 0.6778978999936953, 0.6944570000050589, 0.7110176999995019, 0.7276795000070706, 0.7450660000031348]	198.0	297.0	0.6	8a
446	11	go_nogo	0	60	7	go	click	[55.0, 57.0, 60.0, 67.0, 76.0, 87.0, 92.0, 95.0, 98.0, 100.0, 102.0, 105.0, 106.0, 108.0, 108.0, 109.0, 111.0, 116.0, 123.0, 136.0, 151.0, 172.0, 196.0, 217.0, 229.0, 236.0, 237.0, 237.0, 237.0, 237.0, 238.0, 238.0, 239.0, 240.0, 240.0, 240.0, 240.0, 240.0, 236.0, 230.0, 224.0, 222.0, 222.0, 222.0, 222.0, 222.0, 222.0, 222.0, 222.0, 222.0]	[-283.0, -263.0, -240.0, -190.0, -143.0, -78.0, -40.0, -6.0, 21.0, 39.0, 56.0, 69.0, 84.0, 99.0, 111.0, 119.0, 133.0, 152.0, 177.0, 206.0, 240.0, 278.0, 318.0, 354.0, 380.0, 393.0, 399.0, 399.0, 399.0, 399.0, 399.0, 398.0, 396.0, 395.0, 394.0, 394.0, 393.0, 386.0, 375.0, 356.0, 339.0, 322.0, 320.0, 318.0, 317.0, 317.0, 317.0, 317.0, 317.0, 317.0]	[0, 0, 0, 0, 0, 0, 0, 0, 0, 0, 0, 0, 0, 0, 0, 0, 0, 0, 0, 0, 0, 0, 0, 0, 0, 0, 0, 0, 0, 0, 0, 0, 0, 0, 0, 0, 0, 0, 0, 0, 0, 0, 0, 0, 0, 0, 0, 0, 0, 1]	[0, 0, 0, 0, 0, 0, 0, 0, 0, 0, 0, 0, 0, 0, 0, 0, 0, 0, 0, 0, 0, 0, 0, 0, 0, 0, 0, 0, 0, 0, 0, 0, 0, 0, 0, 0, 0, 0, 0, 0, 0, 0, 0, 0, 0, 0, 0, 0, 0, 0]	[0, 0, 0, 0, 0, 0, 0, 0, 0, 0, 0, 0, 0, 0, 0, 0, 0, 0, 0, 0, 0, 0, 0, 0, 0, 0, 0, 0, 0, 0, 0, 0, 0, 0, 0, 0, 0, 0, 0, 0, 0, 0, 0, 0, 0, 0, 0, 0, 0, 0]	[8.299999171867967e-05, 0.013351900008274242, 0.02965139999287203, 0.046289199992315844, 0.06314630000269972, 0.07995250000385568, 0.09637280000606552, 0.11293259999365546, 0.12971680000191554, 0.14638130000093952, 0.1633813999942504, 0.17975619999924675, 0.19642749999184161, 0.21304289999534376, 0.22976980000385083, 0.24643379999906756, 0.26307899999665096, 0.2797796000086237, 0.2963614000182133, 0.31278569999267347, 0.32971059999545105, 0.3463429000112228, 0.3627924000029452, 0.37955549999605864, 0.3961643000075128, 0.41293900000164285, 0.4293117999914102, 0.446236299991142, 0.46303879999322817, 0.4800003000127617, 0.4961780000012368, 0.5128741000080481, 0.5294683999964036, 0.5463313999935053, 0.562722800008487, 0.579796100006206, 0.5962707000144292, 0.6128897000162397, 0.6295128999918234, 0.6462181000097189, 0.6632158000138588, 0.680319100007182, 0.6967383000010159, 0.7130413000122644, 0.7294435999938287, 0.7460281999956351, 0.7629497000016272, 0.779387599992333, 0.7962831000040751, 0.8130915999936406]	222.0	317.0	1.0	8a
447	11	go_nogo	0	60	3	go	click	[121.0, 167.0, 206.0, 286.0, 354.0, 398.0, 415.0, 422.0, 426.0, 428.0, 427.0, 424.0, 419.0, 411.0, 400.0, 388.0, 373.0, 354.0, 337.0, 324.0, 310.0, 300.0, 287.0, 271.0, 261.0, 250.0, 244.0, 239.0, 235.0, 233.0, 232.0, 232.0, 232.0, 232.0, 232.0, 232.0]	[-232.0, -178.0, -128.0, -28.0, 56.0, 111.0, 141.0, 160.0, 176.0, 188.0, 213.0, 229.0, 245.0, 259.0, 267.0, 273.0, 278.0, 282.0, 286.0, 290.0, 297.0, 302.0, 308.0, 312.0, 314.0, 316.0, 317.0, 319.0, 319.0, 319.0, 319.0, 319.0, 319.0, 319.0, 319.0, 319.0]	[0, 0, 0, 0, 0, 0, 0, 0, 0, 0, 0, 0, 0, 0, 0, 0, 0, 0, 0, 0, 0, 0, 0, 0, 0, 0, 0, 0, 0, 0, 0, 0, 0, 0, 0, 1]	[0, 0, 0, 0, 0, 0, 0, 0, 0, 0, 0, 0, 0, 0, 0, 0, 0, 0, 0, 0, 0, 0, 0, 0, 0, 0, 0, 0, 0, 0, 0, 0, 0, 0, 0, 0]	[0, 0, 0, 0, 0, 0, 0, 0, 0, 0, 0, 0, 0, 0, 0, 0, 0, 0, 0, 0, 0, 0, 0, 0, 0, 0, 0, 0, 0, 0, 0, 0, 0, 0, 0, 0]	[0.00014069999451749027, 0.01060979999601841, 0.026969300000928342, 0.04377109999768436, 0.06033429998205975, 0.07701839998480864, 0.09370110000600107, 0.11027949998970143, 0.12705310000455938, 0.14374229998793453, 0.16098049998981878, 0.17734259998542257, 0.1961421000014525, 0.21038509998470545, 0.22700039998744614, 0.24372999998740852, 0.26053470000624657, 0.2768930000020191, 0.29395769999246113, 0.310350899992045, 0.3270957999920938, 0.3436784999794327, 0.36047809998854063, 0.3771344999840949, 0.3937615999893751, 0.4102407000027597, 0.42695299998740666, 0.4435208000068087, 0.4606132000044454, 0.47685519998776726, 0.49346289999084547, 0.5102771999954712, 0.5268935000058264, 0.5436060999927577, 0.5601788999920245, 0.5769058000005316]	232.0	319.0	0.5	8a
448	11	go_nogo	0	60	8	go	click	[100.0, 100.0, 127.0, 147.0, 167.0, 179.0, 188.0, 191.0, 191.0, 189.0, 187.0, 185.0, 184.0, 184.0, 184.0, 183.0, 183.0, 182.0, 182.0, 182.0, 182.0, 189.0, 196.0, 203.0, 211.0, 215.0, 216.0, 217.0, 217.0, 217.0]	[-213.0, -213.0, -149.0, -97.0, -42.0, 10.0, 54.0, 90.0, 114.0, 133.0, 151.0, 155.0, 178.0, 190.0, 198.0, 201.0, 203.0, 203.0, 205.0, 209.0, 215.0, 227.0, 241.0, 259.0, 279.0, 287.0, 292.0, 293.0, 293.0, 293.0]	[0, 0, 0, 0, 0, 0, 0, 0, 0, 0, 0, 0, 0, 0, 0, 0, 0, 0, 0, 0, 0, 0, 0, 0, 0, 0, 0, 0, 0, 1]	[0, 0, 0, 0, 0, 0, 0, 0, 0, 0, 0, 0, 0, 0, 0, 0, 0, 0, 0, 0, 0, 0, 0, 0, 0, 0, 0, 0, 0, 0]	[0, 0, 0, 0, 0, 0, 0, 0, 0, 0, 0, 0, 0, 0, 0, 0, 0, 0, 0, 0, 0, 0, 0, 0, 0, 0, 0, 0, 0, 0]	[0.00020420001237653196, 0.01289750001160428, 0.029391499992925674, 0.04617429999052547, 0.06268160001491196, 0.0794134000025224, 0.09646060000522994, 0.11267560001579113, 0.12935239999205805, 0.1463850000000093, 0.163025000016205, 0.17948099999921396, 0.19611350001650862, 0.21301090001361445, 0.22960280001279898, 0.24629889999050647, 0.2627580999978818, 0.2797003000159748, 0.29620040001464076, 0.31289440000546165, 0.32956499999272637, 0.34634920000098646, 0.3629552999918815, 0.38006709999172017, 0.39617680001538247, 0.41296849999343976, 0.4294565999880433, 0.4460730999999214, 0.4625806999974884, 0.4795778999978211]	217.0	293.0	0.6	8a
449	11	go_nogo	0	60	4	go	click	[51.0, 51.0, 59.0, 65.0, 71.0, 78.0, 86.0, 91.0, 95.0, 102.0, 107.0, 113.0, 118.0, 121.0, 125.0, 133.0, 143.0, 154.0, 168.0, 181.0, 190.0, 195.0, 198.0, 200.0, 202.0, 203.0, 204.0, 205.0, 205.0, 205.0]	[-247.0, -247.0, -185.0, -128.0, -76.0, -22.0, 28.0, 64.0, 95.0, 118.0, 135.0, 148.0, 158.0, 168.0, 176.0, 193.0, 209.0, 223.0, 239.0, 252.0, 261.0, 270.0, 276.0, 283.0, 287.0, 291.0, 296.0, 300.0, 300.0, 300.0]	[0, 0, 0, 0, 0, 0, 0, 0, 0, 0, 0, 0, 0, 0, 0, 0, 0, 0, 0, 0, 0, 0, 0, 0, 0, 0, 0, 0, 0, 1]	[0, 0, 0, 0, 0, 0, 0, 0, 0, 0, 0, 0, 0, 0, 0, 0, 0, 0, 0, 0, 0, 0, 0, 0, 0, 0, 0, 0, 0, 0]	[0, 0, 0, 0, 0, 0, 0, 0, 0, 0, 0, 0, 0, 0, 0, 0, 0, 0, 0, 0, 0, 0, 0, 0, 0, 0, 0, 0, 0, 0]	[0.00022519999765791, 0.011824300017906353, 0.028805900015868247, 0.0451249000034295, 0.061971699993591756, 0.0781210999994073, 0.09477930000866763, 0.1119417000154499, 0.1281652000034228, 0.14489290001802146, 0.16167249999125488, 0.1782324000087101, 0.19496260001324117, 0.21181249999790452, 0.22835879999911413, 0.24535450001712888, 0.26176310001756065, 0.2785081000183709, 0.294854400010081, 0.31152519999886863, 0.3282366000057664, 0.34507929999381304, 0.36167489999206737, 0.3781392000091728, 0.3950794000120368, 0.4114584999915678, 0.42820019999635406, 0.4446272999921348, 0.46157020001555793, 0.4786597000202164]	205.0	300.0	0.5	8a
450	11	go_nogo	0	60	6	go	click	[51.0, 51.0, 66.0, 92.0, 115.0, 134.0, 146.0, 153.0, 158.0, 162.0, 166.0, 171.0, 177.0, 182.0, 189.0, 195.0, 199.0, 200.0, 201.0, 201.0, 201.0, 201.0, 201.0, 200.0, 200.0, 200.0, 201.0, 202.0, 203.0, 204.0, 205.0, 207.0, 207.0, 207.0]	[-195.0, -195.0, -164.0, -103.0, -57.0, -21.0, 8.0, 29.0, 50.0, 67.0, 80.0, 102.0, 116.0, 129.0, 145.0, 160.0, 173.0, 183.0, 192.0, 200.0, 206.0, 217.0, 220.0, 234.0, 243.0, 252.0, 258.0, 264.0, 268.0, 271.0, 275.0, 278.0, 279.0, 279.0]	[0, 0, 0, 0, 0, 0, 0, 0, 0, 0, 0, 0, 0, 0, 0, 0, 0, 0, 0, 0, 0, 0, 0, 0, 0, 0, 0, 0, 0, 0, 0, 0, 0, 1]	[0, 0, 0, 0, 0, 0, 0, 0, 0, 0, 0, 0, 0, 0, 0, 0, 0, 0, 0, 0, 0, 0, 0, 0, 0, 0, 0, 0, 0, 0, 0, 0, 0, 0]	[0, 0, 0, 0, 0, 0, 0, 0, 0, 0, 0, 0, 0, 0, 0, 0, 0, 0, 0, 0, 0, 0, 0, 0, 0, 0, 0, 0, 0, 0, 0, 0, 0, 0]	[0.0001812000118661672, 0.009557100012898445, 0.02600080001866445, 0.042854600003920496, 0.060011500027030706, 0.0767381000041496, 0.09290640000835992, 0.10927710001124069, 0.1260766000195872, 0.14248930002213456, 0.15934260000358336, 0.1764508000051137, 0.19270569999935105, 0.20929810000234284, 0.22585030001937412, 0.2426403000135906, 0.2593390000110958, 0.27599540000665, 0.2927337000146508, 0.30949990000226535, 0.3261507000133861, 0.3426985000260174, 0.35952280001947656, 0.3759210999996867, 0.39255340001545846, 0.40914709999924526, 0.42594720001216047, 0.44254210000508465, 0.4591464000113774, 0.47580340001150034, 0.49257570001645945, 0.5095917000144254, 0.5259610000066459, 0.5428397000068799]	207.0	279.0	0.9	8a
451	12	go_only	0	18	8	go	click	[31.0, 40.0, 47.0, 54.0, 57.0, 57.0, 57.0, 58.0, 60.0, 62.0, 63.0, 65.0, 68.0, 82.0, 93.0, 102.0, 107.0, 113.0, 119.0, 129.0, 142.0, 161.0, 176.0, 186.0, 190.0, 191.0, 191.0, 191.0, 191.0]	[-241.0, -201.0, -161.0, -81.0, -15.0, 32.0, 62.0, 84.0, 104.0, 119.0, 127.0, 134.0, 142.0, 172.0, 195.0, 210.0, 218.0, 226.0, 234.0, 247.0, 263.0, 284.0, 302.0, 316.0, 322.0, 323.0, 323.0, 323.0, 323.0]	[0, 0, 0, 0, 0, 0, 0, 0, 0, 0, 0, 0, 0, 0, 0, 0, 0, 0, 0, 0, 0, 0, 0, 0, 0, 0, 0, 0, 1]	[0, 0, 0, 0, 0, 0, 0, 0, 0, 0, 0, 0, 0, 0, 0, 0, 0, 0, 0, 0, 0, 0, 0, 0, 0, 0, 0, 0, 0]	[0, 0, 0, 0, 0, 0, 0, 0, 0, 0, 0, 0, 0, 0, 0, 0, 0, 0, 0, 0, 0, 0, 0, 0, 0, 0, 0, 0, 0]	[0.0003512999974191189, 0.008672299998579547, 0.026315099996281788, 0.04204380000010133, 0.05923119999351911, 0.07522289999178611, 0.09208760000183247, 0.10857720000785775, 0.12541969999438152, 0.1420663000026252, 0.15901380000286736, 0.17539089999627322, 0.19199469999875873, 0.20928700000513345, 0.22546640000655316, 0.2421977999911178, 0.2586629999859724, 0.27518299999064766, 0.29159869998693466, 0.3084138999984134, 0.32513680000556633, 0.3416922999895178, 0.3584549000079278, 0.3751521999947727, 0.39169099999708124, 0.40832919999957085, 0.4248856999911368, 0.4416930000006687, 0.4589546000061091]	191.0	323.0	0.9	8a
452	12	go_only	0	18	6	go	click	[37.0, 37.0, 39.0, 42.0, 44.0, 44.0, 49.0, 56.0, 60.0, 68.0, 75.0, 80.0, 86.0, 99.0, 109.0, 118.0, 127.0, 138.0, 152.0, 165.0, 173.0, 177.0, 179.0, 180.0, 184.0, 187.0, 188.0]	[-277.0, -277.0, -207.0, -120.0, -42.0, 8.0, 48.0, 83.0, 113.0, 136.0, 160.0, 170.0, 191.0, 216.0, 232.0, 243.0, 252.0, 260.0, 273.0, 286.0, 295.0, 300.0, 303.0, 307.0, 313.0, 315.0, 315.0]	[0, 0, 0, 0, 0, 0, 0, 0, 0, 0, 0, 0, 0, 0, 0, 0, 0, 0, 0, 0, 0, 0, 0, 0, 0, 0, 1]	[0, 0, 0, 0, 0, 0, 0, 0, 0, 0, 0, 0, 0, 0, 0, 0, 0, 0, 0, 0, 0, 0, 0, 0, 0, 0, 0]	[0, 0, 0, 0, 0, 0, 0, 0, 0, 0, 0, 0, 0, 0, 0, 0, 0, 0, 0, 0, 0, 0, 0, 0, 0, 0, 0]	[9.019998833537102e-05, 0.011813399993116036, 0.027767699997639284, 0.04456489998847246, 0.0613770000054501, 0.07801279998966493, 0.09469440000248142, 0.1116500000061933, 0.12798719998681918, 0.14465810000547208, 0.16132240000297315, 0.17811820001224987, 0.19506319999345578, 0.21146290001343004, 0.22824229998514056, 0.2445636999909766, 0.26164959999732673, 0.27791800000704825, 0.2946417999919504, 0.3113409999932628, 0.3281464999890886, 0.344600000011269, 0.3611740999913309, 0.3781500000040978, 0.394789399986621, 0.41139059999841265, 0.4281139000086114]	188.0	315.0	0.8	8a
453	12	go_only	0	18	3	go	click	[37.0, 37.0, 37.0, 39.0, 45.0, 53.0, 63.0, 69.0, 77.0, 84.0, 92.0, 104.0, 126.0, 141.0, 155.0, 166.0, 172.0, 176.0, 179.0, 182.0, 183.0, 185.0, 185.0, 185.0, 184.0, 181.0, 181.0, 181.0, 181.0]	[-251.0, -251.0, -194.0, -135.0, -95.0, -66.0, -41.0, -18.0, 5.0, 27.0, 48.0, 66.0, 99.0, 128.0, 158.0, 181.0, 202.0, 212.0, 220.0, 226.0, 236.0, 246.0, 256.0, 261.0, 266.0, 275.0, 282.0, 285.0, 285.0]	[0, 0, 0, 0, 0, 0, 0, 0, 0, 0, 0, 0, 0, 0, 0, 0, 0, 0, 0, 0, 0, 0, 0, 0, 0, 0, 0, 0, 1]	[0, 0, 0, 0, 0, 0, 0, 0, 0, 0, 0, 0, 0, 0, 0, 0, 0, 0, 0, 0, 0, 0, 0, 0, 0, 0, 0, 0, 0]	[0, 0, 0, 0, 0, 0, 0, 0, 0, 0, 0, 0, 0, 0, 0, 0, 0, 0, 0, 0, 0, 0, 0, 0, 0, 0, 0, 0, 0]	[0.00018969998927786946, 0.012349700002232566, 0.02821140000014566, 0.044872800004668534, 0.061817600013455376, 0.07826639999984764, 0.09482729999581352, 0.11151640000753105, 0.1282589999900665, 0.1449234999890905, 0.1616228999919258, 0.1784983999968972, 0.1951347000140231, 0.21170720001100563, 0.22845540000707842, 0.24500319999060594, 0.2615827000117861, 0.27809929999057204, 0.2947893000091426, 0.31146980001358315, 0.328096999990521, 0.3447712000051979, 0.36158689999138005, 0.37827119999565184, 0.39482859999407083, 0.4113427000120282, 0.42831879999721423, 0.44468119999510236, 0.46175899999798276]	181.0	285.0	0.7	8a
454	12	go_only	0	18	4	go	click	[71.0, 71.0, 77.0, 90.0, 95.0, 95.0, 98.0, 102.0, 112.0, 121.0, 131.0, 135.0, 137.0, 140.0, 142.0, 144.0, 146.0, 159.0, 171.0, 187.0, 198.0, 207.0, 213.0, 217.0, 218.0, 218.0, 218.0, 218.0]	[-260.0, -260.0, -229.0, -169.0, -116.0, -77.0, -21.0, 17.0, 50.0, 81.0, 104.0, 120.0, 133.0, 140.0, 147.0, 151.0, 158.0, 179.0, 198.0, 222.0, 244.0, 264.0, 283.0, 296.0, 304.0, 308.0, 309.0, 309.0]	[0, 0, 0, 0, 0, 0, 0, 0, 0, 0, 0, 0, 0, 0, 0, 0, 0, 0, 0, 0, 0, 0, 0, 0, 0, 0, 0, 1]	[0, 0, 0, 0, 0, 0, 0, 0, 0, 0, 0, 0, 0, 0, 0, 0, 0, 0, 0, 0, 0, 0, 0, 0, 0, 0, 0, 0]	[0, 0, 0, 0, 0, 0, 0, 0, 0, 0, 0, 0, 0, 0, 0, 0, 0, 0, 0, 0, 0, 0, 0, 0, 0, 0, 0, 0]	[0.0002162999880965799, 0.010970500006806105, 0.027524400007678196, 0.044414700008928776, 0.061097500001778826, 0.07856049999827519, 0.09476000000722706, 0.11150009999983013, 0.12777600000845268, 0.14454060001298785, 0.1610520000103861, 0.17749860000913031, 0.19447950000176206, 0.2112906000111252, 0.22782450000522658, 0.24433380001573823, 0.261112400010461, 0.27757999999448657, 0.29435740000917576, 0.31154640001477674, 0.3276313999958802, 0.3442610999918543, 0.3609662000089884, 0.3775840000016615, 0.39433790001203306, 0.41110500000650063, 0.4276575999974739, 0.4445059999998193]	218.0	309.0	0.9	8a
455	12	go_only	0	18	7	go	click	[31.0, 31.0, 36.0, 45.0, 60.0, 88.0, 109.0, 123.0, 131.0, 136.0, 139.0, 141.0, 145.0, 151.0, 154.0, 155.0, 155.0, 155.0, 155.0, 156.0, 159.0, 166.0, 175.0, 180.0, 183.0, 184.0, 186.0, 189.0, 190.0, 190.0]	[-263.0, -263.0, -195.0, -118.0, -27.0, 63.0, 122.0, 163.0, 188.0, 205.0, 213.0, 218.0, 226.0, 231.0, 234.0, 234.0, 234.0, 234.0, 234.0, 234.0, 237.0, 244.0, 258.0, 270.0, 277.0, 280.0, 287.0, 294.0, 297.0, 298.0]	[0, 0, 0, 0, 0, 0, 0, 0, 0, 0, 0, 0, 0, 0, 0, 0, 0, 0, 0, 0, 0, 0, 0, 0, 0, 0, 0, 0, 0, 1]	[0, 0, 0, 0, 0, 0, 0, 0, 0, 0, 0, 0, 0, 0, 0, 0, 0, 0, 0, 0, 0, 0, 0, 0, 0, 0, 0, 0, 0, 0]	[0, 0, 0, 0, 0, 0, 0, 0, 0, 0, 0, 0, 0, 0, 0, 0, 0, 0, 0, 0, 0, 0, 0, 0, 0, 0, 0, 0, 0, 0]	[0.00020939999376423657, 0.010227699996903539, 0.026945499994326383, 0.04355140001280233, 0.060267799999564886, 0.07705650001298636, 0.09364129998721182, 0.11034409998683259, 0.12663929999689572, 0.14351650001481175, 0.16015630000038072, 0.17694900001515634, 0.19362229999387637, 0.2103136999940034, 0.2266257999872323, 0.24328439999953844, 0.2598465000046417, 0.2769507000048179, 0.2937227000074927, 0.3100992999970913, 0.32693680000375025, 0.34371879999525845, 0.36014020000584424, 0.37691910000285134, 0.3935748999938369, 0.41063679999206215, 0.42680300000938587, 0.4432809000136331, 0.4599795000103768, 0.4769261000037659]	191.0	298.0	0.7	8a
456	12	go_only	0	18	7	go	click	[63.0, 63.0, 81.0, 110.0, 131.0, 145.0, 155.0, 158.0, 160.0, 160.0, 162.0, 168.0, 175.0, 178.0, 178.0, 178.0, 178.0, 178.0, 178.0, 178.0, 178.0, 178.0, 178.0, 178.0]	[-208.0, -208.0, -158.0, -49.0, 51.0, 133.0, 211.0, 243.0, 258.0, 267.0, 276.0, 292.0, 307.0, 315.0, 316.0, 316.0, 316.0, 316.0, 316.0, 316.0, 316.0, 316.0, 316.0, 316.0]	[0, 0, 0, 0, 0, 0, 0, 0, 0, 0, 0, 0, 0, 0, 0, 0, 0, 0, 0, 0, 0, 0, 0, 1]	[0, 0, 0, 0, 0, 0, 0, 0, 0, 0, 0, 0, 0, 0, 0, 0, 0, 0, 0, 0, 0, 0, 0, 0]	[0, 0, 0, 0, 0, 0, 0, 0, 0, 0, 0, 0, 0, 0, 0, 0, 0, 0, 0, 0, 0, 0, 0, 0]	[0.00018799997633323073, 0.012630099983653054, 0.029152999981306493, 0.04616559998248704, 0.062762899993686, 0.07966759998816997, 0.09658419998595491, 0.11353679999592714, 0.12925329999416135, 0.14598269999260083, 0.16265929999644868, 0.1794301999907475, 0.19582649998483248, 0.21276699998998083, 0.22919179999735206, 0.2458784999907948, 0.2624171999923419, 0.279489399981685, 0.2958916999923531, 0.31224939998355694, 0.32873199999448843, 0.3457056999905035, 0.3623995999805629, 0.379281399975298]	178.0	316.0	0.7	8a
457	12	go_only	0	18	2	go	click	[40.0, 40.0, 62.0, 101.0, 142.0, 151.0, 158.0, 161.0, 164.0, 167.0, 173.0, 181.0, 189.0, 194.0, 194.0, 194.0, 194.0, 194.0, 195.0, 197.0, 199.0, 201.0, 203.0, 204.0, 205.0, 207.0, 212.0, 216.0, 217.0, 217.0, 217.0]	[-221.0, -221.0, -166.0, -44.0, 121.0, 176.0, 214.0, 243.0, 263.0, 280.0, 303.0, 332.0, 364.0, 375.0, 375.0, 375.0, 375.0, 375.0, 375.0, 371.0, 365.0, 360.0, 355.0, 351.0, 344.0, 333.0, 312.0, 289.0, 285.0, 285.0, 285.0]	[0, 0, 0, 0, 0, 0, 0, 0, 0, 0, 0, 0, 0, 0, 0, 0, 0, 0, 0, 0, 0, 0, 0, 0, 0, 0, 0, 0, 0, 0, 1]	[0, 0, 0, 0, 0, 0, 0, 0, 0, 0, 0, 0, 0, 0, 0, 0, 0, 0, 0, 0, 0, 0, 0, 0, 0, 0, 0, 0, 0, 0, 0]	[0, 0, 0, 0, 0, 0, 0, 0, 0, 0, 0, 0, 0, 0, 0, 0, 0, 0, 0, 0, 0, 0, 0, 0, 0, 0, 0, 0, 0, 0, 0]	[0.00018160001491196454, 0.010715400014305487, 0.027154200011864305, 0.04402989998925477, 0.060442599991802126, 0.07736649998696521, 0.094085399992764, 0.11069750000024214, 0.1271341000101529, 0.14380809999420308, 0.16051230000448413, 0.1771154000016395, 0.19373950001318008, 0.21040730000822805, 0.22690730000613257, 0.24354399999720044, 0.2603440000093542, 0.27687370000057854, 0.2942349000077229, 0.3105535999929998, 0.32715890000690706, 0.3437266999972053, 0.3603832999942824, 0.37707119999686256, 0.39387150001130067, 0.4102928999927826, 0.4270267999963835, 0.4435755999875255, 0.46008019999135286, 0.4768710999924224, 0.4938475000089966]	217.0	285.0	0.6	8a
458	12	go_only	0	18	4	go	click	[44.0, 44.0, 64.0, 109.0, 138.0, 158.0, 168.0, 175.0, 183.0, 194.0, 199.0, 203.0, 207.0, 209.0, 210.0, 210.0, 210.0, 211.0, 211.0, 211.0, 211.0, 211.0]	[-179.0, -179.0, -114.0, 6.0, 85.0, 137.0, 170.0, 195.0, 216.0, 236.0, 243.0, 249.0, 259.0, 267.0, 272.0, 272.0, 272.0, 272.0, 272.0, 273.0, 274.0, 274.0]	[0, 0, 0, 0, 0, 0, 0, 0, 0, 0, 0, 0, 0, 0, 0, 0, 0, 0, 0, 0, 0, 1]	[0, 0, 0, 0, 0, 0, 0, 0, 0, 0, 0, 0, 0, 0, 0, 0, 0, 0, 0, 0, 0, 0]	[0, 0, 0, 0, 0, 0, 0, 0, 0, 0, 0, 0, 0, 0, 0, 0, 0, 0, 0, 0, 0, 0]	[0.0006859000131953508, 0.008338200015714392, 0.025521200004732236, 0.042013300000689924, 0.05834680001134984, 0.07560720000765286, 0.09171820001211017, 0.10849430001690052, 0.1251893000153359, 0.1417031000019051, 0.15850310001405887, 0.1750700999982655, 0.1915895999991335, 0.20884900001692586, 0.22509110000100918, 0.2420894000097178, 0.25838159999693744, 0.2749789000081364, 0.29177949999575503, 0.3082003000017721, 0.32511320000048727, 0.34235500000067987]	211.0	274.0	0.7	8a
459	12	go_only	0	18	7	go	click	[42.0, 42.0, 68.0, 98.0, 124.0, 136.0, 143.0, 151.0, 160.0, 168.0, 175.0, 181.0, 190.0, 202.0, 210.0, 217.0, 223.0, 224.0, 224.0, 224.0, 224.0, 223.0, 221.0, 213.0, 212.0, 211.0, 211.0, 211.0]	[-245.0, -245.0, -167.0, -80.0, -5.0, 41.0, 72.0, 99.0, 120.0, 134.0, 145.0, 155.0, 174.0, 193.0, 211.0, 228.0, 244.0, 255.0, 259.0, 260.0, 260.0, 263.0, 268.0, 284.0, 288.0, 292.0, 292.0, 292.0]	[0, 0, 0, 0, 0, 0, 0, 0, 0, 0, 0, 0, 0, 0, 0, 0, 0, 0, 0, 0, 0, 0, 0, 0, 0, 0, 0, 1]	[0, 0, 0, 0, 0, 0, 0, 0, 0, 0, 0, 0, 0, 0, 0, 0, 0, 0, 0, 0, 0, 0, 0, 0, 0, 0, 0, 0]	[0, 0, 0, 0, 0, 0, 0, 0, 0, 0, 0, 0, 0, 0, 0, 0, 0, 0, 0, 0, 0, 0, 0, 0, 0, 0, 0, 0]	[0.0002066000015474856, 0.009781700005987659, 0.0268973000056576, 0.04343009999138303, 0.05952539999270812, 0.07657780000590719, 0.09305639998638071, 0.10977320000529289, 0.1266063000075519, 0.1430730999854859, 0.1597020000044722, 0.17618789998232387, 0.19322499999543652, 0.21045549999689683, 0.22602239999105223, 0.24278609998873435, 0.2597049000032712, 0.2762611999933142, 0.29308319999836385, 0.30946240000776015, 0.32606829999713227, 0.3429609999875538, 0.3596687999961432, 0.37634930000058375, 0.39280349999899045, 0.40937849998590536, 0.426172100007534, 0.4426286999951117]	211.0	292.0	0.8	8a
460	12	go_only	0	18	8	go	click	[82.0, 82.0, 109.0, 133.0, 148.0, 156.0, 161.0, 166.0, 176.0, 185.0, 191.0, 195.0, 196.0, 197.0, 200.0, 200.0, 200.0, 194.0, 188.0, 182.0, 180.0, 178.0, 176.0, 175.0, 172.0, 171.0, 169.0, 169.0, 174.0, 178.0, 178.0, 178.0]	[-254.0, -254.0, -200.0, -150.0, -113.0, -75.0, -35.0, -2.0, 27.0, 52.0, 71.0, 88.0, 99.0, 110.0, 123.0, 135.0, 148.0, 165.0, 179.0, 187.0, 194.0, 203.0, 219.0, 235.0, 250.0, 258.0, 276.0, 298.0, 323.0, 332.0, 332.0, 332.0]	[0, 0, 0, 0, 0, 0, 0, 0, 0, 0, 0, 0, 0, 0, 0, 0, 0, 0, 0, 0, 0, 0, 0, 0, 0, 0, 0, 0, 0, 0, 0, 1]	[0, 0, 0, 0, 0, 0, 0, 0, 0, 0, 0, 0, 0, 0, 0, 0, 0, 0, 0, 0, 0, 0, 0, 0, 0, 0, 0, 0, 0, 0, 0, 0]	[0, 0, 0, 0, 0, 0, 0, 0, 0, 0, 0, 0, 0, 0, 0, 0, 0, 0, 0, 0, 0, 0, 0, 0, 0, 0, 0, 0, 0, 0, 0, 0]	[0.0002735000161919743, 0.011248800001339987, 0.027867199998581782, 0.04453730001114309, 0.06066909999935888, 0.07760520000010729, 0.09411940001882613, 0.11108210001839325, 0.12768880001385696, 0.1443720000097528, 0.16124270000727847, 0.17778990001534112, 0.19434459999320097, 0.2110328999988269, 0.2275165000173729, 0.24433700001100078, 0.2607351999904495, 0.27744130001519807, 0.2940680000174325, 0.31074570000055246, 0.32740380000905134, 0.3440108000067994, 0.36084420001134276, 0.3774023000150919, 0.3940273000043817, 0.41065390000585467, 0.4276151999947615, 0.4439880000136327, 0.46070870000403374, 0.4771689999906812, 0.49386290000984445, 0.5112271000107285]	178.0	332.0	0.6	8a
461	12	go_only	0	18	6	go	click	[42.0, 42.0, 56.0, 99.0, 115.0, 125.0, 137.0, 145.0, 151.0, 155.0, 158.0, 162.0, 167.0, 173.0, 177.0, 180.0, 180.0, 181.0, 184.0, 185.0, 188.0, 189.0, 189.0, 192.0, 192.0, 192.0]	[-221.0, -221.0, -187.0, -98.0, -54.0, -22.0, 7.0, 36.0, 59.0, 78.0, 97.0, 114.0, 139.0, 163.0, 179.0, 189.0, 196.0, 209.0, 231.0, 250.0, 265.0, 274.0, 284.0, 292.0, 293.0, 293.0]	[0, 0, 0, 0, 0, 0, 0, 0, 0, 0, 0, 0, 0, 0, 0, 0, 0, 0, 0, 0, 0, 0, 0, 0, 0, 1]	[0, 0, 0, 0, 0, 0, 0, 0, 0, 0, 0, 0, 0, 0, 0, 0, 0, 0, 0, 0, 0, 0, 0, 0, 0, 0]	[0, 0, 0, 0, 0, 0, 0, 0, 0, 0, 0, 0, 0, 0, 0, 0, 0, 0, 0, 0, 0, 0, 0, 0, 0, 0]	[0.00019950000569224358, 0.009909699991112575, 0.026646999991498888, 0.04347929998766631, 0.06010430000605993, 0.07680479998816736, 0.09328129998175427, 0.10980780000681989, 0.12693959998432547, 0.1430529000062961, 0.15992649999679998, 0.17673989999457262, 0.19321840000338852, 0.21005399999557994, 0.2265684999874793, 0.24408529998618178, 0.25982029997976497, 0.2766940000001341, 0.2931778999918606, 0.3100152999977581, 0.32663910000701435, 0.34373589997994713, 0.35991379999904893, 0.37645640000118874, 0.39306740000029095, 0.4102244999958202]	192.0	293.0	1.0	8a
462	12	go_only	0	18	3	go	click	[89.0, 89.0, 114.0, 151.0, 183.0, 186.0, 189.0, 193.0, 193.0, 193.0, 194.0, 196.0, 201.0, 201.0, 202.0, 202.0, 202.0, 202.0, 202.0, 202.0, 202.0, 202.0, 202.0, 202.0]	[-205.0, -205.0, -154.0, -69.0, 16.0, 39.0, 99.0, 129.0, 155.0, 185.0, 219.0, 255.0, 287.0, 300.0, 301.0, 301.0, 301.0, 301.0, 302.0, 303.0, 304.0, 304.0, 304.0, 304.0]	[0, 0, 0, 0, 0, 0, 0, 0, 0, 0, 0, 0, 0, 0, 0, 0, 0, 0, 0, 0, 0, 0, 0, 1]	[0, 0, 0, 0, 0, 0, 0, 0, 0, 0, 0, 0, 0, 0, 0, 0, 0, 0, 0, 0, 0, 0, 0, 0]	[0, 0, 0, 0, 0, 0, 0, 0, 0, 0, 0, 0, 0, 0, 0, 0, 0, 0, 0, 0, 0, 0, 0, 0]	[0.000231999991228804, 0.011501900007715449, 0.028046499995980412, 0.044740599987562746, 0.06139610000536777, 0.07875580000109039, 0.09538990000146441, 0.11164379998808727, 0.12825619999784976, 0.14476609998382628, 0.16145610000239685, 0.17811179999262094, 0.19496389999403618, 0.21188669998082332, 0.2280581999802962, 0.24457569999503903, 0.261264900007518, 0.2782436999841593, 0.2944771999900695, 0.31168839999008924, 0.3280887999862898, 0.3446930999925826, 0.36134069997933693, 0.37838389998069033]	202.0	304.0	0.8	8a
463	12	go_only	0	18	6	go	click	[40.0, 57.0, 75.0, 103.0, 124.0, 138.0, 151.0, 162.0, 186.0, 190.0, 201.0, 203.0, 205.0, 205.0, 205.0, 205.0, 205.0, 205.0, 205.0, 204.0, 201.0, 198.0, 190.0, 186.0, 184.0, 183.0, 183.0, 183.0, 183.0]	[-254.0, -219.0, -187.0, -129.0, -70.0, -24.0, 17.0, 56.0, 106.0, 120.0, 148.0, 161.0, 176.0, 185.0, 191.0, 191.0, 191.0, 191.0, 192.0, 196.0, 204.0, 214.0, 232.0, 245.0, 255.0, 259.0, 259.0, 259.0, 259.0]	[0, 0, 0, 0, 0, 0, 0, 0, 0, 0, 0, 0, 0, 0, 0, 0, 0, 0, 0, 0, 0, 0, 0, 0, 0, 0, 0, 0, 1]	[0, 0, 0, 0, 0, 0, 0, 0, 0, 0, 0, 0, 0, 0, 0, 0, 0, 0, 0, 0, 0, 0, 0, 0, 0, 0, 0, 0, 0]	[0, 0, 0, 0, 0, 0, 0, 0, 0, 0, 0, 0, 0, 0, 0, 0, 0, 0, 0, 0, 0, 0, 0, 0, 0, 0, 0, 0, 0]	[0.00013979998766444623, 0.010478300013346598, 0.02687780000269413, 0.04365279999910854, 0.06048769998596981, 0.07728639998822473, 0.09377519998815842, 0.11055489999125712, 0.12721040000906214, 0.14388320001307875, 0.16098089999286458, 0.1778551999886986, 0.19381269998848438, 0.21049080000375398, 0.22669449998647906, 0.24348159998771735, 0.26004890000331216, 0.2770322999858763, 0.2940348999982234, 0.3103214000002481, 0.3269559000036679, 0.3438218999945093, 0.36060620000353083, 0.3769671999907587, 0.39362940000137314, 0.41023280000081286, 0.42662559999735095, 0.44322980000288226, 0.4605963999929372]	183.0	259.0	0.5	8a
464	12	go_only	0	18	3	go	click	[28.0, 28.0, 41.0, 61.0, 78.0, 104.0, 134.0, 166.0, 187.0, 205.0, 217.0, 224.0, 226.0, 227.0, 228.0, 228.0, 226.0, 225.0, 220.0, 214.0, 210.0, 207.0, 207.0, 206.0, 206.0, 204.0, 204.0, 204.0, 204.0]	[-255.0, -255.0, -235.0, -195.0, -162.0, -102.0, -34.0, 36.0, 79.0, 105.0, 125.0, 139.0, 147.0, 155.0, 167.0, 182.0, 204.0, 234.0, 279.0, 304.0, 317.0, 321.0, 321.0, 321.0, 321.0, 322.0, 322.0, 323.0, 323.0]	[0, 0, 0, 0, 0, 0, 0, 0, 0, 0, 0, 0, 0, 0, 0, 0, 0, 0, 0, 0, 0, 0, 0, 0, 0, 0, 0, 0, 1]	[0, 0, 0, 0, 0, 0, 0, 0, 0, 0, 0, 0, 0, 0, 0, 0, 0, 0, 0, 0, 0, 0, 0, 0, 0, 0, 0, 0, 0]	[0, 0, 0, 0, 0, 0, 0, 0, 0, 0, 0, 0, 0, 0, 0, 0, 0, 0, 0, 0, 0, 0, 0, 0, 0, 0, 0, 0, 0]	[0.00021240001660771668, 0.010338399995816872, 0.02708830000483431, 0.04393210000125691, 0.06069069998920895, 0.07738969998899847, 0.09419900001375936, 0.11073049998958595, 0.12722580000991002, 0.14384490001248196, 0.16038360001402907, 0.17720140001620166, 0.19358330001705326, 0.21032179999747314, 0.22706800000742078, 0.2437973000050988, 0.2602950000145938, 0.2769980000157375, 0.29401040001539513, 0.31086309999227524, 0.3270797000150196, 0.34360449999803677, 0.36029869999038056, 0.3769237000087742, 0.393776999990223, 0.41020720000960864, 0.4270652999985032, 0.44366340001579374, 0.4602207000134513]	204.0	323.0	0.6	8a
465	12	go_only	0	18	2	go	click	[37.0, 37.0, 49.0, 81.0, 99.0, 112.0, 120.0, 129.0, 137.0, 150.0, 161.0, 170.0, 178.0, 182.0, 184.0, 185.0, 190.0, 197.0, 203.0, 207.0, 209.0, 210.0, 211.0, 211.0, 211.0]	[-256.0, -256.0, -215.0, -90.0, -32.0, 12.0, 50.0, 85.0, 117.0, 148.0, 172.0, 190.0, 204.0, 213.0, 217.0, 219.0, 223.0, 231.0, 238.0, 245.0, 251.0, 255.0, 257.0, 257.0, 257.0]	[0, 0, 0, 0, 0, 0, 0, 0, 0, 0, 0, 0, 0, 0, 0, 0, 0, 0, 0, 0, 0, 0, 0, 0, 1]	[0, 0, 0, 0, 0, 0, 0, 0, 0, 0, 0, 0, 0, 0, 0, 0, 0, 0, 0, 0, 0, 0, 0, 0, 0]	[0, 0, 0, 0, 0, 0, 0, 0, 0, 0, 0, 0, 0, 0, 0, 0, 0, 0, 0, 0, 0, 0, 0, 0, 0]	[0.00022679998073726892, 0.010361299995565787, 0.026992500002961606, 0.04454989999067038, 0.060699299996485934, 0.07702239998616278, 0.09362569998484105, 0.11017629998968914, 0.12706189998425543, 0.1436256000015419, 0.16044559999136254, 0.17706839999300428, 0.19357179998769425, 0.21046139998361468, 0.227195399987977, 0.24431889998959377, 0.2603320999769494, 0.2773979000048712, 0.29387169997789897, 0.3103875999804586, 0.32694629998877645, 0.3434955999837257, 0.3601984999841079, 0.3767814000020735, 0.393711099983193]	211.0	257.0	0.7	8a
466	12	go_only	0	18	8	go	click	[32.0, 32.0, 61.0, 102.0, 156.0, 205.0, 242.0, 264.0, 274.0, 277.0, 280.0, 286.0, 290.0, 294.0, 295.0, 295.0, 295.0, 295.0, 295.0, 295.0, 287.0, 277.0, 266.0, 253.0, 242.0, 235.0, 232.0, 232.0, 232.0, 232.0, 232.0, 232.0, 232.0]	[-246.0, -246.0, -167.0, -59.0, 66.0, 176.0, 257.0, 307.0, 332.0, 347.0, 358.0, 375.0, 390.0, 399.0, 404.0, 404.0, 405.0, 406.0, 406.0, 406.0, 399.0, 385.0, 371.0, 349.0, 325.0, 306.0, 295.0, 295.0, 294.0, 293.0, 293.0, 293.0, 293.0]	[0, 0, 0, 0, 0, 0, 0, 0, 0, 0, 0, 0, 0, 0, 0, 0, 0, 0, 0, 0, 0, 0, 0, 0, 0, 0, 0, 0, 0, 0, 0, 0, 1]	[0, 0, 0, 0, 0, 0, 0, 0, 0, 0, 0, 0, 0, 0, 0, 0, 0, 0, 0, 0, 0, 0, 0, 0, 0, 0, 0, 0, 0, 0, 0, 0, 0]	[0, 0, 0, 0, 0, 0, 0, 0, 0, 0, 0, 0, 0, 0, 0, 0, 0, 0, 0, 0, 0, 0, 0, 0, 0, 0, 0, 0, 0, 0, 0, 0, 0]	[0.00018810000619851053, 0.011932499997783452, 0.02766310001607053, 0.04458169999998063, 0.06110839999746531, 0.07761780000873841, 0.09432060000835918, 0.11091240000678226, 0.12770099999033846, 0.1442422000109218, 0.16096149999066256, 0.17765590001363307, 0.19440229999599978, 0.21119719999842346, 0.2275288999953773, 0.24440230001346208, 0.2612880000087898, 0.277834200009238, 0.29414069998892955, 0.3108006000111345, 0.32742839999264106, 0.34413869999116287, 0.3607856000016909, 0.37739149999106303, 0.3941029999987222, 0.4110182000149507, 0.4273403999977745, 0.44420319999335334, 0.4607227999949828, 0.4773939000151586, 0.49416550001478754, 0.5109893000044394, 0.5278779999935068]	232.0	293.0	0.9	8a
467	12	go_only	0	18	4	go	click	[44.0, 44.0, 66.0, 86.0, 104.0, 112.0, 120.0, 123.0, 125.0, 129.0, 132.0, 146.0, 152.0, 155.0, 156.0, 157.0, 160.0, 167.0, 177.0, 189.0, 199.0, 210.0, 218.0, 224.0, 225.0, 225.0, 225.0, 225.0]	[-229.0, -229.0, -144.0, -74.0, -23.0, 11.0, 36.0, 51.0, 60.0, 67.0, 78.0, 113.0, 130.0, 137.0, 142.0, 150.0, 163.0, 184.0, 209.0, 233.0, 258.0, 283.0, 301.0, 315.0, 319.0, 319.0, 319.0, 319.0]	[0, 0, 0, 0, 0, 0, 0, 0, 0, 0, 0, 0, 0, 0, 0, 0, 0, 0, 0, 0, 0, 0, 0, 0, 0, 0, 0, 1]	[0, 0, 0, 0, 0, 0, 0, 0, 0, 0, 0, 0, 0, 0, 0, 0, 0, 0, 0, 0, 0, 0, 0, 0, 0, 0, 0, 0]	[0, 0, 0, 0, 0, 0, 0, 0, 0, 0, 0, 0, 0, 0, 0, 0, 0, 0, 0, 0, 0, 0, 0, 0, 0, 0, 0, 0]	[0.00023589999182149768, 0.01093270001001656, 0.027498200011905283, 0.04408520000288263, 0.06080979999387637, 0.07750829998985864, 0.09432219999143854, 0.11090490000788122, 0.1276783999928739, 0.14426649999222718, 0.16124139999737963, 0.177736100013135, 0.1943240000109654, 0.21139479998964816, 0.22786690000793897, 0.24437219998799264, 0.2605805000057444, 0.2778870000038296, 0.2942417000012938, 0.3106176000146661, 0.32746380000025965, 0.34422540001105517, 0.3609106999938376, 0.37757859998964705, 0.394083999999566, 0.4106610000017099, 0.42737630000920035, 0.4444046000135131]	225.0	319.0	0.6	8a
468	12	go_only	0	18	2	go	click	[32.0, 32.0, 54.0, 74.0, 90.0, 108.0, 128.0, 145.0, 158.0, 167.0, 174.0, 178.0, 182.0, 184.0, 184.0, 184.0, 184.0, 184.0, 184.0, 184.0, 184.0, 184.0, 184.0, 185.0, 188.0, 194.0, 196.0, 198.0, 199.0, 203.0, 205.0, 207.0, 207.0, 207.0]	[-242.0, -242.0, -172.0, -110.0, -52.0, 2.0, 54.0, 91.0, 120.0, 144.0, 166.0, 179.0, 190.0, 198.0, 200.0, 200.0, 200.0, 197.0, 194.0, 193.0, 193.0, 193.0, 194.0, 205.0, 222.0, 241.0, 256.0, 269.0, 283.0, 297.0, 303.0, 306.0, 307.0, 307.0]	[0, 0, 0, 0, 0, 0, 0, 0, 0, 0, 0, 0, 0, 0, 0, 0, 0, 0, 0, 0, 0, 0, 0, 0, 0, 0, 0, 0, 0, 0, 0, 0, 0, 1]	[0, 0, 0, 0, 0, 0, 0, 0, 0, 0, 0, 0, 0, 0, 0, 0, 0, 0, 0, 0, 0, 0, 0, 0, 0, 0, 0, 0, 0, 0, 0, 0, 0, 0]	[0, 0, 0, 0, 0, 0, 0, 0, 0, 0, 0, 0, 0, 0, 0, 0, 0, 0, 0, 0, 0, 0, 0, 0, 0, 0, 0, 0, 0, 0, 0, 0, 0, 0]	[7.720000576227903e-05, 0.010636199993314222, 0.0276259999955073, 0.04456850001588464, 0.06114870001329109, 0.07775669998954982, 0.0944448999944143, 0.11139320000074804, 0.12764700001571327, 0.14453320001484826, 0.16092729999218136, 0.17765810000128113, 0.1940980000072159, 0.21086399999330752, 0.22749109999858774, 0.24397410001256503, 0.2608180000097491, 0.2774402000068221, 0.29440849999082275, 0.31059199999435805, 0.3273138999938965, 0.3443101999873761, 0.36107449998962693, 0.3781709999893792, 0.39442009999766015, 0.41073850000975654, 0.4274349999905098, 0.44409770000493154, 0.4606260000145994, 0.4774160000088159, 0.493983099993784, 0.5109304999932647, 0.5274941000097897, 0.5446954999933951]	207.0	307.0	1.0	8a
469	13	go_nogo	0	60	7	go	click	[24.0, 24.0, 33.0, 59.0, 72.0, 82.0, 92.0, 100.0, 107.0, 116.0, 127.0, 141.0, 158.0, 177.0, 182.0, 185.0, 188.0, 192.0, 200.0, 211.0, 224.0, 234.0, 241.0, 241.0, 242.0, 242.0]	[-263.0, -263.0, -223.0, -107.0, -40.0, 6.0, 35.0, 56.0, 78.0, 97.0, 119.0, 142.0, 170.0, 197.0, 206.0, 210.0, 215.0, 222.0, 235.0, 263.0, 296.0, 327.0, 344.0, 349.0, 349.0, 349.0]	[0, 0, 0, 0, 0, 0, 0, 0, 0, 0, 0, 0, 0, 0, 0, 0, 0, 0, 0, 0, 0, 0, 0, 0, 0, 1]	[0, 0, 0, 0, 0, 0, 0, 0, 0, 0, 0, 0, 0, 0, 0, 0, 0, 0, 0, 0, 0, 0, 0, 0, 0, 0]	[0, 0, 0, 0, 0, 0, 0, 0, 0, 0, 0, 0, 0, 0, 0, 0, 0, 0, 0, 0, 0, 0, 0, 0, 0, 0]	[0.0001881999778561294, 0.011802699998952448, 0.02808069999446161, 0.04478399999788962, 0.06204229997820221, 0.0780320999911055, 0.09473789998446591, 0.11149749998003244, 0.12803920000442304, 0.1448406999988947, 0.16148159999283962, 0.1781057000043802, 0.19503919998533092, 0.21161889997893013, 0.22842949998448603, 0.24447740000323392, 0.2613783999986481, 0.2781773000024259, 0.29478430000017397, 0.31140969999250956, 0.3281213000009302, 0.34482800000114366, 0.361660499998834, 0.3784668000007514, 0.39457509998464957, 0.41153559999656864]	242.0	349.0	1.0	8a
470	13	go_nogo	0	60	4	go	click	[58.0, 58.0, 68.0, 90.0, 104.0, 119.0, 130.0, 143.0, 159.0, 168.0, 175.0, 182.0, 191.0, 202.0, 214.0, 223.0, 229.0, 233.0, 233.0, 233.0, 231.0, 227.0, 222.0, 220.0, 219.0, 218.0, 218.0, 218.0, 218.0]	[-242.0, -242.0, -216.0, -153.0, -107.0, -63.0, -31.0, -3.0, 35.0, 53.0, 68.0, 84.0, 101.0, 119.0, 141.0, 161.0, 178.0, 193.0, 207.0, 230.0, 239.0, 268.0, 285.0, 296.0, 302.0, 304.0, 304.0, 304.0, 304.0]	[0, 0, 0, 0, 0, 0, 0, 0, 0, 0, 0, 0, 0, 0, 0, 0, 0, 0, 0, 0, 0, 0, 0, 0, 0, 0, 0, 0, 1]	[0, 0, 0, 0, 0, 0, 0, 0, 0, 0, 0, 0, 0, 0, 0, 0, 0, 0, 0, 0, 0, 0, 0, 0, 0, 0, 0, 0, 0]	[0, 0, 0, 0, 0, 0, 0, 0, 0, 0, 0, 0, 0, 0, 0, 0, 0, 0, 0, 0, 0, 0, 0, 0, 0, 0, 0, 0, 0]	[0.0003391000209376216, 0.010122600011527538, 0.026848700013943017, 0.04342250002082437, 0.060097700014011934, 0.07669139999779873, 0.09343420001096092, 0.11008939999737777, 0.12695350000285544, 0.14375770001788624, 0.16027640001266263, 0.1768789000052493, 0.19356949999928474, 0.21046719999867491, 0.22678080000332557, 0.24367930000880733, 0.2601266000128817, 0.27678290000767447, 0.2933910000137985, 0.31002420000731945, 0.32657930001732893, 0.3432115000032354, 0.35995380001259036, 0.3767465999990236, 0.3935354000132065, 0.4099716000200715, 0.426510799996322, 0.4433572000125423, 0.46038070000940934]	218.0	304.0	0.8	8a
471	13	go_nogo	0	60	1	nogo	none	[28.0, 28.0, 39.0, 58.0, 75.0, 90.0, 99.0, 109.0, 120.0, 129.0, 137.0, 143.0, 148.0, 151.0, 153.0, 153.0, 155.0, 165.0, 177.0, 190.0, 202.0, 210.0, 214.0, 216.0, 217.0, 217.0, 217.0, 217.0, 217.0, 217.0, 217.0, 217.0, 217.0, 217.0, 217.0, 217.0, 217.0, 217.0, 217.0, 217.0, 217.0, 217.0, 217.0, 217.0, 217.0, 217.0, 217.0, 217.0, 217.0, 217.0, 217.0, 217.0, 217.0, 217.0, 217.0, 217.0, 217.0, 217.0, 217.0, 217.0, 217.0, 217.0, 217.0, 217.0, 217.0, 217.0, 217.0]	[-221.0, -221.0, -188.0, -130.0, -82.0, -31.0, -4.0, 23.0, 50.0, 73.0, 93.0, 112.0, 127.0, 137.0, 139.0, 142.0, 146.0, 165.0, 190.0, 221.0, 250.0, 275.0, 294.0, 302.0, 305.0, 305.0, 306.0, 306.0, 306.0, 306.0, 306.0, 306.0, 306.0, 306.0, 306.0, 306.0, 306.0, 306.0, 306.0, 306.0, 306.0, 306.0, 306.0, 306.0, 306.0, 306.0, 306.0, 306.0, 306.0, 306.0, 306.0, 306.0, 306.0, 306.0, 306.0, 306.0, 306.0, 306.0, 306.0, 306.0, 306.0, 306.0, 306.0, 306.0, 306.0, 306.0, 306.0]	[0, 0, 0, 0, 0, 0, 0, 0, 0, 0, 0, 0, 0, 0, 0, 0, 0, 0, 0, 0, 0, 0, 0, 0, 0, 0, 0, 0, 0, 0, 0, 0, 0, 0, 0, 0, 0, 0, 0, 0, 0, 0, 0, 0, 0, 0, 0, 0, 0, 0, 0, 0, 0, 0, 0, 0, 0, 0, 0, 0, 0, 0, 0, 0, 0, 0, 0]	[0, 0, 0, 0, 0, 0, 0, 0, 0, 0, 0, 0, 0, 0, 0, 0, 0, 0, 0, 0, 0, 0, 0, 0, 0, 0, 0, 0, 0, 0, 0, 0, 0, 0, 0, 0, 0, 0, 0, 0, 0, 0, 0, 0, 0, 0, 0, 0, 0, 0, 0, 0, 0, 0, 0, 0, 0, 0, 0, 0, 0, 0, 0, 0, 0, 0, 0]	[0, 0, 0, 0, 0, 0, 0, 0, 0, 0, 0, 0, 0, 0, 0, 0, 0, 0, 0, 0, 0, 0, 0, 0, 0, 0, 0, 0, 0, 0, 0, 0, 0, 0, 0, 0, 0, 0, 0, 0, 0, 0, 0, 0, 0, 0, 0, 0, 0, 0, 0, 0, 0, 0, 0, 0, 0, 0, 0, 0, 0, 0, 0, 0, 0, 0, 0]	[0.00020070001482963562, 0.01033570000436157, 0.027074200013885275, 0.04372190000140108, 0.060648800019407645, 0.07751820000703447, 0.09427810000488535, 0.1107217000098899, 0.12715720001142472, 0.14370830002008006, 0.16053330001886934, 0.1770058000111021, 0.19378110000980087, 0.2105710000032559, 0.22706100001232699, 0.24363880002056248, 0.26095759999589063, 0.2778310000139754, 0.2938645000103861, 0.3105314999993425, 0.3272772000054829, 0.3437160000030417, 0.3601386999944225, 0.3768477000121493, 0.3933606999926269, 0.4101807000115514, 0.42681760000414215, 0.44349140001577325, 0.46011189999990165, 0.4768952000013087, 0.49379550002049655, 0.5101123000204097, 0.5266746999986935, 0.5437079000112135, 0.5602047000138555, 0.5768300000054296, 0.5937012000067625, 0.6100203999958467, 0.626590900006704, 0.6435131000180263, 0.6600713999941945, 0.6768811999936588, 0.6934145000122953, 0.7100991000188515, 0.7267134000139777, 0.7434181999997236, 0.7601697999925818, 0.7767232000187505, 0.7934395000047516, 0.8100240000057966, 0.8270291000080761, 0.8433382000075653, 0.8602699000039138, 0.8771505000186153, 0.8933713000151329, 0.9099857000110205, 0.9266462000086904, 0.943326500011608, 0.9600464999966789, 0.9766740000050049, 0.9933702000125777, 1.0099542000098154, 1.0265088000160176, 1.0433418000175152, 1.0599044999980833, 1.0765292000141926, 1.093279499997152]	n/a	n/a	0.9	8a
472	13	go_nogo	0	60	4	go	click	[25.0, 25.0, 33.0, 46.0, 59.0, 72.0, 82.0, 98.0, 109.0, 125.0, 141.0, 154.0, 160.0, 167.0, 172.0, 178.0, 185.0, 194.0, 200.0, 204.0, 206.0, 202.0, 200.0, 197.0, 195.0, 193.0, 190.0, 190.0, 189.0, 189.0, 189.0]	[-231.0, -231.0, -202.0, -153.0, -100.0, -55.0, -21.0, 23.0, 47.0, 72.0, 98.0, 116.0, 130.0, 142.0, 154.0, 167.0, 185.0, 202.0, 222.0, 241.0, 277.0, 296.0, 309.0, 318.0, 324.0, 329.0, 333.0, 335.0, 335.0, 335.0, 335.0]	[0, 0, 0, 0, 0, 0, 0, 0, 0, 0, 0, 0, 0, 0, 0, 0, 0, 0, 0, 0, 0, 0, 0, 0, 0, 0, 0, 0, 0, 0, 1]	[0, 0, 0, 0, 0, 0, 0, 0, 0, 0, 0, 0, 0, 0, 0, 0, 0, 0, 0, 0, 0, 0, 0, 0, 0, 0, 0, 0, 0, 0, 0]	[0, 0, 0, 0, 0, 0, 0, 0, 0, 0, 0, 0, 0, 0, 0, 0, 0, 0, 0, 0, 0, 0, 0, 0, 0, 0, 0, 0, 0, 0, 0]	[0.0002793000021483749, 0.011356100003467873, 0.027729299996281043, 0.044281600014073774, 0.061136200005421415, 0.07776290000765584, 0.09453950001625344, 0.11122520000208169, 0.12771269999211654, 0.14458180000656284, 0.16096269999979995, 0.17760729999281466, 0.19437830001697876, 0.2107947000185959, 0.22772990001249127, 0.244219600019278, 0.2607428999908734, 0.2777283000177704, 0.2942609000019729, 0.31086060000234284, 0.3274948000034783, 0.3442845999961719, 0.36091710001346655, 0.37743520000367425, 0.3941223000001628, 0.4107752999989316, 0.42759740000474267, 0.444310899998527, 0.4609335999994073, 0.47758500001509674, 0.4943988000159152]	189.0	335.0	0.7	8a
473	13	go_nogo	0	60	6	go	click	[43.0, 43.0, 48.0, 61.0, 75.0, 88.0, 115.0, 134.0, 147.0, 157.0, 167.0, 175.0, 181.0, 184.0, 185.0, 185.0, 186.0, 186.0, 186.0, 186.0, 186.0, 185.0, 183.0, 183.0, 182.0, 182.0, 182.0, 182.0, 182.0, 182.0]	[-252.0, -252.0, -232.0, -193.0, -156.0, -119.0, -57.0, -19.0, 16.0, 45.0, 76.0, 105.0, 131.0, 152.0, 167.0, 179.0, 192.0, 204.0, 223.0, 235.0, 246.0, 261.0, 277.0, 291.0, 302.0, 308.0, 310.0, 310.0, 310.0, 310.0]	[0, 0, 0, 0, 0, 0, 0, 0, 0, 0, 0, 0, 0, 0, 0, 0, 0, 0, 0, 0, 0, 0, 0, 0, 0, 0, 0, 0, 0, 1]	[0, 0, 0, 0, 0, 0, 0, 0, 0, 0, 0, 0, 0, 0, 0, 0, 0, 0, 0, 0, 0, 0, 0, 0, 0, 0, 0, 0, 0, 0]	[0, 0, 0, 0, 0, 0, 0, 0, 0, 0, 0, 0, 0, 0, 0, 0, 0, 0, 0, 0, 0, 0, 0, 0, 0, 0, 0, 0, 0, 0]	[0.00020160002168267965, 0.011977700021816418, 0.028346800012513995, 0.04514900001231581, 0.06176400001277216, 0.0791777000122238, 0.0954873000155203, 0.11254830000689253, 0.1285634000087157, 0.14535250002518296, 0.1617170000099577, 0.17830810000305064, 0.19518600002629682, 0.21160910002072342, 0.22841810001409613, 0.24516099999891594, 0.26211110001895577, 0.27848240002640523, 0.2954584000108298, 0.3124231000256259, 0.3290391000045929, 0.34530420001829043, 0.36171399999875575, 0.378373300016392, 0.395196900004521, 0.4119065999984741, 0.42822220001835376, 0.44487400000798516, 0.46165700000710785, 0.4786268000025302]	182.0	310.0	0.8	8a
474	13	go_nogo	0	60	8	go	click	[45.0, 45.0, 52.0, 69.0, 81.0, 104.0, 116.0, 126.0, 135.0, 145.0, 150.0, 154.0, 156.0, 156.0, 156.0, 156.0, 157.0, 159.0, 161.0, 165.0, 172.0, 181.0, 190.0, 197.0, 203.0, 207.0, 209.0, 210.0, 210.0, 210.0, 210.0, 210.0]	[-229.0, -229.0, -190.0, -121.0, -65.0, 6.0, 46.0, 81.0, 108.0, 131.0, 149.0, 159.0, 163.0, 164.0, 164.0, 165.0, 167.0, 173.0, 179.0, 187.0, 200.0, 220.0, 241.0, 263.0, 278.0, 289.0, 296.0, 300.0, 300.0, 300.0, 300.0, 300.0]	[0, 0, 0, 0, 0, 0, 0, 0, 0, 0, 0, 0, 0, 0, 0, 0, 0, 0, 0, 0, 0, 0, 0, 0, 0, 0, 0, 0, 0, 0, 0, 1]	[0, 0, 0, 0, 0, 0, 0, 0, 0, 0, 0, 0, 0, 0, 0, 0, 0, 0, 0, 0, 0, 0, 0, 0, 0, 0, 0, 0, 0, 0, 0, 0]	[0, 0, 0, 0, 0, 0, 0, 0, 0, 0, 0, 0, 0, 0, 0, 0, 0, 0, 0, 0, 0, 0, 0, 0, 0, 0, 0, 0, 0, 0, 0, 0]	[0.00018689999706111848, 0.009986899996874854, 0.026742200017906725, 0.04331430001184344, 0.05990819999715313, 0.07650419999845326, 0.09425670001655817, 0.1102647999941837, 0.12658530002227053, 0.14326900002197362, 0.15991859999485314, 0.1768279999960214, 0.1934897000028286, 0.20990590000292286, 0.22674139999435283, 0.24308330001076683, 0.25994750001700595, 0.27689249999821186, 0.29359600000316277, 0.31034520000685006, 0.3265691999986302, 0.34318350002286024, 0.35996349999913946, 0.37648770000669174, 0.3931899000017438, 0.40996849999646656, 0.4265810000069905, 0.44291120002162643, 0.4593698999960907, 0.47614579999935813, 0.4928637999983039, 0.5094987000047695]	210.0	300.0	0.8	8a
475	13	go_nogo	0	60	7	go	click	[38.0, 38.0, 47.0, 63.0, 79.0, 96.0, 119.0, 136.0, 150.0, 160.0, 164.0, 168.0, 172.0, 174.0, 176.0, 177.0, 179.0, 183.0, 186.0, 190.0, 190.0, 190.0, 190.0, 190.0, 190.0, 190.0]	[-249.0, -249.0, -212.0, -137.0, -65.0, 0.0, 67.0, 118.0, 155.0, 190.0, 203.0, 213.0, 223.0, 232.0, 240.0, 244.0, 248.0, 256.0, 264.0, 272.0, 273.0, 273.0, 273.0, 273.0, 273.0, 273.0]	[0, 0, 0, 0, 0, 0, 0, 0, 0, 0, 0, 0, 0, 0, 0, 0, 0, 0, 0, 0, 0, 0, 0, 0, 0, 1]	[0, 0, 0, 0, 0, 0, 0, 0, 0, 0, 0, 0, 0, 0, 0, 0, 0, 0, 0, 0, 0, 0, 0, 0, 0, 0]	[0, 0, 0, 0, 0, 0, 0, 0, 0, 0, 0, 0, 0, 0, 0, 0, 0, 0, 0, 0, 0, 0, 0, 0, 0, 0]	[0.00022260000696405768, 0.009766600007424131, 0.026477300008991733, 0.043118400004459545, 0.059816099994350225, 0.0761804000067059, 0.09283809998305514, 0.109675799991237, 0.12638309999601915, 0.14295350000611506, 0.15994969999883324, 0.17593609998584725, 0.1926155999826733, 0.20940759999211878, 0.22641689999727532, 0.2428346000087913, 0.2594115999818314, 0.27620950000709854, 0.2928159000002779, 0.3092537999909837, 0.3259083000011742, 0.3425326999858953, 0.35917079998762347, 0.37595270000747405, 0.39295000000856817, 0.4096782999986317]	190.0	273.0	0.6	8a
476	13	go_nogo	0	60	3	go	click	[55.0, 55.0, 69.0, 83.0, 100.0, 118.0, 135.0, 151.0, 164.0, 174.0, 183.0, 191.0, 198.0, 200.0, 202.0, 205.0, 209.0, 211.0, 216.0, 218.0, 221.0, 221.0, 221.0, 221.0, 222.0, 222.0, 224.0, 224.0, 224.0, 224.0, 224.0, 224.0, 224.0]	[-283.0, -283.0, -241.0, -199.0, -152.0, -101.0, -54.0, -15.0, 20.0, 53.0, 80.0, 103.0, 123.0, 130.0, 137.0, 145.0, 159.0, 174.0, 191.0, 207.0, 228.0, 242.0, 253.0, 262.0, 273.0, 278.0, 285.0, 289.0, 289.0, 289.0, 289.0, 289.0, 289.0]	[0, 0, 0, 0, 0, 0, 0, 0, 0, 0, 0, 0, 0, 0, 0, 0, 0, 0, 0, 0, 0, 0, 0, 0, 0, 0, 0, 0, 0, 0, 0, 0, 1]	[0, 0, 0, 0, 0, 0, 0, 0, 0, 0, 0, 0, 0, 0, 0, 0, 0, 0, 0, 0, 0, 0, 0, 0, 0, 0, 0, 0, 0, 0, 0, 0, 0]	[0, 0, 0, 0, 0, 0, 0, 0, 0, 0, 0, 0, 0, 0, 0, 0, 0, 0, 0, 0, 0, 0, 0, 0, 0, 0, 0, 0, 0, 0, 0, 0, 0]	[0.0002060999977402389, 0.010230699990643188, 0.02639919999637641, 0.0432511999970302, 0.06001390001620166, 0.07666019999305718, 0.09342970000579953, 0.10998700000345707, 0.1267535999941174, 0.1434886000060942, 0.16002989999833517, 0.17656620001071133, 0.19330420001642779, 0.21015349999652244, 0.2266356000036467, 0.24368119999417104, 0.26005650000297464, 0.27657680000993423, 0.2932315999933053, 0.30989930001669563, 0.3265310999995563, 0.3432606999995187, 0.3599304000090342, 0.3765510999946855, 0.39318899999489076, 0.4100693000073079, 0.4268664999981411, 0.4430154000001494, 0.4596649000013713, 0.4761259999941103, 0.4928666999912821, 0.5097756000177469, 0.5265721000032499]	224.0	289.0	0.6	8a
477	13	go_nogo	0	60	7	go	click	[53.0, 53.0, 73.0, 92.0, 111.0, 128.0, 142.0, 152.0, 156.0, 161.0, 165.0, 167.0, 169.0, 170.0, 174.0, 178.0, 182.0, 185.0, 186.0, 189.0, 190.0, 190.0, 190.0, 190.0, 190.0, 190.0, 190.0]	[-236.0, -236.0, -170.0, -108.0, -49.0, 16.0, 68.0, 107.0, 135.0, 154.0, 176.0, 187.0, 198.0, 208.0, 222.0, 239.0, 258.0, 273.0, 283.0, 291.0, 295.0, 295.0, 295.0, 296.0, 296.0, 296.0, 296.0]	[0, 0, 0, 0, 0, 0, 0, 0, 0, 0, 0, 0, 0, 0, 0, 0, 0, 0, 0, 0, 0, 0, 0, 0, 0, 0, 1]	[0, 0, 0, 0, 0, 0, 0, 0, 0, 0, 0, 0, 0, 0, 0, 0, 0, 0, 0, 0, 0, 0, 0, 0, 0, 0, 0]	[0, 0, 0, 0, 0, 0, 0, 0, 0, 0, 0, 0, 0, 0, 0, 0, 0, 0, 0, 0, 0, 0, 0, 0, 0, 0, 0]	[0.00019610000890679657, 0.011511599994264543, 0.028085900004953146, 0.044799900002544746, 0.061614800011739135, 0.07846260000951588, 0.0949728999985382, 0.11165440001059324, 0.12828279999666847, 0.1449881999869831, 0.16157530000782572, 0.17835070000728592, 0.19509649998508394, 0.21176350000314415, 0.22813719999976456, 0.24488029998610727, 0.26160570001229644, 0.2782112999993842, 0.2948157000064384, 0.31163609999930486, 0.32805799998459406, 0.345077100006165, 0.36158440000144765, 0.3782995000074152, 0.39464159999624826, 0.4115514000004623, 0.4283307000005152]	190.0	296.0	0.7	8a
478	13	go_nogo	0	60	3	go	click	[34.0, 34.0, 42.0, 57.0, 72.0, 92.0, 109.0, 121.0, 131.0, 140.0, 150.0, 158.0, 169.0, 173.0, 177.0, 181.0, 182.0, 184.0, 185.0, 187.0, 188.0, 189.0, 189.0, 189.0, 189.0, 189.0, 189.0, 189.0, 189.0, 189.0]	[-257.0, -257.0, -217.0, -159.0, -91.0, -21.0, 36.0, 77.0, 112.0, 147.0, 178.0, 203.0, 235.0, 252.0, 265.0, 274.0, 281.0, 285.0, 290.0, 294.0, 298.0, 299.0, 299.0, 299.0, 299.0, 299.0, 299.0, 299.0, 299.0, 299.0]	[0, 0, 0, 0, 0, 0, 0, 0, 0, 0, 0, 0, 0, 0, 0, 0, 0, 0, 0, 0, 0, 0, 0, 0, 0, 0, 0, 0, 0, 1]	[0, 0, 0, 0, 0, 0, 0, 0, 0, 0, 0, 0, 0, 0, 0, 0, 0, 0, 0, 0, 0, 0, 0, 0, 0, 0, 0, 0, 0, 0]	[0, 0, 0, 0, 0, 0, 0, 0, 0, 0, 0, 0, 0, 0, 0, 0, 0, 0, 0, 0, 0, 0, 0, 0, 0, 0, 0, 0, 0, 0]	[0.00010010000551119447, 0.012782700010575354, 0.028957200003787875, 0.0458195999963209, 0.06233950000023469, 0.07911049999529496, 0.09571560000767931, 0.11266929999692366, 0.12890260000131093, 0.1458238000050187, 0.16206220001913607, 0.17928219999885187, 0.19634580001002178, 0.21228200002224185, 0.2295536000165157, 0.24559830001089722, 0.262276000023121, 0.2788398000120651, 0.29555189999518916, 0.312212000018917, 0.3290352000040002, 0.34541410001111217, 0.36209780001081526, 0.37868320001871325, 0.39627130000735633, 0.41192470001988113, 0.4287565000122413, 0.44533710001269355, 0.4620446000189986, 0.47894699999596924]	189.0	300.0	0.6	8a
479	13	go_nogo	0	60	3	go	click	[5.0, 5.0, 24.0, 49.0, 76.0, 98.0, 121.0, 134.0, 144.0, 156.0, 166.0, 175.0, 185.0, 189.0, 193.0, 195.0, 196.0, 197.0, 199.0, 200.0, 200.0, 200.0, 200.0, 200.0, 200.0, 200.0, 200.0]	[-295.0, -295.0, -233.0, -162.0, -83.0, -12.0, 77.0, 122.0, 162.0, 201.0, 234.0, 263.0, 288.0, 307.0, 317.0, 322.0, 326.0, 330.0, 334.0, 336.0, 336.0, 336.0, 336.0, 336.0, 336.0, 336.0, 336.0]	[0, 0, 0, 0, 0, 0, 0, 0, 0, 0, 0, 0, 0, 0, 0, 0, 0, 0, 0, 0, 0, 0, 0, 0, 0, 0, 1]	[0, 0, 0, 0, 0, 0, 0, 0, 0, 0, 0, 0, 0, 0, 0, 0, 0, 0, 0, 0, 0, 0, 0, 0, 0, 0, 0]	[0, 0, 0, 0, 0, 0, 0, 0, 0, 0, 0, 0, 0, 0, 0, 0, 0, 0, 0, 0, 0, 0, 0, 0, 0, 0, 0]	[7.88999896030873e-05, 0.013202000001911074, 0.029484700004104525, 0.04646559999673627, 0.06318879997706972, 0.07988039997871965, 0.09639749999041669, 0.11302489999798127, 0.1308779999963008, 0.1465029999963008, 0.16308830000343733, 0.17963430000236258, 0.19634149997727945, 0.21301710000261664, 0.2295936000009533, 0.24622770000132732, 0.26296709998860024, 0.2796432999894023, 0.29626139998435974, 0.31300500000361353, 0.32960289999027736, 0.34639639998204075, 0.36292519999551587, 0.37945829998352565, 0.3962022999767214, 0.41300519998185337, 0.429716799990274]	200.0	336.0	0.6	8a
480	13	go_nogo	0	60	9	nogo	none	[73.0, 73.0, 102.0, 127.0, 147.0, 154.0, 161.0, 168.0, 171.0, 173.0, 173.0, 174.0, 176.0, 179.0, 180.0, 183.0, 185.0, 186.0, 189.0, 190.0, 190.0, 190.0, 190.0, 190.0, 190.0, 190.0, 190.0, 190.0, 190.0, 190.0, 190.0, 190.0, 190.0, 190.0, 190.0, 190.0, 190.0, 190.0, 190.0, 190.0, 190.0, 190.0, 190.0, 190.0, 190.0, 190.0, 190.0, 190.0, 190.0, 190.0, 190.0, 190.0, 190.0, 190.0, 190.0, 190.0, 190.0, 190.0, 190.0, 190.0, 190.0, 190.0]	[-224.0, -224.0, -141.0, -55.0, 15.0, 64.0, 108.0, 151.0, 183.0, 202.0, 216.0, 245.0, 267.0, 290.0, 306.0, 319.0, 330.0, 338.0, 345.0, 349.0, 349.0, 349.0, 349.0, 349.0, 349.0, 349.0, 349.0, 349.0, 349.0, 349.0, 349.0, 349.0, 349.0, 349.0, 349.0, 349.0, 349.0, 349.0, 349.0, 349.0, 349.0, 349.0, 349.0, 349.0, 349.0, 349.0, 349.0, 349.0, 349.0, 349.0, 349.0, 349.0, 349.0, 349.0, 349.0, 349.0, 349.0, 349.0, 349.0, 349.0, 349.0, 349.0]	[0, 0, 0, 0, 0, 0, 0, 0, 0, 0, 0, 0, 0, 0, 0, 0, 0, 0, 0, 0, 0, 0, 0, 0, 0, 0, 0, 0, 0, 0, 0, 0, 0, 0, 0, 0, 0, 0, 0, 0, 0, 0, 0, 0, 0, 0, 0, 0, 0, 0, 0, 0, 0, 0, 0, 0, 0, 0, 0, 0, 0, 0]	[0, 0, 0, 0, 0, 0, 0, 0, 0, 0, 0, 0, 0, 0, 0, 0, 0, 0, 0, 0, 0, 0, 0, 0, 0, 0, 0, 0, 0, 0, 0, 0, 0, 0, 0, 0, 0, 0, 0, 0, 0, 0, 0, 0, 0, 0, 0, 0, 0, 0, 0, 0, 0, 0, 0, 0, 0, 0, 0, 0, 0, 0]	[0, 0, 0, 0, 0, 0, 0, 0, 0, 0, 0, 0, 0, 0, 0, 0, 0, 0, 0, 0, 0, 0, 0, 0, 0, 0, 0, 0, 0, 0, 0, 0, 0, 0, 0, 0, 0, 0, 0, 0, 0, 0, 0, 0, 0, 0, 0, 0, 0, 0, 0, 0, 0, 0, 0, 0, 0, 0, 0, 0, 0, 0]	[7.6299998909235e-05, 0.010934999998426065, 0.027438799996161833, 0.04395329998806119, 0.060665099998004735, 0.07739949997630902, 0.09410570000181906, 0.11074129998451099, 0.12759160000132397, 0.14409960000193678, 0.16061369999079034, 0.17774239997379482, 0.19483870000112802, 0.2106869999843184, 0.2272876999923028, 0.24395869998261333, 0.2608373999828473, 0.27729259998886846, 0.2942575999768451, 0.31065729999681935, 0.32734579997486435, 0.3439877999771852, 0.36089879999053665, 0.3772426999930758, 0.3939161000016611, 0.410936899977969, 0.4272711999947205, 0.44390329997986555, 0.46041759999934584, 0.47728679998544976, 0.4939414999971632, 0.5104793999926187, 0.5273643999826163, 0.5438251000014134, 0.5605416999896988, 0.57726309998543, 0.5938895999861415, 0.6103499000018928, 0.6275140999932773, 0.6437220999796409, 0.6606910999980755, 0.677032399980817, 0.6938348999829032, 0.7101939999847673, 0.7270335999783128, 0.743574099993566, 0.7602653999929316, 0.7769324999826495, 0.7935791999916546, 0.8104488999815658, 0.8268594999972265, 0.8435568999848329, 0.8603443999891169, 0.876973199978238, 0.8938158999953885, 0.9103762999875471, 0.9271528999961447, 0.9437410999962594, 0.9602343000005931, 0.9771150999877136, 0.9938242999778595, 1.0101960999891162]	n/a	n/a	0.6	8a
481	13	go_nogo	0	60	4	go	click	[62.0, 62.0, 75.0, 109.0, 135.0, 153.0, 165.0, 176.0, 182.0, 187.0, 189.0, 195.0, 200.0, 201.0, 201.0, 201.0, 201.0, 201.0, 201.0, 201.0, 202.0, 204.0, 205.0, 205.0]	[-224.0, -224.0, -175.0, -80.0, -1.0, 53.0, 88.0, 131.0, 158.0, 179.0, 198.0, 217.0, 234.0, 243.0, 246.0, 246.0, 246.0, 246.0, 247.0, 249.0, 253.0, 261.0, 264.0, 264.0]	[0, 0, 0, 0, 0, 0, 0, 0, 0, 0, 0, 0, 0, 0, 0, 0, 0, 0, 0, 0, 0, 0, 0, 1]	[0, 0, 0, 0, 0, 0, 0, 0, 0, 0, 0, 0, 0, 0, 0, 0, 0, 0, 0, 0, 0, 0, 0, 0]	[0, 0, 0, 0, 0, 0, 0, 0, 0, 0, 0, 0, 0, 0, 0, 0, 0, 0, 0, 0, 0, 0, 0, 0]	[0.00017790001584216952, 0.010582300019450486, 0.027179199998499826, 0.04371210001409054, 0.06054100001347251, 0.07704090001061559, 0.09367510001175106, 0.11048740000114776, 0.12767480002366938, 0.14411809999728575, 0.1603886000229977, 0.1772468000126537, 0.19372400001157075, 0.21059460000833496, 0.2270874000096228, 0.24371350000728853, 0.26044500002171844, 0.2771262000023853, 0.2939366000064183, 0.31055449999985285, 0.32755260000703856, 0.34382320000440814, 0.3603245000122115, 0.3777084000175819]	208.0	264.0	0.5	8a
482	13	go_nogo	0	60	8	go	click	[85.0, 85.0, 120.0, 158.0, 185.0, 199.0, 206.0, 209.0, 211.0, 212.0, 212.0, 212.0, 212.0, 212.0, 212.0, 212.0, 212.0, 212.0, 212.0, 212.0, 212.0, 212.0, 212.0]	[-227.0, -227.0, -112.0, -1.0, 85.0, 142.0, 174.0, 201.0, 221.0, 238.0, 256.0, 262.0, 276.0, 281.0, 282.0, 282.0, 282.0, 282.0, 282.0, 283.0, 283.0, 283.0, 283.0]	[0, 0, 0, 0, 0, 0, 0, 0, 0, 0, 0, 0, 0, 0, 0, 0, 0, 0, 0, 0, 0, 0, 1]	[0, 0, 0, 0, 0, 0, 0, 0, 0, 0, 0, 0, 0, 0, 0, 0, 0, 0, 0, 0, 0, 0, 0]	[0, 0, 0, 0, 0, 0, 0, 0, 0, 0, 0, 0, 0, 0, 0, 0, 0, 0, 0, 0, 0, 0, 0]	[0.0001873999717645347, 0.01234919999842532, 0.028303699975367635, 0.04514619999099523, 0.061808799975551665, 0.0783635999832768, 0.0950101999915205, 0.11183329997584224, 0.12853559997165576, 0.14546169998357072, 0.16174699997645803, 0.1782818999781739, 0.19496979998075403, 0.21171629999298602, 0.22813409997615963, 0.24478539999108762, 0.2615417999913916, 0.27819509999244474, 0.29502019999199547, 0.3115766999835614, 0.32813319997512735, 0.3450647999998182, 0.362388599984115]	214.0	283.0	1.0	8a
483	13	go_nogo	0	60	1	nogo	none	[41.0, 41.0, 50.0, 79.0, 107.0, 129.0, 144.0, 153.0, 159.0, 164.0, 167.0, 170.0, 172.0, 175.0, 178.0, 184.0, 185.0, 186.0, 186.0, 186.0, 186.0, 186.0, 186.0, 186.0, 186.0, 186.0, 186.0, 186.0, 186.0, 186.0, 186.0, 186.0, 186.0, 186.0, 186.0, 186.0, 186.0, 186.0, 186.0, 186.0, 186.0, 186.0, 186.0, 186.0, 186.0, 186.0, 186.0, 186.0, 186.0, 186.0, 186.0, 186.0, 186.0, 186.0, 186.0, 186.0, 186.0, 186.0, 186.0, 186.0, 186.0]	[-272.0, -272.0, -239.0, -111.0, -10.0, 72.0, 136.0, 180.0, 212.0, 237.0, 258.0, 276.0, 293.0, 314.0, 335.0, 360.0, 367.0, 372.0, 373.0, 374.0, 374.0, 374.0, 374.0, 374.0, 374.0, 374.0, 374.0, 374.0, 374.0, 374.0, 374.0, 374.0, 374.0, 374.0, 374.0, 374.0, 374.0, 374.0, 374.0, 374.0, 374.0, 374.0, 374.0, 374.0, 374.0, 374.0, 374.0, 374.0, 374.0, 374.0, 374.0, 374.0, 374.0, 374.0, 374.0, 374.0, 374.0, 374.0, 374.0, 374.0, 374.0]	[0, 0, 0, 0, 0, 0, 0, 0, 0, 0, 0, 0, 0, 0, 0, 0, 0, 0, 0, 0, 0, 0, 0, 0, 0, 0, 0, 0, 0, 0, 0, 0, 0, 0, 0, 0, 0, 0, 0, 0, 0, 0, 0, 0, 0, 0, 0, 0, 0, 0, 0, 0, 0, 0, 0, 0, 0, 0, 0, 0, 0]	[0, 0, 0, 0, 0, 0, 0, 0, 0, 0, 0, 0, 0, 0, 0, 0, 0, 0, 0, 0, 0, 0, 0, 0, 0, 0, 0, 0, 0, 0, 0, 0, 0, 0, 0, 0, 0, 0, 0, 0, 0, 0, 0, 0, 0, 0, 0, 0, 0, 0, 0, 0, 0, 0, 0, 0, 0, 0, 0, 0, 0]	[0, 0, 0, 0, 0, 0, 0, 0, 0, 0, 0, 0, 0, 0, 0, 0, 0, 0, 0, 0, 0, 0, 0, 0, 0, 0, 0, 0, 0, 0, 0, 0, 0, 0, 0, 0, 0, 0, 0, 0, 0, 0, 0, 0, 0, 0, 0, 0, 0, 0, 0, 0, 0, 0, 0, 0, 0, 0, 0, 0, 0]	[0.00028979999478906393, 0.00980679999338463, 0.02645249999477528, 0.043881299992790446, 0.06073430000105873, 0.0767414000001736, 0.09328519998234697, 0.1102303999941796, 0.12661779997870326, 0.14329449998331256, 0.1598787999828346, 0.17667559999972582, 0.19324540000525303, 0.20994709999649785, 0.22682179999537766, 0.24336599998059683, 0.26012120000086725, 0.2769716999900993, 0.2932882999884896, 0.3097194999863859, 0.3264574999921024, 0.34321940000518225, 0.35970309999538586, 0.37623599998187274, 0.39299349999055266, 0.4096035999828018, 0.42646509999758564, 0.4430770000035409, 0.4597098999947775, 0.4765453999862075, 0.49318779999157414, 0.5097831999883056, 0.5264778999844566, 0.5429670999874361, 0.5595373999967705, 0.5763287000008859, 0.5929142999812029, 0.6097027999931015, 0.6262659000058193, 0.6429613999789581, 0.6596656999900006, 0.6761677000031341, 0.6930847000039648, 0.7097943999979179, 0.7264316999935545, 0.7429649999830872, 0.7596246000030078, 0.7762642999878153, 0.7931194999837317, 0.8097864000010304, 0.8264346999931149, 0.8429128999996465, 0.8594992999860551, 0.8763111000007484, 0.892917999997735, 0.9095942999992985, 0.9262688999879174, 0.9428537999920081, 0.9597482999961358, 0.9761541000043508, 0.9928705999918748]	n/a	n/a	1.0	8a
484	13	go_nogo	0	60	2	go	click	[79.0, 79.0, 93.0, 113.0, 128.0, 142.0, 149.0, 154.0, 159.0, 159.0, 160.0, 160.0, 158.0, 157.0, 156.0, 156.0, 156.0, 156.0, 156.0, 156.0, 156.0, 161.0, 167.0, 169.0, 171.0, 172.0, 174.0, 177.0, 177.0, 177.0, 178.0, 181.0]	[-211.0, -211.0, -173.0, -107.0, -47.0, 10.0, 53.0, 93.0, 129.0, 159.0, 184.0, 197.0, 213.0, 228.0, 234.0, 235.0, 235.0, 235.0, 235.0, 239.0, 249.0, 263.0, 283.0, 291.0, 296.0, 301.0, 308.0, 313.0, 314.0, 314.0, 314.0, 313.0]	[0, 0, 0, 0, 0, 0, 0, 0, 0, 0, 0, 0, 0, 0, 0, 0, 0, 0, 0, 0, 0, 0, 0, 0, 0, 0, 0, 0, 0, 0, 0, 1]	[0, 0, 0, 0, 0, 0, 0, 0, 0, 0, 0, 0, 0, 0, 0, 0, 0, 0, 0, 0, 0, 0, 0, 0, 0, 0, 0, 0, 0, 0, 0, 0]	[0, 0, 0, 0, 0, 0, 0, 0, 0, 0, 0, 0, 0, 0, 0, 0, 0, 0, 0, 0, 0, 0, 0, 0, 0, 0, 0, 0, 0, 0, 0, 0]	[0.00032419999479316175, 0.009601099998690188, 0.026143399998545647, 0.04296919997432269, 0.05950899998424575, 0.07622489999630488, 0.09287659998517483, 0.10970579998684116, 0.1262270000006538, 0.14301269999123178, 0.1595299999753479, 0.1764398999803234, 0.1931806999782566, 0.20966749999206513, 0.22617859998717904, 0.24277169999550097, 0.25932649997412227, 0.2762942999834195, 0.29289719997905195, 0.30937059997813776, 0.32610249999561347, 0.34279029999743216, 0.3596264999941923, 0.3764060999965295, 0.39281259998097084, 0.40979499998502433, 0.4261932999943383, 0.44289669999852777, 0.45949019998079166, 0.47614789998624474, 0.49294229998486117, 0.5096735999977682]	181.0	313.0	0.5	8a
485	13	go_nogo	0	60	6	go	click	[32.0, 57.0, 85.0, 128.0, 164.0, 195.0, 219.0, 236.0, 251.0, 254.0, 254.0, 254.0, 254.0, 252.0, 250.0, 248.0, 246.0, 244.0, 242.0, 241.0, 241.0, 241.0, 241.0, 241.0, 241.0, 241.0, 241.0, 241.0, 241.0, 241.0, 241.0, 241.0, 241.0, 241.0, 241.0, 241.0]	[-274.0, -234.0, -193.0, -107.0, -33.0, 48.0, 126.0, 191.0, 252.0, 274.0, 289.0, 299.0, 309.0, 316.0, 324.0, 332.0, 336.0, 339.0, 341.0, 342.0, 342.0, 342.0, 342.0, 342.0, 342.0, 343.0, 343.0, 343.0, 343.0, 343.0, 343.0, 343.0, 343.0, 343.0, 343.0, 343.0]	[0, 0, 0, 0, 0, 0, 0, 0, 0, 0, 0, 0, 0, 0, 0, 0, 0, 0, 0, 0, 0, 0, 0, 0, 0, 0, 0, 0, 0, 0, 0, 0, 0, 0, 0, 1]	[0, 0, 0, 0, 0, 0, 0, 0, 0, 0, 0, 0, 0, 0, 0, 0, 0, 0, 0, 0, 0, 0, 0, 0, 0, 0, 0, 0, 0, 0, 0, 0, 0, 0, 0, 0]	[0, 0, 0, 0, 0, 0, 0, 0, 0, 0, 0, 0, 0, 0, 0, 0, 0, 0, 0, 0, 0, 0, 0, 0, 0, 0, 0, 0, 0, 0, 0, 0, 0, 0, 0, 0]	[0.00022190000163391232, 0.010908800002653152, 0.02779330001794733, 0.0444926000200212, 0.06104950001463294, 0.07767870000679977, 0.09449590000440367, 0.11097790001076646, 0.12764200000674464, 0.14485579999745823, 0.16090800001984462, 0.17786769999656826, 0.1942908000200987, 0.21082940002088435, 0.22783519999939017, 0.244533599994611, 0.2610720000229776, 0.2777803000062704, 0.29452900000615045, 0.31072190002305433, 0.32768489999580197, 0.34416480001527816, 0.3607884000230115, 0.3774783000117168, 0.3942166000197176, 0.41082839999580756, 0.4274200000218116, 0.4442572999978438, 0.4606006999965757, 0.47725500000524335, 0.4940065999981016, 0.5106251999968663, 0.5273113000148442, 0.544250800012378, 0.5606635000149254, 0.577698600012809]	241.0	343.0	0.7	8a
486	13	go_nogo	0	60	2	go	click	[57.0, 57.0, 85.0, 109.0, 125.0, 134.0, 142.0, 147.0, 152.0, 159.0, 164.0, 166.0, 166.0, 166.0, 166.0, 166.0, 166.0, 166.0, 166.0, 166.0, 166.0, 167.0, 167.0, 167.0, 167.0, 167.0]	[-231.0, -231.0, -140.0, -59.0, -1.0, 43.0, 78.0, 114.0, 156.0, 193.0, 233.0, 248.0, 253.0, 255.0, 255.0, 255.0, 255.0, 255.0, 255.0, 255.0, 255.0, 259.0, 259.0, 259.0, 259.0, 259.0]	[0, 0, 0, 0, 0, 0, 0, 0, 0, 0, 0, 0, 0, 0, 0, 0, 0, 0, 0, 0, 0, 0, 0, 0, 0, 1]	[0, 0, 0, 0, 0, 0, 0, 0, 0, 0, 0, 0, 0, 0, 0, 0, 0, 0, 0, 0, 0, 0, 0, 0, 0, 0]	[0, 0, 0, 0, 0, 0, 0, 0, 0, 0, 0, 0, 0, 0, 0, 0, 0, 0, 0, 0, 0, 0, 0, 0, 0, 0]	[7.790001109242439e-05, 0.011953900015214458, 0.02857000002404675, 0.04547240000101738, 0.06225070002255961, 0.07884010000270791, 0.09544830000959337, 0.1121096000133548, 0.1286891000054311, 0.14559850000659935, 0.16214130001026206, 0.17904330001329072, 0.1954777000064496, 0.21160690000397153, 0.22833830001764, 0.24492590001318604, 0.26165640002000146, 0.2782578000042122, 0.29490700000314973, 0.3115985000040382, 0.3285156000056304, 0.3448870000138413, 0.36146530002588406, 0.37832100002560765, 0.39486280002165586, 0.41195420001167804]	167.0	259.0	0.6	8a
487	13	go_nogo	0	60	4	go	click	[35.0, 35.0, 49.0, 79.0, 114.0, 131.0, 145.0, 153.0, 161.0, 166.0, 172.0, 178.0, 183.0, 189.0, 192.0, 192.0, 192.0, 192.0, 192.0, 193.0, 195.0, 195.0, 195.0, 195.0, 195.0]	[-232.0, -232.0, -195.0, -104.0, 11.0, 69.0, 108.0, 144.0, 177.0, 207.0, 232.0, 253.0, 274.0, 295.0, 309.0, 309.0, 309.0, 309.0, 310.0, 314.0, 318.0, 319.0, 319.0, 319.0, 319.0]	[0, 0, 0, 0, 0, 0, 0, 0, 0, 0, 0, 0, 0, 0, 0, 0, 0, 0, 0, 0, 0, 0, 0, 0, 1]	[0, 0, 0, 0, 0, 0, 0, 0, 0, 0, 0, 0, 0, 0, 0, 0, 0, 0, 0, 0, 0, 0, 0, 0, 0]	[0, 0, 0, 0, 0, 0, 0, 0, 0, 0, 0, 0, 0, 0, 0, 0, 0, 0, 0, 0, 0, 0, 0, 0, 0]	[0.00018649999401532114, 0.010441099992021918, 0.027075099991634488, 0.04420219999155961, 0.06035610000253655, 0.07746879998012446, 0.09365519997663796, 0.1105700999905821, 0.1269752999942284, 0.14408909998019226, 0.160509599983925, 0.17706539999926463, 0.19375429998035543, 0.21071240000310354, 0.22692019998794422, 0.24362619998282753, 0.2602959999931045, 0.2770189000002574, 0.2935615000023972, 0.3104315999953542, 0.32709069998236373, 0.3434113999828696, 0.36043059997609816, 0.37673889999859966, 0.39376929998979904]	195.0	319.0	0.5	8a
488	13	go_nogo	0	60	9	nogo	none	[53.0, 53.0, 59.0, 81.0, 92.0, 100.0, 107.0, 113.0, 130.0, 144.0, 156.0, 165.0, 173.0, 181.0, 185.0, 190.0, 191.0, 194.0, 196.0, 200.0, 205.0, 206.0, 207.0, 207.0, 207.0, 207.0, 207.0, 207.0, 207.0, 207.0, 207.0, 207.0, 207.0, 207.0, 207.0, 207.0, 207.0, 207.0, 207.0, 207.0, 207.0, 207.0, 207.0, 207.0, 207.0, 207.0, 207.0, 207.0, 207.0, 207.0, 207.0, 207.0, 207.0, 207.0, 207.0, 207.0, 207.0, 207.0, 207.0, 207.0, 207.0, 207.0, 207.0, 207.0, 207.0]	[-262.0, -262.0, -231.0, -149.0, -106.0, -70.0, -33.0, 9.0, 63.0, 109.0, 142.0, 167.0, 190.0, 215.0, 234.0, 251.0, 256.0, 262.0, 273.0, 290.0, 305.0, 310.0, 310.0, 310.0, 310.0, 310.0, 310.0, 310.0, 310.0, 310.0, 310.0, 310.0, 310.0, 310.0, 310.0, 310.0, 310.0, 310.0, 310.0, 311.0, 312.0, 312.0, 312.0, 312.0, 312.0, 312.0, 312.0, 312.0, 312.0, 312.0, 312.0, 312.0, 312.0, 312.0, 312.0, 312.0, 312.0, 312.0, 312.0, 312.0, 312.0, 312.0, 312.0, 312.0, 312.0]	[0, 0, 0, 0, 0, 0, 0, 0, 0, 0, 0, 0, 0, 0, 0, 0, 0, 0, 0, 0, 0, 0, 0, 0, 0, 0, 0, 0, 0, 0, 0, 0, 0, 0, 0, 0, 0, 0, 0, 0, 0, 0, 0, 0, 0, 0, 0, 0, 0, 0, 0, 0, 0, 0, 0, 0, 0, 0, 0, 0, 0, 0, 0, 0, 0]	[0, 0, 0, 0, 0, 0, 0, 0, 0, 0, 0, 0, 0, 0, 0, 0, 0, 0, 0, 0, 0, 0, 0, 0, 0, 0, 0, 0, 0, 0, 0, 0, 0, 0, 0, 0, 0, 0, 0, 0, 0, 0, 0, 0, 0, 0, 0, 0, 0, 0, 0, 0, 0, 0, 0, 0, 0, 0, 0, 0, 0, 0, 0, 0, 0]	[0, 0, 0, 0, 0, 0, 0, 0, 0, 0, 0, 0, 0, 0, 0, 0, 0, 0, 0, 0, 0, 0, 0, 0, 0, 0, 0, 0, 0, 0, 0, 0, 0, 0, 0, 0, 0, 0, 0, 0, 0, 0, 0, 0, 0, 0, 0, 0, 0, 0, 0, 0, 0, 0, 0, 0, 0, 0, 0, 0, 0, 0, 0, 0, 0]	[0.00023029997828416526, 0.011398299975553527, 0.028118999995058402, 0.04539139999542385, 0.062045899976510555, 0.07833589997608215, 0.09507109998958185, 0.11169379999046214, 0.12829739999142475, 0.14517139998497441, 0.1617013999784831, 0.17820969998138025, 0.1949507999815978, 0.2116630999953486, 0.2282145999779459, 0.24526449997210875, 0.26200999997672625, 0.27808389998972416, 0.29493919998640195, 0.3115273999865167, 0.32828539999900386, 0.3448264999897219, 0.36152699997182935, 0.37797009997302666, 0.3948345999815501, 0.41132409998681396, 0.4280735999927856, 0.44474300000001676, 0.4616051999910269, 0.47814439999638125, 0.49484749999828637, 0.5114312999940012, 0.5280082999961451, 0.5445372999820393, 0.5614099999947939, 0.5781373999780044, 0.5948808999964967, 0.611583799996879, 0.6283713999728207, 0.6446801999991294, 0.6613362999923993, 0.6778491000004578, 0.6948190999974031, 0.7116694999858737, 0.72801829999662, 0.74453819997143, 0.7613083999895025, 0.7779673999757506, 0.7948065999953542, 0.8114208999904804, 0.8283307999954559, 0.8447279999963939, 0.861406399984844, 0.8781478999881074, 0.8946763999992982, 0.9113171999924816, 0.9280584999942221, 0.9445820999972057, 0.9611707999720238, 0.9778777999745216, 0.994476299994858, 1.0112645999761298, 1.0280071999877691, 1.0447463999735191, 1.0613350999774411]	n/a	n/a	0.7	8a
489	13	go_nogo	0	60	3	go	click	[68.0, 68.0, 100.0, 134.0, 166.0, 192.0, 209.0, 214.0, 217.0, 222.0, 227.0, 228.0, 230.0, 230.0, 230.0, 230.0, 230.0, 230.0, 230.0, 230.0, 230.0, 230.0, 230.0, 230.0, 230.0, 230.0, 230.0, 230.0, 230.0, 230.0, 230.0, 230.0, 230.0, 230.0, 230.0, 230.0, 230.0, 230.0, 230.0, 230.0, 230.0, 230.0, 230.0, 230.0, 230.0, 231.0, 241.0, 243.0, 243.0, 244.0]	[-271.0, -271.0, -191.0, -106.0, -22.0, 52.0, 114.0, 152.0, 182.0, 229.0, 259.0, 283.0, 304.0, 316.0, 325.0, 331.0, 338.0, 344.0, 349.0, 351.0, 351.0, 351.0, 351.0, 351.0, 351.0, 351.0, 351.0, 351.0, 351.0, 351.0, 351.0, 351.0, 351.0, 351.0, 351.0, 351.0, 351.0, 351.0, 351.0, 351.0, 351.0, 351.0, 351.0, 351.0, 351.0, 347.0, 332.0, 329.0, 328.0, 328.0]	[0, 0, 0, 0, 0, 0, 0, 0, 0, 0, 0, 0, 0, 0, 0, 0, 0, 0, 0, 0, 0, 0, 0, 0, 1, 1, 1, 1, 1, 1, 1, 1, 1, 1, 0, 0, 0, 0, 0, 0, 0, 0, 0, 0, 0, 0, 0, 0, 0, 1]	[0, 0, 0, 0, 0, 0, 0, 0, 0, 0, 0, 0, 0, 0, 0, 0, 0, 0, 0, 0, 0, 0, 0, 0, 0, 0, 0, 0, 0, 0, 0, 0, 0, 0, 0, 0, 0, 0, 0, 0, 0, 0, 0, 0, 0, 0, 0, 0, 0, 0]	[0, 0, 0, 0, 0, 0, 0, 0, 0, 0, 0, 0, 0, 0, 0, 0, 0, 0, 0, 0, 0, 0, 0, 0, 0, 0, 0, 0, 0, 0, 0, 0, 0, 0, 0, 0, 0, 0, 0, 0, 0, 0, 0, 0, 0, 0, 0, 0, 0, 0]	[7.070001447573304e-05, 0.012221300014061853, 0.028760500019416213, 0.04540190001716837, 0.06204400002025068, 0.07906510002794676, 0.09560690002399497, 0.11259940001764335, 0.12894630001392215, 0.14559720002580434, 0.16225590000976808, 0.17929410000215285, 0.19551040002261288, 0.21229650001623668, 0.2289691000187304, 0.24559840001165867, 0.26232160002109595, 0.2788822000147775, 0.29558540001744404, 0.311985000007553, 0.3286272000113968, 0.3455469000036828, 0.36199560001841746, 0.37859810001100414, 0.3952763000270352, 0.4120619000168517, 0.4285851000167895, 0.44536680000601336, 0.4619663000048604, 0.4785449000191875, 0.49547910000546835, 0.5120091000280809, 0.5286264000169467, 0.5454965000099037, 0.5621056000236422, 0.5787754000048153, 0.5954924000252504, 0.6119895000010729, 0.6285981000110041, 0.645236800017301, 0.6618728000030387, 0.6786687000130769, 0.6951685000094585, 0.7118934000027366, 0.7287044000113383, 0.7454856000258587, 0.762204800004838, 0.778653800021857, 0.7952792000141926, 0.8121478000248317]	244.0	328.0	0.5	8a
490	13	go_nogo	0	60	4	go	click	[40.0, 40.0, 54.0, 79.0, 107.0, 131.0, 156.0, 173.0, 186.0, 193.0, 194.0, 194.0, 195.0, 196.0, 197.0, 197.0, 197.0, 197.0, 197.0, 197.0, 197.0, 197.0, 200.0]	[-253.0, -253.0, -215.0, -144.0, -58.0, 32.0, 114.0, 179.0, 224.0, 257.0, 265.0, 270.0, 275.0, 282.0, 287.0, 290.0, 292.0, 293.0, 295.0, 296.0, 296.0, 296.0, 296.0]	[0, 0, 0, 0, 0, 0, 0, 0, 0, 0, 0, 0, 0, 0, 0, 0, 0, 0, 0, 0, 0, 0, 1]	[0, 0, 0, 0, 0, 0, 0, 0, 0, 0, 0, 0, 0, 0, 0, 0, 0, 0, 0, 0, 0, 0, 0]	[0, 0, 0, 0, 0, 0, 0, 0, 0, 0, 0, 0, 0, 0, 0, 0, 0, 0, 0, 0, 0, 0, 0]	[0.00018160001491196454, 0.00958450001780875, 0.025782300013815984, 0.04243910001241602, 0.05908750000526197, 0.07584160001715645, 0.09241100001963787, 0.10911720001604408, 0.12592410002253018, 0.14277110001421534, 0.15916870001819916, 0.17577000000164844, 0.19273199999588542, 0.2091900999948848, 0.22611040002084337, 0.24238310000509955, 0.2590446000103839, 0.27567020000424236, 0.2923985000234097, 0.30907420002040453, 0.3256994000112172, 0.3426610000024084, 0.35979310001130216]	202.0	296.0	0.6	8a
491	13	go_nogo	0	60	6	go	click	[62.0, 62.0, 76.0, 113.0, 152.0, 195.0, 244.0, 275.0, 291.0, 297.0, 299.0, 299.0, 297.0, 295.0, 294.0, 292.0, 292.0, 290.0, 286.0, 276.0, 262.0, 245.0, 229.0, 215.0, 207.0, 203.0, 202.0, 202.0, 202.0, 202.0, 202.0]	[-237.0, -237.0, -200.0, -91.0, 5.0, 114.0, 219.0, 296.0, 338.0, 359.0, 370.0, 378.0, 382.0, 384.0, 384.0, 385.0, 385.0, 386.0, 386.0, 381.0, 371.0, 356.0, 332.0, 307.0, 284.0, 272.0, 268.0, 268.0, 268.0, 267.0, 267.0]	[0, 0, 0, 0, 0, 0, 0, 0, 0, 0, 0, 0, 0, 0, 0, 0, 0, 0, 0, 0, 0, 0, 0, 0, 0, 0, 0, 0, 0, 0, 1]	[0, 0, 0, 0, 0, 0, 0, 0, 0, 0, 0, 0, 0, 0, 0, 0, 0, 0, 0, 0, 0, 0, 0, 0, 0, 0, 0, 0, 0, 0, 0]	[0, 0, 0, 0, 0, 0, 0, 0, 0, 0, 0, 0, 0, 0, 0, 0, 0, 0, 0, 0, 0, 0, 0, 0, 0, 0, 0, 0, 0, 0, 0]	[0.00021509997895918787, 0.010838399990461767, 0.02771799999754876, 0.04422539999359287, 0.06092099999659695, 0.07762919997912832, 0.09435969998594373, 0.11066330000176094, 0.1273135999799706, 0.14384219999192283, 0.1608045999892056, 0.17762719999882393, 0.19458929999382235, 0.21099419999518432, 0.22761739999987185, 0.24428109999280423, 0.26163829999859445, 0.2773970999987796, 0.29425789997912943, 0.31086459997459315, 0.3278878999990411, 0.3443626999796834, 0.36080999998375773, 0.377444599987939, 0.39410059998044744, 0.41055029997369274, 0.4270655000000261, 0.4440288999758195, 0.4606688999920152, 0.4771912999858614, 0.4948020000010729]	202.0	267.0	0.7	8a
492	13	go_nogo	0	60	4	go	click	[39.0, 39.0, 44.0, 50.0, 60.0, 95.0, 133.0, 146.0, 151.0, 153.0, 154.0, 158.0, 167.0, 174.0, 175.0, 175.0, 176.0, 179.0, 186.0, 191.0, 195.0, 195.0, 195.0, 195.0, 195.0, 196.0, 198.0, 202.0, 204.0, 204.0, 204.0, 204.0]	[-249.0, -249.0, -229.0, -188.0, -135.0, -2.0, 87.0, 128.0, 153.0, 164.0, 175.0, 192.0, 212.0, 220.0, 223.0, 224.0, 226.0, 230.0, 236.0, 242.0, 246.0, 248.0, 248.0, 248.0, 248.0, 248.0, 254.0, 262.0, 267.0, 267.0, 267.0, 267.0]	[0, 0, 0, 0, 0, 0, 0, 0, 0, 0, 0, 0, 0, 0, 0, 0, 0, 0, 0, 0, 0, 0, 0, 0, 0, 0, 0, 0, 0, 0, 0, 1]	[0, 0, 0, 0, 0, 0, 0, 0, 0, 0, 0, 0, 0, 0, 0, 0, 0, 0, 0, 0, 0, 0, 0, 0, 0, 0, 0, 0, 0, 0, 0, 0]	[0, 0, 0, 0, 0, 0, 0, 0, 0, 0, 0, 0, 0, 0, 0, 0, 0, 0, 0, 0, 0, 0, 0, 0, 0, 0, 0, 0, 0, 0, 0, 0]	[0.00018199998885393143, 0.012040500005241483, 0.028663800010690466, 0.04536560000269674, 0.062476899998728186, 0.07931450000614859, 0.09540520000155084, 0.11231510000652634, 0.12887859999318607, 0.14538170001469553, 0.1622782000049483, 0.17885110000497662, 0.19562949999817647, 0.21225810001487844, 0.22881550001329742, 0.24555590000818484, 0.2624999000108801, 0.2788875999976881, 0.2956338000076357, 0.3120682000007946, 0.3287623999931384, 0.34511389999534003, 0.3617608000058681, 0.3784319999977015, 0.3954604000027757, 0.41208770000957884, 0.42867170000681654, 0.4455080000043381, 0.4620057000138331, 0.47886520001338795, 0.4953021999972407, 0.5122391000040807]	204.0	267.0	0.5	8a
493	13	go_nogo	0	60	8	go	click	[35.0, 35.0, 40.0, 49.0, 59.0, 71.0, 96.0, 154.0, 169.0, 174.0, 178.0, 180.0, 183.0, 187.0, 192.0, 194.0, 195.0, 196.0, 197.0, 198.0, 198.0, 198.0, 198.0, 198.0, 198.0, 200.0, 201.0, 202.0, 202.0, 202.0, 203.0, 203.0, 203.0, 203.0]	[-281.0, -281.0, -267.0, -244.0, -216.0, -175.0, -103.0, 21.0, 56.0, 73.0, 83.0, 91.0, 102.0, 121.0, 136.0, 144.0, 152.0, 159.0, 175.0, 190.0, 204.0, 215.0, 224.0, 234.0, 247.0, 259.0, 270.0, 277.0, 282.0, 286.0, 286.0, 287.0, 287.0, 287.0]	[0, 0, 0, 0, 0, 0, 0, 0, 0, 0, 0, 0, 0, 0, 0, 0, 0, 0, 0, 0, 0, 0, 0, 0, 0, 0, 0, 0, 0, 0, 0, 0, 0, 1]	[0, 0, 0, 0, 0, 0, 0, 0, 0, 0, 0, 0, 0, 0, 0, 0, 0, 0, 0, 0, 0, 0, 0, 0, 0, 0, 0, 0, 0, 0, 0, 0, 0, 0]	[0, 0, 0, 0, 0, 0, 0, 0, 0, 0, 0, 0, 0, 0, 0, 0, 0, 0, 0, 0, 0, 0, 0, 0, 0, 0, 0, 0, 0, 0, 0, 0, 0, 0]	[0.00019920000340789557, 0.010214400012046099, 0.026872899994486943, 0.04361120000248775, 0.06027769998763688, 0.07691360000171699, 0.09373459999915212, 0.1104023999942001, 0.1276699999871198, 0.1434949999966193, 0.16014640001230873, 0.17713240001467057, 0.19344259999343194, 0.21016889999737032, 0.2269945000007283, 0.24343520001275465, 0.2602989000151865, 0.27694849998806603, 0.29364230000646785, 0.3102958000090439, 0.32729320001089945, 0.34357890000683255, 0.36003390001133084, 0.376956699998118, 0.39403550000861287, 0.4101525000005495, 0.4271387000044342, 0.4440089999989141, 0.4603032000013627, 0.476805999991484, 0.49346430000150576, 0.5101353999925777, 0.5268467999994755, 0.5438167999964207]	203.0	287.0	0.8	8a
494	13	go_nogo	0	60	7	go	click	[64.0, 64.0, 76.0, 106.0, 141.0, 177.0, 206.0, 222.0, 235.0, 241.0, 246.0, 249.0, 251.0, 254.0, 258.0, 262.0, 264.0, 264.0, 265.0, 265.0, 265.0, 265.0, 265.0, 263.0, 255.0, 239.0, 219.0, 199.0, 186.0, 181.0, 181.0, 181.0, 181.0, 181.0, 181.0, 182.0]	[-255.0, -255.0, -218.0, -145.0, -61.0, 35.0, 115.0, 168.0, 217.0, 244.0, 269.0, 286.0, 297.0, 308.0, 325.0, 340.0, 348.0, 352.0, 357.0, 363.0, 365.0, 366.0, 366.0, 366.0, 360.0, 350.0, 332.0, 317.0, 305.0, 300.0, 300.0, 299.0, 299.0, 299.0, 299.0, 298.0]	[0, 0, 0, 0, 0, 0, 0, 0, 0, 0, 0, 0, 0, 0, 0, 0, 0, 0, 0, 0, 0, 0, 0, 0, 0, 0, 0, 0, 0, 0, 0, 0, 0, 0, 0, 1]	[0, 0, 0, 0, 0, 0, 0, 0, 0, 0, 0, 0, 0, 0, 0, 0, 0, 0, 0, 0, 0, 0, 0, 0, 0, 0, 0, 0, 0, 0, 0, 0, 0, 0, 0, 0]	[0, 0, 0, 0, 0, 0, 0, 0, 0, 0, 0, 0, 0, 0, 0, 0, 0, 0, 0, 0, 0, 0, 0, 0, 0, 0, 0, 0, 0, 0, 0, 0, 0, 0, 0, 0]	[0.00018159998580813408, 0.009754999977303669, 0.02678149999701418, 0.043473799974890426, 0.06022719998145476, 0.0768767999834381, 0.09353159999591298, 0.11029509999207221, 0.126847599982284, 0.14549529997748323, 0.16042259999085218, 0.17664439999498427, 0.19338019998394884, 0.2101659999752883, 0.22674469999037683, 0.2436042999906931, 0.2601710000017192, 0.2768029999861028, 0.29341039998689666, 0.3102008999849204, 0.32676089997403324, 0.3431358999805525, 0.35986239998601377, 0.37738099999842234, 0.39328459999524057, 0.41016769999987446, 0.42672469999524765, 0.4434709999768529, 0.4600332999834791, 0.4764400999993086, 0.4931240000005346, 0.5096386999939568, 0.5263918999989983, 0.5431018999952357, 0.5599435999756679, 0.576683299994329]	184.0	298.0	0.7	8a
495	13	go_nogo	0	60	9	nogo	none	[65.0, 65.0, 81.0, 108.0, 153.0, 224.0, 276.0, 304.0, 317.0, 323.0, 327.0, 331.0, 333.0, 334.0, 334.0, 331.0, 326.0, 320.0, 310.0, 300.0, 288.0, 282.0, 278.0, 275.0, 274.0, 274.0, 274.0, 274.0, 274.0, 274.0, 274.0, 274.0, 274.0, 274.0, 274.0, 274.0, 274.0, 274.0, 274.0, 274.0, 274.0, 274.0, 274.0, 274.0, 274.0, 274.0, 274.0, 274.0, 274.0, 274.0, 274.0, 274.0, 274.0, 274.0, 274.0, 274.0, 274.0, 274.0, 274.0, 274.0, 274.0, 274.0, 274.0, 274.0, 274.0, 274.0]	[-277.0, -277.0, -247.0, -208.0, -138.0, -40.0, 30.0, 82.0, 107.0, 126.0, 141.0, 159.0, 175.0, 190.0, 210.0, 223.0, 235.0, 245.0, 252.0, 255.0, 261.0, 263.0, 265.0, 266.0, 267.0, 267.0, 267.0, 267.0, 267.0, 267.0, 267.0, 267.0, 267.0, 267.0, 267.0, 267.0, 267.0, 267.0, 267.0, 267.0, 267.0, 267.0, 267.0, 267.0, 267.0, 267.0, 267.0, 267.0, 267.0, 267.0, 267.0, 267.0, 267.0, 267.0, 267.0, 267.0, 267.0, 267.0, 267.0, 267.0, 267.0, 267.0, 267.0, 267.0, 267.0, 267.0]	[0, 0, 0, 0, 0, 0, 0, 0, 0, 0, 0, 0, 0, 0, 0, 0, 0, 0, 0, 0, 0, 0, 0, 0, 0, 0, 0, 0, 0, 0, 0, 0, 0, 0, 0, 0, 0, 0, 0, 0, 0, 0, 0, 0, 0, 0, 0, 0, 0, 0, 0, 0, 0, 0, 0, 0, 0, 0, 0, 0, 0, 0, 0, 0, 0, 0]	[0, 0, 0, 0, 0, 0, 0, 0, 0, 0, 0, 0, 0, 0, 0, 0, 0, 0, 0, 0, 0, 0, 0, 0, 0, 0, 0, 0, 0, 0, 0, 0, 0, 0, 0, 0, 0, 0, 0, 0, 0, 0, 0, 0, 0, 0, 0, 0, 0, 0, 0, 0, 0, 0, 0, 0, 0, 0, 0, 0, 0, 0, 0, 0, 0, 0]	[0, 0, 0, 0, 0, 0, 0, 0, 0, 0, 0, 0, 0, 0, 0, 0, 0, 0, 0, 0, 0, 0, 0, 0, 0, 0, 0, 0, 0, 0, 0, 0, 0, 0, 0, 0, 0, 0, 0, 0, 0, 0, 0, 0, 0, 0, 0, 0, 0, 0, 0, 0, 0, 0, 0, 0, 0, 0, 0, 0, 0, 0, 0, 0, 0, 0]	[0.00020670000230893493, 0.00923619998502545, 0.025846200005616993, 0.0431492000061553, 0.059233700012555346, 0.07608490000711754, 0.09268739999970421, 0.10925390000920743, 0.12631369999144226, 0.14261670000269078, 0.15916390001075342, 0.17562080000061542, 0.19236899999668822, 0.20959189999848604, 0.22609459998784587, 0.24250299998675473, 0.2594241999904625, 0.2757586000079755, 0.2924492000020109, 0.309035699989181, 0.32574090000707656, 0.34246720001101494, 0.35896290000528097, 0.37580330000491813, 0.39245079999091104, 0.40910799999255687, 0.42545589999645017, 0.44248810000135563, 0.4589761999959592, 0.47558920001029037, 0.4923013999941759, 0.5088801000092644, 0.5256660000013653, 0.5421785000071395, 0.5589426000078674, 0.5753098000132013, 0.59243369998876, 0.6089652999944519, 0.6256743000121787, 0.6421485999890137, 0.6587814000085928, 0.6752555999846663, 0.6918695000058506, 0.708767700009048, 0.7255182999942917, 0.7418892999994569, 0.7588939999986906, 0.775472000008449, 0.7921533999906387, 0.8089411999972071, 0.8251773999945726, 0.8418697000015527, 0.8585813000099733, 0.8754152999899816, 0.8919251000043005, 0.9086135000106879, 0.925174900010461, 0.9420315999886952, 0.9589030999923125, 0.9754985999898054, 0.992224499990698, 1.0088843000121415, 1.0255037999886554, 1.0423064999922644, 1.0587828000134323, 1.075478299986571]	n/a	n/a	0.9	8a
496	13	go_nogo	0	60	8	go	click	[20.0, 20.0, 39.0, 107.0, 144.0, 170.0, 184.0, 196.0, 204.0, 210.0, 213.0, 213.0, 214.0, 216.0, 219.0, 219.0, 219.0, 219.0, 219.0, 219.0, 219.0, 219.0, 219.0, 219.0, 219.0, 220.0, 222.0, 226.0, 226.0, 229.0, 230.0, 230.0, 231.0, 231.0, 231.0]	[-248.0, -248.0, -194.0, -5.0, 103.0, 174.0, 220.0, 257.0, 289.0, 311.0, 325.0, 333.0, 340.0, 352.0, 365.0, 372.0, 373.0, 373.0, 373.0, 373.0, 373.0, 373.0, 373.0, 373.0, 373.0, 369.0, 359.0, 338.0, 328.0, 312.0, 307.0, 304.0, 303.0, 303.0, 303.0]	[0, 0, 0, 0, 0, 0, 0, 0, 0, 0, 0, 0, 0, 0, 0, 0, 0, 0, 0, 0, 0, 0, 0, 0, 0, 0, 0, 0, 0, 0, 0, 0, 0, 0, 1]	[0, 0, 0, 0, 0, 0, 0, 0, 0, 0, 0, 0, 0, 0, 0, 0, 0, 0, 0, 0, 0, 0, 0, 0, 0, 0, 0, 0, 0, 0, 0, 0, 0, 0, 0]	[0, 0, 0, 0, 0, 0, 0, 0, 0, 0, 0, 0, 0, 0, 0, 0, 0, 0, 0, 0, 0, 0, 0, 0, 0, 0, 0, 0, 0, 0, 0, 0, 0, 0, 0]	[0.00019269998301751912, 0.010306799988029525, 0.026925699989078566, 0.04401579999830574, 0.06106129998806864, 0.07682610000483692, 0.09346169998752885, 0.11028279998572543, 0.12685800000326708, 0.14380230000824668, 0.1604425999976229, 0.1768988999829162, 0.1935388999991119, 0.21040199999697506, 0.22704150000936352, 0.24365119999856688, 0.26026290000299923, 0.27675759998965077, 0.2935394000087399, 0.3100488999916706, 0.32686470000771806, 0.3434416000091005, 0.35993340000277385, 0.3768704999820329, 0.3937836999830324, 0.4103631000034511, 0.42721910000545904, 0.4433988000091631, 0.460431499988772, 0.4770295000053011, 0.49361219999263994, 0.5102236999955494, 0.5267437000002246, 0.5434480999829248, 0.5605546000006143]	231.0	303.0	0.6	8a
497	13	go_nogo	0	60	3	go	click	[-3.0, -3.0, 9.0, 29.0, 50.0, 68.0, 83.0, 96.0, 99.0, 102.0, 103.0, 103.0, 104.0, 109.0, 113.0, 118.0, 120.0, 120.0, 120.0, 121.0, 124.0, 131.0, 137.0, 142.0, 148.0, 154.0, 161.0, 168.0, 180.0, 192.0, 207.0, 219.0, 219.0, 220.0, 220.0, 220.0, 220.0, 220.0, 220.0, 220.0, 220.0, 220.0, 220.0, 220.0, 220.0, 218.0, 218.0, 218.0, 218.0, 218.0, 218.0, 218.0, 218.0, 218.0, 218.0]	[-289.0, -289.0, -247.0, -181.0, -100.0, -27.0, 33.0, 99.0, 129.0, 154.0, 168.0, 177.0, 190.0, 207.0, 224.0, 234.0, 238.0, 239.0, 239.0, 239.0, 239.0, 239.0, 241.0, 246.0, 254.0, 264.0, 278.0, 291.0, 309.0, 329.0, 346.0, 351.0, 352.0, 352.0, 352.0, 352.0, 352.0, 352.0, 352.0, 352.0, 352.0, 351.0, 348.0, 344.0, 341.0, 336.0, 334.0, 332.0, 331.0, 330.0, 330.0, 330.0, 330.0, 330.0, 329.0]	[0, 0, 0, 0, 0, 0, 0, 0, 0, 0, 0, 0, 0, 0, 0, 0, 0, 0, 0, 0, 0, 0, 0, 0, 0, 0, 0, 0, 0, 0, 0, 0, 0, 1, 1, 1, 1, 1, 1, 1, 1, 0, 0, 0, 0, 0, 0, 0, 0, 0, 0, 0, 0, 0, 1]	[0, 0, 0, 0, 0, 0, 0, 0, 0, 0, 0, 0, 0, 0, 0, 0, 0, 0, 0, 0, 0, 0, 0, 0, 0, 0, 0, 0, 0, 0, 0, 0, 0, 0, 0, 0, 0, 0, 0, 0, 0, 0, 0, 0, 0, 0, 0, 0, 0, 0, 0, 0, 0, 0, 0]	[0, 0, 0, 0, 0, 0, 0, 0, 0, 0, 0, 0, 0, 0, 0, 0, 0, 0, 0, 0, 0, 0, 0, 0, 0, 0, 0, 0, 0, 0, 0, 0, 0, 0, 0, 0, 0, 0, 0, 0, 0, 0, 0, 0, 0, 0, 0, 0, 0, 0, 0, 0, 0, 0, 0]	[0.00010639999527484179, 0.011858499987283722, 0.02837250000447966, 0.04486609998275526, 0.061624900001334026, 0.07889820000855252, 0.09544420000747778, 0.11182049999479204, 0.12863809999544173, 0.14541019999887794, 0.16184280000743456, 0.17874760000267997, 0.1950889999861829, 0.2117020000005141, 0.22835849999682978, 0.24490630000946112, 0.2617587999848183, 0.27844439999898896, 0.2951982000085991, 0.3116587999975309, 0.32826700000441633, 0.34522749998723157, 0.36223440000321716, 0.378468899987638, 0.3952592999849003, 0.4119494000042323, 0.4283217999909539, 0.4450336000008974, 0.46145969998906367, 0.47811989998444915, 0.49495239998213947, 0.5119040999852587, 0.5282218999927863, 0.5452847999986261, 0.5613237000070512, 0.5780857999925502, 0.5947957999887876, 0.61137709999457, 0.627989600005094, 0.6452714999904856, 0.6615754000085872, 0.6785410000011325, 0.6948049000056926, 0.711346299998695, 0.7283278999966569, 0.7447654999850783, 0.76140220000525, 0.7780062000092585, 0.794638199993642, 0.8112696000025608, 0.8278222999942955, 0.8446648000099231, 0.8612550999969244, 0.8782595999946352, 0.8952547000080813]	218.0	328.0	0.5	8a
498	13	go_nogo	0	60	8	go	click	[64.0, 64.0, 75.0, 92.0, 104.0, 117.0, 127.0, 137.0, 147.0, 156.0, 165.0, 175.0, 180.0, 183.0, 183.0, 183.0, 183.0, 183.0, 183.0, 183.0, 184.0, 192.0, 202.0, 214.0, 219.0, 222.0, 224.0, 226.0, 229.0, 231.0, 231.0, 231.0, 231.0]	[-255.0, -255.0, -205.0, -140.0, -85.0, -22.0, 19.0, 54.0, 85.0, 106.0, 124.0, 150.0, 163.0, 169.0, 169.0, 169.0, 169.0, 169.0, 169.0, 168.0, 169.0, 181.0, 199.0, 225.0, 240.0, 250.0, 261.0, 269.0, 275.0, 281.0, 283.0, 283.0, 283.0]	[0, 0, 0, 0, 0, 0, 0, 0, 0, 0, 0, 0, 0, 0, 0, 0, 0, 0, 0, 0, 0, 0, 0, 0, 0, 0, 0, 0, 0, 0, 0, 0, 1]	[0, 0, 0, 0, 0, 0, 0, 0, 0, 0, 0, 0, 0, 0, 0, 0, 0, 0, 0, 0, 0, 0, 0, 0, 0, 0, 0, 0, 0, 0, 0, 0, 0]	[0, 0, 0, 0, 0, 0, 0, 0, 0, 0, 0, 0, 0, 0, 0, 0, 0, 0, 0, 0, 0, 0, 0, 0, 0, 0, 0, 0, 0, 0, 0, 0, 0]	[9.68000094871968e-05, 0.010604100010823458, 0.026998499990440905, 0.04390129999956116, 0.06089500000234693, 0.077299700002186, 0.09391200001118705, 0.11075500000151806, 0.12734289999934845, 0.14444209999055602, 0.16088529999251477, 0.1773451000044588, 0.19479119998868555, 0.21052480000071228, 0.2270630999992136, 0.24365379998926073, 0.2604804000002332, 0.2771393000148237, 0.2939953000168316, 0.31062599999131635, 0.3272687999997288, 0.34407560000545345, 0.36070019999169745, 0.37772220000624657, 0.394476699992083, 0.41075850001652725, 0.4273266000091098, 0.4438912000041455, 0.46056100001442246, 0.4771070000133477, 0.49390060000587255, 0.5103871999890544, 0.5276628000137862]	231.0	283.0	0.9	8a
499	13	go_nogo	0	60	3	go	click	[29.0, 29.0, 32.0, 37.0, 44.0, 57.0, 73.0, 89.0, 105.0, 127.0, 137.0, 148.0, 157.0, 164.0, 168.0, 171.0, 173.0, 173.0, 174.0, 174.0, 174.0, 172.0, 172.0, 173.0, 177.0, 185.0, 192.0, 194.0, 196.0, 196.0, 196.0, 197.0]	[-258.0, -258.0, -215.0, -173.0, -134.0, -101.0, -75.0, -52.0, -28.0, 3.0, 23.0, 45.0, 64.0, 84.0, 97.0, 105.0, 114.0, 123.0, 132.0, 146.0, 161.0, 191.0, 213.0, 234.0, 257.0, 278.0, 294.0, 301.0, 304.0, 305.0, 305.0, 305.0]	[0, 0, 0, 0, 0, 0, 0, 0, 0, 0, 0, 0, 0, 0, 0, 0, 0, 0, 0, 0, 0, 0, 0, 0, 0, 0, 0, 0, 0, 0, 0, 1]	[0, 0, 0, 0, 0, 0, 0, 0, 0, 0, 0, 0, 0, 0, 0, 0, 0, 0, 0, 0, 0, 0, 0, 0, 0, 0, 0, 0, 0, 0, 0, 0]	[0, 0, 0, 0, 0, 0, 0, 0, 0, 0, 0, 0, 0, 0, 0, 0, 0, 0, 0, 0, 0, 0, 0, 0, 0, 0, 0, 0, 0, 0, 0, 0]	[0.00023129998589865863, 0.011528699978953227, 0.028101099975174293, 0.044598599983146414, 0.06137789998319931, 0.07823919999646023, 0.09489559999201447, 0.11164729998563416, 0.12828779997653328, 0.14522939999005757, 0.16185059997951612, 0.17898599998443387, 0.19495679999818094, 0.21181579999392852, 0.22811229998478666, 0.2446660999848973, 0.2614895000006072, 0.2782250999880489, 0.2947876999969594, 0.31130279999342747, 0.3283093999780249, 0.3448313999979291, 0.3614545000018552, 0.3786899999831803, 0.39465439997729845, 0.4112250999896787, 0.4280768999888096, 0.4446297999820672, 0.4616526000027079, 0.4779983999906108, 0.49476979998871684, 0.511599399993429]	198.0	305.0	0.9	8a
500	13	go_nogo	0	60	6	go	click	[11.0, 16.0, 19.0, 28.0, 38.0, 47.0, 61.0, 73.0, 84.0, 97.0, 108.0, 118.0, 127.0, 134.0, 142.0, 149.0, 156.0, 160.0, 166.0, 171.0, 178.0, 185.0, 193.0, 201.0, 211.0, 219.0, 224.0, 226.0, 226.0, 226.0, 226.0]	[-264.0, -246.0, -226.0, -176.0, -137.0, -101.0, -52.0, -22.0, 9.0, 38.0, 63.0, 85.0, 104.0, 125.0, 147.0, 166.0, 180.0, 191.0, 206.0, 216.0, 228.0, 242.0, 256.0, 270.0, 284.0, 294.0, 303.0, 306.0, 307.0, 307.0, 307.0]	[0, 0, 0, 0, 0, 0, 0, 0, 0, 0, 0, 0, 0, 0, 0, 0, 0, 0, 0, 0, 0, 0, 0, 0, 0, 0, 0, 0, 0, 0, 1]	[0, 0, 0, 0, 0, 0, 0, 0, 0, 0, 0, 0, 0, 0, 0, 0, 0, 0, 0, 0, 0, 0, 0, 0, 0, 0, 0, 0, 0, 0, 0]	[0, 0, 0, 0, 0, 0, 0, 0, 0, 0, 0, 0, 0, 0, 0, 0, 0, 0, 0, 0, 0, 0, 0, 0, 0, 0, 0, 0, 0, 0, 0]	[9.200000204145908e-05, 0.011693100008415058, 0.027971800009254366, 0.044806099991546944, 0.06153060001088306, 0.07838289998471737, 0.09484350000275299, 0.111494099983247, 0.12844159998348914, 0.14512140001170337, 0.1613835000025574, 0.17812440000125207, 0.19477979998919182, 0.21146150000276975, 0.22817650000797585, 0.2447657999873627, 0.2613548999943305, 0.27817470001173206, 0.29480770000373013, 0.3115604000049643, 0.32829589999164455, 0.34507889999076724, 0.3613437000021804, 0.3779459999932442, 0.39485730000888, 0.41141699999570847, 0.42809159998432733, 0.4447050000017043, 0.46096850000321865, 0.4779176999873016, 0.49498489999677986]	229.0	307.0	1.0	8a
501	13	go_nogo	0	60	9	nogo	none	[42.0, 42.0, 48.0, 59.0, 73.0, 87.0, 102.0, 118.0, 130.0, 141.0, 150.0, 160.0, 165.0, 170.0, 173.0, 178.0, 181.0, 188.0, 192.0, 197.0, 199.0, 201.0, 203.0, 204.0, 205.0, 205.0, 205.0, 205.0, 205.0, 205.0, 205.0, 205.0, 205.0, 205.0, 205.0, 205.0, 205.0, 205.0, 205.0, 205.0, 205.0, 205.0, 205.0, 205.0, 205.0, 205.0, 205.0, 205.0, 205.0, 205.0, 205.0, 205.0, 205.0, 205.0, 205.0, 205.0, 205.0, 205.0, 205.0, 205.0, 205.0, 205.0, 205.0, 205.0, 205.0, 205.0]	[-256.0, -256.0, -232.0, -180.0, -127.0, -75.0, -25.0, 30.0, 61.0, 91.0, 114.0, 133.0, 147.0, 157.0, 165.0, 172.0, 181.0, 192.0, 200.0, 209.0, 212.0, 216.0, 221.0, 223.0, 224.0, 224.0, 224.0, 224.0, 224.0, 224.0, 224.0, 224.0, 224.0, 224.0, 224.0, 224.0, 224.0, 224.0, 224.0, 224.0, 224.0, 224.0, 224.0, 224.0, 224.0, 224.0, 224.0, 224.0, 224.0, 224.0, 224.0, 224.0, 224.0, 224.0, 224.0, 224.0, 224.0, 224.0, 224.0, 224.0, 224.0, 224.0, 224.0, 224.0, 224.0, 224.0]	[0, 0, 0, 0, 0, 0, 0, 0, 0, 0, 0, 0, 0, 0, 0, 0, 0, 0, 0, 0, 0, 0, 0, 0, 0, 0, 0, 0, 0, 0, 0, 0, 0, 0, 0, 0, 0, 0, 0, 0, 0, 0, 0, 0, 0, 0, 0, 0, 0, 0, 0, 0, 0, 0, 0, 0, 0, 0, 0, 0, 0, 0, 0, 0, 0, 0]	[0, 0, 0, 0, 0, 0, 0, 0, 0, 0, 0, 0, 0, 0, 0, 0, 0, 0, 0, 0, 0, 0, 0, 0, 0, 0, 0, 0, 0, 0, 0, 0, 0, 0, 0, 0, 0, 0, 0, 0, 0, 0, 0, 0, 0, 0, 0, 0, 0, 0, 0, 0, 0, 0, 0, 0, 0, 0, 0, 0, 0, 0, 0, 0, 0, 0]	[0, 0, 0, 0, 0, 0, 0, 0, 0, 0, 0, 0, 0, 0, 0, 0, 0, 0, 0, 0, 0, 0, 0, 0, 0, 0, 0, 0, 0, 0, 0, 0, 0, 0, 0, 0, 0, 0, 0, 0, 0, 0, 0, 0, 0, 0, 0, 0, 0, 0, 0, 0, 0, 0, 0, 0, 0, 0, 0, 0, 0, 0, 0, 0, 0, 0]	[0.00017479999223724008, 0.010899599990807474, 0.027460799989057705, 0.043977599998470396, 0.0608273999823723, 0.07741019999957643, 0.094407600001432, 0.11071479998645373, 0.12748819999978878, 0.14404019998619333, 0.16087570000672713, 0.17734209998161532, 0.1940943999798037, 0.21090259999618866, 0.22780369999236427, 0.24409309998736717, 0.2609263999911491, 0.2774531999893952, 0.29409680000389926, 0.31105879999813624, 0.3274053999921307, 0.34421899999142624, 0.360762700001942, 0.3774991999962367, 0.39405380000243895, 0.4105204999796115, 0.4275029999844264, 0.4440789000072982, 0.460655200004112, 0.477515599981416, 0.49401599998236634, 0.5107154999859631, 0.5272559000004549, 0.5439812999975402, 0.560731699981261, 0.577469599986216, 0.5941583999956492, 0.6107781000027899, 0.6274413999926765, 0.643892699998105, 0.6607989000040106, 0.677278799994383, 0.6939091999956872, 0.7107127000053879, 0.7272009000007529, 0.744072999979835, 0.7605192000046372, 0.7772032000066247, 0.7940317000029609, 0.8104625999985728, 0.827089900005376, 0.8440260000061244, 0.8605509999906644, 0.877138499985449, 0.8938119999947958, 0.9104130000050645, 0.9270665000076406, 0.943743199983146, 0.9604588999936823, 0.9769624999898952, 0.9938377999933437, 1.0105636999942362, 1.0271718000003602, 1.044028599979356, 1.060433499980718, 1.0770317999995314]	n/a	n/a	0.9	8a
502	13	go_nogo	0	60	7	go	click	[15.0, 15.0, 36.0, 55.0, 74.0, 90.0, 108.0, 118.0, 126.0, 130.0, 131.0, 135.0, 136.0, 141.0, 143.0, 146.0, 153.0, 162.0, 174.0, 188.0, 199.0, 208.0, 214.0, 220.0, 221.0, 222.0, 223.0, 223.0, 223.0]	[-255.0, -255.0, -192.0, -138.0, -76.0, -22.0, 32.0, 69.0, 96.0, 113.0, 124.0, 138.0, 142.0, 156.0, 162.0, 172.0, 185.0, 203.0, 221.0, 238.0, 254.0, 266.0, 274.0, 283.0, 287.0, 290.0, 291.0, 291.0, 291.0]	[0, 0, 0, 0, 0, 0, 0, 0, 0, 0, 0, 0, 0, 0, 0, 0, 0, 0, 0, 0, 0, 0, 0, 0, 0, 0, 0, 0, 1]	[0, 0, 0, 0, 0, 0, 0, 0, 0, 0, 0, 0, 0, 0, 0, 0, 0, 0, 0, 0, 0, 0, 0, 0, 0, 0, 0, 0, 0]	[0, 0, 0, 0, 0, 0, 0, 0, 0, 0, 0, 0, 0, 0, 0, 0, 0, 0, 0, 0, 0, 0, 0, 0, 0, 0, 0, 0, 0]	[0.00010170001769438386, 0.010725500003900379, 0.027189600019482896, 0.0439120999944862, 0.06063580000773072, 0.07813060001353733, 0.09402819999377243, 0.11058830001275055, 0.12709039999754168, 0.14370290000806563, 0.16071280001779087, 0.17707510001491755, 0.19395539999823086, 0.21115700001246296, 0.22719910001615062, 0.24413320000167005, 0.26058860000921413, 0.27709680001134984, 0.2936600999964867, 0.31059320000349544, 0.32717000000411645, 0.34381720001692884, 0.36106520000612363, 0.37737050000578165, 0.3938053000019863, 0.4107150000054389, 0.42707350000273436, 0.44359050001366995, 0.4605550999986008]	224.0	291.0	0.8	8a
503	13	go_nogo	0	60	7	go	click	[46.0, 48.0, 51.0, 55.0, 59.0, 67.0, 71.0, 82.0, 91.0, 97.0, 103.0, 110.0, 119.0, 125.0, 128.0, 129.0, 132.0, 138.0, 145.0, 157.0, 165.0, 172.0, 180.0, 187.0, 191.0, 192.0, 193.0, 194.0, 194.0, 196.0, 196.0, 197.0, 198.0]	[-236.0, -198.0, -160.0, -93.0, -29.0, 34.0, 50.0, 95.0, 117.0, 130.0, 142.0, 156.0, 170.0, 177.0, 181.0, 182.0, 186.0, 190.0, 199.0, 212.0, 228.0, 243.0, 261.0, 278.0, 292.0, 299.0, 305.0, 308.0, 311.0, 314.0, 314.0, 315.0, 315.0]	[0, 0, 0, 0, 0, 0, 0, 0, 0, 0, 0, 0, 0, 0, 0, 0, 0, 0, 0, 0, 0, 0, 0, 0, 0, 0, 0, 0, 0, 0, 0, 0, 1]	[0, 0, 0, 0, 0, 0, 0, 0, 0, 0, 0, 0, 0, 0, 0, 0, 0, 0, 0, 0, 0, 0, 0, 0, 0, 0, 0, 0, 0, 0, 0, 0, 0]	[0, 0, 0, 0, 0, 0, 0, 0, 0, 0, 0, 0, 0, 0, 0, 0, 0, 0, 0, 0, 0, 0, 0, 0, 0, 0, 0, 0, 0, 0, 0, 0, 0]	[0.0002454000059515238, 0.012276299996301532, 0.02892559999600053, 0.04559180000796914, 0.06232540000928566, 0.07909350001136772, 0.09550019999733195, 0.1124306000128854, 0.1290232999890577, 0.14551420000498183, 0.16216619999613613, 0.17896610000752844, 0.19566840000334196, 0.21259209999698214, 0.22886520001338795, 0.24555950000649318, 0.26222959998995066, 0.2792028000112623, 0.2956339000083972, 0.31265420001000166, 0.32909129999461584, 0.3452281999925617, 0.36213530000532046, 0.3787202000094112, 0.39548850001301616, 0.41213099999004044, 0.42869910001172684, 0.4453218000126071, 0.46217740001156926, 0.47868369999923743, 0.49538269999902695, 0.5120919999899343, 0.528628200001549]	198.0	315.0	0.5	8a
504	13	go_nogo	0	60	1	nogo	none	[30.0, 30.0, 40.0, 51.0, 64.0, 79.0, 90.0, 99.0, 105.0, 111.0, 117.0, 123.0, 128.0, 130.0, 133.0, 137.0, 143.0, 152.0, 163.0, 174.0, 181.0, 185.0, 187.0, 189.0, 190.0, 190.0, 190.0, 190.0, 190.0, 190.0, 190.0, 190.0, 190.0, 190.0, 190.0, 190.0, 190.0, 190.0, 190.0, 190.0, 190.0, 190.0, 190.0, 190.0, 190.0, 190.0, 190.0, 190.0, 190.0, 190.0, 190.0, 190.0, 190.0, 190.0, 190.0, 190.0, 190.0, 190.0, 190.0, 190.0, 190.0, 190.0, 190.0, 190.0, 190.0, 190.0, 190.0]	[-262.0, -262.0, -221.0, -171.0, -122.0, -58.0, -10.0, 33.0, 63.0, 84.0, 103.0, 121.0, 137.0, 143.0, 150.0, 163.0, 183.0, 204.0, 226.0, 244.0, 259.0, 271.0, 280.0, 284.0, 286.0, 286.0, 286.0, 286.0, 286.0, 286.0, 286.0, 286.0, 286.0, 286.0, 286.0, 286.0, 286.0, 286.0, 286.0, 286.0, 286.0, 286.0, 286.0, 286.0, 286.0, 286.0, 286.0, 286.0, 286.0, 286.0, 286.0, 286.0, 286.0, 286.0, 286.0, 286.0, 286.0, 286.0, 286.0, 286.0, 286.0, 286.0, 286.0, 286.0, 286.0, 286.0, 286.0]	[0, 0, 0, 0, 0, 0, 0, 0, 0, 0, 0, 0, 0, 0, 0, 0, 0, 0, 0, 0, 0, 0, 0, 0, 0, 0, 0, 0, 0, 0, 0, 0, 0, 0, 0, 0, 0, 0, 0, 0, 0, 0, 0, 0, 0, 0, 0, 0, 0, 0, 0, 0, 0, 0, 0, 0, 0, 0, 0, 0, 0, 0, 0, 0, 0, 0, 0]	[0, 0, 0, 0, 0, 0, 0, 0, 0, 0, 0, 0, 0, 0, 0, 0, 0, 0, 0, 0, 0, 0, 0, 0, 0, 0, 0, 0, 0, 0, 0, 0, 0, 0, 0, 0, 0, 0, 0, 0, 0, 0, 0, 0, 0, 0, 0, 0, 0, 0, 0, 0, 0, 0, 0, 0, 0, 0, 0, 0, 0, 0, 0, 0, 0, 0, 0]	[0, 0, 0, 0, 0, 0, 0, 0, 0, 0, 0, 0, 0, 0, 0, 0, 0, 0, 0, 0, 0, 0, 0, 0, 0, 0, 0, 0, 0, 0, 0, 0, 0, 0, 0, 0, 0, 0, 0, 0, 0, 0, 0, 0, 0, 0, 0, 0, 0, 0, 0, 0, 0, 0, 0, 0, 0, 0, 0, 0, 0, 0, 0, 0, 0, 0, 0]	[0.00018339999951422215, 0.010978100006468594, 0.027570500009460375, 0.043931699998211116, 0.06069070001831278, 0.07729400001699105, 0.0937745000119321, 0.11051890000817366, 0.12732910001068376, 0.14392420000513084, 0.16038560000015423, 0.17722949999733828, 0.19400540000060573, 0.2107182999898214, 0.22743470000568777, 0.2438333000172861, 0.26068400000804104, 0.277168000000529, 0.2938809999905061, 0.31057100000907667, 0.3272696000058204, 0.3440894999948796, 0.3607620999973733, 0.37721000000601634, 0.3937729000172112, 0.4106636999931652, 0.42712410000967793, 0.44371600000886247, 0.4603445999964606, 0.4772726999945007, 0.49360310001065955, 0.510223399993265, 0.5270109999983106, 0.5436707999906503, 0.5602723000047263, 0.5770524000108708, 0.5935847999935504, 0.6101840999908745, 0.6271086999913678, 0.6436095999961253, 0.6602232000150252, 0.6768633000028785, 0.6935860000085086, 0.7102366000181064, 0.726926800009096, 0.7436273999919649, 0.760162799997488, 0.776811199990334, 0.7935279000084847, 0.8101369999931194, 0.8269321999978274, 0.8434588999953121, 0.8601760000165086, 0.8766694999940228, 0.8934395000105724, 0.9101707999943756, 0.9266710999945644, 0.9433374000072945, 0.9601351000019349, 0.9771158999938052, 0.9935417000087909, 1.0102434000000358, 1.0269596000143792, 1.0435257999924943, 1.060114199994132, 1.0768700999906287, 1.0935154000180773]	n/a	n/a	0.7	8a
505	13	go_nogo	0	60	8	go	click	[61.0, 61.0, 80.0, 135.0, 155.0, 169.0, 175.0, 179.0, 180.0, 180.0, 181.0, 182.0, 184.0, 184.0, 184.0, 184.0, 184.0, 184.0, 184.0, 184.0, 184.0, 184.0, 184.0, 184.0, 184.0, 184.0]	[-201.0, -201.0, -139.0, 29.0, 102.0, 151.0, 185.0, 210.0, 222.0, 231.0, 240.0, 251.0, 268.0, 292.0, 310.0, 315.0, 315.0, 315.0, 315.0, 315.0, 315.0, 315.0, 315.0, 315.0, 315.0, 315.0]	[0, 0, 0, 0, 0, 0, 0, 0, 0, 0, 0, 0, 0, 0, 0, 0, 0, 0, 0, 0, 0, 0, 0, 0, 0, 1]	[0, 0, 0, 0, 0, 0, 0, 0, 0, 0, 0, 0, 0, 0, 0, 0, 0, 0, 0, 0, 0, 0, 0, 0, 0, 0]	[0, 0, 0, 0, 0, 0, 0, 0, 0, 0, 0, 0, 0, 0, 0, 0, 0, 0, 0, 0, 0, 0, 0, 0, 0, 0]	[0.00024160000612027943, 0.00985850000870414, 0.026498099992750213, 0.04316190001554787, 0.060360000003129244, 0.07722340000327677, 0.09317149998969398, 0.11007610001252033, 0.1265541999891866, 0.14328079999540932, 0.1601043000118807, 0.17675700000836514, 0.1936271000013221, 0.20972380001330748, 0.22634580000885762, 0.2430395999981556, 0.25991990001057275, 0.27641779999248683, 0.2930247999902349, 0.30962370001361705, 0.3263288000016473, 0.3429123999958392, 0.35959800001000986, 0.3765754000050947, 0.3930648000095971, 0.41039390000514686]	184.0	315.0	0.7	8a
506	13	go_nogo	0	60	7	go	click	[43.0, 43.0, 61.0, 75.0, 88.0, 95.0, 101.0, 106.0, 112.0, 115.0, 118.0, 118.0, 120.0, 123.0, 126.0, 127.0, 127.0, 129.0, 131.0, 139.0, 146.0, 152.0, 157.0, 166.0, 174.0, 175.0, 175.0, 175.0, 175.0, 175.0]	[-243.0, -243.0, -178.0, -118.0, -58.0, -1.0, 48.0, 86.0, 119.0, 141.0, 151.0, 158.0, 169.0, 194.0, 206.0, 211.0, 214.0, 218.0, 231.0, 250.0, 266.0, 278.0, 287.0, 301.0, 310.0, 312.0, 314.0, 314.0, 314.0, 314.0]	[0, 0, 0, 0, 0, 0, 0, 0, 0, 0, 0, 0, 0, 0, 0, 0, 0, 0, 0, 0, 0, 0, 0, 0, 0, 0, 0, 0, 0, 1]	[0, 0, 0, 0, 0, 0, 0, 0, 0, 0, 0, 0, 0, 0, 0, 0, 0, 0, 0, 0, 0, 0, 0, 0, 0, 0, 0, 0, 0, 0]	[0, 0, 0, 0, 0, 0, 0, 0, 0, 0, 0, 0, 0, 0, 0, 0, 0, 0, 0, 0, 0, 0, 0, 0, 0, 0, 0, 0, 0, 0]	[0.00017820001812651753, 0.010824400000274181, 0.02753550000488758, 0.04428710002684966, 0.06142900002305396, 0.07724420001613908, 0.09392050001770258, 0.11052960000233725, 0.12749800001620315, 0.1439177000138443, 0.16101290000369772, 0.17721250001341105, 0.1940605000127107, 0.2109067999990657, 0.22751660001813434, 0.24414610001258552, 0.26070560002699494, 0.27738460002001375, 0.29411550000077114, 0.31062080000992864, 0.3274824000254739, 0.34384110002429225, 0.3608428000006825, 0.3773566000163555, 0.3938067000126466, 0.4108109000080731, 0.4268953000137117, 0.4437288000190165, 0.46034590000635944, 0.4772592000081204]	175.0	314.0	0.8	8a
507	13	go_nogo	0	60	1	nogo	none	[49.0, 49.0, 81.0, 120.0, 150.0, 169.0, 177.0, 182.0, 185.0, 188.0, 188.0, 189.0, 189.0, 190.0, 190.0, 190.0, 190.0, 190.0, 190.0, 190.0, 190.0, 190.0, 190.0]	[-229.0, -229.0, -116.0, -1.0, 94.0, 152.0, 189.0, 217.0, 238.0, 253.0, 264.0, 270.0, 276.0, 281.0, 286.0, 287.0, 287.0, 287.0, 287.0, 287.0, 287.0, 287.0, 287.0]	[0, 0, 0, 0, 0, 0, 0, 0, 0, 0, 0, 0, 0, 0, 0, 0, 0, 0, 0, 0, 0, 0, 1]	[0, 0, 0, 0, 0, 0, 0, 0, 0, 0, 0, 0, 0, 0, 0, 0, 0, 0, 0, 0, 0, 0, 0]	[0, 0, 0, 0, 0, 0, 0, 0, 0, 0, 0, 0, 0, 0, 0, 0, 0, 0, 0, 0, 0, 0, 0]	[0.00023059998056851327, 0.011404699995182455, 0.028286399989156052, 0.045008899993263185, 0.06175039999652654, 0.07842449998133816, 0.09515859998646192, 0.11190329998498783, 0.12841539998771623, 0.14522040000883862, 0.16177529998822138, 0.17831200000364333, 0.19545619998825714, 0.21156989998416975, 0.22845789999701083, 0.2447180000017397, 0.26134100000490434, 0.2780856000026688, 0.2947033999953419, 0.31132370000705123, 0.3279507999832276, 0.3447584999958053, 0.3616938999912236]	190.0	287.0	0.6	8a
508	13	go_nogo	0	60	6	go	click	[49.0, 49.0, 64.0, 100.0, 117.0, 132.0, 143.0, 151.0, 159.0, 165.0, 171.0, 174.0, 177.0, 178.0, 182.0, 187.0, 190.0, 190.0, 190.0, 190.0, 190.0, 190.0, 192.0, 194.0, 196.0, 198.0, 198.0, 199.0, 207.0]	[-207.0, -207.0, -165.0, -61.0, -14.0, 23.0, 52.0, 77.0, 97.0, 118.0, 137.0, 146.0, 153.0, 161.0, 174.0, 194.0, 205.0, 212.0, 218.0, 221.0, 227.0, 236.0, 250.0, 265.0, 278.0, 284.0, 284.0, 284.0, 274.0]	[0, 0, 0, 0, 0, 0, 0, 0, 0, 0, 0, 0, 0, 0, 0, 0, 0, 0, 0, 0, 0, 0, 0, 0, 0, 0, 0, 0, 1]	[0, 0, 0, 0, 0, 0, 0, 0, 0, 0, 0, 0, 0, 0, 0, 0, 0, 0, 0, 0, 0, 0, 0, 0, 0, 0, 0, 0, 0]	[0, 0, 0, 0, 0, 0, 0, 0, 0, 0, 0, 0, 0, 0, 0, 0, 0, 0, 0, 0, 0, 0, 0, 0, 0, 0, 0, 0, 0]	[0.00017779998597688973, 0.011277799989329651, 0.027978099999018013, 0.044703899999149144, 0.06202290000510402, 0.07843900000443682, 0.0946678000036627, 0.11120399998617359, 0.12796690000686795, 0.14465060000657104, 0.16124549999949522, 0.1780670000007376, 0.1945652999856975, 0.2111741999979131, 0.22785619998467155, 0.24481459998060018, 0.2612285999930464, 0.2779720999824349, 0.29477209999458864, 0.31122800000594, 0.3280843999818899, 0.3447223999828566, 0.3611444999987725, 0.3780106999911368, 0.39487669998197816, 0.4109634000051301, 0.42762080000829883, 0.4444655999832321, 0.461683700006688]	214.0	267.0	0.6	8a
509	13	go_nogo	0	60	4	go	click	[31.0, 31.0, 43.0, 52.0, 66.0, 78.0, 86.0, 94.0, 100.0, 105.0, 107.0, 111.0, 114.0, 116.0, 118.0, 120.0, 123.0, 130.0, 141.0, 157.0, 169.0, 177.0, 184.0, 196.0, 202.0, 205.0, 207.0, 209.0, 209.0, 209.0, 209.0]	[-269.0, -269.0, -217.0, -166.0, -109.0, -58.0, -17.0, 14.0, 35.0, 54.0, 68.0, 83.0, 91.0, 96.0, 100.0, 107.0, 114.0, 127.0, 150.0, 174.0, 192.0, 206.0, 220.0, 243.0, 253.0, 261.0, 266.0, 271.0, 271.0, 271.0, 271.0]	[0, 0, 0, 0, 0, 0, 0, 0, 0, 0, 0, 0, 0, 0, 0, 0, 0, 0, 0, 0, 0, 0, 0, 0, 0, 0, 0, 0, 0, 0, 1]	[0, 0, 0, 0, 0, 0, 0, 0, 0, 0, 0, 0, 0, 0, 0, 0, 0, 0, 0, 0, 0, 0, 0, 0, 0, 0, 0, 0, 0, 0, 0]	[0, 0, 0, 0, 0, 0, 0, 0, 0, 0, 0, 0, 0, 0, 0, 0, 0, 0, 0, 0, 0, 0, 0, 0, 0, 0, 0, 0, 0, 0, 0]	[0.0001931999868247658, 0.012099699990358204, 0.028392300009727478, 0.045402999996440485, 0.06221859998186119, 0.07911520000197925, 0.09556309998151846, 0.1120124000008218, 0.12903229999938048, 0.14542570000048727, 0.1621795000100974, 0.17873210000107065, 0.1953388999972958, 0.2122310999839101, 0.2285834999929648, 0.24540369998430833, 0.2621029999863822, 0.2786232999933418, 0.2952711999823805, 0.3120483999955468, 0.32862139999633655, 0.3454079999937676, 0.3620727999950759, 0.3786703000077978, 0.3955718000070192, 0.41208569999434985, 0.42875190000631846, 0.44516740000108257, 0.46182269998826087, 0.4783629000012297, 0.49548139999387786]	209.0	271.0	0.9	8a
510	13	go_nogo	0	60	2	go	click	[22.0, 28.0, 36.0, 50.0, 61.0, 72.0, 78.0, 87.0, 93.0, 102.0, 108.0, 110.0, 118.0, 125.0, 129.0, 131.0, 132.0, 135.0, 140.0, 149.0, 154.0, 157.0, 159.0, 164.0, 173.0, 183.0, 190.0, 191.0, 192.0, 193.0]	[-231.0, -196.0, -153.0, -70.0, 0.0, 44.0, 83.0, 115.0, 144.0, 174.0, 191.0, 198.0, 215.0, 229.0, 236.0, 239.0, 240.0, 244.0, 249.0, 257.0, 260.0, 263.0, 266.0, 270.0, 279.0, 290.0, 297.0, 297.0, 297.0, 297.0]	[0, 0, 0, 0, 0, 0, 0, 0, 0, 0, 0, 0, 0, 0, 0, 0, 0, 0, 0, 0, 0, 0, 0, 0, 0, 0, 0, 0, 0, 1]	[0, 0, 0, 0, 0, 0, 0, 0, 0, 0, 0, 0, 0, 0, 0, 0, 0, 0, 0, 0, 0, 0, 0, 0, 0, 0, 0, 0, 0, 0]	[0, 0, 0, 0, 0, 0, 0, 0, 0, 0, 0, 0, 0, 0, 0, 0, 0, 0, 0, 0, 0, 0, 0, 0, 0, 0, 0, 0, 0, 0]	[8.329999400302768e-05, 0.010682499996619299, 0.02719660001457669, 0.04366880000452511, 0.06074169999919832, 0.07712860000901856, 0.09392479999223724, 0.11085649998858571, 0.1277045000169892, 0.1437877000134904, 0.16079309998895042, 0.1775707000051625, 0.19378599998890422, 0.21072500001173466, 0.2271474000008311, 0.24396940000588074, 0.2605498000048101, 0.277848300000187, 0.2937881000107154, 0.3107251999899745, 0.3272245000116527, 0.3444020000169985, 0.36065429999143817, 0.3772093000006862, 0.394046100002015, 0.41048680001404136, 0.4272007000108715, 0.44366730001638643, 0.46044359999359585, 0.4772868000145536]	194.0	294.0	1.0	8a
511	13	go_nogo	0	60	8	go	click	[32.0, 32.0, 53.0, 77.0, 95.0, 111.0, 125.0, 138.0, 148.0, 157.0, 167.0, 176.0, 182.0, 192.0, 200.0, 209.0, 216.0, 220.0, 221.0, 221.0, 221.0, 221.0, 221.0, 221.0, 221.0, 221.0, 221.0]	[-253.0, -253.0, -183.0, -116.0, -65.0, -21.0, 19.0, 50.0, 77.0, 103.0, 126.0, 147.0, 168.0, 194.0, 216.0, 235.0, 253.0, 262.0, 266.0, 268.0, 268.0, 268.0, 268.0, 268.0, 268.0, 268.0, 268.0]	[0, 0, 0, 0, 0, 0, 0, 0, 0, 0, 0, 0, 0, 0, 0, 0, 0, 0, 0, 0, 0, 0, 0, 0, 0, 0, 1]	[0, 0, 0, 0, 0, 0, 0, 0, 0, 0, 0, 0, 0, 0, 0, 0, 0, 0, 0, 0, 0, 0, 0, 0, 0, 0, 0]	[0, 0, 0, 0, 0, 0, 0, 0, 0, 0, 0, 0, 0, 0, 0, 0, 0, 0, 0, 0, 0, 0, 0, 0, 0, 0, 0]	[0.0002519999979995191, 0.011357400013366714, 0.027521999989403412, 0.043899400014197454, 0.06054460001178086, 0.07724350001080893, 0.09398669999791309, 0.11072100000455976, 0.12749809998786077, 0.14406170000438578, 0.16065279999747872, 0.17716679998557083, 0.19421149999834597, 0.21069619999616407, 0.22769319999497384, 0.24453890000586398, 0.26042679999955, 0.2772821999969892, 0.2937935999943875, 0.31055530000594445, 0.3272960000031162, 0.3438318000116851, 0.36051930001121946, 0.3772717000101693, 0.39402020000852644, 0.41044659999897704, 0.4270230999973137]	221.0	268.0	0.7	8a
512	13	go_nogo	0	60	7	go	click	[-8.0, -8.0, 8.0, 33.0, 57.0, 83.0, 111.0, 140.0, 174.0, 197.0, 212.0, 224.0, 239.0, 246.0, 255.0, 264.0, 271.0, 273.0, 273.0, 274.0, 274.0, 274.0, 274.0, 274.0, 274.0, 274.0, 274.0, 274.0, 274.0, 274.0, 274.0, 274.0, 272.0, 270.0, 268.0, 267.0, 267.0, 267.0, 264.0, 260.0, 257.0, 254.0, 254.0, 252.0, 252.0, 252.0, 252.0, 251.0, 251.0, 251.0, 251.0, 251.0, 251.0, 251.0, 251.0, 251.0, 251.0, 251.0, 251.0, 251.0, 251.0, 251.0, 251.0, 251.0, 249.0, 247.0, 245.0, 241.0, 238.0, 238.0, 237.0, 237.0, 237.0, 237.0, 237.0]	[-299.0, -299.0, -261.0, -204.0, -144.0, -80.0, -12.0, 53.0, 116.0, 162.0, 196.0, 221.0, 250.0, 265.0, 283.0, 299.0, 311.0, 318.0, 320.0, 321.0, 322.0, 322.0, 323.0, 323.0, 323.0, 323.0, 323.0, 323.0, 323.0, 323.0, 323.0, 323.0, 322.0, 320.0, 320.0, 319.0, 319.0, 318.0, 316.0, 314.0, 312.0, 311.0, 310.0, 310.0, 310.0, 310.0, 308.0, 305.0, 303.0, 303.0, 303.0, 302.0, 302.0, 302.0, 302.0, 302.0, 302.0, 302.0, 302.0, 302.0, 302.0, 302.0, 302.0, 302.0, 302.0, 301.0, 301.0, 300.0, 299.0, 299.0, 298.0, 298.0, 298.0, 298.0, 298.0]	[0, 0, 0, 0, 0, 0, 0, 0, 0, 0, 0, 0, 0, 0, 0, 0, 0, 0, 0, 0, 0, 0, 0, 0, 0, 0, 0, 0, 0, 0, 0, 0, 0, 0, 0, 0, 0, 0, 0, 0, 0, 0, 0, 0, 0, 0, 0, 0, 0, 0, 0, 1, 1, 1, 1, 1, 1, 1, 1, 0, 0, 0, 0, 0, 0, 0, 0, 0, 0, 0, 0, 0, 0, 0, 1]	[0, 0, 0, 0, 0, 0, 0, 0, 0, 0, 0, 0, 0, 0, 0, 0, 0, 0, 0, 0, 0, 0, 0, 0, 0, 0, 0, 0, 0, 0, 0, 0, 0, 0, 0, 0, 0, 0, 0, 0, 0, 0, 0, 0, 0, 0, 0, 0, 0, 0, 0, 0, 0, 0, 0, 0, 0, 0, 0, 0, 0, 0, 0, 0, 0, 0, 0, 0, 0, 0, 0, 0, 0, 0, 0]	[0, 0, 0, 0, 0, 0, 0, 0, 0, 0, 0, 0, 0, 0, 0, 0, 0, 0, 0, 0, 0, 0, 0, 0, 0, 0, 0, 0, 0, 0, 0, 0, 0, 0, 0, 0, 0, 0, 0, 0, 0, 0, 0, 0, 0, 0, 0, 0, 0, 0, 0, 0, 0, 0, 0, 0, 0, 0, 0, 0, 0, 0, 0, 0, 0, 0, 0, 0, 0, 0, 0, 0, 0, 0, 0]	[7.259999983943999e-05, 0.011137399997096509, 0.027822500007459894, 0.043936300004133955, 0.06059290000121109, 0.07723620001343079, 0.0939821999927517, 0.11052300001028925, 0.12736849999055266, 0.1437662999960594, 0.1607071000034921, 0.17730260000098497, 0.19396110001252964, 0.21078620001208037, 0.22809990000678226, 0.24433300000964664, 0.26064980000955984, 0.2787757999903988, 0.29378320000250824, 0.3107253999914974, 0.32733339999685995, 0.3439092999906279, 0.3604836000013165, 0.3770389000128489, 0.3938407000096049, 0.4103149000147823, 0.4270684999937657, 0.44379730001674034, 0.4603439999918919, 0.4770742999971844, 0.49369460000889376, 0.5107081000169273, 0.5273042999906465, 0.5437418000074103, 0.5604893999989145, 0.5769663999963086, 0.5937183999922127, 0.6104622000129893, 0.6274256000178866, 0.6437445000046864, 0.6605218999902718, 0.6773650000104681, 0.6936402000137605, 0.7102731000049971, 0.7270693999889772, 0.7438029999902938, 0.760437599994475, 0.777068399998825, 0.7937088999897242, 0.8101895000145305, 0.8268672999984119, 0.843598400009796, 0.8601721000159159, 0.8768801999976858, 0.8934762999997474, 0.9101303000061307, 0.9270461999985855, 0.9437806000059936, 0.9603802000056021, 0.9770810999907553, 0.9936611000157427, 1.010526199999731, 1.0269369000161532, 1.0438048999931198, 1.0605836000177078, 1.0769230000150856, 1.0936024000111502, 1.1103281000105198, 1.1272586999984924, 1.1436788999999408, 1.1602784999995492, 1.1768064000061713, 1.193451900006039, 1.2102327000175137, 1.2273278000066057]	237.0	298.0	0.6	8a
513	13	go_nogo	0	60	2	go	click	[114.0, 135.0, 153.0, 183.0, 206.0, 220.0, 225.0, 225.0, 225.0, 225.0, 225.0, 225.0, 224.0, 224.0, 227.0, 229.0, 230.0, 230.0, 229.0, 229.0, 229.0, 229.0, 229.0, 229.0, 229.0, 229.0, 229.0, 229.0, 229.0, 229.0, 229.0, 229.0, 229.0, 229.0, 229.0, 229.0, 229.0, 229.0, 228.0, 227.0, 226.0, 226.0, 226.0, 226.0]	[-204.0, -158.0, -112.0, -25.0, 46.0, 106.0, 147.0, 173.0, 189.0, 204.0, 218.0, 235.0, 257.0, 276.0, 302.0, 327.0, 345.0, 353.0, 356.0, 356.0, 356.0, 356.0, 356.0, 356.0, 356.0, 356.0, 356.0, 356.0, 356.0, 356.0, 356.0, 356.0, 356.0, 356.0, 356.0, 356.0, 356.0, 356.0, 352.0, 343.0, 329.0, 318.0, 309.0, 306.0]	[0, 0, 0, 0, 0, 0, 0, 0, 0, 0, 0, 0, 0, 0, 0, 0, 0, 0, 0, 0, 0, 0, 0, 1, 1, 1, 1, 1, 1, 1, 1, 0, 0, 0, 0, 0, 0, 0, 0, 0, 0, 0, 0, 1]	[0, 0, 0, 0, 0, 0, 0, 0, 0, 0, 0, 0, 0, 0, 0, 0, 0, 0, 0, 0, 0, 0, 0, 0, 0, 0, 0, 0, 0, 0, 0, 0, 0, 0, 0, 0, 0, 0, 0, 0, 0, 0, 0, 0]	[0, 0, 0, 0, 0, 0, 0, 0, 0, 0, 0, 0, 0, 0, 0, 0, 0, 0, 0, 0, 0, 0, 0, 0, 0, 0, 0, 0, 0, 0, 0, 0, 0, 0, 0, 0, 0, 0, 0, 0, 0, 0, 0, 0]	[9.74999857135117e-05, 0.008889099990483373, 0.02553839999018237, 0.04222279999521561, 0.05899869999848306, 0.0756235999870114, 0.09274849999928847, 0.10910400000284426, 0.12556980000226758, 0.1423138999962248, 0.15884119999827817, 0.17538579998654313, 0.19204259998514317, 0.20910529998946004, 0.2254798999929335, 0.24211709998780861, 0.25874499999918044, 0.2755680999835022, 0.29194429999915883, 0.3089486999961082, 0.3252763999917079, 0.34198560001095757, 0.3586518999945838, 0.3752266000083182, 0.39207319999695756, 0.408648099983111, 0.42520249998779036, 0.44219370000064373, 0.45893490000162274, 0.47550189998582937, 0.49185540000326, 0.5088111000077333, 0.5255266999884043, 0.5420728999888524, 0.5588055999833159, 0.5751063000061549, 0.5918181999877561, 0.6083873999887146, 0.6253026000049431, 0.6422079000039957, 0.6590291000029538, 0.6755545999913011, 0.692377100000158, 0.7091404999955557]	226.0	306.0	0.8	8a
514	13	go_nogo	0	60	6	go	click	[13.0, 13.0, 15.0, 15.0, 15.0, 24.0, 27.0, 30.0, 34.0, 38.0, 41.0, 47.0, 57.0, 67.0, 80.0, 92.0, 109.0, 137.0, 147.0, 152.0, 160.0, 169.0, 177.0, 191.0, 204.0, 215.0, 225.0, 229.0, 229.0, 229.0, 229.0, 230.0, 230.0]	[-252.0, -252.0, -202.0, -112.0, -14.0, 96.0, 130.0, 149.0, 164.0, 172.0, 183.0, 199.0, 226.0, 262.0, 292.0, 313.0, 334.0, 355.0, 360.0, 361.0, 360.0, 354.0, 348.0, 337.0, 326.0, 311.0, 297.0, 289.0, 283.0, 279.0, 277.0, 277.0, 277.0]	[0, 0, 0, 0, 0, 0, 0, 0, 0, 0, 0, 0, 0, 0, 0, 0, 0, 0, 0, 0, 0, 0, 0, 0, 0, 0, 0, 0, 0, 0, 0, 0, 1]	[0, 0, 0, 0, 0, 0, 0, 0, 0, 0, 0, 0, 0, 0, 0, 0, 0, 0, 0, 0, 0, 0, 0, 0, 0, 0, 0, 0, 0, 0, 0, 0, 0]	[0, 0, 0, 0, 0, 0, 0, 0, 0, 0, 0, 0, 0, 0, 0, 0, 0, 0, 0, 0, 0, 0, 0, 0, 0, 0, 0, 0, 0, 0, 0, 0, 0]	[0.00018339999951422215, 0.011697699985234067, 0.02832660000422038, 0.0447396999807097, 0.061503399978391826, 0.07817470000009052, 0.09478200000012293, 0.11159600000246428, 0.12808850000146776, 0.14476979998289607, 0.16133069997886196, 0.1780058000003919, 0.19478809999418445, 0.21129189999192022, 0.22821420000400394, 0.24474029999691993, 0.26135149999754503, 0.2781388000003062, 0.2948900999908801, 0.3113651000021491, 0.3280236999853514, 0.34496170000056736, 0.36152629999560304, 0.37826090000453405, 0.3948110000055749, 0.41143320000264794, 0.4279305999807548, 0.4448244999803137, 0.4613365999830421, 0.4782441999996081, 0.4944817000068724, 0.5112878999789245, 0.5283586999867111]	230.0	277.0	1.0	8a
515	13	go_nogo	0	60	1	nogo	none	[67.0, 67.0, 76.0, 89.0, 98.0, 111.0, 117.0, 122.0, 124.0, 128.0, 132.0, 135.0, 140.0, 146.0, 151.0, 156.0, 162.0, 169.0, 173.0, 174.0, 176.0, 177.0, 177.0, 177.0, 177.0, 177.0, 178.0, 178.0, 178.0, 178.0, 178.0, 178.0, 178.0, 178.0, 178.0, 178.0, 178.0, 178.0, 178.0, 178.0, 178.0, 178.0, 178.0, 178.0, 178.0, 178.0, 178.0, 178.0, 178.0, 178.0, 178.0, 178.0, 178.0, 178.0, 178.0, 178.0, 178.0, 178.0, 178.0, 178.0, 178.0, 178.0, 178.0, 178.0, 178.0, 178.0]	[-161.0, -161.0, -121.0, -50.0, -7.0, 42.0, 66.0, 84.0, 95.0, 104.0, 116.0, 125.0, 137.0, 149.0, 160.0, 172.0, 188.0, 209.0, 225.0, 239.0, 250.0, 263.0, 269.0, 272.0, 272.0, 272.0, 272.0, 272.0, 272.0, 272.0, 272.0, 272.0, 272.0, 272.0, 272.0, 272.0, 272.0, 272.0, 272.0, 272.0, 272.0, 272.0, 272.0, 272.0, 272.0, 272.0, 272.0, 272.0, 272.0, 272.0, 272.0, 272.0, 272.0, 272.0, 272.0, 272.0, 272.0, 272.0, 272.0, 272.0, 272.0, 272.0, 272.0, 272.0, 272.0, 272.0]	[0, 0, 0, 0, 0, 0, 0, 0, 0, 0, 0, 0, 0, 0, 0, 0, 0, 0, 0, 0, 0, 0, 0, 0, 0, 0, 0, 0, 0, 0, 0, 0, 0, 0, 0, 0, 0, 0, 0, 0, 0, 0, 0, 0, 0, 0, 0, 0, 0, 0, 0, 0, 0, 0, 0, 0, 0, 0, 0, 0, 0, 0, 0, 0, 0, 0]	[0, 0, 0, 0, 0, 0, 0, 0, 0, 0, 0, 0, 0, 0, 0, 0, 0, 0, 0, 0, 0, 0, 0, 0, 0, 0, 0, 0, 0, 0, 0, 0, 0, 0, 0, 0, 0, 0, 0, 0, 0, 0, 0, 0, 0, 0, 0, 0, 0, 0, 0, 0, 0, 0, 0, 0, 0, 0, 0, 0, 0, 0, 0, 0, 0, 0]	[0, 0, 0, 0, 0, 0, 0, 0, 0, 0, 0, 0, 0, 0, 0, 0, 0, 0, 0, 0, 0, 0, 0, 0, 0, 0, 0, 0, 0, 0, 0, 0, 0, 0, 0, 0, 0, 0, 0, 0, 0, 0, 0, 0, 0, 0, 0, 0, 0, 0, 0, 0, 0, 0, 0, 0, 0, 0, 0, 0, 0, 0, 0, 0, 0, 0]	[0.0002347000117879361, 0.010950700001558289, 0.0275238000031095, 0.04417080001439899, 0.06087459999253042, 0.07784070001798682, 0.09439460001885891, 0.11122570000588894, 0.1276744999922812, 0.1446486999921035, 0.16100970000843517, 0.17765709999366663, 0.1943240000109654, 0.21089469999424182, 0.22755640000104904, 0.24411060000420548, 0.2608675000083167, 0.27758799999719486, 0.29460500000277534, 0.3110249000019394, 0.327513900003396, 0.3442286000063177, 0.3610264000017196, 0.37740140000823885, 0.3940685999987181, 0.41118070000084117, 0.4275080999941565, 0.4442107999930158, 0.4607908000180032, 0.4774364000186324, 0.494122400006745, 0.5105666000163183, 0.5275055000092834, 0.5441328000160865, 0.5608380000048783, 0.5775340000109281, 0.5942331000114791, 0.6108446000143886, 0.6280125000048429, 0.6439765999966767, 0.6605675000173505, 0.6774825000029523, 0.6940586999990046, 0.7107155999983661, 0.7273320000094827, 0.7439617000054568, 0.7606003000109922, 0.777296899992507, 0.7940354000020307, 0.810627700004261, 0.8273053000157233, 0.8439322000194807, 0.8605563000019174, 0.8776330999971833, 0.8940312000049744, 0.9106683999998495, 0.9272816000157036, 0.9438098999962676, 0.9604552999953739, 0.9771806999924593, 0.9941049000190105, 1.0106158000126015, 1.027239399991231, 1.0437234000128228, 1.0605966000002809, 1.0774286999949254]	n/a	n/a	0.9	8a
516	13	go_nogo	0	60	2	go	click	[59.0, 59.0, 69.0, 94.0, 121.0, 148.0, 179.0, 192.0, 202.0, 207.0, 211.0, 212.0, 212.0, 212.0, 212.0, 212.0, 212.0, 212.0, 212.0, 212.0, 212.0, 212.0, 212.0, 212.0]	[-262.0, -262.0, -222.0, -125.0, -5.0, 108.0, 233.0, 279.0, 308.0, 325.0, 333.0, 335.0, 335.0, 335.0, 336.0, 336.0, 336.0, 336.0, 336.0, 336.0, 336.0, 336.0, 336.0, 336.0]	[0, 0, 0, 0, 0, 0, 0, 0, 0, 0, 0, 0, 0, 0, 0, 0, 0, 0, 0, 0, 0, 0, 0, 1]	[0, 0, 0, 0, 0, 0, 0, 0, 0, 0, 0, 0, 0, 0, 0, 0, 0, 0, 0, 0, 0, 0, 0, 0]	[0, 0, 0, 0, 0, 0, 0, 0, 0, 0, 0, 0, 0, 0, 0, 0, 0, 0, 0, 0, 0, 0, 0, 0]	[0.00021389999892562628, 0.010725200001616031, 0.02721430000383407, 0.043970500002615154, 0.0606819000095129, 0.07730370000354014, 0.09399180000764318, 0.11089899999205954, 0.12757780001265928, 0.14419570000609383, 0.16069140000035986, 0.17722589999902993, 0.19418130000121891, 0.21094170000287704, 0.22723640000913292, 0.2439306000014767, 0.26038389999303035, 0.276997000008123, 0.2937945000012405, 0.31036229999153875, 0.3271334999881219, 0.34364919998915866, 0.36031019999063574, 0.3774492999946233]	212.0	336.0	0.6	8a
517	13	go_nogo	0	60	1	nogo	none	[39.0, 39.0, 54.0, 64.0, 72.0, 75.0, 78.0, 83.0, 91.0, 97.0, 100.0, 104.0, 107.0, 108.0, 109.0, 110.0, 111.0, 112.0, 115.0, 120.0, 127.0, 137.0, 148.0, 161.0, 174.0, 181.0, 185.0, 187.0, 188.0, 188.0, 189.0, 189.0, 189.0, 189.0, 189.0]	[-266.0, -266.0, -202.0, -143.0, -93.0, -49.0, -17.0, 9.0, 34.0, 57.0, 76.0, 94.0, 102.0, 107.0, 110.0, 112.0, 113.0, 117.0, 123.0, 131.0, 148.0, 172.0, 199.0, 230.0, 273.0, 293.0, 306.0, 313.0, 317.0, 319.0, 319.0, 319.0, 319.0, 319.0, 319.0]	[0, 0, 0, 0, 0, 0, 0, 0, 0, 0, 0, 0, 0, 0, 0, 0, 0, 0, 0, 0, 0, 0, 0, 0, 0, 0, 0, 0, 0, 0, 0, 0, 0, 0, 1]	[0, 0, 0, 0, 0, 0, 0, 0, 0, 0, 0, 0, 0, 0, 0, 0, 0, 0, 0, 0, 0, 0, 0, 0, 0, 0, 0, 0, 0, 0, 0, 0, 0, 0, 0]	[0, 0, 0, 0, 0, 0, 0, 0, 0, 0, 0, 0, 0, 0, 0, 0, 0, 0, 0, 0, 0, 0, 0, 0, 0, 0, 0, 0, 0, 0, 0, 0, 0, 0, 0]	[0.00023759997566230595, 0.011851199989905581, 0.02834439999423921, 0.04515489999903366, 0.061832699982915074, 0.07849789998726919, 0.09509970000362955, 0.11189939998439513, 0.12841979999211617, 0.1450491999858059, 0.16168959997594357, 0.17832429998088628, 0.19517219997942448, 0.21184669999638572, 0.22876969998469576, 0.24501009998493828, 0.2616965999768581, 0.27831509997486137, 0.295020099991234, 0.31175079999957234, 0.3283623000024818, 0.34495159998186864, 0.3616586999851279, 0.378564099984942, 0.39498989999992773, 0.41182259999914095, 0.4283844000019599, 0.4453051000018604, 0.461634299979778, 0.4785342999966815, 0.4949186999874655, 0.5113897999981418, 0.5281681999913417, 0.5447683999955188, 0.5618698999751359]	189.0	319.0	0.5	8a
518	13	go_nogo	0	60	4	go	click	[37.0, 37.0, 40.0, 54.0, 65.0, 75.0, 79.0, 83.0, 86.0, 87.0, 89.0, 89.0, 90.0, 91.0, 94.0, 97.0, 102.0, 107.0, 119.0, 133.0, 149.0, 163.0, 172.0, 177.0, 180.0, 182.0, 183.0, 183.0, 183.0]	[-275.0, -275.0, -255.0, -170.0, -108.0, -49.0, 3.0, 56.0, 91.0, 113.0, 126.0, 135.0, 140.0, 144.0, 155.0, 162.0, 170.0, 180.0, 198.0, 220.0, 240.0, 262.0, 278.0, 288.0, 296.0, 300.0, 303.0, 303.0, 303.0]	[0, 0, 0, 0, 0, 0, 0, 0, 0, 0, 0, 0, 0, 0, 0, 0, 0, 0, 0, 0, 0, 0, 0, 0, 0, 0, 0, 0, 1]	[0, 0, 0, 0, 0, 0, 0, 0, 0, 0, 0, 0, 0, 0, 0, 0, 0, 0, 0, 0, 0, 0, 0, 0, 0, 0, 0, 0, 0]	[0, 0, 0, 0, 0, 0, 0, 0, 0, 0, 0, 0, 0, 0, 0, 0, 0, 0, 0, 0, 0, 0, 0, 0, 0, 0, 0, 0, 0]	[0.00022620000527240336, 0.011603100021602586, 0.028234400000656024, 0.045249100017827004, 0.06228030001511797, 0.07833230000687763, 0.09508310002274811, 0.11258880002424121, 0.12854180001886562, 0.14504590001888573, 0.16216640002676286, 0.1786287000286393, 0.19516510001267307, 0.21179290002328344, 0.22841100001824088, 0.24520420000771992, 0.2618590000201948, 0.27841860000626184, 0.2951201000250876, 0.3118846000288613, 0.32849690000875853, 0.34497710000141524, 0.36174830002710223, 0.3781713000207674, 0.3950813000265043, 0.41152980001061223, 0.428146000020206, 0.44485850000637583, 0.46297100000083447]	183.0	303.0	0.9	8a
519	13	go_nogo	0	60	2	go	click	[39.0, 44.0, 54.0, 71.0, 82.0, 92.0, 95.0, 98.0, 100.0, 101.0, 103.0, 107.0, 110.0, 113.0, 116.0, 118.0, 120.0, 122.0, 127.0, 137.0, 149.0, 159.0, 164.0, 167.0, 167.0, 167.0, 167.0]	[-233.0, -190.0, -143.0, -47.0, 23.0, 77.0, 115.0, 142.0, 157.0, 164.0, 178.0, 188.0, 199.0, 207.0, 214.0, 219.0, 224.0, 230.0, 238.0, 252.0, 268.0, 281.0, 292.0, 297.0, 297.0, 298.0, 298.0]	[0, 0, 0, 0, 0, 0, 0, 0, 0, 0, 0, 0, 0, 0, 0, 0, 0, 0, 0, 0, 0, 0, 0, 0, 0, 0, 1]	[0, 0, 0, 0, 0, 0, 0, 0, 0, 0, 0, 0, 0, 0, 0, 0, 0, 0, 0, 0, 0, 0, 0, 0, 0, 0, 0]	[0, 0, 0, 0, 0, 0, 0, 0, 0, 0, 0, 0, 0, 0, 0, 0, 0, 0, 0, 0, 0, 0, 0, 0, 0, 0, 0]	[8.060000254772604e-05, 0.00911340001039207, 0.025969300011638552, 0.04266710000229068, 0.05943950000801124, 0.07610189999104477, 0.09291340000345372, 0.10966829999233596, 0.12607299999217503, 0.14293189998716116, 0.1593169999832753, 0.1761555999983102, 0.19302109998534434, 0.20934239999041893, 0.22607830000924878, 0.24267559999134392, 0.25951139998505823, 0.27801449998514727, 0.2926695999922231, 0.3095549999852665, 0.32592529998510145, 0.3425176999880932, 0.35937469999771565, 0.3757989000005182, 0.3926858000049833, 0.40935390000231564, 0.42627409999840893]	167.0	298.0	1.0	8a
520	13	go_nogo	0	60	6	go	click	[51.0, 51.0, 60.0, 79.0, 88.0, 93.0, 98.0, 102.0, 105.0, 108.0, 112.0, 115.0, 121.0, 127.0, 131.0, 132.0, 133.0, 136.0, 140.0, 144.0, 149.0, 152.0, 159.0, 168.0, 170.0, 172.0, 173.0, 173.0, 173.0]	[-217.0, -217.0, -184.0, -107.0, -61.0, -21.0, 21.0, 60.0, 88.0, 109.0, 130.0, 150.0, 175.0, 192.0, 206.0, 210.0, 215.0, 221.0, 233.0, 244.0, 256.0, 266.0, 276.0, 291.0, 294.0, 301.0, 301.0, 301.0, 301.0]	[0, 0, 0, 0, 0, 0, 0, 0, 0, 0, 0, 0, 0, 0, 0, 0, 0, 0, 0, 0, 0, 0, 0, 0, 0, 0, 0, 0, 1]	[0, 0, 0, 0, 0, 0, 0, 0, 0, 0, 0, 0, 0, 0, 0, 0, 0, 0, 0, 0, 0, 0, 0, 0, 0, 0, 0, 0, 0]	[0, 0, 0, 0, 0, 0, 0, 0, 0, 0, 0, 0, 0, 0, 0, 0, 0, 0, 0, 0, 0, 0, 0, 0, 0, 0, 0, 0, 0]	[0.0001947999990079552, 0.011557499994523823, 0.02814150002086535, 0.04493259999435395, 0.06167640001513064, 0.07809170000837184, 0.09459829999832436, 0.11152239999501035, 0.12793129999772646, 0.14489270001649857, 0.16152590001001954, 0.1780101000040304, 0.19484510002075695, 0.21144559999811463, 0.22810910001862794, 0.2451518000161741, 0.261889900022652, 0.2782679999945685, 0.2949391000147443, 0.3114802000054624, 0.3280215999984648, 0.3447335000091698, 0.36192970001138747, 0.3780154999985825, 0.3945848000003025, 0.41125669999746606, 0.4279552999942098, 0.4444177999976091, 0.4615582000114955]	173.0	301.0	0.8	8a
521	13	go_nogo	0	60	2	go	click	[67.0, 67.0, 83.0, 107.0, 134.0, 145.0, 155.0, 164.0, 167.0, 168.0, 168.0, 169.0, 170.0, 170.0, 170.0, 170.0, 170.0, 170.0, 170.0, 171.0, 173.0, 175.0, 178.0, 180.0, 182.0, 187.0, 188.0, 188.0, 188.0, 188.0]	[-190.0, -190.0, -141.0, -55.0, 50.0, 98.0, 135.0, 167.0, 190.0, 201.0, 206.0, 211.0, 215.0, 221.0, 229.0, 229.0, 229.0, 230.0, 232.0, 237.0, 244.0, 251.0, 261.0, 270.0, 279.0, 291.0, 294.0, 294.0, 294.0, 294.0]	[0, 0, 0, 0, 0, 0, 0, 0, 0, 0, 0, 0, 0, 0, 0, 0, 0, 0, 0, 0, 0, 0, 0, 0, 0, 0, 0, 0, 0, 1]	[0, 0, 0, 0, 0, 0, 0, 0, 0, 0, 0, 0, 0, 0, 0, 0, 0, 0, 0, 0, 0, 0, 0, 0, 0, 0, 0, 0, 0, 0]	[0, 0, 0, 0, 0, 0, 0, 0, 0, 0, 0, 0, 0, 0, 0, 0, 0, 0, 0, 0, 0, 0, 0, 0, 0, 0, 0, 0, 0, 0]	[0.00019459999748505652, 0.011792799981776625, 0.028273999982047826, 0.04521829998702742, 0.062067899998510256, 0.07854099999531172, 0.09510569999110885, 0.11182510000071488, 0.12847149997833185, 0.1451350999996066, 0.16210190000128932, 0.17853619999368675, 0.1952705000003334, 0.21178779998444952, 0.2281842999800574, 0.24471929998253472, 0.2615366999816615, 0.2784019999962766, 0.295081799995387, 0.3117152999911923, 0.32832519998191856, 0.34507619999931194, 0.361701699992409, 0.3786268999974709, 0.3949592999997549, 0.4116461999947205, 0.4281298999849241, 0.4448293999885209, 0.4614183999947272, 0.4787200999853667]	188.0	294.0	0.7	8a
522	13	go_nogo	0	60	3	go	click	[48.0, 48.0, 51.0, 64.0, 87.0, 99.0, 109.0, 121.0, 129.0, 134.0, 138.0, 141.0, 146.0, 149.0, 152.0, 156.0, 158.0, 160.0, 163.0, 170.0, 176.0, 180.0, 185.0, 190.0, 195.0, 196.0, 196.0, 196.0]	[-278.0, -278.0, -255.0, -192.0, -99.0, -47.0, -3.0, 38.0, 69.0, 95.0, 114.0, 135.0, 154.0, 178.0, 199.0, 218.0, 225.0, 232.0, 241.0, 255.0, 267.0, 280.0, 294.0, 305.0, 315.0, 319.0, 319.0, 319.0]	[0, 0, 0, 0, 0, 0, 0, 0, 0, 0, 0, 0, 0, 0, 0, 0, 0, 0, 0, 0, 0, 0, 0, 0, 0, 0, 0, 1]	[0, 0, 0, 0, 0, 0, 0, 0, 0, 0, 0, 0, 0, 0, 0, 0, 0, 0, 0, 0, 0, 0, 0, 0, 0, 0, 0, 0]	[0, 0, 0, 0, 0, 0, 0, 0, 0, 0, 0, 0, 0, 0, 0, 0, 0, 0, 0, 0, 0, 0, 0, 0, 0, 0, 0, 0]	[0.00019550000433810055, 0.012096799997380003, 0.028522999986307696, 0.0455000999791082, 0.06218619999708608, 0.07862819998990744, 0.09518429997842759, 0.11176909998175688, 0.12857069997699, 0.1452350000035949, 0.16198429997893982, 0.17864539998117834, 0.1952488999813795, 0.21182039999985136, 0.22877029998926446, 0.2451934999844525, 0.2620169000001624, 0.2789774999837391, 0.29507559997728094, 0.3118235000001732, 0.32848419999936596, 0.3451978999946732, 0.36188640000182204, 0.378541399986716, 0.39528490000520833, 0.41175279999151826, 0.42808399998466484, 0.44534109998494387]	196.0	319.0	0.6	8a
523	13	go_nogo	0	60	8	go	click	[65.0, 65.0, 93.0, 115.0, 125.0, 129.0, 134.0, 137.0, 140.0, 140.0, 140.0, 140.0, 140.0, 140.0, 141.0, 142.0, 144.0, 149.0, 156.0, 165.0, 175.0, 184.0, 192.0, 198.0, 201.0, 205.0, 207.0, 207.0, 207.0, 207.0]	[-218.0, -218.0, -139.0, -80.0, -45.0, -17.0, 12.0, 38.0, 55.0, 64.0, 74.0, 97.0, 105.0, 116.0, 125.0, 134.0, 147.0, 164.0, 189.0, 214.0, 242.0, 267.0, 292.0, 309.0, 321.0, 327.0, 332.0, 332.0, 332.0, 332.0]	[0, 0, 0, 0, 0, 0, 0, 0, 0, 0, 0, 0, 0, 0, 0, 0, 0, 0, 0, 0, 0, 0, 0, 0, 0, 0, 0, 0, 0, 1]	[0, 0, 0, 0, 0, 0, 0, 0, 0, 0, 0, 0, 0, 0, 0, 0, 0, 0, 0, 0, 0, 0, 0, 0, 0, 0, 0, 0, 0, 0]	[0, 0, 0, 0, 0, 0, 0, 0, 0, 0, 0, 0, 0, 0, 0, 0, 0, 0, 0, 0, 0, 0, 0, 0, 0, 0, 0, 0, 0, 0]	[0.0001849000109359622, 0.011350100015988573, 0.027755399991292506, 0.04442120000021532, 0.0613827999914065, 0.07811070000752807, 0.0944325000164099, 0.11139750000438653, 0.12795759999426082, 0.14435640000738204, 0.1610684999905061, 0.1776164000038989, 0.19411830001627095, 0.21132249999209307, 0.22833149999496527, 0.24495230001048185, 0.26119769999058917, 0.2778339000069536, 0.2943035000062082, 0.3109783999971114, 0.3278066999919247, 0.344293900008779, 0.3609721999964677, 0.3774732000019867, 0.39431360000162385, 0.41092709999065846, 0.4272638999973424, 0.44406700000399724, 0.4606451000145171, 0.4777659999963362]	208.0	332.0	0.7	8a
524	13	go_nogo	0	60	6	go	click	[66.0, 66.0, 78.0, 103.0, 144.0, 163.0, 177.0, 186.0, 193.0, 202.0, 212.0, 221.0, 231.0, 237.0, 244.0, 250.0, 252.0, 252.0, 252.0, 252.0, 252.0, 252.0, 252.0, 252.0, 252.0, 252.0, 252.0, 249.0, 244.0, 243.0, 242.0, 240.0, 238.0, 236.0, 235.0, 235.0, 235.0, 235.0]	[-224.0, -224.0, -176.0, -86.0, 30.0, 92.0, 132.0, 161.0, 190.0, 217.0, 246.0, 273.0, 298.0, 317.0, 339.0, 352.0, 359.0, 359.0, 359.0, 359.0, 359.0, 359.0, 359.0, 359.0, 359.0, 359.0, 357.0, 349.0, 336.0, 333.0, 329.0, 324.0, 316.0, 311.0, 309.0, 309.0, 308.0, 308.0]	[0, 0, 0, 0, 0, 0, 0, 0, 0, 0, 0, 0, 0, 0, 0, 0, 0, 0, 0, 0, 0, 0, 0, 0, 0, 0, 0, 0, 0, 0, 0, 0, 0, 0, 0, 0, 0, 1]	[0, 0, 0, 0, 0, 0, 0, 0, 0, 0, 0, 0, 0, 0, 0, 0, 0, 0, 0, 0, 0, 0, 0, 0, 0, 0, 0, 0, 0, 0, 0, 0, 0, 0, 0, 0, 0, 0]	[0, 0, 0, 0, 0, 0, 0, 0, 0, 0, 0, 0, 0, 0, 0, 0, 0, 0, 0, 0, 0, 0, 0, 0, 0, 0, 0, 0, 0, 0, 0, 0, 0, 0, 0, 0, 0, 0]	[0.0001866999955382198, 0.009752600017236546, 0.0264096999890171, 0.04311009999946691, 0.06000940001104027, 0.07719089998863637, 0.0932477000169456, 0.10960850000265054, 0.12616770001477562, 0.14271990000270307, 0.15961180001613684, 0.17618579999543726, 0.19270380001398735, 0.20954700000584126, 0.22611449999385513, 0.24293690000195056, 0.2593789999955334, 0.27621589999762364, 0.29297509999014437, 0.30952400001115166, 0.3261140999966301, 0.34262690000468865, 0.3593049999908544, 0.3761250000097789, 0.3932822000060696, 0.41026370000327006, 0.42621010000584647, 0.44298749999143183, 0.4597008000127971, 0.476320299989311, 0.49294080000254326, 0.5097077999962494, 0.526156500010984, 0.5426852999953553, 0.5592501999926753, 0.5761758000007831, 0.5927093999926001, 0.6095874999882653]	235.0	308.0	0.9	8a
525	13	go_nogo	0	60	2	go	click	[32.0, 32.0, 38.0, 54.0, 85.0, 94.0, 99.0, 102.0, 105.0, 108.0, 112.0, 116.0, 120.0, 124.0, 124.0, 125.0, 125.0, 126.0, 127.0, 131.0, 140.0, 154.0, 171.0, 185.0, 194.0, 200.0, 203.0, 204.0, 205.0, 205.0, 205.0, 205.0]	[-254.0, -254.0, -218.0, -146.0, -25.0, 21.0, 49.0, 70.0, 87.0, 104.0, 123.0, 142.0, 155.0, 163.0, 168.0, 169.0, 169.0, 170.0, 174.0, 181.0, 198.0, 224.0, 252.0, 279.0, 299.0, 311.0, 316.0, 319.0, 321.0, 321.0, 321.0, 321.0]	[0, 0, 0, 0, 0, 0, 0, 0, 0, 0, 0, 0, 0, 0, 0, 0, 0, 0, 0, 0, 0, 0, 0, 0, 0, 0, 0, 0, 0, 0, 0, 1]	[0, 0, 0, 0, 0, 0, 0, 0, 0, 0, 0, 0, 0, 0, 0, 0, 0, 0, 0, 0, 0, 0, 0, 0, 0, 0, 0, 0, 0, 0, 0, 0]	[0, 0, 0, 0, 0, 0, 0, 0, 0, 0, 0, 0, 0, 0, 0, 0, 0, 0, 0, 0, 0, 0, 0, 0, 0, 0, 0, 0, 0, 0, 0, 0]	[0.0001795999996829778, 0.010217600007308647, 0.026964799995766953, 0.043714100000215694, 0.060466499999165535, 0.07705190000706352, 0.09384960000170395, 0.11076050001429394, 0.12692330000572838, 0.1438512000022456, 0.16036219999659806, 0.17695970000931993, 0.19367020000936463, 0.2106469999998808, 0.22699990001274273, 0.2434114000061527, 0.2603619000001345, 0.2771112000045832, 0.29419650000636466, 0.3103926000185311, 0.3273152000037953, 0.34381640001083724, 0.36061659999541007, 0.37732770000002347, 0.39409600000362843, 0.41027540000504814, 0.42713570001069456, 0.44379260001005605, 0.4604045000160113, 0.4769457000074908, 0.4937111000181176, 0.5108641000115313]	205.0	321.0	0.8	8a
526	13	go_nogo	0	60	9	nogo	none	[74.0, 74.0, 79.0, 87.0, 96.0, 115.0, 129.0, 141.0, 151.0, 159.0, 167.0, 177.0, 185.0, 189.0, 192.0, 194.0, 199.0, 205.0, 209.0, 212.0, 213.0, 214.0, 214.0, 215.0, 215.0, 215.0, 215.0, 215.0, 215.0, 215.0, 215.0, 215.0, 215.0, 215.0, 215.0, 215.0, 215.0, 215.0, 215.0, 215.0, 215.0, 215.0, 215.0, 215.0, 215.0, 215.0, 215.0, 215.0, 215.0, 215.0, 215.0, 215.0, 215.0, 215.0, 215.0, 215.0, 215.0, 215.0, 215.0, 215.0, 215.0, 215.0, 215.0, 215.0, 215.0, 215.0, 215.0]	[-262.0, -262.0, -243.0, -203.0, -160.0, -81.0, -28.0, 13.0, 45.0, 76.0, 105.0, 136.0, 163.0, 182.0, 197.0, 212.0, 231.0, 264.0, 283.0, 296.0, 301.0, 304.0, 307.0, 311.0, 313.0, 313.0, 313.0, 313.0, 313.0, 313.0, 313.0, 313.0, 313.0, 313.0, 313.0, 313.0, 313.0, 313.0, 313.0, 313.0, 313.0, 313.0, 313.0, 313.0, 313.0, 313.0, 313.0, 313.0, 313.0, 313.0, 313.0, 313.0, 313.0, 313.0, 313.0, 313.0, 313.0, 313.0, 313.0, 313.0, 313.0, 313.0, 313.0, 313.0, 313.0, 313.0, 313.0]	[0, 0, 0, 0, 0, 0, 0, 0, 0, 0, 0, 0, 0, 0, 0, 0, 0, 0, 0, 0, 0, 0, 0, 0, 0, 0, 0, 0, 0, 0, 0, 0, 0, 0, 0, 0, 0, 0, 0, 0, 0, 0, 0, 0, 0, 0, 0, 0, 0, 0, 0, 0, 0, 0, 0, 0, 0, 0, 0, 0, 0, 0, 0, 0, 0, 0, 0]	[0, 0, 0, 0, 0, 0, 0, 0, 0, 0, 0, 0, 0, 0, 0, 0, 0, 0, 0, 0, 0, 0, 0, 0, 0, 0, 0, 0, 0, 0, 0, 0, 0, 0, 0, 0, 0, 0, 0, 0, 0, 0, 0, 0, 0, 0, 0, 0, 0, 0, 0, 0, 0, 0, 0, 0, 0, 0, 0, 0, 0, 0, 0, 0, 0, 0, 0]	[0, 0, 0, 0, 0, 0, 0, 0, 0, 0, 0, 0, 0, 0, 0, 0, 0, 0, 0, 0, 0, 0, 0, 0, 0, 0, 0, 0, 0, 0, 0, 0, 0, 0, 0, 0, 0, 0, 0, 0, 0, 0, 0, 0, 0, 0, 0, 0, 0, 0, 0, 0, 0, 0, 0, 0, 0, 0, 0, 0, 0, 0, 0, 0, 0, 0, 0]	[0.00018969998927786946, 0.011286599998129532, 0.028284600004553795, 0.044506699981866404, 0.06119469998520799, 0.07817319998866878, 0.09491079999133945, 0.11158749999594875, 0.12790679998579435, 0.14430859999265522, 0.1610964999999851, 0.1776825999841094, 0.1945320999948308, 0.21123610000358894, 0.22787149998475797, 0.24428759998409078, 0.2610551999823656, 0.2776690000027884, 0.29423159998259507, 0.3114326999930199, 0.32757789999595843, 0.3443294999888167, 0.36109530000248924, 0.377561599976616, 0.39413459997740574, 0.41071549998014234, 0.42735719998017885, 0.4443087999825366, 0.4610300999775063, 0.47755169999436475, 0.4941177000000607, 0.5108754999819212, 0.5273847999924328, 0.5444098000007216, 0.5609847999876365, 0.5774594999966212, 0.5941928999964148, 0.6109034999972209, 0.6275898999883793, 0.6441047999833245, 0.660732399992412, 0.6774742999987211, 0.6941413999884389, 0.7108741999836639, 0.7275632999953814, 0.7441504999878816, 0.760909399978118, 0.7775610999960918, 0.7940862999821547, 0.8108621999854222, 0.8274819999933243, 0.844010899978457, 0.8607007999962661, 0.8772372999810614, 0.8938284000032581, 0.9106004999775905, 0.9274099000031129, 0.9441168999765068, 0.9607026999874506, 0.977342400001362, 0.9940694999822881, 1.0107829000044148, 1.0274187999893911, 1.043895299982978, 1.060594199982006, 1.0774642000033055, 1.093998800002737]	n/a	n/a	1.0	8a
527	13	go_nogo	0	60	3	go	click	[10.0, 12.0, 13.0, 18.0, 25.0, 32.0, 41.0, 51.0, 57.0, 61.0, 61.0, 64.0, 68.0, 71.0, 74.0, 78.0, 90.0, 106.0, 124.0, 136.0, 147.0, 152.0, 155.0, 157.0, 161.0, 167.0, 170.0, 170.0, 171.0, 171.0, 171.0, 171.0, 171.0, 171.0, 171.0, 171.0, 171.0, 171.0]	[-237.0, -215.0, -195.0, -153.0, -112.0, -69.0, -19.0, 32.0, 68.0, 95.0, 123.0, 149.0, 182.0, 195.0, 203.0, 213.0, 231.0, 258.0, 286.0, 308.0, 324.0, 331.0, 334.0, 335.0, 339.0, 344.0, 346.0, 346.0, 346.0, 346.0, 346.0, 346.0, 346.0, 346.0, 346.0, 346.0, 346.0, 346.0]	[0, 0, 0, 0, 0, 0, 0, 0, 0, 0, 0, 0, 0, 0, 0, 0, 0, 0, 0, 0, 0, 0, 0, 0, 0, 0, 0, 0, 0, 0, 0, 0, 0, 0, 0, 0, 0, 1]	[0, 0, 0, 0, 0, 0, 0, 0, 0, 0, 0, 0, 0, 0, 0, 0, 0, 0, 0, 0, 0, 0, 0, 0, 0, 0, 0, 0, 0, 0, 0, 0, 0, 0, 0, 0, 0, 0]	[0, 0, 0, 0, 0, 0, 0, 0, 0, 0, 0, 0, 0, 0, 0, 0, 0, 0, 0, 0, 0, 0, 0, 0, 0, 0, 0, 0, 0, 0, 0, 0, 0, 0, 0, 0, 0, 0]	[8.480000542476773e-05, 0.008735299983527511, 0.02587769998353906, 0.0423943999921903, 0.05915009998716414, 0.07586959999753162, 0.09256889999960549, 0.10901990000274964, 0.12691649998305365, 0.14213189997826703, 0.15890300000319257, 0.17557570000644773, 0.19282149997889064, 0.20931599999312311, 0.225484199996572, 0.24213810000219382, 0.25872089999029413, 0.2754941000021063, 0.29206360000534914, 0.30875249998643994, 0.3255967999866698, 0.3422192999860272, 0.35894350000307895, 0.37543009998626076, 0.39217599999392405, 0.4086894999782089, 0.4252562999899965, 0.4423438999801874, 0.458746299991617, 0.4752112999849487, 0.4919913999910932, 0.5088446000008844, 0.5255007999949157, 0.5420329000044148, 0.5585834999801591, 0.5755578999815043, 0.5920537000056356, 0.6086764999781735]	171.0	346.0	0.7	8a
528	13	go_nogo	0	60	9	nogo	none	[28.0, 28.0, 44.0, 59.0, 75.0, 84.0, 91.0, 98.0, 104.0, 114.0, 119.0, 124.0, 130.0, 132.0, 138.0, 142.0, 148.0, 152.0, 154.0, 157.0, 160.0, 162.0, 163.0, 164.0, 164.0, 164.0, 164.0, 164.0, 164.0, 164.0, 164.0, 164.0, 164.0, 164.0, 164.0, 164.0, 164.0, 164.0, 164.0, 164.0, 164.0, 164.0, 164.0, 164.0, 164.0, 164.0, 164.0, 164.0, 164.0, 164.0, 164.0, 164.0, 164.0, 164.0, 164.0, 164.0, 164.0, 164.0, 164.0, 164.0, 164.0, 164.0, 164.0, 164.0, 164.0, 164.0]	[-271.0, -271.0, -219.0, -154.0, -97.0, -49.0, -8.0, 28.0, 62.0, 95.0, 118.0, 142.0, 157.0, 174.0, 188.0, 205.0, 218.0, 226.0, 232.0, 238.0, 243.0, 248.0, 251.0, 252.0, 253.0, 253.0, 253.0, 253.0, 253.0, 253.0, 253.0, 253.0, 253.0, 253.0, 253.0, 253.0, 253.0, 253.0, 253.0, 253.0, 253.0, 253.0, 253.0, 253.0, 253.0, 253.0, 253.0, 253.0, 253.0, 253.0, 253.0, 253.0, 253.0, 253.0, 253.0, 253.0, 253.0, 253.0, 253.0, 253.0, 253.0, 253.0, 253.0, 253.0, 253.0, 253.0]	[0, 0, 0, 0, 0, 0, 0, 0, 0, 0, 0, 0, 0, 0, 0, 0, 0, 0, 0, 0, 0, 0, 0, 0, 0, 0, 0, 0, 0, 0, 0, 0, 0, 0, 0, 0, 0, 0, 0, 0, 0, 0, 0, 0, 0, 0, 0, 0, 0, 0, 0, 0, 0, 0, 0, 0, 0, 0, 0, 0, 0, 0, 0, 0, 0, 0]	[0, 0, 0, 0, 0, 0, 0, 0, 0, 0, 0, 0, 0, 0, 0, 0, 0, 0, 0, 0, 0, 0, 0, 0, 0, 0, 0, 0, 0, 0, 0, 0, 0, 0, 0, 0, 0, 0, 0, 0, 0, 0, 0, 0, 0, 0, 0, 0, 0, 0, 0, 0, 0, 0, 0, 0, 0, 0, 0, 0, 0, 0, 0, 0, 0, 0]	[0, 0, 0, 0, 0, 0, 0, 0, 0, 0, 0, 0, 0, 0, 0, 0, 0, 0, 0, 0, 0, 0, 0, 0, 0, 0, 0, 0, 0, 0, 0, 0, 0, 0, 0, 0, 0, 0, 0, 0, 0, 0, 0, 0, 0, 0, 0, 0, 0, 0, 0, 0, 0, 0, 0, 0, 0, 0, 0, 0, 0, 0, 0, 0, 0, 0]	[0.00019150000298395753, 0.011334100010572001, 0.027921300003072247, 0.044568700017407537, 0.06136940000578761, 0.07813650000025518, 0.09498910000547767, 0.11144239999703132, 0.12798469999688677, 0.14496230002259836, 0.16130540001904592, 0.1788241000031121, 0.1948843999998644, 0.21180400002049282, 0.22806480000144802, 0.24506790001760237, 0.26154930001939647, 0.2781558000133373, 0.29473020002478734, 0.31160060002002865, 0.3279738000128418, 0.34479299999657087, 0.36131310000200756, 0.3779041000234429, 0.3945106000173837, 0.41131150000728667, 0.4279854000196792, 0.444549800013192, 0.46120430002338253, 0.47775790002197027, 0.4946951000019908, 0.5115248000074644, 0.5277926000126172, 0.5445750000071712, 0.5614753999980167, 0.5779257000249345, 0.5943676000169944, 0.6111406999989413, 0.6277837000088766, 0.6446110000251792, 0.6612688000022899, 0.6780903000035323, 0.6947841000219341, 0.7112083000247367, 0.7281164000160061, 0.7445907000219449, 0.761359199997969, 0.7778535000106785, 0.7942795999988448, 0.8115460000117309, 0.8278093000117224, 0.8445713999972213, 0.8610897000180557, 0.8777809000166599, 0.8945288000104483, 0.9111688999983016, 0.9278738000139128, 0.9446030000108294, 0.9612520000082441, 0.9778211000084411, 0.9945152000000235, 1.0108986000122968, 1.0277878000051714, 1.0447371000191197, 1.0609207000234164, 1.0780162000155542]	n/a	n/a	0.7	8a
529	14	go_nogo	0	60	6	go	click	[-76.0, -76.0, -138.0, -190.0, -221.0, -232.0, -232.0, -232.0, -223.0, -201.0, -192.0, -188.0, -176.0, -166.0, -155.0, -143.0, -137.0, -127.0, -106.0, -75.0, -46.0, -19.0, 7.0, 13.0, 13.0, 25.0, 43.0, 58.0, 66.0, 68.0, 70.0, 70.0, 74.0, 78.0, 79.0, 85.0, 87.0, 89.0, 93.0, 102.0, 111.0, 115.0, 120.0, 121.0, 126.0, 132.0, 139.0, 143.0, 144.0, 145.0, 145.0, 149.0, 157.0, 173.0, 186.0, 190.0, 190.0, 190.0, 190.0, 191.0, 193.0, 193.0, 194.0, 194.0]	[-236.0, -236.0, -163.0, -109.0, -83.0, -78.0, -78.0, -62.0, -15.0, 70.0, 140.0, 199.0, 284.0, 346.0, 416.0, 472.0, 493.0, 507.0, 533.0, 540.0, 540.0, 540.0, 540.0, 540.0, 540.0, 528.0, 498.0, 450.0, 384.0, 322.0, 267.0, 229.0, 210.0, 208.0, 207.0, 204.0, 203.0, 202.0, 205.0, 221.0, 239.0, 258.0, 270.0, 272.0, 284.0, 290.0, 298.0, 301.0, 302.0, 302.0, 302.0, 301.0, 293.0, 286.0, 282.0, 282.0, 282.0, 282.0, 282.0, 282.0, 286.0, 287.0, 287.0, 287.0]	[0, 0, 0, 0, 0, 0, 0, 0, 0, 0, 0, 0, 0, 0, 0, 0, 0, 0, 0, 0, 0, 0, 0, 0, 0, 0, 0, 0, 0, 0, 0, 0, 0, 0, 0, 0, 0, 0, 0, 0, 0, 0, 0, 0, 0, 0, 0, 0, 0, 0, 0, 0, 0, 0, 0, 0, 0, 0, 0, 0, 0, 0, 0, 1]	[0, 0, 0, 0, 0, 0, 0, 0, 0, 0, 0, 0, 0, 0, 0, 0, 0, 0, 0, 0, 0, 0, 0, 0, 0, 0, 0, 0, 0, 0, 0, 0, 0, 0, 0, 0, 0, 0, 0, 0, 0, 0, 0, 0, 0, 0, 0, 0, 0, 0, 0, 0, 0, 0, 0, 0, 0, 0, 0, 0, 0, 0, 0, 0]	[0, 0, 0, 0, 0, 0, 0, 0, 0, 0, 0, 0, 0, 0, 0, 0, 0, 0, 0, 0, 0, 0, 0, 0, 0, 0, 0, 0, 0, 0, 0, 0, 0, 0, 0, 0, 0, 0, 0, 0, 0, 0, 0, 0, 0, 0, 0, 0, 0, 0, 0, 0, 0, 0, 0, 0, 0, 0, 0, 0, 0, 0, 0, 0]	[0.00018569998792372644, 0.01128249999601394, 0.02768979998654686, 0.04402839997783303, 0.06058309998479672, 0.0772685999982059, 0.09426119999261573, 0.11100019997684285, 0.1274853999784682, 0.14448279998032376, 0.1609765999892261, 0.1778776999854017, 0.19441629998618737, 0.2109747999929823, 0.22756509997998364, 0.2443582999985665, 0.2608200999966357, 0.27769489999627694, 0.29420679999748245, 0.31078239998896606, 0.3273746999911964, 0.34389099999680184, 0.360640799975954, 0.37694489999557845, 0.3940606999967713, 0.41065330000128597, 0.4278018999902997, 0.4440491999848746, 0.460669299995061, 0.4774502999789547, 0.49414619998424314, 0.5108366999775171, 0.5273548999975901, 0.5442728999769315, 0.5609204999927897, 0.5775178999756463, 0.5943863999855239, 0.6105358999921009, 0.6273436999763362, 0.6438160999969114, 0.6604203999741003, 0.6771363999869209, 0.693912899994757, 0.7106551999750081, 0.727353199996287, 0.7437846999964677, 0.7605698999832384, 0.7770867999934126, 0.7939053000009153, 0.8102519999956712, 0.8276730999932624, 0.844635899993591, 0.8621093999827281, 0.8773615999962203, 0.8936412999755703, 0.9103231999906711, 0.9269760999886785, 0.9436337999941316, 0.960456599976169, 0.9770542999904137, 0.9936242999974638, 1.0103801999939606, 1.0269790999882389, 1.0437108999758493]	194.0	287.0	1.0	8a
530	14	go_nogo	0	60	7	go	click	[66.0, 66.0, 73.0, 86.0, 106.0, 115.0, 133.0, 140.0, 144.0, 145.0, 148.0, 149.0, 150.0, 150.0, 150.0, 150.0, 150.0, 151.0, 154.0, 163.0, 172.0, 183.0, 191.0, 197.0, 202.0, 204.0, 204.0, 204.0, 204.0]	[-208.0, -208.0, -169.0, -102.0, 5.0, 38.0, 107.0, 137.0, 156.0, 165.0, 172.0, 175.0, 179.0, 181.0, 181.0, 181.0, 181.0, 182.0, 187.0, 205.0, 228.0, 255.0, 280.0, 298.0, 311.0, 315.0, 316.0, 316.0, 316.0]	[0, 0, 0, 0, 0, 0, 0, 0, 0, 0, 0, 0, 0, 0, 0, 0, 0, 0, 0, 0, 0, 0, 0, 0, 0, 0, 0, 0, 1]	[0, 0, 0, 0, 0, 0, 0, 0, 0, 0, 0, 0, 0, 0, 0, 0, 0, 0, 0, 0, 0, 0, 0, 0, 0, 0, 0, 0, 0]	[0, 0, 0, 0, 0, 0, 0, 0, 0, 0, 0, 0, 0, 0, 0, 0, 0, 0, 0, 0, 0, 0, 0, 0, 0, 0, 0, 0, 0]	[0.0002203000185545534, 0.011049299995647743, 0.027875800005858764, 0.044413299998268485, 0.06098139999085106, 0.07802149999770336, 0.09427460000733845, 0.11149509999086149, 0.1279660000000149, 0.1441253999946639, 0.16083579999394715, 0.17756420001387596, 0.1943226000003051, 0.21066589999827556, 0.2275260000023991, 0.24428310000803322, 0.2608909000118729, 0.27768850000575185, 0.2942551000160165, 0.31269720001728274, 0.328389900008915, 0.34413430001586676, 0.36080150000634603, 0.3772772999946028, 0.39420320000499487, 0.41080750001128763, 0.4273195000132546, 0.4439983000047505, 0.46092859999043867]	204.0	316.0	0.6	8a
531	14	go_nogo	0	60	1	nogo	none	[84.0, 97.0, 110.0, 129.0, 143.0, 151.0, 158.0, 162.0, 167.0, 169.0, 171.0, 173.0, 176.0, 180.0, 182.0, 183.0, 184.0, 184.0, 185.0, 187.0, 193.0, 195.0, 199.0, 199.0, 199.0, 199.0, 199.0, 199.0, 199.0, 199.0, 199.0, 199.0, 199.0, 199.0, 199.0, 199.0, 199.0, 199.0, 199.0, 199.0, 199.0, 199.0, 199.0, 199.0, 199.0, 199.0, 199.0, 199.0, 199.0, 199.0, 199.0, 199.0, 199.0, 199.0, 199.0, 199.0, 199.0, 199.0, 199.0, 199.0, 199.0, 199.0, 199.0, 199.0, 199.0, 199.0]	[-161.0, -109.0, -60.0, 20.0, 77.0, 119.0, 148.0, 171.0, 188.0, 197.0, 205.0, 211.0, 219.0, 233.0, 241.0, 242.0, 243.0, 245.0, 247.0, 253.0, 269.0, 274.0, 283.0, 284.0, 285.0, 285.0, 285.0, 285.0, 285.0, 285.0, 285.0, 285.0, 285.0, 285.0, 285.0, 285.0, 285.0, 285.0, 285.0, 285.0, 285.0, 285.0, 285.0, 285.0, 285.0, 285.0, 285.0, 285.0, 285.0, 285.0, 285.0, 285.0, 285.0, 285.0, 285.0, 285.0, 285.0, 285.0, 285.0, 285.0, 285.0, 285.0, 285.0, 285.0, 285.0, 285.0]	[0, 0, 0, 0, 0, 0, 0, 0, 0, 0, 0, 0, 0, 0, 0, 0, 0, 0, 0, 0, 0, 0, 0, 0, 0, 0, 0, 0, 0, 0, 0, 0, 0, 0, 0, 0, 0, 0, 0, 0, 0, 0, 0, 0, 0, 0, 0, 0, 0, 0, 0, 0, 0, 0, 0, 0, 0, 0, 0, 0, 0, 0, 0, 0, 0, 0]	[0, 0, 0, 0, 0, 0, 0, 0, 0, 0, 0, 0, 0, 0, 0, 0, 0, 0, 0, 0, 0, 0, 0, 0, 0, 0, 0, 0, 0, 0, 0, 0, 0, 0, 0, 0, 0, 0, 0, 0, 0, 0, 0, 0, 0, 0, 0, 0, 0, 0, 0, 0, 0, 0, 0, 0, 0, 0, 0, 0, 0, 0, 0, 0, 0, 0]	[0, 0, 0, 0, 0, 0, 0, 0, 0, 0, 0, 0, 0, 0, 0, 0, 0, 0, 0, 0, 0, 0, 0, 0, 0, 0, 0, 0, 0, 0, 0, 0, 0, 0, 0, 0, 0, 0, 0, 0, 0, 0, 0, 0, 0, 0, 0, 0, 0, 0, 0, 0, 0, 0, 0, 0, 0, 0, 0, 0, 0, 0, 0, 0, 0, 0]	[0.0001441999920643866, 0.010429799993289635, 0.026524499990046024, 0.043433799990452826, 0.06022459999076091, 0.07654450001427904, 0.09320719999959692, 0.10998879998805933, 0.1266427999944426, 0.14447820000350475, 0.16012680000858381, 0.17722839998896234, 0.19314550000126474, 0.20970400000805967, 0.2267242000089027, 0.2434312000114005, 0.2600578000128735, 0.2779263000120409, 0.2932935999997426, 0.3103568000078667, 0.32665000000270084, 0.3433888000145089, 0.3601098000071943, 0.3765770999889355, 0.3930108000058681, 0.40990709999459796, 0.42639939999207854, 0.44306700001470745, 0.45989430000190623, 0.4764580999908503, 0.4930099000048358, 0.5099383000051603, 0.526428000011947, 0.5430628999893088, 0.5599337999883574, 0.5764130000025034, 0.5930413999885786, 0.6095535999920685, 0.6263038000033703, 0.6431439000007231, 0.6596372000058182, 0.676452200015774, 0.6929399000073317, 0.7095604999922216, 0.7262283000163734, 0.7426973000110593, 0.7597013000049628, 0.7765185000025667, 0.7928716999886092, 0.8096521999977995, 0.8262946000031661, 0.8430484000127763, 0.8595488000137266, 0.8763949999993201, 0.8929527000000235, 0.9095731000124943, 0.9264700000057928, 0.9430781000119168, 0.9595887000032235, 0.9760520000127144, 0.9926735000044573, 1.0096723999886308, 1.0262449000147171, 1.042648900009226, 1.05949650000548, 1.0759518000122625]	n/a	n/a	0.6	8a
532	14	go_nogo	0	60	4	go	click	[51.0, 51.0, 81.0, 105.0, 129.0, 145.0, 154.0, 161.0, 162.0, 163.0, 164.0, 164.0, 166.0, 168.0, 170.0, 172.0, 174.0, 178.0, 182.0, 188.0, 194.0, 197.0, 200.0, 200.0, 200.0, 200.0, 200.0]	[-258.0, -258.0, -167.0, -81.0, -4.0, 68.0, 119.0, 146.0, 162.0, 170.0, 174.0, 178.0, 182.0, 188.0, 191.0, 195.0, 201.0, 211.0, 226.0, 245.0, 264.0, 277.0, 283.0, 285.0, 285.0, 285.0, 285.0]	[0, 0, 0, 0, 0, 0, 0, 0, 0, 0, 0, 0, 0, 0, 0, 0, 0, 0, 0, 0, 0, 0, 0, 0, 0, 0, 1]	[0, 0, 0, 0, 0, 0, 0, 0, 0, 0, 0, 0, 0, 0, 0, 0, 0, 0, 0, 0, 0, 0, 0, 0, 0, 0, 0]	[0, 0, 0, 0, 0, 0, 0, 0, 0, 0, 0, 0, 0, 0, 0, 0, 0, 0, 0, 0, 0, 0, 0, 0, 0, 0, 0]	[0.00019770002108998597, 0.011547800007974729, 0.028455300023779273, 0.04528200000640936, 0.061996900010854006, 0.07841170000028796, 0.0949669000110589, 0.11160210001980886, 0.128154900012305, 0.14486840000608936, 0.16165980001096614, 0.17824900001869537, 0.19479660000069998, 0.21160170002258383, 0.2283132000011392, 0.24513429999933578, 0.2616668000118807, 0.2784029000031296, 0.2948921000061091, 0.31156010000268, 0.3281182000064291, 0.344713700003922, 0.3615439000132028, 0.3779901000089012, 0.3952892000088468, 0.4115645000129007, 0.4285651000100188]	200.0	285.0	0.6	8a
533	14	go_nogo	0	60	6	go	click	[57.0, 57.0, 75.0, 99.0, 115.0, 127.0, 137.0, 145.0, 153.0, 157.0, 162.0, 166.0, 170.0, 175.0, 178.0, 178.0, 178.0, 178.0, 180.0, 185.0, 190.0, 194.0, 198.0, 199.0, 200.0, 200.0, 200.0]	[-252.0, -252.0, -172.0, -90.0, -18.0, 38.0, 76.0, 109.0, 134.0, 153.0, 168.0, 183.0, 200.0, 214.0, 221.0, 223.0, 223.0, 225.0, 228.0, 240.0, 255.0, 272.0, 282.0, 288.0, 288.0, 288.0, 288.0]	[0, 0, 0, 0, 0, 0, 0, 0, 0, 0, 0, 0, 0, 0, 0, 0, 0, 0, 0, 0, 0, 0, 0, 0, 0, 0, 1]	[0, 0, 0, 0, 0, 0, 0, 0, 0, 0, 0, 0, 0, 0, 0, 0, 0, 0, 0, 0, 0, 0, 0, 0, 0, 0, 0]	[0, 0, 0, 0, 0, 0, 0, 0, 0, 0, 0, 0, 0, 0, 0, 0, 0, 0, 0, 0, 0, 0, 0, 0, 0, 0, 0]	[0.0004117000207770616, 0.012188499997137114, 0.028777600004104897, 0.045898100011982024, 0.06223770001088269, 0.07866749999811873, 0.09557430000859313, 0.11209030001191422, 0.12875470001017675, 0.1454678000009153, 0.1619485999981407, 0.17897180002182722, 0.19565660000080243, 0.2122817000199575, 0.22904540001763962, 0.2454122000199277, 0.2623574000026565, 0.27888420000090264, 0.29610420000972226, 0.3119095000147354, 0.32866980001563206, 0.34536230002413504, 0.36220020000473596, 0.37901590002002195, 0.39538860000902787, 0.41206689999671653, 0.42863050001324154]	200.0	288.0	1.0	8a
534	14	go_nogo	0	60	1	nogo	none	[66.0, 66.0, 75.0, 91.0, 106.0, 116.0, 123.0, 131.0, 139.0, 146.0, 152.0, 154.0, 159.0, 161.0, 163.0, 163.0, 165.0, 165.0, 167.0, 167.0, 167.0, 167.0, 167.0, 167.0, 167.0, 167.0, 167.0, 167.0, 167.0, 167.0, 167.0, 167.0, 167.0, 167.0, 167.0, 167.0, 167.0, 167.0, 167.0, 167.0, 167.0, 167.0, 167.0, 167.0, 167.0, 167.0, 167.0, 167.0, 167.0, 167.0, 167.0, 167.0, 167.0, 167.0, 167.0, 167.0, 167.0, 167.0, 167.0, 167.0, 167.0]	[-195.0, -195.0, -154.0, -79.0, -18.0, 40.0, 83.0, 119.0, 150.0, 175.0, 210.0, 227.0, 240.0, 251.0, 257.0, 259.0, 262.0, 265.0, 267.0, 267.0, 267.0, 267.0, 267.0, 267.0, 267.0, 267.0, 267.0, 267.0, 267.0, 267.0, 267.0, 267.0, 267.0, 267.0, 267.0, 267.0, 267.0, 267.0, 267.0, 267.0, 267.0, 267.0, 267.0, 267.0, 267.0, 267.0, 267.0, 267.0, 267.0, 267.0, 267.0, 267.0, 267.0, 267.0, 267.0, 267.0, 267.0, 267.0, 267.0, 267.0, 267.0]	[0, 0, 0, 0, 0, 0, 0, 0, 0, 0, 0, 0, 0, 0, 0, 0, 0, 0, 0, 0, 0, 0, 0, 0, 0, 0, 0, 0, 0, 0, 0, 0, 0, 0, 0, 0, 0, 0, 0, 0, 0, 0, 0, 0, 0, 0, 0, 0, 0, 0, 0, 0, 0, 0, 0, 0, 0, 0, 0, 0, 0]	[0, 0, 0, 0, 0, 0, 0, 0, 0, 0, 0, 0, 0, 0, 0, 0, 0, 0, 0, 0, 0, 0, 0, 0, 0, 0, 0, 0, 0, 0, 0, 0, 0, 0, 0, 0, 0, 0, 0, 0, 0, 0, 0, 0, 0, 0, 0, 0, 0, 0, 0, 0, 0, 0, 0, 0, 0, 0, 0, 0, 0]	[0, 0, 0, 0, 0, 0, 0, 0, 0, 0, 0, 0, 0, 0, 0, 0, 0, 0, 0, 0, 0, 0, 0, 0, 0, 0, 0, 0, 0, 0, 0, 0, 0, 0, 0, 0, 0, 0, 0, 0, 0, 0, 0, 0, 0, 0, 0, 0, 0, 0, 0, 0, 0, 0, 0, 0, 0, 0, 0, 0, 0]	[0.0002697999880183488, 0.009087099984753877, 0.025986900000134483, 0.04279129998758435, 0.05919999998877756, 0.07599329997901805, 0.09258669998962432, 0.10910030000377446, 0.12575379997724667, 0.1425345999887213, 0.16014299998641945, 0.1757758999883663, 0.19273469998734072, 0.20927339998888783, 0.22608599998056889, 0.2430478000023868, 0.259710799989989, 0.27596539998194203, 0.29247419998864643, 0.3088731000025291, 0.32575739998719655, 0.3422798999818042, 0.3590167999791447, 0.37571399999433197, 0.3923307999793906, 0.4089419999800157, 0.42560339998453856, 0.4423141999868676, 0.45906969998031855, 0.4755779999832157, 0.4922018999932334, 0.5089707000006456, 0.525540100003127, 0.5420733999926597, 0.5588275000045542, 0.5754527999961283, 0.5919895999832079, 0.6087716000038199, 0.6254145999846514, 0.6420963999989908, 0.6588563999976031, 0.6755080999864731, 0.6922466999967583, 0.7087826000060886, 0.7252887999929953, 0.7422886999847833, 0.7587169999897014, 0.7753824999963399, 0.7923601999937091, 0.8087147999904118, 0.8254185999976471, 0.8424529999902006, 0.8587296000041533, 0.8753720999811776, 0.8922011999820825, 0.908825299993623, 0.9254828999983147, 0.9421119999897201, 0.9587187999859452, 0.9753784999775235, 0.992010299989488]	n/a	n/a	0.5	8a
535	14	go_nogo	0	60	2	go	click	[32.0, 32.0, 46.0, 65.0, 86.0, 106.0, 122.0, 134.0, 142.0, 147.0, 151.0, 155.0, 158.0, 165.0, 170.0, 175.0, 182.0, 187.0, 194.0, 198.0, 201.0, 202.0, 204.0, 208.0, 215.0, 216.0, 217.0, 217.0, 217.0]	[-265.0, -265.0, -219.0, -157.0, -84.0, -18.0, 40.0, 79.0, 106.0, 125.0, 136.0, 148.0, 157.0, 178.0, 187.0, 199.0, 211.0, 223.0, 237.0, 248.0, 256.0, 261.0, 267.0, 276.0, 296.0, 300.0, 300.0, 300.0, 300.0]	[0, 0, 0, 0, 0, 0, 0, 0, 0, 0, 0, 0, 0, 0, 0, 0, 0, 0, 0, 0, 0, 0, 0, 0, 0, 0, 0, 0, 1]	[0, 0, 0, 0, 0, 0, 0, 0, 0, 0, 0, 0, 0, 0, 0, 0, 0, 0, 0, 0, 0, 0, 0, 0, 0, 0, 0, 0, 0]	[0, 0, 0, 0, 0, 0, 0, 0, 0, 0, 0, 0, 0, 0, 0, 0, 0, 0, 0, 0, 0, 0, 0, 0, 0, 0, 0, 0, 0]	[0.0002049999893642962, 0.01208839999162592, 0.028569199988851324, 0.04517279998981394, 0.06209089999902062, 0.07863559998804703, 0.09528839998529293, 0.11193699997966178, 0.12860929997987114, 0.14551159998518415, 0.1621302999847103, 0.1786279999942053, 0.19518819998484105, 0.21184979999088682, 0.22853110000141896, 0.24537269998108968, 0.26224299997556955, 0.2785108999814838, 0.2953081000014208, 0.31206379999639466, 0.32854970000335015, 0.34537519997684285, 0.36187470000004396, 0.3787845999759156, 0.39507339999545366, 0.41194869999890216, 0.4282773000013549, 0.4449978999909945, 0.4622054999927059]	217.0	300.0	0.8	8a
536	14	go_nogo	0	60	8	go	click	[40.0, 40.0, 43.0, 53.0, 73.0, 86.0, 97.0, 104.0, 109.0, 113.0, 116.0, 119.0, 120.0, 123.0, 123.0, 124.0, 124.0, 125.0, 125.0, 125.0, 125.0, 128.0, 133.0, 137.0, 143.0, 148.0, 153.0, 160.0, 167.0, 171.0, 176.0, 181.0, 184.0, 184.0, 184.0]	[-281.0, -281.0, -267.0, -227.0, -147.0, -76.0, -10.0, 44.0, 84.0, 120.0, 152.0, 175.0, 194.0, 205.0, 210.0, 213.0, 215.0, 216.0, 216.0, 216.0, 217.0, 220.0, 225.0, 234.0, 242.0, 250.0, 258.0, 267.0, 277.0, 283.0, 287.0, 291.0, 291.0, 291.0, 291.0]	[0, 0, 0, 0, 0, 0, 0, 0, 0, 0, 0, 0, 0, 0, 0, 0, 0, 0, 0, 0, 0, 0, 0, 0, 0, 0, 0, 0, 0, 0, 0, 0, 0, 0, 1]	[0, 0, 0, 0, 0, 0, 0, 0, 0, 0, 0, 0, 0, 0, 0, 0, 0, 0, 0, 0, 0, 0, 0, 0, 0, 0, 0, 0, 0, 0, 0, 0, 0, 0, 0]	[0, 0, 0, 0, 0, 0, 0, 0, 0, 0, 0, 0, 0, 0, 0, 0, 0, 0, 0, 0, 0, 0, 0, 0, 0, 0, 0, 0, 0, 0, 0, 0, 0, 0, 0]	[0.00022190000163391232, 0.011021099984645844, 0.027538199996342883, 0.0440738000033889, 0.060771599994041026, 0.07761899998877198, 0.09429449998424388, 0.11151950000203215, 0.12758949998533353, 0.14438879999215715, 0.16111310000997037, 0.17765739999595098, 0.194301399984397, 0.21090179999009706, 0.22757469999487512, 0.24432019999949262, 0.26095450000138953, 0.2775588000076823, 0.2941102999902796, 0.31091150001157075, 0.32759870000882074, 0.3442127000016626, 0.36087490001227707, 0.37769689998822287, 0.39430929999798536, 0.4108379000099376, 0.4274427999916952, 0.4445490000071004, 0.46063970000250265, 0.4774914000008721, 0.4943180999835022, 0.5108213000057731, 0.5271708999935072, 0.5438956999860238, 0.5608774999855086]	184.0	291.0	1.0	8a
537	14	go_nogo	0	60	7	go	click	[49.0, 60.0, 71.0, 88.0, 105.0, 122.0, 142.0, 163.0, 171.0, 176.0, 181.0, 182.0, 186.0, 188.0, 189.0, 189.0, 189.0, 189.0, 191.0, 192.0, 193.0, 193.0, 193.0, 193.0]	[-299.0, -269.0, -236.0, -171.0, -114.0, -52.0, 36.0, 132.0, 173.0, 203.0, 226.0, 243.0, 258.0, 269.0, 275.0, 277.0, 277.0, 279.0, 287.0, 293.0, 295.0, 295.0, 295.0, 295.0]	[0, 0, 0, 0, 0, 0, 0, 0, 0, 0, 0, 0, 0, 0, 0, 0, 0, 0, 0, 0, 0, 0, 0, 1]	[0, 0, 0, 0, 0, 0, 0, 0, 0, 0, 0, 0, 0, 0, 0, 0, 0, 0, 0, 0, 0, 0, 0, 0]	[0, 0, 0, 0, 0, 0, 0, 0, 0, 0, 0, 0, 0, 0, 0, 0, 0, 0, 0, 0, 0, 0, 0, 0]	[7.6299998909235e-05, 0.012267899990547448, 0.028783399990061298, 0.04568569999537431, 0.06222849999903701, 0.07903880000230856, 0.095931699994253, 0.11271980000310577, 0.1291211000061594, 0.14607610000530258, 0.16253890001098625, 0.17909389999113046, 0.19592969998484477, 0.21263059999910183, 0.22916869999608025, 0.24572450001141988, 0.2626289000036195, 0.27932699999655597, 0.29579350000130944, 0.3126210999907926, 0.32902619999367744, 0.3455656000005547, 0.3622529999993276, 0.37929879999137484]	193.0	294.0	0.7	8a
538	14	go_nogo	0	60	1	nogo	none	[23.0, 23.0, 30.0, 47.0, 62.0, 87.0, 99.0, 109.0, 117.0, 123.0, 128.0, 134.0, 139.0, 145.0, 152.0, 155.0, 155.0, 156.0, 156.0, 156.0, 156.0, 156.0, 156.0, 156.0, 156.0, 156.0, 156.0, 156.0, 156.0, 156.0, 156.0, 156.0, 156.0, 156.0, 156.0, 156.0, 156.0, 156.0, 156.0, 156.0, 156.0, 156.0, 157.0, 157.0, 157.0, 157.0, 157.0, 157.0, 157.0, 157.0, 157.0, 157.0, 157.0, 157.0, 157.0, 157.0, 157.0, 157.0, 157.0]	[-250.0, -250.0, -211.0, -119.0, -25.0, 114.0, 177.0, 214.0, 241.0, 258.0, 273.0, 285.0, 297.0, 314.0, 328.0, 335.0, 336.0, 337.0, 338.0, 338.0, 338.0, 338.0, 338.0, 338.0, 338.0, 338.0, 338.0, 338.0, 338.0, 338.0, 338.0, 338.0, 338.0, 338.0, 338.0, 338.0, 338.0, 338.0, 338.0, 338.0, 338.0, 338.0, 338.0, 338.0, 338.0, 338.0, 338.0, 338.0, 338.0, 338.0, 338.0, 338.0, 338.0, 338.0, 338.0, 338.0, 338.0, 338.0, 338.0]	[0, 0, 0, 0, 0, 0, 0, 0, 0, 0, 0, 0, 0, 0, 0, 0, 0, 0, 0, 0, 0, 0, 0, 0, 0, 0, 0, 0, 0, 0, 0, 0, 0, 0, 0, 0, 0, 0, 0, 0, 0, 0, 0, 0, 0, 0, 0, 0, 0, 0, 0, 0, 0, 0, 0, 0, 0, 0, 0]	[0, 0, 0, 0, 0, 0, 0, 0, 0, 0, 0, 0, 0, 0, 0, 0, 0, 0, 0, 0, 0, 0, 0, 0, 0, 0, 0, 0, 0, 0, 0, 0, 0, 0, 0, 0, 0, 0, 0, 0, 0, 0, 0, 0, 0, 0, 0, 0, 0, 0, 0, 0, 0, 0, 0, 0, 0, 0, 0]	[0, 0, 0, 0, 0, 0, 0, 0, 0, 0, 0, 0, 0, 0, 0, 0, 0, 0, 0, 0, 0, 0, 0, 0, 0, 0, 0, 0, 0, 0, 0, 0, 0, 0, 0, 0, 0, 0, 0, 0, 0, 0, 0, 0, 0, 0, 0, 0, 0, 0, 0, 0, 0, 0, 0, 0, 0, 0, 0]	[0.00018610002007335424, 0.009754600003361702, 0.026181000022916123, 0.042924200010020286, 0.0596582000143826, 0.07635110002593137, 0.09322810001322068, 0.11027840001042932, 0.12624420001520775, 0.14280630002031103, 0.1596175000013318, 0.17643300001509488, 0.1931932000152301, 0.20989870000630617, 0.22685780000756495, 0.2427439000166487, 0.25961690000258386, 0.2763610000256449, 0.2928171000094153, 0.3093438000069, 0.32608780000009574, 0.3430540000263136, 0.3595563000126276, 0.37607170001138, 0.3928254000202287, 0.4094156000064686, 0.4260292000253685, 0.4427241000230424, 0.4594072000181768, 0.4761675000190735, 0.49285380000947043, 0.5093695000105072, 0.5262447000131942, 0.542697800003225, 0.5593661000020802, 0.576073100004578, 0.5927176000259351, 0.6099022000271361, 0.6258706000226084, 0.6428557000181172, 0.6594172000186518, 0.6759924000070896, 0.6929326000099536, 0.7093663000268862, 0.7260668000089936, 0.7426411000196822, 0.7593864000227768, 0.7759948000020813, 0.7927087000280153, 0.8093736000009812, 0.8259615999995731, 0.8428779000241775, 0.8595494000182953, 0.8758428000146523, 0.8926308000227436, 0.9093514000123832, 0.9261773000180256, 0.9425633000209928, 0.9592081000155304]	n/a	n/a	0.5	8a
539	14	go_nogo	0	60	6	go	click	[76.0, 88.0, 88.0, 130.0, 154.0, 178.0, 202.0, 215.0, 222.0, 225.0, 227.0, 227.0, 227.0, 227.0, 227.0, 227.0, 226.0, 226.0, 224.0, 224.0, 224.0, 224.0, 222.0, 222.0]	[-240.0, -192.0, -192.0, -41.0, 44.0, 126.0, 186.0, 227.0, 252.0, 271.0, 290.0, 310.0, 324.0, 332.0, 334.0, 334.0, 334.0, 335.0, 335.0, 336.0, 336.0, 336.0, 336.0, 336.0]	[0, 0, 0, 0, 0, 0, 0, 0, 0, 0, 0, 0, 0, 0, 0, 0, 0, 0, 0, 0, 0, 0, 0, 1]	[0, 0, 0, 0, 0, 0, 0, 0, 0, 0, 0, 0, 0, 0, 0, 0, 0, 0, 0, 0, 0, 0, 0, 0]	[0, 0, 0, 0, 0, 0, 0, 0, 0, 0, 0, 0, 0, 0, 0, 0, 0, 0, 0, 0, 0, 0, 0, 0]	[0.0003169999981764704, 0.008212000015191734, 0.025260599999455735, 0.042786600010003895, 0.05875890000606887, 0.07520150000345893, 0.09192239999538288, 0.10852320000412874, 0.1249565000180155, 0.14176410000072792, 0.15888790000462905, 0.17502059999969788, 0.1918102000199724, 0.20838280001771636, 0.22522059999755584, 0.24180200000409968, 0.25849510001717135, 0.2753645000047982, 0.2918906999984756, 0.30837610000162385, 0.3251775999960955, 0.3418633000110276, 0.3583628000051249, 0.37541670000064187]	222.0	336.0	0.8	8a
540	14	go_nogo	0	60	9	nogo	none	[71.0, 71.0, 89.0, 98.0, 106.0, 111.0, 116.0, 119.0, 122.0, 124.0, 126.0, 127.0, 128.0, 128.0, 128.0, 129.0, 132.0, 134.0, 138.0, 143.0, 151.0, 158.0, 163.0, 163.0, 163.0, 163.0, 163.0, 163.0, 163.0, 163.0, 163.0, 163.0, 163.0, 163.0, 163.0, 163.0, 163.0, 163.0, 163.0, 163.0, 163.0, 163.0, 163.0, 163.0, 163.0, 163.0, 163.0, 163.0, 163.0, 163.0, 163.0, 163.0, 163.0, 163.0, 163.0, 163.0, 163.0, 163.0, 163.0, 163.0, 163.0, 163.0, 163.0, 163.0, 163.0, 163.0]	[-218.0, -218.0, -149.0, -98.0, -48.0, -8.0, 24.0, 54.0, 75.0, 90.0, 105.0, 118.0, 130.0, 139.0, 146.0, 154.0, 165.0, 174.0, 185.0, 201.0, 220.0, 240.0, 253.0, 255.0, 255.0, 255.0, 255.0, 255.0, 255.0, 255.0, 255.0, 255.0, 255.0, 255.0, 255.0, 255.0, 255.0, 255.0, 255.0, 255.0, 255.0, 255.0, 255.0, 255.0, 255.0, 255.0, 255.0, 255.0, 255.0, 255.0, 255.0, 255.0, 255.0, 255.0, 255.0, 255.0, 255.0, 255.0, 255.0, 255.0, 255.0, 255.0, 255.0, 255.0, 255.0, 255.0]	[0, 0, 0, 0, 0, 0, 0, 0, 0, 0, 0, 0, 0, 0, 0, 0, 0, 0, 0, 0, 0, 0, 0, 0, 0, 0, 0, 0, 0, 0, 0, 0, 0, 0, 0, 0, 0, 0, 0, 0, 0, 0, 0, 0, 0, 0, 0, 0, 0, 0, 0, 0, 0, 0, 0, 0, 0, 0, 0, 0, 0, 0, 0, 0, 0, 0]	[0, 0, 0, 0, 0, 0, 0, 0, 0, 0, 0, 0, 0, 0, 0, 0, 0, 0, 0, 0, 0, 0, 0, 0, 0, 0, 0, 0, 0, 0, 0, 0, 0, 0, 0, 0, 0, 0, 0, 0, 0, 0, 0, 0, 0, 0, 0, 0, 0, 0, 0, 0, 0, 0, 0, 0, 0, 0, 0, 0, 0, 0, 0, 0, 0, 0]	[0, 0, 0, 0, 0, 0, 0, 0, 0, 0, 0, 0, 0, 0, 0, 0, 0, 0, 0, 0, 0, 0, 0, 0, 0, 0, 0, 0, 0, 0, 0, 0, 0, 0, 0, 0, 0, 0, 0, 0, 0, 0, 0, 0, 0, 0, 0, 0, 0, 0, 0, 0, 0, 0, 0, 0, 0, 0, 0, 0, 0, 0, 0, 0, 0, 0]	[7.910002022981644e-05, 0.011275700002443045, 0.027905000024475157, 0.04454550001537427, 0.061238599999342114, 0.07813370000803843, 0.09451200001058169, 0.11136360000818968, 0.12800600001355633, 0.1448374000028707, 0.1616791000124067, 0.17805139999836683, 0.19509020002442412, 0.2113004999991972, 0.22815170002286322, 0.24477230000775307, 0.261315600015223, 0.27813000002061017, 0.2947954999981448, 0.3116656000202056, 0.3279958000057377, 0.34451270001591183, 0.36135099999955855, 0.3777708999987226, 0.39428740000585094, 0.4109005000209436, 0.4276181000168435, 0.44439310001325794, 0.46104720002040267, 0.4777507000253536, 0.49433320001116954, 0.5110968000080902, 0.5276029000233393, 0.5443248000228778, 0.5609049000195228, 0.5774638000002597, 0.5941764000162948, 0.6108966000028886, 0.6277801000105683, 0.6441647000028752, 0.6609692000201903, 0.6776765000249725, 0.6942718000209425, 0.7108883000037167, 0.7276548000227194, 0.7444191000249702, 0.7609028000151739, 0.7775857000087854, 0.7943377000046894, 0.8110578000196256, 0.8276099000067916, 0.8443534000252839, 0.8608952000213321, 0.877506800025003, 0.8942887000157498, 0.9109996000188403, 0.927795800002059, 0.9444713999982923, 0.9608980000193696, 0.9776372000051197, 0.9942129999981262, 1.010877300024731, 1.0276538000034634, 1.0442419000028167, 1.0609754000033718, 1.0776398000016343]	n/a	n/a	0.8	8a
541	14	go_nogo	0	60	8	go	click	[54.0, 54.0, 60.0, 68.0, 78.0, 86.0, 89.0, 89.0, 89.0, 88.0, 88.0, 89.0, 92.0, 94.0, 97.0, 99.0, 104.0, 108.0, 113.0, 118.0, 125.0, 134.0, 144.0, 154.0, 162.0, 167.0, 170.0, 172.0, 172.0, 172.0, 172.0]	[-260.0, -260.0, -232.0, -171.0, -109.0, -38.0, 0.0, 32.0, 56.0, 79.0, 101.0, 127.0, 148.0, 161.0, 168.0, 174.0, 190.0, 201.0, 213.0, 226.0, 237.0, 246.0, 256.0, 269.0, 278.0, 284.0, 287.0, 287.0, 289.0, 289.0, 289.0]	[0, 0, 0, 0, 0, 0, 0, 0, 0, 0, 0, 0, 0, 0, 0, 0, 0, 0, 0, 0, 0, 0, 0, 0, 0, 0, 0, 0, 0, 0, 1]	[0, 0, 0, 0, 0, 0, 0, 0, 0, 0, 0, 0, 0, 0, 0, 0, 0, 0, 0, 0, 0, 0, 0, 0, 0, 0, 0, 0, 0, 0, 0]	[0, 0, 0, 0, 0, 0, 0, 0, 0, 0, 0, 0, 0, 0, 0, 0, 0, 0, 0, 0, 0, 0, 0, 0, 0, 0, 0, 0, 0, 0, 0]	[0.00020020001102238894, 0.010045900009572506, 0.02680370002053678, 0.04342180001549423, 0.06026470000506379, 0.07709690000046976, 0.09404100000392646, 0.10999780002748594, 0.12682770000537857, 0.14331110002240166, 0.15983680001227185, 0.17652540002018213, 0.19315320000168867, 0.2098318000207655, 0.22654840000905097, 0.24326770001789555, 0.25995140001759864, 0.2768862000084482, 0.29370370000833645, 0.31049820000771433, 0.32682760001625866, 0.3434445000020787, 0.35996490000979975, 0.37664510001195595, 0.3933656000008341, 0.4101146000029985, 0.4266524000267964, 0.4433333000051789, 0.4598132000246551, 0.47621420002542436, 0.49319340000511147]	172.0	289.0	0.6	8a
542	14	go_nogo	0	60	9	nogo	none	[66.0, 66.0, 74.0, 102.0, 121.0, 135.0, 147.0, 157.0, 161.0, 166.0, 170.0, 172.0, 173.0, 175.0, 175.0, 175.0, 175.0, 175.0, 176.0, 176.0, 176.0, 176.0, 176.0, 176.0, 176.0, 176.0, 176.0, 176.0, 176.0, 176.0, 176.0, 176.0, 176.0, 176.0, 176.0, 176.0, 176.0, 176.0, 176.0, 176.0, 176.0, 176.0, 176.0, 176.0, 176.0, 176.0, 176.0, 176.0, 176.0, 176.0, 176.0, 176.0, 176.0, 176.0, 176.0, 176.0, 176.0, 176.0, 176.0, 176.0, 176.0, 176.0, 176.0, 176.0]	[-273.0, -273.0, -245.0, -128.0, -48.0, 27.0, 83.0, 118.0, 142.0, 163.0, 186.0, 202.0, 221.0, 237.0, 244.0, 246.0, 248.0, 251.0, 259.0, 268.0, 272.0, 273.0, 273.0, 273.0, 273.0, 273.0, 273.0, 273.0, 273.0, 273.0, 273.0, 273.0, 273.0, 273.0, 273.0, 273.0, 273.0, 273.0, 273.0, 273.0, 273.0, 273.0, 273.0, 273.0, 273.0, 273.0, 273.0, 273.0, 273.0, 273.0, 273.0, 273.0, 273.0, 273.0, 273.0, 273.0, 273.0, 273.0, 273.0, 273.0, 273.0, 273.0, 273.0, 273.0]	[0, 0, 0, 0, 0, 0, 0, 0, 0, 0, 0, 0, 0, 0, 0, 0, 0, 0, 0, 0, 0, 0, 0, 0, 0, 0, 0, 0, 0, 0, 0, 0, 0, 0, 0, 0, 0, 0, 0, 0, 0, 0, 0, 0, 0, 0, 0, 0, 0, 0, 0, 0, 0, 0, 0, 0, 0, 0, 0, 0, 0, 0, 0, 0]	[0, 0, 0, 0, 0, 0, 0, 0, 0, 0, 0, 0, 0, 0, 0, 0, 0, 0, 0, 0, 0, 0, 0, 0, 0, 0, 0, 0, 0, 0, 0, 0, 0, 0, 0, 0, 0, 0, 0, 0, 0, 0, 0, 0, 0, 0, 0, 0, 0, 0, 0, 0, 0, 0, 0, 0, 0, 0, 0, 0, 0, 0, 0, 0]	[0, 0, 0, 0, 0, 0, 0, 0, 0, 0, 0, 0, 0, 0, 0, 0, 0, 0, 0, 0, 0, 0, 0, 0, 0, 0, 0, 0, 0, 0, 0, 0, 0, 0, 0, 0, 0, 0, 0, 0, 0, 0, 0, 0, 0, 0, 0, 0, 0, 0, 0, 0, 0, 0, 0, 0, 0, 0, 0, 0, 0, 0, 0, 0]	[0.00018760000239126384, 0.009249800001271069, 0.026010600005974993, 0.04339959999197163, 0.059487099992111325, 0.07602279999991879, 0.09277019998989999, 0.1093813999905251, 0.12626029999228194, 0.1426117999944836, 0.1595833000028506, 0.17601429999922402, 0.19250159998773597, 0.2093890999967698, 0.22603499999968335, 0.24286080000456423, 0.25925579998875037, 0.2760487000050489, 0.2928142999880947, 0.30942330000107177, 0.32601839999551885, 0.34250739999697544, 0.3593619999883231, 0.3758613000100013, 0.39251529998728074, 0.40917410000110976, 0.4261901999998372, 0.44260519999079406, 0.45912389998557046, 0.47597979998681694, 0.49256089999107644, 0.5093098999932408, 0.5258135999902152, 0.5425729000126012, 0.5591433999943547, 0.5756817999936175, 0.5926419000024907, 0.6091230000020005, 0.625729199993657, 0.6424667999963276, 0.6590524000057485, 0.6758862999849953, 0.6924081000033766, 0.7091361999919172, 0.7260321000067052, 0.7424004999920726, 0.7591790999867953, 0.7757240000064485, 0.7926468999939971, 0.8091543999908026, 0.825584100006381, 0.8423879999900237, 0.8586742999905255, 0.8754876999882981, 0.8925906000076793, 0.9089375000039581, 0.9256807999918237, 0.9423576999979559, 0.9590249999891967, 0.9761295999924187, 0.9922493000049144, 1.0090413999860175, 1.025746600003913, 1.0422039999975823]	n/a	n/a	0.7	8a
543	14	go_nogo	0	60	2	go	click	[92.0, 92.0, 113.0, 155.0, 194.0, 219.0, 229.0, 233.0, 233.0, 231.0, 228.0, 227.0, 226.0, 225.0, 225.0, 225.0, 225.0, 225.0, 225.0, 225.0, 225.0, 225.0, 225.0, 225.0, 225.0]	[-224.0, -224.0, -169.0, -50.0, 73.0, 166.0, 221.0, 253.0, 277.0, 302.0, 317.0, 328.0, 334.0, 337.0, 337.0, 337.0, 337.0, 337.0, 337.0, 337.0, 337.0, 337.0, 337.0, 337.0, 337.0]	[0, 0, 0, 0, 0, 0, 0, 0, 0, 0, 0, 0, 0, 0, 0, 0, 0, 0, 0, 0, 0, 0, 0, 0, 1]	[0, 0, 0, 0, 0, 0, 0, 0, 0, 0, 0, 0, 0, 0, 0, 0, 0, 0, 0, 0, 0, 0, 0, 0, 0]	[0, 0, 0, 0, 0, 0, 0, 0, 0, 0, 0, 0, 0, 0, 0, 0, 0, 0, 0, 0, 0, 0, 0, 0, 0]	[0.0001832999987527728, 0.009139400004642084, 0.02588950001518242, 0.04239000001689419, 0.05909630001406185, 0.07556150000891648, 0.09221540001453832, 0.10888880002312362, 0.12564579999889247, 0.1423924000118859, 0.1592737000028137, 0.17582460000994615, 0.19208760000765324, 0.20865539999795146, 0.22541670000646263, 0.242019800003618, 0.2588077000109479, 0.27554940001573414, 0.2922009000030812, 0.3087860000086948, 0.32558370000333525, 0.3419839999987744, 0.3587431000196375, 0.3754266000178177, 0.39230980002321303]	225.0	337.0	0.5	8a
544	14	go_nogo	0	60	9	nogo	none	[56.0, 73.0, 87.0, 111.0, 132.0, 154.0, 171.0, 186.0, 196.0, 206.0, 209.0, 210.0, 210.0, 210.0, 210.0, 210.0, 209.0, 209.0, 209.0, 209.0, 209.0, 209.0, 209.0, 209.0, 209.0, 209.0, 209.0, 209.0, 209.0, 209.0, 209.0, 209.0, 209.0, 209.0, 209.0, 209.0, 209.0, 209.0, 209.0, 209.0, 209.0, 209.0, 209.0, 209.0, 209.0, 209.0, 209.0, 209.0, 209.0, 209.0, 209.0, 209.0, 209.0, 209.0, 209.0, 209.0, 209.0, 209.0, 209.0]	[-299.0, -257.0, -219.0, -155.0, -96.0, -33.0, 28.0, 75.0, 116.0, 159.0, 178.0, 197.0, 219.0, 241.0, 257.0, 262.0, 263.0, 263.0, 263.0, 263.0, 263.0, 263.0, 263.0, 263.0, 263.0, 263.0, 263.0, 263.0, 263.0, 263.0, 263.0, 263.0, 263.0, 263.0, 263.0, 263.0, 263.0, 263.0, 263.0, 263.0, 263.0, 263.0, 263.0, 263.0, 263.0, 263.0, 263.0, 263.0, 263.0, 263.0, 263.0, 263.0, 263.0, 263.0, 263.0, 263.0, 263.0, 263.0, 263.0]	[0, 0, 0, 0, 0, 0, 0, 0, 0, 0, 0, 0, 0, 0, 0, 0, 0, 0, 0, 0, 0, 0, 0, 0, 0, 0, 0, 0, 0, 0, 0, 0, 0, 0, 0, 0, 0, 0, 0, 0, 0, 0, 0, 0, 0, 0, 0, 0, 0, 0, 0, 0, 0, 0, 0, 0, 0, 0, 0]	[0, 0, 0, 0, 0, 0, 0, 0, 0, 0, 0, 0, 0, 0, 0, 0, 0, 0, 0, 0, 0, 0, 0, 0, 0, 0, 0, 0, 0, 0, 0, 0, 0, 0, 0, 0, 0, 0, 0, 0, 0, 0, 0, 0, 0, 0, 0, 0, 0, 0, 0, 0, 0, 0, 0, 0, 0, 0, 0]	[0, 0, 0, 0, 0, 0, 0, 0, 0, 0, 0, 0, 0, 0, 0, 0, 0, 0, 0, 0, 0, 0, 0, 0, 0, 0, 0, 0, 0, 0, 0, 0, 0, 0, 0, 0, 0, 0, 0, 0, 0, 0, 0, 0, 0, 0, 0, 0, 0, 0, 0, 0, 0, 0, 0, 0, 0, 0, 0]	[8.269998943433166e-05, 0.010312500002328306, 0.027244099997915328, 0.04361369999242015, 0.06040620000567287, 0.07683229999383911, 0.09382159999222495, 0.11045390000799671, 0.1273636000114493, 0.1440504000056535, 0.16055580001557246, 0.17776520000188611, 0.19343770001432858, 0.21031670001684688, 0.22688030000426807, 0.24392629999783821, 0.2602197999949567, 0.2768510000023525, 0.29361819999758154, 0.3100712000159547, 0.3267338000005111, 0.3434844000148587, 0.35996900001191534, 0.3769207000150345, 0.3932920999941416, 0.41007909999461845, 0.4266977999941446, 0.44350689998827875, 0.45992769999429584, 0.47672579999198206, 0.4933022999903187, 0.5101769999891985, 0.5267598000064027, 0.5434319000050891, 0.5600796999933664, 0.5767538000072818, 0.5934378000092693, 0.6100447000062559, 0.6266778999997769, 0.6433605999918655, 0.6600806000060402, 0.6767433999921195, 0.6934415000141598, 0.7099887999938801, 0.7266578999988269, 0.7433952999999747, 0.7598835999961011, 0.7765864999964833, 0.7931547999905888, 0.8100664000085089, 0.8265286000096239, 0.8434395999938715, 0.8600493000121787, 0.8767494999920018, 0.8932301999884658, 0.9099857000110205, 0.9266089000157081, 0.9432501000119373, 0.9598942000011448]	n/a	n/a	0.7	8a
545	14	go_nogo	0	60	4	go	click	[115.0, 115.0, 131.0, 166.0, 192.0, 209.0, 213.0, 214.0, 216.0, 216.0, 216.0, 216.0, 215.0, 213.0, 212.0, 212.0, 212.0, 212.0, 211.0, 211.0, 211.0, 211.0, 211.0, 211.0, 214.0, 216.0, 218.0, 218.0, 218.0]	[-174.0, -174.0, -121.0, -14.0, 91.0, 211.0, 271.0, 309.0, 337.0, 359.0, 373.0, 380.0, 382.0, 383.0, 384.0, 384.0, 384.0, 384.0, 384.0, 384.0, 384.0, 384.0, 374.0, 353.0, 335.0, 324.0, 317.0, 317.0, 317.0]	[0, 0, 0, 0, 0, 0, 0, 0, 0, 0, 0, 0, 0, 0, 0, 0, 0, 0, 0, 0, 0, 0, 0, 0, 0, 0, 0, 0, 1]	[0, 0, 0, 0, 0, 0, 0, 0, 0, 0, 0, 0, 0, 0, 0, 0, 0, 0, 0, 0, 0, 0, 0, 0, 0, 0, 0, 0, 0]	[0, 0, 0, 0, 0, 0, 0, 0, 0, 0, 0, 0, 0, 0, 0, 0, 0, 0, 0, 0, 0, 0, 0, 0, 0, 0, 0, 0, 0]	[0.00019729998894035816, 0.009931000007782131, 0.027047399984439835, 0.04323919999296777, 0.05990839999867603, 0.07673559998511337, 0.093427799991332, 0.10978279999108054, 0.12643259999458678, 0.14357749998453073, 0.1597456999879796, 0.17635719999088906, 0.19334369999705814, 0.20987640001112595, 0.22653559999889694, 0.2431356000015512, 0.259729299985338, 0.2766043999872636, 0.2930338000005577, 0.3096423000097275, 0.3261212999932468, 0.3430856000049971, 0.35995129999355413, 0.37639809999382123, 0.39297320001060143, 0.4096148000098765, 0.42613790000905283, 0.4427657999913208, 0.4602944999933243]	218.0	317.0	0.8	8a
546	14	go_nogo	0	60	3	go	click	[59.0, 73.0, 82.0, 103.0, 126.0, 141.0, 154.0, 157.0, 157.0, 156.0, 156.0, 156.0, 156.0, 156.0, 156.0, 156.0, 156.0, 156.0, 156.0, 156.0, 156.0, 156.0, 156.0, 156.0, 156.0, 156.0, 156.0, 156.0, 156.0, 156.0, 156.0]	[-275.0, -237.0, -197.0, -101.0, 3.0, 110.0, 199.0, 245.0, 273.0, 298.0, 307.0, 312.0, 315.0, 315.0, 315.0, 315.0, 315.0, 315.0, 315.0, 315.0, 315.0, 315.0, 315.0, 315.0, 315.0, 315.0, 315.0, 315.0, 315.0, 315.0, 315.0]	[0, 0, 0, 0, 0, 0, 0, 0, 0, 0, 0, 0, 0, 0, 0, 0, 0, 0, 0, 0, 0, 0, 0, 0, 0, 0, 0, 0, 0, 0, 1]	[0, 0, 0, 0, 0, 0, 0, 0, 0, 0, 0, 0, 0, 0, 0, 0, 0, 0, 0, 0, 0, 0, 0, 0, 0, 0, 0, 0, 0, 0, 0]	[0, 0, 0, 0, 0, 0, 0, 0, 0, 0, 0, 0, 0, 0, 0, 0, 0, 0, 0, 0, 0, 0, 0, 0, 0, 0, 0, 0, 0, 0, 0]	[7.999999797903001e-05, 0.010293500003172085, 0.027175000024726614, 0.0438066000060644, 0.06046850001439452, 0.077156700019259, 0.09392939999816008, 0.11053800000809133, 0.127667000022484, 0.14394170002196915, 0.16040930000599474, 0.17789670001366176, 0.19421549999970011, 0.21061619999818504, 0.22720990001107566, 0.24378509999951348, 0.2604181000206154, 0.2771618000115268, 0.2937353000161238, 0.310369000013452, 0.3271180000156164, 0.3437321000092197, 0.3604081000084989, 0.37698270002147183, 0.39363990002311766, 0.4106835999991745, 0.4269819000037387, 0.44369840002036653, 0.46056570002110675, 0.4768610000028275, 0.4939718000241555]	156.0	315.0	0.8	8a
547	14	go_nogo	0	60	4	go	click	[64.0, 64.0, 76.0, 98.0, 117.0, 134.0, 149.0, 164.0, 167.0, 169.0, 170.0, 170.0, 170.0, 170.0, 170.0, 170.0, 170.0, 170.0, 170.0, 173.0, 204.0, 222.0, 231.0, 236.0, 237.0, 237.0, 237.0, 237.0, 237.0, 237.0]	[-253.0, -253.0, -212.0, -97.0, 38.0, 164.0, 266.0, 356.0, 392.0, 415.0, 420.0, 421.0, 421.0, 422.0, 422.0, 422.0, 422.0, 422.0, 422.0, 414.0, 353.0, 314.0, 291.0, 281.0, 280.0, 280.0, 280.0, 279.0, 279.0, 279.0]	[0, 0, 0, 0, 0, 0, 0, 0, 0, 0, 0, 0, 0, 0, 0, 0, 0, 0, 0, 0, 0, 0, 0, 0, 0, 0, 0, 0, 0, 1]	[0, 0, 0, 0, 0, 0, 0, 0, 0, 0, 0, 0, 0, 0, 0, 0, 0, 0, 0, 0, 0, 0, 0, 0, 0, 0, 0, 0, 0, 0]	[0, 0, 0, 0, 0, 0, 0, 0, 0, 0, 0, 0, 0, 0, 0, 0, 0, 0, 0, 0, 0, 0, 0, 0, 0, 0, 0, 0, 0, 0]	[0.00023590002092532814, 0.009905100014293566, 0.02677850000327453, 0.04311370002687909, 0.059847200027434155, 0.07660010000108741, 0.09319959999993443, 0.1098908000276424, 0.12821480000275187, 0.1436299000051804, 0.15981180002563633, 0.1765187999990303, 0.19329819999984466, 0.20991240002331324, 0.2264189000125043, 0.24300180000136606, 0.25980930001242086, 0.276676800014684, 0.29327430002740584, 0.3105431000003591, 0.3271015000063926, 0.3432349000067916, 0.35975890001282096, 0.37667250001686625, 0.39317620001384057, 0.40962670001317747, 0.4264355000050273, 0.44298670001444407, 0.45977520002634265, 0.47646200002054684]	237.0	279.0	0.7	8a
548	14	go_nogo	0	60	1	nogo	none	[24.0, 24.0, 41.0, 69.0, 85.0, 91.0, 93.0, 98.0, 101.0, 103.0, 103.0, 103.0, 104.0, 106.0, 110.0, 111.0, 111.0, 111.0, 117.0, 128.0, 138.0, 140.0, 140.0, 140.0, 140.0, 140.0, 140.0, 140.0, 140.0, 140.0, 140.0, 140.0, 140.0, 141.0, 141.0, 141.0, 141.0, 141.0, 141.0, 141.0, 141.0, 141.0, 141.0, 141.0, 141.0, 141.0, 141.0, 141.0, 141.0, 141.0, 141.0, 141.0, 141.0, 141.0, 141.0, 141.0, 141.0, 141.0, 141.0, 141.0, 141.0, 141.0, 141.0, 141.0, 141.0]	[-223.0, -223.0, -166.0, -34.0, 76.0, 149.0, 190.0, 243.0, 265.0, 272.0, 273.0, 274.0, 277.0, 283.0, 291.0, 293.0, 293.0, 293.0, 293.0, 290.0, 287.0, 286.0, 286.0, 286.0, 285.0, 285.0, 285.0, 285.0, 285.0, 285.0, 285.0, 285.0, 285.0, 285.0, 285.0, 285.0, 285.0, 285.0, 285.0, 285.0, 285.0, 285.0, 285.0, 285.0, 285.0, 285.0, 285.0, 285.0, 285.0, 285.0, 285.0, 285.0, 285.0, 285.0, 285.0, 285.0, 285.0, 285.0, 285.0, 285.0, 285.0, 285.0, 285.0, 285.0, 285.0]	[0, 0, 0, 0, 0, 0, 0, 0, 0, 0, 0, 0, 0, 0, 0, 0, 0, 0, 0, 0, 0, 0, 0, 0, 0, 0, 0, 0, 0, 0, 0, 0, 0, 0, 0, 0, 0, 0, 0, 0, 0, 0, 0, 0, 0, 0, 0, 0, 0, 0, 0, 0, 0, 0, 0, 0, 0, 0, 0, 0, 0, 0, 0, 0, 0]	[0, 0, 0, 0, 0, 0, 0, 0, 0, 0, 0, 0, 0, 0, 0, 0, 0, 0, 0, 0, 0, 0, 0, 0, 0, 0, 0, 0, 0, 0, 0, 0, 0, 0, 0, 0, 0, 0, 0, 0, 0, 0, 0, 0, 0, 0, 0, 0, 0, 0, 0, 0, 0, 0, 0, 0, 0, 0, 0, 0, 0, 0, 0, 0, 0]	[0, 0, 0, 0, 0, 0, 0, 0, 0, 0, 0, 0, 0, 0, 0, 0, 0, 0, 0, 0, 0, 0, 0, 0, 0, 0, 0, 0, 0, 0, 0, 0, 0, 0, 0, 0, 0, 0, 0, 0, 0, 0, 0, 0, 0, 0, 0, 0, 0, 0, 0, 0, 0, 0, 0, 0, 0, 0, 0, 0, 0, 0, 0, 0, 0]	[0.0003386000171303749, 0.009507300012046471, 0.026436700019985437, 0.043080000003101304, 0.05982560000848025, 0.07649850001325831, 0.09322930002235807, 0.10986290001892485, 0.1267111000197474, 0.14283700002124533, 0.16015470001730137, 0.17633830002159812, 0.1930346000008285, 0.2098221000051126, 0.22597900000982918, 0.24267480001435615, 0.25914010000997223, 0.27603130001807585, 0.29268880002200603, 0.3096836000040639, 0.32665870001073927, 0.3425297000212595, 0.3591552000143565, 0.37613360001705587, 0.39287599999806844, 0.4093404000159353, 0.42616260002250783, 0.4427193000155967, 0.4594062000105623, 0.4759904000093229, 0.4927324000163935, 0.5093991000030655, 0.526540599996224, 0.5426432999956887, 0.5593606000184081, 0.5759889000037219, 0.592677900014678, 0.6093321999942418, 0.626029600010952, 0.642711100023007, 0.6593094000127167, 0.6760188000043854, 0.6926278000173625, 0.7093846000207122, 0.7259825000073761, 0.7426749000151176, 0.7594088000187185, 0.7759449000004679, 0.792690100002801, 0.8092720000131521, 0.8259174000122584, 0.8424558000115212, 0.8592569000029471, 0.8758722000056878, 0.8926113000197802, 0.9090456000121776, 0.926053300005151, 0.9426176999986637, 0.959202500001993, 0.9757971000217367, 0.992576899996493, 1.0091716000169981, 1.0260026000032667, 1.0424702000163961, 1.0591549999953713]	n/a	n/a	0.9	8a
549	14	go_nogo	0	60	2	go	click	[63.0, 63.0, 78.0, 104.0, 125.0, 141.0, 151.0, 159.0, 170.0, 179.0, 187.0, 194.0, 204.0, 211.0, 213.0, 213.0, 213.0, 213.0, 213.0, 211.0, 207.0, 203.0, 197.0, 196.0, 193.0, 192.0, 192.0, 192.0, 191.0, 191.0, 191.0]	[-256.0, -256.0, -225.0, -168.0, -109.0, -56.0, -15.0, 23.0, 66.0, 88.0, 104.0, 119.0, 139.0, 155.0, 159.0, 160.0, 161.0, 163.0, 169.0, 180.0, 204.0, 219.0, 240.0, 252.0, 259.0, 263.0, 266.0, 268.0, 268.0, 268.0, 268.0]	[0, 0, 0, 0, 0, 0, 0, 0, 0, 0, 0, 0, 0, 0, 0, 0, 0, 0, 0, 0, 0, 0, 0, 0, 0, 0, 0, 0, 0, 0, 1]	[0, 0, 0, 0, 0, 0, 0, 0, 0, 0, 0, 0, 0, 0, 0, 0, 0, 0, 0, 0, 0, 0, 0, 0, 0, 0, 0, 0, 0, 0, 0]	[0, 0, 0, 0, 0, 0, 0, 0, 0, 0, 0, 0, 0, 0, 0, 0, 0, 0, 0, 0, 0, 0, 0, 0, 0, 0, 0, 0, 0, 0, 0]	[0.0001888000115286559, 0.009792500000912696, 0.026918899995507672, 0.04330889999982901, 0.06001789998845197, 0.07670629999483936, 0.09357399999862537, 0.11019300000043586, 0.1274719999928493, 0.14335649998974986, 0.1600343000027351, 0.17653100000461563, 0.19336309999926016, 0.2099688000162132, 0.2265958999923896, 0.24321889999555424, 0.25981590000446886, 0.27642850001575425, 0.2933302999881562, 0.3099161999998614, 0.3269162999931723, 0.3436091000039596, 0.35988750000251457, 0.3764888000150677, 0.39327050000429153, 0.4101592999941204, 0.42642740000155754, 0.44341770000755787, 0.4597989000030793, 0.4765444000076968, 0.4935362999967765]	191.0	268.0	0.9	8a
550	14	go_nogo	0	60	8	go	click	[67.0, 67.0, 89.0, 136.0, 172.0, 201.0, 208.0, 211.0, 211.0, 211.0, 211.0, 211.0, 212.0, 212.0, 213.0, 213.0, 213.0, 213.0, 213.0, 213.0, 213.0, 213.0, 213.0, 213.0, 213.0]	[-161.0, -161.0, -99.0, 13.0, 109.0, 193.0, 226.0, 248.0, 261.0, 267.0, 274.0, 281.0, 290.0, 294.0, 295.0, 295.0, 295.0, 295.0, 295.0, 295.0, 295.0, 295.0, 295.0, 295.0, 295.0]	[0, 0, 0, 0, 0, 0, 0, 0, 0, 0, 0, 0, 0, 0, 0, 0, 0, 0, 0, 0, 0, 0, 0, 0, 1]	[0, 0, 0, 0, 0, 0, 0, 0, 0, 0, 0, 0, 0, 0, 0, 0, 0, 0, 0, 0, 0, 0, 0, 0, 0]	[0, 0, 0, 0, 0, 0, 0, 0, 0, 0, 0, 0, 0, 0, 0, 0, 0, 0, 0, 0, 0, 0, 0, 0, 0]	[0.0002350000140722841, 0.011388400016585365, 0.028056500013917685, 0.04474139999365434, 0.06149130000267178, 0.07790000000386499, 0.09511809999821708, 0.1115194000012707, 0.12832210000487976, 0.14470259999507107, 0.16125190001912415, 0.177675500017358, 0.19458880001911893, 0.21126390001154505, 0.22778489999473095, 0.24429970001801848, 0.2611231000046246, 0.27768520000972785, 0.2942488999979105, 0.31088330000056885, 0.3276756000122987, 0.34459700001752935, 0.36110539999208413, 0.37844530001166277, 0.3944240999990143]	213.0	295.0	0.7	8a
551	14	go_nogo	0	60	3	go	click	[66.0, 66.0, 94.0, 116.0, 131.0, 135.0, 139.0, 141.0, 141.0, 142.0, 143.0, 143.0, 145.0, 145.0, 145.0, 145.0, 145.0, 145.0, 145.0, 145.0, 145.0, 145.0, 145.0, 146.0, 153.0, 159.0, 167.0, 174.0, 180.0, 181.0, 181.0, 181.0]	[-255.0, -255.0, -165.0, -80.0, 11.0, 86.0, 133.0, 165.0, 187.0, 199.0, 207.0, 216.0, 218.0, 218.0, 218.0, 218.0, 218.0, 218.0, 218.0, 218.0, 218.0, 218.0, 218.0, 220.0, 228.0, 238.0, 248.0, 259.0, 267.0, 269.0, 269.0, 269.0]	[0, 0, 0, 0, 0, 0, 0, 0, 0, 0, 0, 0, 0, 0, 0, 0, 0, 0, 0, 0, 0, 0, 0, 0, 0, 0, 0, 0, 0, 0, 0, 1]	[0, 0, 0, 0, 0, 0, 0, 0, 0, 0, 0, 0, 0, 0, 0, 0, 0, 0, 0, 0, 0, 0, 0, 0, 0, 0, 0, 0, 0, 0, 0, 0]	[0, 0, 0, 0, 0, 0, 0, 0, 0, 0, 0, 0, 0, 0, 0, 0, 0, 0, 0, 0, 0, 0, 0, 0, 0, 0, 0, 0, 0, 0, 0, 0]	[7.300000288523734e-05, 0.009975900000426918, 0.027419499994721264, 0.043248700007097796, 0.05978010001126677, 0.07655450000311248, 0.09344220001366921, 0.10984260000986978, 0.12649230001261458, 0.14313169999513775, 0.1602781999972649, 0.17691340000601485, 0.19320910001988523, 0.21018930000718683, 0.2264865000033751, 0.24342640000395477, 0.26002310001058504, 0.2765182000002824, 0.2934964000014588, 0.3097223000077065, 0.3263534000143409, 0.34308099999907427, 0.35983800000394695, 0.3765315000200644, 0.3931475999997929, 0.410375200008275, 0.42692140000872314, 0.443153500003973, 0.46000150000327267, 0.47626280001713894, 0.49323600000934675, 0.5100465000141412]	182.0	269.0	0.7	8a
552	14	go_nogo	0	60	4	go	click	[87.0, 87.0, 100.0, 122.0, 137.0, 146.0, 149.0, 141.0, 136.0, 132.0, 129.0, 127.0, 126.0, 126.0, 125.0, 125.0, 125.0, 125.0, 125.0, 125.0, 125.0, 125.0, 125.0, 125.0, 125.0, 125.0, 125.0, 125.0, 125.0, 125.0, 125.0, 125.0, 125.0, 134.0, 157.0, 182.0, 196.0, 199.0, 199.0, 199.0, 199.0]	[-260.0, -260.0, -230.0, -163.0, -91.0, -14.0, 57.0, 151.0, 193.0, 225.0, 248.0, 264.0, 275.0, 280.0, 282.0, 286.0, 291.0, 295.0, 298.0, 298.0, 298.0, 298.0, 298.0, 298.0, 298.0, 298.0, 298.0, 298.0, 298.0, 298.0, 298.0, 298.0, 298.0, 289.0, 273.0, 262.0, 258.0, 258.0, 258.0, 258.0, 258.0]	[0, 0, 0, 0, 0, 0, 0, 0, 0, 0, 0, 0, 0, 0, 0, 0, 0, 0, 0, 0, 0, 0, 0, 1, 1, 1, 1, 1, 1, 1, 1, 0, 0, 0, 0, 0, 0, 0, 0, 0, 1]	[0, 0, 0, 0, 0, 0, 0, 0, 0, 0, 0, 0, 0, 0, 0, 0, 0, 0, 0, 0, 0, 0, 0, 0, 0, 0, 0, 0, 0, 0, 0, 0, 0, 0, 0, 0, 0, 0, 0, 0, 0]	[0, 0, 0, 0, 0, 0, 0, 0, 0, 0, 0, 0, 0, 0, 0, 0, 0, 0, 0, 0, 0, 0, 0, 0, 0, 0, 0, 0, 0, 0, 0, 0, 0, 0, 0, 0, 0, 0, 0, 0, 0]	[0.00021009999909438193, 0.010708699992392212, 0.027041099994676188, 0.04394110001157969, 0.06070090000866912, 0.0774671999970451, 0.0941066000086721, 0.11063450001529418, 0.1272498999896925, 0.14392540001426823, 0.16117060001124628, 0.17727720001130365, 0.19401020000805147, 0.21085350000066683, 0.2273560999892652, 0.2439891000103671, 0.26096770001458935, 0.2773860000015702, 0.29377600000589155, 0.31045089999679476, 0.3271169000072405, 0.3437811000039801, 0.3603814000089187, 0.37794380000559613, 0.39379999999073334, 0.410369899997022, 0.4270373999897856, 0.4437381000025198, 0.4606860000058077, 0.47705169999971986, 0.49383690001559444, 0.5108025000081398, 0.527690499991877, 0.5442374999984168, 0.5602987000020221, 0.5773410999972839, 0.5938736000098288, 0.6101983000116888, 0.6268464000022504, 0.6435439999913797, 0.6606620000093244]	199.0	258.0	0.7	8a
553	14	go_nogo	0	60	7	go	click	[113.0, 113.0, 141.0, 188.0, 220.0, 240.0, 257.0, 261.0, 262.0, 259.0, 253.0, 250.0, 248.0, 246.0, 243.0, 239.0, 234.0, 228.0, 224.0, 223.0, 221.0, 219.0, 215.0, 209.0, 205.0, 202.0, 202.0, 202.0, 202.0]	[-170.0, -170.0, -114.0, -20.0, 50.0, 101.0, 191.0, 251.0, 289.0, 316.0, 333.0, 346.0, 352.0, 358.0, 364.0, 369.0, 371.0, 374.0, 375.0, 375.0, 375.0, 373.0, 364.0, 346.0, 329.0, 316.0, 308.0, 307.0, 306.0]	[0, 0, 0, 0, 0, 0, 0, 0, 0, 0, 0, 0, 0, 0, 0, 0, 0, 0, 0, 0, 0, 0, 0, 0, 0, 0, 0, 0, 1]	[0, 0, 0, 0, 0, 0, 0, 0, 0, 0, 0, 0, 0, 0, 0, 0, 0, 0, 0, 0, 0, 0, 0, 0, 0, 0, 0, 0, 0]	[0, 0, 0, 0, 0, 0, 0, 0, 0, 0, 0, 0, 0, 0, 0, 0, 0, 0, 0, 0, 0, 0, 0, 0, 0, 0, 0, 0, 0]	[0.00023930001771077514, 0.009696099994471297, 0.026592300011543557, 0.04339219999383204, 0.05995739999343641, 0.07695970000349917, 0.09333639999385923, 0.11002819999703206, 0.12684559999615885, 0.14346210000803694, 0.16008130001137033, 0.1766520999954082, 0.19305450000683777, 0.2098900999990292, 0.22662359999958426, 0.24364180001430213, 0.26014739999664016, 0.27670439999201335, 0.2932128999964334, 0.3105546000006143, 0.32697429999825545, 0.34323170001152903, 0.3596962000010535, 0.3765020999999251, 0.3931647000135854, 0.41009789999225177, 0.42643749999115244, 0.4434713000082411, 0.46068540000123903]	202.0	306.0	0.5	8a
554	14	go_nogo	0	60	7	go	click	[75.0, 75.0, 123.0, 163.0, 194.0, 218.0, 232.0, 241.0, 244.0, 244.0, 242.0, 237.0, 235.0, 232.0, 228.0, 222.0, 213.0, 205.0, 195.0, 188.0, 184.0, 181.0, 179.0, 179.0, 179.0, 179.0, 179.0, 179.0, 180.0, 180.0, 180.0]	[-234.0, -234.0, -165.0, -107.0, -55.0, -12.0, 23.0, 50.0, 69.0, 80.0, 89.0, 101.0, 118.0, 132.0, 141.0, 149.0, 158.0, 167.0, 181.0, 198.0, 217.0, 236.0, 255.0, 271.0, 288.0, 294.0, 298.0, 299.0, 299.0, 299.0, 299.0]	[0, 0, 0, 0, 0, 0, 0, 0, 0, 0, 0, 0, 0, 0, 0, 0, 0, 0, 0, 0, 0, 0, 0, 0, 0, 0, 0, 0, 0, 0, 1]	[0, 0, 0, 0, 0, 0, 0, 0, 0, 0, 0, 0, 0, 0, 0, 0, 0, 0, 0, 0, 0, 0, 0, 0, 0, 0, 0, 0, 0, 0, 0]	[0, 0, 0, 0, 0, 0, 0, 0, 0, 0, 0, 0, 0, 0, 0, 0, 0, 0, 0, 0, 0, 0, 0, 0, 0, 0, 0, 0, 0, 0, 0]	[0.00027409999165683985, 0.010891799989622086, 0.027539600007003173, 0.04442249998101033, 0.06085489998804405, 0.07768200000282377, 0.09430510000674985, 0.11075089999940246, 0.1273710000095889, 0.1439781000080984, 0.16080429998692125, 0.17730159999337047, 0.19428500000503846, 0.2109745999914594, 0.22786489999270998, 0.2440031000005547, 0.26086700000450946, 0.2775375999917742, 0.29410520000965334, 0.31061509999562986, 0.3273756999988109, 0.3440353999903891, 0.36088769999332726, 0.37747310000122525, 0.394128499989165, 0.4108387999876868, 0.4274655999906827, 0.444038499990711, 0.4606187999888789, 0.4774207999871578, 0.49421289999736473]	180.0	299.0	0.9	8a
555	14	go_nogo	0	60	1	nogo	none	[17.0, 17.0, 30.0, 57.0, 70.0, 80.0, 86.0, 91.0, 97.0, 103.0, 109.0, 115.0, 120.0, 126.0, 129.0, 130.0, 132.0, 133.0, 135.0, 138.0, 143.0, 150.0, 152.0, 153.0, 153.0, 153.0, 153.0, 153.0, 153.0, 153.0, 153.0, 153.0, 153.0, 153.0, 153.0, 153.0, 153.0, 153.0, 153.0, 153.0, 153.0, 153.0, 153.0, 153.0, 153.0, 153.0, 153.0, 153.0, 153.0, 153.0, 153.0, 153.0, 153.0, 153.0, 153.0, 153.0, 153.0, 153.0, 153.0, 153.0, 153.0, 153.0, 153.0, 153.0, 153.0]	[-237.0, -237.0, -192.0, -79.0, -12.0, 35.0, 70.0, 98.0, 121.0, 140.0, 159.0, 178.0, 192.0, 208.0, 214.0, 217.0, 218.0, 221.0, 224.0, 227.0, 230.0, 234.0, 234.0, 234.0, 234.0, 234.0, 234.0, 234.0, 234.0, 234.0, 234.0, 234.0, 234.0, 234.0, 234.0, 234.0, 234.0, 234.0, 234.0, 234.0, 234.0, 234.0, 234.0, 234.0, 234.0, 234.0, 234.0, 234.0, 234.0, 234.0, 234.0, 234.0, 234.0, 234.0, 234.0, 234.0, 234.0, 234.0, 234.0, 234.0, 234.0, 234.0, 234.0, 234.0, 234.0]	[0, 0, 0, 0, 0, 0, 0, 0, 0, 0, 0, 0, 0, 0, 0, 0, 0, 0, 0, 0, 0, 0, 0, 0, 0, 0, 0, 0, 0, 0, 0, 0, 0, 0, 0, 0, 0, 0, 0, 0, 0, 0, 0, 0, 0, 0, 0, 0, 0, 0, 0, 0, 0, 0, 0, 0, 0, 0, 0, 0, 0, 0, 0, 0, 0]	[0, 0, 0, 0, 0, 0, 0, 0, 0, 0, 0, 0, 0, 0, 0, 0, 0, 0, 0, 0, 0, 0, 0, 0, 0, 0, 0, 0, 0, 0, 0, 0, 0, 0, 0, 0, 0, 0, 0, 0, 0, 0, 0, 0, 0, 0, 0, 0, 0, 0, 0, 0, 0, 0, 0, 0, 0, 0, 0, 0, 0, 0, 0, 0, 0]	[0, 0, 0, 0, 0, 0, 0, 0, 0, 0, 0, 0, 0, 0, 0, 0, 0, 0, 0, 0, 0, 0, 0, 0, 0, 0, 0, 0, 0, 0, 0, 0, 0, 0, 0, 0, 0, 0, 0, 0, 0, 0, 0, 0, 0, 0, 0, 0, 0, 0, 0, 0, 0, 0, 0, 0, 0, 0, 0, 0, 0, 0, 0, 0, 0]	[0.00018970001838169992, 0.010063800000352785, 0.027661000000080094, 0.043590900022536516, 0.06059450001339428, 0.077023600024404, 0.09339980001095682, 0.11003550002351403, 0.127032100019278, 0.143564800004242, 0.16015619999961928, 0.17685690001235344, 0.19357490001129918, 0.21048930002143607, 0.2266947000171058, 0.24381450001965277, 0.26015640000696294, 0.2767877000151202, 0.2931525000021793, 0.3096992000064347, 0.3265244000067469, 0.34331440000096336, 0.36001560001750477, 0.3766617000219412, 0.39333869999973103, 0.40974880001158454, 0.42652730000554584, 0.4431885000085458, 0.45991330000106245, 0.47656070001539774, 0.4932800000242423, 0.5101548000238836, 0.5266946000047028, 0.5430653000075836, 0.5598642000113614, 0.5765138000133447, 0.593080300022848, 0.6097174000169616, 0.6264185000036377, 0.6431079000176396, 0.659741400013445, 0.6764711000141688, 0.6931955000036396, 0.7098265000095125, 0.7264765000145417, 0.7430292000062764, 0.7598756000224967, 0.776445200026501, 0.7936407000233885, 0.8099183000158519, 0.8269531000114512, 0.8431533000257332, 0.859882100019604, 0.8765239000204019, 0.8931311000196729, 0.9098664000048302, 0.9264697000035085, 0.9431728000054136, 0.9599620000226423, 0.9766446000139695, 0.9932253000151832, 1.0098187000257894, 1.0269291000149678, 1.0432878000137862, 1.0597597000014503]	n/a	n/a	1.0	8a
556	14	go_nogo	0	60	3	go	click	[46.0, 46.0, 51.0, 71.0, 92.0, 133.0, 161.0, 181.0, 191.0, 197.0, 204.0, 211.0, 214.0, 217.0, 218.0, 219.0, 220.0, 221.0, 222.0, 222.0, 222.0, 222.0, 222.0, 222.0, 222.0]	[-269.0, -269.0, -251.0, -191.0, -121.0, 3.0, 78.0, 127.0, 158.0, 185.0, 216.0, 241.0, 257.0, 267.0, 272.0, 275.0, 280.0, 288.0, 300.0, 305.0, 307.0, 309.0, 309.0, 309.0, 309.0]	[0, 0, 0, 0, 0, 0, 0, 0, 0, 0, 0, 0, 0, 0, 0, 0, 0, 0, 0, 0, 0, 0, 0, 0, 1]	[0, 0, 0, 0, 0, 0, 0, 0, 0, 0, 0, 0, 0, 0, 0, 0, 0, 0, 0, 0, 0, 0, 0, 0, 0]	[0, 0, 0, 0, 0, 0, 0, 0, 0, 0, 0, 0, 0, 0, 0, 0, 0, 0, 0, 0, 0, 0, 0, 0, 0]	[0.00024399999529123306, 0.0101859999995213, 0.02691929999855347, 0.04373679999844171, 0.06056500002159737, 0.07697980001103133, 0.09390410000924021, 0.11086440001963638, 0.12692160002188757, 0.14356320002116263, 0.16018030000850558, 0.17660669999895617, 0.19353940000291914, 0.20973319999757223, 0.22684489999664947, 0.24309200001880527, 0.2603084000002127, 0.2770500000042375, 0.29397420000168495, 0.31029610001132824, 0.32760360001702793, 0.3433249999943655, 0.36023690001457, 0.37668010001652874, 0.3939276000019163]	222.0	309.0	0.9	8a
557	14	go_nogo	0	60	6	go	click	[51.0, 51.0, 58.0, 69.0, 85.0, 100.0, 117.0, 136.0, 149.0, 155.0, 160.0, 164.0, 167.0, 170.0, 173.0, 175.0, 177.0, 178.0, 183.0, 185.0, 187.0, 187.0, 187.0, 187.0, 187.0, 187.0, 187.0, 187.0, 187.0, 187.0, 187.0]	[-286.0, -286.0, -265.0, -216.0, -148.0, -39.0, 48.0, 125.0, 174.0, 206.0, 229.0, 244.0, 255.0, 267.0, 276.0, 284.0, 290.0, 296.0, 307.0, 313.0, 314.0, 314.0, 314.0, 314.0, 314.0, 314.0, 314.0, 314.0, 314.0, 314.0, 314.0]	[0, 0, 0, 0, 0, 0, 0, 0, 0, 0, 0, 0, 0, 0, 0, 0, 0, 0, 0, 0, 0, 0, 0, 0, 0, 0, 0, 0, 0, 0, 1]	[0, 0, 0, 0, 0, 0, 0, 0, 0, 0, 0, 0, 0, 0, 0, 0, 0, 0, 0, 0, 0, 0, 0, 0, 0, 0, 0, 0, 0, 0, 0]	[0, 0, 0, 0, 0, 0, 0, 0, 0, 0, 0, 0, 0, 0, 0, 0, 0, 0, 0, 0, 0, 0, 0, 0, 0, 0, 0, 0, 0, 0, 0]	[0.00019500000053085387, 0.010217800008831546, 0.02735759998904541, 0.04378279999946244, 0.060663599986582994, 0.07704969999031164, 0.09411559998989105, 0.11039980000350624, 0.1279072999896016, 0.14361110000754707, 0.16039599999203347, 0.17699889998766594, 0.1937379000009969, 0.2104101000004448, 0.22677370000747032, 0.2440438999910839, 0.26015889999689534, 0.27684159998898394, 0.2936823999916669, 0.31046079998486675, 0.3266591999854427, 0.34334369999123737, 0.35997329998645, 0.37654150000889786, 0.39341789999161847, 0.4101057999941986, 0.42663339999853633, 0.44319950000499375, 0.4602821999869775, 0.4768171999894548, 0.49400050000986084]	187.0	314.0	0.8	8a
558	14	go_nogo	0	60	2	go	click	[38.0, 52.0, 68.0, 96.0, 117.0, 132.0, 144.0, 157.0, 175.0, 192.0, 198.0, 202.0, 206.0, 208.0, 210.0, 212.0, 213.0, 214.0, 217.0, 220.0, 220.0, 220.0, 220.0]	[-283.0, -249.0, -215.0, -139.0, -62.0, -1.0, 62.0, 125.0, 180.0, 232.0, 249.0, 261.0, 272.0, 280.0, 287.0, 291.0, 295.0, 300.0, 308.0, 314.0, 315.0, 315.0, 315.0]	[0, 0, 0, 0, 0, 0, 0, 0, 0, 0, 0, 0, 0, 0, 0, 0, 0, 0, 0, 0, 0, 0, 1]	[0, 0, 0, 0, 0, 0, 0, 0, 0, 0, 0, 0, 0, 0, 0, 0, 0, 0, 0, 0, 0, 0, 0]	[0, 0, 0, 0, 0, 0, 0, 0, 0, 0, 0, 0, 0, 0, 0, 0, 0, 0, 0, 0, 0, 0, 0]	[9.620000491850078e-05, 0.00964370000292547, 0.026415900007123128, 0.04294600000139326, 0.05972340001608245, 0.07633599999826401, 0.0931888000050094, 0.10984960000496358, 0.12649590001092292, 0.1432529000157956, 0.15969790000235662, 0.1771362000145018, 0.1932018999941647, 0.20963369999662973, 0.22641040000598878, 0.24322770000435412, 0.2596794000128284, 0.27659520000452176, 0.2930865999951493, 0.30962849999195896, 0.3261269000067841, 0.3427707999944687, 0.36020389999612235]	220.0	315.0	0.6	8a
559	14	go_nogo	0	60	2	go	click	[32.0, 39.0, 50.0, 73.0, 99.0, 137.0, 153.0, 160.0, 181.0, 192.0, 200.0, 202.0, 205.0, 208.0, 212.0, 213.0, 215.0, 223.0, 232.0, 240.0, 244.0, 245.0, 245.0, 245.0, 245.0, 245.0]	[-262.0, -244.0, -219.0, -163.0, -92.0, 27.0, 85.0, 106.0, 165.0, 196.0, 216.0, 227.0, 235.0, 243.0, 251.0, 255.0, 261.0, 284.0, 309.0, 332.0, 342.0, 343.0, 343.0, 343.0, 343.0, 343.0]	[0, 0, 0, 0, 0, 0, 0, 0, 0, 0, 0, 0, 0, 0, 0, 0, 0, 0, 0, 0, 0, 0, 0, 0, 0, 1]	[0, 0, 0, 0, 0, 0, 0, 0, 0, 0, 0, 0, 0, 0, 0, 0, 0, 0, 0, 0, 0, 0, 0, 0, 0, 0]	[0, 0, 0, 0, 0, 0, 0, 0, 0, 0, 0, 0, 0, 0, 0, 0, 0, 0, 0, 0, 0, 0, 0, 0, 0, 0]	[0.0001050999853760004, 0.012925199989695102, 0.029478799988282844, 0.046084599976893514, 0.06287829999928363, 0.07954869998502545, 0.09617109998362139, 0.1128681999980472, 0.1295541999861598, 0.14648090000264347, 0.16292029997566715, 0.17975059998570941, 0.19636909998371266, 0.2134809999843128, 0.22961039998335764, 0.24612109997542575, 0.2628662999777589, 0.2799010000017006, 0.2962324999971315, 0.3129208999744151, 0.32976110000163317, 0.3459811999928206, 0.3625169000006281, 0.37910849999752827, 0.39593800000147894, 0.41299609999987297]	245.0	343.0	0.9	8a
560	14	go_nogo	0	60	9	nogo	none	[70.0, 70.0, 85.0, 123.0, 175.0, 196.0, 210.0, 221.0, 231.0, 241.0, 249.0, 255.0, 259.0, 260.0, 260.0, 260.0, 260.0, 260.0, 260.0, 257.0, 254.0, 251.0, 249.0, 247.0, 247.0, 247.0, 247.0, 247.0, 247.0, 247.0, 247.0, 247.0, 247.0, 247.0, 247.0, 247.0, 247.0, 247.0, 247.0, 247.0, 247.0, 247.0, 247.0, 247.0, 247.0, 247.0, 247.0, 247.0, 247.0, 247.0, 247.0, 247.0, 247.0, 247.0, 247.0, 247.0, 247.0, 247.0, 247.0, 247.0, 247.0, 247.0, 247.0, 247.0, 247.0, 247.0, 247.0]	[-248.0, -248.0, -217.0, -160.0, -65.0, -17.0, 23.0, 56.0, 87.0, 116.0, 141.0, 162.0, 177.0, 185.0, 190.0, 193.0, 193.0, 195.0, 199.0, 206.0, 214.0, 222.0, 233.0, 237.0, 238.0, 238.0, 238.0, 238.0, 238.0, 238.0, 238.0, 238.0, 238.0, 238.0, 238.0, 238.0, 238.0, 238.0, 238.0, 238.0, 238.0, 238.0, 238.0, 238.0, 238.0, 238.0, 238.0, 238.0, 238.0, 238.0, 238.0, 238.0, 238.0, 238.0, 238.0, 238.0, 238.0, 238.0, 238.0, 238.0, 238.0, 238.0, 238.0, 238.0, 238.0, 238.0, 238.0]	[0, 0, 0, 0, 0, 0, 0, 0, 0, 0, 0, 0, 0, 0, 0, 0, 0, 0, 0, 0, 0, 0, 0, 0, 0, 0, 0, 0, 0, 0, 0, 0, 0, 0, 0, 0, 0, 0, 0, 0, 0, 0, 0, 0, 0, 0, 0, 0, 0, 0, 0, 0, 0, 0, 0, 0, 0, 0, 0, 0, 0, 0, 0, 0, 0, 0, 0]	[0, 0, 0, 0, 0, 0, 0, 0, 0, 0, 0, 0, 0, 0, 0, 0, 0, 0, 0, 0, 0, 0, 0, 0, 0, 0, 0, 0, 0, 0, 0, 0, 0, 0, 0, 0, 0, 0, 0, 0, 0, 0, 0, 0, 0, 0, 0, 0, 0, 0, 0, 0, 0, 0, 0, 0, 0, 0, 0, 0, 0, 0, 0, 0, 0, 0, 0]	[0, 0, 0, 0, 0, 0, 0, 0, 0, 0, 0, 0, 0, 0, 0, 0, 0, 0, 0, 0, 0, 0, 0, 0, 0, 0, 0, 0, 0, 0, 0, 0, 0, 0, 0, 0, 0, 0, 0, 0, 0, 0, 0, 0, 0, 0, 0, 0, 0, 0, 0, 0, 0, 0, 0, 0, 0, 0, 0, 0, 0, 0, 0, 0, 0, 0, 0]	[0.00021620001643896103, 0.011443200026405975, 0.028114200016716495, 0.04470160001073964, 0.061728800006676465, 0.0786713000270538, 0.09491830001934431, 0.11133010001503862, 0.12808780002524145, 0.14494340002420358, 0.16162330002407543, 0.17848060000687838, 0.19490000000223517, 0.21198800002457574, 0.22832310001831502, 0.2449133000045549, 0.26163110000197776, 0.2788262000249233, 0.29588820002391003, 0.3114668000198435, 0.3282307000190485, 0.34489180002128705, 0.361558700009482, 0.3781370000215247, 0.3950288000050932, 0.4115622000244912, 0.427913300023647, 0.44489480002084747, 0.4613385999982711, 0.477997600013623, 0.49466940001002513, 0.5110627000103705, 0.5280085999984294, 0.5447183000214864, 0.5613864000188187, 0.5780953000066802, 0.5946440000261646, 0.6114172000088729, 0.6278957000176888, 0.6449998000171036, 0.6612476000154857, 0.6780081000179052, 0.6947580999985803, 0.7112230000202544, 0.7278862000093795, 0.744658800016623, 0.7615401000075508, 0.7778620000171941, 0.794716000003973, 0.8111466000264045, 0.82792030001292, 0.8445939000230283, 0.8614605000184383, 0.8779313999984879, 0.894515300024068, 0.9112048000097275, 0.9279577000124846, 0.9444638999993913, 0.9612902000080794, 0.977960800024448, 0.9946216000244021, 1.0113448000047356, 1.0278271000133827, 1.0443214000260923, 1.0610702000267338, 1.0776608000160195, 1.094164100009948]	n/a	n/a	0.5	8a
561	14	go_nogo	0	60	6	go	click	[71.0, 71.0, 104.0, 124.0, 136.0, 146.0, 155.0, 167.0, 178.0, 193.0, 199.0, 201.0, 203.0, 204.0, 204.0, 205.0, 205.0, 205.0, 205.0, 205.0, 204.0, 204.0, 204.0, 204.0, 204.0, 204.0, 204.0, 204.0, 204.0, 204.0, 204.0, 204.0, 204.0, 204.0, 204.0, 204.0]	[-285.0, -285.0, -190.0, -124.0, -77.0, -36.0, 14.0, 66.0, 118.0, 171.0, 190.0, 203.0, 214.0, 223.0, 228.0, 232.0, 234.0, 235.0, 237.0, 238.0, 239.0, 239.0, 239.0, 239.0, 239.0, 241.0, 246.0, 255.0, 267.0, 280.0, 285.0, 285.0, 285.0, 285.0, 285.0, 285.0]	[0, 0, 0, 0, 0, 0, 0, 0, 0, 0, 0, 0, 0, 0, 0, 0, 0, 0, 0, 0, 0, 0, 0, 0, 0, 0, 0, 0, 0, 0, 0, 0, 0, 0, 0, 1]	[0, 0, 0, 0, 0, 0, 0, 0, 0, 0, 0, 0, 0, 0, 0, 0, 0, 0, 0, 0, 0, 0, 0, 0, 0, 0, 0, 0, 0, 0, 0, 0, 0, 0, 0, 0]	[0, 0, 0, 0, 0, 0, 0, 0, 0, 0, 0, 0, 0, 0, 0, 0, 0, 0, 0, 0, 0, 0, 0, 0, 0, 0, 0, 0, 0, 0, 0, 0, 0, 0, 0, 0]	[0.00010060000931844115, 0.011231799988308921, 0.027948700007982552, 0.04452669998863712, 0.06126180000137538, 0.07804769999347627, 0.09461080000619404, 0.1113482000073418, 0.12792649999028072, 0.1447444999939762, 0.1613647000049241, 0.17884310000226833, 0.19470250001177192, 0.21124830000917427, 0.2279495999973733, 0.24513110000407323, 0.26127389998873696, 0.27799279999453574, 0.294743100006599, 0.31143910001264885, 0.3278736000065692, 0.344350300001679, 0.36092020000796765, 0.3776509999879636, 0.3943637000047602, 0.4110309999960009, 0.42763819999527186, 0.4445275999896694, 0.4614886000053957, 0.47795170001336373, 0.4942659999942407, 0.5110590000113007, 0.5276779000123497, 0.544186000013724, 0.5609870000043884, 0.5782304999884218]	204.0	285.0	0.7	8a
562	14	go_nogo	0	60	8	go	click	[75.0, 75.0, 87.0, 104.0, 119.0, 142.0, 155.0, 165.0, 173.0, 176.0, 179.0, 183.0, 186.0, 187.0, 188.0, 189.0, 189.0, 190.0, 191.0, 191.0, 191.0, 191.0, 191.0, 191.0, 191.0, 191.0, 191.0, 191.0, 191.0]	[-244.0, -244.0, -221.0, -185.0, -135.0, -46.0, 21.0, 83.0, 133.0, 173.0, 215.0, 251.0, 279.0, 300.0, 308.0, 311.0, 313.0, 318.0, 322.0, 324.0, 324.0, 324.0, 324.0, 324.0, 324.0, 324.0, 324.0, 324.0, 324.0]	[0, 0, 0, 0, 0, 0, 0, 0, 0, 0, 0, 0, 0, 0, 0, 0, 0, 0, 0, 0, 0, 0, 0, 0, 0, 0, 0, 0, 1]	[0, 0, 0, 0, 0, 0, 0, 0, 0, 0, 0, 0, 0, 0, 0, 0, 0, 0, 0, 0, 0, 0, 0, 0, 0, 0, 0, 0, 0]	[0, 0, 0, 0, 0, 0, 0, 0, 0, 0, 0, 0, 0, 0, 0, 0, 0, 0, 0, 0, 0, 0, 0, 0, 0, 0, 0, 0, 0]	[0.00020310000400058925, 0.00911779998568818, 0.025734900002134964, 0.0426214000035543, 0.05909819999942556, 0.07644750000326894, 0.0928342999832239, 0.10945849999552593, 0.12574469999526627, 0.1423981999978423, 0.15913330001058057, 0.17590909998398274, 0.19245020000380464, 0.2089896000106819, 0.2259413999854587, 0.24222469999222085, 0.2589453000109643, 0.2758744999882765, 0.29229009998380207, 0.30890000000363216, 0.3255318999872543, 0.34214299998711795, 0.35875740001210943, 0.3757573000038974, 0.3920821000065189, 0.40888400000403635, 0.4254136999952607, 0.44205039998632856, 0.45923939999192953]	191.0	324.0	0.7	8a
563	14	go_nogo	0	60	4	go	click	[48.0, 48.0, 66.0, 114.0, 140.0, 161.0, 178.0, 194.0, 207.0, 216.0, 222.0, 224.0, 227.0, 228.0, 230.0, 230.0, 230.0, 230.0, 230.0, 230.0, 230.0, 230.0, 230.0, 230.0, 230.0]	[-233.0, -233.0, -191.0, -54.0, 28.0, 98.0, 159.0, 216.0, 258.0, 283.0, 298.0, 305.0, 313.0, 321.0, 328.0, 329.0, 329.0, 329.0, 329.0, 329.0, 329.0, 329.0, 329.0, 329.0, 329.0]	[0, 0, 0, 0, 0, 0, 0, 0, 0, 0, 0, 0, 0, 0, 0, 0, 0, 0, 0, 0, 0, 0, 0, 0, 1]	[0, 0, 0, 0, 0, 0, 0, 0, 0, 0, 0, 0, 0, 0, 0, 0, 0, 0, 0, 0, 0, 0, 0, 0, 0]	[0, 0, 0, 0, 0, 0, 0, 0, 0, 0, 0, 0, 0, 0, 0, 0, 0, 0, 0, 0, 0, 0, 0, 0, 0]	[0.00035940000088885427, 0.008786499995039776, 0.026021099998615682, 0.042252999992342666, 0.05928149999817833, 0.07579889998305589, 0.09203749999869615, 0.10916319998796098, 0.12561639997875318, 0.14215669999248348, 0.1587699999799952, 0.17548519998672418, 0.1923250999825541, 0.20898100000340492, 0.22558339999523014, 0.2420216999889817, 0.25874459999613464, 0.27541619999101385, 0.2920810999930836, 0.30881940000108443, 0.3253971999802161, 0.34215909999329597, 0.35861779999686405, 0.37537319998955354, 0.39267820000532083]	230.0	329.0	0.8	8a
564	14	go_nogo	0	60	8	go	click	[83.0, 83.0, 90.0, 106.0, 134.0, 146.0, 160.0, 172.0, 185.0, 199.0, 212.0, 223.0, 231.0, 235.0, 237.0, 237.0, 238.0, 240.0, 240.0, 239.0, 238.0, 237.0, 236.0, 236.0, 236.0, 236.0, 235.0, 235.0, 235.0, 235.0, 235.0, 235.0]	[-261.0, -261.0, -245.0, -198.0, -128.0, -87.0, -48.0, -10.0, 30.0, 67.0, 98.0, 127.0, 148.0, 162.0, 174.0, 177.0, 192.0, 205.0, 221.0, 234.0, 243.0, 250.0, 259.0, 268.0, 280.0, 291.0, 297.0, 305.0, 308.0, 308.0, 308.0, 308.0]	[0, 0, 0, 0, 0, 0, 0, 0, 0, 0, 0, 0, 0, 0, 0, 0, 0, 0, 0, 0, 0, 0, 0, 0, 0, 0, 0, 0, 0, 0, 0, 1]	[0, 0, 0, 0, 0, 0, 0, 0, 0, 0, 0, 0, 0, 0, 0, 0, 0, 0, 0, 0, 0, 0, 0, 0, 0, 0, 0, 0, 0, 0, 0, 0]	[0, 0, 0, 0, 0, 0, 0, 0, 0, 0, 0, 0, 0, 0, 0, 0, 0, 0, 0, 0, 0, 0, 0, 0, 0, 0, 0, 0, 0, 0, 0, 0]	[0.00021609998657368124, 0.011291799979517236, 0.02770449998206459, 0.044315699982689694, 0.06154830000014044, 0.0775079999875743, 0.0944784999883268, 0.11099329998251051, 0.1279750999819953, 0.14432449999731034, 0.16108510000049137, 0.17775169998640195, 0.19454009999753907, 0.21132299999590032, 0.22786509999423288, 0.24445239998749457, 0.26127389998873696, 0.277838799986057, 0.29440789998625405, 0.31138780000037514, 0.32763299997895956, 0.3448842999932822, 0.36125419999007136, 0.3780030999914743, 0.3943483000039123, 0.4109740999992937, 0.42769339997903444, 0.4444216999982018, 0.46083480000379495, 0.47755849998793565, 0.4942960999906063, 0.5112450000015087]	235.0	308.0	0.6	8a
565	14	go_nogo	0	60	8	go	click	[40.0, 50.0, 62.0, 93.0, 127.0, 152.0, 180.0, 202.0, 220.0, 237.0, 245.0, 252.0, 258.0, 261.0, 263.0, 265.0, 266.0, 266.0, 266.0, 266.0, 265.0, 261.0, 261.0, 259.0, 258.0, 256.0, 255.0, 250.0, 242.0, 229.0, 219.0, 213.0, 211.0, 211.0, 211.0, 211.0, 211.0]	[-287.0, -265.0, -239.0, -159.0, -85.0, -10.0, 58.0, 114.0, 151.0, 195.0, 216.0, 234.0, 248.0, 259.0, 266.0, 271.0, 276.0, 283.0, 286.0, 289.0, 291.0, 292.0, 293.0, 294.0, 295.0, 295.0, 295.0, 295.0, 294.0, 290.0, 287.0, 287.0, 287.0, 287.0, 287.0, 287.0, 287.0]	[0, 0, 0, 0, 0, 0, 0, 0, 0, 0, 0, 0, 0, 0, 0, 0, 0, 0, 0, 0, 0, 0, 0, 0, 0, 0, 0, 0, 0, 0, 0, 0, 0, 0, 0, 0, 1]	[0, 0, 0, 0, 0, 0, 0, 0, 0, 0, 0, 0, 0, 0, 0, 0, 0, 0, 0, 0, 0, 0, 0, 0, 0, 0, 0, 0, 0, 0, 0, 0, 0, 0, 0, 0, 0]	[0, 0, 0, 0, 0, 0, 0, 0, 0, 0, 0, 0, 0, 0, 0, 0, 0, 0, 0, 0, 0, 0, 0, 0, 0, 0, 0, 0, 0, 0, 0, 0, 0, 0, 0, 0, 0]	[0.0001433999859727919, 0.012019799993140623, 0.028641199984122068, 0.04526319997967221, 0.062017899996135384, 0.0785306999750901, 0.09525449998909608, 0.11193679997813888, 0.12878919998183846, 0.14539459999650717, 0.16180539998458698, 0.17826389998663217, 0.19513689997256733, 0.21199029998388141, 0.22855609998805448, 0.24539139997796156, 0.26174979997449555, 0.2786459999915678, 0.29532319999998435, 0.31180239998502657, 0.3286563000001479, 0.34518849998130463, 0.3616036999737844, 0.37858869999763556, 0.39504189998842776, 0.4118397999845911, 0.42845089998445474, 0.4454634999856353, 0.46169559998088516, 0.4781720999744721, 0.49488399998517707, 0.5115752999845427, 0.5280846999958158, 0.5447019999846816, 0.5614749999949709, 0.5781389999901876, 0.5957333999976981]	211.0	286.0	0.9	8a
566	14	go_nogo	0	60	3	go	click	[82.0, 82.0, 93.0, 118.0, 164.0, 192.0, 207.0, 216.0, 223.0, 227.0, 228.0, 229.0, 229.0, 229.0, 229.0, 229.0, 228.0, 226.0, 224.0, 222.0, 220.0, 219.0, 219.0, 219.0, 219.0, 220.0, 220.0, 220.0, 220.0]	[-226.0, -226.0, -197.0, -125.0, -8.0, 64.0, 111.0, 144.0, 167.0, 182.0, 193.0, 203.0, 208.0, 209.0, 211.0, 214.0, 221.0, 228.0, 234.0, 242.0, 253.0, 266.0, 282.0, 296.0, 307.0, 315.0, 316.0, 316.0, 316.0]	[0, 0, 0, 0, 0, 0, 0, 0, 0, 0, 0, 0, 0, 0, 0, 0, 0, 0, 0, 0, 0, 0, 0, 0, 0, 0, 0, 0, 1]	[0, 0, 0, 0, 0, 0, 0, 0, 0, 0, 0, 0, 0, 0, 0, 0, 0, 0, 0, 0, 0, 0, 0, 0, 0, 0, 0, 0, 0]	[0, 0, 0, 0, 0, 0, 0, 0, 0, 0, 0, 0, 0, 0, 0, 0, 0, 0, 0, 0, 0, 0, 0, 0, 0, 0, 0, 0, 0]	[0.00020470001618377864, 0.009200300002703443, 0.02598440001020208, 0.04287060000933707, 0.059232500003417954, 0.07646450001630001, 0.09304160001920536, 0.10916370002087206, 0.12580249999882653, 0.14254220001748763, 0.15968720000819303, 0.17571430001407862, 0.19275080002262257, 0.20939920001546852, 0.22610860000713728, 0.24256939999759197, 0.25951140001416206, 0.2763118000002578, 0.292449000000488, 0.30920050002168864, 0.3259492000215687, 0.34257520001847297, 0.35919129999820143, 0.37622340000234544, 0.39235910002025776, 0.4092186000198126, 0.42551210001693107, 0.4423998999991454, 0.45958730002166703]	220.0	316.0	0.5	8a
567	14	go_nogo	0	60	4	go	click	[80.0, 80.0, 91.0, 115.0, 144.0, 164.0, 179.0, 188.0, 195.0, 199.0, 201.0, 204.0, 204.0, 205.0, 205.0, 205.0, 205.0, 205.0, 205.0, 206.0, 206.0, 206.0, 207.0]	[-239.0, -239.0, -205.0, -120.0, -14.0, 78.0, 142.0, 184.0, 234.0, 261.0, 285.0, 302.0, 316.0, 327.0, 335.0, 339.0, 342.0, 345.0, 347.0, 350.0, 350.0, 350.0, 350.0]	[0, 0, 0, 0, 0, 0, 0, 0, 0, 0, 0, 0, 0, 0, 0, 0, 0, 0, 0, 0, 0, 0, 1]	[0, 0, 0, 0, 0, 0, 0, 0, 0, 0, 0, 0, 0, 0, 0, 0, 0, 0, 0, 0, 0, 0, 0]	[0, 0, 0, 0, 0, 0, 0, 0, 0, 0, 0, 0, 0, 0, 0, 0, 0, 0, 0, 0, 0, 0, 0]	[0.00017899999511428177, 0.009256599994841963, 0.026383499993244186, 0.04263569999602623, 0.05947189999278635, 0.07615869998699054, 0.0925586000084877, 0.10940119999577291, 0.1265449000056833, 0.14278570000897162, 0.15950989999691956, 0.17614950001006946, 0.1928753000102006, 0.2093921999912709, 0.22635300000547431, 0.2429161999898497, 0.25929449999239296, 0.2760960999876261, 0.2926416000118479, 0.30923029998666607, 0.3257906000071671, 0.3428882999869529, 0.36077619998832233]	207.0	350.0	0.8	8a
568	14	go_nogo	0	60	2	go	click	[45.0, 57.0, 75.0, 115.0, 150.0, 179.0, 196.0, 206.0, 214.0, 216.0, 217.0, 219.0, 220.0, 220.0, 220.0, 220.0, 220.0, 219.0, 218.0, 216.0, 216.0, 215.0, 215.0, 215.0, 216.0, 217.0, 218.0, 218.0, 218.0]	[-268.0, -241.0, -213.0, -142.0, -71.0, 4.0, 51.0, 91.0, 134.0, 156.0, 178.0, 201.0, 219.0, 230.0, 235.0, 239.0, 243.0, 246.0, 250.0, 256.0, 262.0, 273.0, 281.0, 288.0, 295.0, 302.0, 302.0, 302.0, 302.0]	[0, 0, 0, 0, 0, 0, 0, 0, 0, 0, 0, 0, 0, 0, 0, 0, 0, 0, 0, 0, 0, 0, 0, 0, 0, 0, 0, 0, 1]	[0, 0, 0, 0, 0, 0, 0, 0, 0, 0, 0, 0, 0, 0, 0, 0, 0, 0, 0, 0, 0, 0, 0, 0, 0, 0, 0, 0, 0]	[0, 0, 0, 0, 0, 0, 0, 0, 0, 0, 0, 0, 0, 0, 0, 0, 0, 0, 0, 0, 0, 0, 0, 0, 0, 0, 0, 0, 0]	[0.00017680000746622682, 0.011437600012868643, 0.028124600008595735, 0.044335000013234094, 0.06096680002519861, 0.07769470001221634, 0.0944642000249587, 0.1111463000124786, 0.12762860002112575, 0.1443184000090696, 0.16120760000194423, 0.17809040000429377, 0.19415740002295934, 0.21081390001927502, 0.22746840000036173, 0.24435550000634976, 0.26084100001025945, 0.2774781000043731, 0.29415339999832213, 0.31083050000597723, 0.3274556000251323, 0.3444614000036381, 0.3614075000223238, 0.37812780000967905, 0.3941339000011794, 0.41082220000680536, 0.427417200000491, 0.4440692000207491, 0.46105400001397356]	218.0	302.0	0.8	8a
569	14	go_nogo	0	60	2	go	click	[52.0, 52.0, 71.0, 97.0, 114.0, 130.0, 144.0, 156.0, 167.0, 173.0, 178.0, 180.0, 183.0, 185.0, 186.0, 187.0, 188.0, 191.0, 195.0, 198.0, 199.0, 201.0, 203.0, 209.0, 215.0, 218.0, 220.0, 221.0, 221.0, 221.0, 221.0, 221.0, 221.0, 221.0, 221.0, 221.0, 221.0]	[-251.0, -251.0, -210.0, -163.0, -124.0, -83.0, -41.0, -6.0, 25.0, 50.0, 67.0, 80.0, 89.0, 96.0, 105.0, 114.0, 124.0, 138.0, 156.0, 170.0, 185.0, 200.0, 217.0, 238.0, 257.0, 270.0, 276.0, 280.0, 283.0, 285.0, 286.0, 286.0, 286.0, 286.0, 286.0, 286.0, 286.0]	[0, 0, 0, 0, 0, 0, 0, 0, 0, 0, 0, 0, 0, 0, 0, 0, 0, 0, 0, 0, 0, 0, 0, 0, 0, 0, 0, 0, 0, 0, 0, 0, 0, 0, 0, 0, 1]	[0, 0, 0, 0, 0, 0, 0, 0, 0, 0, 0, 0, 0, 0, 0, 0, 0, 0, 0, 0, 0, 0, 0, 0, 0, 0, 0, 0, 0, 0, 0, 0, 0, 0, 0, 0, 0]	[0, 0, 0, 0, 0, 0, 0, 0, 0, 0, 0, 0, 0, 0, 0, 0, 0, 0, 0, 0, 0, 0, 0, 0, 0, 0, 0, 0, 0, 0, 0, 0, 0, 0, 0, 0, 0]	[0.00039259999175556004, 0.011556899989955127, 0.02823480000370182, 0.045567699999082834, 0.06127579999156296, 0.07798659999389201, 0.0944759999983944, 0.11118239999632351, 0.1278089999977965, 0.14456809998955578, 0.16131219998351298, 0.17794189997948706, 0.19463959999848157, 0.21105769998393953, 0.22792949998984113, 0.2448572999855969, 0.2610839999979362, 0.2779283999989275, 0.2942641999979969, 0.31082969999988563, 0.32770609998260625, 0.34450000000651926, 0.36107039998751134, 0.3776272999821231, 0.3938886999967508, 0.41106139999465086, 0.42741030000615865, 0.4442960000014864, 0.4608938999881502, 0.4776261999795679, 0.4941147999779787, 0.510941799991997, 0.5275262999930419, 0.544135300006019, 0.5608677999989595, 0.5774040999822319, 0.5942174999800045]	221.0	286.0	0.5	8a
570	14	go_nogo	0	60	1	nogo	none	[63.0, 63.0, 77.0, 105.0, 128.0, 140.0, 149.0, 157.0, 162.0, 167.0, 173.0, 181.0, 187.0, 191.0, 193.0, 194.0, 195.0, 196.0, 197.0, 198.0, 198.0, 198.0, 198.0, 198.0, 198.0, 198.0, 198.0, 198.0, 198.0, 198.0, 198.0, 198.0, 198.0, 198.0, 198.0, 198.0, 198.0, 198.0, 198.0, 198.0, 198.0, 198.0, 198.0, 198.0, 198.0, 198.0, 198.0, 198.0, 198.0, 198.0, 198.0, 198.0, 198.0, 198.0, 198.0, 198.0, 198.0, 198.0, 198.0, 198.0, 198.0, 198.0, 198.0]	[-236.0, -236.0, -202.0, -122.0, -56.0, -11.0, 26.0, 78.0, 111.0, 139.0, 166.0, 189.0, 208.0, 223.0, 235.0, 242.0, 250.0, 257.0, 259.0, 263.0, 263.0, 263.0, 263.0, 263.0, 263.0, 264.0, 264.0, 264.0, 264.0, 264.0, 264.0, 264.0, 264.0, 264.0, 264.0, 264.0, 264.0, 264.0, 264.0, 264.0, 264.0, 264.0, 264.0, 264.0, 264.0, 264.0, 264.0, 264.0, 264.0, 264.0, 264.0, 264.0, 264.0, 264.0, 264.0, 264.0, 264.0, 264.0, 264.0, 264.0, 264.0, 264.0, 264.0]	[0, 0, 0, 0, 0, 0, 0, 0, 0, 0, 0, 0, 0, 0, 0, 0, 0, 0, 0, 0, 0, 0, 0, 0, 0, 0, 0, 0, 0, 0, 0, 0, 0, 0, 0, 0, 0, 0, 0, 0, 0, 0, 0, 0, 0, 0, 0, 0, 0, 0, 0, 0, 0, 0, 0, 0, 0, 0, 0, 0, 0, 0, 0]	[0, 0, 0, 0, 0, 0, 0, 0, 0, 0, 0, 0, 0, 0, 0, 0, 0, 0, 0, 0, 0, 0, 0, 0, 0, 0, 0, 0, 0, 0, 0, 0, 0, 0, 0, 0, 0, 0, 0, 0, 0, 0, 0, 0, 0, 0, 0, 0, 0, 0, 0, 0, 0, 0, 0, 0, 0, 0, 0, 0, 0, 0, 0]	[0, 0, 0, 0, 0, 0, 0, 0, 0, 0, 0, 0, 0, 0, 0, 0, 0, 0, 0, 0, 0, 0, 0, 0, 0, 0, 0, 0, 0, 0, 0, 0, 0, 0, 0, 0, 0, 0, 0, 0, 0, 0, 0, 0, 0, 0, 0, 0, 0, 0, 0, 0, 0, 0, 0, 0, 0, 0, 0, 0, 0, 0, 0]	[0.00019069999689236283, 0.010129900008905679, 0.026658899994799867, 0.04335520000313409, 0.0598848000227008, 0.07710330002009869, 0.09356480001588352, 0.11072630001581274, 0.12666380000882782, 0.1431530000118073, 0.16025630000513047, 0.17652380000799894, 0.19327530000009574, 0.21001690000412054, 0.2268099000211805, 0.24327920001815073, 0.26010080002015457, 0.2771192000072915, 0.2935202000080608, 0.30979100000695325, 0.3263178000051994, 0.3432385000050999, 0.3597488999948837, 0.37634580000303686, 0.3931313000211958, 0.4098532000207342, 0.4263721000170335, 0.44326070000533946, 0.45963019999908283, 0.4763262000051327, 0.4930844000191428, 0.5096407000091858, 0.5263087000057567, 0.543104400014272, 0.5596666000201367, 0.5763585999957286, 0.5929834000125993, 0.6095677000121213, 0.6263066999963485, 0.6429661000147462, 0.659759700007271, 0.6761677000031341, 0.6925481000216678, 0.7095027000177652, 0.7261727000004612, 0.742862300015986, 0.759519100014586, 0.7761402000032831, 0.7928715000161901, 0.8094759999949019, 0.8261503000103403, 0.8431219000194687, 0.8595484000106808, 0.8763116000045557, 0.892898200021591, 0.9094103999959771, 0.9261021999991499, 0.9433013999951072, 0.9597295999992639, 0.9764473999966867, 0.9928300000028685, 1.0097207000071649, 1.0261906000087038]	n/a	n/a	0.7	8a
571	14	go_nogo	0	60	7	go	click	[48.0, 48.0, 79.0, 103.0, 121.0, 128.0, 131.0, 136.0, 144.0, 154.0, 161.0, 169.0, 175.0, 181.0, 187.0, 190.0, 196.0, 200.0, 206.0, 213.0, 218.0, 221.0, 223.0, 223.0, 223.0, 223.0, 223.0]	[-288.0, -288.0, -212.0, -145.0, -80.0, -36.0, 4.0, 41.0, 75.0, 120.0, 139.0, 161.0, 182.0, 201.0, 216.0, 228.0, 240.0, 253.0, 267.0, 279.0, 288.0, 294.0, 298.0, 298.0, 298.0, 298.0, 298.0]	[0, 0, 0, 0, 0, 0, 0, 0, 0, 0, 0, 0, 0, 0, 0, 0, 0, 0, 0, 0, 0, 0, 0, 0, 0, 0, 1]	[0, 0, 0, 0, 0, 0, 0, 0, 0, 0, 0, 0, 0, 0, 0, 0, 0, 0, 0, 0, 0, 0, 0, 0, 0, 0, 0]	[0, 0, 0, 0, 0, 0, 0, 0, 0, 0, 0, 0, 0, 0, 0, 0, 0, 0, 0, 0, 0, 0, 0, 0, 0, 0, 0]	[0.0001286999904550612, 0.010986599983880296, 0.027581899979850277, 0.04442189997644164, 0.06104400000185706, 0.07774879998760298, 0.09438119997503236, 0.11101349999080412, 0.12750039997627027, 0.14428339997539297, 0.16137969997362234, 0.1777826999896206, 0.19425289999344386, 0.21099729998968542, 0.22768069998710416, 0.24417869999888353, 0.26091579999774694, 0.2775911999924574, 0.2942715999961365, 0.3110080999904312, 0.32746409997344017, 0.34425119997467846, 0.36075339998933487, 0.37729449998005293, 0.3942685999791138, 0.4107275999849662, 0.42808579999837093]	223.0	298.0	0.5	8a
572	14	go_nogo	0	60	9	nogo	none	[122.0, 122.0, 144.0, 188.0, 223.0, 249.0, 272.0, 288.0, 297.0, 302.0, 307.0, 310.0, 311.0, 311.0, 309.0, 307.0, 306.0, 302.0, 299.0, 296.0, 292.0, 289.0, 285.0, 282.0, 277.0, 276.0, 276.0, 276.0, 276.0, 275.0, 275.0, 275.0, 275.0, 275.0, 274.0, 274.0, 274.0, 274.0, 274.0, 274.0, 274.0, 274.0, 274.0, 274.0, 274.0, 274.0, 274.0, 274.0, 274.0, 274.0, 274.0, 274.0, 274.0, 274.0, 274.0, 274.0, 274.0, 274.0, 274.0, 274.0, 274.0, 274.0, 274.0, 274.0, 274.0, 274.0, 274.0, 274.0, 274.0]	[-171.0, -171.0, -131.0, -56.0, 11.0, 72.0, 128.0, 168.0, 201.0, 226.0, 251.0, 273.0, 296.0, 304.0, 307.0, 309.0, 310.0, 312.0, 314.0, 315.0, 315.0, 315.0, 315.0, 315.0, 314.0, 313.0, 312.0, 312.0, 312.0, 312.0, 312.0, 312.0, 312.0, 312.0, 310.0, 310.0, 310.0, 310.0, 310.0, 310.0, 310.0, 310.0, 310.0, 310.0, 310.0, 310.0, 310.0, 310.0, 310.0, 310.0, 310.0, 310.0, 310.0, 310.0, 310.0, 310.0, 310.0, 310.0, 310.0, 310.0, 310.0, 310.0, 310.0, 310.0, 310.0, 310.0, 310.0, 310.0, 310.0]	[0, 0, 0, 0, 0, 0, 0, 0, 0, 0, 0, 0, 0, 0, 0, 0, 0, 0, 0, 0, 0, 0, 0, 0, 0, 0, 0, 0, 0, 0, 0, 0, 0, 0, 0, 0, 0, 0, 0, 0, 0, 0, 0, 0, 0, 0, 0, 0, 0, 0, 0, 0, 0, 0, 0, 0, 0, 0, 0, 0, 0, 0, 0, 0, 0, 0, 0, 0, 0]	[0, 0, 0, 0, 0, 0, 0, 0, 0, 0, 0, 0, 0, 0, 0, 0, 0, 0, 0, 0, 0, 0, 0, 0, 0, 0, 0, 0, 0, 0, 0, 0, 0, 0, 0, 0, 0, 0, 0, 0, 0, 0, 0, 0, 0, 0, 0, 0, 0, 0, 0, 0, 0, 0, 0, 0, 0, 0, 0, 0, 0, 0, 0, 0, 0, 0, 0, 0, 0]	[0, 0, 0, 0, 0, 0, 0, 0, 0, 0, 0, 0, 0, 0, 0, 0, 0, 0, 0, 0, 0, 0, 0, 0, 0, 0, 0, 0, 0, 0, 0, 0, 0, 0, 0, 0, 0, 0, 0, 0, 0, 0, 0, 0, 0, 0, 0, 0, 0, 0, 0, 0, 0, 0, 0, 0, 0, 0, 0, 0, 0, 0, 0, 0, 0, 0, 0, 0, 0]	[0.00023140001576393843, 0.008078300015768036, 0.024895900016417727, 0.04188190001877956, 0.0584326000243891, 0.0752191000210587, 0.09176950002438389, 0.10866160001023673, 0.1252027000009548, 0.14177440002094954, 0.15871460002381355, 0.17511959999683313, 0.19213219999801368, 0.20844290000968613, 0.22488700001849793, 0.24173370000789873, 0.2583558000042103, 0.2750030000170227, 0.2916640000184998, 0.3083946999977343, 0.32506240002112463, 0.341668800014304, 0.3583018000063021, 0.3750962000049185, 0.3916992000013124, 0.4084924000198953, 0.42490060001728125, 0.4415179000061471, 0.45838220001314767, 0.4747798000171315, 0.4915110000001732, 0.5082228000101168, 0.5246969000145327, 0.5415005999966525, 0.5580763000180013, 0.5748024000204168, 0.5916060000017751, 0.6080826000252273, 0.6247872000094503, 0.6415126000065356, 0.6581187999981921, 0.6750319999991916, 0.6915114000148606, 0.7081184000126086, 0.7247234000242315, 0.7413690999965183, 0.7581652000080794, 0.7748108000087086, 0.7915278000000399, 0.8081477000087034, 0.8255252000235487, 0.8414666000171565, 0.8581176000006963, 0.8746696000162046, 0.8915965000051074, 0.9080397000070661, 0.9246841999993194, 0.9414230000111274, 0.9582212000095751, 0.9746392000233755, 0.9915445000224281, 1.0079943000164349, 1.024669200007338, 1.0414012999972329, 1.0579835000098683, 1.0746081000252161, 1.091378100012662, 1.1080394000164233, 1.124660200002836]	n/a	n/a	0.7	8a
573	14	go_nogo	0	60	3	go	click	[68.0, 68.0, 85.0, 119.0, 147.0, 170.0, 185.0, 191.0, 194.0, 195.0, 195.0, 196.0, 198.0, 202.0, 202.0, 202.0, 202.0, 202.0, 202.0, 202.0, 202.0, 202.0, 202.0, 202.0]	[-196.0, -196.0, -139.0, -36.0, 58.0, 128.0, 198.0, 227.0, 245.0, 255.0, 261.0, 266.0, 274.0, 281.0, 282.0, 282.0, 282.0, 282.0, 282.0, 282.0, 282.0, 282.0, 282.0, 282.0]	[0, 0, 0, 0, 0, 0, 0, 0, 0, 0, 0, 0, 0, 0, 0, 0, 0, 0, 0, 0, 0, 0, 0, 1]	[0, 0, 0, 0, 0, 0, 0, 0, 0, 0, 0, 0, 0, 0, 0, 0, 0, 0, 0, 0, 0, 0, 0, 0]	[0, 0, 0, 0, 0, 0, 0, 0, 0, 0, 0, 0, 0, 0, 0, 0, 0, 0, 0, 0, 0, 0, 0, 0]	[0.00020910002058371902, 0.011159800022142008, 0.027635700011160225, 0.04433450000942685, 0.06108470002072863, 0.07777870001154952, 0.09479560001636855, 0.11127900000428781, 0.12781530001666397, 0.14450740002212115, 0.16130160001921467, 0.17819030000828207, 0.19469500001287088, 0.21148500000708736, 0.22789700000430457, 0.24431629999889992, 0.26124170000548474, 0.27772430001641624, 0.29413429999840446, 0.31097330001648515, 0.32769390000612475, 0.34443160000955686, 0.36096610000822693, 0.3778111000137869]	202.0	282.0	0.9	8a
574	14	go_nogo	0	60	6	go	click	[96.0, 96.0, 125.0, 153.0, 178.0, 199.0, 216.0, 227.0, 232.0, 233.0, 236.0, 237.0, 239.0, 240.0, 240.0, 240.0, 240.0, 240.0, 239.0, 237.0, 237.0, 237.0, 237.0, 237.0, 237.0]	[-274.0, -274.0, -208.0, -118.0, -33.0, 48.0, 128.0, 180.0, 212.0, 243.0, 256.0, 270.0, 285.0, 293.0, 295.0, 298.0, 301.0, 304.0, 306.0, 307.0, 308.0, 308.0, 308.0, 308.0, 308.0]	[0, 0, 0, 0, 0, 0, 0, 0, 0, 0, 0, 0, 0, 0, 0, 0, 0, 0, 0, 0, 0, 0, 0, 0, 1]	[0, 0, 0, 0, 0, 0, 0, 0, 0, 0, 0, 0, 0, 0, 0, 0, 0, 0, 0, 0, 0, 0, 0, 0, 0]	[0, 0, 0, 0, 0, 0, 0, 0, 0, 0, 0, 0, 0, 0, 0, 0, 0, 0, 0, 0, 0, 0, 0, 0, 0]	[8.120000711642206e-05, 0.011730600002920255, 0.028188099997350946, 0.04520920000504702, 0.06174190001911484, 0.07846469999640249, 0.09527160000288859, 0.11192429999937303, 0.12877430001390167, 0.14520690002245829, 0.16184790001716465, 0.17859360002330504, 0.19544219999806955, 0.21187680002185516, 0.22838750001392327, 0.24491259999922477, 0.261439199995948, 0.27843200002098456, 0.29516180002246983, 0.3117457000189461, 0.3282830000098329, 0.34489120001671836, 0.36150120000820607, 0.3782329000241589, 0.3948590000218246]	237.0	308.0	0.5	8a
575	14	go_nogo	0	60	3	go	click	[59.0, 59.0, 76.0, 97.0, 119.0, 144.0, 163.0, 177.0, 190.0, 200.0, 208.0, 216.0, 221.0, 221.0, 222.0, 222.0, 222.0, 222.0, 222.0, 222.0, 222.0, 222.0, 222.0, 222.0]	[-290.0, -290.0, -255.0, -207.0, -137.0, -55.0, 11.0, 64.0, 109.0, 149.0, 190.0, 222.0, 241.0, 250.0, 255.0, 259.0, 261.0, 266.0, 276.0, 293.0, 305.0, 307.0, 307.0, 307.0]	[0, 0, 0, 0, 0, 0, 0, 0, 0, 0, 0, 0, 0, 0, 0, 0, 0, 0, 0, 0, 0, 0, 0, 1]	[0, 0, 0, 0, 0, 0, 0, 0, 0, 0, 0, 0, 0, 0, 0, 0, 0, 0, 0, 0, 0, 0, 0, 0]	[0, 0, 0, 0, 0, 0, 0, 0, 0, 0, 0, 0, 0, 0, 0, 0, 0, 0, 0, 0, 0, 0, 0, 0]	[0.0001066999975591898, 0.010026899981312454, 0.02662869999767281, 0.04322570000658743, 0.05978729997877963, 0.07651990000158548, 0.09311919999890961, 0.10988699999870732, 0.12638119998155162, 0.14301899998099543, 0.15977979998569936, 0.17656880000140518, 0.1933701999951154, 0.21009029998094775, 0.22641810000641271, 0.24305509999976493, 0.25979079998796806, 0.27667839999776334, 0.29337269999086857, 0.31013179998262785, 0.32663959998171777, 0.34323729999596253, 0.3596968000056222, 0.3768960000015795]	222.0	307.0	0.8	8a
576	14	go_nogo	0	60	3	go	click	[42.0, 42.0, 55.0, 63.0, 76.0, 86.0, 96.0, 105.0, 112.0, 120.0, 126.0, 134.0, 140.0, 146.0, 152.0, 155.0, 159.0, 165.0, 170.0, 177.0, 184.0, 193.0, 206.0, 212.0, 212.0, 212.0]	[-280.0, -280.0, -235.0, -193.0, -144.0, -93.0, -49.0, -6.0, 32.0, 83.0, 115.0, 144.0, 167.0, 184.0, 200.0, 211.0, 224.0, 238.0, 251.0, 265.0, 281.0, 299.0, 323.0, 329.0, 330.0, 330.0]	[0, 0, 0, 0, 0, 0, 0, 0, 0, 0, 0, 0, 0, 0, 0, 0, 0, 0, 0, 0, 0, 0, 0, 0, 0, 0]	[0, 0, 0, 0, 0, 0, 0, 0, 0, 0, 0, 0, 0, 0, 0, 0, 0, 0, 0, 0, 0, 0, 0, 0, 0, 0]	[0, 0, 0, 0, 0, 0, 0, 0, 0, 0, 0, 0, 0, 0, 0, 0, 0, 0, 0, 0, 0, 0, 0, 0, 0, 0]	[8.820000221021473e-05, 0.012172099988674745, 0.028754499973729253, 0.04557419999036938, 0.062124399992171675, 0.07902499998454005, 0.09583439998095855, 0.11268419999396428, 0.12910510000074282, 0.14597409998532385, 0.16246169997612014, 0.17934449997846968, 0.19553450000239536, 0.21235319998231716, 0.2289481999760028, 0.24579039998934604, 0.2623425999772735, 0.2791055999987293, 0.2957408999791369, 0.3123892000003252, 0.3292150999768637, 0.3454032999870833, 0.36234749999130145, 0.37888229999225587, 0.39554719999432564, 0.41211749997455627]	212.0	330.0	1.0	8a
577	14	go_nogo	0	60	4	go	click	[26.0, 26.0, 45.0, 62.0, 77.0, 94.0, 101.0, 109.0, 115.0, 120.0, 121.0, 121.0, 121.0, 121.0, 121.0, 121.0, 122.0, 123.0, 125.0, 130.0, 133.0, 139.0, 139.0, 140.0, 140.0, 140.0, 145.0, 150.0, 154.0, 157.0, 158.0, 159.0, 159.0, 159.0, 159.0, 159.0, 159.0, 159.0, 159.0, 159.0, 159.0, 159.0, 159.0]	[-286.0, -286.0, -228.0, -166.0, -98.0, -11.0, 57.0, 115.0, 169.0, 194.0, 216.0, 234.0, 251.0, 265.0, 273.0, 277.0, 279.0, 283.0, 289.0, 297.0, 303.0, 310.0, 310.0, 310.0, 310.0, 310.0, 307.0, 305.0, 304.0, 303.0, 303.0, 303.0, 303.0, 303.0, 303.0, 303.0, 303.0, 303.0, 303.0, 303.0, 303.0, 303.0, 303.0]	[0, 0, 0, 0, 0, 0, 0, 0, 0, 0, 0, 0, 0, 0, 0, 0, 0, 0, 0, 0, 0, 0, 0, 0, 0, 0, 0, 0, 0, 0, 0, 0, 0, 0, 0, 0, 0, 0, 0, 0, 0, 0, 1]	[0, 0, 0, 0, 0, 0, 0, 0, 0, 0, 0, 0, 0, 0, 0, 0, 0, 0, 0, 0, 0, 0, 0, 0, 0, 0, 0, 0, 0, 0, 0, 0, 0, 0, 0, 0, 0, 0, 0, 0, 0, 0, 0]	[0, 0, 0, 0, 0, 0, 0, 0, 0, 0, 0, 0, 0, 0, 0, 0, 0, 0, 0, 0, 0, 0, 0, 0, 0, 0, 0, 0, 0, 0, 0, 0, 0, 0, 0, 0, 0, 0, 0, 0, 0, 0, 0]	[8.47000046633184e-05, 0.011677100002998486, 0.02841269999044016, 0.04494150000391528, 0.06167900000582449, 0.0783600999857299, 0.09536300000036135, 0.11224669998046011, 0.12835590000031516, 0.14530459998059087, 0.16189909999957308, 0.17852220000349917, 0.19514739999431185, 0.21162429999094456, 0.22865410000667907, 0.245187900000019, 0.26161479999427684, 0.27843949999078177, 0.294886999996379, 0.31161999999312684, 0.3284659000055399, 0.34510710000176914, 0.3618343999842182, 0.37845170000218786, 0.3950819000019692, 0.41203750000568107, 0.4282216999854427, 0.4448663000075612, 0.46182559998123907, 0.4783797999843955, 0.49525290000019595, 0.5116313000035007, 0.5283446999965236, 0.5448380000016186, 0.5618259999901056, 0.5784913999959826, 0.5949390000023413, 0.6115216999896802, 0.6283505999890622, 0.6448782999941614, 0.6617177999869455, 0.6785375000035856, 0.695498699991731]	159.0	303.0	0.6	8a
578	14	go_nogo	0	60	6	go	click	[61.0, 61.0, 78.0, 97.0, 118.0, 140.0, 156.0, 168.0, 173.0, 180.0, 184.0, 189.0, 192.0, 195.0, 196.0, 196.0, 197.0, 197.0, 198.0, 198.0, 198.0, 198.0, 198.0, 198.0]	[-252.0, -252.0, -201.0, -143.0, -65.0, 1.0, 55.0, 96.0, 131.0, 159.0, 184.0, 203.0, 218.0, 238.0, 244.0, 247.0, 251.0, 254.0, 256.0, 257.0, 257.0, 257.0, 257.0, 257.0]	[0, 0, 0, 0, 0, 0, 0, 0, 0, 0, 0, 0, 0, 0, 0, 0, 0, 0, 0, 0, 0, 0, 0, 1]	[0, 0, 0, 0, 0, 0, 0, 0, 0, 0, 0, 0, 0, 0, 0, 0, 0, 0, 0, 0, 0, 0, 0, 0]	[0, 0, 0, 0, 0, 0, 0, 0, 0, 0, 0, 0, 0, 0, 0, 0, 0, 0, 0, 0, 0, 0, 0, 0]	[0.0002111000067088753, 0.010241100011626258, 0.027016100008040667, 0.04376249999040738, 0.06052490000729449, 0.07703859999310225, 0.09355550000327639, 0.11048649999429472, 0.12713829998392612, 0.1435967999859713, 0.1605449999915436, 0.17701769998529926, 0.19378929998492822, 0.2106676000112202, 0.22705970000242814, 0.24342929999693297, 0.26004910000483505, 0.27702700000372715, 0.2937228000082541, 0.3103705999965314, 0.32690529999672435, 0.3434300000080839, 0.3602530999924056, 0.3772169000003487]	198.0	257.0	0.6	8a
579	14	go_nogo	0	60	9	nogo	none	[67.0, 67.0, 97.0, 124.0, 148.0, 167.0, 177.0, 187.0, 194.0, 202.0, 210.0, 218.0, 222.0, 226.0, 228.0, 230.0, 232.0, 234.0, 235.0, 235.0, 235.0, 235.0, 235.0, 235.0, 235.0, 235.0, 235.0, 235.0, 235.0, 235.0, 235.0, 235.0, 235.0, 235.0, 235.0, 235.0, 235.0, 235.0, 235.0, 235.0, 235.0, 235.0, 235.0, 235.0, 235.0, 235.0, 235.0, 235.0, 235.0, 235.0, 235.0, 235.0, 235.0, 235.0, 235.0, 235.0, 235.0, 235.0, 235.0, 235.0, 235.0]	[-229.0, -229.0, -142.0, -56.0, 18.0, 80.0, 124.0, 163.0, 195.0, 222.0, 245.0, 271.0, 283.0, 292.0, 300.0, 313.0, 324.0, 332.0, 336.0, 336.0, 336.0, 336.0, 336.0, 336.0, 336.0, 336.0, 336.0, 336.0, 336.0, 336.0, 336.0, 336.0, 336.0, 336.0, 336.0, 336.0, 336.0, 336.0, 336.0, 336.0, 336.0, 336.0, 336.0, 336.0, 336.0, 336.0, 336.0, 336.0, 336.0, 336.0, 336.0, 336.0, 336.0, 336.0, 336.0, 336.0, 336.0, 336.0, 336.0, 336.0, 336.0]	[0, 0, 0, 0, 0, 0, 0, 0, 0, 0, 0, 0, 0, 0, 0, 0, 0, 0, 0, 0, 0, 0, 0, 0, 0, 0, 0, 0, 0, 0, 0, 0, 0, 0, 0, 0, 0, 0, 0, 0, 0, 0, 0, 0, 0, 0, 0, 0, 0, 0, 0, 0, 0, 0, 0, 0, 0, 0, 0, 0, 0]	[0, 0, 0, 0, 0, 0, 0, 0, 0, 0, 0, 0, 0, 0, 0, 0, 0, 0, 0, 0, 0, 0, 0, 0, 0, 0, 0, 0, 0, 0, 0, 0, 0, 0, 0, 0, 0, 0, 0, 0, 0, 0, 0, 0, 0, 0, 0, 0, 0, 0, 0, 0, 0, 0, 0, 0, 0, 0, 0, 0, 0]	[0, 0, 0, 0, 0, 0, 0, 0, 0, 0, 0, 0, 0, 0, 0, 0, 0, 0, 0, 0, 0, 0, 0, 0, 0, 0, 0, 0, 0, 0, 0, 0, 0, 0, 0, 0, 0, 0, 0, 0, 0, 0, 0, 0, 0, 0, 0, 0, 0, 0, 0, 0, 0, 0, 0, 0, 0, 0, 0, 0, 0]	[7.239999831654131e-05, 0.011959099996602163, 0.028696199995465577, 0.04532860001199879, 0.06189219999941997, 0.07860889998846687, 0.09539169998606667, 0.11174399999435991, 0.12861980000161566, 0.1451973000075668, 0.16172390000429004, 0.17852919999859296, 0.19557489998987876, 0.21232859999872744, 0.2284841999935452, 0.24514549999730662, 0.26184280001325533, 0.2786852999997791, 0.295044800004689, 0.31176300000515766, 0.328355300007388, 0.3449909999908414, 0.3617820999934338, 0.3783437999954913, 0.3952205000096001, 0.41149319999385625, 0.4284547000133898, 0.4449712999921758, 0.4616217000002507, 0.4780797999992501, 0.49513049999950454, 0.5116211000131443, 0.5283070000004955, 0.54513909999514, 0.5615735999890603, 0.578349999996135, 0.5948463999957312, 0.6114620000007562, 0.6285406000097282, 0.6448656000138726, 0.66171439999016, 0.6782779000059236, 0.6949870999960694, 0.7115618000098038, 0.7283875000139233, 0.7449691999936476, 0.7615266999928281, 0.7781596000131685, 0.7947152999986429, 0.8114573000057135, 0.8279393000120763, 0.8446345000120346, 0.8614731999987271, 0.8780713999876752, 0.894574800011469, 0.9113066999998409, 0.9282376999908593, 0.9451220000046305, 0.9616654000128619, 0.9781514999922365, 0.9948422999877948]	n/a	n/a	0.7	8a
580	14	go_nogo	0	60	4	go	click	[67.0, 67.0, 74.0, 93.0, 110.0, 122.0, 128.0, 135.0, 140.0, 144.0, 147.0, 152.0, 155.0, 160.0, 162.0, 162.0, 162.0, 163.0, 163.0, 165.0, 168.0, 173.0, 176.0, 181.0, 187.0, 193.0, 201.0, 203.0, 204.0, 205.0, 205.0, 205.0, 205.0, 205.0, 205.0]	[-278.0, -278.0, -261.0, -195.0, -137.0, -82.0, -43.0, -13.0, 16.0, 44.0, 67.0, 90.0, 112.0, 141.0, 154.0, 161.0, 164.0, 170.0, 175.0, 184.0, 193.0, 203.0, 211.0, 218.0, 228.0, 238.0, 251.0, 255.0, 259.0, 262.0, 263.0, 263.0, 263.0, 263.0, 263.0]	[0, 0, 0, 0, 0, 0, 0, 0, 0, 0, 0, 0, 0, 0, 0, 0, 0, 0, 0, 0, 0, 0, 0, 0, 0, 0, 0, 0, 0, 0, 0, 0, 0, 0, 1]	[0, 0, 0, 0, 0, 0, 0, 0, 0, 0, 0, 0, 0, 0, 0, 0, 0, 0, 0, 0, 0, 0, 0, 0, 0, 0, 0, 0, 0, 0, 0, 0, 0, 0, 0]	[0, 0, 0, 0, 0, 0, 0, 0, 0, 0, 0, 0, 0, 0, 0, 0, 0, 0, 0, 0, 0, 0, 0, 0, 0, 0, 0, 0, 0, 0, 0, 0, 0, 0, 0]	[0.00021520000882446766, 0.011302200000500306, 0.027971500006970018, 0.04467450000811368, 0.061503500008257106, 0.07768010001746006, 0.09443690002080984, 0.1110262000001967, 0.1279594000079669, 0.14466099999845028, 0.16160280001349747, 0.1778180999972392, 0.19456210001953878, 0.21127400000113994, 0.22820470001897775, 0.24501889999373816, 0.26178560001426376, 0.27797409999766387, 0.29477680000127293, 0.31131730001652613, 0.32805850001750514, 0.3442891000013333, 0.36124040000140667, 0.37798109999857843, 0.39477690000785515, 0.4113292999973055, 0.42807690001791343, 0.4447253000107594, 0.46195389999775216, 0.47774309999658726, 0.49459770001703873, 0.5110028000199236, 0.5277922000095714, 0.5444093999976758, 0.5614301000023261]	205.0	263.0	0.7	8a
581	14	go_nogo	0	60	7	go	click	[54.0, 54.0, 62.0, 74.0, 87.0, 100.0, 113.0, 123.0, 131.0, 137.0, 143.0, 149.0, 156.0, 168.0, 174.0, 177.0, 178.0, 179.0, 179.0, 180.0, 181.0, 186.0, 195.0, 201.0, 206.0, 210.0, 211.0, 211.0, 211.0, 211.0, 211.0, 211.0, 211.0, 211.0]	[-247.0, -247.0, -185.0, -95.0, 6.0, 104.0, 179.0, 227.0, 261.0, 286.0, 307.0, 328.0, 348.0, 376.0, 387.0, 393.0, 394.0, 395.0, 395.0, 395.0, 395.0, 392.0, 385.0, 375.0, 365.0, 352.0, 343.0, 335.0, 330.0, 325.0, 322.0, 321.0, 320.0, 320.0]	[0, 0, 0, 0, 0, 0, 0, 0, 0, 0, 0, 0, 0, 0, 0, 0, 0, 0, 0, 0, 0, 0, 0, 0, 0, 0, 0, 0, 0, 0, 0, 0, 0, 1]	[0, 0, 0, 0, 0, 0, 0, 0, 0, 0, 0, 0, 0, 0, 0, 0, 0, 0, 0, 0, 0, 0, 0, 0, 0, 0, 0, 0, 0, 0, 0, 0, 0, 0]	[0, 0, 0, 0, 0, 0, 0, 0, 0, 0, 0, 0, 0, 0, 0, 0, 0, 0, 0, 0, 0, 0, 0, 0, 0, 0, 0, 0, 0, 0, 0, 0, 0, 0]	[0.0001871999993454665, 0.010781599994516, 0.028230099997017533, 0.044141999998828396, 0.061396999983116984, 0.07708920000004582, 0.0939211999939289, 0.11053929998888634, 0.12712479999754578, 0.1439150999940466, 0.1606601999956183, 0.17721539997728541, 0.19391519998316653, 0.21082989999558777, 0.2273810000042431, 0.2438174999842886, 0.26060330000473186, 0.2770505999797024, 0.2941879999998491, 0.31071520000114106, 0.32770500000333413, 0.3444316999812145, 0.3606922999897506, 0.3771036999823991, 0.3940031999954954, 0.4107511999900453, 0.42744599998695776, 0.4438132999930531, 0.4607112999947276, 0.477169399993727, 0.4938477999821771, 0.5108327999769244, 0.527065499976743, 0.5444129999959841]	211.0	320.0	0.8	8a
582	14	go_nogo	0	60	8	go	click	[77.0, 88.0, 96.0, 118.0, 132.0, 145.0, 152.0, 159.0, 163.0, 168.0, 173.0, 174.0, 174.0, 174.0, 174.0, 174.0, 173.0, 173.0, 172.0, 172.0, 172.0, 172.0, 172.0, 173.0, 175.0, 177.0, 179.0, 182.0, 183.0, 185.0, 187.0, 187.0, 187.0, 187.0]	[-249.0, -220.0, -191.0, -128.0, -72.0, -23.0, 16.0, 56.0, 94.0, 123.0, 143.0, 158.0, 166.0, 174.0, 178.0, 181.0, 183.0, 186.0, 193.0, 199.0, 208.0, 217.0, 226.0, 240.0, 245.0, 258.0, 266.0, 274.0, 281.0, 287.0, 291.0, 292.0, 292.0, 292.0]	[0, 0, 0, 0, 0, 0, 0, 0, 0, 0, 0, 0, 0, 0, 0, 0, 0, 0, 0, 0, 0, 0, 0, 0, 0, 0, 0, 0, 0, 0, 0, 0, 0, 1]	[0, 0, 0, 0, 0, 0, 0, 0, 0, 0, 0, 0, 0, 0, 0, 0, 0, 0, 0, 0, 0, 0, 0, 0, 0, 0, 0, 0, 0, 0, 0, 0, 0, 0]	[0, 0, 0, 0, 0, 0, 0, 0, 0, 0, 0, 0, 0, 0, 0, 0, 0, 0, 0, 0, 0, 0, 0, 0, 0, 0, 0, 0, 0, 0, 0, 0, 0, 0]	[0.00021090000518597662, 0.008938300015870482, 0.026257500023348257, 0.042493200016906485, 0.05928650000714697, 0.07608870000694878, 0.09249130001990125, 0.10921740002231672, 0.12684530002297834, 0.1426233000238426, 0.15898870001547039, 0.17575760002364404, 0.19252670000423677, 0.2094731000252068, 0.22573440000996925, 0.24246290000155568, 0.25906510002096184, 0.27565799999865703, 0.2926269000163302, 0.3092547999985982, 0.32592380000278354, 0.34273770000436343, 0.3591350000060629, 0.37571720001869835, 0.3934387000044808, 0.4094072000007145, 0.4260010000143666, 0.44256460000178777, 0.4588557000097353, 0.47576220001792535, 0.49247700002160855, 0.5090381000190973, 0.5257213000149932, 0.5426170999999158]	187.0	292.0	0.5	8a
583	14	go_nogo	0	60	3	go	click	[50.0, 50.0, 58.0, 71.0, 82.0, 90.0, 96.0, 105.0, 118.0, 130.0, 143.0, 157.0, 170.0, 183.0, 193.0, 197.0, 200.0, 201.0, 202.0, 202.0, 202.0, 202.0, 202.0, 202.0]	[-261.0, -261.0, -232.0, -161.0, -91.0, -8.0, 48.0, 99.0, 148.0, 183.0, 214.0, 240.0, 265.0, 287.0, 307.0, 318.0, 328.0, 331.0, 332.0, 333.0, 333.0, 333.0, 333.0, 333.0]	[0, 0, 0, 0, 0, 0, 0, 0, 0, 0, 0, 0, 0, 0, 0, 0, 0, 0, 0, 0, 0, 0, 0, 1]	[0, 0, 0, 0, 0, 0, 0, 0, 0, 0, 0, 0, 0, 0, 0, 0, 0, 0, 0, 0, 0, 0, 0, 0]	[0, 0, 0, 0, 0, 0, 0, 0, 0, 0, 0, 0, 0, 0, 0, 0, 0, 0, 0, 0, 0, 0, 0, 0]	[0.00018229999113827944, 0.010436899989144877, 0.027305099996738136, 0.04400059999898076, 0.0608217999979388, 0.07762130000628531, 0.09390129998791963, 0.11052059999201447, 0.1272152999881655, 0.14395120000699535, 0.16071920000831597, 0.17742540000472218, 0.19407060000230558, 0.2104502999864053, 0.2275239999871701, 0.24380910000763834, 0.2611580000084359, 0.27759290000540204, 0.2939274999953341, 0.31072899998980574, 0.3271225999924354, 0.3437043000012636, 0.36068390001310036, 0.3775588999851607]	202.0	333.0	0.7	8a
584	14	go_nogo	0	60	7	go	click	[4.0, 4.0, 21.0, 41.0, 61.0, 76.0, 83.0, 92.0, 100.0, 108.0, 116.0, 123.0, 137.0, 146.0, 156.0, 166.0, 174.0, 178.0, 180.0, 182.0, 184.0, 188.0, 197.0, 201.0, 202.0, 204.0, 204.0, 204.0]	[-272.0, -272.0, -222.0, -153.0, -83.0, -19.0, 27.0, 66.0, 100.0, 131.0, 156.0, 175.0, 197.0, 211.0, 225.0, 241.0, 250.0, 253.0, 255.0, 256.0, 258.0, 262.0, 270.0, 276.0, 278.0, 279.0, 279.0, 279.0]	[0, 0, 0, 0, 0, 0, 0, 0, 0, 0, 0, 0, 0, 0, 0, 0, 0, 0, 0, 0, 0, 0, 0, 0, 0, 0, 0, 1]	[0, 0, 0, 0, 0, 0, 0, 0, 0, 0, 0, 0, 0, 0, 0, 0, 0, 0, 0, 0, 0, 0, 0, 0, 0, 0, 0, 0]	[0, 0, 0, 0, 0, 0, 0, 0, 0, 0, 0, 0, 0, 0, 0, 0, 0, 0, 0, 0, 0, 0, 0, 0, 0, 0, 0, 0]	[9.590000263415277e-05, 0.011848599999211729, 0.028228099981788546, 0.04482399998232722, 0.06307030000607483, 0.07809359999373555, 0.09508830000413582, 0.11166120000416413, 0.1281338999979198, 0.14465800000471063, 0.16139940000721253, 0.17809179998585023, 0.19490729999961331, 0.21193019999191165, 0.2283698999963235, 0.244998799986206, 0.26137009999365546, 0.2782803000009153, 0.29477129998849705, 0.31142429998726584, 0.32852660000207834, 0.34500410000327975, 0.36166059999959543, 0.37810370000079274, 0.39490919999661855, 0.4117299999925308, 0.4280739999958314, 0.4450448999996297]	204.0	279.0	0.6	8a
585	14	go_nogo	0	60	8	go	click	[78.0, 78.0, 100.0, 138.0, 174.0, 231.0, 261.0, 286.0, 309.0, 323.0, 333.0, 336.0, 336.0, 336.0, 336.0, 336.0, 336.0, 333.0, 328.0, 316.0, 294.0, 266.0, 241.0, 221.0, 212.0, 207.0, 206.0, 204.0, 203.0, 203.0, 203.0, 203.0, 204.0, 206.0, 208.0]	[-260.0, -260.0, -224.0, -149.0, -75.0, 21.0, 66.0, 97.0, 127.0, 149.0, 164.0, 170.0, 173.0, 174.0, 174.0, 174.0, 174.0, 176.0, 177.0, 186.0, 198.0, 214.0, 227.0, 238.0, 247.0, 253.0, 261.0, 269.0, 278.0, 288.0, 293.0, 300.0, 301.0, 302.0, 303.0]	[0, 0, 0, 0, 0, 0, 0, 0, 0, 0, 0, 0, 0, 0, 0, 0, 0, 0, 0, 0, 0, 0, 0, 0, 0, 0, 0, 0, 0, 0, 0, 0, 0, 0, 1]	[0, 0, 0, 0, 0, 0, 0, 0, 0, 0, 0, 0, 0, 0, 0, 0, 0, 0, 0, 0, 0, 0, 0, 0, 0, 0, 0, 0, 0, 0, 0, 0, 0, 0, 0]	[0, 0, 0, 0, 0, 0, 0, 0, 0, 0, 0, 0, 0, 0, 0, 0, 0, 0, 0, 0, 0, 0, 0, 0, 0, 0, 0, 0, 0, 0, 0, 0, 0, 0, 0]	[0.00021430000197142363, 0.011554099997738376, 0.02802769999834709, 0.045031999994535, 0.06170130000100471, 0.0782933000009507, 0.09491720001096837, 0.11240620000171475, 0.12878850000561215, 0.14514440001221374, 0.16150190000189468, 0.17835090000880882, 0.19483029999537393, 0.21127610001713037, 0.22792380000464618, 0.244489100005012, 0.261625000013737, 0.2783328000223264, 0.2948906999954488, 0.3116279999958351, 0.3280844000109937, 0.34479600001941435, 0.36148300001514144, 0.3781252000189852, 0.39494830000330694, 0.4114879000117071, 0.4283599000191316, 0.4446810000226833, 0.4613275000010617, 0.4780005000066012, 0.49462149999453686, 0.5115043999976479, 0.5280116000212729, 0.5450540000165347, 0.5618583000032231]	209.0	303.0	0.5	8a
586	14	go_nogo	0	60	7	go	click	[50.0, 50.0, 69.0, 88.0, 104.0, 118.0, 133.0, 158.0, 172.0, 184.0, 193.0, 200.0, 204.0, 208.0, 210.0, 212.0, 214.0, 217.0, 219.0, 221.0, 221.0, 221.0, 221.0, 221.0, 221.0, 221.0]	[-295.0, -295.0, -245.0, -190.0, -133.0, -76.0, -16.0, 78.0, 131.0, 166.0, 187.0, 203.0, 214.0, 224.0, 232.0, 238.0, 246.0, 254.0, 265.0, 280.0, 286.0, 286.0, 286.0, 287.0, 287.0, 287.0]	[0, 0, 0, 0, 0, 0, 0, 0, 0, 0, 0, 0, 0, 0, 0, 0, 0, 0, 0, 0, 0, 0, 0, 0, 0, 1]	[0, 0, 0, 0, 0, 0, 0, 0, 0, 0, 0, 0, 0, 0, 0, 0, 0, 0, 0, 0, 0, 0, 0, 0, 0, 0]	[0, 0, 0, 0, 0, 0, 0, 0, 0, 0, 0, 0, 0, 0, 0, 0, 0, 0, 0, 0, 0, 0, 0, 0, 0, 0]	[0.0001097000204026699, 0.012443800020264462, 0.02889290000894107, 0.04570720001356676, 0.062440100009553134, 0.07895300001837313, 0.09577090002130717, 0.11248410001280718, 0.1310259000165388, 0.14630590000888333, 0.1624016000132542, 0.17923450001399033, 0.1956073000037577, 0.2124692000215873, 0.228898700006539, 0.24560720002045855, 0.2622094000107609, 0.27892460001748987, 0.29574679999495856, 0.312647900020238, 0.32870030001504347, 0.34544890001416206, 0.36230340000474826, 0.37882860001991503, 0.39538940001511946, 0.41238809999777004]	221.0	287.0	0.6	8a
587	14	go_nogo	0	60	2	go	click	[82.0, 82.0, 103.0, 122.0, 141.0, 159.0, 173.0, 181.0, 188.0, 192.0, 195.0, 197.0, 199.0, 200.0, 202.0, 206.0, 207.0, 208.0, 210.0, 211.0, 211.0, 212.0, 212.0, 212.0, 212.0, 212.0, 212.0, 212.0, 212.0, 212.0]	[-239.0, -239.0, -179.0, -117.0, -59.0, -5.0, 39.0, 71.0, 96.0, 122.0, 133.0, 142.0, 149.0, 156.0, 164.0, 174.0, 182.0, 192.0, 203.0, 218.0, 232.0, 245.0, 263.0, 274.0, 283.0, 289.0, 291.0, 291.0, 291.0, 291.0]	[0, 0, 0, 0, 0, 0, 0, 0, 0, 0, 0, 0, 0, 0, 0, 0, 0, 0, 0, 0, 0, 0, 0, 0, 0, 0, 0, 0, 0, 1]	[0, 0, 0, 0, 0, 0, 0, 0, 0, 0, 0, 0, 0, 0, 0, 0, 0, 0, 0, 0, 0, 0, 0, 0, 0, 0, 0, 0, 0, 0]	[0, 0, 0, 0, 0, 0, 0, 0, 0, 0, 0, 0, 0, 0, 0, 0, 0, 0, 0, 0, 0, 0, 0, 0, 0, 0, 0, 0, 0, 0]	[0.00010949998977594078, 0.01131649999297224, 0.027789499989012256, 0.044577599997865036, 0.06126600000425242, 0.07776690000900999, 0.09465799998724833, 0.1111963999865111, 0.12803240001085214, 0.1445477000088431, 0.16113389999372885, 0.17828659998485819, 0.1946526000101585, 0.21101989998714998, 0.22770499999751337, 0.2443648999906145, 0.2611663999850862, 0.27784960001008585, 0.29452039999887347, 0.311323200003244, 0.3278725999989547, 0.34447799998451956, 0.3611710999975912, 0.3781343000009656, 0.394861899985699, 0.41091780000715517, 0.42770080000627786, 0.44429690000833943, 0.46102970000356436, 0.47832980001112446]	212.0	291.0	0.6	8a
588	14	go_nogo	0	60	6	go	click	[56.0, 67.0, 81.0, 113.0, 144.0, 173.0, 202.0, 209.0, 212.0, 213.0, 214.0, 214.0, 214.0, 214.0, 214.0, 214.0, 214.0, 214.0, 214.0, 214.0, 214.0, 214.0, 214.0, 214.0, 214.0, 214.0, 214.0]	[-266.0, -236.0, -198.0, -114.0, -34.0, 41.0, 129.0, 162.0, 186.0, 204.0, 217.0, 226.0, 231.0, 238.0, 243.0, 247.0, 249.0, 249.0, 250.0, 250.0, 253.0, 260.0, 266.0, 268.0, 268.0, 268.0, 268.0]	[0, 0, 0, 0, 0, 0, 0, 0, 0, 0, 0, 0, 0, 0, 0, 0, 0, 0, 0, 0, 0, 0, 0, 0, 0, 0, 1]	[0, 0, 0, 0, 0, 0, 0, 0, 0, 0, 0, 0, 0, 0, 0, 0, 0, 0, 0, 0, 0, 0, 0, 0, 0, 0, 0]	[0, 0, 0, 0, 0, 0, 0, 0, 0, 0, 0, 0, 0, 0, 0, 0, 0, 0, 0, 0, 0, 0, 0, 0, 0, 0, 0]	[8.9899986051023e-05, 0.011693299980834126, 0.028352799999993294, 0.04490039998199791, 0.06219799999962561, 0.07859189997543581, 0.09507089998805895, 0.11182079999707639, 0.12867419997928664, 0.14529049998964183, 0.1620915999810677, 0.1782762999937404, 0.19527099997503683, 0.21181199999409728, 0.2284378999902401, 0.2451188999984879, 0.2614377999852877, 0.2786240999994334, 0.2947544999769889, 0.3122183999803383, 0.3285040999762714, 0.34497669999836944, 0.36173519998556003, 0.37806089999503456, 0.3948251999972854, 0.41135769998072647, 0.42841549997683614]	214.0	268.0	0.7	8a
589	15	go_only	0	18	7	go	click	[70.0, 70.0, 73.0, 83.0, 91.0, 98.0, 103.0, 106.0, 112.0, 115.0, 118.0, 121.0, 126.0, 129.0, 136.0, 140.0, 143.0, 146.0, 149.0, 153.0, 158.0, 162.0, 166.0, 173.0, 179.0, 180.0, 181.0, 181.0, 181.0, 181.0, 181.0, 181.0]	[-268.0, -268.0, -256.0, -221.0, -182.0, -144.0, -112.0, -83.0, -46.0, -26.0, 3.0, 29.0, 57.0, 86.0, 115.0, 139.0, 160.0, 177.0, 192.0, 209.0, 225.0, 233.0, 241.0, 253.0, 261.0, 264.0, 266.0, 266.0, 267.0, 267.0, 267.0, 267.0]	[0, 0, 0, 0, 0, 0, 0, 0, 0, 0, 0, 0, 0, 0, 0, 0, 0, 0, 0, 0, 0, 0, 0, 0, 0, 0, 0, 0, 0, 0, 0, 1]	[0, 0, 0, 0, 0, 0, 0, 0, 0, 0, 0, 0, 0, 0, 0, 0, 0, 0, 0, 0, 0, 0, 0, 0, 0, 0, 0, 0, 0, 0, 0, 0]	[0, 0, 0, 0, 0, 0, 0, 0, 0, 0, 0, 0, 0, 0, 0, 0, 0, 0, 0, 0, 0, 0, 0, 0, 0, 0, 0, 0, 0, 0, 0, 0]	[0.00017659997683949769, 0.009773500001756474, 0.026672599982703105, 0.04323919999296777, 0.05983279997599311, 0.07660129998112097, 0.0930926000000909, 0.1096786999842152, 0.12623069999972358, 0.14291409999714233, 0.15969839997706003, 0.17628759998478927, 0.19297189998906106, 0.2097215999965556, 0.22626519997720607, 0.24295909999636933, 0.25973039999371395, 0.27644069999223575, 0.29323729997850023, 0.30950299999676645, 0.3264257999835536, 0.34305259998654947, 0.3596084000018891, 0.3763985999976285, 0.3928025999921374, 0.4098023999831639, 0.42611529998248443, 0.44316659998730756, 0.45944299999973737, 0.4762324999901466, 0.49295279997750185, 0.5097058999817818]	181.0	267.0	1.0	8a
590	15	go_only	0	18	3	go	click	[66.0, 66.0, 82.0, 93.0, 102.0, 109.0, 112.0, 117.0, 123.0, 129.0, 131.0, 133.0, 137.0, 141.0, 146.0, 152.0, 161.0, 168.0, 176.0, 182.0, 187.0, 190.0, 191.0, 192.0, 192.0, 192.0, 192.0]	[-241.0, -241.0, -165.0, -91.0, -22.0, 25.0, 59.0, 86.0, 107.0, 122.0, 133.0, 143.0, 158.0, 170.0, 185.0, 203.0, 220.0, 238.0, 257.0, 274.0, 288.0, 295.0, 298.0, 299.0, 300.0, 300.0, 300.0]	[0, 0, 0, 0, 0, 0, 0, 0, 0, 0, 0, 0, 0, 0, 0, 0, 0, 0, 0, 0, 0, 0, 0, 0, 0, 0, 1]	[0, 0, 0, 0, 0, 0, 0, 0, 0, 0, 0, 0, 0, 0, 0, 0, 0, 0, 0, 0, 0, 0, 0, 0, 0, 0, 0]	[0, 0, 0, 0, 0, 0, 0, 0, 0, 0, 0, 0, 0, 0, 0, 0, 0, 0, 0, 0, 0, 0, 0, 0, 0, 0, 0]	[0.00018689999706111848, 0.010468499996932223, 0.02762430001166649, 0.043653100001392886, 0.060451500001363456, 0.07730550001724623, 0.09379070001887158, 0.11072240001522005, 0.12742279999656603, 0.1440714000200387, 0.1608092999958899, 0.17738870001630858, 0.19417600001906976, 0.21081010001944378, 0.227507700008573, 0.2439301999984309, 0.26051120000192896, 0.2773981000063941, 0.2938190000131726, 0.3105304000200704, 0.32688280000002123, 0.34385229999315925, 0.3602475000079721, 0.3771256000036374, 0.39371699999901466, 0.41015219999826513, 0.426910800015321]	192.0	300.0	0.8	8a
591	15	go_only	0	18	2	go	click	[24.0, 24.0, 34.0, 48.0, 65.0, 83.0, 95.0, 105.0, 114.0, 122.0, 126.0, 131.0, 134.0, 139.0, 142.0, 146.0, 151.0, 157.0, 162.0, 168.0, 174.0, 180.0, 185.0, 188.0, 190.0, 190.0, 190.0]	[-250.0, -250.0, -197.0, -137.0, -75.0, -10.0, 31.0, 60.0, 83.0, 103.0, 118.0, 133.0, 141.0, 150.0, 158.0, 168.0, 180.0, 195.0, 211.0, 230.0, 247.0, 264.0, 276.0, 286.0, 289.0, 289.0, 289.0]	[0, 0, 0, 0, 0, 0, 0, 0, 0, 0, 0, 0, 0, 0, 0, 0, 0, 0, 0, 0, 0, 0, 0, 0, 0, 0, 1]	[0, 0, 0, 0, 0, 0, 0, 0, 0, 0, 0, 0, 0, 0, 0, 0, 0, 0, 0, 0, 0, 0, 0, 0, 0, 0, 0]	[0, 0, 0, 0, 0, 0, 0, 0, 0, 0, 0, 0, 0, 0, 0, 0, 0, 0, 0, 0, 0, 0, 0, 0, 0, 0, 0]	[0.00022089999401941895, 0.011306100001093, 0.027732199989259243, 0.044357100006891415, 0.061125899985199794, 0.07784179999725893, 0.0945161999843549, 0.11107369998353533, 0.1279740000027232, 0.14453809999395162, 0.1610623000015039, 0.17793259999598376, 0.19437009998364374, 0.210998099995777, 0.22770640000817366, 0.24431839998578653, 0.261006599990651, 0.2776382000010926, 0.2945266999886371, 0.31109569998807274, 0.32812699998612516, 0.34466110001085326, 0.36105169999063946, 0.37767769998754375, 0.39412240000092424, 0.4109998999920208, 0.4278700999857392]	190.0	289.0	1.0	8a
592	15	go_only	0	18	3	go	click	[42.0, 42.0, 49.0, 56.0, 67.0, 77.0, 88.0, 96.0, 102.0, 106.0, 112.0, 114.0, 119.0, 124.0, 128.0, 133.0, 137.0, 142.0, 146.0, 149.0, 153.0, 157.0, 163.0, 169.0, 172.0, 174.0, 174.0]	[-254.0, -254.0, -173.0, -101.0, -31.0, 36.0, 82.0, 112.0, 134.0, 149.0, 160.0, 172.0, 183.0, 198.0, 209.0, 223.0, 232.0, 244.0, 253.0, 260.0, 267.0, 272.0, 281.0, 289.0, 294.0, 296.0, 297.0]	[0, 0, 0, 0, 0, 0, 0, 0, 0, 0, 0, 0, 0, 0, 0, 0, 0, 0, 0, 0, 0, 0, 0, 0, 0, 0, 1]	[0, 0, 0, 0, 0, 0, 0, 0, 0, 0, 0, 0, 0, 0, 0, 0, 0, 0, 0, 0, 0, 0, 0, 0, 0, 0, 0]	[0, 0, 0, 0, 0, 0, 0, 0, 0, 0, 0, 0, 0, 0, 0, 0, 0, 0, 0, 0, 0, 0, 0, 0, 0, 0, 0]	[0.0002440999960526824, 0.012435699987690896, 0.029198699980042875, 0.04560389998368919, 0.0620684000023175, 0.07868029997916892, 0.09530539999832399, 0.11173599999165162, 0.12853349998476915, 0.14522149998811074, 0.1619269999791868, 0.17857620000722818, 0.1949542000074871, 0.21172419999493286, 0.22868659999221563, 0.24526160000823438, 0.2618522999982815, 0.2784891999908723, 0.29524799998034723, 0.31173660000786185, 0.3283367999829352, 0.3449905999877956, 0.3616885999799706, 0.3784078999888152, 0.3950573999900371, 0.41165140000521205, 0.4286216000036802]	175.0	297.0	1.0	8a
593	15	go_only	0	18	6	go	click	[78.0, 78.0, 96.0, 107.0, 141.0, 175.0, 208.0, 227.0, 236.0, 241.0, 242.0, 244.0, 244.0, 243.0, 243.0, 243.0, 241.0, 239.0, 236.0, 233.0, 229.0, 228.0, 228.0, 228.0]	[-286.0, -286.0, -255.0, -238.0, -153.0, -76.0, 11.0, 73.0, 112.0, 144.0, 170.0, 189.0, 201.0, 218.0, 234.0, 246.0, 252.0, 256.0, 261.0, 267.0, 271.0, 274.0, 275.0, 275.0]	[0, 0, 0, 0, 0, 0, 0, 0, 0, 0, 0, 0, 0, 0, 0, 0, 0, 0, 0, 0, 0, 0, 0, 1]	[0, 0, 0, 0, 0, 0, 0, 0, 0, 0, 0, 0, 0, 0, 0, 0, 0, 0, 0, 0, 0, 0, 0, 0]	[0, 0, 0, 0, 0, 0, 0, 0, 0, 0, 0, 0, 0, 0, 0, 0, 0, 0, 0, 0, 0, 0, 0, 0]	[0.00020859998767264187, 0.01209439997910522, 0.028456399973947555, 0.04551779999746941, 0.06193559998064302, 0.07820369998808019, 0.0948352999985218, 0.1114225999917835, 0.1281754999945406, 0.14493039998342283, 0.16155910000088625, 0.1781724999891594, 0.19513320000260137, 0.21143969998229295, 0.22844669999904, 0.24535039998590946, 0.262581399991177, 0.2783087999850977, 0.29467629999271594, 0.31161529998644255, 0.3281938000000082, 0.34520359997986816, 0.36118709997390397, 0.37849439997808076]	228.0	275.0	0.6	8a
594	15	go_only	0	18	2	go	click	[67.0, 67.0, 98.0, 130.0, 159.0, 177.0, 185.0, 190.0, 191.0, 191.0, 191.0, 191.0, 190.0, 190.0, 190.0, 190.0, 190.0, 190.0, 190.0, 190.0, 189.0, 187.0, 185.0, 185.0, 186.0, 193.0, 199.0, 201.0, 202.0, 202.0, 202.0, 202.0]	[-233.0, -233.0, -157.0, -73.0, 2.0, 57.0, 90.0, 120.0, 146.0, 169.0, 176.0, 187.0, 204.0, 215.0, 218.0, 219.0, 219.0, 219.0, 219.0, 219.0, 219.0, 221.0, 224.0, 232.0, 248.0, 270.0, 285.0, 292.0, 295.0, 295.0, 295.0, 295.0]	[0, 0, 0, 0, 0, 0, 0, 0, 0, 0, 0, 0, 0, 0, 0, 0, 0, 0, 0, 0, 0, 0, 0, 0, 0, 0, 0, 0, 0, 0, 0, 1]	[0, 0, 0, 0, 0, 0, 0, 0, 0, 0, 0, 0, 0, 0, 0, 0, 0, 0, 0, 0, 0, 0, 0, 0, 0, 0, 0, 0, 0, 0, 0, 0]	[0, 0, 0, 0, 0, 0, 0, 0, 0, 0, 0, 0, 0, 0, 0, 0, 0, 0, 0, 0, 0, 0, 0, 0, 0, 0, 0, 0, 0, 0, 0, 0]	[7.249999907799065e-05, 0.011794899997767061, 0.02857269998639822, 0.04517100000521168, 0.06187750000390224, 0.07852040001307614, 0.09515440001268871, 0.11171040000044741, 0.1287636999913957, 0.14512900001136586, 0.16174370000953786, 0.17843189998529851, 0.19533200000296347, 0.21187369999825023, 0.2284125000005588, 0.24474329999065958, 0.2616190999979153, 0.27806740000960417, 0.29483570001320913, 0.31155549999675713, 0.3283790999848861, 0.34534649999113753, 0.3617071000044234, 0.37838849998661317, 0.3950168000010308, 0.4116796999878716, 0.42846799999824725, 0.44516120001208037, 0.46181280000018887, 0.47828059998573735, 0.4947147000057157, 0.5122476000105962]	202.0	295.0	0.8	8a
595	15	go_only	0	18	4	go	click	[53.0, 53.0, 67.0, 89.0, 111.0, 137.0, 167.0, 178.0, 185.0, 186.0, 187.0, 187.0, 187.0, 187.0, 186.0, 185.0, 185.0, 183.0, 180.0, 178.0, 177.0, 177.0, 177.0, 177.0, 180.0, 183.0, 184.0, 185.0, 185.0, 185.0, 185.0]	[-222.0, -222.0, -188.0, -132.0, -73.0, -12.0, 65.0, 98.0, 127.0, 146.0, 162.0, 178.0, 191.0, 200.0, 203.0, 204.0, 204.0, 204.0, 208.0, 213.0, 221.0, 230.0, 239.0, 248.0, 262.0, 268.0, 271.0, 272.0, 272.0, 272.0, 272.0]	[0, 0, 0, 0, 0, 0, 0, 0, 0, 0, 0, 0, 0, 0, 0, 0, 0, 0, 0, 0, 0, 0, 0, 0, 0, 0, 0, 0, 0, 0, 1]	[0, 0, 0, 0, 0, 0, 0, 0, 0, 0, 0, 0, 0, 0, 0, 0, 0, 0, 0, 0, 0, 0, 0, 0, 0, 0, 0, 0, 0, 0, 0]	[0, 0, 0, 0, 0, 0, 0, 0, 0, 0, 0, 0, 0, 0, 0, 0, 0, 0, 0, 0, 0, 0, 0, 0, 0, 0, 0, 0, 0, 0, 0]	[0.00018250002176500857, 0.010413500014692545, 0.02684380000573583, 0.04365100001450628, 0.060254500014707446, 0.07704750000266358, 0.09357000002637506, 0.1103179000201635, 0.12678060002508573, 0.14366190001601353, 0.1601362000219524, 0.176749700010987, 0.19340680001187138, 0.2101081000000704, 0.22671910002827644, 0.24337990002823062, 0.2599841000046581, 0.2768316000001505, 0.2933119000226725, 0.310365700017428, 0.32744920000550337, 0.34351360000437126, 0.36004630001843907, 0.3765490000077989, 0.39330800002790056, 0.4099280000082217, 0.4267305000103079, 0.44308409999939613, 0.45989740002551116, 0.47655000002123415, 0.49348300002748147]	185.0	272.0	0.9	8a
596	15	go_only	0	18	7	go	click	[91.0, 91.0, 104.0, 126.0, 147.0, 161.0, 168.0, 178.0, 183.0, 186.0, 189.0, 189.0, 190.0, 193.0, 194.0, 194.0, 194.0, 194.0, 193.0, 191.0, 191.0, 191.0, 191.0, 193.0, 195.0, 196.0, 198.0, 200.0, 200.0, 201.0, 201.0, 201.0]	[-226.0, -226.0, -192.0, -129.0, -70.0, -27.0, 5.0, 58.0, 90.0, 120.0, 145.0, 163.0, 180.0, 194.0, 204.0, 207.0, 207.0, 208.0, 210.0, 218.0, 228.0, 239.0, 251.0, 262.0, 270.0, 279.0, 287.0, 293.0, 297.0, 297.0, 297.0, 297.0]	[0, 0, 0, 0, 0, 0, 0, 0, 0, 0, 0, 0, 0, 0, 0, 0, 0, 0, 0, 0, 0, 0, 0, 0, 0, 0, 0, 0, 0, 0, 0, 1]	[0, 0, 0, 0, 0, 0, 0, 0, 0, 0, 0, 0, 0, 0, 0, 0, 0, 0, 0, 0, 0, 0, 0, 0, 0, 0, 0, 0, 0, 0, 0, 0]	[0, 0, 0, 0, 0, 0, 0, 0, 0, 0, 0, 0, 0, 0, 0, 0, 0, 0, 0, 0, 0, 0, 0, 0, 0, 0, 0, 0, 0, 0, 0, 0]	[0.0002170999941881746, 0.010177299991482869, 0.026895899994997308, 0.0437441999965813, 0.060453000012785196, 0.07729049999034032, 0.09373439999762923, 0.11036210000747815, 0.12705670000286773, 0.1440981999912765, 0.16028740000911057, 0.17700799999875017, 0.19416790001560003, 0.21045030001550913, 0.22694540000520647, 0.2437740000023041, 0.26027610001619905, 0.2770332999934908, 0.2938057999999728, 0.3103402999986429, 0.3272476000129245, 0.3438651000033133, 0.360254300001543, 0.37697539999498986, 0.39347179999458604, 0.4109210000024177, 0.42689920001430437, 0.4436102000181563, 0.46028659999137744, 0.47664520001853816, 0.4933172000164632, 0.5099603999988176]	201.0	297.0	0.9	8a
597	15	go_only	0	18	8	go	click	[52.0, 52.0, 84.0, 115.0, 142.0, 166.0, 183.0, 197.0, 205.0, 210.0, 215.0, 216.0, 221.0, 222.0, 222.0, 222.0, 222.0, 220.0, 219.0, 218.0, 216.0, 215.0, 215.0, 215.0, 215.0, 215.0]	[-214.0, -214.0, -130.0, -54.0, 11.0, 64.0, 111.0, 151.0, 179.0, 204.0, 227.0, 251.0, 272.0, 292.0, 295.0, 295.0, 296.0, 296.0, 299.0, 302.0, 306.0, 307.0, 307.0, 307.0, 307.0, 307.0]	[0, 0, 0, 0, 0, 0, 0, 0, 0, 0, 0, 0, 0, 0, 0, 0, 0, 0, 0, 0, 0, 0, 0, 0, 0, 1]	[0, 0, 0, 0, 0, 0, 0, 0, 0, 0, 0, 0, 0, 0, 0, 0, 0, 0, 0, 0, 0, 0, 0, 0, 0, 0]	[0, 0, 0, 0, 0, 0, 0, 0, 0, 0, 0, 0, 0, 0, 0, 0, 0, 0, 0, 0, 0, 0, 0, 0, 0, 0]	[0.0001905999961309135, 0.009450999990804121, 0.02661390000139363, 0.042927500006044284, 0.05933389998972416, 0.0758876999898348, 0.09243160000187345, 0.10924570000497624, 0.125749500002712, 0.1424469999910798, 0.15937039998243563, 0.17608730000210926, 0.19286439998541027, 0.20933849998982623, 0.22576589998789132, 0.2425916999927722, 0.2591068999900017, 0.2758443999919109, 0.29248639999423176, 0.309680100006517, 0.32588220000616275, 0.34233990000211634, 0.35887820000061765, 0.3756539000023622, 0.39247570000588894, 0.40950229999725707]	215.0	307.0	0.6	8a
598	15	go_only	0	18	2	go	click	[73.0, 73.0, 87.0, 125.0, 131.0, 135.0, 140.0, 145.0, 146.0, 146.0, 146.0, 146.0, 148.0, 155.0, 159.0, 159.0, 162.0, 166.0, 171.0, 180.0, 190.0, 195.0, 195.0, 195.0, 195.0, 195.0, 195.0, 195.0, 195.0, 195.0, 195.0, 195.0, 195.0, 195.0, 195.0, 195.0, 195.0, 195.0, 195.0, 195.0, 195.0, 195.0, 195.0, 196.0, 197.0, 198.0, 199.0, 199.0]	[-221.0, -221.0, -180.0, -64.0, -36.0, -4.0, 34.0, 68.0, 93.0, 109.0, 124.0, 142.0, 164.0, 193.0, 216.0, 228.0, 245.0, 268.0, 291.0, 318.0, 343.0, 354.0, 355.0, 355.0, 355.0, 355.0, 355.0, 355.0, 355.0, 355.0, 355.0, 355.0, 355.0, 355.0, 355.0, 355.0, 355.0, 355.0, 355.0, 355.0, 355.0, 355.0, 355.0, 348.0, 340.0, 336.0, 334.0, 334.0]	[0, 0, 0, 0, 0, 0, 0, 0, 0, 0, 0, 0, 0, 0, 0, 0, 0, 0, 0, 0, 0, 0, 0, 0, 0, 0, 1, 1, 1, 1, 1, 1, 1, 1, 1, 1, 0, 0, 0, 0, 0, 0, 0, 0, 0, 0, 0, 1]	[0, 0, 0, 0, 0, 0, 0, 0, 0, 0, 0, 0, 0, 0, 0, 0, 0, 0, 0, 0, 0, 0, 0, 0, 0, 0, 0, 0, 0, 0, 0, 0, 0, 0, 0, 0, 0, 0, 0, 0, 0, 0, 0, 0, 0, 0, 0, 0]	[0, 0, 0, 0, 0, 0, 0, 0, 0, 0, 0, 0, 0, 0, 0, 0, 0, 0, 0, 0, 0, 0, 0, 0, 0, 0, 0, 0, 0, 0, 0, 0, 0, 0, 0, 0, 0, 0, 0, 0, 0, 0, 0, 0, 0, 0, 0, 0]	[0.00020789998234249651, 0.009458299988182262, 0.026601499994285405, 0.04309110000031069, 0.05977419999544509, 0.07655939998221584, 0.09270959999412298, 0.10929949997807853, 0.12583039997844025, 0.14268679998349398, 0.15935479998006485, 0.17610499999136664, 0.1928485999815166, 0.20946399998501875, 0.22609109999029897, 0.24310629998217337, 0.25930459998198785, 0.2765177999972366, 0.2927168999740388, 0.3093870999873616, 0.32609499999671243, 0.34262589999707416, 0.35917059998610057, 0.37594799997168593, 0.39250029998947866, 0.4091541999951005, 0.42635579998022877, 0.44254299998283386, 0.4591416999755893, 0.47612569999182597, 0.4926188999961596, 0.5092131999845151, 0.5259366999962367, 0.5424248999916017, 0.5592497999896295, 0.5757778999977745, 0.5926187999721151, 0.6092002999794204, 0.6257717999978922, 0.6423468999855686, 0.6590264999831561, 0.6758245999808423, 0.6930151999986265, 0.7093377999844961, 0.7260804999968968, 0.7424669999745674, 0.7590733999968506, 0.7762619999994058]	199.0	334.0	0.8	8a
599	15	go_only	0	18	4	go	click	[84.0, 99.0, 114.0, 141.0, 165.0, 182.0, 192.0, 195.0, 196.0, 198.0, 201.0, 204.0, 206.0, 209.0, 209.0, 209.0, 208.0, 205.0, 203.0, 200.0, 197.0, 195.0, 194.0, 193.0, 193.0, 193.0, 193.0, 193.0]	[-217.0, -176.0, -134.0, -66.0, -2.0, 45.0, 78.0, 110.0, 133.0, 153.0, 170.0, 189.0, 209.0, 222.0, 229.0, 230.0, 231.0, 233.0, 235.0, 243.0, 250.0, 259.0, 268.0, 275.0, 278.0, 278.0, 278.0, 278.0]	[0, 0, 0, 0, 0, 0, 0, 0, 0, 0, 0, 0, 0, 0, 0, 0, 0, 0, 0, 0, 0, 0, 0, 0, 0, 0, 0, 1]	[0, 0, 0, 0, 0, 0, 0, 0, 0, 0, 0, 0, 0, 0, 0, 0, 0, 0, 0, 0, 0, 0, 0, 0, 0, 0, 0, 0]	[0, 0, 0, 0, 0, 0, 0, 0, 0, 0, 0, 0, 0, 0, 0, 0, 0, 0, 0, 0, 0, 0, 0, 0, 0, 0, 0, 0]	[0.00010230002226307988, 0.011508399999001995, 0.027856300002895296, 0.04477810001117177, 0.06155750001198612, 0.07832580001559108, 0.09492530001443811, 0.11158330002217554, 0.12839440000243485, 0.1448404999973718, 0.1617483000154607, 0.17831740001565777, 0.1946587999991607, 0.21155219999491237, 0.22822849999647588, 0.24483690000488423, 0.26146850001532584, 0.27826600000844337, 0.2949277000152506, 0.31124690000433475, 0.3281083000183571, 0.3445056000200566, 0.3616986999986693, 0.3780587000073865, 0.39449590002186596, 0.41120580001734197, 0.4279030000034254, 0.44491600000765175]	193.0	278.0	0.9	8a
600	15	go_only	0	18	8	go	click	[34.0, 36.0, 38.0, 41.0, 49.0, 61.0, 76.0, 110.0, 136.0, 154.0, 166.0, 175.0, 178.0, 181.0, 182.0, 183.0, 186.0, 186.0, 186.0, 186.0, 186.0, 190.0, 198.0, 206.0, 216.0, 222.0, 226.0, 228.0, 228.0, 229.0, 229.0, 229.0, 229.0, 229.0, 229.0, 229.0]	[-284.0, -268.0, -250.0, -208.0, -149.0, -59.0, 36.0, 192.0, 274.0, 329.0, 364.0, 391.0, 407.0, 419.0, 428.0, 436.0, 441.0, 443.0, 443.0, 444.0, 444.0, 439.0, 421.0, 392.0, 359.0, 336.0, 323.0, 316.0, 313.0, 313.0, 313.0, 312.0, 312.0, 312.0, 312.0, 312.0]	[0, 0, 0, 0, 0, 0, 0, 0, 0, 0, 0, 0, 0, 0, 0, 0, 0, 0, 0, 0, 0, 0, 0, 0, 0, 0, 0, 0, 0, 0, 0, 0, 0, 0, 0, 1]	[0, 0, 0, 0, 0, 0, 0, 0, 0, 0, 0, 0, 0, 0, 0, 0, 0, 0, 0, 0, 0, 0, 0, 0, 0, 0, 0, 0, 0, 0, 0, 0, 0, 0, 0, 0]	[0, 0, 0, 0, 0, 0, 0, 0, 0, 0, 0, 0, 0, 0, 0, 0, 0, 0, 0, 0, 0, 0, 0, 0, 0, 0, 0, 0, 0, 0, 0, 0, 0, 0, 0, 0]	[9.210000280290842e-05, 0.012613500002771616, 0.02871069998946041, 0.04542889998992905, 0.062188300013076514, 0.07897050000610761, 0.09559419998549856, 0.11231269998825155, 0.12876399999368005, 0.1456322000012733, 0.16201589998672716, 0.17874440000741743, 0.19552599999587983, 0.21217809998779558, 0.2291028999898117, 0.2456428000004962, 0.26252359998761676, 0.27861390000907704, 0.29547439998714253, 0.31203430000459775, 0.3289632000087295, 0.34625750000122935, 0.36258479999378324, 0.3786064999876544, 0.39521429999149404, 0.41205270000500605, 0.42868429998634383, 0.44596690000616945, 0.4622756000026129, 0.47856489999685436, 0.4954882999882102, 0.5118973999924492, 0.5285829000058584, 0.5453946999914479, 0.5618437000084668, 0.5787665999960154]	229.0	312.0	0.6	8a
601	15	go_only	0	18	7	go	click	[40.0, 54.0, 71.0, 99.0, 120.0, 130.0, 144.0, 156.0, 168.0, 189.0, 203.0, 214.0, 218.0, 221.0, 221.0, 221.0, 221.0, 220.0, 219.0, 218.0, 218.0, 218.0, 218.0, 218.0, 218.0]	[-285.0, -251.0, -209.0, -137.0, -78.0, -38.0, 4.0, 43.0, 84.0, 147.0, 185.0, 210.0, 229.0, 246.0, 257.0, 263.0, 267.0, 274.0, 281.0, 291.0, 295.0, 295.0, 295.0, 295.0, 295.0]	[0, 0, 0, 0, 0, 0, 0, 0, 0, 0, 0, 0, 0, 0, 0, 0, 0, 0, 0, 0, 0, 0, 0, 0, 1]	[0, 0, 0, 0, 0, 0, 0, 0, 0, 0, 0, 0, 0, 0, 0, 0, 0, 0, 0, 0, 0, 0, 0, 0, 0]	[0, 0, 0, 0, 0, 0, 0, 0, 0, 0, 0, 0, 0, 0, 0, 0, 0, 0, 0, 0, 0, 0, 0, 0, 0]	[8.249998791143298e-05, 0.010090499999932945, 0.026726999989477918, 0.04349439998622984, 0.060161100002005696, 0.07658389999414794, 0.09315119998063892, 0.10992449999321252, 0.1267216999840457, 0.14336570000159554, 0.15992229999392293, 0.17654089999268763, 0.19332229997962713, 0.20993549999548122, 0.22642039999482222, 0.2431475999765098, 0.25989319998188876, 0.27657950000138953, 0.2934477999806404, 0.3102002999803517, 0.326619400002528, 0.3432440999895334, 0.3599141000013333, 0.3765621999918949, 0.3930157999857329]	218.0	295.0	0.7	8a
602	15	go_only	0	18	8	go	click	[40.0, 46.0, 55.0, 71.0, 94.0, 118.0, 138.0, 152.0, 167.0, 175.0, 185.0, 189.0, 192.0, 193.0, 193.0, 193.0, 193.0, 193.0, 193.0, 193.0]	[-286.0, -260.0, -228.0, -144.0, -56.0, 30.0, 100.0, 152.0, 199.0, 233.0, 274.0, 295.0, 316.0, 325.0, 327.0, 327.0, 327.0, 327.0, 327.0, 327.0]	[0, 0, 0, 0, 0, 0, 0, 0, 0, 0, 0, 0, 0, 0, 0, 0, 0, 0, 0, 1]	[0, 0, 0, 0, 0, 0, 0, 0, 0, 0, 0, 0, 0, 0, 0, 0, 0, 0, 0, 0]	[0, 0, 0, 0, 0, 0, 0, 0, 0, 0, 0, 0, 0, 0, 0, 0, 0, 0, 0, 0]	[8.700002217665315e-05, 0.010262900002999231, 0.026961199997458607, 0.043493300006957725, 0.06039570001303218, 0.07691240002168342, 0.09372820000862703, 0.11027740000281483, 0.12705640000058338, 0.14355050001177005, 0.1607199000136461, 0.1772724000038579, 0.19365000000107102, 0.20997670001816005, 0.2267623000079766, 0.2434248000208754, 0.2601323999988381, 0.27718660002574325, 0.2934075000230223, 0.31063340001855977]	194.0	327.0	0.7	8a
603	15	go_only	0	18	6	go	click	[47.0, 47.0, 56.0, 69.0, 81.0, 91.0, 117.0, 138.0, 156.0, 166.0, 172.0, 173.0, 173.0, 173.0, 173.0, 172.0, 172.0, 172.0, 172.0, 173.0, 173.0, 173.0, 173.0, 173.0]	[-253.0, -253.0, -224.0, -171.0, -115.0, -57.0, 41.0, 110.0, 165.0, 200.0, 221.0, 233.0, 242.0, 251.0, 259.0, 264.0, 269.0, 280.0, 287.0, 290.0, 290.0, 290.0, 290.0, 290.0]	[0, 0, 0, 0, 0, 0, 0, 0, 0, 0, 0, 0, 0, 0, 0, 0, 0, 0, 0, 0, 0, 0, 0, 1]	[0, 0, 0, 0, 0, 0, 0, 0, 0, 0, 0, 0, 0, 0, 0, 0, 0, 0, 0, 0, 0, 0, 0, 0]	[0, 0, 0, 0, 0, 0, 0, 0, 0, 0, 0, 0, 0, 0, 0, 0, 0, 0, 0, 0, 0, 0, 0, 0]	[0.00018929998623207211, 0.011581400001887232, 0.028229499992448837, 0.0449697999865748, 0.061490299995057285, 0.078387899993686, 0.09490440000081435, 0.11170069998479448, 0.12814600000274368, 0.14539319998584688, 0.16147789999376982, 0.17826009998680092, 0.194774800009327, 0.21142030000919476, 0.22819769999478012, 0.24488009998458438, 0.2617012999835424, 0.2783278999850154, 0.29526569999870844, 0.31135420000646263, 0.327991900005145, 0.34470769998733886, 0.3612727999861818, 0.37821789999725297]	173.0	290.0	0.6	8a
604	15	go_only	0	18	4	go	click	[73.0, 73.0, 77.0, 88.0, 98.0, 117.0, 129.0, 136.0, 144.0, 151.0, 157.0, 160.0, 163.0, 164.0, 165.0, 166.0, 166.0, 166.0, 166.0, 166.0, 166.0, 166.0, 166.0]	[-243.0, -243.0, -216.0, -150.0, -83.0, 4.0, 60.0, 104.0, 144.0, 178.0, 205.0, 226.0, 241.0, 253.0, 260.0, 261.0, 261.0, 261.0, 261.0, 261.0, 261.0, 261.0, 261.0]	[0, 0, 0, 0, 0, 0, 0, 0, 0, 0, 0, 0, 0, 0, 0, 0, 0, 0, 0, 0, 0, 0, 1]	[0, 0, 0, 0, 0, 0, 0, 0, 0, 0, 0, 0, 0, 0, 0, 0, 0, 0, 0, 0, 0, 0, 0]	[0, 0, 0, 0, 0, 0, 0, 0, 0, 0, 0, 0, 0, 0, 0, 0, 0, 0, 0, 0, 0, 0, 0]	[0.0002812000166159123, 0.011487800016766414, 0.028146700002253056, 0.044687599991448224, 0.06134580000070855, 0.07790140001452528, 0.09461830000509508, 0.11148550000507385, 0.1277023000002373, 0.1443217000050936, 0.16127000001142733, 0.17784960000426508, 0.19461279999813996, 0.21157030001631938, 0.22780120000243187, 0.24447649999638088, 0.2610519000154454, 0.2778468000178691, 0.2944228000123985, 0.3112561000161804, 0.32773799999267794, 0.34436570000252686, 0.3614995999960229]	166.0	261.0	0.6	8a
605	15	go_only	0	18	3	go	click	[68.0, 81.0, 96.0, 119.0, 135.0, 142.0, 149.0, 157.0, 164.0, 169.0, 173.0, 176.0, 178.0, 179.0, 180.0, 180.0, 180.0, 180.0, 178.0, 175.0, 173.0, 173.0, 173.0, 173.0, 173.0]	[-278.0, -233.0, -188.0, -110.0, -56.0, -15.0, 25.0, 88.0, 124.0, 154.0, 181.0, 200.0, 216.0, 231.0, 241.0, 244.0, 246.0, 247.0, 251.0, 256.0, 269.0, 275.0, 275.0, 275.0, 275.0]	[0, 0, 0, 0, 0, 0, 0, 0, 0, 0, 0, 0, 0, 0, 0, 0, 0, 0, 0, 0, 0, 0, 0, 0, 1]	[0, 0, 0, 0, 0, 0, 0, 0, 0, 0, 0, 0, 0, 0, 0, 0, 0, 0, 0, 0, 0, 0, 0, 0, 0]	[0, 0, 0, 0, 0, 0, 0, 0, 0, 0, 0, 0, 0, 0, 0, 0, 0, 0, 0, 0, 0, 0, 0, 0, 0]	[9.770001634024084e-05, 0.011431499995524064, 0.02796100001432933, 0.04456780001055449, 0.061198600014904514, 0.07803570001851767, 0.09478620000299998, 0.11126589999184944, 0.12845849999575876, 0.14480820001335815, 0.16130340000381693, 0.17800770001485944, 0.1946882999909576, 0.21124649999546818, 0.22805730000254698, 0.24487819999922067, 0.2613542999897618, 0.2779990000126418, 0.294547400000738, 0.31129280000459403, 0.3279479999910109, 0.3443332000169903, 0.36093009999603964, 0.3775933000142686, 0.3947315000114031]	173.0	275.0	0.9	8a
606	15	go_only	0	18	6	go	click	[42.0, 42.0, 54.0, 75.0, 104.0, 133.0, 156.0, 167.0, 172.0, 180.0, 185.0, 193.0, 201.0, 204.0, 207.0, 209.0, 210.0, 210.0, 211.0, 211.0, 211.0, 211.0, 211.0, 211.0, 211.0, 211.0, 211.0, 211.0, 211.0, 211.0, 212.0, 214.0, 216.0, 220.0, 224.0, 226.0, 227.0, 227.0, 227.0]	[-242.0, -242.0, -209.0, -132.0, -49.0, 34.0, 101.0, 150.0, 184.0, 229.0, 259.0, 292.0, 321.0, 342.0, 353.0, 362.0, 370.0, 376.0, 379.0, 379.0, 379.0, 379.0, 379.0, 379.0, 379.0, 379.0, 379.0, 379.0, 379.0, 379.0, 376.0, 367.0, 350.0, 323.0, 313.0, 309.0, 307.0, 307.0, 307.0]	[0, 0, 0, 0, 0, 0, 0, 0, 0, 0, 0, 0, 0, 0, 0, 0, 0, 0, 0, 0, 0, 1, 1, 1, 1, 1, 1, 1, 0, 0, 0, 0, 0, 0, 0, 0, 0, 0, 1]	[0, 0, 0, 0, 0, 0, 0, 0, 0, 0, 0, 0, 0, 0, 0, 0, 0, 0, 0, 0, 0, 0, 0, 0, 0, 0, 0, 0, 0, 0, 0, 0, 0, 0, 0, 0, 0, 0, 0]	[0, 0, 0, 0, 0, 0, 0, 0, 0, 0, 0, 0, 0, 0, 0, 0, 0, 0, 0, 0, 0, 0, 0, 0, 0, 0, 0, 0, 0, 0, 0, 0, 0, 0, 0, 0, 0, 0, 0]	[0.0002638000005390495, 0.009397600020747632, 0.02624510001624003, 0.04306290001841262, 0.05986870001652278, 0.07636140001704916, 0.09290610000607558, 0.10944040000322275, 0.12609180001891218, 0.14312790002441034, 0.15971649999846704, 0.17645190001348965, 0.19287810000241734, 0.2094857000047341, 0.22611350001534447, 0.24284110000007786, 0.25949779999791645, 0.27616110001690686, 0.2926047000219114, 0.3091527000069618, 0.3258689000213053, 0.3429791000089608, 0.35918040000251494, 0.3760340000153519, 0.3926029000140261, 0.40920600001118146, 0.42607990000396967, 0.44286430001375265, 0.4600049000000581, 0.4762031999998726, 0.4925966000009794, 0.5095225000113714, 0.5263717000198085, 0.5430686000036076, 0.5596838000055868, 0.5762585000193212, 0.59281960001681, 0.6094481000036467, 0.6262526000209618]	227.0	307.0	0.7	8a
