trial_index	block_number	block_type	is_practice	trials_count	digit	trial_type	correct_response	mouse_resp.x	mouse_resp.y	mouse_resp.leftButton	mouse_resp.midButton	mouse_resp.rightButton	mouse_resp.time	click_pos_x	click_pos_y	iti_duration	participant
1	1	go_only	1	18	2	go	click	[32.0, 32.0, 42.0, 62.0, 88.0, 120.0, 155.0, 163.0, 169.0, 170.0, 170.0, 170.0, 170.0, 170.0, 170.0, 170.0, 171.0, 175.0, 176.0, 176.0, 179.0, 180.0, 181.0, 181.0, 181.0, 181.0, 181.0, 181.0, 181.0, 181.0, 181.0, 181.0, 181.0, 181.0, 181.0, 181.0, 181.0, 181.0, 181.0, 181.0, 181.0, 181.0, 181.0, 181.0, 181.0, 181.0, 181.0, 181.0, 181.0, 181.0, 181.0, 181.0, 181.0, 181.0, 181.0, 181.0, 181.0, 181.0, 181.0, 181.0, 181.0, 181.0, 181.0, 181.0, 181.0, 181.0, 181.0, 181.0, 181.0, 181.0, 181.0, 181.0, 181.0, 181.0, 181.0, 181.0, 181.0, 181.0, 181.0, 181.0, 181.0, 181.0, 181.0, 181.0, 181.0, 181.0, 181.0, 181.0, 181.0, 181.0, 181.0, 181.0]	[-240.0, -240.0, -188.0, -104.0, -25.0, 59.0, 174.0, 231.0, 270.0, 291.0, 301.0, 307.0, 312.0, 316.0, 316.0, 316.0, 316.0, 313.0, 313.0, 313.0, 313.0, 313.0, 313.0, 313.0, 313.0, 313.0, 313.0, 313.0, 313.0, 313.0, 313.0, 313.0, 313.0, 313.0, 313.0, 313.0, 313.0, 313.0, 313.0, 313.0, 313.0, 313.0, 313.0, 313.0, 313.0, 313.0, 313.0, 313.0, 313.0, 313.0, 313.0, 313.0, 313.0, 313.0, 313.0, 313.0, 313.0, 313.0, 313.0, 313.0, 313.0, 313.0, 313.0, 313.0, 313.0, 313.0, 313.0, 313.0, 313.0, 313.0, 313.0, 313.0, 313.0, 313.0, 313.0, 313.0, 313.0, 313.0, 313.0, 313.0, 313.0, 313.0, 313.0, 313.0, 313.0, 313.0, 313.0, 313.0, 313.0, 313.0, 313.0, 313.0]	[0, 0, 0, 0, 0, 0, 0, 0, 0, 0, 0, 0, 0, 0, 0, 0, 0, 0, 0, 0, 0, 0, 0, 0, 0, 0, 0, 0, 0, 0, 0, 0, 0, 0, 0, 0, 0, 0, 0, 0, 0, 0, 0, 0, 0, 0, 0, 0, 0, 0, 0, 0, 0, 0, 0, 0, 0, 0, 0, 0, 0, 0, 0, 0, 0, 0, 0, 0, 0, 0, 0, 0, 0, 0, 0, 0, 0, 0, 0, 0, 0, 0, 0, 0, 0, 0, 0, 0, 0, 0, 0, 0]	[0, 0, 0, 0, 0, 0, 0, 0, 0, 0, 0, 0, 0, 0, 0, 0, 0, 0, 0, 0, 0, 0, 0, 0, 0, 0, 0, 0, 0, 0, 0, 0, 0, 0, 0, 0, 0, 0, 0, 0, 0, 0, 0, 0, 0, 0, 0, 0, 0, 0, 0, 0, 0, 0, 0, 0, 0, 0, 0, 0, 0, 0, 0, 0, 0, 0, 0, 0, 0, 0, 0, 0, 0, 0, 0, 0, 0, 0, 0, 0, 0, 0, 0, 0, 0, 0, 0, 0, 0, 0, 0, 0]	[0, 0, 0, 0, 0, 0, 0, 0, 0, 0, 0, 0, 0, 0, 0, 0, 0, 0, 0, 0, 0, 0, 0, 0, 0, 0, 0, 0, 0, 0, 0, 0, 0, 0, 0, 0, 0, 0, 0, 0, 0, 0, 0, 0, 0, 0, 0, 0, 0, 0, 0, 0, 0, 0, 0, 0, 0, 0, 0, 0, 0, 0, 0, 0, 0, 0, 0, 0, 0, 0, 0, 0, 0, 0, 0, 0, 0, 0, 0, 0, 0, 0, 0, 0, 0, 0, 0, 0, 0, 0, 0, 0]	[0.00020520004909485579, 0.008075200021266937, 0.024765599984675646, 0.04122589994221926, 0.05783870001323521, 0.07508770003914833, 0.09178599994629622, 0.10924479993991554, 0.12489320000167936, 0.14153390005230904, 0.15810540004167706, 0.1748029999434948, 0.19153459998779, 0.20806259999517351, 0.2246830000076443, 0.24149609997402877, 0.2581749999662861, 0.27447980002034456, 0.29119230003561825, 0.3086628000019118, 0.32484220003243536, 0.34139249997679144, 0.35806009999942034, 0.37456100003328174, 0.39151690003927797, 0.4080796999623999, 0.42441500001586974, 0.44109560002107173, 0.4579513999633491, 0.4743428999790922, 0.49107490002643317, 0.5081008999841288, 0.524586100014858, 0.5412889999570325, 0.5579090999672189, 0.5745977000333369, 0.5913331999909133, 0.6079311999492347, 0.6246602999744937, 0.6411919000092894, 0.6580310999415815, 0.6744208999443799, 0.691309200017713, 0.7078389000380412, 0.724455300020054, 0.7411919999867678, 0.7579082000302151, 0.7746631000190973, 0.7912571999477223, 0.808186599984765, 0.8245876999571919, 0.8410978999454528, 0.8576084000524133, 0.8744133999571204, 0.8912626999663189, 0.9078061999753118, 0.9244211999466643, 0.9410488000139594, 0.9577916000271216, 0.974527999991551, 0.9911114999558777, 1.0077339999843389, 1.0245384000008926, 1.0410256000468507, 1.0577895999886096, 1.0745408999500796, 1.0908796000294387, 1.107778299949132, 1.1245583000127226, 1.141395500046201, 1.1580563000170514, 1.1743727000430226, 1.1910577999660745, 1.207712100003846, 1.224292799946852, 1.2411164999939501, 1.2576131999958307, 1.2743253000080585, 1.2910193999996409, 1.3085822999710217, 1.3244628999382257, 1.3410572999855503, 1.3576803000178188, 1.3742328999796882, 1.390916800010018, 1.4075872999383137, 1.4242583999875933, 1.4409461000468582, 1.4577136000152677, 1.4742555000120774, 1.491221999982372, 1.5077606999548152]	n/a	n/a	0.6	19b
2	1	go_only	1	18	7	go	click	[-6.0, 2.0, 2.0, 25.0, 65.0, 76.0, 102.0, 114.0, 125.0, 131.0, 134.0, 135.0, 136.0, 137.0, 137.0, 137.0, 137.0, 147.0, 185.0, 217.0, 239.0, 253.0, 259.0, 259.0, 259.0, 259.0, 259.0, 259.0, 259.0, 259.0, 259.0, 259.0, 259.0, 254.0, 246.0]	[-242.0, -191.0, -191.0, -90.0, 41.0, 74.0, 157.0, 194.0, 225.0, 246.0, 255.0, 259.0, 261.0, 264.0, 264.0, 264.0, 264.0, 278.0, 321.0, 355.0, 371.0, 380.0, 382.0, 382.0, 382.0, 382.0, 382.0, 382.0, 382.0, 382.0, 382.0, 382.0, 382.0, 375.0, 363.0]	[0, 0, 0, 0, 0, 0, 0, 0, 0, 0, 0, 0, 0, 0, 0, 0, 0, 0, 0, 0, 0, 0, 0, 0, 1, 1, 1, 1, 1, 1, 1, 1, 1, 1, 1]	[0, 0, 0, 0, 0, 0, 0, 0, 0, 0, 0, 0, 0, 0, 0, 0, 0, 0, 0, 0, 0, 0, 0, 0, 0, 0, 0, 0, 0, 0, 0, 0, 0, 0, 0]	[0, 0, 0, 0, 0, 0, 0, 0, 0, 0, 0, 0, 0, 0, 0, 0, 0, 0, 0, 0, 0, 0, 0, 0, 0, 0, 0, 0, 0, 0, 0, 0, 0, 0, 0]	[0.00019509997218847275, 0.005629499908536673, 0.022929699975065887, 0.039648299920372665, 0.05594200000632554, 0.07257550000213087, 0.08931609999854118, 0.10591339995153248, 0.12240619992371649, 0.13920460001099855, 0.1562845999142155, 0.17264779994729906, 0.18932539992965758, 0.20560079999268055, 0.22241579997353256, 0.23918989999219775, 0.25614700000733137, 0.27275559992995113, 0.2895930999657139, 0.30614489992149174, 0.32253239990677685, 0.3394742999225855, 0.3557105999207124, 0.3724473000038415, 0.389162499923259, 0.4056618999456987, 0.42234159994404763, 0.43907759990543127, 0.4558228999376297, 0.47248060000129044, 0.48900049994699657, 0.5056584000121802, 0.5223686000099406, 0.5390304999891669, 0.5556609999621287]	234.0	345.0	0.9	19b
3	1	go_only	1	18	8	go	click	[39.0, 39.0, 44.0, 55.0, 68.0, 85.0, 100.0, 113.0, 124.0, 132.0, 134.0, 137.0, 137.0, 138.0, 139.0, 141.0, 149.0, 159.0, 168.0, 173.0, 175.0, 178.0, 178.0, 179.0, 180.0, 181.0, 182.0, 182.0]	[-195.0, -195.0, -148.0, -78.0, -29.0, 18.0, 60.0, 92.0, 115.0, 135.0, 145.0, 149.0, 152.0, 152.0, 153.0, 156.0, 170.0, 195.0, 215.0, 228.0, 237.0, 249.0, 258.0, 265.0, 271.0, 276.0, 277.0, 277.0]	[0, 0, 0, 0, 0, 0, 0, 0, 0, 0, 0, 0, 0, 0, 0, 0, 0, 0, 0, 0, 0, 0, 0, 0, 0, 0, 0, 1]	[0, 0, 0, 0, 0, 0, 0, 0, 0, 0, 0, 0, 0, 0, 0, 0, 0, 0, 0, 0, 0, 0, 0, 0, 0, 0, 0, 0]	[0, 0, 0, 0, 0, 0, 0, 0, 0, 0, 0, 0, 0, 0, 0, 0, 0, 0, 0, 0, 0, 0, 0, 0, 0, 0, 0, 0]	[0.00018970004748553038, 0.007581099984236062, 0.024397199973464012, 0.041103500057943165, 0.05815340008120984, 0.07463300006929785, 0.09131829999387264, 0.1079339999705553, 0.12486109999008477, 0.141363300033845, 0.1579211000353098, 0.17505530000198632, 0.1909760000417009, 0.20798150007613003, 0.22476600005757064, 0.2418088000267744, 0.25799900002311915, 0.27465520007535815, 0.2912299999734387, 0.307778500020504, 0.32454110006801784, 0.34114899998530746, 0.35796250007115304, 0.37454520002938807, 0.39146990003064275, 0.4079916999908164, 0.42453540000133216, 0.4414151000091806]	182.0	277.0	0.5	19b
4	1	go_only	1	18	3	go	click	[15.0, 15.0, 14.0, 16.0, 21.0, 28.0, 38.0, 46.0, 50.0, 56.0, 63.0, 69.0, 76.0, 81.0, 85.0, 96.0, 117.0, 140.0, 154.0, 165.0, 173.0, 182.0, 186.0, 187.0, 188.0, 188.0, 188.0, 188.0, 188.0, 188.0, 188.0, 188.0, 190.0, 192.0]	[-244.0, -244.0, -219.0, -177.0, -146.0, -112.0, -77.0, -46.0, -25.0, -4.0, 14.0, 27.0, 45.0, 55.0, 61.0, 72.0, 91.0, 117.0, 143.0, 168.0, 190.0, 210.0, 220.0, 231.0, 237.0, 243.0, 247.0, 254.0, 263.0, 268.0, 275.0, 283.0, 296.0, 304.0]	[0, 0, 0, 0, 0, 0, 0, 0, 0, 0, 0, 0, 0, 0, 0, 0, 0, 0, 0, 0, 0, 0, 0, 0, 0, 0, 0, 0, 0, 0, 0, 0, 0, 1]	[0, 0, 0, 0, 0, 0, 0, 0, 0, 0, 0, 0, 0, 0, 0, 0, 0, 0, 0, 0, 0, 0, 0, 0, 0, 0, 0, 0, 0, 0, 0, 0, 0, 0]	[0, 0, 0, 0, 0, 0, 0, 0, 0, 0, 0, 0, 0, 0, 0, 0, 0, 0, 0, 0, 0, 0, 0, 0, 0, 0, 0, 0, 0, 0, 0, 0, 0, 0]	[0.00019040005281567574, 0.007272200076840818, 0.024338900111615658, 0.040752400062046945, 0.057859200052917004, 0.07438740006182343, 0.09097380004823208, 0.10770880000200123, 0.12438520009163767, 0.14095090003684163, 0.157826800015755, 0.17465520009864122, 0.19100930006243289, 0.20765100000426173, 0.22425210010260344, 0.24057320004794747, 0.2574096000753343, 0.2744425000855699, 0.2907751000020653, 0.30733200011309236, 0.3239867000374943, 0.3407567000249401, 0.35729030007496476, 0.37460820004343987, 0.3907837000442669, 0.40730140008963645, 0.4241937000770122, 0.44103400001768023, 0.4572950000874698, 0.47392550006043166, 0.4908445000182837, 0.507388100028038, 0.5240070000290871, 0.5407118001021445]	192.0	304.0	0.6	19b
5	1	go_only	1	18	4	go	click	[7.0, 7.0, 14.0, 27.0, 52.0, 67.0, 79.0, 84.0, 89.0, 92.0, 100.0, 106.0, 109.0, 112.0, 123.0, 127.0, 131.0, 137.0, 144.0, 150.0, 156.0, 161.0, 162.0, 162.0, 162.0, 163.0, 166.0, 173.0, 181.0, 195.0, 204.0, 206.0]	[-280.0, -280.0, -264.0, -231.0, -179.0, -140.0, -105.0, -72.0, -44.0, -18.0, 13.0, 40.0, 66.0, 89.0, 119.0, 136.0, 147.0, 167.0, 188.0, 205.0, 224.0, 236.0, 239.0, 239.0, 239.0, 241.0, 248.0, 264.0, 283.0, 311.0, 329.0, 334.0]	[0, 0, 0, 0, 0, 0, 0, 0, 0, 0, 0, 0, 0, 0, 0, 0, 0, 0, 0, 0, 0, 0, 0, 0, 0, 0, 0, 0, 0, 0, 0, 1]	[0, 0, 0, 0, 0, 0, 0, 0, 0, 0, 0, 0, 0, 0, 0, 0, 0, 0, 0, 0, 0, 0, 0, 0, 0, 0, 0, 0, 0, 0, 0, 0]	[0, 0, 0, 0, 0, 0, 0, 0, 0, 0, 0, 0, 0, 0, 0, 0, 0, 0, 0, 0, 0, 0, 0, 0, 0, 0, 0, 0, 0, 0, 0, 0]	[0.00019719998817890882, 0.010379499988630414, 0.02705079992301762, 0.04386089998297393, 0.06114240002352744, 0.0773860999615863, 0.0940040999557823, 0.11058119998779148, 0.12728010001592338, 0.1440109999384731, 0.16065380000509322, 0.17742169997654855, 0.19410129997413605, 0.21089079999364913, 0.2279502999735996, 0.24416929995641112, 0.26080769998952746, 0.2774451000150293, 0.2943478999659419, 0.31054640002548695, 0.3274313999572769, 0.34407899994403124, 0.3603452999377623, 0.3772124999668449, 0.3939894000068307, 0.41061889997217804, 0.42748509999364614, 0.443903399980627, 0.46067249996121973, 0.4772015999769792, 0.49402220000047237, 0.510913799982518]	206.0	334.0	0.7	19b
6	1	go_only	1	18	8	go	click	[30.0, 30.0, 35.0, 40.0, 50.0, 70.0, 82.0, 94.0, 104.0, 111.0, 119.0, 126.0, 134.0, 140.0, 142.0, 142.0, 143.0, 148.0, 160.0, 171.0, 177.0, 178.0, 179.0, 180.0, 182.0, 185.0, 186.0, 190.0, 191.0]	[-250.0, -250.0, -226.0, -164.0, -107.0, -41.0, -2.0, 31.0, 60.0, 83.0, 104.0, 124.0, 145.0, 162.0, 168.0, 168.0, 171.0, 183.0, 207.0, 226.0, 235.0, 239.0, 241.0, 243.0, 251.0, 267.0, 284.0, 295.0, 298.0]	[0, 0, 0, 0, 0, 0, 0, 0, 0, 0, 0, 0, 0, 0, 0, 0, 0, 0, 0, 0, 0, 0, 0, 0, 0, 0, 0, 0, 1]	[0, 0, 0, 0, 0, 0, 0, 0, 0, 0, 0, 0, 0, 0, 0, 0, 0, 0, 0, 0, 0, 0, 0, 0, 0, 0, 0, 0, 0]	[0, 0, 0, 0, 0, 0, 0, 0, 0, 0, 0, 0, 0, 0, 0, 0, 0, 0, 0, 0, 0, 0, 0, 0, 0, 0, 0, 0, 0]	[0.00021309999283403158, 0.011742600006982684, 0.028416800079867244, 0.04561969998758286, 0.06208190007600933, 0.0784480000147596, 0.09486920002382249, 0.11154130008071661, 0.12822249997407198, 0.14496499998494983, 0.16153180005494505, 0.17842630005907267, 0.19494219997432083, 0.21189120004419237, 0.22814150003250688, 0.2454633000306785, 0.26169230008963495, 0.278412300045602, 0.29537680000066757, 0.3116353000514209, 0.3280979000264779, 0.3448518000077456, 0.36129680008161813, 0.3781975000165403, 0.39483840006869286, 0.4115417000139132, 0.4281294000102207, 0.44476480002049357, 0.46167220000643283]	191.0	298.0	0.7	19b
7	1	go_only	1	18	8	go	click	[43.0, 43.0, 50.0, 62.0, 73.0, 85.0, 98.0, 115.0, 131.0, 145.0, 152.0, 155.0, 157.0, 158.0, 158.0, 161.0, 166.0, 169.0, 172.0, 175.0, 175.0, 176.0, 179.0, 184.0, 193.0, 200.0, 202.0, 203.0, 203.0, 203.0]	[-280.0, -280.0, -240.0, -201.0, -164.0, -131.0, -92.0, -45.0, -6.0, 32.0, 48.0, 59.0, 68.0, 81.0, 99.0, 123.0, 150.0, 173.0, 193.0, 212.0, 226.0, 241.0, 258.0, 280.0, 314.0, 330.0, 339.0, 342.0, 342.0, 342.0]	[0, 0, 0, 0, 0, 0, 0, 0, 0, 0, 0, 0, 0, 0, 0, 0, 0, 0, 0, 0, 0, 0, 0, 0, 0, 0, 0, 0, 0, 1]	[0, 0, 0, 0, 0, 0, 0, 0, 0, 0, 0, 0, 0, 0, 0, 0, 0, 0, 0, 0, 0, 0, 0, 0, 0, 0, 0, 0, 0, 0]	[0, 0, 0, 0, 0, 0, 0, 0, 0, 0, 0, 0, 0, 0, 0, 0, 0, 0, 0, 0, 0, 0, 0, 0, 0, 0, 0, 0, 0, 0]	[8.919998072087765e-05, 0.012094200006686151, 0.02895199996419251, 0.04563970002345741, 0.06232329993508756, 0.07909619994461536, 0.09540570003446192, 0.11223410000093281, 0.12898389995098114, 0.1455690999282524, 0.16231589997187257, 0.179269399959594, 0.19551390002015978, 0.21201839996501803, 0.2287263999460265, 0.2456663999473676, 0.26201009994838387, 0.2788941999897361, 0.2955321000190452, 0.31230450002476573, 0.3287640999769792, 0.34545559994876385, 0.36214230000041425, 0.3790335999801755, 0.3964917999692261, 0.4121535000158474, 0.42886550002731383, 0.4455745000159368, 0.4620192999718711, 0.478886800003238]	203.0	339.0	0.9	19b
8	1	go_only	1	18	3	go	click	[49.0, 49.0, 67.0, 108.0, 118.0, 127.0, 133.0, 141.0, 151.0, 156.0, 157.0, 157.0, 161.0, 161.0, 161.0, 161.0, 161.0, 162.0, 165.0, 166.0, 167.0, 168.0, 169.0, 172.0, 176.0, 179.0, 180.0]	[-244.0, -244.0, -212.0, -110.0, -55.0, -13.0, 21.0, 50.0, 83.0, 117.0, 153.0, 189.0, 219.0, 237.0, 238.0, 238.0, 240.0, 247.0, 255.0, 259.0, 261.0, 262.0, 264.0, 273.0, 286.0, 292.0, 292.0]	[0, 0, 0, 0, 0, 0, 0, 0, 0, 0, 0, 0, 0, 0, 0, 0, 0, 0, 0, 0, 0, 0, 0, 0, 0, 0, 1]	[0, 0, 0, 0, 0, 0, 0, 0, 0, 0, 0, 0, 0, 0, 0, 0, 0, 0, 0, 0, 0, 0, 0, 0, 0, 0, 0]	[0, 0, 0, 0, 0, 0, 0, 0, 0, 0, 0, 0, 0, 0, 0, 0, 0, 0, 0, 0, 0, 0, 0, 0, 0, 0, 0]	[0.00022559997159987688, 0.011506799957714975, 0.0282096000155434, 0.04494849999900907, 0.06178630003705621, 0.07837660005316138, 0.09565340005792677, 0.1118385000154376, 0.1284146000398323, 0.14503190002869815, 0.16175970004405826, 0.1785395999904722, 0.19497760001104325, 0.21168579999357462, 0.2280553999589756, 0.24537410004995763, 0.2617060999618843, 0.27856080001220107, 0.29505670000799, 0.31162970000877976, 0.32823970005847514, 0.3450306999729946, 0.3616856000153348, 0.3782227999763563, 0.39495870005339384, 0.41182779998052865, 0.4281567999860272]	180.0	292.0	0.7	19b
9	1	go_only	1	18	7	go	click	[25.0, 25.0, 47.0, 76.0, 95.0, 114.0, 132.0, 145.0, 155.0, 163.0, 167.0, 170.0, 174.0, 182.0, 184.0, 184.0, 182.0, 181.0, 181.0, 183.0, 183.0, 183.0, 183.0, 182.0, 182.0, 182.0, 182.0, 182.0]	[-276.0, -276.0, -222.0, -156.0, -112.0, -64.0, -13.0, 22.0, 56.0, 79.0, 97.0, 115.0, 160.0, 185.0, 196.0, 200.0, 205.0, 214.0, 232.0, 257.0, 273.0, 281.0, 285.0, 288.0, 294.0, 296.0, 296.0, 296.0]	[0, 0, 0, 0, 0, 0, 0, 0, 0, 0, 0, 0, 0, 0, 0, 0, 0, 0, 0, 0, 0, 0, 0, 0, 0, 0, 0, 1]	[0, 0, 0, 0, 0, 0, 0, 0, 0, 0, 0, 0, 0, 0, 0, 0, 0, 0, 0, 0, 0, 0, 0, 0, 0, 0, 0, 0]	[0, 0, 0, 0, 0, 0, 0, 0, 0, 0, 0, 0, 0, 0, 0, 0, 0, 0, 0, 0, 0, 0, 0, 0, 0, 0, 0, 0]	[0.00020809995476156473, 0.010911599965766072, 0.026923099998384714, 0.04347170004621148, 0.060067999991588295, 0.07686609996017069, 0.09360560006462038, 0.11014450003858656, 0.12687749997712672, 0.14367510005831718, 0.16012630006298423, 0.17688499996438622, 0.19346079998649657, 0.20990999997593462, 0.22694169997703284, 0.24412869999650866, 0.2599123000400141, 0.27688150003086776, 0.2935377999674529, 0.31029880000278354, 0.3267391000408679, 0.3434678000630811, 0.36001219996251166, 0.37703470000997186, 0.39354740001726896, 0.40980230004061013, 0.42659920000005513, 0.4432842000387609]	182.0	296.0	0.7	19b
10	1	go_only	1	18	7	go	click	[42.0, 42.0, 57.0, 82.0, 105.0, 138.0, 153.0, 165.0, 170.0, 176.0, 182.0, 190.0, 194.0, 196.0, 197.0, 197.0, 197.0, 203.0, 209.0, 211.0, 211.0, 211.0, 211.0]	[-206.0, -206.0, -164.0, -93.0, -37.0, 49.0, 86.0, 111.0, 127.0, 142.0, 165.0, 196.0, 215.0, 226.0, 232.0, 237.0, 249.0, 288.0, 306.0, 312.0, 313.0, 313.0, 313.0]	[0, 0, 0, 0, 0, 0, 0, 0, 0, 0, 0, 0, 0, 0, 0, 0, 0, 0, 0, 0, 0, 0, 1]	[0, 0, 0, 0, 0, 0, 0, 0, 0, 0, 0, 0, 0, 0, 0, 0, 0, 0, 0, 0, 0, 0, 0]	[0, 0, 0, 0, 0, 0, 0, 0, 0, 0, 0, 0, 0, 0, 0, 0, 0, 0, 0, 0, 0, 0, 0]	[0.0004115999909117818, 0.012045099982060492, 0.028525999980047345, 0.04541419993620366, 0.06193540000822395, 0.07861319999210536, 0.09530599997378886, 0.11220370000228286, 0.1290272999322042, 0.14523949997965246, 0.1622270999941975, 0.17878930002916604, 0.1950718000298366, 0.21192210004664958, 0.22836609999649227, 0.2450181000167504, 0.2616971000097692, 0.2790275999577716, 0.2957596000051126, 0.3119973000138998, 0.3285211999900639, 0.345073499949649, 0.36193210002966225]	211.0	313.0	0.8	19b
11	1	go_only	1	18	4	go	click	[24.0, 24.0, 65.0, 100.0, 127.0, 145.0, 163.0, 180.0, 197.0, 204.0, 207.0, 210.0, 213.0, 213.0, 213.0, 213.0, 213.0, 213.0, 213.0, 213.0, 213.0, 214.0]	[-220.0, -220.0, -134.0, -64.0, 8.0, 58.0, 109.0, 178.0, 220.0, 238.0, 251.0, 266.0, 279.0, 282.0, 282.0, 282.0, 283.0, 289.0, 296.0, 300.0, 300.0, 300.0]	[0, 0, 0, 0, 0, 0, 0, 0, 0, 0, 0, 0, 0, 0, 0, 0, 0, 0, 0, 0, 0, 1]	[0, 0, 0, 0, 0, 0, 0, 0, 0, 0, 0, 0, 0, 0, 0, 0, 0, 0, 0, 0, 0, 0]	[0, 0, 0, 0, 0, 0, 0, 0, 0, 0, 0, 0, 0, 0, 0, 0, 0, 0, 0, 0, 0, 0]	[0.0002576999831944704, 0.011236899998039007, 0.027679799939505756, 0.044354300014674664, 0.06113869999535382, 0.0779577000066638, 0.09439789992757142, 0.11094039992894977, 0.12757949996739626, 0.14430589997209609, 0.16097159998025745, 0.17755319993011653, 0.19437019992619753, 0.2106994999339804, 0.2272948999889195, 0.24422379990573972, 0.26108089997433126, 0.2775887999450788, 0.29433209996204823, 0.31055920000653714, 0.3275768000166863, 0.34440159995574504]	214.0	300.0	0.9	19b
12	1	go_only	1	18	3	go	click	[74.0, 74.0, 100.0, 116.0, 133.0, 153.0, 175.0, 185.0, 191.0, 194.0, 196.0, 196.0, 197.0, 197.0, 200.0, 200.0, 200.0, 200.0, 200.0, 200.0, 197.0, 193.0, 191.0, 190.0, 188.0, 185.0, 182.0, 181.0, 181.0, 180.0, 180.0]	[-241.0, -241.0, -180.0, -142.0, -102.0, -50.0, 13.0, 49.0, 76.0, 97.0, 110.0, 125.0, 144.0, 158.0, 176.0, 182.0, 183.0, 183.0, 183.0, 184.0, 195.0, 222.0, 246.0, 256.0, 259.0, 261.0, 265.0, 273.0, 277.0, 278.0, 278.0]	[0, 0, 0, 0, 0, 0, 0, 0, 0, 0, 0, 0, 0, 0, 0, 0, 0, 0, 0, 0, 0, 0, 0, 0, 0, 0, 0, 0, 0, 0, 1]	[0, 0, 0, 0, 0, 0, 0, 0, 0, 0, 0, 0, 0, 0, 0, 0, 0, 0, 0, 0, 0, 0, 0, 0, 0, 0, 0, 0, 0, 0, 0]	[0, 0, 0, 0, 0, 0, 0, 0, 0, 0, 0, 0, 0, 0, 0, 0, 0, 0, 0, 0, 0, 0, 0, 0, 0, 0, 0, 0, 0, 0, 0]	[0.00021169998217374086, 0.00960380001924932, 0.02648390003014356, 0.04310420004185289, 0.059860500041395426, 0.07627970003522933, 0.09309460001531988, 0.10981220006942749, 0.12616480002179742, 0.1429403000511229, 0.1596774000208825, 0.17649550002533942, 0.19302650005556643, 0.20963219995610416, 0.22691059997305274, 0.24314769997727126, 0.25953719997778535, 0.276029400061816, 0.29284050001297146, 0.30943200003821403, 0.32625439995899796, 0.3426549000432715, 0.3595618000254035, 0.37613920005969703, 0.39309939998202026, 0.41047230002004653, 0.42654090002179146, 0.4432130999630317, 0.4597467000130564, 0.47621720004826784, 0.4929524000035599]	180.0	278.0	1.0	19b
13	1	go_only	1	18	2	go	click	[80.0, 80.0, 105.0, 157.0, 194.0, 216.0, 238.0, 243.0, 243.0, 244.0, 246.0, 247.0, 247.0, 247.0, 247.0, 247.0, 247.0, 246.0, 242.0, 236.0, 228.0, 219.0, 212.0, 210.0, 209.0, 208.0, 208.0]	[-150.0, -150.0, -88.0, 22.0, 104.0, 156.0, 219.0, 247.0, 268.0, 288.0, 307.0, 319.0, 329.0, 333.0, 333.0, 333.0, 333.0, 333.0, 333.0, 331.0, 327.0, 322.0, 319.0, 318.0, 317.0, 316.0, 316.0]	[0, 0, 0, 0, 0, 0, 0, 0, 0, 0, 0, 0, 0, 0, 0, 0, 0, 0, 0, 0, 0, 0, 0, 0, 0, 0, 1]	[0, 0, 0, 0, 0, 0, 0, 0, 0, 0, 0, 0, 0, 0, 0, 0, 0, 0, 0, 0, 0, 0, 0, 0, 0, 0, 0]	[0, 0, 0, 0, 0, 0, 0, 0, 0, 0, 0, 0, 0, 0, 0, 0, 0, 0, 0, 0, 0, 0, 0, 0, 0, 0, 0]	[0.00018540001474320889, 0.01121000002603978, 0.02764520002529025, 0.04439599998295307, 0.060847099986858666, 0.07751880004070699, 0.09456050000153482, 0.11132430005818605, 0.12748760008253157, 0.14405490003991872, 0.16083639999851584, 0.17755520006176084, 0.19406060001347214, 0.21072920004371554, 0.22751730005256832, 0.24404130002949387, 0.26091170008294284, 0.2777534000342712, 0.295069899992086, 0.31125720008276403, 0.32764150004368275, 0.34417190006934106, 0.36071999999694526, 0.37780100002419204, 0.3940762000856921, 0.41089330008253455, 0.4277574000880122]	208.0	316.0	0.8	19b
14	1	go_only	1	18	6	go	click	[3.0, 16.0, 16.0, 53.0, 68.0, 80.0, 89.0, 99.0, 109.0, 115.0, 120.0, 126.0, 135.0, 147.0, 156.0, 160.0, 161.0, 161.0, 162.0, 165.0, 167.0, 171.0, 173.0, 175.0, 177.0, 178.0]	[-198.0, -150.0, -150.0, -19.0, 31.0, 65.0, 98.0, 127.0, 150.0, 162.0, 171.0, 179.0, 197.0, 220.0, 242.0, 251.0, 251.0, 251.0, 253.0, 260.0, 265.0, 272.0, 276.0, 280.0, 283.0, 284.0]	[0, 0, 0, 0, 0, 0, 0, 0, 0, 0, 0, 0, 0, 0, 0, 0, 0, 0, 0, 0, 0, 0, 0, 0, 0, 1]	[0, 0, 0, 0, 0, 0, 0, 0, 0, 0, 0, 0, 0, 0, 0, 0, 0, 0, 0, 0, 0, 0, 0, 0, 0, 0]	[0, 0, 0, 0, 0, 0, 0, 0, 0, 0, 0, 0, 0, 0, 0, 0, 0, 0, 0, 0, 0, 0, 0, 0, 0, 0]	[0.00032680004369467497, 0.007186200004070997, 0.02420370001345873, 0.04091270000208169, 0.058052800013683736, 0.0739279999397695, 0.09054869995452464, 0.1071712999837473, 0.12405850004870445, 0.14079199999105185, 0.15721380000468343, 0.17400150001049042, 0.19067010004073381, 0.20726970001123846, 0.224131099996157, 0.24053559999447316, 0.2570516000268981, 0.27396449993830174, 0.29086219996679574, 0.3072628000518307, 0.3243203000165522, 0.34067800000775605, 0.35801700002048165, 0.3739561999682337, 0.3906740000238642, 0.40766449994407594]	178.0	284.0	0.8	19b
15	1	go_only	1	18	6	go	click	[3.0, 12.0, 25.0, 47.0, 70.0, 90.0, 104.0, 117.0, 129.0, 144.0, 156.0, 169.0, 175.0, 177.0, 180.0, 180.0, 180.0, 180.0, 180.0, 180.0, 180.0, 182.0, 182.0, 182.0]	[-247.0, -207.0, -162.0, -96.0, -40.0, 2.0, 31.0, 61.0, 88.0, 128.0, 155.0, 182.0, 205.0, 217.0, 223.0, 225.0, 227.0, 229.0, 234.0, 243.0, 254.0, 267.0, 267.0, 267.0]	[0, 0, 0, 0, 0, 0, 0, 0, 0, 0, 0, 0, 0, 0, 0, 0, 0, 0, 0, 0, 0, 0, 0, 1]	[0, 0, 0, 0, 0, 0, 0, 0, 0, 0, 0, 0, 0, 0, 0, 0, 0, 0, 0, 0, 0, 0, 0, 0]	[0, 0, 0, 0, 0, 0, 0, 0, 0, 0, 0, 0, 0, 0, 0, 0, 0, 0, 0, 0, 0, 0, 0, 0]	[0.00014540005940943956, 0.01184539997484535, 0.028678399976342916, 0.04506749997381121, 0.06208060006611049, 0.07840960007160902, 0.09513120003975928, 0.11168880003970116, 0.12845269998069853, 0.14500370004680008, 0.16178570000920445, 0.17859849997330457, 0.1948736000340432, 0.21167530003003776, 0.22862239996902645, 0.24529240000993013, 0.2618827000260353, 0.27884310006629676, 0.29511840001214296, 0.31191869999747723, 0.328856399981305, 0.34492339997086674, 0.361510599963367, 0.3786858000094071]	182.0	267.0	0.7	19b
16	1	go_only	1	18	2	go	click	[19.0, 19.0, 55.0, 100.0, 129.0, 142.0, 153.0, 159.0, 162.0, 172.0, 179.0, 189.0, 201.0, 204.0, 204.0, 204.0, 204.0, 204.0, 204.0, 204.0, 204.0, 204.0, 204.0, 204.0, 204.0, 204.0, 204.0, 204.0, 204.0, 204.0, 204.0, 202.0, 202.0, 201.0, 200.0]	[-188.0, -188.0, -36.0, 126.0, 214.0, 259.0, 288.0, 301.0, 310.0, 321.0, 332.0, 348.0, 362.0, 365.0, 365.0, 365.0, 365.0, 365.0, 365.0, 365.0, 365.0, 365.0, 365.0, 365.0, 365.0, 365.0, 365.0, 364.0, 363.0, 362.0, 359.0, 355.0, 353.0, 351.0, 350.0]	[0, 0, 0, 0, 0, 0, 0, 0, 0, 0, 0, 0, 0, 0, 0, 0, 0, 0, 0, 0, 0, 0, 1, 1, 1, 1, 1, 1, 1, 1, 1, 1, 1, 1, 1]	[0, 0, 0, 0, 0, 0, 0, 0, 0, 0, 0, 0, 0, 0, 0, 0, 0, 0, 0, 0, 0, 0, 0, 0, 0, 0, 0, 0, 0, 0, 0, 0, 0, 0, 0]	[0, 0, 0, 0, 0, 0, 0, 0, 0, 0, 0, 0, 0, 0, 0, 0, 0, 0, 0, 0, 0, 0, 0, 0, 0, 0, 0, 0, 0, 0, 0, 0, 0, 0, 0]	[0.00010469998233020306, 0.010875799925997853, 0.02746879996266216, 0.04413729999214411, 0.06118299998342991, 0.0774911999469623, 0.09422339999582618, 0.11108639999292791, 0.12756179994903505, 0.14467559999320656, 0.1608826998854056, 0.1780086999060586, 0.19453179999254644, 0.21099249995313585, 0.2274790999945253, 0.2440366999944672, 0.26068509998731315, 0.27731209993362427, 0.29412769991904497, 0.3105603998992592, 0.3275297998916358, 0.34410319989547133, 0.3608568999916315, 0.37751359993126243, 0.3943276999052614, 0.41070389992091805, 0.4273936999961734, 0.44404699990991503, 0.46066459990106523, 0.4773391999769956, 0.4940429999260232, 0.510659399908036, 0.5274628999177366, 0.544116499950178, 0.5605832999572158]	200.0	350.0	0.8	19b
17	1	go_only	1	18	6	go	click	[82.0, 82.0, 91.0, 111.0, 130.0, 150.0, 172.0, 193.0, 201.0, 204.0, 205.0, 205.0, 205.0, 205.0, 207.0, 210.0, 212.0, 212.0, 212.0, 212.0, 212.0, 212.0, 212.0, 212.0, 212.0]	[-215.0, -215.0, -182.0, -109.0, -29.0, 33.0, 100.0, 149.0, 174.0, 191.0, 199.0, 206.0, 210.0, 217.0, 226.0, 241.0, 262.0, 286.0, 308.0, 319.0, 322.0, 322.0, 322.0, 323.0, 323.0]	[0, 0, 0, 0, 0, 0, 0, 0, 0, 0, 0, 0, 0, 0, 0, 0, 0, 0, 0, 0, 0, 0, 0, 0, 1]	[0, 0, 0, 0, 0, 0, 0, 0, 0, 0, 0, 0, 0, 0, 0, 0, 0, 0, 0, 0, 0, 0, 0, 0, 0]	[0, 0, 0, 0, 0, 0, 0, 0, 0, 0, 0, 0, 0, 0, 0, 0, 0, 0, 0, 0, 0, 0, 0, 0, 0]	[0.0001903999364003539, 0.00781819992698729, 0.02456619997974485, 0.04120899992994964, 0.057872199919074774, 0.07468179997522384, 0.0911860999185592, 0.10818149999249727, 0.12481089995708317, 0.14140679989941418, 0.1580188999651, 0.17560319998301566, 0.19168519997037947, 0.20808199991006404, 0.2243337999098003, 0.24106939998455346, 0.2577699999092147, 0.27463389991316944, 0.2914113999577239, 0.3079526999499649, 0.32434679998550564, 0.34108459996059537, 0.35817399993538857, 0.37458949990104884, 0.39147499995306134]	212.0	323.0	0.9	19b
18	1	go_only	1	18	4	go	click	[31.0, 41.0, 54.0, 71.0, 81.0, 84.0, 86.0, 87.0, 90.0, 96.0, 101.0, 108.0, 112.0, 114.0, 115.0, 116.0, 117.0, 123.0, 131.0, 138.0, 148.0, 153.0, 156.0, 160.0, 164.0, 166.0, 166.0, 166.0, 166.0]	[-239.0, -183.0, -131.0, -43.0, 8.0, 36.0, 62.0, 83.0, 97.0, 117.0, 134.0, 158.0, 170.0, 179.0, 183.0, 186.0, 192.0, 204.0, 220.0, 232.0, 246.0, 256.0, 264.0, 273.0, 282.0, 285.0, 286.0, 286.0, 286.0]	[0, 0, 0, 0, 0, 0, 0, 0, 0, 0, 0, 0, 0, 0, 0, 0, 0, 0, 0, 0, 0, 0, 0, 0, 0, 0, 0, 0, 1]	[0, 0, 0, 0, 0, 0, 0, 0, 0, 0, 0, 0, 0, 0, 0, 0, 0, 0, 0, 0, 0, 0, 0, 0, 0, 0, 0, 0, 0]	[0, 0, 0, 0, 0, 0, 0, 0, 0, 0, 0, 0, 0, 0, 0, 0, 0, 0, 0, 0, 0, 0, 0, 0, 0, 0, 0, 0, 0]	[8.430005982518196e-05, 0.009601900004781783, 0.026020399993285537, 0.04266580007970333, 0.05937999999150634, 0.07577760005369782, 0.09248320001643151, 0.1090595000423491, 0.12579870002809912, 0.142398800002411, 0.15934989997185767, 0.17605480004567653, 0.1927825000602752, 0.20957419998012483, 0.2267180000199005, 0.24280480004381388, 0.25947350007481873, 0.27574539999477565, 0.29276950005441904, 0.30907169997226447, 0.32594210002571344, 0.34253080002963543, 0.35918140003923327, 0.3757651000050828, 0.3925061000045389, 0.4091944000683725, 0.42571480001788586, 0.4423875000793487, 0.45967870007734746]	166.0	286.0	0.9	19b
19	2	go_nogo_prac	1	18	1	nogo	none	[18.0, 18.0, 33.0, 68.0, 81.0, 99.0, 119.0, 135.0, 147.0, 158.0, 164.0, 168.0, 168.0, 168.0, 169.0, 170.0, 170.0, 170.0, 171.0, 174.0, 175.0, 175.0, 176.0, 176.0, 176.0, 176.0, 176.0, 176.0, 176.0, 176.0, 176.0, 176.0, 176.0, 176.0, 176.0, 176.0, 176.0, 176.0, 176.0, 176.0, 176.0, 176.0, 176.0, 176.0, 176.0, 176.0, 176.0, 176.0, 176.0, 176.0, 176.0, 176.0, 176.0, 176.0, 176.0, 176.0, 176.0, 176.0, 176.0, 176.0, 176.0, 176.0, 176.0]	[-256.0, -256.0, -218.0, -103.0, -32.0, 37.0, 103.0, 157.0, 196.0, 225.0, 243.0, 254.0, 263.0, 282.0, 291.0, 294.0, 294.0, 294.0, 296.0, 301.0, 305.0, 305.0, 305.0, 305.0, 305.0, 305.0, 305.0, 305.0, 305.0, 305.0, 305.0, 305.0, 305.0, 305.0, 305.0, 305.0, 305.0, 305.0, 305.0, 305.0, 305.0, 305.0, 305.0, 305.0, 305.0, 305.0, 305.0, 305.0, 305.0, 305.0, 305.0, 305.0, 305.0, 305.0, 305.0, 305.0, 305.0, 305.0, 305.0, 305.0, 305.0, 305.0, 305.0]	[0, 0, 0, 0, 0, 0, 0, 0, 0, 0, 0, 0, 0, 0, 0, 0, 0, 0, 0, 0, 0, 0, 0, 0, 0, 0, 0, 0, 0, 0, 0, 0, 0, 0, 0, 0, 0, 0, 0, 0, 0, 0, 0, 0, 0, 0, 0, 0, 0, 0, 0, 0, 0, 0, 0, 0, 0, 0, 0, 0, 0, 0, 0]	[0, 0, 0, 0, 0, 0, 0, 0, 0, 0, 0, 0, 0, 0, 0, 0, 0, 0, 0, 0, 0, 0, 0, 0, 0, 0, 0, 0, 0, 0, 0, 0, 0, 0, 0, 0, 0, 0, 0, 0, 0, 0, 0, 0, 0, 0, 0, 0, 0, 0, 0, 0, 0, 0, 0, 0, 0, 0, 0, 0, 0, 0, 0]	[0, 0, 0, 0, 0, 0, 0, 0, 0, 0, 0, 0, 0, 0, 0, 0, 0, 0, 0, 0, 0, 0, 0, 0, 0, 0, 0, 0, 0, 0, 0, 0, 0, 0, 0, 0, 0, 0, 0, 0, 0, 0, 0, 0, 0, 0, 0, 0, 0, 0, 0, 0, 0, 0, 0, 0, 0, 0, 0, 0, 0, 0, 0]	[0.0002055999357253313, 0.008540199953131378, 0.02524650003761053, 0.042042699991725385, 0.05925209994893521, 0.07531620003283024, 0.0919684999389574, 0.10905630001798272, 0.12568409997038543, 0.14198850002139807, 0.15858439996372908, 0.17532489995937794, 0.19235429994296283, 0.20876179996412247, 0.2259234000230208, 0.24179549992550164, 0.258626600028947, 0.27536750002764165, 0.29213129996787757, 0.3088221999350935, 0.3253273000009358, 0.3420386000070721, 0.3585519000189379, 0.375322200008668, 0.39187649998348206, 0.4084333999780938, 0.42568610003218055, 0.44214229995850474, 0.4586268999846652, 0.4752466999925673, 0.4918919999618083, 0.5087349000386894, 0.5255329000065103, 0.5420347999315709, 0.55859289993532, 0.5754157999763265, 0.5918486999580637, 0.6085268999449909, 0.6249441999243572, 0.6417623999295756, 0.6583498999243602, 0.6751461999956518, 0.69171839999035, 0.7082842999370769, 0.7249945999355987, 0.7415927000110969, 0.7585466000018641, 0.7751602999633178, 0.791951599996537, 0.8085679999785498, 0.8252500999951735, 0.8418582000304013, 0.8587248999392614, 0.8755394000327215, 0.8917628999333829, 0.908850000007078, 0.9254795999731869, 0.9421418999554589, 0.9584651000332087, 0.9751708999974653, 0.9917881999863312, 1.0084576000226662, 1.0251613999716938]	n/a	n/a	0.8	19b
20	2	go_nogo_prac	1	18	2	go	click	[43.0, 43.0, 49.0, 58.0, 77.0, 97.0, 114.0, 126.0, 136.0, 146.0, 153.0, 161.0, 166.0, 173.0, 175.0, 176.0, 178.0, 181.0, 185.0, 187.0, 188.0, 189.0, 190.0, 194.0, 197.0, 201.0, 205.0, 205.0, 206.0, 206.0, 206.0, 206.0, 206.0]	[-286.0, -286.0, -273.0, -252.0, -201.0, -135.0, -70.0, -31.0, 2.0, 31.0, 56.0, 85.0, 117.0, 142.0, 154.0, 160.0, 166.0, 177.0, 189.0, 197.0, 202.0, 206.0, 212.0, 227.0, 250.0, 274.0, 296.0, 298.0, 300.0, 300.0, 300.0, 300.0, 300.0]	[0, 0, 0, 0, 0, 0, 0, 0, 0, 0, 0, 0, 0, 0, 0, 0, 0, 0, 0, 0, 0, 0, 0, 0, 0, 0, 0, 0, 0, 0, 0, 0, 1]	[0, 0, 0, 0, 0, 0, 0, 0, 0, 0, 0, 0, 0, 0, 0, 0, 0, 0, 0, 0, 0, 0, 0, 0, 0, 0, 0, 0, 0, 0, 0, 0, 0]	[0, 0, 0, 0, 0, 0, 0, 0, 0, 0, 0, 0, 0, 0, 0, 0, 0, 0, 0, 0, 0, 0, 0, 0, 0, 0, 0, 0, 0, 0, 0, 0, 0]	[0.000224200077354908, 0.011653600027784705, 0.028603500104509294, 0.04539690003730357, 0.06198740005493164, 0.078505500103347, 0.09512020007241517, 0.1117720000911504, 0.128462600056082, 0.14517990010790527, 0.1617801000829786, 0.17863120010588318, 0.1952078000176698, 0.21190380002371967, 0.22907210001721978, 0.24625530000776052, 0.26175080006942153, 0.2785444000037387, 0.29536820005159825, 0.3117722000461072, 0.3285132000455633, 0.345172300003469, 0.36170870007481426, 0.37839950004126877, 0.39517420006450266, 0.411783300107345, 0.4288734000874683, 0.44524510006885976, 0.4614760000258684, 0.47806340001989156, 0.4950596000999212, 0.5114484000951052, 0.5288827000185847]	206.0	300.0	0.5	19b
21	2	go_nogo_prac	1	18	8	go	click	[24.0, 32.0, 40.0, 58.0, 68.0, 82.0, 91.0, 99.0, 108.0, 114.0, 122.0, 129.0, 135.0, 137.0, 137.0, 137.0, 137.0, 137.0, 140.0, 145.0, 149.0, 149.0, 150.0, 150.0, 150.0, 150.0, 150.0, 150.0, 150.0, 150.0, 150.0, 150.0, 150.0, 150.0, 150.0, 150.0, 150.0, 150.0, 150.0, 150.0, 150.0, 150.0, 150.0, 150.0, 150.0, 150.0, 150.0, 150.0, 150.0, 150.0, 150.0, 150.0, 150.0, 150.0, 150.0, 150.0, 150.0, 150.0, 150.0, 150.0, 150.0, 150.0, 150.0, 150.0, 150.0, 150.0, 150.0, 150.0, 150.0, 150.0, 150.0, 150.0, 150.0, 150.0, 150.0, 150.0, 150.0, 150.0, 150.0, 150.0, 150.0, 150.0, 150.0, 150.0, 150.0, 150.0, 150.0, 150.0, 150.0, 150.0, 150.0, 150.0]	[-276.0, -253.0, -220.0, -125.0, -8.0, 71.0, 118.0, 156.0, 195.0, 221.0, 253.0, 272.0, 290.0, 294.0, 295.0, 295.0, 295.0, 295.0, 302.0, 308.0, 312.0, 312.0, 312.0, 312.0, 312.0, 312.0, 312.0, 312.0, 312.0, 312.0, 312.0, 312.0, 312.0, 312.0, 312.0, 312.0, 312.0, 312.0, 312.0, 312.0, 312.0, 312.0, 312.0, 312.0, 312.0, 312.0, 312.0, 312.0, 312.0, 312.0, 312.0, 312.0, 312.0, 312.0, 312.0, 312.0, 312.0, 312.0, 312.0, 312.0, 312.0, 312.0, 312.0, 312.0, 312.0, 312.0, 312.0, 312.0, 312.0, 312.0, 312.0, 312.0, 312.0, 312.0, 312.0, 312.0, 312.0, 312.0, 312.0, 312.0, 312.0, 312.0, 312.0, 312.0, 312.0, 312.0, 312.0, 312.0, 312.0, 312.0, 312.0, 312.0]	[0, 0, 0, 0, 0, 0, 0, 0, 0, 0, 0, 0, 0, 0, 0, 0, 0, 0, 0, 0, 0, 0, 0, 0, 0, 1, 1, 1, 1, 1, 1, 1, 1, 0, 0, 0, 0, 0, 0, 0, 0, 0, 0, 0, 0, 0, 0, 0, 0, 0, 0, 0, 0, 0, 0, 0, 0, 0, 0, 0, 0, 0, 0, 0, 0, 0, 0, 0, 0, 0, 0, 0, 0, 0, 0, 0, 0, 0, 0, 0, 0, 0, 0, 0, 0, 0, 0, 0, 0, 0, 0, 0]	[0, 0, 0, 0, 0, 0, 0, 0, 0, 0, 0, 0, 0, 0, 0, 0, 0, 0, 0, 0, 0, 0, 0, 0, 0, 0, 0, 0, 0, 0, 0, 0, 0, 0, 0, 0, 0, 0, 0, 0, 0, 0, 0, 0, 0, 0, 0, 0, 0, 0, 0, 0, 0, 0, 0, 0, 0, 0, 0, 0, 0, 0, 0, 0, 0, 0, 0, 0, 0, 0, 0, 0, 0, 0, 0, 0, 0, 0, 0, 0, 0, 0, 0, 0, 0, 0, 0, 0, 0, 0, 0, 0]	[0, 0, 0, 0, 0, 0, 0, 0, 0, 0, 0, 0, 0, 0, 0, 0, 0, 0, 0, 0, 0, 0, 0, 0, 0, 0, 0, 0, 0, 0, 0, 0, 0, 0, 0, 0, 0, 0, 0, 0, 0, 0, 0, 0, 0, 0, 0, 0, 0, 0, 0, 0, 0, 0, 0, 0, 0, 0, 0, 0, 0, 0, 0, 0, 0, 0, 0, 0, 0, 0, 0, 0, 0, 0, 0, 0, 0, 0, 0, 0, 0, 0, 0, 0, 0, 0, 0, 0, 0, 0, 0, 0]	[8.850009180605412e-05, 0.010557300061918795, 0.02771050005685538, 0.04387690010480583, 0.06053000001702458, 0.07739660004153848, 0.09406740008853376, 0.11057720007374883, 0.12758590001612902, 0.14417970005888492, 0.1609119001077488, 0.1776279000332579, 0.194084900082089, 0.21066710003651679, 0.2270426000468433, 0.2437023000093177, 0.2605595000786707, 0.2775896000675857, 0.2941990999970585, 0.31073460006155074, 0.3272169000701979, 0.344121600035578, 0.36050570011138916, 0.37713999999687076, 0.3940418000565842, 0.4108097000280395, 0.42715270002372563, 0.44373780000023544, 0.4604537000413984, 0.4771050000563264, 0.49380100006237626, 0.5105480001075193, 0.5267989001004025, 0.5438349000178277, 0.5603284001117572, 0.5770607000449672, 0.5937943001044914, 0.6106122001074255, 0.6271525000920519, 0.6437038000440225, 0.6604321000631899, 0.6770504000596702, 0.693487000069581, 0.7102569000562653, 0.7269109000917524, 0.7436302000423893, 0.7603878000518307, 0.7770491000264883, 0.7936596000799909, 0.8102248000213876, 0.8270412000128999, 0.8438200000673532, 0.8602297001052648, 0.8773386999964714, 0.893784600077197, 0.9104505000868812, 0.9272075000917539, 0.943609100067988, 0.9604513000231236, 0.9768664001021534, 0.9939385000616312, 1.0102998000802472, 1.0271810000995174, 1.0437154000392184, 1.060279600089416, 1.0769570000702515, 1.0938084000954404, 1.1103634000755847, 1.1271399999968708, 1.1436529000056908, 1.1602684000972658, 1.1768634000327438, 1.193641500081867, 1.2101357000647113, 1.2269709000829607, 1.2436190000735223, 1.2602231000782922, 1.276852700044401, 1.2934763000812382, 1.3100551000097767, 1.3267640999983996, 1.3435504001099616, 1.3603248000144958, 1.376985500101, 1.3938925000838935, 1.410208500106819, 1.4270587000064552, 1.4435692999977618, 1.4602399000432342, 1.4771215000655502, 1.493721800041385, 1.5102775000268593]	n/a	n/a	0.9	19b
22	2	go_nogo_prac	1	18	2	go	click	[75.0, 75.0, 87.0, 107.0, 126.0, 139.0, 156.0, 168.0, 178.0, 185.0, 192.0, 196.0, 199.0, 199.0, 200.0, 200.0, 201.0, 204.0, 206.0, 207.0, 207.0, 207.0]	[-245.0, -245.0, -208.0, -116.0, -32.0, 17.0, 76.0, 115.0, 150.0, 175.0, 200.0, 222.0, 237.0, 244.0, 246.0, 253.0, 262.0, 275.0, 285.0, 286.0, 286.0, 286.0]	[0, 0, 0, 0, 0, 0, 0, 0, 0, 0, 0, 0, 0, 0, 0, 0, 0, 0, 0, 0, 0, 1]	[0, 0, 0, 0, 0, 0, 0, 0, 0, 0, 0, 0, 0, 0, 0, 0, 0, 0, 0, 0, 0, 0]	[0, 0, 0, 0, 0, 0, 0, 0, 0, 0, 0, 0, 0, 0, 0, 0, 0, 0, 0, 0, 0, 0]	[0.00018510001245886087, 0.010590300080366433, 0.02723360003437847, 0.043748100055381656, 0.06058560009114444, 0.07714900001883507, 0.09404680004809052, 0.11052260000724345, 0.1271157000446692, 0.14368209999520332, 0.16041420004330575, 0.1771321000996977, 0.19384369999170303, 0.21073859999887645, 0.22709030006080866, 0.24393460003193468, 0.26056980004068464, 0.27721180010121316, 0.2939123000251129, 0.3104131000582129, 0.32729570008814335, 0.3440724000101909]	207.0	286.0	0.8	19b
23	2	go_nogo_prac	1	18	4	go	click	[63.0, 63.0, 76.0, 99.0, 125.0, 143.0, 153.0, 163.0, 175.0, 187.0, 192.0, 199.0, 200.0, 200.0, 201.0, 201.0, 201.0, 202.0, 206.0, 210.0, 210.0, 210.0, 210.0, 210.0, 210.0, 210.0, 210.0, 210.0, 210.0, 210.0, 210.0, 210.0, 210.0, 210.0, 210.0, 210.0, 210.0, 210.0, 210.0, 210.0, 210.0, 210.0, 210.0, 210.0, 210.0, 210.0, 210.0, 210.0, 210.0, 210.0, 210.0, 210.0, 210.0, 210.0, 210.0, 210.0, 210.0, 210.0, 210.0, 210.0, 210.0, 210.0, 210.0, 210.0, 210.0, 210.0, 210.0, 210.0, 210.0, 210.0, 209.0, 208.0, 206.0, 204.0, 203.0, 201.0, 199.0, 195.0, 194.0, 193.0, 193.0, 193.0, 193.0, 193.0, 193.0, 192.0, 192.0, 192.0, 192.0, 192.0, 192.0, 192.0]	[-249.0, -249.0, -147.0, -39.0, 54.0, 131.0, 181.0, 225.0, 266.0, 293.0, 312.0, 328.0, 333.0, 333.0, 333.0, 333.0, 333.0, 338.0, 353.0, 362.0, 363.0, 363.0, 362.0, 362.0, 361.0, 361.0, 361.0, 361.0, 361.0, 361.0, 361.0, 361.0, 361.0, 361.0, 361.0, 361.0, 361.0, 361.0, 361.0, 361.0, 361.0, 361.0, 361.0, 361.0, 361.0, 361.0, 361.0, 361.0, 361.0, 361.0, 361.0, 361.0, 361.0, 361.0, 361.0, 361.0, 361.0, 361.0, 361.0, 361.0, 361.0, 361.0, 361.0, 361.0, 361.0, 360.0, 359.0, 359.0, 359.0, 358.0, 356.0, 353.0, 345.0, 340.0, 333.0, 326.0, 319.0, 311.0, 306.0, 305.0, 304.0, 304.0, 304.0, 303.0, 303.0, 303.0, 303.0, 303.0, 302.0, 302.0, 302.0, 302.0]	[0, 0, 0, 0, 0, 0, 0, 0, 0, 0, 0, 0, 0, 0, 0, 0, 0, 0, 0, 0, 0, 0, 0, 0, 0, 0, 0, 1, 1, 1, 1, 1, 1, 1, 1, 1, 1, 0, 0, 0, 0, 0, 0, 0, 0, 0, 0, 0, 0, 0, 0, 0, 0, 0, 0, 0, 0, 0, 0, 0, 0, 0, 0, 0, 0, 0, 0, 0, 0, 0, 0, 0, 0, 0, 0, 0, 0, 0, 0, 0, 0, 0, 0, 0, 0, 0, 0, 0, 0, 0, 0, 0]	[0, 0, 0, 0, 0, 0, 0, 0, 0, 0, 0, 0, 0, 0, 0, 0, 0, 0, 0, 0, 0, 0, 0, 0, 0, 0, 0, 0, 0, 0, 0, 0, 0, 0, 0, 0, 0, 0, 0, 0, 0, 0, 0, 0, 0, 0, 0, 0, 0, 0, 0, 0, 0, 0, 0, 0, 0, 0, 0, 0, 0, 0, 0, 0, 0, 0, 0, 0, 0, 0, 0, 0, 0, 0, 0, 0, 0, 0, 0, 0, 0, 0, 0, 0, 0, 0, 0, 0, 0, 0, 0, 0]	[0, 0, 0, 0, 0, 0, 0, 0, 0, 0, 0, 0, 0, 0, 0, 0, 0, 0, 0, 0, 0, 0, 0, 0, 0, 0, 0, 0, 0, 0, 0, 0, 0, 0, 0, 0, 0, 0, 0, 0, 0, 0, 0, 0, 0, 0, 0, 0, 0, 0, 0, 0, 0, 0, 0, 0, 0, 0, 0, 0, 0, 0, 0, 0, 0, 0, 0, 0, 0, 0, 0, 0, 0, 0, 0, 0, 0, 0, 0, 0, 0, 0, 0, 0, 0, 0, 0, 0, 0, 0, 0, 0]	[0.00020290003158152103, 0.012241499964147806, 0.029397499980404973, 0.045717400033026934, 0.06240359996445477, 0.07884740002918988, 0.09560989995952696, 0.11280200001783669, 0.129117599921301, 0.14574790000915527, 0.16234939999412745, 0.17891329992562532, 0.1957200999604538, 0.2124461999628693, 0.22885419998783618, 0.24548679997678846, 0.26218199997674674, 0.27886339998804033, 0.2961193999508396, 0.31230899994261563, 0.3289034999907017, 0.3456462000031024, 0.36209349997807294, 0.3791035999311134, 0.3955861999420449, 0.41219189995899796, 0.428853299934417, 0.4463160999584943, 0.4620918999426067, 0.47896610002499074, 0.4952843999490142, 0.5121396000031382, 0.5286768999649212, 0.5453253999585286, 0.5619988000253215, 0.5786754000000656, 0.595234900014475, 0.6117448000004515, 0.628625400015153, 0.6460160999558866, 0.6618838999420404, 0.6785200999584049, 0.6950902999378741, 0.7119432999752462, 0.7283637999789789, 0.745279400027357, 0.7620412999531254, 0.7784045999869704, 0.7951611999887973, 0.8118679999606684, 0.828559499932453, 0.845079299993813, 0.8618297999491915, 0.8789043999277055, 0.8949422999285161, 0.9118332000216469, 0.9286212000297382, 0.9450240000151098, 0.961601399932988, 0.9782351999310777, 0.9950351000297815, 1.0116796999936923, 1.028245799941942, 1.0454744999296963, 1.0620184999424964, 1.078503799973987, 1.0949248999822885, 1.1118203999940306, 1.128685800009407, 1.1453643999993801, 1.1620718999765813, 1.1792018000269309, 1.195411799941212, 1.2119538999395445, 1.2285063000163063, 1.2448185000102967, 1.261589500005357, 1.2782974999863654, 1.295038599986583, 1.311797000002116, 1.3282803000183776, 1.3448304999619722, 1.3620059000095353, 1.3782076999777928, 1.3951527000172064, 1.4116661000298336, 1.428267000010237, 1.4454074000241235, 1.4618682999862358, 1.478330499958247, 1.4948564999504015, 1.5115700999740511]	n/a	n/a	0.6	19b
24	2	go_nogo_prac	1	18	6	go	click	[50.0, 50.0, 76.0, 124.0, 134.0, 140.0, 146.0, 154.0, 160.0, 166.0, 170.0, 175.0, 179.0, 179.0, 179.0, 180.0, 183.0, 187.0, 189.0, 190.0, 190.0, 190.0, 190.0, 190.0, 190.0, 190.0, 192.0, 192.0]	[-144.0, -144.0, -82.0, 37.0, 68.0, 91.0, 113.0, 137.0, 160.0, 177.0, 188.0, 202.0, 207.0, 209.0, 210.0, 215.0, 226.0, 237.0, 247.0, 255.0, 259.0, 260.0, 261.0, 263.0, 269.0, 277.0, 282.0, 282.0]	[0, 0, 0, 0, 0, 0, 0, 0, 0, 0, 0, 0, 0, 0, 0, 0, 0, 0, 0, 0, 0, 0, 0, 0, 0, 0, 0, 1]	[0, 0, 0, 0, 0, 0, 0, 0, 0, 0, 0, 0, 0, 0, 0, 0, 0, 0, 0, 0, 0, 0, 0, 0, 0, 0, 0, 0]	[0, 0, 0, 0, 0, 0, 0, 0, 0, 0, 0, 0, 0, 0, 0, 0, 0, 0, 0, 0, 0, 0, 0, 0, 0, 0, 0, 0]	[0.0002074999501928687, 0.010094000026583672, 0.026608599931932986, 0.04399209993425757, 0.0606629999820143, 0.07728209998458624, 0.09335059998556972, 0.10992800001986325, 0.12689099996350706, 0.14328820002265275, 0.1600091999862343, 0.17642809997778386, 0.19357030000537634, 0.21018149994779378, 0.22667250002268702, 0.24382229999173433, 0.25999940000474453, 0.2768531999317929, 0.293195299920626, 0.30983939999714494, 0.32650069997180253, 0.34309129999019206, 0.35984159994404763, 0.376480899984017, 0.39334680000320077, 0.4101331999991089, 0.42631909996271133, 0.44398869993165135]	192.0	282.0	0.7	19b
25	2	go_nogo_prac	1	18	6	go	click	[41.0, 41.0, 65.0, 86.0, 96.0, 102.0, 109.0, 115.0, 122.0, 127.0, 134.0, 139.0, 147.0, 149.0, 149.0, 149.0, 149.0, 149.0, 152.0, 155.0, 159.0, 163.0, 170.0, 171.0, 172.0, 174.0, 175.0, 175.0, 175.0, 175.0]	[-247.0, -247.0, -147.0, -69.0, -35.0, 4.0, 46.0, 77.0, 98.0, 111.0, 130.0, 147.0, 164.0, 170.0, 171.0, 171.0, 171.0, 171.0, 177.0, 189.0, 200.0, 213.0, 232.0, 244.0, 255.0, 264.0, 268.0, 270.0, 270.0, 270.0]	[0, 0, 0, 0, 0, 0, 0, 0, 0, 0, 0, 0, 0, 0, 0, 0, 0, 0, 0, 0, 0, 0, 0, 0, 0, 0, 0, 0, 0, 1]	[0, 0, 0, 0, 0, 0, 0, 0, 0, 0, 0, 0, 0, 0, 0, 0, 0, 0, 0, 0, 0, 0, 0, 0, 0, 0, 0, 0, 0, 0]	[0, 0, 0, 0, 0, 0, 0, 0, 0, 0, 0, 0, 0, 0, 0, 0, 0, 0, 0, 0, 0, 0, 0, 0, 0, 0, 0, 0, 0, 0]	[0.00014110002666711807, 0.012516200076788664, 0.029397100093774498, 0.045984200085513294, 0.0625703000696376, 0.07939130009617656, 0.09602090006228536, 0.1126945000141859, 0.12950710009317845, 0.1461905000032857, 0.1627020000014454, 0.18012999999336898, 0.19575710000935942, 0.21277640003245324, 0.229089800035581, 0.24564199999440461, 0.26225840009283274, 0.27911590004805475, 0.29575680010020733, 0.31251920002978295, 0.32924920006189495, 0.345928700058721, 0.3623837000923231, 0.3796288000885397, 0.39565820002462715, 0.41281450004316866, 0.4290986000560224, 0.4455237000947818, 0.4622638000873849, 0.47931210009846836]	175.0	270.0	0.9	19b
26	2	go_nogo_prac	1	18	1	nogo	none	[48.0, 48.0, 73.0, 123.0, 158.0, 166.0, 174.0, 181.0, 187.0, 191.0, 197.0, 199.0, 206.0, 209.0, 213.0, 214.0, 214.0, 214.0, 214.0, 214.0, 215.0, 215.0, 215.0, 215.0, 215.0, 215.0, 215.0, 215.0, 214.0, 214.0, 213.0, 213.0, 213.0, 213.0, 213.0, 213.0, 213.0, 213.0, 213.0, 213.0, 213.0, 213.0, 213.0, 213.0, 213.0, 213.0, 213.0, 213.0, 213.0, 213.0, 213.0, 213.0, 213.0, 213.0, 213.0, 213.0, 213.0, 213.0, 213.0, 213.0, 213.0, 213.0, 213.0, 213.0, 213.0, 213.0, 213.0, 213.0, 213.0, 213.0, 213.0, 213.0, 213.0]	[-173.0, -173.0, -115.0, 3.0, 96.0, 130.0, 161.0, 190.0, 213.0, 230.0, 245.0, 262.0, 291.0, 325.0, 342.0, 347.0, 349.0, 351.0, 352.0, 353.0, 354.0, 354.0, 354.0, 354.0, 354.0, 354.0, 354.0, 353.0, 352.0, 349.0, 347.0, 347.0, 347.0, 347.0, 347.0, 347.0, 347.0, 347.0, 346.0, 346.0, 346.0, 346.0, 346.0, 346.0, 346.0, 346.0, 346.0, 346.0, 346.0, 346.0, 346.0, 346.0, 346.0, 346.0, 346.0, 346.0, 346.0, 346.0, 346.0, 346.0, 346.0, 346.0, 346.0, 346.0, 346.0, 346.0, 346.0, 346.0, 346.0, 346.0, 346.0, 346.0, 346.0]	[0, 0, 0, 0, 0, 0, 0, 0, 0, 0, 0, 0, 0, 0, 0, 0, 0, 0, 0, 0, 0, 0, 0, 0, 0, 0, 0, 0, 0, 0, 0, 0, 0, 0, 0, 0, 0, 0, 0, 0, 0, 0, 0, 0, 0, 0, 0, 0, 0, 0, 0, 0, 0, 0, 0, 0, 0, 0, 0, 0, 0, 0, 0, 0, 0, 0, 0, 0, 0, 0, 0, 0, 0]	[0, 0, 0, 0, 0, 0, 0, 0, 0, 0, 0, 0, 0, 0, 0, 0, 0, 0, 0, 0, 0, 0, 0, 0, 0, 0, 0, 0, 0, 0, 0, 0, 0, 0, 0, 0, 0, 0, 0, 0, 0, 0, 0, 0, 0, 0, 0, 0, 0, 0, 0, 0, 0, 0, 0, 0, 0, 0, 0, 0, 0, 0, 0, 0, 0, 0, 0, 0, 0, 0, 0, 0, 0]	[0, 0, 0, 0, 0, 0, 0, 0, 0, 0, 0, 0, 0, 0, 0, 0, 0, 0, 0, 0, 0, 0, 0, 0, 0, 0, 0, 0, 0, 0, 0, 0, 0, 0, 0, 0, 0, 0, 0, 0, 0, 0, 0, 0, 0, 0, 0, 0, 0, 0, 0, 0, 0, 0, 0, 0, 0, 0, 0, 0, 0, 0, 0, 0, 0, 0, 0, 0, 0, 0, 0, 0, 0]	[0.00018699991051107645, 0.01112969999667257, 0.027923299930989742, 0.044247200014069676, 0.06180839997250587, 0.07813109993003309, 0.09465529990848154, 0.11108589998912066, 0.12781929993070662, 0.14448169991374016, 0.16089920001104474, 0.177788499975577, 0.19451429997570813, 0.21121520001906902, 0.22763119998853654, 0.24467229994479567, 0.26149149995762855, 0.27792049990966916, 0.29446100001223385, 0.31114469992462546, 0.32744169991929084, 0.34393390000332147, 0.3606570999836549, 0.3774587999796495, 0.39407779998146, 0.41082749993074685, 0.4275719999568537, 0.44416289997752756, 0.46102459996473044, 0.4778298999881372, 0.4940366999944672, 0.5107887999620289, 0.5274782999185845, 0.5441047999775037, 0.5606642999919131, 0.5774116999236867, 0.5939141999697313, 0.6110098999924958, 0.6274349999148399, 0.6441269000060856, 0.6604778999462724, 0.6773252999410033, 0.6939806999871507, 0.7107133999234065, 0.7273063999600708, 0.744061499950476, 0.760849199956283, 0.777451099944301, 0.7938971999101341, 0.8107590000145137, 0.8272399000125006, 0.843986599938944, 0.8607232000213116, 0.8773812999716029, 0.8940560999326408, 0.9110121999401599, 0.9273553999373689, 0.9441353000001982, 0.9606137999799103, 0.9773333999328315, 0.9939998999470845, 1.0107635000022128, 1.0273412999231368, 1.0439428000245243, 1.0608005999820307, 1.0773523999378085, 1.0940144999185577, 1.110566099989228, 1.1270303999772295, 1.143878799979575, 1.1605172000126913, 1.1772063999669626, 1.1938311000121757]	n/a	n/a	0.8	19b
27	2	go_nogo_prac	1	18	3	go	click	[14.0, 14.0, 27.0, 70.0, 104.0, 122.0, 137.0, 150.0, 161.0, 170.0, 177.0, 183.0, 187.0, 191.0, 193.0, 193.0, 193.0, 193.0, 196.0, 200.0, 203.0, 203.0]	[-233.0, -233.0, -185.0, -15.0, 66.0, 110.0, 143.0, 171.0, 194.0, 215.0, 229.0, 243.0, 256.0, 269.0, 275.0, 275.0, 275.0, 275.0, 281.0, 292.0, 299.0, 299.0]	[0, 0, 0, 0, 0, 0, 0, 0, 0, 0, 0, 0, 0, 0, 0, 0, 0, 0, 0, 0, 0, 1]	[0, 0, 0, 0, 0, 0, 0, 0, 0, 0, 0, 0, 0, 0, 0, 0, 0, 0, 0, 0, 0, 0]	[0, 0, 0, 0, 0, 0, 0, 0, 0, 0, 0, 0, 0, 0, 0, 0, 0, 0, 0, 0, 0, 0]	[0.00028229993768036366, 0.009042899939231575, 0.025780699914321303, 0.04230739991180599, 0.059306199895218015, 0.07583859993610531, 0.0922477999702096, 0.10894529998768121, 0.12544899992644787, 0.14243369991891086, 0.15882279991637915, 0.17578509997110814, 0.19251309998799115, 0.20885439997073263, 0.22517989994958043, 0.24168179999105632, 0.2585015998920426, 0.27534049993846565, 0.29262649989686906, 0.3088958999142051, 0.32520769990514964, 0.3421050999313593]	203.0	299.0	0.5	19b
28	2	go_nogo_prac	1	18	9	nogo	none	[44.0, 44.0, 57.0, 83.0, 99.0, 116.0, 129.0, 149.0, 164.0, 172.0, 178.0, 181.0, 186.0, 191.0, 194.0, 196.0, 196.0, 198.0, 202.0, 202.0, 202.0, 202.0, 202.0, 202.0, 202.0, 202.0, 202.0, 202.0, 202.0, 202.0, 202.0, 202.0, 202.0, 202.0, 202.0, 202.0, 202.0, 202.0, 202.0, 202.0, 202.0, 202.0, 202.0, 202.0, 202.0, 202.0, 202.0, 202.0, 202.0, 202.0, 202.0, 202.0, 202.0, 202.0, 202.0, 202.0, 202.0, 202.0, 202.0, 202.0, 202.0, 202.0]	[-239.0, -239.0, -187.0, -82.0, -10.0, 51.0, 118.0, 217.0, 271.0, 300.0, 313.0, 323.0, 331.0, 339.0, 347.0, 351.0, 353.0, 358.0, 365.0, 365.0, 365.0, 365.0, 365.0, 365.0, 365.0, 365.0, 365.0, 365.0, 365.0, 365.0, 365.0, 365.0, 365.0, 365.0, 365.0, 365.0, 365.0, 365.0, 365.0, 365.0, 365.0, 365.0, 365.0, 365.0, 365.0, 365.0, 365.0, 365.0, 365.0, 365.0, 365.0, 365.0, 365.0, 365.0, 365.0, 365.0, 365.0, 365.0, 365.0, 365.0, 365.0, 365.0]	[0, 0, 0, 0, 0, 0, 0, 0, 0, 0, 0, 0, 0, 0, 0, 0, 0, 0, 0, 0, 0, 1, 1, 1, 1, 1, 1, 1, 1, 1, 1, 1, 1, 1, 1, 1, 1, 1, 1, 1, 1, 1, 1, 1, 1, 1, 1, 1, 1, 1, 1, 1, 1, 1, 1, 1, 1, 1, 1, 1, 1, 1]	[0, 0, 0, 0, 0, 0, 0, 0, 0, 0, 0, 0, 0, 0, 0, 0, 0, 0, 0, 0, 0, 0, 0, 0, 0, 0, 0, 0, 0, 0, 0, 0, 0, 0, 0, 0, 0, 0, 0, 0, 0, 0, 0, 0, 0, 0, 0, 0, 0, 0, 0, 0, 0, 0, 0, 0, 0, 0, 0, 0, 0, 0]	[0, 0, 0, 0, 0, 0, 0, 0, 0, 0, 0, 0, 0, 0, 0, 0, 0, 0, 0, 0, 0, 0, 0, 0, 0, 0, 0, 0, 0, 0, 0, 0, 0, 0, 0, 0, 0, 0, 0, 0, 0, 0, 0, 0, 0, 0, 0, 0, 0, 0, 0, 0, 0, 0, 0, 0, 0, 0, 0, 0, 0, 0]	[0.0001943999668583274, 0.01016820000950247, 0.0270537999458611, 0.043485900037921965, 0.060087400022894144, 0.07681250001769513, 0.09374020004179329, 0.1104684000601992, 0.12710659997537732, 0.14380670001264662, 0.1601561000570655, 0.1770243999781087, 0.19349740003235638, 0.2104041000129655, 0.22681979998014867, 0.24456979997921735, 0.26023080002050847, 0.2768606999889016, 0.293509199982509, 0.3102442000526935, 0.3268689999822527, 0.3438748000189662, 0.36011300003156066, 0.3766162999672815, 0.3933330000145361, 0.41010540002025664, 0.4265834999969229, 0.4436295999912545, 0.4599121999926865, 0.4765946000115946, 0.4932105999905616, 0.5100193000398576, 0.5266205000225455, 0.5434952999930829, 0.5600638999603689, 0.5765714000444859, 0.5933084000134841, 0.6099639000603929, 0.6267156000249088, 0.6432522999821231, 0.6600372999673709, 0.6767394000198692, 0.6933526999782771, 0.7098100000293925, 0.726478400058113, 0.7431567000458017, 0.7599029999691993, 0.7766581999603659, 0.7937470000470057, 0.8099457999924198, 0.8266810999484733, 0.8432092999573797, 0.8598156999796629, 0.8765570999821648, 0.8932994999922812, 0.9100344999460503, 0.926534799975343, 0.9431752000236884, 0.9598235000157729, 0.9763496000086889, 0.9931891000596806, 1.009809699957259]	n/a	n/a	0.8	19b
29	2	go_nogo_prac	1	18	3	go	click	[68.0, 68.0, 75.0, 96.0, 113.0, 127.0, 141.0, 158.0, 166.0, 172.0, 177.0, 181.0, 186.0, 188.0, 188.0, 189.0, 189.0, 191.0, 191.0, 191.0, 191.0, 190.0, 189.0, 189.0, 189.0]	[-248.0, -248.0, -227.0, -178.0, -131.0, -89.0, -47.0, 6.0, 35.0, 60.0, 81.0, 101.0, 122.0, 134.0, 141.0, 149.0, 161.0, 178.0, 195.0, 201.0, 205.0, 210.0, 221.0, 233.0, 248.0]	[1, 1, 1, 1, 1, 1, 1, 1, 1, 1, 1, 1, 1, 1, 1, 1, 1, 1, 1, 1, 1, 1, 1, 1, 1]	[0, 0, 0, 0, 0, 0, 0, 0, 0, 0, 0, 0, 0, 0, 0, 0, 0, 0, 0, 0, 0, 0, 0, 0, 0]	[0, 0, 0, 0, 0, 0, 0, 0, 0, 0, 0, 0, 0, 0, 0, 0, 0, 0, 0, 0, 0, 0, 0, 0, 0]	[0.00018269999418407679, 0.010620799963362515, 0.02713729999959469, 0.04391579993534833, 0.06034879991784692, 0.07706649997271597, 0.09373810002580285, 0.11048519995529205, 0.12708409992046654, 0.1438015999738127, 0.1605228999396786, 0.177088399999775, 0.193755800020881, 0.21048779995180666, 0.2270352999912575, 0.24373969994485378, 0.2603574999375269, 0.2770383999450132, 0.2936404999345541, 0.31031819991767406, 0.3270480999490246, 0.3437900999560952, 0.3604281999869272, 0.37711699993815273, 0.3936386000132188]	189.0	257.0	0.6	19b
30	2	go_nogo_prac	1	18	7	go	click	[42.0, 42.0, 65.0, 111.0, 143.0, 156.0, 167.0, 175.0, 185.0, 191.0, 193.0, 194.0, 195.0, 198.0, 202.0, 203.0, 204.0, 204.0, 204.0, 204.0, 204.0, 204.0, 204.0, 204.0, 204.0, 204.0]	[-205.0, -205.0, -140.0, -31.0, 35.0, 70.0, 101.0, 130.0, 153.0, 174.0, 180.0, 186.0, 196.0, 217.0, 232.0, 237.0, 239.0, 242.0, 249.0, 262.0, 274.0, 280.0, 281.0, 283.0, 283.0, 283.0]	[0, 0, 0, 0, 0, 0, 0, 0, 0, 0, 0, 0, 0, 0, 0, 0, 0, 0, 0, 0, 0, 0, 0, 0, 0, 1]	[0, 0, 0, 0, 0, 0, 0, 0, 0, 0, 0, 0, 0, 0, 0, 0, 0, 0, 0, 0, 0, 0, 0, 0, 0, 0]	[0, 0, 0, 0, 0, 0, 0, 0, 0, 0, 0, 0, 0, 0, 0, 0, 0, 0, 0, 0, 0, 0, 0, 0, 0, 0]	[0.00020530004985630512, 0.0098172000143677, 0.026689999969676137, 0.04341409995686263, 0.060349400038830936, 0.0768787000561133, 0.09353830001782626, 0.11011690006125718, 0.12696130003314465, 0.1436526000034064, 0.1607232999522239, 0.17698180000297725, 0.1934692000504583, 0.21036510006524622, 0.2267905999906361, 0.24355769995599985, 0.26002869999501854, 0.27666640002280474, 0.29354119999334216, 0.31004690006375313, 0.3266857999842614, 0.3433571000350639, 0.3605589000508189, 0.3766099000349641, 0.3932733000256121, 0.41023390006739646]	204.0	283.0	0.6	19b
31	2	go_nogo_prac	1	18	8	go	click	[96.0, 96.0, 110.0, 145.0, 175.0, 206.0, 213.0, 224.0, 229.0, 233.0, 235.0, 236.0, 237.0, 240.0, 244.0, 245.0, 246.0, 246.0, 246.0, 245.0, 241.0, 239.0, 239.0, 239.0]	[-210.0, -210.0, -172.0, -91.0, -19.0, 66.0, 85.0, 136.0, 160.0, 177.0, 185.0, 192.0, 201.0, 218.0, 237.0, 249.0, 255.0, 256.0, 261.0, 268.0, 282.0, 290.0, 291.0, 291.0]	[0, 0, 0, 0, 0, 0, 0, 0, 0, 0, 0, 0, 0, 0, 0, 0, 0, 0, 0, 0, 0, 0, 0, 1]	[0, 0, 0, 0, 0, 0, 0, 0, 0, 0, 0, 0, 0, 0, 0, 0, 0, 0, 0, 0, 0, 0, 0, 0]	[0, 0, 0, 0, 0, 0, 0, 0, 0, 0, 0, 0, 0, 0, 0, 0, 0, 0, 0, 0, 0, 0, 0, 0]	[0.00018800003454089165, 0.009683300042524934, 0.02669420000165701, 0.04300570010673255, 0.05986999999731779, 0.07602740009315312, 0.09272270009387285, 0.10974700003862381, 0.12633340002503246, 0.1427559000439942, 0.15938250010367483, 0.1762261000694707, 0.19307290005963296, 0.20955840009264648, 0.22619450010824949, 0.2429902000585571, 0.25952840002719313, 0.2761795000405982, 0.29289270006120205, 0.3092616000212729, 0.32616920000873506, 0.34316480008419603, 0.35948910005390644, 0.37639600003603846]	239.0	291.0	0.9	19b
32	2	go_nogo_prac	1	18	9	nogo	none	[119.0, 119.0, 139.0, 173.0, 184.0, 196.0, 209.0, 217.0, 224.0, 227.0, 229.0, 230.0, 230.0, 233.0, 234.0, 234.0, 234.0, 237.0, 238.0, 239.0, 239.0]	[-118.0, -118.0, -53.0, 54.0, 102.0, 143.0, 188.0, 221.0, 239.0, 248.0, 252.0, 256.0, 260.0, 268.0, 270.0, 272.0, 274.0, 284.0, 298.0, 306.0, 307.0]	[0, 0, 0, 0, 0, 0, 0, 0, 0, 0, 0, 0, 0, 0, 0, 0, 0, 0, 0, 0, 1]	[0, 0, 0, 0, 0, 0, 0, 0, 0, 0, 0, 0, 0, 0, 0, 0, 0, 0, 0, 0, 0]	[0, 0, 0, 0, 0, 0, 0, 0, 0, 0, 0, 0, 0, 0, 0, 0, 0, 0, 0, 0, 0]	[0.00019710010383278131, 0.010986900073476136, 0.027521800016984344, 0.044776700087822974, 0.06121410010382533, 0.07747610006481409, 0.09427800006233156, 0.11105330009013414, 0.12814170005731285, 0.1443754000356421, 0.16095130005851388, 0.17779000010341406, 0.1942022000439465, 0.21103600005153567, 0.2276457000989467, 0.2440930000739172, 0.2607043000170961, 0.2775615000864491, 0.29423490003682673, 0.3110590000869706, 0.32768450002186]	239.0	307.0	0.6	19b
33	2	go_nogo_prac	1	18	4	go	click	[62.0, 79.0, 97.0, 125.0, 144.0, 156.0, 167.0, 174.0, 182.0, 186.0, 192.0, 195.0, 197.0, 197.0, 197.0, 197.0, 197.0, 197.0, 197.0, 197.0, 197.0, 197.0, 197.0, 197.0, 197.0, 198.0, 198.0, 198.0, 198.0, 198.0, 198.0, 198.0]	[-242.0, -170.0, -97.0, 31.0, 115.0, 171.0, 219.0, 257.0, 288.0, 316.0, 346.0, 355.0, 362.0, 364.0, 364.0, 364.0, 364.0, 364.0, 364.0, 364.0, 364.0, 364.0, 364.0, 364.0, 361.0, 348.0, 317.0, 305.0, 301.0, 301.0, 300.0, 300.0]	[0, 0, 0, 0, 0, 0, 0, 0, 0, 0, 0, 0, 0, 0, 0, 0, 0, 0, 0, 0, 0, 0, 0, 0, 0, 0, 0, 0, 0, 0, 0, 1]	[0, 0, 0, 0, 0, 0, 0, 0, 0, 0, 0, 0, 0, 0, 0, 0, 0, 0, 0, 0, 0, 0, 0, 0, 0, 0, 0, 0, 0, 0, 0, 0]	[0, 0, 0, 0, 0, 0, 0, 0, 0, 0, 0, 0, 0, 0, 0, 0, 0, 0, 0, 0, 0, 0, 0, 0, 0, 0, 0, 0, 0, 0, 0, 0]	[9.890005458146334e-05, 0.009090000065043569, 0.025863399961963296, 0.04232210002373904, 0.058661999995820224, 0.07528570003341883, 0.09213700005784631, 0.10889020003378391, 0.1257718000560999, 0.1422438999870792, 0.1587326000444591, 0.17565009999088943, 0.19238749996293336, 0.20864560001064092, 0.2255455000558868, 0.2419689999660477, 0.2587805000366643, 0.27524330001324415, 0.2917954999720678, 0.3085059999721125, 0.3250162999611348, 0.34178709995467216, 0.3583616999676451, 0.3753780999686569, 0.3918329000007361, 0.40875689999666065, 0.42526879999786615, 0.4420345000689849, 0.45851779996883124, 0.47540470003150403, 0.49167899996973574, 0.5089065000647679]	198.0	300.0	0.9	19b
34	2	go_nogo_prac	1	18	2	go	click	[18.0, 18.0, 49.0, 79.0, 92.0, 95.0, 97.0, 97.0, 98.0, 100.0, 101.0, 103.0, 107.0, 110.0, 111.0, 111.0, 112.0, 113.0, 120.0, 131.0, 146.0, 163.0, 175.0, 184.0, 194.0, 197.0, 198.0, 200.0, 202.0, 203.0, 206.0, 208.0, 210.0, 212.0, 214.0, 216.0, 220.0, 221.0, 222.0, 222.0]	[-289.0, -289.0, -195.0, -104.0, -41.0, 3.0, 39.0, 71.0, 95.0, 110.0, 121.0, 131.0, 140.0, 147.0, 148.0, 148.0, 148.0, 151.0, 157.0, 168.0, 183.0, 198.0, 209.0, 218.0, 230.0, 236.0, 240.0, 243.0, 247.0, 250.0, 252.0, 256.0, 261.0, 265.0, 272.0, 282.0, 290.0, 296.0, 297.0, 297.0]	[0, 0, 0, 0, 0, 0, 0, 0, 0, 0, 0, 0, 0, 0, 0, 0, 0, 0, 0, 0, 0, 0, 0, 0, 0, 0, 0, 0, 0, 0, 0, 0, 0, 0, 0, 0, 0, 0, 0, 1]	[0, 0, 0, 0, 0, 0, 0, 0, 0, 0, 0, 0, 0, 0, 0, 0, 0, 0, 0, 0, 0, 0, 0, 0, 0, 0, 0, 0, 0, 0, 0, 0, 0, 0, 0, 0, 0, 0, 0, 0]	[0, 0, 0, 0, 0, 0, 0, 0, 0, 0, 0, 0, 0, 0, 0, 0, 0, 0, 0, 0, 0, 0, 0, 0, 0, 0, 0, 0, 0, 0, 0, 0, 0, 0, 0, 0, 0, 0, 0, 0]	[0.00010259996633976698, 0.010348499985411763, 0.026757400017231703, 0.04375960002653301, 0.06040349998511374, 0.07707430003210902, 0.09362810000311583, 0.11035890004131943, 0.12712680001277477, 0.1437054000562057, 0.16052809997927397, 0.17701830004807562, 0.19389400002546608, 0.2115404000505805, 0.226906800060533, 0.24403659999370575, 0.2604217999614775, 0.2771484999684617, 0.2937006000429392, 0.31030570005532354, 0.3270167000591755, 0.3435422000475228, 0.3603393000084907, 0.376988000003621, 0.39432109997142106, 0.41052310005761683, 0.4268168000271544, 0.44362539995927364, 0.4602207000134513, 0.4770913999527693, 0.49362940003629774, 0.510117799974978, 0.5269936999538913, 0.5435047000646591, 0.5600434000371024, 0.5769859000574797, 0.5941762999864295, 0.6105096000246704, 0.6269786000484601, 0.6437078999588266]	222.0	297.0	0.7	19b
35	2	go_nogo_prac	1	18	8	go	click	[56.0, 56.0, 72.0, 86.0, 105.0, 120.0, 130.0, 140.0, 146.0, 149.0, 149.0, 149.0, 149.0, 150.0, 150.0, 150.0, 150.0, 150.0, 153.0, 157.0, 163.0, 169.0, 173.0, 176.0, 179.0, 180.0, 181.0, 181.0, 181.0, 181.0]	[-265.0, -265.0, -155.0, -69.0, 4.0, 72.0, 116.0, 147.0, 170.0, 176.0, 176.0, 177.0, 180.0, 186.0, 189.0, 189.0, 189.0, 191.0, 197.0, 214.0, 239.0, 260.0, 274.0, 285.0, 293.0, 297.0, 298.0, 299.0, 299.0, 299.0]	[0, 0, 0, 0, 0, 0, 0, 0, 0, 0, 0, 0, 0, 0, 0, 0, 0, 0, 0, 0, 0, 0, 0, 0, 0, 0, 0, 0, 0, 1]	[0, 0, 0, 0, 0, 0, 0, 0, 0, 0, 0, 0, 0, 0, 0, 0, 0, 0, 0, 0, 0, 0, 0, 0, 0, 0, 0, 0, 0, 0]	[0, 0, 0, 0, 0, 0, 0, 0, 0, 0, 0, 0, 0, 0, 0, 0, 0, 0, 0, 0, 0, 0, 0, 0, 0, 0, 0, 0, 0, 0]	[7.569999434053898e-05, 0.010433400049805641, 0.027173200040124357, 0.0437724000075832, 0.06048790004570037, 0.07733390002977103, 0.09388169995509088, 0.110553800011985, 0.12717969994992018, 0.1437760000117123, 0.16056550003122538, 0.1771485999925062, 0.19382130005396903, 0.21067459997721016, 0.2269066000590101, 0.24367150000762194, 0.26051719998940825, 0.2771915999474004, 0.2938429999630898, 0.31060500000603497, 0.32729719998314977, 0.3437467999756336, 0.3604353000409901, 0.3770984000293538, 0.39425400004256517, 0.4104778999462724, 0.42716289998497814, 0.4435532999923453, 0.4601281000068411, 0.47723219997715205]	181.0	299.0	0.8	19b
36	2	go_nogo_prac	1	18	7	go	click	[92.0, 92.0, 119.0, 137.0, 149.0, 155.0, 160.0, 165.0, 168.0, 171.0, 174.0, 177.0, 180.0, 181.0, 181.0, 182.0, 182.0, 182.0, 184.0, 186.0, 188.0, 190.0, 193.0, 194.0, 196.0, 197.0, 198.0, 198.0, 198.0]	[-208.0, -208.0, -129.0, -75.0, -35.0, 1.0, 39.0, 76.0, 104.0, 125.0, 152.0, 174.0, 195.0, 208.0, 215.0, 221.0, 224.0, 228.0, 232.0, 238.0, 243.0, 251.0, 259.0, 267.0, 271.0, 275.0, 276.0, 276.0, 276.0]	[0, 0, 0, 0, 0, 0, 0, 0, 0, 0, 0, 0, 0, 0, 0, 0, 0, 0, 0, 0, 0, 0, 0, 0, 0, 0, 0, 0, 1]	[0, 0, 0, 0, 0, 0, 0, 0, 0, 0, 0, 0, 0, 0, 0, 0, 0, 0, 0, 0, 0, 0, 0, 0, 0, 0, 0, 0, 0]	[0, 0, 0, 0, 0, 0, 0, 0, 0, 0, 0, 0, 0, 0, 0, 0, 0, 0, 0, 0, 0, 0, 0, 0, 0, 0, 0, 0, 0]	[8.9599983766675e-05, 0.009569999994710088, 0.026059499941766262, 0.042993599898181856, 0.06000149995088577, 0.07635210000444204, 0.09294359991326928, 0.10974529990926385, 0.12624759995378554, 0.14279909990727901, 0.159555499907583, 0.17669179989024997, 0.19292499998118728, 0.20966979989316314, 0.22620569996070117, 0.24285719997715205, 0.2596927999984473, 0.2761843999614939, 0.2928189999656752, 0.30958269990514964, 0.3261458999477327, 0.3431011999491602, 0.3595070999581367, 0.376283899997361, 0.39314169995486736, 0.4094922998920083, 0.42594139999710023, 0.4427688999567181, 0.45988509990274906]	198.0	276.0	0.7	19b
37	3	go_only	0	18	6	go	click	[88.0, 105.0, 120.0, 158.0, 189.0, 209.0, 221.0, 233.0, 241.0, 245.0, 246.0, 246.0, 246.0, 246.0, 246.0, 246.0, 246.0, 246.0, 246.0, 243.0, 233.0, 215.0, 203.0, 198.0, 198.0, 197.0, 197.0]	[-203.0, -164.0, -119.0, -4.0, 91.0, 142.0, 188.0, 225.0, 250.0, 263.0, 272.0, 281.0, 296.0, 317.0, 331.0, 336.0, 338.0, 338.0, 338.0, 338.0, 334.0, 323.0, 315.0, 311.0, 311.0, 311.0, 311.0]	[0, 0, 0, 0, 0, 0, 0, 0, 0, 0, 0, 0, 0, 0, 0, 0, 0, 0, 0, 0, 0, 0, 0, 0, 0, 0, 1]	[0, 0, 0, 0, 0, 0, 0, 0, 0, 0, 0, 0, 0, 0, 0, 0, 0, 0, 0, 0, 0, 0, 0, 0, 0, 0, 0]	[0, 0, 0, 0, 0, 0, 0, 0, 0, 0, 0, 0, 0, 0, 0, 0, 0, 0, 0, 0, 0, 0, 0, 0, 0, 0, 0]	[0.00019440008327364922, 0.009654100053012371, 0.026415999978780746, 0.042736300034448504, 0.05990330001804978, 0.07648050005082041, 0.09294270002283156, 0.1095738000003621, 0.1263528000563383, 0.14293610001914203, 0.15971470007207245, 0.1762247000588104, 0.19292160007171333, 0.20996450004167855, 0.2262992000905797, 0.24271240003872663, 0.259425500058569, 0.27624560007825494, 0.2928768000565469, 0.3093704000348225, 0.32613770000170916, 0.34280079999007285, 0.35950780007988214, 0.3758966000750661, 0.3926687000785023, 0.40940010000485927, 0.4261603000340983]	197.0	311.0	0.7	19b
38	3	go_only	0	18	3	go	click	[92.0, 92.0, 131.0, 172.0, 198.0, 216.0, 229.0, 237.0, 243.0, 245.0, 246.0, 246.0, 246.0, 246.0, 246.0, 246.0, 246.0, 243.0, 240.0, 235.0, 225.0, 211.0, 201.0, 194.0, 190.0, 190.0, 190.0, 190.0]	[-186.0, -186.0, -93.0, 0.0, 75.0, 130.0, 171.0, 202.0, 221.0, 229.0, 231.0, 232.0, 233.0, 235.0, 238.0, 239.0, 240.0, 242.0, 245.0, 247.0, 251.0, 258.0, 265.0, 277.0, 287.0, 295.0, 297.0, 297.0]	[0, 0, 0, 0, 0, 0, 0, 0, 0, 0, 0, 0, 0, 0, 0, 0, 0, 0, 0, 0, 0, 0, 0, 0, 0, 0, 0, 1]	[0, 0, 0, 0, 0, 0, 0, 0, 0, 0, 0, 0, 0, 0, 0, 0, 0, 0, 0, 0, 0, 0, 0, 0, 0, 0, 0, 0]	[0, 0, 0, 0, 0, 0, 0, 0, 0, 0, 0, 0, 0, 0, 0, 0, 0, 0, 0, 0, 0, 0, 0, 0, 0, 0, 0, 0]	[0.00021799991372972727, 0.010239599971100688, 0.027272199979051948, 0.04324789997190237, 0.06005529989488423, 0.07703329995274544, 0.09320409991778433, 0.11002079991158098, 0.12654479988850653, 0.14325119997374713, 0.1599819998955354, 0.1768570999847725, 0.19338829990010709, 0.21014529990497977, 0.2267828999320045, 0.2437126999720931, 0.2601985998917371, 0.27671359991654754, 0.2934207998914644, 0.3100245998939499, 0.3267973999027163, 0.3436975999502465, 0.3602929998887703, 0.3768369999015704, 0.3935226999456063, 0.41008979990147054, 0.4265815999824554, 0.4434037999017164]	190.0	297.0	0.7	19b
39	3	go_only	0	18	8	go	click	[25.0, 25.0, 30.0, 49.0, 98.0, 137.0, 162.0, 181.0, 198.0, 210.0, 219.0, 225.0, 230.0, 233.0, 233.0, 234.0, 234.0, 234.0, 234.0, 232.0, 231.0, 231.0, 231.0, 231.0]	[-259.0, -259.0, -238.0, -175.0, -8.0, 88.0, 160.0, 201.0, 244.0, 273.0, 294.0, 311.0, 327.0, 336.0, 336.0, 336.0, 336.0, 336.0, 336.0, 338.0, 340.0, 340.0, 340.0, 340.0]	[0, 0, 0, 0, 0, 0, 0, 0, 0, 0, 0, 0, 0, 0, 0, 0, 0, 0, 0, 0, 0, 0, 0, 1]	[0, 0, 0, 0, 0, 0, 0, 0, 0, 0, 0, 0, 0, 0, 0, 0, 0, 0, 0, 0, 0, 0, 0, 0]	[0, 0, 0, 0, 0, 0, 0, 0, 0, 0, 0, 0, 0, 0, 0, 0, 0, 0, 0, 0, 0, 0, 0, 0]	[0.00019299995619803667, 0.011269600014202297, 0.027956699952483177, 0.04472430003806949, 0.061652999953366816, 0.07820370001718402, 0.09461150004062802, 0.11126819998025894, 0.1280076999682933, 0.14465669996570796, 0.1616404999513179, 0.1779009000165388, 0.19461460004094988, 0.21091050002723932, 0.22794370003975928, 0.24442590004764497, 0.2609617999987677, 0.277622599969618, 0.2945135000627488, 0.31130609998945147, 0.32765670004300773, 0.3442598000401631, 0.36114199995063245, 0.37786979996599257]	231.0	340.0	0.6	19b
40	3	go_only	0	18	3	go	click	[6.0, 12.0, 17.0, 29.0, 40.0, 61.0, 87.0, 108.0, 125.0, 141.0, 159.0, 169.0, 176.0, 184.0, 188.0, 188.0, 188.0, 188.0, 188.0, 188.0, 191.0, 208.0, 215.0, 219.0, 219.0]	[-240.0, -177.0, -111.0, -17.0, 29.0, 93.0, 164.0, 213.0, 244.0, 272.0, 301.0, 311.0, 322.0, 332.0, 334.0, 334.0, 334.0, 333.0, 331.0, 330.0, 327.0, 319.0, 317.0, 315.0, 315.0]	[0, 0, 0, 0, 0, 0, 0, 0, 0, 0, 0, 0, 0, 0, 0, 0, 0, 0, 0, 0, 0, 0, 0, 0, 1]	[0, 0, 0, 0, 0, 0, 0, 0, 0, 0, 0, 0, 0, 0, 0, 0, 0, 0, 0, 0, 0, 0, 0, 0, 0]	[0, 0, 0, 0, 0, 0, 0, 0, 0, 0, 0, 0, 0, 0, 0, 0, 0, 0, 0, 0, 0, 0, 0, 0, 0]	[0.0001023999648168683, 0.010107000009156764, 0.02637550001963973, 0.04321659996639937, 0.06098710000514984, 0.07644920004531741, 0.09322849998716265, 0.10983410000335425, 0.12646709999535233, 0.14319920004345477, 0.1600713999941945, 0.17685990000609308, 0.19336769997607917, 0.20986730000004172, 0.2266667999792844, 0.24320669996086508, 0.2601015999680385, 0.2765532999765128, 0.2932611999567598, 0.3099966000299901, 0.32658450002782047, 0.3434836999513209, 0.3598685000324622, 0.37643259996548295, 0.393150300020352]	219.0	315.0	0.8	19b
41	3	go_only	0	18	2	go	click	[63.0, 63.0, 82.0, 111.0, 139.0, 161.0, 179.0, 190.0, 195.0, 199.0, 200.0, 202.0, 204.0, 205.0, 206.0, 206.0, 206.0, 206.0, 207.0, 211.0, 214.0, 215.0, 216.0, 218.0, 220.0, 220.0, 220.0, 220.0]	[-237.0, -237.0, -205.0, -136.0, -64.0, 32.0, 104.0, 151.0, 172.0, 187.0, 195.0, 203.0, 213.0, 223.0, 225.0, 225.0, 225.0, 226.0, 231.0, 244.0, 257.0, 270.0, 278.0, 287.0, 290.0, 290.0, 290.0, 290.0]	[0, 0, 0, 0, 0, 0, 0, 0, 0, 0, 0, 0, 0, 0, 0, 0, 0, 0, 0, 0, 0, 0, 0, 0, 0, 0, 0, 1]	[0, 0, 0, 0, 0, 0, 0, 0, 0, 0, 0, 0, 0, 0, 0, 0, 0, 0, 0, 0, 0, 0, 0, 0, 0, 0, 0, 0]	[0, 0, 0, 0, 0, 0, 0, 0, 0, 0, 0, 0, 0, 0, 0, 0, 0, 0, 0, 0, 0, 0, 0, 0, 0, 0, 0, 0]	[0.0001946000847965479, 0.01078470004722476, 0.02732390002347529, 0.044130500056780875, 0.06106300000101328, 0.07745890005026013, 0.09425670001655817, 0.111220300081186, 0.12761060008779168, 0.14422830007970333, 0.16135170008055866, 0.17736370000056922, 0.19412300002295524, 0.2107456000521779, 0.2272811000002548, 0.24396500003058463, 0.26074870000593364, 0.27740610006731004, 0.2942637000232935, 0.31073480006307364, 0.32729719998314977, 0.34413230000063777, 0.3607960999943316, 0.37776360008865595, 0.39396710006985813, 0.41076120000798255, 0.42727570002898574, 0.4442884000018239]	220.0	290.0	1.0	19b
42	3	go_only	0	18	2	go	click	[33.0, 33.0, 57.0, 100.0, 126.0, 134.0, 139.0, 145.0, 148.0, 150.0, 154.0, 161.0, 171.0, 178.0, 178.0, 178.0, 178.0, 179.0, 181.0, 183.0, 185.0, 185.0, 185.0]	[-132.0, -132.0, -54.0, 76.0, 156.0, 177.0, 192.0, 206.0, 213.0, 217.0, 222.0, 234.0, 248.0, 259.0, 259.0, 260.0, 260.0, 261.0, 265.0, 273.0, 277.0, 278.0, 278.0]	[0, 0, 0, 0, 0, 0, 0, 0, 0, 0, 0, 0, 0, 0, 0, 0, 0, 0, 0, 0, 0, 0, 1]	[0, 0, 0, 0, 0, 0, 0, 0, 0, 0, 0, 0, 0, 0, 0, 0, 0, 0, 0, 0, 0, 0, 0]	[0, 0, 0, 0, 0, 0, 0, 0, 0, 0, 0, 0, 0, 0, 0, 0, 0, 0, 0, 0, 0, 0, 0]	[0.0003013999667018652, 0.012439699959941208, 0.029067099909298122, 0.04595810000319034, 0.062236899975687265, 0.0789496999932453, 0.09561640000902116, 0.11227869999129325, 0.12913559994194657, 0.1455329000018537, 0.16223269992042333, 0.1788018000079319, 0.19542949995957315, 0.21197790000587702, 0.22871079994365573, 0.24560689995996654, 0.26209139998536557, 0.2789200999541208, 0.2959010999184102, 0.3125237999483943, 0.32895060000009835, 0.34549769992008805, 0.3626217999262735]	185.0	278.0	0.9	19b
43	3	go_only	0	18	7	go	click	[20.0, 20.0, 34.0, 45.0, 66.0, 101.0, 141.0, 176.0, 198.0, 205.0, 208.0, 209.0, 210.0, 211.0, 213.0, 214.0, 214.0, 214.0, 214.0, 211.0, 206.0, 203.0, 202.0, 202.0, 201.0, 201.0]	[-275.0, -275.0, -238.0, -199.0, -153.0, -65.0, 43.0, 128.0, 175.0, 196.0, 206.0, 213.0, 217.0, 222.0, 230.0, 233.0, 234.0, 235.0, 240.0, 250.0, 263.0, 271.0, 275.0, 277.0, 278.0, 278.0]	[0, 0, 0, 0, 0, 0, 0, 0, 0, 0, 0, 0, 0, 0, 0, 0, 0, 0, 0, 0, 0, 0, 0, 0, 0, 1]	[0, 0, 0, 0, 0, 0, 0, 0, 0, 0, 0, 0, 0, 0, 0, 0, 0, 0, 0, 0, 0, 0, 0, 0, 0, 0]	[0, 0, 0, 0, 0, 0, 0, 0, 0, 0, 0, 0, 0, 0, 0, 0, 0, 0, 0, 0, 0, 0, 0, 0, 0, 0]	[0.00025859999004751444, 0.010084900073707104, 0.026678499998524785, 0.043167400057427585, 0.06004860007669777, 0.07658210000954568, 0.09311540005728602, 0.10959950007963926, 0.1264892000472173, 0.14323290006723255, 0.16022640001028776, 0.17661229998338968, 0.19303710001986474, 0.21032700000796467, 0.2269030000315979, 0.2432374000782147, 0.2598694000625983, 0.27667350007686764, 0.29320479999296367, 0.3096909000305459, 0.3264538000803441, 0.3431444000452757, 0.35987070004921407, 0.37672510009724647, 0.39295480004511774, 0.40991980000399053]	201.0	278.0	0.6	19b
44	3	go_only	0	18	6	go	click	[8.0, 33.0, 62.0, 115.0, 161.0, 190.0, 207.0, 218.0, 224.0, 229.0, 232.0, 235.0, 236.0, 237.0, 238.0, 238.0, 238.0, 239.0, 239.0, 239.0]	[-244.0, -185.0, -122.0, -1.0, 104.0, 169.0, 205.0, 229.0, 242.0, 254.0, 262.0, 268.0, 272.0, 274.0, 277.0, 279.0, 279.0, 279.0, 281.0, 281.0]	[0, 0, 0, 0, 0, 0, 0, 0, 0, 0, 0, 0, 0, 0, 0, 0, 0, 0, 0, 1]	[0, 0, 0, 0, 0, 0, 0, 0, 0, 0, 0, 0, 0, 0, 0, 0, 0, 0, 0, 0]	[0, 0, 0, 0, 0, 0, 0, 0, 0, 0, 0, 0, 0, 0, 0, 0, 0, 0, 0, 0]	[0.0003225000109523535, 0.00775019999127835, 0.02481530001387, 0.04147609998472035, 0.05803760001435876, 0.0746922999387607, 0.09138889994937927, 0.10803789994679391, 0.124646499985829, 0.14122029999271035, 0.1578507999656722, 0.17452080000657588, 0.19131659995764494, 0.20805779995862395, 0.22493189992383122, 0.24106809997465461, 0.2579899999545887, 0.2745654999744147, 0.29136489995289594, 0.30803860002197325]	239.0	281.0	0.8	19b
45	3	go_only	0	18	3	go	click	[35.0, 35.0, 57.0, 79.0, 102.0, 116.0, 125.0, 132.0, 139.0, 141.0, 141.0, 143.0, 145.0, 155.0, 158.0, 158.0, 159.0, 159.0, 159.0, 160.0, 167.0, 176.0, 181.0, 185.0, 187.0, 187.0, 188.0]	[-251.0, -251.0, -188.0, -117.0, -47.0, 32.0, 101.0, 149.0, 176.0, 185.0, 188.0, 194.0, 199.0, 219.0, 225.0, 225.0, 225.0, 225.0, 225.0, 228.0, 241.0, 259.0, 271.0, 282.0, 285.0, 287.0, 287.0]	[0, 0, 0, 0, 0, 0, 0, 0, 0, 0, 0, 0, 0, 0, 0, 0, 0, 0, 0, 0, 0, 0, 0, 0, 0, 0, 1]	[0, 0, 0, 0, 0, 0, 0, 0, 0, 0, 0, 0, 0, 0, 0, 0, 0, 0, 0, 0, 0, 0, 0, 0, 0, 0, 0]	[0, 0, 0, 0, 0, 0, 0, 0, 0, 0, 0, 0, 0, 0, 0, 0, 0, 0, 0, 0, 0, 0, 0, 0, 0, 0, 0]	[0.00020240002777427435, 0.0098172000143677, 0.026890699984505773, 0.04300349997356534, 0.05973859992809594, 0.07645239995326847, 0.09314929996617138, 0.10978549998253584, 0.12636160000693053, 0.1434422000311315, 0.15973970002960414, 0.17662329995073378, 0.192916699917987, 0.20963769999798387, 0.2260157000273466, 0.24288199993316084, 0.25951709994114935, 0.2760493999812752, 0.2929881999734789, 0.30981609993614256, 0.32655539992265403, 0.3432291999924928, 0.3596122999442741, 0.3764751999406144, 0.39304979995358735, 0.40986979997251183, 0.42664989992044866]	188.0	287.0	0.8	19b
46	3	go_only	0	18	7	go	click	[-7.0, -7.0, 19.0, 47.0, 73.0, 90.0, 98.0, 108.0, 116.0, 122.0, 128.0, 130.0, 131.0, 132.0, 132.0, 132.0, 132.0, 132.0, 134.0, 137.0, 140.0, 153.0, 164.0, 173.0, 180.0, 181.0, 181.0]	[-242.0, -242.0, -141.0, -13.0, 92.0, 149.0, 186.0, 222.0, 255.0, 278.0, 293.0, 301.0, 309.0, 312.0, 312.0, 312.0, 312.0, 312.0, 312.0, 312.0, 312.0, 312.0, 311.0, 308.0, 307.0, 307.0, 307.0]	[0, 0, 0, 0, 0, 0, 0, 0, 0, 0, 0, 0, 0, 0, 0, 0, 0, 0, 0, 0, 0, 0, 0, 0, 0, 0, 1]	[0, 0, 0, 0, 0, 0, 0, 0, 0, 0, 0, 0, 0, 0, 0, 0, 0, 0, 0, 0, 0, 0, 0, 0, 0, 0, 0]	[0, 0, 0, 0, 0, 0, 0, 0, 0, 0, 0, 0, 0, 0, 0, 0, 0, 0, 0, 0, 0, 0, 0, 0, 0, 0, 0]	[0.0002497999230399728, 0.011580399936065078, 0.028255200013518333, 0.04453059996012598, 0.06145539996214211, 0.07802759995684028, 0.09535159997176379, 0.11145229998510331, 0.12820010003633797, 0.14466480002738535, 0.1617154999403283, 0.17836709995754063, 0.19491520000156015, 0.21137229993473738, 0.22835530003067106, 0.2449534999905154, 0.26136200001928955, 0.2780551000032574, 0.2947376000229269, 0.311303099966608, 0.32796249992679805, 0.34463209996465594, 0.36154870002064854, 0.37797969998791814, 0.3946286999853328, 0.4113447000272572, 0.42900360003113747]	181.0	307.0	0.5	19b
47	3	go_only	0	18	4	go	click	[51.0, 51.0, 74.0, 126.0, 169.0, 189.0, 201.0, 211.0, 215.0, 222.0, 227.0, 231.0, 231.0, 231.0, 231.0, 231.0, 230.0, 230.0, 230.0, 230.0, 230.0, 229.0, 227.0, 221.0, 216.0, 214.0, 214.0, 214.0, 214.0, 214.0, 214.0, 214.0, 214.0, 214.0, 212.0, 212.0, 212.0, 212.0, 212.0]	[-173.0, -173.0, -99.0, 67.0, 202.0, 276.0, 317.0, 342.0, 357.0, 376.0, 389.0, 399.0, 401.0, 401.0, 401.0, 396.0, 394.0, 393.0, 393.0, 392.0, 388.0, 378.0, 366.0, 353.0, 341.0, 332.0, 327.0, 325.0, 325.0, 325.0, 325.0, 325.0, 325.0, 325.0, 326.0, 326.0, 326.0, 326.0, 326.0]	[0, 0, 0, 0, 0, 0, 0, 0, 0, 0, 0, 0, 0, 0, 0, 0, 0, 0, 0, 0, 0, 0, 0, 0, 0, 0, 0, 0, 0, 0, 0, 0, 0, 0, 0, 0, 0, 0, 1]	[0, 0, 0, 0, 0, 0, 0, 0, 0, 0, 0, 0, 0, 0, 0, 0, 0, 0, 0, 0, 0, 0, 0, 0, 0, 0, 0, 0, 0, 0, 0, 0, 0, 0, 0, 0, 0, 0, 0]	[0, 0, 0, 0, 0, 0, 0, 0, 0, 0, 0, 0, 0, 0, 0, 0, 0, 0, 0, 0, 0, 0, 0, 0, 0, 0, 0, 0, 0, 0, 0, 0, 0, 0, 0, 0, 0, 0, 0]	[0.00019880000036209822, 0.009814699995331466, 0.026530300034210086, 0.04309380007907748, 0.05984840006567538, 0.0763575000455603, 0.09309590002521873, 0.10985060001257807, 0.12645460001658648, 0.14332250005099922, 0.16028770001139492, 0.17650230007711798, 0.192818499985151, 0.2095291999867186, 0.2263192000100389, 0.24290459998883307, 0.25989350001327693, 0.27633710007648915, 0.2932607000693679, 0.3101231000619009, 0.3266863999888301, 0.34367890004068613, 0.36048560007475317, 0.3767183000454679, 0.3930907000321895, 0.4097006000811234, 0.4264009000035003, 0.44338209996931255, 0.45955410005990416, 0.4763985000317916, 0.4929246000247076, 0.5095889000222087, 0.5260236000176519, 0.5431231000693515, 0.5593925999710336, 0.5760590999852866, 0.5927455000346527, 0.609361800015904, 0.6264522999990731]	212.0	326.0	0.8	19b
48	3	go_only	0	18	8	go	click	[114.0, 114.0, 137.0, 176.0, 201.0, 213.0, 219.0, 223.0, 223.0, 225.0, 225.0, 226.0, 226.0, 228.0, 230.0, 231.0, 231.0, 231.0, 231.0, 229.0, 229.0, 229.0]	[-158.0, -158.0, -88.0, 30.0, 102.0, 136.0, 159.0, 182.0, 204.0, 250.0, 263.0, 272.0, 283.0, 301.0, 318.0, 322.0, 324.0, 327.0, 330.0, 335.0, 336.0, 336.0]	[0, 0, 0, 0, 0, 0, 0, 0, 0, 0, 0, 0, 0, 0, 0, 0, 0, 0, 0, 0, 0, 1]	[0, 0, 0, 0, 0, 0, 0, 0, 0, 0, 0, 0, 0, 0, 0, 0, 0, 0, 0, 0, 0, 0]	[0, 0, 0, 0, 0, 0, 0, 0, 0, 0, 0, 0, 0, 0, 0, 0, 0, 0, 0, 0, 0, 0]	[0.0004116999916732311, 0.010081200045533478, 0.026536800083704293, 0.04326980002224445, 0.060001300065778196, 0.07687540003098547, 0.09330100007355213, 0.11009620002005249, 0.12692330009303987, 0.14496890001464635, 0.16067160002421588, 0.17648420005571097, 0.19395510002505034, 0.20993760006967932, 0.22687130002304912, 0.24342020007316023, 0.2600562000880018, 0.2766616001026705, 0.2935105999931693, 0.3099747000960633, 0.32656780001707375, 0.34364520001690835]	229.0	336.0	1.0	19b
49	3	go_only	0	18	7	go	click	[1.0, 1.0, 16.0, 65.0, 86.0, 96.0, 104.0, 107.0, 110.0, 113.0, 115.0, 119.0, 120.0, 122.0, 123.0, 124.0, 127.0, 131.0, 137.0, 140.0, 144.0, 149.0, 157.0, 166.0, 175.0, 183.0, 185.0, 185.0, 185.0]	[-263.0, -263.0, -221.0, -91.0, -36.0, -3.0, 24.0, 46.0, 69.0, 90.0, 108.0, 128.0, 133.0, 139.0, 143.0, 153.0, 168.0, 187.0, 200.0, 210.0, 220.0, 231.0, 245.0, 263.0, 283.0, 298.0, 304.0, 304.0, 304.0]	[0, 0, 0, 0, 0, 0, 0, 0, 0, 0, 0, 0, 0, 0, 0, 0, 0, 0, 0, 0, 0, 0, 0, 0, 0, 0, 0, 0, 1]	[0, 0, 0, 0, 0, 0, 0, 0, 0, 0, 0, 0, 0, 0, 0, 0, 0, 0, 0, 0, 0, 0, 0, 0, 0, 0, 0, 0, 0]	[0, 0, 0, 0, 0, 0, 0, 0, 0, 0, 0, 0, 0, 0, 0, 0, 0, 0, 0, 0, 0, 0, 0, 0, 0, 0, 0, 0, 0]	[0.00023819995112717152, 0.010709599941037595, 0.027051700046285987, 0.04371160001028329, 0.0602151999482885, 0.07689979998394847, 0.09343679994344711, 0.11023360001854599, 0.12674830004107207, 0.14356510003563017, 0.16053400002419949, 0.17707279999740422, 0.1936198000330478, 0.21049490000586957, 0.22700640000402927, 0.24395180004648864, 0.2600931000197306, 0.27679899998474866, 0.29380869993474334, 0.3106572999386117, 0.32680279994383454, 0.34369869995862246, 0.36015199997927994, 0.3770051000174135, 0.3937115999870002, 0.41043369995895773, 0.4265089000109583, 0.44315479998476803, 0.4600932999746874]	185.0	304.0	0.5	19b
50	3	go_only	0	18	6	go	click	[87.0, 87.0, 107.0, 137.0, 164.0, 177.0, 184.0, 190.0, 194.0, 196.0, 197.0, 198.0, 198.0, 198.0, 198.0, 198.0, 198.0, 198.0, 198.0, 198.0, 198.0]	[-140.0, -140.0, -75.0, 46.0, 137.0, 180.0, 208.0, 235.0, 254.0, 265.0, 275.0, 281.0, 285.0, 286.0, 286.0, 286.0, 286.0, 286.0, 286.0, 286.0, 286.0]	[0, 0, 0, 0, 0, 0, 0, 0, 0, 0, 0, 0, 0, 0, 0, 0, 0, 0, 0, 0, 1]	[0, 0, 0, 0, 0, 0, 0, 0, 0, 0, 0, 0, 0, 0, 0, 0, 0, 0, 0, 0, 0]	[0, 0, 0, 0, 0, 0, 0, 0, 0, 0, 0, 0, 0, 0, 0, 0, 0, 0, 0, 0, 0]	[0.00022120005451142788, 0.009435300016775727, 0.026134500047191978, 0.04295290005393326, 0.059426599997095764, 0.07627299998421222, 0.09293110005091876, 0.10951520001981407, 0.12617280008271337, 0.14276110008358955, 0.15987800003495067, 0.17637200001627207, 0.19287390005774796, 0.2092452000360936, 0.22620700008701533, 0.24271200003568083, 0.25948090001475066, 0.2760309000732377, 0.2927796000149101, 0.30937899998389184, 0.3263276000507176]	198.0	286.0	0.9	19b
51	3	go_only	0	18	8	go	click	[51.0, 51.0, 66.0, 97.0, 119.0, 136.0, 142.0, 145.0, 147.0, 148.0, 149.0, 149.0, 150.0, 152.0, 153.0, 154.0, 154.0, 154.0, 154.0, 155.0, 158.0, 164.0, 170.0, 175.0, 182.0, 188.0, 192.0, 194.0, 194.0, 194.0, 194.0]	[-171.0, -171.0, -117.0, -23.0, 44.0, 109.0, 138.0, 155.0, 166.0, 171.0, 175.0, 178.0, 180.0, 186.0, 188.0, 189.0, 189.0, 189.0, 189.0, 189.0, 198.0, 213.0, 230.0, 251.0, 270.0, 290.0, 301.0, 305.0, 306.0, 306.0, 306.0]	[0, 0, 0, 0, 0, 0, 0, 0, 0, 0, 0, 0, 0, 0, 0, 0, 0, 0, 0, 0, 0, 0, 0, 0, 0, 0, 0, 0, 0, 0, 1]	[0, 0, 0, 0, 0, 0, 0, 0, 0, 0, 0, 0, 0, 0, 0, 0, 0, 0, 0, 0, 0, 0, 0, 0, 0, 0, 0, 0, 0, 0, 0]	[0, 0, 0, 0, 0, 0, 0, 0, 0, 0, 0, 0, 0, 0, 0, 0, 0, 0, 0, 0, 0, 0, 0, 0, 0, 0, 0, 0, 0, 0, 0]	[0.0001984999980777502, 0.01162170001771301, 0.028061699937097728, 0.04466469993349165, 0.061977799981832504, 0.07822879997547716, 0.09468590002506971, 0.11142059997655451, 0.1281023999908939, 0.14464329998008907, 0.16150879999622703, 0.17820029996801168, 0.1950142999412492, 0.21148599998559803, 0.22808839997742325, 0.24450150004122406, 0.26121809997130185, 0.2777889999561012, 0.2947582999477163, 0.3113863000180572, 0.3281441000290215, 0.3449102999875322, 0.3613396999426186, 0.37811329995747656, 0.394952500006184, 0.4114743999671191, 0.428141999989748, 0.4446056999731809, 0.4612391999689862, 0.4778416999615729, 0.49436469993088394]	194.0	306.0	0.9	19b
52	3	go_only	0	18	4	go	click	[37.0, 37.0, 60.0, 109.0, 153.0, 179.0, 199.0, 213.0, 216.0, 219.0, 219.0, 219.0, 219.0, 219.0, 219.0, 219.0, 219.0, 219.0, 219.0, 219.0, 219.0]	[-225.0, -225.0, -159.0, -24.0, 89.0, 163.0, 219.0, 274.0, 286.0, 301.0, 302.0, 303.0, 303.0, 303.0, 303.0, 303.0, 303.0, 303.0, 303.0, 304.0, 304.0]	[0, 0, 0, 0, 0, 0, 0, 0, 0, 0, 0, 0, 0, 0, 0, 0, 0, 0, 0, 0, 1]	[0, 0, 0, 0, 0, 0, 0, 0, 0, 0, 0, 0, 0, 0, 0, 0, 0, 0, 0, 0, 0]	[0, 0, 0, 0, 0, 0, 0, 0, 0, 0, 0, 0, 0, 0, 0, 0, 0, 0, 0, 0, 0]	[0.00018939992878586054, 0.009679699898697436, 0.026437099906615913, 0.043097599991597235, 0.05978099990170449, 0.07648449996486306, 0.09300909994635731, 0.1097398999845609, 0.1263511999277398, 0.1433746999828145, 0.15991559997200966, 0.17599389993119985, 0.19288509991019964, 0.2095606999937445, 0.22614349995274097, 0.24292289989534765, 0.2595220999792218, 0.27633529994636774, 0.2933593998895958, 0.30938329990021884, 0.3265681999037042]	219.0	304.0	0.5	19b
53	3	go_only	0	18	2	go	click	[79.0, 79.0, 127.0, 176.0, 214.0, 229.0, 237.0, 241.0, 245.0, 245.0, 244.0, 242.0, 239.0, 239.0, 239.0, 239.0, 238.0, 234.0, 227.0, 220.0, 216.0, 213.0, 212.0, 212.0, 212.0, 212.0, 211.0, 211.0, 211.0, 211.0, 211.0]	[-249.0, -249.0, -147.0, -38.0, 43.0, 89.0, 118.0, 145.0, 169.0, 186.0, 200.0, 211.0, 224.0, 228.0, 228.0, 229.0, 230.0, 233.0, 245.0, 257.0, 263.0, 268.0, 270.0, 270.0, 270.0, 270.0, 271.0, 271.0, 271.0, 271.0, 271.0]	[0, 0, 0, 0, 0, 0, 0, 0, 0, 0, 0, 0, 0, 0, 0, 0, 0, 0, 0, 0, 0, 0, 0, 0, 0, 0, 0, 0, 0, 0, 1]	[0, 0, 0, 0, 0, 0, 0, 0, 0, 0, 0, 0, 0, 0, 0, 0, 0, 0, 0, 0, 0, 0, 0, 0, 0, 0, 0, 0, 0, 0, 0]	[0, 0, 0, 0, 0, 0, 0, 0, 0, 0, 0, 0, 0, 0, 0, 0, 0, 0, 0, 0, 0, 0, 0, 0, 0, 0, 0, 0, 0, 0, 0]	[0.00019179994706064463, 0.00977420003619045, 0.027127300039865077, 0.04340700001921505, 0.060353899956680834, 0.07647089997772127, 0.09353770001325756, 0.1098342000041157, 0.12667270004749298, 0.14334760000929236, 0.15989160002209246, 0.17643560003489256, 0.19318840000778437, 0.2097648000344634, 0.22649559995625168, 0.24331269995309412, 0.2600588999921456, 0.2765358999604359, 0.29329719999805093, 0.30985870002768934, 0.3265762999653816, 0.34341490000952035, 0.3597081999760121, 0.3761985000455752, 0.3929350000107661, 0.4098070999607444, 0.4263560000108555, 0.4427754000062123, 0.4594517999794334, 0.4763164999894798, 0.4933244000421837]	211.0	271.0	1.0	19b
54	3	go_only	0	18	4	go	click	[29.0, 29.0, 43.0, 80.0, 114.0, 136.0, 152.0, 167.0, 178.0, 183.0, 186.0, 191.0, 196.0, 204.0, 207.0, 207.0, 207.0, 207.0, 208.0, 207.0, 206.0, 206.0, 206.0]	[-189.0, -189.0, -152.0, -70.0, 7.0, 63.0, 102.0, 136.0, 169.0, 185.0, 198.0, 213.0, 236.0, 263.0, 275.0, 275.0, 275.0, 275.0, 275.0, 276.0, 278.0, 278.0, 278.0]	[0, 0, 0, 0, 0, 0, 0, 0, 0, 0, 0, 0, 0, 0, 0, 0, 0, 0, 0, 0, 0, 0, 1]	[0, 0, 0, 0, 0, 0, 0, 0, 0, 0, 0, 0, 0, 0, 0, 0, 0, 0, 0, 0, 0, 0, 0]	[0, 0, 0, 0, 0, 0, 0, 0, 0, 0, 0, 0, 0, 0, 0, 0, 0, 0, 0, 0, 0, 0, 0]	[0.00018610002007335424, 0.009990300051867962, 0.026321600074879825, 0.04310750006698072, 0.0596384999807924, 0.0761093000182882, 0.09293020004406571, 0.11000870005227625, 0.12640110007487237, 0.14339250000193715, 0.15944339998532087, 0.17618270008824766, 0.192675800062716, 0.20964480005204678, 0.22601300000678748, 0.24268260004464537, 0.25939830008428544, 0.2762069000164047, 0.29288010008167475, 0.3095799000002444, 0.32602949999272823, 0.34267899999395013, 0.3600838000420481]	206.0	278.0	0.6	19b
55	4	go_nogo	0	60	7	go	click	[40.0, 40.0, 40.0, 50.0, 56.0, 62.0, 68.0, 74.0, 77.0, 79.0, 80.0, 82.0, 83.0, 83.0, 83.0, 83.0, 85.0, 88.0, 95.0, 106.0, 118.0, 127.0, 134.0, 141.0, 147.0, 152.0, 157.0, 157.0, 157.0, 157.0]	[-198.0, -198.0, -137.0, -40.0, 16.0, 102.0, 159.0, 201.0, 227.0, 238.0, 246.0, 250.0, 253.0, 254.0, 254.0, 254.0, 253.0, 248.0, 247.0, 249.0, 256.0, 265.0, 271.0, 276.0, 283.0, 289.0, 294.0, 295.0, 295.0, 295.0]	[0, 0, 0, 0, 0, 0, 0, 0, 0, 0, 0, 0, 0, 0, 0, 0, 0, 0, 0, 0, 0, 0, 0, 0, 0, 0, 0, 0, 0, 1]	[0, 0, 0, 0, 0, 0, 0, 0, 0, 0, 0, 0, 0, 0, 0, 0, 0, 0, 0, 0, 0, 0, 0, 0, 0, 0, 0, 0, 0, 0]	[0, 0, 0, 0, 0, 0, 0, 0, 0, 0, 0, 0, 0, 0, 0, 0, 0, 0, 0, 0, 0, 0, 0, 0, 0, 0, 0, 0, 0, 0]	[0.0001938000787049532, 0.010295000043697655, 0.026909600012004375, 0.043484600028023124, 0.06078040006104857, 0.07712540007196367, 0.09358390001580119, 0.11030360008589923, 0.12688480003271252, 0.14388810005038977, 0.16026740008965135, 0.17699270008597523, 0.19361030007712543, 0.2099418001016602, 0.2266125000314787, 0.24417610000818968, 0.2610311000607908, 0.2769822000991553, 0.293598800082691, 0.3102686000056565, 0.32696420000866055, 0.34351630008313805, 0.3604115000925958, 0.37682730006054044, 0.39372240006923676, 0.41021090000867844, 0.4269623000873253, 0.44327490008436143, 0.46000520000234246, 0.4765925999963656]	157.0	295.0	0.6	19b
56	4	go_nogo	0	60	7	go	click	[32.0, 32.0, 53.0, 97.0, 127.0, 150.0, 167.0, 175.0, 179.0, 181.0, 181.0, 181.0, 182.0, 185.0, 187.0, 187.0, 187.0, 187.0, 187.0, 187.0, 187.0, 187.0, 187.0]	[-196.0, -196.0, -123.0, 62.0, 149.0, 209.0, 256.0, 281.0, 293.0, 299.0, 300.0, 301.0, 306.0, 317.0, 320.0, 320.0, 320.0, 320.0, 320.0, 320.0, 320.0, 320.0, 320.0]	[0, 0, 0, 0, 0, 0, 0, 0, 0, 0, 0, 0, 0, 0, 0, 0, 0, 0, 0, 0, 0, 0, 1]	[0, 0, 0, 0, 0, 0, 0, 0, 0, 0, 0, 0, 0, 0, 0, 0, 0, 0, 0, 0, 0, 0, 0]	[0, 0, 0, 0, 0, 0, 0, 0, 0, 0, 0, 0, 0, 0, 0, 0, 0, 0, 0, 0, 0, 0, 0]	[0.00018770003225654364, 0.01054330007173121, 0.02698470000177622, 0.0438350000185892, 0.06075469998177141, 0.07733690005261451, 0.09413059998769313, 0.1104070000583306, 0.1270244000479579, 0.1435048000421375, 0.16029460006393492, 0.17672990006394684, 0.19362400006502867, 0.21017310000024736, 0.2264962000772357, 0.2433049000101164, 0.26010409998707473, 0.2767849999945611, 0.2935138000175357, 0.3100741000380367, 0.32674910000059754, 0.3433871000306681, 0.360669800080359]	187.0	320.0	0.6	19b
57	4	go_nogo	0	60	9	nogo	none	[57.0, 57.0, 90.0, 118.0, 137.0, 151.0, 162.0, 168.0, 176.0, 181.0, 183.0, 184.0, 186.0, 187.0, 187.0, 187.0, 187.0, 187.0, 187.0]	[-151.0, -151.0, -29.0, 61.0, 123.0, 164.0, 191.0, 214.0, 231.0, 243.0, 250.0, 251.0, 255.0, 257.0, 257.0, 257.0, 257.0, 257.0, 257.0]	[0, 0, 0, 0, 0, 0, 0, 0, 0, 0, 0, 0, 0, 0, 0, 0, 0, 0, 1]	[0, 0, 0, 0, 0, 0, 0, 0, 0, 0, 0, 0, 0, 0, 0, 0, 0, 0, 0]	[0, 0, 0, 0, 0, 0, 0, 0, 0, 0, 0, 0, 0, 0, 0, 0, 0, 0, 0]	[0.0002346000401303172, 0.01060250005684793, 0.02713990001939237, 0.044062100001610816, 0.06039050000254065, 0.07708499999716878, 0.09405870002228767, 0.11075540003366768, 0.12718880001921207, 0.1439947000471875, 0.16034900001250207, 0.17710219998843968, 0.1937536000041291, 0.2103415000019595, 0.22709219995886087, 0.24377659999299794, 0.2602224999573082, 0.27700390003155917, 0.2939195999642834]	187.0	257.0	0.9	19b
58	4	go_nogo	0	60	4	go	click	[22.0, 22.0, 57.0, 89.0, 115.0, 138.0, 163.0, 191.0, 212.0, 227.0, 237.0, 243.0, 252.0, 261.0, 262.0, 262.0, 262.0, 262.0, 262.0, 262.0, 261.0, 258.0, 254.0, 251.0, 246.0, 232.0, 226.0, 205.0, 197.0]	[-254.0, -254.0, -184.0, -122.0, -61.0, -1.0, 66.0, 142.0, 201.0, 236.0, 261.0, 280.0, 304.0, 325.0, 328.0, 328.0, 328.0, 328.0, 328.0, 328.0, 328.0, 328.0, 328.0, 327.0, 321.0, 308.0, 305.0, 290.0, 286.0]	[0, 0, 0, 0, 0, 0, 0, 0, 0, 0, 0, 0, 0, 0, 0, 0, 0, 0, 0, 0, 0, 0, 0, 0, 0, 0, 0, 0, 1]	[0, 0, 0, 0, 0, 0, 0, 0, 0, 0, 0, 0, 0, 0, 0, 0, 0, 0, 0, 0, 0, 0, 0, 0, 0, 0, 0, 0, 0]	[0, 0, 0, 0, 0, 0, 0, 0, 0, 0, 0, 0, 0, 0, 0, 0, 0, 0, 0, 0, 0, 0, 0, 0, 0, 0, 0, 0, 0]	[0.00022190005984157324, 0.010297000058926642, 0.027009000070393085, 0.04430690000299364, 0.06056690006516874, 0.07696159998886287, 0.09368190006352961, 0.11046100000385195, 0.12697820004541427, 0.143651399994269, 0.16039470001123846, 0.17739299999084324, 0.19379839999601245, 0.2111426000483334, 0.2270093000261113, 0.24370670004282147, 0.2600578999845311, 0.2766881000716239, 0.29348380002193153, 0.31031730002723634, 0.32699470000807196, 0.3436102999839932, 0.3604046000400558, 0.3770411000587046, 0.3939861000981182, 0.4101112000644207, 0.4271390000358224, 0.443657600088045, 0.460532300057821]	195.0	285.0	0.8	19b
59	4	go_nogo	0	60	3	go	click	[55.0, 55.0, 63.0, 71.0, 81.0, 98.0, 123.0, 131.0, 147.0, 155.0, 158.0, 160.0, 160.0, 160.0, 160.0, 160.0, 160.0, 160.0, 160.0, 165.0, 169.0, 173.0, 175.0, 175.0, 175.0]	[-221.0, -221.0, -154.0, -30.0, 75.0, 159.0, 235.0, 251.0, 291.0, 309.0, 319.0, 323.0, 325.0, 325.0, 325.0, 325.0, 325.0, 325.0, 325.0, 325.0, 322.0, 319.0, 318.0, 318.0, 318.0]	[0, 0, 0, 0, 0, 0, 0, 0, 0, 0, 0, 0, 0, 0, 0, 0, 0, 0, 0, 0, 0, 0, 0, 0, 1]	[0, 0, 0, 0, 0, 0, 0, 0, 0, 0, 0, 0, 0, 0, 0, 0, 0, 0, 0, 0, 0, 0, 0, 0, 0]	[0, 0, 0, 0, 0, 0, 0, 0, 0, 0, 0, 0, 0, 0, 0, 0, 0, 0, 0, 0, 0, 0, 0, 0, 0]	[0.00022080005146563053, 0.011503800051286817, 0.027813000022433698, 0.044499900075607, 0.06123620003927499, 0.07784250006079674, 0.09476610005367547, 0.11140240007080138, 0.12796140008140355, 0.14542349998373538, 0.1610981000121683, 0.17786890000570565, 0.19453380000777543, 0.2110753000015393, 0.22766800003591925, 0.24453640007413924, 0.2608470000559464, 0.27759459998924285, 0.29459840001072735, 0.31151380005758256, 0.32852860004641116, 0.3447489000391215, 0.36092610005289316, 0.3779027999844402, 0.394774500047788]	175.0	318.0	0.5	19b
60	4	go_nogo	0	60	8	go	click	[26.0, 42.0, 57.0, 80.0, 95.0, 98.0, 92.0, 92.0, 93.0, 95.0, 96.0, 96.0, 96.0, 96.0, 96.0, 97.0, 99.0, 106.0, 118.0, 129.0, 152.0, 173.0, 179.0, 180.0, 182.0, 183.0, 183.0]	[-243.0, -190.0, -145.0, -67.0, 32.0, 150.0, 243.0, 279.0, 292.0, 296.0, 297.0, 297.0, 297.0, 297.0, 297.0, 297.0, 289.0, 277.0, 271.0, 270.0, 281.0, 297.0, 301.0, 301.0, 302.0, 302.0, 302.0]	[0, 0, 0, 0, 0, 0, 0, 0, 0, 0, 0, 0, 0, 0, 0, 0, 0, 0, 0, 0, 0, 0, 0, 0, 0, 0, 1]	[0, 0, 0, 0, 0, 0, 0, 0, 0, 0, 0, 0, 0, 0, 0, 0, 0, 0, 0, 0, 0, 0, 0, 0, 0, 0, 0]	[0, 0, 0, 0, 0, 0, 0, 0, 0, 0, 0, 0, 0, 0, 0, 0, 0, 0, 0, 0, 0, 0, 0, 0, 0, 0, 0]	[0.0002215999411419034, 0.009567299974150956, 0.026499399915337563, 0.0431267999811098, 0.06006839999463409, 0.07641430001240224, 0.09329769993200898, 0.10955139994621277, 0.12636639992706478, 0.14307200000621378, 0.15960949996951967, 0.17611579992808402, 0.19317129999399185, 0.20965410000644624, 0.22657989989966154, 0.2433302999706939, 0.2596901999786496, 0.276145999901928, 0.2929475998971611, 0.3095260999398306, 0.32619139994494617, 0.34303049999289215, 0.3594759999541566, 0.37628969992510974, 0.39326259994413704, 0.40930719999596477, 0.4262612999882549]	183.0	302.0	0.5	19b
61	4	go_nogo	0	60	6	go	click	[68.0, 68.0, 99.0, 138.0, 162.0, 176.0, 182.0, 185.0, 186.0, 187.0, 187.0, 187.0, 187.0, 187.0, 187.0, 187.0, 187.0, 187.0, 187.0]	[-197.0, -197.0, -65.0, 58.0, 144.0, 215.0, 275.0, 304.0, 315.0, 318.0, 318.0, 318.0, 318.0, 318.0, 318.0, 318.0, 318.0, 318.0, 318.0]	[0, 0, 0, 0, 0, 0, 0, 0, 0, 0, 0, 0, 0, 0, 0, 0, 0, 0, 1]	[0, 0, 0, 0, 0, 0, 0, 0, 0, 0, 0, 0, 0, 0, 0, 0, 0, 0, 0]	[0, 0, 0, 0, 0, 0, 0, 0, 0, 0, 0, 0, 0, 0, 0, 0, 0, 0, 0]	[0.00020619994029402733, 0.011134199914522469, 0.027447199914604425, 0.04391299991402775, 0.06078549998346716, 0.07750089990440756, 0.0944071999983862, 0.11077379994094372, 0.12750939989928156, 0.14380809990689158, 0.1604177999543026, 0.17722429998684675, 0.1939761999528855, 0.21049409999977797, 0.22708539990708232, 0.24387059989385307, 0.2605056999018416, 0.2771801999770105, 0.29406179999932647]	187.0	318.0	0.5	19b
62	4	go_nogo	0	60	6	go	click	[58.0, 58.0, 108.0, 152.0, 175.0, 187.0, 194.0, 202.0, 208.0, 212.0, 212.0, 212.0, 212.0, 212.0, 212.0, 212.0, 212.0, 212.0, 212.0]	[-227.0, -227.0, -80.0, 66.0, 163.0, 218.0, 257.0, 293.0, 320.0, 330.0, 332.0, 332.0, 332.0, 332.0, 332.0, 332.0, 332.0, 332.0, 332.0]	[0, 0, 0, 0, 0, 0, 0, 0, 0, 0, 0, 0, 0, 0, 0, 0, 0, 0, 1]	[0, 0, 0, 0, 0, 0, 0, 0, 0, 0, 0, 0, 0, 0, 0, 0, 0, 0, 0]	[0, 0, 0, 0, 0, 0, 0, 0, 0, 0, 0, 0, 0, 0, 0, 0, 0, 0, 0]	[0.0003637999761849642, 0.012283299933187664, 0.028414699947461486, 0.04500479996204376, 0.06159729999490082, 0.07830379996448755, 0.09490599995478988, 0.1115073999390006, 0.12820219993591309, 0.1449287999421358, 0.1613475999329239, 0.17794019996654242, 0.19480119994841516, 0.2115656000096351, 0.22811739996541291, 0.24468349991366267, 0.2613573999842629, 0.2781492000212893, 0.29501190001610667]	212.0	332.0	1.0	19b
63	4	go_nogo	0	60	1	nogo	none	[71.0, 71.0, 94.0, 181.0, 213.0, 229.0, 239.0, 247.0, 253.0, 254.0, 254.0, 254.0, 255.0, 255.0, 255.0, 255.0, 255.0, 255.0, 255.0, 255.0, 251.0, 243.0, 233.0, 225.0, 222.0, 220.0, 220.0, 220.0, 220.0, 220.0, 220.0, 220.0, 220.0, 220.0, 220.0, 220.0, 220.0, 220.0, 220.0, 220.0, 220.0, 220.0, 220.0, 220.0, 220.0, 220.0, 220.0, 220.0, 220.0, 220.0, 220.0, 220.0, 220.0, 220.0, 220.0, 220.0, 220.0, 220.0, 220.0, 220.0, 220.0, 220.0, 220.0, 220.0, 220.0, 220.0, 220.0, 220.0, 220.0]	[-176.0, -176.0, -107.0, 120.0, 208.0, 258.0, 301.0, 335.0, 353.0, 355.0, 355.0, 355.0, 355.0, 355.0, 355.0, 356.0, 356.0, 356.0, 356.0, 356.0, 350.0, 340.0, 331.0, 323.0, 319.0, 315.0, 314.0, 314.0, 314.0, 314.0, 314.0, 314.0, 314.0, 314.0, 314.0, 314.0, 314.0, 314.0, 314.0, 314.0, 314.0, 314.0, 314.0, 314.0, 314.0, 314.0, 314.0, 314.0, 314.0, 314.0, 314.0, 314.0, 314.0, 314.0, 314.0, 314.0, 314.0, 314.0, 314.0, 314.0, 314.0, 314.0, 314.0, 314.0, 314.0, 314.0, 314.0, 314.0, 314.0]	[0, 0, 0, 0, 0, 0, 0, 0, 0, 0, 0, 0, 0, 0, 0, 0, 0, 0, 0, 0, 0, 0, 0, 0, 0, 0, 0, 0, 0, 0, 0, 0, 0, 0, 0, 0, 0, 0, 0, 0, 0, 0, 0, 0, 0, 0, 0, 0, 0, 0, 0, 0, 0, 0, 0, 0, 0, 0, 0, 0, 0, 0, 0, 0, 0, 0, 0, 0, 0]	[0, 0, 0, 0, 0, 0, 0, 0, 0, 0, 0, 0, 0, 0, 0, 0, 0, 0, 0, 0, 0, 0, 0, 0, 0, 0, 0, 0, 0, 0, 0, 0, 0, 0, 0, 0, 0, 0, 0, 0, 0, 0, 0, 0, 0, 0, 0, 0, 0, 0, 0, 0, 0, 0, 0, 0, 0, 0, 0, 0, 0, 0, 0, 0, 0, 0, 0, 0, 0]	[0, 0, 0, 0, 0, 0, 0, 0, 0, 0, 0, 0, 0, 0, 0, 0, 0, 0, 0, 0, 0, 0, 0, 0, 0, 0, 0, 0, 0, 0, 0, 0, 0, 0, 0, 0, 0, 0, 0, 0, 0, 0, 0, 0, 0, 0, 0, 0, 0, 0, 0, 0, 0, 0, 0, 0, 0, 0, 0, 0, 0, 0, 0, 0, 0, 0, 0, 0, 0]	[0.0001935999607667327, 0.0100391999585554, 0.026961599942296743, 0.0440179998986423, 0.06051119999028742, 0.07701089989859611, 0.0935192999895662, 0.11009279999416322, 0.12680139997974038, 0.1434374999953434, 0.16001239989418536, 0.1769747999496758, 0.19329939992167056, 0.20993449992965907, 0.22691709990613163, 0.24328019993845373, 0.25995309988502413, 0.27684229996521026, 0.2934460999676958, 0.3098768999334425, 0.326675699907355, 0.343318699975498, 0.3601526999846101, 0.37699409993365407, 0.39357829990331084, 0.4099219999043271, 0.42639499995857477, 0.4430557999294251, 0.45979439991060644, 0.4765299999853596, 0.4930792999221012, 0.5099061999935657, 0.5265575998928398, 0.5431908998871222, 0.5599339999025688, 0.5764611999038607, 0.5932505999226123, 0.6096926999744028, 0.6267361999489367, 0.6431725999573246, 0.6597343999892473, 0.6763803999638185, 0.6933831999776885, 0.7096761999418959, 0.7264536999864504, 0.7431021999800578, 0.7597524999873713, 0.7763380999676883, 0.7930502999806777, 0.8097135999705642, 0.8264227999607101, 0.8432340999133885, 0.8598488999996334, 0.8772500999039039, 0.8932140999240801, 0.909810799988918, 0.9266177999088541, 0.9432631999952719, 0.9596427999204025, 0.976625399896875, 0.9932244999799877, 1.009870299953036, 1.0264424999477342, 1.0433697999687865, 1.0597607999807224, 1.0763808999909088, 1.0930496999062598, 1.1097799999406561, 1.1264100999105722]	n/a	n/a	0.5	19b
64	4	go_nogo	0	60	2	go	click	[37.0, 58.0, 76.0, 113.0, 134.0, 140.0, 141.0, 144.0, 144.0, 146.0, 147.0, 148.0, 148.0, 150.0, 152.0, 155.0, 157.0, 164.0, 165.0, 166.0, 166.0, 167.0, 170.0, 178.0, 184.0, 188.0, 190.0, 190.0]	[-264.0, -179.0, -87.0, 89.0, 196.0, 246.0, 276.0, 295.0, 306.0, 314.0, 318.0, 319.0, 320.0, 322.0, 325.0, 327.0, 329.0, 334.0, 334.0, 334.0, 334.0, 334.0, 332.0, 320.0, 314.0, 311.0, 311.0, 311.0]	[0, 0, 0, 0, 0, 0, 0, 0, 0, 0, 0, 0, 0, 0, 0, 0, 0, 0, 0, 0, 0, 0, 0, 0, 0, 0, 0, 1]	[0, 0, 0, 0, 0, 0, 0, 0, 0, 0, 0, 0, 0, 0, 0, 0, 0, 0, 0, 0, 0, 0, 0, 0, 0, 0, 0, 0]	[0, 0, 0, 0, 0, 0, 0, 0, 0, 0, 0, 0, 0, 0, 0, 0, 0, 0, 0, 0, 0, 0, 0, 0, 0, 0, 0, 0]	[8.080003317445517e-05, 0.00916809996124357, 0.026241200044751167, 0.042662200052291155, 0.059166999999433756, 0.07602909998968244, 0.09286239999346435, 0.10945440002251416, 0.12615759996697307, 0.14278039999771863, 0.15990400000009686, 0.17591280001215637, 0.19295279996003956, 0.20950210001319647, 0.22636129998136312, 0.24286050000227988, 0.2594730999553576, 0.27592960000038147, 0.29268980002962053, 0.3093976000091061, 0.3259146000491455, 0.3426570000592619, 0.3593168000224978, 0.37623890000395477, 0.392544100061059, 0.40989040001295507, 0.42586950003169477, 0.4428055000025779]	190.0	311.0	1.0	19b
65	4	go_nogo	0	60	6	go	click	[67.0, 67.0, 87.0, 127.0, 150.0, 171.0, 174.0, 183.0, 188.0, 192.0, 196.0, 202.0, 206.0, 208.0, 208.0, 208.0, 208.0, 208.0, 208.0, 208.0, 207.0, 204.0, 201.0, 201.0, 201.0, 201.0, 201.0, 201.0, 202.0, 202.0]	[-223.0, -223.0, -176.0, -94.0, -38.0, 17.0, 32.0, 69.0, 88.0, 103.0, 118.0, 137.0, 153.0, 157.0, 157.0, 157.0, 157.0, 157.0, 157.0, 165.0, 179.0, 202.0, 226.0, 250.0, 263.0, 272.0, 279.0, 285.0, 292.0, 294.0]	[0, 0, 0, 0, 0, 0, 0, 0, 0, 0, 0, 0, 0, 0, 0, 0, 0, 0, 0, 0, 0, 0, 0, 0, 0, 0, 0, 0, 0, 1]	[0, 0, 0, 0, 0, 0, 0, 0, 0, 0, 0, 0, 0, 0, 0, 0, 0, 0, 0, 0, 0, 0, 0, 0, 0, 0, 0, 0, 0, 0]	[0, 0, 0, 0, 0, 0, 0, 0, 0, 0, 0, 0, 0, 0, 0, 0, 0, 0, 0, 0, 0, 0, 0, 0, 0, 0, 0, 0, 0, 0]	[0.00021500000730156898, 0.011532200034707785, 0.028207800001837313, 0.044850700069218874, 0.061896200058981776, 0.07826800004113466, 0.0949174000415951, 0.11218499997630715, 0.12871309998445213, 0.1451346999965608, 0.16160330001730472, 0.17840540001634508, 0.19479790003970265, 0.21135160000994802, 0.22807439998723567, 0.24475600000005215, 0.26134129997808486, 0.27808229997754097, 0.2954147000564262, 0.3116571999853477, 0.3288594000041485, 0.344703400041908, 0.36132710007950664, 0.3780455000232905, 0.39498169999569654, 0.41139809996820986, 0.42800870002247393, 0.4450887000421062, 0.46145960001740605, 0.4804056000430137]	202.0	294.0	0.9	19b
66	4	go_nogo	0	60	7	go	click	[76.0, 76.0, 110.0, 152.0, 180.0, 195.0, 204.0, 210.0, 211.0, 213.0, 214.0, 216.0, 217.0, 218.0, 218.0, 218.0, 218.0, 218.0]	[-122.0, -122.0, 11.0, 108.0, 166.0, 203.0, 224.0, 238.0, 244.0, 247.0, 251.0, 258.0, 261.0, 261.0, 262.0, 262.0, 262.0, 262.0]	[0, 0, 0, 0, 0, 0, 0, 0, 0, 0, 0, 0, 0, 0, 0, 0, 0, 1]	[0, 0, 0, 0, 0, 0, 0, 0, 0, 0, 0, 0, 0, 0, 0, 0, 0, 0]	[0, 0, 0, 0, 0, 0, 0, 0, 0, 0, 0, 0, 0, 0, 0, 0, 0, 0]	[0.00010100007057189941, 0.010508600040338933, 0.026687500067055225, 0.04342400003224611, 0.06013080000411719, 0.07694440009072423, 0.09343000000808388, 0.11016330006532371, 0.1268756000790745, 0.143599700066261, 0.16015750006772578, 0.17709600005764514, 0.19374640006572008, 0.21039060002658516, 0.2270703000249341, 0.2434472000459209, 0.2601652001030743, 0.27720530005171895]	218.0	262.0	0.5	19b
67	4	go_nogo	0	60	8	go	click	[56.0, 56.0, 95.0, 112.0, 147.0, 170.0, 182.0, 189.0, 192.0, 193.0, 194.0, 195.0, 195.0, 196.0, 197.0, 197.0, 197.0, 197.0, 199.0]	[-141.0, -141.0, -19.0, 24.0, 121.0, 177.0, 214.0, 237.0, 247.0, 252.0, 255.0, 257.0, 259.0, 265.0, 269.0, 269.0, 269.0, 269.0, 272.0]	[0, 0, 0, 0, 0, 0, 0, 0, 0, 0, 0, 0, 0, 0, 0, 0, 0, 0, 1]	[0, 0, 0, 0, 0, 0, 0, 0, 0, 0, 0, 0, 0, 0, 0, 0, 0, 0, 0]	[0, 0, 0, 0, 0, 0, 0, 0, 0, 0, 0, 0, 0, 0, 0, 0, 0, 0, 0]	[0.00026659993454813957, 0.01091640000231564, 0.027619199943728745, 0.0446948999306187, 0.0614378999453038, 0.07786670001223683, 0.09453500004019588, 0.11128980002831668, 0.12838849995750934, 0.14438079996034503, 0.1616705999476835, 0.17793499992694706, 0.19446539995260537, 0.2113859000382945, 0.22772670001722872, 0.24440800002776086, 0.26100039994344115, 0.27798529993742704, 0.2944238999625668]	200.0	275.0	1.0	19b
68	4	go_nogo	0	60	9	nogo	none	[13.0, 13.0, 27.0, 56.0, 94.0, 108.0, 118.0, 125.0, 129.0, 131.0, 134.0, 135.0, 137.0, 138.0, 138.0, 138.0, 138.0, 139.0, 142.0, 146.0, 153.0, 159.0, 161.0, 161.0, 161.0, 161.0, 161.0, 161.0, 161.0, 161.0, 161.0, 161.0, 161.0, 161.0, 161.0, 161.0, 161.0, 161.0, 161.0, 161.0, 161.0, 161.0, 161.0, 162.0, 162.0, 162.0, 162.0, 162.0, 162.0, 162.0, 162.0, 162.0, 163.0, 163.0, 163.0, 163.0, 164.0, 164.0, 164.0, 164.0, 164.0, 164.0, 164.0, 164.0, 164.0, 164.0]	[-197.0, -197.0, -133.0, -23.0, 78.0, 118.0, 149.0, 170.0, 179.0, 187.0, 193.0, 196.0, 202.0, 204.0, 205.0, 205.0, 205.0, 205.0, 210.0, 219.0, 237.0, 252.0, 257.0, 259.0, 259.0, 259.0, 259.0, 259.0, 259.0, 259.0, 259.0, 259.0, 259.0, 259.0, 259.0, 259.0, 259.0, 259.0, 259.0, 259.0, 259.0, 259.0, 259.0, 259.0, 259.0, 259.0, 259.0, 259.0, 259.0, 259.0, 259.0, 259.0, 259.0, 259.0, 259.0, 259.0, 259.0, 259.0, 259.0, 259.0, 259.0, 259.0, 259.0, 259.0, 259.0, 259.0]	[0, 0, 0, 0, 0, 0, 0, 0, 0, 0, 0, 0, 0, 0, 0, 0, 0, 0, 0, 0, 0, 0, 0, 0, 0, 0, 0, 0, 0, 0, 0, 0, 0, 0, 0, 0, 0, 0, 0, 0, 0, 0, 0, 0, 0, 0, 0, 0, 0, 0, 0, 0, 0, 0, 0, 0, 0, 0, 0, 0, 0, 0, 0, 0, 0, 0]	[0, 0, 0, 0, 0, 0, 0, 0, 0, 0, 0, 0, 0, 0, 0, 0, 0, 0, 0, 0, 0, 0, 0, 0, 0, 0, 0, 0, 0, 0, 0, 0, 0, 0, 0, 0, 0, 0, 0, 0, 0, 0, 0, 0, 0, 0, 0, 0, 0, 0, 0, 0, 0, 0, 0, 0, 0, 0, 0, 0, 0, 0, 0, 0, 0, 0]	[0, 0, 0, 0, 0, 0, 0, 0, 0, 0, 0, 0, 0, 0, 0, 0, 0, 0, 0, 0, 0, 0, 0, 0, 0, 0, 0, 0, 0, 0, 0, 0, 0, 0, 0, 0, 0, 0, 0, 0, 0, 0, 0, 0, 0, 0, 0, 0, 0, 0, 0, 0, 0, 0, 0, 0, 0, 0, 0, 0, 0, 0, 0, 0, 0, 0]	[0.00019149994477629662, 0.010153700015507638, 0.026947599952109158, 0.04337810003198683, 0.06005690002348274, 0.07660529995337129, 0.09327219997067004, 0.11010609997902066, 0.12645290000364184, 0.14316760003566742, 0.15985179995186627, 0.17643260001204908, 0.19329149997793138, 0.20983299997169524, 0.2262805999489501, 0.2430741999996826, 0.25977680005598813, 0.2765622000442818, 0.29301689995918423, 0.310024100006558, 0.32613770000170916, 0.3430602999869734, 0.3597368999617174, 0.37641529995016754, 0.3930228999815881, 0.4096910000080243, 0.4263562000123784, 0.4428896999452263, 0.45958190003875643, 0.47643939999397844, 0.4931840000208467, 0.5097021999536082, 0.5265447000274435, 0.543070700019598, 0.5595297999680042, 0.5762227999512106, 0.5931024999590591, 0.6097926000365987, 0.6260821999749169, 0.6427373000187799, 0.6595864000264555, 0.676158000016585, 0.6931331000523642, 0.7098117000423372, 0.726221099961549, 0.7428788000252098, 0.7596246999455616, 0.7762056000065058, 0.793166600051336, 0.8097780999960378, 0.8261716000270098, 0.8431861000135541, 0.859538699965924, 0.8762787999585271, 0.892876600031741, 0.9094847999513149, 0.9263073999900371, 0.9428683000151068, 0.9595466000027955, 0.9761882999446243, 0.9928580999840051, 1.0094935999950394, 1.026149500044994, 1.0429239999502897, 1.0594883000012487, 1.0761985999997705]	n/a	n/a	0.5	19b
69	4	go_nogo	0	60	2	go	click	[23.0, 23.0, 44.0, 85.0, 117.0, 134.0, 150.0, 157.0, 166.0, 173.0, 181.0, 186.0, 190.0, 193.0, 198.0, 199.0, 200.0, 200.0, 200.0, 200.0, 200.0, 200.0, 198.0, 196.0, 195.0, 195.0, 195.0, 196.0, 196.0]	[-223.0, -223.0, -176.0, -87.0, -6.0, 44.0, 79.0, 98.0, 118.0, 135.0, 153.0, 170.0, 181.0, 191.0, 202.0, 206.0, 207.0, 207.0, 207.0, 207.0, 215.0, 232.0, 251.0, 266.0, 278.0, 295.0, 305.0, 309.0, 309.0]	[0, 0, 0, 0, 0, 0, 0, 0, 0, 0, 0, 0, 0, 0, 0, 0, 0, 0, 0, 0, 0, 0, 0, 0, 0, 0, 0, 0, 1]	[0, 0, 0, 0, 0, 0, 0, 0, 0, 0, 0, 0, 0, 0, 0, 0, 0, 0, 0, 0, 0, 0, 0, 0, 0, 0, 0, 0, 0]	[0, 0, 0, 0, 0, 0, 0, 0, 0, 0, 0, 0, 0, 0, 0, 0, 0, 0, 0, 0, 0, 0, 0, 0, 0, 0, 0, 0, 0]	[0.00019289995543658733, 0.011757300002500415, 0.028356799972243607, 0.044878599932417274, 0.061494699912145734, 0.07914229994639754, 0.09501799999270588, 0.11229089996777475, 0.12845839990768582, 0.14518319990020245, 0.1616416999604553, 0.1784129999577999, 0.1952521000057459, 0.2118483999511227, 0.22831459995359182, 0.24513939989265054, 0.2615440998924896, 0.27827069989871234, 0.2947604999644682, 0.31178089999593794, 0.32867029996123165, 0.3450544999213889, 0.36209899990353733, 0.37840109993703663, 0.3951277999440208, 0.41175159998238087, 0.42845289991237223, 0.4448325999546796, 0.4622620999580249]	196.0	309.0	0.7	19b
70	4	go_nogo	0	60	9	nogo	none	[56.0, 56.0, 115.0, 169.0, 195.0, 204.0, 211.0, 215.0, 218.0, 220.0, 222.0, 225.0, 227.0, 231.0, 235.0, 236.0, 236.0, 236.0, 236.0, 236.0, 236.0, 236.0, 236.0, 236.0, 236.0, 235.0, 234.0, 234.0, 234.0, 234.0, 234.0, 234.0, 234.0, 234.0, 234.0, 234.0, 234.0, 234.0, 234.0, 234.0, 234.0, 234.0, 234.0, 234.0, 234.0, 234.0, 234.0, 234.0, 234.0, 234.0, 234.0, 234.0, 234.0, 234.0, 234.0, 234.0, 234.0, 234.0, 234.0, 234.0, 234.0, 234.0, 234.0, 234.0, 234.0, 234.0, 234.0, 234.0, 234.0]	[-213.0, -213.0, -33.0, 122.0, 201.0, 232.0, 257.0, 278.0, 291.0, 301.0, 310.0, 316.0, 326.0, 343.0, 354.0, 356.0, 356.0, 356.0, 356.0, 356.0, 356.0, 356.0, 356.0, 356.0, 354.0, 351.0, 348.0, 348.0, 348.0, 348.0, 348.0, 348.0, 348.0, 348.0, 348.0, 348.0, 348.0, 348.0, 348.0, 348.0, 348.0, 348.0, 348.0, 348.0, 348.0, 348.0, 348.0, 348.0, 348.0, 348.0, 348.0, 348.0, 348.0, 348.0, 348.0, 348.0, 348.0, 348.0, 348.0, 348.0, 348.0, 348.0, 348.0, 348.0, 348.0, 348.0, 348.0, 348.0, 348.0]	[0, 0, 0, 0, 0, 0, 0, 0, 0, 0, 0, 0, 0, 0, 0, 0, 0, 0, 0, 0, 0, 0, 0, 0, 0, 0, 0, 0, 0, 0, 0, 0, 0, 0, 0, 0, 0, 0, 0, 0, 0, 0, 0, 0, 0, 0, 0, 0, 0, 0, 0, 0, 0, 0, 0, 0, 0, 0, 0, 0, 0, 0, 0, 0, 0, 0, 0, 0, 0]	[0, 0, 0, 0, 0, 0, 0, 0, 0, 0, 0, 0, 0, 0, 0, 0, 0, 0, 0, 0, 0, 0, 0, 0, 0, 0, 0, 0, 0, 0, 0, 0, 0, 0, 0, 0, 0, 0, 0, 0, 0, 0, 0, 0, 0, 0, 0, 0, 0, 0, 0, 0, 0, 0, 0, 0, 0, 0, 0, 0, 0, 0, 0, 0, 0, 0, 0, 0, 0]	[0, 0, 0, 0, 0, 0, 0, 0, 0, 0, 0, 0, 0, 0, 0, 0, 0, 0, 0, 0, 0, 0, 0, 0, 0, 0, 0, 0, 0, 0, 0, 0, 0, 0, 0, 0, 0, 0, 0, 0, 0, 0, 0, 0, 0, 0, 0, 0, 0, 0, 0, 0, 0, 0, 0, 0, 0, 0, 0, 0, 0, 0, 0, 0, 0, 0, 0, 0, 0]	[0.00022000004537403584, 0.011259799939580262, 0.027903800015337765, 0.04473540000617504, 0.061924400040879846, 0.07814220001455396, 0.09471780003514141, 0.1112307000439614, 0.12811099993996322, 0.14471619995310903, 0.1613142000278458, 0.1778941999655217, 0.1945189000107348, 0.21117120003327727, 0.22768919996451586, 0.24428440001793206, 0.2610291000455618, 0.27770780003629625, 0.29449999995995313, 0.31104379997123033, 0.32767549995332956, 0.3442909000441432, 0.36098729993682355, 0.37772949994541705, 0.3945866000140086, 0.41166169999632984, 0.42764529993291944, 0.44446459994651377, 0.46091180003713816, 0.47756959998514503, 0.4943385999649763, 0.5110686999978498, 0.5275390000315383, 0.5442144999979064, 0.5614492000313476, 0.5776753999525681, 0.5943218999309465, 0.6108607000205666, 0.6277331999735907, 0.6442260999465361, 0.660852300003171, 0.6776183999609202, 0.6943391000386328, 0.7109473999589682, 0.7277184999547899, 0.7441201999317855, 0.7608275000238791, 0.7774332000408322, 0.7941078000003472, 0.8107872999971732, 0.8274211999960244, 0.8439529000315815, 0.860675000003539, 0.8776827999390662, 0.8944365000352263, 0.9108883000444621, 0.9273565999465063, 0.9441117999376729, 0.9607834999915212, 0.977570699993521, 0.9941274999873713, 1.0107765999855474, 1.027388499933295, 1.0442853999556974, 1.0609443000284955, 1.077525099972263, 1.0941991000436246, 1.1108282000059262, 1.127605599933304]	n/a	n/a	0.6	19b
71	4	go_nogo	0	60	6	go	click	[12.0, 12.0, 30.0, 69.0, 110.0, 135.0, 146.0, 155.0, 164.0, 166.0, 169.0, 173.0, 177.0, 179.0, 180.0, 180.0, 180.0, 181.0, 182.0, 183.0, 183.0, 183.0, 183.0]	[-198.0, -198.0, -121.0, 36.0, 151.0, 208.0, 238.0, 259.0, 279.0, 285.0, 290.0, 297.0, 305.0, 310.0, 311.0, 311.0, 311.0, 313.0, 316.0, 317.0, 317.0, 317.0, 317.0]	[0, 0, 0, 0, 0, 0, 0, 0, 0, 0, 0, 0, 0, 0, 0, 0, 0, 0, 0, 0, 0, 0, 1]	[0, 0, 0, 0, 0, 0, 0, 0, 0, 0, 0, 0, 0, 0, 0, 0, 0, 0, 0, 0, 0, 0, 0]	[0, 0, 0, 0, 0, 0, 0, 0, 0, 0, 0, 0, 0, 0, 0, 0, 0, 0, 0, 0, 0, 0, 0]	[0.00023220002185553312, 0.010912299971096218, 0.027362599968910217, 0.044022400048561394, 0.06080770003609359, 0.07732260006014258, 0.09459730004891753, 0.11073469999246299, 0.127746699959971, 0.14418219996150583, 0.16104799997992814, 0.17767889995593578, 0.1939741000533104, 0.21100370003841817, 0.22726089996285737, 0.24403319996781647, 0.2608028999529779, 0.2776255999924615, 0.29412340000271797, 0.3105836999602616, 0.32751710002776235, 0.34392919996753335, 0.3607342999894172]	184.0	317.0	0.8	19b
72	4	go_nogo	0	60	4	go	click	[77.0, 77.0, 132.0, 177.0, 206.0, 238.0, 260.0, 270.0, 274.0, 275.0, 275.0, 275.0, 275.0, 275.0, 275.0, 275.0, 275.0, 275.0, 272.0, 263.0, 250.0, 240.0, 233.0, 229.0, 225.0, 225.0, 225.0]	[-235.0, -235.0, -106.0, -9.0, 57.0, 122.0, 175.0, 206.0, 223.0, 236.0, 239.0, 241.0, 241.0, 241.0, 241.0, 241.0, 242.0, 242.0, 244.0, 248.0, 256.0, 264.0, 269.0, 273.0, 275.0, 275.0, 275.0]	[0, 0, 0, 0, 0, 0, 0, 0, 0, 0, 0, 0, 0, 0, 0, 0, 0, 0, 0, 0, 0, 0, 0, 0, 0, 0, 1]	[0, 0, 0, 0, 0, 0, 0, 0, 0, 0, 0, 0, 0, 0, 0, 0, 0, 0, 0, 0, 0, 0, 0, 0, 0, 0, 0]	[0, 0, 0, 0, 0, 0, 0, 0, 0, 0, 0, 0, 0, 0, 0, 0, 0, 0, 0, 0, 0, 0, 0, 0, 0, 0, 0]	[0.0002104000886902213, 0.009990200051106513, 0.026990100042894483, 0.04388490004930645, 0.060066500096581876, 0.07659589999821037, 0.093403400038369, 0.11036320007406175, 0.12665380001999438, 0.14340520009864122, 0.16008370008785278, 0.1766357000451535, 0.19316190003883094, 0.20990230003371835, 0.22642190009355545, 0.24340540007688105, 0.26017630007117987, 0.27671910007484257, 0.29333970008883625, 0.30975990009028465, 0.32692010002210736, 0.3433534000068903, 0.36029040010180324, 0.37662910006474704, 0.39319260010961443, 0.4098492000484839, 0.42644450010266155]	225.0	275.0	0.5	19b
73	4	go_nogo	0	60	3	go	click	[46.0, 59.0, 73.0, 103.0, 131.0, 152.0, 165.0, 173.0, 177.0, 182.0, 184.0, 184.0, 185.0, 185.0, 185.0, 185.0, 185.0, 185.0, 185.0, 185.0, 185.0, 185.0, 185.0, 185.0, 185.0, 185.0, 188.0, 189.0, 189.0, 189.0, 189.0, 189.0, 189.0, 190.0, 191.0, 191.0, 191.0, 191.0, 192.0, 192.0, 192.0, 192.0]	[-289.0, -237.0, -177.0, -60.0, 20.0, 79.0, 121.0, 155.0, 180.0, 201.0, 218.0, 222.0, 231.0, 233.0, 233.0, 233.0, 233.0, 233.0, 233.0, 233.0, 233.0, 233.0, 233.0, 233.0, 233.0, 236.0, 244.0, 247.0, 248.0, 248.0, 248.0, 249.0, 256.0, 265.0, 270.0, 271.0, 272.0, 273.0, 273.0, 273.0, 273.0, 273.0]	[0, 0, 0, 0, 0, 0, 0, 0, 0, 0, 0, 0, 0, 0, 0, 0, 0, 0, 0, 0, 0, 1, 1, 1, 1, 0, 0, 0, 0, 0, 0, 0, 0, 0, 0, 0, 0, 0, 0, 0, 0, 1]	[0, 0, 0, 0, 0, 0, 0, 0, 0, 0, 0, 0, 0, 0, 0, 0, 0, 0, 0, 0, 0, 0, 0, 0, 0, 0, 0, 0, 0, 0, 0, 0, 0, 0, 0, 0, 0, 0, 0, 0, 0, 0]	[0, 0, 0, 0, 0, 0, 0, 0, 0, 0, 0, 0, 0, 0, 0, 0, 0, 0, 0, 0, 0, 0, 0, 0, 0, 0, 0, 0, 0, 0, 0, 0, 0, 0, 0, 0, 0, 0, 0, 0, 0, 0]	[7.780001033097506e-05, 0.010389399947598577, 0.027090699994005263, 0.043507799971848726, 0.060630799969658256, 0.07723209995310754, 0.09373640001285821, 0.11042019992601126, 0.12721169996075332, 0.14382080000359565, 0.16012419993057847, 0.17686489992775023, 0.19364730000961572, 0.21024459996260703, 0.22683179995510727, 0.24354729999322444, 0.26021350000519305, 0.27682929998263717, 0.29349219996947795, 0.310232299962081, 0.32697759999427944, 0.3442795999580994, 0.3602649999083951, 0.3769560999935493, 0.39388320001307875, 0.41033350001089275, 0.427086399984546, 0.4438449000008404, 0.4602473999839276, 0.4768839000025764, 0.493959299987182, 0.510416999924928, 0.5268654999090359, 0.5434775999747217, 0.5602942999685183, 0.5773272999795154, 0.59335719991941, 0.610199399990961, 0.6266188999870792, 0.6433292999863625, 0.6601834999164566, 0.6769488999852911]	192.0	273.0	1.0	19b
74	4	go_nogo	0	60	6	go	click	[62.0, 62.0, 120.0, 169.0, 199.0, 224.0, 238.0, 246.0, 248.0, 249.0, 250.0, 250.0, 250.0, 250.0, 250.0, 250.0, 250.0, 250.0, 250.0, 250.0, 250.0, 250.0, 250.0]	[-206.0, -206.0, -30.0, 105.0, 196.0, 263.0, 303.0, 328.0, 339.0, 347.0, 350.0, 350.0, 350.0, 350.0, 350.0, 350.0, 350.0, 350.0, 350.0, 350.0, 350.0, 350.0, 349.0]	[0, 0, 0, 0, 0, 0, 0, 0, 0, 0, 0, 0, 0, 0, 0, 0, 0, 0, 0, 0, 1, 1, 1]	[0, 0, 0, 0, 0, 0, 0, 0, 0, 0, 0, 0, 0, 0, 0, 0, 0, 0, 0, 0, 0, 0, 0]	[0, 0, 0, 0, 0, 0, 0, 0, 0, 0, 0, 0, 0, 0, 0, 0, 0, 0, 0, 0, 0, 0, 0]	[0.00020030001178383827, 0.011254100012592971, 0.02763789996970445, 0.04458470002282411, 0.06104040006175637, 0.07747760007623583, 0.09461749996989965, 0.11115070001687855, 0.12799439998343587, 0.14446340000722557, 0.16096390003804117, 0.1777140999911353, 0.19424300000537187, 0.2108692000620067, 0.22751570004038513, 0.24422500003129244, 0.26080869999714196, 0.2774764000205323, 0.2943327999673784, 0.3109977999702096, 0.32774169999174774, 0.3443492000224069, 0.36093970004003495]	249.0	342.0	0.9	19b
75	4	go_nogo	0	60	2	go	click	[51.0, 65.0, 84.0, 128.0, 179.0, 228.0, 251.0, 260.0, 263.0, 263.0, 263.0, 261.0, 261.0, 261.0, 261.0, 261.0, 261.0, 260.0, 254.0, 249.0, 242.0, 238.0, 237.0, 237.0, 237.0]	[-285.0, -248.0, -194.0, -40.0, 85.0, 162.0, 203.0, 226.0, 237.0, 252.0, 260.0, 268.0, 279.0, 291.0, 296.0, 298.0, 298.0, 298.0, 298.0, 294.0, 293.0, 293.0, 293.0, 293.0, 293.0]	[0, 0, 0, 0, 0, 0, 0, 0, 0, 0, 0, 0, 0, 0, 0, 0, 0, 0, 0, 0, 0, 0, 0, 0, 1]	[0, 0, 0, 0, 0, 0, 0, 0, 0, 0, 0, 0, 0, 0, 0, 0, 0, 0, 0, 0, 0, 0, 0, 0, 0]	[0, 0, 0, 0, 0, 0, 0, 0, 0, 0, 0, 0, 0, 0, 0, 0, 0, 0, 0, 0, 0, 0, 0, 0, 0]	[0.00010169995948672295, 0.010820899973623455, 0.027186300023458898, 0.04401249997317791, 0.06061509996652603, 0.07726150006055832, 0.09400060004554689, 0.11053720000199974, 0.12722470005974174, 0.1443427000194788, 0.16139030002523214, 0.17737210006453097, 0.19390369998291135, 0.21050220006145537, 0.22714460000861436, 0.2437830000417307, 0.2605382000328973, 0.2770977000473067, 0.294300900073722, 0.3111526999855414, 0.32740730000659823, 0.3440456000389531, 0.3603521999903023, 0.37712640000972897, 0.3940211000153795]	237.0	293.0	0.7	19b
76	4	go_nogo	0	60	1	nogo	none	[48.0, 48.0, 66.0, 80.0, 84.0, 88.0, 93.0, 96.0, 100.0, 106.0, 113.0, 117.0, 121.0, 125.0, 130.0, 134.0, 138.0, 150.0, 163.0, 172.0, 178.0, 185.0, 185.0, 185.0, 185.0, 185.0, 185.0, 185.0, 185.0, 185.0, 185.0, 185.0, 185.0, 185.0, 185.0, 185.0, 185.0, 185.0, 185.0, 185.0, 185.0, 185.0, 185.0, 185.0, 185.0, 185.0, 185.0, 185.0, 185.0, 185.0, 185.0, 185.0, 185.0, 185.0, 185.0, 185.0, 185.0, 185.0, 185.0, 185.0, 185.0, 185.0, 185.0, 185.0, 186.0, 186.0, 184.0, 181.0, 175.0, 171.0, 167.0, 160.0, 152.0, 127.0, 114.0, 75.0, 52.0, 31.0, 18.0, 8.0, 0.0, -6.0, -14.0, -19.0, -24.0, -24.0, -26.0, -26.0, -26.0, -26.0, -26.0, -26.0]	[-167.0, -167.0, -60.0, 26.0, 72.0, 103.0, 126.0, 144.0, 159.0, 175.0, 191.0, 199.0, 204.0, 212.0, 220.0, 226.0, 233.0, 245.0, 260.0, 270.0, 281.0, 288.0, 290.0, 290.0, 290.0, 290.0, 290.0, 290.0, 290.0, 290.0, 290.0, 290.0, 290.0, 290.0, 290.0, 290.0, 290.0, 290.0, 290.0, 290.0, 290.0, 290.0, 290.0, 290.0, 290.0, 290.0, 290.0, 290.0, 290.0, 290.0, 290.0, 290.0, 290.0, 290.0, 290.0, 290.0, 290.0, 290.0, 290.0, 290.0, 290.0, 290.0, 290.0, 290.0, 290.0, 285.0, 274.0, 258.0, 240.0, 227.0, 210.0, 179.0, 136.0, 27.0, -25.0, -171.0, -249.0, -308.0, -349.0, -384.0, -415.0, -438.0, -459.0, -478.0, -493.0, -495.0, -498.0, -500.0, -500.0, -500.0, -500.0, -500.0]	[0, 0, 0, 0, 0, 0, 0, 0, 0, 0, 0, 0, 0, 0, 0, 0, 0, 0, 0, 0, 0, 0, 0, 0, 0, 0, 0, 0, 0, 0, 0, 0, 0, 0, 0, 0, 0, 0, 0, 0, 0, 0, 0, 0, 0, 0, 0, 0, 0, 0, 0, 0, 0, 0, 0, 0, 0, 0, 0, 0, 0, 0, 0, 0, 0, 0, 0, 0, 0, 0, 0, 0, 0, 0, 0, 0, 0, 0, 0, 0, 0, 0, 0, 0, 0, 0, 0, 0, 0, 0, 0, 0]	[0, 0, 0, 0, 0, 0, 0, 0, 0, 0, 0, 0, 0, 0, 0, 0, 0, 0, 0, 0, 0, 0, 0, 0, 0, 0, 0, 0, 0, 0, 0, 0, 0, 0, 0, 0, 0, 0, 0, 0, 0, 0, 0, 0, 0, 0, 0, 0, 0, 0, 0, 0, 0, 0, 0, 0, 0, 0, 0, 0, 0, 0, 0, 0, 0, 0, 0, 0, 0, 0, 0, 0, 0, 0, 0, 0, 0, 0, 0, 0, 0, 0, 0, 0, 0, 0, 0, 0, 0, 0, 0, 0]	[0, 0, 0, 0, 0, 0, 0, 0, 0, 0, 0, 0, 0, 0, 0, 0, 0, 0, 0, 0, 0, 0, 0, 0, 0, 0, 0, 0, 0, 0, 0, 0, 0, 0, 0, 0, 0, 0, 0, 0, 0, 0, 0, 0, 0, 0, 0, 0, 0, 0, 0, 0, 0, 0, 0, 0, 0, 0, 0, 0, 0, 0, 0, 0, 0, 0, 0, 0, 0, 0, 0, 0, 0, 0, 0, 0, 0, 0, 0, 0, 0, 0, 0, 0, 0, 0, 0, 0, 0, 0, 0, 0]	[0.00019090005662292242, 0.009089000057429075, 0.025961600011214614, 0.042697800090536475, 0.05885720008518547, 0.07554850005544722, 0.09215280006173998, 0.10893420001957566, 0.1257289000786841, 0.1423124000430107, 0.15870700008235872, 0.1755687000695616, 0.1921987000387162, 0.20876420009881258, 0.22561070008669049, 0.2423070000950247, 0.25893160002306104, 0.2756517000962049, 0.2921809999970719, 0.30882780009415, 0.32554690004326403, 0.3421549000777304, 0.358709100051783, 0.37553880002815276, 0.3921028000768274, 0.40887130005285144, 0.4254792000865564, 0.44196630001533777, 0.4587291000643745, 0.4753457000479102, 0.4920484001049772, 0.5088509001070634, 0.5255315999966115, 0.5420530000701547, 0.5587458000518382, 0.5756782999960706, 0.5921776000177488, 0.6086497000651434, 0.6251102000242099, 0.6421936000697315, 0.65866390010342, 0.6753645000280812, 0.6918207000708207, 0.7083754000486806, 0.7253189000766724, 0.7419226000783965, 0.7584078001091257, 0.775033300044015, 0.7928825000999495, 0.8088263000827283, 0.8254700000397861, 0.8417984000407159, 0.8583433000603691, 0.8752821000525728, 0.8921735000330955, 0.9086861000396311, 0.9251135000959039, 0.9418487000511959, 0.9587971000000834, 0.9752988000400364, 0.99198710010387, 1.0085428000893444, 1.025144400075078, 1.04185540007893, 1.058876600000076, 1.0754090000409633, 1.0922958001028746, 1.1089060000376776, 1.1253346001030877, 1.1419694001087919, 1.1585575001081452, 1.1754055001074448, 1.19199409999419, 1.208644300000742, 1.2254671000409871, 1.242581400088966, 1.2592628001002595, 1.2754350000759587, 1.291946400073357, 1.3086159001104534, 1.3255900000222027, 1.3418412000173703, 1.3586277000140399, 1.375542200054042, 1.3919069000985473, 1.408567300066352, 1.4254853000165895, 1.44170180009678, 1.4586830000625923, 1.4753388999961317, 1.4916920000687242, 1.5085946000181139]	n/a	n/a	1.0	19b
77	4	go_nogo	0	60	8	go	click	[28.0, 28.0, 40.0, 62.0, 91.0, 114.0, 130.0, 144.0, 154.0, 160.0, 164.0, 166.0, 171.0, 172.0, 173.0, 173.0, 173.0, 173.0, 173.0, 173.0, 174.0, 174.0, 174.0, 174.0, 174.0, 174.0, 174.0, 178.0, 180.0, 183.0, 184.0, 185.0, 185.0, 185.0, 185.0, 185.0, 185.0, 185.0, 185.0, 185.0, 185.0, 185.0, 185.0, 185.0, 185.0]	[-244.0, -244.0, -204.0, -107.0, -5.0, 65.0, 105.0, 154.0, 185.0, 202.0, 214.0, 223.0, 237.0, 243.0, 243.0, 243.0, 243.0, 243.0, 243.0, 243.0, 245.0, 245.0, 245.0, 245.0, 245.0, 245.0, 247.0, 256.0, 267.0, 275.0, 281.0, 285.0, 286.0, 286.0, 286.0, 286.0, 286.0, 286.0, 286.0, 286.0, 286.0, 286.0, 286.0, 286.0, 286.0]	[0, 0, 0, 0, 0, 0, 0, 0, 0, 0, 0, 0, 0, 0, 0, 0, 0, 0, 0, 0, 0, 0, 0, 0, 1, 1, 0, 0, 0, 0, 0, 0, 0, 0, 0, 0, 0, 0, 0, 0, 0, 0, 0, 0, 1]	[0, 0, 0, 0, 0, 0, 0, 0, 0, 0, 0, 0, 0, 0, 0, 0, 0, 0, 0, 0, 0, 0, 0, 0, 0, 0, 0, 0, 0, 0, 0, 0, 0, 0, 0, 0, 0, 0, 0, 0, 0, 0, 0, 0, 0]	[0, 0, 0, 0, 0, 0, 0, 0, 0, 0, 0, 0, 0, 0, 0, 0, 0, 0, 0, 0, 0, 0, 0, 0, 0, 0, 0, 0, 0, 0, 0, 0, 0, 0, 0, 0, 0, 0, 0, 0, 0, 0, 0, 0, 0]	[0.00020300003234297037, 0.009571000002324581, 0.026246099965646863, 0.04295060003641993, 0.059713799972087145, 0.076326800044626, 0.09269139997195452, 0.10957580001559108, 0.1259622999932617, 0.1428474000422284, 0.15948539995588362, 0.17632870003581047, 0.1928256000392139, 0.20961959997657686, 0.226195800001733, 0.24257790006231517, 0.25921110005583614, 0.276224400033243, 0.2926950000692159, 0.3095307999756187, 0.325834900024347, 0.34265380003489554, 0.35940109996590763, 0.3759800000116229, 0.39293470000848174, 0.4096397999674082, 0.42596320004668087, 0.4424354999791831, 0.45923679997213185, 0.4759234000230208, 0.4925745000364259, 0.5092072000261396, 0.5256787000689656, 0.5423290999606252, 0.5590369000565261, 0.5757760000415146, 0.5925991999683902, 0.6092734000412747, 0.6259014999959618, 0.6425804999889806, 0.6593768000602722, 0.6758150999667123, 0.692465899977833, 0.7092284000245854, 0.7257239000173286]	185.0	286.0	0.9	19b
78	4	go_nogo	0	60	4	go	click	[52.0, 52.0, 72.0, 126.0, 154.0, 183.0, 204.0, 217.0, 222.0, 224.0, 224.0, 225.0, 225.0, 228.0, 232.0, 234.0, 234.0, 234.0, 234.0, 235.0, 235.0, 235.0]	[-215.0, -215.0, -153.0, -8.0, 86.0, 162.0, 211.0, 238.0, 248.0, 251.0, 253.0, 256.0, 261.0, 275.0, 291.0, 296.0, 297.0, 297.0, 297.0, 300.0, 302.0, 302.0]	[0, 0, 0, 0, 0, 0, 0, 0, 0, 0, 0, 0, 0, 0, 0, 0, 0, 0, 0, 0, 0, 1]	[0, 0, 0, 0, 0, 0, 0, 0, 0, 0, 0, 0, 0, 0, 0, 0, 0, 0, 0, 0, 0, 0]	[0, 0, 0, 0, 0, 0, 0, 0, 0, 0, 0, 0, 0, 0, 0, 0, 0, 0, 0, 0, 0, 0]	[0.00022789998911321163, 0.011042800033465028, 0.027862399932928383, 0.04468159994576126, 0.061302099958993495, 0.0774556000251323, 0.09471199999097735, 0.11104210000485182, 0.12795200000982732, 0.14417290000710636, 0.1610273999394849, 0.17779089999385178, 0.19413339998573065, 0.21079749998170882, 0.22758950002025813, 0.24431530002038926, 0.260648199939169, 0.27739189995918423, 0.2940825999248773, 0.3108627999899909, 0.32732579996809363, 0.344206599984318]	235.0	302.0	0.9	19b
79	4	go_nogo	0	60	6	go	click	[28.0, 46.0, 63.0, 105.0, 131.0, 150.0, 164.0, 176.0, 182.0, 188.0, 192.0, 194.0, 195.0, 196.0, 196.0, 196.0, 196.0, 197.0, 199.0, 199.0, 199.0, 199.0, 199.0, 199.0, 199.0, 199.0, 199.0, 199.0, 199.0, 199.0, 199.0, 199.0, 196.0, 195.0, 195.0, 195.0, 195.0, 195.0, 195.0]	[-200.0, -127.0, -55.0, 65.0, 147.0, 202.0, 248.0, 301.0, 324.0, 341.0, 354.0, 361.0, 364.0, 365.0, 365.0, 365.0, 365.0, 365.0, 365.0, 365.0, 365.0, 365.0, 365.0, 365.0, 365.0, 365.0, 365.0, 365.0, 363.0, 360.0, 354.0, 344.0, 334.0, 330.0, 329.0, 328.0, 328.0, 328.0, 328.0]	[0, 0, 0, 0, 0, 0, 0, 0, 0, 0, 0, 0, 0, 0, 0, 0, 0, 0, 0, 1, 1, 1, 1, 0, 0, 0, 0, 0, 0, 0, 0, 0, 0, 0, 0, 0, 0, 0, 1]	[0, 0, 0, 0, 0, 0, 0, 0, 0, 0, 0, 0, 0, 0, 0, 0, 0, 0, 0, 0, 0, 0, 0, 0, 0, 0, 0, 0, 0, 0, 0, 0, 0, 0, 0, 0, 0, 0, 0]	[0, 0, 0, 0, 0, 0, 0, 0, 0, 0, 0, 0, 0, 0, 0, 0, 0, 0, 0, 0, 0, 0, 0, 0, 0, 0, 0, 0, 0, 0, 0, 0, 0, 0, 0, 0, 0, 0, 0]	[8.089991752058268e-05, 0.01156979997176677, 0.028222499997355044, 0.04483629995957017, 0.0616314000217244, 0.0783985999878496, 0.09485360002145171, 0.11211459990590811, 0.12817489996086806, 0.14502079994417727, 0.1615237999940291, 0.17833609995432198, 0.19482939993031323, 0.21152529993560165, 0.22811969998292625, 0.24491929996293038, 0.26177420001477003, 0.27844919997733086, 0.2948427000083029, 0.31162849999964237, 0.3281090999953449, 0.34477640001568943, 0.3615120999747887, 0.37826899997889996, 0.39455520000774413, 0.4114585999632254, 0.4280350999906659, 0.444902699906379, 0.46157829998992383, 0.47813940001651645, 0.4947142999153584, 0.5119127999059856, 0.5283638999098912, 0.5450079999864101, 0.5615099999122322, 0.5781676999758929, 0.5948126999428496, 0.6113544999388978, 0.6289378999499604]	195.0	328.0	0.8	19b
80	4	go_nogo	0	60	4	go	click	[39.0, 54.0, 72.0, 110.0, 135.0, 150.0, 160.0, 171.0, 176.0, 181.0, 182.0, 185.0, 186.0, 186.0, 186.0, 186.0, 186.0, 187.0, 187.0, 188.0]	[-262.0, -182.0, -98.0, 47.0, 137.0, 205.0, 267.0, 306.0, 319.0, 331.0, 337.0, 342.0, 343.0, 344.0, 344.0, 344.0, 344.0, 344.0, 344.0, 344.0]	[0, 0, 0, 0, 0, 0, 0, 0, 0, 0, 0, 0, 0, 0, 0, 0, 0, 0, 0, 1]	[0, 0, 0, 0, 0, 0, 0, 0, 0, 0, 0, 0, 0, 0, 0, 0, 0, 0, 0, 0]	[0, 0, 0, 0, 0, 0, 0, 0, 0, 0, 0, 0, 0, 0, 0, 0, 0, 0, 0, 0]	[7.189996540546417e-05, 0.011650200001895428, 0.028229599935002625, 0.04515959997661412, 0.06171339994762093, 0.07864869991317391, 0.09506669989787042, 0.11158429994247854, 0.12827309989370406, 0.14684929989743978, 0.16202329995576292, 0.17842649994418025, 0.19502210000064224, 0.21144899993669242, 0.22824539989233017, 0.2447741999058053, 0.26173599995672703, 0.27817599999252707, 0.2950552999973297, 0.3117598999524489]	188.0	344.0	0.6	19b
81	4	go_nogo	0	60	7	go	click	[48.0, 48.0, 59.0, 83.0, 112.0, 130.0, 151.0, 182.0, 202.0, 211.0, 212.0, 212.0, 212.0, 212.0, 212.0, 212.0, 212.0, 212.0, 210.0, 204.0, 196.0, 187.0, 181.0, 180.0, 180.0, 180.0, 180.0]	[-241.0, -241.0, -193.0, -81.0, 32.0, 71.0, 107.0, 150.0, 183.0, 204.0, 212.0, 215.0, 217.0, 218.0, 218.0, 218.0, 218.0, 219.0, 220.0, 226.0, 238.0, 259.0, 276.0, 286.0, 295.0, 300.0, 302.0]	[0, 0, 0, 0, 0, 0, 0, 0, 0, 0, 0, 0, 0, 0, 0, 0, 0, 0, 0, 0, 0, 0, 0, 0, 0, 0, 1]	[0, 0, 0, 0, 0, 0, 0, 0, 0, 0, 0, 0, 0, 0, 0, 0, 0, 0, 0, 0, 0, 0, 0, 0, 0, 0, 0]	[0, 0, 0, 0, 0, 0, 0, 0, 0, 0, 0, 0, 0, 0, 0, 0, 0, 0, 0, 0, 0, 0, 0, 0, 0, 0, 0]	[0.00021349999587982893, 0.011635900009423494, 0.02825440000742674, 0.045542399981059134, 0.06181370001286268, 0.07823730004020035, 0.094761100015603, 0.11157299997285008, 0.12844440003391355, 0.14522790000773966, 0.16173839999828488, 0.1783391999779269, 0.19482440000865608, 0.21154130005743355, 0.22824790002778172, 0.2453535000095144, 0.26183139998465776, 0.2789222999708727, 0.2949676000280306, 0.311735299997963, 0.3280625999905169, 0.34488069999497384, 0.3614386999979615, 0.37803050002548844, 0.39496439998038113, 0.41154420003294945, 0.42847409995738417]	180.0	303.0	0.9	19b
82	4	go_nogo	0	60	4	go	click	[18.0, 18.0, 54.0, 89.0, 121.0, 141.0, 152.0, 160.0, 166.0, 166.0, 168.0, 169.0, 171.0, 172.0, 173.0, 173.0, 173.0, 173.0, 173.0]	[-192.0, -192.0, -66.0, 45.0, 125.0, 176.0, 211.0, 236.0, 254.0, 260.0, 266.0, 273.0, 281.0, 286.0, 286.0, 286.0, 286.0, 286.0, 287.0]	[0, 0, 0, 0, 0, 0, 0, 0, 0, 0, 0, 0, 0, 0, 0, 0, 0, 0, 1]	[0, 0, 0, 0, 0, 0, 0, 0, 0, 0, 0, 0, 0, 0, 0, 0, 0, 0, 0]	[0, 0, 0, 0, 0, 0, 0, 0, 0, 0, 0, 0, 0, 0, 0, 0, 0, 0, 0]	[0.00012720003724098206, 0.01010449999012053, 0.026919999974779785, 0.04353809996973723, 0.06005550001282245, 0.07676289998926222, 0.09341299999505281, 0.11005549994297326, 0.12666900001931936, 0.14361629995983094, 0.1600971999578178, 0.17708279995713383, 0.19382459996268153, 0.21021509997081012, 0.22686249995604157, 0.2433986000251025, 0.259918799973093, 0.27679899998474866, 0.2934370000148192]	173.0	287.0	0.7	19b
83	4	go_nogo	0	60	3	go	click	[15.0, 15.0, 39.0, 67.0, 103.0, 133.0, 157.0, 170.0, 175.0, 175.0, 175.0, 175.0, 175.0, 175.0, 175.0, 175.0, 175.0, 175.0, 175.0, 175.0, 175.0, 175.0]	[-263.0, -263.0, -181.0, -91.0, 5.0, 96.0, 174.0, 223.0, 247.0, 260.0, 269.0, 275.0, 282.0, 284.0, 284.0, 285.0, 285.0, 285.0, 285.0, 285.0, 285.0, 285.0]	[0, 0, 0, 0, 0, 0, 0, 0, 0, 0, 0, 0, 0, 0, 0, 0, 0, 0, 0, 0, 0, 1]	[0, 0, 0, 0, 0, 0, 0, 0, 0, 0, 0, 0, 0, 0, 0, 0, 0, 0, 0, 0, 0, 0]	[0, 0, 0, 0, 0, 0, 0, 0, 0, 0, 0, 0, 0, 0, 0, 0, 0, 0, 0, 0, 0, 0]	[0.0002109999768435955, 0.010813300032168627, 0.027548099984414876, 0.043777900049462914, 0.06021859997417778, 0.0773503000382334, 0.09395340003538877, 0.11049640004057437, 0.1272886999649927, 0.14358799997717142, 0.16019289998803288, 0.17704540002159774, 0.19383699994068593, 0.21014540002215654, 0.22699410002678633, 0.2434903000248596, 0.26024239999242127, 0.27692820003721863, 0.2936663000145927, 0.310518900048919, 0.32692919997498393, 0.34395340003538877]	175.0	285.0	0.7	19b
84	4	go_nogo	0	60	9	nogo	none	[87.0, 87.0, 104.0, 147.0, 203.0, 232.0, 251.0, 263.0, 265.0, 266.0, 266.0, 266.0, 266.0, 266.0, 266.0, 266.0, 264.0, 255.0, 232.0, 197.0, 169.0, 156.0, 154.0, 154.0, 154.0, 154.0, 154.0, 154.0, 154.0, 154.0, 154.0, 154.0, 154.0, 154.0, 154.0, 154.0, 154.0, 154.0, 154.0, 154.0, 154.0, 154.0, 154.0, 154.0, 154.0, 154.0, 154.0, 154.0, 154.0, 154.0, 154.0, 154.0, 154.0, 154.0, 154.0, 154.0, 154.0, 154.0, 154.0, 154.0, 154.0, 154.0, 154.0, 154.0, 154.0]	[-188.0, -188.0, -116.0, 19.0, 172.0, 256.0, 314.0, 343.0, 355.0, 356.0, 356.0, 356.0, 356.0, 356.0, 356.0, 356.0, 350.0, 341.0, 319.0, 289.0, 267.0, 259.0, 258.0, 258.0, 258.0, 258.0, 258.0, 258.0, 258.0, 258.0, 258.0, 258.0, 258.0, 258.0, 258.0, 258.0, 258.0, 258.0, 258.0, 258.0, 258.0, 258.0, 258.0, 258.0, 258.0, 258.0, 258.0, 258.0, 258.0, 258.0, 258.0, 258.0, 258.0, 258.0, 258.0, 258.0, 258.0, 258.0, 258.0, 258.0, 258.0, 258.0, 258.0, 258.0, 258.0]	[0, 0, 0, 0, 0, 0, 0, 0, 0, 0, 0, 0, 0, 0, 0, 0, 0, 0, 0, 0, 0, 0, 0, 0, 0, 0, 0, 0, 0, 0, 0, 0, 0, 0, 0, 0, 0, 0, 0, 0, 0, 0, 0, 0, 0, 0, 0, 0, 0, 0, 0, 0, 0, 0, 0, 0, 0, 0, 0, 0, 0, 0, 0, 0, 0]	[0, 0, 0, 0, 0, 0, 0, 0, 0, 0, 0, 0, 0, 0, 0, 0, 0, 0, 0, 0, 0, 0, 0, 0, 0, 0, 0, 0, 0, 0, 0, 0, 0, 0, 0, 0, 0, 0, 0, 0, 0, 0, 0, 0, 0, 0, 0, 0, 0, 0, 0, 0, 0, 0, 0, 0, 0, 0, 0, 0, 0, 0, 0, 0, 0]	[0, 0, 0, 0, 0, 0, 0, 0, 0, 0, 0, 0, 0, 0, 0, 0, 0, 0, 0, 0, 0, 0, 0, 0, 0, 0, 0, 0, 0, 0, 0, 0, 0, 0, 0, 0, 0, 0, 0, 0, 0, 0, 0, 0, 0, 0, 0, 0, 0, 0, 0, 0, 0, 0, 0, 0, 0, 0, 0, 0, 0, 0, 0, 0, 0]	[0.00018129998352378607, 0.011177000007592142, 0.027873800019733608, 0.044605000060983, 0.06122610007878393, 0.07821140007581562, 0.09462160000111908, 0.11138860008213669, 0.12800530006643385, 0.14475530001800507, 0.16115140006877482, 0.17779990006238222, 0.19467570004053414, 0.21120080002583563, 0.22764409997034818, 0.2446755999699235, 0.26134820003062487, 0.2783181000268087, 0.2953059000428766, 0.31099000002723187, 0.3277796000475064, 0.34462680004071444, 0.361041700001806, 0.37778640002943575, 0.3944716000696644, 0.41154500003904104, 0.42770420003216714, 0.4443466999800876, 0.461324300034903, 0.4776527000358328, 0.4942072000121698, 0.5109473000047728, 0.527582100010477, 0.5444647000404075, 0.5609590000240132, 0.577561300015077, 0.5943366000428796, 0.6109006999759004, 0.6275831999955699, 0.6442292999709025, 0.6611497000558302, 0.677643800037913, 0.694233600050211, 0.7109501999802887, 0.7277477000607178, 0.7442984000081196, 0.7609364000381902, 0.7776556999888271, 0.7944569999817759, 0.8109741000225767, 0.8276300000725314, 0.8442525999853387, 0.8611757999751717, 0.8776796000311151, 0.8942748999688774, 0.9109176000347361, 0.9275080000516027, 0.9441873000469059, 0.9609449000563473, 0.9776423000730574, 0.9942605000687763, 1.010859200032428, 1.0275433000642806, 1.044309000018984, 1.0608784999931231]	n/a	n/a	0.8	19b
85	4	go_nogo	0	60	2	go	click	[66.0, 66.0, 75.0, 97.0, 109.0, 120.0, 128.0, 134.0, 139.0, 143.0, 145.0, 147.0, 148.0, 149.0, 149.0, 149.0, 149.0, 150.0, 152.0, 156.0, 161.0, 165.0, 166.0, 166.0]	[-152.0, -152.0, -82.0, 42.0, 135.0, 191.0, 214.0, 230.0, 243.0, 251.0, 257.0, 259.0, 262.0, 263.0, 263.0, 263.0, 263.0, 264.0, 266.0, 273.0, 279.0, 281.0, 281.0, 281.0]	[0, 0, 0, 0, 0, 0, 0, 0, 0, 0, 0, 0, 0, 0, 0, 0, 0, 0, 0, 0, 0, 0, 0, 1]	[0, 0, 0, 0, 0, 0, 0, 0, 0, 0, 0, 0, 0, 0, 0, 0, 0, 0, 0, 0, 0, 0, 0, 0]	[0, 0, 0, 0, 0, 0, 0, 0, 0, 0, 0, 0, 0, 0, 0, 0, 0, 0, 0, 0, 0, 0, 0, 0]	[0.00020370003767311573, 0.008656800026074052, 0.025779000017791986, 0.042242700001224875, 0.05928229994606227, 0.07559260004200041, 0.09255119995214045, 0.10887670004740357, 0.12557969999033958, 0.14240080001764, 0.15903270000126213, 0.17557540000416338, 0.19231159996706992, 0.20857350004371256, 0.22521449998021126, 0.2420523000182584, 0.25873100000899285, 0.27554760000202805, 0.2920769000193104, 0.3087932999478653, 0.32526419998612255, 0.3419418999692425, 0.35846240003593266, 0.37548299995251]	167.0	281.0	0.8	19b
86	4	go_nogo	0	60	2	go	click	[69.0, 69.0, 84.0, 112.0, 133.0, 149.0, 161.0, 169.0, 172.0, 173.0, 174.0, 175.0, 175.0, 175.0, 175.0, 175.0, 175.0, 175.0, 175.0, 175.0]	[-193.0, -193.0, -48.0, 84.0, 169.0, 223.0, 264.0, 295.0, 310.0, 317.0, 321.0, 325.0, 326.0, 326.0, 326.0, 326.0, 326.0, 326.0, 326.0, 326.0]	[0, 0, 0, 0, 0, 0, 0, 0, 0, 0, 0, 0, 0, 0, 0, 0, 0, 0, 0, 1]	[0, 0, 0, 0, 0, 0, 0, 0, 0, 0, 0, 0, 0, 0, 0, 0, 0, 0, 0, 0]	[0, 0, 0, 0, 0, 0, 0, 0, 0, 0, 0, 0, 0, 0, 0, 0, 0, 0, 0, 0]	[0.00037530006375163794, 0.011673100059852004, 0.027636899962089956, 0.04442190006375313, 0.06107010005507618, 0.07796220004092902, 0.09405840002000332, 0.11085599998477846, 0.12794979999307543, 0.14418299996759742, 0.16131049999967217, 0.1775092000607401, 0.19397570006549358, 0.2106834000442177, 0.22754850005730987, 0.24406339996494353, 0.2607480000006035, 0.27757569996174425, 0.29412660002708435, 0.31086840003263205]	175.0	326.0	0.9	19b
87	4	go_nogo	0	60	7	go	click	[27.0, 42.0, 59.0, 95.0, 150.0, 181.0, 192.0, 203.0, 205.0, 205.0, 206.0, 206.0, 207.0, 207.0, 207.0, 208.0, 208.0, 208.0, 208.0, 208.0, 208.0]	[-278.0, -233.0, -168.0, -8.0, 160.0, 236.0, 263.0, 295.0, 299.0, 301.0, 302.0, 304.0, 305.0, 308.0, 312.0, 316.0, 317.0, 317.0, 317.0, 317.0, 317.0]	[0, 0, 0, 0, 0, 0, 0, 0, 0, 0, 0, 0, 0, 0, 0, 0, 0, 0, 0, 0, 1]	[0, 0, 0, 0, 0, 0, 0, 0, 0, 0, 0, 0, 0, 0, 0, 0, 0, 0, 0, 0, 0]	[0, 0, 0, 0, 0, 0, 0, 0, 0, 0, 0, 0, 0, 0, 0, 0, 0, 0, 0, 0, 0]	[0.00020560005214065313, 0.012185400002636015, 0.028846399975009263, 0.04546010005287826, 0.062210200005210936, 0.07890449999831617, 0.09564640000462532, 0.11301550001371652, 0.1289396999636665, 0.1456627999432385, 0.16234040004201233, 0.17921179998666048, 0.19547399994917214, 0.21216809994075447, 0.2289327000034973, 0.2455000999616459, 0.26210559997707605, 0.27858779998496175, 0.29523469996638596, 0.3121013999916613, 0.32868210005108267]	208.0	317.0	0.5	19b
88	4	go_nogo	0	60	3	go	click	[36.0, 36.0, 46.0, 70.0, 101.0, 136.0, 160.0, 165.0, 166.0, 166.0, 166.0, 166.0, 166.0, 166.0, 166.0, 166.0, 166.0, 166.0, 166.0]	[-229.0, -229.0, -174.0, -62.0, 63.0, 178.0, 254.0, 273.0, 285.0, 289.0, 290.0, 291.0, 292.0, 292.0, 292.0, 292.0, 292.0, 292.0, 292.0]	[0, 0, 0, 0, 0, 0, 0, 0, 0, 0, 0, 0, 0, 0, 0, 0, 0, 0, 1]	[0, 0, 0, 0, 0, 0, 0, 0, 0, 0, 0, 0, 0, 0, 0, 0, 0, 0, 0]	[0, 0, 0, 0, 0, 0, 0, 0, 0, 0, 0, 0, 0, 0, 0, 0, 0, 0, 0]	[0.00020730006508529186, 0.01148400001693517, 0.02803340007085353, 0.044642799999564886, 0.061444299994036555, 0.07791260001249611, 0.09538200008682907, 0.11128830001689494, 0.1283201000187546, 0.14440180000383407, 0.16119090002030134, 0.17794169997796416, 0.19462660001590848, 0.21125550009310246, 0.22776919999159873, 0.24449270009063184, 0.2611013000132516, 0.2777707000495866, 0.2970612000208348]	166.0	292.0	0.8	19b
89	4	go_nogo	0	60	1	nogo	none	[41.0, 41.0, 55.0, 70.0, 74.0, 74.0, 69.0, 69.0, 69.0, 70.0, 71.0, 73.0, 77.0, 84.0, 85.0, 85.0, 85.0, 85.0, 85.0, 86.0, 90.0, 96.0, 107.0, 119.0, 125.0, 127.0, 127.0, 127.0, 127.0, 128.0, 128.0, 128.0, 128.0, 128.0, 128.0, 128.0, 128.0, 128.0, 128.0, 128.0, 128.0, 128.0, 128.0, 128.0, 128.0, 128.0, 128.0, 128.0, 128.0, 128.0, 128.0, 128.0, 128.0, 128.0, 128.0, 128.0, 128.0, 128.0, 128.0, 128.0, 128.0, 128.0, 128.0, 128.0, 128.0, 128.0, 128.0, 128.0, 128.0]	[-202.0, -202.0, -142.0, -48.0, 16.0, 61.0, 100.0, 120.0, 136.0, 149.0, 158.0, 166.0, 177.0, 191.0, 195.0, 195.0, 195.0, 195.0, 195.0, 196.0, 202.0, 210.0, 222.0, 235.0, 241.0, 243.0, 244.0, 245.0, 245.0, 245.0, 245.0, 245.0, 245.0, 245.0, 245.0, 245.0, 245.0, 245.0, 245.0, 245.0, 245.0, 245.0, 245.0, 245.0, 245.0, 245.0, 245.0, 245.0, 245.0, 245.0, 245.0, 245.0, 245.0, 245.0, 245.0, 245.0, 245.0, 245.0, 245.0, 245.0, 245.0, 245.0, 245.0, 245.0, 245.0, 245.0, 245.0, 245.0, 245.0]	[0, 0, 0, 0, 0, 0, 0, 0, 0, 0, 0, 0, 0, 0, 0, 0, 0, 0, 0, 0, 0, 0, 0, 0, 0, 0, 0, 0, 0, 0, 0, 0, 0, 0, 0, 0, 0, 0, 0, 0, 0, 0, 0, 0, 0, 0, 0, 0, 0, 0, 0, 0, 0, 0, 0, 0, 0, 0, 0, 0, 0, 0, 0, 0, 0, 0, 0, 0, 0]	[0, 0, 0, 0, 0, 0, 0, 0, 0, 0, 0, 0, 0, 0, 0, 0, 0, 0, 0, 0, 0, 0, 0, 0, 0, 0, 0, 0, 0, 0, 0, 0, 0, 0, 0, 0, 0, 0, 0, 0, 0, 0, 0, 0, 0, 0, 0, 0, 0, 0, 0, 0, 0, 0, 0, 0, 0, 0, 0, 0, 0, 0, 0, 0, 0, 0, 0, 0, 0]	[0, 0, 0, 0, 0, 0, 0, 0, 0, 0, 0, 0, 0, 0, 0, 0, 0, 0, 0, 0, 0, 0, 0, 0, 0, 0, 0, 0, 0, 0, 0, 0, 0, 0, 0, 0, 0, 0, 0, 0, 0, 0, 0, 0, 0, 0, 0, 0, 0, 0, 0, 0, 0, 0, 0, 0, 0, 0, 0, 0, 0, 0, 0, 0, 0, 0, 0, 0, 0]	[0.00018319999799132347, 0.010370800038799644, 0.027077400009147823, 0.04362030001357198, 0.060294699971564114, 0.07676189998164773, 0.09359840000979602, 0.110473099979572, 0.12686960003338754, 0.1433116999687627, 0.15993089997209609, 0.17673119995743036, 0.19337530003394932, 0.2100396000314504, 0.22645489999558777, 0.24312290002126247, 0.2598806000314653, 0.27672109997365624, 0.2934089000336826, 0.3105204999446869, 0.32698539993725717, 0.3433258000295609, 0.35993080004118383, 0.3767279000021517, 0.3933633000124246, 0.4100927000399679, 0.4269271999364719, 0.44319360004737973, 0.46021269995253533, 0.47687500005122274, 0.493256299989298, 0.5102084999671206, 0.5270763000007719, 0.54326880001463, 0.5600892000366002, 0.5765606999630108, 0.5933547000167891, 0.6098460999783128, 0.6265942000318319, 0.6432443000376225, 0.6598074999637902, 0.6766504000406712, 0.6932772999862209, 0.7098162999609485, 0.7264557000016794, 0.7432895000092685, 0.7598118999740109, 0.7764933999860659, 0.7930670999921858, 0.8099535000510514, 0.8264895000029355, 0.8433615999529138, 0.859923499985598, 0.8765563999768347, 0.8932163999415934, 0.9100811999524012, 0.9263121000258252, 0.9430188999976963, 0.9597327000228688, 0.9763969000196084, 0.9930440000025555, 1.0097524999873713, 1.0260923999594525, 1.0428534999955446, 1.0595103999366984, 1.0761323999613523, 1.0928387000458315, 1.1096843000268564, 1.1264830000000075]	n/a	n/a	1.0	19b
90	4	go_nogo	0	60	8	go	click	[21.0, 21.0, 32.0, 51.0, 63.0, 67.0, 73.0, 76.0, 82.0, 90.0, 93.0, 97.0, 101.0, 108.0, 115.0, 117.0, 117.0, 118.0, 122.0, 129.0, 137.0, 147.0, 158.0, 168.0, 171.0, 172.0]	[-204.0, -204.0, -144.0, -26.0, 60.0, 108.0, 153.0, 173.0, 194.0, 216.0, 225.0, 232.0, 239.0, 250.0, 261.0, 264.0, 264.0, 264.0, 268.0, 272.0, 277.0, 282.0, 287.0, 292.0, 293.0, 294.0]	[0, 0, 0, 0, 0, 0, 0, 0, 0, 0, 0, 0, 0, 0, 0, 0, 0, 0, 0, 0, 0, 0, 0, 0, 0, 1]	[0, 0, 0, 0, 0, 0, 0, 0, 0, 0, 0, 0, 0, 0, 0, 0, 0, 0, 0, 0, 0, 0, 0, 0, 0, 0]	[0, 0, 0, 0, 0, 0, 0, 0, 0, 0, 0, 0, 0, 0, 0, 0, 0, 0, 0, 0, 0, 0, 0, 0, 0, 0]	[0.00020279991440474987, 0.008996799937449396, 0.025600199936889112, 0.042438399977982044, 0.05907289998140186, 0.07581369997933507, 0.09260059997905046, 0.11022649996448308, 0.1261926000006497, 0.14232389989774674, 0.15915289998520166, 0.17579889995977283, 0.19273809995502234, 0.2091495000058785, 0.22588799998629838, 0.24221329996362329, 0.2593669999623671, 0.2757907999912277, 0.2925447999732569, 0.3099779000040144, 0.326408899971284, 0.34207899996545166, 0.359052799991332, 0.3756883000023663, 0.3925278999377042, 0.4093885999172926]	172.0	294.0	0.5	19b
91	4	go_nogo	0	60	4	go	click	[37.0, 37.0, 60.0, 81.0, 100.0, 110.0, 117.0, 121.0, 126.0, 131.0, 135.0, 139.0, 142.0, 146.0, 148.0, 149.0, 151.0, 155.0, 163.0, 167.0, 168.0, 168.0]	[-213.0, -213.0, -109.0, -9.0, 79.0, 133.0, 168.0, 196.0, 223.0, 244.0, 257.0, 271.0, 283.0, 294.0, 302.0, 305.0, 309.0, 320.0, 330.0, 339.0, 340.0, 340.0]	[0, 0, 0, 0, 0, 0, 0, 0, 0, 0, 0, 0, 0, 0, 0, 0, 0, 0, 0, 0, 0, 1]	[0, 0, 0, 0, 0, 0, 0, 0, 0, 0, 0, 0, 0, 0, 0, 0, 0, 0, 0, 0, 0, 0]	[0, 0, 0, 0, 0, 0, 0, 0, 0, 0, 0, 0, 0, 0, 0, 0, 0, 0, 0, 0, 0, 0]	[8.509994950145483e-05, 0.010748400003649294, 0.02700929995626211, 0.043857399956323206, 0.0604015999706462, 0.0769033000105992, 0.09360409993678331, 0.1103179999627173, 0.12722209992352873, 0.14375839999411255, 0.16040849999990314, 0.176922999904491, 0.1941442999523133, 0.21100349992047995, 0.22737559990491718, 0.24354379996657372, 0.2608042999636382, 0.27690489997621626, 0.29356089991051704, 0.3104462999617681, 0.32670279999729246, 0.3439674999099225]	169.0	340.0	0.6	19b
92	4	go_nogo	0	60	7	go	click	[72.0, 72.0, 89.0, 110.0, 118.0, 125.0, 129.0, 135.0, 137.0, 140.0, 143.0, 149.0, 163.0, 182.0, 194.0, 195.0, 195.0, 195.0, 195.0, 195.0, 195.0, 195.0, 195.0]	[-106.0, -106.0, -37.0, 74.0, 132.0, 164.0, 187.0, 211.0, 220.0, 230.0, 236.0, 245.0, 263.0, 289.0, 305.0, 307.0, 307.0, 307.0, 307.0, 307.0, 307.0, 307.0, 307.0]	[0, 0, 0, 0, 0, 0, 0, 0, 0, 0, 0, 0, 0, 0, 0, 0, 0, 0, 0, 0, 0, 0, 1]	[0, 0, 0, 0, 0, 0, 0, 0, 0, 0, 0, 0, 0, 0, 0, 0, 0, 0, 0, 0, 0, 0, 0]	[0, 0, 0, 0, 0, 0, 0, 0, 0, 0, 0, 0, 0, 0, 0, 0, 0, 0, 0, 0, 0, 0, 0]	[0.00023999996483325958, 0.010261500021442771, 0.026875599985942245, 0.04363510000985116, 0.06019999994896352, 0.07700259995181113, 0.09381829993799329, 0.11060230003204197, 0.12663119996432215, 0.14338869997300208, 0.16041050001513213, 0.17687379999551922, 0.1935193999670446, 0.21005919994786382, 0.22682790004182607, 0.2432927000336349, 0.26000619994010776, 0.27674630004912615, 0.29338060005102307, 0.31014800001867115, 0.32669569994322956, 0.34323789994232357, 0.36052139999810606]	195.0	307.0	0.7	19b
93	4	go_nogo	0	60	7	go	click	[36.0, 36.0, 53.0, 58.0, 62.0, 63.0, 65.0, 67.0, 69.0, 71.0, 73.0, 74.0, 75.0, 76.0, 76.0, 78.0, 92.0, 114.0, 131.0, 149.0, 171.0, 186.0, 195.0, 197.0, 197.0, 197.0]	[-59.0, -59.0, 102.0, 210.0, 255.0, 280.0, 296.0, 307.0, 320.0, 329.0, 337.0, 340.0, 343.0, 344.0, 344.0, 344.0, 339.0, 328.0, 317.0, 307.0, 294.0, 289.0, 285.0, 285.0, 285.0, 285.0]	[0, 0, 0, 0, 0, 0, 0, 0, 0, 0, 0, 0, 0, 0, 0, 0, 0, 0, 0, 0, 0, 0, 0, 0, 0, 1]	[0, 0, 0, 0, 0, 0, 0, 0, 0, 0, 0, 0, 0, 0, 0, 0, 0, 0, 0, 0, 0, 0, 0, 0, 0, 0]	[0, 0, 0, 0, 0, 0, 0, 0, 0, 0, 0, 0, 0, 0, 0, 0, 0, 0, 0, 0, 0, 0, 0, 0, 0, 0]	[0.00015219999477267265, 0.012194299953989685, 0.028853900032117963, 0.04533670004457235, 0.062121700029820204, 0.07872899994254112, 0.09521800000220537, 0.11220660002436489, 0.12901439995039254, 0.14543499995488673, 0.16206320002675056, 0.1791475999634713, 0.19545859994832426, 0.21218090003822, 0.228794900001958, 0.24658789997920394, 0.2619062999729067, 0.27886179997585714, 0.29563840001355857, 0.3123395999427885, 0.3287403000285849, 0.3452943000011146, 0.3620584999443963, 0.37877109996043146, 0.39516199997160584, 0.4125454999739304]	197.0	285.0	0.7	19b
94	4	go_nogo	0	60	2	go	click	[122.0, 122.0, 141.0, 171.0, 191.0, 197.0, 202.0, 205.0, 210.0, 211.0, 211.0, 211.0, 211.0, 211.0, 211.0, 211.0, 211.0, 211.0, 211.0, 212.0, 212.0, 212.0]	[-188.0, -188.0, -126.0, -13.0, 79.0, 139.0, 193.0, 222.0, 246.0, 261.0, 264.0, 265.0, 265.0, 265.0, 265.0, 265.0, 265.0, 265.0, 268.0, 275.0, 280.0, 280.0]	[0, 0, 0, 0, 0, 0, 0, 0, 0, 0, 0, 0, 0, 0, 0, 0, 0, 0, 0, 0, 0, 1]	[0, 0, 0, 0, 0, 0, 0, 0, 0, 0, 0, 0, 0, 0, 0, 0, 0, 0, 0, 0, 0, 0]	[0, 0, 0, 0, 0, 0, 0, 0, 0, 0, 0, 0, 0, 0, 0, 0, 0, 0, 0, 0, 0, 0]	[0.00020219990983605385, 0.009225099929608405, 0.026155199971981347, 0.04293649992905557, 0.05995179992169142, 0.07626169989816844, 0.09277609991841018, 0.10948199999984354, 0.12631079996936023, 0.14294219994917512, 0.15977729996666312, 0.1761257000034675, 0.1925664999289438, 0.20921509992331266, 0.2261475999839604, 0.24263559991959482, 0.259217599988915, 0.276175299892202, 0.2927244999445975, 0.30939219996798784, 0.3260251999599859, 0.3429104998940602]	212.0	280.0	0.6	19b
95	4	go_nogo	0	60	6	go	click	[82.0, 82.0, 92.0, 113.0, 136.0, 157.0, 171.0, 179.0, 187.0, 189.0, 191.0, 193.0, 195.0, 196.0, 202.0, 206.0, 211.0, 213.0, 215.0, 216.0, 216.0, 216.0, 216.0]	[-218.0, -218.0, -174.0, -70.0, 30.0, 108.0, 161.0, 195.0, 218.0, 228.0, 235.0, 241.0, 246.0, 253.0, 264.0, 279.0, 291.0, 301.0, 305.0, 306.0, 306.0, 306.0, 306.0]	[0, 0, 0, 0, 0, 0, 0, 0, 0, 0, 0, 0, 0, 0, 0, 0, 0, 0, 0, 0, 0, 0, 1]	[0, 0, 0, 0, 0, 0, 0, 0, 0, 0, 0, 0, 0, 0, 0, 0, 0, 0, 0, 0, 0, 0, 0]	[0, 0, 0, 0, 0, 0, 0, 0, 0, 0, 0, 0, 0, 0, 0, 0, 0, 0, 0, 0, 0, 0, 0]	[0.00019990000873804092, 0.009262399980798364, 0.026225000037811697, 0.042711100075393915, 0.05937520007137209, 0.07588780007790774, 0.09250240004621446, 0.1091109000844881, 0.1255852000322193, 0.1426709999796003, 0.1597451000707224, 0.1758090000366792, 0.1926748000551015, 0.20931439998093992, 0.22583520004991442, 0.2423111000098288, 0.2590240000281483, 0.27564190002158284, 0.29229450004640967, 0.3086898000910878, 0.325338700087741, 0.34219870006199926, 0.3593227000674233]	216.0	306.0	0.5	19b
96	4	go_nogo	0	60	9	nogo	none	[38.0, 38.0, 45.0, 59.0, 72.0, 90.0, 97.0, 104.0, 108.0, 110.0, 112.0, 115.0, 121.0, 130.0, 136.0, 139.0, 142.0, 147.0, 153.0, 161.0, 168.0, 173.0, 175.0, 175.0, 175.0, 175.0, 175.0, 175.0, 175.0, 175.0, 175.0, 175.0, 175.0, 175.0, 175.0, 175.0, 175.0, 175.0, 175.0, 175.0, 175.0, 175.0, 175.0, 175.0, 175.0, 175.0, 175.0, 175.0, 175.0, 175.0, 175.0, 175.0, 175.0, 175.0, 175.0, 175.0, 175.0, 175.0, 175.0, 175.0, 175.0, 175.0, 175.0, 175.0, 175.0]	[-238.0, -238.0, -199.0, -112.0, -22.0, 95.0, 146.0, 171.0, 188.0, 194.0, 199.0, 204.0, 217.0, 233.0, 241.0, 246.0, 249.0, 255.0, 265.0, 276.0, 282.0, 288.0, 290.0, 290.0, 290.0, 290.0, 290.0, 290.0, 290.0, 290.0, 290.0, 290.0, 290.0, 290.0, 290.0, 289.0, 288.0, 287.0, 287.0, 287.0, 287.0, 287.0, 287.0, 287.0, 287.0, 287.0, 287.0, 287.0, 287.0, 287.0, 287.0, 287.0, 287.0, 287.0, 287.0, 287.0, 287.0, 287.0, 287.0, 287.0, 287.0, 287.0, 287.0, 287.0, 287.0]	[0, 0, 0, 0, 0, 0, 0, 0, 0, 0, 0, 0, 0, 0, 0, 0, 0, 0, 0, 0, 0, 0, 0, 0, 0, 0, 0, 0, 0, 0, 0, 0, 0, 0, 0, 0, 0, 0, 0, 0, 0, 0, 0, 0, 0, 0, 0, 0, 0, 0, 0, 0, 0, 0, 0, 0, 0, 0, 0, 0, 0, 0, 0, 0, 0]	[0, 0, 0, 0, 0, 0, 0, 0, 0, 0, 0, 0, 0, 0, 0, 0, 0, 0, 0, 0, 0, 0, 0, 0, 0, 0, 0, 0, 0, 0, 0, 0, 0, 0, 0, 0, 0, 0, 0, 0, 0, 0, 0, 0, 0, 0, 0, 0, 0, 0, 0, 0, 0, 0, 0, 0, 0, 0, 0, 0, 0, 0, 0, 0, 0]	[0, 0, 0, 0, 0, 0, 0, 0, 0, 0, 0, 0, 0, 0, 0, 0, 0, 0, 0, 0, 0, 0, 0, 0, 0, 0, 0, 0, 0, 0, 0, 0, 0, 0, 0, 0, 0, 0, 0, 0, 0, 0, 0, 0, 0, 0, 0, 0, 0, 0, 0, 0, 0, 0, 0, 0, 0, 0, 0, 0, 0, 0, 0, 0, 0]	[0.00020190002396702766, 0.010300899972207844, 0.026618900010362267, 0.04357149999123067, 0.06032899999991059, 0.07763600000180304, 0.09403839998412877, 0.10996320005506277, 0.126757699996233, 0.14345650002360344, 0.15997020003851503, 0.17660000000614673, 0.193190100020729, 0.21043310000095516, 0.22698789997957647, 0.24343779997434467, 0.2602726999903098, 0.277566000004299, 0.29381339997053146, 0.31072790001053363, 0.3265657000010833, 0.34324539999943227, 0.3598144999705255, 0.3764332999708131, 0.3932669999776408, 0.40963730006478727, 0.42635269998572767, 0.4430928999790922, 0.459859500057064, 0.4764765000436455, 0.4930739999981597, 0.5096714000683278, 0.5264846000354737, 0.5429200000362471, 0.559980700025335, 0.5765731000574306, 0.5932990000583231, 0.6099730000132695, 0.6263951000291854, 0.6430103000020608, 0.6596180000342429, 0.676177000044845, 0.6930583000648767, 0.709804099984467, 0.7264717000070959, 0.7429796999786049, 0.7600843000691384, 0.7762858000351116, 0.7929089000681415, 0.8096770000411198, 0.8263909000670537, 0.8431407000171021, 0.8598281000740826, 0.8763231000630185, 0.893334100022912, 0.9101529000326991, 0.9265454000560567, 0.9431675000814721, 0.9598934000823647, 0.9763062000274658, 0.9929834000067785, 1.009669900056906, 1.0265543999848887, 1.0431947000324726, 1.0599399000639096]	n/a	n/a	1.0	19b
97	4	go_nogo	0	60	8	go	click	[-4.0, -4.0, 11.0, 50.0, 98.0, 134.0, 155.0, 171.0, 178.0, 180.0, 181.0, 181.0, 181.0, 181.0, 181.0, 181.0, 181.0, 181.0, 181.0, 181.0, 181.0, 181.0]	[-285.0, -285.0, -202.0, -75.0, 49.0, 145.0, 200.0, 239.0, 260.0, 266.0, 268.0, 268.0, 269.0, 269.0, 269.0, 269.0, 269.0, 269.0, 269.0, 270.0, 270.0, 270.0]	[0, 0, 0, 0, 0, 0, 0, 0, 0, 0, 0, 0, 0, 0, 0, 0, 0, 0, 0, 0, 0, 1]	[0, 0, 0, 0, 0, 0, 0, 0, 0, 0, 0, 0, 0, 0, 0, 0, 0, 0, 0, 0, 0, 0]	[0, 0, 0, 0, 0, 0, 0, 0, 0, 0, 0, 0, 0, 0, 0, 0, 0, 0, 0, 0, 0, 0]	[7.780001033097506e-05, 0.010995600023306906, 0.02757249993737787, 0.044354100013151765, 0.061171700013801455, 0.07752809999510646, 0.09432139992713928, 0.1108146000187844, 0.12768259993754327, 0.14439209992997348, 0.16091719991527498, 0.17764909996185452, 0.1943803000031039, 0.21115190000273287, 0.22762939997483045, 0.24426690000109375, 0.26121809997130185, 0.27749519993085414, 0.29451469995547086, 0.3110453999834135, 0.3277659999439493, 0.3446655999869108]	181.0	270.0	0.8	19b
98	4	go_nogo	0	60	3	go	click	[41.0, 41.0, 70.0, 97.0, 118.0, 143.0, 159.0, 170.0, 174.0, 174.0, 174.0, 174.0, 174.0, 174.0, 174.0, 174.0, 174.0, 174.0, 174.0, 174.0, 174.0, 177.0, 181.0, 184.0, 188.0, 191.0, 192.0, 193.0, 194.0, 194.0]	[-177.0, -177.0, -41.0, 84.0, 191.0, 284.0, 334.0, 362.0, 370.0, 371.0, 371.0, 371.0, 371.0, 371.0, 371.0, 371.0, 371.0, 371.0, 371.0, 371.0, 371.0, 369.0, 361.0, 350.0, 336.0, 327.0, 317.0, 315.0, 312.0, 312.0]	[0, 0, 0, 0, 0, 0, 0, 0, 0, 0, 0, 0, 0, 0, 0, 0, 0, 0, 0, 0, 0, 0, 0, 0, 0, 0, 0, 0, 0, 1]	[0, 0, 0, 0, 0, 0, 0, 0, 0, 0, 0, 0, 0, 0, 0, 0, 0, 0, 0, 0, 0, 0, 0, 0, 0, 0, 0, 0, 0, 0]	[0, 0, 0, 0, 0, 0, 0, 0, 0, 0, 0, 0, 0, 0, 0, 0, 0, 0, 0, 0, 0, 0, 0, 0, 0, 0, 0, 0, 0, 0]	[0.00018880004063248634, 0.010450500063598156, 0.02714150003157556, 0.043463399983011186, 0.06026289996225387, 0.07755980000365525, 0.09370420000050217, 0.11037949996534735, 0.12696879997383803, 0.14355619996786118, 0.1604151000501588, 0.1767280000494793, 0.19349009997677058, 0.21035129996016622, 0.2266759000485763, 0.24356119998265058, 0.2599101000232622, 0.27661439997609705, 0.2933103999821469, 0.31021320004947484, 0.3269284999696538, 0.3434325000271201, 0.36018720001447946, 0.3764509999891743, 0.3932121000252664, 0.4104793999576941, 0.42659559997264296, 0.4434964000247419, 0.4598573000403121, 0.4769810000434518]	194.0	312.0	0.5	19b
99	4	go_nogo	0	60	3	go	click	[63.0, 63.0, 96.0, 133.0, 151.0, 162.0, 167.0, 171.0, 173.0, 174.0, 175.0, 176.0, 177.0, 177.0, 177.0, 177.0, 177.0, 177.0, 177.0, 177.0, 177.0, 179.0, 186.0, 194.0, 200.0, 205.0, 206.0, 206.0, 206.0, 206.0, 206.0, 206.0, 206.0, 206.0, 206.0, 207.0, 207.0, 207.0, 207.0, 207.0]	[-131.0, -131.0, -9.0, 87.0, 141.0, 172.0, 193.0, 206.0, 216.0, 222.0, 227.0, 234.0, 238.0, 239.0, 239.0, 239.0, 239.0, 239.0, 239.0, 239.0, 241.0, 247.0, 265.0, 284.0, 300.0, 316.0, 317.0, 320.0, 320.0, 320.0, 320.0, 320.0, 320.0, 320.0, 320.0, 320.0, 320.0, 320.0, 320.0, 320.0]	[0, 0, 0, 0, 0, 0, 0, 0, 0, 0, 0, 0, 0, 0, 0, 0, 0, 0, 0, 0, 0, 0, 0, 0, 0, 0, 0, 0, 0, 0, 0, 0, 0, 0, 0, 0, 0, 0, 0, 1]	[0, 0, 0, 0, 0, 0, 0, 0, 0, 0, 0, 0, 0, 0, 0, 0, 0, 0, 0, 0, 0, 0, 0, 0, 0, 0, 0, 0, 0, 0, 0, 0, 0, 0, 0, 0, 0, 0, 0, 0]	[0, 0, 0, 0, 0, 0, 0, 0, 0, 0, 0, 0, 0, 0, 0, 0, 0, 0, 0, 0, 0, 0, 0, 0, 0, 0, 0, 0, 0, 0, 0, 0, 0, 0, 0, 0, 0, 0, 0, 0]	[0.0003277999348938465, 0.010380299994722009, 0.027616199920885265, 0.04380919993855059, 0.06021639995742589, 0.07730519992765039, 0.09338380000554025, 0.11056139995343983, 0.12688669993076473, 0.14341529994271696, 0.16023839998524636, 0.17679039994254708, 0.1936328000156209, 0.21013229992240667, 0.22670150001067668, 0.24349239992443472, 0.2601198999909684, 0.27672580000944436, 0.29334480001125485, 0.31018499995116144, 0.3270739000290632, 0.3434832999482751, 0.3605612999526784, 0.3768603999633342, 0.3934031999669969, 0.41025690000969917, 0.42673639999702573, 0.44335930002853274, 0.45999240002129227, 0.47681509994436055, 0.49319299997296184, 0.5099585999269038, 0.526750799966976, 0.5432229000143707, 0.5601416999706998, 0.5765960999997333, 0.5932378999423236, 0.6102077999385074, 0.6265887999907136, 0.6431740999687463]	207.0	320.0	1.0	19b
100	4	go_nogo	0	60	9	nogo	none	[-5.0, -5.0, 27.0, 56.0, 80.0, 92.0, 103.0, 113.0, 118.0, 119.0, 123.0, 123.0, 125.0, 125.0, 125.0, 125.0, 125.0, 127.0, 128.0, 132.0, 136.0, 138.0, 138.0, 138.0, 138.0, 138.0, 138.0, 138.0, 138.0, 138.0, 138.0, 138.0, 138.0, 138.0, 138.0, 138.0, 138.0, 138.0, 138.0, 138.0, 138.0, 138.0, 138.0, 138.0, 138.0, 138.0, 138.0, 138.0, 138.0, 138.0, 138.0, 138.0, 138.0, 138.0, 138.0, 138.0, 138.0, 138.0, 138.0, 138.0, 138.0, 138.0, 138.0, 138.0]	[-255.0, -255.0, -153.0, -48.0, 34.0, 90.0, 156.0, 215.0, 243.0, 258.0, 267.0, 273.0, 279.0, 280.0, 280.0, 280.0, 280.0, 280.0, 280.0, 280.0, 280.0, 280.0, 280.0, 280.0, 280.0, 280.0, 280.0, 280.0, 280.0, 280.0, 280.0, 280.0, 280.0, 280.0, 280.0, 280.0, 280.0, 280.0, 280.0, 280.0, 280.0, 280.0, 280.0, 280.0, 280.0, 280.0, 280.0, 280.0, 280.0, 280.0, 280.0, 280.0, 280.0, 280.0, 280.0, 280.0, 280.0, 280.0, 280.0, 280.0, 280.0, 280.0, 280.0, 280.0]	[0, 0, 0, 0, 0, 0, 0, 0, 0, 0, 0, 0, 0, 0, 0, 0, 0, 0, 0, 0, 0, 0, 0, 0, 0, 0, 0, 0, 0, 0, 0, 0, 0, 0, 0, 0, 0, 0, 0, 0, 0, 0, 0, 0, 0, 0, 0, 0, 0, 0, 0, 0, 0, 0, 0, 0, 0, 0, 0, 0, 0, 0, 0, 0]	[0, 0, 0, 0, 0, 0, 0, 0, 0, 0, 0, 0, 0, 0, 0, 0, 0, 0, 0, 0, 0, 0, 0, 0, 0, 0, 0, 0, 0, 0, 0, 0, 0, 0, 0, 0, 0, 0, 0, 0, 0, 0, 0, 0, 0, 0, 0, 0, 0, 0, 0, 0, 0, 0, 0, 0, 0, 0, 0, 0, 0, 0, 0, 0]	[0, 0, 0, 0, 0, 0, 0, 0, 0, 0, 0, 0, 0, 0, 0, 0, 0, 0, 0, 0, 0, 0, 0, 0, 0, 0, 0, 0, 0, 0, 0, 0, 0, 0, 0, 0, 0, 0, 0, 0, 0, 0, 0, 0, 0, 0, 0, 0, 0, 0, 0, 0, 0, 0, 0, 0, 0, 0, 0, 0, 0, 0, 0, 0]	[0.00011899997480213642, 0.011757500004023314, 0.027813400025479496, 0.04422190005425364, 0.0610360000282526, 0.07774300000164658, 0.09442410001065582, 0.11126559996046126, 0.12783210002817214, 0.14442759996745735, 0.16097079997416586, 0.1778191999765113, 0.19437759998254478, 0.21079829998780042, 0.22769630001857877, 0.24412080005276948, 0.2609093999490142, 0.27764740004204214, 0.2944757000077516, 0.3108555000508204, 0.32748149998951703, 0.3439617999829352, 0.36082389997318387, 0.37768579996190965, 0.3942784999962896, 0.4109267999883741, 0.4274256000062451, 0.4442726999986917, 0.4609696000115946, 0.4774699000408873, 0.4942747000604868, 0.5107399000553414, 0.5276396999834105, 0.5442541999509558, 0.5607582000084221, 0.5773354000411928, 0.5941808000206947, 0.6107655999949202, 0.627401000005193, 0.6440304999705404, 0.6608402000274509, 0.6771868000505492, 0.6940669999457896, 0.710652400040999, 0.7274382000323385, 0.7440143000567332, 0.7606015000492334, 0.7773441000608727, 0.7939703000010923, 0.8105913000181317, 0.8274959999835119, 0.8442285000346601, 0.8606466000201181, 0.8775211999891326, 0.893977600033395, 0.9105311000021175, 0.9272942000534385, 0.9438907000003383, 0.9606086000567302, 0.9773183000506833, 0.993855300010182, 1.0104786000447348, 1.0272088999627158, 1.043755599996075]	n/a	n/a	0.8	19b
101	4	go_nogo	0	60	7	go	click	[85.0, 85.0, 115.0, 142.0, 156.0, 170.0, 178.0, 187.0, 193.0, 197.0, 199.0, 203.0, 213.0, 217.0, 218.0, 218.0, 218.0, 218.0, 218.0, 218.0, 218.0, 218.0, 218.0]	[-173.0, -173.0, -86.0, 0.0, 91.0, 138.0, 169.0, 196.0, 215.0, 223.0, 231.0, 242.0, 270.0, 284.0, 284.0, 284.0, 284.0, 284.0, 284.0, 285.0, 286.0, 286.0, 286.0]	[0, 0, 0, 0, 0, 0, 0, 0, 0, 0, 0, 0, 0, 0, 0, 0, 0, 0, 0, 0, 0, 0, 1]	[0, 0, 0, 0, 0, 0, 0, 0, 0, 0, 0, 0, 0, 0, 0, 0, 0, 0, 0, 0, 0, 0, 0]	[0, 0, 0, 0, 0, 0, 0, 0, 0, 0, 0, 0, 0, 0, 0, 0, 0, 0, 0, 0, 0, 0, 0]	[0.0002581999870017171, 0.00978459999896586, 0.02608199999667704, 0.042666599969379604, 0.059325900045223534, 0.07611010002437979, 0.09273569996003062, 0.10955779999494553, 0.1259732999606058, 0.14293109998106956, 0.1591908000409603, 0.17624679999426007, 0.19306069996673614, 0.20928800001274794, 0.22588729998096824, 0.24265160004142672, 0.2593426000094041, 0.275978000019677, 0.29270830005407333, 0.30945930001325905, 0.3257836999837309, 0.3425740000093356, 0.3595026000402868]	218.0	286.0	0.5	19b
102	4	go_nogo	0	60	1	nogo	none	[37.0, 37.0, 88.0, 126.0, 155.0, 171.0, 179.0, 184.0, 187.0, 188.0, 188.0, 188.0, 191.0, 197.0, 199.0, 199.0, 199.0, 199.0, 199.0, 199.0, 199.0, 199.0, 199.0, 199.0, 199.0, 199.0, 199.0, 199.0, 199.0, 199.0, 199.0, 199.0, 199.0, 199.0, 199.0, 199.0, 199.0, 199.0, 199.0, 199.0, 199.0, 199.0, 199.0, 199.0, 199.0, 199.0, 199.0, 199.0, 199.0, 199.0, 199.0, 199.0, 199.0, 199.0, 199.0, 199.0, 199.0, 199.0]	[-176.0, -176.0, -17.0, 98.0, 174.0, 228.0, 256.0, 274.0, 285.0, 289.0, 289.0, 289.0, 296.0, 313.0, 320.0, 320.0, 320.0, 320.0, 320.0, 320.0, 320.0, 320.0, 320.0, 320.0, 320.0, 320.0, 320.0, 319.0, 319.0, 319.0, 319.0, 319.0, 319.0, 319.0, 319.0, 319.0, 319.0, 319.0, 319.0, 319.0, 319.0, 319.0, 319.0, 319.0, 319.0, 319.0, 319.0, 319.0, 319.0, 319.0, 319.0, 319.0, 319.0, 319.0, 319.0, 319.0, 319.0, 319.0]	[0, 0, 0, 0, 0, 0, 0, 0, 0, 0, 0, 0, 0, 0, 0, 0, 0, 0, 0, 0, 0, 0, 0, 0, 0, 0, 0, 0, 0, 0, 0, 0, 0, 0, 0, 0, 0, 0, 0, 0, 0, 0, 0, 0, 0, 0, 0, 0, 0, 0, 0, 0, 0, 0, 0, 0, 0, 0]	[0, 0, 0, 0, 0, 0, 0, 0, 0, 0, 0, 0, 0, 0, 0, 0, 0, 0, 0, 0, 0, 0, 0, 0, 0, 0, 0, 0, 0, 0, 0, 0, 0, 0, 0, 0, 0, 0, 0, 0, 0, 0, 0, 0, 0, 0, 0, 0, 0, 0, 0, 0, 0, 0, 0, 0, 0, 0]	[0, 0, 0, 0, 0, 0, 0, 0, 0, 0, 0, 0, 0, 0, 0, 0, 0, 0, 0, 0, 0, 0, 0, 0, 0, 0, 0, 0, 0, 0, 0, 0, 0, 0, 0, 0, 0, 0, 0, 0, 0, 0, 0, 0, 0, 0, 0, 0, 0, 0, 0, 0, 0, 0, 0, 0, 0, 0]	[0.0002226999495178461, 0.01210299995727837, 0.028250499977730215, 0.044740800047293305, 0.061352299991995096, 0.07826440001372248, 0.09501169994473457, 0.11164490005467087, 0.12829450005665421, 0.14477799995802343, 0.16160370002035052, 0.1786458999849856, 0.1951567999785766, 0.21193290001247078, 0.22806140000466257, 0.24485749995801598, 0.2614843000192195, 0.27824240003246814, 0.2947308999719098, 0.3114328000228852, 0.3281722000101581, 0.3447696999646723, 0.36174490000121295, 0.37817000003997236, 0.3948202000465244, 0.4115096000023186, 0.42824719997588545, 0.4450815999880433, 0.4614615000318736, 0.47785400005523115, 0.4947235999861732, 0.5113493000390008, 0.5278614000417292, 0.5445639999816194, 0.5612457999959588, 0.5778504000045359, 0.5945380999473855, 0.611236699973233, 0.6281201000092551, 0.6445315999444574, 0.66121499997098, 0.6782902999548241, 0.6947038000216708, 0.7114802000578493, 0.7278771999990568, 0.7448271999601275, 0.7614455999573693, 0.7778251999989152, 0.794509100029245, 0.8115199999883771, 0.8280473999911919, 0.844602599972859, 0.8612928000511602, 0.8778724999865517, 0.8945543000008911, 0.9110813000006601, 0.9277791000204161, 0.944572199950926]	n/a	n/a	0.6	19b
103	4	go_nogo	0	60	4	go	click	[67.0, 67.0, 94.0, 114.0, 125.0, 132.0, 136.0, 141.0, 144.0, 146.0, 152.0, 157.0, 160.0, 162.0, 162.0, 162.0, 162.0, 162.0, 162.0, 164.0, 169.0, 175.0, 179.0, 180.0, 181.0]	[-180.0, -180.0, -60.0, 28.0, 80.0, 115.0, 141.0, 162.0, 179.0, 192.0, 214.0, 233.0, 244.0, 246.0, 247.0, 247.0, 247.0, 247.0, 247.0, 250.0, 260.0, 268.0, 273.0, 273.0, 273.0]	[0, 0, 0, 0, 0, 0, 0, 0, 0, 0, 0, 0, 0, 0, 0, 0, 0, 0, 0, 0, 0, 0, 0, 0, 1]	[0, 0, 0, 0, 0, 0, 0, 0, 0, 0, 0, 0, 0, 0, 0, 0, 0, 0, 0, 0, 0, 0, 0, 0, 0]	[0, 0, 0, 0, 0, 0, 0, 0, 0, 0, 0, 0, 0, 0, 0, 0, 0, 0, 0, 0, 0, 0, 0, 0, 0]	[9.280000813305378e-05, 0.010453899973072112, 0.027065200032666326, 0.04479169996920973, 0.06033450004179031, 0.07713390002027154, 0.09367049997672439, 0.11072160000912845, 0.12702130002435297, 0.14389559999108315, 0.16093140002340078, 0.17719459999352694, 0.19408549997024238, 0.21073619998060167, 0.22697890002746135, 0.24379920004867017, 0.26037709997035563, 0.2770409999648109, 0.2936045000096783, 0.3105424999957904, 0.32693800004199147, 0.34389589994680136, 0.3604180000256747, 0.37709379999432713, 0.39374700002372265]	181.0	273.0	0.5	19b
104	4	go_nogo	0	60	1	nogo	none	[54.0, 54.0, 61.0, 80.0, 121.0, 161.0, 180.0, 197.0, 209.0, 219.0, 224.0, 228.0, 230.0, 230.0, 230.0, 230.0, 230.0, 230.0, 230.0, 230.0, 230.0, 230.0, 230.0, 230.0, 230.0, 230.0, 230.0, 230.0, 230.0, 230.0, 230.0, 230.0, 230.0, 230.0, 230.0, 230.0, 230.0, 230.0, 230.0, 230.0, 230.0, 230.0, 230.0, 230.0, 230.0, 230.0, 230.0, 230.0, 230.0, 230.0, 230.0, 230.0, 230.0, 230.0, 230.0, 230.0, 230.0]	[-257.0, -257.0, -214.0, -103.0, 47.0, 155.0, 217.0, 277.0, 312.0, 341.0, 358.0, 368.0, 374.0, 377.0, 378.0, 378.0, 379.0, 379.0, 379.0, 379.0, 379.0, 379.0, 379.0, 379.0, 379.0, 379.0, 379.0, 379.0, 379.0, 379.0, 379.0, 379.0, 379.0, 379.0, 379.0, 379.0, 379.0, 379.0, 379.0, 379.0, 379.0, 379.0, 379.0, 379.0, 379.0, 379.0, 379.0, 379.0, 379.0, 379.0, 379.0, 379.0, 379.0, 379.0, 379.0, 379.0, 379.0]	[0, 0, 0, 0, 0, 0, 0, 0, 0, 0, 0, 0, 0, 0, 0, 0, 0, 0, 0, 0, 0, 0, 0, 0, 0, 0, 0, 0, 0, 0, 0, 0, 0, 0, 0, 0, 0, 0, 0, 0, 0, 0, 0, 0, 0, 0, 0, 0, 0, 0, 0, 0, 0, 0, 0, 0, 0]	[0, 0, 0, 0, 0, 0, 0, 0, 0, 0, 0, 0, 0, 0, 0, 0, 0, 0, 0, 0, 0, 0, 0, 0, 0, 0, 0, 0, 0, 0, 0, 0, 0, 0, 0, 0, 0, 0, 0, 0, 0, 0, 0, 0, 0, 0, 0, 0, 0, 0, 0, 0, 0, 0, 0, 0, 0]	[0, 0, 0, 0, 0, 0, 0, 0, 0, 0, 0, 0, 0, 0, 0, 0, 0, 0, 0, 0, 0, 0, 0, 0, 0, 0, 0, 0, 0, 0, 0, 0, 0, 0, 0, 0, 0, 0, 0, 0, 0, 0, 0, 0, 0, 0, 0, 0, 0, 0, 0, 0, 0, 0, 0, 0, 0]	[0.00019580009393393993, 0.010898200096562505, 0.02733300009276718, 0.04414500005077571, 0.06089370010886341, 0.07766830001492053, 0.09401900006923825, 0.11089140002150089, 0.12749330000951886, 0.14417040010448545, 0.1606962000951171, 0.1774394999956712, 0.1944268000079319, 0.21090430009644479, 0.22756170004140586, 0.2441908000037074, 0.26064850005786866, 0.27713880001101643, 0.2938856000546366, 0.31048810004722327, 0.32729390007443726, 0.343922600033693, 0.36063520004972816, 0.3772190000163391, 0.3938735000556335, 0.4105586000951007, 0.42720580007880926, 0.4440009000245482, 0.460566500085406, 0.47727630008012056, 0.4939155000029132, 0.5105978000210598, 0.5273013000842184, 0.5438554000575095, 0.5605408000992611, 0.5771899000974372, 0.5938853000989184, 0.6104500000365078, 0.627043400076218, 0.6439562001032755, 0.6605631000129506, 0.6772312000393867, 0.6938725000945851, 0.7104865000583231, 0.7272742000641301, 0.7439869000809267, 0.7603312000865117, 0.777108300011605, 0.7938162001082674, 0.8105069000739604, 0.8272079000016674, 0.8439666000194848, 0.8605054999934509, 0.8771332000615075, 0.8938304000766948, 0.9106085000094026, 0.9273485000012442]	n/a	n/a	1.0	19b
105	4	go_nogo	0	60	4	go	click	[10.0, 10.0, 34.0, 62.0, 88.0, 112.0, 158.0, 193.0, 208.0, 217.0, 222.0, 223.0, 223.0, 223.0, 223.0, 223.0, 223.0, 223.0, 223.0, 222.0, 222.0, 222.0, 222.0, 222.0]	[-244.0, -244.0, -166.0, -91.0, -16.0, 52.0, 157.0, 241.0, 275.0, 295.0, 306.0, 309.0, 312.0, 313.0, 314.0, 314.0, 314.0, 315.0, 319.0, 324.0, 325.0, 325.0, 325.0, 325.0]	[0, 0, 0, 0, 0, 0, 0, 0, 0, 0, 0, 0, 0, 0, 0, 0, 0, 0, 0, 0, 0, 0, 0, 1]	[0, 0, 0, 0, 0, 0, 0, 0, 0, 0, 0, 0, 0, 0, 0, 0, 0, 0, 0, 0, 0, 0, 0, 0]	[0, 0, 0, 0, 0, 0, 0, 0, 0, 0, 0, 0, 0, 0, 0, 0, 0, 0, 0, 0, 0, 0, 0, 0]	[0.00018960004672408104, 0.010426900000311434, 0.026683400035835803, 0.04378150007687509, 0.060556699987500906, 0.07694950001314282, 0.09351060003973544, 0.11045410006772727, 0.12700189999304712, 0.14377870003227144, 0.16040160006377846, 0.1769013999728486, 0.19348640006501228, 0.2101447000168264, 0.22685630002524704, 0.24354880000464618, 0.26031619997229427, 0.27694750006776303, 0.29329439997673035, 0.31006100005470216, 0.32655880006495863, 0.34318279998842627, 0.35996680008247495, 0.3767165000317618]	222.0	325.0	0.6	19b
106	4	go_nogo	0	60	6	go	click	[18.0, 18.0, 41.0, 61.0, 78.0, 91.0, 105.0, 114.0, 120.0, 124.0, 128.0, 133.0, 138.0, 142.0, 144.0, 144.0, 144.0, 144.0, 144.0, 145.0, 145.0, 145.0, 145.0, 146.0, 146.0, 146.0, 147.0, 147.0, 147.0, 147.0, 147.0, 147.0, 147.0, 147.0, 147.0, 148.0, 150.0, 152.0, 155.0, 157.0, 157.0, 157.0, 157.0, 158.0, 160.0, 160.0, 163.0]	[-241.0, -241.0, -145.0, -53.0, 35.0, 106.0, 155.0, 182.0, 201.0, 218.0, 229.0, 245.0, 257.0, 264.0, 267.0, 268.0, 268.0, 268.0, 268.0, 269.0, 270.0, 270.0, 270.0, 271.0, 271.0, 271.0, 272.0, 273.0, 274.0, 274.0, 274.0, 274.0, 274.0, 274.0, 273.0, 270.0, 268.0, 267.0, 266.0, 265.0, 264.0, 264.0, 264.0, 264.0, 263.0, 262.0, 261.0]	[0, 0, 0, 0, 0, 0, 0, 0, 0, 0, 0, 0, 0, 0, 0, 0, 0, 0, 0, 0, 0, 0, 0, 1, 1, 0, 0, 0, 0, 0, 0, 0, 0, 0, 0, 0, 0, 0, 0, 0, 0, 0, 0, 0, 0, 0, 1]	[0, 0, 0, 0, 0, 0, 0, 0, 0, 0, 0, 0, 0, 0, 0, 0, 0, 0, 0, 0, 0, 0, 0, 0, 0, 0, 0, 0, 0, 0, 0, 0, 0, 0, 0, 0, 0, 0, 0, 0, 0, 0, 0, 0, 0, 0, 0]	[0, 0, 0, 0, 0, 0, 0, 0, 0, 0, 0, 0, 0, 0, 0, 0, 0, 0, 0, 0, 0, 0, 0, 0, 0, 0, 0, 0, 0, 0, 0, 0, 0, 0, 0, 0, 0, 0, 0, 0, 0, 0, 0, 0, 0, 0, 0]	[0.0002017999067902565, 0.011729999911040068, 0.02741249999962747, 0.0442431999836117, 0.06077139999251813, 0.07760509999934584, 0.09426129993516952, 0.11097259994130582, 0.1276181999128312, 0.14425849996041507, 0.16090919997077435, 0.17751049995422363, 0.19421119999606162, 0.2107687999960035, 0.22769239998888224, 0.24420690000988543, 0.2606118000112474, 0.2773728999309242, 0.2940602999879047, 0.31075539998710155, 0.3274114999221638, 0.3445920000085607, 0.36117249995004386, 0.3774332999018952, 0.39398649998474866, 0.411128000007011, 0.4275298999855295, 0.44404269999358803, 0.46094999997876585, 0.4775286999065429, 0.49418659997172654, 0.5108371999813244, 0.5273037999868393, 0.5443030999740586, 0.5610232999315485, 0.5779287999030203, 0.5942144999280572, 0.6108799999346957, 0.6272991999285296, 0.643999099964276, 0.6606164999539033, 0.6771795999957249, 0.6940422999905422, 0.7108400999568403, 0.7274557999335229, 0.7438766999403015, 0.760611999896355]	163.0	261.0	0.9	19b
107	4	go_nogo	0	60	3	go	click	[85.0, 85.0, 92.0, 109.0, 128.0, 147.0, 156.0, 165.0, 167.0, 168.0, 170.0, 171.0, 172.0, 174.0, 174.0, 174.0, 174.0, 174.0, 176.0, 182.0, 185.0, 190.0, 193.0, 195.0, 196.0, 198.0, 200.0, 201.0, 203.0, 206.0, 207.0, 207.0, 207.0]	[-227.0, -227.0, -195.0, -108.0, -28.0, 31.0, 58.0, 80.0, 89.0, 97.0, 103.0, 109.0, 118.0, 124.0, 127.0, 128.0, 129.0, 132.0, 145.0, 180.0, 214.0, 249.0, 273.0, 286.0, 295.0, 304.0, 311.0, 318.0, 330.0, 343.0, 350.0, 350.0, 350.0]	[0, 0, 0, 0, 0, 0, 0, 0, 0, 0, 0, 0, 0, 0, 0, 0, 0, 0, 0, 0, 0, 0, 0, 0, 0, 0, 0, 0, 0, 0, 0, 0, 1]	[0, 0, 0, 0, 0, 0, 0, 0, 0, 0, 0, 0, 0, 0, 0, 0, 0, 0, 0, 0, 0, 0, 0, 0, 0, 0, 0, 0, 0, 0, 0, 0, 0]	[0, 0, 0, 0, 0, 0, 0, 0, 0, 0, 0, 0, 0, 0, 0, 0, 0, 0, 0, 0, 0, 0, 0, 0, 0, 0, 0, 0, 0, 0, 0, 0, 0]	[0.0002253999700769782, 0.010764100006781518, 0.02772959996946156, 0.04387950000818819, 0.06087569997180253, 0.0773999000666663, 0.09416290000081062, 0.11066060001030564, 0.12748959998134524, 0.14431840006727725, 0.1612347000045702, 0.1776153000537306, 0.19395250000525266, 0.21054510003887117, 0.22745130001567304, 0.24397680000402033, 0.26074629998765886, 0.27735450002364814, 0.29394940007478, 0.31072770000901073, 0.32751119998283684, 0.34415490005631, 0.3609940999886021, 0.3772328000050038, 0.39408930006902665, 0.4107254999689758, 0.42729400005191565, 0.4439135000575334, 0.46054990007542074, 0.47718990000430495, 0.4936847999924794, 0.5102569999871776, 0.5269780000671744]	207.0	350.0	0.8	19b
108	4	go_nogo	0	60	2	go	click	[61.0, 61.0, 89.0, 116.0, 145.0, 158.0, 168.0, 177.0, 183.0, 187.0, 189.0, 195.0, 201.0, 203.0, 203.0, 203.0, 203.0, 203.0, 203.0, 203.0, 203.0, 203.0]	[-190.0, -190.0, -58.0, 55.0, 131.0, 166.0, 193.0, 217.0, 236.0, 249.0, 265.0, 280.0, 297.0, 305.0, 307.0, 307.0, 307.0, 307.0, 307.0, 307.0, 307.0, 307.0]	[0, 0, 0, 0, 0, 0, 0, 0, 0, 0, 0, 0, 0, 0, 0, 0, 0, 0, 0, 0, 0, 1]	[0, 0, 0, 0, 0, 0, 0, 0, 0, 0, 0, 0, 0, 0, 0, 0, 0, 0, 0, 0, 0, 0]	[0, 0, 0, 0, 0, 0, 0, 0, 0, 0, 0, 0, 0, 0, 0, 0, 0, 0, 0, 0, 0, 0]	[8.060003165155649e-05, 0.011414999957196414, 0.027894899947568774, 0.04483309993520379, 0.061214899993501604, 0.07812510000076145, 0.0946807999862358, 0.11130450002383441, 0.12830290000420064, 0.14498089998960495, 0.16193790000397712, 0.17839789995923638, 0.19470170000568032, 0.21133079996798187, 0.22786009998526424, 0.2446141999680549, 0.2611791000235826, 0.278131700004451, 0.2946053999476135, 0.31124690000433475, 0.328028199961409, 0.34485410002525896]	203.0	307.0	0.7	19b
109	4	go_nogo	0	60	3	go	click	[6.0, 6.0, 44.0, 80.0, 108.0, 125.0, 144.0, 168.0, 187.0, 197.0, 201.0, 202.0, 203.0, 203.0, 203.0, 203.0, 203.0, 202.0, 199.0, 195.0, 193.0, 190.0, 190.0, 190.0, 190.0, 190.0, 190.0]	[-272.0, -272.0, -161.0, -65.0, -7.0, 31.0, 68.0, 122.0, 170.0, 199.0, 214.0, 225.0, 230.0, 234.0, 235.0, 236.0, 236.0, 240.0, 249.0, 262.0, 272.0, 278.0, 279.0, 279.0, 279.0, 279.0, 279.0]	[0, 0, 0, 0, 0, 0, 0, 0, 0, 0, 0, 0, 0, 0, 0, 0, 0, 0, 0, 0, 0, 0, 0, 0, 0, 0, 1]	[0, 0, 0, 0, 0, 0, 0, 0, 0, 0, 0, 0, 0, 0, 0, 0, 0, 0, 0, 0, 0, 0, 0, 0, 0, 0, 0]	[0, 0, 0, 0, 0, 0, 0, 0, 0, 0, 0, 0, 0, 0, 0, 0, 0, 0, 0, 0, 0, 0, 0, 0, 0, 0, 0]	[7.51999905332923e-05, 0.01102889992762357, 0.02723040001001209, 0.043866599909961224, 0.06046549999155104, 0.07724679994862527, 0.09396329999435693, 0.11059369996655732, 0.12716259993612766, 0.14387899998109788, 0.16047929995693266, 0.17718739993870258, 0.1939259999198839, 0.2103746000211686, 0.22707349993288517, 0.2436207999708131, 0.26052699994761497, 0.2771500999806449, 0.29382029990665615, 0.3104253999190405, 0.32719719992019236, 0.3438515999587253, 0.3601935999467969, 0.3768701999215409, 0.3933677999302745, 0.41013719991315156, 0.4267920999554917]	190.0	279.0	0.5	19b
110	4	go_nogo	0	60	8	go	click	[44.0, 44.0, 58.0, 87.0, 107.0, 123.0, 129.0, 133.0, 134.0, 136.0, 136.0, 138.0, 140.0, 144.0, 148.0, 154.0, 155.0, 163.0, 167.0, 173.0, 178.0, 182.0, 189.0, 191.0, 192.0]	[-147.0, -147.0, -83.0, 31.0, 93.0, 144.0, 165.0, 178.0, 187.0, 193.0, 196.0, 204.0, 214.0, 225.0, 238.0, 250.0, 253.0, 263.0, 270.0, 279.0, 285.0, 295.0, 307.0, 315.0, 315.0]	[0, 0, 0, 0, 0, 0, 0, 0, 0, 0, 0, 0, 0, 0, 0, 0, 0, 0, 0, 0, 0, 0, 0, 0, 1]	[0, 0, 0, 0, 0, 0, 0, 0, 0, 0, 0, 0, 0, 0, 0, 0, 0, 0, 0, 0, 0, 0, 0, 0, 0]	[0, 0, 0, 0, 0, 0, 0, 0, 0, 0, 0, 0, 0, 0, 0, 0, 0, 0, 0, 0, 0, 0, 0, 0, 0]	[0.00017819995991885662, 0.011984899989329278, 0.02849269995931536, 0.04536069999448955, 0.06202539999503642, 0.07924989995080978, 0.09614889998920262, 0.11185549991205335, 0.12846229993738234, 0.14500029990449548, 0.16162589995656163, 0.17859379993751645, 0.19538719998672605, 0.21176149998791516, 0.22862589999567717, 0.24519149994011968, 0.26191349991131574, 0.27898009994532913, 0.29520439996849746, 0.31220739998389035, 0.32867699989583343, 0.34526939992792904, 0.3615585999796167, 0.3784826999763027, 0.39516179997008294]	192.0	315.0	0.6	19b
111	4	go_nogo	0	60	2	go	click	[5.0, 5.0, 23.0, 40.0, 71.0, 102.0, 123.0, 139.0, 150.0, 156.0, 160.0, 164.0, 168.0, 173.0, 174.0, 174.0, 174.0, 174.0, 174.0, 174.0, 174.0, 174.0, 174.0, 174.0, 175.0, 179.0, 181.0, 184.0, 185.0]	[-298.0, -298.0, -221.0, -130.0, -32.0, 41.0, 90.0, 125.0, 154.0, 173.0, 193.0, 204.0, 217.0, 233.0, 237.0, 237.0, 237.0, 237.0, 237.0, 237.0, 237.0, 244.0, 248.0, 250.0, 254.0, 262.0, 273.0, 290.0, 298.0]	[0, 0, 0, 0, 0, 0, 0, 0, 0, 0, 0, 0, 0, 0, 0, 0, 0, 0, 0, 0, 0, 0, 0, 0, 0, 0, 0, 0, 1]	[0, 0, 0, 0, 0, 0, 0, 0, 0, 0, 0, 0, 0, 0, 0, 0, 0, 0, 0, 0, 0, 0, 0, 0, 0, 0, 0, 0, 0]	[0, 0, 0, 0, 0, 0, 0, 0, 0, 0, 0, 0, 0, 0, 0, 0, 0, 0, 0, 0, 0, 0, 0, 0, 0, 0, 0, 0, 0]	[8.789997082203627e-05, 0.01195960002951324, 0.028399599948897958, 0.04545849992427975, 0.06192529993131757, 0.07860619993880391, 0.09522439993452281, 0.11195849999785423, 0.12847110000438988, 0.14532240002881736, 0.16199489997234195, 0.1787804999621585, 0.19523489999119192, 0.2117997999303043, 0.2283556000329554, 0.2449975999770686, 0.26177610002923757, 0.27829489996656775, 0.2949404999380931, 0.3115642999764532, 0.3284655000315979, 0.3450993000296876, 0.3617551999632269, 0.3786298999330029, 0.3952964999480173, 0.411955300020054, 0.42885399993974715, 0.4453114999923855, 0.46187959995586425]	185.0	298.0	0.5	19b
112	4	go_nogo	0	60	8	go	click	[55.0, 55.0, 67.0, 102.0, 124.0, 161.0, 176.0, 188.0, 196.0, 198.0, 198.0, 198.0, 198.0, 199.0, 200.0, 200.0, 200.0, 200.0, 200.0, 200.0, 200.0, 200.0]	[-228.0, -228.0, -187.0, -50.0, 8.0, 139.0, 195.0, 238.0, 258.0, 264.0, 266.0, 266.0, 266.0, 269.0, 271.0, 272.0, 272.0, 272.0, 272.0, 272.0, 272.0, 272.0]	[0, 0, 0, 0, 0, 0, 0, 0, 0, 0, 0, 0, 0, 0, 0, 0, 0, 0, 0, 0, 0, 1]	[0, 0, 0, 0, 0, 0, 0, 0, 0, 0, 0, 0, 0, 0, 0, 0, 0, 0, 0, 0, 0, 0]	[0, 0, 0, 0, 0, 0, 0, 0, 0, 0, 0, 0, 0, 0, 0, 0, 0, 0, 0, 0, 0, 0]	[0.0002177999122068286, 0.012044199975207448, 0.028604999999515712, 0.045199799933470786, 0.06220629997551441, 0.07853279996197671, 0.09550419996958226, 0.11236569995526224, 0.12860519997775555, 0.14543909998610616, 0.16203659994062036, 0.17871309991460294, 0.19557709991931915, 0.21210769994650036, 0.228893099934794, 0.2451910999370739, 0.2618637999985367, 0.2784569999203086, 0.295261999941431, 0.3118549999780953, 0.3285721999127418, 0.3455125999171287]	200.0	272.0	0.5	19b
113	4	go_nogo	0	60	1	nogo	none	[72.0, 72.0, 96.0, 125.0, 141.0, 160.0, 171.0, 178.0, 181.0, 184.0, 184.0, 184.0, 184.0, 185.0, 185.0, 185.0, 185.0, 185.0, 185.0, 185.0, 185.0, 185.0, 185.0, 185.0, 185.0, 185.0, 185.0, 185.0, 185.0, 185.0, 185.0, 185.0, 185.0, 185.0, 185.0, 185.0, 185.0, 185.0, 185.0, 185.0, 185.0, 185.0, 185.0, 185.0, 185.0, 185.0, 185.0, 185.0, 185.0, 185.0, 185.0, 185.0, 185.0, 185.0, 185.0, 185.0, 185.0, 185.0, 185.0, 185.0, 185.0, 185.0, 185.0, 185.0, 185.0]	[-230.0, -230.0, -130.0, -16.0, 59.0, 114.0, 153.0, 187.0, 213.0, 228.0, 231.0, 233.0, 241.0, 252.0, 257.0, 258.0, 258.0, 258.0, 261.0, 267.0, 273.0, 278.0, 279.0, 280.0, 280.0, 280.0, 280.0, 280.0, 280.0, 280.0, 280.0, 280.0, 280.0, 280.0, 280.0, 280.0, 280.0, 280.0, 280.0, 280.0, 280.0, 280.0, 280.0, 280.0, 280.0, 280.0, 280.0, 280.0, 280.0, 280.0, 280.0, 280.0, 280.0, 280.0, 280.0, 280.0, 280.0, 280.0, 280.0, 280.0, 280.0, 280.0, 280.0, 280.0, 280.0]	[0, 0, 0, 0, 0, 0, 0, 0, 0, 0, 0, 0, 0, 0, 0, 0, 0, 0, 0, 0, 0, 0, 0, 0, 0, 0, 0, 0, 0, 0, 0, 0, 0, 0, 0, 0, 0, 0, 0, 0, 0, 0, 0, 0, 0, 0, 0, 0, 0, 0, 0, 0, 0, 0, 0, 0, 0, 0, 0, 0, 0, 0, 0, 0, 0]	[0, 0, 0, 0, 0, 0, 0, 0, 0, 0, 0, 0, 0, 0, 0, 0, 0, 0, 0, 0, 0, 0, 0, 0, 0, 0, 0, 0, 0, 0, 0, 0, 0, 0, 0, 0, 0, 0, 0, 0, 0, 0, 0, 0, 0, 0, 0, 0, 0, 0, 0, 0, 0, 0, 0, 0, 0, 0, 0, 0, 0, 0, 0, 0, 0]	[0, 0, 0, 0, 0, 0, 0, 0, 0, 0, 0, 0, 0, 0, 0, 0, 0, 0, 0, 0, 0, 0, 0, 0, 0, 0, 0, 0, 0, 0, 0, 0, 0, 0, 0, 0, 0, 0, 0, 0, 0, 0, 0, 0, 0, 0, 0, 0, 0, 0, 0, 0, 0, 0, 0, 0, 0, 0, 0, 0, 0, 0, 0, 0, 0]	[0.0002044999273493886, 0.011516699916683137, 0.02778419991955161, 0.04421830002684146, 0.06105629994999617, 0.077621900010854, 0.0943952000234276, 0.11075829993933439, 0.1276110999751836, 0.14440039999317378, 0.16101919999346137, 0.1776626999489963, 0.194120500003919, 0.21152779995463789, 0.22754589992109686, 0.2440059999935329, 0.26088650000747293, 0.2776105999946594, 0.2941865000175312, 0.3108591999625787, 0.3276763999601826, 0.3445866999682039, 0.36125439999159425, 0.3774643000215292, 0.39405619993340224, 0.41068989993073046, 0.42759039998054504, 0.4441314999712631, 0.4607037999667227, 0.47754240001086146, 0.4940508999861777, 0.510625800001435, 0.527256999979727, 0.5441484999610111, 0.5609480999410152, 0.5773074999451637, 0.5940785999409854, 0.6108940999256447, 0.6276421999791637, 0.6444820000324398, 0.6606473999563605, 0.6773950000060722, 0.6940047999378294, 0.710694000008516, 0.7273791999323294, 0.7439331000205129, 0.7605383999180049, 0.7776515999576077, 0.7938529999228194, 0.8108103999402374, 0.827344199991785, 0.8439879999496043, 0.8605723999207839, 0.8771658999612555, 0.8940381000284106, 0.9104922999395058, 0.927191499969922, 0.9437906999373809, 0.960718399961479, 0.9773338999366388, 0.9940424999222159, 1.0106198999565095, 1.0272260999772698, 1.044369600014761, 1.060615299968049]	n/a	n/a	0.6	19b
114	4	go_nogo	0	60	8	go	click	[44.0, 44.0, 89.0, 147.0, 187.0, 217.0, 232.0, 244.0, 252.0, 254.0, 255.0, 255.0, 255.0, 255.0, 255.0, 255.0, 255.0, 255.0, 255.0, 255.0, 249.0, 241.0, 234.0, 229.0, 227.0, 226.0, 226.0]	[-262.0, -262.0, -108.0, 64.0, 171.0, 237.0, 277.0, 312.0, 337.0, 347.0, 352.0, 352.0, 353.0, 355.0, 355.0, 355.0, 355.0, 355.0, 355.0, 355.0, 343.0, 323.0, 306.0, 296.0, 292.0, 290.0, 288.0]	[0, 0, 0, 0, 0, 0, 0, 0, 0, 0, 0, 0, 0, 0, 0, 0, 0, 0, 0, 0, 0, 0, 0, 0, 0, 0, 1]	[0, 0, 0, 0, 0, 0, 0, 0, 0, 0, 0, 0, 0, 0, 0, 0, 0, 0, 0, 0, 0, 0, 0, 0, 0, 0, 0]	[0, 0, 0, 0, 0, 0, 0, 0, 0, 0, 0, 0, 0, 0, 0, 0, 0, 0, 0, 0, 0, 0, 0, 0, 0, 0, 0]	[7.720000576227903e-05, 0.011639999924227595, 0.027983999927528203, 0.044771899934858084, 0.06139039993286133, 0.07837839995045215, 0.09503860003314912, 0.11141759995371103, 0.1279779999749735, 0.14479059993755072, 0.16134929994586855, 0.17822689993772656, 0.1951498999260366, 0.21142249996773899, 0.2280059999320656, 0.24470559996552765, 0.2614604999544099, 0.27799319999758154, 0.2949975000228733, 0.311670699971728, 0.3285385000053793, 0.34464759996626526, 0.3617888999870047, 0.3781298999674618, 0.3946808000328019, 0.4113166999304667, 0.428063299972564]	226.0	288.0	0.9	19b
115	5	go_nogo	0	60	4	go	click	[48.0, 48.0, 61.0, 71.0, 76.0, 84.0, 87.0, 91.0, 94.0, 94.0, 95.0, 95.0, 96.0, 98.0, 98.0, 98.0, 98.0, 98.0, 102.0, 110.0, 127.0, 145.0, 166.0, 186.0, 197.0, 198.0, 198.0]	[-255.0, -255.0, -153.0, -56.0, 43.0, 105.0, 147.0, 194.0, 225.0, 239.0, 247.0, 252.0, 269.0, 273.0, 274.0, 274.0, 274.0, 272.0, 271.0, 271.0, 278.0, 289.0, 298.0, 309.0, 316.0, 316.0, 317.0]	[0, 0, 0, 0, 0, 0, 0, 0, 0, 0, 0, 0, 0, 0, 0, 0, 0, 0, 0, 0, 0, 0, 0, 0, 0, 0, 1]	[0, 0, 0, 0, 0, 0, 0, 0, 0, 0, 0, 0, 0, 0, 0, 0, 0, 0, 0, 0, 0, 0, 0, 0, 0, 0, 0]	[0, 0, 0, 0, 0, 0, 0, 0, 0, 0, 0, 0, 0, 0, 0, 0, 0, 0, 0, 0, 0, 0, 0, 0, 0, 0, 0]	[8.340005297213793e-05, 0.011238700011745095, 0.02747179998550564, 0.04443170002195984, 0.061079800012521446, 0.07786429999396205, 0.09477830003015697, 0.11104039999190718, 0.12784900004044175, 0.14437310001812875, 0.16110549995210022, 0.17781519994605333, 0.19457679998595268, 0.21086069999728352, 0.2274077000329271, 0.24397830001544207, 0.2609340000199154, 0.2776742000132799, 0.2944343000417575, 0.31117680005263537, 0.3277574999956414, 0.3443059000419453, 0.36129829997662455, 0.3777600999455899, 0.3944862999487668, 0.41125859995372593, 0.42784040002152324]	198.0	317.0	1.0	19b
116	5	go_nogo	0	60	9	nogo	none	[69.0, 69.0, 77.0, 99.0, 116.0, 130.0, 136.0, 146.0, 149.0, 157.0, 161.0, 164.0, 167.0, 170.0, 171.0, 171.0, 171.0, 171.0, 171.0, 171.0, 172.0, 173.0, 173.0, 173.0, 173.0, 173.0, 173.0, 173.0, 173.0, 173.0, 173.0, 173.0, 173.0, 173.0, 173.0, 173.0, 173.0, 173.0, 173.0, 173.0, 173.0, 173.0, 173.0, 173.0, 173.0, 173.0, 173.0, 173.0, 173.0, 173.0, 173.0, 173.0, 173.0, 173.0, 173.0, 173.0, 173.0, 173.0, 173.0, 173.0, 173.0, 173.0, 173.0, 173.0, 173.0]	[-234.0, -234.0, -171.0, -44.0, 40.0, 92.0, 127.0, 168.0, 200.0, 229.0, 244.0, 253.0, 265.0, 275.0, 276.0, 276.0, 276.0, 276.0, 276.0, 276.0, 277.0, 280.0, 281.0, 281.0, 281.0, 282.0, 282.0, 282.0, 282.0, 282.0, 282.0, 282.0, 282.0, 282.0, 282.0, 282.0, 282.0, 282.0, 282.0, 282.0, 282.0, 282.0, 282.0, 282.0, 282.0, 282.0, 282.0, 282.0, 282.0, 282.0, 282.0, 282.0, 282.0, 282.0, 282.0, 282.0, 282.0, 282.0, 282.0, 282.0, 282.0, 282.0, 282.0, 282.0, 282.0]	[0, 0, 0, 0, 0, 0, 0, 0, 0, 0, 0, 0, 0, 0, 0, 0, 0, 0, 0, 0, 0, 0, 0, 0, 0, 0, 0, 0, 0, 0, 0, 0, 0, 0, 0, 0, 0, 0, 0, 0, 0, 0, 0, 0, 0, 0, 0, 0, 0, 0, 0, 0, 0, 0, 0, 0, 0, 0, 0, 0, 0, 0, 0, 0, 0]	[0, 0, 0, 0, 0, 0, 0, 0, 0, 0, 0, 0, 0, 0, 0, 0, 0, 0, 0, 0, 0, 0, 0, 0, 0, 0, 0, 0, 0, 0, 0, 0, 0, 0, 0, 0, 0, 0, 0, 0, 0, 0, 0, 0, 0, 0, 0, 0, 0, 0, 0, 0, 0, 0, 0, 0, 0, 0, 0, 0, 0, 0, 0, 0, 0]	[0, 0, 0, 0, 0, 0, 0, 0, 0, 0, 0, 0, 0, 0, 0, 0, 0, 0, 0, 0, 0, 0, 0, 0, 0, 0, 0, 0, 0, 0, 0, 0, 0, 0, 0, 0, 0, 0, 0, 0, 0, 0, 0, 0, 0, 0, 0, 0, 0, 0, 0, 0, 0, 0, 0, 0, 0, 0, 0, 0, 0, 0, 0, 0, 0]	[0.0001821999903768301, 0.010467699961736798, 0.027315099956467748, 0.04380710003897548, 0.060393900028429925, 0.07705439999699593, 0.09437359997536987, 0.11110490001738071, 0.12766040000133216, 0.14379859995096922, 0.16059740004129708, 0.17707199999131262, 0.19385749998036772, 0.2103903000243008, 0.22693849995266646, 0.24392320006154478, 0.2603019999805838, 0.2767751000355929, 0.29372720001265407, 0.3105369999539107, 0.3277228999650106, 0.3440060999710113, 0.360502399969846, 0.37708959996234626, 0.3937123999930918, 0.41063090006355196, 0.4269709000363946, 0.44381470000371337, 0.46038409997709095, 0.476936100050807, 0.49357289995532483, 0.5103354000020772, 0.5269539000000805, 0.5436070000287145, 0.5602109000319615, 0.5769012999953702, 0.5936623000307009, 0.6101753000402823, 0.6269638000521809, 0.6435888999840245, 0.6602896000258625, 0.6768268999876454, 0.6937209999887273, 0.7102009999798611, 0.7270369000034407, 0.7435573999537155, 0.760092300013639, 0.7768748999806121, 0.7934759999625385, 0.810195800033398, 0.8268069999758154, 0.8434828000608832, 0.8601874000160024, 0.8768595999572426, 0.8934931999538094, 0.9101426999550313, 0.9267503999872133, 0.9435101000126451, 0.9601236999733374, 0.976861400064081, 0.9935675000306219, 1.0101422000443563, 1.0268345000222325, 1.0433424999937415, 1.0601205000421032]	n/a	n/a	0.5	19b
117	5	go_nogo	0	60	4	go	click	[46.0, 46.0, 73.0, 145.0, 173.0, 186.0, 197.0, 206.0, 214.0, 217.0, 218.0, 219.0, 222.0, 232.0, 242.0, 242.0, 242.0, 242.0, 242.0, 242.0, 242.0, 242.0, 242.0, 242.0, 242.0, 242.0, 242.0, 242.0, 239.0, 235.0, 234.0, 233.0, 231.0, 231.0, 231.0, 231.0, 230.0, 230.0, 230.0, 230.0, 230.0]	[-129.0, -129.0, -44.0, 166.0, 224.0, 253.0, 273.0, 290.0, 301.0, 307.0, 311.0, 312.0, 319.0, 340.0, 367.0, 368.0, 368.0, 368.0, 368.0, 368.0, 368.0, 368.0, 368.0, 368.0, 368.0, 368.0, 368.0, 367.0, 360.0, 351.0, 342.0, 335.0, 331.0, 330.0, 329.0, 329.0, 328.0, 328.0, 328.0, 328.0, 328.0]	[0, 0, 0, 0, 0, 0, 0, 0, 0, 0, 0, 0, 0, 0, 0, 0, 0, 0, 0, 0, 1, 1, 1, 0, 0, 0, 0, 0, 0, 0, 0, 0, 0, 0, 0, 0, 0, 0, 0, 0, 1]	[0, 0, 0, 0, 0, 0, 0, 0, 0, 0, 0, 0, 0, 0, 0, 0, 0, 0, 0, 0, 0, 0, 0, 0, 0, 0, 0, 0, 0, 0, 0, 0, 0, 0, 0, 0, 0, 0, 0, 0, 0]	[0, 0, 0, 0, 0, 0, 0, 0, 0, 0, 0, 0, 0, 0, 0, 0, 0, 0, 0, 0, 0, 0, 0, 0, 0, 0, 0, 0, 0, 0, 0, 0, 0, 0, 0, 0, 0, 0, 0, 0, 0]	[0.00019589997828006744, 0.010695299948565662, 0.027179699973203242, 0.04417080001439899, 0.06067429995164275, 0.07754269998986274, 0.0943992999382317, 0.11091069993562996, 0.1272591999731958, 0.14409710001200438, 0.16064759995788336, 0.1775829999241978, 0.19413540000095963, 0.21087989991065115, 0.227504099952057, 0.2442227000137791, 0.26070360001176596, 0.2771964999847114, 0.29364869999699295, 0.310261599952355, 0.32756060000974685, 0.3438412999967113, 0.3604259999701753, 0.3775458999443799, 0.3938602999551222, 0.4105713999597356, 0.42717109993100166, 0.44404719991143793, 0.4612220999551937, 0.477439499925822, 0.4936670999741182, 0.5105735999532044, 0.5269542000023648, 0.5443802999798208, 0.560345400008373, 0.5772101999027655, 0.5937910999637097, 0.6107299999566749, 0.6271044999593869, 0.6437148000113666, 0.6607241999590769]	230.0	328.0	0.6	19b
118	5	go_nogo	0	60	1	nogo	none	[61.0, 91.0, 121.0, 171.0, 190.0, 199.0, 203.0, 206.0, 211.0, 214.0, 217.0, 218.0, 218.0, 218.0, 218.0, 218.0, 218.0, 218.0, 218.0, 218.0, 218.0]	[-193.0, -111.0, -33.0, 106.0, 168.0, 201.0, 226.0, 258.0, 287.0, 309.0, 321.0, 325.0, 326.0, 327.0, 327.0, 327.0, 327.0, 327.0, 327.0, 327.0, 327.0]	[0, 0, 0, 0, 0, 0, 0, 0, 0, 0, 0, 0, 0, 0, 0, 0, 0, 0, 0, 0, 1]	[0, 0, 0, 0, 0, 0, 0, 0, 0, 0, 0, 0, 0, 0, 0, 0, 0, 0, 0, 0, 0]	[0, 0, 0, 0, 0, 0, 0, 0, 0, 0, 0, 0, 0, 0, 0, 0, 0, 0, 0, 0, 0]	[9.910005610436201e-05, 0.012549200095236301, 0.02905260003171861, 0.04566360008902848, 0.06230560003314167, 0.07895750005263835, 0.09591460006777197, 0.1123794000595808, 0.1291232000803575, 0.14566150004975498, 0.1625121000688523, 0.17936460010241717, 0.19603770005051047, 0.21277220000047237, 0.2293622000142932, 0.2461668000323698, 0.2626667000586167, 0.279279200010933, 0.2960131000727415, 0.3127811000449583, 0.32924190000630915]	218.0	327.0	0.5	19b
119	5	go_nogo	0	60	3	go	click	[69.0, 69.0, 79.0, 104.0, 125.0, 134.0, 138.0, 141.0, 143.0, 143.0, 143.0, 143.0, 143.0, 143.0, 143.0, 143.0, 143.0, 150.0, 174.0, 200.0, 215.0, 223.0, 226.0, 227.0, 227.0]	[-196.0, -196.0, -144.0, -4.0, 219.0, 288.0, 317.0, 339.0, 346.0, 347.0, 347.0, 348.0, 349.0, 349.0, 349.0, 348.0, 344.0, 338.0, 324.0, 311.0, 306.0, 302.0, 300.0, 300.0, 300.0]	[0, 0, 0, 0, 0, 0, 0, 0, 0, 0, 0, 0, 0, 0, 0, 0, 0, 0, 0, 0, 0, 0, 0, 0, 1]	[0, 0, 0, 0, 0, 0, 0, 0, 0, 0, 0, 0, 0, 0, 0, 0, 0, 0, 0, 0, 0, 0, 0, 0, 0]	[0, 0, 0, 0, 0, 0, 0, 0, 0, 0, 0, 0, 0, 0, 0, 0, 0, 0, 0, 0, 0, 0, 0, 0, 0]	[0.0002454998902976513, 0.012316799955442548, 0.028370399959385395, 0.04550699994433671, 0.06241969997063279, 0.07928399997763336, 0.09547989990096539, 0.11184919998049736, 0.1289384999545291, 0.14520839997567236, 0.1620311998995021, 0.17887919989880174, 0.19516609993297607, 0.21190109988674521, 0.22861149988602847, 0.2453872999176383, 0.26224969991017133, 0.27877669990994036, 0.2953953999094665, 0.31210699991788715, 0.3286459998926148, 0.3453541999915615, 0.36212239996530116, 0.37907049991190434, 0.39538319990970194]	227.0	300.0	0.7	19b
120	5	go_nogo	0	60	2	go	click	[40.0, 40.0, 64.0, 87.0, 109.0, 129.0, 137.0, 143.0, 144.0, 148.0, 150.0, 152.0, 156.0, 162.0, 164.0, 164.0, 164.0, 166.0, 172.0, 181.0, 189.0, 195.0, 200.0, 206.0, 210.0, 215.0, 217.0, 217.0, 217.0]	[-285.0, -285.0, -226.0, -151.0, -59.0, 26.0, 60.0, 97.0, 107.0, 127.0, 136.0, 147.0, 162.0, 176.0, 180.0, 180.0, 180.0, 183.0, 193.0, 210.0, 233.0, 250.0, 265.0, 281.0, 296.0, 306.0, 311.0, 312.0, 312.0]	[0, 0, 0, 0, 0, 0, 0, 0, 0, 0, 0, 0, 0, 0, 0, 0, 0, 0, 0, 0, 0, 0, 0, 0, 0, 0, 0, 0, 1]	[0, 0, 0, 0, 0, 0, 0, 0, 0, 0, 0, 0, 0, 0, 0, 0, 0, 0, 0, 0, 0, 0, 0, 0, 0, 0, 0, 0, 0]	[0, 0, 0, 0, 0, 0, 0, 0, 0, 0, 0, 0, 0, 0, 0, 0, 0, 0, 0, 0, 0, 0, 0, 0, 0, 0, 0, 0, 0]	[9.180000051856041e-05, 0.012484000064432621, 0.029116300051100552, 0.04563599999528378, 0.06242430000565946, 0.07897929998580366, 0.09574140002951026, 0.11240700003691018, 0.1292706000385806, 0.14657370001077652, 0.1626090999925509, 0.17928609997034073, 0.19599310006015003, 0.21234359999652952, 0.22890029998961836, 0.2454964000498876, 0.26257739996071905, 0.279142800020054, 0.29592619999311864, 0.3128497999859974, 0.32916219998151064, 0.34581640001852065, 0.36284580000210553, 0.3790191999869421, 0.3956103000091389, 0.41232380003202707, 0.4289326999569312, 0.44560900004580617, 0.46219039999414235]	217.0	312.0	0.7	19b
121	5	go_nogo	0	60	2	go	click	[56.0, 56.0, 78.0, 119.0, 147.0, 167.0, 182.0, 195.0, 209.0, 216.0, 220.0, 226.0, 230.0, 233.0, 233.0, 233.0, 233.0, 233.0, 233.0, 233.0, 233.0]	[-173.0, -173.0, -115.0, -3.0, 95.0, 164.0, 210.0, 240.0, 268.0, 284.0, 299.0, 316.0, 329.0, 335.0, 336.0, 336.0, 336.0, 336.0, 336.0, 336.0, 336.0]	[0, 0, 0, 0, 0, 0, 0, 0, 0, 0, 0, 0, 0, 0, 0, 0, 0, 0, 0, 0, 1]	[0, 0, 0, 0, 0, 0, 0, 0, 0, 0, 0, 0, 0, 0, 0, 0, 0, 0, 0, 0, 0]	[0, 0, 0, 0, 0, 0, 0, 0, 0, 0, 0, 0, 0, 0, 0, 0, 0, 0, 0, 0, 0]	[0.0003651999868452549, 0.012269000057131052, 0.02859800006262958, 0.045352700049988925, 0.061817700043320656, 0.07849620003253222, 0.09518800000660121, 0.11218330007977784, 0.12920309999026358, 0.1457703000633046, 0.1618290999904275, 0.17860840004868805, 0.19545690005179495, 0.21212679997552186, 0.22852560004685074, 0.24504639999940991, 0.26190899999346584, 0.2784710000269115, 0.29504540003836155, 0.31179860001429915, 0.3283839999930933]	233.0	336.0	1.0	19b
122	5	go_nogo	0	60	4	go	click	[34.0, 55.0, 78.0, 112.0, 137.0, 158.0, 180.0, 199.0, 217.0, 225.0, 232.0, 236.0, 240.0, 242.0, 242.0, 242.0, 242.0, 242.0, 242.0, 242.0, 242.0, 242.0, 242.0, 243.0, 243.0, 243.0, 243.0, 243.0, 241.0, 235.0, 229.0, 226.0, 224.0, 224.0, 224.0, 224.0, 224.0]	[-237.0, -183.0, -125.0, -22.0, 68.0, 149.0, 212.0, 260.0, 310.0, 333.0, 351.0, 364.0, 377.0, 381.0, 382.0, 382.0, 382.0, 382.0, 382.0, 382.0, 382.0, 382.0, 382.0, 384.0, 385.0, 385.0, 385.0, 385.0, 377.0, 354.0, 333.0, 322.0, 316.0, 315.0, 315.0, 315.0, 315.0]	[0, 0, 0, 0, 0, 0, 0, 0, 0, 0, 0, 0, 0, 0, 0, 0, 0, 0, 0, 1, 1, 1, 1, 0, 0, 0, 0, 0, 0, 0, 0, 0, 0, 0, 0, 0, 1]	[0, 0, 0, 0, 0, 0, 0, 0, 0, 0, 0, 0, 0, 0, 0, 0, 0, 0, 0, 0, 0, 0, 0, 0, 0, 0, 0, 0, 0, 0, 0, 0, 0, 0, 0, 0, 0]	[0, 0, 0, 0, 0, 0, 0, 0, 0, 0, 0, 0, 0, 0, 0, 0, 0, 0, 0, 0, 0, 0, 0, 0, 0, 0, 0, 0, 0, 0, 0, 0, 0, 0, 0, 0, 0]	[8.809997234493494e-05, 0.01192840002477169, 0.028500600019469857, 0.04532529995776713, 0.0619357000105083, 0.07869679993018508, 0.09520809992682189, 0.11192379996646196, 0.1286603999324143, 0.1453706999309361, 0.16221219999715686, 0.17858559999149293, 0.19540590001270175, 0.21191620000172406, 0.228400900028646, 0.2452173000201583, 0.2616855000378564, 0.2785077999578789, 0.295282099978067, 0.3118996999692172, 0.32844379998277873, 0.34515760000795126, 0.3618466999614611, 0.37887110002338886, 0.39522810000926256, 0.4123878999380395, 0.4287282000295818, 0.4452462999615818, 0.4619313000002876, 0.4784486999269575, 0.4952466000104323, 0.5120353000238538, 0.5287449000170454, 0.5449399999342859, 0.5617658999981359, 0.5783097000094131, 0.5955590000376105]	224.0	315.0	0.5	19b
123	5	go_nogo	0	60	2	go	click	[58.0, 58.0, 88.0, 141.0, 177.0, 198.0, 216.0, 235.0, 240.0, 243.0, 243.0, 243.0, 243.0, 243.0, 243.0, 243.0, 243.0, 243.0, 243.0, 243.0, 243.0, 243.0]	[-169.0, -169.0, -95.0, 45.0, 141.0, 200.0, 255.0, 313.0, 326.0, 340.0, 340.0, 340.0, 340.0, 340.0, 340.0, 340.0, 340.0, 340.0, 340.0, 340.0, 340.0, 340.0]	[0, 0, 0, 0, 0, 0, 0, 0, 0, 0, 0, 0, 0, 0, 0, 0, 0, 0, 0, 0, 0, 1]	[0, 0, 0, 0, 0, 0, 0, 0, 0, 0, 0, 0, 0, 0, 0, 0, 0, 0, 0, 0, 0, 0]	[0, 0, 0, 0, 0, 0, 0, 0, 0, 0, 0, 0, 0, 0, 0, 0, 0, 0, 0, 0, 0, 0]	[0.00024239998310804367, 0.010719300014898181, 0.027395599987357855, 0.04400669992901385, 0.06048949994146824, 0.07735119992867112, 0.09402850002516061, 0.11074499995447695, 0.12724199995864183, 0.14388540002983063, 0.16085490002296865, 0.17740829999092966, 0.19372300000395626, 0.21045639994554222, 0.22708620002958924, 0.24384230002760887, 0.26052429992705584, 0.27733620000071824, 0.2937804999528453, 0.3103523999452591, 0.3270077999914065, 0.3441717999521643]	243.0	340.0	0.7	19b
124	5	go_nogo	0	60	8	go	click	[48.0, 48.0, 78.0, 106.0, 131.0, 147.0, 151.0, 151.0, 151.0, 151.0, 151.0, 151.0, 152.0, 152.0, 152.0, 152.0, 152.0, 152.0, 152.0, 152.0, 154.0, 157.0, 162.0, 170.0, 178.0, 181.0, 182.0, 182.0]	[-224.0, -224.0, -129.0, -35.0, 50.0, 130.0, 183.0, 212.0, 229.0, 237.0, 241.0, 244.0, 248.0, 248.0, 248.0, 248.0, 248.0, 249.0, 249.0, 249.0, 251.0, 254.0, 262.0, 277.0, 288.0, 292.0, 293.0, 293.0]	[0, 0, 0, 0, 0, 0, 0, 0, 0, 0, 0, 0, 0, 0, 0, 0, 0, 0, 0, 0, 0, 0, 0, 0, 0, 0, 0, 1]	[0, 0, 0, 0, 0, 0, 0, 0, 0, 0, 0, 0, 0, 0, 0, 0, 0, 0, 0, 0, 0, 0, 0, 0, 0, 0, 0, 0]	[0, 0, 0, 0, 0, 0, 0, 0, 0, 0, 0, 0, 0, 0, 0, 0, 0, 0, 0, 0, 0, 0, 0, 0, 0, 0, 0, 0]	[0.00011330004781484604, 0.012405200046487153, 0.028641400043852627, 0.04519540001638234, 0.06205409998074174, 0.07853659999091178, 0.09540949994698167, 0.1119330000365153, 0.1289454000070691, 0.145464799948968, 0.16246540006250143, 0.1790354000404477, 0.195021599996835, 0.21189030003733933, 0.2285588999511674, 0.2452103999676183, 0.2619068999774754, 0.27853090001735836, 0.29513280000537634, 0.311972500057891, 0.32871010003145784, 0.345199599978514, 0.3620504999998957, 0.3784837999846786, 0.39523969998117536, 0.41189750004559755, 0.42833190003875643, 0.4457884000148624]	182.0	293.0	0.5	19b
125	5	go_nogo	0	60	6	go	click	[55.0, 55.0, 81.0, 124.0, 159.0, 169.0, 177.0, 183.0, 187.0, 188.0, 188.0, 189.0, 190.0, 193.0, 195.0, 195.0, 195.0, 195.0, 196.0, 197.0, 198.0, 199.0, 199.0, 199.0, 199.0, 201.0, 201.0, 201.0]	[-223.0, -223.0, -157.0, -18.0, 93.0, 128.0, 153.0, 174.0, 187.0, 195.0, 199.0, 202.0, 205.0, 214.0, 220.0, 220.0, 220.0, 220.0, 221.0, 224.0, 234.0, 238.0, 253.0, 271.0, 282.0, 289.0, 292.0, 294.0]	[0, 0, 0, 0, 0, 0, 0, 0, 0, 0, 0, 0, 0, 0, 0, 0, 0, 0, 0, 0, 0, 0, 0, 0, 0, 0, 0, 1]	[0, 0, 0, 0, 0, 0, 0, 0, 0, 0, 0, 0, 0, 0, 0, 0, 0, 0, 0, 0, 0, 0, 0, 0, 0, 0, 0, 0]	[0, 0, 0, 0, 0, 0, 0, 0, 0, 0, 0, 0, 0, 0, 0, 0, 0, 0, 0, 0, 0, 0, 0, 0, 0, 0, 0, 0]	[0.00020140002015978098, 0.010697299963794649, 0.027440199977718294, 0.04406600003130734, 0.060665099998004735, 0.0772173999575898, 0.09395899996161461, 0.11061259999405593, 0.12761690001934767, 0.14421189995482564, 0.16084599995519966, 0.17758060002233833, 0.19406350003555417, 0.2108439999865368, 0.22726710001006722, 0.24393540003802627, 0.2604008000344038, 0.27723030000925064, 0.2940175000112504, 0.31068860006053, 0.3278802999993786, 0.34414609998930246, 0.36059900000691414, 0.37721639999654144, 0.3940470999805257, 0.41050040000118315, 0.4274559000041336, 0.44539999996777624]	201.0	295.0	1.0	19b
126	5	go_nogo	0	60	1	nogo	none	[54.0, 54.0, 71.0, 110.0, 138.0, 153.0, 160.0, 165.0, 167.0, 168.0, 169.0, 170.0, 173.0, 180.0, 184.0, 184.0, 184.0, 184.0, 184.0, 184.0, 184.0, 184.0, 184.0, 184.0, 184.0, 184.0, 184.0, 184.0, 184.0, 184.0, 184.0, 184.0, 184.0, 184.0, 184.0, 184.0, 184.0, 184.0, 184.0, 184.0, 184.0, 184.0, 184.0, 184.0, 184.0, 184.0, 184.0, 184.0, 184.0, 184.0, 184.0, 184.0, 184.0, 184.0, 184.0, 184.0, 184.0, 184.0]	[-198.0, -198.0, -129.0, -7.0, 84.0, 134.0, 166.0, 191.0, 201.0, 214.0, 224.0, 239.0, 263.0, 294.0, 308.0, 310.0, 310.0, 310.0, 310.0, 310.0, 310.0, 310.0, 310.0, 310.0, 310.0, 310.0, 310.0, 310.0, 310.0, 310.0, 310.0, 310.0, 310.0, 310.0, 310.0, 310.0, 310.0, 310.0, 310.0, 310.0, 310.0, 310.0, 310.0, 310.0, 310.0, 310.0, 310.0, 310.0, 310.0, 310.0, 310.0, 310.0, 310.0, 310.0, 310.0, 310.0, 310.0, 310.0]	[0, 0, 0, 0, 0, 0, 0, 0, 0, 0, 0, 0, 0, 0, 0, 0, 0, 0, 0, 0, 0, 0, 0, 0, 0, 0, 0, 0, 0, 0, 0, 0, 0, 0, 0, 0, 0, 0, 0, 0, 0, 0, 0, 0, 0, 0, 0, 0, 0, 0, 0, 0, 0, 0, 0, 0, 0, 0]	[0, 0, 0, 0, 0, 0, 0, 0, 0, 0, 0, 0, 0, 0, 0, 0, 0, 0, 0, 0, 0, 0, 0, 0, 0, 0, 0, 0, 0, 0, 0, 0, 0, 0, 0, 0, 0, 0, 0, 0, 0, 0, 0, 0, 0, 0, 0, 0, 0, 0, 0, 0, 0, 0, 0, 0, 0, 0]	[0, 0, 0, 0, 0, 0, 0, 0, 0, 0, 0, 0, 0, 0, 0, 0, 0, 0, 0, 0, 0, 0, 0, 0, 0, 0, 0, 0, 0, 0, 0, 0, 0, 0, 0, 0, 0, 0, 0, 0, 0, 0, 0, 0, 0, 0, 0, 0, 0, 0, 0, 0, 0, 0, 0, 0, 0, 0]	[0.0001919999485835433, 0.010051199933513999, 0.026638399926014245, 0.04372019995935261, 0.059946599998511374, 0.07714899990241975, 0.09350620000623167, 0.11023599992040545, 0.1270780999911949, 0.14383789990097284, 0.16016789991408587, 0.17662299994844943, 0.19328499992843717, 0.21026009996421635, 0.22674819990061224, 0.24316969991195947, 0.25999960000626743, 0.2767193999607116, 0.2933948999270797, 0.3100399998947978, 0.326688600005582, 0.3433330999687314, 0.3599417000077665, 0.3768107999349013, 0.3933250999543816, 0.40999179997015744, 0.42650820000562817, 0.44341599999461323, 0.4599796999245882, 0.47639939992222935, 0.4932213999563828, 0.5099502999801189, 0.5264205998973921, 0.5429972999263555, 0.5596733998972923, 0.5766612999141216, 0.5932306000031531, 0.6097496999427676, 0.6265908000059426, 0.6431593999732286, 0.6597979000071064, 0.6764716999605298, 0.6932574999518692, 0.7098536998964846, 0.7264563000062481, 0.7430741999996826, 0.7598453999962658, 0.7764382999157533, 0.7931266999803483, 0.8097889999626204, 0.8263918999582529, 0.8430557999527082, 0.8596137999556959, 0.8763557999627665, 0.893276899936609, 0.909822899964638, 0.9265745999291539, 0.943300399929285]	n/a	n/a	0.9	19b
127	5	go_nogo	0	60	3	go	click	[72.0, 72.0, 87.0, 125.0, 157.0, 189.0, 200.0, 204.0, 207.0, 208.0, 208.0, 209.0, 210.0, 212.0, 213.0, 213.0, 213.0, 213.0, 214.0, 215.0, 216.0]	[-215.0, -215.0, -170.0, -62.0, 44.0, 176.0, 225.0, 253.0, 270.0, 278.0, 280.0, 283.0, 287.0, 292.0, 296.0, 296.0, 296.0, 297.0, 299.0, 303.0, 303.0]	[0, 0, 0, 0, 0, 0, 0, 0, 0, 0, 0, 0, 0, 0, 0, 0, 0, 0, 0, 0, 1]	[0, 0, 0, 0, 0, 0, 0, 0, 0, 0, 0, 0, 0, 0, 0, 0, 0, 0, 0, 0, 0]	[0, 0, 0, 0, 0, 0, 0, 0, 0, 0, 0, 0, 0, 0, 0, 0, 0, 0, 0, 0, 0]	[0.00020389992278069258, 0.010065099922940135, 0.026945499936118722, 0.043638099916279316, 0.06006920000072569, 0.07695339992642403, 0.0940967999631539, 0.11015710001811385, 0.1267666999483481, 0.14356280001811683, 0.16004929994232953, 0.1767586999339983, 0.19342219992540777, 0.20998239994514734, 0.22656650003045797, 0.24289370002225041, 0.2598440999863669, 0.2768122999696061, 0.2932590999407694, 0.3095114999450743, 0.3264953999314457]	216.0	303.0	0.8	19b
128	5	go_nogo	0	60	9	nogo	none	[94.0, 94.0, 116.0, 155.0, 178.0, 190.0, 197.0, 202.0, 207.0, 210.0, 210.0, 210.0, 210.0, 210.0, 210.0, 210.0, 210.0, 210.0, 210.0, 210.0, 210.0, 210.0, 210.0, 210.0, 210.0, 210.0, 210.0, 210.0, 210.0, 210.0, 210.0, 210.0, 210.0, 210.0, 210.0, 210.0, 210.0, 210.0, 210.0, 210.0, 210.0, 210.0, 210.0, 210.0, 210.0, 210.0, 210.0, 210.0, 210.0, 210.0, 210.0, 210.0, 210.0, 210.0]	[-251.0, -251.0, -197.0, -74.0, 26.0, 114.0, 160.0, 198.0, 229.0, 242.0, 246.0, 247.0, 247.0, 247.0, 247.0, 247.0, 247.0, 247.0, 247.0, 247.0, 247.0, 247.0, 247.0, 247.0, 247.0, 247.0, 247.0, 247.0, 247.0, 247.0, 247.0, 247.0, 247.0, 247.0, 247.0, 247.0, 247.0, 247.0, 247.0, 247.0, 247.0, 247.0, 247.0, 247.0, 247.0, 247.0, 247.0, 247.0, 247.0, 247.0, 247.0, 247.0, 247.0, 247.0]	[0, 0, 0, 0, 0, 0, 0, 0, 0, 0, 0, 0, 0, 0, 0, 0, 0, 0, 0, 0, 1, 1, 1, 1, 1, 1, 1, 1, 1, 1, 1, 1, 1, 1, 1, 1, 1, 1, 1, 1, 1, 1, 1, 1, 1, 1, 1, 1, 1, 1, 1, 1, 1, 1]	[0, 0, 0, 0, 0, 0, 0, 0, 0, 0, 0, 0, 0, 0, 0, 0, 0, 0, 0, 0, 0, 0, 0, 0, 0, 0, 0, 0, 0, 0, 0, 0, 0, 0, 0, 0, 0, 0, 0, 0, 0, 0, 0, 0, 0, 0, 0, 0, 0, 0, 0, 0, 0, 0]	[0, 0, 0, 0, 0, 0, 0, 0, 0, 0, 0, 0, 0, 0, 0, 0, 0, 0, 0, 0, 0, 0, 0, 0, 0, 0, 0, 0, 0, 0, 0, 0, 0, 0, 0, 0, 0, 0, 0, 0, 0, 0, 0, 0, 0, 0, 0, 0, 0, 0, 0, 0, 0, 0]	[0.0002191999228671193, 0.011595199932344258, 0.02840990002732724, 0.04522139998152852, 0.0619590999558568, 0.07861059997230768, 0.09531779994722456, 0.11186850001104176, 0.12844130001030862, 0.1449672000017017, 0.16163889993913472, 0.17818889999762177, 0.19499079999513924, 0.21187679993454367, 0.22845429996959865, 0.245018900022842, 0.2618532999185845, 0.27833899995312095, 0.29455919994506985, 0.3115571999223903, 0.32847680000122637, 0.3448301999596879, 0.3617001000093296, 0.3781623999821022, 0.3948850999586284, 0.41156819998286664, 0.42795649997424334, 0.44474299997091293, 0.46159259998239577, 0.47824959992431104, 0.49501980002969503, 0.5116648999974132, 0.5283564999699593, 0.5448406999930739, 0.5613642999669537, 0.5780170999933034, 0.5947341999271885, 0.6113565999548882, 0.6280154000269249, 0.6447537000058219, 0.6613976999651641, 0.6781060999492183, 0.6948807999724522, 0.7113606999628246, 0.7281078000087291, 0.7448395999381319, 0.7614876999286935, 0.7782790999626741, 0.794726699939929, 0.8116972999414429, 0.8281455999240279, 0.8447473000269383, 0.8613241999410093, 0.8780486999312416]	n/a	n/a	0.5	19b
129	5	go_nogo	0	60	2	go	click	[63.0, 79.0, 95.0, 120.0, 142.0, 172.0, 194.0, 204.0, 210.0, 216.0, 222.0, 228.0, 234.0, 237.0, 237.0, 237.0, 237.0, 237.0, 237.0, 237.0, 237.0, 237.0, 237.0]	[-232.0, -198.0, -163.0, -110.0, -43.0, 74.0, 137.0, 172.0, 193.0, 214.0, 231.0, 251.0, 270.0, 278.0, 279.0, 279.0, 279.0, 279.0, 279.0, 279.0, 279.0, 279.0, 279.0]	[0, 0, 0, 0, 0, 0, 0, 0, 0, 0, 0, 0, 0, 0, 0, 0, 0, 0, 0, 0, 0, 0, 1]	[0, 0, 0, 0, 0, 0, 0, 0, 0, 0, 0, 0, 0, 0, 0, 0, 0, 0, 0, 0, 0, 0, 0]	[0, 0, 0, 0, 0, 0, 0, 0, 0, 0, 0, 0, 0, 0, 0, 0, 0, 0, 0, 0, 0, 0, 0]	[8.130003698170185e-05, 0.012099300045520067, 0.028791200020350516, 0.0455161000136286, 0.062412100029177964, 0.07881139998789877, 0.09551510005258024, 0.11211560002993792, 0.1290341999847442, 0.1455723000690341, 0.16206980007700622, 0.17874160001520067, 0.19541000004392117, 0.2120937000727281, 0.22839250008109957, 0.24507110007107258, 0.2617704999865964, 0.2784332000883296, 0.2951725000748411, 0.3118032000493258, 0.3287385000148788, 0.3453709000023082, 0.36251550004817545]	237.0	279.0	1.0	19b
130	5	go_nogo	0	60	6	go	click	[62.0, 93.0, 129.0, 182.0, 204.0, 212.0, 217.0, 219.0, 220.0, 228.0, 234.0, 239.0, 243.0, 244.0, 244.0, 244.0, 244.0, 244.0, 244.0, 244.0, 244.0, 239.0, 231.0, 227.0, 223.0, 222.0, 218.0, 216.0, 215.0, 215.0]	[-190.0, -88.0, 17.0, 165.0, 232.0, 270.0, 305.0, 329.0, 349.0, 383.0, 404.0, 419.0, 426.0, 428.0, 428.0, 428.0, 428.0, 428.0, 428.0, 428.0, 428.0, 409.0, 380.0, 358.0, 344.0, 338.0, 331.0, 323.0, 315.0, 313.0]	[0, 0, 0, 0, 0, 0, 0, 0, 0, 0, 0, 0, 0, 0, 0, 0, 0, 0, 0, 0, 0, 0, 0, 0, 0, 0, 0, 0, 0, 1]	[0, 0, 0, 0, 0, 0, 0, 0, 0, 0, 0, 0, 0, 0, 0, 0, 0, 0, 0, 0, 0, 0, 0, 0, 0, 0, 0, 0, 0, 0]	[0, 0, 0, 0, 0, 0, 0, 0, 0, 0, 0, 0, 0, 0, 0, 0, 0, 0, 0, 0, 0, 0, 0, 0, 0, 0, 0, 0, 0, 0]	[8.190004155039787e-05, 0.011240000021643937, 0.02763480006251484, 0.044288900098763406, 0.061032700003124774, 0.07766030007041991, 0.09422540001105517, 0.11082490009721369, 0.1279993000207469, 0.14486320002470165, 0.1612896000733599, 0.1776805000845343, 0.1942401999840513, 0.21081630000844598, 0.22728780005127192, 0.24388780002482235, 0.26062040007673204, 0.27709310001228005, 0.293918100069277, 0.3105174000374973, 0.3275017000269145, 0.34419159998651594, 0.3616732000373304, 0.3774912999942899, 0.3941673000808805, 0.4107609000056982, 0.4275240000570193, 0.444041799986735, 0.46065140003338456, 0.4776465999893844]	215.0	313.0	0.6	19b
131	5	go_nogo	0	60	1	nogo	none	[81.0, 81.0, 102.0, 164.0, 193.0, 212.0, 221.0, 225.0, 227.0, 227.0, 227.0, 227.0, 227.0, 227.0, 227.0, 227.0, 227.0, 226.0, 218.0, 206.0, 198.0, 194.0, 194.0, 194.0, 194.0, 194.0, 194.0, 194.0, 194.0, 194.0, 194.0, 194.0, 194.0, 194.0, 194.0, 194.0, 194.0, 194.0, 194.0, 194.0, 194.0, 194.0, 194.0, 194.0, 194.0, 194.0, 194.0, 194.0, 194.0, 194.0, 194.0, 194.0, 194.0, 194.0, 194.0, 194.0, 194.0, 194.0, 194.0, 194.0, 194.0, 194.0, 194.0, 194.0, 194.0]	[-135.0, -135.0, -54.0, 164.0, 270.0, 332.0, 357.0, 369.0, 374.0, 375.0, 375.0, 375.0, 375.0, 375.0, 375.0, 375.0, 375.0, 367.0, 340.0, 301.0, 272.0, 262.0, 261.0, 261.0, 261.0, 264.0, 264.0, 264.0, 264.0, 264.0, 264.0, 264.0, 264.0, 264.0, 264.0, 264.0, 264.0, 264.0, 264.0, 264.0, 264.0, 264.0, 264.0, 264.0, 264.0, 264.0, 264.0, 264.0, 264.0, 264.0, 264.0, 264.0, 264.0, 264.0, 264.0, 264.0, 264.0, 264.0, 264.0, 264.0, 264.0, 264.0, 264.0, 264.0, 264.0]	[0, 0, 0, 0, 0, 0, 0, 0, 0, 0, 0, 0, 0, 0, 0, 0, 0, 0, 0, 0, 0, 0, 0, 0, 0, 0, 0, 0, 0, 0, 0, 0, 0, 0, 0, 0, 0, 0, 0, 0, 0, 0, 0, 0, 0, 0, 0, 0, 0, 0, 0, 0, 0, 0, 0, 0, 0, 0, 0, 0, 0, 0, 0, 0, 0]	[0, 0, 0, 0, 0, 0, 0, 0, 0, 0, 0, 0, 0, 0, 0, 0, 0, 0, 0, 0, 0, 0, 0, 0, 0, 0, 0, 0, 0, 0, 0, 0, 0, 0, 0, 0, 0, 0, 0, 0, 0, 0, 0, 0, 0, 0, 0, 0, 0, 0, 0, 0, 0, 0, 0, 0, 0, 0, 0, 0, 0, 0, 0, 0, 0]	[0, 0, 0, 0, 0, 0, 0, 0, 0, 0, 0, 0, 0, 0, 0, 0, 0, 0, 0, 0, 0, 0, 0, 0, 0, 0, 0, 0, 0, 0, 0, 0, 0, 0, 0, 0, 0, 0, 0, 0, 0, 0, 0, 0, 0, 0, 0, 0, 0, 0, 0, 0, 0, 0, 0, 0, 0, 0, 0, 0, 0, 0, 0, 0, 0]	[0.0002136999974027276, 0.01155199995264411, 0.027851999970152974, 0.04448379995301366, 0.06152759992983192, 0.0780631999950856, 0.0947613000171259, 0.11145339999347925, 0.12813700002152473, 0.1448248999658972, 0.16135109995957464, 0.17785099998582155, 0.1945723999524489, 0.21194279997143894, 0.22798169997986406, 0.24461519997566938, 0.2615623000310734, 0.2780969999730587, 0.2948104999959469, 0.3114957999205217, 0.3280829000286758, 0.3449716999894008, 0.36118809995241463, 0.3779291999526322, 0.394784800009802, 0.41135900001972914, 0.42782440001610667, 0.44474710000213236, 0.4611612999578938, 0.47782070003449917, 0.4944353000028059, 0.5113010000204667, 0.5277940999949351, 0.5445236000232399, 0.5612076999386773, 0.5778568999376148, 0.594773399992846, 0.6113438999745995, 0.6280351999448612, 0.644473799970001, 0.6610795999877155, 0.6778506999835372, 0.6945513000246137, 0.7112072999589145, 0.7280116999754682, 0.744245299953036, 0.7610085000051185, 0.7775673000141978, 0.7942837999435142, 0.8109638999449089, 0.8277465000282973, 0.844309699954465, 0.8609085000352934, 0.8778174000326544, 0.8945255000144243, 0.9110678000142798, 0.9276637999573722, 0.9443652000045404, 0.9610240999609232, 0.9777342999586836, 0.9943348999368027, 1.0114451999543235, 1.028003399958834, 1.0444843999575824, 1.0613443999318406]	n/a	n/a	0.5	19b
132	5	go_nogo	0	60	7	go	click	[67.0, 67.0, 92.0, 139.0, 166.0, 192.0, 207.0, 225.0, 236.0, 238.0, 240.0, 241.0, 241.0, 241.0, 241.0, 241.0, 241.0, 234.0, 227.0, 216.0, 203.0, 198.0, 196.0, 196.0, 198.0, 201.0, 202.0, 202.0, 201.0, 201.0, 201.0, 201.0, 201.0]	[-214.0, -214.0, -173.0, -97.0, -53.0, -4.0, 33.0, 71.0, 96.0, 109.0, 114.0, 119.0, 121.0, 123.0, 125.0, 126.0, 126.0, 127.0, 130.0, 144.0, 164.0, 182.0, 194.0, 209.0, 226.0, 244.0, 263.0, 291.0, 302.0, 306.0, 308.0, 308.0, 308.0]	[0, 0, 0, 0, 0, 0, 0, 0, 0, 0, 0, 0, 0, 0, 0, 0, 0, 0, 0, 0, 0, 0, 0, 0, 0, 0, 0, 0, 0, 0, 0, 0, 1]	[0, 0, 0, 0, 0, 0, 0, 0, 0, 0, 0, 0, 0, 0, 0, 0, 0, 0, 0, 0, 0, 0, 0, 0, 0, 0, 0, 0, 0, 0, 0, 0, 0]	[0, 0, 0, 0, 0, 0, 0, 0, 0, 0, 0, 0, 0, 0, 0, 0, 0, 0, 0, 0, 0, 0, 0, 0, 0, 0, 0, 0, 0, 0, 0, 0, 0]	[0.00018169998656958342, 0.011086600017733872, 0.027663199929520488, 0.044417700031772256, 0.061164199956692755, 0.07807749998755753, 0.0953182999510318, 0.1113801000174135, 0.1279225000180304, 0.14449440001044422, 0.1610960999969393, 0.17757169995456934, 0.1943755999673158, 0.21103579993359745, 0.22779140004422516, 0.24413380003534257, 0.2610883000306785, 0.27797269995789975, 0.2944277999922633, 0.3113160999491811, 0.3277241999749094, 0.34430809994228184, 0.3610894000157714, 0.3777476999675855, 0.3944222000427544, 0.41106349998153746, 0.42772129992954433, 0.44455619994550943, 0.4610086999600753, 0.47785010002553463, 0.49414329999126494, 0.5106524999719113, 0.5276981999631971]	201.0	308.0	0.5	19b
133	5	go_nogo	0	60	4	go	click	[97.0, 97.0, 123.0, 163.0, 183.0, 192.0, 194.0, 199.0, 199.0, 199.0, 199.0, 199.0, 199.0, 199.0, 200.0, 200.0, 201.0, 201.0, 202.0, 202.0, 205.0, 208.0, 209.0, 211.0, 211.0, 211.0, 211.0]	[-241.0, -241.0, -193.0, -89.0, -1.0, 76.0, 131.0, 183.0, 201.0, 209.0, 213.0, 216.0, 219.0, 224.0, 233.0, 239.0, 241.0, 242.0, 248.0, 250.0, 267.0, 284.0, 299.0, 307.0, 311.0, 311.0, 311.0]	[0, 0, 0, 0, 0, 0, 0, 0, 0, 0, 0, 0, 0, 0, 0, 0, 0, 0, 0, 0, 0, 0, 0, 0, 0, 0, 1]	[0, 0, 0, 0, 0, 0, 0, 0, 0, 0, 0, 0, 0, 0, 0, 0, 0, 0, 0, 0, 0, 0, 0, 0, 0, 0, 0]	[0, 0, 0, 0, 0, 0, 0, 0, 0, 0, 0, 0, 0, 0, 0, 0, 0, 0, 0, 0, 0, 0, 0, 0, 0, 0, 0]	[0.00018699991051107645, 0.010958199971355498, 0.027281799935735762, 0.04401119996327907, 0.06045979994814843, 0.0771061999257654, 0.09449409996159375, 0.11026359989773482, 0.12705199990887195, 0.14361649996135384, 0.16028289997484535, 0.1768621999071911, 0.19359289994463325, 0.21033929998520762, 0.22712589998263866, 0.24354629998560995, 0.260375399957411, 0.27688209991902113, 0.2936296999687329, 0.310564799932763, 0.32695159991271794, 0.34362079994753003, 0.36001539998687804, 0.3769118998898193, 0.3934299999382347, 0.41018759994767606, 0.42705089994706213]	211.0	311.0	0.9	19b
134	5	go_nogo	0	60	6	go	click	[71.0, 71.0, 114.0, 170.0, 214.0, 240.0, 257.0, 263.0, 269.0, 270.0, 272.0, 272.0, 272.0, 272.0, 272.0, 272.0, 272.0, 272.0, 269.0, 259.0, 247.0, 241.0, 235.0, 231.0, 230.0, 230.0, 230.0, 230.0]	[-254.0, -254.0, -119.0, 60.0, 210.0, 311.0, 373.0, 409.0, 430.0, 435.0, 438.0, 439.0, 439.0, 439.0, 439.0, 439.0, 439.0, 437.0, 411.0, 370.0, 331.0, 310.0, 295.0, 290.0, 288.0, 286.0, 286.0, 286.0]	[0, 0, 0, 0, 0, 0, 0, 0, 0, 0, 0, 0, 0, 0, 0, 0, 0, 0, 0, 0, 0, 0, 0, 0, 0, 0, 0, 1]	[0, 0, 0, 0, 0, 0, 0, 0, 0, 0, 0, 0, 0, 0, 0, 0, 0, 0, 0, 0, 0, 0, 0, 0, 0, 0, 0, 0]	[0, 0, 0, 0, 0, 0, 0, 0, 0, 0, 0, 0, 0, 0, 0, 0, 0, 0, 0, 0, 0, 0, 0, 0, 0, 0, 0, 0]	[0.00011110003106296062, 0.010634399950504303, 0.02725229994393885, 0.04417379992082715, 0.06091919995378703, 0.07738829997833818, 0.09392779995687306, 0.11061710002832115, 0.12751219992060214, 0.14411390002351254, 0.16081849997863173, 0.17735829995945096, 0.19403339992277324, 0.21085159992799163, 0.22734600002877414, 0.2441346999257803, 0.2607687999261543, 0.2774662999436259, 0.2941088000079617, 0.3111483999527991, 0.32742869993671775, 0.3442108000162989, 0.3610441000200808, 0.3780461000278592, 0.3939964999444783, 0.41081949998624623, 0.42721599992364645, 0.44386140001006424]	230.0	286.0	0.6	19b
135	5	go_nogo	0	60	4	go	click	[66.0, 66.0, 112.0, 148.0, 175.0, 189.0, 197.0, 201.0, 204.0, 207.0, 208.0, 208.0, 208.0, 208.0, 208.0, 208.0, 208.0, 208.0, 209.0, 209.0, 209.0]	[-147.0, -147.0, -15.0, 80.0, 149.0, 186.0, 215.0, 240.0, 261.0, 277.0, 288.0, 291.0, 292.0, 292.0, 292.0, 292.0, 293.0, 301.0, 309.0, 311.0, 311.0]	[0, 0, 0, 0, 0, 0, 0, 0, 0, 0, 0, 0, 0, 0, 0, 0, 0, 0, 0, 0, 1]	[0, 0, 0, 0, 0, 0, 0, 0, 0, 0, 0, 0, 0, 0, 0, 0, 0, 0, 0, 0, 0]	[0, 0, 0, 0, 0, 0, 0, 0, 0, 0, 0, 0, 0, 0, 0, 0, 0, 0, 0, 0, 0]	[0.0002413999754935503, 0.011996999965049326, 0.028161199996247888, 0.04476389999035746, 0.06159439997281879, 0.07826729991938919, 0.09516429994255304, 0.11160079995170236, 0.12828339997213334, 0.14490650000516325, 0.1615032999543473, 0.17818459996487945, 0.1946595999179408, 0.21119860000908375, 0.22791629994753748, 0.24486530001740903, 0.2614879999309778, 0.2782998000038788, 0.29485289996955544, 0.31131050002295524, 0.3283116000238806]	209.0	311.0	0.8	19b
136	5	go_nogo	0	60	9	nogo	none	[51.0, 51.0, 109.0, 158.0, 194.0, 224.0, 245.0, 258.0, 265.0, 268.0, 273.0, 274.0, 274.0, 274.0, 274.0, 274.0, 274.0, 274.0, 273.0, 269.0, 263.0, 257.0, 252.0, 252.0, 252.0, 252.0, 252.0, 252.0, 252.0, 252.0, 252.0, 252.0, 252.0, 252.0, 252.0, 252.0, 252.0, 252.0, 252.0, 252.0, 252.0, 252.0, 252.0, 252.0, 252.0, 252.0, 252.0, 252.0, 252.0, 252.0, 252.0, 252.0, 252.0, 252.0, 252.0, 252.0, 252.0, 252.0, 252.0, 252.0, 252.0, 252.0, 252.0, 252.0, 252.0, 252.0]	[-257.0, -257.0, -167.0, -80.0, -2.0, 63.0, 126.0, 175.0, 213.0, 239.0, 257.0, 263.0, 268.0, 274.0, 278.0, 280.0, 280.0, 281.0, 281.0, 281.0, 278.0, 274.0, 271.0, 270.0, 270.0, 270.0, 270.0, 270.0, 270.0, 270.0, 270.0, 270.0, 270.0, 270.0, 270.0, 270.0, 270.0, 270.0, 270.0, 270.0, 270.0, 270.0, 270.0, 270.0, 270.0, 270.0, 270.0, 270.0, 270.0, 270.0, 270.0, 270.0, 270.0, 270.0, 270.0, 270.0, 270.0, 270.0, 270.0, 270.0, 270.0, 270.0, 270.0, 270.0, 270.0, 270.0]	[0, 0, 0, 0, 0, 0, 0, 0, 0, 0, 0, 0, 0, 0, 0, 0, 0, 0, 0, 0, 0, 0, 0, 0, 0, 0, 0, 0, 0, 0, 0, 0, 0, 0, 0, 0, 0, 0, 0, 0, 0, 0, 0, 0, 0, 0, 0, 0, 0, 0, 0, 0, 0, 0, 0, 0, 0, 0, 0, 0, 0, 0, 0, 0, 0, 0]	[0, 0, 0, 0, 0, 0, 0, 0, 0, 0, 0, 0, 0, 0, 0, 0, 0, 0, 0, 0, 0, 0, 0, 0, 0, 0, 0, 0, 0, 0, 0, 0, 0, 0, 0, 0, 0, 0, 0, 0, 0, 0, 0, 0, 0, 0, 0, 0, 0, 0, 0, 0, 0, 0, 0, 0, 0, 0, 0, 0, 0, 0, 0, 0, 0, 0]	[0, 0, 0, 0, 0, 0, 0, 0, 0, 0, 0, 0, 0, 0, 0, 0, 0, 0, 0, 0, 0, 0, 0, 0, 0, 0, 0, 0, 0, 0, 0, 0, 0, 0, 0, 0, 0, 0, 0, 0, 0, 0, 0, 0, 0, 0, 0, 0, 0, 0, 0, 0, 0, 0, 0, 0, 0, 0, 0, 0, 0, 0, 0, 0, 0, 0]	[0.00010109995491802692, 0.011099600000306964, 0.02745429996866733, 0.0443179999710992, 0.060907899984158576, 0.07782219990622252, 0.0943996999412775, 0.11079750000499189, 0.1275553999003023, 0.1446059999288991, 0.161152399959974, 0.17830699996557087, 0.1942920999135822, 0.21108939999248832, 0.22767860000021756, 0.24412459996528924, 0.2611159000080079, 0.27760129992384464, 0.294349699979648, 0.31088809994980693, 0.3278592999558896, 0.3440714000025764, 0.3607720999279991, 0.3772772999946028, 0.39392790000420064, 0.4107952999183908, 0.4274877000134438, 0.44414029992185533, 0.4605331999482587, 0.4771885999944061, 0.4940661999862641, 0.5102979999501258, 0.5268740999745205, 0.5439454999286681, 0.5607862999895588, 0.5772207999834791, 0.5942133999196813, 0.6106081999605522, 0.6274080999428406, 0.6441838999744505, 0.6607520999386907, 0.6774233999894932, 0.6940364999463782, 0.7104951000073925, 0.72745040000882, 0.744167499942705, 0.7607349999016151, 0.7772429999895394, 0.7940657999133691, 0.810611299937591, 0.8271762999938801, 0.8437440999550745, 0.8604767000069842, 0.8773148999316618, 0.8936996000120416, 0.9105863999575377, 0.9274179999483749, 0.9442122000036761, 0.9605392999947071, 0.977132499916479, 0.9942238999065012, 1.0105687999166548, 1.0272530999500304, 1.0436310999793932, 1.0603035999229178, 1.0769636000040919]	n/a	n/a	0.9	19b
137	5	go_nogo	0	60	4	go	click	[35.0, 35.0, 87.0, 150.0, 213.0, 249.0, 265.0, 273.0, 280.0, 281.0, 282.0, 285.0, 285.0, 285.0, 285.0, 285.0, 283.0, 276.0, 266.0, 254.0, 245.0, 242.0, 239.0, 239.0, 239.0, 239.0]	[-254.0, -254.0, -144.0, -18.0, 101.0, 175.0, 216.0, 243.0, 270.0, 277.0, 289.0, 298.0, 299.0, 300.0, 300.0, 300.0, 296.0, 290.0, 284.0, 280.0, 279.0, 279.0, 279.0, 280.0, 280.0, 280.0]	[0, 0, 0, 0, 0, 0, 0, 0, 0, 0, 0, 0, 0, 0, 0, 0, 0, 0, 0, 0, 0, 0, 0, 0, 0, 1]	[0, 0, 0, 0, 0, 0, 0, 0, 0, 0, 0, 0, 0, 0, 0, 0, 0, 0, 0, 0, 0, 0, 0, 0, 0, 0]	[0, 0, 0, 0, 0, 0, 0, 0, 0, 0, 0, 0, 0, 0, 0, 0, 0, 0, 0, 0, 0, 0, 0, 0, 0, 0]	[7.259997073560953e-05, 0.011691599967889488, 0.028213699930347502, 0.04574729991145432, 0.061561099952086806, 0.07837070000823587, 0.09469830000307411, 0.11275159998331219, 0.12809259991627187, 0.1447086000116542, 0.16143889992963523, 0.17799529992043972, 0.19466359994839877, 0.21117119991686195, 0.22793369996361434, 0.2447878000093624, 0.2614901999477297, 0.2780058999778703, 0.29466309992130846, 0.3114974999334663, 0.3282863999484107, 0.3448635999811813, 0.361528699984774, 0.37783619994297624, 0.39459789998363703, 0.41172959993127733]	239.0	280.0	0.5	19b
138	5	go_nogo	0	60	4	go	click	[16.0, 16.0, 21.0, 37.0, 58.0, 87.0, 94.0, 108.0, 118.0, 127.0, 132.0, 135.0, 137.0, 139.0, 141.0, 143.0, 149.0, 155.0, 161.0, 166.0, 168.0, 171.0, 171.0, 172.0]	[-274.0, -274.0, -174.0, -56.0, 51.0, 140.0, 159.0, 204.0, 231.0, 251.0, 264.0, 272.0, 277.0, 282.0, 288.0, 299.0, 311.0, 323.0, 330.0, 334.0, 334.0, 334.0, 334.0, 334.0]	[0, 0, 0, 0, 0, 0, 0, 0, 0, 0, 0, 0, 0, 0, 0, 0, 0, 0, 0, 0, 0, 0, 0, 1]	[0, 0, 0, 0, 0, 0, 0, 0, 0, 0, 0, 0, 0, 0, 0, 0, 0, 0, 0, 0, 0, 0, 0, 0]	[0, 0, 0, 0, 0, 0, 0, 0, 0, 0, 0, 0, 0, 0, 0, 0, 0, 0, 0, 0, 0, 0, 0, 0]	[9.50999092310667e-05, 0.013272500014863908, 0.029989699949510396, 0.04694639996159822, 0.06369709991849959, 0.08044900000095367, 0.09698039991781116, 0.11345199996139854, 0.13050630001816899, 0.14733649999834597, 0.16345669992733747, 0.18020229996182024, 0.19684839993715286, 0.2135105999186635, 0.22992499999236315, 0.24691949994303286, 0.2633891999721527, 0.27995569992344826, 0.29703769995830953, 0.3142706999788061, 0.33023759990464896, 0.34697039995808154, 0.3635693999240175, 0.38052879995666444]	172.0	334.0	0.9	19b
139	5	go_nogo	0	60	1	nogo	none	[28.0, 34.0, 39.0, 56.0, 81.0, 111.0, 135.0, 158.0, 167.0, 171.0, 172.0, 173.0, 174.0, 174.0, 174.0, 174.0, 174.0, 174.0, 172.0, 170.0, 171.0, 177.0, 181.0, 189.0, 191.0, 192.0, 192.0, 192.0, 192.0, 192.0, 192.0, 192.0, 192.0, 192.0, 192.0, 192.0, 192.0, 192.0, 192.0, 192.0, 192.0, 192.0, 192.0, 192.0, 192.0, 192.0, 192.0, 192.0, 192.0, 192.0, 192.0, 192.0, 192.0, 192.0, 192.0, 192.0, 192.0, 192.0, 192.0, 192.0, 192.0, 192.0, 192.0, 192.0, 192.0, 192.0, 189.0, 184.0, 181.0, 180.0, 180.0, 178.0, 175.0, 170.0, 162.0, 156.0, 149.0, 145.0, 137.0, 126.0, 111.0, 95.0, 72.0, 57.0, 44.0, 37.0, 30.0, 26.0, 24.0, 22.0, 22.0, 22.0]	[-294.0, -283.0, -270.0, -236.0, -179.0, -106.0, -28.0, 46.0, 84.0, 101.0, 117.0, 124.0, 133.0, 140.0, 145.0, 149.0, 154.0, 160.0, 172.0, 194.0, 218.0, 236.0, 249.0, 267.0, 274.0, 275.0, 276.0, 276.0, 276.0, 276.0, 276.0, 276.0, 276.0, 276.0, 276.0, 276.0, 276.0, 276.0, 276.0, 276.0, 276.0, 276.0, 276.0, 276.0, 276.0, 276.0, 276.0, 276.0, 276.0, 276.0, 276.0, 276.0, 276.0, 276.0, 276.0, 276.0, 276.0, 276.0, 276.0, 276.0, 276.0, 276.0, 276.0, 276.0, 276.0, 270.0, 257.0, 232.0, 196.0, 158.0, 103.0, 69.0, 40.0, 12.0, -15.0, -44.0, -69.0, -93.0, -118.0, -146.0, -175.0, -205.0, -251.0, -282.0, -309.0, -327.0, -339.0, -350.0, -358.0, -361.0, -361.0, -363.0]	[0, 0, 0, 0, 0, 0, 0, 0, 0, 0, 0, 0, 0, 0, 0, 0, 0, 0, 0, 0, 0, 0, 0, 0, 0, 0, 0, 0, 0, 0, 0, 0, 0, 0, 0, 0, 0, 0, 0, 0, 0, 0, 0, 0, 0, 0, 0, 0, 0, 0, 0, 0, 0, 0, 0, 0, 0, 0, 0, 0, 0, 0, 0, 0, 0, 0, 0, 0, 0, 0, 0, 0, 0, 0, 0, 0, 0, 0, 0, 0, 0, 0, 0, 0, 0, 0, 0, 0, 0, 0, 0, 0]	[0, 0, 0, 0, 0, 0, 0, 0, 0, 0, 0, 0, 0, 0, 0, 0, 0, 0, 0, 0, 0, 0, 0, 0, 0, 0, 0, 0, 0, 0, 0, 0, 0, 0, 0, 0, 0, 0, 0, 0, 0, 0, 0, 0, 0, 0, 0, 0, 0, 0, 0, 0, 0, 0, 0, 0, 0, 0, 0, 0, 0, 0, 0, 0, 0, 0, 0, 0, 0, 0, 0, 0, 0, 0, 0, 0, 0, 0, 0, 0, 0, 0, 0, 0, 0, 0, 0, 0, 0, 0, 0, 0]	[0, 0, 0, 0, 0, 0, 0, 0, 0, 0, 0, 0, 0, 0, 0, 0, 0, 0, 0, 0, 0, 0, 0, 0, 0, 0, 0, 0, 0, 0, 0, 0, 0, 0, 0, 0, 0, 0, 0, 0, 0, 0, 0, 0, 0, 0, 0, 0, 0, 0, 0, 0, 0, 0, 0, 0, 0, 0, 0, 0, 0, 0, 0, 0, 0, 0, 0, 0, 0, 0, 0, 0, 0, 0, 0, 0, 0, 0, 0, 0, 0, 0, 0, 0, 0, 0, 0, 0, 0, 0, 0, 0]	[7.930002175271511e-05, 0.009558800025843084, 0.0263101999880746, 0.043210500036366284, 0.059649000060744584, 0.07606800005305558, 0.09287160006351769, 0.10973500006366521, 0.12610100000165403, 0.14302329998463392, 0.16003040003124624, 0.17622849997133017, 0.1929418999934569, 0.21018299995921552, 0.22612650005612522, 0.242751199984923, 0.25944289995823056, 0.2760110000381246, 0.2927336000138894, 0.309256499982439, 0.3275290000019595, 0.34261259995400906, 0.35958080005366355, 0.3766454999567941, 0.392801700043492, 0.4093753000488505, 0.4258242000360042, 0.4426453000633046, 0.4593410000670701, 0.4760109999915585, 0.49289340001996607, 0.5092917999718338, 0.5259129999903962, 0.5427350000245497, 0.5594780000392348, 0.5758087000576779, 0.592485100030899, 0.609202399966307, 0.6257008999818936, 0.6424420999828726, 0.6590547000523657, 0.6757654000539333, 0.6924563000211492, 0.7090618000365794, 0.7260074999649078, 0.7425007000565529, 0.7590777999721467, 0.7758147000567988, 0.7923483999911696, 0.8090910000028089, 0.8255013000452891, 0.8422390000196174, 0.8589195000240579, 0.8756226999685168, 0.8922951000276953, 0.9088647000025958, 0.9255716999759898, 0.9423331000143662, 0.9589492999948561, 0.9756083000684157, 0.9923533999826759, 1.0088749000569806, 1.025619599968195, 1.0421094000339508, 1.0593221000162885, 1.075805800035596, 1.0924339999910444, 1.1092065999982879, 1.1259407000616193, 1.1426991999614984, 1.1591061999788508, 1.176435700035654, 1.1925453000003472, 1.209243300021626, 1.2256516000488773, 1.2425012000603601, 1.2590459999628365, 1.275727799977176, 1.2924132000189275, 1.3090828000567853, 1.3257798999547958, 1.3425350000616163, 1.3591945000225678, 1.3757807000074536, 1.3924737999914214, 1.4091669999761507, 1.4255985000636429, 1.4423664000350982, 1.4590424000052735, 1.4754784000106156, 1.4923624000512064, 1.5087786000221968]	n/a	n/a	0.5	19b
140	5	go_nogo	0	60	6	go	click	[48.0, 48.0, 68.0, 113.0, 153.0, 192.0, 229.0, 240.0, 246.0, 248.0, 248.0, 250.0, 250.0, 251.0, 251.0, 251.0, 251.0, 251.0, 251.0, 251.0, 251.0, 251.0, 251.0, 251.0, 251.0, 251.0, 251.0, 251.0, 251.0, 251.0, 251.0, 251.0, 251.0, 251.0, 251.0, 251.0, 251.0, 251.0, 251.0, 247.0, 243.0, 239.0, 237.0, 237.0, 237.0, 237.0, 237.0]	[-242.0, -242.0, -177.0, -53.0, 58.0, 147.0, 241.0, 276.0, 295.0, 305.0, 314.0, 319.0, 326.0, 330.0, 331.0, 331.0, 331.0, 331.0, 331.0, 331.0, 331.0, 331.0, 331.0, 331.0, 331.0, 331.0, 331.0, 331.0, 331.0, 331.0, 331.0, 331.0, 331.0, 331.0, 331.0, 331.0, 331.0, 331.0, 330.0, 323.0, 316.0, 311.0, 309.0, 308.0, 308.0, 308.0, 308.0]	[0, 0, 0, 0, 0, 0, 0, 0, 0, 0, 0, 0, 0, 0, 0, 0, 0, 0, 0, 0, 0, 0, 0, 0, 1, 1, 1, 0, 0, 0, 0, 0, 0, 0, 0, 0, 0, 0, 0, 0, 0, 0, 0, 0, 0, 0, 1]	[0, 0, 0, 0, 0, 0, 0, 0, 0, 0, 0, 0, 0, 0, 0, 0, 0, 0, 0, 0, 0, 0, 0, 0, 0, 0, 0, 0, 0, 0, 0, 0, 0, 0, 0, 0, 0, 0, 0, 0, 0, 0, 0, 0, 0, 0, 0]	[0, 0, 0, 0, 0, 0, 0, 0, 0, 0, 0, 0, 0, 0, 0, 0, 0, 0, 0, 0, 0, 0, 0, 0, 0, 0, 0, 0, 0, 0, 0, 0, 0, 0, 0, 0, 0, 0, 0, 0, 0, 0, 0, 0, 0, 0, 0]	[0.00021620001643896103, 0.010410499991849065, 0.0269873000215739, 0.043601499986834824, 0.060303800040856004, 0.07702460000291467, 0.09379900002386421, 0.1101685999892652, 0.12753840000368655, 0.14383159996941686, 0.16024869994726032, 0.17676669999491423, 0.19361379998736084, 0.210199199966155, 0.22677720000501722, 0.24347839993424714, 0.260465299943462, 0.27675259998068213, 0.29384830000344664, 0.3100031999638304, 0.32682920002844185, 0.34333950001746416, 0.3602037000237033, 0.376823200029321, 0.39367449993733317, 0.4100534999743104, 0.42670660000294447, 0.44373619998805225, 0.46012730000074953, 0.4769154000096023, 0.49334059993270785, 0.5099791999673471, 0.5270413999678567, 0.5435300000244752, 0.5602851000148803, 0.5768457000376657, 0.5934232999570668, 0.6103435000404716, 0.6267190999351442, 0.6434700000099838, 0.6601753999711946, 0.676850299932994, 0.6934698999393731, 0.7101931000361219, 0.7266104000154883, 0.7433133999584243, 0.7605383000336587]	237.0	308.0	1.0	19b
141	5	go_nogo	0	60	3	go	click	[11.0, 25.0, 42.0, 75.0, 105.0, 121.0, 129.0, 138.0, 146.0, 156.0, 158.0, 160.0, 161.0, 162.0, 163.0, 163.0, 163.0, 163.0, 164.0, 166.0, 168.0, 170.0, 170.0, 170.0]	[-237.0, -176.0, -108.0, 6.0, 97.0, 148.0, 178.0, 204.0, 231.0, 255.0, 262.0, 264.0, 267.0, 270.0, 270.0, 270.0, 270.0, 270.0, 272.0, 278.0, 282.0, 285.0, 285.0, 285.0]	[0, 0, 0, 0, 0, 0, 0, 0, 0, 0, 0, 0, 0, 0, 0, 0, 0, 0, 0, 0, 0, 0, 0, 0]	[0, 0, 0, 0, 0, 0, 0, 0, 0, 0, 0, 0, 0, 0, 0, 0, 0, 0, 0, 0, 0, 0, 0, 0]	[0, 0, 0, 0, 0, 0, 0, 0, 0, 0, 0, 0, 0, 0, 0, 0, 0, 0, 0, 0, 0, 0, 0, 0]	[8.049991447478533e-05, 0.010130899958312511, 0.026926999911665916, 0.043653199914842844, 0.060230799950659275, 0.07702739990781993, 0.09344309999141842, 0.11047159996815026, 0.12709550000727177, 0.14370479993522167, 0.1605360999237746, 0.17718839994631708, 0.19345849996898323, 0.21025719994213432, 0.22702059999573976, 0.24346229992806911, 0.2599791999673471, 0.27801719994749874, 0.2934619999723509, 0.3101708999602124, 0.32694269996136427, 0.34321019996423274, 0.35989139997400343, 0.3768540999153629]	170.0	285.0	0.9	19b
142	5	go_nogo	0	60	6	go	click	[55.0, 55.0, 100.0, 127.0, 144.0, 152.0, 152.0, 153.0, 155.0, 155.0, 157.0, 158.0, 163.0, 165.0, 167.0, 169.0, 169.0, 169.0, 171.0, 173.0, 173.0, 173.0]	[-122.0, -122.0, -2.0, 81.0, 150.0, 200.0, 230.0, 249.0, 261.0, 272.0, 281.0, 288.0, 299.0, 303.0, 309.0, 311.0, 311.0, 312.0, 314.0, 317.0, 317.0, 317.0]	[0, 0, 0, 0, 0, 0, 0, 0, 0, 0, 0, 0, 0, 0, 0, 0, 0, 0, 0, 0, 0, 1]	[0, 0, 0, 0, 0, 0, 0, 0, 0, 0, 0, 0, 0, 0, 0, 0, 0, 0, 0, 0, 0, 0]	[0, 0, 0, 0, 0, 0, 0, 0, 0, 0, 0, 0, 0, 0, 0, 0, 0, 0, 0, 0, 0, 0]	[0.00019529997371137142, 0.011930999928154051, 0.02803309995215386, 0.04461260000243783, 0.06159729999490082, 0.07822509994730353, 0.09483600000385195, 0.11152929998934269, 0.1282182999420911, 0.14484839991200715, 0.1616223999299109, 0.17808919993694872, 0.1948461999418214, 0.21161509992089123, 0.22812420001719147, 0.2445802999427542, 0.26136749994475394, 0.2783713999669999, 0.2947926999768242, 0.31110849999822676, 0.3278813000069931, 0.3452189000090584]	173.0	317.0	0.7	19b
143	5	go_nogo	0	60	8	go	click	[33.0, 33.0, 58.0, 81.0, 103.0, 119.0, 129.0, 137.0, 144.0, 150.0, 154.0, 159.0, 171.0, 174.0, 183.0, 183.0, 184.0, 185.0, 186.0, 190.0, 197.0, 201.0, 203.0, 204.0, 204.0, 204.0, 204.0]	[-224.0, -224.0, -138.0, -60.0, 3.0, 43.0, 72.0, 99.0, 124.0, 141.0, 151.0, 163.0, 189.0, 200.0, 217.0, 219.0, 221.0, 224.0, 232.0, 247.0, 264.0, 278.0, 283.0, 283.0, 284.0, 284.0, 284.0]	[0, 0, 0, 0, 0, 0, 0, 0, 0, 0, 0, 0, 0, 0, 0, 0, 0, 0, 0, 0, 0, 0, 0, 0, 0, 0, 1]	[0, 0, 0, 0, 0, 0, 0, 0, 0, 0, 0, 0, 0, 0, 0, 0, 0, 0, 0, 0, 0, 0, 0, 0, 0, 0, 0]	[0, 0, 0, 0, 0, 0, 0, 0, 0, 0, 0, 0, 0, 0, 0, 0, 0, 0, 0, 0, 0, 0, 0, 0, 0, 0, 0]	[0.00018440000712871552, 0.011764699942432344, 0.02825129998382181, 0.04464690003078431, 0.061395399970933795, 0.07799969997722656, 0.0947808000491932, 0.11135919997468591, 0.12810740002896637, 0.14479699998628348, 0.1612811000086367, 0.17808600002899766, 0.19491319998633116, 0.2116385999834165, 0.2282573999837041, 0.24471370002720505, 0.2615065999561921, 0.2780561000108719, 0.2948517999611795, 0.3113642999669537, 0.3283002999378368, 0.3447765000164509, 0.36128630000166595, 0.37818100000731647, 0.3944535000482574, 0.4111465000314638, 0.42831410001963377]	204.0	284.0	0.8	19b
144	5	go_nogo	0	60	3	go	click	[32.0, 32.0, 48.0, 80.0, 121.0, 152.0, 160.0, 165.0, 171.0, 177.0, 181.0, 183.0, 185.0, 186.0, 186.0, 186.0, 186.0, 186.0, 186.0, 186.0, 187.0, 189.0, 190.0, 193.0, 194.0, 194.0]	[-237.0, -237.0, -188.0, -74.0, 34.0, 118.0, 139.0, 155.0, 174.0, 191.0, 208.0, 221.0, 229.0, 233.0, 233.0, 233.0, 233.0, 233.0, 233.0, 237.0, 244.0, 252.0, 259.0, 265.0, 268.0, 268.0]	[0, 0, 0, 0, 0, 0, 0, 0, 0, 0, 0, 0, 0, 0, 0, 0, 0, 0, 0, 0, 0, 0, 0, 0, 0, 1]	[0, 0, 0, 0, 0, 0, 0, 0, 0, 0, 0, 0, 0, 0, 0, 0, 0, 0, 0, 0, 0, 0, 0, 0, 0, 0]	[0, 0, 0, 0, 0, 0, 0, 0, 0, 0, 0, 0, 0, 0, 0, 0, 0, 0, 0, 0, 0, 0, 0, 0, 0, 0]	[0.00023999996483325958, 0.010799900046549737, 0.02757120004389435, 0.044084600056521595, 0.060687500052154064, 0.07773410005029291, 0.09400829998776317, 0.11077400005888194, 0.12747229996602982, 0.14424769999459386, 0.16086880001239479, 0.17733890004456043, 0.19427290000021458, 0.21048220002558082, 0.22707729996182024, 0.24374649999663234, 0.2603973000077531, 0.2771177999675274, 0.2939481999492273, 0.3106546000344679, 0.32739570003468543, 0.34402880002744496, 0.36091040004976094, 0.3774988000513986, 0.3936789999715984, 0.41092589998152107]	194.0	268.0	0.7	19b
145	5	go_nogo	0	60	6	go	click	[12.0, 12.0, 44.0, 97.0, 141.0, 167.0, 187.0, 205.0, 214.0, 225.0, 229.0, 231.0, 235.0, 239.0, 249.0, 254.0, 255.0, 256.0, 256.0, 255.0, 254.0, 254.0, 254.0, 254.0, 254.0, 254.0, 254.0, 254.0, 254.0, 254.0, 254.0, 254.0, 254.0, 254.0, 250.0, 243.0, 240.0, 239.0, 239.0, 238.0, 238.0]	[-236.0, -236.0, -152.0, -53.0, 23.0, 80.0, 125.0, 163.0, 192.0, 222.0, 235.0, 245.0, 256.0, 273.0, 294.0, 308.0, 312.0, 313.0, 315.0, 316.0, 317.0, 318.0, 318.0, 318.0, 318.0, 318.0, 318.0, 318.0, 318.0, 318.0, 318.0, 318.0, 318.0, 317.0, 310.0, 303.0, 300.0, 298.0, 297.0, 296.0, 296.0]	[0, 0, 0, 0, 0, 0, 0, 0, 0, 0, 0, 0, 0, 0, 0, 0, 0, 0, 0, 0, 0, 0, 0, 1, 1, 1, 1, 1, 1, 0, 0, 0, 0, 0, 0, 0, 0, 0, 0, 0, 1]	[0, 0, 0, 0, 0, 0, 0, 0, 0, 0, 0, 0, 0, 0, 0, 0, 0, 0, 0, 0, 0, 0, 0, 0, 0, 0, 0, 0, 0, 0, 0, 0, 0, 0, 0, 0, 0, 0, 0, 0, 0]	[0, 0, 0, 0, 0, 0, 0, 0, 0, 0, 0, 0, 0, 0, 0, 0, 0, 0, 0, 0, 0, 0, 0, 0, 0, 0, 0, 0, 0, 0, 0, 0, 0, 0, 0, 0, 0, 0, 0, 0, 0]	[9.010010398924351e-05, 0.0109108000760898, 0.02818160003516823, 0.04402860009577125, 0.060679699992761016, 0.0775249000871554, 0.09440220007672906, 0.11079370009247214, 0.1276265000924468, 0.14425520005170256, 0.16092500009108335, 0.17755660007242113, 0.19437979999929667, 0.2109336000867188, 0.22758970002178103, 0.24427790008485317, 0.26093690004199743, 0.2776276000076905, 0.2943205999908969, 0.3111279000295326, 0.3276516000041738, 0.3439792999997735, 0.36085759999696165, 0.3776310000102967, 0.39402240002527833, 0.41055890009738505, 0.42733810003846884, 0.4439942000899464, 0.46054870006628335, 0.47757510002702475, 0.49376030010171235, 0.5105483999941498, 0.5276593000162393, 0.5439263000153005, 0.5608783999923617, 0.5773272000951692, 0.5940839000977576, 0.6107184001011774, 0.6272126000840217, 0.6438028000993654, 0.6613067000871524]	238.0	296.0	0.5	19b
146	5	go_nogo	0	60	1	nogo	none	[46.0, 46.0, 70.0, 80.0, 97.0, 104.0, 110.0, 117.0, 122.0, 125.0, 127.0, 127.0, 130.0, 133.0, 136.0, 137.0, 138.0, 140.0, 144.0, 148.0, 152.0, 156.0, 156.0, 156.0, 156.0, 156.0, 156.0, 156.0, 156.0, 156.0, 156.0, 156.0, 156.0, 156.0, 156.0, 156.0, 156.0, 156.0, 156.0, 156.0, 156.0, 156.0, 156.0, 156.0, 156.0, 156.0, 156.0, 156.0, 156.0, 156.0, 156.0, 156.0, 156.0, 156.0, 156.0, 156.0, 156.0, 156.0, 156.0, 156.0, 156.0, 156.0, 156.0, 156.0, 156.0]	[-233.0, -233.0, -169.0, -140.0, -85.0, -48.0, -8.0, 34.0, 75.0, 99.0, 116.0, 126.0, 144.0, 161.0, 178.0, 184.0, 188.0, 196.0, 208.0, 223.0, 234.0, 242.0, 245.0, 246.0, 246.0, 246.0, 246.0, 246.0, 246.0, 246.0, 246.0, 246.0, 246.0, 246.0, 246.0, 246.0, 246.0, 246.0, 246.0, 246.0, 246.0, 246.0, 246.0, 246.0, 246.0, 246.0, 246.0, 246.0, 246.0, 246.0, 246.0, 246.0, 246.0, 246.0, 246.0, 246.0, 246.0, 246.0, 246.0, 246.0, 246.0, 246.0, 246.0, 246.0, 246.0]	[0, 0, 0, 0, 0, 0, 0, 0, 0, 0, 0, 0, 0, 0, 0, 0, 0, 0, 0, 0, 0, 0, 0, 0, 0, 0, 0, 0, 0, 0, 0, 0, 0, 0, 0, 0, 0, 0, 0, 0, 0, 0, 0, 0, 0, 0, 0, 0, 0, 0, 0, 0, 0, 0, 0, 0, 0, 0, 0, 0, 0, 0, 0, 0, 0]	[0, 0, 0, 0, 0, 0, 0, 0, 0, 0, 0, 0, 0, 0, 0, 0, 0, 0, 0, 0, 0, 0, 0, 0, 0, 0, 0, 0, 0, 0, 0, 0, 0, 0, 0, 0, 0, 0, 0, 0, 0, 0, 0, 0, 0, 0, 0, 0, 0, 0, 0, 0, 0, 0, 0, 0, 0, 0, 0, 0, 0, 0, 0, 0, 0]	[0, 0, 0, 0, 0, 0, 0, 0, 0, 0, 0, 0, 0, 0, 0, 0, 0, 0, 0, 0, 0, 0, 0, 0, 0, 0, 0, 0, 0, 0, 0, 0, 0, 0, 0, 0, 0, 0, 0, 0, 0, 0, 0, 0, 0, 0, 0, 0, 0, 0, 0, 0, 0, 0, 0, 0, 0, 0, 0, 0, 0, 0, 0, 0, 0]	[0.00020839995704591274, 0.010761999990791082, 0.026965499971993268, 0.0436599999666214, 0.06049840000923723, 0.07698070001788437, 0.09367670002393425, 0.11067269998602569, 0.12719300005119294, 0.14400540001224726, 0.16055919998325408, 0.17728930001612753, 0.19395850005093962, 0.21062010002788156, 0.2278793000150472, 0.2438626999501139, 0.2612775999587029, 0.27700140001252294, 0.29378960002213717, 0.31035329995211214, 0.32717029994819313, 0.3434951000381261, 0.3603208999847993, 0.3768842000281438, 0.39339109999127686, 0.41017050005029887, 0.42675330000929534, 0.4435500999679789, 0.46019060001708567, 0.47699210001155734, 0.4935232000425458, 0.5104750000173226, 0.5269389000022784, 0.5437450000317767, 0.5602060999954119, 0.5768677999731153, 0.5934109999798238, 0.6101677999831736, 0.6269479000475258, 0.6437619000207633, 0.6601688000373542, 0.6769776999717578, 0.6936319000087678, 0.7101148000219837, 0.726932100020349, 0.7436718000099063, 0.7601390000199899, 0.7768394000595436, 0.7934463999699801, 0.8100041999714449, 0.8267991000320762, 0.8435152999591082, 0.8601535999914631, 0.87676370004192, 0.8935420999769121, 0.910232900059782, 0.9269047999987379, 0.943489299970679, 0.9600932999746874, 0.9768879000330344, 0.9935216000303626, 1.0100685999495909, 1.0268059000372887, 1.043449699995108, 1.0599461999954656]	n/a	n/a	1.0	19b
147	5	go_nogo	0	60	8	go	click	[14.0, 14.0, 27.0, 61.0, 95.0, 122.0, 138.0, 148.0, 158.0, 164.0, 166.0, 167.0, 168.0, 171.0, 177.0, 182.0, 186.0, 188.0, 189.0, 192.0, 193.0, 193.0, 198.0, 198.0, 198.0]	[-254.0, -254.0, -209.0, -102.0, -3.0, 61.0, 104.0, 129.0, 155.0, 170.0, 177.0, 181.0, 184.0, 192.0, 208.0, 222.0, 232.0, 238.0, 246.0, 265.0, 281.0, 290.0, 306.0, 307.0, 307.0]	[0, 0, 0, 0, 0, 0, 0, 0, 0, 0, 0, 0, 0, 0, 0, 0, 0, 0, 0, 0, 0, 0, 0, 0, 1]	[0, 0, 0, 0, 0, 0, 0, 0, 0, 0, 0, 0, 0, 0, 0, 0, 0, 0, 0, 0, 0, 0, 0, 0, 0]	[0, 0, 0, 0, 0, 0, 0, 0, 0, 0, 0, 0, 0, 0, 0, 0, 0, 0, 0, 0, 0, 0, 0, 0, 0]	[0.00018850003834813833, 0.009528000024147332, 0.026329000014811754, 0.04311019997112453, 0.05991650000214577, 0.07634310005232692, 0.09298970003146678, 0.110001299995929, 0.12634930002968758, 0.14366970001719892, 0.1602390999905765, 0.17592130007687956, 0.19260219996795058, 0.20935829996597022, 0.22617490007542074, 0.24286990007385612, 0.25950380007270724, 0.27611069998238236, 0.2929237000644207, 0.3092750000068918, 0.3261323000770062, 0.34270689997356385, 0.35922410001512617, 0.37584730004891753, 0.39301070000510663]	199.0	307.0	0.8	19b
148	5	go_nogo	0	60	3	go	click	[79.0, 96.0, 96.0, 140.0, 157.0, 168.0, 174.0, 180.0, 187.0, 190.0, 194.0, 196.0, 197.0, 197.0, 198.0, 199.0, 200.0, 203.0, 207.0, 208.0, 208.0, 208.0, 208.0, 208.0, 208.0, 208.0]	[-135.0, -70.0, -70.0, 107.0, 195.0, 243.0, 269.0, 283.0, 298.0, 308.0, 315.0, 320.0, 322.0, 323.0, 325.0, 326.0, 330.0, 340.0, 350.0, 352.0, 352.0, 352.0, 352.0, 352.0, 352.0, 351.0]	[0, 0, 0, 0, 0, 0, 0, 0, 0, 0, 0, 0, 0, 0, 0, 0, 0, 0, 0, 0, 0, 0, 1, 1, 1, 1]	[0, 0, 0, 0, 0, 0, 0, 0, 0, 0, 0, 0, 0, 0, 0, 0, 0, 0, 0, 0, 0, 0, 0, 0, 0, 0]	[0, 0, 0, 0, 0, 0, 0, 0, 0, 0, 0, 0, 0, 0, 0, 0, 0, 0, 0, 0, 0, 0, 0, 0, 0, 0]	[0.00036910001654177904, 0.008491099928505719, 0.025783299934118986, 0.04219760000705719, 0.05938719992991537, 0.07538049994036555, 0.09232970001176, 0.10876319999806583, 0.1252311000134796, 0.1418466999894008, 0.15881039993837476, 0.1753002000041306, 0.19200019992422312, 0.20930579991545528, 0.2253954999614507, 0.24281289998907596, 0.25890439993236214, 0.27540389995556325, 0.2921941999811679, 0.30861079995520413, 0.3252740999450907, 0.3419605999952182, 0.3589405999518931, 0.3751018999610096, 0.39210619998630136, 0.4089566000038758]	208.0	350.0	0.8	19b
149	5	go_nogo	0	60	7	go	click	[48.0, 48.0, 99.0, 148.0, 174.0, 194.0, 207.0, 218.0, 228.0, 234.0, 239.0, 244.0, 245.0, 246.0, 246.0, 246.0, 246.0, 246.0, 246.0, 246.0, 246.0, 246.0, 243.0, 235.0, 226.0, 219.0, 216.0, 212.0, 211.0, 210.0, 210.0]	[-237.0, -237.0, -78.0, 50.0, 132.0, 198.0, 243.0, 291.0, 332.0, 359.0, 378.0, 394.0, 400.0, 401.0, 401.0, 401.0, 401.0, 401.0, 401.0, 401.0, 401.0, 401.0, 394.0, 372.0, 355.0, 341.0, 333.0, 328.0, 324.0, 322.0, 321.0]	[0, 0, 0, 0, 0, 0, 0, 0, 0, 0, 0, 0, 0, 0, 0, 0, 0, 0, 0, 0, 0, 0, 0, 0, 0, 0, 0, 0, 0, 0, 1]	[0, 0, 0, 0, 0, 0, 0, 0, 0, 0, 0, 0, 0, 0, 0, 0, 0, 0, 0, 0, 0, 0, 0, 0, 0, 0, 0, 0, 0, 0, 0]	[0, 0, 0, 0, 0, 0, 0, 0, 0, 0, 0, 0, 0, 0, 0, 0, 0, 0, 0, 0, 0, 0, 0, 0, 0, 0, 0, 0, 0, 0, 0]	[7.349997758865356e-05, 0.010008899960666895, 0.026886199950240552, 0.04364299995359033, 0.06038300006184727, 0.077362300013192, 0.0936945000430569, 0.11050950002390891, 0.1269124000100419, 0.14377860003151, 0.16053310001734644, 0.17709420004393905, 0.19407379999756813, 0.20991249999497086, 0.22692040004767478, 0.24353940004948527, 0.25994110002648085, 0.27682170004118234, 0.29353380005341023, 0.3100401000119746, 0.32678370003122836, 0.3438987999688834, 0.360307399998419, 0.37700900004711, 0.3935658000409603, 0.41099270002450794, 0.4269536000210792, 0.4433693999890238, 0.46025849995203316, 0.4767631000140682, 0.49350640003103763]	210.0	321.0	0.9	19b
150	5	go_nogo	0	60	7	go	click	[41.0, 41.0, 63.0, 106.0, 143.0, 165.0, 180.0, 189.0, 196.0, 198.0, 199.0, 199.0, 199.0, 199.0, 199.0, 199.0, 199.0, 198.0, 197.0, 197.0, 197.0, 197.0, 197.0, 197.0, 197.0, 197.0, 198.0, 198.0, 198.0, 198.0, 199.0, 200.0, 200.0]	[-236.0, -236.0, -178.0, -48.0, 60.0, 112.0, 158.0, 189.0, 215.0, 227.0, 233.0, 237.0, 239.0, 241.0, 244.0, 247.0, 252.0, 261.0, 274.0, 285.0, 288.0, 288.0, 288.0, 288.0, 288.0, 288.0, 290.0, 292.0, 292.0, 292.0, 292.0, 292.0, 292.0]	[0, 0, 0, 0, 0, 0, 0, 0, 0, 0, 0, 0, 0, 0, 0, 0, 0, 0, 0, 0, 0, 0, 0, 0, 0, 0, 0, 0, 0, 0, 0, 0, 1]	[0, 0, 0, 0, 0, 0, 0, 0, 0, 0, 0, 0, 0, 0, 0, 0, 0, 0, 0, 0, 0, 0, 0, 0, 0, 0, 0, 0, 0, 0, 0, 0, 0]	[0, 0, 0, 0, 0, 0, 0, 0, 0, 0, 0, 0, 0, 0, 0, 0, 0, 0, 0, 0, 0, 0, 0, 0, 0, 0, 0, 0, 0, 0, 0, 0, 0]	[0.0003206999972462654, 0.01091230008751154, 0.027460800018161535, 0.04411000001709908, 0.06072560010943562, 0.0775283999973908, 0.09439740004017949, 0.11133490002248436, 0.12809470004867762, 0.1441451000282541, 0.1604141000425443, 0.17727310000918806, 0.1941087000304833, 0.21066229999996722, 0.22736740007530898, 0.2438834001077339, 0.26039830001536757, 0.2771629000781104, 0.29377740004565567, 0.3108821000205353, 0.3269455000991002, 0.3437414000509307, 0.3603999000042677, 0.3775035000871867, 0.3937386000761762, 0.41089150006882846, 0.42788880004081875, 0.44401790003757924, 0.46041070006322116, 0.4773020000429824, 0.4941206000512466, 0.5104183000512421, 0.5275542000308633]	199.0	290.0	0.9	19b
151	5	go_nogo	0	60	8	go	click	[60.0, 60.0, 96.0, 159.0, 213.0, 268.0, 283.0, 289.0, 292.0, 292.0, 291.0, 290.0, 287.0, 286.0, 283.0, 281.0, 274.0, 261.0, 253.0, 246.0, 241.0, 235.0, 231.0, 230.0, 229.0, 229.0]	[-210.0, -210.0, -157.0, -71.0, 29.0, 156.0, 199.0, 232.0, 251.0, 261.0, 269.0, 277.0, 284.0, 288.0, 289.0, 290.0, 290.0, 290.0, 293.0, 295.0, 299.0, 301.0, 302.0, 304.0, 304.0, 304.0]	[0, 0, 0, 0, 0, 0, 0, 0, 0, 0, 0, 0, 0, 0, 0, 0, 0, 0, 0, 0, 0, 0, 0, 0, 0, 1]	[0, 0, 0, 0, 0, 0, 0, 0, 0, 0, 0, 0, 0, 0, 0, 0, 0, 0, 0, 0, 0, 0, 0, 0, 0, 0]	[0, 0, 0, 0, 0, 0, 0, 0, 0, 0, 0, 0, 0, 0, 0, 0, 0, 0, 0, 0, 0, 0, 0, 0, 0, 0]	[0.00029120000544935465, 0.0110126999206841, 0.027505000005476177, 0.04421129997354001, 0.060971600003540516, 0.07773059990722686, 0.09451959992293268, 0.11084619991015643, 0.12757079990115017, 0.14424689998850226, 0.1610783999785781, 0.17749179992824793, 0.19443259993568063, 0.2107945999596268, 0.22771999996621162, 0.2441539999563247, 0.26144679996650666, 0.2774487999267876, 0.29416119994129986, 0.31092799990437925, 0.32775169995147735, 0.34430389991030097, 0.36086169991176575, 0.37787889991886914, 0.39414529991336167, 0.41103319998364896]	229.0	304.0	0.8	19b
152	5	go_nogo	0	60	8	go	click	[66.0, 85.0, 100.0, 132.0, 152.0, 159.0, 164.0, 167.0, 168.0, 169.0, 170.0, 170.0, 170.0, 170.0, 170.0, 170.0, 170.0, 170.0, 170.0, 170.0, 170.0, 170.0]	[-186.0, -98.0, -7.0, 142.0, 233.0, 276.0, 310.0, 325.0, 336.0, 344.0, 346.0, 347.0, 347.0, 347.0, 347.0, 347.0, 347.0, 347.0, 347.0, 347.0, 347.0, 347.0]	[0, 0, 0, 0, 0, 0, 0, 0, 0, 0, 0, 0, 0, 0, 0, 0, 0, 0, 0, 0, 0, 1]	[0, 0, 0, 0, 0, 0, 0, 0, 0, 0, 0, 0, 0, 0, 0, 0, 0, 0, 0, 0, 0, 0]	[0, 0, 0, 0, 0, 0, 0, 0, 0, 0, 0, 0, 0, 0, 0, 0, 0, 0, 0, 0, 0, 0]	[9.770004544407129e-05, 0.013284199987538159, 0.029607700067572296, 0.046347100054845214, 0.06304979999549687, 0.0801795000443235, 0.09659029997419566, 0.11331629997584969, 0.13021129998378456, 0.14648860006127506, 0.1634353999979794, 0.17962209996767342, 0.19608090003021061, 0.21278980001807213, 0.2296541000250727, 0.24633029999677092, 0.2629377000266686, 0.2796264999778941, 0.2962610999820754, 0.3129340000450611, 0.32971109997015446, 0.3466637000674382]	170.0	347.0	1.0	19b
153	5	go_nogo	0	60	4	go	click	[60.0, 60.0, 75.0, 131.0, 146.0, 158.0, 166.0, 173.0, 179.0, 187.0, 195.0, 202.0, 208.0, 213.0, 223.0, 225.0, 225.0, 225.0, 225.0, 225.0, 225.0, 225.0, 225.0, 225.0]	[-242.0, -242.0, -193.0, -13.0, 51.0, 93.0, 127.0, 156.0, 181.0, 211.0, 237.0, 256.0, 269.0, 283.0, 311.0, 318.0, 318.0, 318.0, 318.0, 318.0, 318.0, 319.0, 319.0, 319.0]	[0, 0, 0, 0, 0, 0, 0, 0, 0, 0, 0, 0, 0, 0, 0, 0, 0, 0, 0, 0, 0, 0, 0, 1]	[0, 0, 0, 0, 0, 0, 0, 0, 0, 0, 0, 0, 0, 0, 0, 0, 0, 0, 0, 0, 0, 0, 0, 0]	[0, 0, 0, 0, 0, 0, 0, 0, 0, 0, 0, 0, 0, 0, 0, 0, 0, 0, 0, 0, 0, 0, 0, 0]	[0.00018610002007335424, 0.01065119996201247, 0.027232400025241077, 0.04448349995072931, 0.06075730000156909, 0.07794560003094375, 0.09398769994731992, 0.11088729999028146, 0.1271819999674335, 0.14408590004313737, 0.1607174000237137, 0.1773914999794215, 0.1940920000197366, 0.2106437999755144, 0.22759689996019006, 0.24373620003461838, 0.26047370000742376, 0.27729009999893606, 0.2937323999358341, 0.3106402000412345, 0.3275511999381706, 0.343671299982816, 0.3606208999408409, 0.37752640002872795]	225.0	319.0	0.6	19b
154	5	go_nogo	0	60	6	go	click	[54.0, 54.0, 73.0, 130.0, 150.0, 163.0, 170.0, 174.0, 176.0, 176.0, 176.0, 177.0, 177.0, 177.0, 177.0, 177.0, 177.0, 177.0, 177.0, 177.0, 178.0, 179.0, 179.0, 180.0, 180.0, 180.0, 180.0, 181.0, 181.0, 181.0]	[-161.0, -161.0, -107.0, 35.0, 105.0, 154.0, 188.0, 200.0, 204.0, 206.0, 206.0, 206.0, 206.0, 206.0, 206.0, 206.0, 206.0, 206.0, 206.0, 209.0, 225.0, 245.0, 260.0, 266.0, 270.0, 274.0, 285.0, 290.0, 291.0, 291.0]	[0, 0, 0, 0, 0, 0, 0, 0, 0, 0, 0, 0, 0, 0, 0, 0, 0, 0, 0, 0, 0, 0, 0, 0, 0, 0, 0, 0, 0, 1]	[0, 0, 0, 0, 0, 0, 0, 0, 0, 0, 0, 0, 0, 0, 0, 0, 0, 0, 0, 0, 0, 0, 0, 0, 0, 0, 0, 0, 0, 0]	[0, 0, 0, 0, 0, 0, 0, 0, 0, 0, 0, 0, 0, 0, 0, 0, 0, 0, 0, 0, 0, 0, 0, 0, 0, 0, 0, 0, 0, 0]	[0.00018810003530234098, 0.0101091000251472, 0.026992599945515394, 0.04401419998612255, 0.06059070001356304, 0.07675529993139207, 0.09338710003066808, 0.11025259993039072, 0.12674079998396337, 0.14340269996318966, 0.15996049996465445, 0.17629189998842776, 0.19323800003621727, 0.20999789994675666, 0.2264055999694392, 0.24332559993490577, 0.25986450002528727, 0.2766684000380337, 0.293412399943918, 0.3099334000144154, 0.32644099998287857, 0.34308659995440394, 0.3597782999277115, 0.37646089994814247, 0.393250499968417, 0.41032779996749014, 0.42642649996560067, 0.4433114000130445, 0.4596566000254825, 0.476768699940294]	181.0	291.0	0.6	19b
155	5	go_nogo	0	60	8	go	click	[72.0, 72.0, 87.0, 107.0, 118.0, 140.0, 153.0, 167.0, 178.0, 183.0, 187.0, 192.0, 197.0, 201.0, 201.0, 201.0, 202.0, 202.0, 202.0, 202.0, 202.0, 202.0, 202.0, 203.0, 206.0, 207.0, 207.0, 207.0, 207.0, 207.0, 207.0]	[-226.0, -226.0, -184.0, -129.0, -85.0, 22.0, 93.0, 144.0, 175.0, 190.0, 204.0, 215.0, 229.0, 239.0, 240.0, 240.0, 239.0, 239.0, 239.0, 239.0, 240.0, 240.0, 243.0, 248.0, 258.0, 272.0, 287.0, 294.0, 297.0, 298.0, 298.0]	[0, 0, 0, 0, 0, 0, 0, 0, 0, 0, 0, 0, 0, 0, 0, 0, 0, 0, 0, 0, 0, 0, 0, 0, 0, 0, 0, 0, 0, 0, 1]	[0, 0, 0, 0, 0, 0, 0, 0, 0, 0, 0, 0, 0, 0, 0, 0, 0, 0, 0, 0, 0, 0, 0, 0, 0, 0, 0, 0, 0, 0, 0]	[0, 0, 0, 0, 0, 0, 0, 0, 0, 0, 0, 0, 0, 0, 0, 0, 0, 0, 0, 0, 0, 0, 0, 0, 0, 0, 0, 0, 0, 0, 0]	[0.0003073000116273761, 0.011489500058814883, 0.027848800062201917, 0.04480250005144626, 0.061253400053828955, 0.07855320000089705, 0.09516879997681826, 0.11142329999711365, 0.12800270004663616, 0.14466830005403608, 0.1613503999542445, 0.1781001000199467, 0.19493180001154542, 0.21126080001704395, 0.2278775000013411, 0.24475780001375824, 0.2610807999735698, 0.2778391999891028, 0.2943905000574887, 0.31110499997157604, 0.32767609995789826, 0.34576880000531673, 0.3610843999776989, 0.37776589998975396, 0.3944321000017226, 0.41144139994867146, 0.4278440000489354, 0.4445043000159785, 0.461027399986051, 0.4778083000564948, 0.4943302000174299]	207.0	298.0	0.5	19b
156	5	go_nogo	0	60	7	go	click	[28.0, 28.0, 71.0, 145.0, 204.0, 230.0, 244.0, 250.0, 251.0, 251.0, 251.0, 251.0, 251.0, 250.0, 250.0, 251.0, 251.0, 251.0, 251.0, 251.0, 249.0, 248.0, 247.0, 247.0, 247.0]	[-229.0, -229.0, -116.0, 15.0, 116.0, 173.0, 214.0, 239.0, 254.0, 264.0, 272.0, 276.0, 277.0, 284.0, 302.0, 323.0, 328.0, 330.0, 330.0, 330.0, 330.0, 329.0, 329.0, 328.0, 328.0]	[0, 0, 0, 0, 0, 0, 0, 0, 0, 0, 0, 0, 0, 0, 0, 0, 0, 0, 0, 0, 0, 0, 0, 0, 1]	[0, 0, 0, 0, 0, 0, 0, 0, 0, 0, 0, 0, 0, 0, 0, 0, 0, 0, 0, 0, 0, 0, 0, 0, 0]	[0, 0, 0, 0, 0, 0, 0, 0, 0, 0, 0, 0, 0, 0, 0, 0, 0, 0, 0, 0, 0, 0, 0, 0, 0]	[0.00021860003471374512, 0.010932100005447865, 0.027171900030225515, 0.0438352000201121, 0.06056979997083545, 0.07667039998341352, 0.09355210000649095, 0.11024449998512864, 0.12686109996866435, 0.14374109997879714, 0.16024120000656694, 0.17691250005736947, 0.19355890003498644, 0.21023039997089654, 0.22722949995659292, 0.24346769996918738, 0.26024400000460446, 0.2767714000074193, 0.2934339999919757, 0.3102808999828994, 0.3270785000640899, 0.34384640003554523, 0.36057520005851984, 0.37650979997124523, 0.393635299988091]	247.0	328.0	0.6	19b
157	5	go_nogo	0	60	7	go	click	[97.0, 97.0, 116.0, 141.0, 152.0, 156.0, 162.0, 164.0, 167.0, 169.0, 169.0, 169.0, 170.0, 170.0, 170.0, 170.0, 170.0, 170.0, 170.0, 170.0]	[-67.0, -67.0, 25.0, 161.0, 223.0, 254.0, 281.0, 294.0, 305.0, 313.0, 315.0, 316.0, 317.0, 317.0, 317.0, 317.0, 317.0, 317.0, 317.0, 317.0]	[0, 0, 0, 0, 0, 0, 0, 0, 0, 0, 0, 0, 0, 0, 0, 0, 0, 0, 0, 1]	[0, 0, 0, 0, 0, 0, 0, 0, 0, 0, 0, 0, 0, 0, 0, 0, 0, 0, 0, 0]	[0, 0, 0, 0, 0, 0, 0, 0, 0, 0, 0, 0, 0, 0, 0, 0, 0, 0, 0, 0]	[0.0003013999667018652, 0.010972999967634678, 0.027552900020964444, 0.04391440004110336, 0.060522499959915876, 0.0772574000293389, 0.0941356000257656, 0.11068889999296516, 0.1272025000071153, 0.14368159999139607, 0.16023110004607588, 0.1769190999912098, 0.19354450004175305, 0.21018379996530712, 0.22722380002960563, 0.24368509999476373, 0.2603466999717057, 0.2770580999786034, 0.293680900009349, 0.3107801000587642]	170.0	317.0	0.9	19b
158	5	go_nogo	0	60	9	nogo	none	[15.0, 15.0, 60.0, 101.0, 132.0, 155.0, 172.0, 190.0, 214.0, 228.0, 235.0, 239.0, 240.0, 241.0, 241.0, 241.0, 241.0, 241.0, 241.0, 238.0, 232.0, 223.0, 218.0, 215.0, 214.0, 214.0, 214.0, 214.0, 214.0, 214.0, 214.0, 214.0, 214.0, 214.0, 214.0, 214.0, 214.0, 214.0, 214.0, 214.0, 214.0, 214.0, 214.0, 214.0, 214.0, 214.0, 214.0, 214.0, 214.0, 214.0, 214.0, 214.0, 214.0, 214.0, 214.0, 214.0, 214.0, 214.0, 214.0, 214.0, 214.0, 214.0, 214.0, 214.0, 214.0, 214.0, 214.0]	[-278.0, -278.0, -195.0, -120.0, -61.0, -15.0, 25.0, 76.0, 140.0, 178.0, 199.0, 211.0, 215.0, 220.0, 225.0, 228.0, 228.0, 229.0, 231.0, 243.0, 260.0, 278.0, 288.0, 292.0, 293.0, 294.0, 294.0, 294.0, 294.0, 294.0, 294.0, 294.0, 294.0, 294.0, 294.0, 294.0, 294.0, 294.0, 294.0, 294.0, 294.0, 294.0, 294.0, 294.0, 294.0, 294.0, 294.0, 294.0, 294.0, 294.0, 294.0, 294.0, 294.0, 294.0, 294.0, 294.0, 294.0, 294.0, 294.0, 294.0, 294.0, 294.0, 294.0, 294.0, 294.0, 294.0, 294.0]	[0, 0, 0, 0, 0, 0, 0, 0, 0, 0, 0, 0, 0, 0, 0, 0, 0, 0, 0, 0, 0, 0, 0, 0, 0, 0, 0, 0, 0, 0, 0, 0, 0, 0, 0, 0, 0, 0, 0, 0, 0, 0, 0, 0, 0, 0, 0, 0, 0, 0, 0, 0, 0, 0, 0, 0, 0, 0, 0, 0, 0, 0, 0, 0, 0, 0, 0]	[0, 0, 0, 0, 0, 0, 0, 0, 0, 0, 0, 0, 0, 0, 0, 0, 0, 0, 0, 0, 0, 0, 0, 0, 0, 0, 0, 0, 0, 0, 0, 0, 0, 0, 0, 0, 0, 0, 0, 0, 0, 0, 0, 0, 0, 0, 0, 0, 0, 0, 0, 0, 0, 0, 0, 0, 0, 0, 0, 0, 0, 0, 0, 0, 0, 0, 0]	[0, 0, 0, 0, 0, 0, 0, 0, 0, 0, 0, 0, 0, 0, 0, 0, 0, 0, 0, 0, 0, 0, 0, 0, 0, 0, 0, 0, 0, 0, 0, 0, 0, 0, 0, 0, 0, 0, 0, 0, 0, 0, 0, 0, 0, 0, 0, 0, 0, 0, 0, 0, 0, 0, 0, 0, 0, 0, 0, 0, 0, 0, 0, 0, 0, 0, 0]	[7.539999205619097e-05, 0.011349699925631285, 0.027416299912147224, 0.04423469991888851, 0.06095329998061061, 0.07781689998228103, 0.0944122999208048, 0.11106799996923655, 0.1278980999486521, 0.1444380999309942, 0.16125749994535, 0.1777175999013707, 0.19434129993896931, 0.2115267999470234, 0.22786319989245385, 0.24412079993635416, 0.2610793999629095, 0.27780089993029833, 0.29427459998987615, 0.31097859994042665, 0.32763159996829927, 0.3442896999185905, 0.36083769996184856, 0.3775835999986157, 0.39461279998067766, 0.4108850999036804, 0.42748569999821484, 0.4442462999140844, 0.46074549993500113, 0.47773749998304993, 0.4942135999444872, 0.5108711998909712, 0.5274501999374479, 0.5441936999559402, 0.5608580999542028, 0.5774310999549925, 0.5942449999274686, 0.6106894999975339, 0.6274520999286324, 0.6443908999208361, 0.6611197999445722, 0.677528899977915, 0.6941931999754161, 0.7109646999742836, 0.7274764999747276, 0.7443153999047354, 0.7610398998949677, 0.7773733999347314, 0.7939880999037996, 0.8106387999141589, 0.8275358999380842, 0.8440038999542594, 0.8608302999055013, 0.8774369999300689, 0.8937441998859867, 0.9107651999220252, 0.9272959999507293, 0.9441059998935089, 0.9606633998919278, 0.9774058999028057, 0.9940928999567404, 1.0106343999505043, 1.0273630999727175, 1.0441450999351218, 1.060808299924247, 1.077416199957952, 1.0939358999021351]	n/a	n/a	0.8	19b
159	5	go_nogo	0	60	2	go	click	[146.0, 146.0, 199.0, 249.0, 283.0, 297.0, 302.0, 305.0, 305.0, 305.0, 305.0, 305.0, 304.0, 304.0, 304.0, 304.0, 304.0, 302.0, 301.0, 298.0, 295.0, 291.0, 284.0, 274.0, 257.0, 241.0, 219.0, 211.0, 207.0, 206.0]	[-193.0, -193.0, -75.0, 42.0, 137.0, 194.0, 226.0, 249.0, 261.0, 268.0, 273.0, 279.0, 293.0, 314.0, 328.0, 329.0, 330.0, 330.0, 331.0, 332.0, 333.0, 333.0, 333.0, 333.0, 329.0, 322.0, 312.0, 309.0, 308.0, 308.0]	[0, 0, 0, 0, 0, 0, 0, 0, 0, 0, 0, 0, 0, 0, 0, 0, 0, 0, 0, 0, 0, 0, 0, 0, 0, 0, 0, 0, 0, 1]	[0, 0, 0, 0, 0, 0, 0, 0, 0, 0, 0, 0, 0, 0, 0, 0, 0, 0, 0, 0, 0, 0, 0, 0, 0, 0, 0, 0, 0, 0]	[0, 0, 0, 0, 0, 0, 0, 0, 0, 0, 0, 0, 0, 0, 0, 0, 0, 0, 0, 0, 0, 0, 0, 0, 0, 0, 0, 0, 0, 0]	[0.00020849995780736208, 0.009681900031864643, 0.02658890001475811, 0.04392239998560399, 0.06025069998577237, 0.07624349999241531, 0.09250449994578958, 0.10964789998251945, 0.1260669999755919, 0.14251389994751662, 0.1592596999835223, 0.1760643000015989, 0.19274999992921948, 0.209373899968341, 0.2258969999384135, 0.24261870002374053, 0.259527700021863, 0.27595659997314215, 0.29252519994042814, 0.30915169999934733, 0.3257606999250129, 0.3426164999837056, 0.3591479000169784, 0.375778799992986, 0.3924476000247523, 0.4092969000339508, 0.4259285000152886, 0.442718300037086, 0.459143599960953, 0.47642089996952564]	206.0	308.0	0.9	19b
160	5	go_nogo	0	60	7	go	click	[54.0, 54.0, 67.0, 95.0, 117.0, 131.0, 138.0, 144.0, 146.0, 147.0, 148.0, 148.0, 150.0, 153.0, 154.0, 154.0, 154.0, 155.0, 159.0, 176.0, 186.0, 195.0, 197.0, 197.0, 198.0, 198.0]	[-219.0, -219.0, -166.0, -72.0, 12.0, 80.0, 130.0, 177.0, 194.0, 200.0, 204.0, 207.0, 212.0, 218.0, 219.0, 219.0, 219.0, 220.0, 224.0, 246.0, 263.0, 277.0, 282.0, 283.0, 283.0, 283.0]	[0, 0, 0, 0, 0, 0, 0, 0, 0, 0, 0, 0, 0, 0, 0, 0, 0, 0, 0, 0, 0, 0, 0, 0, 0, 1]	[0, 0, 0, 0, 0, 0, 0, 0, 0, 0, 0, 0, 0, 0, 0, 0, 0, 0, 0, 0, 0, 0, 0, 0, 0, 0]	[0, 0, 0, 0, 0, 0, 0, 0, 0, 0, 0, 0, 0, 0, 0, 0, 0, 0, 0, 0, 0, 0, 0, 0, 0, 0]	[0.0001970999874174595, 0.009245599969290197, 0.02628059999551624, 0.04314460000023246, 0.059646799927577376, 0.07641290000174195, 0.09322889999020845, 0.10975199996028095, 0.12628810002934188, 0.1434901999309659, 0.15962159994523972, 0.17656409996561706, 0.19273899996187538, 0.20969829999376088, 0.22618799994233996, 0.24287550000008196, 0.2595626999391243, 0.27628649992402643, 0.29308989993296564, 0.30964779993519187, 0.3262100999709219, 0.34335209999699146, 0.35962150001432747, 0.3762576000299305, 0.39264670002739877, 0.40990029997192323]	198.0	283.0	0.7	19b
161	5	go_nogo	0	60	3	go	click	[91.0, 91.0, 119.0, 138.0, 145.0, 148.0, 153.0, 154.0, 154.0, 154.0, 155.0, 160.0, 166.0, 172.0, 173.0, 173.0, 173.0, 173.0, 173.0, 175.0, 176.0, 176.0]	[-104.0, -104.0, 28.0, 108.0, 149.0, 183.0, 209.0, 228.0, 237.0, 245.0, 256.0, 282.0, 313.0, 332.0, 333.0, 333.0, 333.0, 332.0, 332.0, 332.0, 333.0, 333.0]	[0, 0, 0, 0, 0, 0, 0, 0, 0, 0, 0, 0, 0, 0, 0, 0, 0, 0, 0, 0, 0, 1]	[0, 0, 0, 0, 0, 0, 0, 0, 0, 0, 0, 0, 0, 0, 0, 0, 0, 0, 0, 0, 0, 0]	[0, 0, 0, 0, 0, 0, 0, 0, 0, 0, 0, 0, 0, 0, 0, 0, 0, 0, 0, 0, 0, 0]	[0.00019019993487745523, 0.011428499943576753, 0.02804819995071739, 0.0450733999023214, 0.061684299958869815, 0.07801569998264313, 0.09463889990001917, 0.11162669991608709, 0.12813829991500825, 0.14500919997226447, 0.16146530001424253, 0.17832679999992251, 0.19482490001246333, 0.21154960000421852, 0.22806220001075417, 0.24452670000027865, 0.2615597000112757, 0.2778715000022203, 0.29483929998241365, 0.31133469997439533, 0.32795479998458177, 0.34479309991002083]	176.0	333.0	0.7	19b
162	5	go_nogo	0	60	9	nogo	none	[83.0, 83.0, 122.0, 159.0, 185.0, 206.0, 219.0, 229.0, 230.0, 230.0, 230.0, 230.0, 230.0, 230.0, 230.0, 230.0, 230.0, 230.0, 230.0, 230.0, 230.0, 230.0, 230.0, 230.0, 230.0, 230.0, 230.0, 230.0, 230.0, 230.0, 230.0, 230.0, 230.0, 230.0, 230.0, 230.0, 230.0, 230.0, 230.0, 230.0, 230.0, 230.0, 230.0, 230.0, 230.0, 230.0, 230.0, 230.0, 230.0, 230.0, 230.0, 230.0, 230.0, 230.0, 230.0]	[-169.0, -169.0, -38.0, 91.0, 196.0, 270.0, 323.0, 350.0, 361.0, 363.0, 366.0, 368.0, 371.0, 371.0, 371.0, 371.0, 371.0, 371.0, 371.0, 371.0, 371.0, 371.0, 371.0, 371.0, 371.0, 371.0, 371.0, 371.0, 371.0, 371.0, 371.0, 371.0, 371.0, 371.0, 371.0, 371.0, 371.0, 371.0, 371.0, 371.0, 371.0, 371.0, 371.0, 371.0, 371.0, 371.0, 371.0, 371.0, 371.0, 371.0, 371.0, 371.0, 371.0, 371.0, 371.0]	[0, 0, 0, 0, 0, 0, 0, 0, 0, 0, 0, 0, 0, 0, 0, 0, 0, 1, 1, 1, 1, 1, 1, 1, 1, 1, 1, 1, 1, 1, 1, 1, 1, 1, 1, 1, 1, 1, 1, 1, 1, 1, 1, 1, 1, 1, 1, 1, 1, 1, 1, 1, 1, 1, 1]	[0, 0, 0, 0, 0, 0, 0, 0, 0, 0, 0, 0, 0, 0, 0, 0, 0, 0, 0, 0, 0, 0, 0, 0, 0, 0, 0, 0, 0, 0, 0, 0, 0, 0, 0, 0, 0, 0, 0, 0, 0, 0, 0, 0, 0, 0, 0, 0, 0, 0, 0, 0, 0, 0, 0]	[0, 0, 0, 0, 0, 0, 0, 0, 0, 0, 0, 0, 0, 0, 0, 0, 0, 0, 0, 0, 0, 0, 0, 0, 0, 0, 0, 0, 0, 0, 0, 0, 0, 0, 0, 0, 0, 0, 0, 0, 0, 0, 0, 0, 0, 0, 0, 0, 0, 0, 0, 0, 0, 0, 0]	[0.000246599898673594, 0.010770899942144752, 0.02777429996058345, 0.04413499997463077, 0.060786499991081655, 0.07750309992115945, 0.09416689991485327, 0.11092209990601987, 0.1274766999995336, 0.14420519990380853, 0.16080059995874763, 0.17742959992028773, 0.19397199992090464, 0.21044849988538772, 0.2272658998845145, 0.24383269995450974, 0.26079959992785007, 0.27789199992548674, 0.294104199972935, 0.31062529992777854, 0.32724129990674555, 0.34385009994730353, 0.3605504999868572, 0.3772183998953551, 0.3938601999543607, 0.4105205999221653, 0.4272742999019101, 0.443881299928762, 0.4604343998944387, 0.47704259993042797, 0.49386259994935244, 0.5102668999461457, 0.5271974999923259, 0.5439392999978736, 0.5606490999925882, 0.5770660999696702, 0.5938026999356225, 0.6105549999047071, 0.6272186998976395, 0.6438941999804229, 0.6605640999041498, 0.6773076999234036, 0.6939546999055892, 0.710695399902761, 0.7272248999215662, 0.7438539998838678, 0.7605159999802709, 0.7773149999557063, 0.7938418999547139, 0.810602999990806, 0.8273255999665707, 0.8437517998972908, 0.8603453999385238, 0.8770609999774024, 0.8935881999786943]	n/a	n/a	0.5	19b
163	5	go_nogo	0	60	7	go	click	[57.0, 57.0, 84.0, 99.0, 106.0, 109.0, 111.0, 111.0, 111.0, 112.0, 113.0, 114.0, 117.0, 124.0, 128.0, 129.0, 129.0, 130.0, 131.0, 133.0, 139.0, 145.0, 152.0, 158.0, 160.0, 160.0]	[-132.0, -132.0, -11.0, 57.0, 97.0, 129.0, 157.0, 187.0, 205.0, 212.0, 216.0, 218.0, 225.0, 249.0, 259.0, 260.0, 260.0, 261.0, 263.0, 268.0, 275.0, 283.0, 292.0, 297.0, 300.0, 300.0]	[0, 0, 0, 0, 0, 0, 0, 0, 0, 0, 0, 0, 0, 0, 0, 0, 0, 0, 0, 0, 0, 0, 0, 0, 0, 1]	[0, 0, 0, 0, 0, 0, 0, 0, 0, 0, 0, 0, 0, 0, 0, 0, 0, 0, 0, 0, 0, 0, 0, 0, 0, 0]	[0, 0, 0, 0, 0, 0, 0, 0, 0, 0, 0, 0, 0, 0, 0, 0, 0, 0, 0, 0, 0, 0, 0, 0, 0, 0]	[0.00021630001720041037, 0.012043299968354404, 0.028315900010056794, 0.04474749998189509, 0.06124790001194924, 0.078044299967587, 0.09456100000534207, 0.11136069998610765, 0.12807340000290424, 0.14478540001437068, 0.16142020002007484, 0.17808440001681447, 0.19485019997227937, 0.2113773999735713, 0.22895310004241765, 0.24453989998437464, 0.26125550002325326, 0.2776859999867156, 0.29463809996377677, 0.3112705999519676, 0.32800069998484105, 0.3445431999862194, 0.3613531000446528, 0.3779697000281885, 0.39432960003614426, 0.4109053999418393]	160.0	300.0	1.0	19b
164	5	go_nogo	0	60	3	go	click	[65.0, 65.0, 74.0, 76.0, 81.0, 85.0, 89.0, 92.0, 94.0, 97.0, 99.0, 101.0, 102.0, 105.0, 108.0, 110.0, 113.0, 121.0, 136.0, 153.0, 172.0, 193.0, 203.0, 204.0, 204.0, 204.0]	[-236.0, -236.0, -100.0, 35.0, 123.0, 168.0, 197.0, 214.0, 225.0, 233.0, 238.0, 242.0, 246.0, 252.0, 257.0, 257.0, 257.0, 253.0, 250.0, 254.0, 264.0, 278.0, 286.0, 288.0, 288.0, 288.0]	[0, 0, 0, 0, 0, 0, 0, 0, 0, 0, 0, 0, 0, 0, 0, 0, 0, 0, 0, 0, 0, 0, 0, 0, 0, 1]	[0, 0, 0, 0, 0, 0, 0, 0, 0, 0, 0, 0, 0, 0, 0, 0, 0, 0, 0, 0, 0, 0, 0, 0, 0, 0]	[0, 0, 0, 0, 0, 0, 0, 0, 0, 0, 0, 0, 0, 0, 0, 0, 0, 0, 0, 0, 0, 0, 0, 0, 0, 0]	[0.00022550008725374937, 0.01157720002811402, 0.027937600039876997, 0.04475480003748089, 0.06242339999880642, 0.07788420002907515, 0.09450390003621578, 0.11118530004750937, 0.12772140000015497, 0.14456580008845776, 0.16118599998299032, 0.17793110001366585, 0.1945621999911964, 0.21132340002804995, 0.22815059998538345, 0.2442528000101447, 0.26117499999236315, 0.277843700023368, 0.29459599999245256, 0.31119160004891455, 0.32818830001633614, 0.34452909999527037, 0.36118440004065633, 0.3776164000155404, 0.39433140004985034, 0.41129540000110865]	204.0	288.0	0.6	19b
165	5	go_nogo	0	60	2	go	click	[22.0, 22.0, 41.0, 63.0, 79.0, 101.0, 121.0, 135.0, 144.0, 150.0, 154.0, 155.0, 155.0, 155.0, 156.0, 156.0, 158.0, 160.0, 164.0, 166.0, 166.0]	[-158.0, -158.0, -40.0, 45.0, 106.0, 166.0, 221.0, 260.0, 285.0, 305.0, 316.0, 321.0, 323.0, 324.0, 325.0, 326.0, 328.0, 333.0, 336.0, 336.0, 336.0]	[0, 0, 0, 0, 0, 0, 0, 0, 0, 0, 0, 0, 0, 0, 0, 0, 0, 0, 0, 0, 1]	[0, 0, 0, 0, 0, 0, 0, 0, 0, 0, 0, 0, 0, 0, 0, 0, 0, 0, 0, 0, 0]	[0, 0, 0, 0, 0, 0, 0, 0, 0, 0, 0, 0, 0, 0, 0, 0, 0, 0, 0, 0, 0]	[0.00018910004291683435, 0.010947000002488494, 0.027414800017140806, 0.044385000015608966, 0.061309500015340745, 0.07763880002312362, 0.09425820002797991, 0.1110024000518024, 0.12767379998695105, 0.1443433000240475, 0.1613558999961242, 0.17758180003147572, 0.19403910008259118, 0.21100390003994107, 0.22773590008728206, 0.24437580001540482, 0.2609799000201747, 0.27789720008149743, 0.29436990001704544, 0.31078160007018596, 0.3280660000164062]	167.0	336.0	0.9	19b
166	5	go_nogo	0	60	8	go	click	[77.0, 77.0, 106.0, 133.0, 154.0, 158.0, 161.0, 162.0, 162.0, 164.0, 165.0, 166.0, 166.0, 166.0, 166.0, 166.0, 166.0, 166.0, 167.0, 167.0]	[-203.0, -203.0, -55.0, 73.0, 169.0, 218.0, 242.0, 261.0, 275.0, 292.0, 306.0, 319.0, 323.0, 324.0, 324.0, 324.0, 324.0, 324.0, 324.0, 324.0]	[0, 0, 0, 0, 0, 0, 0, 0, 0, 0, 0, 0, 0, 0, 0, 0, 0, 0, 0, 1]	[0, 0, 0, 0, 0, 0, 0, 0, 0, 0, 0, 0, 0, 0, 0, 0, 0, 0, 0, 0]	[0, 0, 0, 0, 0, 0, 0, 0, 0, 0, 0, 0, 0, 0, 0, 0, 0, 0, 0, 0]	[0.0001962999813258648, 0.012168099987320602, 0.028352999943308532, 0.045053299982100725, 0.06164229998830706, 0.07837060000747442, 0.0949208999518305, 0.11154549999628216, 0.1282876000041142, 0.14520669996272773, 0.16136389994062483, 0.17817520000971854, 0.1951372999465093, 0.2115656000096351, 0.22808419994544238, 0.24471489991992712, 0.2616190999979153, 0.2782866000197828, 0.294909399934113, 0.3117409999249503]	167.0	324.0	0.8	19b
167	5	go_nogo	0	60	9	nogo	none	[55.0, 55.0, 73.0, 90.0, 117.0, 143.0, 156.0, 165.0, 172.0, 175.0, 177.0, 179.0, 182.0, 184.0, 187.0, 188.0, 189.0, 189.0, 190.0, 192.0, 193.0, 194.0, 194.0]	[-237.0, -237.0, -134.0, -38.0, 48.0, 119.0, 164.0, 197.0, 224.0, 242.0, 256.0, 267.0, 276.0, 284.0, 290.0, 293.0, 294.0, 296.0, 305.0, 321.0, 340.0, 344.0, 345.0]	[0, 0, 0, 0, 0, 0, 0, 0, 0, 0, 0, 0, 0, 0, 0, 0, 0, 0, 0, 0, 0, 0, 1]	[0, 0, 0, 0, 0, 0, 0, 0, 0, 0, 0, 0, 0, 0, 0, 0, 0, 0, 0, 0, 0, 0, 0]	[0, 0, 0, 0, 0, 0, 0, 0, 0, 0, 0, 0, 0, 0, 0, 0, 0, 0, 0, 0, 0, 0, 0]	[7.760000880807638e-05, 0.011663999990560114, 0.028210400021634996, 0.04463370004668832, 0.06155900005251169, 0.07817120000254363, 0.09470130002591759, 0.11152480007149279, 0.12805120006669313, 0.14480200002435595, 0.16153510008007288, 0.17843009997159243, 0.19680669996887445, 0.21137280005495995, 0.22806039999704808, 0.24483300000429153, 0.2615133000072092, 0.2780353999696672, 0.2947064000181854, 0.311368599999696, 0.3279060000786558, 0.3446773000760004, 0.36137120006605983]	194.0	345.0	0.8	19b
168	5	go_nogo	0	60	6	go	click	[78.0, 78.0, 94.0, 123.0, 144.0, 156.0, 161.0, 167.0, 170.0, 175.0, 179.0, 183.0, 186.0, 186.0, 186.0, 186.0, 186.0, 186.0, 188.0, 191.0, 195.0, 203.0, 212.0, 218.0, 220.0, 222.0, 222.0]	[-235.0, -235.0, -186.0, -81.0, 0.0, 49.0, 83.0, 124.0, 145.0, 166.0, 189.0, 204.0, 212.0, 213.0, 213.0, 213.0, 213.0, 213.0, 218.0, 232.0, 245.0, 267.0, 294.0, 311.0, 320.0, 324.0, 324.0]	[0, 0, 0, 0, 0, 0, 0, 0, 0, 0, 0, 0, 0, 0, 0, 0, 0, 0, 0, 0, 0, 0, 0, 0, 0, 0, 1]	[0, 0, 0, 0, 0, 0, 0, 0, 0, 0, 0, 0, 0, 0, 0, 0, 0, 0, 0, 0, 0, 0, 0, 0, 0, 0, 0]	[0, 0, 0, 0, 0, 0, 0, 0, 0, 0, 0, 0, 0, 0, 0, 0, 0, 0, 0, 0, 0, 0, 0, 0, 0, 0, 0]	[0.00027929991483688354, 0.009558299905620515, 0.026563899940811098, 0.04324159992393106, 0.059856100007891655, 0.07661210000514984, 0.09330609999597073, 0.1102230999385938, 0.12723329989239573, 0.14381429995410144, 0.16023289994336665, 0.17649809992872179, 0.19339589995797724, 0.2097281999886036, 0.22640249994583428, 0.24360259994864464, 0.26035779993981123, 0.2768906999845058, 0.29356209991965443, 0.3101758999982849, 0.3265266999369487, 0.34337649994995445, 0.3605434999335557, 0.37663769989740103, 0.3932014999445528, 0.4093928999500349, 0.4260789999971166]	222.0	324.0	0.8	19b
169	5	go_nogo	0	60	8	go	click	[85.0, 85.0, 100.0, 120.0, 132.0, 141.0, 149.0, 156.0, 162.0, 168.0, 169.0, 170.0, 173.0, 177.0, 180.0, 180.0, 180.0, 180.0, 180.0, 181.0, 183.0, 188.0, 191.0, 194.0, 194.0, 195.0, 195.0, 195.0]	[-179.0, -179.0, -142.0, -86.0, -47.0, -8.0, 30.0, 68.0, 101.0, 130.0, 139.0, 148.0, 161.0, 178.0, 187.0, 188.0, 188.0, 188.0, 188.0, 190.0, 201.0, 224.0, 248.0, 269.0, 285.0, 293.0, 294.0, 294.0]	[0, 0, 0, 0, 0, 0, 0, 0, 0, 0, 0, 0, 0, 0, 0, 0, 0, 0, 0, 0, 0, 0, 0, 0, 0, 0, 0, 1]	[0, 0, 0, 0, 0, 0, 0, 0, 0, 0, 0, 0, 0, 0, 0, 0, 0, 0, 0, 0, 0, 0, 0, 0, 0, 0, 0, 0]	[0, 0, 0, 0, 0, 0, 0, 0, 0, 0, 0, 0, 0, 0, 0, 0, 0, 0, 0, 0, 0, 0, 0, 0, 0, 0, 0, 0]	[0.0001892000436782837, 0.010819600080139935, 0.027622400084510446, 0.044059400097467005, 0.0607758000260219, 0.07740400009788573, 0.09418960008770227, 0.11069540004245937, 0.12751060002483428, 0.14426420000381768, 0.16062830004375428, 0.1773374000331387, 0.19391770008951426, 0.21072210010606796, 0.22748120001051575, 0.2440499000949785, 0.2607758000958711, 0.2773619000799954, 0.2941755000501871, 0.31097470002714545, 0.32786240009590983, 0.34458470006939024, 0.360665800049901, 0.3784243001136929, 0.39401040005031973, 0.41074820002540946, 0.4272343000629917, 0.44423420005477965]	195.0	294.0	0.9	19b
170	5	go_nogo	0	60	2	go	click	[55.0, 55.0, 83.0, 103.0, 116.0, 127.0, 132.0, 137.0, 140.0, 144.0, 146.0, 149.0, 151.0, 156.0, 160.0, 161.0, 162.0, 164.0, 168.0, 171.0, 173.0, 173.0]	[-263.0, -263.0, -169.0, -73.0, 20.0, 91.0, 133.0, 162.0, 185.0, 200.0, 208.0, 217.0, 228.0, 248.0, 259.0, 264.0, 267.0, 271.0, 284.0, 292.0, 296.0, 297.0]	[0, 0, 0, 0, 0, 0, 0, 0, 0, 0, 0, 0, 0, 0, 0, 0, 0, 0, 0, 0, 0, 1]	[0, 0, 0, 0, 0, 0, 0, 0, 0, 0, 0, 0, 0, 0, 0, 0, 0, 0, 0, 0, 0, 0]	[0, 0, 0, 0, 0, 0, 0, 0, 0, 0, 0, 0, 0, 0, 0, 0, 0, 0, 0, 0, 0, 0]	[0.0002250999677926302, 0.010390699957497418, 0.02692370000295341, 0.043822099920362234, 0.06008480000309646, 0.07699430000502616, 0.09376289998181164, 0.11015139997471124, 0.126892099971883, 0.14352569996844977, 0.1602191999554634, 0.17699649999849498, 0.19361179997213185, 0.21075329999439418, 0.2267665999243036, 0.2434732000110671, 0.26031189993955195, 0.2768517999211326, 0.29364589997567236, 0.31021209992468357, 0.32700629997998476, 0.3435635999776423]	173.0	297.0	0.6	19b
171	5	go_nogo	0	60	3	go	click	[95.0, 95.0, 122.0, 142.0, 156.0, 164.0, 170.0, 178.0, 183.0, 185.0, 185.0, 185.0, 186.0, 186.0, 186.0, 186.0, 186.0, 186.0, 186.0, 186.0, 186.0]	[-122.0, -122.0, -2.0, 90.0, 165.0, 223.0, 263.0, 294.0, 307.0, 314.0, 315.0, 316.0, 320.0, 320.0, 321.0, 321.0, 321.0, 321.0, 321.0, 321.0, 321.0]	[0, 0, 0, 0, 0, 0, 0, 0, 0, 0, 0, 0, 0, 0, 0, 0, 0, 0, 0, 0, 1]	[0, 0, 0, 0, 0, 0, 0, 0, 0, 0, 0, 0, 0, 0, 0, 0, 0, 0, 0, 0, 0]	[0, 0, 0, 0, 0, 0, 0, 0, 0, 0, 0, 0, 0, 0, 0, 0, 0, 0, 0, 0, 0]	[0.0002047999296337366, 0.010547699988819659, 0.026930499938316643, 0.04417499992996454, 0.060455899918451905, 0.07708059996366501, 0.09353389998432249, 0.11021859990432858, 0.12702249991707504, 0.14363219996448606, 0.1606364999897778, 0.17727210000157356, 0.19361580000258982, 0.21024119993671775, 0.22703019995242357, 0.2440159999532625, 0.26038849994074553, 0.27688069990836084, 0.29368149989750236, 0.31030289991758764, 0.3274175999686122]	186.0	321.0	0.9	19b
172	5	go_nogo	0	60	7	go	click	[69.0, 69.0, 78.0, 103.0, 125.0, 135.0, 139.0, 144.0, 145.0, 150.0, 152.0, 156.0, 159.0, 161.0, 162.0, 165.0, 167.0, 178.0, 185.0, 190.0, 192.0, 193.0, 193.0, 194.0]	[-218.0, -218.0, -174.0, -84.0, -18.0, 42.0, 78.0, 118.0, 152.0, 169.0, 178.0, 188.0, 197.0, 204.0, 209.0, 218.0, 231.0, 262.0, 278.0, 290.0, 295.0, 298.0, 300.0, 301.0]	[0, 0, 0, 0, 0, 0, 0, 0, 0, 0, 0, 0, 0, 0, 0, 0, 0, 0, 0, 0, 0, 0, 0, 1]	[0, 0, 0, 0, 0, 0, 0, 0, 0, 0, 0, 0, 0, 0, 0, 0, 0, 0, 0, 0, 0, 0, 0, 0]	[0, 0, 0, 0, 0, 0, 0, 0, 0, 0, 0, 0, 0, 0, 0, 0, 0, 0, 0, 0, 0, 0, 0, 0]	[0.00019079993944615126, 0.010887400014325976, 0.027497699949890375, 0.04428359994199127, 0.06100460002198815, 0.07767120003700256, 0.09452579997014254, 0.11134609999135137, 0.12758580001536757, 0.14428959996439517, 0.16110879997722805, 0.17758090002462268, 0.19430840003769845, 0.21092889993451536, 0.22758079995401204, 0.24437710002530366, 0.26088960003107786, 0.2775635999860242, 0.29435790004208684, 0.31097999995108694, 0.3279116000048816, 0.3443918999982998, 0.36086919996887445, 0.3778377999551594]	195.0	302.0	0.5	19b
173	5	go_nogo	0	60	2	go	click	[34.0, 55.0, 77.0, 126.0, 175.0, 210.0, 236.0, 245.0, 251.0, 254.0, 258.0, 259.0, 259.0, 259.0, 259.0, 259.0, 259.0, 259.0, 254.0, 244.0, 237.0, 233.0, 230.0, 228.0, 228.0]	[-256.0, -205.0, -147.0, -38.0, 64.0, 138.0, 196.0, 221.0, 239.0, 255.0, 267.0, 273.0, 277.0, 279.0, 280.0, 280.0, 281.0, 281.0, 284.0, 289.0, 293.0, 295.0, 296.0, 297.0, 297.0]	[0, 0, 0, 0, 0, 0, 0, 0, 0, 0, 0, 0, 0, 0, 0, 0, 0, 0, 0, 0, 0, 0, 0, 0, 1]	[0, 0, 0, 0, 0, 0, 0, 0, 0, 0, 0, 0, 0, 0, 0, 0, 0, 0, 0, 0, 0, 0, 0, 0, 0]	[0, 0, 0, 0, 0, 0, 0, 0, 0, 0, 0, 0, 0, 0, 0, 0, 0, 0, 0, 0, 0, 0, 0, 0, 0]	[0.0001409000251442194, 0.01160700002219528, 0.02778609993401915, 0.044943499960936606, 0.06151799997314811, 0.07814460003282875, 0.09508769994135946, 0.11199649993795902, 0.128187199938111, 0.14485669997520745, 0.1615052999695763, 0.17807270004414022, 0.19483509997371584, 0.21165289997588843, 0.22785040002781898, 0.24478039995301515, 0.26117820001672953, 0.2781195000279695, 0.2947516000131145, 0.31195490004029125, 0.3288141000084579, 0.3449751000152901, 0.36164180003106594, 0.3779606999596581, 0.3947742999298498]	228.0	297.0	1.0	19b
174	5	go_nogo	0	60	1	nogo	none	[108.0, 108.0, 115.0, 115.0, 115.0, 132.0, 134.0, 135.0, 135.0, 135.0, 135.0, 135.0, 136.0, 137.0, 139.0, 148.0, 150.0, 166.0, 175.0, 183.0, 186.0, 187.0, 187.0, 187.0, 187.0, 187.0, 187.0, 187.0, 187.0, 186.0, 186.0, 186.0, 186.0, 186.0, 186.0, 186.0, 186.0, 186.0, 186.0, 186.0, 186.0, 186.0, 186.0, 186.0, 186.0, 186.0, 186.0, 186.0, 186.0, 186.0, 186.0, 186.0, 186.0, 186.0, 186.0, 186.0, 186.0, 186.0, 186.0, 186.0, 186.0, 186.0, 186.0]	[277.0, 277.0, 298.0, 298.0, 298.0, 342.0, 350.0, 351.0, 351.0, 351.0, 351.0, 351.0, 351.0, 349.0, 339.0, 315.0, 310.0, 295.0, 291.0, 286.0, 284.0, 284.0, 284.0, 284.0, 284.0, 284.0, 284.0, 284.0, 284.0, 283.0, 283.0, 283.0, 283.0, 283.0, 283.0, 283.0, 283.0, 283.0, 283.0, 283.0, 283.0, 283.0, 283.0, 283.0, 283.0, 283.0, 283.0, 283.0, 283.0, 283.0, 283.0, 283.0, 283.0, 283.0, 283.0, 283.0, 283.0, 283.0, 283.0, 283.0, 283.0, 283.0, 283.0]	[0, 0, 0, 0, 0, 0, 0, 0, 0, 0, 0, 0, 0, 0, 0, 0, 0, 0, 0, 0, 0, 0, 0, 0, 0, 0, 0, 0, 0, 0, 0, 0, 0, 0, 0, 0, 0, 0, 0, 0, 0, 0, 0, 0, 0, 0, 0, 0, 0, 0, 0, 0, 0, 0, 0, 0, 0, 0, 0, 0, 0, 0, 0]	[0, 0, 0, 0, 0, 0, 0, 0, 0, 0, 0, 0, 0, 0, 0, 0, 0, 0, 0, 0, 0, 0, 0, 0, 0, 0, 0, 0, 0, 0, 0, 0, 0, 0, 0, 0, 0, 0, 0, 0, 0, 0, 0, 0, 0, 0, 0, 0, 0, 0, 0, 0, 0, 0, 0, 0, 0, 0, 0, 0, 0, 0, 0]	[0, 0, 0, 0, 0, 0, 0, 0, 0, 0, 0, 0, 0, 0, 0, 0, 0, 0, 0, 0, 0, 0, 0, 0, 0, 0, 0, 0, 0, 0, 0, 0, 0, 0, 0, 0, 0, 0, 0, 0, 0, 0, 0, 0, 0, 0, 0, 0, 0, 0, 0, 0, 0, 0, 0, 0, 0, 0, 0, 0, 0, 0, 0]	[0.00025669997557997704, 0.002926400047726929, 0.005417300038971007, 0.011081599979661405, 0.027979600010439754, 0.04472050000913441, 0.06199049996212125, 0.07813340006396174, 0.09499010001309216, 0.11163930001202971, 0.12817649997305125, 0.14497420005500317, 0.16158439998980612, 0.17822660005185753, 0.19491620000917464, 0.21155490004457533, 0.22826020000502467, 0.2454880999866873, 0.2615292000118643, 0.2781236000591889, 0.2951849000528455, 0.3113634999608621, 0.32822859997395426, 0.3448311999673024, 0.3613137999782339, 0.3780977000715211, 0.39458630001172423, 0.41143790003843606, 0.42814089998137206, 0.44480219995602965, 0.4613602999597788, 0.47828330006450415, 0.4947130000218749, 0.5116443999577314, 0.5280130000319332, 0.5447146999649704, 0.5613760000560433, 0.5779030000558123, 0.5949154000263661, 0.611360099981539, 0.6279103000415489, 0.6459306000033394, 0.661484400043264, 0.6780305999564007, 0.6944403999950737, 0.711117299972102, 0.7279448000481352, 0.7445797000546008, 0.761196400038898, 0.778009400004521, 0.7946996999671683, 0.8113444000482559, 0.8280999000417069, 0.8446612000698224, 0.8613585999701172, 0.8778262999840081, 0.8945638999575749, 0.911202699993737, 0.928044700063765, 0.944640800007619, 0.961359600070864, 0.977911900030449, 0.9945649000583217]	n/a	n/a	0.5	19b
175	6	go_only	0	18	8	go	click	[46.0, 46.0, 51.0, 65.0, 95.0, 110.0, 124.0, 131.0, 139.0, 143.0, 146.0, 149.0, 150.0, 153.0, 153.0, 153.0, 153.0, 153.0, 153.0, 153.0, 157.0, 161.0, 167.0, 172.0, 178.0, 183.0, 191.0, 192.0, 193.0, 193.0, 193.0, 193.0, 194.0]	[-276.0, -276.0, -253.0, -170.0, -30.0, 20.0, 57.0, 84.0, 103.0, 113.0, 120.0, 131.0, 151.0, 166.0, 167.0, 167.0, 167.0, 167.0, 173.0, 187.0, 206.0, 221.0, 233.0, 241.0, 251.0, 263.0, 283.0, 292.0, 298.0, 299.0, 299.0, 299.0, 299.0]	[0, 0, 0, 0, 0, 0, 0, 0, 0, 0, 0, 0, 0, 0, 0, 0, 0, 0, 0, 0, 0, 0, 0, 0, 0, 0, 0, 0, 0, 0, 0, 0, 1]	[0, 0, 0, 0, 0, 0, 0, 0, 0, 0, 0, 0, 0, 0, 0, 0, 0, 0, 0, 0, 0, 0, 0, 0, 0, 0, 0, 0, 0, 0, 0, 0, 0]	[0, 0, 0, 0, 0, 0, 0, 0, 0, 0, 0, 0, 0, 0, 0, 0, 0, 0, 0, 0, 0, 0, 0, 0, 0, 0, 0, 0, 0, 0, 0, 0, 0]	[0.0001990000018849969, 0.012047700001858175, 0.028838199912570417, 0.04535129992291331, 0.06224549992475659, 0.07894399994984269, 0.09554659994319081, 0.11212649999652058, 0.1288595999358222, 0.1456993999890983, 0.16209899995010346, 0.1788304999936372, 0.19540659990161657, 0.21232679998502135, 0.2287086999276653, 0.24511949997395277, 0.26180439989548177, 0.27878339996095747, 0.29535829997621477, 0.31202999991364777, 0.32864019996486604, 0.345483599929139, 0.3622052998980507, 0.3787759999977425, 0.3955857999389991, 0.41221569990739226, 0.42873769998550415, 0.4456991999177262, 0.46184179990086704, 0.47853849991224706, 0.49517559993546456, 0.5121233999961987, 0.5291500999592245]	194.0	299.0	0.6	19b
176	6	go_only	0	18	8	go	click	[50.0, 50.0, 57.0, 57.0, 60.0, 70.0, 84.0, 91.0, 98.0, 103.0, 105.0, 117.0, 127.0, 131.0, 133.0, 134.0, 140.0, 151.0, 163.0, 169.0, 173.0, 177.0, 182.0, 183.0, 184.0]	[-240.0, -240.0, -144.0, -42.0, 44.0, 107.0, 144.0, 164.0, 178.0, 188.0, 195.0, 222.0, 236.0, 239.0, 240.0, 240.0, 243.0, 254.0, 269.0, 281.0, 289.0, 296.0, 304.0, 308.0, 311.0]	[0, 0, 0, 0, 0, 0, 0, 0, 0, 0, 0, 0, 0, 0, 0, 0, 0, 0, 0, 0, 0, 0, 0, 0, 1]	[0, 0, 0, 0, 0, 0, 0, 0, 0, 0, 0, 0, 0, 0, 0, 0, 0, 0, 0, 0, 0, 0, 0, 0, 0]	[0, 0, 0, 0, 0, 0, 0, 0, 0, 0, 0, 0, 0, 0, 0, 0, 0, 0, 0, 0, 0, 0, 0, 0, 0]	[0.0003918000729754567, 0.011637100018560886, 0.028210600023157895, 0.04513430001679808, 0.0615263000363484, 0.07778430008329451, 0.09459850005805492, 0.1113675000378862, 0.1281936001032591, 0.14459530008025467, 0.16122410004027188, 0.1780560000333935, 0.19472900009714067, 0.21124170010443777, 0.2279722000239417, 0.24486000009346753, 0.26136080001015216, 0.27810280001722276, 0.29463980009313673, 0.311333000077866, 0.32807470008265227, 0.34457990003284067, 0.3613098000641912, 0.378426400013268, 0.3955762000987306]	185.0	312.0	0.5	19b
177	6	go_only	0	18	2	go	click	[35.0, 35.0, 60.0, 76.0, 86.0, 94.0, 100.0, 106.0, 111.0, 112.0, 114.0, 115.0, 115.0, 118.0, 119.0, 124.0, 130.0, 141.0, 149.0, 158.0, 166.0, 172.0, 176.0, 179.0, 181.0, 182.0, 182.0]	[-240.0, -240.0, -146.0, -89.0, -58.0, -31.0, -6.0, 23.0, 44.0, 60.0, 75.0, 99.0, 109.0, 133.0, 140.0, 150.0, 164.0, 185.0, 211.0, 238.0, 257.0, 274.0, 289.0, 306.0, 321.0, 328.0, 329.0]	[0, 0, 0, 0, 0, 0, 0, 0, 0, 0, 0, 0, 0, 0, 0, 0, 0, 0, 0, 0, 0, 0, 0, 0, 0, 0, 1]	[0, 0, 0, 0, 0, 0, 0, 0, 0, 0, 0, 0, 0, 0, 0, 0, 0, 0, 0, 0, 0, 0, 0, 0, 0, 0, 0]	[0, 0, 0, 0, 0, 0, 0, 0, 0, 0, 0, 0, 0, 0, 0, 0, 0, 0, 0, 0, 0, 0, 0, 0, 0, 0, 0]	[0.00020659994333982468, 0.010873100021854043, 0.02783649996854365, 0.04459649999625981, 0.0606432999484241, 0.07743199996184558, 0.09411750000435859, 0.1107340999878943, 0.12762639997527003, 0.14417959994170815, 0.16119709995109588, 0.17756870004814118, 0.19403679994866252, 0.21112110000103712, 0.22803190001286566, 0.24391950003337115, 0.2612379000056535, 0.2773013999685645, 0.2939102000091225, 0.3107289000181481, 0.327440100023523, 0.344042900018394, 0.36069620004855096, 0.3774214000441134, 0.3941196999512613, 0.41074149997439235, 0.4275027000112459]	182.0	329.0	0.9	19b
178	6	go_only	0	18	4	go	click	[25.0, 39.0, 53.0, 77.0, 96.0, 119.0, 135.0, 151.0, 157.0, 162.0, 165.0, 165.0, 166.0, 166.0, 166.0, 166.0, 166.0, 166.0, 166.0, 161.0, 156.0, 156.0, 156.0, 160.0, 163.0, 164.0, 164.0]	[-267.0, -229.0, -192.0, -128.0, -66.0, 1.0, 58.0, 126.0, 153.0, 172.0, 182.0, 187.0, 190.0, 193.0, 193.0, 193.0, 193.0, 193.0, 194.0, 210.0, 235.0, 257.0, 273.0, 285.0, 293.0, 295.0, 295.0]	[0, 0, 0, 0, 0, 0, 0, 0, 0, 0, 0, 0, 0, 0, 0, 0, 0, 0, 0, 0, 0, 0, 0, 0, 0, 0, 1]	[0, 0, 0, 0, 0, 0, 0, 0, 0, 0, 0, 0, 0, 0, 0, 0, 0, 0, 0, 0, 0, 0, 0, 0, 0, 0, 0]	[0, 0, 0, 0, 0, 0, 0, 0, 0, 0, 0, 0, 0, 0, 0, 0, 0, 0, 0, 0, 0, 0, 0, 0, 0, 0, 0]	[0.00020140002015978098, 0.01199370005633682, 0.028080000076442957, 0.04507390002254397, 0.06180060002952814, 0.07856510009150952, 0.09509050007909536, 0.11243130010552704, 0.1285882000811398, 0.14581980009097606, 0.16154860006645322, 0.17869480000808835, 0.1951413000933826, 0.21146370004862547, 0.22842220007441938, 0.24479500006418675, 0.26192220009397715, 0.2782037000870332, 0.2951203000266105, 0.31215330003760755, 0.32878120010718703, 0.3454538000514731, 0.3616862000199035, 0.378312100074254, 0.39499710011295974, 0.4114791000029072, 0.42867060005664825]	164.0	295.0	1.0	19b
179	6	go_only	0	18	3	go	click	[44.0, 44.0, 65.0, 107.0, 130.0, 146.0, 154.0, 165.0, 169.0, 170.0, 170.0, 170.0, 171.0, 171.0, 172.0, 172.0, 172.0, 172.0, 172.0]	[-160.0, -160.0, -79.0, 79.0, 179.0, 237.0, 273.0, 310.0, 320.0, 323.0, 324.0, 324.0, 325.0, 326.0, 328.0, 328.0, 328.0, 328.0, 329.0]	[0, 0, 0, 0, 0, 0, 0, 0, 0, 0, 0, 0, 0, 0, 0, 0, 0, 0, 1]	[0, 0, 0, 0, 0, 0, 0, 0, 0, 0, 0, 0, 0, 0, 0, 0, 0, 0, 0]	[0, 0, 0, 0, 0, 0, 0, 0, 0, 0, 0, 0, 0, 0, 0, 0, 0, 0, 0]	[0.0002980999415740371, 0.011332999914884567, 0.02796949993353337, 0.04451309994328767, 0.06125579995568842, 0.07788179989438504, 0.09471370000392199, 0.11157979990821332, 0.1280653999419883, 0.1444729999639094, 0.1610395999159664, 0.17780649999622256, 0.19443379994481802, 0.21115190000273287, 0.22761189995799214, 0.2443653999362141, 0.2609362999210134, 0.2779075999278575, 0.294436699943617]	172.0	329.0	0.7	19b
180	6	go_only	0	18	7	go	click	[50.0, 50.0, 91.0, 131.0, 160.0, 180.0, 188.0, 197.0, 200.0, 204.0, 206.0, 207.0, 208.0, 208.0, 208.0, 208.0, 208.0, 208.0, 208.0, 208.0]	[-275.0, -275.0, -160.0, -26.0, 80.0, 142.0, 185.0, 226.0, 250.0, 269.0, 281.0, 282.0, 285.0, 286.0, 286.0, 286.0, 286.0, 286.0, 286.0, 287.0]	[0, 0, 0, 0, 0, 0, 0, 0, 0, 0, 0, 0, 0, 0, 0, 0, 0, 0, 0, 1]	[0, 0, 0, 0, 0, 0, 0, 0, 0, 0, 0, 0, 0, 0, 0, 0, 0, 0, 0, 0]	[0, 0, 0, 0, 0, 0, 0, 0, 0, 0, 0, 0, 0, 0, 0, 0, 0, 0, 0, 0]	[8.969998452812433e-05, 0.011070200009271502, 0.02771789999678731, 0.04434859997127205, 0.06112009997013956, 0.07774239999707788, 0.09457920002751052, 0.11109080002643168, 0.12760540004819632, 0.14447369996923953, 0.16159439994953573, 0.1781806000508368, 0.19462720002047718, 0.21080790006089956, 0.2275014000479132, 0.24433140002656728, 0.2610545000061393, 0.2776963000651449, 0.29435099998954684, 0.311551499995403]	208.0	287.0	0.5	19b
181	6	go_only	0	18	6	go	click	[42.0, 42.0, 70.0, 121.0, 155.0, 177.0, 189.0, 197.0, 208.0, 208.0, 211.0, 212.0, 214.0, 215.0, 216.0, 216.0, 216.0, 216.0, 216.0, 216.0, 216.0]	[-164.0, -164.0, -109.0, -7.0, 74.0, 133.0, 175.0, 210.0, 242.0, 246.0, 256.0, 264.0, 269.0, 273.0, 275.0, 275.0, 275.0, 275.0, 275.0, 275.0, 275.0]	[0, 0, 0, 0, 0, 0, 0, 0, 0, 0, 0, 0, 0, 0, 0, 0, 0, 0, 0, 0, 1]	[0, 0, 0, 0, 0, 0, 0, 0, 0, 0, 0, 0, 0, 0, 0, 0, 0, 0, 0, 0, 0]	[0, 0, 0, 0, 0, 0, 0, 0, 0, 0, 0, 0, 0, 0, 0, 0, 0, 0, 0, 0, 0]	[0.0001957999775186181, 0.009802100015804172, 0.02638609998393804, 0.042820399976335466, 0.05977849999908358, 0.07662249996792525, 0.09282650006935, 0.10937409999314696, 0.12625680002383888, 0.14272660005372018, 0.15939499996602535, 0.17627779999747872, 0.19275380007456988, 0.20950029999949038, 0.22608669998589903, 0.24260890006553382, 0.2594659000169486, 0.276168700074777, 0.2927433999720961, 0.30927900003734976, 0.3262708999682218]	216.0	275.0	1.0	19b
182	6	go_only	0	18	2	go	click	[73.0, 73.0, 114.0, 137.0, 148.0, 156.0, 160.0, 161.0, 163.0, 163.0, 164.0, 168.0, 170.0, 171.0, 171.0, 171.0, 172.0, 173.0, 178.0, 184.0, 188.0, 190.0, 192.0, 193.0, 194.0]	[-171.0, -171.0, -60.0, 14.0, 63.0, 91.0, 107.0, 117.0, 130.0, 141.0, 155.0, 180.0, 187.0, 193.0, 193.0, 194.0, 195.0, 202.0, 218.0, 235.0, 246.0, 254.0, 260.0, 262.0, 264.0]	[0, 0, 0, 0, 0, 0, 0, 0, 0, 0, 0, 0, 0, 0, 0, 0, 0, 0, 0, 0, 0, 0, 0, 0, 1]	[0, 0, 0, 0, 0, 0, 0, 0, 0, 0, 0, 0, 0, 0, 0, 0, 0, 0, 0, 0, 0, 0, 0, 0, 0]	[0, 0, 0, 0, 0, 0, 0, 0, 0, 0, 0, 0, 0, 0, 0, 0, 0, 0, 0, 0, 0, 0, 0, 0, 0]	[0.00034030003007501364, 0.011578200035728514, 0.028088800027035177, 0.04462739999871701, 0.06120320002082735, 0.07786110008601099, 0.09465189999900758, 0.11187760008033365, 0.12813890003599226, 0.14447020005900413, 0.16125010000541806, 0.17790570005308837, 0.19488369999453425, 0.21131959999911487, 0.22829710005316883, 0.24479970009997487, 0.26154289999976754, 0.2782423000317067, 0.29462220007553697, 0.3115117000415921, 0.32819180004298687, 0.34488900005817413, 0.36138590006157756, 0.3779893000610173, 0.39464569999836385]	194.0	264.0	0.8	19b
183	6	go_only	0	18	6	go	click	[21.0, 21.0, 41.0, 58.0, 82.0, 100.0, 111.0, 119.0, 124.0, 126.0, 129.0, 132.0, 138.0, 145.0, 145.0, 146.0, 146.0, 147.0, 151.0, 160.0, 169.0, 176.0, 183.0, 187.0, 191.0, 193.0, 193.0]	[-246.0, -246.0, -108.0, 34.0, 150.0, 219.0, 265.0, 292.0, 306.0, 314.0, 318.0, 324.0, 334.0, 342.0, 343.0, 343.0, 344.0, 344.0, 340.0, 333.0, 326.0, 320.0, 315.0, 311.0, 309.0, 309.0, 309.0]	[0, 0, 0, 0, 0, 0, 0, 0, 0, 0, 0, 0, 0, 0, 0, 0, 0, 0, 0, 0, 0, 0, 0, 0, 0, 0, 1]	[0, 0, 0, 0, 0, 0, 0, 0, 0, 0, 0, 0, 0, 0, 0, 0, 0, 0, 0, 0, 0, 0, 0, 0, 0, 0, 0]	[0, 0, 0, 0, 0, 0, 0, 0, 0, 0, 0, 0, 0, 0, 0, 0, 0, 0, 0, 0, 0, 0, 0, 0, 0, 0, 0]	[0.00013689999468624592, 0.011453200015239418, 0.028095100075006485, 0.044835600070655346, 0.06118409999180585, 0.07777810003608465, 0.09462049999274313, 0.11140040005557239, 0.12782759999390692, 0.14461970003321767, 0.1609790000366047, 0.17785300000105053, 0.1944888000143692, 0.2114088999805972, 0.2280437999870628, 0.24458419997245073, 0.261039900011383, 0.2777470999862999, 0.29443969996646047, 0.3111528999870643, 0.32795130007434636, 0.3451102999970317, 0.3615702000679448, 0.37791480007581413, 0.3948713999707252, 0.4109977000625804, 0.42814109998289496]	193.0	309.0	1.0	19b
184	6	go_only	0	18	2	go	click	[44.0, 44.0, 62.0, 92.0, 125.0, 148.0, 159.0, 167.0, 175.0, 181.0, 185.0, 190.0, 194.0, 197.0, 198.0, 199.0, 201.0, 201.0, 201.0, 202.0, 203.0, 206.0, 209.0, 213.0, 213.0, 213.0, 213.0, 213.0, 213.0, 213.0, 213.0, 213.0, 213.0, 213.0, 213.0, 213.0, 213.0, 213.0, 213.0, 213.0, 213.0, 213.0, 214.0, 214.0, 214.0, 214.0, 214.0, 215.0, 217.0]	[-284.0, -284.0, -238.0, -151.0, -52.0, 14.0, 49.0, 76.0, 97.0, 119.0, 141.0, 164.0, 189.0, 200.0, 211.0, 228.0, 250.0, 270.0, 282.0, 290.0, 305.0, 326.0, 346.0, 356.0, 357.0, 357.0, 357.0, 357.0, 357.0, 359.0, 361.0, 361.0, 361.0, 361.0, 361.0, 361.0, 361.0, 359.0, 357.0, 354.0, 351.0, 350.0, 348.0, 344.0, 339.0, 333.0, 325.0, 321.0, 318.0]	[0, 0, 0, 0, 0, 0, 0, 0, 0, 0, 0, 0, 0, 0, 0, 0, 0, 0, 0, 0, 0, 0, 0, 0, 1, 1, 1, 1, 0, 0, 0, 0, 0, 0, 0, 0, 0, 0, 0, 0, 0, 0, 0, 0, 0, 0, 0, 0, 1]	[0, 0, 0, 0, 0, 0, 0, 0, 0, 0, 0, 0, 0, 0, 0, 0, 0, 0, 0, 0, 0, 0, 0, 0, 0, 0, 0, 0, 0, 0, 0, 0, 0, 0, 0, 0, 0, 0, 0, 0, 0, 0, 0, 0, 0, 0, 0, 0, 0]	[0, 0, 0, 0, 0, 0, 0, 0, 0, 0, 0, 0, 0, 0, 0, 0, 0, 0, 0, 0, 0, 0, 0, 0, 0, 0, 0, 0, 0, 0, 0, 0, 0, 0, 0, 0, 0, 0, 0, 0, 0, 0, 0, 0, 0, 0, 0, 0, 0]	[0.00021510000806301832, 0.009684800053946674, 0.026387899997644126, 0.04330719995778054, 0.06048510002437979, 0.07661640003789216, 0.09324840002227575, 0.10982740006875247, 0.12645129999145865, 0.14310430001933128, 0.15998970007058233, 0.17650549998506904, 0.1930876000551507, 0.20988760003820062, 0.22642069996800274, 0.24319639999885112, 0.2599352999823168, 0.27649279998149723, 0.29322610003873706, 0.30994860001374036, 0.32657899998594075, 0.3432457000017166, 0.3596786999842152, 0.3764320999616757, 0.39327760005835444, 0.40956860000733286, 0.42613290005829185, 0.44277429999783635, 0.45975150004960597, 0.4765379000455141, 0.49274070002138615, 0.5094143999740481, 0.5260820999974385, 0.5427662000292912, 0.5593037999933586, 0.5760776000097394, 0.592896300018765, 0.6096272000577301, 0.6264079000102356, 0.6430665999650955, 0.6595124000450596, 0.6766238000709563, 0.6931323000462726, 0.7097124999854714, 0.7262298000277951, 0.7429949999786913, 0.7596351000247523, 0.7765531999757513, 0.7930754000553861]	217.0	318.0	1.0	19b
185	6	go_only	0	18	3	go	click	[45.0, 45.0, 81.0, 109.0, 129.0, 141.0, 148.0, 152.0, 158.0, 164.0, 169.0, 174.0, 176.0, 178.0, 181.0, 185.0, 186.0, 186.0, 186.0, 186.0, 186.0, 186.0, 186.0, 186.0, 186.0, 187.0, 191.0, 192.0, 192.0, 193.0, 193.0, 193.0, 193.0]	[-227.0, -227.0, -127.0, -37.0, 33.0, 85.0, 122.0, 146.0, 167.0, 186.0, 204.0, 218.0, 222.0, 228.0, 236.0, 246.0, 247.0, 247.0, 248.0, 248.0, 248.0, 248.0, 248.0, 248.0, 248.0, 249.0, 261.0, 271.0, 288.0, 298.0, 305.0, 307.0, 307.0]	[0, 0, 0, 0, 0, 0, 0, 0, 0, 0, 0, 0, 0, 0, 0, 0, 0, 0, 0, 0, 0, 0, 0, 0, 0, 0, 0, 0, 0, 0, 0, 0, 1]	[0, 0, 0, 0, 0, 0, 0, 0, 0, 0, 0, 0, 0, 0, 0, 0, 0, 0, 0, 0, 0, 0, 0, 0, 0, 0, 0, 0, 0, 0, 0, 0, 0]	[0, 0, 0, 0, 0, 0, 0, 0, 0, 0, 0, 0, 0, 0, 0, 0, 0, 0, 0, 0, 0, 0, 0, 0, 0, 0, 0, 0, 0, 0, 0, 0, 0]	[9.210000280290842e-05, 0.011543800006620586, 0.027647200040519238, 0.04460090002976358, 0.061078600003384054, 0.07798100006766617, 0.09426899999380112, 0.1111314999870956, 0.12783460004720837, 0.14452109998092055, 0.16118270007427782, 0.1778777000727132, 0.19433810003101826, 0.2110417999792844, 0.22780150000471622, 0.24461579998023808, 0.2609583999728784, 0.27763080003205687, 0.2941117000300437, 0.3108075000345707, 0.3274051999906078, 0.34417920000851154, 0.3608298000181094, 0.3775348999770358, 0.39421639998909086, 0.41108160000294447, 0.427695200080052, 0.4446020000614226, 0.46101750002708286, 0.47756410005968064, 0.4943024000385776, 0.5106736000161618, 0.5277797000017017]	193.0	307.0	0.8	19b
186	6	go_only	0	18	8	go	click	[41.0, 41.0, 69.0, 90.0, 106.0, 110.0, 115.0, 119.0, 120.0, 121.0, 121.0, 121.0, 121.0, 121.0, 121.0, 121.0, 121.0, 123.0, 129.0, 135.0, 146.0, 154.0, 158.0, 161.0, 162.0, 163.0, 163.0]	[-241.0, -241.0, -143.0, -35.0, 67.0, 131.0, 169.0, 198.0, 201.0, 202.0, 202.0, 202.0, 202.0, 202.0, 202.0, 202.0, 202.0, 204.0, 213.0, 223.0, 240.0, 254.0, 262.0, 268.0, 269.0, 270.0, 271.0]	[0, 0, 0, 0, 0, 0, 0, 0, 0, 0, 0, 0, 0, 0, 0, 0, 0, 0, 0, 0, 0, 0, 0, 0, 0, 0, 1]	[0, 0, 0, 0, 0, 0, 0, 0, 0, 0, 0, 0, 0, 0, 0, 0, 0, 0, 0, 0, 0, 0, 0, 0, 0, 0, 0]	[0, 0, 0, 0, 0, 0, 0, 0, 0, 0, 0, 0, 0, 0, 0, 0, 0, 0, 0, 0, 0, 0, 0, 0, 0, 0, 0]	[9.949994273483753e-05, 0.011900899931788445, 0.028287499910220504, 0.044989399961195886, 0.06185249995905906, 0.07856669998727739, 0.09522079990711063, 0.11194549989886582, 0.12848439998924732, 0.14481749990954995, 0.16167739999946207, 0.17814309999812394, 0.1950634999666363, 0.21200769999995828, 0.22847069997806102, 0.2449845999944955, 0.2619342999532819, 0.2785527999512851, 0.2950894999084994, 0.3117177999811247, 0.3285687000025064, 0.3451401999918744, 0.36195509997196496, 0.3783712999429554, 0.39521249989047647, 0.4117016999516636, 0.4286121999612078]	163.0	271.0	0.5	19b
187	6	go_only	0	18	3	go	click	[67.0, 67.0, 97.0, 121.0, 143.0, 165.0, 180.0, 192.0, 204.0, 214.0, 219.0, 221.0, 222.0, 223.0, 223.0, 223.0, 223.0, 223.0, 221.0, 218.0, 212.0, 205.0, 202.0, 202.0, 202.0, 202.0, 202.0]	[-237.0, -237.0, -168.0, -105.0, -42.0, 11.0, 60.0, 102.0, 141.0, 173.0, 200.0, 213.0, 219.0, 223.0, 227.0, 229.0, 231.0, 234.0, 238.0, 246.0, 258.0, 277.0, 292.0, 300.0, 305.0, 306.0, 306.0]	[0, 0, 0, 0, 0, 0, 0, 0, 0, 0, 0, 0, 0, 0, 0, 0, 0, 0, 0, 0, 0, 0, 0, 0, 0, 0, 1]	[0, 0, 0, 0, 0, 0, 0, 0, 0, 0, 0, 0, 0, 0, 0, 0, 0, 0, 0, 0, 0, 0, 0, 0, 0, 0, 0]	[0, 0, 0, 0, 0, 0, 0, 0, 0, 0, 0, 0, 0, 0, 0, 0, 0, 0, 0, 0, 0, 0, 0, 0, 0, 0, 0]	[0.0001943999668583274, 0.011390800005756319, 0.027901299996301532, 0.04459309997037053, 0.06129410001449287, 0.07794819993432611, 0.09462969994638115, 0.11126109992619604, 0.12803969997912645, 0.14455610001459718, 0.16119839996099472, 0.17798559996299446, 0.1946040999609977, 0.2111773999640718, 0.22794949996750802, 0.24459399993065745, 0.2614620999665931, 0.27798669994808733, 0.29465369996614754, 0.311589999939315, 0.3279471999267116, 0.344455000013113, 0.36104200000409037, 0.37786509993020445, 0.3944276999682188, 0.41078259993810207, 0.42763900000136346]	202.0	306.0	0.9	19b
188	6	go_only	0	18	6	go	click	[52.0, 69.0, 89.0, 132.0, 173.0, 202.0, 223.0, 238.0, 242.0, 245.0, 246.0, 246.0, 246.0, 246.0, 246.0, 246.0, 246.0, 246.0, 246.0, 246.0]	[-255.0, -212.0, -169.0, -87.0, 3.0, 86.0, 163.0, 230.0, 251.0, 264.0, 270.0, 276.0, 278.0, 282.0, 283.0, 283.0, 283.0, 283.0, 283.0, 283.0]	[0, 0, 0, 0, 0, 0, 0, 0, 0, 0, 0, 0, 0, 0, 0, 0, 0, 0, 0, 1]	[0, 0, 0, 0, 0, 0, 0, 0, 0, 0, 0, 0, 0, 0, 0, 0, 0, 0, 0, 0]	[0, 0, 0, 0, 0, 0, 0, 0, 0, 0, 0, 0, 0, 0, 0, 0, 0, 0, 0, 0]	[0.00020270003005862236, 0.011448099976405501, 0.02832519996445626, 0.04527330002747476, 0.06181250000372529, 0.07861369999591261, 0.09514380001928657, 0.11178490007296205, 0.12873150000814348, 0.145512199960649, 0.1617538999998942, 0.17833050002809614, 0.19505460001528263, 0.2116569000063464, 0.22813569998834282, 0.24477670004125684, 0.261433899984695, 0.2780159000540152, 0.2946963000576943, 0.31184169999323785]	246.0	283.0	0.9	19b
189	6	go_only	0	18	7	go	click	[69.0, 83.0, 94.0, 121.0, 145.0, 158.0, 173.0, 181.0, 188.0, 189.0, 190.0, 190.0, 190.0, 190.0, 191.0, 191.0, 191.0, 191.0, 193.0, 193.0]	[-263.0, -203.0, -132.0, 24.0, 143.0, 215.0, 271.0, 302.0, 327.0, 330.0, 332.0, 334.0, 336.0, 337.0, 337.0, 337.0, 337.0, 338.0, 342.0, 345.0]	[0, 0, 0, 0, 0, 0, 0, 0, 0, 0, 0, 0, 0, 0, 0, 0, 0, 0, 0, 1]	[0, 0, 0, 0, 0, 0, 0, 0, 0, 0, 0, 0, 0, 0, 0, 0, 0, 0, 0, 0]	[0, 0, 0, 0, 0, 0, 0, 0, 0, 0, 0, 0, 0, 0, 0, 0, 0, 0, 0, 0]	[7.349997758865356e-05, 0.012369100004434586, 0.028784199967049062, 0.04559619992505759, 0.06228409998584539, 0.07913809991441667, 0.09590610000304878, 0.11227689997758716, 0.1296084999339655, 0.14558929996564984, 0.16225079994183034, 0.1790398999582976, 0.19571899995207787, 0.2122128999326378, 0.228810100001283, 0.2455632999772206, 0.2624792999122292, 0.278744800016284, 0.29548719990998507, 0.3121729999547824]	193.0	345.0	0.6	19b
190	6	go_only	0	18	4	go	click	[7.0, 7.0, 47.0, 88.0, 128.0, 151.0, 171.0, 187.0, 199.0, 201.0, 202.0, 203.0, 204.0, 206.0, 208.0, 216.0, 217.0, 217.0, 217.0, 217.0, 218.0, 218.0, 218.0]	[-275.0, -275.0, -171.0, -59.0, 26.0, 83.0, 134.0, 175.0, 205.0, 213.0, 218.0, 220.0, 222.0, 226.0, 236.0, 253.0, 276.0, 292.0, 301.0, 305.0, 305.0, 305.0, 305.0]	[0, 0, 0, 0, 0, 0, 0, 0, 0, 0, 0, 0, 0, 0, 0, 0, 0, 0, 0, 0, 0, 0, 1]	[0, 0, 0, 0, 0, 0, 0, 0, 0, 0, 0, 0, 0, 0, 0, 0, 0, 0, 0, 0, 0, 0, 0]	[0, 0, 0, 0, 0, 0, 0, 0, 0, 0, 0, 0, 0, 0, 0, 0, 0, 0, 0, 0, 0, 0, 0]	[7.639999967068434e-05, 0.011565999942831695, 0.02812979998998344, 0.04492069990374148, 0.06140069989487529, 0.07824750000145286, 0.09491270000580698, 0.11150319990701973, 0.1281338999979198, 0.144805199932307, 0.1616965999128297, 0.17822159989736974, 0.1947615999961272, 0.2116796999471262, 0.22813529998529702, 0.24482919997535646, 0.2614773999666795, 0.2781376999337226, 0.2947891999501735, 0.31173109996598214, 0.32792059995699674, 0.34457479999400675, 0.3615163000067696]	218.0	305.0	0.6	19b
191	6	go_only	0	18	4	go	click	[38.0, 38.0, 52.0, 91.0, 106.0, 115.0, 123.0, 135.0, 141.0, 145.0, 146.0, 148.0, 151.0, 158.0, 163.0, 166.0, 168.0, 173.0, 187.0, 198.0, 208.0, 215.0, 217.0, 217.0]	[-170.0, -170.0, -114.0, 40.0, 100.0, 148.0, 188.0, 219.0, 231.0, 235.0, 236.0, 236.0, 238.0, 242.0, 245.0, 246.0, 246.0, 248.0, 256.0, 269.0, 283.0, 297.0, 299.0, 299.0]	[0, 0, 0, 0, 0, 0, 0, 0, 0, 0, 0, 0, 0, 0, 0, 0, 0, 0, 0, 0, 0, 0, 0, 1]	[0, 0, 0, 0, 0, 0, 0, 0, 0, 0, 0, 0, 0, 0, 0, 0, 0, 0, 0, 0, 0, 0, 0, 0]	[0, 0, 0, 0, 0, 0, 0, 0, 0, 0, 0, 0, 0, 0, 0, 0, 0, 0, 0, 0, 0, 0, 0, 0]	[0.0002549999626353383, 0.012685999972745776, 0.029564499971456826, 0.04616189992520958, 0.06316070002503693, 0.07984459993895143, 0.0961549999192357, 0.11282879998907447, 0.12947139993775636, 0.14622270001564175, 0.16281389992218465, 0.1793022999772802, 0.19608429993968457, 0.21288789995014668, 0.2294461999554187, 0.24592609994579107, 0.2627525000134483, 0.27947329997550696, 0.2959588000085205, 0.31278649996966124, 0.3294033999554813, 0.34623419994022697, 0.36255449999589473, 0.37945160001982003]	217.0	299.0	0.6	19b
192	6	go_only	0	18	7	go	click	[1.0, 1.0, 20.0, 63.0, 102.0, 127.0, 140.0, 151.0, 153.0, 156.0, 158.0, 159.0, 159.0, 159.0, 159.0, 159.0, 158.0, 156.0, 156.0, 159.0, 161.0, 161.0, 161.0]	[-224.0, -224.0, -159.0, -28.0, 64.0, 118.0, 151.0, 172.0, 182.0, 192.0, 196.0, 200.0, 201.0, 203.0, 208.0, 221.0, 239.0, 264.0, 284.0, 292.0, 295.0, 296.0, 296.0]	[0, 0, 0, 0, 0, 0, 0, 0, 0, 0, 0, 0, 0, 0, 0, 0, 0, 0, 0, 0, 0, 0, 1]	[0, 0, 0, 0, 0, 0, 0, 0, 0, 0, 0, 0, 0, 0, 0, 0, 0, 0, 0, 0, 0, 0, 0]	[0, 0, 0, 0, 0, 0, 0, 0, 0, 0, 0, 0, 0, 0, 0, 0, 0, 0, 0, 0, 0, 0, 0]	[0.00032680004369467497, 0.011200800072401762, 0.02775520004797727, 0.04451650008559227, 0.061066400026902556, 0.07774970005266368, 0.0945395000744611, 0.11098510003648698, 0.12794170004781336, 0.14444529998581856, 0.1615682999836281, 0.17771479999646544, 0.19432160002179444, 0.21248230000492185, 0.22779730008915067, 0.244298700010404, 0.2610324000706896, 0.277477000025101, 0.2942818000447005, 0.31104810000397265, 0.3276813999982551, 0.3442376999882981, 0.3616643000859767]	161.0	296.0	0.6	19b
193	7	go_nogo	0	60	6	go	click	[62.0, 62.0, 84.0, 154.0, 191.0, 214.0, 229.0, 243.0, 256.0, 263.0, 266.0, 267.0, 268.0, 272.0, 274.0, 274.0, 274.0, 274.0, 274.0, 271.0, 259.0, 244.0, 224.0, 211.0, 201.0, 199.0, 199.0, 199.0]	[-200.0, -200.0, -138.0, 41.0, 126.0, 182.0, 217.0, 250.0, 279.0, 299.0, 306.0, 307.0, 310.0, 323.0, 329.0, 332.0, 332.0, 333.0, 333.0, 333.0, 328.0, 322.0, 315.0, 309.0, 306.0, 305.0, 305.0, 305.0]	[0, 0, 0, 0, 0, 0, 0, 0, 0, 0, 0, 0, 0, 0, 0, 0, 0, 0, 0, 0, 0, 0, 0, 0, 0, 0, 0, 1]	[0, 0, 0, 0, 0, 0, 0, 0, 0, 0, 0, 0, 0, 0, 0, 0, 0, 0, 0, 0, 0, 0, 0, 0, 0, 0, 0, 0]	[0, 0, 0, 0, 0, 0, 0, 0, 0, 0, 0, 0, 0, 0, 0, 0, 0, 0, 0, 0, 0, 0, 0, 0, 0, 0, 0, 0]	[0.00023799994960427284, 0.011127899982966483, 0.02747480000834912, 0.04462309996597469, 0.06113849999383092, 0.07802549994084984, 0.0943958000279963, 0.11089250002987683, 0.1276178000262007, 0.14452410000376403, 0.1608989000087604, 0.1777264999691397, 0.19429200002923608, 0.2109267000341788, 0.22756899998057634, 0.24405790003947914, 0.26120710000395775, 0.2773915999568999, 0.2943622999591753, 0.3109247999964282, 0.327638000017032, 0.34426030004397035, 0.3611699000466615, 0.37758760002907366, 0.3944055000320077, 0.41059069999028, 0.4272943999385461, 0.4440591000020504]	199.0	305.0	0.7	19b
194	7	go_nogo	0	60	4	go	click	[39.0, 39.0, 65.0, 91.0, 115.0, 139.0, 168.0, 187.0, 199.0, 205.0, 209.0, 210.0, 213.0, 216.0, 222.0, 232.0, 236.0, 238.0, 240.0, 240.0, 241.0, 241.0, 240.0, 239.0, 239.0]	[-264.0, -264.0, -199.0, -128.0, -64.0, 3.0, 65.0, 112.0, 145.0, 166.0, 180.0, 186.0, 196.0, 209.0, 233.0, 264.0, 283.0, 291.0, 297.0, 299.0, 303.0, 308.0, 316.0, 321.0, 321.0]	[0, 0, 0, 0, 0, 0, 0, 0, 0, 0, 0, 0, 0, 0, 0, 0, 0, 0, 0, 0, 0, 0, 0, 0, 1]	[0, 0, 0, 0, 0, 0, 0, 0, 0, 0, 0, 0, 0, 0, 0, 0, 0, 0, 0, 0, 0, 0, 0, 0, 0]	[0, 0, 0, 0, 0, 0, 0, 0, 0, 0, 0, 0, 0, 0, 0, 0, 0, 0, 0, 0, 0, 0, 0, 0, 0]	[0.00019990000873804092, 0.012275599990971386, 0.029241199954412878, 0.045993899926543236, 0.062041500001214445, 0.07899760000873357, 0.09553269995376468, 0.11228889995254576, 0.12896090000867844, 0.14565800002310425, 0.16222599998582155, 0.1791599999414757, 0.19569990003947169, 0.21236589993350208, 0.22917940001934767, 0.24544730002526194, 0.26194190001115203, 0.27863559999968857, 0.295501200016588, 0.3122659999644384, 0.32869839994236827, 0.3454597999807447, 0.3621763000264764, 0.37849789997562766, 0.3958349999738857]	239.0	321.0	0.5	19b
195	7	go_nogo	0	60	3	go	click	[55.0, 55.0, 84.0, 117.0, 145.0, 161.0, 170.0, 180.0, 184.0, 189.0, 190.0, 191.0, 193.0, 193.0, 193.0, 193.0, 193.0, 193.0, 193.0, 193.0, 193.0, 193.0, 193.0, 193.0]	[-215.0, -215.0, -132.0, -37.0, 50.0, 111.0, 151.0, 186.0, 211.0, 228.0, 236.0, 241.0, 249.0, 250.0, 250.0, 250.0, 250.0, 250.0, 250.0, 253.0, 255.0, 255.0, 255.0, 255.0]	[0, 0, 0, 0, 0, 0, 0, 0, 0, 0, 0, 0, 0, 0, 0, 0, 0, 0, 0, 0, 0, 0, 0, 1]	[0, 0, 0, 0, 0, 0, 0, 0, 0, 0, 0, 0, 0, 0, 0, 0, 0, 0, 0, 0, 0, 0, 0, 0]	[0, 0, 0, 0, 0, 0, 0, 0, 0, 0, 0, 0, 0, 0, 0, 0, 0, 0, 0, 0, 0, 0, 0, 0]	[0.00027650000993162394, 0.010573300067335367, 0.027270300080999732, 0.04382470005657524, 0.06044070003554225, 0.07728760002646595, 0.09392070001922548, 0.11048130004201084, 0.12712920003104955, 0.1439276000019163, 0.16044870007317513, 0.17718540003988892, 0.1938682000618428, 0.21035150007810444, 0.22705840005073696, 0.2438071999931708, 0.2604508000658825, 0.2770106000825763, 0.2938004999887198, 0.3103745999978855, 0.3270614000502974, 0.34380210004746914, 0.36025320005137473, 0.37765490007586777]	193.0	255.0	0.8	19b
196	7	go_nogo	0	60	8	go	click	[139.0, 139.0, 173.0, 235.0, 290.0, 321.0, 336.0, 344.0, 345.0, 345.0, 345.0, 345.0, 345.0, 345.0, 345.0, 341.0, 323.0, 291.0, 254.0, 237.0, 226.0, 221.0, 219.0, 218.0, 218.0, 218.0]	[-154.0, -154.0, -63.0, 120.0, 287.0, 382.0, 428.0, 455.0, 461.0, 462.0, 462.0, 462.0, 462.0, 462.0, 462.0, 451.0, 423.0, 390.0, 354.0, 337.0, 328.0, 322.0, 319.0, 318.0, 318.0, 318.0]	[0, 0, 0, 0, 0, 0, 0, 0, 0, 0, 0, 0, 0, 0, 0, 0, 0, 0, 0, 0, 0, 0, 0, 0, 0, 1]	[0, 0, 0, 0, 0, 0, 0, 0, 0, 0, 0, 0, 0, 0, 0, 0, 0, 0, 0, 0, 0, 0, 0, 0, 0, 0]	[0, 0, 0, 0, 0, 0, 0, 0, 0, 0, 0, 0, 0, 0, 0, 0, 0, 0, 0, 0, 0, 0, 0, 0, 0, 0]	[0.0002098999684676528, 0.009754999889992177, 0.026045899954624474, 0.04285509989131242, 0.05962419998832047, 0.0763725999277085, 0.09381579991895705, 0.11001829989254475, 0.12641229992732406, 0.14286539994645864, 0.15990109997801483, 0.17620269989129156, 0.19304259994532913, 0.20944759994745255, 0.2263815999031067, 0.24304769991431385, 0.2595545999938622, 0.27620749990455806, 0.2928996999980882, 0.31049239996355027, 0.3263078999007121, 0.3430200999137014, 0.3596329999854788, 0.3760889999102801, 0.39282759989146143, 0.40968649997375906]	218.0	318.0	0.6	19b
197	7	go_nogo	0	60	3	go	click	[55.0, 55.0, 68.0, 94.0, 114.0, 134.0, 140.0, 143.0, 147.0, 149.0, 152.0, 155.0, 163.0, 169.0, 175.0, 182.0, 190.0, 199.0, 203.0, 203.0, 203.0, 203.0]	[-201.0, -201.0, -148.0, -55.0, 18.0, 95.0, 127.0, 152.0, 165.0, 172.0, 177.0, 189.0, 208.0, 229.0, 250.0, 271.0, 289.0, 311.0, 317.0, 318.0, 318.0, 318.0]	[0, 0, 0, 0, 0, 0, 0, 0, 0, 0, 0, 0, 0, 0, 0, 0, 0, 0, 0, 0, 0, 1]	[0, 0, 0, 0, 0, 0, 0, 0, 0, 0, 0, 0, 0, 0, 0, 0, 0, 0, 0, 0, 0, 0]	[0, 0, 0, 0, 0, 0, 0, 0, 0, 0, 0, 0, 0, 0, 0, 0, 0, 0, 0, 0, 0, 0]	[0.00021490000654011965, 0.011648400104604661, 0.028157000080682337, 0.04468070005532354, 0.0616314000217244, 0.07846170000266284, 0.0958126001060009, 0.11175969999749213, 0.12878360005561262, 0.14484950003679842, 0.16152850002981722, 0.17844680009875447, 0.19507820007856935, 0.21147110010497272, 0.2283033001003787, 0.24506260000634938, 0.26163930003531277, 0.2781179000157863, 0.2949249000521377, 0.311674700002186, 0.3279947000555694, 0.34501710010226816]	203.0	318.0	0.8	19b
198	7	go_nogo	0	60	8	go	click	[70.0, 70.0, 100.0, 158.0, 195.0, 223.0, 231.0, 235.0, 241.0, 244.0, 244.0, 245.0, 245.0, 245.0, 245.0, 245.0, 245.0, 245.0, 245.0, 245.0]	[-198.0, -198.0, -142.0, -13.0, 91.0, 168.0, 199.0, 218.0, 237.0, 252.0, 260.0, 265.0, 268.0, 269.0, 269.0, 269.0, 269.0, 269.0, 269.0, 269.0]	[0, 0, 0, 0, 0, 0, 0, 0, 0, 0, 0, 0, 0, 0, 0, 0, 0, 0, 0, 1]	[0, 0, 0, 0, 0, 0, 0, 0, 0, 0, 0, 0, 0, 0, 0, 0, 0, 0, 0, 0]	[0, 0, 0, 0, 0, 0, 0, 0, 0, 0, 0, 0, 0, 0, 0, 0, 0, 0, 0, 0]	[0.00018420000560581684, 0.01181880000513047, 0.028218899969942868, 0.044835399952717125, 0.061559899942949414, 0.07836169993970543, 0.09502509993035346, 0.11199130001477897, 0.12840579997282475, 0.14489689993206412, 0.1615912999259308, 0.17816789995413274, 0.19512299995403737, 0.2113225000211969, 0.22796940000262111, 0.2446450999705121, 0.26119899994228035, 0.27810669993050396, 0.29479169996920973, 0.3117646999889985]	245.0	269.0	0.8	19b
199	7	go_nogo	0	60	7	go	click	[33.0, 53.0, 73.0, 108.0, 135.0, 152.0, 165.0, 172.0, 176.0, 183.0, 188.0, 192.0, 193.0, 193.0, 193.0, 193.0, 194.0, 194.0, 195.0, 197.0, 197.0, 198.0, 198.0, 199.0, 199.0]	[-283.0, -241.0, -198.0, -117.0, -45.0, 12.0, 67.0, 98.0, 128.0, 159.0, 185.0, 208.0, 221.0, 225.0, 226.0, 226.0, 226.0, 228.0, 238.0, 269.0, 283.0, 291.0, 295.0, 297.0, 297.0]	[0, 0, 0, 0, 0, 0, 0, 0, 0, 0, 0, 0, 0, 0, 0, 0, 0, 0, 0, 0, 0, 0, 0, 0, 1]	[0, 0, 0, 0, 0, 0, 0, 0, 0, 0, 0, 0, 0, 0, 0, 0, 0, 0, 0, 0, 0, 0, 0, 0, 0]	[0, 0, 0, 0, 0, 0, 0, 0, 0, 0, 0, 0, 0, 0, 0, 0, 0, 0, 0, 0, 0, 0, 0, 0, 0]	[0.0001379000023007393, 0.012218200019560754, 0.02839490002952516, 0.044960200088098645, 0.06187510001473129, 0.07872800005134195, 0.09544469998218119, 0.11212240008171648, 0.12839179998263717, 0.1451865000417456, 0.161899600061588, 0.17845710006076843, 0.19523100007791072, 0.21177180006634444, 0.22834210004657507, 0.2452240000711754, 0.26171079999767244, 0.2786255000391975, 0.2951223000418395, 0.3118204000638798, 0.3284234000602737, 0.3453241999959573, 0.3616850000107661, 0.3782000000355765, 0.39529150002636015]	199.0	297.0	0.5	19b
200	7	go_nogo	0	60	9	nogo	none	[66.0, 66.0, 107.0, 139.0, 164.0, 176.0, 186.0, 194.0, 201.0, 207.0, 212.0, 213.0, 219.0, 221.0, 221.0, 221.0, 221.0, 221.0, 222.0, 223.0, 223.0, 224.0, 224.0, 224.0, 224.0, 224.0, 224.0, 224.0, 224.0, 224.0, 224.0, 224.0, 224.0, 224.0, 224.0, 224.0, 224.0, 224.0, 224.0, 224.0, 224.0, 224.0, 224.0, 224.0, 224.0, 224.0, 224.0, 224.0, 224.0, 224.0, 224.0, 224.0, 224.0, 224.0, 224.0, 224.0, 224.0, 224.0, 224.0, 224.0, 224.0, 224.0, 224.0, 224.0]	[-214.0, -214.0, -110.0, -26.0, 45.0, 85.0, 117.0, 144.0, 167.0, 181.0, 194.0, 199.0, 213.0, 219.0, 219.0, 219.0, 219.0, 219.0, 220.0, 226.0, 233.0, 235.0, 235.0, 235.0, 235.0, 235.0, 235.0, 235.0, 235.0, 235.0, 235.0, 235.0, 235.0, 235.0, 235.0, 235.0, 235.0, 235.0, 235.0, 235.0, 235.0, 235.0, 235.0, 235.0, 235.0, 235.0, 235.0, 235.0, 235.0, 235.0, 235.0, 235.0, 235.0, 235.0, 235.0, 235.0, 235.0, 235.0, 235.0, 235.0, 235.0, 235.0, 235.0, 235.0]	[0, 0, 0, 0, 0, 0, 0, 0, 0, 0, 0, 0, 0, 0, 0, 0, 0, 0, 0, 0, 0, 0, 0, 0, 0, 0, 0, 0, 0, 0, 0, 0, 0, 0, 0, 0, 0, 0, 0, 0, 0, 0, 0, 0, 0, 0, 0, 0, 0, 0, 0, 0, 0, 0, 0, 0, 0, 0, 0, 0, 0, 0, 0, 0]	[0, 0, 0, 0, 0, 0, 0, 0, 0, 0, 0, 0, 0, 0, 0, 0, 0, 0, 0, 0, 0, 0, 0, 0, 0, 0, 0, 0, 0, 0, 0, 0, 0, 0, 0, 0, 0, 0, 0, 0, 0, 0, 0, 0, 0, 0, 0, 0, 0, 0, 0, 0, 0, 0, 0, 0, 0, 0, 0, 0, 0, 0, 0, 0]	[0, 0, 0, 0, 0, 0, 0, 0, 0, 0, 0, 0, 0, 0, 0, 0, 0, 0, 0, 0, 0, 0, 0, 0, 0, 0, 0, 0, 0, 0, 0, 0, 0, 0, 0, 0, 0, 0, 0, 0, 0, 0, 0, 0, 0, 0, 0, 0, 0, 0, 0, 0, 0, 0, 0, 0, 0, 0, 0, 0, 0, 0, 0, 0]	[0.00036720000207424164, 0.011067699990235269, 0.02827759995125234, 0.04386139998678118, 0.06056110002100468, 0.0774671999970451, 0.09392000001389533, 0.11048240005038679, 0.1272958000190556, 0.14506690006237477, 0.16070919996127486, 0.17716860002838075, 0.19416590000037104, 0.2103435000171885, 0.22712259995751083, 0.24367760005407035, 0.2602851999690756, 0.27812799997627735, 0.2938992000417784, 0.31041959999129176, 0.3269986000377685, 0.3435631999745965, 0.36031200003344566, 0.37688140000682324, 0.39361569995526224, 0.4101939999964088, 0.4269073000177741, 0.44352660002186894, 0.4602523000212386, 0.4769662000471726, 0.4936516999732703, 0.5103261000476778, 0.5268160999985412, 0.5436052000150084, 0.560195800033398, 0.5768705999944359, 0.5934317000210285, 0.6100663000252098, 0.6267279000021517, 0.6435753999976441, 0.6601034000050277, 0.6768439000006765, 0.6935060999821872, 0.7101373999612406, 0.7268127000425011, 0.7437313999980688, 0.7602838999591768, 0.7769031999632716, 0.7936082000378519, 0.8101318000117317, 0.8268072999780998, 0.8434049000497907, 0.8601912000449374, 0.877562899957411, 0.8934387000044808, 0.9099441999569535, 0.9269040999934077, 0.9435732000274584, 0.9602147999685258, 0.9770422000437975, 0.9935357000213116, 1.010118899983354, 1.0268242000602186, 1.0438087000511587]	n/a	n/a	0.8	19b
201	7	go_nogo	0	60	7	go	click	[40.0, 40.0, 89.0, 142.0, 181.0, 202.0, 217.0, 231.0, 243.0, 250.0, 254.0, 257.0, 261.0, 264.0, 265.0, 265.0, 265.0, 265.0, 265.0, 264.0, 262.0, 258.0, 251.0, 240.0, 231.0, 221.0, 217.0, 215.0]	[-196.0, -196.0, -64.0, 54.0, 128.0, 167.0, 198.0, 226.0, 257.0, 276.0, 289.0, 295.0, 306.0, 319.0, 324.0, 325.0, 325.0, 325.0, 326.0, 327.0, 328.0, 328.0, 329.0, 327.0, 324.0, 320.0, 318.0, 317.0]	[0, 0, 0, 0, 0, 0, 0, 0, 0, 0, 0, 0, 0, 0, 0, 0, 0, 0, 0, 0, 0, 0, 0, 0, 0, 0, 0, 1]	[0, 0, 0, 0, 0, 0, 0, 0, 0, 0, 0, 0, 0, 0, 0, 0, 0, 0, 0, 0, 0, 0, 0, 0, 0, 0, 0, 0]	[0, 0, 0, 0, 0, 0, 0, 0, 0, 0, 0, 0, 0, 0, 0, 0, 0, 0, 0, 0, 0, 0, 0, 0, 0, 0, 0, 0]	[7.289997301995754e-05, 0.01222480006981641, 0.02850030001718551, 0.04530710005201399, 0.06203180004376918, 0.07863130001351237, 0.0953457000432536, 0.11207170004490763, 0.128560799988918, 0.14551000006031245, 0.16191809996962547, 0.17874740005936474, 0.1958285999717191, 0.21231139998417348, 0.22860260005109012, 0.24520800006575882, 0.2617473000427708, 0.2788568000542, 0.29529440007172525, 0.31197540007997304, 0.32870710000861436, 0.34541249996982515, 0.3617356000468135, 0.37853710004128516, 0.39546250004787, 0.41192780004348606, 0.4287222999846563, 0.4452753000659868]	215.0	317.0	0.9	19b
202	7	go_nogo	0	60	3	go	click	[30.0, 30.0, 41.0, 65.0, 79.0, 92.0, 98.0, 106.0, 114.0, 121.0, 127.0, 131.0, 133.0, 137.0, 142.0, 149.0, 157.0, 163.0, 171.0, 173.0, 177.0, 183.0, 188.0, 189.0, 189.0]	[-227.0, -227.0, -194.0, -130.0, -77.0, 4.0, 61.0, 112.0, 144.0, 168.0, 187.0, 196.0, 206.0, 221.0, 240.0, 263.0, 280.0, 291.0, 296.0, 298.0, 301.0, 306.0, 312.0, 313.0, 313.0]	[0, 0, 0, 0, 0, 0, 0, 0, 0, 0, 0, 0, 0, 0, 0, 0, 0, 0, 0, 0, 0, 0, 0, 0, 1]	[0, 0, 0, 0, 0, 0, 0, 0, 0, 0, 0, 0, 0, 0, 0, 0, 0, 0, 0, 0, 0, 0, 0, 0, 0]	[0, 0, 0, 0, 0, 0, 0, 0, 0, 0, 0, 0, 0, 0, 0, 0, 0, 0, 0, 0, 0, 0, 0, 0, 0]	[0.00021860003471374512, 0.011579700047150254, 0.02821570006199181, 0.044795399997383356, 0.06155580002814531, 0.07837680005468428, 0.0950664000120014, 0.11172640009317547, 0.1284766000462696, 0.14518220000900328, 0.16193830000702292, 0.17827420006506145, 0.19503060006536543, 0.21156750002410263, 0.22825850010849535, 0.24487630010116845, 0.26155120006296784, 0.2785141000058502, 0.295018200064078, 0.3118730999995023, 0.32824930001515895, 0.34504110005218536, 0.36155970010440797, 0.37788290006574243, 0.395004800055176]	189.0	313.0	0.5	19b
203	7	go_nogo	0	60	8	go	click	[53.0, 53.0, 104.0, 150.0, 180.0, 201.0, 214.0, 220.0, 224.0, 227.0, 227.0, 227.0, 227.0, 227.0, 227.0, 227.0, 227.0, 227.0, 229.0, 232.0, 232.0, 232.0, 232.0, 232.0, 230.0, 222.0, 218.0, 217.0, 217.0, 217.0, 217.0]	[-152.0, -152.0, 3.0, 138.0, 229.0, 284.0, 319.0, 340.0, 354.0, 360.0, 363.0, 366.0, 370.0, 379.0, 383.0, 386.0, 391.0, 399.0, 410.0, 413.0, 414.0, 414.0, 409.0, 399.0, 378.0, 345.0, 331.0, 327.0, 327.0, 327.0, 327.0]	[0, 0, 0, 0, 0, 0, 0, 0, 0, 0, 0, 0, 0, 0, 0, 0, 0, 0, 0, 0, 0, 0, 0, 0, 0, 0, 0, 0, 0, 0, 1]	[0, 0, 0, 0, 0, 0, 0, 0, 0, 0, 0, 0, 0, 0, 0, 0, 0, 0, 0, 0, 0, 0, 0, 0, 0, 0, 0, 0, 0, 0, 0]	[0, 0, 0, 0, 0, 0, 0, 0, 0, 0, 0, 0, 0, 0, 0, 0, 0, 0, 0, 0, 0, 0, 0, 0, 0, 0, 0, 0, 0, 0, 0]	[0.00019230006728321314, 0.011859700083732605, 0.028493900084868073, 0.0451071000425145, 0.06184169999323785, 0.07865949999541044, 0.09513340005651116, 0.11173180001787841, 0.12846450007054955, 0.14490369998384267, 0.16198570001870394, 0.1783688000869006, 0.19534920004662126, 0.2121896999888122, 0.2288389999885112, 0.24517470004502684, 0.2618083000415936, 0.27860990003682673, 0.29521390004083514, 0.3117544000269845, 0.3282262000720948, 0.3452755000907928, 0.3619141000090167, 0.378370700054802, 0.3952156000304967, 0.4125143000856042, 0.42894280003383756, 0.44507190003059804, 0.4616558999987319, 0.4783757000695914, 0.4954340000404045]	217.0	327.0	0.6	19b
204	7	go_nogo	0	60	6	go	click	[13.0, 13.0, 56.0, 97.0, 124.0, 132.0, 138.0, 141.0, 143.0, 143.0, 145.0, 146.0, 147.0, 148.0, 150.0, 150.0, 150.0, 150.0, 153.0, 159.0, 168.0, 176.0, 182.0, 185.0, 185.0]	[-210.0, -210.0, -25.0, 129.0, 207.0, 244.0, 271.0, 287.0, 297.0, 303.0, 308.0, 311.0, 312.0, 314.0, 316.0, 317.0, 317.0, 317.0, 316.0, 311.0, 306.0, 301.0, 298.0, 296.0, 296.0]	[0, 0, 0, 0, 0, 0, 0, 0, 0, 0, 0, 0, 0, 0, 0, 0, 0, 0, 0, 0, 0, 0, 0, 0, 1]	[0, 0, 0, 0, 0, 0, 0, 0, 0, 0, 0, 0, 0, 0, 0, 0, 0, 0, 0, 0, 0, 0, 0, 0, 0]	[0, 0, 0, 0, 0, 0, 0, 0, 0, 0, 0, 0, 0, 0, 0, 0, 0, 0, 0, 0, 0, 0, 0, 0, 0]	[0.0002012000186368823, 0.010897599975578487, 0.02719930000603199, 0.04406710003968328, 0.060316700022667646, 0.0771824000403285, 0.09390730003360659, 0.1105552000226453, 0.12713879998773336, 0.14406680001411587, 0.160643000039272, 0.17761929996777326, 0.19465580000542104, 0.2109700000146404, 0.22749399999156594, 0.24383259995374829, 0.26080869999714196, 0.27733660000376403, 0.2936250000493601, 0.3104254000354558, 0.32714920002035797, 0.3439756999723613, 0.3604529000585899, 0.3769195999484509, 0.3939558999845758]	185.0	296.0	0.7	19b
205	7	go_nogo	0	60	9	nogo	none	[20.0, 20.0, 48.0, 86.0, 129.0, 158.0, 177.0, 196.0, 205.0, 213.0, 218.0, 222.0, 226.0, 227.0, 227.0, 227.0, 227.0, 227.0, 225.0, 216.0, 207.0, 206.0, 204.0, 204.0, 204.0, 204.0, 204.0, 204.0, 204.0, 204.0, 204.0, 204.0, 204.0, 204.0, 204.0, 204.0, 204.0, 204.0, 204.0, 204.0, 204.0, 204.0, 204.0, 204.0, 204.0, 204.0, 204.0, 204.0, 204.0, 204.0, 204.0, 204.0, 204.0, 204.0, 204.0, 204.0, 204.0, 204.0, 204.0, 204.0, 204.0, 204.0, 204.0, 204.0, 204.0, 204.0]	[-271.0, -271.0, -195.0, -106.0, -24.0, 31.0, 67.0, 104.0, 123.0, 142.0, 156.0, 166.0, 175.0, 182.0, 184.0, 184.0, 184.0, 184.0, 188.0, 202.0, 243.0, 258.0, 263.0, 264.0, 264.0, 264.0, 264.0, 264.0, 264.0, 264.0, 264.0, 264.0, 264.0, 264.0, 264.0, 264.0, 264.0, 264.0, 264.0, 264.0, 264.0, 264.0, 264.0, 264.0, 264.0, 264.0, 264.0, 264.0, 264.0, 264.0, 264.0, 264.0, 264.0, 264.0, 264.0, 264.0, 264.0, 264.0, 264.0, 264.0, 264.0, 264.0, 264.0, 264.0, 264.0, 264.0]	[0, 0, 0, 0, 0, 0, 0, 0, 0, 0, 0, 0, 0, 0, 0, 0, 0, 0, 0, 0, 0, 0, 0, 0, 0, 0, 0, 0, 0, 0, 0, 0, 0, 0, 0, 0, 0, 0, 0, 0, 0, 0, 0, 0, 0, 0, 0, 0, 0, 0, 0, 0, 0, 0, 0, 0, 0, 0, 0, 0, 0, 0, 0, 0, 0, 0]	[0, 0, 0, 0, 0, 0, 0, 0, 0, 0, 0, 0, 0, 0, 0, 0, 0, 0, 0, 0, 0, 0, 0, 0, 0, 0, 0, 0, 0, 0, 0, 0, 0, 0, 0, 0, 0, 0, 0, 0, 0, 0, 0, 0, 0, 0, 0, 0, 0, 0, 0, 0, 0, 0, 0, 0, 0, 0, 0, 0, 0, 0, 0, 0, 0, 0]	[0, 0, 0, 0, 0, 0, 0, 0, 0, 0, 0, 0, 0, 0, 0, 0, 0, 0, 0, 0, 0, 0, 0, 0, 0, 0, 0, 0, 0, 0, 0, 0, 0, 0, 0, 0, 0, 0, 0, 0, 0, 0, 0, 0, 0, 0, 0, 0, 0, 0, 0, 0, 0, 0, 0, 0, 0, 0, 0, 0, 0, 0, 0, 0, 0, 0]	[7.599999662488699e-05, 0.011652300017885864, 0.028059500036761165, 0.04503619996830821, 0.06181079999078065, 0.07847720000427216, 0.09499330003745854, 0.11173030000645667, 0.12871189997531474, 0.14496459998190403, 0.16147910000290722, 0.17815100005827844, 0.19463549996726215, 0.2113231000257656, 0.22786600003018975, 0.2446001999778673, 0.26107660005800426, 0.27803140005562454, 0.2946479000383988, 0.3114555000793189, 0.328047199989669, 0.3446763000683859, 0.3612423000158742, 0.37804440001491457, 0.39458209997974336, 0.4111597000155598, 0.42779490002430975, 0.44450680003501475, 0.46114690008107573, 0.47785929997917265, 0.49440289998892695, 0.5110289000440389, 0.5277311999816447, 0.5446730999974534, 0.5615348999854177, 0.5778389000333846, 0.5946330999722704, 0.6109826000174507, 0.6278825000626966, 0.6446070000529289, 0.6613681999733672, 0.6777814000379294, 0.6944868999999017, 0.7110035000368953, 0.7278156999964267, 0.7444881000556052, 0.7609867000719532, 0.7777903999667615, 0.7944023000309244, 0.8109611000400037, 0.8278235000325367, 0.8443244000663981, 0.8612238999921829, 0.8776561999693513, 0.8943227999843657, 0.9111509000649676, 0.927709300071001, 0.9443102000514045, 0.9609985999995843, 0.9776106000645086, 0.9942988000111654, 1.0110848000040278, 1.027626399998553, 1.0443486999720335, 1.060907099978067, 1.0776557000353932]	n/a	n/a	0.5	19b
206	7	go_nogo	0	60	8	go	click	[-14.0, -14.0, 9.0, 42.0, 77.0, 114.0, 153.0, 186.0, 200.0, 209.0, 214.0, 215.0, 215.0, 216.0, 216.0, 216.0, 216.0, 216.0, 216.0, 216.0, 216.0, 216.0]	[-285.0, -285.0, -222.0, -138.0, -46.0, 50.0, 150.0, 220.0, 247.0, 261.0, 268.0, 270.0, 271.0, 271.0, 271.0, 271.0, 271.0, 271.0, 271.0, 271.0, 272.0, 272.0]	[0, 0, 0, 0, 0, 0, 0, 0, 0, 0, 0, 0, 0, 0, 0, 0, 0, 0, 0, 0, 0, 1]	[0, 0, 0, 0, 0, 0, 0, 0, 0, 0, 0, 0, 0, 0, 0, 0, 0, 0, 0, 0, 0, 0]	[0, 0, 0, 0, 0, 0, 0, 0, 0, 0, 0, 0, 0, 0, 0, 0, 0, 0, 0, 0, 0, 0]	[0.0001401999033987522, 0.011480399989522994, 0.028301099897362292, 0.04460039990954101, 0.06114589993376285, 0.07816449995152652, 0.09461209992878139, 0.11127999995369464, 0.12798739993013442, 0.14458839991129935, 0.16106209997087717, 0.17778899997938424, 0.19438429991714656, 0.21100629994180053, 0.22771599993575364, 0.24453469994477928, 0.2609727999661118, 0.2776210999581963, 0.2945238999091089, 0.31128919997718185, 0.3277694999706, 0.34450079989619553]	216.0	272.0	0.8	19b
207	7	go_nogo	0	60	8	go	click	[54.0, 54.0, 104.0, 137.0, 161.0, 175.0, 187.0, 193.0, 196.0, 197.0, 197.0, 197.0, 197.0, 196.0, 196.0, 196.0, 195.0, 195.0, 192.0, 187.0, 182.0, 182.0, 182.0, 182.0, 182.0]	[-184.0, -184.0, -75.0, -2.0, 52.0, 91.0, 126.0, 155.0, 174.0, 180.0, 185.0, 190.0, 197.0, 203.0, 204.0, 204.0, 205.0, 207.0, 217.0, 240.0, 268.0, 284.0, 299.0, 304.0, 305.0]	[0, 0, 0, 0, 0, 0, 0, 0, 0, 0, 0, 0, 0, 0, 0, 0, 0, 0, 0, 0, 0, 0, 0, 0, 1]	[0, 0, 0, 0, 0, 0, 0, 0, 0, 0, 0, 0, 0, 0, 0, 0, 0, 0, 0, 0, 0, 0, 0, 0, 0]	[0, 0, 0, 0, 0, 0, 0, 0, 0, 0, 0, 0, 0, 0, 0, 0, 0, 0, 0, 0, 0, 0, 0, 0, 0]	[0.00033359997905790806, 0.012008599936962128, 0.028731899918057024, 0.045251799980178475, 0.06191049993503839, 0.07848459994420409, 0.09543589991517365, 0.11176459991838783, 0.12855009990744293, 0.14547709992621094, 0.16177229990717024, 0.17853849998209625, 0.19537809991743416, 0.21196459990460426, 0.22845860000234097, 0.24559619999490678, 0.2619503999594599, 0.2783309000078589, 0.2950838999822736, 0.3118571999948472, 0.3285758999409154, 0.34521529998164624, 0.3621506999479607, 0.37854730000253767, 0.3952200999483466]	182.0	305.0	0.6	19b
208	7	go_nogo	0	60	4	go	click	[70.0, 70.0, 100.0, 132.0, 155.0, 166.0, 176.0, 184.0, 184.0, 185.0, 185.0, 185.0, 187.0, 187.0, 188.0, 188.0, 190.0, 191.0, 191.0, 191.0, 191.0]	[-233.0, -233.0, -116.0, -2.0, 72.0, 114.0, 143.0, 167.0, 173.0, 176.0, 184.0, 202.0, 232.0, 268.0, 298.0, 318.0, 331.0, 335.0, 336.0, 336.0, 336.0]	[0, 0, 0, 0, 0, 0, 0, 0, 0, 0, 0, 0, 0, 0, 0, 0, 0, 0, 0, 0, 1]	[0, 0, 0, 0, 0, 0, 0, 0, 0, 0, 0, 0, 0, 0, 0, 0, 0, 0, 0, 0, 0]	[0, 0, 0, 0, 0, 0, 0, 0, 0, 0, 0, 0, 0, 0, 0, 0, 0, 0, 0, 0, 0]	[7.770000956952572e-05, 0.012330400058999658, 0.028902500052936375, 0.04526470007840544, 0.062324600061401725, 0.07880690007004887, 0.09558110008947551, 0.112262700102292, 0.12973170005716383, 0.145570500055328, 0.1622318000299856, 0.1790555000770837, 0.19558719999622554, 0.21228269999846816, 0.22878110001329333, 0.2454899000003934, 0.26232100010383874, 0.2788357000099495, 0.29545340000186116, 0.3123083000537008, 0.32876810000743717]	191.0	336.0	1.0	19b
209	7	go_nogo	0	60	4	go	click	[50.0, 74.0, 98.0, 139.0, 173.0, 195.0, 212.0, 217.0, 218.0, 218.0, 220.0, 220.0, 220.0, 220.0, 218.0, 218.0, 217.0, 216.0, 216.0, 217.0, 218.0, 219.0, 219.0, 219.0]	[-260.0, -213.0, -158.0, -72.0, -6.0, 43.0, 104.0, 132.0, 153.0, 163.0, 173.0, 179.0, 187.0, 195.0, 200.0, 205.0, 210.0, 220.0, 252.0, 280.0, 299.0, 306.0, 307.0, 307.0]	[0, 0, 0, 0, 0, 0, 0, 0, 0, 0, 0, 0, 0, 0, 0, 0, 0, 0, 0, 0, 0, 0, 0, 1]	[0, 0, 0, 0, 0, 0, 0, 0, 0, 0, 0, 0, 0, 0, 0, 0, 0, 0, 0, 0, 0, 0, 0, 0]	[0, 0, 0, 0, 0, 0, 0, 0, 0, 0, 0, 0, 0, 0, 0, 0, 0, 0, 0, 0, 0, 0, 0, 0]	[0.000112100038677454, 0.013197600026614964, 0.029619200038723648, 0.0462169999955222, 0.06275020004250109, 0.0794912000419572, 0.09630309999920428, 0.11306010000407696, 0.12999229994602501, 0.1463338000467047, 0.1626828999724239, 0.17936459998600185, 0.19625639996957034, 0.21271220000926405, 0.2297956000547856, 0.246166400029324, 0.26278530003037304, 0.2795648999745026, 0.2966979000484571, 0.3134163999930024, 0.32983689999673516, 0.3467640000162646, 0.36262529995292425, 0.3796130999689922]	219.0	307.0	0.7	19b
210	7	go_nogo	0	60	2	go	click	[63.0, 63.0, 83.0, 120.0, 144.0, 163.0, 169.0, 173.0, 176.0, 179.0, 181.0, 181.0, 182.0, 182.0, 182.0, 182.0, 182.0, 182.0, 182.0]	[-200.0, -200.0, -142.0, -8.0, 112.0, 225.0, 252.0, 267.0, 278.0, 286.0, 290.0, 292.0, 293.0, 293.0, 293.0, 293.0, 293.0, 293.0, 293.0]	[0, 0, 0, 0, 0, 0, 0, 0, 0, 0, 0, 0, 0, 0, 0, 0, 0, 0, 1]	[0, 0, 0, 0, 0, 0, 0, 0, 0, 0, 0, 0, 0, 0, 0, 0, 0, 0, 0]	[0, 0, 0, 0, 0, 0, 0, 0, 0, 0, 0, 0, 0, 0, 0, 0, 0, 0, 0]	[0.00019859999883919954, 0.01195650000590831, 0.0284939999692142, 0.0453300999943167, 0.06247030000668019, 0.07904109999071807, 0.09504909999668598, 0.11175869998987764, 0.12831040006130934, 0.14518260001204908, 0.1615423000184819, 0.17859230004251003, 0.19501300004776567, 0.21171760000288486, 0.22836930002085865, 0.2450620000017807, 0.26166159997228533, 0.27816640003584325, 0.29522149998228997]	182.0	293.0	0.6	19b
211	7	go_nogo	0	60	1	nogo	none	[50.0, 50.0, 58.0, 80.0, 105.0, 141.0, 158.0, 167.0, 174.0, 175.0, 176.0, 176.0, 177.0, 178.0, 178.0, 178.0, 178.0, 178.0, 178.0, 178.0, 178.0]	[-187.0, -187.0, -124.0, -5.0, 89.0, 211.0, 269.0, 298.0, 312.0, 317.0, 319.0, 319.0, 322.0, 324.0, 324.0, 324.0, 324.0, 324.0, 324.0, 324.0, 324.0]	[0, 0, 0, 0, 0, 0, 0, 0, 0, 0, 0, 0, 0, 0, 0, 0, 0, 0, 0, 0, 1]	[0, 0, 0, 0, 0, 0, 0, 0, 0, 0, 0, 0, 0, 0, 0, 0, 0, 0, 0, 0, 0]	[0, 0, 0, 0, 0, 0, 0, 0, 0, 0, 0, 0, 0, 0, 0, 0, 0, 0, 0, 0, 0]	[0.00019649998284876347, 0.012221199925988913, 0.02886309998575598, 0.04547000001184642, 0.06228079996071756, 0.07892799994442612, 0.09573189995717257, 0.1122050000121817, 0.1287488000234589, 0.145507299923338, 0.162051499937661, 0.178880300023593, 0.19548889994621277, 0.212116300011985, 0.2287271999521181, 0.24541229999158531, 0.26214869995601475, 0.27877849992364645, 0.29544569994322956, 0.31198989995755255, 0.32892619993072003]	178.0	324.0	1.0	19b
212	7	go_nogo	0	60	4	go	click	[80.0, 80.0, 101.0, 133.0, 148.0, 160.0, 160.0, 161.0, 161.0, 161.0, 161.0, 161.0, 161.0, 161.0, 161.0, 162.0, 162.0, 162.0, 162.0, 164.0, 170.0, 172.0, 177.0, 181.0, 181.0]	[-182.0, -182.0, -109.0, -3.0, 65.0, 146.0, 181.0, 200.0, 208.0, 210.0, 211.0, 211.0, 213.0, 218.0, 228.0, 236.0, 237.0, 237.0, 239.0, 245.0, 258.0, 277.0, 296.0, 305.0, 307.0]	[0, 0, 0, 0, 0, 0, 0, 0, 0, 0, 0, 0, 0, 0, 0, 0, 0, 0, 0, 0, 0, 0, 0, 0, 1]	[0, 0, 0, 0, 0, 0, 0, 0, 0, 0, 0, 0, 0, 0, 0, 0, 0, 0, 0, 0, 0, 0, 0, 0, 0]	[0, 0, 0, 0, 0, 0, 0, 0, 0, 0, 0, 0, 0, 0, 0, 0, 0, 0, 0, 0, 0, 0, 0, 0, 0]	[0.0003038999857380986, 0.009287400054745376, 0.02582129999063909, 0.042559699970297515, 0.0592923000222072, 0.07576759997755289, 0.09261930000502616, 0.10960049997083843, 0.12621779995970428, 0.14295999996829778, 0.15896649996284395, 0.17575200006831437, 0.19273280003108084, 0.20895100000780076, 0.22576170007232577, 0.2425537999952212, 0.25884909997694194, 0.27593949995934963, 0.2926877000136301, 0.3090449000010267, 0.32635640003718436, 0.34274650004226714, 0.35913040000014007, 0.3759678000351414, 0.39266660006251186]	181.0	307.0	0.7	19b
213	7	go_nogo	0	60	7	go	click	[42.0, 53.0, 66.0, 90.0, 109.0, 123.0, 134.0, 140.0, 144.0, 148.0, 150.0, 152.0, 154.0, 158.0, 161.0, 164.0, 169.0, 176.0, 182.0, 192.0, 204.0, 213.0, 213.0, 213.0]	[-252.0, -196.0, -144.0, -28.0, 60.0, 117.0, 159.0, 188.0, 201.0, 210.0, 215.0, 221.0, 226.0, 236.0, 242.0, 248.0, 256.0, 271.0, 287.0, 307.0, 323.0, 333.0, 334.0, 334.0]	[0, 0, 0, 0, 0, 0, 0, 0, 0, 0, 0, 0, 0, 0, 0, 0, 0, 0, 0, 0, 0, 0, 0, 1]	[0, 0, 0, 0, 0, 0, 0, 0, 0, 0, 0, 0, 0, 0, 0, 0, 0, 0, 0, 0, 0, 0, 0, 0]	[0, 0, 0, 0, 0, 0, 0, 0, 0, 0, 0, 0, 0, 0, 0, 0, 0, 0, 0, 0, 0, 0, 0, 0]	[0.00012769992463290691, 0.010889100027270615, 0.0275133999530226, 0.04422159993555397, 0.060983599978499115, 0.07774780003819615, 0.09434670000337064, 0.11109649995341897, 0.12745669996365905, 0.14436209993436933, 0.1612889999523759, 0.17785730003379285, 0.19439640000928193, 0.21077879995573312, 0.22730369993951172, 0.24410649994388223, 0.26076640002429485, 0.2773300999542698, 0.2943120999261737, 0.31069830001797527, 0.32747649995144457, 0.3441938000032678, 0.3607499999925494, 0.37762239994481206]	213.0	334.0	1.0	19b
214	7	go_nogo	0	60	6	go	click	[47.0, 47.0, 69.0, 81.0, 91.0, 96.0, 97.0, 99.0, 99.0, 99.0, 99.0, 99.0, 100.0, 100.0, 100.0, 100.0, 100.0, 101.0, 103.0, 105.0, 109.0, 112.0, 115.0, 119.0, 125.0, 131.0, 139.0, 148.0, 158.0, 164.0, 165.0, 165.0]	[-205.0, -205.0, -97.0, -8.0, 55.0, 89.0, 115.0, 144.0, 168.0, 186.0, 202.0, 223.0, 233.0, 239.0, 239.0, 239.0, 240.0, 243.0, 248.0, 255.0, 262.0, 267.0, 269.0, 273.0, 277.0, 282.0, 287.0, 295.0, 303.0, 307.0, 309.0, 309.0]	[0, 0, 0, 0, 0, 0, 0, 0, 0, 0, 0, 0, 0, 0, 0, 0, 0, 0, 0, 0, 0, 0, 0, 0, 0, 0, 0, 0, 0, 0, 0, 1]	[0, 0, 0, 0, 0, 0, 0, 0, 0, 0, 0, 0, 0, 0, 0, 0, 0, 0, 0, 0, 0, 0, 0, 0, 0, 0, 0, 0, 0, 0, 0, 0]	[0, 0, 0, 0, 0, 0, 0, 0, 0, 0, 0, 0, 0, 0, 0, 0, 0, 0, 0, 0, 0, 0, 0, 0, 0, 0, 0, 0, 0, 0, 0, 0]	[8.009991142898798e-05, 0.010907699936069548, 0.02730750001501292, 0.04401549999602139, 0.06094539992045611, 0.07734469999559224, 0.09400659997481853, 0.11087149998638779, 0.12728699995204806, 0.14432959991972893, 0.16065420000813901, 0.1773735999595374, 0.19425339996814728, 0.21062799997162074, 0.2273934999248013, 0.2441519999410957, 0.2607372999191284, 0.2772844999562949, 0.29409799992572516, 0.3109369999729097, 0.32747379993088543, 0.34412089991383255, 0.3606068999506533, 0.37796859990339726, 0.3942660999018699, 0.41100269998423755, 0.427311799954623, 0.44395270000677556, 0.46064979990478605, 0.47758329997304827, 0.4935707999393344, 0.5106864999979734]	165.0	309.0	0.9	19b
215	7	go_nogo	0	60	2	go	click	[84.0, 84.0, 108.0, 162.0, 181.0, 187.0, 194.0, 200.0, 203.0, 204.0, 207.0, 209.0, 211.0, 214.0, 214.0, 214.0, 214.0, 214.0, 214.0]	[-162.0, -162.0, -88.0, 88.0, 142.0, 177.0, 205.0, 230.0, 247.0, 258.0, 267.0, 277.0, 290.0, 297.0, 297.0, 297.0, 297.0, 297.0, 297.0]	[0, 0, 0, 0, 0, 0, 0, 0, 0, 0, 0, 0, 0, 0, 0, 0, 0, 0, 1]	[0, 0, 0, 0, 0, 0, 0, 0, 0, 0, 0, 0, 0, 0, 0, 0, 0, 0, 0]	[0, 0, 0, 0, 0, 0, 0, 0, 0, 0, 0, 0, 0, 0, 0, 0, 0, 0, 0]	[0.0002191000385209918, 0.01017290004529059, 0.026660299976356328, 0.04369249998126179, 0.060129199991934, 0.07666909997351468, 0.09341329999733716, 0.1100635000038892, 0.1267873999895528, 0.1435054000467062, 0.16013219999149442, 0.17675690003670752, 0.19340730004478246, 0.20983639999758452, 0.22659189999103546, 0.2431928999722004, 0.25982749997638166, 0.27675730001647025, 0.2937882000114769]	214.0	297.0	1.0	19b
216	7	go_nogo	0	60	4	go	click	[64.0, 64.0, 98.0, 124.0, 139.0, 153.0, 168.0, 190.0, 215.0, 236.0, 244.0, 249.0, 250.0, 251.0, 251.0, 251.0, 251.0, 251.0, 251.0, 251.0, 251.0, 251.0, 248.0, 241.0, 232.0, 225.0, 219.0, 216.0, 215.0]	[-234.0, -234.0, -109.0, 4.0, 68.0, 121.0, 171.0, 233.0, 305.0, 354.0, 377.0, 384.0, 387.0, 389.0, 392.0, 392.0, 392.0, 393.0, 394.0, 394.0, 394.0, 394.0, 385.0, 368.0, 346.0, 334.0, 324.0, 319.0, 316.0]	[0, 0, 0, 0, 0, 0, 0, 0, 0, 0, 0, 0, 0, 0, 0, 0, 0, 0, 0, 0, 0, 0, 0, 0, 0, 0, 0, 0, 1]	[0, 0, 0, 0, 0, 0, 0, 0, 0, 0, 0, 0, 0, 0, 0, 0, 0, 0, 0, 0, 0, 0, 0, 0, 0, 0, 0, 0, 0]	[0, 0, 0, 0, 0, 0, 0, 0, 0, 0, 0, 0, 0, 0, 0, 0, 0, 0, 0, 0, 0, 0, 0, 0, 0, 0, 0, 0, 0]	[0.00019880000036209822, 0.011984799988567829, 0.028553699958138168, 0.04559490003157407, 0.06204929994419217, 0.07844910002313554, 0.09504379995632917, 0.11194169998634607, 0.12850180000532418, 0.1453265999443829, 0.1623816000064835, 0.17870010004844517, 0.19505179999396205, 0.2119725999655202, 0.228647300042212, 0.24508609995245934, 0.26230679999571294, 0.2786834000144154, 0.2950262000085786, 0.3116466000210494, 0.32822040002793074, 0.3452502000145614, 0.36177009996026754, 0.37857389997225255, 0.39509030000772327, 0.4118142999941483, 0.4292316000210121, 0.4454576999414712, 0.46161899995058775]	215.0	316.0	0.5	19b
217	7	go_nogo	0	60	6	go	click	[34.0, 34.0, 46.0, 70.0, 96.0, 131.0, 155.0, 175.0, 188.0, 194.0, 196.0, 197.0, 197.0, 197.0, 197.0, 197.0, 198.0, 198.0, 198.0, 198.0, 198.0, 198.0]	[-210.0, -210.0, -173.0, -91.0, -9.0, 84.0, 144.0, 199.0, 229.0, 242.0, 249.0, 253.0, 255.0, 255.0, 255.0, 255.0, 255.0, 254.0, 254.0, 254.0, 254.0, 254.0]	[0, 0, 0, 0, 0, 0, 0, 0, 0, 0, 0, 0, 0, 0, 0, 0, 0, 0, 0, 0, 0, 1]	[0, 0, 0, 0, 0, 0, 0, 0, 0, 0, 0, 0, 0, 0, 0, 0, 0, 0, 0, 0, 0, 0]	[0, 0, 0, 0, 0, 0, 0, 0, 0, 0, 0, 0, 0, 0, 0, 0, 0, 0, 0, 0, 0, 0]	[0.00019340007565915585, 0.012022600043565035, 0.028489200049079955, 0.04523449996486306, 0.061883100075647235, 0.07856779999565333, 0.09523760003503412, 0.11184570007026196, 0.12846639996860176, 0.14532260003034025, 0.16176419996190816, 0.1787686999887228, 0.19501380005385727, 0.21177180006634444, 0.22832070000004023, 0.2453403000254184, 0.26153949997387826, 0.2783734999829903, 0.2949241000460461, 0.31157909997273237, 0.3285825999919325, 0.34526349999941885]	198.0	254.0	0.8	19b
218	7	go_nogo	0	60	3	go	click	[32.0, 47.0, 63.0, 98.0, 126.0, 146.0, 156.0, 165.0, 168.0, 170.0, 171.0, 171.0, 171.0, 171.0, 171.0, 171.0, 171.0, 171.0, 171.0]	[-260.0, -218.0, -165.0, -59.0, 43.0, 127.0, 190.0, 231.0, 254.0, 265.0, 269.0, 270.0, 271.0, 271.0, 271.0, 271.0, 271.0, 271.0, 271.0]	[0, 0, 0, 0, 0, 0, 0, 0, 0, 0, 0, 0, 0, 0, 0, 0, 0, 0, 1]	[0, 0, 0, 0, 0, 0, 0, 0, 0, 0, 0, 0, 0, 0, 0, 0, 0, 0, 0]	[0, 0, 0, 0, 0, 0, 0, 0, 0, 0, 0, 0, 0, 0, 0, 0, 0, 0, 0]	[0.00019429996609687805, 0.01025409996509552, 0.02747810003347695, 0.04357560002245009, 0.0604017999721691, 0.0770317999413237, 0.09362409997265786, 0.11035159998573363, 0.1269227999728173, 0.1434727000305429, 0.16020120005123317, 0.1766574999783188, 0.19354719994589686, 0.21041269996203482, 0.2265944000100717, 0.24340989999473095, 0.26001590001396835, 0.2766842000419274, 0.29380460001993924]	171.0	271.0	0.6	19b
219	7	go_nogo	0	60	6	go	click	[47.0, 47.0, 61.0, 86.0, 122.0, 150.0, 170.0, 181.0, 189.0, 192.0, 195.0, 198.0, 200.0, 201.0, 201.0, 201.0, 201.0, 201.0, 201.0]	[-240.0, -240.0, -169.0, -72.0, 47.0, 144.0, 210.0, 239.0, 255.0, 265.0, 270.0, 280.0, 285.0, 286.0, 286.0, 286.0, 286.0, 286.0, 286.0]	[0, 0, 0, 0, 0, 0, 0, 0, 0, 0, 0, 0, 0, 0, 0, 0, 0, 0, 1]	[0, 0, 0, 0, 0, 0, 0, 0, 0, 0, 0, 0, 0, 0, 0, 0, 0, 0, 0]	[0, 0, 0, 0, 0, 0, 0, 0, 0, 0, 0, 0, 0, 0, 0, 0, 0, 0, 0]	[7.489998824894428e-05, 0.010656600003130734, 0.027236000052653253, 0.043971700011752546, 0.06088400003500283, 0.07749689999036491, 0.09428620000835508, 0.11095020000357181, 0.12769820005632937, 0.1442545000463724, 0.16096540004946291, 0.17735340003855526, 0.19420489994809031, 0.21034750004764646, 0.2269973000511527, 0.24372559995390475, 0.2604843999724835, 0.2771395000163466, 0.29413349996320903]	201.0	286.0	1.0	19b
220	7	go_nogo	0	60	9	nogo	none	[55.0, 55.0, 70.0, 112.0, 141.0, 163.0, 180.0, 192.0, 197.0, 198.0, 198.0, 198.0, 198.0, 199.0, 199.0, 199.0, 199.0, 199.0, 200.0, 200.0]	[-222.0, -222.0, -176.0, -48.0, 39.0, 120.0, 185.0, 222.0, 247.0, 258.0, 267.0, 275.0, 281.0, 288.0, 290.0, 291.0, 293.0, 296.0, 298.0, 299.0]	[0, 0, 0, 0, 0, 0, 0, 0, 0, 0, 0, 0, 0, 0, 0, 0, 0, 0, 0, 1]	[0, 0, 0, 0, 0, 0, 0, 0, 0, 0, 0, 0, 0, 0, 0, 0, 0, 0, 0, 0]	[0, 0, 0, 0, 0, 0, 0, 0, 0, 0, 0, 0, 0, 0, 0, 0, 0, 0, 0, 0]	[0.0002618000144138932, 0.010686499997973442, 0.027214800007641315, 0.04445219994522631, 0.06099449994508177, 0.07741869997698814, 0.09418330003973097, 0.11062259995378554, 0.12740510003641248, 0.14410949999000877, 0.16071219998411834, 0.1775527000427246, 0.19406769995111972, 0.2105903000338003, 0.22735760000068694, 0.24462250003125519, 0.2609882999677211, 0.27758360002189875, 0.2940171000082046, 0.31088939995970577]	200.0	299.0	0.5	19b
221	7	go_nogo	0	60	7	go	click	[54.0, 54.0, 65.0, 94.0, 117.0, 140.0, 163.0, 173.0, 181.0, 188.0, 194.0, 198.0, 201.0, 202.0, 202.0, 202.0, 202.0, 202.0, 202.0, 202.0, 204.0, 204.0, 204.0, 204.0, 204.0, 204.0, 204.0]	[-221.0, -221.0, -188.0, -112.0, -38.0, 32.0, 109.0, 138.0, 163.0, 182.0, 197.0, 209.0, 218.0, 221.0, 221.0, 221.0, 221.0, 221.0, 221.0, 221.0, 231.0, 250.0, 266.0, 280.0, 293.0, 302.0, 305.0]	[0, 0, 0, 0, 0, 0, 0, 0, 0, 0, 0, 0, 0, 0, 0, 0, 0, 0, 0, 0, 0, 0, 0, 0, 0, 0, 1]	[0, 0, 0, 0, 0, 0, 0, 0, 0, 0, 0, 0, 0, 0, 0, 0, 0, 0, 0, 0, 0, 0, 0, 0, 0, 0, 0]	[0, 0, 0, 0, 0, 0, 0, 0, 0, 0, 0, 0, 0, 0, 0, 0, 0, 0, 0, 0, 0, 0, 0, 0, 0, 0, 0]	[0.00018930004443973303, 0.012545600067824125, 0.029367499984800816, 0.04560539999511093, 0.06222150009125471, 0.07927810004912317, 0.0956368000479415, 0.11248480004724115, 0.128860600059852, 0.14555110002402216, 0.16212550003547221, 0.17882770008873194, 0.1954554000403732, 0.21196580003015697, 0.22865710000041872, 0.24533450009766966, 0.2620752000948414, 0.27873130002990365, 0.2953535000560805, 0.31288630003109574, 0.3287576000439003, 0.345761000062339, 0.3620564000448212, 0.3787567000836134, 0.3955777999944985, 0.4121993000153452, 0.42913020006380975]	204.0	306.0	0.5	19b
222	7	go_nogo	0	60	9	nogo	none	[31.0, 43.0, 53.0, 71.0, 86.0, 100.0, 114.0, 125.0, 134.0, 146.0, 154.0, 163.0, 171.0, 177.0, 181.0, 183.0, 186.0, 187.0, 187.0, 187.0, 187.0, 187.0, 187.0, 187.0, 187.0, 187.0, 187.0, 187.0, 187.0, 187.0, 187.0, 187.0, 187.0, 187.0, 187.0, 187.0, 187.0, 187.0, 187.0, 187.0, 187.0, 187.0, 187.0, 187.0, 187.0, 187.0, 187.0, 187.0, 187.0, 187.0, 187.0, 187.0, 187.0, 187.0, 187.0, 187.0, 187.0, 187.0, 183.0, 179.0, 175.0, 167.0, 159.0, 147.0, 134.0, 120.0, 110.0, 98.0, 87.0, 72.0, 53.0, 43.0, 35.0, 26.0, 16.0, 7.0, 1.0, -1.0, -2.0, -2.0, -2.0, -2.0, -2.0, -2.0, -2.0, -2.0, -2.0, -2.0, -2.0, -2.0, -2.0, -2.0]	[-290.0, -249.0, -201.0, -110.0, -42.0, 11.0, 67.0, 119.0, 152.0, 191.0, 216.0, 240.0, 263.0, 280.0, 295.0, 303.0, 311.0, 314.0, 315.0, 315.0, 315.0, 315.0, 315.0, 315.0, 315.0, 315.0, 315.0, 315.0, 315.0, 315.0, 315.0, 315.0, 315.0, 315.0, 315.0, 315.0, 315.0, 315.0, 315.0, 315.0, 315.0, 315.0, 315.0, 315.0, 315.0, 315.0, 315.0, 315.0, 315.0, 315.0, 315.0, 315.0, 315.0, 315.0, 315.0, 315.0, 315.0, 308.0, 288.0, 273.0, 256.0, 235.0, 212.0, 186.0, 153.0, 122.0, 85.0, 44.0, -4.0, -54.0, -117.0, -153.0, -188.0, -226.0, -270.0, -308.0, -337.0, -348.0, -351.0, -351.0, -351.0, -351.0, -351.0, -351.0, -351.0, -351.0, -351.0, -351.0, -351.0, -351.0, -351.0, -351.0]	[0, 0, 0, 0, 0, 0, 0, 0, 0, 0, 0, 0, 0, 0, 0, 0, 0, 0, 0, 0, 0, 0, 0, 0, 0, 0, 0, 0, 0, 0, 0, 0, 0, 0, 0, 0, 0, 0, 0, 0, 0, 0, 0, 0, 0, 0, 0, 0, 0, 0, 0, 0, 0, 0, 0, 0, 0, 0, 0, 0, 0, 0, 0, 0, 0, 0, 0, 0, 0, 0, 0, 0, 0, 0, 0, 0, 0, 0, 0, 0, 0, 0, 0, 0, 0, 0, 0, 0, 0, 0, 0, 0]	[0, 0, 0, 0, 0, 0, 0, 0, 0, 0, 0, 0, 0, 0, 0, 0, 0, 0, 0, 0, 0, 0, 0, 0, 0, 0, 0, 0, 0, 0, 0, 0, 0, 0, 0, 0, 0, 0, 0, 0, 0, 0, 0, 0, 0, 0, 0, 0, 0, 0, 0, 0, 0, 0, 0, 0, 0, 0, 0, 0, 0, 0, 0, 0, 0, 0, 0, 0, 0, 0, 0, 0, 0, 0, 0, 0, 0, 0, 0, 0, 0, 0, 0, 0, 0, 0, 0, 0, 0, 0, 0, 0]	[0, 0, 0, 0, 0, 0, 0, 0, 0, 0, 0, 0, 0, 0, 0, 0, 0, 0, 0, 0, 0, 0, 0, 0, 0, 0, 0, 0, 0, 0, 0, 0, 0, 0, 0, 0, 0, 0, 0, 0, 0, 0, 0, 0, 0, 0, 0, 0, 0, 0, 0, 0, 0, 0, 0, 0, 0, 0, 0, 0, 0, 0, 0, 0, 0, 0, 0, 0, 0, 0, 0, 0, 0, 0, 0, 0, 0, 0, 0, 0, 0, 0, 0, 0, 0, 0, 0, 0, 0, 0, 0, 0]	[0.00010559998918324709, 0.009633700014092028, 0.026344900019466877, 0.04305139998905361, 0.05973710003308952, 0.07647020008880645, 0.0930606999900192, 0.10973520006518811, 0.12658300006296486, 0.1431334000080824, 0.16021920007187873, 0.17624350008554757, 0.19294650002848357, 0.2096198999788612, 0.22641800006385893, 0.24320470006205142, 0.2597040000837296, 0.27676260005682707, 0.29310840007383376, 0.30958270002156496, 0.3261689000064507, 0.3431370999896899, 0.35960239998530596, 0.37629470007959753, 0.3928901000181213, 0.40975440002512187, 0.42620690003968775, 0.4429091999772936, 0.4596138000488281, 0.47627129999455065, 0.4930083000799641, 0.5096915999893099, 0.5261843000771478, 0.5429092000704259, 0.5600357999792323, 0.5763587000546977, 0.5928034000098705, 0.6095457000192255, 0.6262584000360221, 0.642992899985984, 0.6595232000108808, 0.6759939000476152, 0.6927680000662804, 0.7093460999894887, 0.7261913000838831, 0.7428631000220776, 0.7599025000818074, 0.7760481000877917, 0.7926643000682816, 0.8093762000789866, 0.8261160000693053, 0.842861199984327, 0.8597243999829516, 0.8761043000267819, 0.8929180999984965, 0.9093254000181332, 0.9263010000577196, 0.9429163000313565, 0.9601780000375584, 0.9764187000691891, 0.9931028999853879, 1.009572200011462, 1.026100300019607, 1.04277890000958, 1.0593264000490308, 1.0761538000078872, 1.0927475000498816, 1.109566800063476, 1.1260541999945417, 1.1430099999997765, 1.159247300005518, 1.1767564000329003, 1.1934554000617936, 1.2091284000780433, 1.2257379000075161, 1.2426505000330508, 1.2591672000708058, 1.276093800086528, 1.292365700006485, 1.3090984000591561, 1.3257646000711247, 1.3425607000244781, 1.3590477000689134, 1.3757772999815643, 1.392657299991697, 1.409122099983506, 1.4255865000886843, 1.442859600065276, 1.458982800017111, 1.4756959000369534, 1.4925277000293136, 1.5090634999796748]	n/a	n/a	0.6	19b
223	7	go_nogo	0	60	8	go	click	[37.0, 37.0, 67.0, 87.0, 107.0, 124.0, 140.0, 151.0, 161.0, 171.0, 180.0, 190.0, 196.0, 204.0, 205.0, 205.0, 205.0, 205.0, 208.0, 210.0, 212.0]	[-212.0, -212.0, -121.0, -56.0, -4.0, 43.0, 82.0, 111.0, 142.0, 173.0, 200.0, 227.0, 254.0, 275.0, 284.0, 287.0, 288.0, 290.0, 297.0, 306.0, 311.0]	[0, 0, 0, 0, 0, 0, 0, 0, 0, 0, 0, 0, 0, 0, 0, 0, 0, 0, 0, 0, 1]	[0, 0, 0, 0, 0, 0, 0, 0, 0, 0, 0, 0, 0, 0, 0, 0, 0, 0, 0, 0, 0]	[0, 0, 0, 0, 0, 0, 0, 0, 0, 0, 0, 0, 0, 0, 0, 0, 0, 0, 0, 0, 0]	[0.0002183000324293971, 0.011624000035226345, 0.02808960003312677, 0.04484790004789829, 0.061426499974913895, 0.07802020001690835, 0.09475839999504387, 0.11129400006029755, 0.1281658000079915, 0.14475560002028942, 0.16140430001541972, 0.178186499979347, 0.19486950000282377, 0.2114720999961719, 0.22796769998967648, 0.2450577000854537, 0.2614007000811398, 0.2790532000362873, 0.29561030003242195, 0.31145260005723685, 0.32808970008045435]	212.0	311.0	1.0	19b
224	7	go_nogo	0	60	2	go	click	[27.0, 27.0, 34.0, 62.0, 67.0, 80.0, 90.0, 99.0, 111.0, 119.0, 124.0, 128.0, 133.0, 144.0, 157.0, 162.0, 165.0, 166.0, 168.0, 170.0, 175.0, 180.0, 184.0, 184.0, 185.0]	[-271.0, -271.0, -227.0, -72.0, -34.0, 39.0, 74.0, 103.0, 128.0, 146.0, 156.0, 164.0, 178.0, 201.0, 223.0, 237.0, 240.0, 242.0, 245.0, 250.0, 257.0, 267.0, 272.0, 274.0, 275.0]	[0, 0, 0, 0, 0, 0, 0, 0, 0, 0, 0, 0, 0, 0, 0, 0, 0, 0, 0, 0, 0, 0, 0, 0, 1]	[0, 0, 0, 0, 0, 0, 0, 0, 0, 0, 0, 0, 0, 0, 0, 0, 0, 0, 0, 0, 0, 0, 0, 0, 0]	[0, 0, 0, 0, 0, 0, 0, 0, 0, 0, 0, 0, 0, 0, 0, 0, 0, 0, 0, 0, 0, 0, 0, 0, 0]	[0.00020190002396702766, 0.009471600060351193, 0.02846050006337464, 0.04266979999374598, 0.05958530004136264, 0.07646900007966906, 0.09282960009295493, 0.10941610008012503, 0.12625730002764612, 0.14247620000969619, 0.15949880005791783, 0.1760511000175029, 0.19259990006685257, 0.20939520001411438, 0.22625340009108186, 0.24251830007415265, 0.25994800007902086, 0.2761337000411004, 0.2933906000107527, 0.30922900000587106, 0.326259299996309, 0.3428541000466794, 0.35973710007965565, 0.37590530002489686, 0.3928938000462949]	186.0	275.0	1.0	19b
225	7	go_nogo	0	60	6	go	click	[54.0, 68.0, 85.0, 123.0, 156.0, 174.0, 184.0, 193.0, 198.0, 201.0, 204.0, 211.0, 214.0, 215.0, 215.0, 215.0, 215.0, 216.0, 216.0, 216.0]	[-250.0, -190.0, -118.0, 24.0, 119.0, 170.0, 199.0, 221.0, 237.0, 242.0, 249.0, 260.0, 267.0, 268.0, 268.0, 268.0, 268.0, 268.0, 268.0, 268.0]	[0, 0, 0, 0, 0, 0, 0, 0, 0, 0, 0, 0, 0, 0, 0, 0, 0, 0, 0, 1]	[0, 0, 0, 0, 0, 0, 0, 0, 0, 0, 0, 0, 0, 0, 0, 0, 0, 0, 0, 0]	[0, 0, 0, 0, 0, 0, 0, 0, 0, 0, 0, 0, 0, 0, 0, 0, 0, 0, 0, 0]	[8.44000605866313e-05, 0.011509600095450878, 0.02794350008480251, 0.044718700111843646, 0.061185200000181794, 0.07785890006925911, 0.09460400009993464, 0.11132780008483678, 0.12813580001238734, 0.14451050001662225, 0.16135020006913692, 0.17780260008294135, 0.1946110000135377, 0.21109880006406456, 0.22770950000267476, 0.24447630008216947, 0.2614275000523776, 0.2777707000495866, 0.29432580003049225, 0.3111954000778496]	216.0	268.0	1.0	19b
226	7	go_nogo	0	60	8	go	click	[59.0, 59.0, 72.0, 142.0, 171.0, 186.0, 196.0, 207.0, 216.0, 219.0, 221.0, 222.0, 222.0, 223.0, 224.0, 224.0, 224.0, 225.0, 225.0, 226.0, 226.0]	[-215.0, -215.0, -155.0, 58.0, 141.0, 184.0, 219.0, 252.0, 273.0, 283.0, 290.0, 299.0, 308.0, 317.0, 319.0, 319.0, 319.0, 322.0, 327.0, 329.0, 329.0]	[0, 0, 0, 0, 0, 0, 0, 0, 0, 0, 0, 0, 0, 0, 0, 0, 0, 0, 0, 0, 1]	[0, 0, 0, 0, 0, 0, 0, 0, 0, 0, 0, 0, 0, 0, 0, 0, 0, 0, 0, 0, 0]	[0, 0, 0, 0, 0, 0, 0, 0, 0, 0, 0, 0, 0, 0, 0, 0, 0, 0, 0, 0, 0]	[0.0002109999768435955, 0.009917599963955581, 0.027005599928088486, 0.0437142999144271, 0.059818999958224595, 0.07661200000438839, 0.09326499991584569, 0.10980089998338372, 0.1264019999653101, 0.1431551999412477, 0.15984529990237206, 0.17663529992569238, 0.19315299997106194, 0.21013629995286465, 0.2264923999318853, 0.24299840000458062, 0.2600029999157414, 0.2770204999251291, 0.2931756000034511, 0.3100470999488607, 0.32696299999952316]	226.0	329.0	1.0	19b
227	7	go_nogo	0	60	4	go	click	[51.0, 51.0, 84.0, 115.0, 137.0, 151.0, 162.0, 174.0, 181.0, 188.0, 195.0, 207.0, 214.0, 218.0, 218.0, 218.0, 218.0, 219.0, 219.0, 219.0, 219.0]	[-201.0, -201.0, -109.0, -29.0, 37.0, 75.0, 108.0, 133.0, 157.0, 170.0, 184.0, 210.0, 232.0, 242.0, 243.0, 243.0, 243.0, 245.0, 250.0, 257.0, 257.0]	[0, 0, 0, 0, 0, 0, 0, 0, 0, 0, 0, 0, 0, 0, 0, 0, 0, 0, 0, 0, 1]	[0, 0, 0, 0, 0, 0, 0, 0, 0, 0, 0, 0, 0, 0, 0, 0, 0, 0, 0, 0, 0]	[0, 0, 0, 0, 0, 0, 0, 0, 0, 0, 0, 0, 0, 0, 0, 0, 0, 0, 0, 0, 0]	[0.00019990000873804092, 0.011477400083094835, 0.02808240009471774, 0.04454590007662773, 0.061487600090913475, 0.07793400005903095, 0.09444510005414486, 0.11120240006130189, 0.1280174000421539, 0.14466770004946738, 0.16114720003679395, 0.17794860003050417, 0.19507470005191863, 0.21114630007650703, 0.22762960009276867, 0.24442180001642555, 0.2610679001081735, 0.2776435000123456, 0.2945731000509113, 0.3109559000004083, 0.32792000006884336]	219.0	257.0	0.5	19b
228	7	go_nogo	0	60	2	go	click	[95.0, 95.0, 132.0, 156.0, 162.0, 167.0, 168.0, 172.0, 178.0, 180.0, 185.0, 185.0, 186.0, 186.0, 186.0, 186.0, 186.0, 186.0]	[-95.0, -95.0, 39.0, 113.0, 145.0, 172.0, 196.0, 221.0, 244.0, 257.0, 265.0, 266.0, 270.0, 271.0, 271.0, 271.0, 271.0, 271.0]	[0, 0, 0, 0, 0, 0, 0, 0, 0, 0, 0, 0, 0, 0, 0, 0, 0, 1]	[0, 0, 0, 0, 0, 0, 0, 0, 0, 0, 0, 0, 0, 0, 0, 0, 0, 0]	[0, 0, 0, 0, 0, 0, 0, 0, 0, 0, 0, 0, 0, 0, 0, 0, 0, 0]	[8.260004688054323e-05, 0.008381100022234023, 0.025671400013379753, 0.04201099998317659, 0.05895800003781915, 0.0754267000593245, 0.09193830005824566, 0.10874379996675998, 0.12527640000917017, 0.1422343000303954, 0.15880650002509356, 0.17534810001961887, 0.1923558000707999, 0.20845659996848553, 0.22521219996269792, 0.24178350006695837, 0.25847490003798157, 0.27552400005515665]	186.0	271.0	1.0	19b
229	7	go_nogo	0	60	1	nogo	none	[73.0, 73.0, 110.0, 143.0, 161.0, 172.0, 177.0, 180.0, 181.0, 183.0, 188.0, 191.0, 195.0, 197.0, 198.0, 198.0, 198.0, 198.0, 198.0, 198.0, 198.0]	[-191.0, -191.0, -57.0, 57.0, 133.0, 175.0, 199.0, 218.0, 233.0, 246.0, 261.0, 270.0, 282.0, 288.0, 289.0, 289.0, 289.0, 289.0, 290.0, 290.0, 290.0]	[0, 0, 0, 0, 0, 0, 0, 0, 0, 0, 0, 0, 0, 0, 0, 0, 0, 0, 0, 0, 1]	[0, 0, 0, 0, 0, 0, 0, 0, 0, 0, 0, 0, 0, 0, 0, 0, 0, 0, 0, 0, 0]	[0, 0, 0, 0, 0, 0, 0, 0, 0, 0, 0, 0, 0, 0, 0, 0, 0, 0, 0, 0, 0]	[0.00018909992650151253, 0.012119599967263639, 0.028204699978232384, 0.04467480001039803, 0.061687399982474744, 0.07816569996066391, 0.09509149997029454, 0.11159929994028062, 0.12828179995995015, 0.14503559994045645, 0.16133929998613894, 0.17822329991031438, 0.19476659991778433, 0.21165249997284263, 0.22785299993120134, 0.2446641999995336, 0.26137660001404583, 0.2780514999758452, 0.29473099997267127, 0.3111852000001818, 0.32826149999164045]	198.0	290.0	0.6	19b
230	7	go_nogo	0	60	8	go	click	[-2.0, -2.0, -2.0, -2.0, 12.0, 35.0, 62.0, 83.0, 103.0, 120.0, 131.0, 143.0, 158.0, 166.0, 175.0, 184.0, 192.0, 198.0, 199.0, 199.0, 199.0, 199.0, 199.0]	[-287.0, -287.0, -261.0, -219.0, -148.0, -70.0, -6.0, 43.0, 83.0, 116.0, 142.0, 173.0, 212.0, 232.0, 251.0, 275.0, 300.0, 314.0, 315.0, 315.0, 315.0, 315.0, 315.0]	[0, 0, 0, 0, 0, 0, 0, 0, 0, 0, 0, 0, 0, 0, 0, 0, 0, 0, 0, 0, 0, 0, 1]	[0, 0, 0, 0, 0, 0, 0, 0, 0, 0, 0, 0, 0, 0, 0, 0, 0, 0, 0, 0, 0, 0, 0]	[0, 0, 0, 0, 0, 0, 0, 0, 0, 0, 0, 0, 0, 0, 0, 0, 0, 0, 0, 0, 0, 0, 0]	[7.090007420629263e-05, 0.011879700003191829, 0.028527899994514883, 0.04517560009844601, 0.061848900048062205, 0.07840250001754612, 0.09528990008402616, 0.11191900004632771, 0.12855290004517883, 0.14499490009620786, 0.1618047000374645, 0.1783381000859663, 0.19515889999456704, 0.21199650003109127, 0.2285765000851825, 0.24509030010085553, 0.26185740006621927, 0.2784791000885889, 0.2949853000463918, 0.31164430000353605, 0.32826189999468625, 0.344917600043118, 0.36173880007117987]	199.0	315.0	0.5	19b
231	7	go_nogo	0	60	2	go	click	[28.0, 28.0, 46.0, 81.0, 115.0, 130.0, 139.0, 146.0, 151.0, 153.0, 155.0, 156.0, 157.0, 157.0, 157.0, 157.0, 157.0, 157.0, 157.0, 157.0, 157.0, 157.0, 157.0, 157.0, 160.0, 171.0, 184.0, 195.0, 207.0, 211.0, 213.0, 214.0, 214.0, 214.0, 214.0, 214.0, 214.0, 214.0, 214.0, 214.0, 216.0, 216.0, 213.0, 210.0, 209.0, 209.0, 209.0, 209.0, 209.0, 209.0, 209.0, 209.0, 209.0, 209.0, 209.0, 209.0, 209.0]	[-254.0, -254.0, -204.0, -94.0, 32.0, 92.0, 143.0, 181.0, 208.0, 218.0, 223.0, 227.0, 230.0, 231.0, 231.0, 231.0, 231.0, 231.0, 231.0, 231.0, 231.0, 231.0, 231.0, 231.0, 237.0, 259.0, 290.0, 319.0, 347.0, 356.0, 361.0, 362.0, 362.0, 362.0, 362.0, 362.0, 362.0, 362.0, 362.0, 363.0, 363.0, 363.0, 354.0, 337.0, 323.0, 308.0, 296.0, 291.0, 289.0, 289.0, 289.0, 289.0, 289.0, 289.0, 289.0, 289.0, 289.0]	[0, 0, 0, 0, 0, 0, 0, 0, 0, 0, 0, 0, 0, 0, 0, 0, 0, 0, 0, 1, 1, 1, 1, 0, 0, 0, 0, 0, 0, 0, 0, 0, 0, 0, 0, 1, 1, 1, 0, 0, 0, 0, 0, 0, 0, 0, 0, 0, 0, 0, 0, 0, 0, 0, 0, 0, 1]	[0, 0, 0, 0, 0, 0, 0, 0, 0, 0, 0, 0, 0, 0, 0, 0, 0, 0, 0, 0, 0, 0, 0, 0, 0, 0, 0, 0, 0, 0, 0, 0, 0, 0, 0, 0, 0, 0, 0, 0, 0, 0, 0, 0, 0, 0, 0, 0, 0, 0, 0, 0, 0, 0, 0, 0, 0]	[0, 0, 0, 0, 0, 0, 0, 0, 0, 0, 0, 0, 0, 0, 0, 0, 0, 0, 0, 0, 0, 0, 0, 0, 0, 0, 0, 0, 0, 0, 0, 0, 0, 0, 0, 0, 0, 0, 0, 0, 0, 0, 0, 0, 0, 0, 0, 0, 0, 0, 0, 0, 0, 0, 0, 0, 0]	[0.0002109999768435955, 0.00887469993904233, 0.025819399976171553, 0.042852999991737306, 0.05903399991802871, 0.07585929997731, 0.09240139997564256, 0.10909879999235272, 0.1258472999325022, 0.14239119994454086, 0.15919129992835224, 0.17599919997155666, 0.19257039995864034, 0.20903739996720105, 0.2256792999105528, 0.242342000012286, 0.25909039995167404, 0.2754769999301061, 0.2921750999521464, 0.30931009992491454, 0.3255388999823481, 0.34229669999331236, 0.3588936999440193, 0.3756464999169111, 0.39229049999266863, 0.4089659999590367, 0.4255064999451861, 0.44260379998013377, 0.4592399999964982, 0.47636989993043244, 0.49262969999108464, 0.5089404999744147, 0.5259080999530852, 0.5422997999703512, 0.5593042999971658, 0.5760159000055864, 0.5920918999472633, 0.6086773999268189, 0.6255864999257028, 0.6424020999111235, 0.6589623999316245, 0.675687599927187, 0.6922653999645263, 0.7087441999465227, 0.7257013999624178, 0.7421707999892533, 0.7590965999988839, 0.7755209999158978, 0.7919725999236107, 0.8086468999972567, 0.8252989000175148, 0.8418880999088287, 0.8585583999520168, 0.8752337999176234, 0.8918931999942288, 0.9085131000028923, 0.9256427999353036]	209.0	289.0	0.6	19b
232	7	go_nogo	0	60	1	nogo	none	[54.0, 66.0, 82.0, 118.0, 152.0, 170.0, 182.0, 189.0, 197.0, 208.0, 211.0, 222.0, 223.0, 223.0, 223.0, 223.0, 223.0, 223.0, 223.0, 223.0, 223.0, 223.0, 223.0, 223.0, 223.0, 223.0, 223.0, 223.0, 223.0, 223.0, 223.0, 223.0, 223.0, 223.0, 223.0, 223.0, 223.0, 223.0, 223.0, 223.0, 223.0, 223.0, 223.0, 223.0, 223.0, 223.0, 223.0, 223.0, 223.0, 223.0, 223.0, 223.0, 223.0, 223.0, 223.0, 223.0]	[-287.0, -242.0, -189.0, -67.0, 32.0, 87.0, 119.0, 144.0, 169.0, 207.0, 219.0, 251.0, 258.0, 260.0, 260.0, 260.0, 260.0, 260.0, 260.0, 260.0, 260.0, 260.0, 260.0, 260.0, 260.0, 260.0, 260.0, 260.0, 260.0, 260.0, 260.0, 260.0, 260.0, 260.0, 260.0, 260.0, 260.0, 260.0, 260.0, 260.0, 260.0, 260.0, 260.0, 260.0, 260.0, 260.0, 260.0, 260.0, 260.0, 260.0, 260.0, 260.0, 260.0, 260.0, 260.0, 260.0]	[0, 0, 0, 0, 0, 0, 0, 0, 0, 0, 0, 0, 0, 0, 0, 0, 0, 0, 0, 0, 0, 0, 0, 0, 0, 0, 0, 0, 0, 0, 0, 0, 0, 0, 0, 0, 0, 0, 0, 0, 0, 0, 0, 0, 0, 0, 0, 0, 0, 0, 0, 0, 0, 0, 0, 0]	[0, 0, 0, 0, 0, 0, 0, 0, 0, 0, 0, 0, 0, 0, 0, 0, 0, 0, 0, 0, 0, 0, 0, 0, 0, 0, 0, 0, 0, 0, 0, 0, 0, 0, 0, 0, 0, 0, 0, 0, 0, 0, 0, 0, 0, 0, 0, 0, 0, 0, 0, 0, 0, 0, 0, 0]	[0, 0, 0, 0, 0, 0, 0, 0, 0, 0, 0, 0, 0, 0, 0, 0, 0, 0, 0, 0, 0, 0, 0, 0, 0, 0, 0, 0, 0, 0, 0, 0, 0, 0, 0, 0, 0, 0, 0, 0, 0, 0, 0, 0, 0, 0, 0, 0, 0, 0, 0, 0, 0, 0, 0, 0]	[0.00010549998842179775, 0.01062760001514107, 0.026967499987222254, 0.043890199973247945, 0.06033270002808422, 0.07748850004281849, 0.09389979997649789, 0.11034310003742576, 0.1271207999670878, 0.14373020001221448, 0.16034099995158613, 0.17698620003648102, 0.19363290001638234, 0.21004509995691478, 0.22675709996838123, 0.24337499996181577, 0.2601678000064567, 0.2767632999457419, 0.293557700002566, 0.310066599980928, 0.3269723999546841, 0.3436723999911919, 0.36028050002641976, 0.3770914999768138, 0.3934952999697998, 0.4102789999451488, 0.4268632000312209, 0.4435472999466583, 0.46019829995930195, 0.4767994999419898, 0.4934267000062391, 0.5101512999972329, 0.5267771000508219, 0.5435554999858141, 0.5601122999796644, 0.5767375000286847, 0.5934586999937892, 0.6101388999959454, 0.627145400037989, 0.6437233999604359, 0.6601665000198409, 0.6769782999763265, 0.6934318999992684, 0.7101705999812111, 0.7268540000077337, 0.7434888000134379, 0.760203400044702, 0.776813399977982, 0.7936174999922514, 0.8100307999411598, 0.8269440999720246, 0.8435533000156283, 0.8601021999493241, 0.8767975999508053, 0.8935021000215784, 0.9099461999721825]	n/a	n/a	0.7	19b
233	7	go_nogo	0	60	3	go	click	[9.0, 9.0, 12.0, 23.0, 36.0, 48.0, 62.0, 70.0, 78.0, 84.0, 89.0, 94.0, 97.0, 102.0, 109.0, 113.0, 117.0, 125.0, 143.0, 165.0, 186.0, 207.0, 217.0, 220.0, 220.0, 218.0, 215.0]	[-285.0, -285.0, -167.0, -38.0, 79.0, 173.0, 227.0, 262.0, 287.0, 306.0, 319.0, 331.0, 340.0, 350.0, 362.0, 366.0, 369.0, 369.0, 369.0, 365.0, 360.0, 352.0, 346.0, 342.0, 338.0, 333.0, 330.0]	[0, 0, 0, 0, 0, 0, 0, 0, 0, 0, 0, 0, 0, 0, 0, 0, 0, 0, 0, 0, 0, 0, 0, 0, 0, 0, 1]	[0, 0, 0, 0, 0, 0, 0, 0, 0, 0, 0, 0, 0, 0, 0, 0, 0, 0, 0, 0, 0, 0, 0, 0, 0, 0, 0]	[0, 0, 0, 0, 0, 0, 0, 0, 0, 0, 0, 0, 0, 0, 0, 0, 0, 0, 0, 0, 0, 0, 0, 0, 0, 0, 0]	[7.399998139590025e-05, 0.011746199917979538, 0.028325699968263507, 0.044986399938352406, 0.061777599970810115, 0.07864359999075532, 0.09507329994812608, 0.11161809996701777, 0.1284862000029534, 0.145079999929294, 0.16171009989921004, 0.179260200005956, 0.1951689999550581, 0.21167599991895258, 0.2282559999730438, 0.24508509994484484, 0.26171160000376403, 0.2784002999542281, 0.29548039997462183, 0.3117149999598041, 0.3284963999176398, 0.34511609992478043, 0.36186699999962, 0.37863689998630434, 0.39523599995300174, 0.4115393999963999, 0.42863669991493225]	213.0	327.0	1.0	19b
234	7	go_nogo	0	60	6	go	click	[49.0, 49.0, 64.0, 102.0, 141.0, 197.0, 232.0, 258.0, 274.0, 281.0, 287.0, 290.0, 293.0, 295.0, 295.0, 295.0, 295.0, 295.0, 295.0, 290.0, 279.0, 268.0, 258.0, 252.0, 248.0, 243.0, 240.0, 238.0, 236.0]	[-201.0, -201.0, -151.0, -44.0, 56.0, 187.0, 272.0, 333.0, 371.0, 392.0, 406.0, 416.0, 425.0, 431.0, 434.0, 434.0, 434.0, 435.0, 435.0, 421.0, 394.0, 371.0, 355.0, 344.0, 335.0, 328.0, 320.0, 313.0, 305.0]	[0, 0, 0, 0, 0, 0, 0, 0, 0, 0, 0, 0, 0, 0, 0, 0, 0, 0, 0, 0, 0, 0, 0, 0, 0, 0, 0, 0, 1]	[0, 0, 0, 0, 0, 0, 0, 0, 0, 0, 0, 0, 0, 0, 0, 0, 0, 0, 0, 0, 0, 0, 0, 0, 0, 0, 0, 0, 0]	[0, 0, 0, 0, 0, 0, 0, 0, 0, 0, 0, 0, 0, 0, 0, 0, 0, 0, 0, 0, 0, 0, 0, 0, 0, 0, 0, 0, 0]	[0.00019179994706064463, 0.01086309994570911, 0.027164899976924062, 0.04370729997754097, 0.06040249997749925, 0.0773226999444887, 0.09438109991606325, 0.1105039999820292, 0.12704339995980263, 0.143843499943614, 0.16081309993751347, 0.1771847999189049, 0.19405960000585765, 0.21057979995384812, 0.22696779994294047, 0.2435774999903515, 0.2604753999039531, 0.2769522999878973, 0.2941857000114396, 0.3105108999880031, 0.3269534999271855, 0.34396249998826534, 0.3601901999209076, 0.37680029997136444, 0.39343129994813353, 0.4101914999773726, 0.4269255999242887, 0.44377139990683645, 0.4601201999466866]	235.0	304.0	0.5	19b
235	7	go_nogo	0	60	4	go	click	[36.0, 36.0, 55.0, 85.0, 118.0, 139.0, 154.0, 166.0, 171.0, 174.0, 179.0, 181.0, 184.0, 186.0, 186.0, 187.0, 187.0, 187.0, 187.0, 187.0, 187.0, 188.0, 189.0, 191.0, 196.0, 200.0, 203.0, 203.0, 201.0, 201.0, 201.0, 201.0]	[-249.0, -249.0, -196.0, -79.0, 35.0, 116.0, 177.0, 245.0, 279.0, 305.0, 326.0, 339.0, 352.0, 359.0, 359.0, 359.0, 359.0, 359.0, 359.0, 359.0, 359.0, 359.0, 359.0, 358.0, 356.0, 350.0, 344.0, 336.0, 328.0, 324.0, 322.0, 322.0]	[0, 0, 0, 0, 0, 0, 0, 0, 0, 0, 0, 0, 0, 0, 0, 0, 0, 0, 0, 0, 0, 0, 0, 0, 0, 0, 0, 0, 0, 0, 0, 1]	[0, 0, 0, 0, 0, 0, 0, 0, 0, 0, 0, 0, 0, 0, 0, 0, 0, 0, 0, 0, 0, 0, 0, 0, 0, 0, 0, 0, 0, 0, 0, 0]	[0, 0, 0, 0, 0, 0, 0, 0, 0, 0, 0, 0, 0, 0, 0, 0, 0, 0, 0, 0, 0, 0, 0, 0, 0, 0, 0, 0, 0, 0, 0, 0]	[0.00018890004139393568, 0.011334200040437281, 0.027583800023421645, 0.04451690008863807, 0.061120200087316334, 0.07760610000696033, 0.09446970000863075, 0.11106890009250492, 0.12753980001434684, 0.14443260000552982, 0.16183530003763735, 0.17793960007838905, 0.1945626001106575, 0.2111572000430897, 0.22783200000412762, 0.24454330001026392, 0.26103290007449687, 0.27770860004238784, 0.2943115000380203, 0.31092550000175834, 0.3275904000038281, 0.3442994001088664, 0.3609561000484973, 0.37774730008095503, 0.39432429999578744, 0.41109470010269433, 0.4276005000574514, 0.44427990005351603, 0.4608564000809565, 0.4779210000997409, 0.4943808000534773, 0.5108942000661045]	201.0	322.0	1.0	19b
236	7	go_nogo	0	60	1	nogo	none	[64.0, 64.0, 80.0, 99.0, 123.0, 146.0, 158.0, 169.0, 172.0, 174.0, 176.0, 179.0, 179.0, 180.0, 181.0, 186.0, 192.0, 195.0, 197.0, 198.0, 200.0, 201.0, 201.0]	[-294.0, -294.0, -215.0, -92.0, 28.0, 120.0, 176.0, 219.0, 234.0, 243.0, 251.0, 258.0, 259.0, 261.0, 264.0, 272.0, 282.0, 289.0, 293.0, 295.0, 301.0, 304.0, 304.0]	[0, 0, 0, 0, 0, 0, 0, 0, 0, 0, 0, 0, 0, 0, 0, 0, 0, 0, 0, 0, 0, 0, 1]	[0, 0, 0, 0, 0, 0, 0, 0, 0, 0, 0, 0, 0, 0, 0, 0, 0, 0, 0, 0, 0, 0, 0]	[0, 0, 0, 0, 0, 0, 0, 0, 0, 0, 0, 0, 0, 0, 0, 0, 0, 0, 0, 0, 0, 0, 0]	[0.00010080006904900074, 0.012330800062045455, 0.02854450000450015, 0.04542179999407381, 0.06221110001206398, 0.07911100005730987, 0.0956061000470072, 0.11226840002927929, 0.12914950004778802, 0.14598080003634095, 0.1623004999710247, 0.1788370000431314, 0.19576360005885363, 0.21252439997624606, 0.22910999995656312, 0.245558200054802, 0.26238079997710884, 0.2789061999646947, 0.2955751999979839, 0.3121725000673905, 0.3289327999809757, 0.34530419996008277, 0.36277140001766384]	201.0	304.0	0.5	19b
237	7	go_nogo	0	60	3	go	click	[95.0, 95.0, 105.0, 125.0, 146.0, 165.0, 175.0, 178.0, 179.0, 180.0, 180.0, 180.0, 180.0, 180.0, 180.0, 180.0, 180.0, 180.0, 180.0, 180.0, 180.0]	[-220.0, -220.0, -180.0, -84.0, 31.0, 142.0, 227.0, 252.0, 263.0, 270.0, 273.0, 276.0, 278.0, 281.0, 281.0, 282.0, 282.0, 282.0, 282.0, 282.0, 282.0]	[0, 0, 0, 0, 0, 0, 0, 0, 0, 0, 0, 0, 0, 0, 0, 0, 0, 0, 0, 0, 1]	[0, 0, 0, 0, 0, 0, 0, 0, 0, 0, 0, 0, 0, 0, 0, 0, 0, 0, 0, 0, 0]	[0, 0, 0, 0, 0, 0, 0, 0, 0, 0, 0, 0, 0, 0, 0, 0, 0, 0, 0, 0, 0]	[0.00020490004681050777, 0.011972500011324883, 0.028471700032241642, 0.045148200006224215, 0.062325900071300566, 0.07883470004890114, 0.09564600000157952, 0.11184250004589558, 0.1283625999931246, 0.14510490000247955, 0.1617831999901682, 0.17875930003356189, 0.19493390002753586, 0.2117623999947682, 0.22853620001114905, 0.24500880006235093, 0.2617698999820277, 0.27850140002556145, 0.294996100012213, 0.3115183000918478, 0.32841600000392646]	180.0	282.0	0.8	19b
238	7	go_nogo	0	60	6	go	click	[54.0, 54.0, 81.0, 110.0, 121.0, 130.0, 138.0, 144.0, 148.0, 150.0, 151.0, 153.0, 161.0, 168.0, 170.0, 170.0, 170.0, 170.0, 170.0, 170.0, 170.0, 174.0, 180.0, 189.0, 194.0, 198.0, 201.0, 203.0]	[-225.0, -225.0, -109.0, -3.0, 59.0, 103.0, 139.0, 160.0, 173.0, 181.0, 189.0, 196.0, 216.0, 231.0, 235.0, 235.0, 235.0, 235.0, 235.0, 235.0, 235.0, 241.0, 252.0, 269.0, 279.0, 287.0, 295.0, 300.0]	[0, 0, 0, 0, 0, 0, 0, 0, 0, 0, 0, 0, 0, 0, 0, 0, 0, 0, 0, 0, 0, 0, 0, 0, 0, 0, 0, 1]	[0, 0, 0, 0, 0, 0, 0, 0, 0, 0, 0, 0, 0, 0, 0, 0, 0, 0, 0, 0, 0, 0, 0, 0, 0, 0, 0, 0]	[0, 0, 0, 0, 0, 0, 0, 0, 0, 0, 0, 0, 0, 0, 0, 0, 0, 0, 0, 0, 0, 0, 0, 0, 0, 0, 0, 0]	[0.00019180006347596645, 0.012546000070869923, 0.028542699990794063, 0.04537419998086989, 0.06220519996713847, 0.07871819997671992, 0.09535199997480959, 0.11225770006421953, 0.12899120000656694, 0.1452597000170499, 0.16230710002128035, 0.17868140002246946, 0.19524550007190555, 0.21238529996480793, 0.22837120003532618, 0.24508839996997267, 0.2616896000690758, 0.2785064000636339, 0.2950708999997005, 0.31161099998280406, 0.32872880005743355, 0.3453423000173643, 0.3619369000662118, 0.3786919000558555, 0.3956361999735236, 0.412380599998869, 0.4285034000640735, 0.44569880003109574]	203.0	302.0	1.0	19b
239	7	go_nogo	0	60	1	nogo	none	[71.0, 71.0, 84.0, 113.0, 137.0, 163.0, 179.0, 188.0, 194.0, 196.0, 198.0, 198.0, 199.0, 200.0, 205.0, 208.0, 209.0, 209.0, 209.0, 209.0, 209.0, 209.0, 209.0, 209.0, 209.0, 209.0, 209.0, 209.0, 209.0, 209.0, 209.0, 209.0, 209.0, 209.0, 209.0, 209.0, 209.0, 209.0, 209.0, 209.0, 209.0, 209.0, 209.0, 209.0, 209.0, 209.0, 209.0, 209.0, 209.0, 209.0, 209.0, 209.0, 209.0, 209.0, 209.0, 209.0, 209.0, 211.0, 211.0, 212.0, 214.0, 216.0, 216.0, 216.0, 215.0, 215.0, 215.0, 215.0, 212.0, 207.0, 200.0, 194.0, 186.0, 183.0, 181.0, 178.0, 175.0, 172.0, 170.0, 170.0, 170.0, 170.0, 170.0, 170.0, 170.0, 170.0, 170.0, 170.0, 170.0, 170.0, 170.0, 170.0]	[-189.0, -189.0, -129.0, -23.0, 58.0, 130.0, 173.0, 200.0, 214.0, 219.0, 224.0, 227.0, 231.0, 242.0, 264.0, 277.0, 281.0, 281.0, 281.0, 281.0, 281.0, 281.0, 281.0, 281.0, 281.0, 281.0, 281.0, 282.0, 282.0, 282.0, 282.0, 282.0, 282.0, 282.0, 282.0, 282.0, 282.0, 282.0, 282.0, 282.0, 282.0, 282.0, 282.0, 282.0, 282.0, 282.0, 282.0, 282.0, 282.0, 282.0, 282.0, 282.0, 282.0, 282.0, 282.0, 282.0, 279.0, 268.0, 244.0, 218.0, 178.0, 138.0, 99.0, 53.0, 13.0, -25.0, -55.0, -85.0, -117.0, -149.0, -184.0, -216.0, -253.0, -268.0, -279.0, -291.0, -300.0, -309.0, -314.0, -314.0, -314.0, -314.0, -314.0, -314.0, -314.0, -314.0, -314.0, -314.0, -314.0, -314.0, -314.0, -314.0]	[0, 0, 0, 0, 0, 0, 0, 0, 0, 0, 0, 0, 0, 0, 0, 0, 0, 0, 0, 0, 0, 0, 0, 0, 0, 0, 0, 0, 0, 0, 0, 0, 0, 0, 0, 0, 0, 0, 0, 0, 0, 0, 0, 0, 0, 0, 0, 0, 0, 0, 0, 0, 0, 0, 0, 0, 0, 0, 0, 0, 0, 0, 0, 0, 0, 0, 0, 0, 0, 0, 0, 0, 0, 0, 0, 0, 0, 0, 0, 0, 0, 0, 0, 0, 0, 0, 0, 0, 0, 0, 0, 0]	[0, 0, 0, 0, 0, 0, 0, 0, 0, 0, 0, 0, 0, 0, 0, 0, 0, 0, 0, 0, 0, 0, 0, 0, 0, 0, 0, 0, 0, 0, 0, 0, 0, 0, 0, 0, 0, 0, 0, 0, 0, 0, 0, 0, 0, 0, 0, 0, 0, 0, 0, 0, 0, 0, 0, 0, 0, 0, 0, 0, 0, 0, 0, 0, 0, 0, 0, 0, 0, 0, 0, 0, 0, 0, 0, 0, 0, 0, 0, 0, 0, 0, 0, 0, 0, 0, 0, 0, 0, 0, 0, 0]	[0, 0, 0, 0, 0, 0, 0, 0, 0, 0, 0, 0, 0, 0, 0, 0, 0, 0, 0, 0, 0, 0, 0, 0, 0, 0, 0, 0, 0, 0, 0, 0, 0, 0, 0, 0, 0, 0, 0, 0, 0, 0, 0, 0, 0, 0, 0, 0, 0, 0, 0, 0, 0, 0, 0, 0, 0, 0, 0, 0, 0, 0, 0, 0, 0, 0, 0, 0, 0, 0, 0, 0, 0, 0, 0, 0, 0, 0, 0, 0, 0, 0, 0, 0, 0, 0, 0, 0, 0, 0, 0, 0]	[0.0001919000642374158, 0.008428700035437942, 0.025232100044377148, 0.04199609998613596, 0.05858259997330606, 0.07552579999901354, 0.09213660005480051, 0.10867360001429915, 0.12527920003049076, 0.1417916000355035, 0.15840070007834584, 0.1759596000192687, 0.19170750002376735, 0.20891170005779713, 0.22529249999206513, 0.24180299998261034, 0.25839360000099987, 0.2750410999869928, 0.29157140001188964, 0.3082891000667587, 0.32501310005318373, 0.34177080006338656, 0.3583020999794826, 0.37492269999347627, 0.39164779998827726, 0.4083222000626847, 0.4251001999946311, 0.4416499000508338, 0.4582238000584766, 0.4750064000254497, 0.49161310005001724, 0.5082400999963284, 0.5249808999942616, 0.5415832999860868, 0.5582593000726774, 0.5748813999816775, 0.5915901000844315, 0.6081543000182137, 0.6248999000526965, 0.6415554999839514, 0.6582451000576839, 0.6749079000437632, 0.6915286000585184, 0.7082667000358924, 0.7249283000128344, 0.7416404000250623, 0.7581831000279635, 0.7749337999848649, 0.7914981000358239, 0.8081284000072628, 0.8248964999802411, 0.8417513000313193, 0.8582727999892086, 0.8747450000373647, 0.8913983000675216, 0.9080481000710279, 0.9248663000762463, 0.9418099999893457, 0.9585795999737456, 0.976241199998185, 0.9916236000135541, 1.0089435999980196, 1.0247784000821412, 1.0416814000345767, 1.0581135000102222, 1.0747704000677913, 1.0914419000037014, 1.108049700036645, 1.1246749000856653, 1.1415722999954596, 1.1580978999845684, 1.1747921999776736, 1.1914927000179887, 1.2107189000817016, 1.2246793999802321, 1.2412879000185058, 1.2578231000807136, 1.2748677000636235, 1.2911968000698835, 1.3076888000359759, 1.3246011000592262, 1.3414239999838173, 1.357925400021486, 1.375132300076075, 1.3913030000403523, 1.407915799994953, 1.4244868999812752, 1.4412734999787062, 1.4579650000669062, 1.4744784000795335, 1.4913130999775603, 1.5079019999830052]	n/a	n/a	0.6	19b
240	7	go_nogo	0	60	2	go	click	[37.0, 37.0, 57.0, 94.0, 135.0, 170.0, 184.0, 194.0, 202.0, 209.0, 213.0, 215.0, 216.0, 218.0, 218.0, 218.0, 218.0, 218.0, 218.0]	[-234.0, -234.0, -169.0, -31.0, 81.0, 178.0, 217.0, 248.0, 273.0, 291.0, 302.0, 308.0, 312.0, 314.0, 315.0, 315.0, 315.0, 315.0, 315.0]	[0, 0, 0, 0, 0, 0, 0, 0, 0, 0, 0, 0, 0, 0, 0, 0, 0, 0, 1]	[0, 0, 0, 0, 0, 0, 0, 0, 0, 0, 0, 0, 0, 0, 0, 0, 0, 0, 0]	[0, 0, 0, 0, 0, 0, 0, 0, 0, 0, 0, 0, 0, 0, 0, 0, 0, 0, 0]	[0.00020650005899369717, 0.009580000070855021, 0.026480200001969934, 0.04313880007248372, 0.05957969999872148, 0.07711459998972714, 0.09370760002639145, 0.10979300003964454, 0.12625119998119771, 0.14318310003727674, 0.15967850002925843, 0.17647669999860227, 0.1931530999718234, 0.20983479998540133, 0.2261557000456378, 0.2429368000011891, 0.25942759995814413, 0.2762164999730885, 0.29350889998022467]	218.0	315.0	0.9	19b
241	7	go_nogo	0	60	2	go	click	[96.0, 96.0, 160.0, 214.0, 242.0, 258.0, 270.0, 279.0, 285.0, 289.0, 292.0, 296.0, 296.0, 296.0, 296.0, 296.0, 296.0, 290.0, 279.0, 266.0, 255.0, 247.0, 242.0, 238.0, 238.0]	[-164.0, -164.0, -33.0, 66.0, 128.0, 168.0, 203.0, 232.0, 253.0, 266.0, 277.0, 290.0, 295.0, 296.0, 296.0, 296.0, 296.0, 291.0, 285.0, 280.0, 280.0, 280.0, 281.0, 283.0, 283.0]	[0, 0, 0, 0, 0, 0, 0, 0, 0, 0, 0, 0, 0, 0, 0, 0, 0, 0, 0, 0, 0, 0, 0, 0, 1]	[0, 0, 0, 0, 0, 0, 0, 0, 0, 0, 0, 0, 0, 0, 0, 0, 0, 0, 0, 0, 0, 0, 0, 0, 0]	[0, 0, 0, 0, 0, 0, 0, 0, 0, 0, 0, 0, 0, 0, 0, 0, 0, 0, 0, 0, 0, 0, 0, 0, 0]	[0.00010409997776150703, 0.01221129996702075, 0.028861999977380037, 0.045774700003676116, 0.06253100000321865, 0.07911549997515976, 0.09569899993948638, 0.11241489998064935, 0.1291565999854356, 0.1458119999151677, 0.16250119998585433, 0.17899059993214905, 0.19614399992860854, 0.21225359989330173, 0.2288194999564439, 0.2454490999225527, 0.262364299967885, 0.27909189998172224, 0.2958492999896407, 0.3124078999971971, 0.3290610999101773, 0.3456919000018388, 0.36237509991042316, 0.3788073000032455, 0.39581129990983754]	238.0	283.0	0.9	19b
242	7	go_nogo	0	60	9	nogo	none	[112.0, 112.0, 125.0, 136.0, 138.0, 143.0, 148.0, 151.0, 151.0, 152.0, 152.0, 152.0, 152.0, 152.0, 152.0, 152.0, 152.0, 153.0, 159.0, 165.0, 172.0, 177.0, 183.0, 189.0, 190.0, 190.0, 190.0, 190.0, 190.0, 190.0, 190.0, 190.0, 190.0, 190.0, 190.0, 190.0, 190.0, 190.0, 190.0, 190.0, 190.0, 190.0, 190.0, 190.0, 190.0, 190.0, 190.0, 190.0, 190.0, 190.0, 190.0, 190.0, 190.0, 190.0, 190.0, 190.0, 190.0, 190.0, 190.0, 190.0, 190.0, 190.0, 190.0, 190.0, 190.0, 190.0, 190.0, 190.0]	[-82.0, -82.0, 114.0, 247.0, 301.0, 340.0, 372.0, 387.0, 392.0, 394.0, 395.0, 395.0, 396.0, 396.0, 396.0, 396.0, 396.0, 389.0, 374.0, 359.0, 343.0, 332.0, 321.0, 312.0, 311.0, 311.0, 311.0, 311.0, 311.0, 311.0, 311.0, 310.0, 310.0, 310.0, 310.0, 310.0, 310.0, 310.0, 310.0, 310.0, 310.0, 310.0, 310.0, 310.0, 310.0, 310.0, 310.0, 310.0, 310.0, 310.0, 310.0, 310.0, 310.0, 310.0, 310.0, 310.0, 310.0, 310.0, 310.0, 310.0, 310.0, 310.0, 310.0, 310.0, 310.0, 310.0, 310.0, 310.0]	[0, 0, 0, 0, 0, 0, 0, 0, 0, 0, 0, 0, 0, 0, 0, 0, 0, 0, 0, 0, 0, 0, 0, 0, 0, 0, 0, 0, 0, 0, 0, 0, 0, 0, 0, 0, 0, 0, 0, 0, 0, 0, 0, 0, 0, 0, 0, 0, 0, 0, 0, 0, 0, 0, 0, 0, 0, 0, 0, 0, 0, 0, 0, 0, 0, 0, 0, 0]	[0, 0, 0, 0, 0, 0, 0, 0, 0, 0, 0, 0, 0, 0, 0, 0, 0, 0, 0, 0, 0, 0, 0, 0, 0, 0, 0, 0, 0, 0, 0, 0, 0, 0, 0, 0, 0, 0, 0, 0, 0, 0, 0, 0, 0, 0, 0, 0, 0, 0, 0, 0, 0, 0, 0, 0, 0, 0, 0, 0, 0, 0, 0, 0, 0, 0, 0, 0]	[0, 0, 0, 0, 0, 0, 0, 0, 0, 0, 0, 0, 0, 0, 0, 0, 0, 0, 0, 0, 0, 0, 0, 0, 0, 0, 0, 0, 0, 0, 0, 0, 0, 0, 0, 0, 0, 0, 0, 0, 0, 0, 0, 0, 0, 0, 0, 0, 0, 0, 0, 0, 0, 0, 0, 0, 0, 0, 0, 0, 0, 0, 0, 0, 0, 0, 0, 0]	[0.0002148000057786703, 0.012026399956084788, 0.028245899942703545, 0.04492359992582351, 0.06146429991349578, 0.0782302999868989, 0.09489529998973012, 0.11151339998468757, 0.12812509993091226, 0.14487600000575185, 0.1613123998977244, 0.1779470999026671, 0.19456739991437644, 0.21127809991594404, 0.22782639996148646, 0.24466819991357625, 0.2613823999417946, 0.2781302999937907, 0.2947086999192834, 0.31144939991645515, 0.3281328999437392, 0.34484309994149953, 0.3616465999512002, 0.37796919990796596, 0.3946544999489561, 0.4117192999692634, 0.4283517999574542, 0.4445827999152243, 0.46122729999478906, 0.47792739991564304, 0.494835399906151, 0.5113730999873951, 0.527904599905014, 0.544577999971807, 0.5615205999929458, 0.5779558999929577, 0.5947271999903023, 0.6113094999454916, 0.6281205000123009, 0.6447125999256968, 0.6612404999323189, 0.6780287999426946, 0.6949640999082476, 0.7113040999975055, 0.7280434999847785, 0.7445610999129713, 0.7611893999855965, 0.7779399999417365, 0.7944886999903247, 0.8111487999558449, 0.8278960000025108, 0.8446345999836922, 0.8612799999536946, 0.877797199995257, 0.8945698000025004, 0.9113096999935806, 0.9280443999450654, 0.9446233999915421, 0.9615794999990612, 0.9776156999869272, 0.9943370999535546, 1.0110594999277964, 1.0278117000125349, 1.0444127999944612, 1.0612249999539927, 1.0779032999416813, 1.0945499999215826, 1.1113631000043824]	n/a	n/a	1.0	19b
243	7	go_nogo	0	60	2	go	click	[44.0, 44.0, 55.0, 78.0, 116.0, 131.0, 144.0, 152.0, 158.0, 160.0, 162.0, 163.0, 163.0, 163.0, 164.0, 167.0, 169.0, 171.0, 174.0, 178.0, 184.0, 184.0]	[-252.0, -252.0, -188.0, -38.0, 147.0, 198.0, 225.0, 250.0, 266.0, 273.0, 278.0, 279.0, 280.0, 281.0, 285.0, 292.0, 296.0, 303.0, 309.0, 319.0, 323.0, 323.0]	[0, 0, 0, 0, 0, 0, 0, 0, 0, 0, 0, 0, 0, 0, 0, 0, 0, 0, 0, 0, 0, 1]	[0, 0, 0, 0, 0, 0, 0, 0, 0, 0, 0, 0, 0, 0, 0, 0, 0, 0, 0, 0, 0, 0]	[0, 0, 0, 0, 0, 0, 0, 0, 0, 0, 0, 0, 0, 0, 0, 0, 0, 0, 0, 0, 0, 0]	[0.0001903999364003539, 0.010927799972705543, 0.02750749990809709, 0.044178999960422516, 0.06136149994563311, 0.07778409996535629, 0.09436129999812692, 0.1111725999508053, 0.12786089989822358, 0.14439509995281696, 0.16099989996291697, 0.17788699991069734, 0.19428539997898042, 0.21109129989054054, 0.2277953999582678, 0.24424859997816384, 0.26122769992798567, 0.2778135999105871, 0.29412639990914613, 0.31074629991780967, 0.32750369992572814, 0.3446377998916432]	185.0	323.0	0.9	19b
244	7	go_nogo	0	60	7	go	click	[101.0, 101.0, 123.0, 167.0, 204.0, 224.0, 239.0, 252.0, 254.0, 256.0, 258.0, 259.0, 260.0, 260.0, 260.0, 260.0, 260.0, 260.0, 260.0, 255.0, 245.0, 240.0, 237.0, 235.0, 234.0]	[-165.0, -165.0, -115.0, -17.0, 60.0, 116.0, 162.0, 203.0, 214.0, 221.0, 226.0, 234.0, 239.0, 242.0, 242.0, 242.0, 242.0, 242.0, 243.0, 250.0, 274.0, 288.0, 297.0, 302.0, 304.0]	[0, 0, 0, 0, 0, 0, 0, 0, 0, 0, 0, 0, 0, 0, 0, 0, 0, 0, 0, 0, 0, 0, 0, 0, 1]	[0, 0, 0, 0, 0, 0, 0, 0, 0, 0, 0, 0, 0, 0, 0, 0, 0, 0, 0, 0, 0, 0, 0, 0, 0]	[0, 0, 0, 0, 0, 0, 0, 0, 0, 0, 0, 0, 0, 0, 0, 0, 0, 0, 0, 0, 0, 0, 0, 0, 0]	[0.00020210002548992634, 0.00965120003093034, 0.026417699991725385, 0.043405800010077655, 0.05978080001659691, 0.07629870006348938, 0.09333830000832677, 0.1103759000543505, 0.12714470003265887, 0.14357990003190935, 0.15951330005191267, 0.17670650000218302, 0.1929859999800101, 0.20935390004888177, 0.22630910004954785, 0.24275840003974736, 0.2593464000383392, 0.2762190999928862, 0.29263419995550066, 0.30983779998496175, 0.3261245000176132, 0.3428692000452429, 0.35947759996633977, 0.3760824999772012, 0.39310159999877214]	234.0	304.0	0.9	19b
245	7	go_nogo	0	60	7	go	click	[21.0, 21.0, 51.0, 83.0, 108.0, 126.0, 136.0, 147.0, 158.0, 167.0, 170.0, 172.0, 173.0, 174.0, 175.0, 175.0, 175.0, 175.0, 175.0, 175.0, 177.0, 178.0, 180.0, 180.0]	[-226.0, -226.0, -116.0, -32.0, 25.0, 69.0, 106.0, 149.0, 197.0, 226.0, 237.0, 247.0, 252.0, 257.0, 259.0, 260.0, 260.0, 260.0, 260.0, 260.0, 269.0, 274.0, 279.0, 280.0]	[0, 0, 0, 0, 0, 0, 0, 0, 0, 0, 0, 0, 0, 0, 0, 0, 0, 0, 0, 0, 0, 0, 0, 1]	[0, 0, 0, 0, 0, 0, 0, 0, 0, 0, 0, 0, 0, 0, 0, 0, 0, 0, 0, 0, 0, 0, 0, 0]	[0, 0, 0, 0, 0, 0, 0, 0, 0, 0, 0, 0, 0, 0, 0, 0, 0, 0, 0, 0, 0, 0, 0, 0]	[0.00010710000060498714, 0.011530500021763146, 0.027945299982093275, 0.04466849996242672, 0.061201200005598366, 0.07812899991404265, 0.09477580001112074, 0.11154730000998825, 0.12819439999293536, 0.14475380000658333, 0.161318099941127, 0.1780289999442175, 0.19513359991833568, 0.21157929999753833, 0.22807239997200668, 0.2445194999454543, 0.261281399987638, 0.27805560000706464, 0.29461979994084686, 0.31153329997323453, 0.32817739993333817, 0.3449100999860093, 0.36157720000483096, 0.37831589998677373]	180.0	280.0	0.8	19b
246	7	go_nogo	0	60	3	go	click	[98.0, 98.0, 119.0, 162.0, 204.0, 225.0, 239.0, 248.0, 254.0, 256.0, 256.0, 256.0, 256.0, 256.0, 256.0, 256.0, 255.0, 252.0, 251.0, 247.0, 241.0, 233.0, 226.0, 222.0, 219.0, 218.0, 217.0, 217.0, 217.0]	[-202.0, -202.0, -156.0, -69.0, 37.0, 96.0, 142.0, 178.0, 197.0, 204.0, 204.0, 204.0, 204.0, 204.0, 204.0, 204.0, 201.0, 200.0, 200.0, 204.0, 215.0, 233.0, 252.0, 266.0, 272.0, 278.0, 279.0, 279.0, 279.0]	[0, 0, 0, 0, 0, 0, 0, 0, 0, 0, 0, 0, 0, 0, 0, 0, 0, 0, 0, 0, 0, 0, 0, 0, 0, 0, 0, 0, 1]	[0, 0, 0, 0, 0, 0, 0, 0, 0, 0, 0, 0, 0, 0, 0, 0, 0, 0, 0, 0, 0, 0, 0, 0, 0, 0, 0, 0, 0]	[0, 0, 0, 0, 0, 0, 0, 0, 0, 0, 0, 0, 0, 0, 0, 0, 0, 0, 0, 0, 0, 0, 0, 0, 0, 0, 0, 0, 0]	[0.0003206999972462654, 0.010795700014568865, 0.02695470000617206, 0.043697600020095706, 0.060767500079236925, 0.07748520001769066, 0.0935463000787422, 0.11029060010332614, 0.12716250005178154, 0.14359000010881573, 0.16028360009659082, 0.1770693000871688, 0.19355730002280325, 0.2102770000929013, 0.22694449999835342, 0.24372480006422848, 0.2604101001052186, 0.27680550003424287, 0.29358040005899966, 0.3110037000151351, 0.3268443000270054, 0.3434806000441313, 0.36020140000618994, 0.37706440000329167, 0.39388540002983063, 0.4104041000828147, 0.4269427000544965, 0.4436162000056356, 0.46013970009516925]	217.0	279.0	0.7	19b
247	7	go_nogo	0	60	1	nogo	none	[43.0, 43.0, 55.0, 86.0, 117.0, 157.0, 173.0, 184.0, 192.0, 199.0, 202.0, 202.0, 203.0, 203.0, 203.0, 203.0, 201.0, 198.0, 198.0, 198.0, 198.0, 198.0, 198.0, 198.0, 198.0, 198.0, 198.0, 198.0, 198.0, 198.0, 198.0, 198.0, 198.0, 198.0, 198.0, 198.0, 198.0, 198.0, 198.0, 198.0, 198.0, 198.0, 198.0, 198.0, 198.0, 198.0, 198.0, 198.0, 198.0, 198.0, 198.0, 198.0, 198.0, 198.0, 198.0, 198.0, 198.0, 198.0, 198.0, 198.0, 198.0, 198.0]	[-255.0, -255.0, -211.0, -116.0, -14.0, 121.0, 179.0, 217.0, 248.0, 271.0, 281.0, 282.0, 282.0, 282.0, 282.0, 284.0, 297.0, 329.0, 341.0, 341.0, 341.0, 341.0, 341.0, 341.0, 341.0, 341.0, 341.0, 341.0, 341.0, 341.0, 341.0, 341.0, 341.0, 341.0, 341.0, 341.0, 341.0, 341.0, 341.0, 341.0, 341.0, 341.0, 341.0, 341.0, 341.0, 341.0, 341.0, 341.0, 341.0, 341.0, 341.0, 341.0, 341.0, 341.0, 341.0, 341.0, 341.0, 341.0, 341.0, 341.0, 341.0, 341.0]	[0, 0, 0, 0, 0, 0, 0, 0, 0, 0, 0, 0, 0, 0, 0, 0, 0, 0, 0, 0, 0, 0, 0, 0, 0, 0, 0, 0, 0, 0, 0, 0, 0, 0, 0, 0, 0, 0, 0, 0, 0, 0, 0, 0, 0, 0, 0, 0, 0, 0, 0, 0, 0, 0, 0, 0, 0, 0, 0, 0, 0, 0]	[0, 0, 0, 0, 0, 0, 0, 0, 0, 0, 0, 0, 0, 0, 0, 0, 0, 0, 0, 0, 0, 0, 0, 0, 0, 0, 0, 0, 0, 0, 0, 0, 0, 0, 0, 0, 0, 0, 0, 0, 0, 0, 0, 0, 0, 0, 0, 0, 0, 0, 0, 0, 0, 0, 0, 0, 0, 0, 0, 0, 0, 0]	[0, 0, 0, 0, 0, 0, 0, 0, 0, 0, 0, 0, 0, 0, 0, 0, 0, 0, 0, 0, 0, 0, 0, 0, 0, 0, 0, 0, 0, 0, 0, 0, 0, 0, 0, 0, 0, 0, 0, 0, 0, 0, 0, 0, 0, 0, 0, 0, 0, 0, 0, 0, 0, 0, 0, 0, 0, 0, 0, 0, 0, 0]	[0.0001895000459626317, 0.01078470004722476, 0.02722330007236451, 0.044035500031895936, 0.060795400058850646, 0.07744950009509921, 0.09397530008573085, 0.11049780005123466, 0.12744830001611263, 0.1439144000178203, 0.16057450009975582, 0.17727310000918806, 0.19375410000793636, 0.2104053000221029, 0.22760620003100485, 0.24414439999964088, 0.2607665000250563, 0.2773601000662893, 0.2936487999977544, 0.31031630001962185, 0.3271017000079155, 0.3436388000845909, 0.3604532000608742, 0.37719460006337613, 0.393741000094451, 0.4104494000785053, 0.4272845000959933, 0.44380890007596463, 0.4604439000831917, 0.47744300006888807, 0.4936946000671014, 0.510456999996677, 0.5267834000987932, 0.5435874999966472, 0.560209000017494, 0.5768303000368178, 0.5933271000394598, 0.6104872000869364, 0.6268743000691757, 0.6435471000149846, 0.6601110000628978, 0.6769568000454456, 0.693602200015448, 0.7103247999912128, 0.726823000004515, 0.743509600055404, 0.7604329000459984, 0.776825400069356, 0.7935147000243887, 0.810291700065136, 0.8268970000790432, 0.8434330000309274, 0.8602602999890223, 0.8768850000342354, 0.8936601000605151, 0.910080200061202, 0.9267019000835717, 0.94345860008616, 0.9599126999964938, 0.9768953000893816, 0.9933442000765353, 1.0100232000695542]	n/a	n/a	1.0	19b
248	7	go_nogo	0	60	7	go	click	[50.0, 61.0, 74.0, 95.0, 120.0, 147.0, 164.0, 176.0, 188.0, 196.0, 199.0, 200.0, 200.0, 200.0, 200.0, 200.0, 199.0, 196.0, 196.0, 196.0, 196.0, 196.0, 196.0, 196.0]	[-269.0, -239.0, -209.0, -135.0, -42.0, 44.0, 109.0, 151.0, 186.0, 216.0, 235.0, 246.0, 246.0, 247.0, 247.0, 249.0, 254.0, 266.0, 270.0, 280.0, 287.0, 289.0, 289.0, 289.0]	[0, 0, 0, 0, 0, 0, 0, 0, 0, 0, 0, 0, 0, 0, 0, 0, 0, 0, 0, 0, 0, 0, 0, 1]	[0, 0, 0, 0, 0, 0, 0, 0, 0, 0, 0, 0, 0, 0, 0, 0, 0, 0, 0, 0, 0, 0, 0, 0]	[0, 0, 0, 0, 0, 0, 0, 0, 0, 0, 0, 0, 0, 0, 0, 0, 0, 0, 0, 0, 0, 0, 0, 0]	[8.389994036406279e-05, 0.010223399964161217, 0.026374400011263788, 0.04311049997340888, 0.05971259996294975, 0.0763741999398917, 0.09295800002291799, 0.10980989993549883, 0.12660089996643364, 0.14302429999224842, 0.15968589996919036, 0.17606999992858618, 0.19312419998459518, 0.2098733999300748, 0.2266743000363931, 0.24305399996228516, 0.2595972999697551, 0.2764994000317529, 0.2929918000008911, 0.30950710002798587, 0.3262436999939382, 0.34285469993483275, 0.3594727999297902, 0.37650230003055185]	196.0	289.0	0.7	19b
249	7	go_nogo	0	60	9	nogo	none	[82.0, 82.0, 122.0, 150.0, 166.0, 176.0, 184.0, 190.0, 193.0, 198.0, 200.0, 204.0, 207.0, 209.0, 216.0, 218.0, 218.0, 218.0, 218.0, 216.0, 212.0, 212.0, 212.0, 212.0]	[-214.0, -214.0, -110.0, -12.0, 39.0, 68.0, 93.0, 120.0, 141.0, 158.0, 171.0, 184.0, 205.0, 229.0, 257.0, 261.0, 263.0, 265.0, 270.0, 283.0, 300.0, 308.0, 308.0, 308.0]	[0, 0, 0, 0, 0, 0, 0, 0, 0, 0, 0, 0, 0, 0, 0, 0, 0, 0, 0, 0, 0, 0, 0, 1]	[0, 0, 0, 0, 0, 0, 0, 0, 0, 0, 0, 0, 0, 0, 0, 0, 0, 0, 0, 0, 0, 0, 0, 0]	[0, 0, 0, 0, 0, 0, 0, 0, 0, 0, 0, 0, 0, 0, 0, 0, 0, 0, 0, 0, 0, 0, 0, 0]	[0.00020510004833340645, 0.010969600058160722, 0.02710920001845807, 0.04380049998871982, 0.06045099999755621, 0.07749529997818172, 0.09396580001339316, 0.11055199999827892, 0.12736869999207556, 0.14401010004803538, 0.16043599997647107, 0.17708010005299002, 0.1935869000153616, 0.21094150003045797, 0.22787040006369352, 0.24396320001687855, 0.26054260006640106, 0.2771251000231132, 0.29427070007659495, 0.3104819000000134, 0.32705359999090433, 0.34342260006815195, 0.36001130007207394, 0.37703770003281534]	212.0	308.0	0.9	19b
250	7	go_nogo	0	60	4	go	click	[49.0, 49.0, 54.0, 69.0, 117.0, 149.0, 167.0, 178.0, 183.0, 185.0, 187.0, 187.0, 188.0, 188.0, 188.0, 188.0, 188.0, 188.0, 189.0, 191.0, 194.0, 196.0, 197.0, 198.0, 198.0]	[-222.0, -222.0, -175.0, -73.0, 86.0, 152.0, 185.0, 205.0, 215.0, 221.0, 224.0, 226.0, 226.0, 227.0, 228.0, 228.0, 228.0, 228.0, 231.0, 245.0, 266.0, 288.0, 305.0, 315.0, 317.0]	[0, 0, 0, 0, 0, 0, 0, 0, 0, 0, 0, 0, 0, 0, 0, 0, 0, 0, 0, 0, 0, 0, 0, 0, 1]	[0, 0, 0, 0, 0, 0, 0, 0, 0, 0, 0, 0, 0, 0, 0, 0, 0, 0, 0, 0, 0, 0, 0, 0, 0]	[0, 0, 0, 0, 0, 0, 0, 0, 0, 0, 0, 0, 0, 0, 0, 0, 0, 0, 0, 0, 0, 0, 0, 0, 0]	[0.00019590009469538927, 0.009984000003896654, 0.026807700050994754, 0.04323970002587885, 0.05992380005773157, 0.07665340008679777, 0.09336440009064972, 0.11013330006971955, 0.12681510008405894, 0.1433580000884831, 0.16019319999031723, 0.17663580004591495, 0.19327980000525713, 0.20977379998657852, 0.22623710008338094, 0.2430941000347957, 0.259971100022085, 0.27663360000588, 0.2931719000916928, 0.30980000004637986, 0.32646130002103746, 0.34295040008146316, 0.35974530002567917, 0.3764048999873921, 0.39318470004945993]	198.0	317.0	1.0	19b
251	7	go_nogo	0	60	7	go	click	[47.0, 61.0, 77.0, 110.0, 136.0, 147.0, 153.0, 158.0, 162.0, 163.0, 166.0, 167.0, 169.0, 171.0, 173.0, 173.0, 173.0, 173.0, 174.0, 174.0, 175.0, 175.0, 175.0]	[-205.0, -145.0, -84.0, 29.0, 104.0, 145.0, 170.0, 195.0, 222.0, 230.0, 245.0, 254.0, 265.0, 278.0, 286.0, 287.0, 287.0, 287.0, 288.0, 289.0, 293.0, 293.0, 293.0]	[0, 0, 0, 0, 0, 0, 0, 0, 0, 0, 0, 0, 0, 0, 0, 0, 0, 0, 0, 0, 0, 0, 1]	[0, 0, 0, 0, 0, 0, 0, 0, 0, 0, 0, 0, 0, 0, 0, 0, 0, 0, 0, 0, 0, 0, 0]	[0, 0, 0, 0, 0, 0, 0, 0, 0, 0, 0, 0, 0, 0, 0, 0, 0, 0, 0, 0, 0, 0, 0]	[0.00012310000602155924, 0.010360300075262785, 0.027187800034880638, 0.04370410006958991, 0.060495999990962446, 0.07731950003653765, 0.09394210006576031, 0.11044080008286983, 0.126749400049448, 0.14354020007885993, 0.16114910005126148, 0.17735620005987585, 0.1934956000186503, 0.2102186999982223, 0.22713080001994967, 0.2436179000651464, 0.26009210001211613, 0.2770664000418037, 0.2940659000305459, 0.31034440000075847, 0.32671699998900294, 0.34347100008744746, 0.36017010000068694]	175.0	293.0	0.6	19b
252	7	go_nogo	0	60	3	go	click	[23.0, 36.0, 51.0, 78.0, 94.0, 104.0, 113.0, 119.0, 126.0, 134.0, 149.0, 160.0, 177.0, 190.0, 196.0, 196.0, 196.0, 196.0, 196.0, 196.0, 196.0]	[-153.0, -100.0, -51.0, 13.0, 54.0, 85.0, 112.0, 131.0, 149.0, 166.0, 199.0, 228.0, 263.0, 292.0, 302.0, 303.0, 304.0, 304.0, 304.0, 304.0, 304.0]	[0, 0, 0, 0, 0, 0, 0, 0, 0, 0, 0, 0, 0, 0, 0, 0, 0, 0, 0, 0, 1]	[0, 0, 0, 0, 0, 0, 0, 0, 0, 0, 0, 0, 0, 0, 0, 0, 0, 0, 0, 0, 0]	[0, 0, 0, 0, 0, 0, 0, 0, 0, 0, 0, 0, 0, 0, 0, 0, 0, 0, 0, 0, 0]	[0.00014210003428161144, 0.009367900085635483, 0.026214900077320635, 0.04282279999461025, 0.059386600041761994, 0.07613449997734278, 0.09289820003323257, 0.10949479998089373, 0.12622620002366602, 0.14292999997269362, 0.15957520005758852, 0.1771264000562951, 0.19305500003974885, 0.20958050002809614, 0.22617140004877, 0.24296569998841733, 0.25942989997565746, 0.276170999975875, 0.2925173999974504, 0.30949280003551394, 0.32611750008072704]	196.0	304.0	0.9	19b
253	8	go_nogo	0	60	7	go	click	[25.0, 25.0, 62.0, 101.0, 132.0, 155.0, 168.0, 172.0, 175.0, 175.0, 176.0, 181.0, 189.0, 193.0, 193.0, 192.0, 191.0, 191.0, 191.0, 191.0]	[-134.0, -134.0, 0.0, 96.0, 158.0, 204.0, 228.0, 240.0, 246.0, 249.0, 253.0, 268.0, 293.0, 306.0, 306.0, 305.0, 301.0, 300.0, 300.0, 300.0]	[0, 0, 0, 0, 0, 0, 0, 0, 0, 0, 0, 0, 0, 0, 0, 0, 0, 0, 0, 1]	[0, 0, 0, 0, 0, 0, 0, 0, 0, 0, 0, 0, 0, 0, 0, 0, 0, 0, 0, 0]	[0, 0, 0, 0, 0, 0, 0, 0, 0, 0, 0, 0, 0, 0, 0, 0, 0, 0, 0, 0]	[0.00021229998674243689, 0.00996669998858124, 0.026784799993038177, 0.04364400007762015, 0.05967270000837743, 0.07623620005324483, 0.09321149997413158, 0.1097919000312686, 0.1264154000673443, 0.14314230007585138, 0.15989780006930232, 0.1764594999840483, 0.19311330001801252, 0.2098770000739023, 0.22635520005133003, 0.24311679997481406, 0.25995920004788786, 0.2763552999822423, 0.29308830003719777, 0.3099934000056237]	191.0	300.0	0.8	19b
254	8	go_nogo	0	60	8	go	click	[58.0, 58.0, 71.0, 105.0, 118.0, 125.0, 131.0, 137.0, 143.0, 149.0, 152.0, 153.0, 154.0, 155.0, 156.0, 156.0, 156.0, 156.0, 157.0, 166.0, 177.0, 189.0, 194.0, 195.0, 195.0]	[-156.0, -156.0, -103.0, 4.0, 49.0, 86.0, 116.0, 139.0, 157.0, 174.0, 184.0, 189.0, 193.0, 201.0, 204.0, 204.0, 204.0, 204.0, 208.0, 225.0, 254.0, 285.0, 299.0, 303.0, 304.0]	[0, 0, 0, 0, 0, 0, 0, 0, 0, 0, 0, 0, 0, 0, 0, 0, 0, 0, 0, 0, 0, 0, 0, 0, 1]	[0, 0, 0, 0, 0, 0, 0, 0, 0, 0, 0, 0, 0, 0, 0, 0, 0, 0, 0, 0, 0, 0, 0, 0, 0]	[0, 0, 0, 0, 0, 0, 0, 0, 0, 0, 0, 0, 0, 0, 0, 0, 0, 0, 0, 0, 0, 0, 0, 0, 0]	[0.0002685000654309988, 0.009082400007173419, 0.0256599000422284, 0.042939200066030025, 0.05890539998654276, 0.07596389995887876, 0.09234360000118613, 0.10919160000048578, 0.12588519998826087, 0.1426793000428006, 0.15916859998833388, 0.17573340004310012, 0.1922731000231579, 0.2091564000584185, 0.22558359999675304, 0.2422879000660032, 0.258923799963668, 0.2762005999684334, 0.29250490001868457, 0.30893239995930344, 0.3255926000420004, 0.342276000068523, 0.35926100006327033, 0.3755798999918625, 0.39248300006147474]	195.0	304.0	0.6	19b
255	8	go_nogo	0	60	9	nogo	none	[37.0, 37.0, 57.0, 82.0, 98.0, 111.0, 120.0, 126.0, 139.0, 142.0, 145.0, 148.0, 153.0, 157.0, 158.0, 158.0, 158.0, 158.0, 158.0, 159.0, 161.0, 161.0, 161.0, 161.0, 161.0, 161.0, 161.0, 161.0, 161.0, 161.0, 161.0, 161.0, 161.0, 161.0, 161.0, 161.0, 161.0, 161.0, 161.0, 161.0, 161.0, 161.0, 161.0, 161.0, 161.0, 161.0, 161.0, 161.0, 161.0, 161.0, 161.0, 161.0, 161.0, 161.0, 161.0, 161.0, 161.0, 161.0, 161.0, 161.0, 161.0, 161.0, 161.0]	[-165.0, -165.0, -104.0, -7.0, 65.0, 114.0, 149.0, 179.0, 217.0, 227.0, 233.0, 241.0, 255.0, 265.0, 267.0, 267.0, 267.0, 267.0, 267.0, 270.0, 273.0, 274.0, 274.0, 274.0, 274.0, 274.0, 274.0, 274.0, 274.0, 274.0, 274.0, 274.0, 274.0, 274.0, 274.0, 274.0, 274.0, 274.0, 274.0, 274.0, 274.0, 274.0, 274.0, 274.0, 274.0, 274.0, 274.0, 274.0, 274.0, 274.0, 274.0, 274.0, 274.0, 274.0, 274.0, 274.0, 274.0, 274.0, 274.0, 274.0, 274.0, 274.0, 274.0]	[0, 0, 0, 0, 0, 0, 0, 0, 0, 0, 0, 0, 0, 0, 0, 0, 0, 0, 0, 0, 0, 0, 0, 0, 0, 0, 0, 0, 0, 0, 0, 0, 0, 0, 0, 0, 0, 0, 0, 0, 0, 0, 0, 0, 0, 0, 0, 0, 0, 0, 0, 0, 0, 0, 0, 0, 0, 0, 0, 0, 0, 0, 0]	[0, 0, 0, 0, 0, 0, 0, 0, 0, 0, 0, 0, 0, 0, 0, 0, 0, 0, 0, 0, 0, 0, 0, 0, 0, 0, 0, 0, 0, 0, 0, 0, 0, 0, 0, 0, 0, 0, 0, 0, 0, 0, 0, 0, 0, 0, 0, 0, 0, 0, 0, 0, 0, 0, 0, 0, 0, 0, 0, 0, 0, 0, 0]	[0, 0, 0, 0, 0, 0, 0, 0, 0, 0, 0, 0, 0, 0, 0, 0, 0, 0, 0, 0, 0, 0, 0, 0, 0, 0, 0, 0, 0, 0, 0, 0, 0, 0, 0, 0, 0, 0, 0, 0, 0, 0, 0, 0, 0, 0, 0, 0, 0, 0, 0, 0, 0, 0, 0, 0, 0, 0, 0, 0, 0, 0, 0]	[0.0002617000136524439, 0.010502199991606176, 0.026943999924696982, 0.043709499994292855, 0.06055009993724525, 0.07729229994583875, 0.0937926999758929, 0.11052029998973012, 0.12715809990186244, 0.1446466000052169, 0.16041769995354116, 0.17779899993911386, 0.19370069995056838, 0.21034059999510646, 0.22680840000975877, 0.24348469998221844, 0.2605268999468535, 0.2768707999493927, 0.2937766999239102, 0.3104975000023842, 0.32688629999756813, 0.3434810999315232, 0.36024449998512864, 0.3772652999032289, 0.39338319993112236, 0.41016049997415394, 0.42685839999467134, 0.4434346999041736, 0.4602164999814704, 0.47656809992622584, 0.49328509997576475, 0.5099739999277517, 0.5265968999592587, 0.5433033999288455, 0.5600862000137568, 0.5766201999504119, 0.5932338999118656, 0.6101095000049099, 0.626805100007914, 0.6431821999140084, 0.6601889999583364, 0.6766574999783188, 0.6934288999764249, 0.7099298000102863, 0.7267081999452785, 0.7431106999283656, 0.7598191999131814, 0.7766850999323651, 0.7932597999460995, 0.8099672999233007, 0.8263883999316022, 0.8431736999191344, 0.8597125000087544, 0.8765884999884292, 0.8933290999848396, 0.9099151999689639, 0.9265051999827847, 0.9431175999343395, 0.9598108999198303, 0.976366899907589, 0.9932801999384537, 1.0099560999078676, 1.026639699935913]	n/a	n/a	0.5	19b
256	8	go_nogo	0	60	7	go	click	[51.0, 51.0, 69.0, 105.0, 116.0, 128.0, 140.0, 153.0, 159.0, 164.0, 166.0, 170.0, 172.0, 178.0, 182.0, 183.0, 183.0, 183.0, 185.0, 191.0, 196.0, 202.0, 204.0, 205.0, 206.0]	[-200.0, -200.0, -146.0, -31.0, 8.0, 42.0, 77.0, 110.0, 130.0, 143.0, 152.0, 162.0, 170.0, 185.0, 204.0, 205.0, 205.0, 207.0, 214.0, 229.0, 244.0, 260.0, 268.0, 274.0, 277.0]	[0, 0, 0, 0, 0, 0, 0, 0, 0, 0, 0, 0, 0, 0, 0, 0, 0, 0, 0, 0, 0, 0, 0, 0, 1]	[0, 0, 0, 0, 0, 0, 0, 0, 0, 0, 0, 0, 0, 0, 0, 0, 0, 0, 0, 0, 0, 0, 0, 0, 0]	[0, 0, 0, 0, 0, 0, 0, 0, 0, 0, 0, 0, 0, 0, 0, 0, 0, 0, 0, 0, 0, 0, 0, 0, 0]	[0.00020399992354214191, 0.010487799998372793, 0.027574499952606857, 0.04428769997321069, 0.061029399977996945, 0.07777139998506755, 0.09369319991674274, 0.11077809997368604, 0.12758249999023974, 0.14387939998414367, 0.1605926000047475, 0.1772445000242442, 0.19391749997157604, 0.21073349996004254, 0.22689399996306747, 0.24382540001533926, 0.2606742000207305, 0.2774946999270469, 0.2936892999568954, 0.3109200999606401, 0.3272768999449909, 0.34401190001517534, 0.3606110999826342, 0.37734220002312213, 0.39432879991363734]	206.0	277.0	0.9	19b
257	8	go_nogo	0	60	1	nogo	none	[19.0, 19.0, 35.0, 49.0, 60.0, 71.0, 84.0, 94.0, 100.0, 105.0, 111.0, 114.0, 119.0, 126.0, 134.0, 135.0, 135.0, 135.0, 135.0, 137.0, 148.0, 161.0, 168.0, 170.0]	[-234.0, -234.0, -123.0, -41.0, 11.0, 59.0, 103.0, 142.0, 180.0, 210.0, 224.0, 234.0, 245.0, 264.0, 280.0, 283.0, 284.0, 284.0, 284.0, 287.0, 296.0, 307.0, 311.0, 312.0]	[0, 0, 0, 0, 0, 0, 0, 0, 0, 0, 0, 0, 0, 0, 0, 0, 0, 0, 0, 0, 0, 0, 0, 1]	[0, 0, 0, 0, 0, 0, 0, 0, 0, 0, 0, 0, 0, 0, 0, 0, 0, 0, 0, 0, 0, 0, 0, 0]	[0, 0, 0, 0, 0, 0, 0, 0, 0, 0, 0, 0, 0, 0, 0, 0, 0, 0, 0, 0, 0, 0, 0, 0]	[7.240008562803268e-05, 0.011585500091314316, 0.02821300004143268, 0.044970700051635504, 0.06173170008696616, 0.07832940004300326, 0.09512690000701696, 0.11175090004689991, 0.12852380005642772, 0.1450509000569582, 0.1617732000304386, 0.17864450009074062, 0.1959668000927195, 0.2117723000701517, 0.2283446000656113, 0.24513500009197742, 0.2615774000296369, 0.27818930009379983, 0.2949821000220254, 0.31172700005117804, 0.32835460000205785, 0.3449404001003131, 0.36171070009004325, 0.37820670008659363]	170.0	312.0	0.6	19b
258	8	go_nogo	0	60	6	go	click	[55.0, 55.0, 84.0, 104.0, 118.0, 124.0, 132.0, 139.0, 149.0, 156.0, 162.0, 166.0, 171.0, 177.0, 178.0, 180.0, 180.0, 181.0, 181.0, 184.0, 186.0, 191.0, 196.0, 198.0, 200.0]	[-167.0, -167.0, -65.0, 5.0, 44.0, 67.0, 88.0, 112.0, 137.0, 158.0, 171.0, 183.0, 197.0, 216.0, 225.0, 230.0, 232.0, 235.0, 238.0, 249.0, 270.0, 299.0, 319.0, 332.0, 338.0]	[0, 0, 0, 0, 0, 0, 0, 0, 0, 0, 0, 0, 0, 0, 0, 0, 0, 0, 0, 0, 0, 0, 0, 0, 1]	[0, 0, 0, 0, 0, 0, 0, 0, 0, 0, 0, 0, 0, 0, 0, 0, 0, 0, 0, 0, 0, 0, 0, 0, 0]	[0, 0, 0, 0, 0, 0, 0, 0, 0, 0, 0, 0, 0, 0, 0, 0, 0, 0, 0, 0, 0, 0, 0, 0, 0]	[0.00020649994257837534, 0.00990289996843785, 0.027142100036144257, 0.043244399945251644, 0.060222100000828505, 0.07653790002223104, 0.09347650001291186, 0.10979489993769675, 0.1265056999400258, 0.14311379997525364, 0.15974479995202273, 0.1765767999459058, 0.19307549996301532, 0.20961719995830208, 0.22664939996320754, 0.2433675000211224, 0.25965709995944053, 0.2762501999968663, 0.29292849998455495, 0.3094648999394849, 0.3261164999566972, 0.34296709997579455, 0.3596304999664426, 0.37645799992606044, 0.39339979994110763]	200.0	339.0	0.7	19b
259	8	go_nogo	0	60	6	go	click	[72.0, 72.0, 86.0, 120.0, 146.0, 163.0, 168.0, 171.0, 174.0, 174.0, 174.0, 174.0, 175.0, 176.0, 177.0, 179.0, 181.0, 183.0, 189.0, 193.0, 197.0, 197.0]	[-154.0, -154.0, -90.0, 47.0, 148.0, 221.0, 246.0, 257.0, 261.0, 261.0, 262.0, 263.0, 264.0, 266.0, 266.0, 267.0, 271.0, 281.0, 300.0, 317.0, 323.0, 323.0]	[0, 0, 0, 0, 0, 0, 0, 0, 0, 0, 0, 0, 0, 0, 0, 0, 0, 0, 0, 0, 0, 1]	[0, 0, 0, 0, 0, 0, 0, 0, 0, 0, 0, 0, 0, 0, 0, 0, 0, 0, 0, 0, 0, 0]	[0, 0, 0, 0, 0, 0, 0, 0, 0, 0, 0, 0, 0, 0, 0, 0, 0, 0, 0, 0, 0, 0]	[0.0002226999495178461, 0.013216999941505492, 0.02960659994278103, 0.0463653999613598, 0.06302150001283735, 0.07975029991939664, 0.09662959992419928, 0.11303209990728647, 0.1295665999641642, 0.1464309999719262, 0.16310819995123893, 0.17984190001152456, 0.19668599998112768, 0.21303689992055297, 0.22971320000942796, 0.24649039993528277, 0.2632305999286473, 0.2796983999432996, 0.29648199991788715, 0.31306319998111576, 0.3295440999791026, 0.3466620999388397]	197.0	323.0	1.0	19b
260	8	go_nogo	0	60	8	go	click	[76.0, 76.0, 114.0, 144.0, 165.0, 182.0, 193.0, 200.0, 206.0, 216.0, 224.0, 228.0, 230.0, 231.0, 231.0, 231.0, 231.0, 231.0, 231.0, 231.0, 230.0, 224.0, 205.0, 202.0, 200.0, 199.0, 199.0, 198.0, 198.0, 198.0]	[-241.0, -241.0, -177.0, -121.0, -57.0, -10.0, 25.0, 56.0, 88.0, 116.0, 138.0, 146.0, 151.0, 153.0, 153.0, 153.0, 153.0, 153.0, 154.0, 154.0, 158.0, 176.0, 238.0, 272.0, 290.0, 303.0, 308.0, 311.0, 311.0, 311.0]	[0, 0, 0, 0, 0, 0, 0, 0, 0, 0, 0, 0, 0, 0, 0, 0, 0, 0, 0, 0, 0, 0, 0, 0, 0, 0, 0, 0, 0, 1]	[0, 0, 0, 0, 0, 0, 0, 0, 0, 0, 0, 0, 0, 0, 0, 0, 0, 0, 0, 0, 0, 0, 0, 0, 0, 0, 0, 0, 0, 0]	[0, 0, 0, 0, 0, 0, 0, 0, 0, 0, 0, 0, 0, 0, 0, 0, 0, 0, 0, 0, 0, 0, 0, 0, 0, 0, 0, 0, 0, 0]	[0.00020420004148036242, 0.0100038000382483, 0.026816400000825524, 0.04350549995433539, 0.06009990000165999, 0.07662059995345771, 0.09348549996502697, 0.1102122999727726, 0.126749400049448, 0.14343699999153614, 0.16039590002037585, 0.17718650004826486, 0.19367539999075234, 0.20996060001198202, 0.2266663999762386, 0.24331110005732626, 0.25985799997579306, 0.27663820004090667, 0.2931929000187665, 0.3099227000493556, 0.32660479994956404, 0.3433950999751687, 0.3602208000374958, 0.3766737000551075, 0.3930217999732122, 0.40993600001093, 0.4267192999832332, 0.44316290004644543, 0.4598717000335455, 0.47702340001706034]	198.0	311.0	1.0	19b
261	8	go_nogo	0	60	4	go	click	[96.0, 96.0, 119.0, 150.0, 162.0, 166.0, 169.0, 172.0, 176.0, 178.0, 180.0, 182.0, 188.0, 188.0, 188.0, 189.0, 189.0, 189.0, 189.0]	[-109.0, -109.0, -44.0, 59.0, 114.0, 154.0, 185.0, 207.0, 220.0, 226.0, 232.0, 240.0, 250.0, 252.0, 252.0, 252.0, 252.0, 252.0, 252.0]	[0, 0, 0, 0, 0, 0, 0, 0, 0, 0, 0, 0, 0, 0, 0, 0, 0, 0, 1]	[0, 0, 0, 0, 0, 0, 0, 0, 0, 0, 0, 0, 0, 0, 0, 0, 0, 0, 0]	[0, 0, 0, 0, 0, 0, 0, 0, 0, 0, 0, 0, 0, 0, 0, 0, 0, 0, 0]	[0.00019559997599571943, 0.00880660000257194, 0.0257147999946028, 0.04235060000792146, 0.05899299995508045, 0.07603130000643432, 0.09226109995506704, 0.10941909998655319, 0.1256071999669075, 0.14243200002238154, 0.15900139999575913, 0.17592129996046424, 0.19252929999493062, 0.20875009999144822, 0.22562949999701232, 0.24209309997968376, 0.25892369996290654, 0.2753028000006452, 0.29240529995877296]	189.0	252.0	0.6	19b
262	8	go_nogo	0	60	4	go	click	[59.0, 59.0, 85.0, 110.0, 134.0, 153.0, 163.0, 172.0, 182.0, 189.0, 193.0, 195.0, 197.0, 199.0, 202.0, 202.0, 202.0, 202.0, 202.0, 203.0, 203.0]	[-239.0, -239.0, -99.0, 33.0, 114.0, 162.0, 191.0, 217.0, 238.0, 257.0, 266.0, 270.0, 278.0, 285.0, 299.0, 300.0, 301.0, 301.0, 302.0, 307.0, 309.0]	[0, 0, 0, 0, 0, 0, 0, 0, 0, 0, 0, 0, 0, 0, 0, 0, 0, 0, 0, 0, 1]	[0, 0, 0, 0, 0, 0, 0, 0, 0, 0, 0, 0, 0, 0, 0, 0, 0, 0, 0, 0, 0]	[0, 0, 0, 0, 0, 0, 0, 0, 0, 0, 0, 0, 0, 0, 0, 0, 0, 0, 0, 0, 0]	[0.0003763999557122588, 0.011712400009855628, 0.028167200041934848, 0.045232699951156974, 0.06127639999613166, 0.07801169995218515, 0.09463599999435246, 0.11147919995710254, 0.127804399933666, 0.1445341999642551, 0.161393899936229, 0.177871200023219, 0.19446619995869696, 0.21132949995808303, 0.22772369999438524, 0.2446304999757558, 0.26114670000970364, 0.277779099997133, 0.2945074000163004, 0.31120749993715435, 0.32816329994238913]	203.0	309.0	0.7	19b
263	8	go_nogo	0	60	2	go	click	[47.0, 47.0, 75.0, 99.0, 114.0, 128.0, 140.0, 153.0, 162.0, 169.0, 173.0, 180.0, 188.0, 195.0, 197.0, 197.0, 197.0, 197.0, 197.0, 198.0, 202.0, 208.0, 213.0, 215.0, 216.0, 217.0]	[-205.0, -205.0, -103.0, -29.0, 15.0, 57.0, 101.0, 134.0, 154.0, 164.0, 173.0, 186.0, 204.0, 214.0, 216.0, 216.0, 216.0, 217.0, 219.0, 227.0, 243.0, 260.0, 273.0, 281.0, 290.0, 297.0]	[0, 0, 0, 0, 0, 0, 0, 0, 0, 0, 0, 0, 0, 0, 0, 0, 0, 0, 0, 0, 0, 0, 0, 0, 0, 1]	[0, 0, 0, 0, 0, 0, 0, 0, 0, 0, 0, 0, 0, 0, 0, 0, 0, 0, 0, 0, 0, 0, 0, 0, 0, 0]	[0, 0, 0, 0, 0, 0, 0, 0, 0, 0, 0, 0, 0, 0, 0, 0, 0, 0, 0, 0, 0, 0, 0, 0, 0, 0]	[8.559995330870152e-05, 0.009959499933756888, 0.02647619997151196, 0.04306980001274496, 0.059628100018016994, 0.07664700003806502, 0.09334539994597435, 0.10992930002976209, 0.12656030000653118, 0.14321220002602786, 0.1599890999495983, 0.17669069999828935, 0.1931779000442475, 0.20991269999649376, 0.22661400004290044, 0.2429515999974683, 0.25976020004600286, 0.2762422999367118, 0.29333440004847944, 0.3096169999334961, 0.32624199998099357, 0.34323620004579425, 0.3596434999490157, 0.3762535999994725, 0.39317159994971007, 0.4096851999638602]	217.0	299.0	0.5	19b
264	8	go_nogo	0	60	2	go	click	[14.0, 14.0, 52.0, 87.0, 119.0, 136.0, 149.0, 162.0, 174.0, 182.0, 187.0, 194.0, 199.0, 203.0, 203.0, 203.0, 203.0, 203.0, 203.0, 203.0, 203.0, 203.0, 203.0, 203.0, 203.0, 203.0, 203.0, 203.0, 203.0, 203.0, 203.0, 203.0, 203.0, 203.0, 203.0, 203.0, 203.0, 203.0, 203.0, 203.0, 203.0, 203.0, 205.0, 205.0]	[-229.0, -229.0, -72.0, 73.0, 179.0, 230.0, 259.0, 283.0, 299.0, 313.0, 319.0, 332.0, 343.0, 353.0, 354.0, 354.0, 354.0, 354.0, 354.0, 354.0, 354.0, 354.0, 354.0, 354.0, 353.0, 353.0, 353.0, 353.0, 353.0, 353.0, 353.0, 353.0, 353.0, 353.0, 353.0, 353.0, 353.0, 350.0, 346.0, 341.0, 335.0, 331.0, 327.0, 326.0]	[0, 0, 0, 0, 0, 0, 0, 0, 0, 0, 0, 0, 0, 0, 0, 0, 0, 0, 0, 0, 0, 0, 0, 1, 1, 1, 1, 1, 0, 0, 0, 0, 0, 0, 0, 0, 0, 0, 0, 0, 0, 0, 0, 1]	[0, 0, 0, 0, 0, 0, 0, 0, 0, 0, 0, 0, 0, 0, 0, 0, 0, 0, 0, 0, 0, 0, 0, 0, 0, 0, 0, 0, 0, 0, 0, 0, 0, 0, 0, 0, 0, 0, 0, 0, 0, 0, 0, 0]	[0, 0, 0, 0, 0, 0, 0, 0, 0, 0, 0, 0, 0, 0, 0, 0, 0, 0, 0, 0, 0, 0, 0, 0, 0, 0, 0, 0, 0, 0, 0, 0, 0, 0, 0, 0, 0, 0, 0, 0, 0, 0, 0, 0]	[0.00028689997270703316, 0.012045899988152087, 0.02794749999884516, 0.04502129997126758, 0.06151729996781796, 0.07800189999397844, 0.09500499989371747, 0.11177889991085976, 0.1282710999948904, 0.14477129990700632, 0.16184209997300059, 0.17898289998993278, 0.19511159998364747, 0.2114641999360174, 0.22814449993893504, 0.24480270000640303, 0.2615385999670252, 0.2783742999890819, 0.29481289989780635, 0.31142069993074983, 0.3284480998991057, 0.3447938999161124, 0.3613193999044597, 0.3790445999475196, 0.39464349998161197, 0.4113365999655798, 0.4280681998934597, 0.44481479993555695, 0.4615580999525264, 0.47794189990963787, 0.4944954999955371, 0.5116486999904737, 0.5281990999355912, 0.5447991999099031, 0.5612611999968067, 0.5778442999580875, 0.595157100004144, 0.6119107999838889, 0.6279241999145597, 0.6447368999943137, 0.6614892999641597, 0.6782131999498233, 0.6947376999305561, 0.7115041998913512]	205.0	326.0	0.7	19b
265	8	go_nogo	0	60	2	go	click	[50.0, 50.0, 87.0, 115.0, 139.0, 151.0, 157.0, 162.0, 166.0, 170.0, 170.0, 171.0, 173.0, 176.0, 177.0, 177.0, 177.0, 177.0, 179.0, 183.0, 185.0, 187.0, 192.0, 196.0, 197.0, 198.0, 199.0]	[-228.0, -228.0, -143.0, -71.0, -12.0, 31.0, 65.0, 90.0, 107.0, 118.0, 125.0, 137.0, 152.0, 169.0, 180.0, 182.0, 184.0, 187.0, 196.0, 211.0, 236.0, 260.0, 287.0, 301.0, 307.0, 308.0, 308.0]	[0, 0, 0, 0, 0, 0, 0, 0, 0, 0, 0, 0, 0, 0, 0, 0, 0, 0, 0, 0, 0, 0, 0, 0, 0, 0, 1]	[0, 0, 0, 0, 0, 0, 0, 0, 0, 0, 0, 0, 0, 0, 0, 0, 0, 0, 0, 0, 0, 0, 0, 0, 0, 0, 0]	[0, 0, 0, 0, 0, 0, 0, 0, 0, 0, 0, 0, 0, 0, 0, 0, 0, 0, 0, 0, 0, 0, 0, 0, 0, 0, 0]	[0.00034760008566081524, 0.01268689997959882, 0.029132600058801472, 0.04580090008676052, 0.06235670007299632, 0.07927590003237128, 0.09585140005219728, 0.11246730003040284, 0.12906439998187125, 0.14573650003876537, 0.16264960006810725, 0.1793602000689134, 0.19615109998267144, 0.21328090003225952, 0.2290768000530079, 0.24569140002131462, 0.2623557000188157, 0.2797487999778241, 0.2957352000521496, 0.3123801000183448, 0.3291373000247404, 0.34585440007504076, 0.36240310000721365, 0.3791619000257924, 0.3958317000651732, 0.41257520008366555, 0.4293377000140026]	199.0	308.0	0.9	19b
266	8	go_nogo	0	60	9	nogo	none	[22.0, 22.0, 63.0, 105.0, 143.0, 163.0, 177.0, 185.0, 191.0, 194.0, 196.0, 197.0, 198.0, 201.0, 202.0, 202.0, 202.0, 202.0, 202.0, 202.0, 202.0, 203.0, 203.0, 203.0, 203.0, 203.0, 203.0, 203.0, 203.0, 203.0, 203.0, 203.0, 203.0, 203.0, 203.0, 203.0, 203.0, 203.0, 203.0, 203.0, 203.0, 203.0, 203.0, 203.0, 203.0, 203.0, 203.0, 203.0, 203.0, 203.0, 203.0, 203.0, 203.0, 203.0, 203.0, 203.0, 203.0, 203.0, 203.0, 203.0, 203.0, 203.0, 203.0, 203.0, 203.0]	[-232.0, -232.0, -142.0, -42.0, 44.0, 95.0, 135.0, 165.0, 192.0, 211.0, 221.0, 226.0, 234.0, 245.0, 251.0, 251.0, 251.0, 251.0, 253.0, 259.0, 270.0, 275.0, 276.0, 276.0, 276.0, 276.0, 276.0, 276.0, 276.0, 276.0, 276.0, 276.0, 276.0, 276.0, 276.0, 276.0, 276.0, 276.0, 276.0, 276.0, 276.0, 276.0, 276.0, 276.0, 276.0, 276.0, 276.0, 276.0, 276.0, 276.0, 276.0, 276.0, 276.0, 276.0, 276.0, 276.0, 276.0, 276.0, 276.0, 276.0, 276.0, 276.0, 276.0, 276.0, 276.0]	[0, 0, 0, 0, 0, 0, 0, 0, 0, 0, 0, 0, 0, 0, 0, 0, 0, 0, 0, 0, 0, 0, 0, 0, 0, 0, 0, 0, 0, 0, 0, 0, 0, 0, 0, 0, 0, 0, 0, 0, 0, 0, 0, 0, 0, 0, 0, 0, 0, 0, 0, 0, 0, 0, 0, 0, 0, 0, 0, 0, 0, 0, 0, 0, 0]	[0, 0, 0, 0, 0, 0, 0, 0, 0, 0, 0, 0, 0, 0, 0, 0, 0, 0, 0, 0, 0, 0, 0, 0, 0, 0, 0, 0, 0, 0, 0, 0, 0, 0, 0, 0, 0, 0, 0, 0, 0, 0, 0, 0, 0, 0, 0, 0, 0, 0, 0, 0, 0, 0, 0, 0, 0, 0, 0, 0, 0, 0, 0, 0, 0]	[0, 0, 0, 0, 0, 0, 0, 0, 0, 0, 0, 0, 0, 0, 0, 0, 0, 0, 0, 0, 0, 0, 0, 0, 0, 0, 0, 0, 0, 0, 0, 0, 0, 0, 0, 0, 0, 0, 0, 0, 0, 0, 0, 0, 0, 0, 0, 0, 0, 0, 0, 0, 0, 0, 0, 0, 0, 0, 0, 0, 0, 0, 0, 0, 0]	[0.00021129997912794352, 0.012215199996717274, 0.02870449994225055, 0.04551869991701096, 0.06176349997986108, 0.07866429991554469, 0.09512919990811497, 0.11167199991177768, 0.1283684999216348, 0.1450852999696508, 0.16169019998051226, 0.17857529991306365, 0.194990299991332, 0.2121959999203682, 0.22826499992515892, 0.24493689998053014, 0.2618038000073284, 0.27837399998679757, 0.2949807000113651, 0.31177669996395707, 0.328388899913989, 0.3449948999332264, 0.3615665999241173, 0.37799169996287674, 0.394767599995248, 0.41139519994612783, 0.4280781999696046, 0.4447158999973908, 0.46136650000698864, 0.4781612999504432, 0.495177699951455, 0.5115142000140622, 0.5281297999899834, 0.5446890000021085, 0.5617211000062525, 0.5780348000116646, 0.5946643999777734, 0.6112466999329627, 0.6280186999356374, 0.6447901999345049, 0.6614522999152541, 0.6779064999427646, 0.6946884000208229, 0.71155489992816, 0.7282114999834448, 0.7446999999228865, 0.7615366999525577, 0.7780526999849826, 0.7947942999890074, 0.8112660999177024, 0.8281414000084624, 0.8446167999645695, 0.8613756999839097, 0.8780671999556944, 0.8946134999860078, 0.9114883999573067, 0.9281236999668181, 0.9445858999388292, 0.9612775999121368, 0.9780822999309748, 0.9946508000139147, 1.0112692000111565, 1.028203699970618, 1.0446699999738485, 1.0613542000064626]	n/a	n/a	0.5	19b
267	8	go_nogo	0	60	7	go	click	[43.0, 43.0, 79.0, 116.0, 141.0, 153.0, 163.0, 169.0, 175.0, 179.0, 181.0, 183.0, 187.0, 195.0, 209.0, 213.0, 215.0, 219.0, 221.0, 223.0, 223.0, 223.0]	[-227.0, -227.0, -105.0, 6.0, 74.0, 112.0, 145.0, 172.0, 191.0, 203.0, 208.0, 213.0, 225.0, 246.0, 284.0, 295.0, 304.0, 314.0, 322.0, 326.0, 326.0, 327.0]	[0, 0, 0, 0, 0, 0, 0, 0, 0, 0, 0, 0, 0, 0, 0, 0, 0, 0, 0, 0, 0, 1]	[0, 0, 0, 0, 0, 0, 0, 0, 0, 0, 0, 0, 0, 0, 0, 0, 0, 0, 0, 0, 0, 0]	[0, 0, 0, 0, 0, 0, 0, 0, 0, 0, 0, 0, 0, 0, 0, 0, 0, 0, 0, 0, 0, 0]	[0.0002617000136524439, 0.009953100001439452, 0.026921699987724423, 0.04359429993201047, 0.060257499921135604, 0.07682529999874532, 0.09345089993439615, 0.11018069996498525, 0.1264633999671787, 0.14318719995208085, 0.1598433000035584, 0.17636459995992482, 0.19308589992579073, 0.20987909997347742, 0.22662029997445643, 0.2438177999574691, 0.2598129999823868, 0.27666949992999434, 0.2932296999497339, 0.3097635000012815, 0.32662940002046525, 0.34309919993393123]	223.0	327.0	1.0	19b
268	8	go_nogo	0	60	8	go	click	[57.0, 57.0, 69.0, 96.0, 117.0, 130.0, 143.0, 154.0, 159.0, 162.0, 165.0, 166.0, 166.0, 167.0, 170.0, 176.0, 180.0, 183.0, 183.0, 184.0, 184.0, 183.0, 181.0, 181.0, 178.0, 177.0, 177.0, 177.0, 177.0, 179.0, 179.0, 180.0, 181.0, 181.0]	[-215.0, -215.0, -167.0, -84.0, -7.0, 60.0, 164.0, 227.0, 271.0, 299.0, 314.0, 321.0, 324.0, 326.0, 334.0, 352.0, 374.0, 388.0, 388.0, 386.0, 379.0, 371.0, 363.0, 358.0, 354.0, 347.0, 345.0, 344.0, 341.0, 338.0, 335.0, 333.0, 332.0, 332.0]	[0, 0, 0, 0, 0, 0, 0, 0, 0, 0, 0, 0, 0, 0, 0, 0, 0, 0, 0, 0, 1, 1, 0, 0, 0, 0, 0, 0, 0, 0, 0, 0, 0, 1]	[0, 0, 0, 0, 0, 0, 0, 0, 0, 0, 0, 0, 0, 0, 0, 0, 0, 0, 0, 0, 0, 0, 0, 0, 0, 0, 0, 0, 0, 0, 0, 0, 0, 0]	[0, 0, 0, 0, 0, 0, 0, 0, 0, 0, 0, 0, 0, 0, 0, 0, 0, 0, 0, 0, 0, 0, 0, 0, 0, 0, 0, 0, 0, 0, 0, 0, 0, 0]	[0.0002237000735476613, 0.010183400008827448, 0.02659960009623319, 0.04367010004352778, 0.06001730007119477, 0.07657470006961375, 0.09322600008454174, 0.11037870007567108, 0.12689140008296818, 0.14305160008370876, 0.1601950000040233, 0.17679810000117868, 0.19324400008190423, 0.2098453000653535, 0.22678330005146563, 0.24340220005251467, 0.2602164000272751, 0.2763520000735298, 0.29315290006343275, 0.3099674000404775, 0.3266240000957623, 0.3432095000753179, 0.3605408000294119, 0.37653560005128384, 0.39319410000462085, 0.4097118000499904, 0.4264554000692442, 0.4429726001108065, 0.4598343000980094, 0.47681750007905066, 0.4932655000593513, 0.509775000042282, 0.5263276000041515, 0.5434637001017109]	181.0	332.0	0.7	19b
269	8	go_nogo	0	60	7	go	click	[72.0, 72.0, 88.0, 112.0, 150.0, 179.0, 201.0, 209.0, 210.0, 211.0, 213.0, 213.0, 213.0, 213.0, 213.0, 213.0, 213.0, 213.0, 213.0, 213.0, 213.0, 213.0, 213.0, 213.0, 213.0, 213.0, 211.0, 206.0, 203.0, 203.0, 202.0, 202.0]	[-254.0, -254.0, -197.0, -78.0, 91.0, 200.0, 281.0, 312.0, 331.0, 345.0, 356.0, 361.0, 366.0, 368.0, 368.0, 368.0, 368.0, 368.0, 368.0, 368.0, 368.0, 368.0, 368.0, 368.0, 368.0, 368.0, 361.0, 347.0, 339.0, 335.0, 333.0, 331.0]	[0, 0, 0, 0, 0, 0, 0, 0, 0, 0, 0, 0, 0, 0, 0, 0, 0, 0, 0, 0, 0, 0, 0, 0, 0, 0, 0, 0, 0, 0, 0, 1]	[0, 0, 0, 0, 0, 0, 0, 0, 0, 0, 0, 0, 0, 0, 0, 0, 0, 0, 0, 0, 0, 0, 0, 0, 0, 0, 0, 0, 0, 0, 0, 0]	[0, 0, 0, 0, 0, 0, 0, 0, 0, 0, 0, 0, 0, 0, 0, 0, 0, 0, 0, 0, 0, 0, 0, 0, 0, 0, 0, 0, 0, 0, 0, 0]	[0.0001957999775186181, 0.011773400008678436, 0.028541099978610873, 0.0453494000248611, 0.061945099965669215, 0.07857399992644787, 0.09515960002318025, 0.11185059999115765, 0.12842289998661727, 0.14537419995758682, 0.16206949995830655, 0.17872999992687255, 0.19553979998454452, 0.211847799946554, 0.228403199929744, 0.2451419000281021, 0.2619054999668151, 0.278339899959974, 0.2951060999184847, 0.311647400027141, 0.3285800999728963, 0.3450304999714717, 0.36158369993790984, 0.3786706000100821, 0.3951692000264302, 0.41187860001809895, 0.42850269994232804, 0.445321699953638, 0.4623675999464467, 0.478922399925068, 0.4949776999419555, 0.51188959996216]	202.0	331.0	0.9	19b
270	8	go_nogo	0	60	1	nogo	none	[24.0, 24.0, 31.0, 53.0, 84.0, 104.0, 114.0, 122.0, 128.0, 132.0, 136.0, 137.0, 140.0, 146.0, 152.0, 158.0, 162.0, 165.0, 166.0, 167.0, 167.0, 167.0, 167.0, 167.0, 167.0, 167.0, 167.0, 167.0, 167.0, 167.0, 167.0, 167.0, 167.0, 167.0, 167.0, 167.0, 167.0, 167.0, 167.0, 167.0, 167.0, 167.0, 167.0, 167.0, 167.0, 167.0, 167.0, 167.0, 167.0, 167.0, 167.0, 167.0, 167.0, 167.0, 167.0, 167.0, 167.0, 167.0, 167.0, 167.0, 167.0, 167.0]	[-189.0, -189.0, -142.0, -57.0, 64.0, 130.0, 173.0, 201.0, 221.0, 236.0, 244.0, 251.0, 260.0, 275.0, 295.0, 310.0, 320.0, 325.0, 327.0, 328.0, 328.0, 328.0, 328.0, 328.0, 328.0, 328.0, 328.0, 328.0, 328.0, 328.0, 328.0, 328.0, 328.0, 328.0, 328.0, 328.0, 328.0, 328.0, 328.0, 328.0, 328.0, 328.0, 328.0, 328.0, 328.0, 328.0, 328.0, 328.0, 328.0, 328.0, 328.0, 328.0, 328.0, 328.0, 328.0, 328.0, 328.0, 328.0, 328.0, 328.0, 328.0, 328.0]	[0, 0, 0, 0, 0, 0, 0, 0, 0, 0, 0, 0, 0, 0, 0, 0, 0, 0, 0, 0, 0, 0, 0, 0, 0, 0, 0, 0, 0, 0, 0, 0, 0, 0, 0, 0, 0, 0, 0, 0, 0, 0, 0, 0, 0, 0, 0, 0, 0, 0, 0, 0, 0, 0, 0, 0, 0, 0, 0, 0, 0, 0]	[0, 0, 0, 0, 0, 0, 0, 0, 0, 0, 0, 0, 0, 0, 0, 0, 0, 0, 0, 0, 0, 0, 0, 0, 0, 0, 0, 0, 0, 0, 0, 0, 0, 0, 0, 0, 0, 0, 0, 0, 0, 0, 0, 0, 0, 0, 0, 0, 0, 0, 0, 0, 0, 0, 0, 0, 0, 0, 0, 0, 0, 0]	[0, 0, 0, 0, 0, 0, 0, 0, 0, 0, 0, 0, 0, 0, 0, 0, 0, 0, 0, 0, 0, 0, 0, 0, 0, 0, 0, 0, 0, 0, 0, 0, 0, 0, 0, 0, 0, 0, 0, 0, 0, 0, 0, 0, 0, 0, 0, 0, 0, 0, 0, 0, 0, 0, 0, 0, 0, 0, 0, 0, 0, 0]	[0.00020860007498413324, 0.010035900049842894, 0.02699939999729395, 0.043450400000438094, 0.060386600089259446, 0.07673950004391372, 0.09374679997563362, 0.11005630006548017, 0.126972800004296, 0.1434015000704676, 0.1600899000186473, 0.17717919999267906, 0.1934206000296399, 0.2101297000190243, 0.22661400004290044, 0.24345130007714033, 0.2600628000218421, 0.27687330008484423, 0.2934051000047475, 0.3097436000825837, 0.32649970008060336, 0.3430891999742016, 0.3596934999804944, 0.37632440007291734, 0.39301760005764663, 0.4097469000844285, 0.4266323000192642, 0.4431017000460997, 0.45957870001439005, 0.47625669999979436, 0.49295720004010946, 0.5095204000826925, 0.5261865999782458, 0.5429477000143379, 0.5597927999915555, 0.5765701000345871, 0.5930754999862984, 0.6095947000430897, 0.6263378000585362, 0.6429186000023037, 0.6596235000761226, 0.6764027000172064, 0.6930098000448197, 0.7097684000618756, 0.7262540999799967, 0.7429220000049099, 0.7595444000326097, 0.776233599986881, 0.7929811000358313, 0.8096500000683591, 0.8264615000225604, 0.8429929000558332, 0.8597149000270292, 0.876466799993068, 0.892887800000608, 0.9095604000613093, 0.9263977999798954, 0.9432239000452682, 0.9598379000090063, 0.9763734000734985, 0.9928913000039756, 1.0094851000467315]	n/a	n/a	0.7	19b
271	8	go_nogo	0	60	3	go	click	[52.0, 52.0, 74.0, 128.0, 149.0, 171.0, 189.0, 204.0, 214.0, 220.0, 224.0, 229.0, 234.0, 238.0, 240.0, 241.0, 242.0, 242.0, 242.0, 242.0, 240.0, 238.0, 235.0, 233.0, 233.0, 232.0]	[-165.0, -165.0, -111.0, 27.0, 86.0, 139.0, 183.0, 216.0, 237.0, 251.0, 261.0, 273.0, 282.0, 291.0, 296.0, 299.0, 306.0, 313.0, 321.0, 324.0, 325.0, 326.0, 326.0, 326.0, 326.0, 326.0]	[0, 0, 0, 0, 0, 0, 0, 0, 0, 0, 0, 0, 0, 0, 0, 0, 0, 0, 0, 0, 0, 0, 0, 0, 0, 1]	[0, 0, 0, 0, 0, 0, 0, 0, 0, 0, 0, 0, 0, 0, 0, 0, 0, 0, 0, 0, 0, 0, 0, 0, 0, 0]	[0, 0, 0, 0, 0, 0, 0, 0, 0, 0, 0, 0, 0, 0, 0, 0, 0, 0, 0, 0, 0, 0, 0, 0, 0, 0]	[0.00021279999054968357, 0.009509399998933077, 0.02637570002116263, 0.04372489999514073, 0.06009810010436922, 0.07683959999121726, 0.09346960007678717, 0.10932610009331256, 0.12624330003745854, 0.14257100003305823, 0.15923970006406307, 0.1758949999930337, 0.1927217000629753, 0.20933109999168664, 0.22598840005230159, 0.24253520008642226, 0.25957070000004023, 0.2766913000959903, 0.2932368000037968, 0.3093034999910742, 0.3263408000348136, 0.34265930007677525, 0.3593181000323966, 0.3758436000207439, 0.39317600009962916, 0.41008980001788586]	232.0	325.0	0.9	19b
272	8	go_nogo	0	60	6	go	click	[47.0, 47.0, 68.0, 119.0, 166.0, 197.0, 217.0, 231.0, 242.0, 248.0, 253.0, 254.0, 254.0, 254.0, 254.0, 254.0, 253.0, 248.0, 236.0, 225.0, 218.0, 215.0, 213.0, 213.0, 213.0]	[-233.0, -233.0, -183.0, -58.0, 54.0, 131.0, 179.0, 212.0, 235.0, 251.0, 266.0, 268.0, 270.0, 271.0, 271.0, 271.0, 272.0, 274.0, 283.0, 294.0, 301.0, 305.0, 306.0, 306.0, 306.0]	[0, 0, 0, 0, 0, 0, 0, 0, 0, 0, 0, 0, 0, 0, 0, 0, 0, 0, 0, 0, 0, 0, 0, 0, 1]	[0, 0, 0, 0, 0, 0, 0, 0, 0, 0, 0, 0, 0, 0, 0, 0, 0, 0, 0, 0, 0, 0, 0, 0, 0]	[0, 0, 0, 0, 0, 0, 0, 0, 0, 0, 0, 0, 0, 0, 0, 0, 0, 0, 0, 0, 0, 0, 0, 0, 0]	[0.00019679998513311148, 0.009418899891898036, 0.026459099957719445, 0.04312749998643994, 0.05984040000475943, 0.07625579996965826, 0.09300229989457875, 0.1095859999768436, 0.1261592999799177, 0.14314749999903142, 0.15962089993990958, 0.17671959998551756, 0.19285539991687983, 0.20943169994279742, 0.22615909995511174, 0.24287159997038543, 0.25966629991307855, 0.27609359996858984, 0.2927744999760762, 0.30954649997875094, 0.3262414999771863, 0.34295489999931306, 0.35944969998672605, 0.37606119993142784, 0.3934600999346003]	213.0	306.0	1.0	19b
273	8	go_nogo	0	60	1	nogo	none	[71.0, 71.0, 114.0, 156.0, 176.0, 186.0, 191.0, 194.0, 196.0, 197.0, 197.0, 198.0, 198.0, 198.0, 198.0, 200.0, 200.0, 201.0, 201.0, 201.0, 201.0, 201.0, 201.0, 201.0, 201.0, 201.0, 201.0, 201.0, 201.0, 201.0, 201.0, 201.0, 201.0, 201.0, 201.0, 201.0, 201.0, 201.0, 201.0, 201.0, 201.0, 201.0, 201.0, 201.0, 201.0, 201.0, 201.0, 201.0, 201.0, 201.0, 201.0, 201.0, 201.0, 201.0, 201.0, 201.0, 201.0, 201.0, 201.0, 201.0, 201.0, 201.0, 198.0, 198.0, 192.0, 190.0, 190.0, 187.0, 171.0, 143.0, 126.0, 120.0, 121.0, 131.0, 146.0, 164.0, 168.0, 168.0, 168.0, 168.0, 168.0, 168.0, 168.0, 168.0, 168.0, 168.0, 168.0, 168.0, 168.0, 168.0, 168.0, 164.0]	[-253.0, -253.0, -144.0, -21.0, 63.0, 107.0, 140.0, 162.0, 185.0, 205.0, 218.0, 228.0, 236.0, 248.0, 268.0, 301.0, 315.0, 328.0, 335.0, 337.0, 337.0, 337.0, 337.0, 337.0, 337.0, 337.0, 337.0, 337.0, 337.0, 337.0, 337.0, 337.0, 337.0, 337.0, 337.0, 337.0, 337.0, 337.0, 337.0, 337.0, 337.0, 337.0, 337.0, 337.0, 337.0, 337.0, 337.0, 337.0, 337.0, 337.0, 337.0, 337.0, 337.0, 337.0, 337.0, 337.0, 337.0, 337.0, 337.0, 337.0, 337.0, 330.0, 313.0, 305.0, 268.0, 236.0, 200.0, 150.0, 74.0, -16.0, -85.0, -126.0, -148.0, -162.0, -165.0, -163.0, -162.0, -162.0, -162.0, -162.0, -162.0, -162.0, -162.0, -162.0, -162.0, -162.0, -162.0, -162.0, -162.0, -162.0, -162.0, -162.0]	[0, 0, 0, 0, 0, 0, 0, 0, 0, 0, 0, 0, 0, 0, 0, 0, 0, 0, 0, 0, 0, 0, 0, 0, 0, 0, 0, 0, 0, 0, 0, 0, 0, 0, 0, 0, 0, 0, 0, 0, 0, 0, 0, 0, 0, 0, 0, 0, 0, 0, 0, 0, 0, 0, 0, 0, 0, 0, 0, 0, 0, 0, 0, 0, 0, 0, 0, 0, 0, 0, 0, 0, 0, 0, 0, 0, 0, 0, 0, 0, 0, 0, 0, 0, 0, 0, 0, 0, 0, 0, 0, 0]	[0, 0, 0, 0, 0, 0, 0, 0, 0, 0, 0, 0, 0, 0, 0, 0, 0, 0, 0, 0, 0, 0, 0, 0, 0, 0, 0, 0, 0, 0, 0, 0, 0, 0, 0, 0, 0, 0, 0, 0, 0, 0, 0, 0, 0, 0, 0, 0, 0, 0, 0, 0, 0, 0, 0, 0, 0, 0, 0, 0, 0, 0, 0, 0, 0, 0, 0, 0, 0, 0, 0, 0, 0, 0, 0, 0, 0, 0, 0, 0, 0, 0, 0, 0, 0, 0, 0, 0, 0, 0, 0, 0]	[0, 0, 0, 0, 0, 0, 0, 0, 0, 0, 0, 0, 0, 0, 0, 0, 0, 0, 0, 0, 0, 0, 0, 0, 0, 0, 0, 0, 0, 0, 0, 0, 0, 0, 0, 0, 0, 0, 0, 0, 0, 0, 0, 0, 0, 0, 0, 0, 0, 0, 0, 0, 0, 0, 0, 0, 0, 0, 0, 0, 0, 0, 0, 0, 0, 0, 0, 0, 0, 0, 0, 0, 0, 0, 0, 0, 0, 0, 0, 0, 0, 0, 0, 0, 0, 0, 0, 0, 0, 0, 0, 0]	[0.00018750003073364496, 0.011358199990354478, 0.028012100025080144, 0.044723100028932095, 0.06196840002667159, 0.07785480003803968, 0.0946813999908045, 0.11121510004159063, 0.1280818999512121, 0.14466780005022883, 0.16138000006321818, 0.17818299995269626, 0.19470019999425858, 0.21156870003324002, 0.22799939999822527, 0.24471150001045316, 0.2615234999684617, 0.27827500004787, 0.2944461000151932, 0.3110010999953374, 0.3276073000160977, 0.34431499999482185, 0.3612935000564903, 0.37792750005610287, 0.39434890006668866, 0.41097770002670586, 0.42765179998241365, 0.4442694999743253, 0.46110610000323504, 0.4778310999972746, 0.4945024000480771, 0.5110262000234798, 0.527806399972178, 0.5445520000066608, 0.5612115999683738, 0.5777430000016466, 0.5943764999974519, 0.6110010000411421, 0.6276925000129268, 0.6443441000301391, 0.6611144000198692, 0.6776475000660866, 0.6942977999569848, 0.7110550999641418, 0.7275772000430152, 0.7443931000307202, 0.7610030999640003, 0.7776119000045583, 0.7942377000581473, 0.8109306000405923, 0.8276402000337839, 0.8442372999852523, 0.8610696999821812, 0.8775933999568224, 0.8943631000583991, 0.9108993000118062, 0.9276381999952719, 0.9443535000318661, 0.9609598000533879, 0.9775480000535026, 0.9944660000037402, 1.011149000027217, 1.0275305999675766, 1.0441353999776766, 1.0608195000095293, 1.0774811999872327, 1.094328899984248, 1.1108607000205666, 1.1276389999547973, 1.1441673999652267, 1.1607758000027388, 1.1772790000541136, 1.1943799000000581, 1.2111043999902904, 1.2275316000450402, 1.2444596999557689, 1.2606853999895975, 1.2776027000509202, 1.2941332999616861, 1.3107571000000462, 1.327383300056681, 1.3440472000511363, 1.3605861000251025, 1.3775279000401497, 1.394049199996516, 1.410884500015527, 1.427675100043416, 1.4440683999564499, 1.4606737999711186, 1.4774743999587372, 1.4942079000175, 1.510766900028102]	n/a	n/a	0.6	19b
274	8	go_nogo	0	60	3	go	click	[55.0, 72.0, 93.0, 127.0, 152.0, 161.0, 171.0, 177.0, 184.0, 186.0, 190.0, 190.0, 191.0, 191.0, 191.0, 191.0, 191.0, 191.0, 192.0, 193.0, 193.0, 193.0]	[-268.0, -192.0, -111.0, 18.0, 112.0, 154.0, 187.0, 219.0, 244.0, 257.0, 266.0, 269.0, 270.0, 270.0, 270.0, 270.0, 270.0, 272.0, 279.0, 284.0, 284.0, 284.0]	[0, 0, 0, 0, 0, 0, 0, 0, 0, 0, 0, 0, 0, 0, 0, 0, 0, 0, 0, 0, 0, 1]	[0, 0, 0, 0, 0, 0, 0, 0, 0, 0, 0, 0, 0, 0, 0, 0, 0, 0, 0, 0, 0, 0]	[0, 0, 0, 0, 0, 0, 0, 0, 0, 0, 0, 0, 0, 0, 0, 0, 0, 0, 0, 0, 0, 0]	[8.690007962286472e-05, 0.01061880006454885, 0.02716090006288141, 0.043844400090165436, 0.060510899988003075, 0.07714270008727908, 0.09394629998132586, 0.11062240006867796, 0.1271705999970436, 0.14383930002804846, 0.16107120004016906, 0.17779109999537468, 0.1937051999848336, 0.21023239998612553, 0.2269042000407353, 0.24375890009105206, 0.2607238000491634, 0.2773404000326991, 0.293963500065729, 0.3104366000043228, 0.3272501000901684, 0.3439596000825986]	193.0	284.0	0.8	19b
275	8	go_nogo	0	60	3	go	click	[48.0, 64.0, 83.0, 118.0, 139.0, 151.0, 161.0, 176.0, 184.0, 192.0, 197.0, 201.0, 203.0, 205.0, 205.0, 205.0, 205.0, 205.0, 205.0, 205.0, 205.0, 205.0, 205.0, 205.0, 205.0, 205.0]	[-216.0, -160.0, -106.0, -21.0, 34.0, 75.0, 116.0, 176.0, 204.0, 224.0, 237.0, 251.0, 262.0, 270.0, 277.0, 291.0, 310.0, 317.0, 319.0, 319.0, 319.0, 319.0, 319.0, 319.0, 319.0, 319.0]	[0, 0, 0, 0, 0, 0, 0, 0, 0, 0, 0, 0, 0, 0, 0, 0, 0, 0, 0, 0, 0, 0, 0, 0, 0, 1]	[0, 0, 0, 0, 0, 0, 0, 0, 0, 0, 0, 0, 0, 0, 0, 0, 0, 0, 0, 0, 0, 0, 0, 0, 0, 0]	[0, 0, 0, 0, 0, 0, 0, 0, 0, 0, 0, 0, 0, 0, 0, 0, 0, 0, 0, 0, 0, 0, 0, 0, 0, 0]	[0.00012240000069141388, 0.01200400001835078, 0.02840059995651245, 0.04514099995139986, 0.061996800010092556, 0.07905830000527203, 0.09555919992271811, 0.11187789996620268, 0.12862249999307096, 0.14540839998517185, 0.16183599992655218, 0.17847429995890707, 0.1949785000178963, 0.21195739996619523, 0.22845569998025894, 0.24532330001238734, 0.2617385999765247, 0.2783561999676749, 0.2949090999318287, 0.31155470001976937, 0.3282652000198141, 0.34501689998432994, 0.36177620000671595, 0.3783007999882102, 0.3951812000013888, 0.41175640001893044]	205.0	319.0	0.7	19b
276	8	go_nogo	0	60	9	nogo	none	[26.0, 26.0, 52.0, 106.0, 157.0, 175.0, 183.0, 189.0, 192.0, 193.0, 194.0, 195.0, 196.0, 196.0, 196.0, 196.0, 196.0, 196.0, 196.0, 196.0, 196.0, 196.0]	[-232.0, -232.0, -170.0, -41.0, 93.0, 165.0, 227.0, 274.0, 298.0, 306.0, 312.0, 316.0, 319.0, 320.0, 320.0, 320.0, 320.0, 320.0, 320.0, 320.0, 320.0, 320.0]	[0, 0, 0, 0, 0, 0, 0, 0, 0, 0, 0, 0, 0, 0, 0, 0, 0, 0, 0, 0, 0, 1]	[0, 0, 0, 0, 0, 0, 0, 0, 0, 0, 0, 0, 0, 0, 0, 0, 0, 0, 0, 0, 0, 0]	[0, 0, 0, 0, 0, 0, 0, 0, 0, 0, 0, 0, 0, 0, 0, 0, 0, 0, 0, 0, 0, 0]	[0.00023820006754249334, 0.01011350005865097, 0.026670000050216913, 0.04319060000125319, 0.05981090001296252, 0.07692060002591461, 0.09330360009334981, 0.10992950003128499, 0.12671900005079806, 0.14335570007096976, 0.16018710006028414, 0.176746700075455, 0.19374850008171052, 0.20995590009260923, 0.22679820004850626, 0.2431376000167802, 0.2597687999950722, 0.2765007000416517, 0.29326960002072155, 0.30999860004521906, 0.3263118000468239, 0.3435412000399083]	196.0	320.0	0.8	19b
277	8	go_nogo	0	60	7	go	click	[55.0, 78.0, 97.0, 131.0, 154.0, 167.0, 179.0, 191.0, 204.0, 208.0, 210.0, 211.0, 212.0, 212.0, 212.0, 212.0, 212.0, 210.0, 207.0, 205.0, 205.0, 207.0, 208.0, 208.0, 208.0, 208.0]	[-246.0, -180.0, -123.0, -20.0, 37.0, 72.0, 104.0, 141.0, 186.0, 202.0, 208.0, 212.0, 216.0, 219.0, 220.0, 221.0, 227.0, 236.0, 249.0, 260.0, 273.0, 289.0, 293.0, 297.0, 298.0, 298.0]	[0, 0, 0, 0, 0, 0, 0, 0, 0, 0, 0, 0, 0, 0, 0, 0, 0, 0, 0, 0, 0, 0, 0, 0, 0, 1]	[0, 0, 0, 0, 0, 0, 0, 0, 0, 0, 0, 0, 0, 0, 0, 0, 0, 0, 0, 0, 0, 0, 0, 0, 0, 0]	[0, 0, 0, 0, 0, 0, 0, 0, 0, 0, 0, 0, 0, 0, 0, 0, 0, 0, 0, 0, 0, 0, 0, 0, 0, 0]	[9.460002183914185e-05, 0.011257800040766597, 0.027849500067532063, 0.04450460011139512, 0.06148660008329898, 0.07807100005447865, 0.09465320000890642, 0.1114366000983864, 0.12821130000520498, 0.14490960002876818, 0.1615213000914082, 0.17830750008579344, 0.19463540008291602, 0.21121020009741187, 0.22808060003444552, 0.24482690007425845, 0.26122700003907084, 0.27804340003058314, 0.29489520005881786, 0.31145560008008033, 0.32812750001903623, 0.3453068000962958, 0.36151450010947883, 0.3781284000724554, 0.39434750005602837, 0.4114971000235528]	208.0	298.0	0.8	19b
278	8	go_nogo	0	60	7	go	click	[69.0, 69.0, 84.0, 94.0, 98.0, 105.0, 112.0, 126.0, 131.0, 134.0, 138.0, 144.0, 149.0, 152.0, 152.0, 152.0, 152.0, 152.0, 152.0, 152.0, 158.0, 165.0, 175.0, 183.0, 187.0, 187.0]	[-198.0, -198.0, -99.0, -10.0, 57.0, 104.0, 137.0, 175.0, 192.0, 203.0, 218.0, 234.0, 242.0, 245.0, 245.0, 245.0, 246.0, 246.0, 246.0, 248.0, 261.0, 280.0, 293.0, 305.0, 311.0, 311.0]	[0, 0, 0, 0, 0, 0, 0, 0, 0, 0, 0, 0, 0, 0, 0, 0, 0, 0, 0, 0, 0, 0, 0, 0, 0, 1]	[0, 0, 0, 0, 0, 0, 0, 0, 0, 0, 0, 0, 0, 0, 0, 0, 0, 0, 0, 0, 0, 0, 0, 0, 0, 0]	[0, 0, 0, 0, 0, 0, 0, 0, 0, 0, 0, 0, 0, 0, 0, 0, 0, 0, 0, 0, 0, 0, 0, 0, 0, 0]	[8.52999510243535e-05, 0.01187960000243038, 0.02863209997303784, 0.04516819992568344, 0.06206759996712208, 0.07857029989827424, 0.0951133999042213, 0.11205269990023226, 0.1286099998978898, 0.1453466999810189, 0.16188999998848885, 0.17838299996219575, 0.19530719995964319, 0.21163439995143563, 0.2280486999079585, 0.24493649997748435, 0.2614931999705732, 0.2780702000018209, 0.29502119997050613, 0.3118071999633685, 0.328816199908033, 0.3451553999911994, 0.3617029999149963, 0.3785941998939961, 0.39511669997591525, 0.4120136999990791]	187.0	311.0	0.5	19b
279	8	go_nogo	0	60	3	go	click	[68.0, 68.0, 71.0, 79.0, 100.0, 119.0, 133.0, 149.0, 158.0, 163.0, 166.0, 166.0, 166.0, 166.0, 166.0, 166.0, 166.0, 166.0, 172.0, 177.0, 179.0]	[-165.0, -165.0, -103.0, 37.0, 140.0, 202.0, 237.0, 277.0, 298.0, 312.0, 315.0, 315.0, 315.0, 315.0, 315.0, 315.0, 315.0, 315.0, 318.0, 319.0, 319.0]	[0, 0, 0, 0, 0, 0, 0, 0, 0, 0, 0, 0, 0, 0, 0, 0, 0, 0, 0, 0, 1]	[0, 0, 0, 0, 0, 0, 0, 0, 0, 0, 0, 0, 0, 0, 0, 0, 0, 0, 0, 0, 0]	[0, 0, 0, 0, 0, 0, 0, 0, 0, 0, 0, 0, 0, 0, 0, 0, 0, 0, 0, 0, 0]	[0.0002125999890267849, 0.00942010001745075, 0.02620950003620237, 0.042617600061930716, 0.05920929997228086, 0.0759960999712348, 0.09265330003108829, 0.1092579000396654, 0.12657900003250688, 0.1426408999832347, 0.1591645999578759, 0.1760188000043854, 0.19240189995616674, 0.2092055999673903, 0.22566630004439503, 0.242399699985981, 0.25914280000142753, 0.27626419998705387, 0.2927853000583127, 0.30961909994948655, 0.3260311000049114]	179.0	319.0	0.7	19b
280	8	go_nogo	0	60	4	go	click	[23.0, 34.0, 49.0, 78.0, 104.0, 132.0, 155.0, 177.0, 189.0, 200.0, 203.0, 207.0, 208.0, 208.0, 208.0, 209.0, 209.0, 209.0, 209.0, 209.0]	[-271.0, -238.0, -192.0, -113.0, -38.0, 52.0, 152.0, 223.0, 259.0, 291.0, 300.0, 308.0, 312.0, 314.0, 314.0, 315.0, 318.0, 322.0, 323.0, 323.0]	[0, 0, 0, 0, 0, 0, 0, 0, 0, 0, 0, 0, 0, 0, 0, 0, 0, 0, 0, 1]	[0, 0, 0, 0, 0, 0, 0, 0, 0, 0, 0, 0, 0, 0, 0, 0, 0, 0, 0, 0]	[0, 0, 0, 0, 0, 0, 0, 0, 0, 0, 0, 0, 0, 0, 0, 0, 0, 0, 0, 0]	[8.210004307329655e-05, 0.009758300031535327, 0.026466200011782348, 0.04299149999860674, 0.059922700049355626, 0.07682309998199344, 0.09315730002708733, 0.1098854000447318, 0.12661719997413456, 0.14296880003530532, 0.15987710002809763, 0.17641730001196265, 0.19311470002867281, 0.2095471000066027, 0.22634709998965263, 0.24294519994873554, 0.2594405000563711, 0.27622590004466474, 0.29283479996956885, 0.3099983000429347]	209.0	323.0	0.5	19b
281	8	go_nogo	0	60	8	go	click	[40.0, 40.0, 112.0, 170.0, 200.0, 215.0, 228.0, 234.0, 237.0, 242.0, 245.0, 246.0, 248.0, 248.0, 248.0, 246.0, 242.0, 237.0, 233.0, 232.0, 232.0, 232.0, 232.0]	[-283.0, -283.0, -155.0, -25.0, 47.0, 93.0, 139.0, 175.0, 201.0, 230.0, 247.0, 264.0, 284.0, 302.0, 315.0, 323.0, 329.0, 335.0, 338.0, 339.0, 339.0, 339.0, 339.0]	[0, 0, 0, 0, 0, 0, 0, 0, 0, 0, 0, 0, 0, 0, 0, 0, 0, 0, 0, 0, 0, 0, 1]	[0, 0, 0, 0, 0, 0, 0, 0, 0, 0, 0, 0, 0, 0, 0, 0, 0, 0, 0, 0, 0, 0, 0]	[0, 0, 0, 0, 0, 0, 0, 0, 0, 0, 0, 0, 0, 0, 0, 0, 0, 0, 0, 0, 0, 0, 0]	[8.240004535764456e-05, 0.011591400019824505, 0.028310699970461428, 0.045021999976597726, 0.06145859998650849, 0.0783427000278607, 0.09491770004387945, 0.11166689998935908, 0.12845389998983592, 0.14501199999358505, 0.16212980006821454, 0.17855940002482384, 0.1948856000090018, 0.21144390001427382, 0.22812029998749495, 0.2449323000619188, 0.2616255000466481, 0.2785874999826774, 0.2951681000413373, 0.31141480000223964, 0.32815419998951256, 0.34469940001145005, 0.3619087999686599]	232.0	339.0	0.9	19b
282	8	go_nogo	0	60	8	go	click	[22.0, 22.0, 32.0, 41.0, 51.0, 66.0, 90.0, 98.0, 106.0, 116.0, 123.0, 129.0, 135.0, 140.0, 146.0, 154.0, 167.0, 183.0, 196.0, 199.0, 200.0, 200.0, 200.0, 200.0]	[-298.0, -298.0, -267.0, -225.0, -158.0, -64.0, 18.0, 46.0, 73.0, 106.0, 141.0, 177.0, 202.0, 219.0, 233.0, 252.0, 280.0, 305.0, 318.0, 321.0, 321.0, 321.0, 321.0, 321.0]	[0, 0, 0, 0, 0, 0, 0, 0, 0, 0, 0, 0, 0, 0, 0, 0, 0, 0, 0, 0, 0, 0, 0, 1]	[0, 0, 0, 0, 0, 0, 0, 0, 0, 0, 0, 0, 0, 0, 0, 0, 0, 0, 0, 0, 0, 0, 0, 0]	[0, 0, 0, 0, 0, 0, 0, 0, 0, 0, 0, 0, 0, 0, 0, 0, 0, 0, 0, 0, 0, 0, 0, 0]	[0.00010720000136643648, 0.013017399935051799, 0.02953579998575151, 0.0461543999845162, 0.06297299999278039, 0.07959569990634918, 0.0962305999128148, 0.11313229997176677, 0.12987729988526553, 0.14668139989953488, 0.16296019998844713, 0.17959839990362525, 0.19631739996839315, 0.21273189992643893, 0.22969309997279197, 0.24616049998439848, 0.26287379988934845, 0.2797075998969376, 0.29626199998892844, 0.31276399991475046, 0.32940399996005, 0.34613309998530895, 0.36276639997959137, 0.3795720998896286]	200.0	321.0	0.6	19b
283	8	go_nogo	0	60	6	go	click	[53.0, 53.0, 64.0, 80.0, 98.0, 115.0, 127.0, 137.0, 146.0, 151.0, 154.0, 155.0, 159.0, 163.0, 166.0, 167.0, 168.0, 169.0, 171.0, 177.0, 182.0, 184.0, 184.0]	[-162.0, -162.0, -102.0, 12.0, 89.0, 136.0, 169.0, 198.0, 217.0, 227.0, 233.0, 235.0, 243.0, 256.0, 264.0, 266.0, 268.0, 271.0, 277.0, 295.0, 304.0, 310.0, 310.0]	[0, 0, 0, 0, 0, 0, 0, 0, 0, 0, 0, 0, 0, 0, 0, 0, 0, 0, 0, 0, 0, 0, 1]	[0, 0, 0, 0, 0, 0, 0, 0, 0, 0, 0, 0, 0, 0, 0, 0, 0, 0, 0, 0, 0, 0, 0]	[0, 0, 0, 0, 0, 0, 0, 0, 0, 0, 0, 0, 0, 0, 0, 0, 0, 0, 0, 0, 0, 0, 0]	[0.0001873000292107463, 0.009189300006255507, 0.025856700027361512, 0.04269939998630434, 0.05918089998885989, 0.07599350006785244, 0.09247290005441755, 0.1092278000432998, 0.12594210007227957, 0.1426793000428006, 0.15963540005031973, 0.17609940003603697, 0.1926583000458777, 0.20928040007129312, 0.22573060006834567, 0.2425505000865087, 0.25915470009204, 0.27596820006147027, 0.29365400003734976, 0.30915680003818125, 0.3257666000863537, 0.3423880999907851, 0.3591725000878796]	184.0	310.0	0.8	19b
284	8	go_nogo	0	60	4	go	click	[58.0, 58.0, 86.0, 143.0, 190.0, 217.0, 234.0, 237.0, 240.0, 241.0, 241.0, 242.0, 242.0, 242.0, 244.0, 244.0, 244.0, 244.0, 244.0, 244.0, 244.0, 242.0, 235.0, 225.0, 220.0]	[-171.0, -171.0, -116.0, -12.0, 82.0, 147.0, 200.0, 224.0, 243.0, 254.0, 263.0, 269.0, 276.0, 282.0, 285.0, 286.0, 286.0, 286.0, 286.0, 286.0, 287.0, 288.0, 292.0, 297.0, 301.0]	[0, 0, 0, 0, 0, 0, 0, 0, 0, 0, 0, 0, 0, 0, 0, 0, 0, 0, 0, 0, 0, 0, 0, 0, 1]	[0, 0, 0, 0, 0, 0, 0, 0, 0, 0, 0, 0, 0, 0, 0, 0, 0, 0, 0, 0, 0, 0, 0, 0, 0]	[0, 0, 0, 0, 0, 0, 0, 0, 0, 0, 0, 0, 0, 0, 0, 0, 0, 0, 0, 0, 0, 0, 0, 0, 0]	[0.00018740002997219563, 0.01082620001398027, 0.027551100007258356, 0.04422749998047948, 0.061081200023181736, 0.07752819999586791, 0.09413910005241632, 0.1114349999697879, 0.12757430004421622, 0.14414820005185902, 0.1608375000068918, 0.17749629996251315, 0.19420859997626394, 0.21084509999491274, 0.2273367999587208, 0.24378639995120466, 0.26052330003585666, 0.27730760001577437, 0.293774800025858, 0.3105790000408888, 0.3270740000298247, 0.34408369997981936, 0.3605956999817863, 0.37739409995265305, 0.39429239998571575]	220.0	301.0	0.9	19b
285	8	go_nogo	0	60	1	nogo	none	[54.0, 54.0, 68.0, 115.0, 134.0, 146.0, 154.0, 162.0, 170.0, 176.0, 179.0, 179.0, 180.0, 181.0, 182.0, 182.0, 182.0, 182.0, 182.0, 182.0, 182.0, 182.0, 182.0, 182.0, 182.0, 182.0, 182.0, 182.0, 182.0, 182.0, 182.0, 182.0, 182.0, 182.0, 182.0, 182.0, 182.0, 182.0, 182.0, 182.0, 182.0, 182.0, 182.0, 182.0, 182.0, 182.0, 182.0, 182.0, 182.0, 182.0, 182.0, 182.0, 182.0, 182.0, 182.0, 182.0, 182.0]	[-233.0, -233.0, -169.0, 17.0, 101.0, 153.0, 190.0, 224.0, 257.0, 276.0, 283.0, 284.0, 288.0, 292.0, 294.0, 294.0, 294.0, 294.0, 294.0, 294.0, 294.0, 294.0, 294.0, 294.0, 294.0, 294.0, 294.0, 294.0, 294.0, 294.0, 294.0, 294.0, 294.0, 294.0, 294.0, 294.0, 294.0, 294.0, 294.0, 294.0, 294.0, 294.0, 294.0, 294.0, 294.0, 294.0, 294.0, 294.0, 294.0, 294.0, 294.0, 294.0, 294.0, 294.0, 294.0, 294.0, 294.0]	[0, 0, 0, 0, 0, 0, 0, 0, 0, 0, 0, 0, 0, 0, 0, 0, 0, 0, 0, 0, 0, 0, 0, 0, 0, 0, 0, 0, 0, 0, 0, 0, 0, 0, 0, 0, 0, 0, 0, 0, 0, 0, 0, 0, 0, 0, 0, 0, 0, 0, 0, 0, 0, 0, 0, 0, 0]	[0, 0, 0, 0, 0, 0, 0, 0, 0, 0, 0, 0, 0, 0, 0, 0, 0, 0, 0, 0, 0, 0, 0, 0, 0, 0, 0, 0, 0, 0, 0, 0, 0, 0, 0, 0, 0, 0, 0, 0, 0, 0, 0, 0, 0, 0, 0, 0, 0, 0, 0, 0, 0, 0, 0, 0, 0]	[0, 0, 0, 0, 0, 0, 0, 0, 0, 0, 0, 0, 0, 0, 0, 0, 0, 0, 0, 0, 0, 0, 0, 0, 0, 0, 0, 0, 0, 0, 0, 0, 0, 0, 0, 0, 0, 0, 0, 0, 0, 0, 0, 0, 0, 0, 0, 0, 0, 0, 0, 0, 0, 0, 0, 0, 0]	[0.0001911000581458211, 0.010804499965161085, 0.028001900063827634, 0.04426650004461408, 0.06121539999730885, 0.07762860006187111, 0.09425059997010976, 0.11105269996915013, 0.1275482999626547, 0.1442284999648109, 0.16085930005647242, 0.17760509997606277, 0.19404269999358803, 0.21079469996038824, 0.22731270000804216, 0.24400920001789927, 0.26052690006326884, 0.27713299996685237, 0.2937672999687493, 0.3104936999734491, 0.3271826000418514, 0.3438921000342816, 0.3603209999855608, 0.3771368999732658, 0.394031299976632, 0.4106222999980673, 0.4272748000221327, 0.44400590006262064, 0.46053879999089986, 0.47731350001413375, 0.49400329997297376, 0.5109159999992698, 0.5268726999638602, 0.5438201000215486, 0.5605615000240505, 0.5772144000511616, 0.5938621000386775, 0.6106996999587864, 0.627141600009054, 0.6436729000415653, 0.6604623000603169, 0.6771294999634847, 0.6937168999575078, 0.7105256000068039, 0.7277218999806792, 0.7437467999989167, 0.7605708000482991, 0.7772859999677166, 0.7939493999583647, 0.810489600058645, 0.8271647000219673, 0.84384880005382, 0.8605636999709532, 0.877226599957794, 0.893807900021784, 0.9105305999983102, 0.9270875999936834]	n/a	n/a	0.6	19b
286	8	go_nogo	0	60	6	go	click	[25.0, 25.0, 32.0, 42.0, 55.0, 65.0, 76.0, 85.0, 94.0, 99.0, 104.0, 108.0, 113.0, 119.0, 125.0, 127.0, 128.0, 128.0, 130.0, 131.0, 134.0, 140.0, 152.0, 159.0, 165.0, 169.0, 170.0, 170.0]	[-232.0, -232.0, -136.0, -47.0, 24.0, 62.0, 90.0, 107.0, 123.0, 133.0, 146.0, 154.0, 168.0, 183.0, 199.0, 204.0, 207.0, 207.0, 209.0, 213.0, 223.0, 236.0, 257.0, 267.0, 276.0, 280.0, 280.0, 280.0]	[0, 0, 0, 0, 0, 0, 0, 0, 0, 0, 0, 0, 0, 0, 0, 0, 0, 0, 0, 0, 0, 0, 0, 0, 0, 0, 0, 1]	[0, 0, 0, 0, 0, 0, 0, 0, 0, 0, 0, 0, 0, 0, 0, 0, 0, 0, 0, 0, 0, 0, 0, 0, 0, 0, 0, 0]	[0, 0, 0, 0, 0, 0, 0, 0, 0, 0, 0, 0, 0, 0, 0, 0, 0, 0, 0, 0, 0, 0, 0, 0, 0, 0, 0, 0]	[7.619999814778566e-05, 0.012357599916867912, 0.028669299907051027, 0.045256600016728044, 0.06202309997752309, 0.07874729996547103, 0.09547960001509637, 0.11221980000846088, 0.12869969999883324, 0.14538200001697987, 0.16200569993816316, 0.17905659996904433, 0.1959694999968633, 0.2120652999728918, 0.228666799957864, 0.24522289994638413, 0.261943299905397, 0.278680199990049, 0.295344699989073, 0.31182850000914186, 0.3285977999912575, 0.34527079993858933, 0.3626192999072373, 0.3791878999909386, 0.39527219999581575, 0.4121373000089079, 0.42853379994630814, 0.44528619991615415]	170.0	280.0	0.7	19b
287	8	go_nogo	0	60	2	go	click	[17.0, 17.0, 29.0, 37.0, 52.0, 69.0, 92.0, 112.0, 126.0, 132.0, 136.0, 136.0, 137.0, 138.0, 138.0, 138.0, 138.0, 138.0, 138.0, 138.0, 138.0, 140.0, 140.0, 141.0, 141.0, 141.0, 141.0, 141.0, 141.0, 139.0, 139.0, 139.0, 139.0, 139.0, 139.0, 142.0, 143.0, 143.0, 143.0, 146.0, 152.0, 158.0, 162.0, 163.0, 163.0, 163.0, 163.0]	[-261.0, -261.0, -201.0, -144.0, -83.0, -18.0, 52.0, 108.0, 147.0, 168.0, 177.0, 180.0, 183.0, 189.0, 190.0, 191.0, 192.0, 200.0, 216.0, 240.0, 256.0, 263.0, 264.0, 265.0, 265.0, 265.0, 265.0, 265.0, 268.0, 273.0, 276.0, 276.0, 276.0, 276.0, 276.0, 276.0, 276.0, 276.0, 276.0, 276.0, 277.0, 282.0, 284.0, 284.0, 284.0, 285.0, 285.0]	[0, 0, 0, 0, 0, 0, 0, 0, 0, 0, 0, 0, 0, 0, 0, 0, 0, 0, 0, 0, 0, 0, 0, 0, 0, 1, 1, 1, 0, 0, 0, 0, 0, 0, 0, 0, 0, 0, 0, 0, 0, 0, 0, 0, 0, 0, 1]	[0, 0, 0, 0, 0, 0, 0, 0, 0, 0, 0, 0, 0, 0, 0, 0, 0, 0, 0, 0, 0, 0, 0, 0, 0, 0, 0, 0, 0, 0, 0, 0, 0, 0, 0, 0, 0, 0, 0, 0, 0, 0, 0, 0, 0, 0, 0]	[0, 0, 0, 0, 0, 0, 0, 0, 0, 0, 0, 0, 0, 0, 0, 0, 0, 0, 0, 0, 0, 0, 0, 0, 0, 0, 0, 0, 0, 0, 0, 0, 0, 0, 0, 0, 0, 0, 0, 0, 0, 0, 0, 0, 0, 0, 0]	[0.0002090999623760581, 0.011700899922288954, 0.028195699909701943, 0.04442629998084158, 0.06124169996473938, 0.07781219994649291, 0.09440119995269924, 0.11134699999820441, 0.12786949996370822, 0.14457639993634075, 0.16132449998985976, 0.17788289999589324, 0.194415699923411, 0.21125699998810887, 0.2278831999283284, 0.24445939995348454, 0.26112259994260967, 0.278002499951981, 0.2945539999054745, 0.311086899950169, 0.32778199994936585, 0.344450099975802, 0.36116479989141226, 0.37753149995114654, 0.39422329992521554, 0.4108966999920085, 0.4274729999015108, 0.44443949998822063, 0.46106649993453175, 0.4777062999783084, 0.49419719993602484, 0.5108788999496028, 0.527536099893041, 0.5440875999629498, 0.5610973999137059, 0.5776539999060333, 0.5941585999680683, 0.6107019999762997, 0.6277967999922112, 0.6444790998939425, 0.6610206998884678, 0.6777256999630481, 0.6943261999404058, 0.710869999951683, 0.7276185998925939, 0.7440601999405771, 0.7611064999364316]	163.0	285.0	0.9	19b
288	8	go_nogo	0	60	9	nogo	none	[13.0, 21.0, 32.0, 46.0, 58.0, 67.0, 83.0, 96.0, 106.0, 112.0, 125.0, 130.0, 138.0, 140.0, 142.0, 148.0, 152.0, 157.0, 163.0, 171.0, 173.0, 176.0, 177.0, 178.0, 178.0, 178.0, 178.0, 178.0, 178.0, 178.0, 178.0, 178.0, 178.0, 178.0, 178.0, 178.0, 178.0, 178.0, 178.0, 178.0, 178.0, 178.0, 178.0, 178.0, 178.0, 178.0, 178.0, 178.0, 178.0, 178.0, 178.0, 178.0, 178.0, 178.0, 178.0, 178.0, 178.0, 178.0, 178.0, 178.0, 175.0, 171.0, 165.0, 161.0, 155.0, 148.0, 142.0, 138.0, 135.0, 131.0, 130.0, 124.0, 119.0, 117.0, 117.0, 117.0, 116.0, 115.0, 114.0, 113.0, 113.0, 112.0, 112.0, 112.0, 112.0, 112.0, 112.0, 112.0, 112.0, 112.0, 112.0, 112.0]	[-284.0, -265.0, -243.0, -201.0, -162.0, -109.0, -41.0, 11.0, 37.0, 54.0, 86.0, 97.0, 117.0, 125.0, 132.0, 147.0, 166.0, 193.0, 219.0, 239.0, 250.0, 259.0, 269.0, 281.0, 299.0, 299.0, 299.0, 299.0, 299.0, 299.0, 299.0, 299.0, 299.0, 299.0, 299.0, 299.0, 299.0, 299.0, 299.0, 299.0, 299.0, 299.0, 299.0, 299.0, 299.0, 299.0, 299.0, 299.0, 299.0, 299.0, 299.0, 299.0, 299.0, 299.0, 299.0, 299.0, 299.0, 299.0, 299.0, 299.0, 283.0, 264.0, 233.0, 184.0, 111.0, 35.0, -30.0, -78.0, -118.0, -156.0, -197.0, -246.0, -335.0, -369.0, -385.0, -393.0, -396.0, -401.0, -404.0, -406.0, -406.0, -406.0, -406.0, -406.0, -406.0, -406.0, -406.0, -406.0, -406.0, -406.0, -406.0, -406.0]	[0, 0, 0, 0, 0, 0, 0, 0, 0, 0, 0, 0, 0, 0, 0, 0, 0, 0, 0, 0, 0, 0, 0, 0, 0, 0, 0, 0, 0, 0, 0, 0, 0, 0, 0, 0, 0, 0, 0, 0, 0, 0, 0, 0, 0, 0, 0, 0, 0, 0, 0, 0, 0, 0, 0, 0, 0, 0, 0, 0, 0, 0, 0, 0, 0, 0, 0, 0, 0, 0, 0, 0, 0, 0, 0, 0, 0, 0, 0, 0, 0, 0, 0, 0, 0, 0, 0, 0, 0, 0, 0, 0]	[0, 0, 0, 0, 0, 0, 0, 0, 0, 0, 0, 0, 0, 0, 0, 0, 0, 0, 0, 0, 0, 0, 0, 0, 0, 0, 0, 0, 0, 0, 0, 0, 0, 0, 0, 0, 0, 0, 0, 0, 0, 0, 0, 0, 0, 0, 0, 0, 0, 0, 0, 0, 0, 0, 0, 0, 0, 0, 0, 0, 0, 0, 0, 0, 0, 0, 0, 0, 0, 0, 0, 0, 0, 0, 0, 0, 0, 0, 0, 0, 0, 0, 0, 0, 0, 0, 0, 0, 0, 0, 0, 0]	[0, 0, 0, 0, 0, 0, 0, 0, 0, 0, 0, 0, 0, 0, 0, 0, 0, 0, 0, 0, 0, 0, 0, 0, 0, 0, 0, 0, 0, 0, 0, 0, 0, 0, 0, 0, 0, 0, 0, 0, 0, 0, 0, 0, 0, 0, 0, 0, 0, 0, 0, 0, 0, 0, 0, 0, 0, 0, 0, 0, 0, 0, 0, 0, 0, 0, 0, 0, 0, 0, 0, 0, 0, 0, 0, 0, 0, 0, 0, 0, 0, 0, 0, 0, 0, 0, 0, 0, 0, 0, 0, 0]	[0.00020410004071891308, 0.010004500043578446, 0.027219100040383637, 0.04345590004231781, 0.05996660003438592, 0.07672690006438643, 0.09325160004664212, 0.10999530006665736, 0.12675230007153004, 0.14386509999167174, 0.15989730006549507, 0.1768900000024587, 0.19378410000354052, 0.21019680006429553, 0.22707080002874136, 0.24309670005459338, 0.25968190003186464, 0.2764939999906346, 0.2932843000162393, 0.30986700009088963, 0.32645030005369335, 0.34335410001222044, 0.35984040005132556, 0.37625000008847564, 0.3927504000021145, 0.4095314000733197, 0.42625730007421225, 0.4428305000765249, 0.45972380007151514, 0.4761271000606939, 0.4929178000893444, 0.5096183000132442, 0.5261431999970227, 0.5428369999863207, 0.5596506000729278, 0.5762925000162795, 0.5927628000499681, 0.6093664000509307, 0.626100099994801, 0.6431383000453934, 0.6596238000784069, 0.6760752000845969, 0.6929514000657946, 0.7094231999944896, 0.7260571999941021, 0.742943000048399, 0.7596582000842318, 0.776196000049822, 0.7926876000128686, 0.8094631000421941, 0.8259061999851838, 0.8425891000078991, 0.859355500084348, 0.8758628000505269, 0.8927326999837533, 0.9091904000379145, 0.9259556999895722, 0.9424698000075296, 0.9592644000658765, 0.9762955000624061, 0.9927584000397474, 1.009576000040397, 1.0262308000819758, 1.042793000000529, 1.0594156000297517, 1.0762596999993548, 1.0927906000288203, 1.109413400059566, 1.1261074000503868, 1.1428545999806374, 1.1594906999962404, 1.1762732000788674, 1.1928098000353202, 1.2093151999870315, 1.2261140000773594, 1.242888499982655, 1.259344800026156, 1.2761934000300243, 1.2930187000893056, 1.3093491999898106, 1.3264161000261083, 1.3427078999811783, 1.3595314000267535, 1.3761822000378743, 1.3924002000130713, 1.40936629998032, 1.4259025000501424, 1.4426439000526443, 1.4593057000311092, 1.4758207000559196, 1.4925426000263542, 1.5093158000381663]	n/a	n/a	0.9	19b
289	8	go_nogo	0	60	2	go	click	[41.0, 41.0, 46.0, 63.0, 81.0, 113.0, 138.0, 164.0, 178.0, 185.0, 187.0, 189.0, 190.0, 190.0, 190.0, 190.0, 192.0, 194.0, 197.0, 199.0, 200.0, 200.0, 200.0, 200.0, 200.0]	[-260.0, -260.0, -239.0, -193.0, -139.0, -46.0, 25.0, 96.0, 142.0, 169.0, 186.0, 197.0, 204.0, 206.0, 206.0, 206.0, 217.0, 230.0, 247.0, 268.0, 282.0, 293.0, 297.0, 300.0, 300.0]	[0, 0, 0, 0, 0, 0, 0, 0, 0, 0, 0, 0, 0, 0, 0, 0, 0, 0, 0, 0, 0, 0, 0, 0, 1]	[0, 0, 0, 0, 0, 0, 0, 0, 0, 0, 0, 0, 0, 0, 0, 0, 0, 0, 0, 0, 0, 0, 0, 0, 0]	[0, 0, 0, 0, 0, 0, 0, 0, 0, 0, 0, 0, 0, 0, 0, 0, 0, 0, 0, 0, 0, 0, 0, 0, 0]	[0.00019859999883919954, 0.011446099961176515, 0.028068099985830486, 0.04460489994380623, 0.06143419991713017, 0.0783471999457106, 0.0952263999497518, 0.11192960001062602, 0.12819029996171594, 0.1450360999442637, 0.16135189996566623, 0.1781916000181809, 0.19471720000728965, 0.21112180000636727, 0.22776289994362742, 0.244918099953793, 0.2613786000292748, 0.2781350000295788, 0.294935500016436, 0.31139709998387843, 0.3281110000098124, 0.344844099949114, 0.3614325999515131, 0.3781718999380246, 0.3948932000203058]	200.0	300.0	0.5	19b
290	8	go_nogo	0	60	3	go	click	[40.0, 40.0, 53.0, 79.0, 103.0, 123.0, 145.0, 157.0, 163.0, 166.0, 169.0, 170.0, 170.0, 168.0, 168.0, 167.0, 167.0, 167.0, 168.0, 168.0, 168.0]	[-237.0, -237.0, -188.0, -83.0, -5.0, 65.0, 146.0, 183.0, 208.0, 223.0, 234.0, 240.0, 245.0, 251.0, 258.0, 262.0, 271.0, 279.0, 285.0, 286.0, 286.0]	[0, 0, 0, 0, 0, 0, 0, 0, 0, 0, 0, 0, 0, 0, 0, 0, 0, 0, 0, 0, 1]	[0, 0, 0, 0, 0, 0, 0, 0, 0, 0, 0, 0, 0, 0, 0, 0, 0, 0, 0, 0, 0]	[0, 0, 0, 0, 0, 0, 0, 0, 0, 0, 0, 0, 0, 0, 0, 0, 0, 0, 0, 0, 0]	[0.000224800081923604, 0.011803800007328391, 0.0286027000984177, 0.04519540001638234, 0.061702500097453594, 0.0787207999965176, 0.0954274000832811, 0.11181460006628186, 0.12854569999035448, 0.1450212000636384, 0.16169580002315342, 0.1783422000007704, 0.19498950010165572, 0.2117197000188753, 0.2283395000267774, 0.24536110006738454, 0.26171370001975447, 0.2783888000994921, 0.29502530000172555, 0.3112539000576362, 0.3284649000270292]	168.0	286.0	1.0	19b
291	8	go_nogo	0	60	3	go	click	[43.0, 43.0, 56.0, 103.0, 131.0, 152.0, 164.0, 171.0, 181.0, 190.0, 196.0, 198.0, 202.0, 206.0, 209.0, 210.0, 212.0, 212.0, 213.0, 213.0, 213.0, 213.0]	[-262.0, -262.0, -217.0, -65.0, 29.0, 110.0, 149.0, 180.0, 209.0, 228.0, 240.0, 246.0, 252.0, 264.0, 272.0, 275.0, 278.0, 283.0, 290.0, 296.0, 298.0, 298.0]	[0, 0, 0, 0, 0, 0, 0, 0, 0, 0, 0, 0, 0, 0, 0, 0, 0, 0, 0, 0, 0, 1]	[0, 0, 0, 0, 0, 0, 0, 0, 0, 0, 0, 0, 0, 0, 0, 0, 0, 0, 0, 0, 0, 0]	[0, 0, 0, 0, 0, 0, 0, 0, 0, 0, 0, 0, 0, 0, 0, 0, 0, 0, 0, 0, 0, 0]	[0.0003733999328687787, 0.012026999960653484, 0.028733299928717315, 0.04571219999343157, 0.06189409992657602, 0.07909249991644174, 0.09587039996404201, 0.11184040002990514, 0.12844579992815852, 0.14525329996831715, 0.1612506000092253, 0.17846470000222325, 0.19522769993636757, 0.21189709997270256, 0.2284432000014931, 0.24499989999458194, 0.26211090001743287, 0.2783420999767259, 0.29520419996697456, 0.31187299999874085, 0.32845929998438805, 0.34537060000002384]	213.0	298.0	0.5	19b
292	8	go_nogo	0	60	3	go	click	[40.0, 40.0, 58.0, 104.0, 121.0, 132.0, 142.0, 148.0, 154.0, 159.0, 163.0, 169.0, 179.0, 186.0, 190.0, 192.0, 194.0, 197.0, 202.0, 207.0, 208.0, 208.0]	[-214.0, -214.0, -171.0, -28.0, 37.0, 80.0, 113.0, 135.0, 153.0, 168.0, 181.0, 195.0, 225.0, 241.0, 246.0, 250.0, 255.0, 267.0, 282.0, 294.0, 297.0, 297.0]	[0, 0, 0, 0, 0, 0, 0, 0, 0, 0, 0, 0, 0, 0, 0, 0, 0, 0, 0, 0, 0, 1]	[0, 0, 0, 0, 0, 0, 0, 0, 0, 0, 0, 0, 0, 0, 0, 0, 0, 0, 0, 0, 0, 0]	[0, 0, 0, 0, 0, 0, 0, 0, 0, 0, 0, 0, 0, 0, 0, 0, 0, 0, 0, 0, 0, 0]	[0.00023030000738799572, 0.012387300026603043, 0.02926610002759844, 0.04597370000556111, 0.062282699975185096, 0.07910440000705421, 0.09599319996777922, 0.11251370003446937, 0.12919290002901107, 0.14578459993936121, 0.16268930002115667, 0.17916079994756728, 0.19578069995623082, 0.21250689995940775, 0.22914559999480844, 0.24582599999848753, 0.26269490004051477, 0.27910129993688315, 0.29569729999639094, 0.3124142999295145, 0.32874369993805885, 0.34581640001852065]	208.0	297.0	0.9	19b
293	8	go_nogo	0	60	6	go	click	[27.0, 27.0, 46.0, 95.0, 128.0, 149.0, 161.0, 169.0, 170.0, 173.0, 176.0, 177.0, 178.0, 178.0, 178.0, 178.0, 178.0, 178.0, 178.0, 178.0, 178.0, 178.0, 178.0, 184.0, 187.0, 187.0, 188.0, 189.0, 190.0]	[-253.0, -253.0, -192.0, -18.0, 154.0, 308.0, 402.0, 456.0, 492.0, 516.0, 534.0, 539.0, 540.0, 540.0, 540.0, 540.0, 540.0, 540.0, 537.0, 516.0, 476.0, 436.0, 402.0, 360.0, 341.0, 331.0, 327.0, 325.0, 325.0]	[0, 0, 0, 0, 0, 0, 0, 0, 0, 0, 0, 0, 0, 0, 0, 0, 0, 0, 0, 0, 0, 0, 0, 0, 0, 0, 0, 0, 1]	[0, 0, 0, 0, 0, 0, 0, 0, 0, 0, 0, 0, 0, 0, 0, 0, 0, 0, 0, 0, 0, 0, 0, 0, 0, 0, 0, 0, 0]	[0, 0, 0, 0, 0, 0, 0, 0, 0, 0, 0, 0, 0, 0, 0, 0, 0, 0, 0, 0, 0, 0, 0, 0, 0, 0, 0, 0, 0]	[0.00021970004308968782, 0.009029800072312355, 0.025810100021772087, 0.042552400031127036, 0.05888790008611977, 0.07581820001360029, 0.09243730001617223, 0.10923629999160767, 0.12580440007150173, 0.14250970003195107, 0.1591861000051722, 0.17576840007677674, 0.1924339000834152, 0.20918230002280325, 0.22573140007443726, 0.24216930009424686, 0.2589553000871092, 0.2758210999891162, 0.2922972000669688, 0.30892710003536195, 0.32575240009464324, 0.34233830007724464, 0.35890130000188947, 0.37576279998756945, 0.39286740007810295, 0.4096248000860214, 0.4258379000239074, 0.4425510000437498, 0.45915180002339184]	190.0	325.0	0.9	19b
294	8	go_nogo	0	60	8	go	click	[46.0, 46.0, 62.0, 93.0, 112.0, 137.0, 147.0, 161.0, 170.0, 174.0, 175.0, 176.0, 176.0, 176.0, 176.0, 176.0, 176.0, 176.0, 176.0, 176.0, 176.0, 176.0]	[-256.0, -256.0, -211.0, -113.0, -25.0, 84.0, 146.0, 203.0, 233.0, 249.0, 254.0, 256.0, 256.0, 257.0, 257.0, 257.0, 257.0, 257.0, 257.0, 257.0, 257.0, 257.0]	[0, 0, 0, 0, 0, 0, 0, 0, 0, 0, 0, 0, 0, 0, 0, 0, 0, 0, 0, 0, 0, 1]	[0, 0, 0, 0, 0, 0, 0, 0, 0, 0, 0, 0, 0, 0, 0, 0, 0, 0, 0, 0, 0, 0]	[0, 0, 0, 0, 0, 0, 0, 0, 0, 0, 0, 0, 0, 0, 0, 0, 0, 0, 0, 0, 0, 0]	[0.00020070001482963562, 0.010632700053974986, 0.027222500066272914, 0.043718800065107644, 0.060429700068198144, 0.07707280002068728, 0.09416390000842512, 0.11029710003640503, 0.12694470002315938, 0.1439223000779748, 0.16048390010837466, 0.1768164000241086, 0.19379720010329038, 0.2102453000843525, 0.22669740009587258, 0.24346400005742908, 0.2601782000856474, 0.2770780000137165, 0.2935238000936806, 0.310195800033398, 0.32673690002411604, 0.34365860000252724]	176.0	257.0	0.5	19b
295	8	go_nogo	0	60	4	go	click	[55.0, 55.0, 94.0, 127.0, 148.0, 160.0, 168.0, 174.0, 176.0, 178.0, 179.0, 181.0, 182.0, 183.0, 183.0, 183.0, 184.0, 185.0, 187.0, 188.0, 191.0, 193.0, 194.0, 194.0, 194.0]	[-184.0, -184.0, -57.0, 38.0, 97.0, 132.0, 157.0, 174.0, 181.0, 185.0, 190.0, 197.0, 201.0, 202.0, 202.0, 204.0, 209.0, 221.0, 249.0, 278.0, 300.0, 309.0, 313.0, 313.0, 313.0]	[0, 0, 0, 0, 0, 0, 0, 0, 0, 0, 0, 0, 0, 0, 0, 0, 0, 0, 0, 0, 0, 0, 0, 0, 1]	[0, 0, 0, 0, 0, 0, 0, 0, 0, 0, 0, 0, 0, 0, 0, 0, 0, 0, 0, 0, 0, 0, 0, 0, 0]	[0, 0, 0, 0, 0, 0, 0, 0, 0, 0, 0, 0, 0, 0, 0, 0, 0, 0, 0, 0, 0, 0, 0, 0, 0]	[0.0001897999318316579, 0.011829499970190227, 0.02804090001154691, 0.04449290002230555, 0.06129569991026074, 0.07814559992402792, 0.09495840000454336, 0.11150080000516027, 0.1280027999309823, 0.1447144999401644, 0.16141509998124093, 0.17798499995842576, 0.1946489999536425, 0.2110433999914676, 0.22809579991735518, 0.24481639999430627, 0.261238900013268, 0.27781210001558065, 0.2947117999428883, 0.3111852000001818, 0.3278942999895662, 0.34458639996591955, 0.36096049996558577, 0.37756299995817244, 0.3949756999500096]	194.0	313.0	0.9	19b
296	8	go_nogo	0	60	6	go	click	[29.0, 29.0, 46.0, 112.0, 148.0, 162.0, 170.0, 173.0, 178.0, 181.0, 185.0, 186.0, 187.0, 188.0, 188.0, 188.0, 188.0, 188.0, 188.0]	[-250.0, -250.0, -189.0, 23.0, 111.0, 152.0, 185.0, 217.0, 247.0, 268.0, 278.0, 284.0, 288.0, 291.0, 291.0, 291.0, 291.0, 291.0, 291.0]	[0, 0, 0, 0, 0, 0, 0, 0, 0, 0, 0, 0, 0, 0, 0, 0, 0, 0, 1]	[0, 0, 0, 0, 0, 0, 0, 0, 0, 0, 0, 0, 0, 0, 0, 0, 0, 0, 0]	[0, 0, 0, 0, 0, 0, 0, 0, 0, 0, 0, 0, 0, 0, 0, 0, 0, 0, 0]	[0.00021470000501722097, 0.01100389997009188, 0.027523300028406084, 0.04406610003206879, 0.06097969994880259, 0.07750100002158433, 0.09432539995759726, 0.1109330999897793, 0.127661700011231, 0.144299800042063, 0.16104239993728697, 0.17782009998336434, 0.19419479998759925, 0.21061559999361634, 0.22747709997929633, 0.2441667999373749, 0.260793499997817, 0.27736960002221167, 0.2942884999793023]	188.0	291.0	0.6	19b
297	8	go_nogo	0	60	1	nogo	none	[77.0, 77.0, 101.0, 124.0, 135.0, 139.0, 146.0, 152.0, 154.0, 156.0, 157.0, 158.0, 163.0, 166.0, 167.0, 167.0, 167.0, 167.0, 168.0, 171.0, 173.0, 175.0, 175.0, 176.0, 176.0, 176.0, 176.0, 176.0, 176.0, 176.0, 176.0, 176.0, 176.0, 176.0, 176.0, 176.0, 176.0, 176.0, 176.0, 176.0, 176.0, 176.0, 176.0, 176.0, 176.0, 176.0, 176.0, 176.0, 176.0, 176.0, 176.0, 176.0, 176.0, 176.0, 176.0, 176.0, 176.0, 176.0, 176.0, 176.0, 176.0, 176.0, 176.0, 176.0, 176.0]	[-236.0, -236.0, -150.0, -58.0, 20.0, 76.0, 117.0, 146.0, 162.0, 169.0, 173.0, 176.0, 187.0, 199.0, 202.0, 202.0, 202.0, 202.0, 205.0, 216.0, 227.0, 232.0, 234.0, 235.0, 235.0, 235.0, 235.0, 235.0, 235.0, 235.0, 235.0, 235.0, 235.0, 235.0, 235.0, 235.0, 235.0, 235.0, 235.0, 235.0, 235.0, 235.0, 235.0, 235.0, 235.0, 235.0, 235.0, 235.0, 235.0, 235.0, 235.0, 235.0, 235.0, 235.0, 235.0, 235.0, 235.0, 235.0, 235.0, 235.0, 235.0, 235.0, 235.0, 235.0, 235.0]	[0, 0, 0, 0, 0, 0, 0, 0, 0, 0, 0, 0, 0, 0, 0, 0, 0, 0, 0, 0, 0, 0, 0, 0, 0, 0, 0, 0, 0, 0, 0, 0, 0, 0, 0, 0, 0, 0, 0, 0, 0, 0, 0, 0, 0, 0, 0, 0, 0, 0, 0, 0, 0, 0, 0, 0, 0, 0, 0, 0, 0, 0, 0, 0, 0]	[0, 0, 0, 0, 0, 0, 0, 0, 0, 0, 0, 0, 0, 0, 0, 0, 0, 0, 0, 0, 0, 0, 0, 0, 0, 0, 0, 0, 0, 0, 0, 0, 0, 0, 0, 0, 0, 0, 0, 0, 0, 0, 0, 0, 0, 0, 0, 0, 0, 0, 0, 0, 0, 0, 0, 0, 0, 0, 0, 0, 0, 0, 0, 0, 0]	[0, 0, 0, 0, 0, 0, 0, 0, 0, 0, 0, 0, 0, 0, 0, 0, 0, 0, 0, 0, 0, 0, 0, 0, 0, 0, 0, 0, 0, 0, 0, 0, 0, 0, 0, 0, 0, 0, 0, 0, 0, 0, 0, 0, 0, 0, 0, 0, 0, 0, 0, 0, 0, 0, 0, 0, 0, 0, 0, 0, 0, 0, 0, 0, 0]	[7.609999738633633e-05, 0.010947800008580089, 0.027425299980677664, 0.04404680000152439, 0.06106310000177473, 0.07762769993860275, 0.09418979997280985, 0.11099890002515167, 0.12747109995689243, 0.14402280002832413, 0.16069069993682206, 0.17750769993290305, 0.19414249993860722, 0.21083190001081675, 0.22715920000337064, 0.24391520000062883, 0.26071439997758716, 0.2774900000076741, 0.2942254999652505, 0.3109621999319643, 0.3273746999911964, 0.3440666999667883, 0.3610118000069633, 0.377381999976933, 0.39435439999215305, 0.410837100003846, 0.42742089997045696, 0.44396369997411966, 0.4605672999750823, 0.47760400001425296, 0.4940305999480188, 0.5105231000343338, 0.5273012999678031, 0.5439119000220671, 0.5606385000282899, 0.5772981999907643, 0.5939590999623761, 0.6105846000136808, 0.6271965999621898, 0.6438944999827072, 0.6606924999505281, 0.6771061000181362, 0.6938721999758855, 0.7107962999725714, 0.7272117999382317, 0.7440982999978587, 0.7606019999366254, 0.7774312000256032, 0.7939711000071838, 0.8108355000149459, 0.8273014000151306, 0.8440633999416605, 0.8605208999942988, 0.8774390999460593, 0.8938246000325307, 0.9105653000297025, 0.9275674000382423, 0.9439897999400273, 0.9608337000245228, 0.9772589999483898, 0.9937222999287769, 1.0105630999896675, 1.0270433999830857, 1.043634400004521, 1.0603038999252021]	n/a	n/a	0.8	19b
298	8	go_nogo	0	60	3	go	click	[46.0, 46.0, 80.0, 109.0, 126.0, 140.0, 150.0, 162.0, 170.0, 175.0, 178.0, 181.0, 188.0, 191.0, 197.0, 199.0, 200.0, 200.0, 201.0, 203.0, 203.0, 204.0, 204.0, 204.0, 204.0]	[-237.0, -237.0, -135.0, -59.0, -8.0, 31.0, 70.0, 107.0, 132.0, 148.0, 159.0, 167.0, 189.0, 199.0, 229.0, 236.0, 243.0, 251.0, 261.0, 279.0, 299.0, 311.0, 313.0, 314.0, 314.0]	[0, 0, 0, 0, 0, 0, 0, 0, 0, 0, 0, 0, 0, 0, 0, 0, 0, 0, 0, 0, 0, 0, 0, 0, 1]	[0, 0, 0, 0, 0, 0, 0, 0, 0, 0, 0, 0, 0, 0, 0, 0, 0, 0, 0, 0, 0, 0, 0, 0, 0]	[0, 0, 0, 0, 0, 0, 0, 0, 0, 0, 0, 0, 0, 0, 0, 0, 0, 0, 0, 0, 0, 0, 0, 0, 0]	[0.00011550006456673145, 0.009045500075444579, 0.025621100096032023, 0.04210190009325743, 0.05882450006902218, 0.07569300010800362, 0.09241620008833706, 0.10898390004877001, 0.1255236000288278, 0.1422201000386849, 0.15892770001664758, 0.17584410007111728, 0.19250720005948097, 0.2091019001090899, 0.22560110001359135, 0.2423521000891924, 0.2587315000128001, 0.2756816000910476, 0.29222900001332164, 0.3091297000646591, 0.32558050006628036, 0.3423338000429794, 0.3590068001067266, 0.37556970003060997, 0.39183130010496825]	204.0	314.0	0.8	19b
299	8	go_nogo	0	60	8	go	click	[18.0, 18.0, 28.0, 56.0, 84.0, 108.0, 122.0, 133.0, 147.0, 164.0, 169.0, 172.0, 174.0, 178.0, 183.0, 193.0, 199.0, 200.0, 201.0, 201.0, 201.0, 202.0, 203.0, 203.0, 203.0]	[-248.0, -248.0, -196.0, -106.0, -34.0, 30.0, 69.0, 108.0, 143.0, 183.0, 195.0, 201.0, 207.0, 218.0, 235.0, 257.0, 267.0, 270.0, 270.0, 270.0, 271.0, 276.0, 282.0, 284.0, 284.0]	[0, 0, 0, 0, 0, 0, 0, 0, 0, 0, 0, 0, 0, 0, 0, 0, 0, 0, 0, 0, 0, 0, 0, 0, 1]	[0, 0, 0, 0, 0, 0, 0, 0, 0, 0, 0, 0, 0, 0, 0, 0, 0, 0, 0, 0, 0, 0, 0, 0, 0]	[0, 0, 0, 0, 0, 0, 0, 0, 0, 0, 0, 0, 0, 0, 0, 0, 0, 0, 0, 0, 0, 0, 0, 0, 0]	[0.0002319000195711851, 0.009337199968285859, 0.026105399942025542, 0.04308630002196878, 0.05929379991721362, 0.07605029991827905, 0.0928362999111414, 0.10932339995633811, 0.1265277999918908, 0.14306729997042567, 0.15965519996825606, 0.17606600001454353, 0.1926601999439299, 0.20930180000141263, 0.22588259994518012, 0.24261049996130168, 0.2592507000081241, 0.276131899910979, 0.29260509996674955, 0.3095671000191942, 0.32598119997419417, 0.34266139997635037, 0.35923729999922216, 0.37568840000312775, 0.3924682999495417]	203.0	284.0	0.9	19b
300	8	go_nogo	0	60	1	nogo	none	[31.0, 31.0, 52.0, 100.0, 144.0, 176.0, 199.0, 210.0, 225.0, 230.0, 233.0, 234.0, 234.0, 236.0, 237.0, 237.0, 237.0, 237.0, 237.0, 237.0, 237.0, 237.0, 237.0, 237.0, 237.0, 237.0, 237.0, 237.0, 237.0, 237.0, 237.0, 237.0, 237.0, 237.0, 237.0, 237.0, 237.0, 237.0, 237.0, 237.0, 237.0, 237.0, 237.0, 237.0, 237.0, 237.0, 237.0, 237.0, 237.0, 237.0, 237.0, 237.0, 237.0, 237.0, 237.0, 237.0, 237.0]	[-218.0, -218.0, -164.0, -43.0, 76.0, 179.0, 249.0, 284.0, 326.0, 343.0, 349.0, 352.0, 354.0, 358.0, 360.0, 361.0, 361.0, 361.0, 361.0, 361.0, 361.0, 361.0, 361.0, 361.0, 361.0, 361.0, 361.0, 361.0, 361.0, 361.0, 361.0, 361.0, 361.0, 361.0, 361.0, 361.0, 361.0, 361.0, 361.0, 361.0, 361.0, 361.0, 361.0, 361.0, 361.0, 361.0, 361.0, 361.0, 361.0, 361.0, 361.0, 361.0, 361.0, 361.0, 361.0, 361.0, 361.0]	[0, 0, 0, 0, 0, 0, 0, 0, 0, 0, 0, 0, 0, 0, 0, 0, 0, 0, 0, 0, 0, 0, 0, 0, 0, 0, 0, 0, 0, 0, 0, 0, 0, 0, 0, 0, 0, 0, 0, 0, 0, 0, 0, 0, 0, 0, 0, 0, 0, 0, 0, 0, 0, 0, 0, 0, 0]	[0, 0, 0, 0, 0, 0, 0, 0, 0, 0, 0, 0, 0, 0, 0, 0, 0, 0, 0, 0, 0, 0, 0, 0, 0, 0, 0, 0, 0, 0, 0, 0, 0, 0, 0, 0, 0, 0, 0, 0, 0, 0, 0, 0, 0, 0, 0, 0, 0, 0, 0, 0, 0, 0, 0, 0, 0]	[0, 0, 0, 0, 0, 0, 0, 0, 0, 0, 0, 0, 0, 0, 0, 0, 0, 0, 0, 0, 0, 0, 0, 0, 0, 0, 0, 0, 0, 0, 0, 0, 0, 0, 0, 0, 0, 0, 0, 0, 0, 0, 0, 0, 0, 0, 0, 0, 0, 0, 0, 0, 0, 0, 0, 0, 0]	[0.00017819995991885662, 0.010488900006748736, 0.02655780001077801, 0.04368949995841831, 0.06001409993041307, 0.07653119997121394, 0.09315989993046969, 0.10989510000217706, 0.1263501999201253, 0.14315569994505495, 0.15981939993798733, 0.17648779996670783, 0.19339629996102303, 0.20979739993344992, 0.22647799993865192, 0.24302779999561608, 0.25973739998880774, 0.2763323999242857, 0.2931086999597028, 0.3095386999193579, 0.3265256999293342, 0.3430051999166608, 0.3596451999619603, 0.3761364999227226, 0.3928786999313161, 0.4095107999164611, 0.4262029000092298, 0.44321930001024157, 0.4594570999033749, 0.4762793999398127, 0.49294059991370887, 0.509456199943088, 0.5262316999724135, 0.5427636000094935, 0.5595344000030309, 0.5760686999419704, 0.5926023999927565, 0.609315300011076, 0.6262297999346629, 0.6428463999181986, 0.6594322999008, 0.676238099928014, 0.692993399919942, 0.709536699927412, 0.7262857999885455, 0.743936299928464, 0.759426899952814, 0.7764546999242157, 0.7928142999298871, 0.8095208999002352, 0.8262813999317586, 0.8428047999041155, 0.8596344999969006, 0.8761523999273777, 0.8928766999160871, 0.9096621999051422, 0.926114899921231]	n/a	n/a	0.7	19b
301	8	go_nogo	0	60	4	go	click	[32.0, 32.0, 42.0, 89.0, 120.0, 143.0, 160.0, 172.0, 178.0, 184.0, 192.0, 200.0, 204.0, 209.0, 211.0, 211.0, 211.0, 211.0, 212.0, 213.0, 214.0, 214.0]	[-255.0, -255.0, -228.0, -117.0, -37.0, 38.0, 95.0, 131.0, 160.0, 190.0, 221.0, 244.0, 261.0, 278.0, 284.0, 284.0, 284.0, 285.0, 291.0, 301.0, 304.0, 304.0]	[0, 0, 0, 0, 0, 0, 0, 0, 0, 0, 0, 0, 0, 0, 0, 0, 0, 0, 0, 0, 0, 1]	[0, 0, 0, 0, 0, 0, 0, 0, 0, 0, 0, 0, 0, 0, 0, 0, 0, 0, 0, 0, 0, 0]	[0, 0, 0, 0, 0, 0, 0, 0, 0, 0, 0, 0, 0, 0, 0, 0, 0, 0, 0, 0, 0, 0]	[0.00020130001939833164, 0.012030099984258413, 0.028563600033521652, 0.045257800025865436, 0.06166130001656711, 0.07852079998701811, 0.09518260008189827, 0.11181420006323606, 0.12849760008975863, 0.14509620005264878, 0.1616931000025943, 0.1785284000216052, 0.19518879998940974, 0.21184140001423657, 0.2281954000936821, 0.24496050004381686, 0.26243770006112754, 0.27855020004790276, 0.29515860008541495, 0.31159100006334484, 0.32819640007801354, 0.34525270003359765]	214.0	304.0	0.6	19b
302	8	go_nogo	0	60	4	go	click	[22.0, 32.0, 45.0, 70.0, 94.0, 116.0, 134.0, 144.0, 148.0, 151.0, 152.0, 152.0, 152.0, 153.0, 153.0, 153.0, 153.0, 153.0, 155.0, 156.0, 165.0, 169.0, 175.0, 177.0, 178.0, 178.0, 178.0, 178.0]	[-257.0, -217.0, -168.0, -71.0, 7.0, 74.0, 127.0, 154.0, 171.0, 181.0, 184.0, 185.0, 186.0, 188.0, 192.0, 194.0, 195.0, 197.0, 207.0, 210.0, 239.0, 262.0, 279.0, 287.0, 293.0, 294.0, 294.0, 294.0]	[0, 0, 0, 0, 0, 0, 0, 0, 0, 0, 0, 0, 0, 0, 0, 0, 0, 0, 0, 0, 0, 0, 0, 0, 0, 0, 0, 1]	[0, 0, 0, 0, 0, 0, 0, 0, 0, 0, 0, 0, 0, 0, 0, 0, 0, 0, 0, 0, 0, 0, 0, 0, 0, 0, 0, 0]	[0, 0, 0, 0, 0, 0, 0, 0, 0, 0, 0, 0, 0, 0, 0, 0, 0, 0, 0, 0, 0, 0, 0, 0, 0, 0, 0, 0]	[0.00011770008131861687, 0.01311090006493032, 0.029525200021453202, 0.04615190008189529, 0.06279500003438443, 0.0796083000022918, 0.09644880006089807, 0.11287080007605255, 0.1296883000759408, 0.1461117999861017, 0.16280470008496195, 0.1794575999956578, 0.19633860001340508, 0.2127416000002995, 0.2292457000585273, 0.24605750001501292, 0.26268450007773936, 0.27951570006553084, 0.2962735000764951, 0.3129708000924438, 0.32975919998716563, 0.34582290006801486, 0.36287080007605255, 0.3796056000282988, 0.3962333000963554, 0.41286280006170273, 0.4292627000249922, 0.4463608000660315]	178.0	294.0	0.5	19b
303	8	go_nogo	0	60	7	go	click	[96.0, 96.0, 106.0, 130.0, 169.0, 192.0, 201.0, 205.0, 209.0, 211.0, 212.0, 213.0, 216.0, 218.0, 219.0, 219.0, 219.0, 219.0, 219.0]	[-162.0, -162.0, -102.0, 6.0, 133.0, 204.0, 251.0, 259.0, 276.0, 282.0, 283.0, 286.0, 293.0, 299.0, 301.0, 301.0, 301.0, 301.0, 301.0]	[0, 0, 0, 0, 0, 0, 0, 0, 0, 0, 0, 0, 0, 0, 0, 0, 0, 0, 1]	[0, 0, 0, 0, 0, 0, 0, 0, 0, 0, 0, 0, 0, 0, 0, 0, 0, 0, 0]	[0, 0, 0, 0, 0, 0, 0, 0, 0, 0, 0, 0, 0, 0, 0, 0, 0, 0, 0]	[0.00019660010002553463, 0.011516400030814111, 0.028569100075401366, 0.04528540000319481, 0.06196040008217096, 0.0782874000724405, 0.09486440010368824, 0.11154950002674013, 0.12820530007593334, 0.14490870002191514, 0.1617545000044629, 0.17835699999704957, 0.19491780002135783, 0.21152650006115437, 0.2280860000755638, 0.2448632000014186, 0.26137930003460497, 0.27800760010723025, 0.2949534000363201]	219.0	301.0	0.8	19b
304	8	go_nogo	0	60	6	go	click	[59.0, 59.0, 80.0, 110.0, 141.0, 161.0, 182.0, 197.0, 203.0, 207.0, 210.0, 213.0, 217.0, 220.0, 221.0, 222.0, 222.0, 221.0, 219.0, 217.0, 217.0, 217.0, 217.0, 217.0]	[-185.0, -185.0, -138.0, -65.0, 16.0, 67.0, 126.0, 170.0, 195.0, 208.0, 218.0, 225.0, 241.0, 257.0, 276.0, 286.0, 299.0, 304.0, 310.0, 315.0, 317.0, 317.0, 318.0, 318.0]	[0, 0, 0, 0, 0, 0, 0, 0, 0, 0, 0, 0, 0, 0, 0, 0, 0, 0, 0, 0, 0, 0, 0, 1]	[0, 0, 0, 0, 0, 0, 0, 0, 0, 0, 0, 0, 0, 0, 0, 0, 0, 0, 0, 0, 0, 0, 0, 0]	[0, 0, 0, 0, 0, 0, 0, 0, 0, 0, 0, 0, 0, 0, 0, 0, 0, 0, 0, 0, 0, 0, 0, 0]	[0.00023070001043379307, 0.01171069999691099, 0.02844250004272908, 0.045038699987344444, 0.06148490007035434, 0.07875079999212176, 0.09482730005402118, 0.1122161999810487, 0.12836580001749098, 0.14493349997792393, 0.1616671000374481, 0.17816790007054806, 0.194789299974218, 0.21151300007477403, 0.22821840003598481, 0.24503350001759827, 0.2616616999730468, 0.2783791000256315, 0.2955435999901965, 0.31154959998093545, 0.3279597000218928, 0.3446991000091657, 0.3612307000439614, 0.37827750004362315]	217.0	318.0	0.8	19b
305	8	go_nogo	0	60	8	go	click	[54.0, 54.0, 74.0, 121.0, 168.0, 203.0, 211.0, 215.0, 219.0, 225.0, 232.0, 241.0, 249.0, 253.0, 254.0, 254.0, 254.0, 254.0, 254.0, 254.0, 254.0, 254.0, 254.0, 248.0, 242.0, 235.0, 232.0, 231.0, 227.0, 223.0, 220.0, 216.0, 215.0, 215.0]	[-152.0, -152.0, -83.0, 56.0, 177.0, 267.0, 290.0, 307.0, 321.0, 338.0, 355.0, 373.0, 389.0, 396.0, 396.0, 396.0, 396.0, 396.0, 396.0, 396.0, 396.0, 396.0, 394.0, 382.0, 370.0, 360.0, 356.0, 352.0, 343.0, 334.0, 322.0, 317.0, 313.0, 313.0]	[0, 0, 0, 0, 0, 0, 0, 0, 0, 0, 0, 0, 0, 0, 0, 0, 0, 0, 0, 1, 1, 1, 0, 0, 0, 0, 0, 0, 0, 0, 0, 0, 0, 1]	[0, 0, 0, 0, 0, 0, 0, 0, 0, 0, 0, 0, 0, 0, 0, 0, 0, 0, 0, 0, 0, 0, 0, 0, 0, 0, 0, 0, 0, 0, 0, 0, 0, 0]	[0, 0, 0, 0, 0, 0, 0, 0, 0, 0, 0, 0, 0, 0, 0, 0, 0, 0, 0, 0, 0, 0, 0, 0, 0, 0, 0, 0, 0, 0, 0, 0, 0, 0]	[0.00018890004139393568, 0.011515500023961067, 0.02797729999292642, 0.04483339993748814, 0.06137629994191229, 0.07820530002936721, 0.09481899999082088, 0.11158489994704723, 0.12815899995621294, 0.1448344000382349, 0.16133369994349778, 0.17800569999963045, 0.1947536999359727, 0.21136590000241995, 0.2277951999567449, 0.24461449997033924, 0.2611507000401616, 0.2779254999477416, 0.29445149993989617, 0.31154310004785657, 0.3277726999949664, 0.34467929997481406, 0.36137719999533147, 0.3780146000208333, 0.3948268999811262, 0.41138399997726083, 0.42779859993606806, 0.4451506999321282, 0.4614344999426976, 0.47816319996491075, 0.4949080999940634, 0.5112496999790892, 0.5279583999654278, 0.5448215999640524]	215.0	313.0	0.7	19b
306	8	go_nogo	0	60	9	nogo	none	[24.0, 24.0, 32.0, 63.0, 78.0, 86.0, 94.0, 105.0, 118.0, 126.0, 133.0, 138.0, 145.0, 154.0, 161.0, 164.0, 167.0, 173.0, 177.0, 180.0, 184.0, 184.0, 184.0]	[-213.0, -213.0, -166.0, -40.0, 9.0, 36.0, 63.0, 91.0, 112.0, 128.0, 140.0, 150.0, 162.0, 182.0, 198.0, 206.0, 217.0, 231.0, 242.0, 252.0, 259.0, 261.0, 261.0]	[0, 0, 0, 0, 0, 0, 0, 0, 0, 0, 0, 0, 0, 0, 0, 0, 0, 0, 0, 0, 0, 0, 1]	[0, 0, 0, 0, 0, 0, 0, 0, 0, 0, 0, 0, 0, 0, 0, 0, 0, 0, 0, 0, 0, 0, 0]	[0, 0, 0, 0, 0, 0, 0, 0, 0, 0, 0, 0, 0, 0, 0, 0, 0, 0, 0, 0, 0, 0, 0]	[0.00018610002007335424, 0.012400500010699034, 0.029462900012731552, 0.045981100061908364, 0.06281170004513115, 0.0790438000112772, 0.09571110003162175, 0.11248880007769912, 0.1292468000901863, 0.14579710003454238, 0.16250850004144013, 0.17923160002101213, 0.19562900008168072, 0.212375900009647, 0.22905310010537505, 0.24577270005829632, 0.26258810004219413, 0.27903970004990697, 0.29550420003943145, 0.31211670010816306, 0.3289791001006961, 0.3455788000719622, 0.3626494000200182]	184.0	261.0	0.7	19b
307	8	go_nogo	0	60	4	go	click	[38.0, 38.0, 58.0, 94.0, 134.0, 145.0, 150.0, 155.0, 159.0, 160.0, 160.0, 160.0, 161.0, 161.0, 161.0, 161.0, 161.0, 161.0, 161.0, 161.0, 165.0, 169.0, 176.0, 178.0]	[-182.0, -182.0, -117.0, 6.0, 118.0, 161.0, 196.0, 224.0, 239.0, 246.0, 249.0, 249.0, 249.0, 249.0, 250.0, 250.0, 250.0, 250.0, 250.0, 251.0, 260.0, 272.0, 285.0, 292.0]	[0, 0, 0, 0, 0, 0, 0, 0, 0, 0, 0, 0, 0, 0, 0, 0, 0, 0, 0, 0, 0, 0, 0, 1]	[0, 0, 0, 0, 0, 0, 0, 0, 0, 0, 0, 0, 0, 0, 0, 0, 0, 0, 0, 0, 0, 0, 0, 0]	[0, 0, 0, 0, 0, 0, 0, 0, 0, 0, 0, 0, 0, 0, 0, 0, 0, 0, 0, 0, 0, 0, 0, 0]	[0.00018989993259310722, 0.011152199935168028, 0.02766579994931817, 0.044500499963760376, 0.06168229994364083, 0.07821929990313947, 0.09451769990846515, 0.11139079998247325, 0.1278015999123454, 0.14448879996780306, 0.1609228999586776, 0.17779269989114255, 0.19432029989548028, 0.21121669991407543, 0.22763939993456006, 0.24428199999965727, 0.2608683999860659, 0.27753239998128265, 0.2944126999936998, 0.311191099928692, 0.327823199913837, 0.34473819995764643, 0.3610373999690637, 0.37793969991616905]	178.0	292.0	1.0	19b
308	8	go_nogo	0	60	2	go	click	[1.0, 1.0, 36.0, 61.0, 81.0, 96.0, 111.0, 123.0, 137.0, 144.0, 146.0, 148.0, 148.0, 149.0, 149.0, 152.0, 155.0, 161.0, 166.0, 171.0, 174.0, 176.0, 177.0, 177.0, 178.0, 178.0, 178.0]	[-238.0, -238.0, -150.0, -82.0, -37.0, -4.0, 29.0, 60.0, 98.0, 112.0, 120.0, 127.0, 130.0, 137.0, 151.0, 173.0, 196.0, 215.0, 234.0, 249.0, 259.0, 267.0, 278.0, 284.0, 292.0, 294.0, 294.0]	[0, 0, 0, 0, 0, 0, 0, 0, 0, 0, 0, 0, 0, 0, 0, 0, 0, 0, 0, 0, 0, 0, 0, 0, 0, 0, 1]	[0, 0, 0, 0, 0, 0, 0, 0, 0, 0, 0, 0, 0, 0, 0, 0, 0, 0, 0, 0, 0, 0, 0, 0, 0, 0, 0]	[0, 0, 0, 0, 0, 0, 0, 0, 0, 0, 0, 0, 0, 0, 0, 0, 0, 0, 0, 0, 0, 0, 0, 0, 0, 0, 0]	[8.859997615218163e-05, 0.01053279999177903, 0.027388800051994622, 0.04428639996331185, 0.06104980001691729, 0.07760750001762062, 0.0942395000020042, 0.11100979999173433, 0.12771180004347116, 0.14412429998628795, 0.16096260002814233, 0.17870539997238666, 0.1938489000312984, 0.21067519998177886, 0.22731470002327114, 0.24403539998456836, 0.26076009997632354, 0.2774877999909222, 0.2941181999631226, 0.31070330005604774, 0.327360299997963, 0.3442014999454841, 0.3606991999549791, 0.37830290000420064, 0.3945287000387907, 0.4105909999925643, 0.42782440001610667]	178.0	294.0	0.5	19b
309	8	go_nogo	0	60	7	go	click	[50.0, 50.0, 59.0, 77.0, 93.0, 103.0, 116.0, 124.0, 130.0, 134.0, 138.0, 143.0, 147.0, 154.0, 157.0, 157.0, 157.0, 157.0, 157.0, 157.0, 157.0, 158.0, 160.0, 163.0, 170.0, 177.0, 181.0, 181.0]	[-173.0, -173.0, -137.0, -78.0, -28.0, 12.0, 67.0, 98.0, 117.0, 130.0, 138.0, 150.0, 167.0, 184.0, 189.0, 189.0, 189.0, 189.0, 189.0, 189.0, 190.0, 207.0, 231.0, 254.0, 273.0, 289.0, 296.0, 296.0]	[0, 0, 0, 0, 0, 0, 0, 0, 0, 0, 0, 0, 0, 0, 0, 0, 0, 0, 0, 0, 0, 0, 0, 0, 0, 0, 0, 1]	[0, 0, 0, 0, 0, 0, 0, 0, 0, 0, 0, 0, 0, 0, 0, 0, 0, 0, 0, 0, 0, 0, 0, 0, 0, 0, 0, 0]	[0, 0, 0, 0, 0, 0, 0, 0, 0, 0, 0, 0, 0, 0, 0, 0, 0, 0, 0, 0, 0, 0, 0, 0, 0, 0, 0, 0]	[0.00022439996246248484, 0.011532299919053912, 0.02813269989565015, 0.04465890000574291, 0.06154469994362444, 0.07843409990891814, 0.0947974999435246, 0.11147489992436022, 0.12887989997398108, 0.14501039998140186, 0.1614304999820888, 0.17832389997784048, 0.19489429995883256, 0.2115875999443233, 0.22804099996574223, 0.24470539996400476, 0.2612770999548957, 0.2781426999717951, 0.2948245999868959, 0.3112573999678716, 0.3286053999327123, 0.3450761999702081, 0.36145379999652505, 0.37816630001179874, 0.3945620999438688, 0.41127119993325323, 0.42792259994894266, 0.4451961999293417]	181.0	296.0	0.5	19b
310	8	go_nogo	0	60	9	nogo	none	[74.0, 74.0, 92.0, 126.0, 147.0, 158.0, 161.0, 168.0, 170.0, 172.0, 173.0, 174.0, 175.0, 175.0, 176.0, 176.0, 176.0, 176.0, 176.0, 179.0, 182.0, 183.0, 183.0, 183.0, 183.0, 183.0, 183.0, 183.0, 183.0, 183.0, 183.0, 183.0, 183.0, 183.0, 183.0, 183.0, 183.0, 183.0, 183.0, 183.0, 183.0, 183.0, 183.0, 183.0, 183.0, 183.0, 183.0, 183.0, 183.0, 183.0, 183.0, 183.0, 183.0, 183.0, 183.0, 183.0, 183.0, 183.0, 183.0, 183.0, 183.0, 183.0, 183.0, 183.0]	[-205.0, -205.0, -159.0, -64.0, -5.0, 46.0, 60.0, 88.0, 97.0, 106.0, 117.0, 126.0, 131.0, 134.0, 138.0, 146.0, 160.0, 186.0, 214.0, 244.0, 256.0, 259.0, 259.0, 259.0, 259.0, 259.0, 259.0, 259.0, 259.0, 259.0, 259.0, 259.0, 259.0, 259.0, 259.0, 259.0, 259.0, 259.0, 259.0, 259.0, 259.0, 259.0, 259.0, 259.0, 259.0, 259.0, 259.0, 259.0, 259.0, 259.0, 259.0, 259.0, 259.0, 259.0, 259.0, 259.0, 259.0, 259.0, 259.0, 259.0, 259.0, 259.0, 259.0, 259.0]	[0, 0, 0, 0, 0, 0, 0, 0, 0, 0, 0, 0, 0, 0, 0, 0, 0, 0, 0, 0, 0, 0, 0, 0, 0, 0, 0, 0, 0, 0, 0, 0, 0, 0, 0, 0, 0, 0, 0, 0, 0, 0, 0, 0, 0, 0, 0, 0, 0, 0, 0, 0, 0, 0, 0, 0, 0, 0, 0, 0, 0, 0, 0, 0]	[0, 0, 0, 0, 0, 0, 0, 0, 0, 0, 0, 0, 0, 0, 0, 0, 0, 0, 0, 0, 0, 0, 0, 0, 0, 0, 0, 0, 0, 0, 0, 0, 0, 0, 0, 0, 0, 0, 0, 0, 0, 0, 0, 0, 0, 0, 0, 0, 0, 0, 0, 0, 0, 0, 0, 0, 0, 0, 0, 0, 0, 0, 0, 0]	[0, 0, 0, 0, 0, 0, 0, 0, 0, 0, 0, 0, 0, 0, 0, 0, 0, 0, 0, 0, 0, 0, 0, 0, 0, 0, 0, 0, 0, 0, 0, 0, 0, 0, 0, 0, 0, 0, 0, 0, 0, 0, 0, 0, 0, 0, 0, 0, 0, 0, 0, 0, 0, 0, 0, 0, 0, 0, 0, 0, 0, 0, 0, 0]	[0.0003375000087544322, 0.008524099946953356, 0.02522720000706613, 0.041747599956579506, 0.05868000001646578, 0.07512950000818819, 0.09247210004832596, 0.10860080004204065, 0.12540420005097985, 0.14172910002525896, 0.15824550006072968, 0.1748593000229448, 0.19160480005666614, 0.20839080004952848, 0.2249448000220582, 0.24166739999782294, 0.258257900015451, 0.27506600006017834, 0.2920831999508664, 0.30851220001932234, 0.32517920003738254, 0.3415588999632746, 0.35837969998829067, 0.37499969999771565, 0.39184209995437413, 0.4082977999933064, 0.4252174999564886, 0.4416816000593826, 0.4580662000225857, 0.4748733000596985, 0.4916279000462964, 0.5080274000065401, 0.524790000054054, 0.541560500045307, 0.5582711000461131, 0.5749506000429392, 0.5915821000235155, 0.6079352999804541, 0.6248109999578446, 0.6413813000544906, 0.658340199966915, 0.6747413000557572, 0.6915991000132635, 0.7080790000036359, 0.7248212000122294, 0.7415623000124469, 0.7581758999731392, 0.7748365000588819, 0.7913675999734551, 0.8083605000283569, 0.8248552000150084, 0.8413112000562251, 0.8579562000231817, 0.8746595999691635, 0.891655300045386, 0.9081333000212908, 0.924746899981983, 0.9411665999796242, 0.9579988999757916, 0.9746565000386909, 0.9913441999815404, 1.0079422000562772, 1.0245788999600336, 1.0412557000527158]	n/a	n/a	0.7	19b
311	8	go_nogo	0	60	2	go	click	[55.0, 55.0, 70.0, 109.0, 150.0, 203.0, 218.0, 227.0, 231.0, 232.0, 232.0, 232.0, 232.0, 233.0, 233.0, 233.0, 233.0, 233.0, 230.0, 223.0, 213.0, 207.0, 202.0, 200.0, 200.0]	[-243.0, -243.0, -198.0, -79.0, 40.0, 157.0, 190.0, 211.0, 221.0, 223.0, 224.0, 225.0, 228.0, 235.0, 240.0, 243.0, 243.0, 244.0, 249.0, 255.0, 261.0, 266.0, 270.0, 274.0, 276.0]	[0, 0, 0, 0, 0, 0, 0, 0, 0, 0, 0, 0, 0, 0, 0, 0, 0, 0, 0, 0, 0, 0, 0, 0, 1]	[0, 0, 0, 0, 0, 0, 0, 0, 0, 0, 0, 0, 0, 0, 0, 0, 0, 0, 0, 0, 0, 0, 0, 0, 0]	[0, 0, 0, 0, 0, 0, 0, 0, 0, 0, 0, 0, 0, 0, 0, 0, 0, 0, 0, 0, 0, 0, 0, 0, 0]	[0.0002595999976620078, 0.010185700026340783, 0.026832700008526444, 0.04318449995480478, 0.060424900031648576, 0.07687719992827624, 0.09356680000200868, 0.11001639999449253, 0.12673369992990047, 0.14333470002748072, 0.16024300002027303, 0.1766582999844104, 0.19354689994361252, 0.2106206000316888, 0.22692709998227656, 0.24311839998699725, 0.25986320001538843, 0.27652349998243153, 0.29358309996314347, 0.3100875000236556, 0.3267723999451846, 0.34335780004039407, 0.36001319997012615, 0.3769694999791682, 0.3938113999320194]	200.0	276.0	0.9	19b
312	8	go_nogo	0	60	2	go	click	[37.0, 37.0, 57.0, 88.0, 110.0, 122.0, 129.0, 136.0, 139.0, 142.0, 144.0, 145.0, 146.0, 147.0, 149.0, 150.0, 151.0, 154.0, 163.0, 172.0, 181.0, 195.0, 203.0, 209.0, 211.0, 212.0, 212.0]	[-270.0, -270.0, -178.0, -87.0, -17.0, 35.0, 81.0, 124.0, 152.0, 165.0, 175.0, 178.0, 181.0, 186.0, 191.0, 193.0, 195.0, 200.0, 211.0, 228.0, 250.0, 288.0, 315.0, 334.0, 341.0, 342.0, 342.0]	[0, 0, 0, 0, 0, 0, 0, 0, 0, 0, 0, 0, 0, 0, 0, 0, 0, 0, 0, 0, 0, 0, 0, 0, 0, 0, 1]	[0, 0, 0, 0, 0, 0, 0, 0, 0, 0, 0, 0, 0, 0, 0, 0, 0, 0, 0, 0, 0, 0, 0, 0, 0, 0, 0]	[0, 0, 0, 0, 0, 0, 0, 0, 0, 0, 0, 0, 0, 0, 0, 0, 0, 0, 0, 0, 0, 0, 0, 0, 0, 0, 0]	[8.120003622025251e-05, 0.012669900082983077, 0.029305799980647862, 0.04612710000947118, 0.0626941000809893, 0.07937110005877912, 0.09612200001720339, 0.11307189997751266, 0.1293068000813946, 0.1461295000044629, 0.16286490007769316, 0.1798202000791207, 0.1963060999987647, 0.21277580002788454, 0.22956840007100254, 0.24631229997612536, 0.26278129999991506, 0.2793445000424981, 0.296141600003466, 0.31302740005776286, 0.32950270001310855, 0.34626320004463196, 0.3628339000279084, 0.3804665000643581, 0.39603649999480695, 0.4126692999852821, 0.429705600021407]	212.0	342.0	0.8	19b
313	9	go_only	0	18	4	go	click	[113.0, 113.0, 129.0, 155.0, 171.0, 171.0, 155.0, 132.0, 128.0, 129.0, 130.0, 130.0, 130.0, 130.0, 130.0, 130.0, 131.0, 133.0, 136.0, 138.0, 146.0, 157.0, 165.0, 166.0, 166.0, 166.0, 169.0, 169.0, 167.0, 167.0, 167.0]	[-218.0, -218.0, -187.0, -128.0, -48.0, 74.0, 223.0, 358.0, 424.0, 450.0, 463.0, 467.0, 467.0, 467.0, 467.0, 467.0, 468.0, 469.0, 471.0, 471.0, 465.0, 441.0, 420.0, 403.0, 389.0, 369.0, 354.0, 347.0, 344.0, 344.0, 344.0]	[0, 0, 0, 0, 0, 0, 0, 0, 0, 0, 0, 0, 0, 0, 0, 0, 0, 0, 0, 0, 0, 0, 0, 0, 0, 0, 0, 0, 0, 0, 1]	[0, 0, 0, 0, 0, 0, 0, 0, 0, 0, 0, 0, 0, 0, 0, 0, 0, 0, 0, 0, 0, 0, 0, 0, 0, 0, 0, 0, 0, 0, 0]	[0, 0, 0, 0, 0, 0, 0, 0, 0, 0, 0, 0, 0, 0, 0, 0, 0, 0, 0, 0, 0, 0, 0, 0, 0, 0, 0, 0, 0, 0, 0]	[0.00019479996990412474, 0.011967699974775314, 0.029367999988608062, 0.04573349992278963, 0.06208229996263981, 0.07833859999664128, 0.0954943000106141, 0.11210009991191328, 0.12897269998211414, 0.14571209996938705, 0.16219479998108, 0.17887659999541938, 0.19553109991829842, 0.21248149999883026, 0.22902159998193383, 0.24561400001402944, 0.2622678999323398, 0.2794432999799028, 0.2956218000035733, 0.3122435000259429, 0.3288482999196276, 0.34537799993995577, 0.3623109000036493, 0.3789095999673009, 0.39552099991124123, 0.41207029996439815, 0.4287483999505639, 0.445331999915652, 0.46191640000324696, 0.47910699993371964, 0.495826099999249]	167.0	344.0	0.7	19b
314	9	go_only	0	18	6	go	click	[-6.0, -1.0, 5.0, 18.0, 39.0, 62.0, 80.0, 88.0, 94.0, 98.0, 101.0, 106.0, 109.0, 111.0, 111.0, 111.0, 112.0, 116.0, 124.0, 134.0, 141.0, 147.0, 155.0, 159.0, 160.0, 163.0, 163.0]	[-251.0, -217.0, -189.0, -122.0, -44.0, 34.0, 88.0, 115.0, 129.0, 140.0, 150.0, 160.0, 171.0, 176.0, 176.0, 176.0, 177.0, 184.0, 202.0, 225.0, 248.0, 267.0, 286.0, 295.0, 297.0, 305.0, 306.0]	[0, 0, 0, 0, 0, 0, 0, 0, 0, 0, 0, 0, 0, 0, 0, 0, 0, 0, 0, 0, 0, 0, 0, 0, 0, 0, 1]	[0, 0, 0, 0, 0, 0, 0, 0, 0, 0, 0, 0, 0, 0, 0, 0, 0, 0, 0, 0, 0, 0, 0, 0, 0, 0, 0]	[0, 0, 0, 0, 0, 0, 0, 0, 0, 0, 0, 0, 0, 0, 0, 0, 0, 0, 0, 0, 0, 0, 0, 0, 0, 0, 0]	[0.00010850001126527786, 0.009426999953575432, 0.026311299996450543, 0.042833899962715805, 0.05978849995881319, 0.0761711000232026, 0.09296110004652292, 0.10948129999451339, 0.12622590002138168, 0.14280549995601177, 0.15979740000329912, 0.17657729994971305, 0.19345749996136874, 0.20940859999973327, 0.22635240003000945, 0.24284119997173548, 0.25953190005384386, 0.2762296999571845, 0.29300860001239926, 0.3097165999934077, 0.32647289999295026, 0.3430104999570176, 0.35969650000333786, 0.37617709999904037, 0.3933345000259578, 0.40962980000767857, 0.4262728999601677]	163.0	306.0	0.6	19b
315	9	go_only	0	18	3	go	click	[-20.0, -20.0, 5.0, 28.0, 56.0, 80.0, 98.0, 113.0, 129.0, 139.0, 147.0, 150.0, 151.0, 152.0, 152.0, 152.0, 152.0, 152.0, 152.0, 152.0, 155.0, 159.0]	[-295.0, -295.0, -167.0, -24.0, 100.0, 167.0, 208.0, 238.0, 263.0, 285.0, 302.0, 309.0, 311.0, 312.0, 312.0, 312.0, 312.0, 312.0, 312.0, 312.0, 312.0, 312.0]	[0, 0, 0, 0, 0, 0, 0, 0, 0, 0, 0, 0, 0, 0, 0, 0, 0, 0, 0, 0, 0, 1]	[0, 0, 0, 0, 0, 0, 0, 0, 0, 0, 0, 0, 0, 0, 0, 0, 0, 0, 0, 0, 0, 0]	[0, 0, 0, 0, 0, 0, 0, 0, 0, 0, 0, 0, 0, 0, 0, 0, 0, 0, 0, 0, 0, 0]	[0.00010619999375194311, 0.011679999995976686, 0.02807350002694875, 0.044804399949498475, 0.06156069994904101, 0.07817899994552135, 0.09494209999684244, 0.11159099999349564, 0.12818460003472865, 0.14490569999907166, 0.16158399998676032, 0.17823540000244975, 0.19485840003471822, 0.21126869996078312, 0.22794899996370077, 0.24484519998077303, 0.261577200028114, 0.2782271000323817, 0.29470069997478276, 0.31158840004354715, 0.3280687000369653, 0.3451242999872193]	159.0	311.0	0.5	19b
316	9	go_only	0	18	2	go	click	[44.0, 49.0, 54.0, 65.0, 75.0, 89.0, 103.0, 116.0, 125.0, 131.0, 134.0, 136.0, 137.0, 137.0, 137.0, 138.0, 142.0, 151.0, 163.0, 178.0, 183.0, 186.0, 186.0]	[-277.0, -231.0, -173.0, -60.0, 37.0, 98.0, 137.0, 181.0, 204.0, 217.0, 227.0, 231.0, 232.0, 232.0, 232.0, 234.0, 241.0, 263.0, 285.0, 308.0, 319.0, 325.0, 326.0]	[0, 0, 0, 0, 0, 0, 0, 0, 0, 0, 0, 0, 0, 0, 0, 0, 0, 0, 0, 0, 0, 0, 1]	[0, 0, 0, 0, 0, 0, 0, 0, 0, 0, 0, 0, 0, 0, 0, 0, 0, 0, 0, 0, 0, 0, 0]	[0, 0, 0, 0, 0, 0, 0, 0, 0, 0, 0, 0, 0, 0, 0, 0, 0, 0, 0, 0, 0, 0, 0]	[7.90000194683671e-05, 0.011738499975763261, 0.028373699984513223, 0.045137699926272035, 0.06189549993723631, 0.07856079994235188, 0.09558870003093034, 0.11243310000281781, 0.128480099956505, 0.14547600003425032, 0.16197999997530133, 0.17851979995612055, 0.1951370999449864, 0.21182470000348985, 0.22858559992164373, 0.24525419995188713, 0.2620169000001624, 0.2785063999472186, 0.2952680999878794, 0.31193969992455095, 0.3289742999477312, 0.345143900020048, 0.3615860999561846]	186.0	326.0	0.7	19b
317	9	go_only	0	18	4	go	click	[50.0, 50.0, 66.0, 104.0, 116.0, 128.0, 136.0, 146.0, 157.0, 164.0, 166.0, 169.0, 173.0, 180.0, 181.0, 181.0, 181.0, 181.0, 182.0, 182.0, 182.0, 182.0, 185.0, 187.0, 190.0, 192.0, 193.0, 193.0]	[-220.0, -220.0, -167.0, -25.0, 24.0, 61.0, 93.0, 124.0, 150.0, 165.0, 172.0, 180.0, 191.0, 211.0, 213.0, 213.0, 213.0, 213.0, 213.0, 214.0, 222.0, 241.0, 264.0, 277.0, 288.0, 295.0, 299.0, 299.0]	[0, 0, 0, 0, 0, 0, 0, 0, 0, 0, 0, 0, 0, 0, 0, 0, 0, 0, 0, 0, 0, 0, 0, 0, 0, 0, 0, 1]	[0, 0, 0, 0, 0, 0, 0, 0, 0, 0, 0, 0, 0, 0, 0, 0, 0, 0, 0, 0, 0, 0, 0, 0, 0, 0, 0, 0]	[0, 0, 0, 0, 0, 0, 0, 0, 0, 0, 0, 0, 0, 0, 0, 0, 0, 0, 0, 0, 0, 0, 0, 0, 0, 0, 0, 0]	[0.00020840007346123457, 0.009100900031626225, 0.026324299979023635, 0.043128599994815886, 0.05967630003578961, 0.07602180005051196, 0.09280630003195256, 0.10922950005624443, 0.12586100003682077, 0.14276740001514554, 0.15941019996535033, 0.1760078000370413, 0.19326520001050085, 0.2093491000123322, 0.22589550004340708, 0.24243089999072254, 0.2590681000147015, 0.27593340002931654, 0.2927458999911323, 0.3093431000597775, 0.32600590004585683, 0.3425847999751568, 0.3597726000007242, 0.37598540005274117, 0.3926600000122562, 0.409282400039956, 0.42596620006952435, 0.44233620003797114]	193.0	299.0	0.6	19b
318	9	go_only	0	18	2	go	click	[13.0, 13.0, 29.0, 60.0, 84.0, 119.0, 142.0, 153.0, 159.0, 160.0, 160.0, 160.0, 163.0, 164.0, 164.0, 164.0, 164.0, 164.0, 162.0, 162.0, 163.0, 165.0, 166.0, 167.0, 167.0]	[-175.0, -175.0, -122.0, -45.0, 18.0, 111.0, 167.0, 193.0, 208.0, 212.0, 213.0, 215.0, 220.0, 222.0, 222.0, 222.0, 222.0, 223.0, 248.0, 268.0, 281.0, 289.0, 293.0, 295.0, 297.0]	[0, 0, 0, 0, 0, 0, 0, 0, 0, 0, 0, 0, 0, 0, 0, 0, 0, 0, 0, 0, 0, 0, 0, 0, 1]	[0, 0, 0, 0, 0, 0, 0, 0, 0, 0, 0, 0, 0, 0, 0, 0, 0, 0, 0, 0, 0, 0, 0, 0, 0]	[0, 0, 0, 0, 0, 0, 0, 0, 0, 0, 0, 0, 0, 0, 0, 0, 0, 0, 0, 0, 0, 0, 0, 0, 0]	[0.0003378000110387802, 0.008980300044640899, 0.025702500017359853, 0.04252040002029389, 0.05907140008639544, 0.07659459998831153, 0.09260370000265539, 0.10906799999065697, 0.12569450004957616, 0.14247469999827445, 0.15912219998426735, 0.17574350000359118, 0.19263529998715967, 0.20879910001531243, 0.2257770000724122, 0.24203980003949255, 0.2589533000718802, 0.2753618999850005, 0.2922822000691667, 0.309123000013642, 0.32549369998741895, 0.3420915000606328, 0.35882010008208454, 0.3756878999993205, 0.39251430006697774]	167.0	297.0	0.5	19b
319	9	go_only	0	18	2	go	click	[43.0, 43.0, 54.0, 82.0, 92.0, 101.0, 112.0, 123.0, 131.0, 138.0, 142.0, 145.0, 147.0, 150.0, 150.0, 150.0, 150.0, 150.0, 150.0, 150.0, 154.0, 162.0, 168.0, 172.0, 175.0, 176.0]	[-243.0, -243.0, -187.0, -37.0, 26.0, 73.0, 120.0, 164.0, 193.0, 214.0, 226.0, 235.0, 246.0, 252.0, 253.0, 253.0, 253.0, 253.0, 253.0, 254.0, 260.0, 274.0, 286.0, 292.0, 296.0, 299.0]	[0, 0, 0, 0, 0, 0, 0, 0, 0, 0, 0, 0, 0, 0, 0, 0, 0, 0, 0, 0, 0, 0, 0, 0, 0, 1]	[0, 0, 0, 0, 0, 0, 0, 0, 0, 0, 0, 0, 0, 0, 0, 0, 0, 0, 0, 0, 0, 0, 0, 0, 0, 0]	[0, 0, 0, 0, 0, 0, 0, 0, 0, 0, 0, 0, 0, 0, 0, 0, 0, 0, 0, 0, 0, 0, 0, 0, 0, 0]	[0.00029360002372413874, 0.011152600054629147, 0.02785150008276105, 0.044360300060361624, 0.06138329999521375, 0.07816580007784069, 0.09430520003661513, 0.11178120004478842, 0.1277145000640303, 0.14431610004976392, 0.16096770006697625, 0.17763590009417385, 0.19409780006390065, 0.2110944000305608, 0.22732440009713173, 0.24409000005107373, 0.2609685000497848, 0.27746570005547255, 0.29431540006771684, 0.31069480010773987, 0.3274534000083804, 0.3440707999980077, 0.3607489001005888, 0.37742070003878325, 0.3939660000614822, 0.4107732000993565]	176.0	299.0	0.9	19b
320	9	go_only	0	18	8	go	click	[59.0, 59.0, 95.0, 136.0, 170.0, 190.0, 203.0, 212.0, 219.0, 227.0, 234.0, 239.0, 241.0, 242.0, 242.0, 242.0, 242.0, 242.0, 242.0, 242.0, 239.0, 236.0, 231.0, 227.0, 222.0, 219.0]	[-229.0, -229.0, -107.0, 1.0, 82.0, 134.0, 170.0, 211.0, 251.0, 282.0, 303.0, 316.0, 323.0, 331.0, 335.0, 336.0, 336.0, 336.0, 336.0, 336.0, 334.0, 330.0, 324.0, 318.0, 311.0, 306.0]	[0, 0, 0, 0, 0, 0, 0, 0, 0, 0, 0, 0, 0, 0, 0, 0, 0, 0, 0, 0, 0, 0, 0, 0, 0, 1]	[0, 0, 0, 0, 0, 0, 0, 0, 0, 0, 0, 0, 0, 0, 0, 0, 0, 0, 0, 0, 0, 0, 0, 0, 0, 0]	[0, 0, 0, 0, 0, 0, 0, 0, 0, 0, 0, 0, 0, 0, 0, 0, 0, 0, 0, 0, 0, 0, 0, 0, 0, 0]	[0.0002443999983370304, 0.010949500021524727, 0.028028100030496716, 0.04426120000425726, 0.061001299996860325, 0.07772199995815754, 0.09442300000227988, 0.11090540001168847, 0.12759489996824414, 0.1443337999517098, 0.1610163999721408, 0.17757429997436702, 0.19434879999607801, 0.2109143000561744, 0.2276366000296548, 0.24411159998271614, 0.26082880003377795, 0.2773574000457302, 0.2943173999665305, 0.3109235999872908, 0.3278615999734029, 0.34475509996991605, 0.3609924999764189, 0.3777964999899268, 0.3940463999751955, 0.41142370004672557]	218.0	306.0	1.0	19b
321	9	go_only	0	18	7	go	click	[89.0, 89.0, 113.0, 132.0, 140.0, 148.0, 158.0, 165.0, 167.0, 167.0, 167.0, 167.0, 167.0, 167.0, 167.0, 167.0, 167.0, 167.0, 167.0, 167.0, 167.0, 169.0, 172.0, 173.0, 173.0]	[-132.0, -132.0, 46.0, 157.0, 196.0, 234.0, 271.0, 297.0, 311.0, 313.0, 313.0, 314.0, 315.0, 315.0, 315.0, 315.0, 315.0, 315.0, 315.0, 315.0, 314.0, 310.0, 306.0, 305.0, 305.0]	[0, 0, 0, 0, 0, 0, 0, 0, 0, 0, 0, 0, 0, 0, 0, 0, 0, 0, 0, 0, 0, 0, 0, 0, 1]	[0, 0, 0, 0, 0, 0, 0, 0, 0, 0, 0, 0, 0, 0, 0, 0, 0, 0, 0, 0, 0, 0, 0, 0, 0]	[0, 0, 0, 0, 0, 0, 0, 0, 0, 0, 0, 0, 0, 0, 0, 0, 0, 0, 0, 0, 0, 0, 0, 0, 0]	[0.00012139999307692051, 0.010538999922573566, 0.027371799922548234, 0.04374999995343387, 0.06031779991462827, 0.07725849992129952, 0.09364159998949617, 0.11029939993750304, 0.12711709993891418, 0.14333979994989932, 0.16055649996269494, 0.17712799995206296, 0.1934376999270171, 0.2103833999717608, 0.22683279996272177, 0.2434024999383837, 0.2601970999967307, 0.2767130999127403, 0.293557700002566, 0.31035699998028576, 0.3269400999415666, 0.3435265999287367, 0.36039879999589175, 0.3771116000134498, 0.39360690000467]	173.0	305.0	1.0	19b
322	9	go_only	0	18	8	go	click	[52.0, 52.0, 65.0, 98.0, 118.0, 139.0, 147.0, 154.0, 161.0, 165.0, 171.0, 173.0, 174.0, 175.0, 175.0, 175.0, 175.0, 175.0, 175.0, 178.0, 180.0]	[-222.0, -222.0, -162.0, -44.0, 52.0, 121.0, 158.0, 185.0, 206.0, 218.0, 230.0, 234.0, 239.0, 246.0, 248.0, 248.0, 248.0, 248.0, 248.0, 255.0, 262.0]	[0, 0, 0, 0, 0, 0, 0, 0, 0, 0, 0, 0, 0, 0, 0, 0, 0, 0, 0, 0, 1]	[0, 0, 0, 0, 0, 0, 0, 0, 0, 0, 0, 0, 0, 0, 0, 0, 0, 0, 0, 0, 0]	[0, 0, 0, 0, 0, 0, 0, 0, 0, 0, 0, 0, 0, 0, 0, 0, 0, 0, 0, 0, 0]	[0.00020309991668909788, 0.009229299961589277, 0.02578589995391667, 0.042463499936275184, 0.05911899998318404, 0.07584209996275604, 0.09267159993760288, 0.1089782000053674, 0.12590789992827922, 0.14272469992283732, 0.15968179993797094, 0.17620629991870373, 0.19261439994443208, 0.20918739994522184, 0.22544740000739694, 0.24223259999416769, 0.2589485999196768, 0.27543279994279146, 0.29202429996803403, 0.3088556999573484, 0.32560939993709326]	180.0	262.0	0.5	19b
323	9	go_only	0	18	4	go	click	[50.0, 50.0, 97.0, 132.0, 156.0, 170.0, 180.0, 186.0, 189.0, 191.0, 191.0, 192.0, 194.0, 199.0, 201.0, 201.0, 201.0, 201.0, 200.0, 200.0, 200.0, 200.0, 200.0, 199.0, 197.0, 194.0, 193.0, 192.0, 192.0, 192.0]	[-250.0, -250.0, -111.0, 46.0, 162.0, 219.0, 253.0, 276.0, 301.0, 323.0, 335.0, 345.0, 352.0, 363.0, 364.0, 364.0, 362.0, 361.0, 360.0, 360.0, 360.0, 359.0, 357.0, 354.0, 348.0, 340.0, 331.0, 323.0, 321.0, 321.0]	[0, 0, 0, 0, 0, 0, 0, 0, 0, 0, 0, 0, 0, 0, 0, 0, 0, 0, 0, 0, 0, 0, 0, 0, 0, 0, 0, 0, 0, 1]	[0, 0, 0, 0, 0, 0, 0, 0, 0, 0, 0, 0, 0, 0, 0, 0, 0, 0, 0, 0, 0, 0, 0, 0, 0, 0, 0, 0, 0, 0]	[0, 0, 0, 0, 0, 0, 0, 0, 0, 0, 0, 0, 0, 0, 0, 0, 0, 0, 0, 0, 0, 0, 0, 0, 0, 0, 0, 0, 0, 0]	[0.00018970004748553038, 0.011735899955965579, 0.02812519995495677, 0.04453109996393323, 0.0613285000436008, 0.07805619994178414, 0.09511300001759082, 0.11134489998221397, 0.12808699999004602, 0.1446573999710381, 0.16151000000536442, 0.17808230000082403, 0.1948666999815032, 0.21142930001951754, 0.2280336000258103, 0.24513000005390495, 0.2614014999708161, 0.2784356999909505, 0.29454419994726777, 0.31148150004446507, 0.3281602000351995, 0.34493699995800853, 0.36166239995509386, 0.37850130000151694, 0.3950712999794632, 0.4121080000186339, 0.4282189999939874, 0.4449252999620512, 0.4613851000322029, 0.47861550003290176]	192.0	321.0	0.7	19b
324	9	go_only	0	18	3	go	click	[44.0, 44.0, 44.0, 46.0, 51.0, 59.0, 63.0, 67.0, 70.0, 73.0, 77.0, 80.0, 81.0, 83.0, 83.0, 83.0, 83.0, 83.0, 91.0, 105.0, 116.0, 132.0, 152.0, 170.0, 178.0, 183.0, 185.0, 187.0, 187.0]	[-234.0, -234.0, -197.0, -103.0, -7.0, 87.0, 127.0, 157.0, 182.0, 201.0, 216.0, 224.0, 229.0, 232.0, 232.0, 232.0, 232.0, 233.0, 233.0, 235.0, 239.0, 246.0, 259.0, 274.0, 286.0, 294.0, 301.0, 303.0, 304.0]	[0, 0, 0, 0, 0, 0, 0, 0, 0, 0, 0, 0, 0, 0, 0, 0, 0, 0, 0, 0, 0, 0, 0, 0, 0, 0, 0, 0, 1]	[0, 0, 0, 0, 0, 0, 0, 0, 0, 0, 0, 0, 0, 0, 0, 0, 0, 0, 0, 0, 0, 0, 0, 0, 0, 0, 0, 0, 0]	[0, 0, 0, 0, 0, 0, 0, 0, 0, 0, 0, 0, 0, 0, 0, 0, 0, 0, 0, 0, 0, 0, 0, 0, 0, 0, 0, 0, 0]	[0.0002609000075608492, 0.010577399982139468, 0.027096900041215122, 0.04405669996049255, 0.06091070000547916, 0.07731830002740026, 0.09409529995173216, 0.11088489997200668, 0.1272222000407055, 0.14392569998744875, 0.16052190004847944, 0.17703979997895658, 0.19374939997214824, 0.21022020000964403, 0.22704909997992218, 0.2435647000093013, 0.26038380002137274, 0.27757709997240454, 0.2939123000251129, 0.3108189000049606, 0.3270236999960616, 0.34377080004196614, 0.3603145000524819, 0.3774167000083253, 0.3934999000048265, 0.4101012999890372, 0.42713770002592355, 0.44378760003019124, 0.4606376000447199]	187.0	304.0	0.5	19b
325	9	go_only	0	18	3	go	click	[53.0, 56.0, 61.0, 73.0, 87.0, 106.0, 127.0, 142.0, 151.0, 157.0, 167.0, 170.0, 171.0, 171.0, 173.0, 174.0, 175.0, 176.0, 176.0, 176.0, 176.0, 176.0, 176.0, 176.0]	[-295.0, -286.0, -273.0, -242.0, -175.0, -61.0, 55.0, 102.0, 133.0, 156.0, 191.0, 220.0, 242.0, 256.0, 267.0, 278.0, 292.0, 297.0, 297.0, 297.0, 297.0, 297.0, 297.0, 297.0]	[0, 0, 0, 0, 0, 0, 0, 0, 0, 0, 0, 0, 0, 0, 0, 0, 0, 0, 0, 0, 0, 0, 0, 1]	[0, 0, 0, 0, 0, 0, 0, 0, 0, 0, 0, 0, 0, 0, 0, 0, 0, 0, 0, 0, 0, 0, 0, 0]	[0, 0, 0, 0, 0, 0, 0, 0, 0, 0, 0, 0, 0, 0, 0, 0, 0, 0, 0, 0, 0, 0, 0, 0]	[0.00013079994823783636, 0.010966099915094674, 0.027315399958752096, 0.04417859995737672, 0.060812999960035086, 0.07736389990895987, 0.0939715999411419, 0.11054849997162819, 0.12729819992091507, 0.14425459993071854, 0.16102429991587996, 0.17773939995095134, 0.1941318999743089, 0.21051739994436502, 0.22733529994729906, 0.24436649994459003, 0.26051920000463724, 0.2771200999850407, 0.29394919995684177, 0.3104053999995813, 0.3272275999188423, 0.34374359995126724, 0.36053619999438524, 0.37729839992243797]	176.0	297.0	0.9	19b
326	9	go_only	0	18	6	go	click	[43.0, 54.0, 68.0, 92.0, 112.0, 121.0, 126.0, 132.0, 139.0, 147.0, 153.0, 159.0, 161.0, 161.0, 162.0, 163.0, 163.0, 163.0, 163.0, 163.0, 164.0, 166.0, 166.0, 166.0]	[-282.0, -230.0, -170.0, -50.0, 38.0, 85.0, 125.0, 166.0, 204.0, 235.0, 252.0, 266.0, 270.0, 272.0, 274.0, 274.0, 274.0, 274.0, 274.0, 274.0, 280.0, 283.0, 284.0, 284.0]	[0, 0, 0, 0, 0, 0, 0, 0, 0, 0, 0, 0, 0, 0, 0, 0, 0, 0, 0, 0, 0, 0, 0, 1]	[0, 0, 0, 0, 0, 0, 0, 0, 0, 0, 0, 0, 0, 0, 0, 0, 0, 0, 0, 0, 0, 0, 0, 0]	[0, 0, 0, 0, 0, 0, 0, 0, 0, 0, 0, 0, 0, 0, 0, 0, 0, 0, 0, 0, 0, 0, 0, 0]	[0.00012600002810359, 0.00983340002130717, 0.02666420000605285, 0.04337089997716248, 0.05990380002185702, 0.07636039995122701, 0.09345459996256977, 0.10989910003263503, 0.12643850001040846, 0.14310909993946552, 0.1599782999837771, 0.17673299997113645, 0.19317250000312924, 0.20967379992362112, 0.22656999994069338, 0.24302679998800159, 0.2597033999627456, 0.27636030002031475, 0.29326920001767576, 0.3099122999701649, 0.32657309994101524, 0.3432774000102654, 0.3595259999856353, 0.37617399997543544]	166.0	284.0	0.7	19b
327	9	go_only	0	18	7	go	click	[1.0, 1.0, 14.0, 51.0, 85.0, 119.0, 140.0, 154.0, 165.0, 171.0, 173.0, 174.0, 177.0, 180.0, 183.0, 184.0, 186.0, 190.0, 195.0, 196.0, 196.0, 196.0, 196.0, 195.0, 193.0, 191.0, 186.0, 186.0, 186.0, 186.0]	[-221.0, -221.0, -168.0, -61.0, 38.0, 160.0, 223.0, 263.0, 292.0, 307.0, 315.0, 323.0, 332.0, 342.0, 348.0, 354.0, 360.0, 366.0, 371.0, 371.0, 371.0, 369.0, 365.0, 360.0, 352.0, 343.0, 329.0, 320.0, 313.0, 310.0]	[0, 0, 0, 0, 0, 0, 0, 0, 0, 0, 0, 0, 0, 0, 0, 0, 0, 0, 0, 0, 0, 0, 0, 0, 0, 0, 0, 0, 0, 1]	[0, 0, 0, 0, 0, 0, 0, 0, 0, 0, 0, 0, 0, 0, 0, 0, 0, 0, 0, 0, 0, 0, 0, 0, 0, 0, 0, 0, 0, 0]	[0, 0, 0, 0, 0, 0, 0, 0, 0, 0, 0, 0, 0, 0, 0, 0, 0, 0, 0, 0, 0, 0, 0, 0, 0, 0, 0, 0, 0, 0]	[0.00021540001034736633, 0.012201400008052588, 0.028469599899835885, 0.04520089994184673, 0.06235429993830621, 0.07911129994317889, 0.09521219995804131, 0.11202479992061853, 0.12844140001107007, 0.14525289996527135, 0.16219029994681478, 0.17871110001578927, 0.19548989995382726, 0.21186569996643811, 0.22847089997958392, 0.24514449993148446, 0.26160779991187155, 0.2786559999221936, 0.2951393999392167, 0.3115126999327913, 0.32861669990234077, 0.3453123999061063, 0.3619224999565631, 0.3785470000002533, 0.3956533999880776, 0.4122189999325201, 0.4285235999850556, 0.4455994999734685, 0.4622110999189317, 0.47875309991650283]	186.0	310.0	1.0	19b
328	9	go_only	0	18	7	go	click	[52.0, 66.0, 76.0, 95.0, 123.0, 146.0, 155.0, 164.0, 168.0, 174.0, 183.0, 190.0, 198.0, 203.0, 204.0, 204.0, 206.0, 210.0, 214.0, 216.0, 219.0, 219.0, 220.0, 221.0, 222.0, 224.0, 224.0]	[-257.0, -233.0, -217.0, -181.0, -116.0, -50.0, -13.0, 16.0, 42.0, 67.0, 98.0, 123.0, 144.0, 154.0, 157.0, 158.0, 161.0, 170.0, 189.0, 215.0, 236.0, 248.0, 261.0, 270.0, 279.0, 287.0, 290.0]	[0, 0, 0, 0, 0, 0, 0, 0, 0, 0, 0, 0, 0, 0, 0, 0, 0, 0, 0, 0, 0, 0, 0, 0, 0, 0, 1]	[0, 0, 0, 0, 0, 0, 0, 0, 0, 0, 0, 0, 0, 0, 0, 0, 0, 0, 0, 0, 0, 0, 0, 0, 0, 0, 0]	[0, 0, 0, 0, 0, 0, 0, 0, 0, 0, 0, 0, 0, 0, 0, 0, 0, 0, 0, 0, 0, 0, 0, 0, 0, 0, 0]	[0.00010529998689889908, 0.012763199978508055, 0.029287999961525202, 0.046108299982734025, 0.06271009996999055, 0.07945850002579391, 0.0963299999712035, 0.1129998000105843, 0.12939150002785027, 0.14594870002474636, 0.16276570002082735, 0.17932839994318783, 0.1959274000255391, 0.21279020002111793, 0.22943489998579025, 0.24605509999673814, 0.2626412999816239, 0.27994429995305836, 0.29660799994599074, 0.3129893000004813, 0.329424099996686, 0.3459858000278473, 0.36256020003929734, 0.37919650005642325, 0.3959624000126496, 0.4126119000138715, 0.4294113999931142]	224.0	290.0	0.9	19b
329	9	go_only	0	18	6	go	click	[40.0, 55.0, 67.0, 92.0, 114.0, 126.0, 131.0, 134.0, 138.0, 142.0, 142.0, 142.0, 144.0, 145.0, 145.0, 145.0, 147.0, 148.0, 152.0, 155.0, 158.0, 162.0, 168.0, 172.0, 172.0]	[-168.0, -84.0, 3.0, 185.0, 328.0, 386.0, 407.0, 424.0, 441.0, 457.0, 458.0, 459.0, 460.0, 460.0, 460.0, 460.0, 438.0, 396.0, 364.0, 337.0, 317.0, 298.0, 284.0, 278.0, 278.0]	[0, 0, 0, 0, 0, 0, 0, 0, 0, 0, 0, 0, 0, 0, 0, 0, 0, 0, 0, 0, 0, 0, 0, 0, 1]	[0, 0, 0, 0, 0, 0, 0, 0, 0, 0, 0, 0, 0, 0, 0, 0, 0, 0, 0, 0, 0, 0, 0, 0, 0]	[0, 0, 0, 0, 0, 0, 0, 0, 0, 0, 0, 0, 0, 0, 0, 0, 0, 0, 0, 0, 0, 0, 0, 0, 0]	[8.010002784430981e-05, 0.009312400012277067, 0.026038500014692545, 0.04285500000696629, 0.05952210002578795, 0.07609290000982583, 0.09292710002046078, 0.10944359994027764, 0.12662769993767142, 0.14276920002885163, 0.15921059995889664, 0.17623800004366785, 0.19270779995713383, 0.2091411999426782, 0.2258119999896735, 0.2427529999986291, 0.25928739993833005, 0.275911399978213, 0.292520200018771, 0.30943839997053146, 0.32585799996741116, 0.3425423000007868, 0.3593265999807045, 0.37576950003858656, 0.3926748000085354]	172.0	278.0	0.9	19b
330	9	go_only	0	18	8	go	click	[51.0, 51.0, 69.0, 105.0, 161.0, 188.0, 206.0, 218.0, 224.0, 226.0, 226.0, 226.0, 226.0, 226.0, 226.0, 226.0, 226.0, 226.0, 226.0, 225.0, 219.0, 208.0, 189.0, 177.0, 173.0, 173.0, 173.0]	[-244.0, -244.0, -198.0, -102.0, 55.0, 141.0, 196.0, 229.0, 248.0, 252.0, 252.0, 252.0, 252.0, 252.0, 252.0, 252.0, 252.0, 252.0, 252.0, 252.0, 254.0, 262.0, 279.0, 297.0, 305.0, 308.0, 308.0]	[0, 0, 0, 0, 0, 0, 0, 0, 0, 0, 0, 0, 0, 0, 0, 0, 0, 0, 0, 0, 0, 0, 0, 0, 0, 0, 1]	[0, 0, 0, 0, 0, 0, 0, 0, 0, 0, 0, 0, 0, 0, 0, 0, 0, 0, 0, 0, 0, 0, 0, 0, 0, 0, 0]	[0, 0, 0, 0, 0, 0, 0, 0, 0, 0, 0, 0, 0, 0, 0, 0, 0, 0, 0, 0, 0, 0, 0, 0, 0, 0, 0]	[0.00019459996838122606, 0.011214599944651127, 0.027690100017935038, 0.04448539996519685, 0.061554100015200675, 0.07795700000133365, 0.09482060000300407, 0.11124689993448555, 0.1278631000313908, 0.14406860002782196, 0.16112910001538694, 0.17748069996014237, 0.19422229996416718, 0.210751699982211, 0.22728120000101626, 0.24406509997788817, 0.2609049000311643, 0.2776431000092998, 0.29452220001257956, 0.3112874999642372, 0.32762549992185086, 0.34450080001261085, 0.36101069999858737, 0.3775466999504715, 0.3943708000006154, 0.4105559999588877, 0.4277685999404639]	173.0	308.0	0.5	19b
331	10	go_nogo	0	60	7	go	click	[51.0, 51.0, 61.0, 69.0, 75.0, 85.0, 92.0, 100.0, 108.0, 116.0, 120.0, 122.0, 126.0, 130.0, 131.0, 131.0, 131.0, 131.0, 131.0, 134.0, 138.0, 142.0, 147.0, 155.0, 160.0, 165.0, 169.0, 173.0, 174.0, 175.0]	[-215.0, -215.0, -175.0, -105.0, -56.0, 4.0, 47.0, 86.0, 117.0, 138.0, 151.0, 160.0, 172.0, 180.0, 182.0, 182.0, 182.0, 182.0, 183.0, 191.0, 202.0, 214.0, 229.0, 247.0, 260.0, 272.0, 285.0, 295.0, 300.0, 300.0]	[0, 0, 0, 0, 0, 0, 0, 0, 0, 0, 0, 0, 0, 0, 0, 0, 0, 0, 0, 0, 0, 0, 0, 0, 0, 0, 0, 0, 0, 1]	[0, 0, 0, 0, 0, 0, 0, 0, 0, 0, 0, 0, 0, 0, 0, 0, 0, 0, 0, 0, 0, 0, 0, 0, 0, 0, 0, 0, 0, 0]	[0, 0, 0, 0, 0, 0, 0, 0, 0, 0, 0, 0, 0, 0, 0, 0, 0, 0, 0, 0, 0, 0, 0, 0, 0, 0, 0, 0, 0, 0]	[0.00018670002464205027, 0.009469999931752682, 0.025951199932023883, 0.04277729999739677, 0.05964350001886487, 0.07609079999383539, 0.09300280001480132, 0.10942220001015812, 0.125818399945274, 0.14249629992991686, 0.1590786000015214, 0.175920799956657, 0.19278319994919002, 0.20942620001733303, 0.2256311000091955, 0.2423673999728635, 0.2591919000260532, 0.2757145999930799, 0.292918200022541, 0.30976580001879483, 0.3259388000005856, 0.3424443999538198, 0.35903459996916354, 0.3758805999532342, 0.39248449995648116, 0.409265200025402, 0.4255765000125393, 0.4423106999602169, 0.4592117000138387, 0.47616600000765175]	175.0	300.0	0.6	19b
332	10	go_nogo	0	60	1	nogo	none	[38.0, 38.0, 65.0, 90.0, 104.0, 111.0, 116.0, 120.0, 123.0, 128.0, 132.0, 135.0, 139.0, 142.0, 143.0, 143.0, 143.0, 144.0, 145.0, 146.0, 149.0, 151.0, 154.0, 156.0, 158.0, 162.0, 164.0, 168.0, 175.0, 181.0, 188.0, 189.0, 189.0, 189.0, 189.0, 189.0, 189.0, 189.0, 189.0, 189.0, 189.0, 189.0, 189.0, 189.0, 189.0, 189.0, 189.0, 189.0, 189.0, 189.0, 189.0, 189.0, 189.0, 189.0, 189.0, 189.0, 189.0, 189.0, 189.0, 189.0, 189.0, 189.0, 189.0, 189.0, 189.0, 189.0, 189.0, 189.0, 189.0, 189.0, 189.0, 189.0, 189.0, 189.0]	[-215.0, -215.0, -147.0, -84.0, -37.0, -1.0, 29.0, 54.0, 77.0, 99.0, 116.0, 129.0, 153.0, 172.0, 180.0, 182.0, 184.0, 186.0, 193.0, 202.0, 216.0, 229.0, 238.0, 246.0, 254.0, 265.0, 271.0, 279.0, 290.0, 302.0, 311.0, 314.0, 314.0, 315.0, 315.0, 315.0, 315.0, 315.0, 315.0, 315.0, 315.0, 315.0, 315.0, 315.0, 315.0, 315.0, 315.0, 315.0, 315.0, 315.0, 315.0, 315.0, 315.0, 315.0, 315.0, 315.0, 315.0, 315.0, 315.0, 315.0, 315.0, 315.0, 315.0, 315.0, 315.0, 315.0, 315.0, 315.0, 315.0, 315.0, 315.0, 315.0, 315.0, 315.0]	[0, 0, 0, 0, 0, 0, 0, 0, 0, 0, 0, 0, 0, 0, 0, 0, 0, 0, 0, 0, 0, 0, 0, 0, 0, 0, 0, 0, 0, 0, 0, 0, 0, 0, 0, 0, 0, 0, 0, 0, 0, 0, 0, 0, 0, 0, 0, 0, 0, 0, 0, 0, 0, 0, 0, 0, 0, 0, 0, 0, 0, 0, 0, 0, 0, 0, 0, 0, 0, 0, 0, 0, 0, 0]	[0, 0, 0, 0, 0, 0, 0, 0, 0, 0, 0, 0, 0, 0, 0, 0, 0, 0, 0, 0, 0, 0, 0, 0, 0, 0, 0, 0, 0, 0, 0, 0, 0, 0, 0, 0, 0, 0, 0, 0, 0, 0, 0, 0, 0, 0, 0, 0, 0, 0, 0, 0, 0, 0, 0, 0, 0, 0, 0, 0, 0, 0, 0, 0, 0, 0, 0, 0, 0, 0, 0, 0, 0, 0]	[0, 0, 0, 0, 0, 0, 0, 0, 0, 0, 0, 0, 0, 0, 0, 0, 0, 0, 0, 0, 0, 0, 0, 0, 0, 0, 0, 0, 0, 0, 0, 0, 0, 0, 0, 0, 0, 0, 0, 0, 0, 0, 0, 0, 0, 0, 0, 0, 0, 0, 0, 0, 0, 0, 0, 0, 0, 0, 0, 0, 0, 0, 0, 0, 0, 0, 0, 0, 0, 0, 0, 0, 0, 0]	[0.0002104000886902213, 0.012071400065906346, 0.02814340009354055, 0.04505570000037551, 0.06159870000556111, 0.07798200007528067, 0.09487500006798655, 0.11139640002511442, 0.12811540008988231, 0.14488640008494258, 0.1615502000786364, 0.17812500009313226, 0.19495150004513562, 0.2115821000188589, 0.22820420004427433, 0.24508950009476393, 0.26134940003976226, 0.27805580000858754, 0.2960844000335783, 0.31114690005779266, 0.3279638000531122, 0.3446724000386894, 0.3614262000191957, 0.3780294000171125, 0.3947958000935614, 0.4116463999962434, 0.4280739000532776, 0.4446167000569403, 0.46123170002829283, 0.4779641000786796, 0.4946314000990242, 0.5111580000957474, 0.5279610001016408, 0.544461700017564, 0.5611625000601634, 0.5777102001011372, 0.5945268000941724, 0.6110893000150099, 0.6277666999958456, 0.6444442000938579, 0.6612900000764057, 0.6779921000124887, 0.6944006000412628, 0.7111438000574708, 0.7278695000568405, 0.7444809000007808, 0.7610137000447139, 0.7777740000747144, 0.794614200014621, 0.8111885000253096, 0.8278771000914276, 0.8445495000341907, 0.8610101999947801, 0.8776155000086874, 0.8942208000225946, 0.9109887999948114, 0.9276041000848636, 0.9442495000548661, 0.9613258000463247, 0.9778093000641093, 0.9945010000374168, 1.0111377000575885, 1.027803000062704, 1.0443487000884488, 1.0609668000834063, 1.077601300086826, 1.0943131000967696, 1.1110205000732094, 1.1276566000888124, 1.1443795000668615, 1.1609304000157863, 1.1776646000798792, 1.194188900059089, 1.2109202001011]	n/a	n/a	0.6	19b
333	10	go_nogo	0	60	3	go	click	[37.0, 37.0, 51.0, 78.0, 95.0, 119.0, 138.0, 155.0, 164.0, 170.0, 174.0, 177.0, 183.0, 187.0, 191.0, 193.0, 194.0, 198.0, 200.0, 205.0, 210.0, 212.0, 212.0, 212.0, 212.0]	[-264.0, -264.0, -227.0, -148.0, -97.0, -34.0, 28.0, 89.0, 133.0, 156.0, 172.0, 186.0, 202.0, 217.0, 232.0, 239.0, 241.0, 253.0, 272.0, 298.0, 317.0, 326.0, 328.0, 328.0, 328.0]	[0, 0, 0, 0, 0, 0, 0, 0, 0, 0, 0, 0, 0, 0, 0, 0, 0, 0, 0, 0, 0, 0, 0, 0, 1]	[0, 0, 0, 0, 0, 0, 0, 0, 0, 0, 0, 0, 0, 0, 0, 0, 0, 0, 0, 0, 0, 0, 0, 0, 0]	[0, 0, 0, 0, 0, 0, 0, 0, 0, 0, 0, 0, 0, 0, 0, 0, 0, 0, 0, 0, 0, 0, 0, 0, 0]	[0.0002074999501928687, 0.012421899940818548, 0.02850129990838468, 0.04535789997316897, 0.06214099994394928, 0.07969069993123412, 0.09549969993531704, 0.1119982999516651, 0.12880549998953938, 0.14531229995191097, 0.16193750000093132, 0.17841669998597354, 0.19530629995279014, 0.21182019996922463, 0.22858929994981736, 0.2453838000074029, 0.26178279996383935, 0.27902729995548725, 0.29513999994378537, 0.3120440000202507, 0.3284634000156075, 0.34526329999789596, 0.3616138999350369, 0.3785595999797806, 0.39544599992223084]	212.0	328.0	0.5	19b
334	10	go_nogo	0	60	2	go	click	[55.0, 55.0, 91.0, 129.0, 155.0, 170.0, 181.0, 186.0, 189.0, 190.0, 191.0, 191.0, 191.0, 192.0, 192.0, 192.0, 192.0, 192.0, 192.0]	[-222.0, -222.0, -104.0, 7.0, 100.0, 164.0, 212.0, 245.0, 266.0, 276.0, 281.0, 283.0, 283.0, 288.0, 290.0, 291.0, 291.0, 291.0, 291.0]	[0, 0, 0, 0, 0, 0, 0, 0, 0, 0, 0, 0, 0, 0, 0, 0, 0, 0, 1]	[0, 0, 0, 0, 0, 0, 0, 0, 0, 0, 0, 0, 0, 0, 0, 0, 0, 0, 0]	[0, 0, 0, 0, 0, 0, 0, 0, 0, 0, 0, 0, 0, 0, 0, 0, 0, 0, 0]	[9.089999366551638e-05, 0.012808799976482987, 0.02832979999948293, 0.044866399955935776, 0.06165139994118363, 0.07845499995164573, 0.09505279990844429, 0.11171809991355985, 0.12840359995607287, 0.145165599999018, 0.16197739995550364, 0.17806379997637123, 0.1951390999602154, 0.21177729999180883, 0.22832909994758666, 0.24528149992693216, 0.26173079991713166, 0.2784047999884933, 0.29526939999777824]	192.0	291.0	0.7	19b
335	10	go_nogo	0	60	3	go	click	[54.0, 54.0, 78.0, 97.0, 107.0, 113.0, 119.0, 124.0, 126.0, 129.0, 131.0, 132.0, 134.0, 136.0, 143.0, 150.0, 161.0, 170.0, 177.0, 182.0, 187.0, 188.0, 189.0, 189.0]	[-186.0, -186.0, -70.0, 14.0, 76.0, 123.0, 154.0, 176.0, 190.0, 194.0, 199.0, 203.0, 205.0, 211.0, 220.0, 238.0, 263.0, 289.0, 302.0, 311.0, 317.0, 320.0, 320.0, 320.0]	[0, 0, 0, 0, 0, 0, 0, 0, 0, 0, 0, 0, 0, 0, 0, 0, 0, 0, 0, 0, 0, 0, 0, 1]	[0, 0, 0, 0, 0, 0, 0, 0, 0, 0, 0, 0, 0, 0, 0, 0, 0, 0, 0, 0, 0, 0, 0, 0]	[0, 0, 0, 0, 0, 0, 0, 0, 0, 0, 0, 0, 0, 0, 0, 0, 0, 0, 0, 0, 0, 0, 0, 0]	[0.0002389999572187662, 0.011532099917531013, 0.028125899960286915, 0.04501100000925362, 0.06157080002594739, 0.07818329997826368, 0.09490859997458756, 0.11167289991863072, 0.1281861999304965, 0.14509140001609921, 0.16153839998878539, 0.17805779993068427, 0.19490280002355576, 0.21182329999282956, 0.22825369995553046, 0.24477290001232177, 0.2613878999836743, 0.2781245999503881, 0.29499869991559535, 0.3114962999243289, 0.32812189997639507, 0.3447108999826014, 0.36116680002305657, 0.3784723000135273]	189.0	320.0	0.7	19b
336	10	go_nogo	0	60	1	nogo	none	[68.0, 68.0, 86.0, 105.0, 125.0, 140.0, 149.0, 156.0, 160.0, 165.0, 169.0, 175.0, 180.0, 182.0, 183.0, 183.0, 183.0, 183.0, 186.0, 189.0, 193.0, 194.0, 194.0, 194.0, 194.0, 193.0, 192.0, 192.0, 192.0, 192.0, 192.0, 192.0, 192.0, 192.0, 192.0, 192.0, 192.0, 192.0, 192.0, 192.0, 192.0, 192.0, 192.0, 192.0, 192.0, 192.0, 192.0, 192.0, 192.0, 192.0, 192.0, 192.0, 192.0, 192.0, 192.0, 192.0, 192.0, 192.0, 192.0, 192.0, 192.0, 192.0, 192.0, 192.0]	[-245.0, -245.0, -172.0, -96.0, -22.0, 42.0, 86.0, 115.0, 134.0, 147.0, 160.0, 172.0, 192.0, 203.0, 205.0, 205.0, 205.0, 209.0, 222.0, 239.0, 252.0, 255.0, 255.0, 255.0, 254.0, 253.0, 252.0, 251.0, 251.0, 251.0, 251.0, 251.0, 251.0, 251.0, 251.0, 251.0, 251.0, 251.0, 251.0, 251.0, 251.0, 251.0, 251.0, 251.0, 251.0, 251.0, 251.0, 251.0, 251.0, 251.0, 251.0, 251.0, 251.0, 251.0, 251.0, 251.0, 251.0, 251.0, 251.0, 251.0, 251.0, 251.0, 251.0, 251.0]	[0, 0, 0, 0, 0, 0, 0, 0, 0, 0, 0, 0, 0, 0, 0, 0, 0, 0, 0, 0, 0, 0, 0, 0, 0, 0, 0, 0, 0, 0, 0, 0, 0, 0, 0, 0, 0, 0, 0, 0, 0, 0, 0, 0, 0, 0, 0, 0, 0, 0, 0, 0, 0, 0, 0, 0, 0, 0, 0, 0, 0, 0, 0, 0]	[0, 0, 0, 0, 0, 0, 0, 0, 0, 0, 0, 0, 0, 0, 0, 0, 0, 0, 0, 0, 0, 0, 0, 0, 0, 0, 0, 0, 0, 0, 0, 0, 0, 0, 0, 0, 0, 0, 0, 0, 0, 0, 0, 0, 0, 0, 0, 0, 0, 0, 0, 0, 0, 0, 0, 0, 0, 0, 0, 0, 0, 0, 0, 0]	[0, 0, 0, 0, 0, 0, 0, 0, 0, 0, 0, 0, 0, 0, 0, 0, 0, 0, 0, 0, 0, 0, 0, 0, 0, 0, 0, 0, 0, 0, 0, 0, 0, 0, 0, 0, 0, 0, 0, 0, 0, 0, 0, 0, 0, 0, 0, 0, 0, 0, 0, 0, 0, 0, 0, 0, 0, 0, 0, 0, 0, 0, 0, 0]	[0.0002850000746548176, 0.011529200011864305, 0.027616500039584935, 0.04403960006311536, 0.06071460002567619, 0.07741440006066114, 0.09428080008365214, 0.11087019997648895, 0.1275999000063166, 0.14426329999696463, 0.1606330000795424, 0.1774401000002399, 0.19399679999332875, 0.21087880001869053, 0.22731810004916042, 0.24391399999149144, 0.26075540005695075, 0.27740470005664974, 0.2944649000419304, 0.3109648000681773, 0.32750790007412434, 0.34413610002957284, 0.3607802999904379, 0.37786790006794035, 0.39415379997808486, 0.41082500002812594, 0.4274596000323072, 0.4439737000502646, 0.4606059000361711, 0.4773607000242919, 0.4941882999846712, 0.5105733000673354, 0.5273131000576541, 0.543976700049825, 0.560522900079377, 0.5772083000047132, 0.5939953000051901, 0.6105283000506461, 0.6272731000790372, 0.6437664000550285, 0.6604624000610784, 0.6772869999986142, 0.6937015000730753, 0.7104012999916449, 0.7270310000749305, 0.7439331000205129, 0.7604833000805229, 0.7769825999857858, 0.7938724000705406, 0.8103245000820607, 0.8269992000423372, 0.843644000007771, 0.8604275999823585, 0.8770924999844283, 0.8935941000236198, 0.9105101000750437, 0.9271696000359952, 0.9436113000847399, 0.960269600036554, 0.9770631000865251, 0.9937226000474766, 1.0105169999878854, 1.027122600004077, 1.0435815000673756]	n/a	n/a	0.7	19b
337	10	go_nogo	0	60	6	go	click	[17.0, 19.0, 27.0, 54.0, 77.0, 91.0, 101.0, 112.0, 124.0, 128.0, 132.0, 134.0, 136.0, 137.0, 137.0, 137.0, 137.0, 138.0, 142.0, 146.0, 151.0, 156.0, 158.0, 165.0, 168.0, 169.0, 170.0]	[-283.0, -225.0, -170.0, -65.0, 9.0, 52.0, 87.0, 116.0, 148.0, 158.0, 168.0, 176.0, 181.0, 184.0, 184.0, 184.0, 184.0, 187.0, 199.0, 217.0, 235.0, 257.0, 265.0, 276.0, 286.0, 293.0, 293.0]	[0, 0, 0, 0, 0, 0, 0, 0, 0, 0, 0, 0, 0, 0, 0, 0, 0, 0, 0, 0, 0, 0, 0, 0, 0, 0, 1]	[0, 0, 0, 0, 0, 0, 0, 0, 0, 0, 0, 0, 0, 0, 0, 0, 0, 0, 0, 0, 0, 0, 0, 0, 0, 0, 0]	[0, 0, 0, 0, 0, 0, 0, 0, 0, 0, 0, 0, 0, 0, 0, 0, 0, 0, 0, 0, 0, 0, 0, 0, 0, 0, 0]	[7.700000423938036e-05, 0.011217599967494607, 0.027609999990090728, 0.044220900046639144, 0.06104619998950511, 0.07783259998541325, 0.09487400006037205, 0.11102800001390278, 0.12767750001512468, 0.14464040007442236, 0.16126750002149493, 0.17773610004223883, 0.19434970000293106, 0.21067239996045828, 0.22744080005213618, 0.24454330001026392, 0.26107330003287643, 0.27780030004214495, 0.29437740007415414, 0.3109271000139415, 0.32757500000298023, 0.34425810002721846, 0.3612274000188336, 0.3775017000734806, 0.3942475999938324, 0.41086950001772493, 0.4279714999720454]	170.0	293.0	0.8	19b
338	10	go_nogo	0	60	4	go	click	[47.0, 47.0, 62.0, 77.0, 87.0, 104.0, 127.0, 147.0, 158.0, 165.0, 169.0, 173.0, 179.0, 180.0, 180.0, 180.0, 180.0, 180.0, 180.0, 180.0, 181.0, 181.0, 181.0]	[-204.0, -204.0, -117.0, -49.0, 2.0, 67.0, 137.0, 189.0, 216.0, 236.0, 245.0, 255.0, 270.0, 272.0, 272.0, 272.0, 272.0, 272.0, 273.0, 278.0, 283.0, 285.0, 285.0]	[0, 0, 0, 0, 0, 0, 0, 0, 0, 0, 0, 0, 0, 0, 0, 0, 0, 0, 0, 0, 0, 0, 1]	[0, 0, 0, 0, 0, 0, 0, 0, 0, 0, 0, 0, 0, 0, 0, 0, 0, 0, 0, 0, 0, 0, 0]	[0, 0, 0, 0, 0, 0, 0, 0, 0, 0, 0, 0, 0, 0, 0, 0, 0, 0, 0, 0, 0, 0, 0]	[0.00023390003480017185, 0.011446700082160532, 0.027955800062045455, 0.04501740005798638, 0.061555700027383864, 0.078071300056763, 0.09503339999355376, 0.11143950000405312, 0.12807140010409057, 0.14484100008849055, 0.16133680008351803, 0.17809709999710321, 0.1947352000279352, 0.21108150004874915, 0.22794720006641, 0.24447999999392778, 0.26108140009455383, 0.27791720000095665, 0.2948453000281006, 0.31185840000398457, 0.32811210001818836, 0.34462580003309995, 0.36157470010221004]	181.0	285.0	0.5	19b
339	10	go_nogo	0	60	8	go	click	[69.0, 83.0, 93.0, 111.0, 126.0, 139.0, 151.0, 159.0, 167.0, 173.0, 175.0, 176.0, 178.0, 180.0, 181.0, 181.0, 181.0, 181.0, 181.0, 181.0, 181.0, 181.0]	[-177.0, -112.0, -57.0, 35.0, 106.0, 170.0, 222.0, 260.0, 291.0, 308.0, 315.0, 317.0, 322.0, 329.0, 332.0, 332.0, 332.0, 333.0, 333.0, 333.0, 333.0, 333.0]	[0, 0, 0, 0, 0, 0, 0, 0, 0, 0, 0, 0, 0, 0, 0, 0, 0, 0, 0, 0, 0, 1]	[0, 0, 0, 0, 0, 0, 0, 0, 0, 0, 0, 0, 0, 0, 0, 0, 0, 0, 0, 0, 0, 0]	[0, 0, 0, 0, 0, 0, 0, 0, 0, 0, 0, 0, 0, 0, 0, 0, 0, 0, 0, 0, 0, 0]	[9.200000204145908e-05, 0.00852370006032288, 0.026135200052522123, 0.04200920008588582, 0.05872080009430647, 0.07547859998885542, 0.09209070005454123, 0.10901180002838373, 0.12554909999016672, 0.14214950008317828, 0.15893310005776584, 0.17526570009067655, 0.1923951000208035, 0.20870240009389818, 0.2253089000005275, 0.24222850007936358, 0.25911860004998744, 0.2752472000429407, 0.2919198999879882, 0.3088014000095427, 0.32519970007706434, 0.34242450003512204]	181.0	333.0	0.6	19b
340	10	go_nogo	0	60	2	go	click	[32.0, 32.0, 41.0, 52.0, 59.0, 66.0, 73.0, 88.0, 98.0, 105.0, 108.0, 110.0, 112.0, 116.0, 120.0, 125.0, 135.0, 148.0, 159.0, 169.0, 176.0, 178.0, 178.0, 179.0, 179.0, 179.0, 179.0]	[-237.0, -237.0, -208.0, -154.0, -119.0, -77.0, -17.0, 43.0, 72.0, 88.0, 96.0, 101.0, 108.0, 116.0, 126.0, 134.0, 152.0, 177.0, 203.0, 226.0, 244.0, 249.0, 251.0, 252.0, 253.0, 254.0, 254.0]	[0, 0, 0, 0, 0, 0, 0, 0, 0, 0, 0, 0, 0, 0, 0, 0, 0, 0, 0, 0, 0, 0, 0, 0, 0, 0, 1]	[0, 0, 0, 0, 0, 0, 0, 0, 0, 0, 0, 0, 0, 0, 0, 0, 0, 0, 0, 0, 0, 0, 0, 0, 0, 0, 0]	[0, 0, 0, 0, 0, 0, 0, 0, 0, 0, 0, 0, 0, 0, 0, 0, 0, 0, 0, 0, 0, 0, 0, 0, 0, 0, 0]	[0.00025919999461621046, 0.010987899964675307, 0.027392399962991476, 0.04417420004028827, 0.06119769997894764, 0.07757059996947646, 0.09438609995413572, 0.110920500010252, 0.1277255000313744, 0.144342300016433, 0.1609481000341475, 0.17765620001591742, 0.19424260000232607, 0.21076559997163713, 0.22774450003635138, 0.24461559997871518, 0.2611354000400752, 0.27779439999721944, 0.294450500048697, 0.31106069998349994, 0.3278891999507323, 0.3444309999467805, 0.3610168000450358, 0.37758560001384467, 0.3945279000326991, 0.4106630999594927, 0.4277136999880895]	179.0	254.0	0.8	19b
341	10	go_nogo	0	60	3	go	click	[61.0, 61.0, 73.0, 100.0, 117.0, 129.0, 140.0, 149.0, 155.0, 155.0, 155.0, 155.0, 155.0, 156.0, 156.0, 156.0, 156.0, 156.0, 156.0, 157.0, 163.0, 168.0, 174.0, 179.0, 181.0, 181.0]	[-85.0, -85.0, -10.0, 168.0, 255.0, 314.0, 359.0, 390.0, 403.0, 407.0, 408.0, 408.0, 409.0, 412.0, 412.0, 412.0, 412.0, 408.0, 393.0, 375.0, 358.0, 342.0, 327.0, 315.0, 311.0, 310.0]	[0, 0, 0, 0, 0, 0, 0, 0, 0, 0, 0, 0, 0, 0, 0, 0, 0, 0, 0, 0, 0, 0, 0, 0, 0, 1]	[0, 0, 0, 0, 0, 0, 0, 0, 0, 0, 0, 0, 0, 0, 0, 0, 0, 0, 0, 0, 0, 0, 0, 0, 0, 0]	[0, 0, 0, 0, 0, 0, 0, 0, 0, 0, 0, 0, 0, 0, 0, 0, 0, 0, 0, 0, 0, 0, 0, 0, 0, 0]	[0.00022439996246248484, 0.01142009999603033, 0.028001700062304735, 0.04490310000255704, 0.06123980006668717, 0.077789600007236, 0.09471390000544488, 0.11142400000244379, 0.12821019999682903, 0.14497090002987534, 0.16131670004688203, 0.1781110999872908, 0.19470790005289018, 0.21120899997185916, 0.2279275000328198, 0.244477599975653, 0.26175169995985925, 0.2778933000518009, 0.2942769000073895, 0.3110449999803677, 0.32765430002473295, 0.3442944000707939, 0.3612989999819547, 0.3777329999720678, 0.39442639995831996, 0.4111317000351846]	181.0	310.0	0.9	19b
342	10	go_nogo	0	60	2	go	click	[32.0, 32.0, 51.0, 74.0, 93.0, 101.0, 110.0, 120.0, 128.0, 133.0, 138.0, 139.0, 140.0, 140.0, 140.0, 140.0, 141.0, 147.0, 157.0, 168.0, 175.0, 180.0, 180.0, 180.0, 180.0]	[-221.0, -221.0, -141.0, -48.0, 32.0, 93.0, 140.0, 177.0, 202.0, 216.0, 227.0, 231.0, 234.0, 235.0, 235.0, 235.0, 238.0, 252.0, 272.0, 289.0, 298.0, 301.0, 302.0, 302.0, 302.0]	[0, 0, 0, 0, 0, 0, 0, 0, 0, 0, 0, 0, 0, 0, 0, 0, 0, 0, 0, 0, 0, 0, 0, 0, 1]	[0, 0, 0, 0, 0, 0, 0, 0, 0, 0, 0, 0, 0, 0, 0, 0, 0, 0, 0, 0, 0, 0, 0, 0, 0]	[0, 0, 0, 0, 0, 0, 0, 0, 0, 0, 0, 0, 0, 0, 0, 0, 0, 0, 0, 0, 0, 0, 0, 0, 0]	[0.00014770007692277431, 0.01019220007583499, 0.026992300059646368, 0.04370000003837049, 0.060308000072836876, 0.07685270009096712, 0.09356370009481907, 0.11018710001371801, 0.12679770006798208, 0.14359700004570186, 0.1605003000004217, 0.17682970000896603, 0.19368210004176944, 0.21016110002528876, 0.22671950003132224, 0.24369330005720258, 0.2607254000613466, 0.2771139000542462, 0.29343100008554757, 0.3100513000972569, 0.3268789000576362, 0.34360090002883226, 0.3601378001039848, 0.3770136000821367, 0.39349940000101924]	180.0	302.0	0.9	19b
343	10	go_nogo	0	60	2	go	click	[65.0, 65.0, 83.0, 102.0, 120.0, 134.0, 144.0, 148.0, 151.0, 153.0, 154.0, 154.0, 155.0, 156.0, 158.0, 164.0, 171.0, 181.0, 187.0, 192.0, 193.0, 194.0, 194.0]	[-202.0, -202.0, -87.0, 20.0, 97.0, 153.0, 186.0, 201.0, 212.0, 218.0, 220.0, 221.0, 223.0, 223.0, 225.0, 233.0, 250.0, 274.0, 300.0, 323.0, 331.0, 334.0, 334.0]	[0, 0, 0, 0, 0, 0, 0, 0, 0, 0, 0, 0, 0, 0, 0, 0, 0, 0, 0, 0, 0, 0, 1]	[0, 0, 0, 0, 0, 0, 0, 0, 0, 0, 0, 0, 0, 0, 0, 0, 0, 0, 0, 0, 0, 0, 0]	[0, 0, 0, 0, 0, 0, 0, 0, 0, 0, 0, 0, 0, 0, 0, 0, 0, 0, 0, 0, 0, 0, 0]	[0.00032899994403123856, 0.012297499924898148, 0.028379100025631487, 0.04527160001453012, 0.061901999986730516, 0.07866859994828701, 0.09540679992642254, 0.11190909997094423, 0.12859099998604506, 0.14519640000071377, 0.16195989993866533, 0.1786869999486953, 0.1951553999679163, 0.21237700001802295, 0.22877139993943274, 0.24541460000909865, 0.2620026000076905, 0.2786375000141561, 0.29540639999322593, 0.31200779997743666, 0.32880429993383586, 0.34532790002413094, 0.3622185999993235]	194.0	334.0	0.7	19b
344	10	go_nogo	0	60	8	go	click	[51.0, 51.0, 73.0, 115.0, 176.0, 191.0, 221.0, 229.0, 230.0, 230.0, 230.0, 229.0, 227.0, 225.0, 225.0, 225.0, 225.0, 225.0, 225.0, 223.0, 215.0, 213.0]	[-223.0, -223.0, -173.0, -68.0, 82.0, 124.0, 216.0, 239.0, 248.0, 254.0, 258.0, 261.0, 263.0, 265.0, 266.0, 266.0, 266.0, 266.0, 266.0, 267.0, 271.0, 271.0]	[0, 0, 0, 0, 0, 0, 0, 0, 0, 0, 0, 0, 0, 0, 0, 0, 0, 0, 0, 0, 0, 1]	[0, 0, 0, 0, 0, 0, 0, 0, 0, 0, 0, 0, 0, 0, 0, 0, 0, 0, 0, 0, 0, 0]	[0, 0, 0, 0, 0, 0, 0, 0, 0, 0, 0, 0, 0, 0, 0, 0, 0, 0, 0, 0, 0, 0]	[0.00019749999046325684, 0.011192400008440018, 0.027175300056114793, 0.04407060006633401, 0.06064350006636232, 0.07745370001066476, 0.09471500001382083, 0.11090069997590035, 0.12738880002871156, 0.1440946999937296, 0.1609186000423506, 0.1774181000655517, 0.19451519998256117, 0.21119299996644258, 0.22749800002202392, 0.24434920004568994, 0.2606077999807894, 0.27735670004040003, 0.2941928000655025, 0.31090330006554723, 0.3272434000391513, 0.3443132999818772]	213.0	271.0	0.5	19b
345	10	go_nogo	0	60	7	go	click	[85.0, 85.0, 97.0, 116.0, 130.0, 135.0, 138.0, 145.0, 153.0, 158.0, 162.0, 162.0, 162.0, 162.0, 162.0, 162.0, 162.0, 162.0, 162.0, 162.0, 164.0, 168.0, 172.0, 176.0, 179.0, 179.0]	[-198.0, -198.0, -104.0, -20.0, 32.0, 73.0, 113.0, 155.0, 190.0, 214.0, 224.0, 226.0, 226.0, 226.0, 226.0, 226.0, 226.0, 226.0, 226.0, 227.0, 232.0, 242.0, 255.0, 270.0, 278.0, 279.0]	[0, 0, 0, 0, 0, 0, 0, 0, 0, 0, 0, 0, 0, 0, 0, 0, 0, 0, 0, 0, 0, 0, 0, 0, 0, 1]	[0, 0, 0, 0, 0, 0, 0, 0, 0, 0, 0, 0, 0, 0, 0, 0, 0, 0, 0, 0, 0, 0, 0, 0, 0, 0]	[0, 0, 0, 0, 0, 0, 0, 0, 0, 0, 0, 0, 0, 0, 0, 0, 0, 0, 0, 0, 0, 0, 0, 0, 0, 0]	[0.00022980000358074903, 0.01109150005504489, 0.027851999970152974, 0.044483100064098835, 0.06108370004221797, 0.07766790001187474, 0.09430009999778122, 0.11106040002778172, 0.12766650004778057, 0.14455540000926703, 0.1610594999510795, 0.17760449997149408, 0.19418130000121891, 0.210968800005503, 0.22743480000644922, 0.24412419996224344, 0.26101500005461276, 0.27759660000447184, 0.29447279998566955, 0.3113769000628963, 0.328368499991484, 0.3443417999660596, 0.36106530006509274, 0.37783620005939156, 0.39428510004654527, 0.4113292000256479]	179.0	279.0	0.8	19b
346	10	go_nogo	0	60	8	go	click	[38.0, 38.0, 45.0, 57.0, 71.0, 86.0, 90.0, 90.0, 89.0, 86.0, 85.0, 85.0, 87.0, 92.0, 98.0, 101.0, 103.0, 108.0, 114.0, 120.0, 125.0, 129.0, 137.0, 151.0, 164.0, 182.0, 194.0, 200.0, 202.0, 202.0, 202.0]	[-283.0, -283.0, -266.0, -230.0, -184.0, -87.0, -31.0, -1.0, 19.0, 36.0, 58.0, 82.0, 109.0, 135.0, 153.0, 161.0, 166.0, 179.0, 194.0, 206.0, 215.0, 221.0, 232.0, 248.0, 268.0, 292.0, 314.0, 327.0, 330.0, 330.0, 330.0]	[0, 0, 0, 0, 0, 0, 0, 0, 0, 0, 0, 0, 0, 0, 0, 0, 0, 0, 0, 0, 0, 0, 0, 0, 0, 0, 0, 0, 0, 0, 1]	[0, 0, 0, 0, 0, 0, 0, 0, 0, 0, 0, 0, 0, 0, 0, 0, 0, 0, 0, 0, 0, 0, 0, 0, 0, 0, 0, 0, 0, 0, 0]	[0, 0, 0, 0, 0, 0, 0, 0, 0, 0, 0, 0, 0, 0, 0, 0, 0, 0, 0, 0, 0, 0, 0, 0, 0, 0, 0, 0, 0, 0, 0]	[0.00020239991135895252, 0.009829299990087748, 0.027021999936550856, 0.043454299913719296, 0.06040969991590828, 0.07716749992687255, 0.09360679995734245, 0.11006019997876137, 0.1270790999988094, 0.14350489992648363, 0.1600630999309942, 0.1772778999293223, 0.19344129995442927, 0.21012529998552054, 0.2266775999451056, 0.24319419998209924, 0.2601424999302253, 0.2765587999019772, 0.2935485999332741, 0.30992019991390407, 0.3266266999999061, 0.34310839988756925, 0.3601576999062672, 0.376475999946706, 0.3932604999281466, 0.410047399927862, 0.4265548998955637, 0.4433148999232799, 0.4596879999153316, 0.4763872999465093, 0.49304199998732656]	202.0	330.0	0.9	19b
347	10	go_nogo	0	60	6	go	click	[21.0, 30.0, 45.0, 77.0, 106.0, 127.0, 148.0, 160.0, 168.0, 176.0, 180.0, 182.0, 183.0, 184.0, 186.0, 191.0, 196.0, 201.0, 204.0, 205.0, 205.0]	[-287.0, -247.0, -202.0, -99.0, -13.0, 61.0, 125.0, 161.0, 194.0, 215.0, 231.0, 239.0, 243.0, 245.0, 253.0, 272.0, 299.0, 318.0, 328.0, 331.0, 331.0]	[0, 0, 0, 0, 0, 0, 0, 0, 0, 0, 0, 0, 0, 0, 0, 0, 0, 0, 0, 0, 1]	[0, 0, 0, 0, 0, 0, 0, 0, 0, 0, 0, 0, 0, 0, 0, 0, 0, 0, 0, 0, 0]	[0, 0, 0, 0, 0, 0, 0, 0, 0, 0, 0, 0, 0, 0, 0, 0, 0, 0, 0, 0, 0]	[7.430010009557009e-05, 0.011576000018976629, 0.028175100102089345, 0.0448589000152424, 0.06161020009312779, 0.0786240000743419, 0.09530929999891669, 0.11175360006745905, 0.128878700081259, 0.14490300009492785, 0.16213900002185255, 0.17856850009411573, 0.1950053001055494, 0.21162200008984655, 0.22841080010402948, 0.24508080002851784, 0.2616627000970766, 0.27836220001336187, 0.2952235001139343, 0.3114828000543639, 0.32846700004301965]	205.0	331.0	1.0	19b
348	10	go_nogo	0	60	3	go	click	[40.0, 40.0, 84.0, 112.0, 127.0, 138.0, 146.0, 152.0, 162.0, 165.0, 170.0, 174.0, 181.0, 189.0, 197.0, 199.0, 200.0, 200.0, 200.0, 201.0, 203.0, 205.0, 205.0]	[-196.0, -196.0, -87.0, -12.0, 31.0, 64.0, 92.0, 117.0, 158.0, 169.0, 187.0, 196.0, 216.0, 243.0, 268.0, 275.0, 275.0, 275.0, 275.0, 278.0, 286.0, 296.0, 296.0]	[0, 0, 0, 0, 0, 0, 0, 0, 0, 0, 0, 0, 0, 0, 0, 0, 0, 0, 0, 0, 0, 0, 1]	[0, 0, 0, 0, 0, 0, 0, 0, 0, 0, 0, 0, 0, 0, 0, 0, 0, 0, 0, 0, 0, 0, 0]	[0, 0, 0, 0, 0, 0, 0, 0, 0, 0, 0, 0, 0, 0, 0, 0, 0, 0, 0, 0, 0, 0, 0]	[7.269997149705887e-05, 0.01185719994828105, 0.02826279995497316, 0.04504370002541691, 0.06162159994710237, 0.07857110002078116, 0.09539149992633611, 0.11213709996081889, 0.12851880001835525, 0.14502299996092916, 0.1624994999729097, 0.17884179996326566, 0.1955027999356389, 0.21200459997635335, 0.22856279998086393, 0.24509779992513359, 0.26168989995494485, 0.2782112000277266, 0.2950768999289721, 0.3117413999279961, 0.3287535000126809, 0.345107699977234, 0.3616293999366462]	205.0	296.0	0.5	19b
349	10	go_nogo	0	60	7	go	click	[62.0, 62.0, 77.0, 113.0, 163.0, 184.0, 198.0, 209.0, 215.0, 218.0, 222.0, 223.0, 224.0, 226.0, 226.0, 227.0, 227.0, 227.0, 227.0, 227.0, 227.0, 227.0]	[-214.0, -214.0, -172.0, -76.0, 54.0, 109.0, 152.0, 179.0, 202.0, 219.0, 233.0, 239.0, 244.0, 257.0, 271.0, 287.0, 300.0, 308.0, 314.0, 316.0, 317.0, 317.0]	[0, 0, 0, 0, 0, 0, 0, 0, 0, 0, 0, 0, 0, 0, 0, 0, 0, 0, 0, 0, 0, 1]	[0, 0, 0, 0, 0, 0, 0, 0, 0, 0, 0, 0, 0, 0, 0, 0, 0, 0, 0, 0, 0, 0]	[0, 0, 0, 0, 0, 0, 0, 0, 0, 0, 0, 0, 0, 0, 0, 0, 0, 0, 0, 0, 0, 0]	[0.0002305000089108944, 0.011593699920922518, 0.02812199993059039, 0.04491009993944317, 0.061497399932704866, 0.07834409992210567, 0.09478689997922629, 0.1115626998944208, 0.1282182999420911, 0.14516159996856004, 0.16191129991784692, 0.17800509999506176, 0.19529609999153763, 0.2112946999259293, 0.22811729996465147, 0.24505579995457083, 0.2618515999056399, 0.27850349992513657, 0.2950442999135703, 0.311518199974671, 0.328248200006783, 0.3450959000037983]	227.0	317.0	1.0	19b
350	10	go_nogo	0	60	1	nogo	none	[76.0, 76.0, 115.0, 150.0, 168.0, 177.0, 181.0, 184.0, 190.0, 192.0, 193.0, 194.0, 195.0, 197.0, 197.0, 197.0, 198.0, 199.0, 200.0, 200.0]	[-250.0, -250.0, -157.0, -47.0, 60.0, 137.0, 181.0, 213.0, 248.0, 269.0, 285.0, 294.0, 303.0, 310.0, 314.0, 315.0, 319.0, 323.0, 325.0, 325.0]	[0, 0, 0, 0, 0, 0, 0, 0, 0, 0, 0, 0, 0, 0, 0, 0, 0, 0, 0, 1]	[0, 0, 0, 0, 0, 0, 0, 0, 0, 0, 0, 0, 0, 0, 0, 0, 0, 0, 0, 0]	[0, 0, 0, 0, 0, 0, 0, 0, 0, 0, 0, 0, 0, 0, 0, 0, 0, 0, 0, 0]	[7.720000576227903e-05, 0.012124700006097555, 0.028305600048042834, 0.04530150000937283, 0.06170289998408407, 0.07843530003447086, 0.0951515999622643, 0.11238830001093447, 0.12867839995305985, 0.1453336999984458, 0.16178750002291054, 0.17847669997718185, 0.1951876999810338, 0.21183359995484352, 0.22848579997662455, 0.24516379996202886, 0.2615788000402972, 0.278389299986884, 0.2951298999832943, 0.31215330003760755]	200.0	325.0	0.5	19b
351	10	go_nogo	0	60	6	go	click	[40.0, 57.0, 80.0, 116.0, 137.0, 147.0, 155.0, 161.0, 169.0, 175.0, 182.0, 189.0, 194.0, 197.0, 197.0, 198.0, 199.0, 201.0, 206.0, 206.0, 206.0]	[-186.0, -121.0, -52.0, 63.0, 140.0, 180.0, 211.0, 236.0, 257.0, 278.0, 296.0, 312.0, 323.0, 331.0, 332.0, 332.0, 333.0, 338.0, 344.0, 345.0, 345.0]	[0, 0, 0, 0, 0, 0, 0, 0, 0, 0, 0, 0, 0, 0, 0, 0, 0, 0, 0, 0, 1]	[0, 0, 0, 0, 0, 0, 0, 0, 0, 0, 0, 0, 0, 0, 0, 0, 0, 0, 0, 0, 0]	[0, 0, 0, 0, 0, 0, 0, 0, 0, 0, 0, 0, 0, 0, 0, 0, 0, 0, 0, 0, 0]	[0.00021780002862215042, 0.008736100047826767, 0.025779100018553436, 0.04259630001615733, 0.058945100056007504, 0.07556949998252094, 0.09207830007653683, 0.10911229997873306, 0.12544430000707507, 0.14226290001533926, 0.1589992999797687, 0.17563920002430677, 0.1925444999942556, 0.20939450000878423, 0.2255373999942094, 0.24213130003772676, 0.2587677000556141, 0.2755353000247851, 0.2922966000624001, 0.3088378000538796, 0.3261863000225276]	206.0	345.0	0.6	19b
352	10	go_nogo	0	60	8	go	click	[83.0, 83.0, 104.0, 141.0, 173.0, 214.0, 231.0, 243.0, 251.0, 253.0, 253.0, 254.0, 254.0, 254.0, 254.0, 254.0, 254.0, 254.0, 251.0, 246.0, 241.0, 238.0, 237.0]	[-197.0, -197.0, -150.0, -69.0, 19.0, 135.0, 196.0, 238.0, 269.0, 286.0, 291.0, 294.0, 297.0, 304.0, 308.0, 308.0, 308.0, 308.0, 309.0, 312.0, 315.0, 315.0, 315.0]	[0, 0, 0, 0, 0, 0, 0, 0, 0, 0, 0, 0, 0, 0, 0, 0, 0, 0, 0, 0, 0, 0, 1]	[0, 0, 0, 0, 0, 0, 0, 0, 0, 0, 0, 0, 0, 0, 0, 0, 0, 0, 0, 0, 0, 0, 0]	[0, 0, 0, 0, 0, 0, 0, 0, 0, 0, 0, 0, 0, 0, 0, 0, 0, 0, 0, 0, 0, 0, 0]	[0.00024119997397065163, 0.010875800042413175, 0.027593899983912706, 0.0442517000483349, 0.062016500043682754, 0.07757109997328371, 0.09431199997197837, 0.11079289996996522, 0.12850200000684708, 0.14450070005841553, 0.16106219997163862, 0.17757549998350441, 0.19431960000656545, 0.21100410004146397, 0.2274402000475675, 0.24406870000530034, 0.2608189999591559, 0.27727279998362064, 0.2951038000173867, 0.310753499972634, 0.32822120003402233, 0.3440929000498727, 0.3610927000408992]	237.0	315.0	0.9	19b
353	10	go_nogo	0	60	6	go	click	[35.0, 35.0, 44.0, 76.0, 87.0, 95.0, 102.0, 108.0, 112.0, 114.0, 116.0, 120.0, 127.0, 129.0, 130.0, 130.0, 130.0, 130.0, 132.0, 139.0, 146.0, 156.0, 164.0, 170.0, 175.0, 178.0, 180.0, 182.0, 183.0]	[-185.0, -185.0, -145.0, -38.0, 10.0, 46.0, 81.0, 106.0, 121.0, 131.0, 136.0, 143.0, 157.0, 159.0, 162.0, 162.0, 162.0, 162.0, 165.0, 179.0, 198.0, 229.0, 254.0, 275.0, 293.0, 301.0, 310.0, 317.0, 319.0]	[0, 0, 0, 0, 0, 0, 0, 0, 0, 0, 0, 0, 0, 0, 0, 0, 0, 0, 0, 0, 0, 0, 0, 0, 0, 0, 0, 0, 1]	[0, 0, 0, 0, 0, 0, 0, 0, 0, 0, 0, 0, 0, 0, 0, 0, 0, 0, 0, 0, 0, 0, 0, 0, 0, 0, 0, 0, 0]	[0, 0, 0, 0, 0, 0, 0, 0, 0, 0, 0, 0, 0, 0, 0, 0, 0, 0, 0, 0, 0, 0, 0, 0, 0, 0, 0, 0, 0]	[0.00022339995484799147, 0.010844300035387278, 0.027924199937842786, 0.04475629993248731, 0.06128649995662272, 0.07787859998643398, 0.09454950003419071, 0.11120099993422627, 0.1279023999813944, 0.1445032999617979, 0.16130439995322376, 0.17796869995072484, 0.19439760001841933, 0.211129599949345, 0.22756339993793517, 0.2443902000086382, 0.2608225999865681, 0.2778138000285253, 0.29431529995054007, 0.31102349993307143, 0.32760009996127337, 0.3443296999903396, 0.36094909999519587, 0.3782393999863416, 0.394547599949874, 0.4114719999488443, 0.4282076000235975, 0.4444118000101298, 0.46131349995266646]	183.0	319.0	1.0	19b
354	10	go_nogo	0	60	9	nogo	none	[29.0, 36.0, 40.0, 54.0, 65.0, 72.0, 80.0, 87.0, 98.0, 100.0, 102.0, 105.0, 109.0, 112.0, 121.0, 127.0, 129.0, 130.0, 133.0, 135.0, 137.0, 140.0, 144.0, 145.0, 145.0, 145.0, 145.0, 145.0, 145.0, 145.0, 145.0, 145.0, 145.0, 145.0, 145.0, 145.0, 145.0, 145.0, 145.0, 145.0, 145.0, 145.0, 145.0, 145.0, 145.0, 145.0, 145.0, 145.0, 145.0, 145.0, 145.0, 145.0, 145.0, 145.0, 145.0, 145.0, 145.0, 145.0, 145.0, 145.0, 145.0, 145.0, 145.0, 145.0, 145.0, 145.0]	[-266.0, -227.0, -192.0, -110.0, -47.0, -5.0, 36.0, 75.0, 116.0, 129.0, 132.0, 142.0, 152.0, 172.0, 197.0, 210.0, 210.0, 210.0, 210.0, 211.0, 211.0, 214.0, 219.0, 220.0, 220.0, 220.0, 220.0, 220.0, 220.0, 220.0, 220.0, 220.0, 220.0, 220.0, 220.0, 220.0, 220.0, 220.0, 220.0, 220.0, 220.0, 220.0, 220.0, 220.0, 220.0, 220.0, 220.0, 220.0, 220.0, 220.0, 220.0, 220.0, 220.0, 220.0, 220.0, 220.0, 220.0, 220.0, 220.0, 220.0, 220.0, 220.0, 220.0, 220.0, 220.0, 220.0]	[0, 0, 0, 0, 0, 0, 0, 0, 0, 0, 0, 0, 0, 0, 0, 0, 0, 0, 0, 0, 0, 0, 0, 0, 0, 0, 0, 0, 0, 0, 0, 0, 0, 0, 0, 0, 0, 0, 0, 0, 0, 0, 0, 0, 0, 0, 0, 0, 0, 0, 0, 0, 0, 0, 0, 0, 0, 0, 0, 0, 0, 0, 0, 0, 0, 0]	[0, 0, 0, 0, 0, 0, 0, 0, 0, 0, 0, 0, 0, 0, 0, 0, 0, 0, 0, 0, 0, 0, 0, 0, 0, 0, 0, 0, 0, 0, 0, 0, 0, 0, 0, 0, 0, 0, 0, 0, 0, 0, 0, 0, 0, 0, 0, 0, 0, 0, 0, 0, 0, 0, 0, 0, 0, 0, 0, 0, 0, 0, 0, 0, 0, 0]	[0, 0, 0, 0, 0, 0, 0, 0, 0, 0, 0, 0, 0, 0, 0, 0, 0, 0, 0, 0, 0, 0, 0, 0, 0, 0, 0, 0, 0, 0, 0, 0, 0, 0, 0, 0, 0, 0, 0, 0, 0, 0, 0, 0, 0, 0, 0, 0, 0, 0, 0, 0, 0, 0, 0, 0, 0, 0, 0, 0, 0, 0, 0, 0, 0, 0]	[7.930002175271511e-05, 0.010166399995796382, 0.027067799936048687, 0.04373679996933788, 0.06045809993520379, 0.0771328000118956, 0.09391559998039156, 0.11077819997444749, 0.12723739992361516, 0.14356639992911369, 0.16032989998348057, 0.17742650001309812, 0.19382689998019487, 0.21017330000177026, 0.22722669993527234, 0.2436138999182731, 0.2602971999440342, 0.27667779999319464, 0.29342220001854, 0.31051310000475496, 0.3269298999803141, 0.3435330999782309, 0.3606381999561563, 0.3768794999923557, 0.39332279993686825, 0.4098945999285206, 0.42664149997290224, 0.44331479992251843, 0.45990859996527433, 0.4766641999594867, 0.49337939999531955, 0.5100410999730229, 0.526749899960123, 0.5436716999392956, 0.5601472000125796, 0.5769400999415666, 0.5934186999220401, 0.6101900999201462, 0.6269299000268802, 0.6435138999950141, 0.6601247999351472, 0.6767394000198692, 0.6934215999208391, 0.7100775999715552, 0.7268517999909818, 0.7436288999160752, 0.7601892999373376, 0.776719499961473, 0.7933703999733552, 0.8100065999897197, 0.8265950999921188, 0.8433720999164507, 0.8598600999685004, 0.8764487999724224, 0.893210900016129, 0.9098337999312207, 0.926489399978891, 0.9430594999575987, 0.9598001999547705, 0.9764812999637797, 0.993104699999094, 1.0096854999428615, 1.0264372000237927, 1.0432034999830648, 1.059856600011699, 1.0765145999612287]	n/a	n/a	1.0	19b
355	10	go_nogo	0	60	8	go	click	[33.0, 33.0, 62.0, 89.0, 113.0, 135.0, 152.0, 161.0, 167.0, 171.0, 179.0, 183.0, 190.0, 198.0, 207.0, 209.0, 210.0, 210.0, 210.0, 210.0, 211.0]	[-282.0, -282.0, -180.0, -59.0, 53.0, 134.0, 181.0, 210.0, 227.0, 238.0, 257.0, 270.0, 292.0, 317.0, 334.0, 341.0, 343.0, 343.0, 343.0, 343.0, 343.0]	[0, 0, 0, 0, 0, 0, 0, 0, 0, 0, 0, 0, 0, 0, 0, 0, 0, 0, 0, 0, 1]	[0, 0, 0, 0, 0, 0, 0, 0, 0, 0, 0, 0, 0, 0, 0, 0, 0, 0, 0, 0, 0]	[0, 0, 0, 0, 0, 0, 0, 0, 0, 0, 0, 0, 0, 0, 0, 0, 0, 0, 0, 0, 0]	[7.27000879123807e-05, 0.010213200002908707, 0.026774700032547116, 0.043479699990712106, 0.06041859998367727, 0.0768988000927493, 0.0935902000637725, 0.11041550000663847, 0.12695629999507219, 0.143624100019224, 0.16030620003584772, 0.1770744000095874, 0.19330909999553114, 0.21020520001184195, 0.226929199998267, 0.24366799998097122, 0.26003500004298985, 0.2767181000672281, 0.29327470005955547, 0.3104053999995813, 0.3270545999985188]	211.0	343.0	0.5	19b
356	10	go_nogo	0	60	6	go	click	[39.0, 39.0, 51.0, 77.0, 109.0, 127.0, 139.0, 151.0, 161.0, 167.0, 170.0, 174.0, 175.0, 175.0, 176.0, 178.0, 182.0, 193.0, 202.0, 207.0, 207.0]	[-221.0, -221.0, -172.0, -71.0, 58.0, 130.0, 190.0, 230.0, 257.0, 275.0, 284.0, 291.0, 294.0, 294.0, 294.0, 298.0, 306.0, 322.0, 335.0, 339.0, 339.0]	[0, 0, 0, 0, 0, 0, 0, 0, 0, 0, 0, 0, 0, 0, 0, 0, 0, 0, 0, 0, 1]	[0, 0, 0, 0, 0, 0, 0, 0, 0, 0, 0, 0, 0, 0, 0, 0, 0, 0, 0, 0, 0]	[0, 0, 0, 0, 0, 0, 0, 0, 0, 0, 0, 0, 0, 0, 0, 0, 0, 0, 0, 0, 0]	[0.00024189997930079699, 0.011036199983209372, 0.02761109999846667, 0.044482699944637716, 0.06121119996532798, 0.07789439999032766, 0.09449699998367578, 0.11108980001881719, 0.12778640002943575, 0.14437510003335774, 0.16111079999245703, 0.17789619998075068, 0.194201200036332, 0.2109925999538973, 0.22774420003406703, 0.2443595000077039, 0.261310699977912, 0.2778921000426635, 0.29433439997956157, 0.31082919996697456, 0.3279921000357717]	207.0	339.0	0.6	19b
357	10	go_nogo	0	60	8	go	click	[18.0, 18.0, 36.0, 80.0, 123.0, 152.0, 169.0, 177.0, 182.0, 184.0, 184.0, 184.0, 185.0, 186.0, 186.0, 186.0, 186.0, 186.0]	[-176.0, -176.0, -130.0, -17.0, 91.0, 170.0, 218.0, 244.0, 260.0, 265.0, 266.0, 267.0, 268.0, 269.0, 270.0, 270.0, 270.0, 270.0]	[0, 0, 0, 0, 0, 0, 0, 0, 0, 0, 0, 0, 0, 0, 0, 0, 0, 1]	[0, 0, 0, 0, 0, 0, 0, 0, 0, 0, 0, 0, 0, 0, 0, 0, 0, 0]	[0, 0, 0, 0, 0, 0, 0, 0, 0, 0, 0, 0, 0, 0, 0, 0, 0, 0]	[0.0002245999639853835, 0.011332200025208294, 0.027927699964493513, 0.044747999985702336, 0.06121650000568479, 0.07795239996630698, 0.09453489992301911, 0.11142510001081973, 0.12802369997370988, 0.14459049992728978, 0.16115599998738617, 0.1780157999601215, 0.19476260000374168, 0.21134009992238134, 0.22783470002468675, 0.24449459998868406, 0.2612231000093743, 0.2788509000092745]	186.0	270.0	0.5	19b
358	10	go_nogo	0	60	6	go	click	[45.0, 45.0, 80.0, 130.0, 179.0, 215.0, 235.0, 248.0, 257.0, 267.0, 271.0, 273.0, 273.0, 273.0, 273.0, 273.0, 268.0, 261.0, 247.0, 230.0, 214.0, 203.0, 195.0, 190.0, 188.0]	[-262.0, -262.0, -177.0, -83.0, 5.0, 79.0, 130.0, 162.0, 189.0, 214.0, 231.0, 245.0, 255.0, 262.0, 262.0, 263.0, 264.0, 266.0, 271.0, 277.0, 282.0, 286.0, 290.0, 292.0, 293.0]	[0, 0, 0, 0, 0, 0, 0, 0, 0, 0, 0, 0, 0, 0, 0, 0, 0, 0, 0, 0, 0, 0, 0, 0, 1]	[0, 0, 0, 0, 0, 0, 0, 0, 0, 0, 0, 0, 0, 0, 0, 0, 0, 0, 0, 0, 0, 0, 0, 0, 0]	[0, 0, 0, 0, 0, 0, 0, 0, 0, 0, 0, 0, 0, 0, 0, 0, 0, 0, 0, 0, 0, 0, 0, 0, 0]	[0.000291000003926456, 0.010218100040219724, 0.027190100052393973, 0.04344989999663085, 0.059747999999672174, 0.07672050001565367, 0.0934694999596104, 0.10989630001131445, 0.1266520000062883, 0.14326809998601675, 0.16017060005106032, 0.17666570004075766, 0.19322590006049722, 0.20954209996853024, 0.22649589995853603, 0.24361170001793653, 0.25992019998375326, 0.2765048999572173, 0.29327040002681315, 0.30990650004241616, 0.32652020000386983, 0.3430810000281781, 0.3598451999714598, 0.37647100002504885, 0.3930346999550238]	188.0	293.0	0.9	19b
359	10	go_nogo	0	60	3	go	click	[30.0, 30.0, 42.0, 69.0, 90.0, 105.0, 117.0, 130.0, 145.0, 153.0, 157.0, 158.0, 159.0, 160.0, 161.0, 161.0, 161.0, 161.0, 161.0, 161.0, 162.0, 166.0, 168.0, 169.0, 169.0]	[-237.0, -237.0, -196.0, -106.0, -28.0, 32.0, 92.0, 141.0, 197.0, 222.0, 234.0, 239.0, 244.0, 251.0, 255.0, 255.0, 255.0, 255.0, 255.0, 257.0, 262.0, 271.0, 283.0, 284.0, 284.0]	[0, 0, 0, 0, 0, 0, 0, 0, 0, 0, 0, 0, 0, 0, 0, 0, 0, 0, 0, 0, 0, 0, 0, 0, 1]	[0, 0, 0, 0, 0, 0, 0, 0, 0, 0, 0, 0, 0, 0, 0, 0, 0, 0, 0, 0, 0, 0, 0, 0, 0]	[0, 0, 0, 0, 0, 0, 0, 0, 0, 0, 0, 0, 0, 0, 0, 0, 0, 0, 0, 0, 0, 0, 0, 0, 0]	[0.00018989993259310722, 0.010853199986740947, 0.027435399941168725, 0.04464969993568957, 0.06069099996238947, 0.07761689997278154, 0.0941699999384582, 0.11099560000002384, 0.12771439994685352, 0.1445825999835506, 0.16057659999933094, 0.17722680000588298, 0.193903399980627, 0.21059069992043078, 0.22701040003448725, 0.24375160003546625, 0.26025639998260885, 0.2770505999214947, 0.2938864999450743, 0.31035049993079156, 0.32717990002129227, 0.34444589994382113, 0.3603966999799013, 0.37708350003231317, 0.39359639992471784]	169.0	284.0	0.5	19b
360	10	go_nogo	0	60	1	nogo	none	[17.0, 17.0, 27.0, 45.0, 59.0, 75.0, 85.0, 97.0, 108.0, 112.0, 114.0, 115.0, 120.0, 122.0, 122.0, 123.0, 125.0, 129.0, 134.0, 138.0, 143.0, 149.0, 153.0, 154.0, 154.0, 154.0, 154.0, 154.0, 154.0, 154.0, 154.0, 154.0, 154.0, 154.0, 154.0, 154.0, 154.0, 154.0, 154.0, 154.0, 154.0, 154.0, 154.0, 154.0, 154.0, 154.0, 154.0, 154.0, 154.0, 154.0, 154.0, 154.0, 154.0, 154.0, 154.0, 154.0, 154.0, 154.0, 154.0, 154.0, 154.0, 154.0, 154.0, 154.0, 154.0, 151.0, 139.0, 118.0, 94.0, 72.0, 52.0, 40.0, 32.0, 26.0, 23.0, 22.0, 21.0, 20.0, 18.0, 18.0, 17.0, 17.0, 17.0, 17.0, 17.0, 17.0, 17.0, 17.0, 17.0, 17.0, 17.0, 17.0]	[-142.0, -142.0, -90.0, 13.0, 100.0, 153.0, 188.0, 221.0, 248.0, 263.0, 269.0, 271.0, 281.0, 287.0, 289.0, 289.0, 289.0, 288.0, 286.0, 286.0, 286.0, 289.0, 290.0, 290.0, 290.0, 290.0, 290.0, 290.0, 290.0, 290.0, 290.0, 290.0, 290.0, 290.0, 290.0, 290.0, 290.0, 290.0, 290.0, 290.0, 290.0, 290.0, 290.0, 290.0, 290.0, 290.0, 290.0, 290.0, 290.0, 290.0, 290.0, 290.0, 290.0, 290.0, 290.0, 290.0, 290.0, 290.0, 290.0, 290.0, 290.0, 290.0, 290.0, 290.0, 290.0, 278.0, 241.0, 172.0, 90.0, 5.0, -68.0, -120.0, -157.0, -199.0, -214.0, -220.0, -222.0, -229.0, -234.0, -238.0, -239.0, -239.0, -239.0, -239.0, -239.0, -239.0, -239.0, -239.0, -239.0, -239.0, -239.0, -239.0]	[0, 0, 0, 0, 0, 0, 0, 0, 0, 0, 0, 0, 0, 0, 0, 0, 0, 0, 0, 0, 0, 0, 0, 0, 0, 0, 0, 0, 0, 0, 0, 0, 0, 0, 0, 0, 0, 0, 0, 0, 0, 0, 0, 0, 0, 0, 0, 0, 0, 0, 0, 0, 0, 0, 0, 0, 0, 0, 0, 0, 0, 0, 0, 0, 0, 0, 0, 0, 0, 0, 0, 0, 0, 0, 0, 0, 0, 0, 0, 0, 0, 0, 0, 0, 0, 0, 0, 0, 0, 0, 0, 0]	[0, 0, 0, 0, 0, 0, 0, 0, 0, 0, 0, 0, 0, 0, 0, 0, 0, 0, 0, 0, 0, 0, 0, 0, 0, 0, 0, 0, 0, 0, 0, 0, 0, 0, 0, 0, 0, 0, 0, 0, 0, 0, 0, 0, 0, 0, 0, 0, 0, 0, 0, 0, 0, 0, 0, 0, 0, 0, 0, 0, 0, 0, 0, 0, 0, 0, 0, 0, 0, 0, 0, 0, 0, 0, 0, 0, 0, 0, 0, 0, 0, 0, 0, 0, 0, 0, 0, 0, 0, 0, 0, 0]	[0, 0, 0, 0, 0, 0, 0, 0, 0, 0, 0, 0, 0, 0, 0, 0, 0, 0, 0, 0, 0, 0, 0, 0, 0, 0, 0, 0, 0, 0, 0, 0, 0, 0, 0, 0, 0, 0, 0, 0, 0, 0, 0, 0, 0, 0, 0, 0, 0, 0, 0, 0, 0, 0, 0, 0, 0, 0, 0, 0, 0, 0, 0, 0, 0, 0, 0, 0, 0, 0, 0, 0, 0, 0, 0, 0, 0, 0, 0, 0, 0, 0, 0, 0, 0, 0, 0, 0, 0, 0, 0, 0]	[0.0002756000030785799, 0.008412900031544268, 0.02592980000190437, 0.04183420003391802, 0.05842250003479421, 0.07521849998738617, 0.09221110004000366, 0.10839860001578927, 0.1250518000451848, 0.14195680001284927, 0.15839440003037453, 0.17503829998895526, 0.1924141999334097, 0.208848400041461, 0.22532730002421886, 0.24165909993462265, 0.258646999951452, 0.2750843999674544, 0.29171090002637357, 0.3084596999688074, 0.32517820002976805, 0.34177689999341965, 0.35837379994336516, 0.3749390000011772, 0.3914762999629602, 0.40818749996833503, 0.4248446000274271, 0.44151050003711134, 0.4582564999582246, 0.475414999993518, 0.49141230003442615, 0.507990499958396, 0.524768800009042, 0.5415645999601111, 0.5580822000047192, 0.5746192999649793, 0.5914379999740049, 0.6082221999531612, 0.6249093000078574, 0.6413124999962747, 0.658003699965775, 0.6748127000173554, 0.691347699961625, 0.7079339999472722, 0.724581699934788, 0.7413701999466866, 0.7579333999892697, 0.7748150000115857, 0.7912309999810532, 0.8079757000086829, 0.8245638000080362, 0.8412243999773636, 0.8581969999941066, 0.8745264000026509, 0.8912358999950811, 0.9078117000171915, 0.924742899951525, 0.9412820000434294, 0.9579470000462607, 0.9745573999825865, 0.9912750000366941, 1.007901499979198, 1.024727400043048, 1.0412660000147298, 1.0580904999515042, 1.0748080000048503, 1.0913978000171483, 1.1081480999710038, 1.124946799944155, 1.1414886999409646, 1.1578367999754846, 1.1745444999542087, 1.1911188999656588, 1.2078942999942228, 1.224671500036493, 1.241144899977371, 1.257883199956268, 1.2746032000286505, 1.291230299975723, 1.3078582000453025, 1.3244545999914408, 1.341005399939604, 1.3576007999945432, 1.3744294999632984, 1.3916194000048563, 1.4078056999715045, 1.4244187000440434, 1.4411246000090614, 1.4577471000375226, 1.4745404999703169, 1.491050999960862, 1.5077687000157312]	n/a	n/a	0.5	19b
361	10	go_nogo	0	60	3	go	click	[37.0, 37.0, 58.0, 92.0, 125.0, 151.0, 168.0, 190.0, 202.0, 211.0, 215.0, 219.0, 221.0, 222.0, 223.0, 223.0, 223.0, 223.0, 222.0, 215.0, 209.0, 207.0, 206.0, 206.0]	[-240.0, -240.0, -190.0, -91.0, -3.0, 58.0, 91.0, 133.0, 161.0, 186.0, 207.0, 220.0, 228.0, 240.0, 253.0, 262.0, 267.0, 272.0, 278.0, 301.0, 321.0, 329.0, 330.0, 330.0]	[0, 0, 0, 0, 0, 0, 0, 0, 0, 0, 0, 0, 0, 0, 0, 0, 0, 0, 0, 0, 0, 0, 0, 1]	[0, 0, 0, 0, 0, 0, 0, 0, 0, 0, 0, 0, 0, 0, 0, 0, 0, 0, 0, 0, 0, 0, 0, 0]	[0, 0, 0, 0, 0, 0, 0, 0, 0, 0, 0, 0, 0, 0, 0, 0, 0, 0, 0, 0, 0, 0, 0, 0]	[0.0001857000170275569, 0.0097430000314489, 0.026386800105683506, 0.043493500095792115, 0.05999430001247674, 0.0766376000829041, 0.09327670000493526, 0.10980700002983212, 0.12628260010387748, 0.14294410008005798, 0.1606759000569582, 0.17648010002449155, 0.1931903000222519, 0.20966000005137175, 0.22674589999951422, 0.24302180006634444, 0.25982010003644973, 0.27646090008784086, 0.29328440001700073, 0.30978880007751286, 0.32646980008576065, 0.3431924000615254, 0.359507100074552, 0.3767105001024902]	206.0	330.0	0.8	19b
362	10	go_nogo	0	60	7	go	click	[68.0, 68.0, 84.0, 116.0, 135.0, 152.0, 158.0, 163.0, 169.0, 175.0, 180.0, 186.0, 195.0, 200.0, 200.0, 201.0, 201.0, 201.0, 201.0, 201.0, 201.0, 201.0, 201.0, 201.0, 201.0, 201.0, 201.0]	[-219.0, -219.0, -166.0, -60.0, 25.0, 92.0, 126.0, 153.0, 178.0, 193.0, 205.0, 220.0, 242.0, 254.0, 256.0, 256.0, 257.0, 257.0, 257.0, 257.0, 257.0, 257.0, 257.0, 257.0, 260.0, 261.0, 262.0]	[0, 0, 0, 0, 0, 0, 0, 0, 0, 0, 0, 0, 0, 0, 0, 0, 0, 0, 0, 0, 0, 0, 0, 0, 0, 0, 1]	[0, 0, 0, 0, 0, 0, 0, 0, 0, 0, 0, 0, 0, 0, 0, 0, 0, 0, 0, 0, 0, 0, 0, 0, 0, 0, 0]	[0, 0, 0, 0, 0, 0, 0, 0, 0, 0, 0, 0, 0, 0, 0, 0, 0, 0, 0, 0, 0, 0, 0, 0, 0, 0, 0]	[0.00020570005290210247, 0.008792100008577108, 0.025785500067286193, 0.04219020006712526, 0.05915910005569458, 0.07579410006292164, 0.09263150009792298, 0.10881200002040714, 0.12556330009829253, 0.14215189998503774, 0.15898450009990484, 0.17535949999000877, 0.19216380000580102, 0.20886160002555698, 0.22559380007442087, 0.2422755000879988, 0.25888790003955364, 0.2753741000778973, 0.2920090000843629, 0.3086939000058919, 0.32561770000029355, 0.34203180007170886, 0.35870770004112273, 0.37554829998407513, 0.39227340009529144, 0.40902380004990846, 0.4256826000055298]	201.0	262.0	0.7	19b
363	10	go_nogo	0	60	4	go	click	[56.0, 56.0, 89.0, 126.0, 157.0, 176.0, 189.0, 197.0, 205.0, 210.0, 213.0, 218.0, 221.0, 225.0, 225.0, 226.0, 226.0, 226.0, 226.0, 226.0, 226.0, 226.0]	[-252.0, -252.0, -157.0, -61.0, 19.0, 77.0, 126.0, 161.0, 190.0, 218.0, 243.0, 267.0, 288.0, 303.0, 308.0, 311.0, 313.0, 314.0, 315.0, 315.0, 315.0, 315.0]	[0, 0, 0, 0, 0, 0, 0, 0, 0, 0, 0, 0, 0, 0, 0, 0, 0, 0, 0, 0, 0, 1]	[0, 0, 0, 0, 0, 0, 0, 0, 0, 0, 0, 0, 0, 0, 0, 0, 0, 0, 0, 0, 0, 0]	[0, 0, 0, 0, 0, 0, 0, 0, 0, 0, 0, 0, 0, 0, 0, 0, 0, 0, 0, 0, 0, 0]	[0.00020480004604905844, 0.009946500067599118, 0.02666030009277165, 0.04330440005287528, 0.060675800079479814, 0.07708160008769482, 0.09321100008673966, 0.10990560008212924, 0.1264166000764817, 0.14347000000998378, 0.15982980001717806, 0.176522699999623, 0.19332319998648018, 0.20982890005689114, 0.22657830000389367, 0.24362399999517947, 0.2602056000614539, 0.2766319999936968, 0.29308239999227226, 0.3102154000662267, 0.32663850008975714, 0.3433774000732228]	226.0	315.0	0.5	19b
364	10	go_nogo	0	60	9	nogo	none	[13.0, 13.0, 23.0, 43.0, 47.0, 66.0, 76.0, 86.0, 93.0, 100.0, 107.0, 116.0, 126.0, 135.0, 139.0, 144.0, 150.0, 158.0, 167.0, 169.0, 169.0, 169.0, 169.0, 169.0, 169.0, 169.0, 169.0, 169.0, 169.0, 169.0, 169.0, 169.0, 169.0, 169.0, 169.0, 169.0, 169.0, 169.0, 169.0, 169.0, 169.0, 169.0, 169.0, 169.0, 169.0, 169.0, 169.0, 169.0, 169.0, 169.0, 169.0, 169.0, 169.0, 169.0, 169.0, 169.0, 169.0, 169.0, 169.0, 169.0, 169.0, 169.0, 169.0]	[-224.0, -224.0, -176.0, -80.0, -49.0, 27.0, 60.0, 85.0, 105.0, 120.0, 136.0, 154.0, 177.0, 196.0, 205.0, 213.0, 223.0, 235.0, 247.0, 250.0, 250.0, 250.0, 250.0, 250.0, 250.0, 250.0, 250.0, 250.0, 250.0, 250.0, 250.0, 250.0, 250.0, 250.0, 250.0, 250.0, 250.0, 250.0, 250.0, 250.0, 250.0, 250.0, 250.0, 250.0, 250.0, 250.0, 250.0, 250.0, 250.0, 250.0, 250.0, 250.0, 250.0, 250.0, 250.0, 250.0, 250.0, 250.0, 250.0, 250.0, 250.0, 250.0, 250.0]	[0, 0, 0, 0, 0, 0, 0, 0, 0, 0, 0, 0, 0, 0, 0, 0, 0, 0, 0, 0, 0, 0, 0, 0, 0, 0, 0, 0, 0, 0, 0, 0, 0, 0, 0, 0, 0, 0, 0, 0, 0, 0, 0, 0, 0, 0, 0, 0, 0, 0, 0, 0, 0, 0, 0, 0, 0, 0, 0, 0, 0, 0, 0]	[0, 0, 0, 0, 0, 0, 0, 0, 0, 0, 0, 0, 0, 0, 0, 0, 0, 0, 0, 0, 0, 0, 0, 0, 0, 0, 0, 0, 0, 0, 0, 0, 0, 0, 0, 0, 0, 0, 0, 0, 0, 0, 0, 0, 0, 0, 0, 0, 0, 0, 0, 0, 0, 0, 0, 0, 0, 0, 0, 0, 0, 0, 0]	[0, 0, 0, 0, 0, 0, 0, 0, 0, 0, 0, 0, 0, 0, 0, 0, 0, 0, 0, 0, 0, 0, 0, 0, 0, 0, 0, 0, 0, 0, 0, 0, 0, 0, 0, 0, 0, 0, 0, 0, 0, 0, 0, 0, 0, 0, 0, 0, 0, 0, 0, 0, 0, 0, 0, 0, 0, 0, 0, 0, 0, 0, 0]	[0.00022569997236132622, 0.011351700057275593, 0.027736300020478666, 0.044638599967584014, 0.06148779997602105, 0.07800550002139062, 0.09470200003124774, 0.11179710004944354, 0.12809900008141994, 0.1444966000271961, 0.16124290006700903, 0.17788049997761846, 0.19449989998247474, 0.21125699998810887, 0.22785060002934188, 0.2444763999665156, 0.2611816000426188, 0.2778385999845341, 0.29448010004125535, 0.3108603999717161, 0.3275385000742972, 0.34436560003086925, 0.3609965000068769, 0.37810370000079274, 0.3946455999976024, 0.41137870005331933, 0.4279218000592664, 0.44451840000692755, 0.4611651999875903, 0.4779177000746131, 0.49454680003691465, 0.5111119999783114, 0.5278218999737874, 0.5445167999714613, 0.5613803999731317, 0.5779785000486299, 0.5943793000187725, 0.6114322000648826, 0.6279347999952734, 0.6444837000453845, 0.6611566999927163, 0.6777941000182182, 0.6944812000729144, 0.7111565000377595, 0.7279730000300333, 0.7443859999766573, 0.761394300032407, 0.7777376000303775, 0.7947955999989063, 0.8110626999987289, 0.8277184000471607, 0.8443750999867916, 0.861062900046818, 0.8776693000691012, 0.8943424000171944, 0.9108608000678942, 0.9276205999776721, 0.9443197000073269, 0.9610016000224277, 0.9776247000554577, 0.9942615000763908, 1.0109208000358194, 1.0275940999854356]	n/a	n/a	0.5	19b
365	10	go_nogo	0	60	8	go	click	[74.0, 74.0, 85.0, 103.0, 130.0, 145.0, 155.0, 165.0, 171.0, 173.0, 174.0, 174.0, 174.0, 175.0, 178.0, 180.0, 182.0, 185.0, 195.0, 203.0, 206.0, 206.0, 206.0, 206.0, 206.0, 206.0, 206.0, 206.0, 206.0, 206.0, 206.0, 206.0, 206.0, 206.0, 205.0, 205.0, 203.0, 202.0, 201.0, 201.0, 200.0, 200.0, 200.0, 200.0, 200.0, 200.0]	[-209.0, -209.0, -154.0, -51.0, 88.0, 171.0, 230.0, 266.0, 287.0, 295.0, 296.0, 296.0, 297.0, 300.0, 310.0, 314.0, 317.0, 324.0, 340.0, 351.0, 353.0, 353.0, 353.0, 353.0, 353.0, 353.0, 353.0, 353.0, 353.0, 353.0, 353.0, 353.0, 353.0, 351.0, 349.0, 344.0, 336.0, 329.0, 324.0, 317.0, 312.0, 309.0, 308.0, 308.0, 308.0, 308.0]	[0, 0, 0, 0, 0, 0, 0, 0, 0, 0, 0, 0, 0, 0, 0, 0, 0, 0, 0, 0, 1, 1, 1, 1, 1, 0, 0, 0, 0, 0, 0, 0, 0, 0, 0, 0, 0, 0, 0, 0, 0, 0, 0, 0, 0, 1]	[0, 0, 0, 0, 0, 0, 0, 0, 0, 0, 0, 0, 0, 0, 0, 0, 0, 0, 0, 0, 0, 0, 0, 0, 0, 0, 0, 0, 0, 0, 0, 0, 0, 0, 0, 0, 0, 0, 0, 0, 0, 0, 0, 0, 0, 0]	[0, 0, 0, 0, 0, 0, 0, 0, 0, 0, 0, 0, 0, 0, 0, 0, 0, 0, 0, 0, 0, 0, 0, 0, 0, 0, 0, 0, 0, 0, 0, 0, 0, 0, 0, 0, 0, 0, 0, 0, 0, 0, 0, 0, 0, 0]	[0.00019779999274760485, 0.011712800012901425, 0.02811469999141991, 0.044971900060772896, 0.06174920010380447, 0.07858269999269396, 0.09497000009287149, 0.11160140007268637, 0.12812810007017106, 0.14480340003501624, 0.16156560007948428, 0.1781560000963509, 0.19488720002118498, 0.21151839999947697, 0.22819420008454472, 0.2449614000506699, 0.26149130007252097, 0.2780947000719607, 0.29473010008223355, 0.3114132999908179, 0.32836820010561496, 0.3445495000341907, 0.361479900078848, 0.3780278000049293, 0.3948316000169143, 0.4120071000652388, 0.4283192000584677, 0.44475500006228685, 0.4615512000164017, 0.4780122000956908, 0.4946803000057116, 0.511235999991186, 0.5279464999912307, 0.5447924000909552, 0.561432300019078, 0.5779694000957534, 0.5946659001056105, 0.6113504000240937, 0.627980999997817, 0.6445517000975087, 0.6617774000624195, 0.6782452000770718, 0.6948453000513837, 0.7112099000951275, 0.727896700031124, 0.7450744000962004]	200.0	308.0	0.6	19b
366	10	go_nogo	0	60	3	go	click	[80.0, 80.0, 102.0, 157.0, 181.0, 192.0, 200.0, 204.0, 207.0, 208.0, 209.0, 210.0, 210.0, 210.0, 210.0, 210.0, 210.0, 210.0, 210.0, 210.0, 210.0]	[-176.0, -176.0, -115.0, 57.0, 139.0, 184.0, 221.0, 251.0, 275.0, 292.0, 303.0, 307.0, 309.0, 310.0, 311.0, 311.0, 311.0, 312.0, 315.0, 318.0, 318.0]	[0, 0, 0, 0, 0, 0, 0, 0, 0, 0, 0, 0, 0, 0, 0, 0, 0, 0, 0, 0, 1]	[0, 0, 0, 0, 0, 0, 0, 0, 0, 0, 0, 0, 0, 0, 0, 0, 0, 0, 0, 0, 0]	[0, 0, 0, 0, 0, 0, 0, 0, 0, 0, 0, 0, 0, 0, 0, 0, 0, 0, 0, 0, 0]	[0.00021139997988939285, 0.008514499990269542, 0.025554100051522255, 0.04238700005225837, 0.05857180000748485, 0.07543750002514571, 0.09255219995975494, 0.10894199996255338, 0.12559509999118745, 0.14259730000048876, 0.15866109996568412, 0.1755608000094071, 0.19216570002026856, 0.20878550002817065, 0.22536250005941838, 0.2418463999638334, 0.25864110002294183, 0.27525509998667985, 0.29190680000465363, 0.3084881999529898, 0.32577969995327294]	210.0	318.0	1.0	19b
367	10	go_nogo	0	60	6	go	click	[57.0, 57.0, 82.0, 107.0, 128.0, 146.0, 167.0, 189.0, 212.0, 217.0, 221.0, 224.0, 228.0, 233.0, 234.0, 235.0, 235.0, 235.0, 236.0, 236.0, 236.0, 236.0, 236.0]	[-259.0, -259.0, -212.0, -159.0, -110.0, -56.0, 18.0, 106.0, 197.0, 218.0, 237.0, 254.0, 273.0, 290.0, 298.0, 304.0, 311.0, 319.0, 326.0, 328.0, 328.0, 328.0, 328.0]	[0, 0, 0, 0, 0, 0, 0, 0, 0, 0, 0, 0, 0, 0, 0, 0, 0, 0, 0, 0, 0, 0, 1]	[0, 0, 0, 0, 0, 0, 0, 0, 0, 0, 0, 0, 0, 0, 0, 0, 0, 0, 0, 0, 0, 0, 0]	[0, 0, 0, 0, 0, 0, 0, 0, 0, 0, 0, 0, 0, 0, 0, 0, 0, 0, 0, 0, 0, 0, 0]	[7.850001566112041e-05, 0.011763200047425926, 0.02817579999100417, 0.044810599996708333, 0.06132520001847297, 0.07813499995972961, 0.09461629996076226, 0.11147190001793206, 0.12828030006494373, 0.1449891000520438, 0.16146980004850775, 0.17823049996513873, 0.19505079998634756, 0.21172490005847067, 0.22817969997413456, 0.2446446999674663, 0.2614013999700546, 0.27822169999126345, 0.29488259996287525, 0.3113757000537589, 0.32813849998638034, 0.34465810004621744, 0.3613134999759495]	236.0	328.0	0.6	19b
368	10	go_nogo	0	60	4	go	click	[59.0, 59.0, 77.0, 117.0, 149.0, 169.0, 179.0, 183.0, 185.0, 186.0, 187.0, 188.0, 189.0, 190.0, 191.0, 191.0, 191.0, 191.0, 191.0, 191.0, 191.0, 191.0, 191.0, 188.0, 188.0, 188.0, 188.0, 188.0]	[-157.0, -157.0, -84.0, 62.0, 199.0, 302.0, 341.0, 355.0, 360.0, 365.0, 367.0, 369.0, 374.0, 378.0, 378.0, 378.0, 378.0, 378.0, 378.0, 378.0, 378.0, 373.0, 360.0, 343.0, 333.0, 324.0, 316.0, 312.0]	[0, 0, 0, 0, 0, 0, 0, 0, 0, 0, 0, 0, 0, 0, 0, 0, 0, 0, 0, 0, 0, 0, 0, 0, 0, 0, 0, 1]	[0, 0, 0, 0, 0, 0, 0, 0, 0, 0, 0, 0, 0, 0, 0, 0, 0, 0, 0, 0, 0, 0, 0, 0, 0, 0, 0, 0]	[0, 0, 0, 0, 0, 0, 0, 0, 0, 0, 0, 0, 0, 0, 0, 0, 0, 0, 0, 0, 0, 0, 0, 0, 0, 0, 0, 0]	[0.00021139997988939285, 0.009469200042076409, 0.02585840004030615, 0.042771800071932375, 0.05948070005979389, 0.07610160007607192, 0.09273310005664825, 0.10966279997956008, 0.12599149998277426, 0.14263220003340393, 0.1591477000620216, 0.17615220008883625, 0.19283419998828322, 0.2092940000584349, 0.22579280007630587, 0.2424796000123024, 0.25903180008754134, 0.276247400091961, 0.2925440000835806, 0.30918690003454685, 0.32581549999304116, 0.34240750002209097, 0.3594986000098288, 0.37595850008074194, 0.39259750000201166, 0.4092009000014514, 0.4260495000053197, 0.4427776000229642]	188.0	310.0	0.5	19b
369	10	go_nogo	0	60	3	go	click	[79.0, 90.0, 105.0, 133.0, 163.0, 179.0, 192.0, 200.0, 205.0, 209.0, 210.0, 211.0, 211.0, 211.0, 211.0, 211.0, 211.0, 211.0, 211.0, 211.0, 211.0, 210.0, 210.0, 210.0]	[-242.0, -205.0, -164.0, -66.0, 43.0, 127.0, 176.0, 205.0, 226.0, 237.0, 242.0, 245.0, 247.0, 248.0, 249.0, 249.0, 249.0, 249.0, 249.0, 256.0, 266.0, 277.0, 279.0, 279.0]	[0, 0, 0, 0, 0, 0, 0, 0, 0, 0, 0, 0, 0, 0, 0, 0, 0, 0, 0, 0, 0, 0, 0, 1]	[0, 0, 0, 0, 0, 0, 0, 0, 0, 0, 0, 0, 0, 0, 0, 0, 0, 0, 0, 0, 0, 0, 0, 0]	[0, 0, 0, 0, 0, 0, 0, 0, 0, 0, 0, 0, 0, 0, 0, 0, 0, 0, 0, 0, 0, 0, 0, 0]	[0.0001868000254034996, 0.008812999934889376, 0.02575889998115599, 0.04263309994712472, 0.059174599940888584, 0.07586380001157522, 0.09234159998595715, 0.10903659998439252, 0.1258570000063628, 0.14236479997634888, 0.1593635999597609, 0.17575609998311847, 0.19253420003224164, 0.20897219993639737, 0.22544960002414882, 0.24223500001244247, 0.25871940003708005, 0.27548640000168234, 0.29226749995723367, 0.30889460002072155, 0.3254634999902919, 0.3424461999675259, 0.35877849999815226, 0.37561680004000664]	210.0	279.0	0.6	19b
370	10	go_nogo	0	60	1	nogo	none	[-5.0, -5.0, -1.0, 12.0, 32.0, 42.0, 47.0, 47.0, 48.0, 52.0, 61.0, 79.0, 96.0, 112.0, 121.0, 129.0, 134.0, 147.0, 154.0, 160.0, 166.0, 172.0, 175.0, 175.0, 175.0, 175.0, 175.0, 175.0, 175.0, 175.0, 175.0, 175.0, 175.0, 175.0, 175.0, 175.0, 175.0, 175.0, 175.0, 175.0, 175.0, 175.0, 175.0, 175.0, 175.0, 175.0, 175.0, 175.0, 175.0, 175.0, 175.0, 175.0, 175.0, 175.0, 175.0, 175.0, 175.0, 175.0, 175.0, 175.0, 175.0, 175.0, 175.0, 175.0, 175.0, 175.0]	[-269.0, -269.0, -249.0, -198.0, -142.0, -113.0, -104.0, -102.0, -100.0, -92.0, -64.0, -22.0, 25.0, 59.0, 80.0, 96.0, 113.0, 145.0, 166.0, 187.0, 207.0, 222.0, 231.0, 232.0, 232.0, 232.0, 232.0, 232.0, 232.0, 232.0, 232.0, 232.0, 232.0, 232.0, 232.0, 232.0, 232.0, 232.0, 232.0, 232.0, 232.0, 232.0, 232.0, 232.0, 232.0, 232.0, 232.0, 232.0, 232.0, 232.0, 232.0, 232.0, 232.0, 232.0, 232.0, 232.0, 232.0, 232.0, 232.0, 232.0, 232.0, 232.0, 232.0, 232.0, 232.0, 232.0]	[0, 0, 0, 0, 0, 0, 0, 0, 0, 0, 0, 0, 0, 0, 0, 0, 0, 0, 0, 0, 0, 0, 0, 0, 0, 0, 0, 0, 0, 0, 0, 0, 0, 0, 0, 0, 0, 0, 0, 0, 0, 0, 0, 0, 0, 0, 0, 0, 0, 0, 0, 0, 0, 0, 0, 0, 0, 0, 0, 0, 0, 0, 0, 0, 0, 0]	[0, 0, 0, 0, 0, 0, 0, 0, 0, 0, 0, 0, 0, 0, 0, 0, 0, 0, 0, 0, 0, 0, 0, 0, 0, 0, 0, 0, 0, 0, 0, 0, 0, 0, 0, 0, 0, 0, 0, 0, 0, 0, 0, 0, 0, 0, 0, 0, 0, 0, 0, 0, 0, 0, 0, 0, 0, 0, 0, 0, 0, 0, 0, 0, 0, 0]	[0, 0, 0, 0, 0, 0, 0, 0, 0, 0, 0, 0, 0, 0, 0, 0, 0, 0, 0, 0, 0, 0, 0, 0, 0, 0, 0, 0, 0, 0, 0, 0, 0, 0, 0, 0, 0, 0, 0, 0, 0, 0, 0, 0, 0, 0, 0, 0, 0, 0, 0, 0, 0, 0, 0, 0, 0, 0, 0, 0, 0, 0, 0, 0, 0, 0]	[0.000269699958153069, 0.0097785999532789, 0.02628370001912117, 0.04311329999472946, 0.05977059993892908, 0.07649060001131147, 0.09325619996525347, 0.110808499972336, 0.12671939993742853, 0.14307009999174625, 0.15953509998507798, 0.1763494999613613, 0.192975000012666, 0.20994800003245473, 0.22632719995453954, 0.24309689993970096, 0.25974190002307296, 0.27642759995069355, 0.2930934999603778, 0.31005730002652854, 0.3264008000260219, 0.3430118999676779, 0.35968039999715984, 0.37616919993888587, 0.3927451999625191, 0.4093045999761671, 0.425985399982892, 0.44282959995325655, 0.4593569999560714, 0.47592519992031157, 0.49267059995327145, 0.5094567999476567, 0.5259613000089303, 0.542663799948059, 0.5592051999410614, 0.5760082999477163, 0.5926090999273583, 0.6093827999429777, 0.6259984000353143, 0.6427943999879062, 0.6595180999720469, 0.6759568999987096, 0.6925900999922305, 0.709237499977462, 0.7257947999751195, 0.7426930000074208, 0.7592517000157386, 0.7757249999558553, 0.7925726999528706, 0.8092726999893785, 0.8259868000168353, 0.8426562999375165, 0.8593327000271529, 0.8759463999886066, 0.8928266000002623, 0.9093471999512985, 0.9258718999335542, 0.9425248999614269, 0.959176899981685, 0.9759416999295354, 0.99252919992432, 1.0091929000336677, 1.0259745999937877, 1.0426428000209853, 1.0592655999353155, 1.075972200022079]	n/a	n/a	0.9	19b
371	10	go_nogo	0	60	2	go	click	[39.0, 39.0, 69.0, 98.0, 128.0, 146.0, 160.0, 170.0, 178.0, 181.0, 182.0, 183.0, 183.0, 183.0, 183.0, 183.0, 183.0, 183.0, 184.0, 184.0, 184.0, 184.0]	[-204.0, -204.0, -117.0, -33.0, 50.0, 122.0, 175.0, 214.0, 241.0, 254.0, 261.0, 266.0, 269.0, 271.0, 275.0, 278.0, 283.0, 287.0, 293.0, 295.0, 296.0, 296.0]	[0, 0, 0, 0, 0, 0, 0, 0, 0, 0, 0, 0, 0, 0, 0, 0, 0, 0, 0, 0, 0, 1]	[0, 0, 0, 0, 0, 0, 0, 0, 0, 0, 0, 0, 0, 0, 0, 0, 0, 0, 0, 0, 0, 0]	[0, 0, 0, 0, 0, 0, 0, 0, 0, 0, 0, 0, 0, 0, 0, 0, 0, 0, 0, 0, 0, 0]	[7.469998672604561e-05, 0.010311500052921474, 0.027037100051529706, 0.04353979998268187, 0.06009579997044057, 0.07684350002091378, 0.09367329999804497, 0.11027579999063164, 0.12692629999946803, 0.1435674000531435, 0.16032450005877763, 0.17754890001378953, 0.19377560005523264, 0.21031560003757477, 0.22710710007231683, 0.24358700006268919, 0.26015210000332445, 0.27681479998864233, 0.29356130002997816, 0.310267599998042, 0.3268271000124514, 0.34350249997805804]	184.0	296.0	0.7	19b
372	10	go_nogo	0	60	9	nogo	none	[71.0, 71.0, 81.0, 106.0, 146.0, 165.0, 174.0, 180.0, 183.0, 186.0, 187.0, 189.0, 190.0, 190.0, 190.0, 190.0, 190.0, 190.0, 191.0, 191.0, 191.0]	[-273.0, -273.0, -249.0, -178.0, -9.0, 110.0, 191.0, 241.0, 274.0, 294.0, 307.0, 318.0, 328.0, 335.0, 336.0, 336.0, 337.0, 337.0, 339.0, 339.0, 339.0]	[0, 0, 0, 0, 0, 0, 0, 0, 0, 0, 0, 0, 0, 0, 0, 0, 0, 0, 0, 0, 1]	[0, 0, 0, 0, 0, 0, 0, 0, 0, 0, 0, 0, 0, 0, 0, 0, 0, 0, 0, 0, 0]	[0, 0, 0, 0, 0, 0, 0, 0, 0, 0, 0, 0, 0, 0, 0, 0, 0, 0, 0, 0, 0]	[0.0002188000362366438, 0.009345200029201806, 0.02564670005813241, 0.04250020009931177, 0.059302300098352134, 0.07604430010542274, 0.09265490004327148, 0.10913730005268008, 0.12582460010889918, 0.142387600033544, 0.15916490007657558, 0.176071000052616, 0.19263090007007122, 0.20907780004199594, 0.22577230003662407, 0.24243430001661181, 0.25901310006156564, 0.2756355000892654, 0.292140300036408, 0.30876350007019937, 0.3257060000905767]	191.0	339.0	0.8	19b
373	10	go_nogo	0	60	2	go	click	[46.0, 46.0, 60.0, 86.0, 106.0, 119.0, 123.0, 128.0, 134.0, 135.0, 138.0, 139.0, 139.0, 139.0, 139.0, 139.0, 139.0, 139.0, 139.0, 146.0, 155.0, 170.0, 185.0, 197.0, 208.0, 213.0, 215.0, 215.0]	[-255.0, -255.0, -213.0, -139.0, -73.0, -6.0, 42.0, 85.0, 129.0, 144.0, 151.0, 153.0, 153.0, 155.0, 156.0, 157.0, 157.0, 157.0, 157.0, 172.0, 201.0, 234.0, 261.0, 285.0, 303.0, 316.0, 320.0, 321.0]	[0, 0, 0, 0, 0, 0, 0, 0, 0, 0, 0, 0, 0, 0, 0, 0, 0, 0, 0, 0, 0, 0, 0, 0, 0, 0, 0, 1]	[0, 0, 0, 0, 0, 0, 0, 0, 0, 0, 0, 0, 0, 0, 0, 0, 0, 0, 0, 0, 0, 0, 0, 0, 0, 0, 0, 0]	[0, 0, 0, 0, 0, 0, 0, 0, 0, 0, 0, 0, 0, 0, 0, 0, 0, 0, 0, 0, 0, 0, 0, 0, 0, 0, 0, 0]	[0.00019609997980296612, 0.010279700043611228, 0.026947799953632057, 0.043783599976450205, 0.06041969999205321, 0.07697850000113249, 0.09367760003078729, 0.11043120000977069, 0.1272791000083089, 0.1437353000510484, 0.1604149000486359, 0.17694709997158498, 0.19377949996851385, 0.21047279995400459, 0.22735840000677854, 0.2435597999719903, 0.2601050999946892, 0.2767779000569135, 0.29358099994715303, 0.31052749999798834, 0.3270829999819398, 0.3442650999641046, 0.3604920000070706, 0.3769602000247687, 0.39371119998395443, 0.41041869996115565, 0.42686979996506125, 0.44386670005042106]	215.0	321.0	0.9	19b
374	10	go_nogo	0	60	7	go	click	[10.0, 10.0, 28.0, 63.0, 100.0, 140.0, 152.0, 159.0, 163.0, 165.0, 166.0, 166.0, 168.0, 170.0, 173.0, 177.0, 178.0, 178.0, 178.0, 178.0, 178.0, 180.0, 182.0, 182.0]	[-211.0, -211.0, -162.0, -47.0, 56.0, 151.0, 184.0, 203.0, 213.0, 220.0, 222.0, 224.0, 229.0, 239.0, 254.0, 265.0, 267.0, 268.0, 268.0, 268.0, 271.0, 277.0, 285.0, 287.0]	[0, 0, 0, 0, 0, 0, 0, 0, 0, 0, 0, 0, 0, 0, 0, 0, 0, 0, 0, 0, 0, 0, 0, 1]	[0, 0, 0, 0, 0, 0, 0, 0, 0, 0, 0, 0, 0, 0, 0, 0, 0, 0, 0, 0, 0, 0, 0, 0]	[0, 0, 0, 0, 0, 0, 0, 0, 0, 0, 0, 0, 0, 0, 0, 0, 0, 0, 0, 0, 0, 0, 0, 0]	[0.00018940004520118237, 0.01168240001425147, 0.028114100103266537, 0.04495000001043081, 0.06162480008788407, 0.07840110000688583, 0.09527819999493659, 0.11160820000804961, 0.1282451000297442, 0.14529390004463494, 0.1617909000487998, 0.17831220000516623, 0.1948299000505358, 0.21161009999923408, 0.2280773000093177, 0.2447262000059709, 0.26177159999497235, 0.2779160001082346, 0.29462010005954653, 0.31158600002527237, 0.32825050002429634, 0.34481240005698055, 0.3614049000898376, 0.37834910000674427]	182.0	287.0	0.7	19b
375	10	go_nogo	0	60	6	go	click	[198.0, 198.0, 244.0, 320.0, 329.0, 331.0, 331.0, 331.0, 331.0, 331.0, 331.0, 331.0, 330.0, 325.0, 320.0, 310.0, 299.0, 277.0, 251.0, 235.0, 230.0, 227.0, 226.0]	[-114.0, -114.0, -56.0, 54.0, 84.0, 115.0, 143.0, 165.0, 181.0, 195.0, 210.0, 228.0, 237.0, 241.0, 242.0, 244.0, 250.0, 262.0, 276.0, 287.0, 291.0, 294.0, 294.0]	[0, 0, 0, 0, 0, 0, 0, 0, 0, 0, 0, 0, 0, 0, 0, 0, 0, 0, 0, 0, 0, 0, 1]	[0, 0, 0, 0, 0, 0, 0, 0, 0, 0, 0, 0, 0, 0, 0, 0, 0, 0, 0, 0, 0, 0, 0]	[0, 0, 0, 0, 0, 0, 0, 0, 0, 0, 0, 0, 0, 0, 0, 0, 0, 0, 0, 0, 0, 0, 0]	[0.00019029993563890457, 0.011853399919345975, 0.028347899904474616, 0.045404599979519844, 0.06176179996691644, 0.07845779997296631, 0.09548109991010278, 0.11176130000967532, 0.12852249993011355, 0.14522479998413473, 0.1620075999526307, 0.17850959999486804, 0.19497869990300387, 0.21203850000165403, 0.22855369991157204, 0.2452466000104323, 0.26153319992590696, 0.27813529991544783, 0.2948611999163404, 0.31185489997733384, 0.32847289997152984, 0.34507279994431883, 0.3616807999787852]	226.0	294.0	0.7	19b
376	10	go_nogo	0	60	2	go	click	[33.0, 39.0, 47.0, 65.0, 80.0, 106.0, 125.0, 139.0, 145.0, 149.0, 153.0, 156.0, 158.0, 159.0, 159.0, 159.0, 160.0, 163.0, 169.0, 178.0, 182.0, 182.0]	[-287.0, -255.0, -212.0, -109.0, 5.0, 106.0, 164.0, 208.0, 223.0, 237.0, 246.0, 254.0, 260.0, 260.0, 260.0, 260.0, 263.0, 269.0, 277.0, 284.0, 287.0, 287.0]	[0, 0, 0, 0, 0, 0, 0, 0, 0, 0, 0, 0, 0, 0, 0, 0, 0, 0, 0, 0, 0, 1]	[0, 0, 0, 0, 0, 0, 0, 0, 0, 0, 0, 0, 0, 0, 0, 0, 0, 0, 0, 0, 0, 0]	[0, 0, 0, 0, 0, 0, 0, 0, 0, 0, 0, 0, 0, 0, 0, 0, 0, 0, 0, 0, 0, 0]	[7.979990914463997e-05, 0.010817899950779974, 0.02722289995290339, 0.043734399951063097, 0.06063769990578294, 0.07864149997476488, 0.09556299995165318, 0.11157479998655617, 0.12929509999230504, 0.14397539990022779, 0.1629481998970732, 0.1794494999339804, 0.19388499995693564, 0.2100867999251932, 0.22679779992904514, 0.24352899997029454, 0.26091259997338057, 0.2771112999180332, 0.29343550000339746, 0.31058079993817955, 0.3268355999607593, 0.34355279989540577]	182.0	287.0	0.6	19b
377	10	go_nogo	0	60	4	go	click	[28.0, 28.0, 74.0, 114.0, 137.0, 154.0, 162.0, 169.0, 171.0, 176.0, 177.0, 178.0, 178.0, 178.0, 178.0, 178.0, 178.0, 178.0, 178.0, 178.0]	[-199.0, -199.0, -86.0, 18.0, 84.0, 132.0, 165.0, 192.0, 212.0, 235.0, 250.0, 255.0, 257.0, 258.0, 258.0, 258.0, 258.0, 258.0, 258.0, 258.0]	[0, 0, 0, 0, 0, 0, 0, 0, 0, 0, 0, 0, 0, 0, 0, 0, 0, 0, 0, 1]	[0, 0, 0, 0, 0, 0, 0, 0, 0, 0, 0, 0, 0, 0, 0, 0, 0, 0, 0, 0]	[0, 0, 0, 0, 0, 0, 0, 0, 0, 0, 0, 0, 0, 0, 0, 0, 0, 0, 0, 0]	[0.00018780003301799297, 0.011927100014872849, 0.02806320006493479, 0.0449835000326857, 0.061626900103874505, 0.07815620000474155, 0.09488380001857877, 0.11147540004458278, 0.12811440008226782, 0.14478370000142604, 0.16147790011018515, 0.17856630007736385, 0.19505030009895563, 0.21151790011208504, 0.22815590002574027, 0.24453960009850562, 0.2613153000129387, 0.2780671000946313, 0.29461770004127175, 0.3115210001124069]	178.0	258.0	0.6	19b
378	10	go_nogo	0	60	9	nogo	none	[20.0, 20.0, 54.0, 83.0, 105.0, 122.0, 137.0, 148.0, 164.0, 172.0, 177.0, 179.0, 183.0, 186.0, 187.0, 187.0, 187.0, 187.0, 187.0, 187.0, 187.0, 187.0, 187.0]	[-257.0, -257.0, -180.0, -105.0, -38.0, 31.0, 91.0, 135.0, 190.0, 210.0, 221.0, 231.0, 242.0, 253.0, 256.0, 256.0, 256.0, 256.0, 256.0, 256.0, 256.0, 256.0, 256.0]	[0, 0, 0, 0, 0, 0, 0, 0, 0, 0, 0, 0, 0, 0, 0, 0, 0, 0, 0, 0, 0, 0, 1]	[0, 0, 0, 0, 0, 0, 0, 0, 0, 0, 0, 0, 0, 0, 0, 0, 0, 0, 0, 0, 0, 0, 0]	[0, 0, 0, 0, 0, 0, 0, 0, 0, 0, 0, 0, 0, 0, 0, 0, 0, 0, 0, 0, 0, 0, 0]	[7.259997073560953e-05, 0.012426699977368116, 0.029019900015555322, 0.045786499977111816, 0.06281380006112158, 0.07923919998575002, 0.0958898999961093, 0.11240980005823076, 0.12956569995731115, 0.1464010999770835, 0.16330070002004504, 0.1789686999982223, 0.19592379999812692, 0.21242430002894253, 0.22897359996568412, 0.24567079998087138, 0.262402500025928, 0.2791009000502527, 0.29555769998114556, 0.3125374000519514, 0.3290789000457153, 0.3457531000021845, 0.3623021000530571]	187.0	256.0	0.8	19b
379	10	go_nogo	0	60	8	go	click	[32.0, 32.0, 44.0, 82.0, 103.0, 121.0, 130.0, 134.0, 136.0, 138.0, 140.0, 141.0, 143.0, 147.0, 148.0, 148.0, 149.0, 150.0, 152.0, 159.0, 167.0, 177.0, 186.0, 193.0, 197.0, 199.0, 199.0, 199.0, 199.0, 199.0, 199.0]	[-214.0, -214.0, -173.0, -61.0, -2.0, 67.0, 109.0, 126.0, 134.0, 142.0, 147.0, 151.0, 156.0, 162.0, 165.0, 166.0, 168.0, 170.0, 177.0, 191.0, 210.0, 230.0, 252.0, 273.0, 288.0, 295.0, 300.0, 305.0, 309.0, 310.0, 310.0]	[0, 0, 0, 0, 0, 0, 0, 0, 0, 0, 0, 0, 0, 0, 0, 0, 0, 0, 0, 0, 0, 0, 0, 0, 0, 0, 0, 0, 0, 0, 1]	[0, 0, 0, 0, 0, 0, 0, 0, 0, 0, 0, 0, 0, 0, 0, 0, 0, 0, 0, 0, 0, 0, 0, 0, 0, 0, 0, 0, 0, 0, 0]	[0, 0, 0, 0, 0, 0, 0, 0, 0, 0, 0, 0, 0, 0, 0, 0, 0, 0, 0, 0, 0, 0, 0, 0, 0, 0, 0, 0, 0, 0, 0]	[0.00036289996933192015, 0.00915479997638613, 0.025815899949520826, 0.042964500025846064, 0.05923150002490729, 0.07578259997535497, 0.09231249999720603, 0.10909129993524402, 0.1259319999953732, 0.14248319994658232, 0.15909129998181015, 0.17561599996406585, 0.19252389995381236, 0.20939249999355525, 0.22569210000801831, 0.2424475000007078, 0.2592051000101492, 0.2761171000311151, 0.2924474999308586, 0.30913139996118844, 0.3256257999455556, 0.3423060999484733, 0.35897770000156015, 0.37540379993151873, 0.3922925000078976, 0.4089829999720678, 0.42574670002795756, 0.44246759999077767, 0.4588681999593973, 0.4753739000298083, 0.49252790003083646]	199.0	311.0	1.0	19b
380	10	go_nogo	0	60	4	go	click	[62.0, 62.0, 105.0, 142.0, 171.0, 189.0, 201.0, 206.0, 210.0, 213.0, 215.0, 216.0, 217.0, 217.0, 217.0, 217.0, 217.0, 218.0, 220.0, 220.0, 221.0, 223.0, 224.0, 226.0, 227.0, 227.0, 227.0, 227.0]	[-248.0, -248.0, -162.0, -81.0, -19.0, 22.0, 53.0, 73.0, 84.0, 93.0, 101.0, 105.0, 117.0, 128.0, 136.0, 141.0, 146.0, 155.0, 167.0, 182.0, 202.0, 228.0, 253.0, 273.0, 288.0, 294.0, 294.0, 294.0]	[0, 0, 0, 0, 0, 0, 0, 0, 0, 0, 0, 0, 0, 0, 0, 0, 0, 0, 0, 0, 0, 0, 0, 0, 0, 0, 0, 1]	[0, 0, 0, 0, 0, 0, 0, 0, 0, 0, 0, 0, 0, 0, 0, 0, 0, 0, 0, 0, 0, 0, 0, 0, 0, 0, 0, 0]	[0, 0, 0, 0, 0, 0, 0, 0, 0, 0, 0, 0, 0, 0, 0, 0, 0, 0, 0, 0, 0, 0, 0, 0, 0, 0, 0, 0]	[0.0001034000888466835, 0.010959500097669661, 0.027236000052653253, 0.04409300000406802, 0.06102290004491806, 0.07749530009459704, 0.09400170005392283, 0.11061960004735738, 0.1272946000099182, 0.14402210002299398, 0.16076320002321154, 0.17716289998497814, 0.19396810000762343, 0.21053899999242276, 0.22722430003341287, 0.24376700003631413, 0.2605790999950841, 0.2770625000121072, 0.29394670005422086, 0.31033880007453263, 0.327105600037612, 0.34400130005087703, 0.3604682000586763, 0.3770453000906855, 0.39427310007158667, 0.410352100036107, 0.42712530004791915, 0.44389980006963015]	227.0	294.0	1.0	19b
381	10	go_nogo	0	60	9	nogo	none	[53.0, 53.0, 67.0, 91.0, 110.0, 132.0, 142.0, 151.0, 159.0, 167.0, 173.0, 175.0, 177.0, 178.0, 178.0, 179.0, 179.0, 181.0, 182.0, 185.0, 187.0, 189.0, 189.0, 189.0, 189.0, 189.0, 189.0, 189.0, 189.0, 189.0, 189.0, 189.0, 189.0, 189.0, 189.0, 189.0, 190.0, 190.0, 190.0, 190.0, 190.0, 190.0, 190.0, 190.0, 190.0, 190.0, 190.0, 190.0, 190.0, 190.0, 190.0, 190.0, 190.0, 190.0, 190.0, 190.0, 190.0, 190.0, 190.0, 190.0, 190.0, 190.0, 190.0, 190.0, 190.0]	[-217.0, -217.0, -180.0, -112.0, -58.0, 8.0, 40.0, 68.0, 93.0, 116.0, 135.0, 152.0, 164.0, 175.0, 184.0, 191.0, 197.0, 209.0, 218.0, 229.0, 237.0, 242.0, 244.0, 244.0, 244.0, 244.0, 244.0, 244.0, 244.0, 244.0, 244.0, 244.0, 244.0, 244.0, 244.0, 244.0, 244.0, 244.0, 244.0, 244.0, 244.0, 244.0, 244.0, 244.0, 244.0, 244.0, 244.0, 244.0, 244.0, 244.0, 244.0, 244.0, 244.0, 244.0, 244.0, 244.0, 244.0, 244.0, 244.0, 244.0, 244.0, 244.0, 244.0, 244.0, 244.0]	[0, 0, 0, 0, 0, 0, 0, 0, 0, 0, 0, 0, 0, 0, 0, 0, 0, 0, 0, 0, 0, 0, 0, 0, 0, 0, 0, 0, 0, 0, 0, 0, 0, 0, 0, 0, 0, 0, 0, 0, 0, 0, 0, 0, 0, 0, 0, 0, 0, 0, 0, 0, 0, 0, 0, 0, 0, 0, 0, 0, 0, 0, 0, 0, 0]	[0, 0, 0, 0, 0, 0, 0, 0, 0, 0, 0, 0, 0, 0, 0, 0, 0, 0, 0, 0, 0, 0, 0, 0, 0, 0, 0, 0, 0, 0, 0, 0, 0, 0, 0, 0, 0, 0, 0, 0, 0, 0, 0, 0, 0, 0, 0, 0, 0, 0, 0, 0, 0, 0, 0, 0, 0, 0, 0, 0, 0, 0, 0, 0, 0]	[0, 0, 0, 0, 0, 0, 0, 0, 0, 0, 0, 0, 0, 0, 0, 0, 0, 0, 0, 0, 0, 0, 0, 0, 0, 0, 0, 0, 0, 0, 0, 0, 0, 0, 0, 0, 0, 0, 0, 0, 0, 0, 0, 0, 0, 0, 0, 0, 0, 0, 0, 0, 0, 0, 0, 0, 0, 0, 0, 0, 0, 0, 0, 0, 0]	[0.00021850003395229578, 0.012161799939349294, 0.02861559996381402, 0.04538289993070066, 0.06314979994203895, 0.07943109993357211, 0.09546169999521226, 0.1123912000330165, 0.12870440003462136, 0.14550630003213882, 0.1621955999871716, 0.17867819999810308, 0.19524719996843487, 0.2121284999884665, 0.22869030002038926, 0.24532759992871433, 0.2619605000363663, 0.27874049998354167, 0.2955270999809727, 0.3120772000402212, 0.32858269999269396, 0.3451866999967024, 0.36187659995630383, 0.37886820000130683, 0.39549909997731447, 0.4118727999739349, 0.42886330001056194, 0.44529760000295937, 0.4619323000079021, 0.4786324999295175, 0.49527700000908226, 0.5118156999815255, 0.5286259999265894, 0.5452338999602944, 0.5619712999323383, 0.5790090999798849, 0.5952014999929816, 0.6120953999925405, 0.6285226999316365, 0.6453804000047967, 0.661825199960731, 0.6786333000054583, 0.6951616000151262, 0.711698199971579, 0.7288651999551803, 0.7451677999924868, 0.7620026000076905, 0.7785973999416456, 0.7951978000346571, 0.8118025999283418, 0.8286548999603838, 0.8454031000146642, 0.8618133999407291, 0.8785241999430582, 0.8951693000271916, 0.9119385000085458, 0.9285141000291333, 0.945033699972555, 0.961912399972789, 0.9783882999327034, 0.9952043000375852, 1.011612799949944, 1.0283755999989808, 1.045118400012143, 1.0616521999472752]	n/a	n/a	0.9	19b
382	10	go_nogo	0	60	4	go	click	[57.0, 57.0, 79.0, 116.0, 142.0, 150.0, 156.0, 161.0, 162.0, 165.0, 166.0, 169.0, 170.0, 171.0, 173.0, 173.0, 173.0, 173.0, 173.0, 173.0, 174.0, 177.0, 179.0, 179.0]	[-187.0, -187.0, -125.0, 1.0, 98.0, 129.0, 154.0, 175.0, 185.0, 195.0, 201.0, 207.0, 212.0, 223.0, 232.0, 238.0, 239.0, 239.0, 239.0, 243.0, 252.0, 265.0, 268.0, 268.0]	[0, 0, 0, 0, 0, 0, 0, 0, 0, 0, 0, 0, 0, 0, 0, 0, 0, 0, 0, 0, 0, 0, 0, 1]	[0, 0, 0, 0, 0, 0, 0, 0, 0, 0, 0, 0, 0, 0, 0, 0, 0, 0, 0, 0, 0, 0, 0, 0]	[0, 0, 0, 0, 0, 0, 0, 0, 0, 0, 0, 0, 0, 0, 0, 0, 0, 0, 0, 0, 0, 0, 0, 0]	[0.00021719990763813257, 0.01161409995984286, 0.027883399976417422, 0.04484779993072152, 0.061312099918723106, 0.0783244000049308, 0.0946852999040857, 0.11132679996080697, 0.12811029993463308, 0.14504979993216693, 0.16146969993133098, 0.17799039999954402, 0.19465129997115582, 0.21143119991756976, 0.22796159994322807, 0.24457099998835474, 0.2610947999637574, 0.2776843999745324, 0.29473460000008345, 0.3115309999557212, 0.3279324999311939, 0.3445596999954432, 0.3610656999517232, 0.3785298999864608]	179.0	268.0	0.5	19b
383	10	go_nogo	0	60	4	go	click	[60.0, 60.0, 74.0, 94.0, 108.0, 117.0, 124.0, 129.0, 135.0, 138.0, 143.0, 149.0, 156.0, 162.0, 166.0, 167.0, 167.0, 167.0, 168.0, 173.0, 173.0]	[-230.0, -230.0, -165.0, -11.0, 118.0, 199.0, 244.0, 261.0, 275.0, 284.0, 294.0, 308.0, 322.0, 330.0, 333.0, 334.0, 334.0, 334.0, 334.0, 336.0, 336.0]	[0, 0, 0, 0, 0, 0, 0, 0, 0, 0, 0, 0, 0, 0, 0, 0, 0, 0, 0, 0, 1]	[0, 0, 0, 0, 0, 0, 0, 0, 0, 0, 0, 0, 0, 0, 0, 0, 0, 0, 0, 0, 0]	[0, 0, 0, 0, 0, 0, 0, 0, 0, 0, 0, 0, 0, 0, 0, 0, 0, 0, 0, 0, 0]	[0.000328000052832067, 0.010687200003303587, 0.02736840001307428, 0.04379370005335659, 0.060418999986723065, 0.07735420006792992, 0.09370580001268536, 0.11046210001222789, 0.12745729996822774, 0.14356360002420843, 0.16045810002833605, 0.17709050001576543, 0.19391440006438643, 0.21061700000427663, 0.22697670001070946, 0.24362660001497716, 0.26031959999818355, 0.27733459998853505, 0.2935410999925807, 0.3101265999721363, 0.32709000003524125]	173.0	336.0	0.5	19b
384	10	go_nogo	0	60	2	go	click	[51.0, 51.0, 63.0, 91.0, 126.0, 141.0, 155.0, 166.0, 176.0, 182.0, 186.0, 192.0, 197.0, 199.0, 199.0, 200.0, 200.0, 200.0, 200.0, 200.0, 201.0, 203.0]	[-218.0, -218.0, -178.0, -106.0, -23.0, 17.0, 54.0, 87.0, 112.0, 131.0, 152.0, 175.0, 196.0, 211.0, 216.0, 217.0, 219.0, 224.0, 236.0, 256.0, 272.0, 279.0]	[0, 0, 0, 0, 0, 0, 0, 0, 0, 0, 0, 0, 0, 0, 0, 0, 0, 0, 0, 0, 0, 1]	[0, 0, 0, 0, 0, 0, 0, 0, 0, 0, 0, 0, 0, 0, 0, 0, 0, 0, 0, 0, 0, 0]	[0, 0, 0, 0, 0, 0, 0, 0, 0, 0, 0, 0, 0, 0, 0, 0, 0, 0, 0, 0, 0, 0]	[0.00018540001474320889, 0.01138480007648468, 0.02775190002284944, 0.0446247000945732, 0.061398600111715496, 0.07812430011108518, 0.09475620009470731, 0.11141110002063215, 0.1281735000666231, 0.14475890004541725, 0.16122430004179478, 0.17788060009479523, 0.19473730004392564, 0.2112280000001192, 0.22793240007013083, 0.2446197000099346, 0.26157770003192127, 0.27793040010146797, 0.29466140002477914, 0.311301700072363, 0.32778260007034987, 0.34462240000721067]	203.0	279.0	0.9	19b
385	10	go_nogo	0	60	9	nogo	none	[87.0, 87.0, 135.0, 176.0, 203.0, 216.0, 221.0, 224.0, 226.0, 229.0, 231.0, 232.0, 230.0, 229.0, 226.0, 224.0, 222.0, 221.0, 220.0, 219.0, 218.0, 217.0, 217.0, 217.0, 217.0, 217.0, 217.0, 217.0, 217.0, 217.0, 217.0, 217.0, 217.0, 217.0, 217.0, 217.0, 217.0, 217.0, 217.0, 217.0, 217.0, 217.0, 217.0, 217.0, 217.0, 217.0, 217.0, 217.0, 217.0, 217.0, 217.0, 217.0, 217.0, 217.0, 217.0, 217.0, 217.0, 217.0, 217.0, 217.0, 217.0, 217.0, 217.0, 217.0]	[-227.0, -227.0, -129.0, -17.0, 69.0, 116.0, 141.0, 161.0, 176.0, 193.0, 213.0, 242.0, 261.0, 277.0, 294.0, 303.0, 309.0, 311.0, 314.0, 318.0, 322.0, 324.0, 324.0, 324.0, 324.0, 324.0, 324.0, 324.0, 324.0, 324.0, 324.0, 324.0, 324.0, 324.0, 324.0, 324.0, 324.0, 324.0, 324.0, 324.0, 324.0, 324.0, 324.0, 324.0, 324.0, 324.0, 324.0, 324.0, 324.0, 324.0, 324.0, 324.0, 324.0, 324.0, 324.0, 324.0, 324.0, 324.0, 324.0, 324.0, 324.0, 324.0, 324.0, 324.0]	[0, 0, 0, 0, 0, 0, 0, 0, 0, 0, 0, 0, 0, 0, 0, 0, 0, 0, 0, 0, 0, 0, 0, 0, 0, 0, 0, 0, 0, 0, 0, 0, 0, 0, 0, 0, 0, 0, 0, 0, 0, 0, 0, 0, 0, 0, 0, 0, 0, 0, 0, 0, 0, 0, 0, 0, 0, 0, 0, 0, 0, 0, 0, 0]	[0, 0, 0, 0, 0, 0, 0, 0, 0, 0, 0, 0, 0, 0, 0, 0, 0, 0, 0, 0, 0, 0, 0, 0, 0, 0, 0, 0, 0, 0, 0, 0, 0, 0, 0, 0, 0, 0, 0, 0, 0, 0, 0, 0, 0, 0, 0, 0, 0, 0, 0, 0, 0, 0, 0, 0, 0, 0, 0, 0, 0, 0, 0, 0]	[0, 0, 0, 0, 0, 0, 0, 0, 0, 0, 0, 0, 0, 0, 0, 0, 0, 0, 0, 0, 0, 0, 0, 0, 0, 0, 0, 0, 0, 0, 0, 0, 0, 0, 0, 0, 0, 0, 0, 0, 0, 0, 0, 0, 0, 0, 0, 0, 0, 0, 0, 0, 0, 0, 0, 0, 0, 0, 0, 0, 0, 0, 0, 0]	[0.00032400002237409353, 0.011579600046388805, 0.027900599990971386, 0.04495450004469603, 0.06127720000222325, 0.07798830000683665, 0.09444320003967732, 0.11123200005386025, 0.12767439999151975, 0.14488570007961243, 0.16174580005463213, 0.17796100000850856, 0.19480639998801053, 0.21185159997548908, 0.22770629997830838, 0.2445365000749007, 0.26123599999118596, 0.27775840007234365, 0.29450080008246005, 0.3110918999882415, 0.3277203000616282, 0.3441912999842316, 0.36100899998564273, 0.37751580006442964, 0.39446560002397746, 0.41084590007085353, 0.4275635000085458, 0.4443374000256881, 0.46089410001877695, 0.477494899998419, 0.4943644000450149, 0.5109646000200883, 0.5276830000802875, 0.5444209000561386, 0.5608799000037834, 0.5775345000438392, 0.5942137000383809, 0.6107950999867171, 0.6274683000519872, 0.6441534999758005, 0.6608220000052825, 0.6774704999988899, 0.6940734999952838, 0.7109206999884918, 0.7275703999912366, 0.7440908000571653, 0.7607683000387624, 0.7778210000833496, 0.7941691000014544, 0.8109765000408515, 0.8274636000860482, 0.8444577000336722, 0.8610623000422493, 0.8778096999740228, 0.8941929000429809, 0.9108919000718743, 0.927446800051257, 0.9441253000404686, 0.9609184000873938, 0.9772375000175089, 0.9941598000004888, 1.0106959000695497, 1.0274102999828756, 1.0441106000216678]	n/a	n/a	0.5	19b
386	10	go_nogo	0	60	7	go	click	[23.0, 23.0, 41.0, 82.0, 118.0, 166.0, 188.0, 208.0, 221.0, 232.0, 239.0, 244.0, 247.0, 248.0, 249.0, 249.0, 249.0, 249.0, 249.0, 249.0, 249.0, 249.0, 248.0, 248.0]	[-261.0, -261.0, -218.0, -107.0, 16.0, 156.0, 209.0, 248.0, 278.0, 297.0, 311.0, 323.0, 330.0, 333.0, 333.0, 336.0, 341.0, 353.0, 355.0, 355.0, 355.0, 355.0, 355.0, 353.0]	[0, 0, 0, 0, 0, 0, 0, 0, 0, 0, 0, 0, 0, 0, 0, 0, 0, 0, 0, 0, 0, 1, 1, 1]	[0, 0, 0, 0, 0, 0, 0, 0, 0, 0, 0, 0, 0, 0, 0, 0, 0, 0, 0, 0, 0, 0, 0, 0]	[0, 0, 0, 0, 0, 0, 0, 0, 0, 0, 0, 0, 0, 0, 0, 0, 0, 0, 0, 0, 0, 0, 0, 0]	[0.0003046999918296933, 0.0111756999976933, 0.027936099912039936, 0.04471759998705238, 0.061392399948090315, 0.0780751999700442, 0.0946064000017941, 0.11121139989700168, 0.1279336999868974, 0.14443609991576523, 0.16127939999569207, 0.17795629997272044, 0.19446249993052334, 0.2110866999719292, 0.22788249992299825, 0.24452889990061522, 0.2614636999787763, 0.2778180999448523, 0.2943167999619618, 0.31122519995551556, 0.3279294999083504, 0.3446686998941004, 0.3610357999568805, 0.3775718999095261]	242.0	344.0	0.9	19b
387	10	go_nogo	0	60	7	go	click	[37.0, 37.0, 60.0, 82.0, 96.0, 111.0, 126.0, 144.0, 151.0, 156.0, 158.0, 160.0, 162.0, 164.0, 165.0, 165.0, 165.0, 165.0, 167.0, 171.0, 179.0, 185.0, 188.0, 193.0, 193.0, 193.0, 193.0]	[-260.0, -260.0, -193.0, -127.0, -48.0, 20.0, 67.0, 115.0, 134.0, 146.0, 151.0, 154.0, 159.0, 165.0, 166.0, 167.0, 167.0, 167.0, 171.0, 184.0, 209.0, 236.0, 259.0, 278.0, 290.0, 297.0, 298.0]	[0, 0, 0, 0, 0, 0, 0, 0, 0, 0, 0, 0, 0, 0, 0, 0, 0, 0, 0, 0, 0, 0, 0, 0, 0, 0, 1]	[0, 0, 0, 0, 0, 0, 0, 0, 0, 0, 0, 0, 0, 0, 0, 0, 0, 0, 0, 0, 0, 0, 0, 0, 0, 0, 0]	[0, 0, 0, 0, 0, 0, 0, 0, 0, 0, 0, 0, 0, 0, 0, 0, 0, 0, 0, 0, 0, 0, 0, 0, 0, 0, 0]	[0.00011929997708648443, 0.01212690002284944, 0.028647699975408614, 0.04544809996150434, 0.06227150000631809, 0.07876149995718151, 0.09547309996560216, 0.11210869997739792, 0.12892579997424036, 0.1454894000198692, 0.16213449998758733, 0.17889770003966987, 0.19544719997793436, 0.21213879995048046, 0.2289817000273615, 0.2451720000244677, 0.26183640002273023, 0.2789545999839902, 0.2957994999596849, 0.31234479998238385, 0.3292296000290662, 0.3453730000182986, 0.36193030001595616, 0.37875419994816184, 0.39565500000026077, 0.4123120999429375, 0.42887269996572286]	193.0	298.0	0.5	19b
388	10	go_nogo	0	60	4	go	click	[44.0, 44.0, 56.0, 87.0, 101.0, 118.0, 130.0, 142.0, 150.0, 155.0, 157.0, 161.0, 165.0, 166.0, 167.0, 167.0, 168.0, 169.0, 172.0, 179.0, 185.0, 194.0, 198.0, 199.0]	[-205.0, -205.0, -164.0, -47.0, 10.0, 60.0, 101.0, 136.0, 161.0, 173.0, 181.0, 191.0, 200.0, 208.0, 209.0, 210.0, 211.0, 217.0, 229.0, 256.0, 283.0, 306.0, 320.0, 324.0]	[0, 0, 0, 0, 0, 0, 0, 0, 0, 0, 0, 0, 0, 0, 0, 0, 0, 0, 0, 0, 0, 0, 0, 1]	[0, 0, 0, 0, 0, 0, 0, 0, 0, 0, 0, 0, 0, 0, 0, 0, 0, 0, 0, 0, 0, 0, 0, 0]	[0, 0, 0, 0, 0, 0, 0, 0, 0, 0, 0, 0, 0, 0, 0, 0, 0, 0, 0, 0, 0, 0, 0, 0]	[0.00024590000975877047, 0.010663000051863492, 0.027323300018906593, 0.04404980002436787, 0.0603822999401018, 0.07721539994236082, 0.09384620003402233, 0.11076650000177324, 0.12707339995540679, 0.14381329994648695, 0.16045610001310706, 0.17709949996788055, 0.19397380005102605, 0.21053269994445145, 0.2272380000213161, 0.24432079994585365, 0.26103960000909865, 0.2770744999870658, 0.29424800002016127, 0.3105109999887645, 0.32709919998887926, 0.34377080004196614, 0.3604600999969989, 0.37719449994619936]	199.0	324.0	0.6	19b
389	10	go_nogo	0	60	1	nogo	none	[52.0, 52.0, 64.0, 99.0, 128.0, 156.0, 172.0, 181.0, 191.0, 195.0, 201.0, 212.0, 224.0, 233.0, 235.0, 235.0, 235.0, 235.0, 235.0, 235.0, 235.0]	[-241.0, -241.0, -200.0, -94.0, 16.0, 91.0, 128.0, 150.0, 174.0, 187.0, 205.0, 230.0, 263.0, 288.0, 294.0, 294.0, 294.0, 294.0, 294.0, 294.0, 294.0]	[0, 0, 0, 0, 0, 0, 0, 0, 0, 0, 0, 0, 0, 0, 0, 0, 0, 0, 0, 0, 1]	[0, 0, 0, 0, 0, 0, 0, 0, 0, 0, 0, 0, 0, 0, 0, 0, 0, 0, 0, 0, 0]	[0, 0, 0, 0, 0, 0, 0, 0, 0, 0, 0, 0, 0, 0, 0, 0, 0, 0, 0, 0, 0]	[0.00019099994096904993, 0.01131919992621988, 0.02790159999858588, 0.04473959992174059, 0.06137979996856302, 0.07832719990983605, 0.09479110001120716, 0.11153190000914037, 0.12815759994555265, 0.14473389997147024, 0.16139469994232059, 0.17808579991105944, 0.19462879991624504, 0.2114828999619931, 0.22792350000236183, 0.24446670000907034, 0.26117720000911504, 0.27780459995847195, 0.29453299997840077, 0.31128619995433837, 0.32834729994647205]	235.0	294.0	0.7	19b
390	10	go_nogo	0	60	7	go	click	[43.0, 43.0, 76.0, 114.0, 148.0, 177.0, 195.0, 205.0, 215.0, 221.0, 225.0, 225.0, 225.0, 225.0, 225.0, 225.0, 225.0, 225.0, 225.0, 222.0, 217.0, 215.0, 213.0, 213.0]	[-281.0, -281.0, -211.0, -123.0, -38.0, 41.0, 106.0, 165.0, 205.0, 228.0, 238.0, 241.0, 242.0, 242.0, 242.0, 242.0, 242.0, 242.0, 245.0, 253.0, 266.0, 275.0, 280.0, 281.0]	[0, 0, 0, 0, 0, 0, 0, 0, 0, 0, 0, 0, 0, 0, 0, 0, 0, 0, 0, 0, 0, 0, 0, 1]	[0, 0, 0, 0, 0, 0, 0, 0, 0, 0, 0, 0, 0, 0, 0, 0, 0, 0, 0, 0, 0, 0, 0, 0]	[0, 0, 0, 0, 0, 0, 0, 0, 0, 0, 0, 0, 0, 0, 0, 0, 0, 0, 0, 0, 0, 0, 0, 0]	[7.129996083676815e-05, 0.011489999946206808, 0.027597100008279085, 0.04442569997627288, 0.06119010003749281, 0.07784289994742721, 0.09446489997208118, 0.11135639995336533, 0.12808990001212806, 0.14464089996181428, 0.16117540001869202, 0.17804649996105582, 0.1943372000241652, 0.2110096999676898, 0.22816729999613017, 0.24436250003054738, 0.2610125000355765, 0.2779005999909714, 0.29474739998113364, 0.3111036999616772, 0.3280160999856889, 0.3450410000514239, 0.3612227999838069, 0.3776842999504879]	213.0	281.0	0.8	19b
391	11	go_nogo	0	60	3	go	click	[26.0, 36.0, 46.0, 67.0, 89.0, 107.0, 122.0, 132.0, 142.0, 146.0, 150.0, 153.0, 156.0, 157.0, 158.0, 161.0, 164.0, 169.0, 173.0, 177.0, 180.0, 180.0, 180.0, 180.0, 180.0]	[-276.0, -250.0, -220.0, -161.0, -102.0, -48.0, 2.0, 39.0, 78.0, 95.0, 110.0, 127.0, 144.0, 161.0, 175.0, 194.0, 218.0, 241.0, 260.0, 275.0, 283.0, 284.0, 284.0, 284.0, 284.0]	[0, 0, 0, 0, 0, 0, 0, 0, 0, 0, 0, 0, 0, 0, 0, 0, 0, 0, 0, 0, 0, 0, 0, 0, 1]	[0, 0, 0, 0, 0, 0, 0, 0, 0, 0, 0, 0, 0, 0, 0, 0, 0, 0, 0, 0, 0, 0, 0, 0, 0]	[0, 0, 0, 0, 0, 0, 0, 0, 0, 0, 0, 0, 0, 0, 0, 0, 0, 0, 0, 0, 0, 0, 0, 0, 0]	[0.00012139999307692051, 0.010635399958118796, 0.02713249996304512, 0.04384850000496954, 0.06061049993149936, 0.07694900000933558, 0.09374579996801913, 0.1104178000241518, 0.12719929998274893, 0.14441369997803122, 0.16024280001875013, 0.17702950001694262, 0.19371000002138317, 0.21039879997260869, 0.22686589998193085, 0.24377910001203418, 0.26032160001341254, 0.27696749998722225, 0.2938505000201985, 0.31028720003087074, 0.3270498999627307, 0.34353910002391785, 0.3600912999827415, 0.37689459999091923, 0.39387389994226396]	180.0	284.0	1.0	19b
392	11	go_nogo	0	60	9	nogo	none	[29.0, 29.0, 58.0, 82.0, 97.0, 105.0, 112.0, 120.0, 126.0, 134.0, 141.0, 149.0, 157.0, 164.0, 169.0, 173.0, 176.0, 176.0, 177.0, 177.0, 177.0, 177.0, 177.0, 177.0, 177.0, 177.0, 177.0, 177.0, 177.0, 177.0, 177.0, 177.0, 177.0, 177.0, 177.0, 177.0, 177.0, 177.0, 177.0, 177.0, 177.0, 177.0, 177.0, 177.0, 177.0, 177.0, 177.0, 177.0, 177.0, 177.0, 177.0, 177.0, 177.0, 177.0, 177.0, 177.0, 177.0, 177.0, 177.0, 177.0, 177.0, 177.0]	[-217.0, -217.0, -137.0, -74.0, -39.0, -16.0, 4.0, 23.0, 44.0, 67.0, 103.0, 131.0, 160.0, 189.0, 223.0, 254.0, 276.0, 287.0, 290.0, 291.0, 292.0, 292.0, 292.0, 292.0, 292.0, 292.0, 292.0, 292.0, 292.0, 292.0, 292.0, 292.0, 292.0, 292.0, 292.0, 292.0, 292.0, 292.0, 292.0, 292.0, 292.0, 292.0, 292.0, 292.0, 292.0, 292.0, 292.0, 292.0, 292.0, 292.0, 292.0, 292.0, 292.0, 292.0, 292.0, 292.0, 292.0, 292.0, 292.0, 292.0, 292.0, 292.0]	[0, 0, 0, 0, 0, 0, 0, 0, 0, 0, 0, 0, 0, 0, 0, 0, 0, 0, 0, 0, 0, 0, 0, 0, 0, 0, 0, 0, 0, 0, 0, 0, 0, 0, 0, 0, 0, 0, 0, 0, 0, 0, 0, 0, 0, 0, 0, 0, 0, 0, 0, 0, 0, 0, 0, 0, 0, 0, 0, 0, 0, 0]	[0, 0, 0, 0, 0, 0, 0, 0, 0, 0, 0, 0, 0, 0, 0, 0, 0, 0, 0, 0, 0, 0, 0, 0, 0, 0, 0, 0, 0, 0, 0, 0, 0, 0, 0, 0, 0, 0, 0, 0, 0, 0, 0, 0, 0, 0, 0, 0, 0, 0, 0, 0, 0, 0, 0, 0, 0, 0, 0, 0, 0, 0]	[0, 0, 0, 0, 0, 0, 0, 0, 0, 0, 0, 0, 0, 0, 0, 0, 0, 0, 0, 0, 0, 0, 0, 0, 0, 0, 0, 0, 0, 0, 0, 0, 0, 0, 0, 0, 0, 0, 0, 0, 0, 0, 0, 0, 0, 0, 0, 0, 0, 0, 0, 0, 0, 0, 0, 0, 0, 0, 0, 0, 0, 0]	[8.139992132782936e-05, 0.011026400025002658, 0.027511199936270714, 0.04425509995780885, 0.060937599977478385, 0.07790000003296882, 0.09452949999831617, 0.11117920000106096, 0.12768299994058907, 0.14438670000527054, 0.16100690001621842, 0.17786699999123812, 0.19417159992735833, 0.21110229997429997, 0.22745769994799048, 0.24421409994829446, 0.2611276999814436, 0.27766130003146827, 0.29429759993217885, 0.31110419996548444, 0.3277469000313431, 0.34403369994834065, 0.3607795999851078, 0.37752320000436157, 0.39408040000125766, 0.41080189996864647, 0.4273623999906704, 0.444066199939698, 0.4608602999942377, 0.47741880000103265, 0.4940715000266209, 0.5107170999981463, 0.527464099926874, 0.5441335999639705, 0.5606976000126451, 0.5773995999479666, 0.5941588999703526, 0.6111249999376014, 0.6275633999612182, 0.6439799999352545, 0.6607153000077233, 0.6773912999778986, 0.6940453000133857, 0.7106336000142619, 0.7274063000222668, 0.7440026999684051, 0.7609340000199154, 0.7772659999318421, 0.7940885999705642, 0.8107013999251649, 0.827358299982734, 0.8441280999686569, 0.8605897999368608, 0.8773650999646634, 0.8940734999487177, 0.9106520999921486, 0.9273021999979392, 0.9439975999994203, 0.9607084000017494, 0.9772529000183567, 0.9937181000132114, 1.0104609000263736]	n/a	n/a	0.7	19b
393	11	go_nogo	0	60	6	go	click	[67.0, 67.0, 81.0, 104.0, 124.0, 139.0, 151.0, 163.0, 180.0, 186.0, 190.0, 192.0, 194.0, 194.0, 194.0, 194.0, 194.0, 194.0, 194.0, 194.0, 192.0, 192.0, 191.0, 191.0, 191.0, 191.0, 191.0]	[-217.0, -217.0, -183.0, -109.0, -43.0, 17.0, 63.0, 102.0, 149.0, 174.0, 193.0, 209.0, 224.0, 235.0, 240.0, 242.0, 243.0, 244.0, 248.0, 256.0, 261.0, 264.0, 269.0, 275.0, 286.0, 295.0, 295.0]	[0, 0, 0, 0, 0, 0, 0, 0, 0, 0, 0, 0, 0, 0, 0, 0, 0, 0, 0, 0, 0, 0, 0, 0, 0, 0, 1]	[0, 0, 0, 0, 0, 0, 0, 0, 0, 0, 0, 0, 0, 0, 0, 0, 0, 0, 0, 0, 0, 0, 0, 0, 0, 0, 0]	[0, 0, 0, 0, 0, 0, 0, 0, 0, 0, 0, 0, 0, 0, 0, 0, 0, 0, 0, 0, 0, 0, 0, 0, 0, 0, 0]	[0.0002744999947026372, 0.008428800036199391, 0.02556840004399419, 0.0418729999801144, 0.058792600058950484, 0.07538449997082353, 0.09222049999516457, 0.10874920000787824, 0.12536659999750555, 0.1420103000709787, 0.1586710000410676, 0.17531389999203384, 0.1919359000166878, 0.2088763000210747, 0.2253501999657601, 0.24202390003483742, 0.2585592999821529, 0.2750828000716865, 0.2918564999708906, 0.3084365000249818, 0.3252068000147119, 0.34169619996100664, 0.3589392000576481, 0.3756228999700397, 0.3923701000167057, 0.4085295000113547, 0.4254697000142187]	191.0	295.0	0.5	19b
394	11	go_nogo	0	60	7	go	click	[0.0, 0.0, 10.0, 23.0, 37.0, 51.0, 61.0, 73.0, 78.0, 89.0, 105.0, 115.0, 126.0, 139.0, 150.0, 157.0, 162.0, 165.0, 169.0, 172.0, 174.0, 176.0, 176.0, 176.0, 176.0, 176.0, 176.0, 176.0, 176.0, 178.0, 179.0, 180.0]	[-275.0, -275.0, -238.0, -191.0, -134.0, -81.0, -37.0, -4.0, 12.0, 45.0, 85.0, 108.0, 136.0, 165.0, 190.0, 208.0, 216.0, 223.0, 229.0, 237.0, 244.0, 247.0, 248.0, 248.0, 248.0, 248.0, 248.0, 248.0, 258.0, 278.0, 293.0, 294.0]	[0, 0, 0, 0, 0, 0, 0, 0, 0, 0, 0, 0, 0, 0, 0, 0, 0, 0, 0, 0, 0, 0, 0, 0, 0, 0, 0, 0, 0, 0, 0, 1]	[0, 0, 0, 0, 0, 0, 0, 0, 0, 0, 0, 0, 0, 0, 0, 0, 0, 0, 0, 0, 0, 0, 0, 0, 0, 0, 0, 0, 0, 0, 0, 0]	[0, 0, 0, 0, 0, 0, 0, 0, 0, 0, 0, 0, 0, 0, 0, 0, 0, 0, 0, 0, 0, 0, 0, 0, 0, 0, 0, 0, 0, 0, 0, 0]	[7.599999662488699e-05, 0.011791700031608343, 0.02831059996969998, 0.04496940004173666, 0.06175910006277263, 0.07847349997609854, 0.0952574999537319, 0.11190999997779727, 0.12879670003894717, 0.14531319995876402, 0.1617626000661403, 0.17885999998543411, 0.19556899997405708, 0.21221539995167404, 0.22833309997804463, 0.24520989996381104, 0.2614921999629587, 0.2781968000344932, 0.29511659999843687, 0.31173980003222823, 0.32833849999587983, 0.3447880999883637, 0.36147130001336336, 0.3783985000336543, 0.3948613000102341, 0.41159789997618645, 0.4283108999952674, 0.4452743000583723, 0.4615660000126809, 0.4784098999807611, 0.4950554999522865, 0.5117383999750018]	180.0	294.0	1.0	19b
395	11	go_nogo	0	60	8	go	click	[47.0, 47.0, 76.0, 98.0, 117.0, 133.0, 147.0, 161.0, 173.0, 184.0, 190.0, 194.0, 195.0, 197.0, 197.0, 197.0, 197.0, 197.0, 197.0, 199.0, 200.0, 203.0, 204.0, 204.0, 204.0, 204.0]	[-242.0, -242.0, -163.0, -96.0, -38.0, 6.0, 45.0, 87.0, 124.0, 153.0, 172.0, 182.0, 189.0, 195.0, 202.0, 211.0, 216.0, 221.0, 231.0, 253.0, 283.0, 308.0, 315.0, 318.0, 318.0, 318.0]	[0, 0, 0, 0, 0, 0, 0, 0, 0, 0, 0, 0, 0, 0, 0, 0, 0, 0, 0, 0, 0, 0, 0, 0, 0, 1]	[0, 0, 0, 0, 0, 0, 0, 0, 0, 0, 0, 0, 0, 0, 0, 0, 0, 0, 0, 0, 0, 0, 0, 0, 0, 0]	[0, 0, 0, 0, 0, 0, 0, 0, 0, 0, 0, 0, 0, 0, 0, 0, 0, 0, 0, 0, 0, 0, 0, 0, 0, 0]	[0.0002161000156775117, 0.009284200030378997, 0.026314500020816922, 0.04280799999833107, 0.05943050002679229, 0.0765063000144437, 0.09277320001274347, 0.10964450007304549, 0.12617290008347481, 0.14273930003400892, 0.15948460006620735, 0.17613760009407997, 0.19271690002642572, 0.20988750003743917, 0.22656930005177855, 0.24272890004795045, 0.2597145000472665, 0.27648430003318936, 0.29295490006916225, 0.30914500006474555, 0.3266634000465274, 0.3428572000702843, 0.3595045000547543, 0.37574980000499636, 0.392507900018245, 0.4091290000360459]	204.0	318.0	0.5	19b
396	11	go_nogo	0	60	4	go	click	[50.0, 50.0, 83.0, 116.0, 139.0, 156.0, 168.0, 177.0, 187.0, 194.0, 202.0, 210.0, 217.0, 220.0, 221.0, 221.0, 222.0, 222.0, 222.0, 219.0, 218.0, 218.0, 218.0]	[-265.0, -265.0, -192.0, -100.0, -26.0, 25.0, 56.0, 83.0, 106.0, 131.0, 156.0, 181.0, 209.0, 224.0, 232.0, 235.0, 241.0, 250.0, 258.0, 266.0, 270.0, 270.0, 270.0]	[0, 0, 0, 0, 0, 0, 0, 0, 0, 0, 0, 0, 0, 0, 0, 0, 0, 0, 0, 0, 0, 0, 1]	[0, 0, 0, 0, 0, 0, 0, 0, 0, 0, 0, 0, 0, 0, 0, 0, 0, 0, 0, 0, 0, 0, 0]	[0, 0, 0, 0, 0, 0, 0, 0, 0, 0, 0, 0, 0, 0, 0, 0, 0, 0, 0, 0, 0, 0, 0]	[0.0002500000409781933, 0.011321300058625638, 0.0272054000524804, 0.043814900098368526, 0.06071430002339184, 0.07725150010082871, 0.0939172999933362, 0.11066990008112043, 0.12772099999710917, 0.1442154000978917, 0.16088560002390295, 0.1773986000334844, 0.19417380006052554, 0.21160959999542683, 0.22728099999949336, 0.24377840000670403, 0.2602203000569716, 0.2771308000665158, 0.2938862000592053, 0.31068100000265986, 0.32730790006462485, 0.34387330000754446, 0.36126590007916093]	218.0	270.0	1.0	19b
397	11	go_nogo	0	60	3	go	click	[-1.0, -1.0, 7.0, 22.0, 31.0, 40.0, 45.0, 49.0, 53.0, 58.0, 64.0, 73.0, 84.0, 92.0, 101.0, 111.0, 121.0, 137.0, 147.0, 155.0, 161.0, 170.0, 178.0, 187.0, 193.0, 194.0, 194.0]	[-242.0, -242.0, -217.0, -167.0, -120.0, -47.0, -18.0, -3.0, 7.0, 18.0, 34.0, 55.0, 75.0, 91.0, 105.0, 121.0, 139.0, 162.0, 176.0, 186.0, 202.0, 221.0, 246.0, 275.0, 295.0, 299.0, 299.0]	[0, 0, 0, 0, 0, 0, 0, 0, 0, 0, 0, 0, 0, 0, 0, 0, 0, 0, 0, 0, 0, 0, 0, 0, 0, 0, 1]	[0, 0, 0, 0, 0, 0, 0, 0, 0, 0, 0, 0, 0, 0, 0, 0, 0, 0, 0, 0, 0, 0, 0, 0, 0, 0, 0]	[0, 0, 0, 0, 0, 0, 0, 0, 0, 0, 0, 0, 0, 0, 0, 0, 0, 0, 0, 0, 0, 0, 0, 0, 0, 0, 0]	[0.0001895000459626317, 0.010045700008049607, 0.026689899968914688, 0.04319350002333522, 0.060121600050479174, 0.07678510004188865, 0.09326850005891174, 0.11013509996701032, 0.12654940003994852, 0.1430594000266865, 0.1599732000613585, 0.17632560001220554, 0.19342869997490197, 0.20990570005960763, 0.22665750002488494, 0.24305719998665154, 0.2598629000131041, 0.2764858000446111, 0.2932979000033811, 0.3102783999638632, 0.3265333999879658, 0.34311729995533824, 0.35983269999269396, 0.3764792999718338, 0.3933519000420347, 0.4096054000547156, 0.4266308000078425]	194.0	299.0	0.9	19b
398	11	go_nogo	0	60	1	nogo	none	[80.0, 80.0, 102.0, 136.0, 158.0, 170.0, 175.0, 178.0, 178.0, 181.0, 185.0, 187.0, 190.0, 191.0, 193.0, 196.0, 198.0, 199.0, 202.0, 203.0, 203.0, 203.0, 203.0, 203.0, 203.0, 203.0, 203.0, 203.0, 203.0, 203.0, 203.0, 203.0, 203.0, 203.0, 203.0, 203.0, 203.0, 203.0, 203.0, 203.0, 203.0, 203.0, 203.0, 203.0, 203.0, 203.0, 203.0, 203.0, 203.0, 203.0, 203.0, 203.0, 203.0, 203.0, 203.0, 203.0, 203.0, 203.0, 203.0, 203.0, 203.0, 203.0, 202.0, 200.0, 198.0, 198.0, 198.0, 190.0, 167.0, 163.0, 132.0, 132.0, 132.0, 132.0, 132.0, 132.0, 132.0, 132.0, 132.0, 132.0, 132.0, 132.0, 132.0, 132.0, 132.0, 132.0, 132.0, 132.0, 132.0, 132.0, 132.0, 132.0]	[-226.0, -226.0, -171.0, -76.0, -10.0, 32.0, 66.0, 126.0, 160.0, 179.0, 190.0, 201.0, 210.0, 218.0, 226.0, 239.0, 250.0, 258.0, 264.0, 267.0, 271.0, 272.0, 272.0, 272.0, 272.0, 272.0, 272.0, 272.0, 272.0, 272.0, 272.0, 272.0, 272.0, 272.0, 272.0, 272.0, 272.0, 272.0, 272.0, 272.0, 272.0, 272.0, 272.0, 272.0, 272.0, 272.0, 272.0, 272.0, 272.0, 272.0, 272.0, 272.0, 272.0, 272.0, 272.0, 272.0, 272.0, 272.0, 272.0, 272.0, 272.0, 272.0, 266.0, 253.0, 231.0, 199.0, 163.0, 130.0, 111.0, 111.0, 119.0, 119.0, 119.0, 119.0, 119.0, 119.0, 119.0, 119.0, 119.0, 119.0, 119.0, 119.0, 119.0, 119.0, 119.0, 119.0, 119.0, 119.0, 119.0, 119.0, 119.0, 119.0]	[0, 0, 0, 0, 0, 0, 0, 0, 0, 0, 0, 0, 0, 0, 0, 0, 0, 0, 0, 0, 0, 0, 0, 0, 0, 0, 0, 0, 0, 0, 0, 0, 0, 0, 0, 0, 0, 0, 0, 0, 0, 0, 0, 0, 0, 0, 0, 0, 0, 0, 0, 0, 0, 0, 0, 0, 0, 0, 0, 0, 0, 0, 0, 0, 0, 0, 0, 0, 0, 0, 0, 0, 0, 0, 0, 0, 0, 0, 0, 0, 0, 0, 0, 0, 0, 0, 0, 0, 0, 0, 0, 0]	[0, 0, 0, 0, 0, 0, 0, 0, 0, 0, 0, 0, 0, 0, 0, 0, 0, 0, 0, 0, 0, 0, 0, 0, 0, 0, 0, 0, 0, 0, 0, 0, 0, 0, 0, 0, 0, 0, 0, 0, 0, 0, 0, 0, 0, 0, 0, 0, 0, 0, 0, 0, 0, 0, 0, 0, 0, 0, 0, 0, 0, 0, 0, 0, 0, 0, 0, 0, 0, 0, 0, 0, 0, 0, 0, 0, 0, 0, 0, 0, 0, 0, 0, 0, 0, 0, 0, 0, 0, 0, 0, 0]	[0, 0, 0, 0, 0, 0, 0, 0, 0, 0, 0, 0, 0, 0, 0, 0, 0, 0, 0, 0, 0, 0, 0, 0, 0, 0, 0, 0, 0, 0, 0, 0, 0, 0, 0, 0, 0, 0, 0, 0, 0, 0, 0, 0, 0, 0, 0, 0, 0, 0, 0, 0, 0, 0, 0, 0, 0, 0, 0, 0, 0, 0, 0, 0, 0, 0, 0, 0, 0, 0, 0, 0, 0, 0, 0, 0, 0, 0, 0, 0, 0, 0, 0, 0, 0, 0, 0, 0, 0, 0, 0, 0]	[0.00019160006195306778, 0.008905500057153404, 0.02573090000078082, 0.042398500023409724, 0.05913790001068264, 0.07574949995614588, 0.09245920006651431, 0.10909739998169243, 0.12577439995948225, 0.14284590003080666, 0.15894660004414618, 0.17578829999547452, 0.19258689996786416, 0.20934860000852495, 0.22550489997956902, 0.2423635000595823, 0.25888590002432466, 0.27550450002308935, 0.29231729998718947, 0.3091660999925807, 0.32570960000157356, 0.3421404999680817, 0.358646500040777, 0.3754354000557214, 0.3920530000468716, 0.408755199983716, 0.42539460002444685, 0.4419863000512123, 0.4586890999926254, 0.4754382000537589, 0.4920293999603018, 0.5087160000111908, 0.5253729000687599, 0.5420516000594944, 0.5587185999611393, 0.5754057000158355, 0.5920233000069857, 0.6086929000448436, 0.6253157999599352, 0.6420274999691173, 0.6584995000157505, 0.6751235000556335, 0.6919509000144899, 0.7086429999908432, 0.7253474000608549, 0.7418646999867633, 0.7586058999877423, 0.7754050999647006, 0.7920040000462905, 0.8087766000535339, 0.8252841000212356, 0.8418779000639915, 0.8585221000248566, 0.8751917000627145, 0.8918951000086963, 0.9085736999986693, 0.9252231999998912, 0.9417702000355348, 0.9585873000323772, 0.9752537000458688, 0.9918653999920934, 1.008785199956037, 1.0253733999561518, 1.0422548999777064, 1.0588142999913543, 1.0756228000391275, 1.0919041000306606, 1.10873930004891, 1.1254034000448883, 1.1420667000347748, 1.158608700032346, 1.175178000004962, 1.1916968000587076, 1.2084236000664532, 1.225115800043568, 1.2417719999793917, 1.2583440999733284, 1.2749853000277653, 1.2916100999573246, 1.3082593999570236, 1.3251161000225693, 1.341813600040041, 1.3584692999720573, 1.374799199984409, 1.3915876999963075, 1.408352900063619, 1.4249694000463933, 1.441560999955982, 1.4583317000651732, 1.4750226000323892, 1.49172869999893, 1.50829030002933]	n/a	n/a	1.0	19b
399	11	go_nogo	0	60	7	go	click	[72.0, 72.0, 88.0, 116.0, 145.0, 156.0, 168.0, 178.0, 186.0, 189.0, 192.0, 194.0, 196.0, 199.0, 200.0, 200.0, 200.0, 200.0, 200.0, 200.0, 200.0, 200.0, 200.0, 200.0, 200.0, 200.0]	[-216.0, -216.0, -159.0, -62.0, 37.0, 88.0, 140.0, 195.0, 237.0, 256.0, 266.0, 275.0, 283.0, 292.0, 295.0, 295.0, 296.0, 296.0, 296.0, 296.0, 296.0, 296.0, 296.0, 296.0, 296.0, 296.0]	[0, 0, 0, 0, 0, 0, 0, 0, 0, 0, 0, 0, 0, 0, 0, 0, 0, 0, 0, 0, 0, 0, 0, 0, 0, 1]	[0, 0, 0, 0, 0, 0, 0, 0, 0, 0, 0, 0, 0, 0, 0, 0, 0, 0, 0, 0, 0, 0, 0, 0, 0, 0]	[0, 0, 0, 0, 0, 0, 0, 0, 0, 0, 0, 0, 0, 0, 0, 0, 0, 0, 0, 0, 0, 0, 0, 0, 0, 0]	[0.00022829999215900898, 0.008482000092044473, 0.02508390008006245, 0.041854600072838366, 0.05876899999566376, 0.0752947999862954, 0.09187810006551445, 0.10869840008672327, 0.12541380000766367, 0.1420727000804618, 0.1587895000120625, 0.1755191000411287, 0.1924260000232607, 0.20909290004055947, 0.22536490007769316, 0.24199970008339733, 0.25837830000091344, 0.2751470000948757, 0.2918339000316337, 0.30848110001534224, 0.3252728000516072, 0.34185680001974106, 0.35852640005759895, 0.3752426999853924, 0.39198479999322444, 0.4088556000497192]	200.0	295.0	0.9	19b
400	11	go_nogo	0	60	7	go	click	[55.0, 76.0, 102.0, 142.0, 169.0, 187.0, 202.0, 221.0, 233.0, 237.0, 240.0, 242.0, 243.0, 244.0, 244.0, 244.0, 244.0, 244.0, 240.0, 237.0, 233.0, 231.0, 231.0]	[-223.0, -168.0, -102.0, 2.0, 66.0, 107.0, 142.0, 192.0, 221.0, 240.0, 253.0, 264.0, 275.0, 284.0, 287.0, 288.0, 289.0, 292.0, 300.0, 307.0, 313.0, 315.0, 315.0]	[0, 0, 0, 0, 0, 0, 0, 0, 0, 0, 0, 0, 0, 0, 0, 0, 0, 0, 0, 0, 0, 0, 1]	[0, 0, 0, 0, 0, 0, 0, 0, 0, 0, 0, 0, 0, 0, 0, 0, 0, 0, 0, 0, 0, 0, 0]	[0, 0, 0, 0, 0, 0, 0, 0, 0, 0, 0, 0, 0, 0, 0, 0, 0, 0, 0, 0, 0, 0, 0]	[0.00010019994806498289, 0.012404799927026033, 0.028942300006747246, 0.04546139994636178, 0.06248640001285821, 0.0793472999939695, 0.0957862000213936, 0.11257589992601424, 0.12972700002137572, 0.14626910001970828, 0.16255190002266318, 0.17922799999359995, 0.19605419994331896, 0.21240999992005527, 0.229051599977538, 0.24575679993722588, 0.26240809995215386, 0.2792137999786064, 0.2956070000072941, 0.3122757999226451, 0.32927709992509335, 0.34561900002881885, 0.3624291999731213]	231.0	315.0	0.7	19b
401	11	go_nogo	0	60	8	go	click	[60.0, 60.0, 73.0, 112.0, 139.0, 155.0, 167.0, 176.0, 184.0, 190.0, 194.0, 196.0, 199.0, 204.0, 210.0, 214.0, 217.0, 218.0, 220.0, 223.0, 225.0, 228.0, 228.0, 229.0, 229.0, 229.0]	[-224.0, -224.0, -193.0, -88.0, -24.0, 19.0, 58.0, 89.0, 114.0, 129.0, 139.0, 148.0, 161.0, 180.0, 201.0, 216.0, 229.0, 238.0, 249.0, 262.0, 275.0, 284.0, 288.0, 288.0, 288.0, 288.0]	[0, 0, 0, 0, 0, 0, 0, 0, 0, 0, 0, 0, 0, 0, 0, 0, 0, 0, 0, 0, 0, 0, 0, 0, 0, 1]	[0, 0, 0, 0, 0, 0, 0, 0, 0, 0, 0, 0, 0, 0, 0, 0, 0, 0, 0, 0, 0, 0, 0, 0, 0, 0]	[0, 0, 0, 0, 0, 0, 0, 0, 0, 0, 0, 0, 0, 0, 0, 0, 0, 0, 0, 0, 0, 0, 0, 0, 0, 0]	[0.00021890003699809313, 0.009506899979896843, 0.025774799985811114, 0.04277259996160865, 0.05905679997522384, 0.0758676000405103, 0.09274789993651211, 0.10928440000861883, 0.12619630002882332, 0.14266190002672374, 0.1593938999576494, 0.17633889999706298, 0.1929790999274701, 0.20949359994847327, 0.22608549997676164, 0.24252480000723153, 0.2595710000023246, 0.27591249998658895, 0.2926733000203967, 0.3092437000013888, 0.32585839997045696, 0.3424292999552563, 0.3591401999583468, 0.37558049999643117, 0.39211060001980513, 0.4089572000084445]	229.0	288.0	0.6	19b
402	11	go_nogo	0	60	1	nogo	none	[41.0, 41.0, 46.0, 56.0, 66.0, 83.0, 93.0, 105.0, 113.0, 122.0, 128.0, 133.0, 135.0, 138.0, 140.0, 143.0, 149.0, 156.0, 164.0, 169.0, 171.0, 172.0, 172.0, 172.0, 172.0, 172.0, 172.0, 172.0, 172.0, 172.0, 172.0, 172.0, 172.0, 172.0, 172.0, 172.0, 172.0, 172.0, 172.0, 172.0, 172.0, 172.0, 172.0, 172.0, 172.0, 172.0, 172.0, 172.0, 172.0, 172.0, 172.0, 172.0, 172.0, 172.0, 172.0, 172.0, 172.0, 172.0, 172.0, 172.0, 172.0, 172.0, 172.0, 172.0]	[-271.0, -271.0, -251.0, -210.0, -176.0, -121.0, -82.0, -41.0, -3.0, 32.0, 61.0, 81.0, 98.0, 117.0, 137.0, 158.0, 181.0, 212.0, 230.0, 244.0, 250.0, 251.0, 252.0, 252.0, 252.0, 252.0, 252.0, 252.0, 251.0, 251.0, 251.0, 251.0, 251.0, 251.0, 251.0, 251.0, 251.0, 251.0, 251.0, 251.0, 251.0, 251.0, 251.0, 251.0, 251.0, 251.0, 251.0, 251.0, 251.0, 251.0, 251.0, 251.0, 251.0, 251.0, 251.0, 251.0, 251.0, 251.0, 251.0, 251.0, 251.0, 251.0, 251.0, 251.0]	[0, 0, 0, 0, 0, 0, 0, 0, 0, 0, 0, 0, 0, 0, 0, 0, 0, 0, 0, 0, 0, 0, 0, 0, 0, 0, 0, 0, 0, 0, 0, 0, 0, 0, 0, 0, 0, 0, 0, 0, 0, 0, 0, 0, 0, 0, 0, 0, 0, 0, 0, 0, 0, 0, 0, 0, 0, 0, 0, 0, 0, 0, 0, 0]	[0, 0, 0, 0, 0, 0, 0, 0, 0, 0, 0, 0, 0, 0, 0, 0, 0, 0, 0, 0, 0, 0, 0, 0, 0, 0, 0, 0, 0, 0, 0, 0, 0, 0, 0, 0, 0, 0, 0, 0, 0, 0, 0, 0, 0, 0, 0, 0, 0, 0, 0, 0, 0, 0, 0, 0, 0, 0, 0, 0, 0, 0, 0, 0]	[0, 0, 0, 0, 0, 0, 0, 0, 0, 0, 0, 0, 0, 0, 0, 0, 0, 0, 0, 0, 0, 0, 0, 0, 0, 0, 0, 0, 0, 0, 0, 0, 0, 0, 0, 0, 0, 0, 0, 0, 0, 0, 0, 0, 0, 0, 0, 0, 0, 0, 0, 0, 0, 0, 0, 0, 0, 0, 0, 0, 0, 0, 0, 0]	[0.00018430000636726618, 0.010318500106222928, 0.027007600059732795, 0.044034000020474195, 0.06057090009562671, 0.07730600005015731, 0.0939683000324294, 0.11092520004604012, 0.12713380006607622, 0.14377280010376126, 0.1607312000123784, 0.17702600010670722, 0.19364840001799166, 0.2104118000715971, 0.22729790001176298, 0.24377870000898838, 0.26045310008339584, 0.277197000104934, 0.29441730002872646, 0.3104918000753969, 0.3274570000357926, 0.34367490001022816, 0.36020930006634444, 0.3768506000051275, 0.39362160000018775, 0.41017250006552786, 0.4271091000409797, 0.4438540000701323, 0.4602954000001773, 0.476976600009948, 0.4936535001033917, 0.5105112000601366, 0.526932500069961, 0.5435630000429228, 0.5602849000133574, 0.5768210000824183, 0.5936360000632703, 0.6101811000844464, 0.6268549000378698, 0.6436627000803128, 0.6601592000806704, 0.6769008000846952, 0.6934875000733882, 0.7103192000649869, 0.7268213001079857, 0.7434587000170723, 0.7601591000566259, 0.7767057000892237, 0.7935019000433385, 0.8100747000426054, 0.8267837000312284, 0.8434657000470906, 0.860182800097391, 0.8768698000349104, 0.89337540010456, 0.9101730000693351, 0.9268353000516072, 0.9433947000652552, 0.9601393000921234, 0.9766972000943497, 0.9935057000257075, 1.0100405000848696, 1.0266846000449732, 1.0434833000181243]	n/a	n/a	0.7	19b
403	11	go_nogo	0	60	8	go	click	[3.0, 12.0, 24.0, 52.0, 78.0, 105.0, 128.0, 146.0, 156.0, 165.0, 168.0, 169.0, 172.0, 174.0, 174.0, 174.0, 174.0, 174.0, 174.0, 174.0, 174.0, 174.0, 174.0, 174.0, 174.0, 174.0]	[-281.0, -245.0, -204.0, -110.0, -17.0, 70.0, 148.0, 213.0, 253.0, 283.0, 291.0, 298.0, 303.0, 307.0, 309.0, 309.0, 309.0, 309.0, 309.0, 309.0, 310.0, 310.0, 310.0, 310.0, 310.0, 310.0]	[0, 0, 0, 0, 0, 0, 0, 0, 0, 0, 0, 0, 0, 0, 0, 0, 0, 0, 0, 0, 0, 0, 0, 0, 0, 1]	[0, 0, 0, 0, 0, 0, 0, 0, 0, 0, 0, 0, 0, 0, 0, 0, 0, 0, 0, 0, 0, 0, 0, 0, 0, 0]	[0, 0, 0, 0, 0, 0, 0, 0, 0, 0, 0, 0, 0, 0, 0, 0, 0, 0, 0, 0, 0, 0, 0, 0, 0, 0]	[7.650000043213367e-05, 0.010085399961099029, 0.02688360004685819, 0.043497500009834766, 0.06019869993906468, 0.07678240002132952, 0.09350900002755225, 0.11027740000281483, 0.12693909998051822, 0.14357830001972616, 0.1602506999624893, 0.17756420001387596, 0.1941444999538362, 0.21008420002181083, 0.2266795999603346, 0.24331990000791848, 0.2600664000492543, 0.27662599994800985, 0.29325049999170005, 0.3102723000338301, 0.3266437000129372, 0.34337260003667325, 0.35998449998442084, 0.3766348999924958, 0.3932811999693513, 0.4102590000256896]	174.0	310.0	0.5	19b
404	11	go_nogo	0	60	1	nogo	none	[67.0, 67.0, 74.0, 86.0, 96.0, 106.0, 112.0, 117.0, 122.0, 130.0, 134.0, 142.0, 144.0, 147.0, 148.0, 152.0, 158.0, 164.0, 172.0, 181.0, 182.0, 182.0, 182.0, 182.0, 182.0, 182.0, 182.0, 182.0, 182.0, 182.0, 182.0, 182.0, 182.0, 182.0, 182.0, 182.0, 182.0, 182.0, 182.0, 182.0, 182.0, 182.0, 182.0, 182.0, 182.0, 182.0, 182.0, 182.0, 182.0, 182.0, 182.0, 182.0, 182.0, 182.0, 182.0, 182.0, 182.0, 182.0, 182.0, 182.0, 182.0, 182.0, 182.0, 182.0]	[-241.0, -241.0, -220.0, -181.0, -142.0, -109.0, -79.0, -36.0, -8.0, 21.0, 46.0, 65.0, 75.0, 81.0, 89.0, 105.0, 126.0, 152.0, 179.0, 211.0, 219.0, 219.0, 219.0, 219.0, 219.0, 219.0, 219.0, 219.0, 219.0, 219.0, 219.0, 219.0, 219.0, 219.0, 219.0, 219.0, 219.0, 219.0, 219.0, 219.0, 218.0, 217.0, 216.0, 216.0, 216.0, 216.0, 216.0, 216.0, 216.0, 216.0, 215.0, 215.0, 215.0, 215.0, 215.0, 215.0, 215.0, 215.0, 215.0, 215.0, 215.0, 215.0, 215.0, 215.0]	[0, 0, 0, 0, 0, 0, 0, 0, 0, 0, 0, 0, 0, 0, 0, 0, 0, 0, 0, 0, 0, 0, 0, 0, 0, 0, 0, 0, 0, 0, 0, 0, 0, 0, 0, 0, 0, 0, 0, 0, 0, 0, 0, 0, 0, 0, 0, 0, 0, 0, 0, 0, 0, 0, 0, 0, 0, 0, 0, 0, 0, 0, 0, 0]	[0, 0, 0, 0, 0, 0, 0, 0, 0, 0, 0, 0, 0, 0, 0, 0, 0, 0, 0, 0, 0, 0, 0, 0, 0, 0, 0, 0, 0, 0, 0, 0, 0, 0, 0, 0, 0, 0, 0, 0, 0, 0, 0, 0, 0, 0, 0, 0, 0, 0, 0, 0, 0, 0, 0, 0, 0, 0, 0, 0, 0, 0, 0, 0]	[0, 0, 0, 0, 0, 0, 0, 0, 0, 0, 0, 0, 0, 0, 0, 0, 0, 0, 0, 0, 0, 0, 0, 0, 0, 0, 0, 0, 0, 0, 0, 0, 0, 0, 0, 0, 0, 0, 0, 0, 0, 0, 0, 0, 0, 0, 0, 0, 0, 0, 0, 0, 0, 0, 0, 0, 0, 0, 0, 0, 0, 0, 0, 0]	[0.00018779991660267115, 0.008829599944874644, 0.025817299960181117, 0.04290289990603924, 0.059338799910619855, 0.07601809990592301, 0.09244569996371865, 0.1090334999607876, 0.12586479994934052, 0.14293119998183101, 0.15947459999006242, 0.1757274999981746, 0.19250559993088245, 0.20933699992019683, 0.22592150000855327, 0.2426017998950556, 0.2593364999629557, 0.275897299987264, 0.29265550000127405, 0.3093451999593526, 0.3255919999210164, 0.34228099999018013, 0.35927389992866665, 0.37557919998653233, 0.3923952999757603, 0.4089342999504879, 0.4257004999089986, 0.44237259996589273, 0.45898459991440177, 0.47550699999555945, 0.4925127999158576, 0.5088894999353215, 0.5255765999900177, 0.5422805999405682, 0.5588810999179259, 0.5757137999171391, 0.5921864999691024, 0.6089252999518067, 0.6253835998941213, 0.6422003000043333, 0.6588368999073282, 0.6754512999905273, 0.6919769999803975, 0.7085882999235764, 0.7252342998981476, 0.7418350999942049, 0.7587746999925002, 0.7756409998983145, 0.7920705999713391, 0.8091586999362335, 0.8253862999845296, 0.8420613999478519, 0.8587354999035597, 0.8753274999326095, 0.8919821999734268, 0.9086654999991879, 0.9253010998945683, 0.94215199991595, 0.958578799967654, 0.9754377999342978, 0.9922219999134541, 1.0087588999886066, 1.0252716999966651, 1.0420056999428198]	n/a	n/a	0.8	19b
405	11	go_nogo	0	60	6	go	click	[24.0, 24.0, 33.0, 65.0, 87.0, 104.0, 114.0, 121.0, 125.0, 126.0, 126.0, 127.0, 127.0, 129.0, 132.0, 135.0, 137.0, 142.0, 153.0, 166.0, 175.0, 182.0, 186.0, 189.0, 193.0, 195.0, 195.0, 196.0, 196.0, 196.0]	[-243.0, -243.0, -203.0, -70.0, 11.0, 62.0, 95.0, 114.0, 121.0, 125.0, 127.0, 127.0, 128.0, 131.0, 136.0, 143.0, 149.0, 158.0, 180.0, 206.0, 227.0, 243.0, 253.0, 262.0, 270.0, 276.0, 277.0, 277.0, 278.0, 278.0]	[0, 0, 0, 0, 0, 0, 0, 0, 0, 0, 0, 0, 0, 0, 0, 0, 0, 0, 0, 0, 0, 0, 0, 0, 0, 0, 0, 0, 0, 1]	[0, 0, 0, 0, 0, 0, 0, 0, 0, 0, 0, 0, 0, 0, 0, 0, 0, 0, 0, 0, 0, 0, 0, 0, 0, 0, 0, 0, 0, 0]	[0, 0, 0, 0, 0, 0, 0, 0, 0, 0, 0, 0, 0, 0, 0, 0, 0, 0, 0, 0, 0, 0, 0, 0, 0, 0, 0, 0, 0, 0]	[0.00019340007565915585, 0.010866799973882735, 0.027657900005578995, 0.04411780007649213, 0.060912600019946694, 0.07783419999759644, 0.09409060003235936, 0.11090329999569803, 0.1274332000175491, 0.14415790000930429, 0.1608442000579089, 0.1774831999791786, 0.1941967000020668, 0.210776700056158, 0.22736780007835478, 0.24384170002304018, 0.2606797000626102, 0.27709370001684874, 0.29386279999744147, 0.31049860001076013, 0.32719290000386536, 0.3439453999744728, 0.36058380000758916, 0.37727370008360595, 0.3937762000132352, 0.4104712000116706, 0.42752879997715354, 0.443976900074631, 0.46047599997837096, 0.4770983000053093]	196.0	278.0	0.9	19b
406	11	go_nogo	0	60	3	go	click	[49.0, 53.0, 57.0, 73.0, 84.0, 94.0, 102.0, 107.0, 115.0, 121.0, 125.0, 134.0, 138.0, 146.0, 152.0, 154.0, 155.0, 156.0, 161.0, 166.0, 171.0, 174.0, 174.0, 174.0]	[-254.0, -227.0, -196.0, -121.0, -54.0, 4.0, 43.0, 73.0, 100.0, 123.0, 140.0, 164.0, 183.0, 206.0, 223.0, 231.0, 234.0, 240.0, 250.0, 265.0, 279.0, 285.0, 285.0, 285.0]	[0, 0, 0, 0, 0, 0, 0, 0, 0, 0, 0, 0, 0, 0, 0, 0, 0, 0, 0, 0, 0, 0, 0, 1]	[0, 0, 0, 0, 0, 0, 0, 0, 0, 0, 0, 0, 0, 0, 0, 0, 0, 0, 0, 0, 0, 0, 0, 0]	[0, 0, 0, 0, 0, 0, 0, 0, 0, 0, 0, 0, 0, 0, 0, 0, 0, 0, 0, 0, 0, 0, 0, 0]	[0.00019289995543658733, 0.009446499985642731, 0.02592219994403422, 0.04301719996146858, 0.0595264999428764, 0.07644910004455596, 0.09283109998796135, 0.10954069998115301, 0.1261151999933645, 0.142970799934119, 0.15938049997203052, 0.17593289993237704, 0.19328450004104525, 0.209436499979347, 0.22616600000765175, 0.2428467000136152, 0.2592371000209823, 0.2759060999378562, 0.29257659998256713, 0.3091328999726102, 0.3258479000069201, 0.34238349995575845, 0.3592551000183448, 0.37610410002525896]	174.0	285.0	1.0	19b
407	11	go_nogo	0	60	7	go	click	[43.0, 43.0, 49.0, 62.0, 70.0, 75.0, 80.0, 87.0, 92.0, 95.0, 96.0, 96.0, 96.0, 96.0, 101.0, 112.0, 135.0, 155.0, 170.0, 182.0, 190.0, 191.0, 195.0, 196.0, 196.0, 196.0, 196.0, 196.0, 196.0, 196.0, 196.0, 195.0, 182.0, 182.0, 184.0, 185.0]	[-177.0, -177.0, -119.0, 7.0, 123.0, 222.0, 309.0, 344.0, 357.0, 364.0, 365.0, 365.0, 365.0, 365.0, 369.0, 371.0, 372.0, 372.0, 368.0, 361.0, 351.0, 345.0, 336.0, 325.0, 318.0, 314.0, 313.0, 313.0, 313.0, 313.0, 313.0, 312.0, 294.0, 291.0, 287.0, 287.0]	[0, 0, 0, 0, 0, 0, 0, 0, 0, 0, 0, 0, 0, 0, 0, 0, 0, 0, 0, 0, 0, 0, 0, 0, 0, 0, 0, 0, 0, 0, 0, 0, 0, 0, 0, 1]	[0, 0, 0, 0, 0, 0, 0, 0, 0, 0, 0, 0, 0, 0, 0, 0, 0, 0, 0, 0, 0, 0, 0, 0, 0, 0, 0, 0, 0, 0, 0, 0, 0, 0, 0, 0]	[0, 0, 0, 0, 0, 0, 0, 0, 0, 0, 0, 0, 0, 0, 0, 0, 0, 0, 0, 0, 0, 0, 0, 0, 0, 0, 0, 0, 0, 0, 0, 0, 0, 0, 0, 0]	[0.00019379996228963137, 0.009374800021760166, 0.02578709996305406, 0.042354100034572184, 0.05869780003558844, 0.07554009999148548, 0.09217289998196065, 0.10873800003901124, 0.12563919997774065, 0.14223590004257858, 0.15878800000064075, 0.17544849996920675, 0.19197849999181926, 0.20917649997863919, 0.225806700065732, 0.2421390999807045, 0.2587510000448674, 0.27558949997182935, 0.2923486999934539, 0.30897859996184707, 0.32573699997738004, 0.34247090003918856, 0.3602241000626236, 0.37580789998173714, 0.39236329996492714, 0.40887170005589724, 0.42523749999236315, 0.44201730005443096, 0.45867780002299696, 0.47532910003792495, 0.4922746999654919, 0.5090725000482053, 0.5256436000345275, 0.5427850000560284, 0.558822900056839, 0.5757009000517428]	185.0	287.0	0.5	19b
408	11	go_nogo	0	60	9	nogo	none	[53.0, 53.0, 65.0, 89.0, 108.0, 115.0, 120.0, 126.0, 130.0, 136.0, 140.0, 144.0, 147.0, 151.0, 163.0, 173.0, 177.0, 177.0, 177.0, 177.0, 177.0, 178.0, 180.0, 182.0, 184.0, 184.0, 184.0, 184.0, 184.0, 184.0, 184.0, 184.0, 184.0, 184.0, 184.0, 184.0, 184.0, 184.0, 184.0, 184.0, 184.0, 184.0, 184.0, 184.0, 184.0, 184.0, 184.0, 184.0, 184.0, 184.0, 184.0, 184.0, 184.0, 184.0, 184.0, 184.0, 184.0, 184.0, 184.0, 184.0, 184.0, 184.0, 184.0, 184.0, 184.0, 184.0, 184.0]	[-201.0, -201.0, -134.0, -14.0, 107.0, 148.0, 187.0, 209.0, 228.0, 244.0, 257.0, 265.0, 272.0, 283.0, 325.0, 350.0, 359.0, 360.0, 360.0, 360.0, 360.0, 360.0, 357.0, 354.0, 353.0, 353.0, 353.0, 353.0, 353.0, 353.0, 353.0, 352.0, 352.0, 352.0, 352.0, 352.0, 352.0, 352.0, 352.0, 352.0, 352.0, 352.0, 352.0, 352.0, 352.0, 352.0, 352.0, 352.0, 352.0, 352.0, 352.0, 352.0, 352.0, 352.0, 352.0, 352.0, 352.0, 352.0, 352.0, 352.0, 352.0, 352.0, 352.0, 352.0, 352.0, 352.0, 352.0]	[0, 0, 0, 0, 0, 0, 0, 0, 0, 0, 0, 0, 0, 0, 0, 0, 0, 0, 0, 0, 0, 0, 0, 1, 1, 1, 1, 1, 1, 1, 1, 1, 1, 1, 1, 1, 1, 1, 1, 1, 1, 1, 1, 1, 1, 1, 1, 1, 1, 1, 1, 1, 1, 1, 1, 1, 1, 1, 1, 1, 1, 1, 1, 1, 1, 1, 1]	[0, 0, 0, 0, 0, 0, 0, 0, 0, 0, 0, 0, 0, 0, 0, 0, 0, 0, 0, 0, 0, 0, 0, 0, 0, 0, 0, 0, 0, 0, 0, 0, 0, 0, 0, 0, 0, 0, 0, 0, 0, 0, 0, 0, 0, 0, 0, 0, 0, 0, 0, 0, 0, 0, 0, 0, 0, 0, 0, 0, 0, 0, 0, 0, 0, 0, 0]	[0, 0, 0, 0, 0, 0, 0, 0, 0, 0, 0, 0, 0, 0, 0, 0, 0, 0, 0, 0, 0, 0, 0, 0, 0, 0, 0, 0, 0, 0, 0, 0, 0, 0, 0, 0, 0, 0, 0, 0, 0, 0, 0, 0, 0, 0, 0, 0, 0, 0, 0, 0, 0, 0, 0, 0, 0, 0, 0, 0, 0, 0, 0, 0, 0, 0, 0]	[0.00018880004063248634, 0.007777000078931451, 0.024203000008128583, 0.04117370001040399, 0.0575246000662446, 0.07453300000634044, 0.09113820001948625, 0.10782420006580651, 0.12462720007169992, 0.1412891000509262, 0.15781020000576973, 0.17476289998739958, 0.19111460004933178, 0.2079719000030309, 0.22453730006236583, 0.24121200002264231, 0.25762879999820143, 0.27469910006038845, 0.2912526000291109, 0.30755090003367513, 0.32443869998678565, 0.341182200005278, 0.3577604000456631, 0.37466550001408905, 0.39091250009369105, 0.40776840003672987, 0.42436710000038147, 0.4408672000281513, 0.4576187999919057, 0.47429500008001924, 0.4907170000951737, 0.5077533000148833, 0.5240861000493169, 0.5411267000017688, 0.557529199984856, 0.5743366000242531, 0.5908951000310481, 0.6077056000940502, 0.6240758000640199, 0.6409712000750005, 0.6575654000043869, 0.6741524999961257, 0.6909382999874651, 0.7073146000038832, 0.7242247000103816, 0.740669000078924, 0.7574836000567302, 0.7740171999903396, 0.7906479000812396, 0.8078340000938624, 0.8241235000314191, 0.8407833999954164, 0.8573236000956967, 0.873896700097248, 0.8909319000085816, 0.9074296000180766, 0.9240148999961093, 0.9407542999833822, 0.9574152000714093, 0.9740271000191569, 0.9908795000519603, 1.0075652000959963, 1.0241257000016049, 1.0406586000462994, 1.0572758000344038, 1.0742173000471666, 1.090758700040169]	n/a	n/a	1.0	19b
409	11	go_nogo	0	60	2	go	click	[38.0, 38.0, 52.0, 80.0, 113.0, 120.0, 122.0, 123.0, 125.0, 126.0, 127.0, 127.0, 129.0, 131.0, 133.0, 133.0, 140.0, 144.0, 149.0, 153.0, 157.0, 162.0]	[-212.0, -212.0, -144.0, -8.0, 159.0, 205.0, 229.0, 244.0, 255.0, 263.0, 267.0, 271.0, 280.0, 288.0, 291.0, 293.0, 304.0, 310.0, 317.0, 319.0, 320.0, 320.0]	[0, 0, 0, 0, 0, 0, 0, 0, 0, 0, 0, 0, 0, 0, 0, 0, 0, 0, 0, 0, 0, 1]	[0, 0, 0, 0, 0, 0, 0, 0, 0, 0, 0, 0, 0, 0, 0, 0, 0, 0, 0, 0, 0, 0]	[0, 0, 0, 0, 0, 0, 0, 0, 0, 0, 0, 0, 0, 0, 0, 0, 0, 0, 0, 0, 0, 0]	[0.00018939992878586054, 0.010724799940362573, 0.02718159998767078, 0.04382889997214079, 0.060492899967357516, 0.07727779995184392, 0.09398489992599934, 0.11089579993858933, 0.12722909997683018, 0.14407249994110316, 0.16066479997243732, 0.1772847999818623, 0.19397909997496754, 0.21070329996291548, 0.22736149991396815, 0.24399679992347956, 0.2611187999136746, 0.2775546999182552, 0.29392599989660084, 0.3111589999170974, 0.3273043999215588, 0.344483399996534]	166.0	320.0	0.7	19b
410	11	go_nogo	0	60	7	go	click	[59.0, 59.0, 71.0, 97.0, 119.0, 143.0, 150.0, 173.0, 184.0, 195.0, 203.0, 210.0, 215.0, 218.0, 219.0, 219.0, 219.0, 219.0, 219.0, 219.0, 219.0, 219.0]	[-190.0, -190.0, -149.0, -70.0, -8.0, 71.0, 92.0, 167.0, 202.0, 225.0, 245.0, 260.0, 276.0, 287.0, 288.0, 288.0, 288.0, 288.0, 288.0, 288.0, 288.0, 288.0]	[0, 0, 0, 0, 0, 0, 0, 0, 0, 0, 0, 0, 0, 0, 0, 0, 0, 0, 0, 0, 0, 1]	[0, 0, 0, 0, 0, 0, 0, 0, 0, 0, 0, 0, 0, 0, 0, 0, 0, 0, 0, 0, 0, 0]	[0, 0, 0, 0, 0, 0, 0, 0, 0, 0, 0, 0, 0, 0, 0, 0, 0, 0, 0, 0, 0, 0]	[0.00019179994706064463, 0.009645999991334975, 0.026293199975043535, 0.04287339991424233, 0.05970399989746511, 0.07614229992032051, 0.09288789995480329, 0.11001929990015924, 0.12649159994907677, 0.14297329995315522, 0.1596932999091223, 0.1763421999057755, 0.19288469990715384, 0.2093287999741733, 0.22583809995558113, 0.24251259991433471, 0.25904589996207505, 0.27593349991366267, 0.2924307999201119, 0.30927269998937845, 0.3258369999239221, 0.3428216999163851]	219.0	288.0	0.6	19b
411	11	go_nogo	0	60	8	go	click	[23.0, 23.0, 32.0, 57.0, 83.0, 98.0, 110.0, 124.0, 133.0, 139.0, 143.0, 145.0, 147.0, 149.0, 153.0, 162.0, 167.0, 173.0, 178.0, 184.0, 187.0, 187.0, 187.0, 187.0]	[-262.0, -262.0, -226.0, -144.0, -39.0, 21.0, 81.0, 130.0, 159.0, 176.0, 186.0, 193.0, 197.0, 204.0, 215.0, 239.0, 256.0, 270.0, 285.0, 299.0, 304.0, 305.0, 305.0, 305.0]	[0, 0, 0, 0, 0, 0, 0, 0, 0, 0, 0, 0, 0, 0, 0, 0, 0, 0, 0, 0, 0, 0, 0, 1]	[0, 0, 0, 0, 0, 0, 0, 0, 0, 0, 0, 0, 0, 0, 0, 0, 0, 0, 0, 0, 0, 0, 0, 0]	[0, 0, 0, 0, 0, 0, 0, 0, 0, 0, 0, 0, 0, 0, 0, 0, 0, 0, 0, 0, 0, 0, 0, 0]	[0.00020020001102238894, 0.009999100002460182, 0.02688339992891997, 0.04335779999382794, 0.06006599997635931, 0.07679899991489947, 0.09348639997188002, 0.10988050000742078, 0.12657349999062717, 0.1432667999761179, 0.16009729995857924, 0.17688429995905608, 0.19350950000807643, 0.2101046999450773, 0.22676759993191808, 0.24354870000388473, 0.26013519999105483, 0.2767221999820322, 0.2934983999002725, 0.30999310000333935, 0.3267725999467075, 0.34320040000602603, 0.3599861999973655, 0.3767607999034226]	187.0	305.0	0.8	19b
412	11	go_nogo	0	60	6	go	click	[44.0, 44.0, 69.0, 104.0, 127.0, 139.0, 148.0, 156.0, 160.0, 165.0, 168.0, 169.0, 172.0, 173.0, 174.0, 175.0, 175.0, 175.0, 175.0, 175.0, 175.0, 175.0, 175.0]	[-196.0, -196.0, -141.0, -53.0, 17.0, 61.0, 95.0, 146.0, 172.0, 193.0, 210.0, 227.0, 242.0, 256.0, 266.0, 268.0, 268.0, 268.0, 268.0, 268.0, 269.0, 270.0, 270.0]	[0, 0, 0, 0, 0, 0, 0, 0, 0, 0, 0, 0, 0, 0, 0, 0, 0, 0, 0, 0, 0, 0, 1]	[0, 0, 0, 0, 0, 0, 0, 0, 0, 0, 0, 0, 0, 0, 0, 0, 0, 0, 0, 0, 0, 0, 0]	[0, 0, 0, 0, 0, 0, 0, 0, 0, 0, 0, 0, 0, 0, 0, 0, 0, 0, 0, 0, 0, 0, 0]	[0.00018360000103712082, 0.011150999926030636, 0.027612200006842613, 0.04413279995787889, 0.06095299997832626, 0.0777898000087589, 0.0944387000054121, 0.11109329992905259, 0.12796219997107983, 0.14450930000748485, 0.16117670002859086, 0.1779994999524206, 0.19483329996000975, 0.21114040003158152, 0.227815099991858, 0.2443473000312224, 0.2609368999255821, 0.27748339995741844, 0.2945887999376282, 0.3112156999995932, 0.3278436999535188, 0.34415589994750917, 0.36111860000528395]	175.0	270.0	1.0	19b
413	11	go_nogo	0	60	2	go	click	[24.0, 24.0, 65.0, 113.0, 143.0, 159.0, 167.0, 178.0, 186.0, 191.0, 196.0, 204.0, 206.0, 213.0, 214.0, 214.0, 214.0, 214.0, 214.0, 214.0]	[-274.0, -274.0, -185.0, -60.0, 27.0, 67.0, 98.0, 129.0, 160.0, 188.0, 217.0, 250.0, 259.0, 276.0, 277.0, 277.0, 277.0, 277.0, 277.0, 279.0]	[0, 0, 0, 0, 0, 0, 0, 0, 0, 0, 0, 0, 0, 0, 0, 0, 0, 0, 0, 1]	[0, 0, 0, 0, 0, 0, 0, 0, 0, 0, 0, 0, 0, 0, 0, 0, 0, 0, 0, 0]	[0, 0, 0, 0, 0, 0, 0, 0, 0, 0, 0, 0, 0, 0, 0, 0, 0, 0, 0, 0]	[0.0002956000389531255, 0.010939400061033666, 0.027390900067985058, 0.04460390005260706, 0.060773300006985664, 0.07739160000346601, 0.09433960006572306, 0.11096680001355708, 0.12753390008583665, 0.14434060000348836, 0.16112499998416752, 0.17743749998044223, 0.19424820004496723, 0.21089410001877695, 0.22737930004950613, 0.2441361000528559, 0.26062349998392165, 0.27718169998843223, 0.29414710006676614, 0.3108673000242561]	214.0	279.0	0.9	19b
414	11	go_nogo	0	60	8	go	click	[49.0, 49.0, 57.0, 78.0, 94.0, 107.0, 126.0, 145.0, 161.0, 173.0, 182.0, 189.0, 196.0, 198.0, 200.0, 202.0, 203.0, 205.0, 205.0, 206.0, 206.0, 206.0, 206.0]	[-223.0, -223.0, -194.0, -120.0, -70.0, -21.0, 37.0, 85.0, 120.0, 148.0, 171.0, 190.0, 210.0, 218.0, 226.0, 233.0, 245.0, 260.0, 276.0, 293.0, 302.0, 303.0, 303.0]	[0, 0, 0, 0, 0, 0, 0, 0, 0, 0, 0, 0, 0, 0, 0, 0, 0, 0, 0, 0, 0, 0, 1]	[0, 0, 0, 0, 0, 0, 0, 0, 0, 0, 0, 0, 0, 0, 0, 0, 0, 0, 0, 0, 0, 0, 0]	[0, 0, 0, 0, 0, 0, 0, 0, 0, 0, 0, 0, 0, 0, 0, 0, 0, 0, 0, 0, 0, 0, 0]	[0.00020750006660819054, 0.00988230004440993, 0.026948500075377524, 0.04349880001973361, 0.05993550003040582, 0.07654560008086264, 0.09339390008244663, 0.11007150006480515, 0.12638180004432797, 0.14309260004665703, 0.1601962000131607, 0.1763330000685528, 0.19292250007856637, 0.2097473000176251, 0.2270782000850886, 0.24327330000232905, 0.25983960006851703, 0.2762411000439897, 0.29287520004436374, 0.30975710006896406, 0.32647510000970215, 0.3427314000437036, 0.3597713999915868]	206.0	303.0	0.9	19b
415	11	go_nogo	0	60	6	go	click	[29.0, 29.0, 41.0, 56.0, 79.0, 98.0, 110.0, 122.0, 133.0, 143.0, 149.0, 156.0, 164.0, 170.0, 177.0, 181.0, 182.0, 182.0, 182.0, 184.0, 189.0, 193.0, 197.0, 198.0]	[-284.0, -284.0, -202.0, -134.0, -67.0, -5.0, 36.0, 75.0, 108.0, 134.0, 151.0, 168.0, 192.0, 208.0, 225.0, 235.0, 236.0, 236.0, 237.0, 244.0, 263.0, 282.0, 294.0, 294.0]	[0, 0, 0, 0, 0, 0, 0, 0, 0, 0, 0, 0, 0, 0, 0, 0, 0, 0, 0, 0, 0, 0, 0, 1]	[0, 0, 0, 0, 0, 0, 0, 0, 0, 0, 0, 0, 0, 0, 0, 0, 0, 0, 0, 0, 0, 0, 0, 0]	[0, 0, 0, 0, 0, 0, 0, 0, 0, 0, 0, 0, 0, 0, 0, 0, 0, 0, 0, 0, 0, 0, 0, 0]	[7.1900081820786e-05, 0.011194600025191903, 0.027330400072969496, 0.04406870005186647, 0.06081649998668581, 0.07789389998652041, 0.09421530005056411, 0.1107522000093013, 0.12751060002483428, 0.14398340007755905, 0.16074630001094192, 0.17768429999705404, 0.19446750008501112, 0.21135710005182773, 0.22742380003910512, 0.2440039999783039, 0.2606567000038922, 0.2773847000207752, 0.2940803000237793, 0.31057730002794415, 0.3274619000731036, 0.3441722000716254, 0.360719499993138, 0.3783428000751883]	198.0	294.0	0.8	19b
416	11	go_nogo	0	60	9	nogo	none	[39.0, 39.0, 52.0, 69.0, 90.0, 110.0, 132.0, 151.0, 161.0, 169.0, 177.0, 179.0, 181.0, 182.0, 182.0, 183.0, 184.0, 189.0, 194.0, 202.0, 206.0, 207.0, 207.0, 207.0, 207.0, 207.0, 207.0, 207.0, 207.0, 207.0, 207.0, 207.0, 207.0, 207.0, 207.0, 207.0, 207.0, 207.0, 207.0, 207.0, 207.0, 207.0, 207.0, 207.0, 207.0, 207.0, 207.0, 207.0, 207.0, 207.0, 207.0, 207.0, 207.0, 207.0, 207.0, 207.0, 207.0, 207.0, 207.0, 207.0, 207.0, 207.0, 207.0, 207.0]	[-266.0, -266.0, -221.0, -160.0, -79.0, 13.0, 98.0, 150.0, 179.0, 200.0, 219.0, 225.0, 230.0, 232.0, 232.0, 233.0, 239.0, 254.0, 281.0, 306.0, 319.0, 321.0, 321.0, 321.0, 321.0, 321.0, 321.0, 321.0, 321.0, 321.0, 321.0, 321.0, 321.0, 321.0, 321.0, 321.0, 321.0, 321.0, 321.0, 321.0, 321.0, 321.0, 321.0, 321.0, 321.0, 321.0, 321.0, 321.0, 321.0, 321.0, 321.0, 321.0, 321.0, 321.0, 321.0, 321.0, 321.0, 321.0, 321.0, 321.0, 321.0, 321.0, 321.0, 321.0]	[0, 0, 0, 0, 0, 0, 0, 0, 0, 0, 0, 0, 0, 0, 0, 0, 0, 0, 0, 0, 0, 0, 0, 0, 0, 0, 0, 0, 0, 0, 0, 0, 0, 0, 0, 0, 0, 0, 0, 0, 0, 0, 0, 0, 0, 0, 0, 0, 0, 0, 0, 0, 0, 0, 0, 0, 0, 0, 0, 0, 0, 0, 0, 0]	[0, 0, 0, 0, 0, 0, 0, 0, 0, 0, 0, 0, 0, 0, 0, 0, 0, 0, 0, 0, 0, 0, 0, 0, 0, 0, 0, 0, 0, 0, 0, 0, 0, 0, 0, 0, 0, 0, 0, 0, 0, 0, 0, 0, 0, 0, 0, 0, 0, 0, 0, 0, 0, 0, 0, 0, 0, 0, 0, 0, 0, 0, 0, 0]	[0, 0, 0, 0, 0, 0, 0, 0, 0, 0, 0, 0, 0, 0, 0, 0, 0, 0, 0, 0, 0, 0, 0, 0, 0, 0, 0, 0, 0, 0, 0, 0, 0, 0, 0, 0, 0, 0, 0, 0, 0, 0, 0, 0, 0, 0, 0, 0, 0, 0, 0, 0, 0, 0, 0, 0, 0, 0, 0, 0, 0, 0, 0, 0]	[0.00022230006288737059, 0.011974200024269521, 0.028323300066404045, 0.044931799988262355, 0.061591400066390634, 0.07850040006451309, 0.09488830005284399, 0.11170440004207194, 0.12836080009583384, 0.14505930000450462, 0.1616242000600323, 0.17851240001618862, 0.19494850002229214, 0.21145780000369996, 0.2282886999892071, 0.2448711000615731, 0.2615361000644043, 0.27795560006052256, 0.2947182999923825, 0.31132660002913326, 0.32816370006185025, 0.34479590004775673, 0.3614118000259623, 0.37837220006622374, 0.39466380001977086, 0.41134280001278967, 0.4279523000586778, 0.44463020004332066, 0.4611725000431761, 0.47794930008240044, 0.49452910001855344, 0.511235999991186, 0.528015400050208, 0.544610399985686, 0.561124200001359, 0.5779137000208721, 0.5943771000020206, 0.6111432000761852, 0.6277428000466898, 0.6445250000106171, 0.6611800000537187, 0.6777872000820935, 0.6944998999824747, 0.7111301000695676, 0.7277767000487074, 0.7444530000211671, 0.76119930006098, 0.778093000059016, 0.7946852000895888, 0.8111453000456095, 0.8280703000491485, 0.8444740000413731, 0.8613691000500694, 0.8779352999990806, 0.8943953000707552, 0.9112322999862954, 0.9279121999861673, 0.9443931999849156, 0.9610347000416368, 0.9777447000378743, 0.9944295000750571, 1.0111956000328064, 1.0279797000112012, 1.044535499997437]	n/a	n/a	0.7	19b
417	11	go_nogo	0	60	2	go	click	[-16.0, -6.0, 4.0, 27.0, 47.0, 64.0, 74.0, 84.0, 92.0, 102.0, 107.0, 109.0, 112.0, 116.0, 124.0, 136.0, 152.0, 163.0, 173.0, 185.0, 195.0, 204.0, 208.0, 209.0, 209.0]	[-293.0, -266.0, -237.0, -166.0, -93.0, -35.0, 9.0, 42.0, 67.0, 91.0, 103.0, 109.0, 116.0, 124.0, 142.0, 165.0, 193.0, 214.0, 231.0, 247.0, 263.0, 279.0, 288.0, 291.0, 291.0]	[0, 0, 0, 0, 0, 0, 0, 0, 0, 0, 0, 0, 0, 0, 0, 0, 0, 0, 0, 0, 0, 0, 0, 0, 1]	[0, 0, 0, 0, 0, 0, 0, 0, 0, 0, 0, 0, 0, 0, 0, 0, 0, 0, 0, 0, 0, 0, 0, 0, 0]	[0, 0, 0, 0, 0, 0, 0, 0, 0, 0, 0, 0, 0, 0, 0, 0, 0, 0, 0, 0, 0, 0, 0, 0, 0]	[7.880001794546843e-05, 0.010880399961024523, 0.027186500024981797, 0.043854699935764074, 0.06048179999925196, 0.07730639993678778, 0.09390019997954369, 0.11066260002553463, 0.1274507000343874, 0.14396180002950132, 0.16067789995577186, 0.17754569998942316, 0.19433319999370724, 0.21079919999465346, 0.22746149997692555, 0.24431139999069273, 0.26062860002275556, 0.277206499944441, 0.29381639999337494, 0.31082469993270934, 0.3271637000143528, 0.343890400021337, 0.36044469999615103, 0.3771494999527931, 0.39444469998124987]	209.0	291.0	0.8	19b
418	11	go_nogo	0	60	9	nogo	none	[38.0, 38.0, 67.0, 92.0, 107.0, 117.0, 125.0, 133.0, 141.0, 145.0, 147.0, 148.0, 150.0, 159.0, 175.0, 182.0, 189.0, 198.0, 205.0, 210.0, 213.0, 213.0]	[-186.0, -186.0, -103.0, -35.0, 15.0, 51.0, 84.0, 113.0, 134.0, 146.0, 151.0, 153.0, 160.0, 180.0, 222.0, 239.0, 257.0, 273.0, 288.0, 300.0, 303.0, 304.0]	[0, 0, 0, 0, 0, 0, 0, 0, 0, 0, 0, 0, 0, 0, 0, 0, 0, 0, 0, 0, 0, 1]	[0, 0, 0, 0, 0, 0, 0, 0, 0, 0, 0, 0, 0, 0, 0, 0, 0, 0, 0, 0, 0, 0]	[0, 0, 0, 0, 0, 0, 0, 0, 0, 0, 0, 0, 0, 0, 0, 0, 0, 0, 0, 0, 0, 0]	[0.00026240001898258924, 0.009997699991799891, 0.027243999997153878, 0.04352810001000762, 0.06027660006657243, 0.07699390000198036, 0.09373389999382198, 0.11008530005346984, 0.1269095999887213, 0.14347820007242262, 0.16025620000436902, 0.17682280007284135, 0.19356460007838905, 0.21032489999197423, 0.2270839000120759, 0.2433862000470981, 0.25999599997885525, 0.2765390999848023, 0.2931703000795096, 0.31023579998873174, 0.32692370004951954, 0.3435888000531122]	213.0	304.0	0.5	19b
419	11	go_nogo	0	60	8	go	click	[24.0, 24.0, 41.0, 59.0, 72.0, 83.0, 94.0, 105.0, 120.0, 133.0, 146.0, 160.0, 165.0, 170.0, 178.0, 185.0, 190.0, 191.0, 192.0, 192.0, 193.0, 193.0, 193.0, 193.0, 193.0]	[-255.0, -255.0, -163.0, -72.0, -1.0, 42.0, 75.0, 104.0, 135.0, 165.0, 188.0, 209.0, 218.0, 229.0, 247.0, 272.0, 293.0, 304.0, 306.0, 307.0, 309.0, 309.0, 309.0, 309.0, 309.0]	[0, 0, 0, 0, 0, 0, 0, 0, 0, 0, 0, 0, 0, 0, 0, 0, 0, 0, 0, 0, 0, 0, 0, 0, 1]	[0, 0, 0, 0, 0, 0, 0, 0, 0, 0, 0, 0, 0, 0, 0, 0, 0, 0, 0, 0, 0, 0, 0, 0, 0]	[0, 0, 0, 0, 0, 0, 0, 0, 0, 0, 0, 0, 0, 0, 0, 0, 0, 0, 0, 0, 0, 0, 0, 0, 0]	[0.00023070001043379307, 0.010557299945503473, 0.027364999987185, 0.04410709999501705, 0.06080959993414581, 0.077561300015077, 0.09423779998905957, 0.11102760001085699, 0.12757639994379133, 0.14417650003451854, 0.16087239992339164, 0.17751780000980943, 0.19437679997645319, 0.21065249992534518, 0.2275038999505341, 0.24390270002186298, 0.26041510002687573, 0.2774742000037804, 0.29443399992305785, 0.31070879998151213, 0.3271291999844834, 0.3437131999526173, 0.36050249997060746, 0.37725100002717227, 0.3939985999604687]	193.0	309.0	0.8	19b
420	11	go_nogo	0	60	7	go	click	[17.0, 17.0, 40.0, 64.0, 91.0, 121.0, 145.0, 159.0, 171.0, 179.0, 186.0, 191.0, 196.0, 197.0, 199.0, 199.0, 199.0, 199.0, 199.0, 199.0, 199.0]	[-276.0, -276.0, -206.0, -128.0, -34.0, 49.0, 113.0, 156.0, 191.0, 218.0, 239.0, 256.0, 276.0, 281.0, 293.0, 293.0, 293.0, 293.0, 293.0, 296.0, 297.0]	[0, 0, 0, 0, 0, 0, 0, 0, 0, 0, 0, 0, 0, 0, 0, 0, 0, 0, 0, 0, 1]	[0, 0, 0, 0, 0, 0, 0, 0, 0, 0, 0, 0, 0, 0, 0, 0, 0, 0, 0, 0, 0]	[0, 0, 0, 0, 0, 0, 0, 0, 0, 0, 0, 0, 0, 0, 0, 0, 0, 0, 0, 0, 0]	[0.00048560008872300386, 0.011206299997866154, 0.02788080007303506, 0.044608900090679526, 0.06092540000099689, 0.07742240000516176, 0.09400240005925298, 0.11085560009814799, 0.1274503000313416, 0.1441638000542298, 0.1608623000793159, 0.17763920000288635, 0.19417520007118583, 0.21065830008592457, 0.2273512000683695, 0.24402870004996657, 0.2608755000401288, 0.2772764000110328, 0.2941147000528872, 0.31068540003616363, 0.3277628000359982]	199.0	297.0	0.7	19b
421	11	go_nogo	0	60	1	nogo	none	[50.0, 50.0, 98.0, 156.0, 196.0, 217.0, 227.0, 233.0, 237.0, 237.0, 237.0, 237.0, 237.0, 237.0, 233.0, 232.0, 231.0, 231.0, 230.0, 229.0, 228.0, 226.0, 225.0, 225.0, 225.0, 225.0, 225.0, 225.0, 225.0, 225.0, 225.0, 225.0, 225.0, 225.0, 225.0, 225.0, 225.0, 225.0, 225.0, 225.0, 225.0, 225.0, 225.0, 225.0, 225.0, 225.0, 225.0, 225.0, 225.0, 225.0, 225.0, 225.0, 225.0, 225.0, 225.0, 225.0, 225.0, 225.0, 225.0, 225.0, 225.0, 225.0, 225.0, 225.0, 225.0]	[-257.0, -257.0, -132.0, -3.0, 87.0, 132.0, 159.0, 176.0, 189.0, 195.0, 197.0, 198.0, 200.0, 205.0, 224.0, 229.0, 231.0, 232.0, 236.0, 243.0, 253.0, 264.0, 267.0, 267.0, 267.0, 267.0, 267.0, 267.0, 267.0, 267.0, 267.0, 267.0, 267.0, 267.0, 267.0, 267.0, 267.0, 267.0, 267.0, 267.0, 267.0, 267.0, 267.0, 267.0, 267.0, 267.0, 267.0, 267.0, 267.0, 267.0, 267.0, 267.0, 267.0, 267.0, 267.0, 267.0, 267.0, 267.0, 267.0, 267.0, 267.0, 267.0, 267.0, 267.0, 267.0]	[0, 0, 0, 0, 0, 0, 0, 0, 0, 0, 0, 0, 0, 0, 0, 0, 0, 0, 0, 0, 0, 0, 0, 0, 0, 0, 0, 0, 0, 0, 0, 0, 0, 0, 0, 0, 0, 0, 0, 0, 0, 0, 0, 0, 0, 0, 0, 0, 0, 0, 0, 0, 0, 0, 0, 0, 0, 0, 0, 0, 0, 0, 0, 0, 0]	[0, 0, 0, 0, 0, 0, 0, 0, 0, 0, 0, 0, 0, 0, 0, 0, 0, 0, 0, 0, 0, 0, 0, 0, 0, 0, 0, 0, 0, 0, 0, 0, 0, 0, 0, 0, 0, 0, 0, 0, 0, 0, 0, 0, 0, 0, 0, 0, 0, 0, 0, 0, 0, 0, 0, 0, 0, 0, 0, 0, 0, 0, 0, 0, 0]	[0, 0, 0, 0, 0, 0, 0, 0, 0, 0, 0, 0, 0, 0, 0, 0, 0, 0, 0, 0, 0, 0, 0, 0, 0, 0, 0, 0, 0, 0, 0, 0, 0, 0, 0, 0, 0, 0, 0, 0, 0, 0, 0, 0, 0, 0, 0, 0, 0, 0, 0, 0, 0, 0, 0, 0, 0, 0, 0, 0, 0, 0, 0, 0, 0]	[0.00019589997828006744, 0.01161409995984286, 0.028257899917662144, 0.04541089991107583, 0.06143299990799278, 0.07822589995339513, 0.09507409995421767, 0.11151089996565133, 0.12837529997341335, 0.14483329991344362, 0.16157579992432147, 0.17833839997183532, 0.19518349994905293, 0.2114722999976948, 0.2282468999037519, 0.24512499989941716, 0.261445099953562, 0.278341899975203, 0.2948456999147311, 0.3116597000043839, 0.32817079999949783, 0.3448397999163717, 0.3613048999104649, 0.3780119000002742, 0.39465909998398274, 0.4115010999375954, 0.4281942999223247, 0.44488450000062585, 0.4612417999887839, 0.4781305999495089, 0.49461900000460446, 0.5113866999745369, 0.5280877999030054, 0.5447779999813065, 0.5613857000134885, 0.5778682999080047, 0.5947367999469861, 0.611384499934502, 0.6278869999805465, 0.64457979996223, 0.6611959999427199, 0.6778869999106973, 0.6946755999233574, 0.7113207000074908, 0.7280626000138, 0.7445302999112755, 0.7613149000098929, 0.7777573999483138, 0.7944541999604553, 0.8111654999665916, 0.8279654999496415, 0.8444408999057487, 0.8614311999408528, 0.8780232999706641, 0.8944926999974996, 0.9114006999880075, 0.9280380000127479, 0.9447809999110177, 0.9613330999854952, 0.9778738999739289, 0.994576699915342, 1.0113062999444082, 1.0278787999413908, 1.0443713999120519, 1.061268899939023]	n/a	n/a	0.6	19b
422	11	go_nogo	0	60	7	go	click	[26.0, 26.0, 47.0, 84.0, 137.0, 157.0, 174.0, 183.0, 187.0, 190.0, 192.0, 192.0, 193.0, 195.0, 198.0, 198.0, 200.0, 201.0, 201.0, 202.0, 203.0, 205.0, 207.0, 211.0, 212.0, 213.0, 213.0]	[-207.0, -207.0, -160.0, -79.0, 23.0, 65.0, 98.0, 122.0, 133.0, 140.0, 144.0, 145.0, 148.0, 156.0, 173.0, 200.0, 216.0, 231.0, 241.0, 252.0, 263.0, 275.0, 290.0, 302.0, 310.0, 312.0, 312.0]	[0, 0, 0, 0, 0, 0, 0, 0, 0, 0, 0, 0, 0, 0, 0, 0, 0, 0, 0, 0, 0, 0, 0, 0, 0, 0, 1]	[0, 0, 0, 0, 0, 0, 0, 0, 0, 0, 0, 0, 0, 0, 0, 0, 0, 0, 0, 0, 0, 0, 0, 0, 0, 0, 0]	[0, 0, 0, 0, 0, 0, 0, 0, 0, 0, 0, 0, 0, 0, 0, 0, 0, 0, 0, 0, 0, 0, 0, 0, 0, 0, 0]	[0.00020329991821199656, 0.012673399993218482, 0.029371800017543137, 0.04625959997065365, 0.06276220001745969, 0.07941300002858043, 0.09633939992636442, 0.11286519991699606, 0.12945669994223863, 0.14609409996774048, 0.1624984999652952, 0.17932849994394928, 0.1960265999659896, 0.21265320002567023, 0.22942799993325025, 0.24610310001298785, 0.2632167999399826, 0.279800400021486, 0.2959017999237403, 0.3127957999240607, 0.32935369992628694, 0.3459203999955207, 0.3627467999467626, 0.3796566999517381, 0.39607170003000647, 0.4125830000266433, 0.4293955999892205]	213.0	312.0	0.7	19b
423	11	go_nogo	0	60	2	go	click	[46.0, 46.0, 78.0, 109.0, 142.0, 169.0, 184.0, 192.0, 196.0, 199.0, 200.0, 201.0, 203.0, 204.0, 208.0, 209.0, 210.0, 211.0, 216.0, 219.0, 222.0, 222.0, 222.0, 222.0]	[-230.0, -230.0, -160.0, -98.0, -29.0, 36.0, 86.0, 115.0, 135.0, 149.0, 158.0, 168.0, 185.0, 200.0, 219.0, 226.0, 231.0, 241.0, 262.0, 283.0, 300.0, 306.0, 307.0, 307.0]	[0, 0, 0, 0, 0, 0, 0, 0, 0, 0, 0, 0, 0, 0, 0, 0, 0, 0, 0, 0, 0, 0, 0, 1]	[0, 0, 0, 0, 0, 0, 0, 0, 0, 0, 0, 0, 0, 0, 0, 0, 0, 0, 0, 0, 0, 0, 0, 0]	[0, 0, 0, 0, 0, 0, 0, 0, 0, 0, 0, 0, 0, 0, 0, 0, 0, 0, 0, 0, 0, 0, 0, 0]	[0.0001865000231191516, 0.010839900001883507, 0.027304099989123642, 0.04452070000115782, 0.060676699969917536, 0.0771714000729844, 0.0940421000123024, 0.11084109998773783, 0.12735409999731928, 0.14391210000030696, 0.1608101000310853, 0.1772612000349909, 0.1939769999589771, 0.21097380004357547, 0.22733670007437468, 0.24427849997300655, 0.26084530004300177, 0.27738220000173897, 0.293857799959369, 0.3106990000233054, 0.3272478000726551, 0.34382880001794547, 0.36031460005324334, 0.3772956000175327]	222.0	307.0	0.5	19b
424	11	go_nogo	0	60	6	go	click	[40.0, 40.0, 59.0, 92.0, 134.0, 149.0, 162.0, 173.0, 183.0, 189.0, 194.0, 196.0, 202.0, 211.0, 221.0, 227.0, 228.0, 228.0, 228.0, 228.0, 228.0, 228.0]	[-228.0, -228.0, -170.0, -53.0, 83.0, 126.0, 159.0, 190.0, 214.0, 228.0, 236.0, 240.0, 248.0, 266.0, 282.0, 289.0, 290.0, 290.0, 290.0, 290.0, 290.0, 290.0]	[0, 0, 0, 0, 0, 0, 0, 0, 0, 0, 0, 0, 0, 0, 0, 0, 0, 0, 0, 0, 0, 1]	[0, 0, 0, 0, 0, 0, 0, 0, 0, 0, 0, 0, 0, 0, 0, 0, 0, 0, 0, 0, 0, 0]	[0, 0, 0, 0, 0, 0, 0, 0, 0, 0, 0, 0, 0, 0, 0, 0, 0, 0, 0, 0, 0, 0]	[0.0002012000186368823, 0.01070910005364567, 0.027362999971956015, 0.044115500058978796, 0.060891599976457655, 0.07765170000493526, 0.09420389996375889, 0.1108074999647215, 0.1274956000270322, 0.1441046999534592, 0.16066339996177703, 0.17732610006351024, 0.1943920999765396, 0.21072660002391785, 0.2273987999651581, 0.24411440000403672, 0.2604820999549702, 0.2772248999681324, 0.29377920005936176, 0.31058140005916357, 0.327574499999173, 0.3445056000491604]	228.0	290.0	0.7	19b
425	11	go_nogo	0	60	4	go	click	[16.0, 16.0, 56.0, 100.0, 144.0, 184.0, 205.0, 215.0, 222.0, 227.0, 229.0, 231.0, 236.0, 241.0, 247.0, 248.0, 248.0, 248.0, 248.0, 248.0]	[-263.0, -263.0, -159.0, -46.0, 70.0, 170.0, 219.0, 246.0, 264.0, 275.0, 283.0, 289.0, 297.0, 311.0, 321.0, 322.0, 322.0, 322.0, 322.0, 322.0]	[0, 0, 0, 0, 0, 0, 0, 0, 0, 0, 0, 0, 0, 0, 0, 0, 0, 0, 0, 1]	[0, 0, 0, 0, 0, 0, 0, 0, 0, 0, 0, 0, 0, 0, 0, 0, 0, 0, 0, 0]	[0, 0, 0, 0, 0, 0, 0, 0, 0, 0, 0, 0, 0, 0, 0, 0, 0, 0, 0, 0]	[0.00023390003480017185, 0.011156999971717596, 0.027041699970141053, 0.04387489997316152, 0.06041869998443872, 0.07722920004744083, 0.09373980003874749, 0.11053960002027452, 0.12713769997935742, 0.14380510000046343, 0.16058839997276664, 0.17736820003483444, 0.19438440003432333, 0.21057680004741997, 0.2270827000029385, 0.24384090001694858, 0.26027650001924485, 0.27688050002325326, 0.29370199993718415, 0.31051039998419583]	248.0	322.0	0.8	19b
426	11	go_nogo	0	60	2	go	click	[33.0, 33.0, 40.0, 49.0, 60.0, 65.0, 78.0, 92.0, 107.0, 120.0, 134.0, 145.0, 155.0, 166.0, 183.0, 189.0, 193.0, 194.0, 195.0, 196.0, 197.0, 197.0, 199.0, 200.0, 201.0, 202.0, 204.0, 208.0, 211.0, 213.0, 214.0]	[-282.0, -282.0, -270.0, -246.0, -225.0, -214.0, -184.0, -151.0, -116.0, -77.0, -40.0, -11.0, 16.0, 47.0, 96.0, 119.0, 133.0, 140.0, 146.0, 155.0, 166.0, 182.0, 196.0, 209.0, 224.0, 243.0, 249.0, 274.0, 289.0, 297.0, 300.0]	[0, 0, 0, 0, 0, 0, 0, 0, 0, 0, 0, 0, 0, 0, 0, 0, 0, 0, 0, 0, 0, 0, 0, 0, 0, 0, 0, 0, 0, 0, 1]	[0, 0, 0, 0, 0, 0, 0, 0, 0, 0, 0, 0, 0, 0, 0, 0, 0, 0, 0, 0, 0, 0, 0, 0, 0, 0, 0, 0, 0, 0, 0]	[0, 0, 0, 0, 0, 0, 0, 0, 0, 0, 0, 0, 0, 0, 0, 0, 0, 0, 0, 0, 0, 0, 0, 0, 0, 0, 0, 0, 0, 0, 0]	[0.0002410999732092023, 0.010952499927952886, 0.02741410001181066, 0.04447790002450347, 0.061115199932828546, 0.07760650001000613, 0.09440649999305606, 0.11115090001840144, 0.12762049993034452, 0.14437039999756962, 0.1614059000276029, 0.17769729997962713, 0.1944752000272274, 0.21113660000264645, 0.22788859996944666, 0.24453239992726594, 0.26095809997059405, 0.2775402999250218, 0.29403430002275854, 0.31098710000514984, 0.32777650002390146, 0.34463519998826087, 0.361157099949196, 0.3780480999266729, 0.3946013000095263, 0.41102220001630485, 0.4275787000078708, 0.4442308999132365, 0.46120999997947365, 0.47771579993423074, 0.49442829994950444]	214.0	300.0	0.9	19b
427	11	go_nogo	0	60	1	nogo	none	[75.0, 75.0, 98.0, 144.0, 170.0, 183.0, 193.0, 203.0, 209.0, 218.0, 222.0, 226.0, 227.0, 228.0, 228.0, 228.0, 228.0, 228.0, 228.0, 228.0, 228.0]	[-189.0, -189.0, -119.0, 13.0, 77.0, 110.0, 139.0, 168.0, 193.0, 223.0, 236.0, 245.0, 255.0, 261.0, 263.0, 264.0, 264.0, 264.0, 264.0, 264.0, 264.0]	[0, 0, 0, 0, 0, 0, 0, 0, 0, 0, 0, 0, 0, 0, 0, 0, 0, 0, 0, 0, 1]	[0, 0, 0, 0, 0, 0, 0, 0, 0, 0, 0, 0, 0, 0, 0, 0, 0, 0, 0, 0, 0]	[0, 0, 0, 0, 0, 0, 0, 0, 0, 0, 0, 0, 0, 0, 0, 0, 0, 0, 0, 0, 0]	[0.0002552999649196863, 0.010143299936316907, 0.02711929997894913, 0.043531799921765924, 0.06013959995470941, 0.07677429995965213, 0.09346359991468489, 0.10998740000650287, 0.12693589995615184, 0.14415930001996458, 0.1605180000187829, 0.1767635999713093, 0.1933136999141425, 0.20999040000606328, 0.22675599996000528, 0.24333129997830838, 0.2598991999402642, 0.27673539996612817, 0.2933808999368921, 0.30981989996507764, 0.32687539991457015]	228.0	264.0	0.5	19b
428	11	go_nogo	0	60	4	go	click	[11.0, 11.0, 22.0, 49.0, 85.0, 121.0, 134.0, 141.0, 149.0, 158.0, 163.0, 166.0, 173.0, 178.0, 181.0, 182.0, 182.0, 183.0, 186.0, 188.0, 188.0, 189.0, 189.0, 189.0, 189.0, 189.0, 189.0, 189.0, 189.0, 189.0, 189.0, 189.0, 189.0, 189.0, 189.0, 189.0, 189.0, 189.0, 189.0, 189.0, 193.0, 199.0, 200.0, 200.0]	[-236.0, -236.0, -184.0, -60.0, 36.0, 98.0, 120.0, 134.0, 148.0, 162.0, 172.0, 180.0, 194.0, 207.0, 214.0, 215.0, 216.0, 218.0, 228.0, 239.0, 241.0, 241.0, 241.0, 241.0, 241.0, 241.0, 245.0, 248.0, 248.0, 248.0, 248.0, 245.0, 243.0, 243.0, 243.0, 243.0, 246.0, 246.0, 246.0, 249.0, 256.0, 269.0, 272.0, 272.0]	[0, 0, 0, 0, 0, 0, 0, 0, 0, 0, 0, 0, 0, 0, 0, 0, 0, 0, 0, 0, 1, 1, 1, 1, 1, 0, 0, 0, 0, 0, 0, 0, 0, 0, 0, 0, 0, 0, 0, 0, 0, 0, 0, 1]	[0, 0, 0, 0, 0, 0, 0, 0, 0, 0, 0, 0, 0, 0, 0, 0, 0, 0, 0, 0, 0, 0, 0, 0, 0, 0, 0, 0, 0, 0, 0, 0, 0, 0, 0, 0, 0, 0, 0, 0, 0, 0, 0, 0]	[0, 0, 0, 0, 0, 0, 0, 0, 0, 0, 0, 0, 0, 0, 0, 0, 0, 0, 0, 0, 0, 0, 0, 0, 0, 0, 0, 0, 0, 0, 0, 0, 0, 0, 0, 0, 0, 0, 0, 0, 0, 0, 0, 0]	[0.00020490004681050777, 0.010247000027447939, 0.026895200018770993, 0.043578000040724874, 0.06043150008190423, 0.07759960007388145, 0.09416990005411208, 0.11035059997811913, 0.12684110004920512, 0.14350110001396388, 0.16024210001341999, 0.17681960004847497, 0.193483000039123, 0.2100827000103891, 0.2266687999945134, 0.24344039999414235, 0.25997890008147806, 0.2766895000822842, 0.2937657000729814, 0.3102871000301093, 0.32711070007644594, 0.34337730007246137, 0.35999300004914403, 0.376558699994348, 0.3933064000448212, 0.41046010004356503, 0.42673970002215356, 0.44314930005930364, 0.45990050002001226, 0.47635910008102655, 0.4934817000757903, 0.5101060000015423, 0.526264899992384, 0.5431545000756159, 0.5597870000638068, 0.5768723000073805, 0.5932594999903813, 0.6100801000138745, 0.6268559000454843, 0.6433943000156432, 0.6597894000587985, 0.6770946000469849, 0.6937233000062406, 0.7100028999848291]	200.0	272.0	0.9	19b
429	11	go_nogo	0	60	3	go	click	[39.0, 39.0, 57.0, 109.0, 134.0, 146.0, 152.0, 157.0, 163.0, 169.0, 173.0, 179.0, 188.0, 199.0, 211.0, 221.0, 231.0, 243.0, 247.0, 247.0, 247.0, 247.0, 245.0, 245.0, 245.0, 245.0, 245.0, 245.0, 245.0, 244.0, 242.0, 240.0, 239.0, 239.0, 238.0, 238.0, 238.0, 237.0]	[-245.0, -245.0, -199.0, -58.0, 17.0, 69.0, 101.0, 130.0, 153.0, 172.0, 187.0, 203.0, 224.0, 247.0, 283.0, 308.0, 345.0, 380.0, 394.0, 394.0, 394.0, 386.0, 378.0, 375.0, 375.0, 375.0, 375.0, 375.0, 375.0, 372.0, 364.0, 354.0, 347.0, 344.0, 343.0, 342.0, 340.0, 337.0]	[0, 0, 0, 0, 0, 0, 0, 0, 0, 0, 0, 0, 0, 0, 0, 0, 0, 0, 0, 1, 1, 1, 1, 1, 1, 1, 0, 0, 0, 0, 0, 0, 0, 0, 0, 0, 0, 1]	[0, 0, 0, 0, 0, 0, 0, 0, 0, 0, 0, 0, 0, 0, 0, 0, 0, 0, 0, 0, 0, 0, 0, 0, 0, 0, 0, 0, 0, 0, 0, 0, 0, 0, 0, 0, 0, 0]	[0, 0, 0, 0, 0, 0, 0, 0, 0, 0, 0, 0, 0, 0, 0, 0, 0, 0, 0, 0, 0, 0, 0, 0, 0, 0, 0, 0, 0, 0, 0, 0, 0, 0, 0, 0, 0, 0]	[0.0002584999892860651, 0.009755400009453297, 0.02669700002297759, 0.04387779999524355, 0.059888600022532046, 0.07652230001986027, 0.09307800000533462, 0.10986830003093928, 0.12643649999517947, 0.14307230000849813, 0.15969200001563877, 0.1763302000472322, 0.1931709999917075, 0.20985500002279878, 0.2266735000303015, 0.24320759996771812, 0.2600383000681177, 0.27636560006067157, 0.29304969997610897, 0.30989679996855557, 0.3263821000000462, 0.34282949997577816, 0.35940399998798966, 0.37623399996664375, 0.3929441999644041, 0.40951570007018745, 0.4260451999725774, 0.44271490001119673, 0.45978889998514205, 0.47701000003144145, 0.4931954999919981, 0.5097981999861076, 0.5262630999786779, 0.5427701000589877, 0.5594928000355139, 0.5761555000208318, 0.5932102999649942, 0.6097992999712005]	236.0	333.0	0.8	19b
430	11	go_nogo	0	60	3	go	click	[23.0, 23.0, 37.0, 82.0, 103.0, 121.0, 134.0, 144.0, 153.0, 162.0, 170.0, 175.0, 177.0, 178.0, 178.0, 179.0, 181.0, 182.0, 186.0, 187.0, 187.0, 187.0, 188.0, 188.0]	[-244.0, -244.0, -192.0, -52.0, 4.0, 48.0, 79.0, 104.0, 128.0, 151.0, 178.0, 197.0, 207.0, 211.0, 214.0, 220.0, 233.0, 249.0, 263.0, 268.0, 270.0, 270.0, 271.0, 271.0]	[0, 0, 0, 0, 0, 0, 0, 0, 0, 0, 0, 0, 0, 0, 0, 0, 0, 0, 0, 0, 0, 0, 0, 1]	[0, 0, 0, 0, 0, 0, 0, 0, 0, 0, 0, 0, 0, 0, 0, 0, 0, 0, 0, 0, 0, 0, 0, 0]	[0, 0, 0, 0, 0, 0, 0, 0, 0, 0, 0, 0, 0, 0, 0, 0, 0, 0, 0, 0, 0, 0, 0, 0]	[0.00041500001680105925, 0.01157730002887547, 0.02823469997383654, 0.04455939994659275, 0.06163310003466904, 0.07825639995280653, 0.09452499996405095, 0.11120039992965758, 0.12780190003104508, 0.1444081999361515, 0.1612510000122711, 0.17778419994283468, 0.19462470000144094, 0.2110415999777615, 0.22797250002622604, 0.24437339999713004, 0.2616235000314191, 0.27768970001488924, 0.29430750000756234, 0.3111463999375701, 0.3276789999799803, 0.34466279996559024, 0.36102670000400394, 0.37811349995899945]	188.0	271.0	0.5	19b
431	11	go_nogo	0	60	9	nogo	none	[62.0, 62.0, 100.0, 128.0, 139.0, 147.0, 158.0, 169.0, 178.0, 189.0, 199.0, 210.0, 219.0, 224.0, 225.0, 225.0, 225.0, 225.0, 225.0, 225.0, 225.0]	[-143.0, -143.0, -32.0, 39.0, 69.0, 92.0, 115.0, 139.0, 164.0, 187.0, 213.0, 236.0, 256.0, 272.0, 276.0, 276.0, 276.0, 277.0, 280.0, 283.0, 283.0]	[0, 0, 0, 0, 0, 0, 0, 0, 0, 0, 0, 0, 0, 0, 0, 0, 0, 0, 0, 0, 1]	[0, 0, 0, 0, 0, 0, 0, 0, 0, 0, 0, 0, 0, 0, 0, 0, 0, 0, 0, 0, 0]	[0, 0, 0, 0, 0, 0, 0, 0, 0, 0, 0, 0, 0, 0, 0, 0, 0, 0, 0, 0, 0]	[0.0005525000160560012, 0.011435299995355308, 0.02747770003043115, 0.04426100000273436, 0.062352700042538345, 0.07750760007183999, 0.09415949997492135, 0.111068099969998, 0.12755690002813935, 0.1444114000769332, 0.1609702999703586, 0.1776340000797063, 0.1947691000532359, 0.2115532000316307, 0.2274567000567913, 0.2438811999745667, 0.2609300999902189, 0.2774544999701902, 0.29424880002625287, 0.31059440004173666, 0.32780189998447895]	225.0	283.0	0.9	19b
432	11	go_nogo	0	60	2	go	click	[70.0, 70.0, 105.0, 134.0, 153.0, 163.0, 171.0, 179.0, 187.0, 195.0, 200.0, 202.0, 203.0, 203.0, 203.0, 203.0, 203.0, 203.0, 203.0, 203.0, 203.0]	[-175.0, -175.0, -56.0, 45.0, 107.0, 142.0, 167.0, 196.0, 231.0, 259.0, 278.0, 289.0, 300.0, 307.0, 310.0, 310.0, 310.0, 310.0, 312.0, 315.0, 316.0]	[0, 0, 0, 0, 0, 0, 0, 0, 0, 0, 0, 0, 0, 0, 0, 0, 0, 0, 0, 0, 1]	[0, 0, 0, 0, 0, 0, 0, 0, 0, 0, 0, 0, 0, 0, 0, 0, 0, 0, 0, 0, 0]	[0, 0, 0, 0, 0, 0, 0, 0, 0, 0, 0, 0, 0, 0, 0, 0, 0, 0, 0, 0, 0]	[9.109999518841505e-05, 0.010682800086215138, 0.02749590005259961, 0.04424560000188649, 0.06127349997404963, 0.07776230003219098, 0.09435600007418543, 0.11090940004214644, 0.12748060002923012, 0.14421330008190125, 0.16095719998702407, 0.17758300004061311, 0.19428609998431057, 0.2112068000715226, 0.22745620005298406, 0.2441100999712944, 0.2606793000595644, 0.27776900003664196, 0.29440590005833656, 0.31102879997342825, 0.32780860003549606]	204.0	316.0	0.7	19b
433	11	go_nogo	0	60	4	go	click	[43.0, 43.0, 52.0, 70.0, 81.0, 91.0, 106.0, 114.0, 124.0, 131.0, 137.0, 143.0, 149.0, 155.0, 163.0, 170.0, 176.0, 179.0, 182.0, 183.0, 186.0, 188.0, 188.0]	[-215.0, -215.0, -179.0, -128.0, -85.0, -48.0, 7.0, 43.0, 76.0, 108.0, 137.0, 158.0, 179.0, 198.0, 220.0, 237.0, 254.0, 264.0, 271.0, 275.0, 280.0, 284.0, 284.0]	[0, 0, 0, 0, 0, 0, 0, 0, 0, 0, 0, 0, 0, 0, 0, 0, 0, 0, 0, 0, 0, 0, 1]	[0, 0, 0, 0, 0, 0, 0, 0, 0, 0, 0, 0, 0, 0, 0, 0, 0, 0, 0, 0, 0, 0, 0]	[0, 0, 0, 0, 0, 0, 0, 0, 0, 0, 0, 0, 0, 0, 0, 0, 0, 0, 0, 0, 0, 0, 0]	[0.0001943999668583274, 0.009544799919240177, 0.026100300019606948, 0.04291570000350475, 0.05941350001376122, 0.0764443000080064, 0.0929255000082776, 0.10942939994856715, 0.12632829998619854, 0.14334509999025613, 0.15971359994728118, 0.1763608999317512, 0.19282599992584437, 0.20944739994592965, 0.22593870002310723, 0.24288319994229823, 0.2596046000253409, 0.2762949999887496, 0.29278929997235537, 0.3093457999639213, 0.3262650999240577, 0.3430387999396771, 0.3600673999171704]	188.0	284.0	0.6	19b
434	11	go_nogo	0	60	8	go	click	[67.0, 67.0, 90.0, 108.0, 120.0, 131.0, 143.0, 151.0, 159.0, 166.0, 171.0, 176.0, 181.0, 186.0, 186.0, 186.0, 186.0, 186.0, 186.0, 186.0, 186.0, 186.0]	[-231.0, -231.0, -126.0, -35.0, 32.0, 75.0, 114.0, 149.0, 177.0, 202.0, 221.0, 239.0, 260.0, 277.0, 282.0, 282.0, 282.0, 282.0, 282.0, 282.0, 282.0, 282.0]	[0, 0, 0, 0, 0, 0, 0, 0, 0, 0, 0, 0, 0, 0, 0, 0, 0, 0, 0, 0, 0, 1]	[0, 0, 0, 0, 0, 0, 0, 0, 0, 0, 0, 0, 0, 0, 0, 0, 0, 0, 0, 0, 0, 0]	[0, 0, 0, 0, 0, 0, 0, 0, 0, 0, 0, 0, 0, 0, 0, 0, 0, 0, 0, 0, 0, 0]	[7.750000804662704e-05, 0.011615399969741702, 0.028099299990572035, 0.044808999984525144, 0.06164950004313141, 0.07818970002699643, 0.09513489995151758, 0.11160259996540844, 0.12825639999937266, 0.1448740999912843, 0.16163430002052337, 0.17853609996382147, 0.19535089994315058, 0.21157249994575977, 0.2281401000218466, 0.24478609999641776, 0.2615801999345422, 0.2780060999793932, 0.2947259999345988, 0.31169939995743334, 0.3282889999682084, 0.3450765999732539]	186.0	282.0	0.7	19b
435	11	go_nogo	0	60	4	go	click	[76.0, 76.0, 116.0, 140.0, 154.0, 161.0, 167.0, 173.0, 179.0, 186.0, 193.0, 198.0, 202.0, 203.0, 204.0, 204.0, 204.0, 205.0, 207.0, 208.0, 209.0]	[-169.0, -169.0, -31.0, 70.0, 130.0, 164.0, 189.0, 212.0, 233.0, 251.0, 265.0, 275.0, 282.0, 284.0, 285.0, 285.0, 285.0, 288.0, 293.0, 298.0, 298.0]	[0, 0, 0, 0, 0, 0, 0, 0, 0, 0, 0, 0, 0, 0, 0, 0, 0, 0, 0, 0, 1]	[0, 0, 0, 0, 0, 0, 0, 0, 0, 0, 0, 0, 0, 0, 0, 0, 0, 0, 0, 0, 0]	[0, 0, 0, 0, 0, 0, 0, 0, 0, 0, 0, 0, 0, 0, 0, 0, 0, 0, 0, 0, 0]	[0.00019259995315223932, 0.010829600039869547, 0.027694700052961707, 0.04421990003902465, 0.06053649995010346, 0.07707650004886091, 0.09393209998961538, 0.11062980000860989, 0.12715720001142472, 0.14379799994640052, 0.16073380003217608, 0.17707820003852248, 0.19396820000838488, 0.2104461999842897, 0.22693150001578033, 0.24410420004278421, 0.26078370003961027, 0.2772906000027433, 0.2941086000064388, 0.31071210000663996, 0.32748980005271733]	209.0	299.0	0.9	19b
436	11	go_nogo	0	60	6	go	click	[18.0, 18.0, 54.0, 94.0, 159.0, 209.0, 230.0, 238.0, 243.0, 245.0, 246.0, 246.0, 246.0, 246.0, 246.0, 245.0, 243.0, 240.0, 238.0, 236.0, 235.0, 235.0]	[-269.0, -269.0, -209.0, -124.0, 22.0, 135.0, 191.0, 218.0, 233.0, 246.0, 254.0, 260.0, 268.0, 281.0, 288.0, 292.0, 296.0, 301.0, 306.0, 308.0, 309.0, 309.0]	[0, 0, 0, 0, 0, 0, 0, 0, 0, 0, 0, 0, 0, 0, 0, 0, 0, 0, 0, 0, 0, 1]	[0, 0, 0, 0, 0, 0, 0, 0, 0, 0, 0, 0, 0, 0, 0, 0, 0, 0, 0, 0, 0, 0]	[0, 0, 0, 0, 0, 0, 0, 0, 0, 0, 0, 0, 0, 0, 0, 0, 0, 0, 0, 0, 0, 0]	[0.00022199994418770075, 0.011120000039227307, 0.027653299970552325, 0.044946699985302985, 0.060964199947193265, 0.0777786000398919, 0.09424520004540682, 0.11105950002092868, 0.12756409996654838, 0.14413329993840307, 0.16103399998974055, 0.17790809995494783, 0.1944258000003174, 0.21095400000922382, 0.22763979993760586, 0.24498149997089058, 0.2611184000270441, 0.2775961000006646, 0.29422659997362643, 0.31085969996638596, 0.32756380003411323, 0.3444036999717355]	235.0	309.0	0.7	19b
437	11	go_nogo	0	60	9	nogo	none	[9.0, 18.0, 32.0, 58.0, 84.0, 106.0, 115.0, 118.0, 122.0, 125.0, 128.0, 134.0, 134.0, 135.0, 136.0, 137.0, 137.0, 139.0, 141.0, 142.0, 143.0, 143.0, 143.0, 143.0, 143.0, 143.0, 143.0, 143.0, 143.0, 143.0, 143.0, 143.0, 143.0, 143.0, 143.0, 143.0, 143.0, 143.0, 143.0, 143.0, 143.0, 143.0, 143.0, 143.0, 143.0, 143.0, 143.0, 143.0, 143.0, 143.0, 143.0, 143.0, 143.0, 143.0, 143.0, 143.0, 143.0, 143.0, 143.0, 143.0, 143.0, 143.0, 143.0]	[-289.0, -270.0, -242.0, -160.0, -63.0, 26.0, 95.0, 141.0, 181.0, 215.0, 244.0, 262.0, 269.0, 271.0, 274.0, 277.0, 280.0, 286.0, 292.0, 298.0, 300.0, 300.0, 300.0, 300.0, 300.0, 300.0, 300.0, 300.0, 300.0, 300.0, 300.0, 300.0, 300.0, 300.0, 300.0, 300.0, 300.0, 300.0, 300.0, 300.0, 300.0, 300.0, 300.0, 300.0, 300.0, 300.0, 300.0, 300.0, 300.0, 300.0, 300.0, 300.0, 300.0, 300.0, 300.0, 300.0, 300.0, 300.0, 300.0, 300.0, 300.0, 300.0, 300.0]	[0, 0, 0, 0, 0, 0, 0, 0, 0, 0, 0, 0, 0, 0, 0, 0, 0, 0, 0, 0, 0, 0, 0, 0, 0, 0, 0, 0, 0, 0, 0, 0, 0, 0, 0, 0, 0, 0, 0, 0, 0, 0, 0, 0, 0, 0, 0, 0, 0, 0, 0, 0, 0, 0, 0, 0, 0, 0, 0, 0, 0, 0, 0]	[0, 0, 0, 0, 0, 0, 0, 0, 0, 0, 0, 0, 0, 0, 0, 0, 0, 0, 0, 0, 0, 0, 0, 0, 0, 0, 0, 0, 0, 0, 0, 0, 0, 0, 0, 0, 0, 0, 0, 0, 0, 0, 0, 0, 0, 0, 0, 0, 0, 0, 0, 0, 0, 0, 0, 0, 0, 0, 0, 0, 0, 0, 0]	[0, 0, 0, 0, 0, 0, 0, 0, 0, 0, 0, 0, 0, 0, 0, 0, 0, 0, 0, 0, 0, 0, 0, 0, 0, 0, 0, 0, 0, 0, 0, 0, 0, 0, 0, 0, 0, 0, 0, 0, 0, 0, 0, 0, 0, 0, 0, 0, 0, 0, 0, 0, 0, 0, 0, 0, 0, 0, 0, 0, 0, 0, 0]	[8.299993351101875e-05, 0.010332199977710843, 0.02686589991208166, 0.04350119992159307, 0.060246899956837296, 0.07687190000433475, 0.0934708999702707, 0.11012359999585897, 0.12693649996072054, 0.14360609999857843, 0.16015329991932958, 0.17759390000719577, 0.19377279991749674, 0.21039549994748086, 0.22701389994472265, 0.24369009991642088, 0.2602956999326125, 0.2772172999102622, 0.2936603999696672, 0.31027139991056174, 0.3266008999198675, 0.34321159997489303, 0.35996139992494136, 0.37677450000774115, 0.3932783999480307, 0.4101136999670416, 0.4265311999479309, 0.44323089998215437, 0.4598667999962345, 0.47651770000811666, 0.4933193000033498, 0.5099897999316454, 0.5267744999146089, 0.5432646999834105, 0.5599778000032529, 0.5766515999566764, 0.5932842999463901, 0.6101178999524564, 0.6267187999328598, 0.6432814999716356, 0.6600402999902144, 0.6765070999972522, 0.6931997999781743, 0.7099784999154508, 0.7267644999083132, 0.7432543999748304, 0.759990599937737, 0.776592499925755, 0.7932483999757096, 0.809998199925758, 0.8265096999239177, 0.8431761999381706, 0.859928899910301, 0.8765778999077156, 0.8931723999558017, 0.9097350999945775, 0.926616899902001, 0.9430505000054836, 0.959794299909845, 0.976394800003618, 0.9932128000073135, 1.0099027999676764, 1.0264202000107616]	n/a	n/a	0.9	19b
438	11	go_nogo	0	60	6	go	click	[14.0, 25.0, 37.0, 61.0, 81.0, 97.0, 111.0, 125.0, 135.0, 144.0, 148.0, 149.0, 151.0, 152.0, 156.0, 158.0, 159.0, 162.0, 166.0, 173.0, 174.0, 179.0, 179.0, 179.0]	[-287.0, -257.0, -216.0, -131.0, -46.0, 25.0, 82.0, 123.0, 158.0, 190.0, 203.0, 208.0, 211.0, 215.0, 223.0, 232.0, 240.0, 250.0, 259.0, 278.0, 282.0, 291.0, 291.0, 291.0]	[0, 0, 0, 0, 0, 0, 0, 0, 0, 0, 0, 0, 0, 0, 0, 0, 0, 0, 0, 0, 0, 0, 0, 1]	[0, 0, 0, 0, 0, 0, 0, 0, 0, 0, 0, 0, 0, 0, 0, 0, 0, 0, 0, 0, 0, 0, 0, 0]	[0, 0, 0, 0, 0, 0, 0, 0, 0, 0, 0, 0, 0, 0, 0, 0, 0, 0, 0, 0, 0, 0, 0, 0]	[0.0001004999503493309, 0.01082620001398027, 0.02753730001859367, 0.04431629995815456, 0.061196899972856045, 0.0775730999885127, 0.0943193999119103, 0.11123139993287623, 0.12764189997687936, 0.14432490000035614, 0.16119150002487004, 0.17760639998596162, 0.19404789991676807, 0.2109385000076145, 0.22781279997434467, 0.24429539998527616, 0.26119699992705137, 0.2778290999121964, 0.2940593999810517, 0.3106725999386981, 0.3274546000175178, 0.34373610001057386, 0.3605645999778062, 0.37749079999048263]	179.0	291.0	0.9	19b
439	11	go_nogo	0	60	2	go	click	[21.0, 21.0, 33.0, 60.0, 75.0, 88.0, 96.0, 104.0, 110.0, 115.0, 116.0, 117.0, 117.0, 117.0, 120.0, 123.0, 128.0, 132.0, 138.0, 145.0, 152.0, 159.0, 167.0, 171.0, 174.0, 176.0, 176.0]	[-190.0, -190.0, -153.0, -62.0, -5.0, 44.0, 78.0, 109.0, 136.0, 153.0, 158.0, 160.0, 160.0, 162.0, 170.0, 183.0, 201.0, 214.0, 230.0, 246.0, 261.0, 277.0, 289.0, 300.0, 307.0, 311.0, 313.0]	[0, 0, 0, 0, 0, 0, 0, 0, 0, 0, 0, 0, 0, 0, 0, 0, 0, 0, 0, 0, 0, 0, 0, 0, 0, 0, 1]	[0, 0, 0, 0, 0, 0, 0, 0, 0, 0, 0, 0, 0, 0, 0, 0, 0, 0, 0, 0, 0, 0, 0, 0, 0, 0, 0]	[0, 0, 0, 0, 0, 0, 0, 0, 0, 0, 0, 0, 0, 0, 0, 0, 0, 0, 0, 0, 0, 0, 0, 0, 0, 0, 0]	[0.00022170005831867456, 0.010455799987539649, 0.02691640006378293, 0.04364500008523464, 0.060601499979384243, 0.0770576000213623, 0.09379529999569058, 0.11025100003462285, 0.12697270000353456, 0.1437483000336215, 0.16035780007950962, 0.17675480002071708, 0.19356010004412383, 0.21027839998714626, 0.22695320006459951, 0.24367380002513528, 0.2608763000462204, 0.2774421999929473, 0.2937787000555545, 0.3108958000084385, 0.3269687000429258, 0.3436600000131875, 0.36027950001880527, 0.3770882000681013, 0.39368700003251433, 0.41044410003814846, 0.4267727000406012]	176.0	313.0	0.6	19b
440	11	go_nogo	0	60	3	go	click	[102.0, 102.0, 132.0, 152.0, 165.0, 180.0, 199.0, 218.0, 230.0, 233.0, 235.0, 235.0, 235.0, 235.0, 235.0, 235.0, 235.0, 235.0, 233.0, 232.0, 232.0, 232.0, 232.0]	[-225.0, -225.0, -138.0, -65.0, -1.0, 63.0, 147.0, 227.0, 280.0, 302.0, 310.0, 311.0, 312.0, 312.0, 312.0, 312.0, 315.0, 320.0, 324.0, 326.0, 327.0, 327.0, 327.0]	[0, 0, 0, 0, 0, 0, 0, 0, 0, 0, 0, 0, 0, 0, 0, 0, 0, 0, 0, 0, 0, 0, 1]	[0, 0, 0, 0, 0, 0, 0, 0, 0, 0, 0, 0, 0, 0, 0, 0, 0, 0, 0, 0, 0, 0, 0]	[0, 0, 0, 0, 0, 0, 0, 0, 0, 0, 0, 0, 0, 0, 0, 0, 0, 0, 0, 0, 0, 0, 0]	[7.880001794546843e-05, 0.010553799918852746, 0.026951399981044233, 0.04356979997828603, 0.06040229997597635, 0.07712929998524487, 0.09374319994822145, 0.11039759998675436, 0.12711030000355095, 0.14362909994088113, 0.16045919992029667, 0.1770427000010386, 0.19354619993828237, 0.21087019995320588, 0.22694719990249723, 0.2436831999802962, 0.26023319992236793, 0.2769239000044763, 0.2936233999207616, 0.3102822999935597, 0.32683719997294247, 0.34341979993041605, 0.3603273999178782]	232.0	327.0	0.7	19b
441	11	go_nogo	0	60	2	go	click	[23.0, 23.0, 41.0, 54.0, 57.0, 59.0, 59.0, 58.0, 55.0, 55.0, 55.0, 55.0, 59.0, 62.0, 65.0, 67.0, 69.0, 74.0, 83.0, 93.0, 103.0, 126.0, 134.0, 157.0, 168.0, 175.0, 177.0, 177.0, 177.0, 177.0, 177.0, 177.0, 177.0, 177.0, 177.0, 177.0, 177.0, 177.0, 177.0, 177.0, 177.0, 177.0, 177.0, 177.0, 179.0, 182.0, 186.0, 191.0, 192.0, 192.0, 192.0]	[-248.0, -248.0, -179.0, -115.0, -73.0, -39.0, -2.0, 32.0, 59.0, 83.0, 103.0, 129.0, 143.0, 153.0, 159.0, 162.0, 165.0, 169.0, 177.0, 183.0, 189.0, 202.0, 210.0, 230.0, 241.0, 247.0, 250.0, 250.0, 250.0, 250.0, 250.0, 250.0, 250.0, 250.0, 251.0, 251.0, 251.0, 251.0, 251.0, 251.0, 251.0, 251.0, 251.0, 251.0, 253.0, 263.0, 276.0, 291.0, 293.0, 293.0, 293.0]	[0, 0, 0, 0, 0, 0, 0, 0, 0, 0, 0, 0, 0, 0, 0, 0, 0, 0, 0, 0, 0, 0, 0, 0, 0, 0, 0, 1, 1, 1, 1, 0, 0, 0, 0, 0, 0, 0, 0, 0, 0, 0, 0, 0, 0, 0, 0, 0, 0, 0, 1]	[0, 0, 0, 0, 0, 0, 0, 0, 0, 0, 0, 0, 0, 0, 0, 0, 0, 0, 0, 0, 0, 0, 0, 0, 0, 0, 0, 0, 0, 0, 0, 0, 0, 0, 0, 0, 0, 0, 0, 0, 0, 0, 0, 0, 0, 0, 0, 0, 0, 0, 0]	[0, 0, 0, 0, 0, 0, 0, 0, 0, 0, 0, 0, 0, 0, 0, 0, 0, 0, 0, 0, 0, 0, 0, 0, 0, 0, 0, 0, 0, 0, 0, 0, 0, 0, 0, 0, 0, 0, 0, 0, 0, 0, 0, 0, 0, 0, 0, 0, 0, 0, 0]	[0.0001105000264942646, 0.01122620003297925, 0.02781839994713664, 0.04476409999188036, 0.061267999932169914, 0.07788869994692504, 0.09452839998994023, 0.1111107999458909, 0.12764840002637357, 0.1444496000185609, 0.16159529995638877, 0.17794049996882677, 0.19461659993976355, 0.21121330000460148, 0.2278709999518469, 0.24449519999325275, 0.2612239000154659, 0.2777586999582127, 0.2948558999923989, 0.3112805000273511, 0.3279485999373719, 0.344313699984923, 0.36154549999628216, 0.3783205000218004, 0.3944336000131443, 0.41088169999420643, 0.4274891000241041, 0.44432020001113415, 0.46078800002578646, 0.4776330000022426, 0.49438419996295124, 0.5110550000099465, 0.5280717000132427, 0.5445295999525115, 0.5610993000445887, 0.5775459000142291, 0.5942315999418497, 0.6108979999553412, 0.6273571000201628, 0.6441197999520227, 0.6607994999503717, 0.6775098999496549, 0.6942273000022396, 0.7110223999479786, 0.7278256999561563, 0.7442497999873012, 0.7610529999947175, 0.7775310999713838, 0.7940828000428155, 0.8108500000089407, 0.8276667000027373]	192.0	293.0	0.5	19b
442	11	go_nogo	0	60	8	go	click	[71.0, 71.0, 87.0, 111.0, 126.0, 135.0, 139.0, 146.0, 147.0, 149.0, 150.0, 150.0, 151.0, 153.0, 153.0, 153.0, 153.0, 153.0, 153.0, 153.0, 153.0, 157.0, 160.0, 162.0]	[-243.0, -243.0, -190.0, -82.0, 21.0, 102.0, 161.0, 218.0, 240.0, 258.0, 273.0, 284.0, 294.0, 300.0, 301.0, 301.0, 301.0, 301.0, 301.0, 301.0, 301.0, 301.0, 300.0, 299.0]	[0, 0, 0, 0, 0, 0, 0, 0, 0, 0, 0, 0, 0, 0, 0, 0, 0, 0, 0, 0, 0, 0, 0, 1]	[0, 0, 0, 0, 0, 0, 0, 0, 0, 0, 0, 0, 0, 0, 0, 0, 0, 0, 0, 0, 0, 0, 0, 0]	[0, 0, 0, 0, 0, 0, 0, 0, 0, 0, 0, 0, 0, 0, 0, 0, 0, 0, 0, 0, 0, 0, 0, 0]	[0.000256099971011281, 0.010783799923956394, 0.02739780000410974, 0.04415750002954155, 0.06070379994343966, 0.07748909993097186, 0.09452789998613298, 0.11027479998301715, 0.1270366000244394, 0.14369089994579554, 0.1604994999943301, 0.17705599998589605, 0.1938204999314621, 0.2104914999799803, 0.22710050002206117, 0.243851299979724, 0.26039459998719394, 0.2772170000243932, 0.2939683999866247, 0.3105587000027299, 0.32794989994727075, 0.34431760001461953, 0.3603520999895409, 0.3771654999582097]	162.0	299.0	0.8	19b
443	11	go_nogo	0	60	4	go	click	[84.0, 84.0, 100.0, 123.0, 133.0, 135.0, 135.0, 135.0, 138.0, 141.0, 143.0, 145.0, 147.0, 149.0, 153.0, 154.0, 154.0, 155.0, 157.0, 159.0, 164.0, 165.0]	[-148.0, -148.0, -92.0, 5.0, 100.0, 140.0, 176.0, 212.0, 242.0, 262.0, 272.0, 277.0, 284.0, 291.0, 300.0, 303.0, 303.0, 306.0, 309.0, 316.0, 322.0, 324.0]	[0, 0, 0, 0, 0, 0, 0, 0, 0, 0, 0, 0, 0, 0, 0, 0, 0, 0, 0, 0, 0, 1]	[0, 0, 0, 0, 0, 0, 0, 0, 0, 0, 0, 0, 0, 0, 0, 0, 0, 0, 0, 0, 0, 0]	[0, 0, 0, 0, 0, 0, 0, 0, 0, 0, 0, 0, 0, 0, 0, 0, 0, 0, 0, 0, 0, 0]	[0.00018759991507977247, 0.011488599935546517, 0.028284800006076694, 0.04504240001551807, 0.06232979998458177, 0.07850529998540878, 0.09505310002714396, 0.111508599948138, 0.1282302999170497, 0.14486569992732257, 0.16163979994598776, 0.17825220001395792, 0.19485199998598546, 0.21159289998468012, 0.22819729999173433, 0.24475640000309795, 0.2621413000160828, 0.27837969991378486, 0.29475639993324876, 0.3117295999545604, 0.3282268999610096, 0.34493709995877]	165.0	324.0	1.0	19b
444	11	go_nogo	0	60	4	go	click	[42.0, 48.0, 57.0, 73.0, 94.0, 110.0, 128.0, 141.0, 151.0, 164.0, 174.0, 181.0, 187.0, 193.0, 198.0, 204.0, 209.0, 211.0, 211.0, 211.0, 211.0]	[-282.0, -254.0, -222.0, -150.0, -73.0, -1.0, 72.0, 125.0, 161.0, 205.0, 228.0, 249.0, 268.0, 284.0, 299.0, 315.0, 326.0, 333.0, 334.0, 334.0, 334.0]	[0, 0, 0, 0, 0, 0, 0, 0, 0, 0, 0, 0, 0, 0, 0, 0, 0, 0, 0, 0, 1]	[0, 0, 0, 0, 0, 0, 0, 0, 0, 0, 0, 0, 0, 0, 0, 0, 0, 0, 0, 0, 0]	[0, 0, 0, 0, 0, 0, 0, 0, 0, 0, 0, 0, 0, 0, 0, 0, 0, 0, 0, 0, 0]	[0.00012240000069141388, 0.011758500011637807, 0.028374699992127717, 0.04503339994698763, 0.06145839998498559, 0.07819100003689528, 0.09506019996479154, 0.11173330002930015, 0.12826799997128546, 0.14570640004239976, 0.1619207999901846, 0.17832539998926222, 0.19480479997582734, 0.21176009997725487, 0.2284493000479415, 0.2450601999880746, 0.26149740000255406, 0.2781122999731451, 0.2946810000576079, 0.3115586000494659, 0.3286233999533579]	211.0	334.0	0.8	19b
445	11	go_nogo	0	60	3	go	click	[35.0, 35.0, 41.0, 59.0, 71.0, 85.0, 95.0, 103.0, 110.0, 114.0, 120.0, 126.0, 133.0, 143.0, 150.0, 159.0, 168.0, 175.0, 183.0, 188.0, 190.0, 192.0, 194.0, 195.0]	[-262.0, -262.0, -234.0, -116.0, -42.0, 4.0, 42.0, 73.0, 98.0, 117.0, 134.0, 152.0, 167.0, 191.0, 211.0, 230.0, 248.0, 266.0, 283.0, 293.0, 301.0, 305.0, 309.0, 312.0]	[0, 0, 0, 0, 0, 0, 0, 0, 0, 0, 0, 0, 0, 0, 0, 0, 0, 0, 0, 0, 0, 0, 0, 1]	[0, 0, 0, 0, 0, 0, 0, 0, 0, 0, 0, 0, 0, 0, 0, 0, 0, 0, 0, 0, 0, 0, 0, 0]	[0, 0, 0, 0, 0, 0, 0, 0, 0, 0, 0, 0, 0, 0, 0, 0, 0, 0, 0, 0, 0, 0, 0, 0]	[0.00022439996246248484, 0.012022799928672612, 0.028095199959352612, 0.04525520000606775, 0.06169989996124059, 0.07864750002045184, 0.09489659999962896, 0.1117811999283731, 0.1282686999766156, 0.14508209994528443, 0.16162939998321235, 0.178320899954997, 0.19494329998269677, 0.21166719996836036, 0.2282755000051111, 0.24503270001150668, 0.26168280001729727, 0.2781866999575868, 0.29508890002034605, 0.31172380002681166, 0.3282428999664262, 0.3449968999484554, 0.36148449999745935, 0.3784220999805257]	195.0	312.0	0.9	19b
446	11	go_nogo	0	60	7	go	click	[58.0, 58.0, 80.0, 142.0, 170.0, 191.0, 203.0, 210.0, 218.0, 220.0, 220.0, 221.0, 221.0, 221.0, 221.0, 221.0, 221.0, 221.0, 221.0, 221.0, 221.0, 221.0]	[-220.0, -220.0, -162.0, 0.0, 76.0, 135.0, 176.0, 206.0, 229.0, 241.0, 245.0, 248.0, 251.0, 254.0, 255.0, 255.0, 255.0, 255.0, 255.0, 255.0, 255.0, 255.0]	[0, 0, 0, 0, 0, 0, 0, 0, 0, 0, 0, 0, 0, 0, 0, 0, 0, 0, 0, 0, 0, 1]	[0, 0, 0, 0, 0, 0, 0, 0, 0, 0, 0, 0, 0, 0, 0, 0, 0, 0, 0, 0, 0, 0]	[0, 0, 0, 0, 0, 0, 0, 0, 0, 0, 0, 0, 0, 0, 0, 0, 0, 0, 0, 0, 0, 0]	[0.00020679994486272335, 0.009708400000818074, 0.02655159996356815, 0.04333989997394383, 0.06014590000268072, 0.07700469996780157, 0.09278549998998642, 0.10959340003319085, 0.1263076999457553, 0.14293920004274696, 0.15993339999113232, 0.17635910003446043, 0.19286289997398853, 0.2097373999422416, 0.2262821999611333, 0.2428150000050664, 0.25986180000472814, 0.2762401000363752, 0.2927614999935031, 0.3095224000280723, 0.3263823000015691, 0.3430363000370562]	221.0	255.0	0.9	19b
447	11	go_nogo	0	60	4	go	click	[71.0, 71.0, 102.0, 150.0, 181.0, 195.0, 202.0, 205.0, 212.0, 216.0, 218.0, 219.0, 220.0, 221.0, 221.0, 221.0, 221.0, 221.0, 221.0]	[-127.0, -127.0, -71.0, 27.0, 103.0, 163.0, 228.0, 288.0, 320.0, 332.0, 339.0, 342.0, 345.0, 347.0, 348.0, 348.0, 348.0, 348.0, 348.0]	[0, 0, 0, 0, 0, 0, 0, 0, 0, 0, 0, 0, 0, 0, 0, 0, 0, 0, 1]	[0, 0, 0, 0, 0, 0, 0, 0, 0, 0, 0, 0, 0, 0, 0, 0, 0, 0, 0]	[0, 0, 0, 0, 0, 0, 0, 0, 0, 0, 0, 0, 0, 0, 0, 0, 0, 0, 0]	[0.00020270003005862236, 0.009450600016862154, 0.02614299999549985, 0.04270089999772608, 0.05904800002463162, 0.07579869998153299, 0.09265040000900626, 0.10920529998838902, 0.12557999999262393, 0.14245559996925294, 0.15978969994466752, 0.17609930003527552, 0.19294660002924502, 0.2090634999331087, 0.22550920001231134, 0.2422441999660805, 0.2590605999575928, 0.2757728999713436, 0.29276590002700686]	221.0	348.0	0.7	19b
448	11	go_nogo	0	60	1	nogo	none	[52.0, 52.0, 61.0, 82.0, 90.0, 98.0, 104.0, 112.0, 118.0, 126.0, 130.0, 133.0, 137.0, 141.0, 143.0, 144.0, 144.0, 144.0, 144.0, 144.0, 144.0, 144.0, 144.0, 144.0, 144.0, 144.0, 144.0, 144.0, 144.0, 144.0, 144.0, 144.0, 144.0, 144.0, 144.0, 144.0, 144.0, 144.0, 144.0, 144.0, 144.0, 144.0, 144.0, 144.0, 144.0, 144.0, 144.0, 144.0, 144.0, 144.0, 144.0, 144.0, 144.0, 144.0, 144.0, 144.0, 144.0, 144.0]	[-205.0, -205.0, -138.0, 31.0, 84.0, 123.0, 155.0, 182.0, 203.0, 223.0, 236.0, 246.0, 255.0, 265.0, 270.0, 270.0, 270.0, 270.0, 270.0, 270.0, 270.0, 270.0, 270.0, 270.0, 270.0, 270.0, 270.0, 270.0, 270.0, 270.0, 270.0, 270.0, 270.0, 270.0, 270.0, 270.0, 270.0, 270.0, 270.0, 270.0, 270.0, 270.0, 270.0, 270.0, 270.0, 270.0, 270.0, 270.0, 270.0, 270.0, 270.0, 270.0, 270.0, 270.0, 270.0, 270.0, 270.0, 270.0]	[0, 0, 0, 0, 0, 0, 0, 0, 0, 0, 0, 0, 0, 0, 0, 0, 0, 0, 0, 0, 0, 0, 0, 0, 0, 0, 0, 0, 0, 0, 0, 0, 0, 0, 0, 0, 0, 0, 0, 0, 0, 0, 0, 0, 0, 0, 0, 0, 0, 0, 0, 0, 0, 0, 0, 0, 0, 0]	[0, 0, 0, 0, 0, 0, 0, 0, 0, 0, 0, 0, 0, 0, 0, 0, 0, 0, 0, 0, 0, 0, 0, 0, 0, 0, 0, 0, 0, 0, 0, 0, 0, 0, 0, 0, 0, 0, 0, 0, 0, 0, 0, 0, 0, 0, 0, 0, 0, 0, 0, 0, 0, 0, 0, 0, 0, 0]	[0, 0, 0, 0, 0, 0, 0, 0, 0, 0, 0, 0, 0, 0, 0, 0, 0, 0, 0, 0, 0, 0, 0, 0, 0, 0, 0, 0, 0, 0, 0, 0, 0, 0, 0, 0, 0, 0, 0, 0, 0, 0, 0, 0, 0, 0, 0, 0, 0, 0, 0, 0, 0, 0, 0, 0, 0, 0]	[0.00019670010078698397, 0.01109750010073185, 0.028195700026117265, 0.04454860009718686, 0.0615578000433743, 0.07785100000910461, 0.09450790006667376, 0.11119620001409203, 0.129238500026986, 0.14444990002084523, 0.16098820010665804, 0.17804010002873838, 0.19434190005995333, 0.21104540000669658, 0.2277191000757739, 0.24448200000915676, 0.26084890007041395, 0.27751830010674894, 0.2942887000972405, 0.3107981000794098, 0.32748920004814863, 0.3443478000117466, 0.36110880004707724, 0.37788840010762215, 0.3941734000109136, 0.4107942000264302, 0.42765670001972467, 0.44432890007738024, 0.46100830007344484, 0.47744380007497966, 0.4940877000335604, 0.5109840000513941, 0.5277385000372306, 0.5442534000612795, 0.560918900067918, 0.577473400044255, 0.5940649000694975, 0.6108236000873148, 0.6273462000535801, 0.6440680000232533, 0.6608114000409842, 0.6776383999967948, 0.6941776000894606, 0.7107140000443906, 0.7274635001085699, 0.7441897001117468, 0.7607361000264063, 0.7782039000885561, 0.7944540000753477, 0.8107590000145137, 0.8273590001044795, 0.843951000017114, 0.8612573000136763, 0.8774863000726327, 0.8942620001034811, 0.9108178000897169, 0.9275799000170082, 0.9442138000158593]	n/a	n/a	1.0	19b
449	11	go_nogo	0	60	3	go	click	[40.0, 40.0, 77.0, 112.0, 144.0, 161.0, 171.0, 179.0, 185.0, 195.0, 203.0, 206.0, 210.0, 215.0, 218.0, 220.0, 226.0, 230.0, 230.0, 230.0, 230.0, 231.0, 231.0, 231.0, 231.0, 231.0, 231.0, 231.0, 228.0, 226.0, 223.0, 219.0, 214.0, 213.0, 212.0, 211.0]	[-263.0, -263.0, -125.0, 20.0, 130.0, 191.0, 223.0, 247.0, 268.0, 296.0, 315.0, 326.0, 338.0, 348.0, 359.0, 372.0, 389.0, 401.0, 402.0, 402.0, 402.0, 402.0, 402.0, 402.0, 402.0, 402.0, 402.0, 397.0, 387.0, 374.0, 361.0, 345.0, 327.0, 321.0, 318.0, 316.0]	[0, 0, 0, 0, 0, 0, 0, 0, 0, 0, 0, 0, 0, 0, 0, 0, 0, 0, 0, 1, 1, 1, 1, 1, 1, 1, 1, 0, 0, 0, 0, 0, 0, 0, 0, 1]	[0, 0, 0, 0, 0, 0, 0, 0, 0, 0, 0, 0, 0, 0, 0, 0, 0, 0, 0, 0, 0, 0, 0, 0, 0, 0, 0, 0, 0, 0, 0, 0, 0, 0, 0, 0]	[0, 0, 0, 0, 0, 0, 0, 0, 0, 0, 0, 0, 0, 0, 0, 0, 0, 0, 0, 0, 0, 0, 0, 0, 0, 0, 0, 0, 0, 0, 0, 0, 0, 0, 0, 0]	[7.299997378140688e-05, 0.010734999901615083, 0.02720959996804595, 0.04406909993849695, 0.060915399924851954, 0.07732199993915856, 0.09392939996905625, 0.11061450000852346, 0.12740729993674904, 0.14432659989688545, 0.16102080000564456, 0.17773939995095134, 0.19405399996321648, 0.21068149991333485, 0.22736339992843568, 0.24413109989836812, 0.2606503999559209, 0.2774753998965025, 0.29382799996528774, 0.31139149994123727, 0.32724759995471686, 0.3438030999386683, 0.3605007999576628, 0.37738269998226315, 0.39393219992052764, 0.4106634999625385, 0.4276654999703169, 0.4439690998988226, 0.460606399923563, 0.47743629990145564, 0.4939486999064684, 0.5107811999041587, 0.5272677999455482, 0.5441895999247208, 0.561029399977997, 0.5771488999016583]	211.0	316.0	0.5	19b
450	11	go_nogo	0	60	6	go	click	[67.0, 67.0, 77.0, 91.0, 107.0, 116.0, 122.0, 129.0, 137.0, 140.0, 142.0, 143.0, 143.0, 144.0, 145.0, 145.0, 145.0, 147.0, 153.0, 166.0, 179.0, 192.0, 200.0, 204.0, 206.0, 207.0, 207.0]	[-265.0, -265.0, -229.0, -146.0, -48.0, -12.0, 27.0, 69.0, 92.0, 105.0, 111.0, 115.0, 117.0, 119.0, 121.0, 121.0, 123.0, 128.0, 143.0, 172.0, 205.0, 233.0, 252.0, 265.0, 276.0, 283.0, 285.0]	[0, 0, 0, 0, 0, 0, 0, 0, 0, 0, 0, 0, 0, 0, 0, 0, 0, 0, 0, 0, 0, 0, 0, 0, 0, 0, 1]	[0, 0, 0, 0, 0, 0, 0, 0, 0, 0, 0, 0, 0, 0, 0, 0, 0, 0, 0, 0, 0, 0, 0, 0, 0, 0, 0]	[0, 0, 0, 0, 0, 0, 0, 0, 0, 0, 0, 0, 0, 0, 0, 0, 0, 0, 0, 0, 0, 0, 0, 0, 0, 0, 0]	[0.0001960000954568386, 0.011419800110161304, 0.027898200089111924, 0.04481040011160076, 0.06151890009641647, 0.0782797000138089, 0.09469860000535846, 0.11139200010802597, 0.1282589000184089, 0.14474100002553314, 0.16154610004741699, 0.17816200002562255, 0.1949368000496179, 0.2114772000350058, 0.22811090003233403, 0.24502530007157475, 0.26158010005019605, 0.27821660006884485, 0.294819200062193, 0.3113712000194937, 0.3280884000705555, 0.3446515001123771, 0.3612526000943035, 0.37808680010493845, 0.3946762999985367, 0.4115427000215277, 0.4280611000722274]	207.0	285.0	1.0	19b
451	12	go_only	0	18	2	go	click	[34.0, 34.0, 50.0, 79.0, 98.0, 109.0, 116.0, 120.0, 123.0, 126.0, 129.0, 132.0, 136.0, 138.0, 144.0, 148.0, 154.0, 161.0, 162.0, 162.0, 162.0, 162.0]	[-210.0, -210.0, -157.0, -51.0, 22.0, 76.0, 111.0, 139.0, 162.0, 181.0, 195.0, 207.0, 220.0, 233.0, 248.0, 265.0, 283.0, 297.0, 297.0, 297.0, 297.0, 297.0]	[0, 0, 0, 0, 0, 0, 0, 0, 0, 0, 0, 0, 0, 0, 0, 0, 0, 0, 0, 0, 0, 1]	[0, 0, 0, 0, 0, 0, 0, 0, 0, 0, 0, 0, 0, 0, 0, 0, 0, 0, 0, 0, 0, 0]	[0, 0, 0, 0, 0, 0, 0, 0, 0, 0, 0, 0, 0, 0, 0, 0, 0, 0, 0, 0, 0, 0]	[0.0001998000079765916, 0.01113590004388243, 0.02779790002387017, 0.044487700099125504, 0.06127880001440644, 0.07780810003168881, 0.09444840007927269, 0.11103510006796569, 0.12784410000313073, 0.1443803000729531, 0.16100350010674447, 0.17781820008531213, 0.19482140010222793, 0.21117170003708452, 0.22799140005372465, 0.244535900070332, 0.26127600006293505, 0.27821900008711964, 0.2944682000670582, 0.31098870001733303, 0.32777810003608465, 0.3447877001017332]	162.0	297.0	0.8	19b
452	12	go_only	0	18	3	go	click	[29.0, 29.0, 44.0, 59.0, 72.0, 86.0, 96.0, 106.0, 114.0, 122.0, 126.0, 131.0, 133.0, 134.0, 134.0, 137.0, 142.0, 147.0, 151.0, 157.0, 165.0, 176.0, 191.0, 207.0, 217.0, 220.0]	[-264.0, -264.0, -218.0, -168.0, -123.0, -80.0, -42.0, -7.0, 26.0, 54.0, 73.0, 91.0, 108.0, 117.0, 131.0, 148.0, 167.0, 184.0, 196.0, 209.0, 225.0, 247.0, 274.0, 308.0, 335.0, 347.0]	[0, 0, 0, 0, 0, 0, 0, 0, 0, 0, 0, 0, 0, 0, 0, 0, 0, 0, 0, 0, 0, 0, 0, 0, 0, 1]	[0, 0, 0, 0, 0, 0, 0, 0, 0, 0, 0, 0, 0, 0, 0, 0, 0, 0, 0, 0, 0, 0, 0, 0, 0, 0]	[0, 0, 0, 0, 0, 0, 0, 0, 0, 0, 0, 0, 0, 0, 0, 0, 0, 0, 0, 0, 0, 0, 0, 0, 0, 0]	[0.00018789991736412048, 0.010691999923437834, 0.027462399913929403, 0.044183599995449185, 0.060939299990423024, 0.07752509997226298, 0.0941039000172168, 0.11112289992161095, 0.12747800000943244, 0.14424850000068545, 0.16090699995402247, 0.17754489998333156, 0.19416680000722408, 0.21096479997504503, 0.22747779998462647, 0.24447999999392778, 0.26092859997879714, 0.27707259997259825, 0.29393960000015795, 0.31061659997794777, 0.3271405999548733, 0.3440120000159368, 0.36066859995480627, 0.377625499968417, 0.394230299978517, 0.4108680000063032]	220.0	347.0	0.6	19b
453	12	go_only	0	18	6	go	click	[28.0, 37.0, 43.0, 58.0, 65.0, 69.0, 72.0, 77.0, 82.0, 84.0, 86.0, 88.0, 90.0, 90.0, 92.0, 94.0, 98.0, 106.0, 113.0, 123.0, 130.0, 138.0, 143.0, 150.0, 155.0, 158.0, 163.0, 166.0]	[-291.0, -259.0, -227.0, -163.0, -102.0, -39.0, 7.0, 38.0, 60.0, 75.0, 86.0, 93.0, 102.0, 113.0, 124.0, 136.0, 157.0, 178.0, 198.0, 214.0, 226.0, 236.0, 243.0, 255.0, 265.0, 276.0, 284.0, 290.0]	[0, 0, 0, 0, 0, 0, 0, 0, 0, 0, 0, 0, 0, 0, 0, 0, 0, 0, 0, 0, 0, 0, 0, 0, 0, 0, 0, 1]	[0, 0, 0, 0, 0, 0, 0, 0, 0, 0, 0, 0, 0, 0, 0, 0, 0, 0, 0, 0, 0, 0, 0, 0, 0, 0, 0, 0]	[0, 0, 0, 0, 0, 0, 0, 0, 0, 0, 0, 0, 0, 0, 0, 0, 0, 0, 0, 0, 0, 0, 0, 0, 0, 0, 0, 0]	[8.389994036406279e-05, 0.01002289995085448, 0.02661119995173067, 0.04351520002819598, 0.05995719996280968, 0.07676069997251034, 0.09366479993332177, 0.11006179999094456, 0.12686800002120435, 0.14363690000027418, 0.16033250000327826, 0.17671469994820654, 0.19333719997666776, 0.21042100002523512, 0.22657880000770092, 0.2432042999425903, 0.2604393999790773, 0.27704469999298453, 0.2937174999387935, 0.3104049999965355, 0.3266544999787584, 0.3435516000026837, 0.360450099920854, 0.37692780001088977, 0.3939074999652803, 0.4096937000285834, 0.4265769999474287, 0.4436208999250084]	168.0	294.0	0.8	19b
454	12	go_only	0	18	4	go	click	[18.0, 27.0, 35.0, 57.0, 76.0, 96.0, 111.0, 122.0, 130.0, 139.0, 146.0, 155.0, 172.0, 180.0, 186.0, 190.0, 195.0, 200.0, 205.0, 207.0, 208.0, 208.0]	[-298.0, -262.0, -229.0, -166.0, -108.0, -53.0, -9.0, 24.0, 49.0, 68.0, 88.0, 107.0, 151.0, 182.0, 204.0, 220.0, 233.0, 248.0, 262.0, 272.0, 275.0, 275.0]	[0, 0, 0, 0, 0, 0, 0, 0, 0, 0, 0, 0, 0, 0, 0, 0, 0, 0, 0, 0, 0, 1]	[0, 0, 0, 0, 0, 0, 0, 0, 0, 0, 0, 0, 0, 0, 0, 0, 0, 0, 0, 0, 0, 0]	[0, 0, 0, 0, 0, 0, 0, 0, 0, 0, 0, 0, 0, 0, 0, 0, 0, 0, 0, 0, 0, 0]	[9.360001422464848e-05, 0.009182699955999851, 0.025691199931316078, 0.04252049990464002, 0.058994999970309436, 0.07571239990647882, 0.09238829999230802, 0.1091056999284774, 0.12566659995354712, 0.14248309994582087, 0.15921179996803403, 0.17586199997458607, 0.19314979994669557, 0.20990159991197288, 0.22568409994710237, 0.24239359993953258, 0.2592699999222532, 0.2757147999946028, 0.29265650000888854, 0.30952439992688596, 0.3257382999872789, 0.3427799999481067]	208.0	275.0	0.6	19b
455	12	go_only	0	18	4	go	click	[43.0, 43.0, 64.0, 85.0, 104.0, 120.0, 134.0, 144.0, 150.0, 155.0, 159.0, 162.0, 167.0, 169.0, 172.0, 173.0, 175.0, 177.0, 178.0, 178.0, 178.0, 178.0, 179.0, 179.0, 179.0, 179.0, 180.0, 180.0, 180.0, 180.0, 181.0, 184.0, 190.0, 190.0, 190.0, 190.0, 190.0, 190.0]	[-264.0, -264.0, -216.0, -170.0, -122.0, -82.0, -43.0, -12.0, 17.0, 44.0, 68.0, 111.0, 143.0, 175.0, 200.0, 216.0, 229.0, 240.0, 246.0, 249.0, 249.0, 249.0, 249.0, 249.0, 249.0, 250.0, 254.0, 256.0, 256.0, 257.0, 263.0, 278.0, 293.0, 294.0, 295.0, 295.0, 295.0, 295.0]	[0, 0, 0, 0, 0, 0, 0, 0, 0, 0, 0, 0, 0, 0, 0, 0, 0, 0, 0, 0, 1, 1, 1, 1, 1, 0, 0, 0, 0, 0, 0, 0, 0, 0, 0, 0, 0, 1]	[0, 0, 0, 0, 0, 0, 0, 0, 0, 0, 0, 0, 0, 0, 0, 0, 0, 0, 0, 0, 0, 0, 0, 0, 0, 0, 0, 0, 0, 0, 0, 0, 0, 0, 0, 0, 0, 0]	[0, 0, 0, 0, 0, 0, 0, 0, 0, 0, 0, 0, 0, 0, 0, 0, 0, 0, 0, 0, 0, 0, 0, 0, 0, 0, 0, 0, 0, 0, 0, 0, 0, 0, 0, 0, 0, 0]	[7.82000133767724e-05, 0.011314400006085634, 0.02779179997742176, 0.046014899970032275, 0.061119899968616664, 0.07802999997511506, 0.09452159993816167, 0.11125049996189773, 0.1278613000176847, 0.14474669995252043, 0.1614943000022322, 0.17798000003676862, 0.19491109997034073, 0.21113459998741746, 0.2279961999738589, 0.244650200009346, 0.26119270001072437, 0.27795639995019883, 0.29445229994598776, 0.31088669993914664, 0.32805639994330704, 0.34435649996157736, 0.3610762000316754, 0.3777397000230849, 0.3944055000320077, 0.41158019995782524, 0.4279083999572322, 0.444312599953264, 0.4613293999573216, 0.47789059998467565, 0.494567499961704, 0.5111336000263691, 0.528537799953483, 0.5442127999849617, 0.5609571000095457, 0.577657499932684, 0.5942306999349967, 0.6111129999626428]	190.0	295.0	0.5	19b
456	12	go_only	0	18	7	go	click	[62.0, 62.0, 72.0, 87.0, 96.0, 103.0, 116.0, 130.0, 138.0, 144.0, 148.0, 151.0, 155.0, 157.0, 159.0, 160.0, 162.0, 165.0, 170.0, 175.0, 183.0, 183.0]	[-186.0, -186.0, -142.0, -52.0, 37.0, 114.0, 177.0, 223.0, 242.0, 261.0, 274.0, 284.0, 292.0, 299.0, 303.0, 304.0, 306.0, 311.0, 320.0, 330.0, 340.0, 340.0]	[0, 0, 0, 0, 0, 0, 0, 0, 0, 0, 0, 0, 0, 0, 0, 0, 0, 0, 0, 0, 0, 1]	[0, 0, 0, 0, 0, 0, 0, 0, 0, 0, 0, 0, 0, 0, 0, 0, 0, 0, 0, 0, 0, 0]	[0, 0, 0, 0, 0, 0, 0, 0, 0, 0, 0, 0, 0, 0, 0, 0, 0, 0, 0, 0, 0, 0]	[0.00019890000112354755, 0.010026399977505207, 0.026779499952681363, 0.04354560002684593, 0.06027589994482696, 0.0769687999272719, 0.09380919998511672, 0.11001760000362992, 0.12699749995954335, 0.1433437999803573, 0.16039089998230338, 0.17683220002800226, 0.1932866999413818, 0.2103160999249667, 0.22682380001060665, 0.24364280002191663, 0.2602273999946192, 0.27691809996031225, 0.29372830002103, 0.31038949999492615, 0.32638380001299083, 0.34332260000519454]	183.0	340.0	0.7	19b
457	12	go_only	0	18	8	go	click	[23.0, 23.0, 39.0, 49.0, 61.0, 77.0, 91.0, 104.0, 115.0, 123.0, 129.0, 135.0, 142.0, 154.0, 166.0, 178.0, 186.0, 199.0, 208.0, 215.0, 222.0, 226.0, 229.0, 229.0, 229.0, 229.0, 229.0, 229.0, 229.0, 229.0]	[-228.0, -228.0, -175.0, -136.0, -92.0, -40.0, 0.0, 31.0, 56.0, 79.0, 91.0, 105.0, 120.0, 142.0, 160.0, 170.0, 174.0, 184.0, 195.0, 207.0, 224.0, 236.0, 247.0, 255.0, 260.0, 264.0, 268.0, 275.0, 281.0, 288.0]	[0, 0, 0, 0, 0, 0, 0, 0, 0, 0, 0, 0, 0, 0, 0, 0, 0, 0, 0, 0, 0, 0, 0, 0, 0, 0, 0, 0, 0, 1]	[0, 0, 0, 0, 0, 0, 0, 0, 0, 0, 0, 0, 0, 0, 0, 0, 0, 0, 0, 0, 0, 0, 0, 0, 0, 0, 0, 0, 0, 0]	[0, 0, 0, 0, 0, 0, 0, 0, 0, 0, 0, 0, 0, 0, 0, 0, 0, 0, 0, 0, 0, 0, 0, 0, 0, 0, 0, 0, 0, 0]	[0.00018550001550465822, 0.0105607999721542, 0.02719349996186793, 0.043937599984928966, 0.061118499957956374, 0.07777549989987165, 0.09383789997082204, 0.11031979997642338, 0.12702229991555214, 0.143838599906303, 0.16060109995305538, 0.1772040999494493, 0.19365749997086823, 0.21036879997700453, 0.22703730000648648, 0.24377169995568693, 0.260404699947685, 0.27719940000679344, 0.2936384999193251, 0.3104867999209091, 0.3268002999247983, 0.34364989993628114, 0.36030119995120913, 0.3770325999939814, 0.39387469994835556, 0.41054899990558624, 0.42718649993184954, 0.4437110999133438, 0.46062919998075813, 0.47694949992001057]	229.0	294.0	0.8	19b
458	12	go_only	0	18	8	go	click	[42.0, 42.0, 67.0, 94.0, 118.0, 134.0, 147.0, 158.0, 170.0, 180.0, 190.0, 200.0, 209.0, 213.0, 217.0, 218.0, 219.0, 219.0, 221.0, 221.0, 221.0, 221.0]	[-277.0, -277.0, -202.0, -120.0, -42.0, 20.0, 63.0, 94.0, 119.0, 139.0, 165.0, 189.0, 212.0, 229.0, 242.0, 247.0, 251.0, 255.0, 262.0, 268.0, 273.0, 274.0]	[0, 0, 0, 0, 0, 0, 0, 0, 0, 0, 0, 0, 0, 0, 0, 0, 0, 0, 0, 0, 0, 1]	[0, 0, 0, 0, 0, 0, 0, 0, 0, 0, 0, 0, 0, 0, 0, 0, 0, 0, 0, 0, 0, 0]	[0, 0, 0, 0, 0, 0, 0, 0, 0, 0, 0, 0, 0, 0, 0, 0, 0, 0, 0, 0, 0, 0]	[0.00010069995187222958, 0.01161000004503876, 0.028171399957500398, 0.04513290000613779, 0.06202309997752309, 0.07852440001443028, 0.09519430005457252, 0.11174179997760803, 0.1288770999526605, 0.14512220001779497, 0.16204259998630732, 0.17844170005992055, 0.19503269996494055, 0.21188670000992715, 0.22864480002317578, 0.24496170005295426, 0.2614759999560192, 0.27830769994761795, 0.2949685000348836, 0.3117945999838412, 0.3284455999964848, 0.3455164999468252]	221.0	274.0	0.7	19b
459	12	go_only	0	18	6	go	click	[41.0, 41.0, 55.0, 82.0, 106.0, 124.0, 138.0, 159.0, 164.0, 179.0, 183.0, 185.0, 187.0, 189.0, 192.0, 194.0, 195.0, 196.0, 199.0, 208.0, 214.0, 217.0, 217.0]	[-259.0, -259.0, -217.0, -131.0, -57.0, 2.0, 54.0, 132.0, 152.0, 194.0, 207.0, 215.0, 222.0, 231.0, 239.0, 244.0, 247.0, 252.0, 262.0, 292.0, 311.0, 322.0, 325.0]	[0, 0, 0, 0, 0, 0, 0, 0, 0, 0, 0, 0, 0, 0, 0, 0, 0, 0, 0, 0, 0, 0, 1]	[0, 0, 0, 0, 0, 0, 0, 0, 0, 0, 0, 0, 0, 0, 0, 0, 0, 0, 0, 0, 0, 0, 0]	[0, 0, 0, 0, 0, 0, 0, 0, 0, 0, 0, 0, 0, 0, 0, 0, 0, 0, 0, 0, 0, 0, 0]	[0.00023410003632307053, 0.010439799982123077, 0.02693420008290559, 0.04386269999668002, 0.06057129998225719, 0.07728460000362247, 0.09403919999022037, 0.1109270000597462, 0.12703350000083447, 0.14442819997202605, 0.16020050004590303, 0.1773744000820443, 0.19375920004677027, 0.2105518999742344, 0.22735170007217675, 0.24396120000164956, 0.2606699999887496, 0.27730349998455495, 0.29431160003878176, 0.31102310004644096, 0.32715630007442087, 0.34441520005930215, 0.36062320007476956]	217.0	325.0	0.5	19b
460	12	go_only	0	18	3	go	click	[14.0, 26.0, 41.0, 71.0, 95.0, 110.0, 122.0, 129.0, 134.0, 140.0, 144.0, 148.0, 154.0, 161.0, 167.0, 171.0, 175.0, 181.0, 187.0, 191.0, 193.0, 195.0, 197.0]	[-268.0, -231.0, -186.0, -99.0, -35.0, 9.0, 42.0, 67.0, 88.0, 103.0, 115.0, 128.0, 143.0, 164.0, 182.0, 193.0, 208.0, 227.0, 247.0, 258.0, 267.0, 273.0, 277.0]	[0, 0, 0, 0, 0, 0, 0, 0, 0, 0, 0, 0, 0, 0, 0, 0, 0, 0, 0, 0, 0, 0, 1]	[0, 0, 0, 0, 0, 0, 0, 0, 0, 0, 0, 0, 0, 0, 0, 0, 0, 0, 0, 0, 0, 0, 0]	[0, 0, 0, 0, 0, 0, 0, 0, 0, 0, 0, 0, 0, 0, 0, 0, 0, 0, 0, 0, 0, 0, 0]	[8.210004307329655e-05, 0.009015900082886219, 0.025878200074657798, 0.04197520005982369, 0.058753599994815886, 0.07545690005645156, 0.09233380004297942, 0.10876810003537685, 0.12553189997561276, 0.14245440007653087, 0.15941089997068048, 0.17574380000587553, 0.19232280005235225, 0.20908389997202903, 0.22602679999545217, 0.24203349999152124, 0.2589852000819519, 0.2756948000751436, 0.29348200000822544, 0.3090089000761509, 0.32567970000673085, 0.34234079997986555, 0.35937489999923855]	198.0	278.0	0.6	19b
461	12	go_only	0	18	6	go	click	[48.0, 48.0, 74.0, 96.0, 108.0, 112.0, 117.0, 123.0, 128.0, 136.0, 143.0, 149.0, 157.0, 164.0, 172.0, 180.0, 189.0, 198.0, 202.0, 205.0, 206.0, 206.0]	[-251.0, -251.0, -169.0, -84.0, 2.0, 58.0, 94.0, 123.0, 148.0, 171.0, 194.0, 211.0, 233.0, 249.0, 267.0, 292.0, 319.0, 336.0, 345.0, 348.0, 349.0, 349.0]	[0, 0, 0, 0, 0, 0, 0, 0, 0, 0, 0, 0, 0, 0, 0, 0, 0, 0, 0, 0, 0, 1]	[0, 0, 0, 0, 0, 0, 0, 0, 0, 0, 0, 0, 0, 0, 0, 0, 0, 0, 0, 0, 0, 0]	[0, 0, 0, 0, 0, 0, 0, 0, 0, 0, 0, 0, 0, 0, 0, 0, 0, 0, 0, 0, 0, 0]	[0.00020409992430359125, 0.009712400031276047, 0.026555499993264675, 0.04286829999182373, 0.05951619998086244, 0.07605219993274659, 0.09290109993889928, 0.10959220002405345, 0.1263196999207139, 0.1429705999325961, 0.15962990000844002, 0.17616159992758185, 0.19311829993966967, 0.20955090003553778, 0.22637829999439418, 0.24284740001894534, 0.2594907999737188, 0.2764521000208333, 0.29266689997166395, 0.30919810000341386, 0.3258104999549687, 0.34288559993728995]	206.0	349.0	0.8	19b
462	12	go_only	0	18	7	go	click	[0.0, 8.0, 16.0, 36.0, 61.0, 83.0, 100.0, 115.0, 130.0, 143.0, 152.0, 161.0, 167.0, 172.0, 177.0, 184.0, 191.0, 199.0, 201.0, 202.0, 203.0, 204.0, 204.0, 206.0, 206.0]	[-300.0, -277.0, -244.0, -156.0, -67.0, -14.0, 21.0, 56.0, 89.0, 119.0, 142.0, 161.0, 178.0, 190.0, 203.0, 220.0, 242.0, 259.0, 270.0, 274.0, 276.0, 280.0, 286.0, 299.0, 301.0]	[0, 0, 0, 0, 0, 0, 0, 0, 0, 0, 0, 0, 0, 0, 0, 0, 0, 0, 0, 0, 0, 0, 0, 0, 1]	[0, 0, 0, 0, 0, 0, 0, 0, 0, 0, 0, 0, 0, 0, 0, 0, 0, 0, 0, 0, 0, 0, 0, 0, 0]	[0, 0, 0, 0, 0, 0, 0, 0, 0, 0, 0, 0, 0, 0, 0, 0, 0, 0, 0, 0, 0, 0, 0, 0, 0]	[9.519990999251604e-05, 0.008864999981597066, 0.025344899971969426, 0.0423360998975113, 0.05896469997242093, 0.0756409999448806, 0.0923215999500826, 0.10888019995763898, 0.12581549992319196, 0.14234709995798767, 0.15893289993982762, 0.17583329998888075, 0.19277939992025495, 0.20910509990062565, 0.22538999991957098, 0.24238699988927692, 0.2598617998883128, 0.27562709990888834, 0.2920573999872431, 0.30902729998342693, 0.3254435999551788, 0.34238209994509816, 0.35902669990900904, 0.3758586999028921, 0.3922406999627128]	206.0	302.0	0.9	19b
463	12	go_only	0	18	4	go	click	[32.0, 32.0, 41.0, 62.0, 77.0, 92.0, 109.0, 120.0, 130.0, 136.0, 142.0, 143.0, 145.0, 147.0, 150.0, 150.0, 150.0, 150.0, 150.0, 151.0, 155.0, 159.0, 163.0, 168.0, 173.0, 176.0, 178.0, 178.0]	[-251.0, -251.0, -215.0, -141.0, -69.0, -9.0, 63.0, 108.0, 147.0, 177.0, 194.0, 205.0, 211.0, 217.0, 225.0, 227.0, 228.0, 228.0, 228.0, 232.0, 241.0, 254.0, 266.0, 278.0, 289.0, 299.0, 303.0, 304.0]	[0, 0, 0, 0, 0, 0, 0, 0, 0, 0, 0, 0, 0, 0, 0, 0, 0, 0, 0, 0, 0, 0, 0, 0, 0, 0, 0, 1]	[0, 0, 0, 0, 0, 0, 0, 0, 0, 0, 0, 0, 0, 0, 0, 0, 0, 0, 0, 0, 0, 0, 0, 0, 0, 0, 0, 0]	[0, 0, 0, 0, 0, 0, 0, 0, 0, 0, 0, 0, 0, 0, 0, 0, 0, 0, 0, 0, 0, 0, 0, 0, 0, 0, 0, 0]	[0.00019349996000528336, 0.01077719999011606, 0.02737849997356534, 0.04420720005873591, 0.061019100015982985, 0.07778930000495166, 0.0944628999568522, 0.11115430004429072, 0.12812580005265772, 0.14452309999614954, 0.16100129997357726, 0.177795400028117, 0.19418810005299747, 0.21070220007095486, 0.22744769998826087, 0.24434800003655255, 0.2607597999740392, 0.2773233000189066, 0.29424029996152967, 0.3111658999696374, 0.3278276000637561, 0.3445726999780163, 0.36107650003395975, 0.3776680000592023, 0.39438670000527054, 0.41146390000358224, 0.4278325999621302, 0.44467450003139675]	178.0	304.0	0.8	19b
464	12	go_only	0	18	2	go	click	[121.0, 121.0, 136.0, 165.0, 183.0, 197.0, 204.0, 210.0, 215.0, 219.0, 222.0, 223.0, 224.0, 226.0, 226.0, 226.0, 226.0, 226.0, 226.0, 226.0]	[-156.0, -156.0, -106.0, -5.0, 72.0, 150.0, 194.0, 226.0, 251.0, 270.0, 276.0, 282.0, 288.0, 295.0, 296.0, 296.0, 296.0, 296.0, 296.0, 296.0]	[0, 0, 0, 0, 0, 0, 0, 0, 0, 0, 0, 0, 0, 0, 0, 0, 0, 0, 0, 1]	[0, 0, 0, 0, 0, 0, 0, 0, 0, 0, 0, 0, 0, 0, 0, 0, 0, 0, 0, 0]	[0, 0, 0, 0, 0, 0, 0, 0, 0, 0, 0, 0, 0, 0, 0, 0, 0, 0, 0, 0]	[0.0001911999424919486, 0.009687699959613383, 0.026511500007472932, 0.043130400008521974, 0.05983149993699044, 0.07640069990884513, 0.09334239992313087, 0.11007199995219707, 0.12699309992603958, 0.14313829992897809, 0.15954779996536672, 0.17632460000459105, 0.19298249995335937, 0.20963659998960793, 0.22628549998626113, 0.24314099992625415, 0.2597257000161335, 0.2763351999456063, 0.2929133999859914, 0.30951579997781664]	226.0	296.0	0.5	19b
465	12	go_only	0	18	2	go	click	[3.0, 3.0, 24.0, 43.0, 58.0, 70.0, 81.0, 90.0, 102.0, 110.0, 118.0, 130.0, 138.0, 142.0, 144.0, 147.0, 149.0, 153.0, 156.0, 158.0, 159.0, 161.0, 166.0, 173.0, 174.0, 174.0]	[-262.0, -262.0, -199.0, -141.0, -95.0, -53.0, -7.0, 44.0, 96.0, 130.0, 156.0, 197.0, 220.0, 230.0, 234.0, 238.0, 241.0, 247.0, 251.0, 254.0, 256.0, 261.0, 268.0, 279.0, 281.0, 281.0]	[0, 0, 0, 0, 0, 0, 0, 0, 0, 0, 0, 0, 0, 0, 0, 0, 0, 0, 0, 0, 0, 0, 0, 0, 0, 1]	[0, 0, 0, 0, 0, 0, 0, 0, 0, 0, 0, 0, 0, 0, 0, 0, 0, 0, 0, 0, 0, 0, 0, 0, 0, 0]	[0, 0, 0, 0, 0, 0, 0, 0, 0, 0, 0, 0, 0, 0, 0, 0, 0, 0, 0, 0, 0, 0, 0, 0, 0, 0]	[0.00042459997348487377, 0.010764800012111664, 0.027848399942740798, 0.04440929996781051, 0.0610095999436453, 0.07762889994774014, 0.09442450001370162, 0.11082309996709228, 0.12763440003618598, 0.1443347999593243, 0.16116789996158332, 0.17757109995000064, 0.194363999995403, 0.211049500037916, 0.22771470004227012, 0.24445270001888275, 0.2614371000090614, 0.2775432999478653, 0.29436279996298254, 0.31087919999845326, 0.32758909999392927, 0.3443719999631867, 0.3611021999968216, 0.37790129997301847, 0.39414400001987815, 0.41079780005384237]	174.0	281.0	0.5	19b
466	12	go_only	0	18	7	go	click	[55.0, 55.0, 72.0, 101.0, 137.0, 162.0, 187.0, 203.0, 213.0, 226.0, 230.0, 231.0, 233.0, 235.0, 237.0, 237.0, 237.0, 237.0, 237.0, 237.0, 237.0]	[-208.0, -208.0, -165.0, -82.0, 10.0, 95.0, 170.0, 220.0, 257.0, 302.0, 314.0, 320.0, 327.0, 336.0, 340.0, 342.0, 342.0, 342.0, 342.0, 342.0, 342.0]	[0, 0, 0, 0, 0, 0, 0, 0, 0, 0, 0, 0, 0, 0, 0, 0, 0, 0, 0, 0, 1]	[0, 0, 0, 0, 0, 0, 0, 0, 0, 0, 0, 0, 0, 0, 0, 0, 0, 0, 0, 0, 0]	[0, 0, 0, 0, 0, 0, 0, 0, 0, 0, 0, 0, 0, 0, 0, 0, 0, 0, 0, 0, 0]	[0.0002796999178826809, 0.009051300003193319, 0.025991200003772974, 0.04238150001037866, 0.05918149999342859, 0.07565599994268268, 0.09258589998353273, 0.10913999995682389, 0.12586449994705617, 0.14239809999708086, 0.15919499995652586, 0.17563329997938126, 0.19316499994602054, 0.20924839994404465, 0.22572639991994947, 0.24269949994049966, 0.258906599949114, 0.2756675999844447, 0.29213129996787757, 0.30883969995193183, 0.32602079992648214]	237.0	342.0	0.6	19b
467	12	go_only	0	18	3	go	click	[58.0, 58.0, 70.0, 78.0, 81.0, 85.0, 88.0, 94.0, 100.0, 108.0, 113.0, 118.0, 125.0, 132.0, 135.0, 135.0, 136.0, 136.0, 136.0, 136.0, 140.0, 151.0, 157.0, 162.0]	[-208.0, -208.0, -126.0, -60.0, -14.0, 30.0, 77.0, 121.0, 154.0, 177.0, 189.0, 200.0, 212.0, 228.0, 234.0, 234.0, 234.0, 234.0, 234.0, 235.0, 243.0, 259.0, 271.0, 275.0]	[0, 0, 0, 0, 0, 0, 0, 0, 0, 0, 0, 0, 0, 0, 0, 0, 0, 0, 0, 0, 0, 0, 0, 1]	[0, 0, 0, 0, 0, 0, 0, 0, 0, 0, 0, 0, 0, 0, 0, 0, 0, 0, 0, 0, 0, 0, 0, 0]	[0, 0, 0, 0, 0, 0, 0, 0, 0, 0, 0, 0, 0, 0, 0, 0, 0, 0, 0, 0, 0, 0, 0, 0]	[0.0002778000198304653, 0.010999799938872457, 0.027978099999018013, 0.04446280002593994, 0.06104449997656047, 0.07751630002167076, 0.09434289997443557, 0.11086669994983822, 0.12784590001683682, 0.14448519994039088, 0.1609796000411734, 0.1775274999672547, 0.19446230004541576, 0.21101530001033098, 0.22730679996311665, 0.24405899993143976, 0.26067839993629605, 0.27744800003711134, 0.2941426000325009, 0.31078159995377064, 0.3273146999999881, 0.34418429993093014, 0.36106839997228235, 0.37757519993465394]	162.0	276.0	0.5	19b
468	12	go_only	0	18	8	go	click	[57.0, 57.0, 90.0, 114.0, 125.0, 137.0, 143.0, 150.0, 154.0, 157.0, 160.0, 163.0, 164.0, 165.0, 168.0, 168.0, 168.0, 168.0, 169.0, 169.0, 169.0, 169.0, 169.0, 169.0, 170.0, 170.0, 170.0, 170.0, 170.0, 170.0, 170.0, 170.0, 171.0, 171.0, 171.0, 171.0, 171.0, 172.0]	[-240.0, -240.0, -123.0, -7.0, 98.0, 192.0, 256.0, 291.0, 315.0, 330.0, 338.0, 342.0, 348.0, 353.0, 361.0, 361.0, 361.0, 361.0, 361.0, 361.0, 361.0, 361.0, 361.0, 361.0, 361.0, 361.0, 360.0, 360.0, 354.0, 347.0, 340.0, 337.0, 336.0, 336.0, 336.0, 336.0, 336.0, 336.0]	[0, 0, 0, 0, 0, 0, 0, 0, 0, 0, 0, 0, 0, 0, 0, 0, 0, 0, 1, 1, 1, 1, 1, 1, 1, 0, 0, 0, 0, 0, 0, 0, 0, 0, 0, 0, 0, 1]	[0, 0, 0, 0, 0, 0, 0, 0, 0, 0, 0, 0, 0, 0, 0, 0, 0, 0, 0, 0, 0, 0, 0, 0, 0, 0, 0, 0, 0, 0, 0, 0, 0, 0, 0, 0, 0, 0]	[0, 0, 0, 0, 0, 0, 0, 0, 0, 0, 0, 0, 0, 0, 0, 0, 0, 0, 0, 0, 0, 0, 0, 0, 0, 0, 0, 0, 0, 0, 0, 0, 0, 0, 0, 0, 0, 0]	[0.0001998000079765916, 0.00915029994212091, 0.02588059997651726, 0.04345949995331466, 0.059294399921782315, 0.07585309993010014, 0.09257919993251562, 0.10912969999480993, 0.12585710000712425, 0.14252979995217174, 0.15895850001834333, 0.17551600001752377, 0.1921224999241531, 0.20910330000333488, 0.22570359997916967, 0.24227459996473044, 0.25909219996538013, 0.2756995999952778, 0.2928851000033319, 0.30888120003510267, 0.32548290002159774, 0.34206980001181364, 0.3586625999305397, 0.3756065999623388, 0.3920845999382436, 0.4092672999249771, 0.4255802999250591, 0.4428418999304995, 0.4593784000026062, 0.4757619999581948, 0.4923000999260694, 0.5090321999741718, 0.5253297999734059, 0.541974899941124, 0.5586683999281377, 0.5755513999611139, 0.5924373000161722, 0.6091582999797538]	172.0	336.0	0.5	19b
469	13	go_nogo	0	60	7	go	click	[118.0, 132.0, 140.0, 150.0, 150.0, 150.0, 154.0, 164.0, 173.0, 172.0, 168.0, 167.0, 165.0, 160.0, 157.0, 157.0, 160.0, 169.0, 170.0, 170.0, 170.0, 171.0, 171.0, 171.0, 172.0, 175.0, 177.0, 177.0, 177.0, 180.0, 185.0]	[-251.0, -234.0, -223.0, -205.0, -187.0, -157.0, -126.0, -85.0, -8.0, 67.0, 111.0, 172.0, 214.0, 250.0, 284.0, 316.0, 347.0, 364.0, 369.0, 369.0, 369.0, 369.0, 369.0, 369.0, 369.0, 369.0, 369.0, 369.0, 369.0, 366.0, 358.0]	[0, 0, 0, 0, 0, 0, 0, 0, 0, 0, 0, 0, 0, 0, 0, 0, 0, 0, 0, 0, 0, 0, 0, 0, 0, 0, 1, 1, 1, 1, 1]	[0, 0, 0, 0, 0, 0, 0, 0, 0, 0, 0, 0, 0, 0, 0, 0, 0, 0, 0, 0, 0, 0, 0, 0, 0, 0, 0, 0, 0, 0, 0]	[0, 0, 0, 0, 0, 0, 0, 0, 0, 0, 0, 0, 0, 0, 0, 0, 0, 0, 0, 0, 0, 0, 0, 0, 0, 0, 0, 0, 0, 0, 0]	[0.0002481000265106559, 0.009544200031086802, 0.026003099977970123, 0.0427997000515461, 0.05944330000784248, 0.07616900000721216, 0.09291440004017204, 0.10950709995813668, 0.1260761000448838, 0.14265829999931157, 0.15981600002851337, 0.17659359995741397, 0.19287370005622506, 0.20939329999964684, 0.2263154999818653, 0.24259859998710454, 0.25937069999054074, 0.277150799985975, 0.2926119000185281, 0.3092055000597611, 0.3260528000537306, 0.34257149999029934, 0.35933520004618913, 0.3759176000021398, 0.392955300048925, 0.4095639999723062, 0.42648849997203797, 0.4424505999777466, 0.45931239996571094, 0.4762366999639198, 0.49269029998686165]	186.0	350.0	1.0	19b
470	13	go_nogo	0	60	7	go	click	[5.0, 5.0, 18.0, 31.0, 37.0, 46.0, 47.0, 55.0, 63.0, 81.0, 84.0, 88.0, 92.0, 95.0, 97.0, 97.0, 97.0, 97.0, 99.0, 112.0, 134.0, 157.0, 183.0, 194.0, 202.0, 205.0, 205.0]	[-271.0, -271.0, -166.0, -52.0, 24.0, 59.0, 87.0, 120.0, 147.0, 183.0, 192.0, 202.0, 215.0, 225.0, 229.0, 229.0, 229.0, 229.0, 230.0, 242.0, 261.0, 284.0, 309.0, 321.0, 327.0, 329.0, 329.0]	[0, 0, 0, 0, 0, 0, 0, 0, 0, 0, 0, 0, 0, 0, 0, 0, 0, 0, 0, 0, 0, 0, 0, 0, 0, 0, 1]	[0, 0, 0, 0, 0, 0, 0, 0, 0, 0, 0, 0, 0, 0, 0, 0, 0, 0, 0, 0, 0, 0, 0, 0, 0, 0, 0]	[0, 0, 0, 0, 0, 0, 0, 0, 0, 0, 0, 0, 0, 0, 0, 0, 0, 0, 0, 0, 0, 0, 0, 0, 0, 0, 0]	[9.839993435889482e-05, 0.012483399943448603, 0.02923510002437979, 0.04576239991001785, 0.06259789993055165, 0.07926179992500693, 0.09609240002464503, 0.11266559991054237, 0.13035589992068708, 0.1460721999173984, 0.16248890000861138, 0.17957519995979965, 0.1960028000175953, 0.21267519996035844, 0.22894059994723648, 0.24566849996335804, 0.2624563999706879, 0.27918850001879036, 0.2958551999181509, 0.3128209999995306, 0.32915529992897063, 0.3458386999554932, 0.36312370002269745, 0.37954250001348555, 0.3961095999693498, 0.4123096999246627, 0.4295140999602154]	206.0	330.0	0.6	19b
471	13	go_nogo	0	60	3	go	click	[11.0, 11.0, 15.0, 30.0, 50.0, 70.0, 88.0, 94.0, 98.0, 99.0, 99.0, 99.0, 99.0, 101.0, 101.0, 101.0, 101.0, 101.0, 101.0, 103.0, 109.0, 118.0, 127.0, 136.0, 146.0, 152.0, 155.0]	[-262.0, -262.0, -224.0, -137.0, -45.0, 28.0, 90.0, 132.0, 180.0, 199.0, 208.0, 217.0, 226.0, 233.0, 233.0, 233.0, 233.0, 233.0, 233.0, 235.0, 241.0, 254.0, 268.0, 286.0, 302.0, 311.0, 312.0]	[0, 0, 0, 0, 0, 0, 0, 0, 0, 0, 0, 0, 0, 0, 0, 0, 0, 0, 0, 0, 0, 0, 0, 0, 0, 0, 1]	[0, 0, 0, 0, 0, 0, 0, 0, 0, 0, 0, 0, 0, 0, 0, 0, 0, 0, 0, 0, 0, 0, 0, 0, 0, 0, 0]	[0, 0, 0, 0, 0, 0, 0, 0, 0, 0, 0, 0, 0, 0, 0, 0, 0, 0, 0, 0, 0, 0, 0, 0, 0, 0, 0]	[0.00026759994216263294, 0.010540899937041104, 0.0267933999421075, 0.04352920001838356, 0.060343399993143976, 0.0768016999354586, 0.09364639990963042, 0.1102748999837786, 0.12687959999311715, 0.1437467000214383, 0.1603555999463424, 0.1771059000166133, 0.19352719991002232, 0.20998929999768734, 0.22660099994391203, 0.24328900000546128, 0.25996589998248965, 0.27662669995334, 0.29354500002227724, 0.31019739992916584, 0.32689959998242557, 0.3437027999898419, 0.3601857000030577, 0.37692960002459586, 0.3935124999843538, 0.4102760999230668, 0.42696469998918474]	155.0	312.0	0.9	19b
472	13	go_nogo	0	60	7	go	click	[-4.0, -4.0, 4.0, 27.0, 53.0, 69.0, 86.0, 101.0, 112.0, 124.0, 132.0, 140.0, 147.0, 154.0, 157.0, 157.0, 157.0, 157.0, 157.0, 158.0, 158.0, 160.0]	[-246.0, -246.0, -191.0, -94.0, 7.0, 57.0, 108.0, 152.0, 187.0, 216.0, 234.0, 250.0, 263.0, 279.0, 289.0, 291.0, 291.0, 291.0, 291.0, 291.0, 292.0, 293.0]	[0, 0, 0, 0, 0, 0, 0, 0, 0, 0, 0, 0, 0, 0, 0, 0, 0, 0, 0, 0, 0, 1]	[0, 0, 0, 0, 0, 0, 0, 0, 0, 0, 0, 0, 0, 0, 0, 0, 0, 0, 0, 0, 0, 0]	[0, 0, 0, 0, 0, 0, 0, 0, 0, 0, 0, 0, 0, 0, 0, 0, 0, 0, 0, 0, 0, 0]	[0.00020700006280094385, 0.01192990003619343, 0.02834930003155023, 0.04514750000089407, 0.06168880010955036, 0.07837930007372051, 0.09489619999658316, 0.1117332000285387, 0.1283105000620708, 0.1449883000459522, 0.16161680000368506, 0.1783072000835091, 0.19523270009085536, 0.21180530008859932, 0.228533000103198, 0.2447341000661254, 0.26159010000992566, 0.2783128001028672, 0.29500130005180836, 0.31161130010150373, 0.3280740000773221, 0.34515450010076165]	160.0	293.0	0.8	19b
473	13	go_nogo	0	60	3	go	click	[20.0, 25.0, 28.0, 50.0, 72.0, 85.0, 92.0, 102.0, 110.0, 115.0, 119.0, 124.0, 126.0, 130.0, 130.0, 130.0, 130.0, 130.0, 131.0, 140.0, 146.0, 155.0, 167.0, 179.0, 183.0]	[-278.0, -228.0, -170.0, -55.0, 42.0, 105.0, 148.0, 207.0, 230.0, 245.0, 258.0, 267.0, 275.0, 281.0, 282.0, 282.0, 282.0, 282.0, 282.0, 282.0, 282.0, 283.0, 288.0, 297.0, 301.0]	[0, 0, 0, 0, 0, 0, 0, 0, 0, 0, 0, 0, 0, 0, 0, 0, 0, 0, 0, 0, 0, 0, 0, 0, 1]	[0, 0, 0, 0, 0, 0, 0, 0, 0, 0, 0, 0, 0, 0, 0, 0, 0, 0, 0, 0, 0, 0, 0, 0, 0]	[0, 0, 0, 0, 0, 0, 0, 0, 0, 0, 0, 0, 0, 0, 0, 0, 0, 0, 0, 0, 0, 0, 0, 0, 0]	[0.0001406000228598714, 0.011897700023837388, 0.02843960002064705, 0.04496389999985695, 0.06229540007188916, 0.07847619999665767, 0.09523930004797876, 0.11196560005191714, 0.12897560000419617, 0.14504880004096776, 0.16179070004727691, 0.17889950005337596, 0.19525550003163517, 0.21176600002218038, 0.2282090000808239, 0.24488710006698966, 0.2614702000282705, 0.2783934000181034, 0.2950439000269398, 0.3116519000614062, 0.32850439997855574, 0.34487600007560104, 0.3619005000218749, 0.3783310999860987, 0.39530169998761266]	185.0	302.0	0.9	19b
474	13	go_nogo	0	60	6	go	click	[3.0, 3.0, 15.0, 49.0, 86.0, 119.0, 133.0, 143.0, 150.0, 152.0, 154.0, 156.0, 156.0, 156.0, 156.0, 156.0, 156.0, 156.0, 156.0, 155.0, 155.0, 153.0, 154.0, 156.0, 160.0, 162.0, 163.0]	[-269.0, -269.0, -228.0, -133.0, -48.0, 24.0, 66.0, 102.0, 131.0, 150.0, 163.0, 171.0, 177.0, 182.0, 186.0, 186.0, 186.0, 187.0, 188.0, 194.0, 213.0, 239.0, 259.0, 272.0, 281.0, 287.0, 289.0]	[0, 0, 0, 0, 0, 0, 0, 0, 0, 0, 0, 0, 0, 0, 0, 0, 0, 0, 0, 0, 0, 0, 0, 0, 0, 0, 1]	[0, 0, 0, 0, 0, 0, 0, 0, 0, 0, 0, 0, 0, 0, 0, 0, 0, 0, 0, 0, 0, 0, 0, 0, 0, 0, 0]	[0, 0, 0, 0, 0, 0, 0, 0, 0, 0, 0, 0, 0, 0, 0, 0, 0, 0, 0, 0, 0, 0, 0, 0, 0, 0, 0]	[0.00022209994494915009, 0.011795199941843748, 0.028289299923926592, 0.04493279999587685, 0.061650099931284785, 0.0785533000016585, 0.09519909997470677, 0.11184889997821301, 0.128388199955225, 0.14502950001042336, 0.16172009997535497, 0.1785082999849692, 0.1952537999022752, 0.21166389994323254, 0.2281447999412194, 0.24469169997610152, 0.26131849992088974, 0.2786549999145791, 0.29503119993023574, 0.3117211000062525, 0.3285642999690026, 0.34527749998960644, 0.361845999956131, 0.37853200000245124, 0.3951369998976588, 0.411745399935171, 0.4285041999537498]	163.0	289.0	0.9	19b
475	13	go_nogo	0	60	6	go	click	[41.0, 41.0, 78.0, 113.0, 136.0, 149.0, 155.0, 159.0, 164.0, 166.0, 168.0, 168.0, 168.0, 168.0, 168.0, 168.0, 168.0, 168.0, 168.0, 168.0, 168.0, 168.0, 172.0, 176.0, 182.0, 184.0]	[-242.0, -242.0, -142.0, -58.0, 16.0, 84.0, 144.0, 192.0, 219.0, 230.0, 235.0, 236.0, 236.0, 236.0, 236.0, 236.0, 236.0, 236.0, 236.0, 240.0, 249.0, 258.0, 269.0, 280.0, 297.0, 302.0]	[0, 0, 0, 0, 0, 0, 0, 0, 0, 0, 0, 0, 0, 0, 0, 0, 0, 0, 0, 0, 0, 0, 0, 0, 0, 1]	[0, 0, 0, 0, 0, 0, 0, 0, 0, 0, 0, 0, 0, 0, 0, 0, 0, 0, 0, 0, 0, 0, 0, 0, 0, 0]	[0, 0, 0, 0, 0, 0, 0, 0, 0, 0, 0, 0, 0, 0, 0, 0, 0, 0, 0, 0, 0, 0, 0, 0, 0, 0]	[0.00013179995585232973, 0.012874500011093915, 0.029008999932557344, 0.04564979998394847, 0.06270759995095432, 0.07909369992557913, 0.09591889998409897, 0.11264179996214807, 0.12937089998740703, 0.14580129995010793, 0.162505800020881, 0.17898199998307973, 0.1955735000083223, 0.21232339995913208, 0.22918020002543926, 0.24586239992640913, 0.26260949997231364, 0.27898479998111725, 0.2957703999709338, 0.3124400000087917, 0.3292942999396473, 0.3458406999707222, 0.3623802999500185, 0.37931200000457466, 0.39583990001119673, 0.4129531999351457]	184.0	303.0	0.8	19b
476	13	go_nogo	0	60	1	nogo	none	[36.0, 36.0, 72.0, 117.0, 161.0, 197.0, 224.0, 237.0, 242.0, 244.0, 245.0, 246.0, 246.0, 246.0, 246.0, 246.0, 246.0, 246.0, 246.0, 244.0, 240.0, 240.0]	[-185.0, -185.0, -93.0, 5.0, 102.0, 191.0, 255.0, 284.0, 298.0, 306.0, 309.0, 310.0, 310.0, 310.0, 310.0, 309.0, 307.0, 307.0, 307.0, 307.0, 307.0, 306.0]	[0, 0, 0, 0, 0, 0, 0, 0, 0, 0, 0, 0, 0, 0, 0, 0, 0, 0, 0, 0, 0, 1]	[0, 0, 0, 0, 0, 0, 0, 0, 0, 0, 0, 0, 0, 0, 0, 0, 0, 0, 0, 0, 0, 0]	[0, 0, 0, 0, 0, 0, 0, 0, 0, 0, 0, 0, 0, 0, 0, 0, 0, 0, 0, 0, 0, 0]	[0.00020969996694475412, 0.009705399977974594, 0.026647099992260337, 0.0432121999328956, 0.05987009999807924, 0.07622629997786134, 0.09296849998645484, 0.10939749993849546, 0.12618459993973374, 0.14281839993782341, 0.1597546999109909, 0.17592989990953356, 0.19278809998650104, 0.20949109992943704, 0.2258965999353677, 0.24371680000331253, 0.2593223999720067, 0.2756978999823332, 0.2927403999492526, 0.3091567999217659, 0.3261741999303922, 0.342908599996008]	239.0	306.0	0.6	19b
477	13	go_nogo	0	60	2	go	click	[60.0, 60.0, 73.0, 89.0, 99.0, 110.0, 115.0, 120.0, 125.0, 130.0, 136.0, 141.0, 147.0, 159.0, 168.0, 173.0, 179.0, 184.0, 192.0, 199.0, 203.0, 204.0, 205.0, 205.0]	[-247.0, -247.0, -199.0, -145.0, -95.0, -43.0, 2.0, 36.0, 65.0, 90.0, 113.0, 130.0, 149.0, 177.0, 193.0, 207.0, 218.0, 232.0, 253.0, 269.0, 279.0, 284.0, 286.0, 286.0]	[0, 0, 0, 0, 0, 0, 0, 0, 0, 0, 0, 0, 0, 0, 0, 0, 0, 0, 0, 0, 0, 0, 0, 1]	[0, 0, 0, 0, 0, 0, 0, 0, 0, 0, 0, 0, 0, 0, 0, 0, 0, 0, 0, 0, 0, 0, 0, 0]	[0, 0, 0, 0, 0, 0, 0, 0, 0, 0, 0, 0, 0, 0, 0, 0, 0, 0, 0, 0, 0, 0, 0, 0]	[0.0001938999630510807, 0.009994099964387715, 0.02679619996342808, 0.043349800049327314, 0.06015140004456043, 0.07696149998810142, 0.09353750001173466, 0.11038810003083199, 0.12661110004410148, 0.14326080004684627, 0.16000889998394996, 0.17666890006512403, 0.1934820000315085, 0.2099839000729844, 0.2268982999958098, 0.24428199999965727, 0.2604471000377089, 0.27658020006492734, 0.29309759999159724, 0.3100051999790594, 0.3264467000262812, 0.3433930000755936, 0.3598284999607131, 0.37688120000530034]	205.0	286.0	0.9	19b
478	13	go_nogo	0	60	4	go	click	[124.0, 124.0, 112.0, 104.0, 104.0, 106.0, 108.0, 108.0, 108.0, 108.0, 110.0, 112.0, 109.0, 99.0, 79.0, 57.0, 41.0, 25.0, 7.0, -7.0, -12.0, -14.0, -14.0, -14.0, -14.0, -14.0, -14.0, -14.0, -14.0, -14.0, -14.0, -14.0, -14.0, -14.0, -14.0, -14.0, -14.0, -14.0, -14.0, -14.0, -14.0, -14.0, -14.0, -14.0, -14.0, -14.0, -14.0, -14.0, -9.0, -3.0, 5.0, 28.0, 104.0, 139.0, 154.0, 160.0, 165.0, 167.0, 169.0, 170.0, 171.0, 172.0, 175.0, 183.0, 191.0, 199.0, 201.0, 203.0, 206.0, 210.0, 210.0, 210.0, 210.0, 210.0, 209.0, 204.0, 195.0, 191.0, 191.0, 191.0, 191.0, 191.0, 191.0, 191.0, 191.0, 191.0, 191.0, 191.0, 191.0, 190.0, 190.0, 190.0]	[83.0, 83.0, 50.0, 14.0, -28.0, -59.0, -89.0, -111.0, -122.0, -131.0, -138.0, -155.0, -185.0, -229.0, -271.0, -307.0, -329.0, -353.0, -377.0, -401.0, -415.0, -418.0, -418.0, -418.0, -418.0, -418.0, -418.0, -418.0, -418.0, -418.0, -418.0, -418.0, -418.0, -418.0, -418.0, -418.0, -418.0, -418.0, -418.0, -418.0, -418.0, -418.0, -418.0, -418.0, -418.0, -418.0, -418.0, -415.0, -402.0, -383.0, -363.0, -298.0, -92.0, 57.0, 151.0, 192.0, 221.0, 239.0, 249.0, 256.0, 265.0, 278.0, 300.0, 358.0, 385.0, 401.0, 405.0, 409.0, 413.0, 418.0, 418.0, 418.0, 418.0, 416.0, 405.0, 382.0, 345.0, 328.0, 320.0, 317.0, 317.0, 317.0, 317.0, 317.0, 317.0, 317.0, 317.0, 316.0, 314.0, 313.0, 312.0, 312.0]	[0, 0, 0, 0, 0, 0, 0, 0, 0, 0, 0, 0, 0, 0, 0, 0, 0, 0, 0, 0, 0, 0, 0, 0, 0, 0, 0, 0, 0, 0, 0, 0, 0, 0, 0, 0, 0, 0, 0, 0, 0, 0, 1, 1, 1, 1, 1, 0, 0, 0, 0, 0, 0, 0, 0, 0, 0, 0, 0, 0, 0, 0, 0, 0, 0, 0, 0, 0, 0, 0, 0, 0, 0, 0, 0, 0, 0, 0, 0, 0, 0, 0, 0, 0, 0, 0, 0, 0, 0, 0, 0, 0]	[0, 0, 0, 0, 0, 0, 0, 0, 0, 0, 0, 0, 0, 0, 0, 0, 0, 0, 0, 0, 0, 0, 0, 0, 0, 0, 0, 0, 0, 0, 0, 0, 0, 0, 0, 0, 0, 0, 0, 0, 0, 0, 0, 0, 0, 0, 0, 0, 0, 0, 0, 0, 0, 0, 0, 0, 0, 0, 0, 0, 0, 0, 0, 0, 0, 0, 0, 0, 0, 0, 0, 0, 0, 0, 0, 0, 0, 0, 0, 0, 0, 0, 0, 0, 0, 0, 0, 0, 0, 0, 0, 0]	[0, 0, 0, 0, 0, 0, 0, 0, 0, 0, 0, 0, 0, 0, 0, 0, 0, 0, 0, 0, 0, 0, 0, 0, 0, 0, 0, 0, 0, 0, 0, 0, 0, 0, 0, 0, 0, 0, 0, 0, 0, 0, 0, 0, 0, 0, 0, 0, 0, 0, 0, 0, 0, 0, 0, 0, 0, 0, 0, 0, 0, 0, 0, 0, 0, 0, 0, 0, 0, 0, 0, 0, 0, 0, 0, 0, 0, 0, 0, 0, 0, 0, 0, 0, 0, 0, 0, 0, 0, 0, 0, 0]	[0.0001981999957934022, 0.01019940001424402, 0.026648600003682077, 0.043568800087086856, 0.06003310007508844, 0.07691930001601577, 0.093777000089176, 0.11011380003765225, 0.12666240008547902, 0.14318150002509356, 0.159965300001204, 0.17671270004939288, 0.1931736000115052, 0.21009500010404736, 0.22683050006162375, 0.24368610000237823, 0.2601990000111982, 0.2766761000966653, 0.29339520004577935, 0.3100180000765249, 0.32664050010498613, 0.34327140008099377, 0.3602192000253126, 0.3766611000755802, 0.3933113000821322, 0.4100145000265911, 0.42657540005166084, 0.44331360002979636, 0.4599705000873655, 0.4765921001089737, 0.4932584000052884, 0.5099497000919655, 0.5267977000912651, 0.5432448000647128, 0.5598828000947833, 0.5771137000992894, 0.5930688000516966, 0.609648400102742, 0.626437500002794, 0.6433207000372931, 0.6599255000473931, 0.6763865000102669, 0.6933042000746354, 0.7098255000310019, 0.7265699000563473, 0.7430121001088992, 0.7597203000914305, 0.7768975000362843, 0.7931524000596255, 0.8102018000790849, 0.8264620000263676, 0.8430955000221729, 0.8600155001040548, 0.87680620001629, 0.8931566000683233, 0.9097956001060084, 0.926545700058341, 0.942986800102517, 0.9602016001008451, 0.9763289000838995, 0.9931777000892907, 1.0097340000793338, 1.0266029000049457, 1.0435903000179678, 1.059852100093849, 1.0765133000677451, 1.0930826000403613, 1.110135200084187, 1.1264976999955252, 1.1433190000243485, 1.15977810008917, 1.1773385000415146, 1.1932066000299528, 1.2097461000084877, 1.2264992001000792, 1.2434764000354335, 1.25968710007146, 1.2764399000443518, 1.2935296000214294, 1.30966630007606, 1.3266249001026154, 1.3432502000359818, 1.359697200008668, 1.3763499000342563, 1.392870300100185, 1.4097988000139594, 1.426434600027278, 1.4430238000350073, 1.459664300084114, 1.4766203000908718, 1.4928989000618458, 1.5095240999944508]	n/a	n/a	0.6	19b
479	13	go_nogo	0	60	8	go	click	[35.0, 49.0, 64.0, 104.0, 137.0, 154.0, 163.0, 169.0, 172.0, 175.0, 182.0, 184.0, 188.0, 191.0, 198.0, 201.0, 204.0, 209.0, 211.0, 211.0, 211.0, 212.0, 212.0, 212.0, 212.0, 212.0, 212.0, 211.0, 208.0, 204.0, 201.0, 201.0, 201.0, 200.0, 200.0, 200.0]	[-293.0, -256.0, -210.0, -106.0, -18.0, 47.0, 97.0, 142.0, 186.0, 224.0, 267.0, 280.0, 295.0, 310.0, 329.0, 336.0, 349.0, 360.0, 367.0, 367.0, 367.0, 367.0, 367.0, 367.0, 367.0, 367.0, 364.0, 356.0, 348.0, 337.0, 324.0, 312.0, 301.0, 294.0, 293.0, 292.0]	[0, 0, 0, 0, 0, 0, 0, 0, 0, 0, 0, 0, 0, 0, 0, 0, 0, 0, 0, 0, 0, 0, 1, 1, 1, 1, 0, 0, 0, 0, 0, 0, 0, 0, 0, 1]	[0, 0, 0, 0, 0, 0, 0, 0, 0, 0, 0, 0, 0, 0, 0, 0, 0, 0, 0, 0, 0, 0, 0, 0, 0, 0, 0, 0, 0, 0, 0, 0, 0, 0, 0, 0]	[0, 0, 0, 0, 0, 0, 0, 0, 0, 0, 0, 0, 0, 0, 0, 0, 0, 0, 0, 0, 0, 0, 0, 0, 0, 0, 0, 0, 0, 0, 0, 0, 0, 0, 0, 0]	[8.09000339359045e-05, 0.010025300085544586, 0.026669500046409667, 0.04355900001246482, 0.06003890000283718, 0.07660270004998893, 0.09328010003082454, 0.10994130000472069, 0.12663790001533926, 0.143603999982588, 0.15995130001101643, 0.17655079998075962, 0.1933261000085622, 0.20973660005256534, 0.22657010005787015, 0.2431766000809148, 0.2598955000285059, 0.2765978000825271, 0.29324780008755624, 0.30993149999994785, 0.32684320001862943, 0.34325230005197227, 0.3598730000667274, 0.3765115999849513, 0.3932535999920219, 0.40988829999696463, 0.4274233999894932, 0.4437027000822127, 0.4599819000577554, 0.47671220009215176, 0.4932120000012219, 0.5098970000399277, 0.5265068000881001, 0.5432102000340819, 0.5599412000738084, 0.5770234999945387]	200.0	292.0	1.0	19b
480	13	go_nogo	0	60	3	go	click	[56.0, 56.0, 64.0, 83.0, 98.0, 120.0, 132.0, 142.0, 149.0, 157.0, 162.0, 170.0, 177.0, 182.0, 183.0, 183.0, 183.0, 183.0, 183.0, 184.0, 184.0, 184.0, 184.0, 184.0, 185.0, 185.0, 185.0, 185.0, 185.0, 186.0, 186.0, 187.0, 187.0, 187.0]	[-240.0, -240.0, -211.0, -149.0, -81.0, 15.0, 54.0, 85.0, 106.0, 126.0, 145.0, 164.0, 186.0, 199.0, 203.0, 203.0, 203.0, 209.0, 216.0, 227.0, 236.0, 242.0, 245.0, 248.0, 255.0, 264.0, 274.0, 280.0, 286.0, 289.0, 290.0, 290.0, 291.0, 291.0]	[0, 0, 0, 0, 0, 0, 0, 0, 0, 0, 0, 0, 0, 0, 0, 0, 0, 0, 0, 0, 0, 0, 0, 0, 0, 0, 0, 0, 0, 0, 0, 0, 0, 1]	[0, 0, 0, 0, 0, 0, 0, 0, 0, 0, 0, 0, 0, 0, 0, 0, 0, 0, 0, 0, 0, 0, 0, 0, 0, 0, 0, 0, 0, 0, 0, 0, 0, 0]	[0, 0, 0, 0, 0, 0, 0, 0, 0, 0, 0, 0, 0, 0, 0, 0, 0, 0, 0, 0, 0, 0, 0, 0, 0, 0, 0, 0, 0, 0, 0, 0, 0, 0]	[0.0001852000132203102, 0.011843200074508786, 0.028476300067268312, 0.04511170007754117, 0.06197120004799217, 0.07871680008247495, 0.0953333000652492, 0.11184190004132688, 0.12850029999390244, 0.14513439999427646, 0.16178470000158995, 0.17822890006937087, 0.1953686000779271, 0.21173630002886057, 0.22826060000807047, 0.24480930005665869, 0.2622728000860661, 0.2789328000508249, 0.2950298000359908, 0.311594600090757, 0.3285335000837222, 0.34480590000748634, 0.361750700045377, 0.37840210006106645, 0.3948509000474587, 0.41159760009031743, 0.42796000000089407, 0.44483100005891174, 0.4613693000283092, 0.47821990004740655, 0.49482590006664395, 0.5116150000831112, 0.5279590000864118, 0.5471984000178054]	187.0	291.0	0.6	19b
481	13	go_nogo	0	60	1	nogo	none	[-10.0, -10.0, -9.0, -3.0, 7.0, 15.0, 25.0, 40.0, 67.0, 111.0, 162.0, 186.0, 204.0, 219.0, 227.0, 233.0, 237.0, 240.0, 240.0, 241.0, 241.0, 241.0, 241.0, 239.0, 237.0, 237.0, 237.0, 237.0, 237.0, 237.0, 237.0, 237.0, 237.0, 237.0, 237.0, 237.0, 237.0, 237.0, 237.0, 237.0, 237.0, 237.0, 237.0, 237.0, 237.0, 237.0, 237.0, 237.0, 237.0, 237.0, 237.0, 237.0, 237.0, 237.0, 237.0, 237.0, 237.0, 237.0, 237.0, 237.0, 237.0, 237.0, 237.0, 237.0, 237.0, 237.0, 237.0]	[-257.0, -257.0, -235.0, -195.0, -162.0, -135.0, -102.0, -71.0, -24.0, 38.0, 119.0, 169.0, 204.0, 231.0, 255.0, 276.0, 297.0, 313.0, 323.0, 332.0, 345.0, 348.0, 351.0, 354.0, 357.0, 358.0, 358.0, 358.0, 358.0, 358.0, 358.0, 358.0, 358.0, 358.0, 358.0, 358.0, 358.0, 358.0, 358.0, 358.0, 358.0, 358.0, 358.0, 358.0, 358.0, 358.0, 358.0, 358.0, 358.0, 358.0, 358.0, 358.0, 358.0, 358.0, 358.0, 358.0, 358.0, 358.0, 358.0, 358.0, 358.0, 358.0, 358.0, 358.0, 358.0, 358.0, 358.0]	[0, 0, 0, 0, 0, 0, 0, 0, 0, 0, 0, 0, 0, 0, 0, 0, 0, 0, 0, 0, 0, 0, 0, 0, 0, 0, 0, 0, 0, 0, 0, 0, 0, 0, 0, 0, 0, 0, 0, 0, 0, 0, 0, 0, 0, 0, 0, 0, 0, 0, 0, 0, 0, 0, 0, 0, 0, 0, 0, 0, 0, 0, 0, 0, 0, 0, 0]	[0, 0, 0, 0, 0, 0, 0, 0, 0, 0, 0, 0, 0, 0, 0, 0, 0, 0, 0, 0, 0, 0, 0, 0, 0, 0, 0, 0, 0, 0, 0, 0, 0, 0, 0, 0, 0, 0, 0, 0, 0, 0, 0, 0, 0, 0, 0, 0, 0, 0, 0, 0, 0, 0, 0, 0, 0, 0, 0, 0, 0, 0, 0, 0, 0, 0, 0]	[0, 0, 0, 0, 0, 0, 0, 0, 0, 0, 0, 0, 0, 0, 0, 0, 0, 0, 0, 0, 0, 0, 0, 0, 0, 0, 0, 0, 0, 0, 0, 0, 0, 0, 0, 0, 0, 0, 0, 0, 0, 0, 0, 0, 0, 0, 0, 0, 0, 0, 0, 0, 0, 0, 0, 0, 0, 0, 0, 0, 0, 0, 0, 0, 0, 0, 0]	[0.00019539997447282076, 0.009179699933156371, 0.02582549990620464, 0.04263499996159226, 0.05925179994665086, 0.07573909999337047, 0.09261870000045747, 0.10907169990241528, 0.12605939991772175, 0.14260869997087866, 0.15943030000198632, 0.17600569990463555, 0.19288159999996424, 0.20956629991997033, 0.2259182999841869, 0.2423877000110224, 0.25933659996371716, 0.2760587999364361, 0.29245710000395775, 0.3090909000020474, 0.32578219997230917, 0.3434023999143392, 0.3591086999513209, 0.3758582000155002, 0.3925589999416843, 0.40896989998873323, 0.4257235999684781, 0.442341799964197, 0.45895469991955906, 0.47559499996714294, 0.4923580999020487, 0.5089985999511555, 0.5255715999519452, 0.5425448999740183, 0.5589518999913707, 0.5755816999590024, 0.5922694999026135, 0.6089236999396235, 0.6255821000086144, 0.6422831999370828, 0.6589308999245986, 0.6755815999349579, 0.6922937999479473, 0.7089093999238685, 0.725677999900654, 0.7423147999215871, 0.7590019999770448, 0.7753739999607205, 0.7922006999142468, 0.8089372999966145, 0.8257259000092745, 0.8421388999558985, 0.858871000004001, 0.8757942999945953, 0.8922756999963894, 0.9088216999080032, 0.9254071000032127, 0.9419358999002725, 0.9586854999652132, 0.9753859000047669, 0.9920999999158084, 1.008779399911873, 1.0255658999085426, 1.0421576999360695, 1.0586687999311835, 1.0753574999980628, 1.0920897999312729]	n/a	n/a	0.9	19b
482	13	go_nogo	0	60	2	go	click	[31.0, 31.0, 33.0, 43.0, 55.0, 71.0, 87.0, 102.0, 121.0, 137.0, 159.0]	[-270.0, -270.0, -256.0, -219.0, -178.0, -120.0, -66.0, -17.0, 42.0, 110.0, 195.0]	[1, 1, 1, 1, 1, 1, 1, 1, 1, 1, 1]	[0, 0, 0, 0, 0, 0, 0, 0, 0, 0, 0]	[0, 0, 0, 0, 0, 0, 0, 0, 0, 0, 0]	[0.00019350007642060518, 0.008458000025711954, 0.024950999999418855, 0.04176519997417927, 0.05832220008596778, 0.07488840003497899, 0.09178160002920777, 0.10839409998152405, 0.1251547000138089, 0.1415561999892816, 0.1583406999707222]	177.0	267.0	0.7	19b
483	13	go_nogo	0	60	9	nogo	none	[28.0, 28.0, 51.0, 78.0, 101.0, 121.0, 132.0, 141.0, 151.0, 159.0, 163.0, 165.0, 166.0, 166.0, 166.0, 166.0, 165.0, 163.0, 163.0, 163.0, 164.0, 167.0, 171.0, 173.0, 173.0, 173.0, 173.0, 173.0, 173.0, 173.0, 173.0, 173.0, 173.0, 173.0, 173.0, 173.0, 174.0, 174.0, 174.0, 174.0, 174.0, 174.0, 174.0, 174.0, 174.0, 174.0, 174.0, 174.0, 174.0, 174.0, 174.0, 174.0, 174.0, 174.0, 174.0, 174.0, 174.0, 174.0, 174.0, 174.0, 174.0, 174.0, 174.0, 174.0, 174.0, 174.0, 174.0]	[-205.0, -205.0, -74.0, 51.0, 143.0, 213.0, 255.0, 288.0, 319.0, 344.0, 361.0, 367.0, 368.0, 369.0, 369.0, 369.0, 366.0, 360.0, 355.0, 354.0, 353.0, 350.0, 345.0, 342.0, 341.0, 340.0, 340.0, 340.0, 340.0, 340.0, 340.0, 340.0, 340.0, 340.0, 340.0, 340.0, 340.0, 340.0, 340.0, 340.0, 340.0, 340.0, 340.0, 340.0, 340.0, 340.0, 340.0, 340.0, 340.0, 340.0, 340.0, 340.0, 340.0, 340.0, 340.0, 340.0, 340.0, 340.0, 340.0, 340.0, 340.0, 340.0, 340.0, 340.0, 340.0, 340.0, 340.0]	[0, 0, 0, 0, 0, 0, 0, 0, 0, 0, 0, 0, 0, 0, 0, 0, 0, 0, 0, 0, 0, 0, 0, 0, 0, 0, 0, 0, 0, 0, 0, 0, 0, 0, 0, 0, 0, 0, 0, 0, 0, 0, 0, 0, 0, 0, 0, 0, 0, 0, 0, 0, 0, 0, 0, 0, 0, 0, 0, 0, 0, 0, 0, 0, 0, 0, 0]	[0, 0, 0, 0, 0, 0, 0, 0, 0, 0, 0, 0, 0, 0, 0, 0, 0, 0, 0, 0, 0, 0, 0, 0, 0, 0, 0, 0, 0, 0, 0, 0, 0, 0, 0, 0, 0, 0, 0, 0, 0, 0, 0, 0, 0, 0, 0, 0, 0, 0, 0, 0, 0, 0, 0, 0, 0, 0, 0, 0, 0, 0, 0, 0, 0, 0, 0]	[0, 0, 0, 0, 0, 0, 0, 0, 0, 0, 0, 0, 0, 0, 0, 0, 0, 0, 0, 0, 0, 0, 0, 0, 0, 0, 0, 0, 0, 0, 0, 0, 0, 0, 0, 0, 0, 0, 0, 0, 0, 0, 0, 0, 0, 0, 0, 0, 0, 0, 0, 0, 0, 0, 0, 0, 0, 0, 0, 0, 0, 0, 0, 0, 0, 0, 0]	[0.00018350000027567148, 0.011096099973656237, 0.027841100003570318, 0.044252000050619245, 0.060906299971975386, 0.07752659998368472, 0.09423330007120967, 0.11085559998173267, 0.12753779999911785, 0.14421910000965, 0.16115459997672588, 0.17762430000584573, 0.19449949997942895, 0.21076579997316003, 0.2274364000186324, 0.2442739000543952, 0.2610885000322014, 0.2778064999729395, 0.2942977000493556, 0.3109260000055656, 0.32751650002319366, 0.3446486999746412, 0.36102730000857264, 0.37762210005894303, 0.39452089997939765, 0.41083559999242425, 0.42761340003926307, 0.44412240001838654, 0.46103170001879334, 0.4775185000617057, 0.494057200034149, 0.5107168999966234, 0.527293200022541, 0.5442761000012979, 0.5607973000733182, 0.5775029000360519, 0.5938976000761613, 0.6109470999799669, 0.6274309000000358, 0.6442667000228539, 0.6608039999846369, 0.6773582000751048, 0.6944581000134349, 0.7107731000287458, 0.7273118000011891, 0.7439610000001267, 0.7606449000304565, 0.7773400000296533, 0.7938967000227422, 0.8106526000192389, 0.8273114999756217, 0.8435192999895662, 0.8615227000555024, 0.8771490000654012, 0.8937108999816701, 0.9104595000389963, 0.9272200000705197, 0.9439247000264004, 0.960415199981071, 0.9771243999712169, 0.9938585000345483, 1.010730899986811, 1.027140700025484, 1.0438976000295952, 1.060331300017424, 1.0772166000679135, 1.0938007000368088]	n/a	n/a	1.0	19b
484	13	go_nogo	0	60	3	go	click	[62.0, 73.0, 80.0, 95.0, 109.0, 116.0, 122.0, 130.0, 133.0, 136.0, 138.0, 144.0, 149.0, 157.0, 165.0, 167.0, 167.0, 167.0, 167.0, 167.0, 167.0, 167.0, 170.0, 177.0, 179.0, 180.0]	[-207.0, -170.0, -138.0, -70.0, -13.0, 33.0, 78.0, 114.0, 140.0, 155.0, 170.0, 188.0, 204.0, 223.0, 239.0, 242.0, 242.0, 242.0, 242.0, 242.0, 242.0, 243.0, 256.0, 279.0, 286.0, 287.0]	[0, 0, 0, 0, 0, 0, 0, 0, 0, 0, 0, 0, 0, 0, 0, 0, 0, 0, 0, 0, 0, 0, 0, 0, 0, 1]	[0, 0, 0, 0, 0, 0, 0, 0, 0, 0, 0, 0, 0, 0, 0, 0, 0, 0, 0, 0, 0, 0, 0, 0, 0, 0]	[0, 0, 0, 0, 0, 0, 0, 0, 0, 0, 0, 0, 0, 0, 0, 0, 0, 0, 0, 0, 0, 0, 0, 0, 0, 0]	[7.98000255599618e-05, 0.010586400050669909, 0.026893100002780557, 0.04350100003648549, 0.0603788000298664, 0.07680100004654378, 0.09339829999953508, 0.11009259999264032, 0.12681559997145087, 0.14335879997815937, 0.1601053000194952, 0.17690760002005845, 0.19362679996993393, 0.2101744000101462, 0.22677579999435693, 0.24351379997096956, 0.2599534000037238, 0.27664449997246265, 0.29328089999035, 0.3099548000609502, 0.32677370007149875, 0.343457099981606, 0.3602545000612736, 0.37715359998401254, 0.39357970003038645, 0.41037459997460246]	180.0	287.0	0.9	19b
485	13	go_nogo	0	60	3	go	click	[14.0, 14.0, 41.0, 67.0, 85.0, 95.0, 105.0, 114.0, 120.0, 128.0, 134.0, 144.0, 150.0, 160.0, 166.0, 172.0, 180.0, 186.0, 191.0, 194.0, 196.0, 200.0, 203.0, 205.0, 205.0, 206.0, 206.0, 206.0, 206.0, 206.0, 206.0, 200.0, 191.0, 185.0, 183.0, 183.0, 183.0, 183.0]	[-242.0, -242.0, -184.0, -124.0, -73.0, -34.0, 3.0, 36.0, 68.0, 95.0, 120.0, 143.0, 164.0, 194.0, 214.0, 240.0, 267.0, 292.0, 315.0, 339.0, 362.0, 383.0, 394.0, 398.0, 398.0, 397.0, 396.0, 396.0, 396.0, 395.0, 387.0, 370.0, 352.0, 338.0, 330.0, 327.0, 324.0, 323.0]	[0, 0, 0, 0, 0, 0, 0, 0, 0, 0, 0, 0, 0, 0, 0, 0, 0, 0, 0, 0, 0, 0, 0, 0, 0, 0, 0, 0, 0, 0, 0, 0, 0, 0, 0, 0, 0, 1]	[0, 0, 0, 0, 0, 0, 0, 0, 0, 0, 0, 0, 0, 0, 0, 0, 0, 0, 0, 0, 0, 0, 0, 0, 0, 0, 0, 0, 0, 0, 0, 0, 0, 0, 0, 0, 0, 0]	[0, 0, 0, 0, 0, 0, 0, 0, 0, 0, 0, 0, 0, 0, 0, 0, 0, 0, 0, 0, 0, 0, 0, 0, 0, 0, 0, 0, 0, 0, 0, 0, 0, 0, 0, 0, 0, 0]	[0.00032949994783848524, 0.012785199913196266, 0.029813700006343424, 0.04631809995044023, 0.06254409998655319, 0.07919610000681132, 0.09592310001607984, 0.11266549990978092, 0.12913839996326715, 0.14592679997440428, 0.16260619997046888, 0.17926749994512647, 0.19580959994345903, 0.2129334999481216, 0.22920989990234375, 0.2456244999775663, 0.26227979990653694, 0.2790265999501571, 0.29581059992779046, 0.31228439998812973, 0.32907219999469817, 0.34576189995277673, 0.3624395999358967, 0.37906179996207356, 0.39585420000366867, 0.41258219990413636, 0.4289284999249503, 0.44567649997770786, 0.4625775999156758, 0.47898159991018474, 0.4957407999318093, 0.5123969999840483, 0.5290181000018492, 0.5458102999255061, 0.5624761999351904, 0.5791451999684796, 0.5955950999632478, 0.6120589999482036]	183.0	323.0	0.8	19b
486	13	go_nogo	0	60	9	nogo	none	[12.0, 12.0, 27.0, 73.0, 110.0, 137.0, 152.0, 161.0, 174.0, 177.0, 178.0, 179.0, 180.0, 184.0, 190.0, 193.0, 194.0, 194.0, 194.0, 194.0, 194.0, 194.0, 194.0, 194.0, 194.0, 194.0, 194.0, 194.0, 194.0, 194.0, 194.0, 194.0, 194.0, 194.0, 194.0, 194.0, 194.0, 194.0, 194.0, 194.0, 194.0, 194.0, 194.0, 194.0, 194.0, 194.0, 194.0, 194.0, 194.0, 194.0, 194.0, 194.0, 194.0, 194.0, 194.0, 194.0, 194.0, 194.0, 194.0]	[-259.0, -259.0, -210.0, -78.0, 51.0, 168.0, 228.0, 263.0, 299.0, 314.0, 319.0, 322.0, 325.0, 338.0, 359.0, 369.0, 371.0, 371.0, 371.0, 371.0, 371.0, 371.0, 371.0, 371.0, 371.0, 371.0, 371.0, 371.0, 371.0, 371.0, 371.0, 371.0, 371.0, 371.0, 371.0, 371.0, 371.0, 371.0, 371.0, 371.0, 371.0, 371.0, 371.0, 371.0, 371.0, 371.0, 371.0, 371.0, 371.0, 371.0, 371.0, 371.0, 371.0, 371.0, 371.0, 371.0, 371.0, 371.0, 371.0]	[0, 0, 0, 0, 0, 0, 0, 0, 0, 0, 0, 0, 0, 0, 0, 0, 0, 0, 0, 0, 0, 0, 0, 1, 1, 1, 1, 1, 1, 1, 1, 1, 1, 1, 1, 1, 1, 1, 1, 1, 1, 1, 1, 1, 1, 1, 1, 1, 1, 1, 1, 1, 1, 1, 1, 1, 1, 1, 1]	[0, 0, 0, 0, 0, 0, 0, 0, 0, 0, 0, 0, 0, 0, 0, 0, 0, 0, 0, 0, 0, 0, 0, 0, 0, 0, 0, 0, 0, 0, 0, 0, 0, 0, 0, 0, 0, 0, 0, 0, 0, 0, 0, 0, 0, 0, 0, 0, 0, 0, 0, 0, 0, 0, 0, 0, 0, 0, 0]	[0, 0, 0, 0, 0, 0, 0, 0, 0, 0, 0, 0, 0, 0, 0, 0, 0, 0, 0, 0, 0, 0, 0, 0, 0, 0, 0, 0, 0, 0, 0, 0, 0, 0, 0, 0, 0, 0, 0, 0, 0, 0, 0, 0, 0, 0, 0, 0, 0, 0, 0, 0, 0, 0, 0, 0, 0, 0, 0]	[0.00021710002329200506, 0.011028300039470196, 0.02768679999280721, 0.04425879998598248, 0.06065820006188005, 0.07747860008385032, 0.09431950002908707, 0.11160549998749048, 0.12780830007977784, 0.1443730000173673, 0.1608995000133291, 0.17764850007370114, 0.19436289998702705, 0.210968800005503, 0.22740239999257028, 0.24419530003797263, 0.26063550007529557, 0.2773682000115514, 0.294142400030978, 0.310822100029327, 0.32757299998775125, 0.3440352000761777, 0.3606816000537947, 0.37778580002486706, 0.3941249999916181, 0.41061400005128235, 0.42755480005871505, 0.4442752000177279, 0.4607090000063181, 0.4774172999896109, 0.4941139000002295, 0.51085070008412, 0.5274020000360906, 0.5442646000301465, 0.5606742000672966, 0.5775486000347883, 0.5940414000069723, 0.610725500038825, 0.62764020008035, 0.6440033999970183, 0.6607107000891119, 0.677546999999322, 0.6939784000860527, 0.7107478000689298, 0.727522800094448, 0.744016700075008, 0.7606956000672653, 0.7773675000062212, 0.7939348000800237, 0.810647499980405, 0.8271231000544503, 0.8437714000465348, 0.8608725999947637, 0.877264800015837, 0.8939269999973476, 0.9104766000527889, 0.9271046000067145, 0.9437390000093728, 0.9604407000588253]	n/a	n/a	0.7	19b
487	13	go_nogo	0	60	6	go	click	[49.0, 49.0, 57.0, 72.0, 88.0, 108.0, 121.0, 141.0, 145.0, 149.0, 150.0, 150.0, 152.0, 154.0, 156.0, 161.0, 166.0, 168.0, 169.0, 170.0, 172.0, 179.0, 181.0, 182.0]	[-221.0, -221.0, -150.0, 11.0, 141.0, 211.0, 254.0, 304.0, 313.0, 322.0, 324.0, 324.0, 330.0, 333.0, 333.0, 333.0, 329.0, 321.0, 319.0, 318.0, 318.0, 318.0, 318.0, 317.0]	[0, 0, 0, 0, 0, 0, 0, 0, 0, 0, 0, 0, 0, 0, 0, 0, 0, 0, 0, 0, 0, 0, 0, 1]	[0, 0, 0, 0, 0, 0, 0, 0, 0, 0, 0, 0, 0, 0, 0, 0, 0, 0, 0, 0, 0, 0, 0, 0]	[0, 0, 0, 0, 0, 0, 0, 0, 0, 0, 0, 0, 0, 0, 0, 0, 0, 0, 0, 0, 0, 0, 0, 0]	[0.00022849999368190765, 0.011623599915765226, 0.027970199938863516, 0.04486179992090911, 0.061625199974514544, 0.0786163000157103, 0.09489049995318055, 0.1119561999803409, 0.1283241999335587, 0.14480649994220585, 0.16158249997533858, 0.1781423999927938, 0.19492089992854744, 0.2115253999363631, 0.22815079998690635, 0.24460340000223368, 0.2612935999641195, 0.278051899978891, 0.2946118999971077, 0.31124409998301417, 0.3280658000148833, 0.3447153000161052, 0.36163840000517666, 0.3782466999255121]	182.0	316.0	0.9	19b
488	13	go_nogo	0	60	6	go	click	[51.0, 51.0, 102.0, 125.0, 176.0, 196.0, 209.0, 219.0, 220.0, 220.0, 220.0, 220.0, 220.0, 220.0, 220.0, 220.0, 220.0, 220.0, 220.0]	[-151.0, -151.0, -19.0, 39.0, 162.0, 214.0, 259.0, 286.0, 293.0, 294.0, 294.0, 294.0, 294.0, 294.0, 294.0, 294.0, 294.0, 294.0, 294.0]	[0, 0, 0, 0, 0, 0, 0, 0, 0, 0, 0, 0, 0, 0, 0, 0, 0, 0, 1]	[0, 0, 0, 0, 0, 0, 0, 0, 0, 0, 0, 0, 0, 0, 0, 0, 0, 0, 0]	[0, 0, 0, 0, 0, 0, 0, 0, 0, 0, 0, 0, 0, 0, 0, 0, 0, 0, 0]	[0.00020450004376471043, 0.01164560008328408, 0.02826320007443428, 0.04529870010446757, 0.06190590001642704, 0.07845380005892366, 0.09497259999625385, 0.11176100000739098, 0.12867850007023662, 0.14512730005662888, 0.16171390004456043, 0.17832200007978827, 0.19516380003187805, 0.21167930006049573, 0.22834530007094145, 0.24510850000660866, 0.2618465000996366, 0.27846320008393377, 0.2952008000575006]	220.0	294.0	0.7	19b
489	13	go_nogo	0	60	3	go	click	[17.0, 18.0, 31.0, 77.0, 129.0, 176.0, 197.0, 209.0, 215.0, 221.0, 225.0, 225.0, 225.0, 225.0, 225.0, 225.0, 225.0, 225.0, 225.0, 225.0, 225.0]	[-299.0, -296.0, -257.0, -129.0, 11.0, 120.0, 183.0, 217.0, 244.0, 263.0, 275.0, 281.0, 281.0, 281.0, 281.0, 281.0, 281.0, 281.0, 282.0, 282.0, 282.0]	[0, 0, 0, 0, 0, 0, 0, 0, 0, 0, 0, 0, 0, 0, 0, 0, 0, 0, 0, 0, 1]	[0, 0, 0, 0, 0, 0, 0, 0, 0, 0, 0, 0, 0, 0, 0, 0, 0, 0, 0, 0, 0]	[0, 0, 0, 0, 0, 0, 0, 0, 0, 0, 0, 0, 0, 0, 0, 0, 0, 0, 0, 0, 0]	[9.169999975711107e-05, 0.009807900059968233, 0.026427200064063072, 0.04299020010512322, 0.05989530007354915, 0.07650890003424138, 0.09321780002210289, 0.11026200000196695, 0.1265841000713408, 0.14324880007188767, 0.16061590006574988, 0.17659370007459074, 0.19313390005845577, 0.2098079000134021, 0.22631660010665655, 0.2430648000445217, 0.2597400000086054, 0.2763356000650674, 0.29312849999405444, 0.3096805000677705, 0.326921800035052]	225.0	282.0	0.9	19b
490	13	go_nogo	0	60	9	nogo	none	[66.0, 66.0, 84.0, 124.0, 166.0, 177.0, 183.0, 195.0, 214.0, 237.0, 251.0, 256.0, 258.0, 258.0, 258.0, 258.0, 258.0, 257.0, 257.0, 257.0, 256.0, 255.0, 255.0, 255.0, 255.0, 255.0, 255.0, 255.0, 255.0, 255.0, 255.0, 255.0, 255.0, 255.0, 255.0, 255.0, 255.0, 255.0, 255.0, 255.0, 255.0, 255.0, 255.0, 255.0, 255.0, 255.0, 255.0, 255.0, 255.0, 255.0, 254.0, 252.0, 242.0, 224.0, 197.0, 177.0, 158.0, 131.0, 78.0, 68.0, 68.0, 68.0, 68.0, 68.0, 68.0, 68.0, 68.0, 68.0, 68.0, 68.0, 68.0, 68.0, 68.0, 68.0, 67.0, 60.0, 48.0, 32.0, 30.0, 29.0, 29.0, 29.0, 29.0, 29.0, 29.0, 29.0, 29.0, 29.0, 29.0, 29.0, 29.0, 29.0]	[-245.0, -245.0, -196.0, -91.0, 40.0, 110.0, 167.0, 223.0, 285.0, 337.0, 367.0, 379.0, 383.0, 384.0, 384.0, 385.0, 386.0, 387.0, 387.0, 387.0, 387.0, 387.0, 387.0, 387.0, 387.0, 387.0, 387.0, 387.0, 387.0, 387.0, 387.0, 387.0, 387.0, 387.0, 387.0, 387.0, 387.0, 387.0, 387.0, 387.0, 387.0, 387.0, 387.0, 387.0, 387.0, 387.0, 387.0, 387.0, 387.0, 387.0, 385.0, 374.0, 311.0, 208.0, 95.0, -4.0, -115.0, -240.0, -380.0, -399.0, -399.0, -399.0, -399.0, -399.0, -399.0, -399.0, -399.0, -399.0, -399.0, -399.0, -399.0, -399.0, -399.0, -399.0, -399.0, -398.0, -397.0, -401.0, -403.0, -403.0, -403.0, -403.0, -403.0, -403.0, -403.0, -403.0, -403.0, -403.0, -403.0, -403.0, -403.0, -403.0]	[0, 0, 0, 0, 0, 0, 0, 0, 0, 0, 0, 0, 0, 0, 0, 0, 0, 0, 0, 0, 0, 0, 0, 0, 0, 0, 0, 0, 0, 0, 0, 0, 0, 0, 0, 0, 0, 0, 0, 0, 0, 0, 0, 0, 0, 0, 0, 0, 0, 0, 0, 0, 0, 0, 0, 0, 0, 0, 0, 0, 0, 0, 0, 0, 0, 0, 0, 0, 0, 0, 0, 0, 0, 0, 0, 0, 0, 0, 0, 0, 0, 0, 0, 0, 0, 0, 0, 0, 0, 0, 0, 0]	[0, 0, 0, 0, 0, 0, 0, 0, 0, 0, 0, 0, 0, 0, 0, 0, 0, 0, 0, 0, 0, 0, 0, 0, 0, 0, 0, 0, 0, 0, 0, 0, 0, 0, 0, 0, 0, 0, 0, 0, 0, 0, 0, 0, 0, 0, 0, 0, 0, 0, 0, 0, 0, 0, 0, 0, 0, 0, 0, 0, 0, 0, 0, 0, 0, 0, 0, 0, 0, 0, 0, 0, 0, 0, 0, 0, 0, 0, 0, 0, 0, 0, 0, 0, 0, 0, 0, 0, 0, 0, 0, 0]	[0, 0, 0, 0, 0, 0, 0, 0, 0, 0, 0, 0, 0, 0, 0, 0, 0, 0, 0, 0, 0, 0, 0, 0, 0, 0, 0, 0, 0, 0, 0, 0, 0, 0, 0, 0, 0, 0, 0, 0, 0, 0, 0, 0, 0, 0, 0, 0, 0, 0, 0, 0, 0, 0, 0, 0, 0, 0, 0, 0, 0, 0, 0, 0, 0, 0, 0, 0, 0, 0, 0, 0, 0, 0, 0, 0, 0, 0, 0, 0, 0, 0, 0, 0, 0, 0, 0, 0, 0, 0, 0, 0]	[0.0001957999775186181, 0.011578999925404787, 0.02832539996597916, 0.04512509994674474, 0.06153970002196729, 0.07895569992251694, 0.09477730002254248, 0.11247689998708665, 0.12834039994049817, 0.1451175999827683, 0.16165609995368868, 0.17832409997936338, 0.19480890000704676, 0.2122848000144586, 0.22815350000746548, 0.244717099936679, 0.26133679994381964, 0.27791559998877347, 0.2945985000114888, 0.3116559999762103, 0.32839039992541075, 0.3446237000171095, 0.3612648999551311, 0.3779373000143096, 0.3945405000122264, 0.41150579997338355, 0.42809029994532466, 0.444993200013414, 0.46133009996265173, 0.47803779994137585, 0.49464199994690716, 0.5113107999786735, 0.5279988999245688, 0.5450901000294834, 0.5614300000015646, 0.5780380999203771, 0.5947850999655202, 0.6114032999612391, 0.6279753999551758, 0.6445182999596, 0.6613545999862254, 0.6780766999581829, 0.6948596999282017, 0.7113019999815151, 0.7279700000071898, 0.7447630999376997, 0.7616699000354856, 0.7777450999710709, 0.7947138999588788, 0.8114503999240696, 0.8278394999215379, 0.8445282999891788, 0.8611885999562219, 0.8785340000176802, 0.8950643999269232, 0.9117474999511614, 0.927870300016366, 0.9445109999505803, 0.9611975000007078, 0.9777633999474347, 0.9944528000196442, 1.0113033999223262, 1.027750000008382, 1.0444150000112131, 1.0611217999830842, 1.077826299937442, 1.0944332999642938, 1.1110679999692366, 1.1277582999318838, 1.1443765999283642, 1.1610158999683335, 1.1778931999579072, 1.1943895999575034, 1.211259700008668, 1.2280761000001803, 1.2446713999379426, 1.2610030999640003, 1.2778109000064433, 1.2943984000012279, 1.3108207000186667, 1.3277333999285474, 1.3442398000042886, 1.3609895999543369, 1.3775917999446392, 1.3942869999445975, 1.4108558000298217, 1.4275846999371424, 1.4441916999639943, 1.4608907999936491, 1.4773648999398574, 1.494043199927546, 1.5110006999457255]	n/a	n/a	0.9	19b
491	13	go_nogo	0	60	2	go	click	[131.0, 151.0, 167.0, 186.0, 198.0, 205.0, 208.0, 210.0, 211.0, 211.0, 211.0, 211.0, 211.0, 211.0, 211.0, 211.0, 211.0, 210.0, 209.0, 209.0, 209.0, 209.0, 209.0, 209.0, 209.0, 209.0, 209.0, 209.0, 207.0, 206.0, 206.0, 206.0, 206.0, 206.0, 206.0, 206.0, 206.0, 206.0, 206.0, 206.0, 206.0, 206.0, 207.0, 207.0]	[-125.0, -64.0, -11.0, 77.0, 133.0, 174.0, 206.0, 225.0, 236.0, 241.0, 242.0, 244.0, 247.0, 249.0, 249.0, 249.0, 249.0, 248.0, 247.0, 247.0, 247.0, 247.0, 247.0, 247.0, 247.0, 247.0, 247.0, 253.0, 255.0, 256.0, 256.0, 256.0, 256.0, 256.0, 256.0, 258.0, 260.0, 261.0, 261.0, 261.0, 263.0, 266.0, 267.0, 267.0]	[0, 0, 0, 0, 0, 0, 0, 0, 0, 0, 0, 0, 0, 0, 0, 0, 0, 0, 0, 0, 0, 0, 0, 1, 1, 1, 0, 0, 0, 0, 0, 0, 0, 0, 0, 0, 0, 0, 0, 0, 0, 0, 0, 1]	[0, 0, 0, 0, 0, 0, 0, 0, 0, 0, 0, 0, 0, 0, 0, 0, 0, 0, 0, 0, 0, 0, 0, 0, 0, 0, 0, 0, 0, 0, 0, 0, 0, 0, 0, 0, 0, 0, 0, 0, 0, 0, 0, 0]	[0, 0, 0, 0, 0, 0, 0, 0, 0, 0, 0, 0, 0, 0, 0, 0, 0, 0, 0, 0, 0, 0, 0, 0, 0, 0, 0, 0, 0, 0, 0, 0, 0, 0, 0, 0, 0, 0, 0, 0, 0, 0, 0, 0]	[0.00025159993674606085, 0.009869999950751662, 0.026539699989371, 0.04314780002459884, 0.059970099944621325, 0.07655330002307892, 0.09348349994979799, 0.1102425999706611, 0.12668949994258583, 0.14321629994083196, 0.15992739994544536, 0.17680949997156858, 0.19287749996874481, 0.20955210004467517, 0.2263559999410063, 0.24298969993833452, 0.2597960999701172, 0.27652539999689907, 0.29300409997813404, 0.309549400000833, 0.32627329998649657, 0.34284649998880923, 0.35942100000102073, 0.3764060999965295, 0.3931266999570653, 0.4096403999719769, 0.4261817999649793, 0.4433299000374973, 0.4599809000501409, 0.47611069993581623, 0.4933376000262797, 0.5095439000288025, 0.5261400999734178, 0.542712299968116, 0.559725199942477, 0.5765337999910116, 0.5930433999747038, 0.609377900022082, 0.626250599976629, 0.6429911999730393, 0.6596114999847487, 0.6763247000053525, 0.6925526999402791, 0.709847699967213]	207.0	267.0	0.7	19b
492	13	go_nogo	0	60	8	go	click	[15.0, 15.0, 43.0, 67.0, 89.0, 103.0, 111.0, 118.0, 121.0, 124.0, 124.0, 128.0, 133.0, 142.0, 148.0, 149.0, 149.0, 150.0, 150.0, 152.0, 153.0, 155.0, 159.0, 160.0, 163.0, 165.0, 165.0]	[-248.0, -248.0, -172.0, -86.0, -5.0, 55.0, 90.0, 113.0, 124.0, 131.0, 134.0, 143.0, 161.0, 182.0, 196.0, 199.0, 199.0, 199.0, 203.0, 212.0, 232.0, 257.0, 284.0, 288.0, 297.0, 300.0, 300.0]	[0, 0, 0, 0, 0, 0, 0, 0, 0, 0, 0, 0, 0, 0, 0, 0, 0, 0, 0, 0, 0, 0, 0, 0, 0, 0, 1]	[0, 0, 0, 0, 0, 0, 0, 0, 0, 0, 0, 0, 0, 0, 0, 0, 0, 0, 0, 0, 0, 0, 0, 0, 0, 0, 0]	[0, 0, 0, 0, 0, 0, 0, 0, 0, 0, 0, 0, 0, 0, 0, 0, 0, 0, 0, 0, 0, 0, 0, 0, 0, 0, 0]	[7.760000880807638e-05, 0.009444199968129396, 0.026248899986967444, 0.042821999988518655, 0.05961080000270158, 0.07626449991948903, 0.09293809998780489, 0.11003610002808273, 0.1261596999829635, 0.14278370002284646, 0.1604002999374643, 0.1767519999993965, 0.19291430001612753, 0.20962660002987832, 0.22622349997982383, 0.24283999996259809, 0.25971689994912595, 0.2763018999248743, 0.2931365999393165, 0.30963839998003095, 0.3264796999283135, 0.342752099968493, 0.35938609996810555, 0.37670539994724095, 0.392991799977608, 0.40969160001259297, 0.42627870000433177]	165.0	300.0	0.8	19b
493	13	go_nogo	0	60	4	go	click	[65.0, 65.0, 80.0, 113.0, 137.0, 156.0, 173.0, 182.0, 187.0, 189.0, 192.0, 192.0, 192.0, 192.0, 191.0, 190.0, 189.0, 186.0, 184.0, 183.0, 183.0, 183.0, 183.0]	[-188.0, -188.0, -143.0, -47.0, 17.0, 75.0, 140.0, 180.0, 203.0, 216.0, 224.0, 228.0, 233.0, 239.0, 247.0, 249.0, 250.0, 257.0, 269.0, 284.0, 295.0, 299.0, 300.0]	[0, 0, 0, 0, 0, 0, 0, 0, 0, 0, 0, 0, 0, 0, 0, 0, 0, 0, 0, 0, 0, 0, 1]	[0, 0, 0, 0, 0, 0, 0, 0, 0, 0, 0, 0, 0, 0, 0, 0, 0, 0, 0, 0, 0, 0, 0]	[0, 0, 0, 0, 0, 0, 0, 0, 0, 0, 0, 0, 0, 0, 0, 0, 0, 0, 0, 0, 0, 0, 0]	[0.0005465000867843628, 0.008572500082664192, 0.025478500057943165, 0.04146269999910146, 0.05839730007573962, 0.07483960001263767, 0.09158710006158799, 0.10833380010444671, 0.1251449000556022, 0.1418335000053048, 0.15845740004442632, 0.17495370004326105, 0.19204790005460382, 0.20870590000413358, 0.225471300072968, 0.24233210005331784, 0.258477000053972, 0.27536490000784397, 0.29175940004643053, 0.30809060006868094, 0.32497210009023547, 0.3416961000766605, 0.35872440005186945]	183.0	300.0	0.9	19b
494	13	go_nogo	0	60	2	go	click	[104.0, 104.0, 121.0, 146.0, 165.0, 186.0, 194.0, 202.0, 209.0, 218.0, 227.0, 235.0, 243.0, 251.0, 254.0, 256.0, 256.0, 256.0, 252.0, 247.0, 240.0, 232.0, 222.0, 208.0, 200.0, 195.0, 195.0]	[-175.0, -175.0, -137.0, -80.0, -32.0, 26.0, 63.0, 91.0, 111.0, 127.0, 143.0, 158.0, 182.0, 207.0, 227.0, 240.0, 248.0, 256.0, 265.0, 271.0, 277.0, 282.0, 288.0, 297.0, 303.0, 306.0, 307.0]	[0, 0, 0, 0, 0, 0, 0, 0, 0, 0, 0, 0, 0, 0, 0, 0, 0, 0, 0, 0, 0, 0, 0, 0, 0, 0, 1]	[0, 0, 0, 0, 0, 0, 0, 0, 0, 0, 0, 0, 0, 0, 0, 0, 0, 0, 0, 0, 0, 0, 0, 0, 0, 0, 0]	[0, 0, 0, 0, 0, 0, 0, 0, 0, 0, 0, 0, 0, 0, 0, 0, 0, 0, 0, 0, 0, 0, 0, 0, 0, 0, 0]	[0.00020080001559108496, 0.009641199954785407, 0.02619210002012551, 0.0428420000243932, 0.0599070000462234, 0.07642709999345243, 0.09284870000556111, 0.11008999997284263, 0.12620549998246133, 0.14292779995594174, 0.15948459994979203, 0.176254199934192, 0.19279849994927645, 0.20946669997647405, 0.22611759998835623, 0.2426957000279799, 0.2592684000264853, 0.2761121999938041, 0.29247680003754795, 0.31012969999574125, 0.32594989996869117, 0.34254979994148016, 0.3593756000045687, 0.37603990000206977, 0.3928919000318274, 0.4093198999762535, 0.42646340001374483]	195.0	307.0	0.6	19b
495	13	go_nogo	0	60	2	go	click	[87.0, 87.0, 99.0, 123.0, 158.0, 171.0, 182.0, 188.0, 195.0, 199.0, 200.0, 200.0, 201.0, 201.0, 201.0, 201.0, 201.0, 201.0, 201.0, 200.0, 200.0, 200.0, 200.0]	[-192.0, -192.0, -148.0, -62.0, 49.0, 113.0, 161.0, 193.0, 218.0, 233.0, 241.0, 247.0, 254.0, 263.0, 270.0, 270.0, 270.0, 270.0, 270.0, 277.0, 285.0, 291.0, 291.0]	[0, 0, 0, 0, 0, 0, 0, 0, 0, 0, 0, 0, 0, 0, 0, 0, 0, 0, 0, 0, 0, 0, 1]	[0, 0, 0, 0, 0, 0, 0, 0, 0, 0, 0, 0, 0, 0, 0, 0, 0, 0, 0, 0, 0, 0, 0]	[0, 0, 0, 0, 0, 0, 0, 0, 0, 0, 0, 0, 0, 0, 0, 0, 0, 0, 0, 0, 0, 0, 0]	[0.00029250001534819603, 0.010880100075155497, 0.027492300025187433, 0.04410709999501705, 0.06090879999101162, 0.07816290005575866, 0.09439230000134557, 0.11103430006187409, 0.1276334000285715, 0.14424230006989092, 0.16092040005605668, 0.1777848000638187, 0.19434390007518232, 0.211187900044024, 0.22742880007717758, 0.2440633000805974, 0.2609816000331193, 0.2773993000155315, 0.294320399989374, 0.3112425000872463, 0.3274197999853641, 0.34389620006550103, 0.3611986000323668]	200.0	291.0	0.7	19b
496	13	go_nogo	0	60	7	go	click	[47.0, 47.0, 77.0, 111.0, 139.0, 156.0, 162.0, 169.0, 173.0, 175.0, 176.0, 176.0, 178.0, 179.0, 183.0, 186.0, 193.0, 196.0, 201.0, 201.0, 202.0, 202.0, 203.0]	[-218.0, -218.0, -146.0, -54.0, 47.0, 105.0, 137.0, 168.0, 187.0, 193.0, 196.0, 198.0, 204.0, 211.0, 220.0, 228.0, 238.0, 250.0, 267.0, 279.0, 286.0, 288.0, 289.0]	[0, 0, 0, 0, 0, 0, 0, 0, 0, 0, 0, 0, 0, 0, 0, 0, 0, 0, 0, 0, 0, 0, 1]	[0, 0, 0, 0, 0, 0, 0, 0, 0, 0, 0, 0, 0, 0, 0, 0, 0, 0, 0, 0, 0, 0, 0]	[0, 0, 0, 0, 0, 0, 0, 0, 0, 0, 0, 0, 0, 0, 0, 0, 0, 0, 0, 0, 0, 0, 0]	[0.00019099994096904993, 0.011989899910986423, 0.02829709998331964, 0.04485389997716993, 0.06156089995056391, 0.07828449993394315, 0.09502539993263781, 0.11162389989476651, 0.1281656000064686, 0.14480949996504933, 0.1615979999769479, 0.1782710999250412, 0.19555740000214428, 0.21185339998919517, 0.2283937999745831, 0.24507989990524948, 0.26173849997576326, 0.27851099998224527, 0.29519319999963045, 0.3120840999763459, 0.32832799991592765, 0.34491019998677075, 0.3617138999979943]	203.0	289.0	0.6	19b
497	13	go_nogo	0	60	6	go	click	[102.0, 102.0, 140.0, 166.0, 178.0, 184.0, 185.0, 185.0, 188.0, 190.0, 193.0, 195.0, 196.0, 197.0, 197.0, 197.0, 197.0, 197.0, 197.0, 195.0, 190.0, 189.0, 189.0, 189.0, 189.0]	[-194.0, -194.0, -106.0, -31.0, 21.0, 69.0, 106.0, 134.0, 161.0, 183.0, 194.0, 207.0, 219.0, 230.0, 236.0, 236.0, 236.0, 237.0, 244.0, 255.0, 274.0, 287.0, 300.0, 307.0, 310.0]	[0, 0, 0, 0, 0, 0, 0, 0, 0, 0, 0, 0, 0, 0, 0, 0, 0, 0, 0, 0, 0, 0, 0, 0, 1]	[0, 0, 0, 0, 0, 0, 0, 0, 0, 0, 0, 0, 0, 0, 0, 0, 0, 0, 0, 0, 0, 0, 0, 0, 0]	[0, 0, 0, 0, 0, 0, 0, 0, 0, 0, 0, 0, 0, 0, 0, 0, 0, 0, 0, 0, 0, 0, 0, 0, 0]	[7.95999076217413e-05, 0.010562999988906085, 0.027089299983344972, 0.043873699964024127, 0.060300800018012524, 0.07695609994698316, 0.09380679996684194, 0.11025449994485825, 0.12686989991925657, 0.14363139995839447, 0.16122120001818985, 0.17703259992413223, 0.19448099995497614, 0.21065729996189475, 0.2268218999961391, 0.24328749999403954, 0.26019760000053793, 0.27668599993921816, 0.2934853999176994, 0.3106082999147475, 0.32685419998597354, 0.34362509998027235, 0.36036199994850904, 0.3769265000009909, 0.39366469997912645]	189.0	310.0	0.8	19b
498	13	go_nogo	0	60	6	go	click	[77.0, 77.0, 95.0, 106.0, 106.0, 105.0, 107.0, 110.0, 111.0, 111.0, 111.0, 111.0, 112.0, 112.0, 113.0, 113.0, 116.0, 120.0, 125.0, 133.0, 153.0, 179.0, 196.0, 202.0]	[-192.0, -192.0, -78.0, 43.0, 177.0, 248.0, 272.0, 285.0, 288.0, 288.0, 288.0, 289.0, 290.0, 290.0, 290.0, 290.0, 290.0, 289.0, 286.0, 284.0, 284.0, 288.0, 294.0, 295.0]	[0, 0, 0, 0, 0, 0, 0, 0, 0, 0, 0, 0, 0, 0, 0, 0, 0, 0, 0, 0, 0, 0, 0, 1]	[0, 0, 0, 0, 0, 0, 0, 0, 0, 0, 0, 0, 0, 0, 0, 0, 0, 0, 0, 0, 0, 0, 0, 0]	[0, 0, 0, 0, 0, 0, 0, 0, 0, 0, 0, 0, 0, 0, 0, 0, 0, 0, 0, 0, 0, 0, 0, 0]	[0.00021349999587982893, 0.013281699968501925, 0.029392399941571057, 0.04610119992867112, 0.062870999914594, 0.07956899993587285, 0.09613019996322691, 0.11271249991841614, 0.12951809994410723, 0.14603960001841187, 0.16278210002928972, 0.17962069995701313, 0.19613519997801632, 0.21408089995384216, 0.22928690002299845, 0.2462274000281468, 0.262947199982591, 0.27935760002583265, 0.2963238999946043, 0.3126331999665126, 0.3293257999466732, 0.34619429998565465, 0.36266129999421537, 0.3795645999489352]	203.0	295.0	0.9	19b
499	13	go_nogo	0	60	1	nogo	none	[63.0, 63.0, 94.0, 126.0, 145.0, 157.0, 172.0, 182.0, 188.0, 194.0, 196.0, 200.0, 203.0, 203.0, 204.0, 204.0, 206.0, 206.0, 207.0, 207.0, 207.0, 207.0, 207.0, 207.0, 207.0, 207.0, 207.0, 207.0, 207.0, 207.0, 207.0, 207.0, 207.0, 207.0, 207.0, 207.0, 207.0, 207.0, 207.0, 207.0, 207.0, 207.0, 207.0, 207.0, 207.0, 207.0, 207.0, 207.0, 207.0, 207.0, 207.0, 207.0, 207.0, 207.0, 207.0, 207.0, 207.0, 207.0, 207.0, 207.0, 207.0, 207.0, 207.0, 207.0]	[-217.0, -217.0, -119.0, -31.0, 23.0, 63.0, 102.0, 131.0, 156.0, 173.0, 188.0, 202.0, 219.0, 228.0, 238.0, 251.0, 267.0, 278.0, 286.0, 290.0, 292.0, 293.0, 294.0, 296.0, 296.0, 296.0, 296.0, 296.0, 296.0, 296.0, 296.0, 296.0, 296.0, 296.0, 296.0, 296.0, 296.0, 296.0, 296.0, 296.0, 296.0, 296.0, 296.0, 296.0, 296.0, 296.0, 296.0, 296.0, 296.0, 296.0, 296.0, 296.0, 296.0, 296.0, 296.0, 296.0, 296.0, 296.0, 296.0, 296.0, 296.0, 296.0, 296.0, 296.0]	[0, 0, 0, 0, 0, 0, 0, 0, 0, 0, 0, 0, 0, 0, 0, 0, 0, 0, 0, 0, 0, 0, 0, 0, 0, 0, 0, 0, 0, 0, 0, 0, 0, 0, 0, 0, 0, 0, 0, 0, 0, 0, 0, 0, 0, 0, 0, 0, 0, 0, 0, 0, 0, 0, 0, 0, 0, 0, 0, 0, 0, 0, 0, 0]	[0, 0, 0, 0, 0, 0, 0, 0, 0, 0, 0, 0, 0, 0, 0, 0, 0, 0, 0, 0, 0, 0, 0, 0, 0, 0, 0, 0, 0, 0, 0, 0, 0, 0, 0, 0, 0, 0, 0, 0, 0, 0, 0, 0, 0, 0, 0, 0, 0, 0, 0, 0, 0, 0, 0, 0, 0, 0, 0, 0, 0, 0, 0, 0]	[0, 0, 0, 0, 0, 0, 0, 0, 0, 0, 0, 0, 0, 0, 0, 0, 0, 0, 0, 0, 0, 0, 0, 0, 0, 0, 0, 0, 0, 0, 0, 0, 0, 0, 0, 0, 0, 0, 0, 0, 0, 0, 0, 0, 0, 0, 0, 0, 0, 0, 0, 0, 0, 0, 0, 0, 0, 0, 0, 0, 0, 0, 0, 0]	[0.00019149994477629662, 0.010771299945190549, 0.02803469996433705, 0.044828099897131324, 0.060657599940896034, 0.07750759995542467, 0.09423869999591261, 0.11087819992098957, 0.12754579994361848, 0.1441731998929754, 0.16062219999730587, 0.17736380000133067, 0.19378219998907298, 0.21111749997362494, 0.22774229990318418, 0.24471549992449582, 0.2605471999850124, 0.27719860000070184, 0.2941389000043273, 0.31062309991102666, 0.3272819999838248, 0.3441687999293208, 0.3609546999214217, 0.37734489992726594, 0.39374599989969283, 0.41084639995824546, 0.4271766999736428, 0.443815799895674, 0.4605343999573961, 0.47717979992739856, 0.4940136999357492, 0.5105686999158934, 0.5271921999519691, 0.5438091999385506, 0.5604680998949334, 0.5772283999249339, 0.5937757999636233, 0.6104171999031678, 0.6273249000078067, 0.6437471999088302, 0.6604925999417901, 0.6771600999636576, 0.6938762000063434, 0.7104943000013009, 0.7271289000054821, 0.7438631999539211, 0.7603537999093533, 0.7768148999894038, 0.793610299937427, 0.8100390000035986, 0.8267778999870643, 0.8434235999593511, 0.8602108999621123, 0.8768250999273732, 0.8934710999019444, 0.9101834999164566, 0.9272470999276266, 0.9438672999385744, 0.9604381999233738, 0.9769935999065638, 0.9937204999150708, 1.010426599998027, 1.0270204999251291, 1.0435153999133036]	n/a	n/a	0.6	19b
500	13	go_nogo	0	60	3	go	click	[7.0, 17.0, 30.0, 59.0, 84.0, 101.0, 115.0, 125.0, 134.0, 139.0, 144.0, 148.0, 153.0, 158.0, 162.0, 164.0, 166.0, 168.0, 171.0, 176.0, 181.0, 185.0, 188.0, 192.0, 193.0]	[-279.0, -239.0, -190.0, -85.0, 12.0, 70.0, 108.0, 137.0, 159.0, 174.0, 188.0, 198.0, 212.0, 223.0, 231.0, 235.0, 241.0, 245.0, 254.0, 264.0, 274.0, 284.0, 292.0, 303.0, 305.0]	[0, 0, 0, 0, 0, 0, 0, 0, 0, 0, 0, 0, 0, 0, 0, 0, 0, 0, 0, 0, 0, 0, 0, 0, 1]	[0, 0, 0, 0, 0, 0, 0, 0, 0, 0, 0, 0, 0, 0, 0, 0, 0, 0, 0, 0, 0, 0, 0, 0, 0]	[0, 0, 0, 0, 0, 0, 0, 0, 0, 0, 0, 0, 0, 0, 0, 0, 0, 0, 0, 0, 0, 0, 0, 0, 0]	[0.00012700003571808338, 0.009716100059449673, 0.02641399996355176, 0.04333969997242093, 0.05969230004120618, 0.07624349999241531, 0.09311969997361302, 0.10957149998284876, 0.12640649999957532, 0.1429080000380054, 0.15962799999397248, 0.17626590002328157, 0.19286800001282245, 0.2097704999614507, 0.22649819997604936, 0.24318240000866354, 0.2596036000177264, 0.2764200000092387, 0.29279470001347363, 0.31023110006935894, 0.3263559000333771, 0.3429127000272274, 0.3594441000605002, 0.37629390007350594, 0.3926455000182614]	193.0	305.0	0.7	19b
501	13	go_nogo	0	60	4	go	click	[92.0, 92.0, 131.0, 162.0, 173.0, 183.0, 187.0, 191.0, 195.0, 198.0, 199.0, 201.0, 201.0, 201.0, 201.0, 199.0, 196.0, 195.0, 193.0, 193.0, 193.0]	[-129.0, -129.0, -10.0, 92.0, 137.0, 162.0, 181.0, 196.0, 211.0, 226.0, 237.0, 247.0, 251.0, 253.0, 255.0, 261.0, 274.0, 293.0, 307.0, 308.0, 308.0]	[0, 0, 0, 0, 0, 0, 0, 0, 0, 0, 0, 0, 0, 0, 0, 0, 0, 0, 0, 0, 1]	[0, 0, 0, 0, 0, 0, 0, 0, 0, 0, 0, 0, 0, 0, 0, 0, 0, 0, 0, 0, 0]	[0, 0, 0, 0, 0, 0, 0, 0, 0, 0, 0, 0, 0, 0, 0, 0, 0, 0, 0, 0, 0]	[0.00023229990620166063, 0.011315599898807704, 0.02783029992133379, 0.04451799998059869, 0.061235299916006625, 0.07787989999633282, 0.09455179993528873, 0.11142659990582615, 0.12844139989465475, 0.14492989995051175, 0.16137859993614256, 0.1781868999823928, 0.19506109994836152, 0.21139439998660237, 0.22825509996619076, 0.24516239995136857, 0.2612463999539614, 0.27783869998529553, 0.29441449989099056, 0.31105259992182255, 0.3278586999513209]	193.0	308.0	1.0	19b
502	13	go_nogo	0	60	2	go	click	[13.0, 13.0, 19.0, 26.0, 29.0, 32.0, 41.0, 52.0, 66.0, 78.0, 87.0, 90.0, 95.0, 101.0, 108.0, 123.0, 139.0, 156.0, 163.0, 166.0, 167.0, 169.0, 172.0, 179.0, 182.0, 189.0, 191.0, 192.0, 192.0, 192.0, 192.0, 192.0]	[-176.0, -176.0, -61.0, 27.0, 65.0, 101.0, 136.0, 175.0, 208.0, 231.0, 247.0, 255.0, 262.0, 276.0, 294.0, 325.0, 356.0, 373.0, 377.0, 377.0, 377.0, 375.0, 370.0, 355.0, 348.0, 335.0, 333.0, 332.0, 332.0, 332.0, 332.0, 332.0]	[0, 0, 0, 0, 0, 0, 0, 0, 0, 0, 0, 0, 0, 0, 0, 0, 0, 0, 0, 0, 0, 0, 0, 0, 0, 0, 0, 0, 0, 0, 0, 1]	[0, 0, 0, 0, 0, 0, 0, 0, 0, 0, 0, 0, 0, 0, 0, 0, 0, 0, 0, 0, 0, 0, 0, 0, 0, 0, 0, 0, 0, 0, 0, 0]	[0, 0, 0, 0, 0, 0, 0, 0, 0, 0, 0, 0, 0, 0, 0, 0, 0, 0, 0, 0, 0, 0, 0, 0, 0, 0, 0, 0, 0, 0, 0, 0]	[0.00023539992980659008, 0.010223499964922667, 0.02623309998307377, 0.04296250001061708, 0.05967009998857975, 0.07635989994741976, 0.09305959998164326, 0.10987799998838454, 0.12648650002665818, 0.1430879000108689, 0.15936429996509105, 0.1761071999790147, 0.19298169994726777, 0.20961759996134788, 0.2263465999858454, 0.2429928999627009, 0.2596649000188336, 0.27614480000920594, 0.29284679994452745, 0.30979900003876537, 0.3262961000436917, 0.3431257000193, 0.35977780004031956, 0.37611750001087785, 0.39281889994163066, 0.41020119993481785, 0.42657000001054257, 0.44286349997855723, 0.45945570000912994, 0.47610600001644343, 0.49289340001996607, 0.5097398000070825]	193.0	332.0	1.0	19b
503	13	go_nogo	0	60	2	go	click	[42.0, 42.0, 57.0, 87.0, 109.0, 127.0, 134.0, 140.0, 144.0, 150.0, 154.0, 155.0, 155.0, 156.0, 157.0, 160.0, 161.0, 164.0, 168.0, 174.0, 177.0, 182.0, 184.0, 186.0, 188.0, 188.0]	[-192.0, -192.0, -142.0, -59.0, 7.0, 91.0, 129.0, 156.0, 179.0, 192.0, 199.0, 202.0, 205.0, 207.0, 211.0, 218.0, 223.0, 239.0, 254.0, 268.0, 279.0, 286.0, 291.0, 295.0, 298.0, 299.0]	[0, 0, 0, 0, 0, 0, 0, 0, 0, 0, 0, 0, 0, 0, 0, 0, 0, 0, 0, 0, 0, 0, 0, 0, 0, 1]	[0, 0, 0, 0, 0, 0, 0, 0, 0, 0, 0, 0, 0, 0, 0, 0, 0, 0, 0, 0, 0, 0, 0, 0, 0, 0]	[0, 0, 0, 0, 0, 0, 0, 0, 0, 0, 0, 0, 0, 0, 0, 0, 0, 0, 0, 0, 0, 0, 0, 0, 0, 0]	[0.00024960003793239594, 0.012010600068606436, 0.0286456000758335, 0.04571169998962432, 0.06216109998058528, 0.07899370009545237, 0.09570380009245127, 0.11227580008562654, 0.12880220008082688, 0.14570330001879483, 0.16232960007619113, 0.17898870003409684, 0.19562550005503, 0.21250710007734597, 0.22916620003525168, 0.24569430004339665, 0.2625712000299245, 0.2791154000442475, 0.2957998000783846, 0.3122148000402376, 0.32900959998369217, 0.3456146999960765, 0.3623530000913888, 0.3791293000103906, 0.39572899998165667, 0.41305189998820424]	189.0	299.0	0.7	19b
504	13	go_nogo	0	60	9	nogo	none	[41.0, 41.0, 56.0, 91.0, 125.0, 147.0, 161.0, 180.0, 188.0, 194.0, 196.0, 200.0, 203.0, 206.0, 208.0, 209.0, 209.0, 209.0, 209.0, 209.0, 209.0, 209.0, 209.0, 209.0]	[-223.0, -223.0, -177.0, -93.0, -16.0, 36.0, 79.0, 138.0, 165.0, 188.0, 203.0, 216.0, 229.0, 243.0, 254.0, 259.0, 261.0, 261.0, 263.0, 271.0, 277.0, 283.0, 283.0, 283.0]	[0, 0, 0, 0, 0, 0, 0, 0, 0, 0, 0, 0, 0, 0, 0, 0, 0, 0, 0, 0, 0, 0, 0, 1]	[0, 0, 0, 0, 0, 0, 0, 0, 0, 0, 0, 0, 0, 0, 0, 0, 0, 0, 0, 0, 0, 0, 0, 0]	[0, 0, 0, 0, 0, 0, 0, 0, 0, 0, 0, 0, 0, 0, 0, 0, 0, 0, 0, 0, 0, 0, 0, 0]	[0.00020050001330673695, 0.01162480004131794, 0.028034500079229474, 0.04497020004782826, 0.06138180010020733, 0.07850930001586676, 0.09541840001475066, 0.11165810003876686, 0.12846000003628433, 0.14512710005510598, 0.16162450006231666, 0.17821470007766038, 0.1950039000948891, 0.2115973000181839, 0.22817920008674264, 0.2450547000626102, 0.2614793000975624, 0.2780584000283852, 0.29534990002866834, 0.31192060001194477, 0.32835800002794713, 0.34468460001517087, 0.36137710011098534, 0.37832510005682707]	209.0	283.0	0.9	19b
505	13	go_nogo	0	60	6	go	click	[40.0, 40.0, 61.0, 102.0, 133.0, 147.0, 163.0, 171.0, 180.0, 189.0, 198.0, 209.0, 219.0, 232.0, 242.0, 245.0, 248.0, 249.0, 251.0, 253.0, 253.0, 253.0, 253.0, 253.0, 253.0, 253.0, 253.0, 253.0, 253.0, 253.0, 250.0, 236.0, 223.0, 218.0, 216.0, 215.0, 215.0, 215.0, 215.0]	[-205.0, -205.0, -155.0, -65.0, 7.0, 47.0, 91.0, 118.0, 143.0, 162.0, 186.0, 209.0, 234.0, 265.0, 293.0, 306.0, 315.0, 323.0, 331.0, 340.0, 340.0, 340.0, 340.0, 340.0, 340.0, 340.0, 340.0, 340.0, 340.0, 338.0, 335.0, 321.0, 311.0, 307.0, 306.0, 305.0, 305.0, 305.0, 305.0]	[0, 0, 0, 0, 0, 0, 0, 0, 0, 0, 0, 0, 0, 0, 0, 0, 0, 0, 0, 0, 0, 1, 1, 1, 1, 1, 1, 0, 0, 0, 0, 0, 0, 0, 0, 0, 0, 0, 1]	[0, 0, 0, 0, 0, 0, 0, 0, 0, 0, 0, 0, 0, 0, 0, 0, 0, 0, 0, 0, 0, 0, 0, 0, 0, 0, 0, 0, 0, 0, 0, 0, 0, 0, 0, 0, 0, 0, 0]	[0, 0, 0, 0, 0, 0, 0, 0, 0, 0, 0, 0, 0, 0, 0, 0, 0, 0, 0, 0, 0, 0, 0, 0, 0, 0, 0, 0, 0, 0, 0, 0, 0, 0, 0, 0, 0, 0, 0]	[0.00024860003031790257, 0.0105372000252828, 0.027321200002916157, 0.04399370006285608, 0.06089970003813505, 0.07739930006209761, 0.09412600006908178, 0.11070940003264695, 0.12805030005984008, 0.14450890000443906, 0.16054100007750094, 0.17740140005480498, 0.1939788000890985, 0.21096280007623136, 0.2272892000619322, 0.2439326000167057, 0.26067670003976673, 0.27743520005606115, 0.2942299999995157, 0.3106477000983432, 0.32720160007011145, 0.3441966000245884, 0.3604763000039384, 0.37765590008348227, 0.39397870004177094, 0.4105383000569418, 0.427216500043869, 0.44439130008686334, 0.4608922000043094, 0.4773583000060171, 0.49396330001764, 0.5106397999916226, 0.5277718000579625, 0.5439524000976235, 0.5607335000531748, 0.5770732000237331, 0.5939261000603437, 0.6104597999947146, 0.6275236000074074]	215.0	305.0	0.8	19b
506	13	go_nogo	0	60	4	go	click	[60.0, 60.0, 90.0, 119.0, 146.0, 156.0, 160.0, 166.0, 170.0, 174.0, 179.0, 184.0, 190.0, 195.0, 196.0, 196.0, 196.0, 196.0, 197.0, 197.0, 197.0, 197.0]	[-267.0, -267.0, -180.0, -78.0, 34.0, 127.0, 191.0, 225.0, 244.0, 251.0, 261.0, 271.0, 288.0, 296.0, 298.0, 299.0, 299.0, 299.0, 301.0, 303.0, 303.0, 303.0]	[0, 0, 0, 0, 0, 0, 0, 0, 0, 0, 0, 0, 0, 0, 0, 0, 0, 0, 0, 0, 0, 1]	[0, 0, 0, 0, 0, 0, 0, 0, 0, 0, 0, 0, 0, 0, 0, 0, 0, 0, 0, 0, 0, 0]	[0, 0, 0, 0, 0, 0, 0, 0, 0, 0, 0, 0, 0, 0, 0, 0, 0, 0, 0, 0, 0, 0]	[8.589995559304953e-05, 0.01091039995662868, 0.027262500021606684, 0.044029499986208975, 0.06098459998611361, 0.07774460001382977, 0.0943346000276506, 0.11111579998396337, 0.12803240003995597, 0.1443963999627158, 0.16115659999195486, 0.17838619998656213, 0.1945077000418678, 0.21086760004982352, 0.22754039999563247, 0.24421470006927848, 0.26077230006922036, 0.2773915999568999, 0.29411200003232807, 0.3104627999709919, 0.32725219998974353, 0.34418650006409734]	197.0	303.0	0.7	19b
507	13	go_nogo	0	60	7	go	click	[48.0, 48.0, 60.0, 80.0, 105.0, 143.0, 165.0, 175.0, 180.0, 183.0, 184.0, 185.0, 185.0, 185.0, 185.0, 185.0, 185.0, 185.0, 185.0, 185.0, 184.0, 181.0, 175.0, 171.0, 171.0, 171.0, 171.0]	[-225.0, -225.0, -184.0, -92.0, 44.0, 267.0, 337.0, 364.0, 380.0, 393.0, 399.0, 401.0, 401.0, 401.0, 401.0, 401.0, 401.0, 401.0, 399.0, 395.0, 387.0, 372.0, 351.0, 330.0, 314.0, 305.0, 300.0]	[0, 0, 0, 0, 0, 0, 0, 0, 0, 0, 0, 0, 0, 0, 0, 0, 0, 0, 0, 0, 0, 0, 0, 0, 0, 0, 1]	[0, 0, 0, 0, 0, 0, 0, 0, 0, 0, 0, 0, 0, 0, 0, 0, 0, 0, 0, 0, 0, 0, 0, 0, 0, 0, 0]	[0, 0, 0, 0, 0, 0, 0, 0, 0, 0, 0, 0, 0, 0, 0, 0, 0, 0, 0, 0, 0, 0, 0, 0, 0, 0, 0]	[0.0002525000600144267, 0.011763600050471723, 0.028305700048804283, 0.04511200007982552, 0.06183350004721433, 0.07833460008259863, 0.09555219998583198, 0.11182840005494654, 0.12826919998042285, 0.14530880004167557, 0.16172590001951903, 0.1786438999697566, 0.19500629999674857, 0.21150670002680272, 0.22870870004408062, 0.2449413000140339, 0.2616616999730468, 0.2783641000278294, 0.295181900030002, 0.3118561999872327, 0.32851560006383806, 0.3450466999784112, 0.3619110999861732, 0.3789923000149429, 0.39539499999955297, 0.4119500999804586, 0.4286365000298247]	171.0	299.0	0.9	19b
508	13	go_nogo	0	60	9	nogo	none	[93.0, 93.0, 114.0, 142.0, 164.0, 170.0, 174.0, 176.0, 176.0, 178.0, 181.0, 183.0, 191.0, 199.0, 200.0, 201.0, 201.0, 203.0, 204.0, 206.0, 206.0, 206.0]	[-231.0, -231.0, -127.0, 9.0, 128.0, 185.0, 217.0, 234.0, 243.0, 253.0, 264.0, 276.0, 298.0, 307.0, 308.0, 308.0, 308.0, 310.0, 313.0, 315.0, 315.0, 315.0]	[0, 0, 0, 0, 0, 0, 0, 0, 0, 0, 0, 0, 0, 0, 0, 0, 0, 0, 0, 0, 0, 1]	[0, 0, 0, 0, 0, 0, 0, 0, 0, 0, 0, 0, 0, 0, 0, 0, 0, 0, 0, 0, 0, 0]	[0, 0, 0, 0, 0, 0, 0, 0, 0, 0, 0, 0, 0, 0, 0, 0, 0, 0, 0, 0, 0, 0]	[0.00029690004885196686, 0.010214900015853345, 0.026502600056119263, 0.043220599996857345, 0.06031329999677837, 0.07658490003086627, 0.09333920001517981, 0.10985070001333952, 0.12688980007078499, 0.1433820000384003, 0.1602277000201866, 0.1769138000672683, 0.19391440006438643, 0.21039760007988662, 0.2266245000064373, 0.24306330003309995, 0.2600741001078859, 0.2767604000400752, 0.29378000006545335, 0.30989450006745756, 0.3267281000735238, 0.3437823000131175]	206.0	315.0	0.9	19b
509	13	go_nogo	0	60	3	go	click	[75.0, 95.0, 109.0, 128.0, 146.0, 155.0, 165.0, 172.0, 178.0, 180.0, 181.0, 181.0, 182.0, 185.0, 186.0, 187.0, 187.0, 187.0, 187.0]	[-192.0, -123.0, -59.0, 60.0, 155.0, 203.0, 236.0, 257.0, 267.0, 274.0, 276.0, 276.0, 279.0, 286.0, 291.0, 293.0, 293.0, 294.0, 294.0]	[0, 0, 0, 0, 0, 0, 0, 0, 0, 0, 0, 0, 0, 0, 0, 0, 0, 0, 1]	[0, 0, 0, 0, 0, 0, 0, 0, 0, 0, 0, 0, 0, 0, 0, 0, 0, 0, 0]	[0, 0, 0, 0, 0, 0, 0, 0, 0, 0, 0, 0, 0, 0, 0, 0, 0, 0, 0]	[7.6299998909235e-05, 0.010328900068998337, 0.02752840006724, 0.043773500015959144, 0.06037700001616031, 0.07689720008056611, 0.0936215000692755, 0.11045670008752495, 0.12709339999128133, 0.1437257999787107, 0.1602281000232324, 0.17730840004514903, 0.19375490001402795, 0.21027699997648597, 0.22700670000631362, 0.24329340003896505, 0.2603376000188291, 0.2768403000663966, 0.29372529999818653]	187.0	294.0	1.0	19b
510	13	go_nogo	0	60	1	nogo	none	[70.0, 70.0, 92.0, 113.0, 131.0, 148.0, 157.0, 164.0, 169.0, 173.0, 175.0, 176.0, 177.0, 179.0, 180.0, 180.0, 180.0, 180.0, 180.0, 180.0, 180.0, 180.0, 180.0, 180.0, 180.0, 180.0, 180.0, 180.0, 180.0, 180.0, 180.0, 180.0, 180.0, 180.0, 180.0, 180.0, 180.0, 180.0, 180.0, 180.0, 180.0, 180.0, 180.0, 180.0, 180.0, 180.0, 180.0, 180.0, 180.0, 180.0, 180.0, 180.0, 180.0, 180.0, 180.0, 180.0, 180.0]	[-262.0, -262.0, -173.0, -70.0, 30.0, 117.0, 168.0, 202.0, 234.0, 255.0, 262.0, 267.0, 275.0, 284.0, 287.0, 287.0, 287.0, 287.0, 287.0, 287.0, 287.0, 287.0, 287.0, 287.0, 287.0, 287.0, 287.0, 287.0, 287.0, 287.0, 287.0, 287.0, 287.0, 287.0, 287.0, 287.0, 287.0, 287.0, 287.0, 287.0, 287.0, 287.0, 287.0, 287.0, 287.0, 287.0, 287.0, 287.0, 287.0, 285.0, 285.0, 284.0, 284.0, 284.0, 284.0, 284.0, 284.0]	[0, 0, 0, 0, 0, 0, 0, 0, 0, 0, 0, 0, 0, 0, 0, 0, 0, 0, 0, 0, 0, 0, 0, 0, 0, 0, 0, 0, 0, 0, 0, 0, 0, 0, 0, 0, 0, 0, 0, 0, 0, 0, 0, 0, 0, 0, 0, 0, 0, 0, 0, 0, 0, 0, 0, 0, 0]	[0, 0, 0, 0, 0, 0, 0, 0, 0, 0, 0, 0, 0, 0, 0, 0, 0, 0, 0, 0, 0, 0, 0, 0, 0, 0, 0, 0, 0, 0, 0, 0, 0, 0, 0, 0, 0, 0, 0, 0, 0, 0, 0, 0, 0, 0, 0, 0, 0, 0, 0, 0, 0, 0, 0, 0, 0]	[0, 0, 0, 0, 0, 0, 0, 0, 0, 0, 0, 0, 0, 0, 0, 0, 0, 0, 0, 0, 0, 0, 0, 0, 0, 0, 0, 0, 0, 0, 0, 0, 0, 0, 0, 0, 0, 0, 0, 0, 0, 0, 0, 0, 0, 0, 0, 0, 0, 0, 0, 0, 0, 0, 0, 0, 0]	[0.00021229998674243689, 0.010272699990309775, 0.027147100074216723, 0.043316800030879676, 0.060041400021873415, 0.07650930003728718, 0.09305850008968264, 0.10984950000420213, 0.12659800006076694, 0.14306460006628186, 0.15978450002148747, 0.17672139999922365, 0.1931404999922961, 0.20985380001366138, 0.22631010005716234, 0.24295210000127554, 0.25964020006358624, 0.27632940001785755, 0.29293720005080104, 0.3095439000753686, 0.3263810999924317, 0.3430056000361219, 0.35954890004359186, 0.37637040007393807, 0.3930858999956399, 0.409656000090763, 0.4264130999799818, 0.4431813000701368, 0.4596562000224367, 0.4761858000420034, 0.4929601000621915, 0.5097410000162199, 0.5263330000452697, 0.5428166000638157, 0.5597387000452727, 0.5762971000513062, 0.5928656000178307, 0.6096692000282928, 0.6265005000168458, 0.6428974000737071, 0.6595518999965861, 0.6762614999897778, 0.6929105999879539, 0.7094809000845999, 0.7262940000509843, 0.7429952999809757, 0.7595580000197515, 0.7761078000767156, 0.7931845000712201, 0.8093880000524223, 0.8259452000493184, 0.8429467000532895, 0.8593616000143811, 0.876240500016138, 0.8928596000187099, 0.9095614000689238, 0.9261736000189558]	n/a	n/a	0.6	19b
511	13	go_nogo	0	60	8	go	click	[68.0, 68.0, 101.0, 131.0, 150.0, 162.0, 173.0, 181.0, 186.0, 188.0, 189.0, 189.0, 191.0, 193.0, 193.0, 193.0, 193.0, 193.0, 193.0, 193.0, 193.0, 193.0, 193.0, 193.0, 191.0, 187.0, 186.0, 186.0, 186.0]	[-176.0, -176.0, -51.0, 70.0, 154.0, 225.0, 276.0, 313.0, 338.0, 349.0, 353.0, 357.0, 362.0, 372.0, 373.0, 373.0, 373.0, 373.0, 373.0, 373.0, 373.0, 373.0, 373.0, 373.0, 366.0, 348.0, 341.0, 334.0, 329.0]	[0, 0, 0, 0, 0, 0, 0, 0, 0, 0, 0, 0, 0, 0, 0, 0, 0, 0, 0, 0, 0, 0, 0, 0, 0, 0, 0, 0, 1]	[0, 0, 0, 0, 0, 0, 0, 0, 0, 0, 0, 0, 0, 0, 0, 0, 0, 0, 0, 0, 0, 0, 0, 0, 0, 0, 0, 0, 0]	[0, 0, 0, 0, 0, 0, 0, 0, 0, 0, 0, 0, 0, 0, 0, 0, 0, 0, 0, 0, 0, 0, 0, 0, 0, 0, 0, 0, 0]	[0.0002085000742226839, 0.009422900038771331, 0.025961800012737513, 0.04269260005094111, 0.05918590002693236, 0.0759615000570193, 0.09241260006092489, 0.10916049999650568, 0.12591609999071807, 0.1426669000647962, 0.1591684001032263, 0.17606230010278523, 0.19305900007020682, 0.20947680005338043, 0.22583950008265674, 0.2424462999915704, 0.2592602000804618, 0.27582790004089475, 0.2920988000696525, 0.30897610005922616, 0.32571260002441704, 0.3424376000184566, 0.3588882000185549, 0.3758236001012847, 0.39250190008897334, 0.40888170001562685, 0.4259704001015052, 0.4423489000182599, 0.45944550004787743]	187.0	326.0	0.9	19b
512	13	go_nogo	0	60	4	go	click	[96.0, 96.0, 107.0, 130.0, 160.0, 179.0, 188.0, 192.0, 194.0, 195.0, 196.0, 199.0, 201.0, 202.0, 203.0, 203.0, 203.0, 203.0, 203.0, 203.0, 203.0, 203.0]	[-196.0, -196.0, -144.0, -43.0, 100.0, 184.0, 221.0, 240.0, 248.0, 252.0, 256.0, 263.0, 277.0, 284.0, 286.0, 289.0, 291.0, 294.0, 301.0, 304.0, 304.0, 304.0]	[0, 0, 0, 0, 0, 0, 0, 0, 0, 0, 0, 0, 0, 0, 0, 0, 0, 0, 0, 0, 0, 1]	[0, 0, 0, 0, 0, 0, 0, 0, 0, 0, 0, 0, 0, 0, 0, 0, 0, 0, 0, 0, 0, 0]	[0, 0, 0, 0, 0, 0, 0, 0, 0, 0, 0, 0, 0, 0, 0, 0, 0, 0, 0, 0, 0, 0]	[0.00019050005357712507, 0.010365099995397031, 0.026955400011502206, 0.04387169994879514, 0.060791100026108325, 0.07798099995125085, 0.09397559997159988, 0.11027279996778816, 0.1273153000511229, 0.14362610003445297, 0.16030450002290308, 0.17713079997338355, 0.19396109995432198, 0.21010739996563643, 0.22711610002443194, 0.24353049998171628, 0.2606947999447584, 0.27734699996653944, 0.2936422999482602, 0.3100733000319451, 0.3268794999457896, 0.3439103999407962]	203.0	304.0	0.8	19b
513	13	go_nogo	0	60	8	go	click	[9.0, 9.0, 35.0, 63.0, 100.0, 129.0, 145.0, 155.0, 164.0, 174.0, 182.0, 190.0, 194.0, 196.0, 196.0, 196.0, 196.0, 197.0, 197.0, 197.0, 198.0]	[-273.0, -273.0, -198.0, -96.0, 7.0, 83.0, 124.0, 157.0, 186.0, 210.0, 237.0, 257.0, 270.0, 277.0, 277.0, 277.0, 277.0, 277.0, 277.0, 277.0, 277.0]	[0, 0, 0, 0, 0, 0, 0, 0, 0, 0, 0, 0, 0, 0, 0, 0, 0, 0, 0, 0, 1]	[0, 0, 0, 0, 0, 0, 0, 0, 0, 0, 0, 0, 0, 0, 0, 0, 0, 0, 0, 0, 0]	[0, 0, 0, 0, 0, 0, 0, 0, 0, 0, 0, 0, 0, 0, 0, 0, 0, 0, 0, 0, 0]	[0.00012280000373721123, 0.011094999965280294, 0.027496400056406856, 0.04435520002152771, 0.060995400068350136, 0.07778559997677803, 0.09443369996733963, 0.11115510005038232, 0.12775059998966753, 0.14434060000348836, 0.16106449998915195, 0.1777706000721082, 0.19429909996688366, 0.21087379998061806, 0.2278482000110671, 0.2443353000562638, 0.2609230000525713, 0.2775502000004053, 0.2941205999813974, 0.3110745999729261, 0.3277403999818489]	198.0	277.0	0.5	19b
514	13	go_nogo	0	60	4	go	click	[72.0, 72.0, 101.0, 135.0, 160.0, 175.0, 186.0, 196.0, 204.0, 207.0, 211.0, 213.0, 214.0, 216.0, 216.0, 216.0, 216.0, 216.0, 213.0, 208.0, 202.0, 201.0, 201.0, 201.0, 201.0]	[-252.0, -252.0, -173.0, -70.0, 27.0, 91.0, 135.0, 171.0, 200.0, 219.0, 227.0, 238.0, 243.0, 251.0, 252.0, 252.0, 252.0, 252.0, 259.0, 271.0, 288.0, 301.0, 305.0, 306.0, 306.0]	[0, 0, 0, 0, 0, 0, 0, 0, 0, 0, 0, 0, 0, 0, 0, 0, 0, 0, 0, 0, 0, 0, 0, 0, 1]	[0, 0, 0, 0, 0, 0, 0, 0, 0, 0, 0, 0, 0, 0, 0, 0, 0, 0, 0, 0, 0, 0, 0, 0, 0]	[0, 0, 0, 0, 0, 0, 0, 0, 0, 0, 0, 0, 0, 0, 0, 0, 0, 0, 0, 0, 0, 0, 0, 0, 0]	[0.00022679998073726892, 0.011524999979883432, 0.027899299981072545, 0.04437240003608167, 0.060988000012002885, 0.0777904000133276, 0.0948867000406608, 0.11197119997814298, 0.1278832999523729, 0.14452560001518577, 0.16138730000238866, 0.17777639999985695, 0.19448980002198368, 0.21109330002218485, 0.22781139996368438, 0.24435369996353984, 0.26096220000181347, 0.2777729999506846, 0.2943273999262601, 0.3110310999909416, 0.3279812999535352, 0.34488210000563413, 0.3611021999968216, 0.37770369998179376, 0.39426900004036725]	201.0	306.0	0.8	19b
515	13	go_nogo	0	60	4	go	click	[60.0, 79.0, 102.0, 143.0, 178.0, 203.0, 219.0, 228.0, 235.0, 243.0, 249.0, 251.0, 252.0, 252.0, 251.0, 248.0, 246.0, 245.0, 244.0, 243.0, 243.0, 242.0, 242.0, 242.0, 242.0]	[-229.0, -176.0, -110.0, 10.0, 80.0, 123.0, 149.0, 166.0, 188.0, 213.0, 257.0, 278.0, 294.0, 315.0, 329.0, 341.0, 346.0, 348.0, 348.0, 349.0, 349.0, 349.0, 349.0, 349.0, 349.0]	[0, 0, 0, 0, 0, 0, 0, 0, 0, 0, 0, 0, 0, 0, 0, 0, 0, 0, 0, 0, 0, 0, 0, 0, 1]	[0, 0, 0, 0, 0, 0, 0, 0, 0, 0, 0, 0, 0, 0, 0, 0, 0, 0, 0, 0, 0, 0, 0, 0, 0]	[0, 0, 0, 0, 0, 0, 0, 0, 0, 0, 0, 0, 0, 0, 0, 0, 0, 0, 0, 0, 0, 0, 0, 0, 0]	[0.00014329992700368166, 0.011192400008440018, 0.02791639999486506, 0.04446739994455129, 0.06110139994416386, 0.07786879991181195, 0.0945994999492541, 0.11137619998771697, 0.12783169990871102, 0.14473529998213053, 0.16143809992354363, 0.17819279991090298, 0.1947412999579683, 0.21121589990798384, 0.2278821999207139, 0.24475139996502548, 0.26116569992154837, 0.2778485999442637, 0.29450959991663694, 0.31097150000277907, 0.3277753998991102, 0.34427150001283735, 0.3610395999858156, 0.3776929999003187, 0.39409179997164756]	242.0	349.0	0.7	19b
516	13	go_nogo	0	60	6	go	click	[48.0, 48.0, 60.0, 80.0, 98.0, 108.0, 118.0, 128.0, 134.0, 139.0, 143.0, 145.0, 148.0, 150.0, 152.0, 152.0, 152.0, 152.0, 152.0, 152.0, 152.0, 152.0, 152.0, 153.0, 157.0, 163.0, 168.0, 170.0, 172.0, 172.0]	[-246.0, -246.0, -201.0, -109.0, 4.0, 63.0, 121.0, 156.0, 177.0, 191.0, 201.0, 208.0, 216.0, 224.0, 227.0, 228.0, 228.0, 228.0, 228.0, 228.0, 228.0, 229.0, 239.0, 250.0, 265.0, 280.0, 294.0, 300.0, 301.0, 301.0]	[0, 0, 0, 0, 0, 0, 0, 0, 0, 0, 0, 0, 0, 0, 0, 0, 0, 0, 0, 0, 0, 0, 0, 0, 0, 0, 0, 0, 0, 1]	[0, 0, 0, 0, 0, 0, 0, 0, 0, 0, 0, 0, 0, 0, 0, 0, 0, 0, 0, 0, 0, 0, 0, 0, 0, 0, 0, 0, 0, 0]	[0, 0, 0, 0, 0, 0, 0, 0, 0, 0, 0, 0, 0, 0, 0, 0, 0, 0, 0, 0, 0, 0, 0, 0, 0, 0, 0, 0, 0, 0]	[0.00019799999427050352, 0.011811800068244338, 0.028355600079521537, 0.04515350004658103, 0.06209959997795522, 0.07844589999876916, 0.09541499998886138, 0.11181540007237345, 0.12847100000362843, 0.1451308000832796, 0.16199779999442399, 0.1783672000747174, 0.1950787000823766, 0.21189120004419237, 0.22941460006404668, 0.24488910008221865, 0.26169600000139326, 0.2783126999856904, 0.29487790004350245, 0.31167319999076426, 0.32846440002322197, 0.3449745000107214, 0.36185510002542287, 0.3783073000377044, 0.39502150006592274, 0.4118173000169918, 0.4283720999956131, 0.445164900040254, 0.46154270006809384, 0.478199900011532]	172.0	301.0	1.0	19b
517	13	go_nogo	0	60	8	go	click	[51.0, 51.0, 94.0, 135.0, 162.0, 173.0, 182.0, 188.0, 192.0, 193.0, 193.0, 193.0, 193.0, 193.0, 193.0, 193.0, 193.0, 193.0, 193.0, 193.0, 193.0, 193.0]	[-210.0, -210.0, -79.0, 67.0, 180.0, 250.0, 292.0, 321.0, 331.0, 332.0, 332.0, 333.0, 333.0, 333.0, 333.0, 333.0, 333.0, 333.0, 333.0, 333.0, 333.0, 333.0]	[0, 0, 0, 0, 0, 0, 0, 0, 0, 0, 0, 0, 0, 0, 0, 0, 0, 0, 0, 0, 0, 1]	[0, 0, 0, 0, 0, 0, 0, 0, 0, 0, 0, 0, 0, 0, 0, 0, 0, 0, 0, 0, 0, 0]	[0, 0, 0, 0, 0, 0, 0, 0, 0, 0, 0, 0, 0, 0, 0, 0, 0, 0, 0, 0, 0, 0]	[0.00020520004909485579, 0.012194700073450804, 0.02854309999383986, 0.04504210001323372, 0.061958700069226325, 0.07844710000790656, 0.09511890006251633, 0.11188330000732094, 0.12877499999012798, 0.14519150007981807, 0.16211220005061477, 0.17831510002724826, 0.19494710001163185, 0.2117097000591457, 0.22837520006578416, 0.24490910000167787, 0.26167300005909055, 0.2784068000037223, 0.29493790003471076, 0.31165100005455315, 0.32840680005028844, 0.3454030000139028]	193.0	333.0	1.0	19b
518	13	go_nogo	0	60	9	nogo	none	[22.0, 22.0, 33.0, 58.0, 90.0, 104.0, 111.0, 116.0, 118.0, 121.0, 122.0, 123.0, 124.0, 125.0, 126.0, 126.0, 126.0, 126.0, 128.0, 131.0, 137.0, 143.0, 147.0, 149.0, 149.0, 149.0, 149.0, 149.0, 149.0, 149.0, 149.0, 149.0, 149.0, 149.0, 149.0, 149.0, 149.0, 149.0, 149.0, 149.0, 149.0, 149.0, 149.0, 149.0, 149.0, 149.0, 149.0, 149.0, 149.0, 149.0, 149.0, 149.0, 149.0, 149.0, 149.0, 149.0, 149.0, 149.0, 149.0, 149.0, 149.0, 149.0, 149.0, 149.0, 149.0, 149.0]	[-201.0, -201.0, -139.0, -64.0, 20.0, 76.0, 111.0, 134.0, 147.0, 153.0, 156.0, 159.0, 162.0, 164.0, 164.0, 165.0, 165.0, 165.0, 168.0, 176.0, 190.0, 202.0, 211.0, 214.0, 214.0, 214.0, 214.0, 214.0, 214.0, 214.0, 214.0, 214.0, 214.0, 214.0, 215.0, 215.0, 215.0, 215.0, 215.0, 215.0, 215.0, 215.0, 215.0, 215.0, 215.0, 215.0, 215.0, 215.0, 215.0, 215.0, 215.0, 215.0, 215.0, 215.0, 215.0, 215.0, 215.0, 215.0, 215.0, 215.0, 215.0, 215.0, 215.0, 215.0, 215.0, 215.0]	[0, 0, 0, 0, 0, 0, 0, 0, 0, 0, 0, 0, 0, 0, 0, 0, 0, 0, 0, 0, 0, 0, 0, 0, 0, 0, 0, 0, 0, 0, 0, 0, 0, 0, 0, 0, 0, 0, 0, 0, 0, 0, 0, 0, 0, 0, 0, 0, 0, 0, 0, 0, 0, 0, 0, 0, 0, 0, 0, 0, 0, 0, 0, 0, 0, 0]	[0, 0, 0, 0, 0, 0, 0, 0, 0, 0, 0, 0, 0, 0, 0, 0, 0, 0, 0, 0, 0, 0, 0, 0, 0, 0, 0, 0, 0, 0, 0, 0, 0, 0, 0, 0, 0, 0, 0, 0, 0, 0, 0, 0, 0, 0, 0, 0, 0, 0, 0, 0, 0, 0, 0, 0, 0, 0, 0, 0, 0, 0, 0, 0, 0, 0]	[0, 0, 0, 0, 0, 0, 0, 0, 0, 0, 0, 0, 0, 0, 0, 0, 0, 0, 0, 0, 0, 0, 0, 0, 0, 0, 0, 0, 0, 0, 0, 0, 0, 0, 0, 0, 0, 0, 0, 0, 0, 0, 0, 0, 0, 0, 0, 0, 0, 0, 0, 0, 0, 0, 0, 0, 0, 0, 0, 0, 0, 0, 0, 0, 0, 0]	[0.00019729998894035816, 0.012407999951392412, 0.028850100003182888, 0.045036799972876906, 0.06197869998868555, 0.07864439999684691, 0.09537789993919432, 0.11208349990192801, 0.12891319999471307, 0.1452964999480173, 0.162025099969469, 0.178761399933137, 0.19532479997724295, 0.21196999994572252, 0.2286328999325633, 0.24513179995119572, 0.26186329999472946, 0.2786250999197364, 0.29537529998924583, 0.3119448999641463, 0.3287116999272257, 0.3452257999451831, 0.3618706999113783, 0.37823169992771, 0.39510839991271496, 0.4116392999421805, 0.4281954999314621, 0.4450594999361783, 0.4618621999397874, 0.4785531999077648, 0.49518269998952746, 0.5116393999196589, 0.5283641999121755, 0.545299299992621, 0.561623299960047, 0.5783275999128819, 0.5949989999644458, 0.6115939998999238, 0.6283031000057235, 0.6449047999922186, 0.6615791999502108, 0.6785695999860764, 0.6948354999767616, 0.7115262999432161, 0.728150499984622, 0.744800699991174, 0.761567399953492, 0.7780985999852419, 0.7948287999024615, 0.8116349999327213, 0.8281285999109969, 0.8447953999275342, 0.8614561998983845, 0.8782080999808386, 0.8948176999110729, 0.9114619999891147, 0.9282178999856114, 0.9447716999566182, 0.9617360999109223, 0.9783712999196723, 0.9951830999925733, 1.011635100003332, 1.028431799961254, 1.0448570000007749, 1.0615696999011561, 1.0782285999739543]	n/a	n/a	1.0	19b
519	13	go_nogo	0	60	8	go	click	[27.0, 27.0, 37.0, 63.0, 92.0, 118.0, 144.0, 156.0, 165.0, 169.0, 171.0, 172.0, 173.0, 174.0, 175.0, 175.0, 175.0, 175.0, 175.0, 175.0, 176.0, 177.0, 178.0, 178.0]	[-195.0, -195.0, -143.0, -42.0, 41.0, 116.0, 195.0, 233.0, 254.0, 264.0, 269.0, 272.0, 278.0, 285.0, 287.0, 288.0, 288.0, 288.0, 288.0, 288.0, 290.0, 294.0, 294.0, 294.0]	[0, 0, 0, 0, 0, 0, 0, 0, 0, 0, 0, 0, 0, 0, 0, 0, 0, 0, 0, 0, 0, 0, 0, 1]	[0, 0, 0, 0, 0, 0, 0, 0, 0, 0, 0, 0, 0, 0, 0, 0, 0, 0, 0, 0, 0, 0, 0, 0]	[0, 0, 0, 0, 0, 0, 0, 0, 0, 0, 0, 0, 0, 0, 0, 0, 0, 0, 0, 0, 0, 0, 0, 0]	[0.00018470000941306353, 0.01106470008380711, 0.027877000044099987, 0.04444630001671612, 0.06094140000641346, 0.07779490004759282, 0.09427210001740605, 0.11119429999962449, 0.1278824000619352, 0.14425170002505183, 0.16111029998864979, 0.1777545000659302, 0.19442870002239943, 0.2114399999845773, 0.2276132000843063, 0.24406950001139194, 0.2607708000577986, 0.2775764000834897, 0.2942562000826001, 0.31109100009780377, 0.32777810003608465, 0.3444275000365451, 0.3608705000951886, 0.3775492000859231]	178.0	294.0	1.0	19b
520	13	go_nogo	0	60	7	go	click	[36.0, 43.0, 52.0, 70.0, 83.0, 89.0, 99.0, 113.0, 128.0, 143.0, 155.0, 165.0, 169.0, 171.0, 172.0, 174.0, 175.0, 178.0, 180.0, 180.0, 182.0, 187.0, 191.0, 201.0, 209.0, 209.0, 209.0]	[-289.0, -257.0, -221.0, -148.0, -85.0, -45.0, -10.0, 25.0, 62.0, 95.0, 121.0, 143.0, 151.0, 158.0, 162.0, 167.0, 177.0, 188.0, 203.0, 221.0, 245.0, 270.0, 296.0, 322.0, 341.0, 342.0, 342.0]	[0, 0, 0, 0, 0, 0, 0, 0, 0, 0, 0, 0, 0, 0, 0, 0, 0, 0, 0, 0, 0, 0, 0, 0, 0, 0, 1]	[0, 0, 0, 0, 0, 0, 0, 0, 0, 0, 0, 0, 0, 0, 0, 0, 0, 0, 0, 0, 0, 0, 0, 0, 0, 0, 0]	[0, 0, 0, 0, 0, 0, 0, 0, 0, 0, 0, 0, 0, 0, 0, 0, 0, 0, 0, 0, 0, 0, 0, 0, 0, 0, 0]	[8.5200066678226e-05, 0.0100778000196442, 0.026754299993626773, 0.04335480008739978, 0.059789500082843006, 0.07656220009084791, 0.09336120006628335, 0.1098311000969261, 0.12625850003678352, 0.14330510003492236, 0.1602464000461623, 0.17700030002743006, 0.19307830010075122, 0.20985490002203733, 0.22654750000219792, 0.243229900021106, 0.2599168000742793, 0.2768891000887379, 0.29327280004508793, 0.30992920009884983, 0.32659850001800805, 0.3430987000465393, 0.3596096000401303, 0.37716700008604676, 0.3930095999967307, 0.40958159998990595, 0.4264717000769451]	209.0	342.0	0.7	19b
521	13	go_nogo	0	60	8	go	click	[118.0, 118.0, 143.0, 192.0, 243.0, 254.0, 257.0, 259.0, 261.0, 262.0, 262.0, 262.0, 262.0, 262.0, 262.0, 262.0, 262.0, 262.0, 253.0, 239.0, 227.0, 218.0, 213.0, 210.0, 210.0]	[-197.0, -197.0, -142.0, -10.0, 153.0, 191.0, 214.0, 231.0, 244.0, 250.0, 252.0, 252.0, 254.0, 254.0, 254.0, 254.0, 255.0, 255.0, 261.0, 271.0, 279.0, 285.0, 289.0, 290.0, 291.0]	[0, 0, 0, 0, 0, 0, 0, 0, 0, 0, 0, 0, 0, 0, 0, 0, 0, 0, 0, 0, 0, 0, 0, 0, 1]	[0, 0, 0, 0, 0, 0, 0, 0, 0, 0, 0, 0, 0, 0, 0, 0, 0, 0, 0, 0, 0, 0, 0, 0, 0]	[0, 0, 0, 0, 0, 0, 0, 0, 0, 0, 0, 0, 0, 0, 0, 0, 0, 0, 0, 0, 0, 0, 0, 0, 0]	[0.00028879998717457056, 0.00986739993095398, 0.02648349991068244, 0.04330579994712025, 0.060153899947181344, 0.07669779995921999, 0.09333079995121807, 0.1099711999995634, 0.12661879998631775, 0.14337499998509884, 0.15981480001937598, 0.17652099998667836, 0.1928994000190869, 0.20961509994231164, 0.2262449999107048, 0.24340689997188747, 0.25961790001019835, 0.2767644999548793, 0.293918399955146, 0.31009899999480695, 0.3265404999256134, 0.34314539993647486, 0.36002459994051605, 0.37662370002362877, 0.39347829995676875]	210.0	291.0	0.7	19b
522	13	go_nogo	0	60	1	nogo	none	[82.0, 82.0, 125.0, 166.0, 181.0, 185.0, 187.0, 187.0, 187.0, 187.0, 187.0, 187.0, 188.0, 190.0, 191.0, 191.0, 191.0, 191.0, 191.0, 191.0, 191.0]	[-134.0, -134.0, 9.0, 124.0, 181.0, 205.0, 222.0, 240.0, 251.0, 256.0, 258.0, 260.0, 269.0, 279.0, 281.0, 281.0, 281.0, 281.0, 281.0, 281.0, 281.0]	[0, 0, 0, 0, 0, 0, 0, 0, 0, 0, 0, 0, 0, 0, 0, 0, 0, 0, 0, 0, 1]	[0, 0, 0, 0, 0, 0, 0, 0, 0, 0, 0, 0, 0, 0, 0, 0, 0, 0, 0, 0, 0]	[0, 0, 0, 0, 0, 0, 0, 0, 0, 0, 0, 0, 0, 0, 0, 0, 0, 0, 0, 0, 0]	[8.439994417130947e-05, 0.011465799994766712, 0.02753540000412613, 0.04445799998939037, 0.060911200009286404, 0.07781090005300939, 0.09443699999246746, 0.11108319996856153, 0.12759479996748269, 0.14437059999909252, 0.16104230005294085, 0.17793540004640818, 0.19492949999403208, 0.2110296000028029, 0.2278799000196159, 0.2443277999991551, 0.2611093999585137, 0.2776585000101477, 0.29424129996914417, 0.3109148000366986, 0.3279921000357717]	191.0	281.0	0.5	19b
523	13	go_nogo	0	60	7	go	click	[53.0, 53.0, 72.0, 110.0, 135.0, 153.0, 169.0, 179.0, 187.0, 195.0, 199.0, 201.0, 205.0, 206.0, 206.0, 206.0, 206.0, 207.0, 208.0, 208.0, 209.0, 209.0]	[-225.0, -225.0, -163.0, -56.0, 15.0, 70.0, 135.0, 178.0, 211.0, 230.0, 242.0, 250.0, 261.0, 266.0, 266.0, 266.0, 266.0, 268.0, 274.0, 292.0, 298.0, 298.0]	[0, 0, 0, 0, 0, 0, 0, 0, 0, 0, 0, 0, 0, 0, 0, 0, 0, 0, 0, 0, 0, 1]	[0, 0, 0, 0, 0, 0, 0, 0, 0, 0, 0, 0, 0, 0, 0, 0, 0, 0, 0, 0, 0, 0]	[0, 0, 0, 0, 0, 0, 0, 0, 0, 0, 0, 0, 0, 0, 0, 0, 0, 0, 0, 0, 0, 0]	[0.00020250002853572369, 0.010785900056362152, 0.02730620000511408, 0.044078700011596084, 0.06078379997052252, 0.0774366999976337, 0.09439350001048297, 0.11134239996317774, 0.12752780003938824, 0.14436030003707856, 0.16078419995028526, 0.17768209998030216, 0.19416089996229857, 0.21058690000791103, 0.22797680005896837, 0.24397760001011193, 0.2606239999877289, 0.277338600018993, 0.29413000005297363, 0.3109276000177488, 0.3270237999968231, 0.3440495999529958]	209.0	298.0	1.0	19b
524	13	go_nogo	0	60	8	go	click	[58.0, 58.0, 70.0, 109.0, 131.0, 143.0, 150.0, 157.0, 160.0, 162.0, 163.0, 165.0, 166.0, 168.0, 171.0, 172.0, 172.0, 172.0, 173.0, 176.0, 178.0, 180.0, 181.0]	[-235.0, -235.0, -190.0, -40.0, 48.0, 122.0, 172.0, 205.0, 221.0, 231.0, 237.0, 243.0, 247.0, 254.0, 260.0, 266.0, 267.0, 268.0, 272.0, 279.0, 294.0, 310.0, 313.0]	[0, 0, 0, 0, 0, 0, 0, 0, 0, 0, 0, 0, 0, 0, 0, 0, 0, 0, 0, 0, 0, 0, 1]	[0, 0, 0, 0, 0, 0, 0, 0, 0, 0, 0, 0, 0, 0, 0, 0, 0, 0, 0, 0, 0, 0, 0]	[0, 0, 0, 0, 0, 0, 0, 0, 0, 0, 0, 0, 0, 0, 0, 0, 0, 0, 0, 0, 0, 0, 0]	[0.0002079999540001154, 0.01163189997896552, 0.028763300040736794, 0.045395900029689074, 0.06216940004378557, 0.07830499997362494, 0.09483880002517253, 0.11168510001152754, 0.12805109994951636, 0.1449875000398606, 0.16166550002526492, 0.17845530004706234, 0.195137899951078, 0.21156830003019422, 0.2289147999836132, 0.2450097999535501, 0.2615595000097528, 0.2783256999682635, 0.2949560000561178, 0.3113530999980867, 0.32870119996368885, 0.3449959000572562, 0.3620764999650419]	181.0	313.0	1.0	19b
525	13	go_nogo	0	60	2	go	click	[-13.0, -13.0, -9.0, 6.0, 28.0, 43.0, 55.0, 63.0, 74.0, 86.0, 112.0, 127.0, 136.0, 143.0, 145.0, 149.0, 153.0, 155.0, 156.0, 156.0, 157.0, 157.0, 157.0]	[-233.0, -233.0, -199.0, -108.0, -23.0, 41.0, 78.0, 108.0, 140.0, 172.0, 233.0, 268.0, 291.0, 303.0, 308.0, 315.0, 323.0, 328.0, 329.0, 329.0, 330.0, 330.0, 330.0]	[0, 0, 0, 0, 0, 0, 0, 0, 0, 0, 0, 0, 0, 0, 0, 0, 0, 0, 0, 0, 0, 0, 1]	[0, 0, 0, 0, 0, 0, 0, 0, 0, 0, 0, 0, 0, 0, 0, 0, 0, 0, 0, 0, 0, 0, 0]	[0, 0, 0, 0, 0, 0, 0, 0, 0, 0, 0, 0, 0, 0, 0, 0, 0, 0, 0, 0, 0, 0, 0]	[0.0001946999691426754, 0.008719699922949076, 0.02533969993237406, 0.042153699905611575, 0.05874499992933124, 0.07572869991417974, 0.0921542999567464, 0.10870759992394596, 0.12544649990741163, 0.14212909992784262, 0.15875239996239543, 0.17532589996699244, 0.19276069989427924, 0.20892099989578128, 0.22564520000014454, 0.24198429996613413, 0.2586991999996826, 0.2754466999322176, 0.2919619999593124, 0.30889029998797923, 0.3254748999606818, 0.34200479998253286, 0.35898929997347295]	157.0	330.0	0.7	19b
526	13	go_nogo	0	60	7	go	click	[81.0, 81.0, 104.0, 154.0, 203.0, 213.0, 232.0, 237.0, 241.0, 242.0, 242.0, 242.0, 242.0, 242.0, 242.0, 242.0, 242.0, 242.0, 242.0, 242.0, 242.0, 242.0, 242.0, 242.0, 243.0, 248.0, 248.0, 248.0, 248.0, 244.0, 243.0, 242.0, 239.0, 238.0, 236.0, 235.0, 235.0, 235.0, 235.0]	[-178.0, -178.0, -101.0, 43.0, 191.0, 227.0, 304.0, 334.0, 352.0, 354.0, 356.0, 356.0, 356.0, 356.0, 356.0, 356.0, 356.0, 356.0, 358.0, 358.0, 358.0, 358.0, 358.0, 358.0, 360.0, 370.0, 371.0, 371.0, 369.0, 345.0, 330.0, 317.0, 309.0, 303.0, 298.0, 294.0, 293.0, 293.0, 293.0]	[0, 0, 0, 0, 0, 0, 0, 0, 0, 0, 0, 0, 0, 0, 0, 0, 0, 0, 0, 0, 1, 1, 1, 0, 0, 0, 0, 0, 0, 0, 0, 0, 0, 0, 0, 0, 0, 0, 1]	[0, 0, 0, 0, 0, 0, 0, 0, 0, 0, 0, 0, 0, 0, 0, 0, 0, 0, 0, 0, 0, 0, 0, 0, 0, 0, 0, 0, 0, 0, 0, 0, 0, 0, 0, 0, 0, 0, 0]	[0, 0, 0, 0, 0, 0, 0, 0, 0, 0, 0, 0, 0, 0, 0, 0, 0, 0, 0, 0, 0, 0, 0, 0, 0, 0, 0, 0, 0, 0, 0, 0, 0, 0, 0, 0, 0, 0, 0]	[0.0002066000597551465, 0.00918729999102652, 0.02627939998637885, 0.042746299994178116, 0.059357000049203634, 0.07619739999063313, 0.09316789999138564, 0.10930420004297048, 0.1262902000453323, 0.14264630002435297, 0.15911750006489456, 0.17583210009615868, 0.19249799998942763, 0.2091092000482604, 0.2257640000898391, 0.2425861000083387, 0.25924240006133914, 0.2757440999848768, 0.29216660000383854, 0.3089587000431493, 0.3256367000285536, 0.3422305000713095, 0.3590377999935299, 0.3759453999809921, 0.3925791000947356, 0.4092963000293821, 0.4259127000113949, 0.44261790008749813, 0.4594031000742689, 0.4756791000254452, 0.4924068000400439, 0.5091348000569269, 0.5256898000370711, 0.5423195000039414, 0.5590587999904528, 0.5762503000441939, 0.5920978999929503, 0.6089755999855697, 0.6260731000220403]	235.0	293.0	1.0	19b
527	13	go_nogo	0	60	4	go	click	[73.0, 73.0, 96.0, 118.0, 138.0, 151.0, 159.0, 169.0, 176.0, 182.0, 190.0, 196.0, 203.0, 206.0, 207.0, 209.0, 212.0, 216.0, 222.0, 225.0, 227.0, 230.0, 231.0, 232.0, 233.0, 233.0]	[-205.0, -205.0, -145.0, -83.0, -31.0, 12.0, 43.0, 76.0, 101.0, 122.0, 143.0, 164.0, 180.0, 186.0, 189.0, 192.0, 200.0, 213.0, 232.0, 255.0, 275.0, 292.0, 305.0, 315.0, 321.0, 322.0]	[0, 0, 0, 0, 0, 0, 0, 0, 0, 0, 0, 0, 0, 0, 0, 0, 0, 0, 0, 0, 0, 0, 0, 0, 0, 1]	[0, 0, 0, 0, 0, 0, 0, 0, 0, 0, 0, 0, 0, 0, 0, 0, 0, 0, 0, 0, 0, 0, 0, 0, 0, 0]	[0, 0, 0, 0, 0, 0, 0, 0, 0, 0, 0, 0, 0, 0, 0, 0, 0, 0, 0, 0, 0, 0, 0, 0, 0, 0]	[0.00026080000679939985, 0.011357499985024333, 0.02781120000872761, 0.04469000000972301, 0.06113659997936338, 0.07809770002495497, 0.09469940001145005, 0.1111298999749124, 0.12784390000160784, 0.14472860004752874, 0.16117249999660999, 0.1776939999544993, 0.1947613999946043, 0.2117490000091493, 0.22824630001559854, 0.24479130003601313, 0.26096260000485927, 0.27800559997558594, 0.2948144000256434, 0.3112762999953702, 0.32782550004776567, 0.34448009997140616, 0.361401200061664, 0.3779662000015378, 0.3944575999630615, 0.4111605000216514]	233.0	322.0	0.5	19b
528	13	go_nogo	0	60	1	nogo	none	[65.0, 65.0, 83.0, 97.0, 106.0, 114.0, 118.0, 123.0, 127.0, 129.0, 131.0, 131.0, 132.0, 132.0, 132.0, 133.0, 135.0, 139.0, 144.0, 147.0, 148.0, 149.0, 149.0, 149.0, 150.0, 150.0, 150.0, 150.0, 150.0, 150.0, 150.0, 150.0, 150.0, 150.0, 150.0, 150.0, 150.0, 150.0, 150.0, 150.0, 150.0, 150.0, 150.0, 150.0, 150.0, 150.0, 150.0, 150.0, 150.0, 150.0, 150.0, 150.0, 150.0, 150.0, 150.0, 150.0, 150.0, 150.0, 150.0, 150.0, 150.0, 150.0, 150.0, 150.0]	[-225.0, -225.0, -174.0, -132.0, -89.0, -46.0, -6.0, 32.0, 63.0, 91.0, 113.0, 129.0, 156.0, 176.0, 189.0, 198.0, 207.0, 215.0, 225.0, 231.0, 234.0, 235.0, 235.0, 235.0, 237.0, 237.0, 238.0, 238.0, 238.0, 238.0, 238.0, 238.0, 238.0, 238.0, 238.0, 238.0, 238.0, 238.0, 238.0, 238.0, 238.0, 238.0, 238.0, 238.0, 238.0, 238.0, 238.0, 238.0, 238.0, 238.0, 238.0, 238.0, 238.0, 238.0, 238.0, 238.0, 238.0, 238.0, 238.0, 238.0, 238.0, 238.0, 238.0, 238.0]	[0, 0, 0, 0, 0, 0, 0, 0, 0, 0, 0, 0, 0, 0, 0, 0, 0, 0, 0, 0, 0, 0, 0, 0, 0, 0, 0, 0, 0, 0, 0, 0, 0, 0, 0, 0, 0, 0, 0, 0, 0, 0, 0, 0, 0, 0, 0, 0, 0, 0, 0, 0, 0, 0, 0, 0, 0, 0, 0, 0, 0, 0, 0, 0]	[0, 0, 0, 0, 0, 0, 0, 0, 0, 0, 0, 0, 0, 0, 0, 0, 0, 0, 0, 0, 0, 0, 0, 0, 0, 0, 0, 0, 0, 0, 0, 0, 0, 0, 0, 0, 0, 0, 0, 0, 0, 0, 0, 0, 0, 0, 0, 0, 0, 0, 0, 0, 0, 0, 0, 0, 0, 0, 0, 0, 0, 0, 0, 0]	[0, 0, 0, 0, 0, 0, 0, 0, 0, 0, 0, 0, 0, 0, 0, 0, 0, 0, 0, 0, 0, 0, 0, 0, 0, 0, 0, 0, 0, 0, 0, 0, 0, 0, 0, 0, 0, 0, 0, 0, 0, 0, 0, 0, 0, 0, 0, 0, 0, 0, 0, 0, 0, 0, 0, 0, 0, 0, 0, 0, 0, 0, 0, 0]	[0.00019459996838122606, 0.012084299931302667, 0.02843489998485893, 0.045448799966834486, 0.06188639998435974, 0.07852759992238134, 0.0952558999415487, 0.11190249992068857, 0.12858269992284477, 0.14518849994055927, 0.16190549999009818, 0.17872099997475743, 0.19512359995860606, 0.2118481999495998, 0.2286729000043124, 0.2453626999631524, 0.2619621999328956, 0.2785470000235364, 0.29521919996477664, 0.31199309998191893, 0.32881969993468374, 0.3451942999381572, 0.3617151000071317, 0.37856390001252294, 0.3952342999400571, 0.41218330000992864, 0.42848549992777407, 0.4451591999968514, 0.46174079994671047, 0.4785660000052303, 0.4950632000109181, 0.5119084999896586, 0.5284749999409541, 0.5450464999303222, 0.5617252999218181, 0.5783466999419034, 0.5951802999479696, 0.6117068999446929, 0.628283999976702, 0.6451458999654278, 0.6615971999708563, 0.6783113999990746, 0.6948201999766752, 0.711572099942714, 0.7284543999703601, 0.7450577999697998, 0.7616500000003725, 0.7782130999257788, 0.7949048000155017, 0.811593999969773, 0.8285486999666318, 0.8449766000267118, 0.8619745000032708, 0.8783698999322951, 0.8949947999790311, 0.9115138999186456, 0.928109799977392, 0.9449869999662042, 0.9620239000068977, 0.9781772999558598, 0.9949646999593824, 1.0116143999621272, 1.0282346999738365, 1.0448985999682918]	n/a	n/a	1.0	19b
529	14	go_nogo	0	60	9	nogo	none	[56.0, 66.0, 73.0, 90.0, 105.0, 117.0, 125.0, 129.0, 132.0, 135.0, 136.0, 139.0, 140.0, 140.0, 140.0, 140.0, 140.0, 140.0, 140.0, 140.0, 140.0, 140.0, 140.0, 139.0, 136.0, 136.0, 135.0, 135.0, 135.0, 135.0, 135.0, 135.0, 135.0, 135.0, 135.0, 135.0, 135.0, 135.0, 135.0, 135.0, 135.0, 135.0, 135.0, 135.0, 135.0, 135.0, 135.0, 135.0, 135.0, 135.0, 135.0, 135.0, 135.0, 135.0, 135.0, 135.0, 135.0, 135.0, 135.0, 135.0, 135.0, 135.0, 135.0, 135.0, 135.0, 135.0, 135.0, 135.0]	[-243.0, -199.0, -155.0, -64.0, 26.0, 116.0, 178.0, 219.0, 252.0, 278.0, 287.0, 314.0, 332.0, 349.0, 353.0, 354.0, 354.0, 354.0, 354.0, 354.0, 354.0, 354.0, 354.0, 350.0, 348.0, 346.0, 346.0, 346.0, 346.0, 346.0, 346.0, 346.0, 346.0, 346.0, 346.0, 346.0, 346.0, 346.0, 346.0, 346.0, 346.0, 346.0, 346.0, 346.0, 346.0, 346.0, 346.0, 346.0, 346.0, 346.0, 346.0, 346.0, 346.0, 346.0, 346.0, 346.0, 346.0, 346.0, 346.0, 346.0, 346.0, 346.0, 346.0, 346.0, 346.0, 346.0, 346.0, 346.0]	[0, 0, 0, 0, 0, 0, 0, 0, 0, 0, 0, 0, 0, 0, 0, 0, 0, 0, 0, 0, 0, 0, 0, 0, 0, 0, 0, 0, 0, 0, 0, 0, 0, 0, 0, 0, 0, 0, 0, 0, 0, 0, 0, 0, 0, 0, 0, 0, 0, 0, 0, 0, 0, 0, 0, 0, 0, 0, 0, 0, 0, 0, 0, 0, 0, 0, 0, 0]	[0, 0, 0, 0, 0, 0, 0, 0, 0, 0, 0, 0, 0, 0, 0, 0, 0, 0, 0, 0, 0, 0, 0, 0, 0, 0, 0, 0, 0, 0, 0, 0, 0, 0, 0, 0, 0, 0, 0, 0, 0, 0, 0, 0, 0, 0, 0, 0, 0, 0, 0, 0, 0, 0, 0, 0, 0, 0, 0, 0, 0, 0, 0, 0, 0, 0, 0, 0]	[0, 0, 0, 0, 0, 0, 0, 0, 0, 0, 0, 0, 0, 0, 0, 0, 0, 0, 0, 0, 0, 0, 0, 0, 0, 0, 0, 0, 0, 0, 0, 0, 0, 0, 0, 0, 0, 0, 0, 0, 0, 0, 0, 0, 0, 0, 0, 0, 0, 0, 0, 0, 0, 0, 0, 0, 0, 0, 0, 0, 0, 0, 0, 0, 0, 0, 0, 0]	[8.399994112551212e-05, 0.010379899991676211, 0.02701269998215139, 0.043589600012637675, 0.06040770001709461, 0.07706539996434003, 0.09370899992063642, 0.11039499996695668, 0.1273142999270931, 0.14367459993809462, 0.16062719991896302, 0.17696429998613894, 0.19362419995013624, 0.21035129996016622, 0.22722320002503693, 0.24350789992604405, 0.2600637999130413, 0.2769183999625966, 0.29347429994959384, 0.31005059997551143, 0.32680379995144904, 0.3434255999745801, 0.3604497999185696, 0.377303299959749, 0.3937298000091687, 0.41068620001897216, 0.4268375999527052, 0.44380449992604554, 0.4603926999261603, 0.47681549994740635, 0.4934849999845028, 0.5100442999973893, 0.5266335000051185, 0.5433227999601513, 0.560107099940069, 0.5767806000076234, 0.5934528999496251, 0.6102655999129638, 0.6267988999607041, 0.6434184999670833, 0.6601666000206023, 0.6767164999619126, 0.6934513999149203, 0.7101104999892414, 0.7265413999557495, 0.7434044999536127, 0.7599705000175163, 0.7767330999486148, 0.7932002999586985, 0.810090999933891, 0.8267485999967903, 0.8432447999948636, 0.8598754999693483, 0.8765438999980688, 0.8931884999619797, 0.9099075999110937, 0.9265207999851555, 0.9431395999854431, 0.9599403999745846, 0.9767482000170276, 0.9935323999961838, 1.0098898999858648, 1.0267473999410868, 1.0431738999905065, 1.0598887000232935, 1.0764893000014126, 1.09321760002058, 1.1102097999537364]	n/a	n/a	0.6	19b
530	14	go_nogo	0	60	4	go	click	[67.0, 74.0, 78.0, 88.0, 100.0, 109.0, 116.0, 120.0, 122.0, 124.0, 126.0, 127.0, 130.0, 133.0, 139.0, 143.0, 147.0, 149.0, 155.0, 163.0, 167.0, 170.0, 175.0, 181.0, 185.0, 191.0, 192.0, 192.0]	[-265.0, -234.0, -207.0, -148.0, -93.0, -42.0, -5.0, 33.0, 50.0, 68.0, 87.0, 103.0, 118.0, 143.0, 168.0, 183.0, 193.0, 202.0, 216.0, 236.0, 246.0, 254.0, 267.0, 282.0, 297.0, 311.0, 315.0, 315.0]	[0, 0, 0, 0, 0, 0, 0, 0, 0, 0, 0, 0, 0, 0, 0, 0, 0, 0, 0, 0, 0, 0, 0, 0, 0, 0, 0, 1]	[0, 0, 0, 0, 0, 0, 0, 0, 0, 0, 0, 0, 0, 0, 0, 0, 0, 0, 0, 0, 0, 0, 0, 0, 0, 0, 0, 0]	[0, 0, 0, 0, 0, 0, 0, 0, 0, 0, 0, 0, 0, 0, 0, 0, 0, 0, 0, 0, 0, 0, 0, 0, 0, 0, 0, 0]	[7.98000255599618e-05, 0.010874900035560131, 0.02781290002167225, 0.04428190004546195, 0.06102470005862415, 0.07774100010283291, 0.09438280004542321, 0.11116800003219396, 0.12748150003608316, 0.14446800004225224, 0.16110720008146018, 0.17769350006710738, 0.19440070004202425, 0.21105560008436441, 0.22752920002676547, 0.24419540003873408, 0.26093390001915395, 0.27759190008509904, 0.29436220007482916, 0.3109990000957623, 0.32817270001396537, 0.3445946000283584, 0.36087590001989156, 0.37755100009962916, 0.3943466000491753, 0.41116930008865893, 0.4276512000942603, 0.44461660005617887]	192.0	315.0	1.0	19b
531	14	go_nogo	0	60	9	nogo	none	[21.0, 21.0, 39.0, 97.0, 125.0, 152.0, 173.0, 186.0, 194.0, 201.0, 204.0, 206.0, 208.0, 211.0, 213.0, 215.0, 217.0, 218.0, 219.0, 219.0, 219.0, 219.0, 219.0, 219.0, 219.0, 219.0, 219.0, 219.0, 219.0, 219.0, 219.0, 219.0, 219.0, 219.0, 219.0, 219.0, 219.0, 219.0, 219.0, 219.0, 219.0, 219.0, 219.0, 219.0, 219.0, 219.0, 219.0, 219.0, 219.0, 219.0, 219.0, 219.0, 219.0, 219.0, 218.0, 214.0, 207.0, 199.0, 189.0, 181.0, 173.0, 167.0, 150.0, 143.0, 121.0, 109.0, 100.0, 94.0, 89.0, 85.0, 81.0, 76.0, 75.0, 75.0, 75.0, 75.0, 75.0, 75.0, 75.0, 75.0, 75.0, 75.0, 75.0, 75.0, 75.0, 75.0, 75.0, 75.0, 75.0, 75.0, 75.0, 75.0]	[-258.0, -258.0, -212.0, -76.0, -4.0, 60.0, 105.0, 141.0, 166.0, 186.0, 197.0, 202.0, 207.0, 223.0, 236.0, 249.0, 257.0, 268.0, 282.0, 294.0, 302.0, 305.0, 306.0, 306.0, 306.0, 306.0, 306.0, 306.0, 306.0, 306.0, 306.0, 306.0, 306.0, 306.0, 306.0, 306.0, 306.0, 306.0, 306.0, 306.0, 306.0, 306.0, 306.0, 306.0, 306.0, 306.0, 306.0, 306.0, 306.0, 306.0, 306.0, 306.0, 306.0, 302.0, 294.0, 277.0, 252.0, 217.0, 183.0, 152.0, 123.0, 92.0, 39.0, 21.0, -37.0, -74.0, -101.0, -124.0, -145.0, -162.0, -183.0, -204.0, -214.0, -218.0, -218.0, -218.0, -218.0, -218.0, -218.0, -218.0, -218.0, -218.0, -218.0, -218.0, -218.0, -218.0, -218.0, -218.0, -218.0, -218.0, -218.0, -218.0]	[0, 0, 0, 0, 0, 0, 0, 0, 0, 0, 0, 0, 0, 0, 0, 0, 0, 0, 0, 0, 0, 0, 0, 0, 0, 0, 0, 0, 0, 0, 0, 0, 0, 0, 0, 0, 0, 0, 0, 0, 0, 0, 0, 0, 0, 0, 0, 0, 0, 0, 0, 0, 0, 0, 0, 0, 0, 0, 0, 0, 0, 0, 0, 0, 0, 0, 0, 0, 0, 0, 0, 0, 0, 0, 0, 0, 0, 0, 0, 0, 0, 0, 0, 0, 0, 0, 0, 0, 0, 0, 0, 0]	[0, 0, 0, 0, 0, 0, 0, 0, 0, 0, 0, 0, 0, 0, 0, 0, 0, 0, 0, 0, 0, 0, 0, 0, 0, 0, 0, 0, 0, 0, 0, 0, 0, 0, 0, 0, 0, 0, 0, 0, 0, 0, 0, 0, 0, 0, 0, 0, 0, 0, 0, 0, 0, 0, 0, 0, 0, 0, 0, 0, 0, 0, 0, 0, 0, 0, 0, 0, 0, 0, 0, 0, 0, 0, 0, 0, 0, 0, 0, 0, 0, 0, 0, 0, 0, 0, 0, 0, 0, 0, 0, 0]	[0, 0, 0, 0, 0, 0, 0, 0, 0, 0, 0, 0, 0, 0, 0, 0, 0, 0, 0, 0, 0, 0, 0, 0, 0, 0, 0, 0, 0, 0, 0, 0, 0, 0, 0, 0, 0, 0, 0, 0, 0, 0, 0, 0, 0, 0, 0, 0, 0, 0, 0, 0, 0, 0, 0, 0, 0, 0, 0, 0, 0, 0, 0, 0, 0, 0, 0, 0, 0, 0, 0, 0, 0, 0, 0, 0, 0, 0, 0, 0, 0, 0, 0, 0, 0, 0, 0, 0, 0, 0, 0, 0]	[0.00019249995239078999, 0.011840700055472553, 0.028297999990172684, 0.04538280004635453, 0.061869299970567226, 0.07861810002941638, 0.09514290001243353, 0.11207260005176067, 0.12842930003535002, 0.1450984999537468, 0.16178159997798502, 0.17836240003816783, 0.19512659998144954, 0.2117217000341043, 0.22868339996784925, 0.24585089995525777, 0.261579200043343, 0.27895489998627454, 0.2949392000446096, 0.31157070002518594, 0.3283939999528229, 0.34488380001857877, 0.36142590001691133, 0.37831980001647025, 0.39491949998773634, 0.4114955000113696, 0.4283131000120193, 0.44560590002220124, 0.4615609999746084, 0.47825200005900115, 0.4946977000217885, 0.5112224000040442, 0.5279870999511331, 0.5445051999995485, 0.5612608999945223, 0.5778640999924392, 0.5946198999881744, 0.6112657999619842, 0.6278946000384167, 0.6445526999887079, 0.6611987999640405, 0.6778003999497741, 0.6946148000424728, 0.7112477000337094, 0.7278992000501603, 0.7448734999634326, 0.761412600055337, 0.7781037000240758, 0.7948159000370651, 0.8113472999539226, 0.8282872999552637, 0.844846099964343, 0.8618665999965742, 0.8785289999796078, 0.8949246000265703, 0.9114630999974906, 0.9282766999676824, 0.9446638999506831, 0.9613405000418425, 0.9779609000543132, 0.9946735999546945, 1.0114618999650702, 1.028003599960357, 1.0447208000114188, 1.0615043999860063, 1.0780459999805316, 1.094914500019513, 1.1115133999846876, 1.1279334999853745, 1.1449721000390127, 1.1614717000629753, 1.1784455999732018, 1.194734500022605, 1.2113098000409082, 1.2277718000113964, 1.2444326999830082, 1.2611132999882102, 1.277875200030394, 1.2946472000330687, 1.311308900010772, 1.3278041000012308, 1.344470200012438, 1.3614331999560818, 1.3779740000609308, 1.3945714000146836, 1.411297700018622, 1.427841700031422, 1.4443747999612242, 1.4612024000380188, 1.4776467999909073, 1.4945376999676228, 1.5111265999730676]	n/a	n/a	0.8	19b
532	14	go_nogo	0	60	4	go	click	[80.0, 80.0, 106.0, 130.0, 160.0, 183.0, 196.0, 206.0, 211.0, 215.0, 216.0, 218.0, 218.0, 218.0, 218.0, 218.0, 218.0, 218.0, 218.0, 218.0, 218.0, 218.0]	[-282.0, -282.0, -181.0, -68.0, 49.0, 145.0, 212.0, 251.0, 278.0, 295.0, 312.0, 318.0, 320.0, 321.0, 322.0, 322.0, 322.0, 322.0, 322.0, 322.0, 322.0, 322.0]	[0, 0, 0, 0, 0, 0, 0, 0, 0, 0, 0, 0, 0, 0, 0, 0, 0, 0, 0, 0, 0, 1]	[0, 0, 0, 0, 0, 0, 0, 0, 0, 0, 0, 0, 0, 0, 0, 0, 0, 0, 0, 0, 0, 0]	[0, 0, 0, 0, 0, 0, 0, 0, 0, 0, 0, 0, 0, 0, 0, 0, 0, 0, 0, 0, 0, 0]	[7.670000195503235e-05, 0.011740399990230799, 0.028493099962361157, 0.04510330001357943, 0.061698899953626096, 0.07832770003005862, 0.09498130006249994, 0.11160930001642555, 0.12869389995466918, 0.1449809999903664, 0.16184950002934784, 0.1785778000485152, 0.19507290003821254, 0.21167730004526675, 0.22815810004249215, 0.24488540005404502, 0.261619700002484, 0.27814990002661943, 0.29488930001389235, 0.31182990001980215, 0.3282459999900311, 0.34485830005723983]	218.0	322.0	0.5	19b
533	14	go_nogo	0	60	2	go	click	[54.0, 54.0, 67.0, 88.0, 104.0, 122.0, 146.0, 157.0, 166.0, 170.0, 173.0, 173.0, 173.0, 173.0, 173.0, 173.0, 173.0, 174.0, 179.0, 184.0, 188.0, 191.0, 193.0, 193.0, 193.0]	[-240.0, -240.0, -206.0, -150.0, -107.0, -52.0, 48.0, 100.0, 135.0, 159.0, 178.0, 191.0, 200.0, 206.0, 211.0, 214.0, 219.0, 240.0, 264.0, 291.0, 312.0, 327.0, 332.0, 333.0, 333.0]	[0, 0, 0, 0, 0, 0, 0, 0, 0, 0, 0, 0, 0, 0, 0, 0, 0, 0, 0, 0, 0, 0, 0, 0, 1]	[0, 0, 0, 0, 0, 0, 0, 0, 0, 0, 0, 0, 0, 0, 0, 0, 0, 0, 0, 0, 0, 0, 0, 0, 0]	[0, 0, 0, 0, 0, 0, 0, 0, 0, 0, 0, 0, 0, 0, 0, 0, 0, 0, 0, 0, 0, 0, 0, 0, 0]	[0.00021700002253055573, 0.012204300030134618, 0.028800499974749982, 0.0455785000231117, 0.06223949999548495, 0.07892469991929829, 0.09621170000173151, 0.11254390003159642, 0.1289813999319449, 0.1453767999773845, 0.1621313999639824, 0.17888289992697537, 0.19546499999705702, 0.21186839998699725, 0.22871990001294762, 0.24546619993634522, 0.2622558999573812, 0.2790588999632746, 0.2963946999516338, 0.31206669996026903, 0.3288344999309629, 0.34550820000004023, 0.3621117000002414, 0.3785879999632016, 0.39559700002428144]	193.0	333.0	1.0	19b
534	14	go_nogo	0	60	7	go	click	[83.0, 83.0, 96.0, 128.0, 159.0, 193.0, 201.0, 216.0, 222.0, 225.0, 228.0, 229.0, 229.0, 229.0, 230.0, 230.0, 230.0, 230.0, 230.0, 229.0, 228.0, 228.0, 227.0, 227.0, 227.0]	[-252.0, -252.0, -204.0, -98.0, 5.0, 108.0, 133.0, 186.0, 213.0, 234.0, 250.0, 261.0, 270.0, 279.0, 290.0, 299.0, 303.0, 305.0, 305.0, 305.0, 306.0, 307.0, 309.0, 309.0, 310.0]	[0, 0, 0, 0, 0, 0, 0, 0, 0, 0, 0, 0, 0, 0, 0, 0, 0, 0, 0, 0, 0, 0, 0, 0, 1]	[0, 0, 0, 0, 0, 0, 0, 0, 0, 0, 0, 0, 0, 0, 0, 0, 0, 0, 0, 0, 0, 0, 0, 0, 0]	[0, 0, 0, 0, 0, 0, 0, 0, 0, 0, 0, 0, 0, 0, 0, 0, 0, 0, 0, 0, 0, 0, 0, 0, 0]	[0.00020859995856881142, 0.009289799956604838, 0.025864799972623587, 0.0426745000295341, 0.059101999970152974, 0.07554250000976026, 0.09314879996236414, 0.10911159997340292, 0.1259126999648288, 0.14268369995988905, 0.15948199992999434, 0.1761167999356985, 0.19244619994424284, 0.20929699996486306, 0.2257563000312075, 0.24247729999478906, 0.2593420000048354, 0.27557549998164177, 0.2925472999922931, 0.30910009995568544, 0.3257272000191733, 0.3424565999303013, 0.35898070002440363, 0.3760121000232175, 0.39248269994277507]	227.0	310.0	0.7	19b
535	14	go_nogo	0	60	2	go	click	[55.0, 55.0, 77.0, 127.0, 167.0, 194.0, 215.0, 221.0, 224.0, 224.0, 224.0, 225.0, 225.0, 224.0, 224.0, 224.0, 224.0, 223.0, 221.0, 220.0, 220.0, 220.0]	[-199.0, -199.0, -162.0, -71.0, 0.0, 68.0, 138.0, 194.0, 231.0, 239.0, 243.0, 247.0, 250.0, 253.0, 253.0, 253.0, 253.0, 254.0, 256.0, 259.0, 260.0, 260.0]	[0, 0, 0, 0, 0, 0, 0, 0, 0, 0, 0, 0, 0, 0, 0, 0, 0, 0, 0, 0, 0, 1]	[0, 0, 0, 0, 0, 0, 0, 0, 0, 0, 0, 0, 0, 0, 0, 0, 0, 0, 0, 0, 0, 0]	[0, 0, 0, 0, 0, 0, 0, 0, 0, 0, 0, 0, 0, 0, 0, 0, 0, 0, 0, 0, 0, 0]	[0.00020150002092123032, 0.010814900044351816, 0.027461900026537478, 0.04407970001921058, 0.06085929996334016, 0.07758829998783767, 0.09394249995239079, 0.11075470002833754, 0.12750890001188964, 0.14407739997841418, 0.16092379996553063, 0.17735320003703237, 0.19425399997271597, 0.21063310001045465, 0.22736559994518757, 0.24383439996745437, 0.26058590004686266, 0.27728639997076243, 0.293980999966152, 0.31042380002327263, 0.32705990003887564, 0.34404280001763254]	220.0	260.0	0.9	19b
536	14	go_nogo	0	60	4	go	click	[38.0, 38.0, 77.0, 94.0, 133.0, 149.0, 160.0, 171.0, 177.0, 180.0, 180.0, 181.0, 181.0, 178.0, 177.0, 177.0, 177.0, 180.0, 181.0, 185.0, 188.0, 189.0, 189.0]	[-240.0, -240.0, -144.0, -87.0, 74.0, 129.0, 155.0, 174.0, 186.0, 192.0, 195.0, 202.0, 211.0, 222.0, 237.0, 244.0, 252.0, 265.0, 283.0, 298.0, 308.0, 311.0, 311.0]	[0, 0, 0, 0, 0, 0, 0, 0, 0, 0, 0, 0, 0, 0, 0, 0, 0, 0, 0, 0, 0, 0, 1]	[0, 0, 0, 0, 0, 0, 0, 0, 0, 0, 0, 0, 0, 0, 0, 0, 0, 0, 0, 0, 0, 0, 0]	[0, 0, 0, 0, 0, 0, 0, 0, 0, 0, 0, 0, 0, 0, 0, 0, 0, 0, 0, 0, 0, 0, 0]	[0.00018470000941306353, 0.01272270001936704, 0.028436699998565018, 0.045111100072972476, 0.06169560004491359, 0.07825250003952533, 0.0950119000626728, 0.11152350006159395, 0.1285067000426352, 0.14513540000189096, 0.16170310007873923, 0.17822660005185753, 0.1948718000203371, 0.21176120010204613, 0.22837740008253604, 0.24556360009592026, 0.26197910006158054, 0.2781824000412598, 0.29486730007920414, 0.3117184001021087, 0.3283291000407189, 0.3450926000950858, 0.3620611000806093]	189.0	311.0	0.5	19b
537	14	go_nogo	0	60	3	go	click	[62.0, 62.0, 63.0, 71.0, 83.0, 95.0, 106.0, 117.0, 129.0, 142.0, 151.0, 159.0, 163.0, 169.0, 171.0, 174.0, 177.0, 182.0, 185.0, 186.0, 187.0, 187.0, 187.0, 187.0, 186.0, 186.0]	[-271.0, -271.0, -249.0, -189.0, -104.0, -69.0, -38.0, -9.0, 20.0, 51.0, 76.0, 98.0, 113.0, 128.0, 151.0, 172.0, 191.0, 215.0, 236.0, 249.0, 257.0, 260.0, 264.0, 270.0, 273.0, 274.0]	[0, 0, 0, 0, 0, 0, 0, 0, 0, 0, 0, 0, 0, 0, 0, 0, 0, 0, 0, 0, 0, 0, 0, 0, 0, 1]	[0, 0, 0, 0, 0, 0, 0, 0, 0, 0, 0, 0, 0, 0, 0, 0, 0, 0, 0, 0, 0, 0, 0, 0, 0, 0]	[0, 0, 0, 0, 0, 0, 0, 0, 0, 0, 0, 0, 0, 0, 0, 0, 0, 0, 0, 0, 0, 0, 0, 0, 0, 0]	[0.00024530000519007444, 0.010310200043022633, 0.026980599970556796, 0.04376220004633069, 0.06012539996299893, 0.07721609994769096, 0.09422149998135865, 0.11027569998987019, 0.1268555000424385, 0.1434438000433147, 0.1600939000491053, 0.17689829994924366, 0.193809499964118, 0.21035519998986274, 0.22707509994506836, 0.24385410000104457, 0.26048769999761134, 0.2771989000029862, 0.2938966000219807, 0.31012050004210323, 0.32699550001416355, 0.3436618000268936, 0.3601966999704018, 0.37694139999803156, 0.3937417999841273, 0.41047270002309233]	186.0	274.0	0.5	19b
538	14	go_nogo	0	60	6	go	click	[58.0, 58.0, 99.0, 119.0, 153.0, 163.0, 165.0, 167.0, 166.0, 166.0, 165.0, 164.0, 163.0, 160.0, 159.0, 159.0, 159.0, 161.0, 163.0, 165.0, 167.0, 171.0, 174.0, 177.0, 178.0, 178.0]	[-203.0, -203.0, -114.0, -74.0, 15.0, 51.0, 82.0, 106.0, 120.0, 131.0, 139.0, 148.0, 157.0, 166.0, 179.0, 191.0, 214.0, 227.0, 235.0, 241.0, 248.0, 256.0, 264.0, 271.0, 274.0, 274.0]	[0, 0, 0, 0, 0, 0, 0, 0, 0, 0, 0, 0, 0, 0, 0, 0, 0, 0, 0, 0, 0, 0, 0, 0, 0, 1]	[0, 0, 0, 0, 0, 0, 0, 0, 0, 0, 0, 0, 0, 0, 0, 0, 0, 0, 0, 0, 0, 0, 0, 0, 0, 0]	[0, 0, 0, 0, 0, 0, 0, 0, 0, 0, 0, 0, 0, 0, 0, 0, 0, 0, 0, 0, 0, 0, 0, 0, 0, 0]	[0.00018700002692639828, 0.011066399980336428, 0.027314100065268576, 0.04419929999858141, 0.060835500014945865, 0.07812550000380725, 0.09456460003275424, 0.11092000000644475, 0.12728250003419816, 0.1441449000267312, 0.16085270000621676, 0.17773019999731332, 0.19412350002676249, 0.2107446000445634, 0.22745030000805855, 0.24399590003304183, 0.2611055000452325, 0.2780071999877691, 0.29448739998042583, 0.3109181000618264, 0.3274564000312239, 0.3441208000294864, 0.3608642000472173, 0.3773135000374168, 0.39392589998897165, 0.4109479000326246]	178.0	274.0	1.0	19b
539	14	go_nogo	0	60	6	go	click	[87.0, 87.0, 101.0, 142.0, 159.0, 167.0, 171.0, 177.0, 184.0, 191.0, 197.0, 205.0, 211.0, 215.0, 215.0, 215.0, 215.0, 216.0, 216.0, 216.0, 216.0]	[-247.0, -247.0, -205.0, -66.0, 2.0, 60.0, 104.0, 136.0, 161.0, 184.0, 207.0, 229.0, 244.0, 256.0, 256.0, 256.0, 258.0, 262.0, 266.0, 267.0, 267.0]	[0, 0, 0, 0, 0, 0, 0, 0, 0, 0, 0, 0, 0, 0, 0, 0, 0, 0, 0, 0, 1]	[0, 0, 0, 0, 0, 0, 0, 0, 0, 0, 0, 0, 0, 0, 0, 0, 0, 0, 0, 0, 0]	[0, 0, 0, 0, 0, 0, 0, 0, 0, 0, 0, 0, 0, 0, 0, 0, 0, 0, 0, 0, 0]	[0.0003418000414967537, 0.01174159999936819, 0.028400299954228103, 0.04501290002372116, 0.06217799999285489, 0.07811530004255474, 0.09489619999658316, 0.11155140004120767, 0.12833259999752045, 0.14479669998399913, 0.16159489995334297, 0.17840370000340044, 0.1950903000542894, 0.2115446999669075, 0.22814899997320026, 0.2452099999645725, 0.26194620004389435, 0.27811640000436455, 0.29479339998215437, 0.3111319000599906, 0.32826129999011755]	216.0	267.0	0.7	19b
540	14	go_nogo	0	60	9	nogo	none	[36.0, 36.0, 50.0, 75.0, 107.0, 112.0, 126.0, 139.0, 146.0, 151.0, 155.0, 158.0, 161.0, 163.0, 166.0, 170.0, 174.0, 182.0, 186.0, 189.0, 191.0, 194.0, 195.0, 195.0, 195.0, 195.0, 195.0, 195.0, 195.0, 195.0, 195.0, 195.0, 195.0, 195.0, 195.0, 195.0, 195.0, 195.0, 195.0, 195.0, 195.0, 195.0, 195.0, 195.0, 195.0, 195.0, 195.0, 195.0, 195.0, 195.0, 195.0, 195.0, 195.0, 195.0, 195.0, 195.0, 195.0, 195.0, 195.0, 195.0, 195.0, 195.0, 195.0, 195.0, 195.0, 195.0]	[-260.0, -260.0, -226.0, -154.0, -52.0, -28.0, 25.0, 80.0, 109.0, 126.0, 141.0, 152.0, 165.0, 178.0, 193.0, 209.0, 228.0, 259.0, 276.0, 289.0, 300.0, 307.0, 311.0, 313.0, 313.0, 313.0, 313.0, 313.0, 313.0, 313.0, 313.0, 313.0, 313.0, 313.0, 313.0, 313.0, 313.0, 313.0, 313.0, 313.0, 313.0, 313.0, 313.0, 313.0, 313.0, 313.0, 313.0, 313.0, 313.0, 313.0, 313.0, 313.0, 313.0, 313.0, 313.0, 313.0, 313.0, 313.0, 313.0, 313.0, 313.0, 313.0, 313.0, 313.0, 313.0, 313.0]	[0, 0, 0, 0, 0, 0, 0, 0, 0, 0, 0, 0, 0, 0, 0, 0, 0, 0, 0, 0, 0, 0, 0, 0, 0, 0, 0, 0, 0, 0, 0, 0, 0, 0, 0, 0, 0, 0, 0, 0, 0, 0, 0, 0, 0, 0, 0, 0, 0, 0, 0, 0, 0, 0, 0, 0, 0, 0, 0, 0, 0, 0, 0, 0, 0, 0]	[0, 0, 0, 0, 0, 0, 0, 0, 0, 0, 0, 0, 0, 0, 0, 0, 0, 0, 0, 0, 0, 0, 0, 0, 0, 0, 0, 0, 0, 0, 0, 0, 0, 0, 0, 0, 0, 0, 0, 0, 0, 0, 0, 0, 0, 0, 0, 0, 0, 0, 0, 0, 0, 0, 0, 0, 0, 0, 0, 0, 0, 0, 0, 0, 0, 0]	[0, 0, 0, 0, 0, 0, 0, 0, 0, 0, 0, 0, 0, 0, 0, 0, 0, 0, 0, 0, 0, 0, 0, 0, 0, 0, 0, 0, 0, 0, 0, 0, 0, 0, 0, 0, 0, 0, 0, 0, 0, 0, 0, 0, 0, 0, 0, 0, 0, 0, 0, 0, 0, 0, 0, 0, 0, 0, 0, 0, 0, 0, 0, 0, 0, 0]	[0.00019669998437166214, 0.009933199966326356, 0.02656230004504323, 0.043457900057546794, 0.059395299991592765, 0.07595369999762625, 0.09318039997015148, 0.10980870004277676, 0.12642490002326667, 0.14303350006230175, 0.15984680003020912, 0.1763609000481665, 0.19299510004930198, 0.2095369000453502, 0.22648269997444004, 0.24298079998698086, 0.2597393000032753, 0.2762654999969527, 0.29319320002105087, 0.309591899975203, 0.3267436999594793, 0.34307519998401403, 0.35982250003144145, 0.3763325000181794, 0.39288800000213087, 0.4095322999637574, 0.42626870004460216, 0.4429275000002235, 0.4594933999469504, 0.4762576000066474, 0.49287670000921935, 0.509502699947916, 0.5262956999940798, 0.5428311000578105, 0.5594862999860197, 0.5764235999668017, 0.5928483000025153, 0.6096116000553593, 0.6261841000523418, 0.6430356999626383, 0.6594094999600202, 0.6760669000213966, 0.6926129000494257, 0.709330299985595, 0.725968400016427, 0.7426146999932826, 0.7593593000201508, 0.7761674999492243, 0.7927140999818221, 0.8093103000428528, 0.8260711999610066, 0.8426758999703452, 0.8594209000002593, 0.8759184000082314, 0.8928055999567732, 0.9094685000600293, 0.9259874999988824, 0.9427617000183091, 0.9593342000152916, 0.9760427000001073, 0.9929910999489948, 1.0094158999854699, 1.0259836000623181, 1.04267560003791, 1.059490600018762, 1.0760222000535578]	n/a	n/a	0.9	19b
541	14	go_nogo	0	60	7	go	click	[74.0, 74.0, 105.0, 141.0, 184.0, 218.0, 234.0, 247.0, 257.0, 265.0, 271.0, 275.0, 277.0, 279.0, 281.0, 282.0, 283.0, 283.0, 282.0, 279.0, 275.0, 273.0, 270.0, 265.0, 252.0, 241.0, 231.0, 229.0, 229.0]	[-272.0, -272.0, -195.0, -103.0, -13.0, 60.0, 103.0, 140.0, 169.0, 194.0, 213.0, 223.0, 230.0, 236.0, 243.0, 254.0, 262.0, 268.0, 274.0, 278.0, 280.0, 283.0, 284.0, 287.0, 291.0, 297.0, 300.0, 301.0, 301.0]	[0, 0, 0, 0, 0, 0, 0, 0, 0, 0, 0, 0, 0, 0, 0, 0, 0, 0, 0, 0, 0, 0, 0, 0, 0, 0, 0, 0, 1]	[0, 0, 0, 0, 0, 0, 0, 0, 0, 0, 0, 0, 0, 0, 0, 0, 0, 0, 0, 0, 0, 0, 0, 0, 0, 0, 0, 0, 0]	[0, 0, 0, 0, 0, 0, 0, 0, 0, 0, 0, 0, 0, 0, 0, 0, 0, 0, 0, 0, 0, 0, 0, 0, 0, 0, 0, 0, 0]	[0.0002188000362366438, 0.009722399991005659, 0.026093199965544045, 0.043719599954783916, 0.05947330000344664, 0.07605519995559007, 0.09277909994125366, 0.10947090003173798, 0.12616730004083365, 0.14277549996040761, 0.15966050000861287, 0.17610449995845556, 0.19296579994261265, 0.20943619997706264, 0.22639169998001307, 0.2429503999883309, 0.2595638999482617, 0.27604849997442216, 0.29275200003758073, 0.3093890999443829, 0.3262835999485105, 0.34270849998574704, 0.35939929995220155, 0.376149500021711, 0.3934051999822259, 0.4101074000354856, 0.4261047999607399, 0.44237750000320375, 0.4591746999649331]	229.0	301.0	0.8	19b
542	14	go_nogo	0	60	1	nogo	none	[91.0, 91.0, 113.0, 145.0, 160.0, 169.0, 177.0, 180.0, 184.0, 187.0, 191.0, 195.0, 200.0, 202.0, 202.0, 202.0, 202.0, 202.0, 203.0, 204.0, 204.0, 205.0, 205.0, 205.0, 205.0, 205.0, 205.0, 205.0, 205.0, 205.0, 205.0, 205.0, 205.0, 205.0, 205.0, 205.0, 205.0, 205.0, 205.0, 205.0, 205.0, 205.0, 205.0, 205.0, 205.0, 205.0, 205.0, 205.0, 205.0, 205.0, 205.0, 205.0, 205.0, 205.0, 205.0, 205.0, 205.0, 205.0, 205.0, 205.0, 205.0, 205.0, 205.0, 205.0, 205.0, 204.0, 194.0, 186.0, 179.0, 172.0, 163.0, 147.0, 125.0, 92.0, 74.0, 64.0, 54.0, 50.0, 50.0, 50.0, 50.0, 50.0, 50.0, 50.0, 50.0, 50.0, 50.0, 50.0, 50.0, 50.0, 50.0, 50.0]	[-143.0, -143.0, -85.0, 17.0, 85.0, 127.0, 174.0, 197.0, 218.0, 232.0, 246.0, 257.0, 269.0, 274.0, 275.0, 275.0, 275.0, 275.0, 278.0, 283.0, 290.0, 295.0, 296.0, 296.0, 296.0, 296.0, 296.0, 296.0, 296.0, 296.0, 296.0, 296.0, 296.0, 296.0, 296.0, 296.0, 296.0, 296.0, 296.0, 296.0, 296.0, 296.0, 296.0, 296.0, 296.0, 296.0, 296.0, 296.0, 296.0, 296.0, 296.0, 296.0, 296.0, 296.0, 296.0, 296.0, 296.0, 296.0, 296.0, 296.0, 296.0, 296.0, 296.0, 296.0, 294.0, 283.0, 244.0, 209.0, 169.0, 121.0, 70.0, -2.0, -91.0, -164.0, -203.0, -218.0, -221.0, -221.0, -221.0, -221.0, -221.0, -221.0, -221.0, -221.0, -221.0, -221.0, -221.0, -221.0, -221.0, -221.0, -221.0, -221.0]	[0, 0, 0, 0, 0, 0, 0, 0, 0, 0, 0, 0, 0, 0, 0, 0, 0, 0, 0, 0, 0, 0, 0, 0, 0, 0, 0, 0, 0, 0, 0, 0, 0, 0, 0, 0, 0, 0, 0, 0, 0, 0, 0, 0, 0, 0, 0, 0, 0, 0, 0, 0, 0, 0, 0, 0, 0, 0, 0, 0, 0, 0, 0, 0, 0, 0, 0, 0, 0, 0, 0, 0, 0, 0, 0, 0, 0, 0, 0, 0, 0, 0, 0, 0, 0, 0, 0, 0, 0, 0, 0, 0]	[0, 0, 0, 0, 0, 0, 0, 0, 0, 0, 0, 0, 0, 0, 0, 0, 0, 0, 0, 0, 0, 0, 0, 0, 0, 0, 0, 0, 0, 0, 0, 0, 0, 0, 0, 0, 0, 0, 0, 0, 0, 0, 0, 0, 0, 0, 0, 0, 0, 0, 0, 0, 0, 0, 0, 0, 0, 0, 0, 0, 0, 0, 0, 0, 0, 0, 0, 0, 0, 0, 0, 0, 0, 0, 0, 0, 0, 0, 0, 0, 0, 0, 0, 0, 0, 0, 0, 0, 0, 0, 0, 0]	[0, 0, 0, 0, 0, 0, 0, 0, 0, 0, 0, 0, 0, 0, 0, 0, 0, 0, 0, 0, 0, 0, 0, 0, 0, 0, 0, 0, 0, 0, 0, 0, 0, 0, 0, 0, 0, 0, 0, 0, 0, 0, 0, 0, 0, 0, 0, 0, 0, 0, 0, 0, 0, 0, 0, 0, 0, 0, 0, 0, 0, 0, 0, 0, 0, 0, 0, 0, 0, 0, 0, 0, 0, 0, 0, 0, 0, 0, 0, 0, 0, 0, 0, 0, 0, 0, 0, 0, 0, 0, 0, 0]	[0.00017859996296465397, 0.011742300004698336, 0.028269700007513165, 0.04498449992388487, 0.06170690001454204, 0.07832239998970181, 0.09632129990495741, 0.11161929997615516, 0.1284481999464333, 0.1451476999791339, 0.16195849992800504, 0.1786548999371007, 0.19512349995784461, 0.21153869992122054, 0.22818029997870326, 0.24480769992806017, 0.26160389999859035, 0.27867989998776466, 0.2951418999582529, 0.31151079991832376, 0.3287573999259621, 0.345008899923414, 0.36158209992572665, 0.3784164999378845, 0.39484999992419034, 0.41125379991717637, 0.4279799999203533, 0.4445414999499917, 0.46109859994612634, 0.478012099978514, 0.49459929997101426, 0.5114363000029698, 0.5280921999365091, 0.5448200999526307, 0.5612603999907151, 0.5778896999545395, 0.5945960999233648, 0.6112125999061391, 0.6279117999365553, 0.6445791999576613, 0.661374699906446, 0.6780648999847472, 0.6948231999995187, 0.7112874999875203, 0.7279226999962702, 0.7445774999214336, 0.7613949999213219, 0.7778101000003517, 0.7945995000191033, 0.811151499976404, 0.8280034000054002, 0.8447059999452904, 0.8615241999505088, 0.8780044999439269, 0.8948180999141186, 0.9111330999294296, 0.9279037999222055, 0.9444521999685094, 0.9611958999885246, 0.9781235000118613, 0.994714199914597, 1.0114048999967054, 1.0281982999294996, 1.044753799913451, 1.0613923999480903, 1.0783109000185505, 1.0948766999645159, 1.1116003999486566, 1.1285897999769077, 1.1448821999365464, 1.1616721999598667, 1.1778856000164524, 1.194944699993357, 1.2114635999314487, 1.2283563999226317, 1.2448321999982, 1.2615112999919802, 1.277888200012967, 1.2947290999582037, 1.3114205999299884, 1.3278781999833882, 1.344821900012903, 1.361502500018105, 1.3781584999524057, 1.3944967999123037, 1.411256399936974, 1.4278513999888673, 1.4445702999364585, 1.461218599928543, 1.4778961999109015, 1.4944800999946892, 1.511177400010638]	n/a	n/a	0.7	19b
543	14	go_nogo	0	60	8	go	click	[60.0, 60.0, 78.0, 121.0, 142.0, 154.0, 161.0, 166.0, 169.0, 170.0, 172.0, 175.0, 177.0, 179.0, 182.0, 185.0, 185.0, 185.0, 185.0, 185.0, 187.0, 189.0, 191.0, 192.0, 192.0, 192.0, 192.0, 192.0]	[-256.0, -256.0, -210.0, -75.0, 3.0, 62.0, 108.0, 142.0, 161.0, 176.0, 187.0, 192.0, 196.0, 200.0, 211.0, 215.0, 215.0, 215.0, 215.0, 216.0, 222.0, 237.0, 261.0, 286.0, 302.0, 314.0, 318.0, 318.0]	[0, 0, 0, 0, 0, 0, 0, 0, 0, 0, 0, 0, 0, 0, 0, 0, 0, 0, 0, 0, 0, 0, 0, 0, 0, 0, 0, 1]	[0, 0, 0, 0, 0, 0, 0, 0, 0, 0, 0, 0, 0, 0, 0, 0, 0, 0, 0, 0, 0, 0, 0, 0, 0, 0, 0, 0]	[0, 0, 0, 0, 0, 0, 0, 0, 0, 0, 0, 0, 0, 0, 0, 0, 0, 0, 0, 0, 0, 0, 0, 0, 0, 0, 0, 0]	[0.00029619992710649967, 0.009034499991685152, 0.02577229996677488, 0.04267479991540313, 0.05920049990527332, 0.0761316999560222, 0.09241089993156493, 0.10918549995403737, 0.12587679992429912, 0.14224239997565746, 0.1588945999974385, 0.1761628999374807, 0.1923149999929592, 0.2091313999844715, 0.22591349994763732, 0.24194979993626475, 0.25878389994613826, 0.27567409991752356, 0.2926826999755576, 0.30940259993076324, 0.32572059996891767, 0.3427248999942094, 0.35902669990900904, 0.37556799990125, 0.39214599994011223, 0.4089881998952478, 0.42568250000476837, 0.44229499995708466]	192.0	318.0	0.8	19b
544	14	go_nogo	0	60	2	go	click	[62.0, 62.0, 71.0, 86.0, 98.0, 111.0, 125.0, 133.0, 144.0, 155.0, 161.0, 167.0, 170.0, 178.0, 184.0, 190.0, 195.0, 199.0, 200.0, 202.0, 204.0, 204.0]	[-240.0, -240.0, -204.0, -117.0, -23.0, 44.0, 102.0, 133.0, 162.0, 186.0, 203.0, 215.0, 224.0, 244.0, 267.0, 288.0, 303.0, 313.0, 318.0, 322.0, 328.0, 328.0]	[0, 0, 0, 0, 0, 0, 0, 0, 0, 0, 0, 0, 0, 0, 0, 0, 0, 0, 0, 0, 0, 1]	[0, 0, 0, 0, 0, 0, 0, 0, 0, 0, 0, 0, 0, 0, 0, 0, 0, 0, 0, 0, 0, 0]	[0, 0, 0, 0, 0, 0, 0, 0, 0, 0, 0, 0, 0, 0, 0, 0, 0, 0, 0, 0, 0, 0]	[0.00019519997294992208, 0.011370399966835976, 0.0279920999892056, 0.0446214999537915, 0.06149229989387095, 0.0779495999449864, 0.09470959997270256, 0.11224439996294677, 0.12813359999563545, 0.14473459997680038, 0.16133199993055314, 0.1780062000034377, 0.19463549996726215, 0.2116206999635324, 0.2280323999002576, 0.2444322999799624, 0.26123760000336915, 0.2786016999743879, 0.294698299956508, 0.31123779993504286, 0.32790269993711263, 0.3449848999734968]	204.0	328.0	0.8	19b
545	14	go_nogo	0	60	8	go	click	[60.0, 78.0, 94.0, 125.0, 147.0, 162.0, 170.0, 171.0, 176.0, 178.0, 179.0, 180.0, 181.0, 181.0, 183.0, 183.0, 184.0, 187.0, 190.0, 195.0, 196.0, 197.0]	[-284.0, -238.0, -185.0, -83.0, -2.0, 58.0, 112.0, 156.0, 186.0, 211.0, 225.0, 244.0, 253.0, 261.0, 267.0, 271.0, 275.0, 283.0, 293.0, 305.0, 309.0, 310.0]	[0, 0, 0, 0, 0, 0, 0, 0, 0, 0, 0, 0, 0, 0, 0, 0, 0, 0, 0, 0, 0, 1]	[0, 0, 0, 0, 0, 0, 0, 0, 0, 0, 0, 0, 0, 0, 0, 0, 0, 0, 0, 0, 0, 0]	[0, 0, 0, 0, 0, 0, 0, 0, 0, 0, 0, 0, 0, 0, 0, 0, 0, 0, 0, 0, 0, 0]	[7.569999434053898e-05, 0.010644399910233915, 0.02725389995612204, 0.044064699904993176, 0.060607099905610085, 0.0769689999287948, 0.0938784999307245, 0.11040569993201643, 0.126990299904719, 0.14384149992838502, 0.16081889998167753, 0.1773892999626696, 0.19385089993011206, 0.21048020001035184, 0.22728969994932413, 0.24378469993826002, 0.260509799933061, 0.2772444000001997, 0.29434699995908886, 0.31056919996626675, 0.3274008999578655, 0.3438160999212414]	197.0	310.0	0.6	19b
546	14	go_nogo	0	60	2	go	click	[65.0, 65.0, 119.0, 168.0, 194.0, 202.0, 209.0, 212.0, 215.0, 217.0, 219.0, 219.0, 219.0, 220.0, 220.0, 221.0, 221.0, 221.0, 221.0, 221.0, 221.0]	[-146.0, -146.0, -13.0, 92.0, 153.0, 188.0, 214.0, 241.0, 261.0, 274.0, 279.0, 279.0, 280.0, 285.0, 287.0, 287.0, 287.0, 287.0, 287.0, 287.0, 287.0]	[0, 0, 0, 0, 0, 0, 0, 0, 0, 0, 0, 0, 0, 0, 0, 0, 0, 0, 0, 0, 1]	[0, 0, 0, 0, 0, 0, 0, 0, 0, 0, 0, 0, 0, 0, 0, 0, 0, 0, 0, 0, 0]	[0, 0, 0, 0, 0, 0, 0, 0, 0, 0, 0, 0, 0, 0, 0, 0, 0, 0, 0, 0, 0]	[0.0002123001031577587, 0.009399100090377033, 0.02663070010021329, 0.042874200036749244, 0.05985960003454238, 0.07606170000508428, 0.09286060009617358, 0.10972800001036376, 0.12609390006400645, 0.14278090000152588, 0.159274100093171, 0.17608720005955547, 0.19283960002940148, 0.20942260010633618, 0.22571660007815808, 0.24262620008084923, 0.25918790011201054, 0.27586490008980036, 0.2924710001097992, 0.3094458000268787, 0.3261402000207454]	221.0	287.0	0.9	19b
547	14	go_nogo	0	60	6	go	click	[31.0, 31.0, 53.0, 123.0, 149.0, 205.0, 226.0, 234.0, 239.0, 240.0, 241.0, 242.0, 242.0, 242.0, 242.0, 242.0, 242.0, 242.0, 242.0, 242.0, 242.0, 242.0, 242.0]	[-244.0, -244.0, -186.0, 19.0, 89.0, 250.0, 293.0, 318.0, 332.0, 341.0, 344.0, 345.0, 345.0, 345.0, 345.0, 345.0, 345.0, 345.0, 345.0, 345.0, 345.0, 345.0, 345.0]	[0, 0, 0, 0, 0, 0, 0, 0, 0, 0, 0, 0, 0, 0, 0, 0, 0, 0, 0, 0, 0, 0, 1]	[0, 0, 0, 0, 0, 0, 0, 0, 0, 0, 0, 0, 0, 0, 0, 0, 0, 0, 0, 0, 0, 0, 0]	[0, 0, 0, 0, 0, 0, 0, 0, 0, 0, 0, 0, 0, 0, 0, 0, 0, 0, 0, 0, 0, 0, 0]	[0.00027930003125220537, 0.012021300033666193, 0.028451499994844198, 0.04509170004166663, 0.06164369999896735, 0.07823250000365078, 0.09499749995302409, 0.11186469998210669, 0.12849539995659143, 0.14523749996442348, 0.16327879996970296, 0.17856330005452037, 0.19497559999581426, 0.21174299996346235, 0.22832250001374632, 0.2450113999657333, 0.2616620999760926, 0.27832439995836467, 0.2950144000351429, 0.3116214000619948, 0.3282346000196412, 0.34510979999322444, 0.36165219999384135]	242.0	345.0	1.0	19b
548	14	go_nogo	0	60	3	go	click	[9.0, 26.0, 42.0, 85.0, 116.0, 148.0, 175.0, 192.0, 210.0, 216.0, 218.0, 219.0, 220.0, 220.0, 221.0, 221.0, 221.0, 221.0, 221.0, 221.0, 221.0, 221.0]	[-290.0, -244.0, -194.0, -90.0, 5.0, 92.0, 179.0, 240.0, 298.0, 319.0, 328.0, 332.0, 336.0, 339.0, 341.0, 341.0, 341.0, 341.0, 341.0, 341.0, 341.0, 341.0]	[0, 0, 0, 0, 0, 0, 0, 0, 0, 0, 0, 0, 0, 0, 0, 0, 0, 0, 0, 0, 0, 1]	[0, 0, 0, 0, 0, 0, 0, 0, 0, 0, 0, 0, 0, 0, 0, 0, 0, 0, 0, 0, 0, 0]	[0, 0, 0, 0, 0, 0, 0, 0, 0, 0, 0, 0, 0, 0, 0, 0, 0, 0, 0, 0, 0, 0]	[7.620011456310749e-05, 0.012266000034287572, 0.028708500089123845, 0.04542460001539439, 0.062188200070522726, 0.07884980004746467, 0.09539870009757578, 0.11217950005084276, 0.12926540011540055, 0.14548440009821206, 0.16245970001909882, 0.17905360006261617, 0.1951523000607267, 0.2120543000055477, 0.22857620008289814, 0.24517470004502684, 0.26192280009854585, 0.27851870004087687, 0.2952929000603035, 0.3119780000997707, 0.3285223999992013, 0.34582670009694993]	221.0	341.0	0.6	19b
549	14	go_nogo	0	60	7	go	click	[22.0, 22.0, 39.0, 66.0, 95.0, 104.0, 112.0, 117.0, 122.0, 128.0, 131.0, 133.0, 135.0, 137.0, 139.0, 139.0, 139.0, 139.0, 139.0, 140.0, 146.0, 155.0, 164.0, 173.0, 180.0, 187.0, 190.0, 190.0, 190.0]	[-246.0, -246.0, -203.0, -117.0, -19.0, 25.0, 60.0, 90.0, 119.0, 144.0, 157.0, 165.0, 172.0, 182.0, 185.0, 185.0, 186.0, 186.0, 186.0, 190.0, 203.0, 220.0, 242.0, 260.0, 275.0, 289.0, 296.0, 296.0, 296.0]	[0, 0, 0, 0, 0, 0, 0, 0, 0, 0, 0, 0, 0, 0, 0, 0, 0, 0, 0, 0, 0, 0, 0, 0, 0, 0, 0, 0, 1]	[0, 0, 0, 0, 0, 0, 0, 0, 0, 0, 0, 0, 0, 0, 0, 0, 0, 0, 0, 0, 0, 0, 0, 0, 0, 0, 0, 0, 0]	[0, 0, 0, 0, 0, 0, 0, 0, 0, 0, 0, 0, 0, 0, 0, 0, 0, 0, 0, 0, 0, 0, 0, 0, 0, 0, 0, 0, 0]	[0.00019379996228963137, 0.011915799928829074, 0.028531599906273186, 0.045455000014044344, 0.06192519993055612, 0.0790234999731183, 0.09536959999240935, 0.112792499945499, 0.1285943000111729, 0.1454432999016717, 0.16189879993908107, 0.17863989993929863, 0.1952303999569267, 0.2121390999527648, 0.22857449995353818, 0.2451565999072045, 0.26195600000210106, 0.278626799932681, 0.29534829990006983, 0.3120180999394506, 0.32884979993104935, 0.3455802999669686, 0.3616315999533981, 0.3785869999555871, 0.39511529996525496, 0.4116570999613032, 0.4284482999937609, 0.44487759994808584, 0.4622101999120787]	191.0	296.0	0.8	19b
550	14	go_nogo	0	60	2	go	click	[74.0, 74.0, 86.0, 117.0, 143.0, 157.0, 167.0, 171.0, 172.0, 173.0, 174.0, 174.0, 174.0, 174.0, 175.0, 175.0, 175.0, 175.0, 175.0, 175.0, 175.0, 175.0, 176.0, 178.0, 180.0, 182.0, 183.0, 184.0, 185.0, 186.0, 187.0, 187.0, 187.0, 187.0, 187.0]	[-189.0, -189.0, -148.0, -50.0, 47.0, 122.0, 180.0, 199.0, 210.0, 215.0, 217.0, 217.0, 218.0, 220.0, 221.0, 221.0, 221.0, 221.0, 221.0, 221.0, 221.0, 223.0, 228.0, 237.0, 248.0, 256.0, 264.0, 269.0, 272.0, 274.0, 278.0, 280.0, 281.0, 281.0, 282.0]	[0, 0, 0, 0, 0, 0, 0, 0, 0, 0, 0, 0, 0, 0, 0, 0, 0, 0, 0, 0, 0, 1, 1, 0, 0, 0, 0, 0, 0, 0, 0, 0, 0, 0, 1]	[0, 0, 0, 0, 0, 0, 0, 0, 0, 0, 0, 0, 0, 0, 0, 0, 0, 0, 0, 0, 0, 0, 0, 0, 0, 0, 0, 0, 0, 0, 0, 0, 0, 0, 0]	[0, 0, 0, 0, 0, 0, 0, 0, 0, 0, 0, 0, 0, 0, 0, 0, 0, 0, 0, 0, 0, 0, 0, 0, 0, 0, 0, 0, 0, 0, 0, 0, 0, 0, 0]	[0.00018779991660267115, 0.010462599922902882, 0.027019099914468825, 0.04364829999394715, 0.06028739991597831, 0.07746549998410046, 0.09421199990902096, 0.11055179999675602, 0.12738999992143363, 0.14456679997965693, 0.16028009995352477, 0.17728870001155883, 0.19386699993629009, 0.21047329995781183, 0.22686339996289462, 0.24371780001092702, 0.2603031999897212, 0.27694489993155, 0.2936981999082491, 0.3104190999874845, 0.32816029991954565, 0.34356389997992665, 0.3602619000012055, 0.3772140999790281, 0.3937434999970719, 0.41031179996207356, 0.4271150999702513, 0.4439423999283463, 0.46053609997034073, 0.4772207000060007, 0.4939529999392107, 0.5107000999851152, 0.5270404999610037, 0.5438589999685064, 0.5608747999649495]	187.0	282.0	0.9	19b
551	14	go_nogo	0	60	4	go	click	[68.0, 68.0, 88.0, 150.0, 177.0, 198.0, 207.0, 210.0, 212.0, 212.0, 212.0, 211.0, 209.0, 209.0, 207.0, 207.0, 207.0, 207.0, 207.0, 207.0, 207.0, 212.0, 217.0, 219.0, 220.0, 220.0]	[-255.0, -255.0, -212.0, -72.0, 14.0, 91.0, 149.0, 187.0, 209.0, 220.0, 225.0, 229.0, 231.0, 232.0, 233.0, 234.0, 235.0, 238.0, 243.0, 253.0, 275.0, 308.0, 331.0, 339.0, 341.0, 341.0]	[0, 0, 0, 0, 0, 0, 0, 0, 0, 0, 0, 0, 0, 0, 0, 0, 0, 0, 0, 0, 0, 0, 0, 0, 0, 1]	[0, 0, 0, 0, 0, 0, 0, 0, 0, 0, 0, 0, 0, 0, 0, 0, 0, 0, 0, 0, 0, 0, 0, 0, 0, 0]	[0, 0, 0, 0, 0, 0, 0, 0, 0, 0, 0, 0, 0, 0, 0, 0, 0, 0, 0, 0, 0, 0, 0, 0, 0, 0]	[0.00019240006804466248, 0.010213600005954504, 0.026833900017663836, 0.044281700043939054, 0.0603861000854522, 0.07729450007900596, 0.093519699992612, 0.11018580000381917, 0.1265778000233695, 0.14336790004745126, 0.16011230007279664, 0.17668680008500814, 0.19329209998250008, 0.21029419999103993, 0.22654830000828952, 0.24317570007406175, 0.2604642000515014, 0.2772764000110328, 0.2930286000482738, 0.3097255000611767, 0.32656209997367114, 0.34338119998574257, 0.3600842000450939, 0.3767092999769375, 0.39321460004430264, 0.41009710007347167]	220.0	341.0	0.8	19b
552	14	go_nogo	0	60	8	go	click	[100.0, 100.0, 116.0, 150.0, 171.0, 181.0, 191.0, 196.0, 197.0, 198.0, 198.0, 198.0, 198.0, 198.0, 198.0, 198.0, 198.0, 198.0, 198.0, 198.0]	[-172.0, -172.0, -115.0, 37.0, 115.0, 177.0, 228.0, 262.0, 275.0, 279.0, 282.0, 282.0, 283.0, 283.0, 283.0, 283.0, 283.0, 283.0, 283.0, 283.0]	[0, 0, 0, 0, 0, 0, 0, 0, 0, 0, 0, 0, 0, 0, 0, 0, 0, 0, 0, 1]	[0, 0, 0, 0, 0, 0, 0, 0, 0, 0, 0, 0, 0, 0, 0, 0, 0, 0, 0, 0]	[0, 0, 0, 0, 0, 0, 0, 0, 0, 0, 0, 0, 0, 0, 0, 0, 0, 0, 0, 0]	[0.00020490004681050777, 0.009283100022003055, 0.02614900004118681, 0.042908100062049925, 0.0598019000608474, 0.07647940004244447, 0.09276639996096492, 0.10933430003933609, 0.1259497000137344, 0.14293019997421652, 0.15926360001321882, 0.17611690005287528, 0.19261639995966107, 0.2091124999569729, 0.2257808999856934, 0.24228999996557832, 0.258892499958165, 0.2756322000641376, 0.2923962000058964, 0.30934609996620566]	198.0	283.0	1.0	19b
553	14	go_nogo	0	60	1	nogo	none	[22.0, 22.0, 40.0, 80.0, 127.0, 144.0, 160.0, 170.0, 180.0, 189.0, 197.0, 201.0, 201.0, 202.0, 202.0, 202.0, 202.0, 202.0, 202.0, 202.0, 202.0, 202.0, 202.0, 202.0, 202.0, 202.0, 202.0, 202.0, 202.0, 202.0, 202.0, 202.0, 202.0, 202.0, 202.0, 202.0, 202.0, 202.0, 202.0, 202.0, 202.0, 202.0, 202.0, 202.0, 202.0, 202.0, 202.0, 202.0, 202.0, 202.0, 202.0, 202.0, 202.0, 202.0, 202.0, 202.0, 202.0, 201.0, 199.0, 199.0, 199.0, 199.0, 199.0, 199.0, 199.0, 199.0, 199.0, 199.0, 199.0, 199.0, 199.0, 199.0, 199.0, 199.0, 199.0, 199.0, 199.0, 199.0, 199.0, 199.0, 199.0, 199.0, 199.0, 199.0, 199.0, 199.0, 199.0, 199.0, 199.0, 199.0, 199.0, 199.0]	[-245.0, -245.0, -199.0, -95.0, 30.0, 81.0, 122.0, 158.0, 195.0, 232.0, 258.0, 272.0, 279.0, 282.0, 284.0, 284.0, 284.0, 284.0, 284.0, 284.0, 284.0, 284.0, 284.0, 284.0, 284.0, 284.0, 284.0, 284.0, 284.0, 284.0, 284.0, 284.0, 284.0, 284.0, 284.0, 284.0, 284.0, 284.0, 284.0, 284.0, 284.0, 284.0, 284.0, 284.0, 284.0, 284.0, 284.0, 284.0, 284.0, 284.0, 284.0, 284.0, 284.0, 284.0, 284.0, 284.0, 284.0, 277.0, 272.0, 271.0, 271.0, 271.0, 271.0, 271.0, 271.0, 271.0, 271.0, 271.0, 271.0, 271.0, 271.0, 271.0, 271.0, 271.0, 271.0, 271.0, 271.0, 271.0, 271.0, 271.0, 271.0, 271.0, 271.0, 271.0, 271.0, 271.0, 271.0, 271.0, 271.0, 271.0, 271.0, 271.0]	[0, 0, 0, 0, 0, 0, 0, 0, 0, 0, 0, 0, 0, 0, 0, 0, 0, 0, 0, 0, 0, 0, 0, 0, 0, 0, 0, 0, 0, 0, 0, 0, 0, 0, 0, 0, 0, 0, 0, 0, 0, 0, 0, 0, 0, 0, 0, 0, 0, 0, 0, 0, 0, 0, 0, 0, 0, 0, 0, 0, 0, 0, 0, 0, 0, 0, 0, 0, 0, 0, 0, 0, 0, 0, 0, 0, 0, 0, 0, 0, 0, 0, 0, 0, 0, 0, 0, 0, 0, 0, 0, 0]	[0, 0, 0, 0, 0, 0, 0, 0, 0, 0, 0, 0, 0, 0, 0, 0, 0, 0, 0, 0, 0, 0, 0, 0, 0, 0, 0, 0, 0, 0, 0, 0, 0, 0, 0, 0, 0, 0, 0, 0, 0, 0, 0, 0, 0, 0, 0, 0, 0, 0, 0, 0, 0, 0, 0, 0, 0, 0, 0, 0, 0, 0, 0, 0, 0, 0, 0, 0, 0, 0, 0, 0, 0, 0, 0, 0, 0, 0, 0, 0, 0, 0, 0, 0, 0, 0, 0, 0, 0, 0, 0, 0]	[0, 0, 0, 0, 0, 0, 0, 0, 0, 0, 0, 0, 0, 0, 0, 0, 0, 0, 0, 0, 0, 0, 0, 0, 0, 0, 0, 0, 0, 0, 0, 0, 0, 0, 0, 0, 0, 0, 0, 0, 0, 0, 0, 0, 0, 0, 0, 0, 0, 0, 0, 0, 0, 0, 0, 0, 0, 0, 0, 0, 0, 0, 0, 0, 0, 0, 0, 0, 0, 0, 0, 0, 0, 0, 0, 0, 0, 0, 0, 0, 0, 0, 0, 0, 0, 0, 0, 0, 0, 0, 0, 0]	[0.0001862999051809311, 0.012312399921938777, 0.028943199897184968, 0.04545380000490695, 0.06233529991004616, 0.07887669990304857, 0.09590409998781979, 0.11229759990237653, 0.12904349993914366, 0.1455897999694571, 0.16212689992971718, 0.17893850000109524, 0.19546449999324977, 0.21217579999938607, 0.22885189997032285, 0.24564699991606176, 0.2623343999730423, 0.2789807999506593, 0.2955246999626979, 0.3122218999778852, 0.32855489989742637, 0.3451721000019461, 0.3620551999192685, 0.37868879991583526, 0.39534539997112006, 0.4118595999898389, 0.4288853999460116, 0.4454515000106767, 0.46204789995681494, 0.47875209990888834, 0.4954374999506399, 0.512034299899824, 0.5286423999350518, 0.5452914999332279, 0.5621297999750823, 0.5786168999038637, 0.5952910999767482, 0.6119906000094488, 0.6287411999655887, 0.6452167999232188, 0.6621325999731198, 0.6786152999848127, 0.6955980999628082, 0.7119018000084907, 0.7284643999300897, 0.7452475999016315, 0.7618808998959139, 0.77859149989672, 0.7952227999921888, 0.8118641999317333, 0.828555699903518, 0.8451467999257147, 0.8618556999135762, 0.8786236000014469, 0.8953165999846533, 0.9115484999492764, 0.928648000000976, 0.9453379999613389, 0.962159699993208, 0.9785321999806911, 0.9952712999656796, 1.0119255000026897, 1.0285574999870732, 1.045221299980767, 1.0617902999510989, 1.0784432999789715, 1.095292399986647, 1.111817799974233, 1.12850739993155, 1.145151300006546, 1.1618840999435633, 1.1784809000091627, 1.1951335999183357, 1.21189899998717, 1.2285279999487102, 1.2450821999227628, 1.2618946000002325, 1.278686499921605, 1.2952403000090271, 1.3116280999965966, 1.3285199999809265, 1.3450691999169067, 1.361655999906361, 1.3785684999311343, 1.395274999900721, 1.411951099988073, 1.4285635999403894, 1.4450883999234065, 1.4616554999956861, 1.4783484999788925, 1.4951366999885067, 1.5117334999376908]	n/a	n/a	0.6	19b
554	14	go_nogo	0	60	4	go	click	[34.0, 34.0, 71.0, 100.0, 123.0, 143.0, 156.0, 163.0, 169.0, 173.0, 174.0, 177.0, 181.0, 181.0, 186.0, 192.0, 198.0, 205.0, 213.0, 228.0, 245.0, 260.0, 276.0, 279.0, 280.0, 280.0, 281.0, 281.0, 281.0, 281.0, 281.0, 281.0, 279.0, 277.0, 260.0, 253.0, 249.0, 244.0, 233.0, 217.0, 204.0, 192.0, 189.0]	[-238.0, -238.0, -181.0, -130.0, -70.0, -22.0, 11.0, 32.0, 48.0, 59.0, 67.0, 78.0, 86.0, 90.0, 101.0, 118.0, 139.0, 161.0, 182.0, 213.0, 253.0, 288.0, 324.0, 334.0, 338.0, 339.0, 339.0, 339.0, 339.0, 339.0, 339.0, 339.0, 339.0, 338.0, 331.0, 328.0, 326.0, 324.0, 320.0, 315.0, 311.0, 306.0, 305.0]	[0, 0, 0, 0, 0, 0, 0, 0, 0, 0, 0, 0, 0, 0, 0, 0, 0, 0, 0, 0, 0, 0, 0, 0, 0, 0, 0, 0, 1, 1, 1, 0, 0, 0, 0, 0, 0, 0, 0, 0, 0, 0, 1]	[0, 0, 0, 0, 0, 0, 0, 0, 0, 0, 0, 0, 0, 0, 0, 0, 0, 0, 0, 0, 0, 0, 0, 0, 0, 0, 0, 0, 0, 0, 0, 0, 0, 0, 0, 0, 0, 0, 0, 0, 0, 0, 0]	[0, 0, 0, 0, 0, 0, 0, 0, 0, 0, 0, 0, 0, 0, 0, 0, 0, 0, 0, 0, 0, 0, 0, 0, 0, 0, 0, 0, 0, 0, 0, 0, 0, 0, 0, 0, 0, 0, 0, 0, 0, 0, 0]	[7.310009095817804e-05, 0.011894800001755357, 0.028261400060728192, 0.044929300085641444, 0.061923100030981004, 0.0785106000257656, 0.09561690001282841, 0.11186410009395331, 0.12921060004737228, 0.1452068000799045, 0.1617929000640288, 0.1783286000136286, 0.19520670000929385, 0.21171740000136197, 0.22871789999771863, 0.24568520009052008, 0.26196730008814484, 0.2783834000583738, 0.2952532999916002, 0.3119282000698149, 0.3285346000920981, 0.34501789999194443, 0.36156560003291816, 0.3785656000254676, 0.3954432000173256, 0.41222070006188005, 0.42834270000457764, 0.44477820000611246, 0.4623015000252053, 0.47839960001874715, 0.4951375999953598, 0.5121468000579625, 0.5284803999820724, 0.5451107000699267, 0.5618680000770837, 0.5784800000255927, 0.5951326000504196, 0.6122180999955162, 0.6281544000376016, 0.6452623000368476, 0.6616900000954047, 0.6785664000781253, 0.6955139000201598]	189.0	304.0	0.9	19b
555	14	go_nogo	0	60	7	go	click	[64.0, 64.0, 107.0, 144.0, 162.0, 171.0, 175.0, 178.0, 182.0, 183.0, 185.0, 186.0, 186.0, 186.0, 187.0, 191.0, 192.0, 193.0, 195.0, 201.0, 207.0, 209.0, 210.0, 210.0, 210.0]	[-268.0, -268.0, -160.0, -34.0, 65.0, 115.0, 146.0, 174.0, 197.0, 201.0, 210.0, 217.0, 226.0, 235.0, 246.0, 254.0, 262.0, 266.0, 273.0, 293.0, 328.0, 348.0, 355.0, 355.0, 355.0]	[0, 0, 0, 0, 0, 0, 0, 0, 0, 0, 0, 0, 0, 0, 0, 0, 0, 0, 0, 0, 0, 0, 0, 1, 1]	[0, 0, 0, 0, 0, 0, 0, 0, 0, 0, 0, 0, 0, 0, 0, 0, 0, 0, 0, 0, 0, 0, 0, 0, 0]	[0, 0, 0, 0, 0, 0, 0, 0, 0, 0, 0, 0, 0, 0, 0, 0, 0, 0, 0, 0, 0, 0, 0, 0, 0]	[7.730000652372837e-05, 0.010942699969746172, 0.027527600061148405, 0.0442320000147447, 0.06099740008357912, 0.07813300006091595, 0.09431419998873025, 0.1113242000574246, 0.12754200003109872, 0.1443981999764219, 0.16084600007161498, 0.17772550007794052, 0.19410710001830012, 0.21076460008043796, 0.22756730008404702, 0.2442550000268966, 0.26088229997549206, 0.2778636000584811, 0.29449960007332265, 0.3110486000077799, 0.32837550004478544, 0.34445410000626, 0.3607249000342563, 0.37793110008351505, 0.39412529999390244]	208.0	344.0	0.7	19b
556	14	go_nogo	0	60	4	go	click	[126.0, 126.0, 171.0, 192.0, 229.0, 241.0, 245.0, 247.0, 247.0, 247.0, 247.0, 247.0, 247.0, 247.0, 247.0, 247.0, 247.0, 247.0, 247.0, 243.0, 237.0, 231.0, 229.0]	[-130.0, -130.0, 36.0, 117.0, 277.0, 313.0, 326.0, 332.0, 333.0, 333.0, 333.0, 333.0, 333.0, 333.0, 333.0, 333.0, 331.0, 330.0, 327.0, 318.0, 306.0, 299.0, 295.0]	[0, 0, 0, 0, 0, 0, 0, 0, 0, 0, 0, 0, 0, 0, 0, 0, 0, 0, 0, 0, 0, 0, 1]	[0, 0, 0, 0, 0, 0, 0, 0, 0, 0, 0, 0, 0, 0, 0, 0, 0, 0, 0, 0, 0, 0, 0]	[0, 0, 0, 0, 0, 0, 0, 0, 0, 0, 0, 0, 0, 0, 0, 0, 0, 0, 0, 0, 0, 0, 0]	[0.00023960007820278406, 0.011896800016984344, 0.028339800075627863, 0.044760400080122054, 0.061845900025218725, 0.07814840006176382, 0.09486910002306104, 0.11155500006861985, 0.1281093000434339, 0.14471580006647855, 0.16170749999582767, 0.17831250000745058, 0.19479610002599657, 0.21154250006657094, 0.22817330004181713, 0.2450181000167504, 0.26164370006881654, 0.2786241000285372, 0.2949625999899581, 0.31155119999311864, 0.32819240004755557, 0.34496630006469786, 0.3618531000101939]	227.0	293.0	1.0	19b
557	14	go_nogo	0	60	6	go	click	[29.0, 29.0, 39.0, 59.0, 76.0, 89.0, 99.0, 106.0, 107.0, 109.0, 109.0, 109.0, 109.0, 109.0, 109.0, 109.0, 110.0, 112.0, 115.0, 121.0, 124.0, 129.0, 136.0, 147.0, 159.0, 171.0, 183.0, 192.0, 199.0, 204.0, 207.0, 207.0, 208.0, 208.0]	[-280.0, -280.0, -266.0, -232.0, -199.0, -164.0, -125.0, -91.0, -56.0, -38.0, -16.0, 10.0, 40.0, 66.0, 82.0, 93.0, 104.0, 115.0, 124.0, 137.0, 145.0, 157.0, 171.0, 190.0, 212.0, 230.0, 248.0, 262.0, 278.0, 289.0, 301.0, 310.0, 320.0, 320.0]	[0, 0, 0, 0, 0, 0, 0, 0, 0, 0, 0, 0, 0, 0, 0, 0, 0, 0, 0, 0, 0, 0, 0, 0, 0, 0, 0, 0, 0, 0, 0, 0, 0, 1]	[0, 0, 0, 0, 0, 0, 0, 0, 0, 0, 0, 0, 0, 0, 0, 0, 0, 0, 0, 0, 0, 0, 0, 0, 0, 0, 0, 0, 0, 0, 0, 0, 0, 0]	[0, 0, 0, 0, 0, 0, 0, 0, 0, 0, 0, 0, 0, 0, 0, 0, 0, 0, 0, 0, 0, 0, 0, 0, 0, 0, 0, 0, 0, 0, 0, 0, 0, 0]	[0.0001949999714270234, 0.0098836999386549, 0.026911300024949014, 0.04348200000822544, 0.06027649994939566, 0.07686699996702373, 0.09336629998870194, 0.1101580000249669, 0.12704159994609654, 0.1435389999533072, 0.1602265000110492, 0.17705199995543808, 0.19320590002462268, 0.21026299998629838, 0.2265629000030458, 0.24343099992256612, 0.26003909995779395, 0.27671649993862957, 0.2933944999240339, 0.3100317999487743, 0.3267144999699667, 0.3434700999641791, 0.360043799970299, 0.37647869996726513, 0.3934602999361232, 0.4098939999239519, 0.4267354999901727, 0.4433528999798, 0.4600967000005767, 0.47646689997054636, 0.49305739998817444, 0.5099045999813825, 0.5263648999389261, 0.5429994999431074]	208.0	320.0	1.0	19b
558	14	go_nogo	0	60	6	go	click	[70.0, 70.0, 91.0, 130.0, 162.0, 167.0, 170.0, 170.0, 171.0, 171.0, 171.0, 173.0, 173.0, 173.0, 173.0, 173.0, 173.0, 173.0, 173.0, 174.0, 174.0, 174.0, 174.0, 176.0, 177.0, 179.0]	[-220.0, -220.0, -174.0, -73.0, 33.0, 68.0, 98.0, 120.0, 140.0, 155.0, 165.0, 174.0, 183.0, 194.0, 198.0, 200.0, 200.0, 200.0, 201.0, 208.0, 222.0, 244.0, 262.0, 275.0, 286.0, 288.0]	[0, 0, 0, 0, 0, 0, 0, 0, 0, 0, 0, 0, 0, 0, 0, 0, 0, 0, 0, 0, 0, 0, 0, 0, 0, 1]	[0, 0, 0, 0, 0, 0, 0, 0, 0, 0, 0, 0, 0, 0, 0, 0, 0, 0, 0, 0, 0, 0, 0, 0, 0, 0]	[0, 0, 0, 0, 0, 0, 0, 0, 0, 0, 0, 0, 0, 0, 0, 0, 0, 0, 0, 0, 0, 0, 0, 0, 0, 0]	[0.00020249991212040186, 0.010203299927525222, 0.02688209991902113, 0.04332059994339943, 0.06010879995301366, 0.07681729993782938, 0.093711799941957, 0.11024509998969734, 0.12699219991918653, 0.14345329999923706, 0.16003229992929846, 0.176607699948363, 0.1934958000201732, 0.20998519996646792, 0.22665979992598295, 0.2431316999718547, 0.25981139997020364, 0.27677339990623295, 0.29397250001784414, 0.30995309993159026, 0.32666619995143265, 0.3436720999889076, 0.3602224999340251, 0.3768176999874413, 0.39343459997326136, 0.4103533999295905]	179.0	288.0	0.6	19b
559	14	go_nogo	0	60	8	go	click	[29.0, 51.0, 73.0, 120.0, 148.0, 166.0, 177.0, 189.0, 201.0, 208.0, 214.0, 218.0, 224.0, 228.0, 231.0, 231.0, 231.0, 231.0, 231.0, 231.0, 231.0]	[-249.0, -195.0, -137.0, -28.0, 48.0, 99.0, 133.0, 161.0, 194.0, 214.0, 229.0, 243.0, 262.0, 281.0, 287.0, 288.0, 288.0, 288.0, 288.0, 288.0, 288.0]	[0, 0, 0, 0, 0, 0, 0, 0, 0, 0, 0, 0, 0, 0, 0, 0, 0, 0, 0, 0, 1]	[0, 0, 0, 0, 0, 0, 0, 0, 0, 0, 0, 0, 0, 0, 0, 0, 0, 0, 0, 0, 0]	[0, 0, 0, 0, 0, 0, 0, 0, 0, 0, 0, 0, 0, 0, 0, 0, 0, 0, 0, 0, 0]	[0.00011629995424300432, 0.01054449996445328, 0.027171500027179718, 0.043656099936924875, 0.060648699989542365, 0.07714489998761564, 0.09390870004426688, 0.11059930000919849, 0.1272896999726072, 0.14378499996382743, 0.16071510000620037, 0.17729609995149076, 0.19413970003370196, 0.21045789995696396, 0.22727020003367215, 0.2440667999908328, 0.26060359994880855, 0.2771818999899551, 0.2939026999520138, 0.31068710004910827, 0.3275435999967158]	231.0	288.0	1.0	19b
560	14	go_nogo	0	60	9	nogo	none	[62.0, 82.0, 104.0, 146.0, 172.0, 189.0, 200.0, 208.0, 214.0, 218.0, 222.0, 225.0, 228.0, 231.0, 234.0, 235.0, 236.0, 236.0, 236.0, 236.0, 236.0, 234.0, 234.0, 233.0, 233.0]	[-238.0, -192.0, -141.0, -44.0, 20.0, 62.0, 91.0, 114.0, 133.0, 150.0, 172.0, 192.0, 213.0, 234.0, 250.0, 263.0, 276.0, 286.0, 294.0, 301.0, 306.0, 311.0, 311.0, 316.0, 317.0]	[0, 0, 0, 0, 0, 0, 0, 0, 0, 0, 0, 0, 0, 0, 0, 0, 0, 0, 0, 0, 0, 0, 0, 0, 1]	[0, 0, 0, 0, 0, 0, 0, 0, 0, 0, 0, 0, 0, 0, 0, 0, 0, 0, 0, 0, 0, 0, 0, 0, 0]	[0, 0, 0, 0, 0, 0, 0, 0, 0, 0, 0, 0, 0, 0, 0, 0, 0, 0, 0, 0, 0, 0, 0, 0, 0]	[8.030002936720848e-05, 0.010345400078222156, 0.02689870004542172, 0.04378140007611364, 0.060440100030973554, 0.07734040007926524, 0.09388910001143813, 0.11058500001672655, 0.1271189000690356, 0.14377770002465695, 0.1603968000272289, 0.1776899000396952, 0.19377770007122308, 0.21089910005684942, 0.22727120004128665, 0.2438819999806583, 0.26052790007088333, 0.2772916000103578, 0.29370420007035136, 0.31024820008315146, 0.327301700017415, 0.34346250002272427, 0.3603352999780327, 0.3769953000592068, 0.3937436999985948]	233.0	317.0	1.0	19b
561	14	go_nogo	0	60	2	go	click	[73.0, 73.0, 113.0, 157.0, 195.0, 220.0, 235.0, 244.0, 248.0, 250.0, 251.0, 252.0, 253.0, 253.0, 254.0, 255.0, 255.0, 255.0, 251.0, 243.0, 232.0, 220.0, 215.0, 213.0, 213.0]	[-224.0, -224.0, -120.0, -8.0, 81.0, 138.0, 166.0, 187.0, 198.0, 203.0, 206.0, 209.0, 218.0, 232.0, 247.0, 254.0, 257.0, 261.0, 265.0, 272.0, 286.0, 303.0, 314.0, 317.0, 317.0]	[0, 0, 0, 0, 0, 0, 0, 0, 0, 0, 0, 0, 0, 0, 0, 0, 0, 0, 0, 0, 0, 0, 0, 0, 1]	[0, 0, 0, 0, 0, 0, 0, 0, 0, 0, 0, 0, 0, 0, 0, 0, 0, 0, 0, 0, 0, 0, 0, 0, 0]	[0, 0, 0, 0, 0, 0, 0, 0, 0, 0, 0, 0, 0, 0, 0, 0, 0, 0, 0, 0, 0, 0, 0, 0, 0]	[0.0001919999485835433, 0.012263800017535686, 0.028877199976705015, 0.045381999923847616, 0.06225900002755225, 0.07893449999392033, 0.09569019998889416, 0.11220769991632551, 0.12889509997330606, 0.14574119995813817, 0.16260959999635816, 0.1790307000046596, 0.19549129996448755, 0.21222719992510974, 0.22888159996364266, 0.24547480000182986, 0.26270610000938177, 0.2788582999492064, 0.29562599991913885, 0.3122517999727279, 0.32890959992073476, 0.34552269999403507, 0.3624523999169469, 0.37875399994663894, 0.39603910001460463]	213.0	317.0	0.8	19b
562	14	go_nogo	0	60	9	nogo	none	[47.0, 47.0, 59.0, 108.0, 131.0, 143.0, 151.0, 154.0, 156.0, 157.0, 159.0, 162.0, 164.0, 164.0, 165.0, 165.0, 165.0, 166.0, 167.0, 169.0, 171.0, 172.0, 173.0, 173.0, 173.0, 173.0, 173.0, 173.0, 173.0, 173.0, 173.0, 173.0, 173.0, 173.0, 173.0, 173.0, 173.0, 173.0, 173.0, 173.0, 173.0, 173.0, 173.0, 173.0, 173.0, 173.0, 173.0, 173.0, 173.0, 173.0, 173.0, 173.0, 173.0, 173.0, 173.0, 173.0, 173.0, 173.0, 173.0, 173.0, 173.0, 175.0, 182.0, 188.0, 191.0, 199.0, 201.0, 192.0, 173.0, 141.0, 133.0, 133.0, 133.0, 133.0, 133.0, 133.0, 133.0, 133.0, 133.0, 133.0, 133.0, 133.0, 133.0, 133.0, 133.0, 133.0, 133.0, 133.0, 133.0, 133.0, 133.0, 133.0]	[-184.0, -184.0, -140.0, 5.0, 65.0, 104.0, 131.0, 152.0, 165.0, 179.0, 188.0, 200.0, 209.0, 215.0, 217.0, 218.0, 221.0, 226.0, 238.0, 253.0, 266.0, 272.0, 273.0, 273.0, 273.0, 273.0, 273.0, 273.0, 273.0, 273.0, 273.0, 273.0, 273.0, 273.0, 273.0, 273.0, 273.0, 273.0, 273.0, 273.0, 273.0, 273.0, 273.0, 273.0, 273.0, 273.0, 273.0, 273.0, 273.0, 273.0, 273.0, 273.0, 273.0, 273.0, 273.0, 273.0, 273.0, 273.0, 273.0, 273.0, 273.0, 269.0, 248.0, 205.0, 163.0, 104.0, 33.0, -25.0, -63.0, -83.0, -88.0, -88.0, -88.0, -88.0, -88.0, -88.0, -88.0, -88.0, -88.0, -88.0, -88.0, -88.0, -88.0, -88.0, -88.0, -88.0, -88.0, -88.0, -88.0, -88.0, -88.0, -88.0]	[0, 0, 0, 0, 0, 0, 0, 0, 0, 0, 0, 0, 0, 0, 0, 0, 0, 0, 0, 0, 0, 0, 0, 0, 0, 0, 0, 0, 0, 0, 0, 0, 0, 0, 0, 0, 0, 0, 0, 0, 0, 0, 0, 0, 0, 0, 0, 0, 0, 0, 0, 0, 0, 0, 0, 0, 0, 0, 0, 0, 0, 0, 0, 0, 0, 0, 0, 0, 0, 0, 0, 0, 0, 0, 0, 0, 0, 0, 0, 0, 0, 0, 0, 0, 0, 0, 0, 0, 0, 0, 0, 0]	[0, 0, 0, 0, 0, 0, 0, 0, 0, 0, 0, 0, 0, 0, 0, 0, 0, 0, 0, 0, 0, 0, 0, 0, 0, 0, 0, 0, 0, 0, 0, 0, 0, 0, 0, 0, 0, 0, 0, 0, 0, 0, 0, 0, 0, 0, 0, 0, 0, 0, 0, 0, 0, 0, 0, 0, 0, 0, 0, 0, 0, 0, 0, 0, 0, 0, 0, 0, 0, 0, 0, 0, 0, 0, 0, 0, 0, 0, 0, 0, 0, 0, 0, 0, 0, 0, 0, 0, 0, 0, 0, 0]	[0, 0, 0, 0, 0, 0, 0, 0, 0, 0, 0, 0, 0, 0, 0, 0, 0, 0, 0, 0, 0, 0, 0, 0, 0, 0, 0, 0, 0, 0, 0, 0, 0, 0, 0, 0, 0, 0, 0, 0, 0, 0, 0, 0, 0, 0, 0, 0, 0, 0, 0, 0, 0, 0, 0, 0, 0, 0, 0, 0, 0, 0, 0, 0, 0, 0, 0, 0, 0, 0, 0, 0, 0, 0, 0, 0, 0, 0, 0, 0, 0, 0, 0, 0, 0, 0, 0, 0, 0, 0, 0, 0]	[0.0002258999738842249, 0.010174999944865704, 0.026752299978397787, 0.04347189993131906, 0.06016079999972135, 0.07652959995903075, 0.09321079996880144, 0.1098693999228999, 0.12668449990451336, 0.14323089993558824, 0.15992839995305985, 0.17635779990814626, 0.193386499886401, 0.2098741999361664, 0.22660499997437, 0.24320859997533262, 0.26000579993706197, 0.27639669994823635, 0.29311599989887327, 0.3095959998900071, 0.32637589995283633, 0.3432485999073833, 0.35984389996156096, 0.3766087999101728, 0.3930669999681413, 0.40976679988671094, 0.4263907999265939, 0.44311479991301894, 0.4596550998976454, 0.47642029996495694, 0.4930451998952776, 0.5096892999717966, 0.5263282998930663, 0.5430281999288127, 0.5596995999803767, 0.5762462998973206, 0.5929982999805361, 0.6093438999960199, 0.6263529999414459, 0.6428219999652356, 0.659637299948372, 0.6760304999770597, 0.6928982998942956, 0.7096869999077171, 0.7264442999148741, 0.7430020999163389, 0.759770599892363, 0.7764309999765828, 0.7930464999517426, 0.8095497998874635, 0.8264770999085158, 0.8430223999312147, 0.859634599997662, 0.8764138999395072, 0.8929312999825925, 0.909723199903965, 0.9263005999382585, 0.9430831999052316, 0.959629499935545, 0.9763957998948172, 0.9932572999969125, 1.0098542999476194, 1.0266018999973312, 1.043321399949491, 1.0599753999849781, 1.0766176999313757, 1.0928205999080092, 1.109706599963829, 1.1266213998897001, 1.1430934999370947, 1.159576699952595, 1.1762901999754831, 1.1933131999103352, 1.2097509999293834, 1.2262085999827832, 1.2432989999651909, 1.2595294999191537, 1.2762522998964414, 1.292830399936065, 1.3097409999463707, 1.3265953999944031, 1.3429078999906778, 1.3596352998865768, 1.3761136999819428, 1.3928631999297068, 1.4095955999800935, 1.4257945999270305, 1.4428094999166206, 1.4592736999038607, 1.4761347998864949, 1.4926987999351695, 1.5094622999895364]	n/a	n/a	0.9	19b
563	14	go_nogo	0	60	4	go	click	[63.0, 63.0, 71.0, 103.0, 127.0, 147.0, 160.0, 170.0, 177.0, 184.0, 188.0, 189.0, 194.0, 197.0, 202.0, 204.0, 207.0, 207.0, 208.0, 208.0, 208.0, 209.0, 209.0, 209.0]	[-260.0, -260.0, -235.0, -139.0, -76.0, -28.0, 7.0, 38.0, 61.0, 84.0, 105.0, 124.0, 146.0, 169.0, 190.0, 207.0, 222.0, 235.0, 240.0, 249.0, 260.0, 271.0, 276.0, 276.0]	[0, 0, 0, 0, 0, 0, 0, 0, 0, 0, 0, 0, 0, 0, 0, 0, 0, 0, 0, 0, 0, 0, 0, 1]	[0, 0, 0, 0, 0, 0, 0, 0, 0, 0, 0, 0, 0, 0, 0, 0, 0, 0, 0, 0, 0, 0, 0, 0]	[0, 0, 0, 0, 0, 0, 0, 0, 0, 0, 0, 0, 0, 0, 0, 0, 0, 0, 0, 0, 0, 0, 0, 0]	[0.0002047000452876091, 0.009777600062079728, 0.02666880004107952, 0.04432220000308007, 0.059853500104509294, 0.07684970006812364, 0.0936408000998199, 0.11000220000278205, 0.1264174000825733, 0.1429730000672862, 0.15985360008198768, 0.17632250010501593, 0.19313960010185838, 0.2095113000832498, 0.22632540005724877, 0.2429573000408709, 0.2597300000488758, 0.2763869999907911, 0.29300679999869317, 0.30963470006827265, 0.32606250001117587, 0.34308170003350824, 0.35951290000230074, 0.37644330004695803]	209.0	276.0	0.7	19b
564	14	go_nogo	0	60	8	go	click	[59.0, 72.0, 82.0, 101.0, 117.0, 131.0, 142.0, 153.0, 168.0, 177.0, 185.0, 191.0, 197.0, 203.0, 209.0, 211.0, 212.0, 212.0, 212.0, 212.0, 212.0, 212.0, 212.0, 212.0, 212.0, 212.0, 212.0, 212.0, 212.0, 212.0, 210.0, 209.0, 209.0, 209.0, 209.0, 209.0, 209.0, 209.0, 209.0, 209.0, 209.0, 209.0]	[-280.0, -231.0, -179.0, -107.0, -49.0, -10.0, 19.0, 49.0, 90.0, 117.0, 142.0, 161.0, 181.0, 202.0, 221.0, 231.0, 234.0, 234.0, 234.0, 234.0, 237.0, 240.0, 241.0, 241.0, 241.0, 242.0, 242.0, 242.0, 244.0, 255.0, 263.0, 270.0, 271.0, 271.0, 271.0, 271.0, 271.0, 271.0, 271.0, 272.0, 272.0, 272.0]	[0, 0, 0, 0, 0, 0, 0, 0, 0, 0, 0, 0, 0, 0, 0, 0, 0, 0, 0, 0, 0, 0, 0, 1, 1, 1, 0, 0, 0, 0, 0, 0, 0, 0, 0, 0, 0, 0, 0, 0, 0, 1]	[0, 0, 0, 0, 0, 0, 0, 0, 0, 0, 0, 0, 0, 0, 0, 0, 0, 0, 0, 0, 0, 0, 0, 0, 0, 0, 0, 0, 0, 0, 0, 0, 0, 0, 0, 0, 0, 0, 0, 0, 0, 0]	[0, 0, 0, 0, 0, 0, 0, 0, 0, 0, 0, 0, 0, 0, 0, 0, 0, 0, 0, 0, 0, 0, 0, 0, 0, 0, 0, 0, 0, 0, 0, 0, 0, 0, 0, 0, 0, 0, 0, 0, 0, 0]	[8.889997843652964e-05, 0.01178449997678399, 0.028170199948363006, 0.04516850004438311, 0.061360200052149594, 0.07822230004239827, 0.0950145999668166, 0.11196450004354119, 0.1283837000373751, 0.144917199970223, 0.16160200000740588, 0.1782963000005111, 0.19476400001440197, 0.21145569998770952, 0.22814130003098398, 0.2445463000331074, 0.2612859000219032, 0.2778818999649957, 0.2945500999921933, 0.31166220002342016, 0.3283516999799758, 0.3454835000447929, 0.36147090001031756, 0.3785642000148073, 0.3946878999704495, 0.4112705000443384, 0.4280879000434652, 0.4446435000281781, 0.4615341000026092, 0.4780874999705702, 0.49484769999980927, 0.5114253000356257, 0.52788910001982, 0.5445564000401646, 0.5611498999642208, 0.5778590999543667, 0.5946605999488384, 0.6111411999445409, 0.6280079999705777, 0.6446610999992117, 0.6612288999604061, 0.6782528000185266]	209.0	272.0	0.6	19b
565	14	go_nogo	0	60	3	go	click	[53.0, 53.0, 71.0, 93.0, 102.0, 109.0, 117.0, 129.0, 139.0, 150.0, 160.0, 169.0, 176.0, 187.0, 194.0, 197.0, 198.0, 198.0, 198.0, 198.0, 198.0]	[-168.0, -168.0, -92.0, 27.0, 100.0, 143.0, 176.0, 216.0, 241.0, 262.0, 280.0, 296.0, 307.0, 323.0, 336.0, 341.0, 342.0, 342.0, 342.0, 342.0, 342.0]	[0, 0, 0, 0, 0, 0, 0, 0, 0, 0, 0, 0, 0, 0, 0, 0, 0, 0, 0, 0, 1]	[0, 0, 0, 0, 0, 0, 0, 0, 0, 0, 0, 0, 0, 0, 0, 0, 0, 0, 0, 0, 0]	[0, 0, 0, 0, 0, 0, 0, 0, 0, 0, 0, 0, 0, 0, 0, 0, 0, 0, 0, 0, 0]	[0.0001843998907133937, 0.010927899973466992, 0.027223799959756434, 0.04408209992107004, 0.06093029992189258, 0.07743469998240471, 0.09417329996358603, 0.11067269998602569, 0.12757089990191162, 0.14417449990287423, 0.16084009991027415, 0.1774473999394104, 0.1940755998948589, 0.21079809998627752, 0.22738959989510477, 0.24429599998984486, 0.2606912999181077, 0.2775192999979481, 0.29397559992503375, 0.3105802999343723, 0.3272572999121621]	198.0	342.0	0.7	19b
566	14	go_nogo	0	60	1	nogo	none	[39.0, 39.0, 58.0, 97.0, 154.0, 174.0, 179.0, 182.0, 182.0, 182.0, 182.0, 182.0, 179.0, 176.0, 175.0, 174.0, 174.0, 174.0, 174.0, 174.0, 174.0, 174.0, 174.0, 174.0, 174.0, 174.0, 174.0, 174.0, 174.0, 174.0, 174.0, 174.0, 174.0, 174.0, 174.0, 174.0, 174.0, 174.0, 174.0, 174.0, 174.0, 174.0, 174.0, 174.0, 174.0, 174.0, 174.0, 174.0, 174.0, 174.0, 174.0, 174.0, 174.0, 174.0, 174.0, 174.0, 174.0]	[-258.0, -258.0, -204.0, -78.0, 87.0, 153.0, 189.0, 209.0, 217.0, 225.0, 231.0, 240.0, 251.0, 263.0, 267.0, 267.0, 267.0, 267.0, 267.0, 267.0, 267.0, 267.0, 267.0, 267.0, 267.0, 267.0, 267.0, 267.0, 267.0, 267.0, 267.0, 267.0, 267.0, 267.0, 267.0, 267.0, 267.0, 267.0, 267.0, 267.0, 267.0, 267.0, 267.0, 267.0, 267.0, 267.0, 267.0, 267.0, 267.0, 267.0, 267.0, 267.0, 267.0, 267.0, 267.0, 267.0, 267.0]	[0, 0, 0, 0, 0, 0, 0, 0, 0, 0, 0, 0, 0, 0, 0, 0, 0, 0, 0, 0, 0, 0, 0, 0, 0, 0, 0, 0, 0, 0, 0, 0, 0, 0, 0, 0, 0, 0, 0, 0, 0, 0, 0, 0, 0, 0, 0, 0, 0, 0, 0, 0, 0, 0, 0, 0, 0]	[0, 0, 0, 0, 0, 0, 0, 0, 0, 0, 0, 0, 0, 0, 0, 0, 0, 0, 0, 0, 0, 0, 0, 0, 0, 0, 0, 0, 0, 0, 0, 0, 0, 0, 0, 0, 0, 0, 0, 0, 0, 0, 0, 0, 0, 0, 0, 0, 0, 0, 0, 0, 0, 0, 0, 0, 0]	[0, 0, 0, 0, 0, 0, 0, 0, 0, 0, 0, 0, 0, 0, 0, 0, 0, 0, 0, 0, 0, 0, 0, 0, 0, 0, 0, 0, 0, 0, 0, 0, 0, 0, 0, 0, 0, 0, 0, 0, 0, 0, 0, 0, 0, 0, 0, 0, 0, 0, 0, 0, 0, 0, 0, 0, 0]	[0.00019350007642060518, 0.011072800029069185, 0.027520000003278255, 0.044143900042399764, 0.06114270002581179, 0.07773260003887117, 0.09436360001564026, 0.11101370002143085, 0.12765849998686463, 0.14453920000232756, 0.16100920003373176, 0.1777013000100851, 0.194393299985677, 0.21102460008114576, 0.22783770004753023, 0.24445190001279116, 0.2610161000629887, 0.27742220007348806, 0.293875600094907, 0.3107674000784755, 0.32732909999322146, 0.34425010008271784, 0.36064940004143864, 0.37729490001220256, 0.39388560003135353, 0.41063579998444766, 0.4272419000044465, 0.44387850002385676, 0.46059690008405596, 0.4771965000545606, 0.49406560009811074, 0.5106270000105724, 0.527290300000459, 0.5438798000104725, 0.5606748000718653, 0.5771965000312775, 0.5938848000951111, 0.6106848000781611, 0.6271614000434056, 0.6441744000185281, 0.6609240000834689, 0.6774671000894159, 0.6939385000150651, 0.7106754999840632, 0.7272595000686124, 0.744153100065887, 0.7607888000784442, 0.7772636000299826, 0.7938804000150412, 0.8104499999899417, 0.8270807000808418, 0.8437874000519514, 0.8605604000622407, 0.877126400009729, 0.8937726999865845, 0.9105123000917956, 0.9271505000069737]	n/a	n/a	0.6	19b
567	14	go_nogo	0	60	8	go	click	[82.0, 82.0, 101.0, 136.0, 163.0, 165.0, 169.0, 173.0, 184.0, 192.0, 200.0, 202.0, 203.0, 204.0, 204.0, 204.0, 204.0, 204.0, 204.0, 204.0, 204.0]	[-249.0, -249.0, -199.0, -81.0, 47.0, 105.0, 161.0, 213.0, 250.0, 278.0, 296.0, 304.0, 309.0, 310.0, 310.0, 310.0, 310.0, 310.0, 310.0, 310.0, 310.0]	[0, 0, 0, 0, 0, 0, 0, 0, 0, 0, 0, 0, 0, 0, 0, 0, 0, 0, 0, 0, 1]	[0, 0, 0, 0, 0, 0, 0, 0, 0, 0, 0, 0, 0, 0, 0, 0, 0, 0, 0, 0, 0]	[0, 0, 0, 0, 0, 0, 0, 0, 0, 0, 0, 0, 0, 0, 0, 0, 0, 0, 0, 0, 0]	[0.00020750006660819054, 0.010688700014725327, 0.02708090003579855, 0.043677400099113584, 0.060848599998280406, 0.07748560002073646, 0.09406430006492883, 0.11064740002620965, 0.12713970011100173, 0.14379800006281585, 0.16085310000926256, 0.17717110004741699, 0.19388980010990053, 0.21022970008198172, 0.22687360004056245, 0.24372090003453195, 0.26041720004286617, 0.2770342000294477, 0.29410420008935034, 0.31050070002675056, 0.32760610000696033]	204.0	310.0	0.8	19b
568	14	go_nogo	0	60	7	go	click	[10.0, 10.0, 28.0, 65.0, 95.0, 130.0, 138.0, 142.0, 145.0, 146.0, 147.0, 147.0, 147.0, 147.0, 147.0, 147.0, 147.0, 147.0, 147.0, 149.0, 154.0, 160.0, 162.0]	[-226.0, -226.0, -176.0, -80.0, 15.0, 122.0, 184.0, 233.0, 260.0, 269.0, 271.0, 271.0, 271.0, 271.0, 271.0, 271.0, 271.0, 271.0, 273.0, 281.0, 292.0, 301.0, 302.0]	[0, 0, 0, 0, 0, 0, 0, 0, 0, 0, 0, 0, 0, 0, 0, 0, 0, 0, 0, 0, 0, 0, 1]	[0, 0, 0, 0, 0, 0, 0, 0, 0, 0, 0, 0, 0, 0, 0, 0, 0, 0, 0, 0, 0, 0, 0]	[0, 0, 0, 0, 0, 0, 0, 0, 0, 0, 0, 0, 0, 0, 0, 0, 0, 0, 0, 0, 0, 0, 0]	[0.00021079997532069683, 0.012078900006599724, 0.02860219997819513, 0.04492849996313453, 0.061697599943727255, 0.07868729997426271, 0.09561610000673681, 0.11231919995043427, 0.12863169994670898, 0.14485379995312542, 0.161647200002335, 0.1782773999730125, 0.19495239993557334, 0.21165359998121858, 0.22848189994692802, 0.24500560003798455, 0.261733099934645, 0.2782254000194371, 0.29503489995840937, 0.3116784000303596, 0.32836819998919964, 0.3449720999924466, 0.36166299995966256]	162.0	302.0	1.0	19b
569	14	go_nogo	0	60	3	go	click	[61.0, 61.0, 69.0, 105.0, 129.0, 143.0, 151.0, 157.0, 161.0, 165.0, 166.0, 167.0, 167.0, 169.0, 169.0, 169.0, 169.0, 169.0, 169.0, 169.0, 170.0, 171.0, 171.0]	[-207.0, -207.0, -140.0, 48.0, 130.0, 173.0, 200.0, 221.0, 234.0, 246.0, 250.0, 251.0, 253.0, 256.0, 258.0, 258.0, 258.0, 258.0, 258.0, 258.0, 260.0, 261.0, 261.0]	[0, 0, 0, 0, 0, 0, 0, 0, 0, 0, 0, 0, 0, 0, 0, 0, 0, 0, 0, 0, 0, 0, 1]	[0, 0, 0, 0, 0, 0, 0, 0, 0, 0, 0, 0, 0, 0, 0, 0, 0, 0, 0, 0, 0, 0, 0]	[0, 0, 0, 0, 0, 0, 0, 0, 0, 0, 0, 0, 0, 0, 0, 0, 0, 0, 0, 0, 0, 0, 0]	[0.00018949992954730988, 0.012363299960270524, 0.02876829996239394, 0.04729879996739328, 0.062113999971188605, 0.07862129993736744, 0.0954745999770239, 0.11181659996509552, 0.1290341999847442, 0.14542099996469915, 0.1621959999902174, 0.17871999996714294, 0.1953486999263987, 0.2121282999869436, 0.22865659999661148, 0.2452587999869138, 0.26183179998770356, 0.27846890001092106, 0.295206299982965, 0.312213399913162, 0.3285790999652818, 0.3450454999692738, 0.36217929993290454]	171.0	261.0	0.7	19b
570	14	go_nogo	0	60	1	nogo	none	[9.0, 9.0, 16.0, 51.0, 70.0, 86.0, 93.0, 100.0, 105.0, 109.0, 114.0, 116.0, 117.0, 118.0, 119.0, 120.0, 123.0, 129.0, 141.0, 155.0, 168.0, 172.0, 173.0, 173.0, 173.0, 173.0, 173.0, 173.0, 173.0, 173.0, 173.0, 173.0, 173.0, 173.0, 173.0, 173.0, 173.0, 173.0, 173.0, 173.0, 173.0, 173.0, 173.0, 173.0, 173.0, 173.0, 173.0, 173.0, 173.0, 173.0, 173.0, 173.0, 173.0, 173.0, 173.0, 173.0, 173.0, 173.0, 173.0, 173.0, 173.0, 172.0, 165.0, 150.0, 139.0, 131.0, 123.0, 117.0, 109.0, 99.0, 88.0, 79.0, 73.0, 68.0, 66.0, 60.0, 48.0, 43.0, 40.0, 38.0, 36.0, 35.0, 35.0, 35.0, 35.0, 35.0, 35.0, 35.0, 35.0, 35.0, 35.0, 35.0]	[-260.0, -260.0, -217.0, -53.0, 35.0, 99.0, 149.0, 189.0, 218.0, 237.0, 250.0, 254.0, 256.0, 257.0, 257.0, 258.0, 262.0, 267.0, 277.0, 289.0, 297.0, 300.0, 300.0, 300.0, 300.0, 300.0, 300.0, 300.0, 300.0, 300.0, 300.0, 300.0, 300.0, 300.0, 300.0, 300.0, 300.0, 300.0, 300.0, 300.0, 300.0, 300.0, 300.0, 300.0, 300.0, 300.0, 300.0, 300.0, 300.0, 300.0, 300.0, 300.0, 300.0, 300.0, 300.0, 300.0, 300.0, 295.0, 279.0, 251.0, 213.0, 166.0, 94.0, -11.0, -57.0, -88.0, -113.0, -138.0, -165.0, -192.0, -217.0, -239.0, -254.0, -266.0, -275.0, -289.0, -319.0, -334.0, -344.0, -351.0, -353.0, -356.0, -358.0, -358.0, -359.0, -359.0, -359.0, -359.0, -359.0, -359.0, -359.0, -359.0]	[0, 0, 0, 0, 0, 0, 0, 0, 0, 0, 0, 0, 0, 0, 0, 0, 0, 0, 0, 0, 0, 0, 0, 0, 0, 0, 0, 0, 0, 0, 0, 0, 0, 0, 0, 0, 0, 0, 0, 0, 0, 0, 0, 0, 0, 0, 0, 0, 0, 0, 0, 0, 0, 0, 0, 0, 0, 0, 0, 0, 0, 0, 0, 0, 0, 0, 0, 0, 0, 0, 0, 0, 0, 0, 0, 0, 0, 0, 0, 0, 0, 0, 0, 0, 0, 0, 0, 0, 0, 0, 0, 0]	[0, 0, 0, 0, 0, 0, 0, 0, 0, 0, 0, 0, 0, 0, 0, 0, 0, 0, 0, 0, 0, 0, 0, 0, 0, 0, 0, 0, 0, 0, 0, 0, 0, 0, 0, 0, 0, 0, 0, 0, 0, 0, 0, 0, 0, 0, 0, 0, 0, 0, 0, 0, 0, 0, 0, 0, 0, 0, 0, 0, 0, 0, 0, 0, 0, 0, 0, 0, 0, 0, 0, 0, 0, 0, 0, 0, 0, 0, 0, 0, 0, 0, 0, 0, 0, 0, 0, 0, 0, 0, 0, 0]	[0, 0, 0, 0, 0, 0, 0, 0, 0, 0, 0, 0, 0, 0, 0, 0, 0, 0, 0, 0, 0, 0, 0, 0, 0, 0, 0, 0, 0, 0, 0, 0, 0, 0, 0, 0, 0, 0, 0, 0, 0, 0, 0, 0, 0, 0, 0, 0, 0, 0, 0, 0, 0, 0, 0, 0, 0, 0, 0, 0, 0, 0, 0, 0, 0, 0, 0, 0, 0, 0, 0, 0, 0, 0, 0, 0, 0, 0, 0, 0, 0, 0, 0, 0, 0, 0, 0, 0, 0, 0, 0, 0]	[0.0002039000391960144, 0.011659099953249097, 0.028278899961151183, 0.045053099980577826, 0.06235489994287491, 0.07832880003843457, 0.09496799996122718, 0.11178729997482151, 0.12850420002359897, 0.14515180001035333, 0.1615668999729678, 0.17815019993577152, 0.1947480000089854, 0.21159540000371635, 0.22808509995229542, 0.24535949993878603, 0.261609899927862, 0.27817900001537055, 0.29492100002244115, 0.31156279996503145, 0.3281469999346882, 0.3449651999399066, 0.3612868000054732, 0.3779005999676883, 0.39469859993550926, 0.41145479993429035, 0.42812479997519404, 0.4447033000178635, 0.46144949994049966, 0.47803170001134276, 0.4945820999564603, 0.5112601999426261, 0.5279677000362426, 0.5445353999966756, 0.5613201999804005, 0.5780372000299394, 0.5945393999572843, 0.6111543999286368, 0.6279553000349551, 0.6444981000386178, 0.6614138999721035, 0.6779068999458104, 0.6945757999783382, 0.7112934000324458, 0.7281659999862313, 0.744445199961774, 0.7613397999666631, 0.7778393999906257, 0.7945614999625832, 0.8112255999585614, 0.8278313999762759, 0.8444868000224233, 0.8612744000274688, 0.8779640999855474, 0.8945190999656916, 0.9112480999901891, 0.9279793000314385, 0.9446898000314832, 0.9612509999424219, 0.97792820003815, 0.9944957999978215, 1.0113321000244468, 1.0278949999483302, 1.0445822000037879, 1.0615178999723867, 1.0779786999337375, 1.0948338999878615, 1.1113306999905035, 1.1278913000132889, 1.144499099929817, 1.1613387999823317, 1.1779368999414146, 1.1945026000030339, 1.2109872000291944, 1.2278164000017568, 1.2444787999847904, 1.2612730999244377, 1.2779977000318468, 1.294234500033781, 1.310994099942036, 1.3277221999596804, 1.344482499989681, 1.3609717999352142, 1.3778316000243649, 1.3943028999492526, 1.410972399986349, 1.4276352999731898, 1.4444020999362692, 1.461036799941212, 1.4777959999628365, 1.4944538000272587, 1.5111178000224754]	n/a	n/a	0.9	19b
571	14	go_nogo	0	60	8	go	click	[95.0, 95.0, 111.0, 149.0, 178.0, 198.0, 201.0, 201.0, 201.0, 201.0, 201.0, 201.0, 201.0, 201.0, 201.0, 201.0, 201.0, 201.0, 201.0, 201.0]	[-205.0, -205.0, -156.0, -49.0, 64.0, 197.0, 237.0, 260.0, 276.0, 288.0, 295.0, 298.0, 299.0, 301.0, 304.0, 305.0, 305.0, 305.0, 305.0, 305.0]	[0, 0, 0, 0, 0, 0, 0, 0, 0, 0, 0, 0, 0, 0, 0, 0, 0, 0, 0, 1]	[0, 0, 0, 0, 0, 0, 0, 0, 0, 0, 0, 0, 0, 0, 0, 0, 0, 0, 0, 0]	[0, 0, 0, 0, 0, 0, 0, 0, 0, 0, 0, 0, 0, 0, 0, 0, 0, 0, 0, 0]	[0.00022529996931552887, 0.010627800016663969, 0.02724219998344779, 0.04396060004364699, 0.060983299976214767, 0.07750100002158433, 0.09403619996737689, 0.1112014000536874, 0.1277259000344202, 0.14417059998959303, 0.1605569999665022, 0.17728059994988143, 0.19405859999824315, 0.21088989998679608, 0.22732469998300076, 0.24375629995483905, 0.2604638000484556, 0.2770911999978125, 0.2937390999868512, 0.3109431000193581]	201.0	305.0	0.7	19b
572	14	go_nogo	0	60	7	go	click	[63.0, 63.0, 89.0, 112.0, 126.0, 128.0, 130.0, 133.0, 138.0, 141.0, 145.0, 147.0, 149.0, 149.0, 149.0, 150.0, 151.0, 151.0, 151.0, 151.0, 151.0, 151.0, 151.0, 152.0, 152.0, 152.0]	[-271.0, -271.0, -167.0, -28.0, 110.0, 188.0, 228.0, 254.0, 271.0, 283.0, 292.0, 299.0, 302.0, 303.0, 306.0, 308.0, 310.0, 310.0, 310.0, 310.0, 310.0, 310.0, 310.0, 310.0, 310.0, 310.0]	[0, 0, 0, 0, 0, 0, 0, 0, 0, 0, 0, 0, 0, 0, 0, 0, 0, 0, 0, 0, 0, 0, 0, 0, 0, 1]	[0, 0, 0, 0, 0, 0, 0, 0, 0, 0, 0, 0, 0, 0, 0, 0, 0, 0, 0, 0, 0, 0, 0, 0, 0, 0]	[0, 0, 0, 0, 0, 0, 0, 0, 0, 0, 0, 0, 0, 0, 0, 0, 0, 0, 0, 0, 0, 0, 0, 0, 0, 0]	[9.50000248849392e-05, 0.010841500014066696, 0.027470899978652596, 0.04411070002242923, 0.06093120004516095, 0.07735330006107688, 0.09401919995434582, 0.11082709999755025, 0.12758840003516525, 0.14431590004824102, 0.1609582999954, 0.17761580005753785, 0.19405209994874895, 0.21146769996266812, 0.22753899998497218, 0.24456629995256662, 0.2607475999975577, 0.2773153999587521, 0.2940200000302866, 0.31062570004723966, 0.3277146000182256, 0.34416009997949004, 0.3610225999727845, 0.37739919999148697, 0.39406660001259297, 0.41116160003002733]	152.0	310.0	0.5	19b
573	14	go_nogo	0	60	3	go	click	[16.0, 16.0, 30.0, 49.0, 71.0, 93.0, 111.0, 125.0, 138.0, 149.0, 157.0, 164.0, 170.0, 176.0, 179.0, 180.0, 181.0, 182.0, 184.0, 188.0, 195.0, 207.0, 215.0, 224.0, 232.0, 235.0, 236.0]	[-270.0, -270.0, -210.0, -129.0, -48.0, 18.0, 73.0, 113.0, 149.0, 175.0, 192.0, 208.0, 220.0, 229.0, 235.0, 235.0, 236.0, 238.0, 241.0, 246.0, 255.0, 267.0, 281.0, 297.0, 315.0, 325.0, 326.0]	[0, 0, 0, 0, 0, 0, 0, 0, 0, 0, 0, 0, 0, 0, 0, 0, 0, 0, 0, 0, 0, 0, 0, 0, 0, 0, 1]	[0, 0, 0, 0, 0, 0, 0, 0, 0, 0, 0, 0, 0, 0, 0, 0, 0, 0, 0, 0, 0, 0, 0, 0, 0, 0, 0]	[0, 0, 0, 0, 0, 0, 0, 0, 0, 0, 0, 0, 0, 0, 0, 0, 0, 0, 0, 0, 0, 0, 0, 0, 0, 0, 0]	[0.0001962999813258648, 0.00983960006851703, 0.026798499980941415, 0.04346549999900162, 0.05995769996661693, 0.07662740000523627, 0.09311510005500168, 0.10993589996360242, 0.126494099968113, 0.14304880006238818, 0.15958049998153, 0.17630859999917448, 0.1930108000524342, 0.2099780000280589, 0.22654020006302744, 0.24338390002958477, 0.2598261999664828, 0.2764200000092387, 0.29312120005488396, 0.3098683999851346, 0.32665090006776154, 0.34334410005249083, 0.35970070003531873, 0.3763993000611663, 0.3932095000054687, 0.4098255999851972, 0.42651999997906387]	236.0	326.0	0.6	19b
574	14	go_nogo	0	60	1	nogo	none	[14.0, 14.0, 32.0, 62.0, 91.0, 117.0, 128.0, 133.0, 154.0, 163.0, 171.0, 176.0, 180.0, 183.0, 186.0, 190.0, 192.0, 193.0, 196.0, 197.0, 198.0, 199.0, 199.0, 199.0, 199.0, 199.0, 199.0, 199.0, 199.0, 199.0, 199.0, 199.0, 199.0, 199.0, 199.0, 199.0, 199.0, 199.0, 199.0, 199.0, 199.0, 199.0, 199.0, 199.0, 199.0, 199.0, 199.0, 199.0, 199.0, 199.0, 199.0, 199.0, 197.0, 194.0, 191.0, 189.0, 188.0, 188.0, 188.0, 188.0, 188.0, 188.0, 188.0, 190.0, 189.0, 186.0, 178.0, 161.0, 150.0, 140.0, 133.0, 130.0, 128.0, 126.0, 122.0, 120.0, 119.0, 119.0, 119.0, 119.0, 119.0, 119.0, 119.0, 119.0, 119.0, 119.0, 119.0, 119.0, 119.0, 119.0, 119.0, 119.0]	[-256.0, -256.0, -214.0, -123.0, -44.0, 39.0, 83.0, 107.0, 165.0, 196.0, 217.0, 231.0, 237.0, 244.0, 251.0, 257.0, 263.0, 268.0, 275.0, 281.0, 285.0, 286.0, 286.0, 286.0, 286.0, 286.0, 286.0, 286.0, 286.0, 286.0, 286.0, 286.0, 286.0, 286.0, 286.0, 286.0, 286.0, 286.0, 286.0, 286.0, 286.0, 286.0, 286.0, 286.0, 286.0, 286.0, 286.0, 286.0, 286.0, 286.0, 286.0, 286.0, 276.0, 252.0, 200.0, 170.0, 144.0, 122.0, 101.0, 79.0, 57.0, 37.0, 15.0, -4.0, -28.0, -57.0, -89.0, -142.0, -175.0, -197.0, -212.0, -220.0, -226.0, -230.0, -237.0, -242.0, -244.0, -244.0, -244.0, -244.0, -244.0, -244.0, -244.0, -244.0, -244.0, -244.0, -244.0, -244.0, -244.0, -244.0, -244.0, -244.0]	[0, 0, 0, 0, 0, 0, 0, 0, 0, 0, 0, 0, 0, 0, 0, 0, 0, 0, 0, 0, 0, 0, 0, 0, 0, 0, 0, 0, 0, 0, 0, 0, 0, 0, 0, 0, 0, 0, 0, 0, 0, 0, 0, 0, 0, 0, 0, 0, 0, 0, 0, 0, 0, 0, 0, 0, 0, 0, 0, 0, 0, 0, 0, 0, 0, 0, 0, 0, 0, 0, 0, 0, 0, 0, 0, 0, 0, 0, 0, 0, 0, 0, 0, 0, 0, 0, 0, 0, 0, 0, 0, 0]	[0, 0, 0, 0, 0, 0, 0, 0, 0, 0, 0, 0, 0, 0, 0, 0, 0, 0, 0, 0, 0, 0, 0, 0, 0, 0, 0, 0, 0, 0, 0, 0, 0, 0, 0, 0, 0, 0, 0, 0, 0, 0, 0, 0, 0, 0, 0, 0, 0, 0, 0, 0, 0, 0, 0, 0, 0, 0, 0, 0, 0, 0, 0, 0, 0, 0, 0, 0, 0, 0, 0, 0, 0, 0, 0, 0, 0, 0, 0, 0, 0, 0, 0, 0, 0, 0, 0, 0, 0, 0, 0, 0]	[0, 0, 0, 0, 0, 0, 0, 0, 0, 0, 0, 0, 0, 0, 0, 0, 0, 0, 0, 0, 0, 0, 0, 0, 0, 0, 0, 0, 0, 0, 0, 0, 0, 0, 0, 0, 0, 0, 0, 0, 0, 0, 0, 0, 0, 0, 0, 0, 0, 0, 0, 0, 0, 0, 0, 0, 0, 0, 0, 0, 0, 0, 0, 0, 0, 0, 0, 0, 0, 0, 0, 0, 0, 0, 0, 0, 0, 0, 0, 0, 0, 0, 0, 0, 0, 0, 0, 0, 0, 0, 0, 0]	[0.00019370007794350386, 0.00940370000898838, 0.026324599981307983, 0.04310030001215637, 0.059576699975878, 0.07613330008462071, 0.09268730005715042, 0.10998509998898953, 0.12600759998895228, 0.14349599997512996, 0.159370300010778, 0.17599270003847778, 0.19254459999501705, 0.2095038000261411, 0.22619930002838373, 0.24281590001191944, 0.2593797000590712, 0.27614620001986623, 0.29248599999118596, 0.3091032999800518, 0.32597480004187673, 0.34230240003671497, 0.35933500004466623, 0.3759387000463903, 0.3925254000350833, 0.4092678000451997, 0.4258141000755131, 0.4425026000244543, 0.4592023000586778, 0.475885400082916, 0.4924038000172004, 0.509136600070633, 0.5256637000711635, 0.5422720999922603, 0.5592940000351518, 0.5757394999964163, 0.5922897000564262, 0.6090383999980986, 0.6256733000045642, 0.642421800061129, 0.6589350000722334, 0.6757082000840455, 0.6922912000445649, 0.7089046000037342, 0.7256324000190943, 0.7421986000845209, 0.7589152000145987, 0.7755098000634462, 0.792163799982518, 0.809129000059329, 0.8258522000396624, 0.8427069000899792, 0.8591617000056431, 0.8756742000114173, 0.8924557000864297, 0.9091945000691339, 0.9260246000485495, 0.9422278000274673, 0.9590593000175431, 0.9756964000407606, 0.9925781000638381, 1.0093013000441715, 1.025760699994862, 1.0425232000416145, 1.0591489999787882, 1.076451100059785, 1.0923856000881642, 1.1090348000871018, 1.1259396000532433, 1.1425122000509873, 1.1589112000074238, 1.1755916000111029, 1.1926502999849617, 1.209148699999787, 1.225987800047733, 1.2424078000476584, 1.2588581000454724, 1.2754461000440642, 1.2922096999827772, 1.3089277000399306, 1.3255099999951199, 1.3421170000219718, 1.3588255000067875, 1.3752128999913111, 1.3921312000602484, 1.408749100053683, 1.4255423999857157, 1.442101399996318, 1.4588814000599086, 1.4754671000409871, 1.492086400045082, 1.5093047000700608]	n/a	n/a	1.0	19b
575	14	go_nogo	0	60	2	go	click	[55.0, 55.0, 75.0, 94.0, 114.0, 133.0, 150.0, 170.0, 187.0, 200.0, 208.0, 213.0, 218.0, 221.0, 222.0, 230.0, 236.0, 240.0, 242.0, 243.0, 243.0, 243.0, 241.0, 240.0, 240.0]	[-245.0, -245.0, -189.0, -141.0, -75.0, -13.0, 48.0, 114.0, 161.0, 192.0, 211.0, 225.0, 235.0, 245.0, 248.0, 264.0, 280.0, 293.0, 306.0, 314.0, 322.0, 328.0, 334.0, 334.0, 334.0]	[0, 0, 0, 0, 0, 0, 0, 0, 0, 0, 0, 0, 0, 0, 0, 0, 0, 0, 0, 0, 0, 0, 0, 0, 1]	[0, 0, 0, 0, 0, 0, 0, 0, 0, 0, 0, 0, 0, 0, 0, 0, 0, 0, 0, 0, 0, 0, 0, 0, 0]	[0, 0, 0, 0, 0, 0, 0, 0, 0, 0, 0, 0, 0, 0, 0, 0, 0, 0, 0, 0, 0, 0, 0, 0, 0]	[0.00035969994496554136, 0.009342500008642673, 0.02589109994005412, 0.04260039993096143, 0.059132899972610176, 0.07590960001107305, 0.092515500029549, 0.10933549993205816, 0.1260454999282956, 0.14269749994855374, 0.1594044000376016, 0.1760214000241831, 0.19248690002132207, 0.20866919995751232, 0.22563729993999004, 0.24256469996180385, 0.25888670003041625, 0.2754856999963522, 0.29199489997699857, 0.30887159996200353, 0.3252618999686092, 0.3421522999415174, 0.3587151999818161, 0.3753497999859974, 0.39236249995883554]	240.0	334.0	0.9	19b
576	14	go_nogo	0	60	6	go	click	[52.0, 52.0, 58.0, 61.0, 73.0, 82.0, 90.0, 99.0, 105.0, 112.0, 121.0, 130.0, 138.0, 144.0, 152.0, 160.0, 164.0, 172.0, 177.0, 180.0, 183.0, 185.0, 187.0, 190.0, 190.0, 190.0, 191.0, 192.0, 194.0, 194.0]	[-250.0, -250.0, -234.0, -221.0, -194.0, -171.0, -150.0, -116.0, -89.0, -59.0, -30.0, -6.0, 15.0, 36.0, 59.0, 84.0, 107.0, 128.0, 150.0, 163.0, 180.0, 196.0, 215.0, 232.0, 244.0, 257.0, 267.0, 282.0, 289.0, 290.0]	[0, 0, 0, 0, 0, 0, 0, 0, 0, 0, 0, 0, 0, 0, 0, 0, 0, 0, 0, 0, 0, 0, 0, 0, 0, 0, 0, 0, 0, 1]	[0, 0, 0, 0, 0, 0, 0, 0, 0, 0, 0, 0, 0, 0, 0, 0, 0, 0, 0, 0, 0, 0, 0, 0, 0, 0, 0, 0, 0, 0]	[0, 0, 0, 0, 0, 0, 0, 0, 0, 0, 0, 0, 0, 0, 0, 0, 0, 0, 0, 0, 0, 0, 0, 0, 0, 0, 0, 0, 0, 0]	[0.00018900004215538502, 0.008607700001448393, 0.025573499966412783, 0.042236799956299365, 0.058798299985937774, 0.0753889000043273, 0.09198959998320788, 0.10866020002868026, 0.12539569998625666, 0.14265689998865128, 0.15868790005333722, 0.17519560002256185, 0.1919431999558583, 0.20873149996623397, 0.22538990003522485, 0.24210040003526956, 0.2585562999593094, 0.2754733000183478, 0.29224850004538894, 0.30910259997472167, 0.325398699962534, 0.34259859996382147, 0.3591094999574125, 0.3756610000273213, 0.39208400005009025, 0.40905979997478426, 0.42569199996069074, 0.442167800036259, 0.45891110005322844, 0.4757178999716416]	194.0	290.0	0.5	19b
577	14	go_nogo	0	60	3	go	click	[87.0, 87.0, 108.0, 155.0, 175.0, 184.0, 187.0, 187.0, 187.0, 188.0, 188.0, 188.0, 186.0, 186.0, 186.0, 186.0, 186.0, 186.0, 186.0, 187.0, 188.0, 188.0]	[-189.0, -189.0, -139.0, -13.0, 42.0, 79.0, 105.0, 123.0, 145.0, 168.0, 188.0, 198.0, 218.0, 245.0, 247.0, 249.0, 249.0, 251.0, 256.0, 267.0, 277.0, 278.0]	[0, 0, 0, 0, 0, 0, 0, 0, 0, 0, 0, 0, 0, 0, 0, 0, 0, 0, 0, 0, 0, 1]	[0, 0, 0, 0, 0, 0, 0, 0, 0, 0, 0, 0, 0, 0, 0, 0, 0, 0, 0, 0, 0, 0]	[0, 0, 0, 0, 0, 0, 0, 0, 0, 0, 0, 0, 0, 0, 0, 0, 0, 0, 0, 0, 0, 0]	[0.00020510004833340645, 0.009110999992117286, 0.026401199982501566, 0.04270470002666116, 0.05932949995622039, 0.07580750004854053, 0.09238970000296831, 0.10898200003430247, 0.12592739996034652, 0.14261780004017055, 0.15918119996786118, 0.17628989997319877, 0.19237519998569041, 0.20906679995823652, 0.22585499996785074, 0.24234779994003475, 0.25961990002542734, 0.27569219993893057, 0.29229919996578246, 0.30907570000272244, 0.3256163999903947, 0.3424961999990046]	188.0	278.0	0.5	19b
578	14	go_nogo	0	60	2	go	click	[63.0, 63.0, 67.0, 74.0, 86.0, 89.0, 102.0, 108.0, 112.0, 117.0, 124.0, 128.0, 133.0, 136.0, 142.0, 146.0, 155.0, 163.0, 168.0, 175.0, 181.0, 187.0, 193.0, 195.0, 195.0]	[-172.0, -172.0, -130.0, -58.0, 17.0, 35.0, 90.0, 111.0, 128.0, 145.0, 160.0, 174.0, 187.0, 195.0, 203.0, 210.0, 225.0, 237.0, 251.0, 267.0, 284.0, 303.0, 319.0, 325.0, 326.0]	[0, 0, 0, 0, 0, 0, 0, 0, 0, 0, 0, 0, 0, 0, 0, 0, 0, 0, 0, 0, 0, 0, 0, 0, 1]	[0, 0, 0, 0, 0, 0, 0, 0, 0, 0, 0, 0, 0, 0, 0, 0, 0, 0, 0, 0, 0, 0, 0, 0, 0]	[0, 0, 0, 0, 0, 0, 0, 0, 0, 0, 0, 0, 0, 0, 0, 0, 0, 0, 0, 0, 0, 0, 0, 0, 0]	[0.00034580007195472717, 0.008238100097514689, 0.024902700097300112, 0.04160450003109872, 0.05815620010253042, 0.07483320008032024, 0.09172700007911772, 0.10886360006406903, 0.12471380003262311, 0.1413151000160724, 0.15810480003710836, 0.17488690000027418, 0.19160810008179396, 0.20831690006889403, 0.22508820006623864, 0.24166050006169826, 0.2582696001045406, 0.27492780005559325, 0.29135660000611097, 0.3081286000087857, 0.32477570010814816, 0.3414351000683382, 0.35801150009501725, 0.37474070000462234, 0.3914775000885129]	195.0	326.0	1.0	19b
579	14	go_nogo	0	60	8	go	click	[49.0, 49.0, 54.0, 62.0, 71.0, 81.0, 96.0, 111.0, 127.0, 143.0, 151.0, 156.0, 159.0, 162.0, 165.0, 168.0, 175.0, 185.0, 189.0, 191.0, 191.0, 191.0, 191.0]	[-277.0, -277.0, -264.0, -234.0, -193.0, -147.0, -79.0, 4.0, 57.0, 108.0, 135.0, 160.0, 183.0, 203.0, 224.0, 245.0, 270.0, 293.0, 304.0, 305.0, 305.0, 305.0, 305.0]	[0, 0, 0, 0, 0, 0, 0, 0, 0, 0, 0, 0, 0, 0, 0, 0, 0, 0, 0, 0, 0, 0, 1]	[0, 0, 0, 0, 0, 0, 0, 0, 0, 0, 0, 0, 0, 0, 0, 0, 0, 0, 0, 0, 0, 0, 0]	[0, 0, 0, 0, 0, 0, 0, 0, 0, 0, 0, 0, 0, 0, 0, 0, 0, 0, 0, 0, 0, 0, 0]	[0.00018529989756643772, 0.009835599921643734, 0.02608359989244491, 0.04293719993438572, 0.05941039999015629, 0.07608719996642321, 0.09261649998370558, 0.10988479992374778, 0.12630429991986603, 0.14294629998039454, 0.15963239991106093, 0.17647179996129125, 0.1928046999964863, 0.2093431999674067, 0.2262191999470815, 0.2427558999042958, 0.25923029996920377, 0.2760818999959156, 0.29290269990451634, 0.31087209994439036, 0.3257175999460742, 0.3424937999807298, 0.3595731999957934]	191.0	305.0	0.8	19b
580	14	go_nogo	0	60	9	nogo	none	[70.0, 92.0, 111.0, 134.0, 148.0, 153.0, 160.0, 166.0, 175.0, 181.0, 185.0, 190.0, 193.0, 194.0, 195.0, 195.0, 195.0, 195.0, 195.0, 195.0, 195.0]	[-210.0, -152.0, -95.0, 5.0, 76.0, 121.0, 160.0, 192.0, 229.0, 255.0, 271.0, 281.0, 289.0, 296.0, 297.0, 297.0, 297.0, 298.0, 298.0, 298.0, 298.0]	[0, 0, 0, 0, 0, 0, 0, 0, 0, 0, 0, 0, 0, 0, 0, 0, 0, 0, 0, 0, 1]	[0, 0, 0, 0, 0, 0, 0, 0, 0, 0, 0, 0, 0, 0, 0, 0, 0, 0, 0, 0, 0]	[0, 0, 0, 0, 0, 0, 0, 0, 0, 0, 0, 0, 0, 0, 0, 0, 0, 0, 0, 0, 0]	[7.770000956952572e-05, 0.009962800075300038, 0.026324499980546534, 0.04294980003032833, 0.05971419997513294, 0.07634360005613416, 0.09312400000635535, 0.10971400002017617, 0.12628970004152507, 0.1430905000306666, 0.15972140000667423, 0.17619150003883988, 0.193017499987036, 0.20954000006895512, 0.22630850004497916, 0.2430125999962911, 0.25986610003747046, 0.27623000007588416, 0.29275830008555204, 0.30960620008409023, 0.3266913000261411]	195.0	298.0	0.7	19b
581	14	go_nogo	0	60	4	go	click	[65.0, 65.0, 81.0, 116.0, 147.0, 168.0, 179.0, 183.0, 184.0, 184.0, 185.0, 185.0, 185.0, 186.0, 186.0, 186.0, 186.0, 186.0, 187.0, 190.0, 193.0, 194.0, 196.0, 197.0]	[-184.0, -184.0, -135.0, -24.0, 74.0, 147.0, 206.0, 221.0, 230.0, 236.0, 240.0, 241.0, 242.0, 243.0, 246.0, 246.0, 246.0, 246.0, 248.0, 256.0, 266.0, 272.0, 279.0, 285.0]	[0, 0, 0, 0, 0, 0, 0, 0, 0, 0, 0, 0, 0, 0, 0, 0, 0, 0, 0, 0, 0, 0, 0, 1]	[0, 0, 0, 0, 0, 0, 0, 0, 0, 0, 0, 0, 0, 0, 0, 0, 0, 0, 0, 0, 0, 0, 0, 0]	[0, 0, 0, 0, 0, 0, 0, 0, 0, 0, 0, 0, 0, 0, 0, 0, 0, 0, 0, 0, 0, 0, 0, 0]	[0.00021730002481490374, 0.011474500061012805, 0.027916799997910857, 0.0443873000331223, 0.061229499988257885, 0.0780388000421226, 0.09527290007099509, 0.1114843999966979, 0.12809640006162226, 0.14462210005149245, 0.16134290001355112, 0.17795400007162243, 0.19485530001111329, 0.21164260001387447, 0.22786310000810772, 0.24465270002838224, 0.26144270005170256, 0.2778997999848798, 0.2946847000857815, 0.31145200005266815, 0.32803480001166463, 0.3445783000206575, 0.36135780008044094, 0.37826490006409585]	198.0	289.0	0.6	19b
582	14	go_nogo	0	60	1	nogo	none	[65.0, 65.0, 84.0, 122.0, 160.0, 180.0, 189.0, 195.0, 198.0, 199.0, 200.0, 200.0, 200.0, 202.0, 208.0, 213.0, 219.0, 221.0, 222.0, 222.0, 222.0, 222.0, 222.0, 222.0, 222.0, 222.0, 222.0, 222.0, 222.0, 222.0, 222.0, 222.0, 222.0, 222.0, 222.0, 222.0, 222.0, 222.0, 222.0, 222.0, 222.0, 222.0, 222.0, 222.0, 222.0, 222.0, 222.0, 222.0, 222.0, 222.0, 222.0, 222.0, 220.0, 211.0, 202.0, 184.0, 162.0, 134.0, 122.0, 115.0, 109.0, 104.0, 101.0, 100.0, 97.0, 95.0, 93.0, 93.0, 92.0, 92.0, 92.0, 91.0, 91.0, 90.0, 90.0, 90.0, 90.0, 90.0, 90.0, 90.0, 90.0, 90.0, 90.0, 90.0, 90.0, 90.0, 90.0, 90.0, 90.0, 90.0, 90.0, 90.0]	[-166.0, -166.0, -112.0, -1.0, 106.0, 162.0, 191.0, 204.0, 211.0, 212.0, 213.0, 215.0, 218.0, 230.0, 255.0, 285.0, 306.0, 317.0, 321.0, 323.0, 323.0, 323.0, 323.0, 323.0, 323.0, 323.0, 323.0, 323.0, 323.0, 323.0, 323.0, 323.0, 323.0, 323.0, 323.0, 323.0, 323.0, 323.0, 323.0, 323.0, 323.0, 323.0, 323.0, 323.0, 323.0, 323.0, 323.0, 323.0, 323.0, 323.0, 323.0, 320.0, 313.0, 297.0, 268.0, 216.0, 146.0, 51.0, 12.0, -19.0, -44.0, -65.0, -83.0, -104.0, -119.0, -134.0, -144.0, -157.0, -177.0, -190.0, -200.0, -208.0, -213.0, -215.0, -216.0, -216.0, -216.0, -216.0, -216.0, -216.0, -216.0, -216.0, -216.0, -216.0, -216.0, -216.0, -216.0, -216.0, -216.0, -216.0, -216.0, -216.0]	[0, 0, 0, 0, 0, 0, 0, 0, 0, 0, 0, 0, 0, 0, 0, 0, 0, 0, 0, 0, 0, 0, 0, 0, 0, 0, 0, 0, 0, 0, 0, 0, 0, 0, 0, 0, 0, 0, 0, 0, 0, 0, 0, 0, 0, 0, 0, 0, 0, 0, 0, 0, 0, 0, 0, 0, 0, 0, 0, 0, 0, 0, 0, 0, 0, 0, 0, 0, 0, 0, 0, 0, 0, 0, 0, 0, 0, 0, 0, 0, 0, 0, 0, 0, 0, 0, 0, 0, 0, 0, 0, 0]	[0, 0, 0, 0, 0, 0, 0, 0, 0, 0, 0, 0, 0, 0, 0, 0, 0, 0, 0, 0, 0, 0, 0, 0, 0, 0, 0, 0, 0, 0, 0, 0, 0, 0, 0, 0, 0, 0, 0, 0, 0, 0, 0, 0, 0, 0, 0, 0, 0, 0, 0, 0, 0, 0, 0, 0, 0, 0, 0, 0, 0, 0, 0, 0, 0, 0, 0, 0, 0, 0, 0, 0, 0, 0, 0, 0, 0, 0, 0, 0, 0, 0, 0, 0, 0, 0, 0, 0, 0, 0, 0, 0]	[0, 0, 0, 0, 0, 0, 0, 0, 0, 0, 0, 0, 0, 0, 0, 0, 0, 0, 0, 0, 0, 0, 0, 0, 0, 0, 0, 0, 0, 0, 0, 0, 0, 0, 0, 0, 0, 0, 0, 0, 0, 0, 0, 0, 0, 0, 0, 0, 0, 0, 0, 0, 0, 0, 0, 0, 0, 0, 0, 0, 0, 0, 0, 0, 0, 0, 0, 0, 0, 0, 0, 0, 0, 0, 0, 0, 0, 0, 0, 0, 0, 0, 0, 0, 0, 0, 0, 0, 0, 0, 0, 0]	[0.00031589996069669724, 0.010551900020800531, 0.027240099967457354, 0.04369079996831715, 0.06057049997616559, 0.07701749994885176, 0.09388030006084591, 0.1103043999755755, 0.12709179997909814, 0.14423850004095584, 0.16035869996994734, 0.177200400037691, 0.19385140005033463, 0.21065090002957731, 0.22723810002207756, 0.24402970005758107, 0.2605739999562502, 0.2773293999489397, 0.293851500027813, 0.31032299995422363, 0.32702480000443757, 0.3435245000291616, 0.36029470001813024, 0.37702739995438606, 0.39345670002512634, 0.41014389996416867, 0.4270241999765858, 0.4435149000491947, 0.4605279000243172, 0.4769300000043586, 0.4936022999463603, 0.5103423000546172, 0.5269026999594644, 0.5436770999804139, 0.5601961000356823, 0.5768887000158429, 0.5936575999949127, 0.610276099992916, 0.6268354000058025, 0.6437270999886096, 0.6602121000178158, 0.6769629999762401, 0.6935731000266969, 0.710120499948971, 0.7268518999917433, 0.7436339999549091, 0.7603171999799088, 0.7767918000463396, 0.7934218000154942, 0.8102176999673247, 0.8269860000582412, 0.8434517000569031, 0.860473099979572, 0.8767958000535145, 0.8936531000072137, 0.9101158999837935, 0.9269629999762401, 0.9439461999572814, 0.9601563999895006, 0.9768642999697477, 0.993562399991788, 1.0103537000250071, 1.0267993999877945, 1.0433211999479681, 1.0599625000031665, 1.0764669999480247, 1.0935395000269637, 1.1102287999819964, 1.1268861000426114, 1.143878799979575, 1.1599119999445975, 1.1773321999935433, 1.1934001999907196, 1.2100592999486253, 1.2266804999671876, 1.2430929000256583, 1.2599088000133634, 1.2764604999683797, 1.293141399975866, 1.3100099000148475, 1.3266939000459388, 1.3431615000590682, 1.3598095000488684, 1.3764767999527976, 1.393146499991417, 1.4099072000244632, 1.4268622000236064, 1.4432731999550015, 1.4599202000536025, 1.4765033000148833, 1.4933705000439659, 1.5098245999542996]	n/a	n/a	0.9	19b
583	14	go_nogo	0	60	3	go	click	[47.0, 47.0, 58.0, 86.0, 132.0, 160.0, 183.0, 196.0, 203.0, 206.0, 210.0, 213.0, 215.0, 217.0, 217.0, 218.0, 220.0, 220.0, 220.0, 220.0, 220.0, 220.0, 219.0, 217.0, 214.0, 212.0]	[-226.0, -226.0, -197.0, -135.0, -32.0, 40.0, 93.0, 122.0, 140.0, 149.0, 156.0, 161.0, 167.0, 171.0, 172.0, 175.0, 182.0, 198.0, 222.0, 244.0, 255.0, 261.0, 267.0, 272.0, 277.0, 281.0]	[0, 0, 0, 0, 0, 0, 0, 0, 0, 0, 0, 0, 0, 0, 0, 0, 0, 0, 0, 0, 0, 0, 0, 0, 0, 1]	[0, 0, 0, 0, 0, 0, 0, 0, 0, 0, 0, 0, 0, 0, 0, 0, 0, 0, 0, 0, 0, 0, 0, 0, 0, 0]	[0, 0, 0, 0, 0, 0, 0, 0, 0, 0, 0, 0, 0, 0, 0, 0, 0, 0, 0, 0, 0, 0, 0, 0, 0, 0]	[0.0002297000028192997, 0.011247499962337315, 0.027741099940612912, 0.044454899965785444, 0.06119799998123199, 0.07791509991511703, 0.09443089994601905, 0.11131279997061938, 0.1277791999746114, 0.144711299915798, 0.16115229995921254, 0.17808430001605302, 0.19471479998901486, 0.2114844999741763, 0.22795339999720454, 0.24494379991665483, 0.2613730999873951, 0.2778455999214202, 0.2945625999709591, 0.31125099991913885, 0.3279603999108076, 0.34431159996893257, 0.36124339990783483, 0.37770429998636246, 0.39435119996778667, 0.4110846999101341]	212.0	282.0	0.5	19b
584	14	go_nogo	0	60	7	go	click	[31.0, 31.0, 46.0, 78.0, 105.0, 124.0, 133.0, 139.0, 147.0, 151.0, 155.0, 159.0, 164.0, 169.0, 177.0, 188.0, 196.0, 204.0, 207.0, 211.0, 216.0, 220.0, 221.0, 221.0]	[-230.0, -230.0, -177.0, -71.0, 11.0, 79.0, 107.0, 129.0, 147.0, 160.0, 170.0, 181.0, 190.0, 205.0, 224.0, 250.0, 273.0, 290.0, 296.0, 306.0, 316.0, 326.0, 329.0, 329.0]	[0, 0, 0, 0, 0, 0, 0, 0, 0, 0, 0, 0, 0, 0, 0, 0, 0, 0, 0, 0, 0, 0, 0, 1]	[0, 0, 0, 0, 0, 0, 0, 0, 0, 0, 0, 0, 0, 0, 0, 0, 0, 0, 0, 0, 0, 0, 0, 0]	[0, 0, 0, 0, 0, 0, 0, 0, 0, 0, 0, 0, 0, 0, 0, 0, 0, 0, 0, 0, 0, 0, 0, 0]	[0.0001981999957934022, 0.012208000058308244, 0.0287549999775365, 0.045317000010982156, 0.06227470003068447, 0.07873649999964982, 0.09542150003835559, 0.11246380000375211, 0.12884460005443543, 0.14527680003084242, 0.162002700031735, 0.17877980007324368, 0.19563400000333786, 0.21226190007291734, 0.22863170003984123, 0.24540540005546063, 0.2628592000110075, 0.2789257999975234, 0.29631650005467236, 0.31217930000275373, 0.3289381000213325, 0.3455517999827862, 0.36203050008043647, 0.3792468000901863]	221.0	329.0	1.0	19b
585	14	go_nogo	0	60	7	go	click	[5.0, 5.0, 18.0, 50.0, 92.0, 107.0, 118.0, 125.0, 129.0, 135.0, 138.0, 140.0, 143.0, 147.0, 148.0, 148.0, 148.0, 149.0, 151.0, 153.0, 156.0, 157.0, 157.0]	[-239.0, -239.0, -183.0, -73.0, 55.0, 119.0, 167.0, 198.0, 218.0, 236.0, 249.0, 262.0, 281.0, 292.0, 295.0, 296.0, 296.0, 298.0, 302.0, 307.0, 309.0, 310.0, 310.0]	[0, 0, 0, 0, 0, 0, 0, 0, 0, 0, 0, 0, 0, 0, 0, 0, 0, 0, 0, 0, 0, 0, 1]	[0, 0, 0, 0, 0, 0, 0, 0, 0, 0, 0, 0, 0, 0, 0, 0, 0, 0, 0, 0, 0, 0, 0]	[0, 0, 0, 0, 0, 0, 0, 0, 0, 0, 0, 0, 0, 0, 0, 0, 0, 0, 0, 0, 0, 0, 0]	[0.000264700036495924, 0.01223830005619675, 0.029083000030368567, 0.04561519995331764, 0.06226459995377809, 0.07882769999559969, 0.09550119994673878, 0.11216799996327609, 0.12880099995527416, 0.14546080003492534, 0.1621315999655053, 0.17892590002156794, 0.1954742999514565, 0.21207040001172572, 0.22859489999245852, 0.24555400002282113, 0.26219070004299283, 0.2788089000387117, 0.29559140000492334, 0.31233260000590235, 0.32897869998123497, 0.34519929997622967, 0.362275299965404]	157.0	310.0	0.8	19b
586	14	go_nogo	0	60	6	go	click	[94.0, 94.0, 121.0, 178.0, 200.0, 208.0, 211.0, 213.0, 214.0, 214.0, 214.0, 214.0, 214.0, 214.0, 214.0, 214.0, 214.0, 214.0, 214.0, 214.0]	[-193.0, -193.0, -115.0, 92.0, 203.0, 269.0, 303.0, 319.0, 326.0, 328.0, 329.0, 330.0, 330.0, 330.0, 330.0, 330.0, 330.0, 331.0, 333.0, 333.0]	[0, 0, 0, 0, 0, 0, 0, 0, 0, 0, 0, 0, 0, 0, 0, 0, 0, 0, 0, 1]	[0, 0, 0, 0, 0, 0, 0, 0, 0, 0, 0, 0, 0, 0, 0, 0, 0, 0, 0, 0]	[0, 0, 0, 0, 0, 0, 0, 0, 0, 0, 0, 0, 0, 0, 0, 0, 0, 0, 0, 0]	[0.00020769995171576738, 0.012179099954664707, 0.029064100002869964, 0.04529230005573481, 0.062110999948345125, 0.07876669999677688, 0.095337999984622, 0.11211969994474202, 0.1290148999541998, 0.1455458999844268, 0.1620448000030592, 0.17845799995120615, 0.19501579995267093, 0.21168179996311665, 0.22873940004501492, 0.24519469996448606, 0.2622034000232816, 0.2785559999756515, 0.29531660000793636, 0.31222079996950924]	214.0	332.0	0.7	19b
587	14	go_nogo	0	60	6	go	click	[9.0, 9.0, 32.0, 50.0, 61.0, 74.0, 87.0, 98.0, 105.0, 115.0, 121.0, 127.0, 130.0, 134.0, 135.0, 136.0, 138.0, 143.0, 151.0, 162.0, 172.0, 183.0, 191.0, 198.0, 200.0, 200.0]	[-186.0, -186.0, -97.0, -24.0, 28.0, 73.0, 104.0, 127.0, 145.0, 163.0, 176.0, 186.0, 194.0, 206.0, 212.0, 214.0, 217.0, 226.0, 240.0, 260.0, 283.0, 303.0, 322.0, 340.0, 347.0, 347.0]	[0, 0, 0, 0, 0, 0, 0, 0, 0, 0, 0, 0, 0, 0, 0, 0, 0, 0, 0, 0, 0, 0, 0, 0, 0, 1]	[0, 0, 0, 0, 0, 0, 0, 0, 0, 0, 0, 0, 0, 0, 0, 0, 0, 0, 0, 0, 0, 0, 0, 0, 0, 0]	[0, 0, 0, 0, 0, 0, 0, 0, 0, 0, 0, 0, 0, 0, 0, 0, 0, 0, 0, 0, 0, 0, 0, 0, 0, 0]	[0.00025560008361935616, 0.011914200033061206, 0.029048800002783537, 0.045511600095778704, 0.0627492000348866, 0.07871820009313524, 0.09530680009629577, 0.11193330003879964, 0.12880440009757876, 0.1452601000200957, 0.16200010001193732, 0.17853500007186085, 0.19541050004772842, 0.21198610006831586, 0.22879389999434352, 0.24559710000175983, 0.26237510005012155, 0.27868370001669973, 0.29533120000269264, 0.31193219998385757, 0.3286082000704482, 0.34552730002906173, 0.3619037000462413, 0.3786961000878364, 0.3949180000927299, 0.4120645000366494]	200.0	347.0	0.8	19b
588	14	go_nogo	0	60	3	go	click	[35.0, 35.0, 51.0, 79.0, 103.0, 115.0, 123.0, 129.0, 139.0, 148.0, 157.0, 163.0, 171.0, 178.0, 186.0, 189.0, 189.0, 189.0, 190.0, 192.0, 194.0, 196.0]	[-149.0, -149.0, -92.0, -2.0, 67.0, 100.0, 129.0, 160.0, 189.0, 212.0, 228.0, 242.0, 257.0, 282.0, 306.0, 314.0, 315.0, 316.0, 317.0, 321.0, 326.0, 328.0]	[0, 0, 0, 0, 0, 0, 0, 0, 0, 0, 0, 0, 0, 0, 0, 0, 0, 0, 0, 0, 0, 1]	[0, 0, 0, 0, 0, 0, 0, 0, 0, 0, 0, 0, 0, 0, 0, 0, 0, 0, 0, 0, 0, 0]	[0, 0, 0, 0, 0, 0, 0, 0, 0, 0, 0, 0, 0, 0, 0, 0, 0, 0, 0, 0, 0, 0]	[0.0002085000742226839, 0.009412000072188675, 0.02648390003014356, 0.042982000042684376, 0.060014500049874187, 0.07665840000845492, 0.09296980011276901, 0.10956390004139394, 0.12620260007679462, 0.14283860009163618, 0.15956810000352561, 0.17599060002248734, 0.1925939000211656, 0.20945550000760704, 0.22605830000247806, 0.24283620005007833, 0.2596233000513166, 0.2758851000107825, 0.2932778000831604, 0.30932840006425977, 0.32613360008690506, 0.3429232001071796]	196.0	328.0	0.6	19b
589	15	go_only	0	18	8	go	click	[90.0, 90.0, 114.0, 158.0, 193.0, 209.0, 214.0, 218.0, 222.0, 223.0, 224.0, 224.0, 224.0, 225.0, 226.0, 227.0, 227.0, 227.0, 227.0, 227.0, 227.0, 227.0, 227.0, 227.0, 227.0, 227.0, 227.0, 227.0]	[-225.0, -225.0, -188.0, -116.0, -46.0, 8.0, 64.0, 107.0, 134.0, 141.0, 145.0, 150.0, 159.0, 170.0, 178.0, 182.0, 184.0, 187.0, 194.0, 210.0, 246.0, 268.0, 279.0, 285.0, 290.0, 292.0, 293.0, 293.0]	[0, 0, 0, 0, 0, 0, 0, 0, 0, 0, 0, 0, 0, 0, 0, 0, 0, 0, 0, 0, 0, 0, 0, 0, 0, 0, 0, 1]	[0, 0, 0, 0, 0, 0, 0, 0, 0, 0, 0, 0, 0, 0, 0, 0, 0, 0, 0, 0, 0, 0, 0, 0, 0, 0, 0, 0]	[0, 0, 0, 0, 0, 0, 0, 0, 0, 0, 0, 0, 0, 0, 0, 0, 0, 0, 0, 0, 0, 0, 0, 0, 0, 0, 0, 0]	[0.0003103999188169837, 0.009004799998365343, 0.025903599918819964, 0.042656100005842745, 0.0594138999003917, 0.07584900001529604, 0.09260279999580234, 0.10922199999913573, 0.12579660001210868, 0.14275389991234988, 0.1593198999762535, 0.17566680000163615, 0.19231489999219775, 0.2090616999194026, 0.2256048999261111, 0.24242539994884282, 0.2590912999585271, 0.27611659991089255, 0.2923710999311879, 0.3092933999141678, 0.32584229996427894, 0.3428681999212131, 0.35946069995407015, 0.37626829999499023, 0.39246979996096343, 0.4087396999821067, 0.42544019990600646, 0.4426160999573767]	227.0	293.0	0.8	19b
590	15	go_only	0	18	2	go	click	[44.0, 44.0, 54.0, 60.0, 74.0, 77.0, 77.0, 79.0, 82.0, 88.0, 96.0, 100.0, 103.0, 106.0, 113.0, 121.0, 133.0, 145.0, 157.0, 167.0, 179.0, 192.0, 202.0, 210.0, 218.0, 224.0, 230.0, 233.0, 234.0, 234.0, 234.0]	[-263.0, -263.0, -204.0, -172.0, -95.0, -48.0, -1.0, 38.0, 71.0, 96.0, 115.0, 128.0, 135.0, 139.0, 148.0, 160.0, 178.0, 200.0, 214.0, 227.0, 240.0, 253.0, 267.0, 279.0, 295.0, 308.0, 322.0, 328.0, 330.0, 330.0, 330.0]	[0, 0, 0, 0, 0, 0, 0, 0, 0, 0, 0, 0, 0, 0, 0, 0, 0, 0, 0, 0, 0, 0, 0, 0, 0, 0, 0, 0, 0, 0, 1]	[0, 0, 0, 0, 0, 0, 0, 0, 0, 0, 0, 0, 0, 0, 0, 0, 0, 0, 0, 0, 0, 0, 0, 0, 0, 0, 0, 0, 0, 0, 0]	[0, 0, 0, 0, 0, 0, 0, 0, 0, 0, 0, 0, 0, 0, 0, 0, 0, 0, 0, 0, 0, 0, 0, 0, 0, 0, 0, 0, 0, 0, 0]	[0.00019179994706064463, 0.01175960002001375, 0.028425200027413666, 0.04533659992739558, 0.06211649999022484, 0.07856980001088232, 0.09519479994196445, 0.11183439998421818, 0.1287424999754876, 0.14510470000095665, 0.16208209993783385, 0.1786028000060469, 0.19514939992222935, 0.21177189995069057, 0.22894930001348257, 0.2457200000062585, 0.2617677999660373, 0.27810989995487034, 0.2955221999436617, 0.3119207000127062, 0.32846969994716346, 0.3452381999231875, 0.3618391000200063, 0.3786154999397695, 0.39513049996457994, 0.41172630002256483, 0.4284993999172002, 0.4452062000054866, 0.46152789995539933, 0.478188099921681, 0.4951967999804765]	234.0	330.0	0.5	19b
591	15	go_only	0	18	7	go	click	[66.0, 66.0, 79.0, 99.0, 124.0, 133.0, 140.0, 147.0, 154.0, 160.0, 165.0, 166.0, 167.0, 167.0, 169.0, 172.0, 173.0, 176.0, 179.0, 183.0, 187.0, 189.0]	[-182.0, -182.0, -129.0, -37.0, 71.0, 118.0, 154.0, 185.0, 212.0, 229.0, 237.0, 240.0, 242.0, 244.0, 249.0, 263.0, 272.0, 285.0, 302.0, 319.0, 330.0, 332.0]	[0, 0, 0, 0, 0, 0, 0, 0, 0, 0, 0, 0, 0, 0, 0, 0, 0, 0, 0, 0, 0, 1]	[0, 0, 0, 0, 0, 0, 0, 0, 0, 0, 0, 0, 0, 0, 0, 0, 0, 0, 0, 0, 0, 0]	[0, 0, 0, 0, 0, 0, 0, 0, 0, 0, 0, 0, 0, 0, 0, 0, 0, 0, 0, 0, 0, 0]	[0.0001876000314950943, 0.011531100026331842, 0.02819350000936538, 0.04465100006200373, 0.062037400086410344, 0.07834090001415461, 0.094792400021106, 0.11142049997579306, 0.12825539999175817, 0.14476950000971556, 0.1614681000355631, 0.17860590002965182, 0.19486729998607188, 0.2114417999982834, 0.2280904999934137, 0.24474560003727674, 0.2613818000536412, 0.2782040999736637, 0.295111000072211, 0.31150040007196367, 0.32803199999034405, 0.34499340003822]	189.0	333.0	1.0	19b
592	15	go_only	0	18	4	go	click	[41.0, 41.0, 72.0, 103.0, 134.0, 158.0, 173.0, 184.0, 194.0, 200.0, 203.0, 203.0, 204.0, 205.0, 206.0, 206.0, 206.0, 206.0, 206.0, 206.0, 206.0, 206.0, 206.0, 206.0, 206.0, 206.0, 206.0, 205.0, 202.0, 201.0, 201.0, 201.0]	[-253.0, -253.0, -155.0, -60.0, 20.0, 80.0, 126.0, 157.0, 182.0, 199.0, 208.0, 214.0, 222.0, 233.0, 239.0, 243.0, 244.0, 244.0, 244.0, 244.0, 244.0, 244.0, 245.0, 246.0, 250.0, 266.0, 283.0, 297.0, 309.0, 315.0, 316.0, 316.0]	[0, 0, 0, 0, 0, 0, 0, 0, 0, 0, 0, 0, 0, 0, 0, 0, 0, 0, 0, 0, 0, 0, 0, 0, 0, 0, 0, 0, 0, 0, 0, 1]	[0, 0, 0, 0, 0, 0, 0, 0, 0, 0, 0, 0, 0, 0, 0, 0, 0, 0, 0, 0, 0, 0, 0, 0, 0, 0, 0, 0, 0, 0, 0, 0]	[0, 0, 0, 0, 0, 0, 0, 0, 0, 0, 0, 0, 0, 0, 0, 0, 0, 0, 0, 0, 0, 0, 0, 0, 0, 0, 0, 0, 0, 0, 0, 0]	[0.00020389992278069258, 0.01070159999653697, 0.026779499952681363, 0.04262139997445047, 0.059301999979652464, 0.07625929999630898, 0.09259919996839017, 0.10952539998106658, 0.12598259991500527, 0.1427569999359548, 0.1593828999903053, 0.17595579999033362, 0.1926837998908013, 0.20933189999777824, 0.22624829993583262, 0.24281249998603016, 0.2593291999073699, 0.2762038999935612, 0.2928566999034956, 0.309283799957484, 0.325896899914369, 0.34268149989657104, 0.35937979992013425, 0.3759775999933481, 0.3928869999945164, 0.40948139992542565, 0.4263970999745652, 0.442890299949795, 0.459574899985455, 0.47611319995485246, 0.4925409998977557, 0.50945219991263]	201.0	316.0	0.7	19b
593	15	go_only	0	18	2	go	click	[42.0, 42.0, 74.0, 103.0, 130.0, 152.0, 165.0, 173.0, 181.0, 186.0, 189.0, 195.0, 203.0, 209.0, 214.0, 216.0, 217.0, 217.0, 217.0, 217.0, 218.0, 218.0, 218.0, 218.0, 218.0, 218.0, 218.0, 218.0, 214.0, 212.0, 211.0, 211.0, 211.0, 211.0, 211.0, 211.0, 211.0, 211.0, 211.0, 211.0, 211.0, 211.0, 212.0, 212.0, 212.0]	[-192.0, -192.0, -104.0, -28.0, 40.0, 92.0, 129.0, 156.0, 181.0, 202.0, 224.0, 256.0, 281.0, 311.0, 336.0, 344.0, 347.0, 349.0, 349.0, 350.0, 350.0, 351.0, 351.0, 351.0, 351.0, 351.0, 351.0, 351.0, 349.0, 347.0, 346.0, 345.0, 345.0, 345.0, 345.0, 345.0, 343.0, 338.0, 330.0, 316.0, 303.0, 294.0, 290.0, 289.0, 289.0]	[0, 0, 0, 0, 0, 0, 0, 0, 0, 0, 0, 0, 0, 0, 0, 0, 0, 0, 0, 0, 1, 1, 1, 1, 0, 0, 0, 0, 0, 0, 0, 0, 0, 0, 0, 0, 0, 0, 0, 0, 0, 0, 0, 0, 1]	[0, 0, 0, 0, 0, 0, 0, 0, 0, 0, 0, 0, 0, 0, 0, 0, 0, 0, 0, 0, 0, 0, 0, 0, 0, 0, 0, 0, 0, 0, 0, 0, 0, 0, 0, 0, 0, 0, 0, 0, 0, 0, 0, 0, 0]	[0, 0, 0, 0, 0, 0, 0, 0, 0, 0, 0, 0, 0, 0, 0, 0, 0, 0, 0, 0, 0, 0, 0, 0, 0, 0, 0, 0, 0, 0, 0, 0, 0, 0, 0, 0, 0, 0, 0, 0, 0, 0, 0, 0, 0]	[0.00020079989917576313, 0.009897199925035238, 0.026479599997401237, 0.043155399966053665, 0.0600600999314338, 0.07689189992379397, 0.09336549998261034, 0.11014819995034486, 0.12696129991672933, 0.14326479996088892, 0.1599164999788627, 0.1765015999553725, 0.19320479989983141, 0.20989910000935197, 0.22697399999015033, 0.2432020999258384, 0.25985709996894, 0.2765984999714419, 0.29329929989762604, 0.3100399998947978, 0.32693519990425557, 0.3431548000080511, 0.35995239997282624, 0.3765125999925658, 0.3933498999103904, 0.4099358000094071, 0.4264252999564633, 0.44351609994191676, 0.46005639992654324, 0.4769208999350667, 0.4933248999295756, 0.5096774999983609, 0.5264121999498457, 0.5430605999426916, 0.5597013999940827, 0.5764260999858379, 0.5934470999054611, 0.6101496999617666, 0.626369999954477, 0.6431467999937013, 0.6595844998955727, 0.6764665999216959, 0.6931866999948397, 0.7095652999123558, 0.7266084000002593]	212.0	288.0	0.5	19b
594	15	go_only	0	18	3	go	click	[23.0, 31.0, 39.0, 56.0, 72.0, 87.0, 105.0, 124.0, 148.0, 160.0, 169.0, 174.0, 177.0, 181.0, 181.0, 181.0, 181.0, 181.0, 181.0, 181.0, 181.0, 181.0, 178.0, 178.0, 178.0, 182.0, 188.0, 191.0, 192.0, 192.0]	[-300.0, -277.0, -244.0, -164.0, -93.0, -29.0, 26.0, 74.0, 126.0, 147.0, 161.0, 173.0, 181.0, 188.0, 189.0, 189.0, 189.0, 189.0, 189.0, 189.0, 193.0, 207.0, 230.0, 252.0, 268.0, 285.0, 303.0, 314.0, 320.0, 320.0]	[0, 0, 0, 0, 0, 0, 0, 0, 0, 0, 0, 0, 0, 0, 0, 0, 0, 0, 0, 0, 0, 0, 0, 0, 0, 0, 0, 0, 0, 1]	[0, 0, 0, 0, 0, 0, 0, 0, 0, 0, 0, 0, 0, 0, 0, 0, 0, 0, 0, 0, 0, 0, 0, 0, 0, 0, 0, 0, 0, 0]	[0, 0, 0, 0, 0, 0, 0, 0, 0, 0, 0, 0, 0, 0, 0, 0, 0, 0, 0, 0, 0, 0, 0, 0, 0, 0, 0, 0, 0, 0]	[8.580007124692202e-05, 0.012467000051401556, 0.028624000027775764, 0.045591000001877546, 0.062213500030338764, 0.07881500001531094, 0.09554550005123019, 0.11239780008327216, 0.1293694000924006, 0.14568150008562952, 0.1623277000617236, 0.17877910006791353, 0.19584540009964257, 0.21251810004469007, 0.22872650006320328, 0.24529360001906753, 0.2620674000354484, 0.27863150008488446, 0.29526290006469935, 0.3118942000437528, 0.3293159001041204, 0.3458098000846803, 0.36190950009040534, 0.3786671000998467, 0.39534470008220524, 0.41215730004478246, 0.4288093000650406, 0.4455910000251606, 0.4618293000385165, 0.4793937000213191]	192.0	321.0	0.7	19b
595	15	go_only	0	18	4	go	click	[76.0, 92.0, 104.0, 129.0, 145.0, 156.0, 163.0, 168.0, 173.0, 175.0, 177.0, 179.0, 183.0, 190.0, 194.0, 195.0, 195.0, 195.0, 195.0, 195.0, 195.0, 196.0, 196.0, 197.0, 197.0]	[-230.0, -181.0, -136.0, -47.0, 33.0, 95.0, 149.0, 183.0, 200.0, 207.0, 213.0, 218.0, 230.0, 247.0, 259.0, 261.0, 261.0, 261.0, 261.0, 261.0, 261.0, 263.0, 263.0, 266.0, 267.0]	[0, 0, 0, 0, 0, 0, 0, 0, 0, 0, 0, 0, 0, 0, 0, 0, 0, 0, 0, 0, 0, 0, 0, 0, 1]	[0, 0, 0, 0, 0, 0, 0, 0, 0, 0, 0, 0, 0, 0, 0, 0, 0, 0, 0, 0, 0, 0, 0, 0, 0]	[0, 0, 0, 0, 0, 0, 0, 0, 0, 0, 0, 0, 0, 0, 0, 0, 0, 0, 0, 0, 0, 0, 0, 0, 0]	[7.480010390281677e-05, 0.01068669999949634, 0.02742600010242313, 0.04391810006927699, 0.06081010005436838, 0.07737870002165437, 0.09433710004668683, 0.11181360005866736, 0.1271785000571981, 0.14409300009720027, 0.16093320003710687, 0.17820409999694675, 0.1944935000501573, 0.21057900006417185, 0.22748600004706532, 0.2438521001022309, 0.26050440000835806, 0.2773709000321105, 0.29401680000592023, 0.3106276000617072, 0.32757670001592487, 0.3438837000867352, 0.3608361000660807, 0.3772924999939278, 0.3935905999969691]	197.0	267.0	0.9	19b
596	15	go_only	0	18	4	go	click	[49.0, 49.0, 77.0, 108.0, 137.0, 163.0, 180.0, 195.0, 205.0, 213.0, 215.0, 218.0, 219.0, 220.0, 220.0, 220.0, 220.0, 220.0, 220.0, 219.0, 219.0, 219.0]	[-257.0, -257.0, -166.0, -68.0, 15.0, 86.0, 151.0, 197.0, 232.0, 253.0, 268.0, 287.0, 297.0, 303.0, 307.0, 308.0, 308.0, 308.0, 312.0, 318.0, 321.0, 321.0]	[0, 0, 0, 0, 0, 0, 0, 0, 0, 0, 0, 0, 0, 0, 0, 0, 0, 0, 0, 0, 0, 1]	[0, 0, 0, 0, 0, 0, 0, 0, 0, 0, 0, 0, 0, 0, 0, 0, 0, 0, 0, 0, 0, 0]	[0, 0, 0, 0, 0, 0, 0, 0, 0, 0, 0, 0, 0, 0, 0, 0, 0, 0, 0, 0, 0, 0]	[9.180000051856041e-05, 0.012161999940872192, 0.028791700024157763, 0.04556240001693368, 0.06223299994599074, 0.07886969996616244, 0.09580469992943108, 0.11247669998556376, 0.12902619992382824, 0.14563419995829463, 0.16273009998258203, 0.17893179995007813, 0.19558199995663017, 0.21248550002928823, 0.22915169992484152, 0.24546000000555068, 0.26221409998834133, 0.27912930003367364, 0.2956838000100106, 0.3123131999745965, 0.3287724999245256, 0.3465833000373095]	219.0	320.0	0.8	19b
597	15	go_only	0	18	7	go	click	[59.0, 59.0, 70.0, 98.0, 120.0, 134.0, 144.0, 154.0, 158.0, 161.0, 163.0, 164.0, 165.0, 167.0, 169.0, 170.0, 175.0, 184.0, 193.0, 200.0, 204.0]	[-202.0, -202.0, -143.0, -41.0, 36.0, 93.0, 137.0, 184.0, 207.0, 216.0, 224.0, 229.0, 237.0, 244.0, 248.0, 252.0, 261.0, 279.0, 297.0, 312.0, 321.0]	[0, 0, 0, 0, 0, 0, 0, 0, 0, 0, 0, 0, 0, 0, 0, 0, 0, 0, 0, 0, 1]	[0, 0, 0, 0, 0, 0, 0, 0, 0, 0, 0, 0, 0, 0, 0, 0, 0, 0, 0, 0, 0]	[0, 0, 0, 0, 0, 0, 0, 0, 0, 0, 0, 0, 0, 0, 0, 0, 0, 0, 0, 0, 0]	[0.0002175000263378024, 0.011498200008645654, 0.02812120004091412, 0.04488840000703931, 0.06133400008548051, 0.07813859998714179, 0.09555329999420792, 0.11178989999461919, 0.1284379999851808, 0.1453619000967592, 0.16141880000941455, 0.17830320005305111, 0.194773800089024, 0.21164870006032288, 0.22820950008463115, 0.24497130000963807, 0.26150310004595667, 0.278090100036934, 0.2947111000539735, 0.311614100006409, 0.32840990007389337]	204.0	321.0	0.7	19b
598	15	go_only	0	18	6	go	click	[11.0, 25.0, 44.0, 78.0, 109.0, 128.0, 142.0, 155.0, 166.0, 176.0, 184.0, 193.0, 195.0, 197.0, 201.0, 201.0, 202.0, 202.0, 204.0, 207.0, 208.0, 209.0, 209.0]	[-283.0, -241.0, -191.0, -85.0, 6.0, 54.0, 93.0, 128.0, 157.0, 183.0, 206.0, 224.0, 231.0, 238.0, 244.0, 248.0, 251.0, 257.0, 272.0, 289.0, 301.0, 305.0, 305.0]	[0, 0, 0, 0, 0, 0, 0, 0, 0, 0, 0, 0, 0, 0, 0, 0, 0, 0, 0, 0, 0, 0, 1]	[0, 0, 0, 0, 0, 0, 0, 0, 0, 0, 0, 0, 0, 0, 0, 0, 0, 0, 0, 0, 0, 0, 0]	[0, 0, 0, 0, 0, 0, 0, 0, 0, 0, 0, 0, 0, 0, 0, 0, 0, 0, 0, 0, 0, 0, 0]	[8.109991904348135e-05, 0.010290500009432435, 0.027292799903079867, 0.043746599927544594, 0.06046089995652437, 0.07686719996854663, 0.09356899990234524, 0.11026129999663681, 0.12717889994382858, 0.14348480000626296, 0.16043069993611425, 0.17952359991613775, 0.19357140001375228, 0.21033879998140037, 0.22737579990644008, 0.2434827999677509, 0.2602119999937713, 0.27678169996943325, 0.2933288000058383, 0.31018319993745536, 0.3268480999395251, 0.34337629994843155, 0.36040349991526455]	209.0	305.0	0.8	19b
599	15	go_only	0	18	6	go	click	[7.0, 16.0, 29.0, 50.0, 71.0, 87.0, 103.0, 112.0, 120.0, 128.0, 137.0, 145.0, 155.0, 162.0, 170.0, 177.0, 186.0, 190.0, 192.0, 192.0, 192.0, 192.0]	[-282.0, -242.0, -197.0, -112.0, -39.0, 15.0, 70.0, 99.0, 126.0, 155.0, 179.0, 202.0, 227.0, 246.0, 266.0, 287.0, 306.0, 318.0, 320.0, 320.0, 320.0, 320.0]	[0, 0, 0, 0, 0, 0, 0, 0, 0, 0, 0, 0, 0, 0, 0, 0, 0, 0, 0, 0, 0, 1]	[0, 0, 0, 0, 0, 0, 0, 0, 0, 0, 0, 0, 0, 0, 0, 0, 0, 0, 0, 0, 0, 0]	[0, 0, 0, 0, 0, 0, 0, 0, 0, 0, 0, 0, 0, 0, 0, 0, 0, 0, 0, 0, 0, 0]	[0.00022369995713233948, 0.01155070005916059, 0.028164600022137165, 0.04493149998597801, 0.06133559998124838, 0.07807579997461289, 0.09455589996650815, 0.11134159995708615, 0.12809530005324632, 0.14452660002280027, 0.16109499998856336, 0.1778391000116244, 0.19453410001005977, 0.21114819997455925, 0.22782519995234907, 0.2443898000055924, 0.2610978999873623, 0.27794419997371733, 0.2943512999918312, 0.31097630003932863, 0.3276771999662742, 0.34511490003205836]	192.0	320.0	0.7	19b
600	15	go_only	0	18	2	go	click	[71.0, 71.0, 84.0, 108.0, 145.0, 164.0, 179.0, 190.0, 200.0, 209.0, 215.0, 219.0, 220.0, 221.0, 221.0, 221.0, 221.0, 221.0, 222.0, 222.0, 222.0, 222.0, 222.0, 222.0, 222.0, 222.0, 222.0, 222.0, 220.0, 216.0, 213.0, 213.0, 213.0, 212.0, 211.0, 211.0]	[-228.0, -228.0, -179.0, -63.0, 94.0, 174.0, 246.0, 294.0, 325.0, 346.0, 362.0, 370.0, 377.0, 379.0, 379.0, 379.0, 379.0, 380.0, 385.0, 386.0, 386.0, 386.0, 386.0, 386.0, 386.0, 386.0, 386.0, 386.0, 375.0, 358.0, 347.0, 339.0, 335.0, 331.0, 326.0, 321.0]	[0, 0, 0, 0, 0, 0, 0, 0, 0, 0, 0, 0, 0, 0, 0, 0, 0, 0, 0, 0, 1, 1, 1, 0, 0, 0, 0, 0, 0, 0, 0, 0, 0, 0, 0, 1]	[0, 0, 0, 0, 0, 0, 0, 0, 0, 0, 0, 0, 0, 0, 0, 0, 0, 0, 0, 0, 0, 0, 0, 0, 0, 0, 0, 0, 0, 0, 0, 0, 0, 0, 0, 0]	[0, 0, 0, 0, 0, 0, 0, 0, 0, 0, 0, 0, 0, 0, 0, 0, 0, 0, 0, 0, 0, 0, 0, 0, 0, 0, 0, 0, 0, 0, 0, 0, 0, 0, 0, 0]	[0.0002028999151661992, 0.009614499984309077, 0.026223799912258983, 0.04281809995882213, 0.0603013999061659, 0.07643289992120117, 0.0931976999854669, 0.10950719995889813, 0.12618259992450476, 0.1429053999017924, 0.1596745999995619, 0.1761498999549076, 0.1930685999104753, 0.20954089995939285, 0.2260235999710858, 0.24276049993932247, 0.2596386999357492, 0.27630909997969866, 0.2930454999441281, 0.3094898998970166, 0.32650439999997616, 0.3426691999193281, 0.3592891999287531, 0.37627239990979433, 0.39284119999501854, 0.4094194999197498, 0.4261153999250382, 0.4429827999556437, 0.4598322999663651, 0.47686139994766563, 0.49307229998521507, 0.5095680999802426, 0.5265755999134853, 0.5428324999520555, 0.5595967998960987, 0.5763054999988526]	211.0	319.0	0.7	19b
601	15	go_only	0	18	6	go	click	[43.0, 43.0, 56.0, 77.0, 100.0, 117.0, 129.0, 145.0, 149.0, 152.0, 154.0, 154.0, 155.0, 155.0, 155.0, 155.0, 155.0, 155.0, 155.0, 155.0, 155.0, 156.0, 161.0, 165.0, 173.0, 178.0, 181.0, 182.0, 182.0, 182.0]	[-189.0, -189.0, -137.0, -37.0, 33.0, 84.0, 119.0, 166.0, 185.0, 198.0, 205.0, 209.0, 210.0, 210.0, 210.0, 210.0, 210.0, 210.0, 210.0, 210.0, 211.0, 221.0, 238.0, 262.0, 284.0, 299.0, 303.0, 304.0, 304.0, 304.0]	[0, 0, 0, 0, 0, 0, 0, 0, 0, 0, 0, 0, 0, 0, 0, 0, 0, 0, 0, 0, 0, 0, 0, 0, 0, 0, 0, 0, 0, 1]	[0, 0, 0, 0, 0, 0, 0, 0, 0, 0, 0, 0, 0, 0, 0, 0, 0, 0, 0, 0, 0, 0, 0, 0, 0, 0, 0, 0, 0, 0]	[0, 0, 0, 0, 0, 0, 0, 0, 0, 0, 0, 0, 0, 0, 0, 0, 0, 0, 0, 0, 0, 0, 0, 0, 0, 0, 0, 0, 0, 0]	[0.0003181000938639045, 0.011119700036942959, 0.027452300069853663, 0.04392070008907467, 0.06062930007465184, 0.0773261000867933, 0.09413530002348125, 0.11086550005711615, 0.12785420008003712, 0.14468840009067208, 0.16054280009120703, 0.17752490006387234, 0.194127400056459, 0.21069850004278123, 0.22721260006073862, 0.24384570005349815, 0.2607096000574529, 0.2772560000885278, 0.2940112000796944, 0.3106750000733882, 0.32759330002591014, 0.3442466000560671, 0.3607370000099763, 0.37732600001618266, 0.39408180001191795, 0.4110026000998914, 0.4273938999976963, 0.4440321000292897, 0.4607741000363603, 0.47782170004211366]	182.0	304.0	1.0	19b
602	15	go_only	0	18	3	go	click	[13.0, 13.0, 26.0, 55.0, 83.0, 100.0, 121.0, 142.0, 155.0, 167.0, 173.0, 177.0, 178.0, 180.0, 182.0, 183.0, 183.0, 184.0, 184.0, 185.0, 186.0, 186.0, 186.0]	[-200.0, -200.0, -155.0, -72.0, 8.0, 55.0, 100.0, 139.0, 167.0, 185.0, 195.0, 202.0, 209.0, 222.0, 232.0, 235.0, 236.0, 241.0, 250.0, 266.0, 283.0, 286.0, 286.0]	[0, 0, 0, 0, 0, 0, 0, 0, 0, 0, 0, 0, 0, 0, 0, 0, 0, 0, 0, 0, 0, 0, 1]	[0, 0, 0, 0, 0, 0, 0, 0, 0, 0, 0, 0, 0, 0, 0, 0, 0, 0, 0, 0, 0, 0, 0]	[0, 0, 0, 0, 0, 0, 0, 0, 0, 0, 0, 0, 0, 0, 0, 0, 0, 0, 0, 0, 0, 0, 0]	[0.00020610005594789982, 0.009588700020685792, 0.026500700041651726, 0.043156999978236854, 0.05991630000062287, 0.07910339999943972, 0.09297340002376586, 0.10995870002079755, 0.1261237000580877, 0.1426612000213936, 0.15943140001036227, 0.1761001000413671, 0.19276190001983196, 0.20948890002910048, 0.22602080006618053, 0.24292360001709312, 0.2598331000190228, 0.2765127000166103, 0.29308930004481226, 0.3095176999922842, 0.3260638000210747, 0.3425440000137314, 0.3597881000023335]	186.0	286.0	0.6	19b
603	15	go_only	0	18	3	go	click	[37.0, 37.0, 44.0, 66.0, 92.0, 135.0, 157.0, 169.0, 175.0, 179.0, 183.0, 185.0, 188.0, 190.0, 193.0, 198.0, 203.0, 208.0, 212.0, 213.0, 213.0]	[-280.0, -280.0, -264.0, -209.0, -127.0, 43.0, 124.0, 163.0, 186.0, 203.0, 214.0, 221.0, 228.0, 237.0, 254.0, 271.0, 285.0, 296.0, 308.0, 312.0, 313.0]	[0, 0, 0, 0, 0, 0, 0, 0, 0, 0, 0, 0, 0, 0, 0, 0, 0, 0, 0, 0, 1]	[0, 0, 0, 0, 0, 0, 0, 0, 0, 0, 0, 0, 0, 0, 0, 0, 0, 0, 0, 0, 0]	[0, 0, 0, 0, 0, 0, 0, 0, 0, 0, 0, 0, 0, 0, 0, 0, 0, 0, 0, 0, 0]	[0.00019059993792325258, 0.011184199946001172, 0.027603299939073622, 0.04433249996509403, 0.061082699918188155, 0.0779507999541238, 0.09437239996623248, 0.11177369998767972, 0.1280892000067979, 0.14457439992111176, 0.16108429990708828, 0.17783760000020266, 0.1943674999056384, 0.2109925999538973, 0.22751909994985908, 0.24433869996573776, 0.26109359995462, 0.2776446999050677, 0.2944336999207735, 0.31066409999039024, 0.328207999933511]	214.0	313.0	0.8	19b
604	15	go_only	0	18	7	go	click	[30.0, 30.0, 40.0, 68.0, 96.0, 124.0, 144.0, 149.0, 153.0, 154.0, 155.0, 156.0, 158.0, 160.0, 161.0, 161.0, 161.0, 161.0, 162.0, 162.0, 163.0, 172.0, 178.0, 185.0]	[-239.0, -239.0, -191.0, -89.0, 5.0, 99.0, 201.0, 232.0, 247.0, 251.0, 253.0, 255.0, 258.0, 262.0, 263.0, 263.0, 263.0, 263.0, 263.0, 263.0, 266.0, 271.0, 276.0, 278.0]	[0, 0, 0, 0, 0, 0, 0, 0, 0, 0, 0, 0, 0, 0, 0, 0, 0, 0, 0, 0, 0, 0, 0, 1]	[0, 0, 0, 0, 0, 0, 0, 0, 0, 0, 0, 0, 0, 0, 0, 0, 0, 0, 0, 0, 0, 0, 0, 0]	[0, 0, 0, 0, 0, 0, 0, 0, 0, 0, 0, 0, 0, 0, 0, 0, 0, 0, 0, 0, 0, 0, 0, 0]	[0.00021059997379779816, 0.011318999924696982, 0.02796380000654608, 0.04482309997547418, 0.06129649991635233, 0.07819679996464401, 0.09497700002975762, 0.11173879995476454, 0.128144699963741, 0.1446904999902472, 0.1613550999900326, 0.17798389995004982, 0.19477820000611246, 0.21117529994808137, 0.22785219992510974, 0.24537669995334, 0.2613029999192804, 0.2780110000167042, 0.2944549999665469, 0.31133920000866055, 0.3278887999476865, 0.34449249994941056, 0.36128349998034537, 0.37795799993909895]	186.0	279.0	0.6	19b
605	15	go_only	0	18	8	go	click	[24.0, 24.0, 34.0, 57.0, 80.0, 108.0, 119.0, 130.0, 138.0, 143.0, 149.0, 152.0, 155.0, 157.0, 159.0, 159.0, 160.0, 161.0, 164.0, 166.0, 169.0, 170.0]	[-181.0, -181.0, -129.0, -32.0, 38.0, 116.0, 148.0, 174.0, 195.0, 211.0, 222.0, 234.0, 243.0, 252.0, 262.0, 262.0, 264.0, 266.0, 273.0, 281.0, 287.0, 289.0]	[0, 0, 0, 0, 0, 0, 0, 0, 0, 0, 0, 0, 0, 0, 0, 0, 0, 0, 0, 0, 0, 1]	[0, 0, 0, 0, 0, 0, 0, 0, 0, 0, 0, 0, 0, 0, 0, 0, 0, 0, 0, 0, 0, 0]	[0, 0, 0, 0, 0, 0, 0, 0, 0, 0, 0, 0, 0, 0, 0, 0, 0, 0, 0, 0, 0, 0]	[0.00021410000044852495, 0.01139220001641661, 0.027921300032176077, 0.04468539997469634, 0.061673999996855855, 0.07814230001531541, 0.09494400001130998, 0.11171870003454387, 0.12840739998500794, 0.1446037000278011, 0.16106830001808703, 0.17794830002821982, 0.19449090003035963, 0.2112920000217855, 0.227759400033392, 0.24460630002431571, 0.2614109000423923, 0.27829689998179674, 0.2944611000129953, 0.31124970002565533, 0.32791210000868887, 0.34473050001543015]	170.0	289.0	0.9	19b
606	15	go_only	0	18	8	go	click	[99.0, 99.0, 137.0, 163.0, 184.0, 199.0, 213.0, 225.0, 234.0, 241.0, 245.0, 249.0, 250.0, 251.0, 251.0, 251.0, 251.0, 251.0, 251.0, 249.0, 247.0, 244.0, 238.0, 230.0, 222.0, 216.0, 213.0]	[-182.0, -182.0, -67.0, 34.0, 93.0, 139.0, 178.0, 211.0, 236.0, 253.0, 265.0, 272.0, 276.0, 278.0, 279.0, 279.0, 280.0, 289.0, 304.0, 315.0, 317.0, 318.0, 318.0, 314.0, 312.0, 310.0, 308.0]	[0, 0, 0, 0, 0, 0, 0, 0, 0, 0, 0, 0, 0, 0, 0, 0, 0, 0, 0, 0, 0, 0, 0, 0, 0, 0, 1]	[0, 0, 0, 0, 0, 0, 0, 0, 0, 0, 0, 0, 0, 0, 0, 0, 0, 0, 0, 0, 0, 0, 0, 0, 0, 0, 0]	[0, 0, 0, 0, 0, 0, 0, 0, 0, 0, 0, 0, 0, 0, 0, 0, 0, 0, 0, 0, 0, 0, 0, 0, 0, 0, 0]	[0.00019970000721514225, 0.010779600008390844, 0.027804199955426157, 0.044563099974766374, 0.06083490001037717, 0.07760930003132671, 0.09399810002651066, 0.11071739997714758, 0.12723039998672903, 0.14377249998506159, 0.16047680005431175, 0.1772744000190869, 0.19393179996404797, 0.21054310002364218, 0.22711790003813803, 0.24388610001187772, 0.26069360005203635, 0.27735959994606674, 0.29384449997451156, 0.3104169999714941, 0.3273703999584541, 0.34383809997234493, 0.3606365999439731, 0.3772082000505179, 0.3940532000269741, 0.4107387999538332, 0.42719199997372925]	213.0	308.0	0.5	19b
