trial_index	block_number	block_type	is_practice	trials_count	digit	trial_type	correct_response	mouse_resp.x	mouse_resp.y	mouse_resp.leftButton	mouse_resp.midButton	mouse_resp.rightButton	mouse_resp.time	click_pos_x	click_pos_y	iti_duration	participant
1	1	go_only	1	18	3	go	click	[55.0, 80.0, 108.0, 163.0, 213.0, 241.0, 249.0, 250.0, 250.0, 250.0, 250.0, 249.0, 248.0, 248.0, 248.0, 248.0, 248.0, 248.0, 248.0, 248.0, 246.0, 245.0, 245.0, 245.0, 245.0, 244.0, 243.0, 243.0, 243.0, 242.0, 242.0, 242.0, 242.0, 242.0, 242.0, 242.0, 242.0, 242.0, 242.0, 242.0, 242.0]	[-201.0, -147.0, -88.0, 19.0, 114.0, 212.0, 267.0, 281.0, 284.0, 286.0, 289.0, 298.0, 309.0, 311.0, 311.0, 311.0, 311.0, 311.0, 311.0, 311.0, 311.0, 311.0, 310.0, 310.0, 310.0, 309.0, 308.0, 308.0, 308.0, 308.0, 308.0, 308.0, 308.0, 308.0, 308.0, 308.0, 308.0, 308.0, 308.0, 308.0, 308.0]	[0, 0, 0, 0, 0, 0, 0, 0, 0, 0, 0, 0, 0, 0, 0, 0, 0, 0, 0, 0, 0, 0, 0, 0, 0, 0, 0, 0, 0, 0, 0, 0, 0, 0, 0, 0, 0, 0, 0, 0, 1]	[0, 0, 0, 0, 0, 0, 0, 0, 0, 0, 0, 0, 0, 0, 0, 0, 0, 0, 0, 0, 0, 0, 0, 0, 0, 0, 0, 0, 0, 0, 0, 0, 0, 0, 0, 0, 0, 0, 0, 0, 0]	[0, 0, 0, 0, 0, 0, 0, 0, 0, 0, 0, 0, 0, 0, 0, 0, 0, 0, 0, 0, 0, 0, 0, 0, 0, 0, 0, 0, 0, 0, 0, 0, 0, 0, 0, 0, 0, 0, 0, 0, 0]	[0.00019609999435488135, 0.008685399996466003, 0.025511400002869777, 0.04238210000039544, 0.05888579999736976, 0.07565369999792892, 0.09233349999703933, 0.1089771999977529, 0.12590430000273045, 0.14245909999590367, 0.1591855000006035, 0.1765220999950543, 0.19366740000259597, 0.20867459999863058, 0.22575189999770373, 0.2422290999966208, 0.25892100000055507, 0.2756145000021206, 0.29240770000615157, 0.3087914999923669, 0.32566010000300594, 0.3423144999978831, 0.35887739999452606, 0.37554629999795, 0.3924466000025859, 0.4091634999931557, 0.42544799999450333, 0.4420501999993576, 0.45910300000105053, 0.4753786999935983, 0.49214699999720324, 0.5086799999990035, 0.525474199996097, 0.5420911999972304, 0.5586520999931963, 0.5756150999950478, 0.5921976999961771, 0.6087839999963762, 0.6258973999938462, 0.6423498999938602, 0.6588388999953168]	242.0	308.0	1.0	9b
2	1	go_only	1	18	6	go	click	[33.0, 33.0, 41.0, 67.0, 105.0, 140.0, 165.0, 185.0, 193.0, 196.0, 199.0, 200.0, 202.0, 205.0, 206.0, 207.0, 207.0, 207.0, 207.0, 207.0, 207.0, 207.0, 207.0, 207.0, 207.0, 207.0, 207.0, 207.0, 207.0, 207.0, 207.0, 207.0, 207.0, 207.0, 207.0]	[-229.0, -229.0, -178.0, -73.0, 35.0, 145.0, 212.0, 269.0, 288.0, 299.0, 304.0, 307.0, 313.0, 319.0, 327.0, 328.0, 328.0, 328.0, 328.0, 328.0, 328.0, 329.0, 329.0, 329.0, 329.0, 329.0, 329.0, 329.0, 329.0, 329.0, 329.0, 329.0, 329.0, 329.0, 329.0]	[0, 0, 0, 0, 0, 0, 0, 0, 0, 0, 0, 0, 0, 0, 0, 0, 0, 0, 0, 0, 0, 0, 0, 0, 0, 0, 0, 0, 0, 0, 0, 0, 0, 0, 1]	[0, 0, 0, 0, 0, 0, 0, 0, 0, 0, 0, 0, 0, 0, 0, 0, 0, 0, 0, 0, 0, 0, 0, 0, 0, 0, 0, 0, 0, 0, 0, 0, 0, 0, 0]	[0, 0, 0, 0, 0, 0, 0, 0, 0, 0, 0, 0, 0, 0, 0, 0, 0, 0, 0, 0, 0, 0, 0, 0, 0, 0, 0, 0, 0, 0, 0, 0, 0, 0, 0]	[0.0001863000070443377, 0.009992999999667518, 0.0267015999997966, 0.04374839999945834, 0.06014840000716504, 0.0767857000028016, 0.09347740000521298, 0.1101253000088036, 0.12705780001124367, 0.14337270001124125, 0.16002080000180285, 0.17653799999970943, 0.1932134000089718, 0.20991920000233222, 0.22665770001185592, 0.2433434000122361, 0.2599112000025343, 0.2764688000024762, 0.29339160000381526, 0.30982439999934286, 0.3266499000019394, 0.3430875000049127, 0.3599372000026051, 0.3764056000072742, 0.39306370000122115, 0.409727300007944, 0.4264086000039242, 0.44330990000162274, 0.46006550001038704, 0.47667030000593513, 0.49327640001138207, 0.5098911000095541, 0.5264849000086542, 0.5432052000105614, 0.5600454000086756]	207.0	329.0	0.6	9b
3	1	go_only	1	18	7	go	click	[33.0, 41.0, 57.0, 98.0, 142.0, 173.0, 188.0, 198.0, 206.0, 208.0, 208.0, 208.0, 208.0, 208.0, 208.0, 208.0, 208.0, 208.0, 208.0, 209.0, 209.0, 209.0, 209.0, 209.0, 209.0, 209.0, 209.0, 208.0, 208.0, 207.0, 206.0, 206.0, 205.0, 204.0, 204.0, 202.0, 201.0, 200.0, 200.0, 200.0, 200.0]	[-253.0, -202.0, -145.0, 1.0, 147.0, 272.0, 344.0, 383.0, 406.0, 412.0, 413.0, 413.0, 413.0, 413.0, 413.0, 413.0, 413.0, 413.0, 413.0, 413.0, 410.0, 405.0, 400.0, 396.0, 392.0, 387.0, 382.0, 378.0, 373.0, 369.0, 366.0, 362.0, 357.0, 351.0, 343.0, 328.0, 324.0, 322.0, 322.0, 322.0, 322.0]	[0, 0, 0, 0, 0, 0, 0, 0, 0, 0, 0, 0, 0, 0, 0, 0, 0, 0, 0, 0, 0, 0, 0, 0, 0, 0, 0, 0, 0, 0, 0, 0, 0, 0, 0, 0, 0, 0, 0, 0, 1]	[0, 0, 0, 0, 0, 0, 0, 0, 0, 0, 0, 0, 0, 0, 0, 0, 0, 0, 0, 0, 0, 0, 0, 0, 0, 0, 0, 0, 0, 0, 0, 0, 0, 0, 0, 0, 0, 0, 0, 0, 0]	[0, 0, 0, 0, 0, 0, 0, 0, 0, 0, 0, 0, 0, 0, 0, 0, 0, 0, 0, 0, 0, 0, 0, 0, 0, 0, 0, 0, 0, 0, 0, 0, 0, 0, 0, 0, 0, 0, 0, 0, 0]	[8.189999789465219e-05, 0.009126399992965162, 0.026635999995050952, 0.04268410000076983, 0.059561100002611056, 0.07605039999180008, 0.09259040000324603, 0.10911180000402965, 0.1258559999987483, 0.14265739999245852, 0.15899709999212064, 0.1755403999995906, 0.19236679999448825, 0.20897559999139048, 0.2255654000036884, 0.24224669999966864, 0.25893519999226555, 0.27561949999653734, 0.292606999995769, 0.30921150000358466, 0.32599389999813866, 0.34250949999841396, 0.3590556999988621, 0.37577289999171626, 0.3923915999912424, 0.409181199996965, 0.4258947999915108, 0.4424438999994891, 0.4591048000002047, 0.4757662999909371, 0.49264430000039283, 0.5092078000016045, 0.5258429999958025, 0.5424067999992985, 0.5590144000016153, 0.5757597999909194, 0.5923865999939153, 0.6088539999909699, 0.6254206000012346, 0.642105699997046, 0.6592848000000231]	200.0	322.0	0.5	9b
4	1	go_only	1	18	4	go	click	[45.0, 45.0, 52.0, 72.0, 91.0, 107.0, 129.0, 140.0, 146.0, 150.0, 154.0, 156.0, 158.0, 158.0, 158.0, 158.0, 159.0, 159.0, 159.0, 159.0, 159.0, 159.0, 159.0, 159.0, 159.0, 159.0, 159.0, 159.0, 159.0, 159.0, 159.0, 159.0, 159.0, 159.0, 159.0, 159.0, 159.0]	[-215.0, -215.0, -172.0, -80.0, 4.0, 80.0, 176.0, 211.0, 232.0, 245.0, 255.0, 262.0, 266.0, 268.0, 268.0, 269.0, 269.0, 269.0, 269.0, 269.0, 269.0, 269.0, 269.0, 269.0, 269.0, 269.0, 269.0, 269.0, 269.0, 269.0, 269.0, 269.0, 269.0, 269.0, 269.0, 269.0, 269.0]	[0, 0, 0, 0, 0, 0, 0, 0, 0, 0, 0, 0, 0, 0, 0, 0, 0, 0, 0, 0, 0, 0, 0, 0, 0, 0, 0, 0, 0, 0, 0, 0, 0, 0, 0, 0, 1]	[0, 0, 0, 0, 0, 0, 0, 0, 0, 0, 0, 0, 0, 0, 0, 0, 0, 0, 0, 0, 0, 0, 0, 0, 0, 0, 0, 0, 0, 0, 0, 0, 0, 0, 0, 0, 0]	[0, 0, 0, 0, 0, 0, 0, 0, 0, 0, 0, 0, 0, 0, 0, 0, 0, 0, 0, 0, 0, 0, 0, 0, 0, 0, 0, 0, 0, 0, 0, 0, 0, 0, 0, 0, 0]	[0.00019669999892357737, 0.009777800005394965, 0.02641109999967739, 0.04291879999800585, 0.05968140000186395, 0.07645410000986885, 0.09336379999876954, 0.10995130000810605, 0.12621410000429023, 0.14314470000681467, 0.15975920000346377, 0.17643970000790432, 0.19323489999806043, 0.20973339999909513, 0.2266206000058446, 0.24320710000756662, 0.25961950000782963, 0.27620420001039747, 0.29283269999723416, 0.3095330000069225, 0.3265486000018427, 0.3430151000065962, 0.3598838000034448, 0.3761043999984395, 0.39283460000297055, 0.40941200000816025, 0.4263051000016276, 0.44276669999817386, 0.4594677999994019, 0.47634340000513475, 0.49272380000911653, 0.5096103000105359, 0.5262230000080308, 0.5429965000075754, 0.5595425000065006, 0.5761896000039997, 0.5930625000037253]	159.0	269.0	0.7	9b
5	1	go_only	1	18	8	go	click	[3.0, 3.0, 7.0, 11.0, 12.0, 12.0, 12.0, 13.0, 19.0, 29.0, 39.0, 52.0, 74.0, 101.0, 141.0, 159.0, 169.0, 175.0, 179.0, 180.0, 183.0, 185.0, 187.0, 191.0, 199.0, 208.0, 209.0, 209.0, 209.0, 209.0, 209.0, 209.0, 209.0, 209.0]	[-287.0, -287.0, -280.0, -269.0, -268.0, -268.0, -268.0, -265.0, -248.0, -221.0, -190.0, -151.0, -100.0, -28.0, 107.0, 161.0, 192.0, 210.0, 220.0, 225.0, 230.0, 237.0, 244.0, 255.0, 278.0, 307.0, 315.0, 317.0, 317.0, 317.0, 317.0, 317.0, 317.0, 317.0]	[0, 0, 0, 0, 0, 0, 0, 0, 0, 0, 0, 0, 0, 0, 0, 0, 0, 0, 0, 0, 0, 0, 0, 0, 0, 0, 0, 0, 0, 0, 0, 0, 0, 1]	[0, 0, 0, 0, 0, 0, 0, 0, 0, 0, 0, 0, 0, 0, 0, 0, 0, 0, 0, 0, 0, 0, 0, 0, 0, 0, 0, 0, 0, 0, 0, 0, 0, 0]	[0, 0, 0, 0, 0, 0, 0, 0, 0, 0, 0, 0, 0, 0, 0, 0, 0, 0, 0, 0, 0, 0, 0, 0, 0, 0, 0, 0, 0, 0, 0, 0, 0, 0]	[0.00019299999985378236, 0.010586200005491264, 0.026994700005161576, 0.0439431999984663, 0.06027929999982007, 0.07707660000596661, 0.09373870000126772, 0.1105777000047965, 0.12712580000516027, 0.14383460000681225, 0.1604287999944063, 0.17695910000475124, 0.19376009999541566, 0.21093040000414476, 0.22734199999831617, 0.244249099996523, 0.260622500005411, 0.2771375000011176, 0.29392080000252463, 0.31044719999772497, 0.32701900000392925, 0.34368600000743754, 0.3602437999943504, 0.37703200000396464, 0.3936214999994263, 0.4103176000062376, 0.42718369999784045, 0.443525700000464, 0.460144600001513, 0.47695050000038464, 0.4936024000053294, 0.5103324999945471, 0.5268034000037005, 0.5438929999945685]	209.0	317.0	0.9	9b
6	1	go_only	1	18	7	go	click	[72.0, 72.0, 88.0, 124.0, 158.0, 184.0, 197.0, 203.0, 206.0, 208.0, 212.0, 219.0, 228.0, 234.0, 236.0, 236.0, 236.0, 236.0, 236.0, 236.0, 236.0, 235.0, 234.0, 230.0, 223.0, 215.0, 210.0, 206.0, 206.0, 206.0, 206.0]	[-166.0, -166.0, -113.0, -17.0, 60.0, 121.0, 157.0, 170.0, 180.0, 186.0, 195.0, 215.0, 238.0, 253.0, 257.0, 259.0, 259.0, 259.0, 259.0, 259.0, 263.0, 267.0, 269.0, 273.0, 279.0, 284.0, 288.0, 289.0, 290.0, 290.0, 290.0]	[0, 0, 0, 0, 0, 0, 0, 0, 0, 0, 0, 0, 0, 0, 0, 0, 0, 0, 0, 0, 0, 0, 0, 0, 0, 0, 0, 0, 0, 0, 1]	[0, 0, 0, 0, 0, 0, 0, 0, 0, 0, 0, 0, 0, 0, 0, 0, 0, 0, 0, 0, 0, 0, 0, 0, 0, 0, 0, 0, 0, 0, 0]	[0, 0, 0, 0, 0, 0, 0, 0, 0, 0, 0, 0, 0, 0, 0, 0, 0, 0, 0, 0, 0, 0, 0, 0, 0, 0, 0, 0, 0, 0, 0]	[0.00026059999072458595, 0.009789499992621131, 0.026623199999448843, 0.043087199999717996, 0.059647099988069385, 0.07620070000120904, 0.09291999999550171, 0.10957179999968503, 0.1263189000019338, 0.14282259999890812, 0.15966979999211617, 0.17644469998776913, 0.19301989999075886, 0.20959659999061842, 0.22624859999632463, 0.2427822999889031, 0.25933979998808354, 0.27603379999345634, 0.2929295999929309, 0.3095403999905102, 0.32634309999411926, 0.342843599995831, 0.3595212999935029, 0.3761722999915946, 0.3928886999929091, 0.4095876999926986, 0.4264266999962274, 0.4431205000000773, 0.45953899998858105, 0.47613429999910295, 0.49327869999979157]	206.0	290.0	0.9	9b
7	1	go_only	1	18	6	go	click	[18.0, 18.0, 23.0, 35.0, 59.0, 90.0, 106.0, 118.0, 126.0, 133.0, 141.0, 148.0, 152.0, 153.0, 153.0, 153.0, 154.0, 154.0, 155.0, 155.0, 158.0, 162.0, 166.0, 169.0, 170.0, 172.0, 172.0, 174.0, 174.0, 174.0, 174.0, 174.0, 174.0, 174.0]	[-250.0, -250.0, -203.0, -118.0, -13.0, 112.0, 165.0, 204.0, 235.0, 256.0, 277.0, 297.0, 308.0, 312.0, 312.0, 312.0, 312.0, 312.0, 312.0, 310.0, 307.0, 302.0, 299.0, 297.0, 296.0, 296.0, 295.0, 294.0, 294.0, 294.0, 294.0, 294.0, 294.0, 294.0]	[0, 0, 0, 0, 0, 0, 0, 0, 0, 0, 0, 0, 0, 0, 0, 0, 0, 0, 0, 0, 0, 0, 0, 0, 0, 0, 0, 0, 0, 0, 0, 0, 0, 1]	[0, 0, 0, 0, 0, 0, 0, 0, 0, 0, 0, 0, 0, 0, 0, 0, 0, 0, 0, 0, 0, 0, 0, 0, 0, 0, 0, 0, 0, 0, 0, 0, 0, 0]	[0, 0, 0, 0, 0, 0, 0, 0, 0, 0, 0, 0, 0, 0, 0, 0, 0, 0, 0, 0, 0, 0, 0, 0, 0, 0, 0, 0, 0, 0, 0, 0, 0, 0]	[0.00018620000628288835, 0.011369600004400127, 0.027497500006575137, 0.04396640000049956, 0.06094429999939166, 0.07809439999982715, 0.09426569999777712, 0.11101250001229346, 0.12743829999817535, 0.14410220000718255, 0.1609554000024218, 0.17765530000906438, 0.19417170000087935, 0.21064830000977963, 0.22721870000532363, 0.2441367999999784, 0.26074830000288785, 0.2774231000075815, 0.29411180000170134, 0.31073830000241287, 0.32744190000812523, 0.3442988000024343, 0.36081120000744704, 0.37752809999801684, 0.39427090001117904, 0.41087040001002606, 0.4273466000013286, 0.4438483000121778, 0.4604531000077259, 0.4772640000010142, 0.4939501000044402, 0.5108981000084896, 0.5273613000026671, 0.5442593000043416]	174.0	294.0	0.5	9b
8	1	go_only	1	18	4	go	click	[64.0, 64.0, 95.0, 123.0, 159.0, 189.0, 206.0, 215.0, 221.0, 224.0, 226.0, 231.0, 234.0, 236.0, 236.0, 236.0, 236.0, 236.0, 236.0, 236.0, 236.0, 236.0, 236.0, 236.0, 236.0, 236.0, 236.0, 236.0, 236.0, 236.0, 236.0, 236.0]	[-264.0, -264.0, -143.0, -11.0, 107.0, 206.0, 258.0, 289.0, 306.0, 312.0, 315.0, 326.0, 336.0, 340.0, 342.0, 342.0, 342.0, 342.0, 342.0, 342.0, 342.0, 342.0, 342.0, 342.0, 342.0, 342.0, 342.0, 342.0, 342.0, 342.0, 342.0, 342.0]	[0, 0, 0, 0, 0, 0, 0, 0, 0, 0, 0, 0, 0, 0, 0, 0, 0, 0, 0, 0, 0, 0, 0, 0, 0, 0, 0, 0, 0, 0, 0, 1]	[0, 0, 0, 0, 0, 0, 0, 0, 0, 0, 0, 0, 0, 0, 0, 0, 0, 0, 0, 0, 0, 0, 0, 0, 0, 0, 0, 0, 0, 0, 0, 0]	[0, 0, 0, 0, 0, 0, 0, 0, 0, 0, 0, 0, 0, 0, 0, 0, 0, 0, 0, 0, 0, 0, 0, 0, 0, 0, 0, 0, 0, 0, 0, 0]	[7.09999876562506e-05, 0.010975999990478158, 0.027238099995884113, 0.04355619999114424, 0.06120830000145361, 0.0770417999883648, 0.09351519998745061, 0.11037479998776689, 0.1271814999927301, 0.1436523999873316, 0.16038380000100005, 0.1772072999883676, 0.19452710000041407, 0.2104098999989219, 0.22698199999285862, 0.24373009998816997, 0.26031119999242947, 0.2768902999960119, 0.2937214999983553, 0.3103798999945866, 0.32724230000167154, 0.3438500999909593, 0.36034980000113137, 0.37679799999750685, 0.3940078000014182, 0.4102717999921879, 0.4270974999963073, 0.44363149999117013, 0.46031009999569505, 0.4768183999985922, 0.49361629999475554, 0.5103656999999657]	236.0	342.0	0.9	9b
9	1	go_only	1	18	4	go	click	[78.0, 78.0, 94.0, 132.0, 195.0, 215.0, 225.0, 231.0, 234.0, 235.0, 236.0, 236.0, 236.0, 236.0, 236.0, 236.0, 236.0, 236.0, 236.0, 236.0, 236.0, 236.0, 236.0, 236.0, 236.0, 236.0, 236.0, 236.0, 236.0]	[-143.0, -143.0, -90.0, 29.0, 198.0, 264.0, 299.0, 320.0, 330.0, 331.0, 334.0, 336.0, 336.0, 336.0, 336.0, 336.0, 336.0, 337.0, 340.0, 342.0, 342.0, 342.0, 342.0, 342.0, 342.0, 342.0, 342.0, 342.0, 342.0]	[0, 0, 0, 0, 0, 0, 0, 0, 0, 0, 0, 0, 0, 0, 0, 0, 0, 0, 0, 0, 0, 0, 0, 0, 0, 0, 0, 0, 1]	[0, 0, 0, 0, 0, 0, 0, 0, 0, 0, 0, 0, 0, 0, 0, 0, 0, 0, 0, 0, 0, 0, 0, 0, 0, 0, 0, 0, 0]	[0, 0, 0, 0, 0, 0, 0, 0, 0, 0, 0, 0, 0, 0, 0, 0, 0, 0, 0, 0, 0, 0, 0, 0, 0, 0, 0, 0, 0]	[0.00021349999587982893, 0.012430799994035624, 0.02894180000294, 0.045866600004956126, 0.062445999996270984, 0.07910980000451673, 0.09604489999765065, 0.11266600000089966, 0.12921070000447799, 0.14582580000569578, 0.16262590000405908, 0.17905389999214094, 0.1961211000016192, 0.21238430000084918, 0.22893470000417437, 0.24566950000007637, 0.26271619999897666, 0.2791696999920532, 0.29611900000600144, 0.3123212000064086, 0.3290439999982482, 0.3457622999994783, 0.362327800001367, 0.3790889999945648, 0.3956347000057576, 0.4123898999969242, 0.4287958999921102, 0.4454792000033194, 0.46261620000586845]	236.0	342.0	0.7	9b
10	1	go_only	1	18	6	go	click	[14.0, 14.0, 45.0, 73.0, 102.0, 131.0, 153.0, 170.0, 184.0, 191.0, 202.0, 207.0, 214.0, 218.0, 219.0, 220.0, 220.0, 220.0, 220.0, 220.0, 220.0, 220.0, 220.0, 220.0, 220.0, 220.0, 220.0, 220.0, 220.0, 220.0, 220.0, 220.0, 219.0, 218.0, 218.0, 218.0, 218.0, 218.0, 218.0, 218.0, 218.0]	[-269.0, -269.0, -171.0, -80.0, 3.0, 82.0, 145.0, 196.0, 229.0, 254.0, 284.0, 299.0, 322.0, 339.0, 346.0, 346.0, 346.0, 346.0, 346.0, 346.0, 346.0, 346.0, 346.0, 346.0, 346.0, 346.0, 346.0, 346.0, 346.0, 343.0, 337.0, 332.0, 326.0, 324.0, 322.0, 319.0, 319.0, 319.0, 319.0, 319.0, 319.0]	[0, 0, 0, 0, 0, 0, 0, 0, 0, 0, 0, 0, 0, 0, 0, 0, 0, 0, 0, 0, 0, 0, 0, 0, 0, 0, 0, 0, 0, 0, 0, 0, 0, 0, 0, 0, 0, 0, 0, 0, 1]	[0, 0, 0, 0, 0, 0, 0, 0, 0, 0, 0, 0, 0, 0, 0, 0, 0, 0, 0, 0, 0, 0, 0, 0, 0, 0, 0, 0, 0, 0, 0, 0, 0, 0, 0, 0, 0, 0, 0, 0, 0]	[0, 0, 0, 0, 0, 0, 0, 0, 0, 0, 0, 0, 0, 0, 0, 0, 0, 0, 0, 0, 0, 0, 0, 0, 0, 0, 0, 0, 0, 0, 0, 0, 0, 0, 0, 0, 0, 0, 0, 0, 0]	[7.819999882485718e-05, 0.012089299998478964, 0.02845139999408275, 0.04527209998923354, 0.06195379998825956, 0.07862039998872206, 0.09521919999679085, 0.11183229999733157, 0.12854609999340028, 0.14513309999892954, 0.16181829999550246, 0.1784818999876734, 0.1953259000001708, 0.21183729999756906, 0.22853659999964293, 0.2449142999976175, 0.26151679999020416, 0.27811809998820536, 0.29484999999112915, 0.31166889998712577, 0.32845639999140985, 0.3450822999875527, 0.3616946999973152, 0.3782379999902332, 0.3949137999879895, 0.41146269999444485, 0.4284527999989223, 0.4451321999949869, 0.461918599990895, 0.4784273999975994, 0.49506459999247454, 0.5120898999884957, 0.5285045999917202, 0.5450807999877725, 0.5618656000006013, 0.5783224999904633, 0.5948927999997977, 0.6116974999895319, 0.628169199990225, 0.6449572999990778, 0.6622516999923391]	218.0	319.0	0.8	9b
11	1	go_only	1	18	8	go	click	[-3.0, -3.0, 8.0, 29.0, 54.0, 77.0, 86.0, 94.0, 100.0, 111.0, 119.0, 125.0, 131.0, 134.0, 137.0, 137.0, 137.0, 137.0, 139.0, 145.0, 155.0, 157.0, 162.0, 163.0, 167.0, 171.0, 175.0, 179.0, 180.0, 180.0, 180.0, 180.0, 181.0, 181.0, 181.0, 181.0]	[-296.0, -296.0, -229.0, -156.0, -81.0, -14.0, 18.0, 40.0, 63.0, 96.0, 119.0, 141.0, 160.0, 171.0, 176.0, 177.0, 177.0, 178.0, 183.0, 197.0, 223.0, 228.0, 240.0, 244.0, 250.0, 260.0, 270.0, 278.0, 281.0, 282.0, 283.0, 284.0, 284.0, 285.0, 285.0, 285.0]	[0, 0, 0, 0, 0, 0, 0, 0, 0, 0, 0, 0, 0, 0, 0, 0, 0, 0, 0, 0, 0, 0, 0, 0, 0, 0, 0, 0, 0, 0, 0, 0, 0, 0, 0, 1]	[0, 0, 0, 0, 0, 0, 0, 0, 0, 0, 0, 0, 0, 0, 0, 0, 0, 0, 0, 0, 0, 0, 0, 0, 0, 0, 0, 0, 0, 0, 0, 0, 0, 0, 0, 0]	[0, 0, 0, 0, 0, 0, 0, 0, 0, 0, 0, 0, 0, 0, 0, 0, 0, 0, 0, 0, 0, 0, 0, 0, 0, 0, 0, 0, 0, 0, 0, 0, 0, 0, 0, 0]	[9.809999028220773e-05, 0.012005899989162572, 0.0284341999940807, 0.045267299996339716, 0.06179619999602437, 0.07885279999754857, 0.0955312000005506, 0.1117182000016328, 0.12850799999432638, 0.14529580000089481, 0.16174539999337867, 0.17854049999732524, 0.1952716999949189, 0.2118556999921566, 0.22854389999702107, 0.24498489999677986, 0.2617589000001317, 0.2785944999923231, 0.29531539999879897, 0.3119482999900356, 0.3284226999967359, 0.345132399990689, 0.3621119000017643, 0.3784873999975389, 0.3952578999887919, 0.41180199998780154, 0.4283714999910444, 0.4450873999885516, 0.4617930999957025, 0.4785682999936398, 0.49503579999145586, 0.5122866999881808, 0.5287432999903103, 0.5452436999912607, 0.5616657999926247, 0.5782263000000967]	181.0	285.0	0.9	9b
12	1	go_only	1	18	2	go	click	[50.0, 50.0, 55.0, 67.0, 79.0, 99.0, 115.0, 126.0, 133.0, 137.0, 140.0, 144.0, 150.0, 154.0, 155.0, 155.0, 155.0, 155.0, 155.0, 157.0, 164.0, 170.0, 174.0, 178.0, 181.0, 184.0, 185.0, 186.0, 186.0, 186.0, 186.0, 187.0, 187.0, 187.0, 187.0, 187.0, 187.0, 187.0, 187.0, 187.0]	[-228.0, -228.0, -177.0, -91.0, -32.0, 38.0, 73.0, 103.0, 124.0, 133.0, 140.0, 147.0, 160.0, 168.0, 172.0, 172.0, 172.0, 172.0, 172.0, 179.0, 194.0, 214.0, 227.0, 238.0, 246.0, 254.0, 261.0, 265.0, 266.0, 266.0, 266.0, 266.0, 266.0, 266.0, 266.0, 266.0, 266.0, 266.0, 266.0, 266.0]	[0, 0, 0, 0, 0, 0, 0, 0, 0, 0, 0, 0, 0, 0, 0, 0, 0, 0, 0, 0, 0, 0, 0, 0, 0, 0, 0, 0, 0, 0, 0, 0, 0, 0, 0, 0, 0, 0, 0, 1]	[0, 0, 0, 0, 0, 0, 0, 0, 0, 0, 0, 0, 0, 0, 0, 0, 0, 0, 0, 0, 0, 0, 0, 0, 0, 0, 0, 0, 0, 0, 0, 0, 0, 0, 0, 0, 0, 0, 0, 0]	[0, 0, 0, 0, 0, 0, 0, 0, 0, 0, 0, 0, 0, 0, 0, 0, 0, 0, 0, 0, 0, 0, 0, 0, 0, 0, 0, 0, 0, 0, 0, 0, 0, 0, 0, 0, 0, 0, 0, 0]	[0.0002800000074785203, 0.010588400007691234, 0.027176800009328872, 0.04390910000074655, 0.06074170001375023, 0.07743480001226999, 0.09420820001105312, 0.11071920000540558, 0.12752310000360012, 0.14405190000252333, 0.16059740001219325, 0.1773016000079224, 0.19404290000966284, 0.21064800000749528, 0.22738240000035148, 0.24366330000339076, 0.26038720000360627, 0.277008900011424, 0.29404860000067856, 0.31052009999984875, 0.32727050001267344, 0.3439267000067048, 0.36052670000935905, 0.3771883000008529, 0.3938637000101153, 0.4105992000113474, 0.42722320000757463, 0.44386720001057256, 0.460399800009327, 0.4769589000061387, 0.49392450001323596, 0.5102535000041826, 0.5269303000095533, 0.5434731999994256, 0.5603300000075251, 0.5769079000019701, 0.5935811000090325, 0.6101894000021275, 0.6268935000116471, 0.6441519000072731]	187.0	266.0	1.0	9b
13	1	go_only	1	18	3	go	click	[17.0, 17.0, 43.0, 75.0, 110.0, 148.0, 173.0, 190.0, 199.0, 204.0, 207.0, 207.0, 207.0, 207.0, 207.0, 208.0, 208.0, 208.0, 208.0, 208.0, 208.0, 208.0, 208.0, 208.0, 208.0, 208.0, 208.0, 208.0, 208.0]	[-288.0, -288.0, -152.0, -8.0, 106.0, 195.0, 249.0, 283.0, 306.0, 318.0, 325.0, 326.0, 326.0, 327.0, 327.0, 327.0, 327.0, 327.0, 327.0, 327.0, 327.0, 327.0, 327.0, 327.0, 327.0, 327.0, 327.0, 327.0, 328.0]	[0, 0, 0, 0, 0, 0, 0, 0, 0, 0, 0, 0, 0, 0, 0, 0, 0, 0, 0, 0, 0, 0, 0, 0, 0, 0, 0, 0, 1]	[0, 0, 0, 0, 0, 0, 0, 0, 0, 0, 0, 0, 0, 0, 0, 0, 0, 0, 0, 0, 0, 0, 0, 0, 0, 0, 0, 0, 0]	[0, 0, 0, 0, 0, 0, 0, 0, 0, 0, 0, 0, 0, 0, 0, 0, 0, 0, 0, 0, 0, 0, 0, 0, 0, 0, 0, 0, 0]	[7.850000110920519e-05, 0.011400099989259616, 0.027866999997058883, 0.04475609998917207, 0.06189579999772832, 0.07815439999103546, 0.09485699998913333, 0.1115226999972947, 0.12817599999834783, 0.1449365000007674, 0.16130799999518786, 0.17795640000258572, 0.1948089999932563, 0.2111947999947006, 0.22821809999004472, 0.2446054999891203, 0.2611783999891486, 0.277953199998592, 0.29469280000193976, 0.3112072999938391, 0.328049399991869, 0.34482589999970514, 0.3616841999901226, 0.3779320000030566, 0.3948305999947479, 0.4113574999937555, 0.4281646000017645, 0.4454955999972299, 0.4617368999897735]	208.0	328.0	0.8	9b
14	1	go_only	1	18	3	go	click	[26.0, 26.0, 33.0, 63.0, 83.0, 97.0, 104.0, 109.0, 113.0, 118.0, 123.0, 129.0, 134.0, 135.0, 136.0, 136.0, 137.0, 138.0, 141.0, 141.0, 142.0, 143.0, 146.0, 148.0, 154.0, 158.0, 166.0, 169.0, 169.0, 169.0, 169.0]	[-221.0, -221.0, -177.0, -37.0, 54.0, 115.0, 155.0, 180.0, 193.0, 207.0, 218.0, 234.0, 244.0, 249.0, 250.0, 251.0, 254.0, 258.0, 262.0, 263.0, 265.0, 267.0, 270.0, 276.0, 283.0, 288.0, 296.0, 299.0, 300.0, 300.0, 300.0]	[0, 0, 0, 0, 0, 0, 0, 0, 0, 0, 0, 0, 0, 0, 0, 0, 0, 0, 0, 0, 0, 0, 0, 0, 0, 0, 0, 0, 0, 0, 1]	[0, 0, 0, 0, 0, 0, 0, 0, 0, 0, 0, 0, 0, 0, 0, 0, 0, 0, 0, 0, 0, 0, 0, 0, 0, 0, 0, 0, 0, 0, 0]	[0, 0, 0, 0, 0, 0, 0, 0, 0, 0, 0, 0, 0, 0, 0, 0, 0, 0, 0, 0, 0, 0, 0, 0, 0, 0, 0, 0, 0, 0, 0]	[0.0002789999998640269, 0.012178600009065121, 0.029136199998902157, 0.04591020000225399, 0.06241440000303555, 0.07896630000323057, 0.09565350000048056, 0.11228210000263061, 0.12893780000740662, 0.14556970000558067, 0.16223570000147447, 0.17878870001004543, 0.19555509999918286, 0.21219760000531096, 0.22890290000941604, 0.2460990999970818, 0.2623394999973243, 0.2790001000103075, 0.2956395000073826, 0.31213170000410173, 0.3288507999968715, 0.34541180000815075, 0.36246430000755936, 0.3788868999981787, 0.3953716000105487, 0.4122012000007089, 0.4286906000052113, 0.4453961000108393, 0.46196830000553746, 0.47888209999655373, 0.495702700005495]	169.0	300.0	0.5	9b
15	1	go_only	1	18	2	go	click	[70.0, 70.0, 104.0, 138.0, 169.0, 201.0, 222.0, 232.0, 237.0, 243.0, 247.0, 248.0, 248.0, 248.0, 248.0, 248.0, 249.0, 249.0, 249.0, 249.0, 249.0, 249.0, 248.0, 246.0, 245.0, 243.0, 241.0, 241.0, 241.0, 241.0, 241.0, 241.0, 241.0, 241.0, 241.0, 241.0]	[-269.0, -269.0, -188.0, -108.0, -35.0, 45.0, 108.0, 146.0, 173.0, 198.0, 212.0, 223.0, 233.0, 241.0, 251.0, 259.0, 270.0, 279.0, 286.0, 289.0, 291.0, 292.0, 294.0, 296.0, 298.0, 300.0, 300.0, 300.0, 301.0, 301.0, 301.0, 301.0, 301.0, 301.0, 301.0, 301.0]	[0, 0, 0, 0, 0, 0, 0, 0, 0, 0, 0, 0, 0, 0, 0, 0, 0, 0, 0, 0, 0, 0, 0, 0, 0, 0, 0, 0, 0, 0, 0, 0, 0, 0, 0, 1]	[0, 0, 0, 0, 0, 0, 0, 0, 0, 0, 0, 0, 0, 0, 0, 0, 0, 0, 0, 0, 0, 0, 0, 0, 0, 0, 0, 0, 0, 0, 0, 0, 0, 0, 0, 0]	[0, 0, 0, 0, 0, 0, 0, 0, 0, 0, 0, 0, 0, 0, 0, 0, 0, 0, 0, 0, 0, 0, 0, 0, 0, 0, 0, 0, 0, 0, 0, 0, 0, 0, 0, 0]	[9.210000280290842e-05, 0.01007489999756217, 0.026656599991838448, 0.04334619999281131, 0.06015710000065155, 0.07714939999277703, 0.09361599999829195, 0.11036609999428038, 0.1272495000011986, 0.14364749999367632, 0.16061869999975897, 0.1774717999942368, 0.19438780000200495, 0.21040119999088347, 0.22696990000258666, 0.2435974999971222, 0.26037849999556784, 0.2768610999919474, 0.29354879999300465, 0.31033690000185743, 0.3269765000004554, 0.3436488000006648, 0.3603845000034198, 0.37686989999201614, 0.3937783000001218, 0.4103344000031939, 0.42674549999355804, 0.4434322000015527, 0.4599757999967551, 0.4768742000014754, 0.49334169999929145, 0.5098853999952553, 0.5265149999904679, 0.5434902999986662, 0.5601154000032693, 0.5770494000025792]	241.0	301.0	1.0	9b
16	1	go_only	1	18	2	go	click	[22.0, 22.0, 36.0, 70.0, 102.0, 131.0, 137.0, 144.0, 148.0, 152.0, 156.0, 160.0, 163.0, 164.0, 164.0, 164.0, 164.0, 164.0, 164.0, 165.0, 165.0, 165.0, 165.0, 171.0, 176.0, 181.0, 183.0, 185.0, 187.0, 191.0, 195.0, 195.0, 195.0, 196.0, 196.0, 196.0, 196.0]	[-273.0, -273.0, -194.0, -60.0, 88.0, 250.0, 278.0, 327.0, 344.0, 355.0, 365.0, 378.0, 385.0, 388.0, 389.0, 389.0, 389.0, 389.0, 389.0, 389.0, 389.0, 389.0, 388.0, 380.0, 370.0, 363.0, 359.0, 354.0, 350.0, 343.0, 337.0, 334.0, 334.0, 334.0, 334.0, 334.0, 334.0]	[0, 0, 0, 0, 0, 0, 0, 0, 0, 0, 0, 0, 0, 0, 0, 0, 0, 0, 0, 0, 0, 0, 0, 0, 0, 0, 0, 0, 0, 0, 0, 0, 0, 0, 0, 0, 1]	[0, 0, 0, 0, 0, 0, 0, 0, 0, 0, 0, 0, 0, 0, 0, 0, 0, 0, 0, 0, 0, 0, 0, 0, 0, 0, 0, 0, 0, 0, 0, 0, 0, 0, 0, 0, 0]	[0, 0, 0, 0, 0, 0, 0, 0, 0, 0, 0, 0, 0, 0, 0, 0, 0, 0, 0, 0, 0, 0, 0, 0, 0, 0, 0, 0, 0, 0, 0, 0, 0, 0, 0, 0, 0]	[0.0001036000030580908, 0.013076000002911314, 0.029799700001603924, 0.04660090000834316, 0.06328270000813063, 0.07980520000273827, 0.09674239999731071, 0.11343150000902824, 0.12970150000182912, 0.14689060000819154, 0.1630929999955697, 0.1797835000033956, 0.19658350000099745, 0.21328550000907853, 0.22950960000162013, 0.24607269999978598, 0.2629129999986617, 0.2796489000029396, 0.29640020000806544, 0.31289729999843985, 0.3296375000063563, 0.3462498000008054, 0.36324099999910686, 0.37970879999920726, 0.3962383000034606, 0.4129313000012189, 0.4296396999998251, 0.44637109999894165, 0.46326659999613184, 0.4797953000088455, 0.49638450000202283, 0.512759899997036, 0.529632899997523, 0.5461230000073556, 0.5630248999950709, 0.5795089000021107, 0.596541699997033]	196.0	334.0	1.0	9b
17	1	go_only	1	18	7	go	click	[70.0, 70.0, 86.0, 121.0, 160.0, 185.0, 196.0, 205.0, 211.0, 217.0, 219.0, 221.0, 222.0, 223.0, 224.0, 224.0, 224.0, 224.0, 224.0, 224.0, 225.0, 225.0, 225.0, 225.0, 225.0, 225.0, 225.0]	[-246.0, -246.0, -193.0, -79.0, 44.0, 152.0, 190.0, 211.0, 221.0, 227.0, 230.0, 234.0, 240.0, 246.0, 246.0, 246.0, 246.0, 249.0, 257.0, 266.0, 274.0, 276.0, 277.0, 277.0, 277.0, 277.0, 277.0]	[0, 0, 0, 0, 0, 0, 0, 0, 0, 0, 0, 0, 0, 0, 0, 0, 0, 0, 0, 0, 0, 0, 0, 0, 0, 0, 1]	[0, 0, 0, 0, 0, 0, 0, 0, 0, 0, 0, 0, 0, 0, 0, 0, 0, 0, 0, 0, 0, 0, 0, 0, 0, 0, 0]	[0, 0, 0, 0, 0, 0, 0, 0, 0, 0, 0, 0, 0, 0, 0, 0, 0, 0, 0, 0, 0, 0, 0, 0, 0, 0, 0]	[0.00023570000485051423, 0.011639300006208941, 0.027957600002991967, 0.04475570000067819, 0.06147359999886248, 0.07813990001159254, 0.0947225999989314, 0.11155800000415184, 0.1282333999988623, 0.144776200002525, 0.16146800000569783, 0.17799090000335127, 0.19458229999872856, 0.21144090000598226, 0.228051800004323, 0.2446780000027502, 0.2616046000039205, 0.27793700000620447, 0.29505250000511296, 0.3121049000037601, 0.32802910001191776, 0.34471489999850746, 0.36118140000326093, 0.37791970001126174, 0.39435790000425186, 0.411152900007437, 0.42817420000210404]	225.0	277.0	0.5	9b
18	1	go_only	1	18	8	go	click	[53.0, 53.0, 62.0, 91.0, 98.0, 124.0, 134.0, 146.0, 151.0, 157.0, 162.0, 167.0, 171.0, 178.0, 185.0, 189.0, 190.0, 191.0, 192.0, 195.0, 199.0, 201.0, 201.0, 201.0, 201.0, 201.0]	[-207.0, -207.0, -171.0, -38.0, 1.0, 99.0, 137.0, 168.0, 185.0, 199.0, 211.0, 219.0, 227.0, 239.0, 251.0, 258.0, 260.0, 261.0, 262.0, 267.0, 274.0, 278.0, 281.0, 282.0, 282.0, 282.0]	[0, 0, 0, 0, 0, 0, 0, 0, 0, 0, 0, 0, 0, 0, 0, 0, 0, 0, 0, 0, 0, 0, 0, 0, 0, 1]	[0, 0, 0, 0, 0, 0, 0, 0, 0, 0, 0, 0, 0, 0, 0, 0, 0, 0, 0, 0, 0, 0, 0, 0, 0, 0]	[0, 0, 0, 0, 0, 0, 0, 0, 0, 0, 0, 0, 0, 0, 0, 0, 0, 0, 0, 0, 0, 0, 0, 0, 0, 0]	[0.00021260000357870013, 0.010030000004917383, 0.026912300003459677, 0.043033800000557676, 0.05962590000126511, 0.07687390000501182, 0.09318569999595638, 0.10976289999962319, 0.1263976000045659, 0.14307689999986906, 0.15963320000446402, 0.17641980000189506, 0.193257499995525, 0.20979029999580234, 0.2264601000060793, 0.24297150000347756, 0.2595564000075683, 0.2762749999965308, 0.29289710000739433, 0.30966820000321604, 0.32665289999567904, 0.3430177999980515, 0.35995149999507703, 0.37615050000022165, 0.39294649999646936, 0.40976140000566375]	201.0	282.0	0.5	9b
19	2	go_nogo_prac	1	18	6	go	click	[87.0, 87.0, 96.0, 115.0, 139.0, 170.0, 187.0, 203.0, 206.0, 209.0, 212.0, 213.0, 213.0, 215.0, 215.0, 215.0, 215.0, 216.0, 216.0, 218.0, 218.0, 218.0, 218.0, 218.0, 218.0, 218.0, 218.0, 218.0, 218.0]	[-203.0, -203.0, -163.0, -86.0, -4.0, 72.0, 111.0, 141.0, 149.0, 156.0, 161.0, 164.0, 168.0, 174.0, 179.0, 181.0, 182.0, 186.0, 195.0, 221.0, 239.0, 252.0, 259.0, 266.0, 271.0, 279.0, 285.0, 288.0, 289.0]	[0, 0, 0, 0, 0, 0, 0, 0, 0, 0, 0, 0, 0, 0, 0, 0, 0, 0, 0, 0, 0, 0, 0, 0, 0, 0, 0, 0, 1]	[0, 0, 0, 0, 0, 0, 0, 0, 0, 0, 0, 0, 0, 0, 0, 0, 0, 0, 0, 0, 0, 0, 0, 0, 0, 0, 0, 0, 0]	[0, 0, 0, 0, 0, 0, 0, 0, 0, 0, 0, 0, 0, 0, 0, 0, 0, 0, 0, 0, 0, 0, 0, 0, 0, 0, 0, 0, 0]	[0.00022899999748915434, 0.011464600000181235, 0.027999500001897104, 0.0449806999968132, 0.061466699989978224, 0.07805759999610018, 0.09482410000055097, 0.11132279998855665, 0.1284789999917848, 0.14488669999991544, 0.1617534999968484, 0.1781629999895813, 0.19494489999487996, 0.21121979999588802, 0.22805209999205545, 0.24489199998788536, 0.2613812999916263, 0.27784629999950994, 0.29502979999233503, 0.3116666999994777, 0.3286742999916896, 0.3448548000014853, 0.3612424999882933, 0.37803819999680854, 0.3948841999954311, 0.41123299999162555, 0.4278931000008015, 0.44477370000095107, 0.4613565999898128]	218.0	289.0	1.0	9b
20	2	go_nogo_prac	1	18	8	go	click	[0.0, 8.0, 21.0, 48.0, 77.0, 102.0, 119.0, 136.0, 152.0, 160.0, 169.0, 173.0, 179.0, 183.0, 185.0, 186.0, 186.0, 186.0, 186.0, 186.0, 186.0, 186.0, 186.0, 186.0, 186.0, 186.0, 186.0, 186.0, 186.0, 186.0, 186.0, 186.0, 186.0, 186.0, 186.0, 186.0, 186.0, 186.0, 186.0]	[-278.0, -246.0, -201.0, -114.0, -35.0, 36.0, 101.0, 162.0, 212.0, 247.0, 278.0, 294.0, 311.0, 334.0, 350.0, 355.0, 356.0, 356.0, 356.0, 356.0, 356.0, 356.0, 356.0, 356.0, 356.0, 356.0, 356.0, 356.0, 355.0, 350.0, 346.0, 345.0, 343.0, 340.0, 339.0, 339.0, 339.0, 339.0, 339.0]	[0, 0, 0, 0, 0, 0, 0, 0, 0, 0, 0, 0, 0, 0, 0, 0, 0, 0, 0, 0, 0, 0, 0, 0, 0, 0, 0, 0, 0, 0, 0, 0, 0, 0, 0, 0, 0, 0, 1]	[0, 0, 0, 0, 0, 0, 0, 0, 0, 0, 0, 0, 0, 0, 0, 0, 0, 0, 0, 0, 0, 0, 0, 0, 0, 0, 0, 0, 0, 0, 0, 0, 0, 0, 0, 0, 0, 0, 0]	[0, 0, 0, 0, 0, 0, 0, 0, 0, 0, 0, 0, 0, 0, 0, 0, 0, 0, 0, 0, 0, 0, 0, 0, 0, 0, 0, 0, 0, 0, 0, 0, 0, 0, 0, 0, 0, 0, 0]	[7.530000584665686e-05, 0.011295799995423295, 0.02750460000243038, 0.044255600005271845, 0.06095679999270942, 0.07749660000263248, 0.09421159999328665, 0.11083399999188259, 0.12764140000217594, 0.14445930000510998, 0.16121560000465252, 0.17749190000176895, 0.19436850000056438, 0.2108598000049824, 0.22753219999140128, 0.24421190000430215, 0.260550199993304, 0.27741579999565147, 0.29404219999560155, 0.3106590999959735, 0.32731900000362657, 0.34398969999165274, 0.3606269000010798, 0.3771933999960311, 0.39388999999209773, 0.41085210000164807, 0.42748610000126064, 0.44423389999428764, 0.4607059999980265, 0.4776200000051176, 0.49425540000083856, 0.5108150000014575, 0.5275126000051387, 0.5440099999977974, 0.5604635000054259, 0.577145000002929, 0.5938157000055071, 0.61077149999619, 0.6277101000014227]	186.0	339.0	1.0	9b
21	2	go_nogo_prac	1	18	7	go	click	[68.0, 68.0, 106.0, 149.0, 181.0, 193.0, 198.0, 200.0, 202.0, 205.0, 208.0, 210.0, 212.0, 213.0, 213.0, 213.0, 213.0, 213.0, 213.0, 214.0, 216.0, 217.0, 217.0, 217.0, 219.0, 220.0, 220.0, 220.0, 220.0, 220.0, 220.0, 220.0, 220.0]	[-175.0, -175.0, -60.0, 45.0, 114.0, 142.0, 151.0, 158.0, 163.0, 171.0, 179.0, 189.0, 196.0, 199.0, 200.0, 200.0, 200.0, 200.0, 200.0, 204.0, 212.0, 215.0, 226.0, 232.0, 244.0, 257.0, 271.0, 280.0, 290.0, 296.0, 297.0, 297.0, 297.0]	[0, 0, 0, 0, 0, 0, 0, 0, 0, 0, 0, 0, 0, 0, 0, 0, 0, 0, 0, 0, 0, 0, 0, 0, 0, 0, 0, 0, 0, 0, 0, 0, 1]	[0, 0, 0, 0, 0, 0, 0, 0, 0, 0, 0, 0, 0, 0, 0, 0, 0, 0, 0, 0, 0, 0, 0, 0, 0, 0, 0, 0, 0, 0, 0, 0, 0]	[0, 0, 0, 0, 0, 0, 0, 0, 0, 0, 0, 0, 0, 0, 0, 0, 0, 0, 0, 0, 0, 0, 0, 0, 0, 0, 0, 0, 0, 0, 0, 0, 0]	[0.00022980000358074903, 0.009779800006072037, 0.026382600000943057, 0.043529700007638894, 0.05959830000938382, 0.07613780000247061, 0.0929935000021942, 0.10958110001229215, 0.12647160000051372, 0.1431052000116324, 0.15969110000878572, 0.1763352000125451, 0.19281830001273192, 0.2095444000005955, 0.22607480001170188, 0.2426440000126604, 0.25949640000180807, 0.27613019999989774, 0.293055700007244, 0.3096599000127753, 0.32610020000720397, 0.3428711000015028, 0.359325199999148, 0.37622689999989234, 0.39281360000313725, 0.4097712000075262, 0.4261780000088038, 0.44326050000381656, 0.459504400001606, 0.4761245000117924, 0.4927221000107238, 0.5092091000115033, 0.5262693000113359]	220.0	297.0	0.5	9b
22	2	go_nogo_prac	1	18	2	go	click	[30.0, 30.0, 42.0, 74.0, 110.0, 122.0, 128.0, 133.0, 138.0, 140.0, 143.0, 145.0, 149.0, 156.0, 162.0, 166.0, 168.0, 168.0, 169.0, 173.0, 178.0, 182.0, 186.0, 187.0, 188.0, 188.0, 188.0, 188.0, 188.0, 188.0, 189.0, 189.0, 189.0, 189.0]	[-206.0, -206.0, -165.0, -82.0, 15.0, 55.0, 83.0, 102.0, 116.0, 125.0, 131.0, 139.0, 152.0, 171.0, 190.0, 204.0, 209.0, 211.0, 213.0, 221.0, 235.0, 248.0, 257.0, 262.0, 263.0, 263.0, 263.0, 263.0, 263.0, 263.0, 266.0, 266.0, 266.0, 266.0]	[0, 0, 0, 0, 0, 0, 0, 0, 0, 0, 0, 0, 0, 0, 0, 0, 0, 0, 0, 0, 0, 0, 0, 0, 0, 0, 0, 0, 0, 0, 0, 0, 0, 1]	[0, 0, 0, 0, 0, 0, 0, 0, 0, 0, 0, 0, 0, 0, 0, 0, 0, 0, 0, 0, 0, 0, 0, 0, 0, 0, 0, 0, 0, 0, 0, 0, 0, 0]	[0, 0, 0, 0, 0, 0, 0, 0, 0, 0, 0, 0, 0, 0, 0, 0, 0, 0, 0, 0, 0, 0, 0, 0, 0, 0, 0, 0, 0, 0, 0, 0, 0, 0]	[0.00020959999528713524, 0.012114900004235096, 0.02811100000690203, 0.04507029999513179, 0.06161689999862574, 0.07833790000586305, 0.0951130000030389, 0.11154569999780506, 0.12846029999491293, 0.1449443000019528, 0.16185109999787528, 0.17826739999873098, 0.19503299999632873, 0.21165620000101626, 0.22820460000366438, 0.24498299999686424, 0.26163130000350066, 0.27853379999578465, 0.29543030000058934, 0.31191730000136886, 0.32831130000704434, 0.3451497000060044, 0.36161219999485184, 0.378146300005028, 0.3946838999981992, 0.41131110000424087, 0.4280410000064876, 0.4445992999972077, 0.4613532000075793, 0.47815389999595936, 0.4944973999954527, 0.5111944999953266, 0.5278416000073776, 0.5450397999957204]	189.0	266.0	0.9	9b
23	2	go_nogo_prac	1	18	9	nogo	none	[45.0, 45.0, 60.0, 108.0, 128.0, 148.0, 162.0, 168.0, 174.0, 177.0, 179.0, 183.0, 190.0, 196.0, 198.0, 199.0, 199.0, 199.0, 199.0, 199.0, 200.0, 201.0, 202.0, 203.0, 203.0, 203.0, 203.0, 204.0, 204.0, 204.0, 204.0, 204.0, 204.0, 204.0, 204.0, 204.0, 204.0, 204.0, 204.0, 204.0, 204.0, 204.0, 204.0, 204.0, 204.0, 204.0, 204.0, 204.0, 204.0, 204.0, 204.0, 204.0, 204.0, 204.0, 204.0, 204.0, 204.0, 204.0, 204.0, 204.0, 204.0, 204.0, 204.0, 204.0, 204.0, 204.0]	[-267.0, -267.0, -226.0, -93.0, -23.0, 43.0, 99.0, 126.0, 141.0, 149.0, 159.0, 174.0, 197.0, 218.0, 227.0, 229.0, 229.0, 229.0, 229.0, 229.0, 232.0, 237.0, 241.0, 243.0, 244.0, 244.0, 244.0, 244.0, 245.0, 245.0, 245.0, 245.0, 245.0, 245.0, 245.0, 245.0, 245.0, 245.0, 245.0, 245.0, 245.0, 245.0, 245.0, 245.0, 245.0, 245.0, 245.0, 245.0, 245.0, 245.0, 245.0, 245.0, 245.0, 245.0, 245.0, 245.0, 245.0, 245.0, 245.0, 245.0, 245.0, 245.0, 245.0, 245.0, 245.0, 245.0]	[0, 0, 0, 0, 0, 0, 0, 0, 0, 0, 0, 0, 0, 0, 0, 0, 0, 0, 0, 0, 0, 0, 0, 0, 0, 0, 0, 0, 0, 0, 0, 0, 0, 0, 0, 0, 0, 0, 0, 0, 0, 0, 0, 0, 0, 0, 0, 0, 0, 0, 0, 0, 0, 0, 0, 0, 0, 0, 0, 0, 0, 0, 0, 0, 0, 0]	[0, 0, 0, 0, 0, 0, 0, 0, 0, 0, 0, 0, 0, 0, 0, 0, 0, 0, 0, 0, 0, 0, 0, 0, 0, 0, 0, 0, 0, 0, 0, 0, 0, 0, 0, 0, 0, 0, 0, 0, 0, 0, 0, 0, 0, 0, 0, 0, 0, 0, 0, 0, 0, 0, 0, 0, 0, 0, 0, 0, 0, 0, 0, 0, 0, 0]	[0, 0, 0, 0, 0, 0, 0, 0, 0, 0, 0, 0, 0, 0, 0, 0, 0, 0, 0, 0, 0, 0, 0, 0, 0, 0, 0, 0, 0, 0, 0, 0, 0, 0, 0, 0, 0, 0, 0, 0, 0, 0, 0, 0, 0, 0, 0, 0, 0, 0, 0, 0, 0, 0, 0, 0, 0, 0, 0, 0, 0, 0, 0, 0, 0, 0]	[0.00022629999148193747, 0.010225699996226467, 0.0273142999940319, 0.0439425999938976, 0.06037689998629503, 0.07665579998865724, 0.09340209999936633, 0.11011639999924228, 0.12675139999191742, 0.14352149999467656, 0.16031939999083988, 0.17690459999721497, 0.19366229999286588, 0.21000729998922907, 0.2267880999861518, 0.24329559999750927, 0.26007359998766333, 0.27654679999977816, 0.29354529999545775, 0.3103348000004189, 0.32703409998794086, 0.3435207000002265, 0.3600329999899259, 0.3767168999911519, 0.39338879998831544, 0.4099126999935834, 0.4267882999993162, 0.44323619999340735, 0.4598562999890419, 0.47687389999919105, 0.4933982999937143, 0.5099327999923844, 0.5268031999876257, 0.5434155999973882, 0.559868500000448, 0.5764825999940513, 0.5932652999908896, 0.6099100999999791, 0.6265473999956157, 0.6431867999926908, 0.6597907999966992, 0.6764519999996992, 0.6932317999890074, 0.7099071999982698, 0.7264174999872921, 0.7431069999875035, 0.7597591999947326, 0.7766765999986092, 0.7932613999873865, 0.809737599993241, 0.8265376999916043, 0.8432308999908855, 0.8601450999994995, 0.8765787999873282, 0.8931805999891367, 0.909734099986963, 0.9265058999881148, 0.943074599999818, 0.9596774999954505, 0.9765259999985574, 0.9932553999969969, 1.0098733999911929, 1.0263777999934973, 1.0430010999989463, 1.0596534999931464, 1.076778499991633]	n/a	n/a	0.5	9b
24	2	go_nogo_prac	1	18	2	go	click	[45.0, 45.0, 52.0, 69.0, 82.0, 110.0, 128.0, 141.0, 151.0, 158.0, 164.0, 167.0, 171.0, 174.0, 175.0, 176.0, 176.0, 176.0, 178.0, 180.0, 183.0, 185.0, 185.0, 185.0, 186.0, 186.0, 187.0, 188.0]	[-234.0, -234.0, -191.0, -108.0, -40.0, 54.0, 109.0, 144.0, 173.0, 192.0, 207.0, 216.0, 224.0, 232.0, 236.0, 236.0, 236.0, 236.0, 241.0, 250.0, 258.0, 262.0, 265.0, 265.0, 265.0, 267.0, 271.0, 272.0]	[0, 0, 0, 0, 0, 0, 0, 0, 0, 0, 0, 0, 0, 0, 0, 0, 0, 0, 0, 0, 0, 0, 0, 0, 0, 0, 0, 1]	[0, 0, 0, 0, 0, 0, 0, 0, 0, 0, 0, 0, 0, 0, 0, 0, 0, 0, 0, 0, 0, 0, 0, 0, 0, 0, 0, 0]	[0, 0, 0, 0, 0, 0, 0, 0, 0, 0, 0, 0, 0, 0, 0, 0, 0, 0, 0, 0, 0, 0, 0, 0, 0, 0, 0, 0]	[0.0002179000002797693, 0.011350000000675209, 0.028016199998091906, 0.04475450000609271, 0.06133640000189189, 0.07794089999515563, 0.09491529999650083, 0.11133580000023358, 0.12819719999970403, 0.1446323999989545, 0.16133709999849088, 0.17803039999853354, 0.19495180000376422, 0.21133639999607112, 0.22800859999551903, 0.24437489999399986, 0.2610357999947155, 0.2790339000057429, 0.29477249999763444, 0.3113214000040898, 0.3280467000004137, 0.3445205000025453, 0.3612079000013182, 0.37803409999469295, 0.3947725000034552, 0.41147609999461565, 0.42790559999411926, 0.4450637999980245]	188.0	273.0	0.6	9b
25	2	go_nogo_prac	1	18	2	go	click	[60.0, 60.0, 87.0, 111.0, 134.0, 150.0, 159.0, 167.0, 174.0, 183.0, 194.0, 205.0, 213.0, 219.0, 219.0, 219.0, 219.0, 219.0, 220.0, 220.0, 221.0, 222.0, 222.0, 222.0, 222.0]	[-182.0, -182.0, -92.0, -11.0, 64.0, 114.0, 146.0, 170.0, 185.0, 201.0, 223.0, 246.0, 262.0, 270.0, 270.0, 270.0, 270.0, 270.0, 273.0, 277.0, 279.0, 279.0, 280.0, 280.0, 280.0]	[0, 0, 0, 0, 0, 0, 0, 0, 0, 0, 0, 0, 0, 0, 0, 0, 0, 0, 0, 0, 0, 0, 0, 0, 1]	[0, 0, 0, 0, 0, 0, 0, 0, 0, 0, 0, 0, 0, 0, 0, 0, 0, 0, 0, 0, 0, 0, 0, 0, 0]	[0, 0, 0, 0, 0, 0, 0, 0, 0, 0, 0, 0, 0, 0, 0, 0, 0, 0, 0, 0, 0, 0, 0, 0, 0]	[0.00032330000249203295, 0.012153199990279973, 0.028680499992333353, 0.04544020000321325, 0.061805099991033785, 0.07843029999639839, 0.09512569999787956, 0.11172079999232665, 0.128475299992715, 0.1452149999968242, 0.1618460000026971, 0.1784244000009494, 0.19537259999196976, 0.21165719999407884, 0.22826969999005087, 0.24490930000320077, 0.2615747999952873, 0.2783819000032963, 0.2949771999992663, 0.311724500003038, 0.3283718000020599, 0.34518129999923985, 0.36158689999138005, 0.37821789999725297, 0.39477939999778755]	222.0	280.0	0.6	9b
26	2	go_nogo_prac	1	18	9	nogo	none	[30.0, 30.0, 45.0, 64.0, 86.0, 114.0, 138.0, 158.0, 168.0, 179.0, 184.0, 186.0, 187.0, 187.0, 188.0, 188.0, 189.0, 190.0, 191.0, 191.0, 191.0, 191.0, 191.0, 191.0, 192.0, 192.0, 192.0, 192.0, 192.0, 192.0, 192.0, 192.0, 192.0, 192.0, 192.0, 192.0, 192.0, 192.0, 192.0, 192.0, 192.0, 192.0, 192.0, 192.0, 192.0, 192.0, 192.0, 192.0, 192.0, 192.0, 192.0, 192.0, 192.0, 192.0, 192.0, 192.0, 192.0, 192.0, 192.0, 192.0, 192.0, 192.0]	[-266.0, -266.0, -206.0, -148.0, -81.0, -6.0, 76.0, 138.0, 177.0, 208.0, 220.0, 228.0, 231.0, 232.0, 233.0, 234.0, 238.0, 242.0, 245.0, 247.0, 247.0, 247.0, 247.0, 247.0, 247.0, 247.0, 247.0, 247.0, 247.0, 247.0, 247.0, 247.0, 247.0, 247.0, 247.0, 247.0, 247.0, 247.0, 247.0, 247.0, 247.0, 247.0, 247.0, 247.0, 247.0, 247.0, 247.0, 247.0, 247.0, 247.0, 247.0, 247.0, 247.0, 247.0, 247.0, 247.0, 247.0, 247.0, 247.0, 247.0, 247.0, 247.0]	[0, 0, 0, 0, 0, 0, 0, 0, 0, 0, 0, 0, 0, 0, 0, 0, 0, 0, 0, 0, 0, 0, 0, 0, 0, 0, 0, 0, 0, 0, 0, 0, 0, 0, 0, 0, 0, 0, 0, 0, 0, 0, 0, 0, 0, 0, 0, 0, 0, 0, 0, 0, 0, 0, 0, 0, 0, 0, 0, 0, 0, 0]	[0, 0, 0, 0, 0, 0, 0, 0, 0, 0, 0, 0, 0, 0, 0, 0, 0, 0, 0, 0, 0, 0, 0, 0, 0, 0, 0, 0, 0, 0, 0, 0, 0, 0, 0, 0, 0, 0, 0, 0, 0, 0, 0, 0, 0, 0, 0, 0, 0, 0, 0, 0, 0, 0, 0, 0, 0, 0, 0, 0, 0, 0]	[0, 0, 0, 0, 0, 0, 0, 0, 0, 0, 0, 0, 0, 0, 0, 0, 0, 0, 0, 0, 0, 0, 0, 0, 0, 0, 0, 0, 0, 0, 0, 0, 0, 0, 0, 0, 0, 0, 0, 0, 0, 0, 0, 0, 0, 0, 0, 0, 0, 0, 0, 0, 0, 0, 0, 0, 0, 0, 0, 0, 0, 0]	[9.820000559557229e-05, 0.012065899994922802, 0.028953699991689064, 0.045509899995522574, 0.06220430000394117, 0.07875709999643732, 0.09528080000018235, 0.11203160000150092, 0.1289050000050338, 0.1460054999915883, 0.1628000000055181, 0.17875599999388214, 0.1954470000055153, 0.21204840000427794, 0.22863670000515413, 0.24558049999177456, 0.26200930000049993, 0.2789046999969287, 0.29537239999626763, 0.31181529999594204, 0.32846279999648686, 0.3453033999976469, 0.36199289999785833, 0.3785635999956867, 0.39549589999660384, 0.4118407999922056, 0.42861119999724906, 0.44518609999795444, 0.461828700004844, 0.4785448000038741, 0.4952544999978272, 0.511918299991521, 0.528466000003391, 0.54511310000089, 0.5617505999980494, 0.5785580999945523, 0.5953068999951938, 0.6120149000053061, 0.6287821000005351, 0.6451002999965567, 0.6618531999993138, 0.6785186000051908, 0.6951703999948222, 0.7118171000038274, 0.7286277999955928, 0.7451683999970555, 0.7617008999950485, 0.7784904000000097, 0.7951852999976836, 0.811669200003962, 0.8283612999948673, 0.8452190999960294, 0.861751499993261, 0.8783683999936329, 0.8953958999918541, 0.9120207999949344, 0.928404699996463, 0.9450361000053817, 0.9617211000004318, 0.9783095000020694, 0.9949767999933101, 1.0117872999981046]	n/a	n/a	0.8	9b
27	2	go_nogo_prac	1	18	1	nogo	none	[9.0, 21.0, 36.0, 72.0, 103.0, 117.0, 127.0, 135.0, 141.0, 151.0, 155.0, 156.0, 156.0, 157.0, 157.0, 157.0, 157.0, 157.0, 157.0, 157.0, 157.0, 157.0, 158.0, 159.0, 160.0, 160.0, 160.0, 160.0, 160.0, 160.0, 160.0, 160.0, 160.0, 160.0, 160.0, 160.0, 160.0, 160.0, 160.0, 160.0, 160.0, 160.0, 160.0, 160.0, 160.0, 160.0, 160.0, 160.0, 160.0, 160.0, 160.0, 160.0, 160.0, 160.0, 160.0, 160.0, 160.0, 158.0, 157.0, 156.0, 155.0, 154.0, 154.0, 154.0, 154.0, 154.0, 154.0, 154.0, 154.0, 154.0, 154.0, 154.0, 154.0, 154.0, 154.0, 154.0, 154.0, 154.0, 154.0, 154.0, 154.0, 154.0, 154.0, 154.0, 154.0, 154.0, 154.0, 154.0, 154.0, 154.0, 154.0, 154.0]	[-289.0, -248.0, -199.0, -89.0, 10.0, 66.0, 103.0, 130.0, 157.0, 200.0, 222.0, 233.0, 238.0, 240.0, 241.0, 241.0, 241.0, 241.0, 241.0, 241.0, 241.0, 243.0, 247.0, 250.0, 254.0, 256.0, 256.0, 256.0, 256.0, 256.0, 256.0, 256.0, 256.0, 256.0, 256.0, 256.0, 256.0, 256.0, 256.0, 256.0, 256.0, 256.0, 256.0, 256.0, 256.0, 256.0, 256.0, 256.0, 256.0, 256.0, 256.0, 256.0, 256.0, 256.0, 256.0, 256.0, 251.0, 246.0, 243.0, 241.0, 238.0, 235.0, 233.0, 233.0, 232.0, 231.0, 231.0, 231.0, 231.0, 231.0, 231.0, 231.0, 231.0, 231.0, 231.0, 231.0, 231.0, 231.0, 231.0, 231.0, 231.0, 231.0, 231.0, 231.0, 231.0, 231.0, 231.0, 231.0, 231.0, 231.0, 231.0, 231.0]	[0, 0, 0, 0, 0, 0, 0, 0, 0, 0, 0, 0, 0, 0, 0, 0, 0, 0, 0, 0, 0, 0, 0, 0, 0, 0, 0, 0, 0, 0, 0, 0, 0, 0, 0, 0, 0, 0, 0, 0, 0, 0, 0, 0, 0, 0, 0, 0, 0, 0, 0, 0, 0, 0, 0, 0, 0, 0, 0, 0, 0, 0, 0, 0, 0, 0, 0, 0, 0, 0, 0, 0, 0, 0, 0, 0, 0, 0, 0, 0, 0, 0, 0, 0, 0, 0, 0, 0, 0, 0, 0, 0]	[0, 0, 0, 0, 0, 0, 0, 0, 0, 0, 0, 0, 0, 0, 0, 0, 0, 0, 0, 0, 0, 0, 0, 0, 0, 0, 0, 0, 0, 0, 0, 0, 0, 0, 0, 0, 0, 0, 0, 0, 0, 0, 0, 0, 0, 0, 0, 0, 0, 0, 0, 0, 0, 0, 0, 0, 0, 0, 0, 0, 0, 0, 0, 0, 0, 0, 0, 0, 0, 0, 0, 0, 0, 0, 0, 0, 0, 0, 0, 0, 0, 0, 0, 0, 0, 0, 0, 0, 0, 0, 0, 0]	[0, 0, 0, 0, 0, 0, 0, 0, 0, 0, 0, 0, 0, 0, 0, 0, 0, 0, 0, 0, 0, 0, 0, 0, 0, 0, 0, 0, 0, 0, 0, 0, 0, 0, 0, 0, 0, 0, 0, 0, 0, 0, 0, 0, 0, 0, 0, 0, 0, 0, 0, 0, 0, 0, 0, 0, 0, 0, 0, 0, 0, 0, 0, 0, 0, 0, 0, 0, 0, 0, 0, 0, 0, 0, 0, 0, 0, 0, 0, 0, 0, 0, 0, 0, 0, 0, 0, 0, 0, 0, 0, 0]	[8.529999468009919e-05, 0.010918200001469813, 0.027392699994379655, 0.044069399998988956, 0.06087059999117628, 0.07755279999400955, 0.0944110999989789, 0.11074979999102652, 0.12747500000114087, 0.14440649999596644, 0.16089179999835324, 0.17753200000151992, 0.1942014999949606, 0.21082290000049397, 0.22718479999457486, 0.24393090000376105, 0.26057070000388194, 0.27722029999131337, 0.2938521000032779, 0.31057180000061635, 0.327132199992775, 0.34422349999658763, 0.36090210000111256, 0.37761729999328963, 0.39408719999482855, 0.4105418999970425, 0.42727149999700487, 0.4438034999911906, 0.4605280999967363, 0.4771208000020124, 0.4936913999990793, 0.5104359999968437, 0.5272106999909738, 0.5438041000015801, 0.5605695999984164, 0.5770406999945408, 0.594031200002064, 0.610956399992574, 0.6271665999956895, 0.6438851999992039, 0.6605544999911217, 0.6769911000010325, 0.6937183999980334, 0.7103515999915544, 0.7271080999926198, 0.7440626000025077, 0.7606233999977121, 0.7772552999958862, 0.7938391999923624, 0.8104095000016969, 0.8270128000003751, 0.8436729999957606, 0.8603731000039261, 0.87694790000387, 0.89363510000112, 0.9106573000026401, 0.9273600000014994, 0.9439935999980662, 0.9609596999944188, 0.9776859999983571, 0.9941295000026003, 1.0109855000046082, 1.0270968999975594, 1.0438037999992957, 1.060471000004327, 1.0768968999909703, 1.093812599996454, 1.1106269000010798, 1.127286799994181, 1.1438970000017434, 1.1605144999921322, 1.1770802999963053, 1.1938012000027811, 1.210471200000029, 1.2271266000025207, 1.2436525999946753, 1.2603623000031803, 1.2768634999956703, 1.2936164999991888, 1.3104326000029687, 1.3271313000004739, 1.3438420000020415, 1.3605567000049632, 1.377086299995426, 1.3937165999959689, 1.4102939000003971, 1.4269044999964535, 1.4437321000004886, 1.4604336000047624, 1.4770453999954043, 1.4936518000031356, 1.5102864999935264]	n/a	n/a	0.5	9b
28	2	go_nogo_prac	1	18	7	go	click	[24.0, 40.0, 56.0, 90.0, 116.0, 132.0, 144.0, 156.0, 166.0, 174.0, 175.0, 176.0, 177.0, 179.0, 181.0, 181.0, 181.0, 181.0, 181.0, 181.0, 181.0, 181.0, 181.0, 181.0, 181.0, 181.0, 181.0, 181.0, 181.0, 181.0, 182.0, 183.0, 184.0, 184.0, 184.0, 184.0, 184.0, 184.0, 184.0, 184.0, 184.0, 184.0, 184.0, 184.0, 184.0, 184.0, 184.0]	[-237.0, -180.0, -127.0, -24.0, 51.0, 94.0, 133.0, 170.0, 199.0, 219.0, 223.0, 227.0, 232.0, 240.0, 246.0, 247.0, 247.0, 247.0, 247.0, 247.0, 247.0, 247.0, 247.0, 247.0, 247.0, 247.0, 247.0, 247.0, 247.0, 248.0, 255.0, 259.0, 261.0, 262.0, 262.0, 262.0, 262.0, 262.0, 262.0, 262.0, 262.0, 262.0, 262.0, 264.0, 265.0, 265.0, 265.0]	[0, 0, 0, 0, 0, 0, 0, 0, 0, 0, 0, 0, 0, 0, 0, 0, 0, 0, 0, 0, 0, 0, 0, 0, 0, 0, 1, 1, 1, 0, 0, 0, 0, 0, 0, 0, 0, 0, 0, 0, 0, 0, 0, 0, 0, 0, 1]	[0, 0, 0, 0, 0, 0, 0, 0, 0, 0, 0, 0, 0, 0, 0, 0, 0, 0, 0, 0, 0, 0, 0, 0, 0, 0, 0, 0, 0, 0, 0, 0, 0, 0, 0, 0, 0, 0, 0, 0, 0, 0, 0, 0, 0, 0, 0]	[0, 0, 0, 0, 0, 0, 0, 0, 0, 0, 0, 0, 0, 0, 0, 0, 0, 0, 0, 0, 0, 0, 0, 0, 0, 0, 0, 0, 0, 0, 0, 0, 0, 0, 0, 0, 0, 0, 0, 0, 0, 0, 0, 0, 0, 0, 0]	[0.0001438000035705045, 0.011047899999539368, 0.02758219999668654, 0.0446040999959223, 0.061003800001344644, 0.0778163999930257, 0.0941917000018293, 0.11101389999384992, 0.12749569999868982, 0.14445269999851007, 0.1612602999957744, 0.1780741999973543, 0.1941268999944441, 0.21077839999634307, 0.2274087999976473, 0.24410640000132844, 0.2606891000032192, 0.277513099994394, 0.29395029999432154, 0.31088619999354705, 0.3272506999928737, 0.34395609999774024, 0.36051270000461955, 0.3774381999974139, 0.39410200000565965, 0.4108164999925066, 0.42779079999309033, 0.44405819999519736, 0.4606073000031756, 0.4776038999989396, 0.49404730000242125, 0.5107614000007743, 0.5274043999961577, 0.5440110000054119, 0.560536899996805, 0.5771529000048758, 0.593847399999504, 0.6107454000011785, 0.6271343999978853, 0.6440167999971891, 0.6605067999917082, 0.6770831000030739, 0.6941750999976648, 0.7108177000045544, 0.727179099994828, 0.7438948000053642, 0.760456999996677]	184.0	265.0	0.8	9b
29	2	go_nogo_prac	1	18	3	go	click	[38.0, 38.0, 52.0, 77.0, 109.0, 128.0, 143.0, 152.0, 158.0, 164.0, 166.0, 167.0, 169.0, 171.0, 172.0, 173.0, 173.0, 173.0, 173.0, 173.0, 173.0, 173.0, 173.0, 173.0, 173.0, 173.0, 173.0, 173.0, 173.0, 173.0, 173.0, 173.0, 173.0, 173.0, 173.0, 173.0, 173.0, 173.0, 173.0, 173.0, 173.0, 173.0, 173.0, 173.0, 173.0, 173.0, 173.0, 173.0, 173.0, 173.0, 173.0, 173.0, 173.0, 173.0, 173.0, 173.0, 173.0, 173.0, 173.0, 173.0, 173.0, 173.0, 173.0, 173.0, 173.0, 173.0, 173.0, 173.0, 173.0, 173.0, 173.0, 173.0, 173.0, 173.0, 173.0, 173.0, 173.0, 173.0, 173.0, 173.0, 173.0, 173.0, 173.0, 173.0, 173.0, 173.0, 173.0, 173.0, 173.0, 173.0, 173.0, 173.0]	[-233.0, -233.0, -169.0, -41.0, 130.0, 214.0, 261.0, 291.0, 312.0, 326.0, 333.0, 336.0, 338.0, 343.0, 348.0, 349.0, 349.0, 349.0, 349.0, 349.0, 349.0, 349.0, 349.0, 349.0, 349.0, 349.0, 349.0, 349.0, 349.0, 349.0, 349.0, 349.0, 349.0, 349.0, 349.0, 349.0, 349.0, 349.0, 349.0, 349.0, 349.0, 349.0, 349.0, 349.0, 349.0, 349.0, 349.0, 349.0, 349.0, 349.0, 349.0, 349.0, 349.0, 349.0, 349.0, 349.0, 349.0, 349.0, 349.0, 349.0, 349.0, 349.0, 349.0, 349.0, 349.0, 349.0, 349.0, 349.0, 349.0, 349.0, 349.0, 349.0, 349.0, 349.0, 349.0, 349.0, 349.0, 347.0, 341.0, 336.0, 331.0, 329.0, 328.0, 328.0, 328.0, 328.0, 328.0, 328.0, 328.0, 328.0, 328.0, 328.0]	[0, 0, 0, 0, 0, 0, 0, 0, 0, 0, 0, 0, 0, 0, 0, 0, 0, 0, 0, 0, 0, 0, 0, 0, 0, 0, 0, 0, 0, 0, 0, 0, 0, 0, 0, 0, 0, 0, 0, 0, 0, 0, 0, 0, 0, 0, 0, 0, 0, 0, 0, 0, 0, 0, 0, 0, 0, 0, 0, 0, 0, 0, 0, 0, 0, 0, 0, 0, 0, 0, 0, 0, 0, 0, 0, 0, 0, 0, 0, 0, 0, 0, 0, 0, 0, 0, 0, 0, 0, 0, 0, 0]	[0, 0, 0, 0, 0, 0, 0, 0, 0, 0, 0, 0, 0, 0, 0, 0, 0, 0, 0, 0, 0, 0, 0, 0, 0, 0, 0, 0, 0, 0, 0, 0, 0, 0, 0, 0, 0, 0, 0, 0, 0, 0, 0, 0, 0, 0, 0, 0, 0, 0, 0, 0, 0, 0, 0, 0, 0, 0, 0, 0, 0, 0, 0, 0, 0, 0, 0, 0, 0, 0, 0, 0, 0, 0, 0, 0, 0, 0, 0, 0, 0, 0, 0, 0, 0, 0, 0, 0, 0, 0, 0, 0]	[0, 0, 0, 0, 0, 0, 0, 0, 0, 0, 0, 0, 0, 0, 0, 0, 0, 0, 0, 0, 0, 0, 0, 0, 0, 0, 0, 0, 0, 0, 0, 0, 0, 0, 0, 0, 0, 0, 0, 0, 0, 0, 0, 0, 0, 0, 0, 0, 0, 0, 0, 0, 0, 0, 0, 0, 0, 0, 0, 0, 0, 0, 0, 0, 0, 0, 0, 0, 0, 0, 0, 0, 0, 0, 0, 0, 0, 0, 0, 0, 0, 0, 0, 0, 0, 0, 0, 0, 0, 0, 0, 0]	[0.0001947999990079552, 0.010721300001023337, 0.027675799996359274, 0.04403360000287648, 0.06052569999883417, 0.07780490000732243, 0.09475010000460315, 0.11073319999559317, 0.12721429999510292, 0.14381189999403432, 0.16060580000339542, 0.17708560000755824, 0.19382719999703113, 0.2103616999957012, 0.22715390000666957, 0.2437874000024749, 0.26055429999541957, 0.2772463000001153, 0.2938704999978654, 0.310460000007879, 0.3271500999981072, 0.343751099993824, 0.3605838999937987, 0.37714510000660084, 0.39367309999943245, 0.41045049999956973, 0.4270535999967251, 0.4439550999959465, 0.46044540000730194, 0.4772399000066798, 0.4937828999973135, 0.510321900001145, 0.5270906000077957, 0.5435855999967316, 0.5602172000071732, 0.5770068999991054, 0.5937204000074416, 0.6103994000004604, 0.6270215999975335, 0.6437319999968167, 0.6603788000065833, 0.6771225999982562, 0.6935513000062201, 0.7100161999987904, 0.7267953999980818, 0.7433995000028517, 0.7601699999941047, 0.7768720000021858, 0.7934725999948569, 0.8100204999936977, 0.8267286000045715, 0.8432917000027373, 0.8602525000023888, 0.87686040000699, 0.893522500002291, 0.9102148999954807, 0.9266931000020122, 0.9434442000056151, 0.9601354000042193, 0.9766702000051737, 0.9933294999937061, 1.0099634000071092, 1.0266382999980124, 1.0434545000025537, 1.0599458000069717, 1.0766588999977103, 1.0934143000049517, 1.109943999996176, 1.1268125000060536, 1.1433394000050612, 1.1599301999958698, 1.1766473000025144, 1.193224899994675, 1.210086200007936, 1.2265642999991542, 1.243569900005241, 1.260251600004267, 1.2766402999986894, 1.293325000006007, 1.3100342999969143, 1.3270788000081666, 1.3436880000081146, 1.3600224999972852, 1.3765926000050968, 1.393135499994969, 1.4098305000079563, 1.4265102000063052, 1.443252900004154, 1.460018300000229, 1.4765733999956865, 1.4931834000017261, 1.5098780999978771]	n/a	n/a	0.8	9b
30	2	go_nogo_prac	1	18	4	go	click	[42.0, 42.0, 50.0, 74.0, 96.0, 107.0, 116.0, 126.0, 132.0, 138.0, 142.0, 143.0, 145.0, 148.0, 149.0, 151.0, 154.0, 160.0, 169.0, 180.0, 185.0, 187.0, 189.0, 190.0, 194.0, 197.0, 202.0, 203.0, 203.0, 203.0, 203.0, 203.0, 203.0]	[-237.0, -237.0, -204.0, -130.0, -22.0, 22.0, 55.0, 84.0, 108.0, 128.0, 139.0, 146.0, 151.0, 158.0, 161.0, 165.0, 173.0, 194.0, 217.0, 237.0, 249.0, 257.0, 262.0, 267.0, 275.0, 284.0, 294.0, 294.0, 297.0, 297.0, 297.0, 297.0, 297.0]	[0, 0, 0, 0, 0, 0, 0, 0, 0, 0, 0, 0, 0, 0, 0, 0, 0, 0, 0, 0, 0, 0, 0, 0, 0, 0, 0, 0, 0, 0, 0, 0, 1]	[0, 0, 0, 0, 0, 0, 0, 0, 0, 0, 0, 0, 0, 0, 0, 0, 0, 0, 0, 0, 0, 0, 0, 0, 0, 0, 0, 0, 0, 0, 0, 0, 0]	[0, 0, 0, 0, 0, 0, 0, 0, 0, 0, 0, 0, 0, 0, 0, 0, 0, 0, 0, 0, 0, 0, 0, 0, 0, 0, 0, 0, 0, 0, 0, 0, 0]	[0.00021440000273287296, 0.01104250000207685, 0.02762740000616759, 0.04433810000773519, 0.06121480000729207, 0.07764170000154991, 0.094410899997456, 0.11097239999799058, 0.12796759999764618, 0.14433769999595825, 0.1611799000093015, 0.17770899999595713, 0.19438210000225808, 0.2111317999952007, 0.22768009999708738, 0.24475520000851247, 0.2612740000040503, 0.27785250000306405, 0.2943896000069799, 0.3109242000064114, 0.3275826000026427, 0.3443933999951696, 0.36107900000934023, 0.37751120000029914, 0.3942537999973865, 0.410973300007754, 0.4279415000055451, 0.44444730000395793, 0.46084759999939706, 0.47775770000589546, 0.49420980000286363, 0.5107680000073742, 0.5275835000065854]	203.0	297.0	0.5	9b
31	2	go_nogo_prac	1	18	6	go	click	[70.0, 70.0, 75.0, 85.0, 101.0, 132.0, 152.0, 170.0, 182.0, 187.0, 192.0, 194.0, 197.0, 197.0, 198.0, 198.0, 198.0, 198.0, 198.0, 199.0, 200.0, 200.0, 200.0, 200.0, 200.0, 200.0, 200.0]	[-253.0, -253.0, -230.0, -175.0, -99.0, 18.0, 92.0, 160.0, 213.0, 244.0, 266.0, 281.0, 294.0, 301.0, 301.0, 301.0, 301.0, 301.0, 302.0, 307.0, 311.0, 313.0, 313.0, 313.0, 313.0, 313.0, 313.0]	[0, 0, 0, 0, 0, 0, 0, 0, 0, 0, 0, 0, 0, 0, 0, 0, 0, 0, 0, 0, 0, 0, 0, 0, 0, 0, 1]	[0, 0, 0, 0, 0, 0, 0, 0, 0, 0, 0, 0, 0, 0, 0, 0, 0, 0, 0, 0, 0, 0, 0, 0, 0, 0, 0]	[0, 0, 0, 0, 0, 0, 0, 0, 0, 0, 0, 0, 0, 0, 0, 0, 0, 0, 0, 0, 0, 0, 0, 0, 0, 0, 0]	[0.00020059999951627105, 0.01160159999562893, 0.028410200000507757, 0.045096199988620356, 0.06176549999509007, 0.0783711999974912, 0.09532529998978134, 0.11162219999823719, 0.1282805999944685, 0.14501529998960905, 0.16164809999463614, 0.1782346999971196, 0.19516529999964405, 0.2117353999929037, 0.22822309999901336, 0.24484109999320935, 0.26152210000145715, 0.27841329999500886, 0.29510439999285154, 0.3118599000008544, 0.32833399999071844, 0.3447784999880241, 0.361765399997239, 0.3782692999957362, 0.3949389999906998, 0.4115326999890385, 0.42884049999702256]	200.0	313.0	0.5	9b
32	2	go_nogo_prac	1	18	4	go	click	[65.0, 65.0, 88.0, 132.0, 168.0, 190.0, 196.0, 200.0, 202.0, 204.0, 206.0, 210.0, 212.0, 213.0, 213.0, 213.0, 213.0, 213.0, 213.0, 213.0, 213.0, 213.0, 213.0, 213.0, 213.0, 213.0, 213.0, 213.0, 213.0, 213.0, 213.0]	[-217.0, -217.0, -155.0, -32.0, 83.0, 164.0, 198.0, 211.0, 217.0, 221.0, 227.0, 237.0, 245.0, 248.0, 249.0, 249.0, 249.0, 249.0, 249.0, 249.0, 250.0, 257.0, 261.0, 262.0, 262.0, 265.0, 269.0, 273.0, 274.0, 274.0, 274.0]	[0, 0, 0, 0, 0, 0, 0, 0, 0, 0, 0, 0, 0, 0, 0, 0, 0, 0, 0, 0, 0, 0, 0, 0, 0, 0, 0, 0, 0, 0, 1]	[0, 0, 0, 0, 0, 0, 0, 0, 0, 0, 0, 0, 0, 0, 0, 0, 0, 0, 0, 0, 0, 0, 0, 0, 0, 0, 0, 0, 0, 0, 0]	[0, 0, 0, 0, 0, 0, 0, 0, 0, 0, 0, 0, 0, 0, 0, 0, 0, 0, 0, 0, 0, 0, 0, 0, 0, 0, 0, 0, 0, 0, 0]	[0.00018849999469239265, 0.009565899992594495, 0.0260236000031, 0.04268299999239389, 0.05926539999200031, 0.07608459999028128, 0.09261419999529608, 0.11022629999206401, 0.12625590000243392, 0.14280580000195187, 0.15933510000468232, 0.17589980000047944, 0.1926091999921482, 0.20934469999338035, 0.22600300000340212, 0.2424948999978369, 0.25922049999644514, 0.27582470000197645, 0.29254759999457747, 0.3091950999951223, 0.3260656999918865, 0.34313839999958873, 0.35943009999755304, 0.37556210000184365, 0.3925902000046335, 0.4093877999985125, 0.42601729999296367, 0.4426991999935126, 0.45920519999344833, 0.47579810000024736, 0.4927292999927886]	213.0	274.0	1.0	9b
33	2	go_nogo_prac	1	18	8	go	click	[96.0, 96.0, 113.0, 149.0, 182.0, 214.0, 231.0, 243.0, 246.0, 247.0, 248.0, 248.0, 249.0, 249.0, 249.0, 249.0, 249.0, 249.0, 249.0, 249.0, 249.0, 249.0, 249.0, 249.0, 249.0, 249.0, 249.0, 249.0, 249.0, 249.0, 248.0, 241.0, 233.0, 226.0, 221.0, 218.0, 216.0, 215.0, 215.0, 215.0, 215.0, 215.0]	[-193.0, -193.0, -132.0, -6.0, 116.0, 204.0, 244.0, 278.0, 290.0, 294.0, 296.0, 297.0, 299.0, 302.0, 303.0, 303.0, 303.0, 303.0, 303.0, 303.0, 303.0, 303.0, 303.0, 303.0, 303.0, 303.0, 303.0, 303.0, 303.0, 303.0, 303.0, 304.0, 307.0, 309.0, 310.0, 311.0, 311.0, 311.0, 311.0, 311.0, 311.0, 311.0]	[0, 0, 0, 0, 0, 0, 0, 0, 0, 0, 0, 0, 0, 0, 0, 0, 0, 0, 0, 0, 0, 0, 0, 0, 0, 0, 0, 0, 0, 0, 0, 0, 0, 0, 0, 0, 0, 0, 0, 0, 0, 1]	[0, 0, 0, 0, 0, 0, 0, 0, 0, 0, 0, 0, 0, 0, 0, 0, 0, 0, 0, 0, 0, 0, 0, 0, 0, 0, 0, 0, 0, 0, 0, 0, 0, 0, 0, 0, 0, 0, 0, 0, 0, 0]	[0, 0, 0, 0, 0, 0, 0, 0, 0, 0, 0, 0, 0, 0, 0, 0, 0, 0, 0, 0, 0, 0, 0, 0, 0, 0, 0, 0, 0, 0, 0, 0, 0, 0, 0, 0, 0, 0, 0, 0, 0, 0]	[0.0001897000038297847, 0.011518699990119785, 0.02822100000048522, 0.04486850000103004, 0.06148689999827184, 0.078324000001885, 0.09484350000275299, 0.11210460000438616, 0.12813339999411255, 0.14493149999179877, 0.16139189999375958, 0.17813939999905415, 0.1948660999914864, 0.21161169999686535, 0.2279465000028722, 0.24478179999277927, 0.2612972999922931, 0.2779067999945255, 0.29475539999839384, 0.31128549999266397, 0.3280402999953367, 0.3446595999994315, 0.36126589999184944, 0.37797659999341704, 0.39500459999544546, 0.41136009999900125, 0.42789520000224, 0.44469910000043456, 0.4612894000019878, 0.4780336999974679, 0.49517999999807216, 0.5121074999915436, 0.5281538999988697, 0.5448796999990009, 0.5613712999911513, 0.5779881999915233, 0.5949179000017466, 0.6113356999994721, 0.6280482000001939, 0.6448760999919614, 0.6611559000011766, 0.6782425999990664]	215.0	311.0	0.7	9b
34	2	go_nogo_prac	1	18	3	go	click	[41.0, 41.0, 51.0, 79.0, 112.0, 167.0, 198.0, 207.0, 211.0, 212.0, 213.0, 213.0, 214.0, 214.0, 215.0, 215.0, 215.0, 215.0, 215.0, 215.0, 215.0, 215.0, 215.0, 215.0, 215.0, 215.0, 215.0, 215.0, 215.0, 215.0]	[-254.0, -254.0, -203.0, -86.0, 32.0, 211.0, 288.0, 315.0, 328.0, 332.0, 334.0, 335.0, 336.0, 337.0, 337.0, 337.0, 337.0, 337.0, 337.0, 337.0, 337.0, 337.0, 337.0, 337.0, 337.0, 337.0, 337.0, 337.0, 337.0, 337.0]	[0, 0, 0, 0, 0, 0, 0, 0, 0, 0, 0, 0, 0, 0, 0, 0, 0, 0, 0, 0, 0, 0, 0, 0, 0, 0, 0, 0, 0, 1]	[0, 0, 0, 0, 0, 0, 0, 0, 0, 0, 0, 0, 0, 0, 0, 0, 0, 0, 0, 0, 0, 0, 0, 0, 0, 0, 0, 0, 0, 0]	[0, 0, 0, 0, 0, 0, 0, 0, 0, 0, 0, 0, 0, 0, 0, 0, 0, 0, 0, 0, 0, 0, 0, 0, 0, 0, 0, 0, 0, 0]	[0.00019969999266322702, 0.011353399997460656, 0.028156899992609397, 0.044645899994065985, 0.06148370000300929, 0.07804089999990538, 0.09458119999908376, 0.11170529999071732, 0.12859510000271257, 0.14482329999736976, 0.16165929999260698, 0.17823009999119677, 0.19496880000224337, 0.2114036999992095, 0.22801169999002013, 0.24462319999292959, 0.26129260000016075, 0.2779506999941077, 0.2946330999984639, 0.3112175999995088, 0.3278435999964131, 0.34462839999468997, 0.3611798999918392, 0.37794019999273587, 0.394500499998685, 0.41119849999086, 0.427784999992582, 0.44449619999795686, 0.46119509999698494, 0.478280099996482]	215.0	337.0	0.6	9b
35	2	go_nogo_prac	1	18	1	nogo	none	[59.0, 59.0, 79.0, 103.0, 135.0, 175.0, 204.0, 220.0, 225.0, 226.0, 227.0, 228.0, 230.0, 233.0, 233.0, 233.0, 233.0, 233.0, 233.0, 233.0, 233.0, 233.0, 233.0, 233.0, 233.0, 233.0, 233.0, 233.0, 233.0, 233.0, 233.0, 233.0, 233.0, 233.0, 233.0, 233.0, 233.0, 233.0, 233.0, 233.0, 233.0, 233.0, 233.0, 233.0, 233.0, 233.0, 233.0, 233.0, 233.0, 233.0, 233.0, 233.0, 233.0, 233.0, 233.0, 233.0, 233.0]	[-238.0, -238.0, -134.0, -30.0, 80.0, 180.0, 249.0, 284.0, 298.0, 302.0, 303.0, 305.0, 309.0, 315.0, 317.0, 317.0, 317.0, 317.0, 317.0, 317.0, 317.0, 317.0, 317.0, 317.0, 317.0, 317.0, 317.0, 317.0, 317.0, 317.0, 317.0, 317.0, 317.0, 317.0, 317.0, 317.0, 317.0, 317.0, 317.0, 317.0, 317.0, 317.0, 317.0, 317.0, 317.0, 317.0, 317.0, 317.0, 317.0, 317.0, 317.0, 317.0, 317.0, 317.0, 317.0, 317.0, 317.0]	[0, 0, 0, 0, 0, 0, 0, 0, 0, 0, 0, 0, 0, 0, 0, 0, 0, 0, 0, 0, 0, 0, 0, 0, 0, 0, 0, 0, 0, 0, 0, 0, 0, 0, 0, 0, 0, 0, 0, 0, 0, 0, 0, 0, 0, 0, 0, 0, 0, 0, 0, 0, 0, 0, 0, 0, 0]	[0, 0, 0, 0, 0, 0, 0, 0, 0, 0, 0, 0, 0, 0, 0, 0, 0, 0, 0, 0, 0, 0, 0, 0, 0, 0, 0, 0, 0, 0, 0, 0, 0, 0, 0, 0, 0, 0, 0, 0, 0, 0, 0, 0, 0, 0, 0, 0, 0, 0, 0, 0, 0, 0, 0, 0, 0]	[0, 0, 0, 0, 0, 0, 0, 0, 0, 0, 0, 0, 0, 0, 0, 0, 0, 0, 0, 0, 0, 0, 0, 0, 0, 0, 0, 0, 0, 0, 0, 0, 0, 0, 0, 0, 0, 0, 0, 0, 0, 0, 0, 0, 0, 0, 0, 0, 0, 0, 0, 0, 0, 0, 0, 0, 0]	[0.00019750000501517206, 0.010227100006886758, 0.0269622000050731, 0.0431966000032844, 0.06006319999869447, 0.07647410000208765, 0.09349939999810886, 0.10991149999608751, 0.1265378999960376, 0.14312579999386799, 0.15971960000752006, 0.17643580000731163, 0.19298550000530668, 0.20977509999647737, 0.22624780000478495, 0.24296350000076927, 0.2595679000078235, 0.276267099994584, 0.29299360000004526, 0.3096561999991536, 0.32631730000139214, 0.34298600000329316, 0.3592644000018481, 0.3762501000019256, 0.39303590000781696, 0.40948970000317786, 0.42613629999686964, 0.44280639999487903, 0.4596717999957036, 0.4762094000034267, 0.4929050000064308, 0.5095512999978382, 0.5261222999979509, 0.5429407000046922, 0.5589973000023747, 0.5755599999974947, 0.5925697000056971, 0.6092459000064991, 0.6259826000023168, 0.6429499000078067, 0.6594565999985207, 0.6760249000071781, 0.6928609000024153, 0.709454600000754, 0.7261148999969009, 0.7425126000016462, 0.759421900002053, 0.776118800000404, 0.7928523000009591, 0.8091509999940172, 0.8260377999977209, 0.84256770000502, 0.8592726000060793, 0.8759480000007898, 0.892611899995245, 0.9094066999969073, 0.9260339000029489]	n/a	n/a	0.7	9b
36	2	go_nogo_prac	1	18	8	go	click	[42.0, 42.0, 55.0, 96.0, 140.0, 171.0, 189.0, 203.0, 206.0, 209.0, 210.0, 211.0, 211.0, 212.0, 212.0, 212.0, 212.0, 212.0, 212.0, 212.0, 212.0, 212.0, 212.0, 212.0, 212.0, 212.0]	[-210.0, -210.0, -165.0, -53.0, 67.0, 165.0, 216.0, 255.0, 267.0, 272.0, 277.0, 280.0, 284.0, 286.0, 286.0, 286.0, 286.0, 286.0, 286.0, 287.0, 287.0, 287.0, 287.0, 287.0, 287.0, 287.0]	[0, 0, 0, 0, 0, 0, 0, 0, 0, 0, 0, 0, 0, 0, 0, 0, 0, 0, 0, 0, 0, 0, 0, 0, 0, 1]	[0, 0, 0, 0, 0, 0, 0, 0, 0, 0, 0, 0, 0, 0, 0, 0, 0, 0, 0, 0, 0, 0, 0, 0, 0, 0]	[0, 0, 0, 0, 0, 0, 0, 0, 0, 0, 0, 0, 0, 0, 0, 0, 0, 0, 0, 0, 0, 0, 0, 0, 0, 0]	[0.00018300001102034003, 0.010804400008055381, 0.027681600011419505, 0.04424490001110826, 0.06091650000598747, 0.07743620000837836, 0.09450520000245888, 0.11104660001001321, 0.12816740000562277, 0.14453530000173487, 0.16118970001116395, 0.17761840000457596, 0.19438360001367982, 0.21093560000008438, 0.22741590000805445, 0.2440690000075847, 0.2607952000107616, 0.27756510001199786, 0.29437920000054874, 0.31078980000165757, 0.3272274000046309, 0.344044000012218, 0.36069300000963267, 0.37754169999971054, 0.3939070000051288, 0.41129480001109187]	212.0	287.0	0.7	9b
37	3	go_only	0	18	4	go	click	[99.0, 99.0, 140.0, 174.0, 195.0, 201.0, 208.0, 210.0, 211.0, 213.0, 216.0, 216.0, 216.0, 216.0, 216.0, 216.0, 216.0, 216.0, 212.0, 211.0, 210.0, 208.0, 205.0, 203.0, 202.0, 202.0, 202.0, 202.0]	[-149.0, -149.0, -38.0, 69.0, 139.0, 177.0, 204.0, 217.0, 223.0, 230.0, 236.0, 242.0, 244.0, 244.0, 244.0, 244.0, 247.0, 257.0, 274.0, 287.0, 295.0, 299.0, 305.0, 309.0, 313.0, 314.0, 314.0, 314.0]	[0, 0, 0, 0, 0, 0, 0, 0, 0, 0, 0, 0, 0, 0, 0, 0, 0, 0, 0, 0, 0, 0, 0, 0, 0, 0, 0, 1]	[0, 0, 0, 0, 0, 0, 0, 0, 0, 0, 0, 0, 0, 0, 0, 0, 0, 0, 0, 0, 0, 0, 0, 0, 0, 0, 0, 0]	[0, 0, 0, 0, 0, 0, 0, 0, 0, 0, 0, 0, 0, 0, 0, 0, 0, 0, 0, 0, 0, 0, 0, 0, 0, 0, 0, 0]	[7.520000508520752e-05, 0.011727300006896257, 0.027359600004274398, 0.04390250000869855, 0.06052930001169443, 0.0772492000105558, 0.0938839000009466, 0.11049669999920297, 0.12730710000323597, 0.14392610000504646, 0.16052960000524763, 0.17765399999916553, 0.1937140000081854, 0.21030000000610016, 0.22711490000074264, 0.24390450000646524, 0.2609521999984281, 0.2775390000024345, 0.29410890000872314, 0.31075540000165347, 0.32733150001149625, 0.344343700009631, 0.3607382000045618, 0.3774349000013899, 0.3942042999988189, 0.41048620000947267, 0.4270791000017198, 0.4440628000011202]	202.0	314.0	0.6	9b
38	3	go_only	0	18	8	go	click	[41.0, 41.0, 74.0, 100.0, 121.0, 138.0, 146.0, 152.0, 154.0, 155.0, 157.0, 158.0, 161.0, 163.0, 163.0, 163.0, 163.0, 163.0, 165.0, 166.0, 168.0, 169.0, 169.0, 169.0, 170.0, 172.0, 173.0, 173.0, 173.0, 173.0]	[-187.0, -187.0, -70.0, 35.0, 112.0, 170.0, 202.0, 220.0, 226.0, 230.0, 234.0, 241.0, 249.0, 253.0, 254.0, 254.0, 254.0, 254.0, 257.0, 262.0, 267.0, 271.0, 272.0, 273.0, 275.0, 283.0, 287.0, 288.0, 288.0, 288.0]	[0, 0, 0, 0, 0, 0, 0, 0, 0, 0, 0, 0, 0, 0, 0, 0, 0, 0, 0, 0, 0, 0, 0, 0, 0, 0, 0, 0, 0, 1]	[0, 0, 0, 0, 0, 0, 0, 0, 0, 0, 0, 0, 0, 0, 0, 0, 0, 0, 0, 0, 0, 0, 0, 0, 0, 0, 0, 0, 0, 0]	[0, 0, 0, 0, 0, 0, 0, 0, 0, 0, 0, 0, 0, 0, 0, 0, 0, 0, 0, 0, 0, 0, 0, 0, 0, 0, 0, 0, 0, 0]	[0.0002077999961329624, 0.010157499986235052, 0.02647249998699408, 0.04338669999560807, 0.05967709999822546, 0.07653609999397304, 0.09278639999683946, 0.1096864999999525, 0.12617259999387898, 0.14310189998650458, 0.159791199999745, 0.1763543999986723, 0.1930032999953255, 0.2098946999904001, 0.22623059999023098, 0.24294609999924432, 0.25988569999753963, 0.2763997999863932, 0.2932767999882344, 0.30967379998764955, 0.3263386999897193, 0.3431032999942545, 0.3599977999983821, 0.376464599990868, 0.39315209999040235, 0.40989489998901263, 0.4265848999930313, 0.4429478999954881, 0.4596068999962881, 0.4767587999958778]	173.0	288.0	0.9	9b
39	3	go_only	0	18	2	go	click	[37.0, 37.0, 45.0, 76.0, 96.0, 106.0, 115.0, 122.0, 126.0, 131.0, 133.0, 135.0, 136.0, 137.0, 137.0, 137.0, 137.0, 137.0, 137.0, 137.0, 137.0, 137.0, 139.0, 145.0, 153.0, 159.0, 162.0, 162.0, 162.0, 162.0, 162.0, 162.0]	[-167.0, -167.0, -108.0, 55.0, 147.0, 210.0, 252.0, 279.0, 298.0, 309.0, 315.0, 317.0, 320.0, 321.0, 321.0, 321.0, 321.0, 321.0, 321.0, 321.0, 321.0, 321.0, 322.0, 322.0, 322.0, 322.0, 322.0, 322.0, 322.0, 322.0, 322.0, 322.0]	[0, 0, 0, 0, 0, 0, 0, 0, 0, 0, 0, 0, 0, 0, 0, 0, 0, 0, 0, 0, 0, 0, 0, 0, 0, 0, 0, 0, 0, 0, 0, 1]	[0, 0, 0, 0, 0, 0, 0, 0, 0, 0, 0, 0, 0, 0, 0, 0, 0, 0, 0, 0, 0, 0, 0, 0, 0, 0, 0, 0, 0, 0, 0, 0]	[0, 0, 0, 0, 0, 0, 0, 0, 0, 0, 0, 0, 0, 0, 0, 0, 0, 0, 0, 0, 0, 0, 0, 0, 0, 0, 0, 0, 0, 0, 0, 0]	[0.000255000006291084, 0.01073510000423994, 0.027558300003875047, 0.0446150000061607, 0.061210800005937926, 0.07776880000892561, 0.09430660000361968, 0.1113342000026023, 0.12792670000635553, 0.14427210000576451, 0.16096160000597592, 0.17802089999895543, 0.1943296000099508, 0.2107350000005681, 0.22727390000363812, 0.24419910000870004, 0.2606140999996569, 0.2773893000121461, 0.2940149000060046, 0.31067380000604317, 0.3272075999993831, 0.34425980001105927, 0.36061800000607036, 0.37744690000545233, 0.39410900000075344, 0.41069319999951404, 0.4272876000031829, 0.44381840000278316, 0.4607791000016732, 0.47735490000923164, 0.4938851000042632, 0.510972900010529]	162.0	322.0	0.6	9b
40	3	go_only	0	18	8	go	click	[35.0, 35.0, 67.0, 105.0, 149.0, 194.0, 211.0, 221.0, 225.0, 226.0, 226.0, 226.0, 226.0, 226.0, 226.0, 226.0, 226.0, 226.0, 226.0, 226.0, 226.0, 226.0, 226.0, 226.0, 226.0]	[-240.0, -240.0, -134.0, -22.0, 86.0, 169.0, 210.0, 241.0, 256.0, 266.0, 267.0, 267.0, 268.0, 270.0, 270.0, 270.0, 270.0, 270.0, 270.0, 270.0, 272.0, 272.0, 272.0, 272.0, 273.0]	[0, 0, 0, 0, 0, 0, 0, 0, 0, 0, 0, 0, 0, 0, 0, 0, 0, 0, 0, 0, 0, 0, 0, 0, 1]	[0, 0, 0, 0, 0, 0, 0, 0, 0, 0, 0, 0, 0, 0, 0, 0, 0, 0, 0, 0, 0, 0, 0, 0, 0]	[0, 0, 0, 0, 0, 0, 0, 0, 0, 0, 0, 0, 0, 0, 0, 0, 0, 0, 0, 0, 0, 0, 0, 0, 0]	[0.0002209999947808683, 0.01084239999181591, 0.02761839999584481, 0.04430989999673329, 0.061066499998560175, 0.07763069999055006, 0.09436679999635089, 0.110908799993922, 0.12786989999585785, 0.14417509999475442, 0.16078469999774825, 0.17750710000109393, 0.1942955999984406, 0.21069629999692552, 0.22751979999884497, 0.2441493999940576, 0.26101960000232793, 0.2777009999990696, 0.29421849999926053, 0.3112829000019701, 0.3272995000006631, 0.34413519999361597, 0.360838499997044, 0.3776247999921907, 0.3941766999923857]	226.0	273.0	1.0	9b
41	3	go_only	0	18	4	go	click	[73.0, 73.0, 108.0, 138.0, 168.0, 196.0, 215.0, 225.0, 233.0, 237.0, 241.0, 243.0, 244.0, 244.0, 244.0, 244.0, 244.0, 244.0, 244.0, 244.0, 244.0, 244.0, 244.0, 244.0, 244.0, 244.0, 244.0, 244.0, 244.0]	[-186.0, -186.0, -80.0, 15.0, 98.0, 170.0, 222.0, 257.0, 276.0, 287.0, 301.0, 310.0, 313.0, 313.0, 313.0, 313.0, 313.0, 313.0, 313.0, 313.0, 313.0, 313.0, 313.0, 313.0, 313.0, 313.0, 313.0, 313.0, 313.0]	[0, 0, 0, 0, 0, 0, 0, 0, 0, 0, 0, 0, 0, 0, 0, 0, 0, 0, 0, 0, 0, 0, 0, 0, 0, 0, 0, 0, 1]	[0, 0, 0, 0, 0, 0, 0, 0, 0, 0, 0, 0, 0, 0, 0, 0, 0, 0, 0, 0, 0, 0, 0, 0, 0, 0, 0, 0, 0]	[0, 0, 0, 0, 0, 0, 0, 0, 0, 0, 0, 0, 0, 0, 0, 0, 0, 0, 0, 0, 0, 0, 0, 0, 0, 0, 0, 0, 0]	[0.0002069000038318336, 0.01051279999956023, 0.02679429999261629, 0.043643700002576225, 0.060401499998988584, 0.076696299991454, 0.09360049999668263, 0.11010049999458715, 0.12699659999634605, 0.1435425999952713, 0.16004319999774452, 0.17679349999525584, 0.1933809000038309, 0.21009569999296218, 0.22673399999621324, 0.2435164999915287, 0.26006479999341536, 0.2765359000040917, 0.2932215000037104, 0.30989049999334384, 0.32652560000133235, 0.3434391000046162, 0.3599858999950811, 0.376673299993854, 0.39319229999091476, 0.410019499991904, 0.42646020000393037, 0.44334779999917373, 0.4622347999975318]	244.0	313.0	0.5	9b
42	3	go_only	0	18	2	go	click	[1.0, 1.0, 16.0, 34.0, 58.0, 74.0, 84.0, 90.0, 92.0, 96.0, 97.0, 97.0, 98.0, 98.0, 98.0, 98.0, 98.0, 101.0, 112.0, 125.0, 142.0, 158.0, 168.0, 173.0, 175.0, 176.0, 177.0, 177.0, 177.0, 177.0, 177.0]	[-200.0, -200.0, -102.0, 9.0, 117.0, 193.0, 230.0, 249.0, 259.0, 267.0, 272.0, 274.0, 276.0, 276.0, 276.0, 276.0, 276.0, 278.0, 278.0, 278.0, 273.0, 271.0, 269.0, 269.0, 269.0, 270.0, 270.0, 271.0, 271.0, 271.0, 271.0]	[0, 0, 0, 0, 0, 0, 0, 0, 0, 0, 0, 0, 0, 0, 0, 0, 0, 0, 0, 0, 0, 0, 0, 0, 0, 0, 0, 0, 0, 0, 1]	[0, 0, 0, 0, 0, 0, 0, 0, 0, 0, 0, 0, 0, 0, 0, 0, 0, 0, 0, 0, 0, 0, 0, 0, 0, 0, 0, 0, 0, 0, 0]	[0, 0, 0, 0, 0, 0, 0, 0, 0, 0, 0, 0, 0, 0, 0, 0, 0, 0, 0, 0, 0, 0, 0, 0, 0, 0, 0, 0, 0, 0, 0]	[0.00020509999012574553, 0.011488899996038526, 0.027836099994601682, 0.0450655999884475, 0.061335299993515946, 0.07821459999831859, 0.09494299998914357, 0.11180869999225251, 0.12812739999208134, 0.14463379999506287, 0.16131559999485034, 0.1779448000015691, 0.19466199999442324, 0.21116449999681208, 0.22786959999939427, 0.24457099998835474, 0.26159919999190606, 0.27805049999733455, 0.2947608999966178, 0.31125479999172967, 0.3278178999898955, 0.3444642999966163, 0.361506899993401, 0.3778155999898445, 0.3943530999968061, 0.41119299999263603, 0.4281237999966834, 0.44454749999567866, 0.46117929999309126, 0.47795709999627434, 0.4948263999976916]	177.0	271.0	0.7	9b
43	3	go_only	0	18	6	go	click	[-1.0, -1.0, 16.0, 60.0, 105.0, 145.0, 171.0, 176.0, 187.0, 191.0, 193.0, 196.0, 201.0, 205.0, 207.0, 208.0, 208.0, 208.0, 208.0, 208.0, 208.0, 208.0, 208.0, 208.0, 208.0, 208.0, 208.0, 206.0, 204.0, 203.0, 202.0, 202.0, 202.0, 202.0, 202.0]	[-236.0, -236.0, -172.0, -33.0, 98.0, 203.0, 283.0, 297.0, 329.0, 341.0, 347.0, 354.0, 366.0, 375.0, 381.0, 382.0, 382.0, 382.0, 382.0, 382.0, 382.0, 382.0, 382.0, 382.0, 374.0, 357.0, 346.0, 337.0, 331.0, 326.0, 323.0, 323.0, 323.0, 323.0, 323.0]	[0, 0, 0, 0, 0, 0, 0, 0, 0, 0, 0, 0, 0, 0, 0, 0, 0, 0, 0, 0, 0, 0, 0, 0, 0, 0, 0, 0, 0, 0, 0, 0, 0, 0, 1]	[0, 0, 0, 0, 0, 0, 0, 0, 0, 0, 0, 0, 0, 0, 0, 0, 0, 0, 0, 0, 0, 0, 0, 0, 0, 0, 0, 0, 0, 0, 0, 0, 0, 0, 0]	[0, 0, 0, 0, 0, 0, 0, 0, 0, 0, 0, 0, 0, 0, 0, 0, 0, 0, 0, 0, 0, 0, 0, 0, 0, 0, 0, 0, 0, 0, 0, 0, 0, 0, 0]	[0.00018899999849963933, 0.010473699992871843, 0.027248700003838167, 0.04416700000001583, 0.060594499998842366, 0.0772675999905914, 0.09420730000420008, 0.11044789999141358, 0.1270927000005031, 0.14430829999037087, 0.16038030000345316, 0.17696969999815337, 0.19371369999134913, 0.2102007999928901, 0.22700459999032319, 0.24367280000296887, 0.2602171000035014, 0.27727109999977984, 0.29373459999624174, 0.31017830000200775, 0.32676929999433924, 0.3435116000036942, 0.36017339999671094, 0.377194500004407, 0.39407110000320245, 0.41033969999989495, 0.42682609999610577, 0.44361980000394396, 0.46023389999754727, 0.4770266999985324, 0.49388369999360293, 0.5102411999978358, 0.5269170999963535, 0.5434702999918954, 0.5612566999916453]	202.0	323.0	0.5	9b
44	3	go_only	0	18	4	go	click	[30.0, 30.0, 49.0, 73.0, 98.0, 126.0, 148.0, 166.0, 176.0, 187.0, 196.0, 205.0, 209.0, 209.0, 209.0, 209.0, 209.0, 209.0, 209.0, 209.0, 209.0, 209.0, 209.0, 209.0]	[-271.0, -271.0, -209.0, -127.0, -30.0, 56.0, 127.0, 177.0, 208.0, 234.0, 259.0, 278.0, 291.0, 293.0, 293.0, 293.0, 293.0, 293.0, 293.0, 293.0, 293.0, 293.0, 293.0, 293.0]	[0, 0, 0, 0, 0, 0, 0, 0, 0, 0, 0, 0, 0, 0, 0, 0, 0, 0, 0, 0, 0, 0, 0, 1]	[0, 0, 0, 0, 0, 0, 0, 0, 0, 0, 0, 0, 0, 0, 0, 0, 0, 0, 0, 0, 0, 0, 0, 0]	[0, 0, 0, 0, 0, 0, 0, 0, 0, 0, 0, 0, 0, 0, 0, 0, 0, 0, 0, 0, 0, 0, 0, 0]	[8.170001092366874e-05, 0.01191510001081042, 0.028157500011730008, 0.044936900012544356, 0.06132410001009703, 0.07803480001166463, 0.09475900001416449, 0.1113795000128448, 0.12797350001346786, 0.14487700001336634, 0.16145910001068842, 0.1783183000079589, 0.19553240000095684, 0.2112160000106087, 0.22805970000626985, 0.2446310000086669, 0.2612991000059992, 0.2779265000135638, 0.2945913000003202, 0.31132370000705123, 0.3278627000108827, 0.34493820001080167, 0.3612670000002254, 0.37822220000089146]	209.0	293.0	0.6	9b
45	3	go_only	0	18	6	go	click	[66.0, 66.0, 98.0, 134.0, 162.0, 183.0, 198.0, 211.0, 216.0, 219.0, 219.0, 222.0, 227.0, 231.0, 233.0, 233.0, 233.0, 233.0, 233.0, 233.0, 234.0, 234.0, 234.0]	[-159.0, -159.0, -49.0, 43.0, 119.0, 178.0, 213.0, 236.0, 247.0, 254.0, 255.0, 262.0, 273.0, 285.0, 289.0, 290.0, 290.0, 290.0, 291.0, 292.0, 294.0, 294.0, 294.0]	[0, 0, 0, 0, 0, 0, 0, 0, 0, 0, 0, 0, 0, 0, 0, 0, 0, 0, 0, 0, 0, 0, 1]	[0, 0, 0, 0, 0, 0, 0, 0, 0, 0, 0, 0, 0, 0, 0, 0, 0, 0, 0, 0, 0, 0, 0]	[0, 0, 0, 0, 0, 0, 0, 0, 0, 0, 0, 0, 0, 0, 0, 0, 0, 0, 0, 0, 0, 0, 0]	[7.390000973828137e-05, 0.0108098000055179, 0.027363300003344193, 0.04378300000098534, 0.06043830000271555, 0.07707950001349673, 0.0938114000018686, 0.11062040000979323, 0.1275554000021657, 0.14395690000674222, 0.1605536000133725, 0.17788380000274628, 0.19389770000998396, 0.21055500001239125, 0.22718440000608098, 0.24425460000929888, 0.2603201000019908, 0.27716170001076534, 0.29390020000573713, 0.31040040000516456, 0.3268304000084754, 0.3434148000087589, 0.3605965000024298]	234.0	294.0	1.0	9b
46	3	go_only	0	18	7	go	click	[38.0, 38.0, 48.0, 56.0, 64.0, 71.0, 72.0, 75.0, 76.0, 79.0, 82.0, 84.0, 85.0, 86.0, 87.0, 90.0, 94.0, 100.0, 105.0, 113.0, 120.0, 124.0, 130.0, 133.0, 143.0, 148.0, 152.0, 153.0, 154.0, 154.0, 154.0, 154.0]	[-186.0, -186.0, -123.0, -62.0, -14.0, 24.0, 51.0, 67.0, 80.0, 95.0, 110.0, 127.0, 133.0, 135.0, 142.0, 151.0, 166.0, 182.0, 199.0, 216.0, 232.0, 245.0, 260.0, 267.0, 286.0, 292.0, 298.0, 300.0, 300.0, 301.0, 301.0, 301.0]	[0, 0, 0, 0, 0, 0, 0, 0, 0, 0, 0, 0, 0, 0, 0, 0, 0, 0, 0, 0, 0, 0, 0, 0, 0, 0, 0, 0, 0, 0, 0, 1]	[0, 0, 0, 0, 0, 0, 0, 0, 0, 0, 0, 0, 0, 0, 0, 0, 0, 0, 0, 0, 0, 0, 0, 0, 0, 0, 0, 0, 0, 0, 0, 0]	[0, 0, 0, 0, 0, 0, 0, 0, 0, 0, 0, 0, 0, 0, 0, 0, 0, 0, 0, 0, 0, 0, 0, 0, 0, 0, 0, 0, 0, 0, 0, 0]	[0.0002432999899610877, 0.011622299993177876, 0.028236999991349876, 0.044667399997706525, 0.06159099999058526, 0.07814059998781886, 0.09480619999521878, 0.11151829999289475, 0.1281509999971604, 0.1451284999930067, 0.1614839999965625, 0.17809689999558032, 0.19524889999593142, 0.21162089999415912, 0.22852859999693464, 0.24486269999761134, 0.26141209999332204, 0.2786055999895325, 0.29490359999181237, 0.3113498999882722, 0.3280359999916982, 0.3448055999906501, 0.36144969999440946, 0.3781882999901427, 0.3947209999896586, 0.4115802999876905, 0.42808030000014696, 0.4447811999998521, 0.461468599998625, 0.47784509998746216, 0.49448429999756627, 0.5115354000008665]	154.0	301.0	0.6	9b
47	3	go_only	0	18	2	go	click	[39.0, 39.0, 74.0, 104.0, 123.0, 140.0, 156.0, 170.0, 177.0, 184.0, 189.0, 195.0, 200.0, 206.0, 209.0, 210.0, 210.0, 210.0, 210.0, 211.0, 214.0, 216.0, 219.0, 220.0, 220.0, 220.0, 220.0, 221.0, 221.0, 221.0, 221.0]	[-247.0, -247.0, -159.0, -90.0, -42.0, 5.0, 49.0, 82.0, 97.0, 111.0, 121.0, 137.0, 146.0, 168.0, 175.0, 176.0, 176.0, 176.0, 177.0, 184.0, 199.0, 212.0, 223.0, 233.0, 238.0, 246.0, 256.0, 265.0, 273.0, 275.0, 276.0]	[0, 0, 0, 0, 0, 0, 0, 0, 0, 0, 0, 0, 0, 0, 0, 0, 0, 0, 0, 0, 0, 0, 0, 0, 0, 0, 0, 0, 0, 0, 1]	[0, 0, 0, 0, 0, 0, 0, 0, 0, 0, 0, 0, 0, 0, 0, 0, 0, 0, 0, 0, 0, 0, 0, 0, 0, 0, 0, 0, 0, 0, 0]	[0, 0, 0, 0, 0, 0, 0, 0, 0, 0, 0, 0, 0, 0, 0, 0, 0, 0, 0, 0, 0, 0, 0, 0, 0, 0, 0, 0, 0, 0, 0]	[0.00032649999775458127, 0.010471400004462339, 0.026946700003463775, 0.0440050000033807, 0.060556099997484125, 0.07698290000553243, 0.09368950000498444, 0.11049849999835715, 0.12704130000201985, 0.14406950000557117, 0.16049559999373741, 0.1770340000075521, 0.19386650000524241, 0.21077109999896493, 0.22714289999566972, 0.2435468000039691, 0.2603266999940388, 0.2769380999961868, 0.29368129999784287, 0.3101941000059014, 0.3270156000071438, 0.343667799999821, 0.3605119999992894, 0.3768973999976879, 0.3942724999942584, 0.4108842999994522, 0.4277885000046808, 0.4438439999939874, 0.46025160000135656, 0.4766875000059372, 0.49355860000650864]	222.0	276.0	0.9	9b
48	3	go_only	0	18	6	go	click	[82.0, 82.0, 99.0, 139.0, 190.0, 220.0, 235.0, 243.0, 248.0, 251.0, 253.0, 253.0, 253.0, 253.0, 253.0, 253.0, 253.0, 253.0, 253.0, 253.0, 253.0, 253.0, 253.0, 253.0, 252.0, 248.0, 245.0, 243.0, 243.0, 243.0, 243.0]	[-194.0, -194.0, -152.0, -52.0, 86.0, 158.0, 205.0, 229.0, 244.0, 252.0, 256.0, 260.0, 262.0, 262.0, 262.0, 262.0, 262.0, 262.0, 262.0, 264.0, 265.0, 266.0, 267.0, 268.0, 272.0, 279.0, 284.0, 287.0, 287.0, 287.0, 287.0]	[0, 0, 0, 0, 0, 0, 0, 0, 0, 0, 0, 0, 0, 0, 0, 0, 0, 0, 0, 0, 0, 0, 0, 0, 0, 0, 0, 0, 0, 0, 1]	[0, 0, 0, 0, 0, 0, 0, 0, 0, 0, 0, 0, 0, 0, 0, 0, 0, 0, 0, 0, 0, 0, 0, 0, 0, 0, 0, 0, 0, 0, 0]	[0, 0, 0, 0, 0, 0, 0, 0, 0, 0, 0, 0, 0, 0, 0, 0, 0, 0, 0, 0, 0, 0, 0, 0, 0, 0, 0, 0, 0, 0, 0]	[0.0005266000080155209, 0.012326199997914955, 0.02888100000564009, 0.04541960000642575, 0.06234319999930449, 0.07888990000355989, 0.09551290000672452, 0.11204829999769572, 0.12875060000806116, 0.14541199999803212, 0.1620866000012029, 0.17881219999981113, 0.19508049999421928, 0.21173399999679532, 0.22843740000098478, 0.24512350000441074, 0.2618277000001399, 0.27839209999365266, 0.2954867000080412, 0.3119598000048427, 0.3286502999981167, 0.3453471999964677, 0.3620431000017561, 0.37864989999798127, 0.3953336999984458, 0.4119455000036396, 0.4286726999998791, 0.445173000000068, 0.46170210000127554, 0.47850549999566283, 0.49570820000371896]	243.0	287.0	0.6	9b
49	3	go_only	0	18	3	go	click	[34.0, 34.0, 67.0, 101.0, 130.0, 159.0, 180.0, 196.0, 206.0, 211.0, 215.0, 216.0, 217.0, 217.0, 217.0, 217.0, 217.0, 217.0, 217.0, 217.0, 217.0, 217.0, 217.0, 217.0]	[-247.0, -247.0, -156.0, -57.0, 30.0, 106.0, 165.0, 209.0, 235.0, 250.0, 257.0, 260.0, 262.0, 262.0, 262.0, 262.0, 262.0, 262.0, 262.0, 262.0, 262.0, 262.0, 262.0, 262.0]	[0, 0, 0, 0, 0, 0, 0, 0, 0, 0, 0, 0, 0, 0, 0, 0, 0, 0, 0, 0, 0, 0, 0, 1]	[0, 0, 0, 0, 0, 0, 0, 0, 0, 0, 0, 0, 0, 0, 0, 0, 0, 0, 0, 0, 0, 0, 0, 0]	[0, 0, 0, 0, 0, 0, 0, 0, 0, 0, 0, 0, 0, 0, 0, 0, 0, 0, 0, 0, 0, 0, 0, 0]	[0.00020570000924635679, 0.010694399999920279, 0.027154499999596737, 0.0436106999986805, 0.06057630000577774, 0.07714480000140611, 0.09378589999687392, 0.11045649999869056, 0.12724050000542775, 0.14383240000461228, 0.16073879999748897, 0.1774303999991389, 0.19377300000633113, 0.21026849999907427, 0.22702920000301674, 0.2437536000070395, 0.2604691000015009, 0.27727259999664966, 0.293671200008248, 0.31056929999613203, 0.3272469000075944, 0.3436268000077689, 0.36037360000773333, 0.3773693999974057]	217.0	262.0	0.9	9b
50	3	go_only	0	18	7	go	click	[54.0, 54.0, 70.0, 122.0, 153.0, 180.0, 201.0, 215.0, 222.0, 225.0, 226.0, 226.0, 226.0, 226.0, 226.0, 226.0, 226.0, 226.0, 226.0, 226.0, 226.0, 226.0, 226.0, 226.0, 220.0, 214.0, 208.0, 204.0, 203.0, 202.0, 202.0, 202.0, 202.0]	[-154.0, -154.0, -101.0, 70.0, 172.0, 255.0, 314.0, 352.0, 372.0, 380.0, 382.0, 384.0, 385.0, 385.0, 385.0, 385.0, 385.0, 385.0, 385.0, 385.0, 385.0, 385.0, 385.0, 377.0, 356.0, 333.0, 314.0, 302.0, 298.0, 296.0, 296.0, 296.0, 296.0]	[0, 0, 0, 0, 0, 0, 0, 0, 0, 0, 0, 0, 0, 0, 0, 0, 0, 0, 0, 0, 0, 0, 0, 0, 0, 0, 0, 0, 0, 0, 0, 0, 1]	[0, 0, 0, 0, 0, 0, 0, 0, 0, 0, 0, 0, 0, 0, 0, 0, 0, 0, 0, 0, 0, 0, 0, 0, 0, 0, 0, 0, 0, 0, 0, 0, 0]	[0, 0, 0, 0, 0, 0, 0, 0, 0, 0, 0, 0, 0, 0, 0, 0, 0, 0, 0, 0, 0, 0, 0, 0, 0, 0, 0, 0, 0, 0, 0, 0, 0]	[0.0001860999909695238, 0.011562799991224892, 0.028170799996587448, 0.044948099995963275, 0.06178879999788478, 0.07809959999576677, 0.09480069999699481, 0.11156999999366235, 0.1280718999914825, 0.14476830000057817, 0.16139039999688976, 0.17833260000043083, 0.19465659999696072, 0.21141160000115633, 0.22790339999482967, 0.24466260000190232, 0.261249899995164, 0.2780090000014752, 0.2945791999954963, 0.31129800000053365, 0.328106699991622, 0.3445508000004338, 0.3613340000010794, 0.37796280000475235, 0.394921200000681, 0.41136630000255536, 0.42824710000422783, 0.4449224999989383, 0.46185989999503363, 0.4778858999925433, 0.49438479999662377, 0.5112342999927932, 0.5282292999909259]	202.0	296.0	0.5	9b
51	3	go_only	0	18	7	go	click	[43.0, 43.0, 66.0, 92.0, 112.0, 127.0, 147.0, 164.0, 179.0, 198.0, 209.0, 215.0, 220.0, 224.0, 228.0, 230.0, 230.0, 230.0, 230.0, 231.0, 231.0, 231.0, 232.0, 232.0, 232.0, 232.0, 232.0]	[-264.0, -264.0, -186.0, -107.0, -41.0, 5.0, 57.0, 104.0, 139.0, 183.0, 208.0, 226.0, 237.0, 247.0, 258.0, 264.0, 265.0, 265.0, 265.0, 268.0, 270.0, 273.0, 275.0, 275.0, 276.0, 276.0, 276.0]	[0, 0, 0, 0, 0, 0, 0, 0, 0, 0, 0, 0, 0, 0, 0, 0, 0, 0, 0, 0, 0, 0, 0, 0, 0, 0, 1]	[0, 0, 0, 0, 0, 0, 0, 0, 0, 0, 0, 0, 0, 0, 0, 0, 0, 0, 0, 0, 0, 0, 0, 0, 0, 0, 0]	[0, 0, 0, 0, 0, 0, 0, 0, 0, 0, 0, 0, 0, 0, 0, 0, 0, 0, 0, 0, 0, 0, 0, 0, 0, 0, 0]	[8.650000381749123e-05, 0.013080599994282238, 0.02981369999179151, 0.04655800000182353, 0.0632595999923069, 0.07997059999615885, 0.09660780000558589, 0.1132794000004651, 0.12984249999863096, 0.14657670000451617, 0.1631727000058163, 0.1796805000049062, 0.19639019999885932, 0.21321269999316428, 0.22980820000520907, 0.2464648000022862, 0.262963100001798, 0.27957769999920856, 0.2965503000013996, 0.31308910000370815, 0.329712799997651, 0.3467728999967221, 0.3630552999966312, 0.37996069999644533, 0.3964918999990914, 0.4130306000006385, 0.4302698999963468]	232.0	276.0	0.8	9b
52	3	go_only	0	18	3	go	click	[13.0, 13.0, 23.0, 54.0, 89.0, 115.0, 139.0, 161.0, 168.0, 175.0, 179.0, 183.0, 185.0, 187.0, 187.0, 187.0, 187.0, 187.0, 187.0, 187.0, 187.0, 187.0, 187.0, 187.0, 190.0, 200.0, 209.0, 215.0, 219.0, 221.0, 221.0, 222.0, 222.0, 222.0]	[-249.0, -249.0, -219.0, -146.0, -58.0, 21.0, 84.0, 141.0, 160.0, 176.0, 191.0, 203.0, 209.0, 212.0, 213.0, 213.0, 213.0, 213.0, 213.0, 213.0, 213.0, 213.0, 213.0, 213.0, 226.0, 249.0, 272.0, 293.0, 312.0, 325.0, 336.0, 342.0, 342.0, 342.0]	[0, 0, 0, 0, 0, 0, 0, 0, 0, 0, 0, 0, 0, 0, 0, 0, 0, 0, 0, 0, 0, 0, 0, 0, 0, 0, 0, 0, 0, 0, 0, 0, 0, 1]	[0, 0, 0, 0, 0, 0, 0, 0, 0, 0, 0, 0, 0, 0, 0, 0, 0, 0, 0, 0, 0, 0, 0, 0, 0, 0, 0, 0, 0, 0, 0, 0, 0, 0]	[0, 0, 0, 0, 0, 0, 0, 0, 0, 0, 0, 0, 0, 0, 0, 0, 0, 0, 0, 0, 0, 0, 0, 0, 0, 0, 0, 0, 0, 0, 0, 0, 0, 0]	[0.00026760000037029386, 0.010967000009259209, 0.027512900007423013, 0.04437790000520181, 0.06091360001300927, 0.07752160000381991, 0.09461280000687111, 0.11166450000018813, 0.12870510001084767, 0.14433010001084767, 0.16104450001148507, 0.17760600001201965, 0.19427900000300724, 0.2111254000046756, 0.22780460001376923, 0.24438950000330806, 0.2610026000038488, 0.27757460001157597, 0.2942654000071343, 0.3110634000040591, 0.32763740001246333, 0.34420210000826046, 0.3607157000078587, 0.3777186000079382, 0.3943720000097528, 0.4111570000095526, 0.4277987000095891, 0.44458950000989717, 0.4611101000045892, 0.47760580001340713, 0.49422160000540316, 0.5107258000061847, 0.5272455000085756, 0.5444528000080027]	222.0	342.0	0.9	9b
53	3	go_only	0	18	8	go	click	[41.0, 41.0, 56.0, 78.0, 97.0, 100.0, 109.0, 113.0, 122.0, 128.0, 133.0, 140.0, 147.0, 150.0, 150.0, 150.0, 150.0, 151.0, 157.0, 159.0, 168.0, 169.0, 175.0, 177.0, 180.0, 184.0, 187.0, 189.0, 190.0, 190.0, 191.0, 191.0]	[-290.0, -290.0, -204.0, -111.0, -35.0, -20.0, 16.0, 43.0, 73.0, 86.0, 100.0, 115.0, 131.0, 139.0, 142.0, 142.0, 142.0, 142.0, 154.0, 158.0, 181.0, 189.0, 209.0, 222.0, 241.0, 260.0, 276.0, 289.0, 297.0, 300.0, 300.0, 300.0]	[0, 0, 0, 0, 0, 0, 0, 0, 0, 0, 0, 0, 0, 0, 0, 0, 0, 0, 0, 0, 0, 0, 0, 0, 0, 0, 0, 0, 0, 0, 0, 1]	[0, 0, 0, 0, 0, 0, 0, 0, 0, 0, 0, 0, 0, 0, 0, 0, 0, 0, 0, 0, 0, 0, 0, 0, 0, 0, 0, 0, 0, 0, 0, 0]	[0, 0, 0, 0, 0, 0, 0, 0, 0, 0, 0, 0, 0, 0, 0, 0, 0, 0, 0, 0, 0, 0, 0, 0, 0, 0, 0, 0, 0, 0, 0, 0]	[7.769999501761049e-05, 0.011942900004214607, 0.028611500005354173, 0.04516880000301171, 0.062088999999105, 0.07856510000419803, 0.09527279999747407, 0.1118650999997044, 0.1290789000049699, 0.145304000005126, 0.16230969999742229, 0.17946349999692757, 0.19484709999233019, 0.21143310000479687, 0.2281957999948645, 0.24498059999314137, 0.26159870000265073, 0.27865369999199174, 0.2951277999964077, 0.31173269999271724, 0.3284966999926837, 0.34489019999455195, 0.36144839999906253, 0.3781183999963105, 0.395257500000298, 0.411817100000917, 0.4285070000041742, 0.4449369999929331, 0.46192519999749493, 0.4784481999959098, 0.4948160000058124, 0.5120547999977134]	191.0	300.0	0.6	9b
54	3	go_only	0	18	3	go	click	[24.0, 24.0, 40.0, 78.0, 112.0, 160.0, 175.0, 183.0, 189.0, 193.0, 198.0, 205.0, 206.0, 207.0, 207.0, 207.0, 207.0, 207.0, 207.0, 207.0, 207.0]	[-232.0, -232.0, -175.0, -64.0, 35.0, 172.0, 222.0, 251.0, 270.0, 283.0, 299.0, 313.0, 319.0, 320.0, 320.0, 320.0, 320.0, 320.0, 320.0, 320.0, 320.0]	[0, 0, 0, 0, 0, 0, 0, 0, 0, 0, 0, 0, 0, 0, 0, 0, 0, 0, 0, 0, 1]	[0, 0, 0, 0, 0, 0, 0, 0, 0, 0, 0, 0, 0, 0, 0, 0, 0, 0, 0, 0, 0]	[0, 0, 0, 0, 0, 0, 0, 0, 0, 0, 0, 0, 0, 0, 0, 0, 0, 0, 0, 0, 0]	[0.00020110000332351774, 0.011844299995573238, 0.02844069999991916, 0.045020100005785935, 0.061651600000914186, 0.07831369999621529, 0.09509099999559112, 0.11282559999381192, 0.12843979999888688, 0.14491800000541843, 0.16168249999464024, 0.17830339999636635, 0.195157800000743, 0.2115611000044737, 0.2282400999974925, 0.2448601000069175, 0.2615513000055216, 0.27815539999573957, 0.29502629999478813, 0.3115606000064872, 0.32874090000404976]	207.0	320.0	0.7	9b
55	4	go_nogo	0	60	6	go	click	[21.0, 21.0, 25.0, 33.0, 46.0, 66.0, 91.0, 97.0, 98.0, 99.0, 101.0, 106.0, 114.0, 120.0, 123.0, 124.0, 125.0, 125.0, 126.0, 131.0, 142.0, 148.0, 150.0, 151.0, 151.0, 151.0, 151.0, 152.0, 152.0, 152.0, 152.0]	[-242.0, -242.0, -200.0, -104.0, -21.0, 45.0, 118.0, 139.0, 146.0, 151.0, 157.0, 172.0, 203.0, 230.0, 245.0, 250.0, 251.0, 252.0, 253.0, 263.0, 285.0, 294.0, 299.0, 300.0, 300.0, 300.0, 300.0, 300.0, 301.0, 301.0, 301.0]	[0, 0, 0, 0, 0, 0, 0, 0, 0, 0, 0, 0, 0, 0, 0, 0, 0, 0, 0, 0, 0, 0, 0, 0, 0, 0, 0, 0, 0, 0, 1]	[0, 0, 0, 0, 0, 0, 0, 0, 0, 0, 0, 0, 0, 0, 0, 0, 0, 0, 0, 0, 0, 0, 0, 0, 0, 0, 0, 0, 0, 0, 0]	[0, 0, 0, 0, 0, 0, 0, 0, 0, 0, 0, 0, 0, 0, 0, 0, 0, 0, 0, 0, 0, 0, 0, 0, 0, 0, 0, 0, 0, 0, 0]	[0.00020160000713076442, 0.010157299999264069, 0.026904800004558638, 0.04352249999647029, 0.060829399997601286, 0.0770565999991959, 0.09338950000528712, 0.11006180000549648, 0.12676729999657255, 0.14350370000465773, 0.1598255999997491, 0.17656010000791866, 0.19328680000035092, 0.2099958000035258, 0.2269018000079086, 0.24341629999980796, 0.2600898000091547, 0.2769842999987304, 0.29334400000516325, 0.31021579999651294, 0.3270201999985147, 0.3433826999971643, 0.3600890000088839, 0.376779300000635, 0.393281399999978, 0.4101414000033401, 0.4268486000073608, 0.44366140000056475, 0.4599257000081707, 0.4765771000093082, 0.4939567999972496]	152.0	301.0	1.0	9b
56	4	go_nogo	0	60	1	nogo	none	[44.0, 44.0, 66.0, 126.0, 161.0, 189.0, 209.0, 220.0, 225.0, 230.0, 231.0, 234.0, 235.0, 235.0, 236.0, 236.0, 236.0, 236.0, 236.0, 236.0, 236.0, 236.0, 236.0, 236.0, 236.0, 236.0, 236.0, 236.0, 236.0, 236.0, 236.0, 236.0, 236.0, 236.0, 236.0, 236.0, 236.0, 236.0, 236.0, 236.0, 236.0, 236.0, 236.0, 236.0, 236.0, 236.0, 236.0, 236.0, 236.0, 236.0, 236.0, 236.0, 236.0, 236.0, 236.0, 236.0, 236.0, 236.0]	[-191.0, -191.0, -136.0, 29.0, 113.0, 175.0, 215.0, 244.0, 261.0, 274.0, 285.0, 290.0, 292.0, 296.0, 300.0, 300.0, 300.0, 300.0, 300.0, 300.0, 302.0, 303.0, 303.0, 303.0, 303.0, 303.0, 303.0, 303.0, 303.0, 303.0, 303.0, 303.0, 303.0, 303.0, 303.0, 303.0, 303.0, 303.0, 303.0, 303.0, 303.0, 303.0, 303.0, 303.0, 303.0, 303.0, 303.0, 303.0, 303.0, 303.0, 303.0, 303.0, 303.0, 303.0, 303.0, 303.0, 303.0, 303.0]	[0, 0, 0, 0, 0, 0, 0, 0, 0, 0, 0, 0, 0, 0, 0, 0, 0, 0, 0, 0, 0, 0, 0, 0, 0, 0, 0, 0, 0, 0, 0, 0, 0, 0, 0, 0, 0, 0, 0, 0, 0, 0, 0, 0, 0, 0, 0, 0, 0, 0, 0, 0, 0, 0, 0, 0, 0, 0]	[0, 0, 0, 0, 0, 0, 0, 0, 0, 0, 0, 0, 0, 0, 0, 0, 0, 0, 0, 0, 0, 0, 0, 0, 0, 0, 0, 0, 0, 0, 0, 0, 0, 0, 0, 0, 0, 0, 0, 0, 0, 0, 0, 0, 0, 0, 0, 0, 0, 0, 0, 0, 0, 0, 0, 0, 0, 0]	[0, 0, 0, 0, 0, 0, 0, 0, 0, 0, 0, 0, 0, 0, 0, 0, 0, 0, 0, 0, 0, 0, 0, 0, 0, 0, 0, 0, 0, 0, 0, 0, 0, 0, 0, 0, 0, 0, 0, 0, 0, 0, 0, 0, 0, 0, 0, 0, 0, 0, 0, 0, 0, 0, 0, 0, 0, 0]	[0.00020710000535473228, 0.009446299998671748, 0.02651460000197403, 0.04273280000779778, 0.05986480000137817, 0.07616549999511335, 0.09278000000631437, 0.1092250000074273, 0.12633060000371188, 0.14258270000573248, 0.15953089999675285, 0.17589080000470858, 0.1925695999962045, 0.20939580000413116, 0.22599940000509378, 0.24227390000305604, 0.25913380000565667, 0.2754585000075167, 0.29231820000859443, 0.30898670000897255, 0.3261253999953624, 0.3423982999956934, 0.359064500007662, 0.37585199999739416, 0.39223470000433736, 0.4089848000003258, 0.4256422000034945, 0.4422391999978572, 0.4589747999998508, 0.4755592000001343, 0.4925717000005534, 0.5089905000058934, 0.5255160999950022, 0.5422341000084998, 0.5590431000018725, 0.5755567000014707, 0.5923131000017747, 0.6090268999978434, 0.6256854999955976, 0.6422793000092497, 0.6588494000025094, 0.6755833000061102, 0.6922744000039529, 0.7091734999994515, 0.7256913000019267, 0.742320599994855, 0.7590197999961674, 0.7755192000040552, 0.7923087000090163, 0.8090099999972153, 0.8256532999948831, 0.8421953000070062, 0.8589080999954604, 0.8755291999987094, 0.8920423999952618, 0.9089879999955883, 0.9256762000004528, 0.9421694000047864]	n/a	n/a	0.8	9b
57	4	go_nogo	0	60	4	go	click	[-3.0, -3.0, 23.0, 47.0, 65.0, 81.0, 109.0, 119.0, 123.0, 125.0, 125.0, 126.0, 127.0, 129.0, 129.0, 129.0, 129.0, 129.0, 129.0, 129.0, 133.0, 142.0, 150.0, 156.0, 160.0, 160.0, 160.0, 160.0, 160.0]	[-295.0, -295.0, -190.0, -78.0, 25.0, 131.0, 230.0, 266.0, 285.0, 293.0, 298.0, 305.0, 313.0, 318.0, 319.0, 319.0, 319.0, 319.0, 319.0, 319.0, 319.0, 319.0, 314.0, 310.0, 309.0, 308.0, 308.0, 308.0, 308.0]	[0, 0, 0, 0, 0, 0, 0, 0, 0, 0, 0, 0, 0, 0, 0, 0, 0, 0, 0, 0, 0, 0, 0, 0, 0, 0, 0, 0, 1]	[0, 0, 0, 0, 0, 0, 0, 0, 0, 0, 0, 0, 0, 0, 0, 0, 0, 0, 0, 0, 0, 0, 0, 0, 0, 0, 0, 0, 0]	[0, 0, 0, 0, 0, 0, 0, 0, 0, 0, 0, 0, 0, 0, 0, 0, 0, 0, 0, 0, 0, 0, 0, 0, 0, 0, 0, 0, 0]	[0.00010560000373516232, 0.012880599999334663, 0.029560700000729412, 0.04604279999330174, 0.06283310000435449, 0.07967289999942295, 0.09616499999538064, 0.11322749999817461, 0.12996449999627657, 0.14618290000362322, 0.16266339999856427, 0.17940470000030473, 0.19633279999834485, 0.21278269999311306, 0.22923379999701865, 0.24598649999825284, 0.2626157999911811, 0.2792856000014581, 0.29597690000082366, 0.3136677000002237, 0.32958530000178143, 0.34660799999255687, 0.36294510000152513, 0.37980909999168944, 0.39602149999700487, 0.4125808999961009, 0.4291451000026427, 0.4460767999989912, 0.4628599999996368]	160.0	308.0	0.5	9b
58	4	go_nogo	0	60	6	go	click	[43.0, 43.0, 81.0, 124.0, 167.0, 199.0, 215.0, 225.0, 229.0, 230.0, 232.0, 233.0, 233.0, 234.0, 234.0, 234.0, 234.0, 234.0, 234.0, 234.0, 234.0, 234.0]	[-245.0, -245.0, -130.0, -3.0, 105.0, 185.0, 228.0, 255.0, 266.0, 271.0, 280.0, 285.0, 289.0, 294.0, 297.0, 297.0, 297.0, 297.0, 297.0, 298.0, 299.0, 299.0]	[0, 0, 0, 0, 0, 0, 0, 0, 0, 0, 0, 0, 0, 0, 0, 0, 0, 0, 0, 0, 0, 1]	[0, 0, 0, 0, 0, 0, 0, 0, 0, 0, 0, 0, 0, 0, 0, 0, 0, 0, 0, 0, 0, 0]	[0, 0, 0, 0, 0, 0, 0, 0, 0, 0, 0, 0, 0, 0, 0, 0, 0, 0, 0, 0, 0, 0]	[8.16000101622194e-05, 0.01189360000716988, 0.028290900008869357, 0.04487460000382271, 0.061694900010479614, 0.07852880000427831, 0.09507850000227336, 0.11185030000342522, 0.1284184000105597, 0.14556900000025053, 0.16203620001033414, 0.17853590000595432, 0.19545330000983085, 0.21178179999697022, 0.22832239999843296, 0.24527369999850634, 0.262023200004478, 0.278578400000697, 0.29541839999728836, 0.31185300000652205, 0.3282365000050049, 0.34522270000888966]	234.0	299.0	0.5	9b
59	4	go_nogo	0	60	3	go	click	[29.0, 29.0, 54.0, 78.0, 104.0, 133.0, 161.0, 182.0, 197.0, 203.0, 206.0, 207.0, 211.0, 213.0, 214.0, 214.0, 214.0, 214.0, 214.0, 214.0, 214.0, 214.0, 214.0]	[-248.0, -248.0, -128.0, -8.0, 93.0, 173.0, 230.0, 270.0, 296.0, 312.0, 317.0, 321.0, 328.0, 333.0, 336.0, 336.0, 336.0, 336.0, 336.0, 336.0, 336.0, 336.0, 336.0]	[0, 0, 0, 0, 0, 0, 0, 0, 0, 0, 0, 0, 0, 0, 0, 0, 0, 0, 0, 0, 0, 0, 1]	[0, 0, 0, 0, 0, 0, 0, 0, 0, 0, 0, 0, 0, 0, 0, 0, 0, 0, 0, 0, 0, 0, 0]	[0, 0, 0, 0, 0, 0, 0, 0, 0, 0, 0, 0, 0, 0, 0, 0, 0, 0, 0, 0, 0, 0, 0]	[7.559999357908964e-05, 0.01164009999774862, 0.028055000002495944, 0.04482549999374896, 0.06153869999980088, 0.07829700000002049, 0.09488269999565091, 0.11150650000490714, 0.12826029999996535, 0.1447669000044698, 0.16159029999107588, 0.1781431999988854, 0.1948013999935938, 0.211373400001321, 0.22801500000059605, 0.24453250000078697, 0.2613952999963658, 0.2780168000026606, 0.29466309999406803, 0.3115752000012435, 0.3280203000031179, 0.34461889999511186, 0.3617072999913944]	214.0	336.0	0.6	9b
60	4	go_nogo	0	60	8	go	click	[39.0, 39.0, 56.0, 102.0, 144.0, 176.0, 201.0, 210.0, 214.0, 217.0, 218.0, 219.0, 219.0, 219.0, 219.0, 219.0, 219.0, 219.0, 219.0, 219.0, 219.0, 219.0]	[-218.0, -218.0, -157.0, -18.0, 106.0, 190.0, 246.0, 271.0, 288.0, 299.0, 304.0, 306.0, 306.0, 306.0, 306.0, 306.0, 306.0, 306.0, 306.0, 306.0, 306.0, 306.0]	[0, 0, 0, 0, 0, 0, 0, 0, 0, 0, 0, 0, 0, 0, 0, 0, 0, 0, 0, 0, 0, 1]	[0, 0, 0, 0, 0, 0, 0, 0, 0, 0, 0, 0, 0, 0, 0, 0, 0, 0, 0, 0, 0, 0]	[0, 0, 0, 0, 0, 0, 0, 0, 0, 0, 0, 0, 0, 0, 0, 0, 0, 0, 0, 0, 0, 0]	[0.00034189999860245734, 0.009763900001416914, 0.02661400000215508, 0.04300959999090992, 0.05987430000095628, 0.07643610000377521, 0.0932907999958843, 0.11052899999776855, 0.12667030000011437, 0.14308259999961592, 0.1600538999919081, 0.17616409999027383, 0.19309689999499824, 0.21006240000133403, 0.22629209999286104, 0.2431878999923356, 0.2596955000044545, 0.276418499997817, 0.29287079999630805, 0.3097369000024628, 0.32625779999943916, 0.3431929999933345]	219.0	306.0	0.9	9b
61	4	go_nogo	0	60	9	nogo	none	[45.0, 45.0, 60.0, 80.0, 102.0, 129.0, 152.0, 167.0, 174.0, 180.0, 184.0, 186.0, 187.0, 188.0, 188.0, 188.0, 189.0, 189.0, 189.0, 190.0, 190.0, 191.0, 192.0, 193.0, 194.0, 194.0, 194.0, 194.0, 194.0, 194.0, 194.0, 194.0, 194.0, 194.0, 194.0, 194.0, 194.0, 194.0, 194.0, 194.0, 194.0, 194.0, 194.0, 194.0, 194.0, 194.0, 194.0, 194.0, 194.0, 194.0, 194.0, 194.0, 194.0, 194.0, 194.0, 194.0, 194.0, 194.0, 194.0, 194.0, 194.0, 194.0, 194.0, 194.0, 194.0, 194.0, 194.0]	[-251.0, -251.0, -201.0, -135.0, -54.0, 32.0, 110.0, 167.0, 188.0, 213.0, 235.0, 250.0, 261.0, 265.0, 267.0, 271.0, 274.0, 275.0, 275.0, 275.0, 277.0, 282.0, 288.0, 293.0, 293.0, 293.0, 293.0, 293.0, 293.0, 293.0, 293.0, 293.0, 293.0, 293.0, 293.0, 293.0, 293.0, 293.0, 293.0, 293.0, 293.0, 293.0, 293.0, 293.0, 293.0, 293.0, 293.0, 293.0, 293.0, 293.0, 293.0, 293.0, 293.0, 293.0, 293.0, 293.0, 293.0, 293.0, 293.0, 293.0, 293.0, 293.0, 293.0, 293.0, 293.0, 293.0, 293.0]	[0, 0, 0, 0, 0, 0, 0, 0, 0, 0, 0, 0, 0, 0, 0, 0, 0, 0, 0, 0, 0, 0, 0, 0, 0, 0, 0, 0, 0, 0, 0, 0, 0, 0, 0, 0, 0, 0, 0, 0, 0, 0, 0, 0, 0, 0, 0, 0, 0, 0, 0, 0, 0, 0, 0, 0, 0, 0, 0, 0, 0, 0, 0, 0, 0, 0, 0]	[0, 0, 0, 0, 0, 0, 0, 0, 0, 0, 0, 0, 0, 0, 0, 0, 0, 0, 0, 0, 0, 0, 0, 0, 0, 0, 0, 0, 0, 0, 0, 0, 0, 0, 0, 0, 0, 0, 0, 0, 0, 0, 0, 0, 0, 0, 0, 0, 0, 0, 0, 0, 0, 0, 0, 0, 0, 0, 0, 0, 0, 0, 0, 0, 0, 0, 0]	[0, 0, 0, 0, 0, 0, 0, 0, 0, 0, 0, 0, 0, 0, 0, 0, 0, 0, 0, 0, 0, 0, 0, 0, 0, 0, 0, 0, 0, 0, 0, 0, 0, 0, 0, 0, 0, 0, 0, 0, 0, 0, 0, 0, 0, 0, 0, 0, 0, 0, 0, 0, 0, 0, 0, 0, 0, 0, 0, 0, 0, 0, 0, 0, 0, 0, 0]	[0.0002502999996067956, 0.012497099989559501, 0.028716799992253073, 0.04542179999407381, 0.06207359999825712, 0.07872469999711029, 0.09551849999115802, 0.11215159999846946, 0.12802689999807626, 0.14554800000041723, 0.16192709999450017, 0.17843519999587443, 0.1952677999943262, 0.21259899999131449, 0.22929629999271128, 0.24548739999590907, 0.2623038999881828, 0.27837539999745786, 0.2957006999931764, 0.3120941999950446, 0.3288987999985693, 0.34526219998952, 0.3620214999973541, 0.3785537999938242, 0.39503790000162553, 0.41165309998905286, 0.4283529999956954, 0.44507139999768697, 0.46167039999272674, 0.4786020999890752, 0.4954017999989446, 0.5119544999906793, 0.5283987000002526, 0.54528739998932, 0.5617823999928078, 0.5786570999916876, 0.5950591000000713, 0.6115902999881655, 0.6285992999910377, 0.6452779999963241, 0.6616681000014069, 0.6784446999954525, 0.6950278000003891, 0.7117185999959474, 0.7282726999983424, 0.7449215999949956, 0.7616315999912331, 0.7781647999945562, 0.7950153999991016, 0.8115924999874551, 0.8285507999971742, 0.8449868999887258, 0.8615742999973008, 0.8781889999954728, 0.8948159999999916, 0.9115694999927655, 0.9281081999943126, 0.9449120999925071, 0.9613753000012366, 0.97823470000003, 0.9951323999994202, 1.011715299988282, 1.0284107999905245, 1.0451081999926828, 1.061846600001445, 1.0783331999991788, 1.094965799988131]	n/a	n/a	0.9	9b
62	4	go_nogo	0	60	7	go	click	[59.0, 69.0, 80.0, 99.0, 117.0, 128.0, 137.0, 145.0, 155.0, 163.0, 166.0, 167.0, 167.0, 168.0, 170.0, 171.0, 171.0, 171.0, 172.0, 172.0, 175.0, 175.0, 175.0, 175.0, 175.0, 175.0]	[-252.0, -200.0, -148.0, -25.0, 78.0, 152.0, 199.0, 232.0, 261.0, 283.0, 288.0, 291.0, 292.0, 294.0, 299.0, 300.0, 301.0, 301.0, 301.0, 302.0, 304.0, 305.0, 305.0, 305.0, 305.0, 305.0]	[0, 0, 0, 0, 0, 0, 0, 0, 0, 0, 0, 0, 0, 0, 0, 0, 0, 0, 0, 0, 0, 0, 0, 0, 0, 1]	[0, 0, 0, 0, 0, 0, 0, 0, 0, 0, 0, 0, 0, 0, 0, 0, 0, 0, 0, 0, 0, 0, 0, 0, 0, 0]	[0, 0, 0, 0, 0, 0, 0, 0, 0, 0, 0, 0, 0, 0, 0, 0, 0, 0, 0, 0, 0, 0, 0, 0, 0, 0]	[0.00013460000627674162, 0.009872100010397844, 0.026590000008582138, 0.04316090000793338, 0.05970770001295023, 0.07662340000388213, 0.09338489999936428, 0.10961020000104327, 0.12647510001261253, 0.14348579999932554, 0.1600114000029862, 0.17642270000942517, 0.19365270000707824, 0.2100370000116527, 0.22644680000666995, 0.243123000007472, 0.25962570001138374, 0.27645820000907406, 0.29313430000911467, 0.30998340000223834, 0.32638180001231376, 0.34291350000421517, 0.35949190000246745, 0.37620490000699647, 0.3928648000000976, 0.4098245000059251]	175.0	305.0	0.6	9b
63	4	go_nogo	0	60	2	go	click	[84.0, 84.0, 103.0, 137.0, 192.0, 230.0, 256.0, 272.0, 278.0, 280.0, 282.0, 287.0, 291.0, 292.0, 293.0, 293.0, 293.0, 293.0, 293.0, 293.0, 293.0, 293.0, 289.0, 281.0, 275.0, 269.0, 257.0, 246.0, 235.0, 232.0, 231.0, 231.0, 231.0, 231.0]	[-194.0, -194.0, -136.0, 1.0, 215.0, 322.0, 387.0, 425.0, 443.0, 449.0, 457.0, 467.0, 479.0, 483.0, 484.0, 484.0, 484.0, 484.0, 484.0, 484.0, 484.0, 483.0, 473.0, 459.0, 442.0, 424.0, 391.0, 365.0, 346.0, 339.0, 337.0, 337.0, 337.0, 337.0]	[0, 0, 0, 0, 0, 0, 0, 0, 0, 0, 0, 0, 0, 0, 0, 0, 0, 0, 0, 0, 0, 0, 0, 0, 0, 0, 0, 0, 0, 0, 0, 0, 0, 1]	[0, 0, 0, 0, 0, 0, 0, 0, 0, 0, 0, 0, 0, 0, 0, 0, 0, 0, 0, 0, 0, 0, 0, 0, 0, 0, 0, 0, 0, 0, 0, 0, 0, 0]	[0, 0, 0, 0, 0, 0, 0, 0, 0, 0, 0, 0, 0, 0, 0, 0, 0, 0, 0, 0, 0, 0, 0, 0, 0, 0, 0, 0, 0, 0, 0, 0, 0, 0]	[0.00020930000755470246, 0.011130600003525615, 0.027951500000199303, 0.04490829999849666, 0.06160430000454653, 0.07785810000495985, 0.09457200000179, 0.11150179999822285, 0.12791219999780878, 0.14469580000150017, 0.16133489999629091, 0.1778931000008015, 0.19469000000390224, 0.21137950000411365, 0.22790810000151396, 0.24412060000759084, 0.2611116000043694, 0.2775446000014199, 0.294321299996227, 0.3108098000084283, 0.3277700000035111, 0.34456300000601914, 0.3611993000085931, 0.377617599995574, 0.3943026000051759, 0.4114360000094166, 0.427696200000355, 0.4446592000022065, 0.46116810000967234, 0.478121000007377, 0.4944541000004392, 0.5110427000035997, 0.5276290000037989, 0.5447855999955209]	231.0	337.0	0.7	9b
64	4	go_nogo	0	60	1	nogo	none	[84.0, 84.0, 110.0, 160.0, 215.0, 244.0, 262.0, 267.0, 269.0, 269.0, 269.0, 269.0, 269.0, 269.0, 269.0, 269.0, 269.0, 269.0, 268.0, 265.0, 263.0, 263.0, 263.0, 263.0, 263.0, 263.0, 263.0, 263.0, 263.0, 263.0, 263.0, 263.0, 263.0, 263.0, 263.0, 263.0, 263.0, 263.0, 263.0, 263.0, 263.0, 263.0, 263.0, 263.0, 263.0, 263.0, 263.0, 263.0, 263.0, 263.0, 263.0, 263.0, 263.0, 263.0, 263.0, 263.0, 263.0, 263.0, 263.0, 263.0, 263.0, 263.0, 263.0, 263.0]	[-163.0, -163.0, -93.0, 51.0, 184.0, 263.0, 313.0, 322.0, 329.0, 329.0, 329.0, 329.0, 329.0, 329.0, 329.0, 329.0, 329.0, 329.0, 328.0, 323.0, 321.0, 320.0, 320.0, 320.0, 320.0, 320.0, 320.0, 320.0, 320.0, 320.0, 320.0, 320.0, 320.0, 320.0, 320.0, 320.0, 320.0, 320.0, 320.0, 320.0, 320.0, 320.0, 320.0, 320.0, 320.0, 320.0, 320.0, 320.0, 320.0, 320.0, 320.0, 320.0, 320.0, 320.0, 320.0, 320.0, 320.0, 320.0, 320.0, 320.0, 320.0, 320.0, 320.0, 320.0]	[0, 0, 0, 0, 0, 0, 0, 0, 0, 0, 0, 0, 0, 0, 0, 0, 0, 0, 0, 0, 0, 0, 0, 0, 0, 0, 0, 0, 0, 0, 0, 0, 0, 0, 0, 0, 0, 0, 0, 0, 0, 0, 0, 0, 0, 0, 0, 0, 0, 0, 0, 0, 0, 0, 0, 0, 0, 0, 0, 0, 0, 0, 0, 0]	[0, 0, 0, 0, 0, 0, 0, 0, 0, 0, 0, 0, 0, 0, 0, 0, 0, 0, 0, 0, 0, 0, 0, 0, 0, 0, 0, 0, 0, 0, 0, 0, 0, 0, 0, 0, 0, 0, 0, 0, 0, 0, 0, 0, 0, 0, 0, 0, 0, 0, 0, 0, 0, 0, 0, 0, 0, 0, 0, 0, 0, 0, 0, 0]	[0, 0, 0, 0, 0, 0, 0, 0, 0, 0, 0, 0, 0, 0, 0, 0, 0, 0, 0, 0, 0, 0, 0, 0, 0, 0, 0, 0, 0, 0, 0, 0, 0, 0, 0, 0, 0, 0, 0, 0, 0, 0, 0, 0, 0, 0, 0, 0, 0, 0, 0, 0, 0, 0, 0, 0, 0, 0, 0, 0, 0, 0, 0, 0]	[0.00021949999791104347, 0.010884000002988614, 0.02744659999734722, 0.04420910000044387, 0.06093920000421349, 0.07780899999488611, 0.09423430000606459, 0.1111248999950476, 0.12741380000079516, 0.1443641999940155, 0.1607402999943588, 0.1774429999932181, 0.19423120000283234, 0.21084679999330547, 0.22738480000407435, 0.24384539999300614, 0.26062289999390487, 0.27773010000237264, 0.2941826000023866, 0.3113985999953002, 0.3272193000011612, 0.3440357999934349, 0.36066520000167657, 0.37731860000349116, 0.3939591999951517, 0.41086730000097305, 0.427500499994494, 0.444091400000616, 0.4607837999938056, 0.47730319999391213, 0.4939682999975048, 0.510861599992495, 0.5273021000029985, 0.5440113999939058, 0.5605083999980707, 0.5775001000001794, 0.5941622999962419, 0.6106899000005797, 0.6272365000040736, 0.6441713999956846, 0.6604651999950875, 0.6773723999940557, 0.6937908999971114, 0.7104308999987552, 0.7272749999974621, 0.7437478999927407, 0.7603462999977637, 0.7771187000034843, 0.793709100005799, 0.8104906999942614, 0.8271698000025935, 0.8438308000040706, 0.8606354999938048, 0.8772328000050038, 0.8943809000047622, 0.9104733999993186, 0.9270932999934303, 0.9436066000052961, 0.9603678999992553, 0.976853400003165, 0.9937304000050062, 1.0103893000050448, 1.0269872000062605, 1.0437941999989562]	n/a	n/a	0.8	9b
65	4	go_nogo	0	60	7	go	click	[66.0, 66.0, 85.0, 119.0, 134.0, 145.0, 153.0, 160.0, 164.0, 167.0, 173.0, 177.0, 178.0, 178.0, 178.0, 178.0, 178.0, 178.0, 181.0, 185.0, 190.0, 194.0, 197.0, 198.0, 199.0, 199.0, 199.0, 199.0, 199.0]	[-166.0, -166.0, -109.0, -13.0, 55.0, 96.0, 121.0, 141.0, 154.0, 166.0, 181.0, 193.0, 197.0, 198.0, 198.0, 198.0, 198.0, 198.0, 207.0, 222.0, 240.0, 257.0, 270.0, 281.0, 288.0, 294.0, 296.0, 296.0, 296.0]	[0, 0, 0, 0, 0, 0, 0, 0, 0, 0, 0, 0, 0, 0, 0, 0, 0, 0, 0, 0, 0, 0, 0, 0, 0, 0, 0, 0, 1]	[0, 0, 0, 0, 0, 0, 0, 0, 0, 0, 0, 0, 0, 0, 0, 0, 0, 0, 0, 0, 0, 0, 0, 0, 0, 0, 0, 0, 0]	[0, 0, 0, 0, 0, 0, 0, 0, 0, 0, 0, 0, 0, 0, 0, 0, 0, 0, 0, 0, 0, 0, 0, 0, 0, 0, 0, 0, 0]	[0.00021330000890884548, 0.011854600001242943, 0.02816010000242386, 0.04481730000406969, 0.061605900002177805, 0.07837620000645984, 0.09527890000026673, 0.11224909999873489, 0.12867010000627488, 0.14542630000505596, 0.1615324000013061, 0.17813739999837708, 0.19501680000394117, 0.2114962000050582, 0.22823920000519138, 0.244928300002357, 0.26158800000848714, 0.27853419999883045, 0.2951775999972597, 0.3120873000007123, 0.328633400000399, 0.34511740000743885, 0.3618168999964837, 0.3786376000061864, 0.3951980999991065, 0.41168000000470784, 0.42825640000228304, 0.4448316000052728, 0.46193780000612605]	199.0	296.0	0.7	9b
66	4	go_nogo	0	60	8	go	click	[31.0, 31.0, 46.0, 84.0, 116.0, 124.0, 126.0, 126.0, 126.0, 126.0, 126.0, 126.0, 126.0, 126.0, 126.0, 126.0, 126.0, 129.0, 135.0, 143.0, 151.0, 159.0, 167.0, 172.0, 174.0, 175.0, 175.0, 175.0, 175.0]	[-220.0, -220.0, -175.0, -64.0, 43.0, 116.0, 184.0, 197.0, 200.0, 202.0, 202.0, 206.0, 209.0, 210.0, 210.0, 210.0, 210.0, 217.0, 236.0, 253.0, 269.0, 281.0, 293.0, 304.0, 308.0, 310.0, 310.0, 310.0, 310.0]	[0, 0, 0, 0, 0, 0, 0, 0, 0, 0, 0, 0, 0, 0, 0, 0, 0, 0, 0, 0, 0, 0, 0, 0, 0, 0, 0, 0, 1]	[0, 0, 0, 0, 0, 0, 0, 0, 0, 0, 0, 0, 0, 0, 0, 0, 0, 0, 0, 0, 0, 0, 0, 0, 0, 0, 0, 0, 0]	[0, 0, 0, 0, 0, 0, 0, 0, 0, 0, 0, 0, 0, 0, 0, 0, 0, 0, 0, 0, 0, 0, 0, 0, 0, 0, 0, 0, 0]	[0.00032300000020768493, 0.009819899991271086, 0.02708139999595005, 0.043513099997653626, 0.059973299998091534, 0.07672620000084862, 0.09395049999875482, 0.10997649999626447, 0.12675139999191742, 0.14309669999056496, 0.1606368999928236, 0.17646329999843147, 0.19309439999051392, 0.2096869999950286, 0.22644600000057835, 0.2431332999985898, 0.26011149999976624, 0.27672229999734554, 0.29332489999069367, 0.3098714999941876, 0.3264567000005627, 0.3430800999922212, 0.36017819998960476, 0.376397400003043, 0.39329130000260193, 0.4097295999963535, 0.4265302999992855, 0.44324419999611564, 0.46017759999085683]	175.0	310.0	0.8	9b
67	4	go_nogo	0	60	2	go	click	[26.0, 26.0, 39.0, 70.0, 138.0, 173.0, 202.0, 215.0, 221.0, 223.0, 223.0, 223.0, 223.0, 223.0, 223.0, 223.0, 223.0, 223.0, 224.0, 224.0, 224.0, 224.0, 224.0, 224.0, 224.0, 224.0]	[-250.0, -250.0, -206.0, -107.0, 82.0, 193.0, 272.0, 319.0, 342.0, 346.0, 348.0, 348.0, 348.0, 348.0, 348.0, 348.0, 348.0, 348.0, 348.0, 348.0, 348.0, 348.0, 348.0, 348.0, 348.0, 348.0]	[0, 0, 0, 0, 0, 0, 0, 0, 0, 0, 0, 0, 0, 0, 0, 0, 0, 0, 0, 0, 0, 0, 0, 0, 0, 1]	[0, 0, 0, 0, 0, 0, 0, 0, 0, 0, 0, 0, 0, 0, 0, 0, 0, 0, 0, 0, 0, 0, 0, 0, 0, 0]	[0, 0, 0, 0, 0, 0, 0, 0, 0, 0, 0, 0, 0, 0, 0, 0, 0, 0, 0, 0, 0, 0, 0, 0, 0, 0]	[0.0001863999932538718, 0.01053999998839572, 0.027226999998674728, 0.043961599993053824, 0.060658399990643375, 0.07762349999393336, 0.09408949999487959, 0.11032120000163559, 0.12691949999134522, 0.14361649999045767, 0.16032349999295548, 0.17702299999655224, 0.19378499999584164, 0.21022249999805354, 0.22690290000173263, 0.243578499997966, 0.2601059000007808, 0.2770105999952648, 0.2934872999903746, 0.3102690999949118, 0.3270691999932751, 0.3435109999991255, 0.360212200001115, 0.3767953999922611, 0.39319099999556784, 0.41038439999101683]	224.0	348.0	0.8	9b
68	4	go_nogo	0	60	2	go	click	[37.0, 37.0, 53.0, 106.0, 139.0, 163.0, 180.0, 193.0, 202.0, 204.0, 207.0, 209.0, 211.0, 214.0, 219.0, 220.0, 220.0, 220.0, 220.0, 220.0, 220.0, 220.0, 220.0, 220.0]	[-209.0, -209.0, -160.0, -7.0, 92.0, 170.0, 217.0, 248.0, 269.0, 276.0, 281.0, 287.0, 291.0, 302.0, 312.0, 315.0, 315.0, 315.0, 315.0, 315.0, 315.0, 315.0, 315.0, 315.0]	[0, 0, 0, 0, 0, 0, 0, 0, 0, 0, 0, 0, 0, 0, 0, 0, 0, 0, 0, 0, 0, 0, 0, 1]	[0, 0, 0, 0, 0, 0, 0, 0, 0, 0, 0, 0, 0, 0, 0, 0, 0, 0, 0, 0, 0, 0, 0, 0]	[0, 0, 0, 0, 0, 0, 0, 0, 0, 0, 0, 0, 0, 0, 0, 0, 0, 0, 0, 0, 0, 0, 0, 0]	[0.00020680000307038426, 0.013001700004679151, 0.029826199999661185, 0.04621479999332223, 0.06340539999655448, 0.0795739000022877, 0.09628800000064075, 0.11300329999357928, 0.12996999999450054, 0.1462757999979658, 0.16297089999716263, 0.1795620000048075, 0.19622359999630135, 0.2127901999920141, 0.22942119999788702, 0.24624300000141375, 0.26276379999762867, 0.2796874000050593, 0.29619280000042636, 0.3127978999982588, 0.3293524000036996, 0.3459376999962842, 0.36284359999990556, 0.37962530000368133]	220.0	315.0	0.8	9b
69	4	go_nogo	0	60	8	go	click	[35.0, 42.0, 52.0, 75.0, 94.0, 114.0, 128.0, 138.0, 149.0, 152.0, 161.0, 164.0, 168.0, 171.0, 172.0, 172.0, 172.0, 172.0, 172.0, 172.0, 172.0, 173.0, 173.0, 173.0, 173.0]	[-265.0, -225.0, -181.0, -85.0, 0.0, 88.0, 144.0, 177.0, 220.0, 234.0, 272.0, 279.0, 294.0, 303.0, 304.0, 304.0, 304.0, 304.0, 304.0, 304.0, 304.0, 305.0, 305.0, 305.0, 305.0]	[0, 0, 0, 0, 0, 0, 0, 0, 0, 0, 0, 0, 0, 0, 0, 0, 0, 0, 0, 0, 0, 0, 0, 0, 1]	[0, 0, 0, 0, 0, 0, 0, 0, 0, 0, 0, 0, 0, 0, 0, 0, 0, 0, 0, 0, 0, 0, 0, 0, 0]	[0, 0, 0, 0, 0, 0, 0, 0, 0, 0, 0, 0, 0, 0, 0, 0, 0, 0, 0, 0, 0, 0, 0, 0, 0]	[0.00012029999925289303, 0.010195399998337962, 0.026712999999290332, 0.04340780001075473, 0.06013860000530258, 0.07686169999942649, 0.09358140001131687, 0.11126140000123996, 0.12700990001030732, 0.14343240000016522, 0.16032360000826884, 0.17717570000968408, 0.19393020001007244, 0.2100860000064131, 0.22660400001041126, 0.24326070000824984, 0.2598510000098031, 0.27675859999726526, 0.29333640000550076, 0.309879100008402, 0.32677960000000894, 0.3434045000030892, 0.35988600000564475, 0.3765259000065271, 0.3932485999976052]	173.0	305.0	1.0	9b
70	4	go_nogo	0	60	6	go	click	[60.0, 60.0, 75.0, 89.0, 97.0, 105.0, 115.0, 125.0, 133.0, 138.0, 143.0, 145.0, 146.0, 148.0, 148.0, 148.0, 151.0, 159.0, 168.0, 174.0, 175.0, 176.0, 176.0, 177.0, 178.0, 182.0, 183.0, 183.0]	[-192.0, -192.0, -102.0, -27.0, 31.0, 68.0, 102.0, 135.0, 162.0, 181.0, 194.0, 201.0, 205.0, 210.0, 210.0, 211.0, 217.0, 232.0, 250.0, 262.0, 265.0, 265.0, 266.0, 269.0, 276.0, 284.0, 289.0, 290.0]	[0, 0, 0, 0, 0, 0, 0, 0, 0, 0, 0, 0, 0, 0, 0, 0, 0, 0, 0, 0, 0, 0, 0, 0, 0, 0, 0, 1]	[0, 0, 0, 0, 0, 0, 0, 0, 0, 0, 0, 0, 0, 0, 0, 0, 0, 0, 0, 0, 0, 0, 0, 0, 0, 0, 0, 0]	[0, 0, 0, 0, 0, 0, 0, 0, 0, 0, 0, 0, 0, 0, 0, 0, 0, 0, 0, 0, 0, 0, 0, 0, 0, 0, 0, 0]	[0.0002901999978348613, 0.011100299991085194, 0.027573100000154227, 0.04418199999781791, 0.060592199995880947, 0.07737970000016503, 0.0938659999956144, 0.11073689999466296, 0.12745039998844732, 0.1441138999944087, 0.16085970000131056, 0.17743219999829307, 0.19419359999301378, 0.21054200000071432, 0.2271003999921959, 0.24395299999741837, 0.2609440999949584, 0.2773785999888787, 0.29394059999322053, 0.3105245999904582, 0.3274202999891713, 0.3437753999896813, 0.3605109999916749, 0.37705199999618344, 0.393669899989618, 0.4105704999965383, 0.4273358999926131, 0.44393539999146014]	183.0	290.0	0.7	9b
71	4	go_nogo	0	60	4	go	click	[5.0, 5.0, 17.0, 34.0, 64.0, 95.0, 130.0, 154.0, 174.0, 182.0, 190.0, 197.0, 200.0, 201.0, 201.0, 201.0, 201.0, 201.0, 201.0, 201.0, 201.0, 201.0, 201.0, 201.0, 201.0, 201.0, 202.0, 202.0, 202.0, 202.0, 202.0, 202.0, 202.0, 202.0, 202.0, 202.0, 202.0, 202.0]	[-258.0, -258.0, -225.0, -156.0, -69.0, 22.0, 110.0, 195.0, 273.0, 304.0, 325.0, 337.0, 345.0, 349.0, 350.0, 350.0, 350.0, 350.0, 350.0, 350.0, 350.0, 350.0, 350.0, 350.0, 350.0, 350.0, 350.0, 350.0, 350.0, 350.0, 350.0, 349.0, 348.0, 347.0, 347.0, 347.0, 347.0, 347.0]	[0, 0, 0, 0, 0, 0, 0, 0, 0, 0, 0, 0, 0, 0, 0, 0, 0, 0, 0, 0, 0, 0, 0, 0, 0, 0, 0, 0, 0, 0, 0, 0, 0, 0, 0, 0, 0, 1]	[0, 0, 0, 0, 0, 0, 0, 0, 0, 0, 0, 0, 0, 0, 0, 0, 0, 0, 0, 0, 0, 0, 0, 0, 0, 0, 0, 0, 0, 0, 0, 0, 0, 0, 0, 0, 0, 0]	[0, 0, 0, 0, 0, 0, 0, 0, 0, 0, 0, 0, 0, 0, 0, 0, 0, 0, 0, 0, 0, 0, 0, 0, 0, 0, 0, 0, 0, 0, 0, 0, 0, 0, 0, 0, 0, 0]	[0.00020419999782461673, 0.010206899998593144, 0.026974299995345064, 0.04358099999080878, 0.0602428999991389, 0.0769568999967305, 0.09360140000353567, 0.11045100000046659, 0.1275026999937836, 0.14395250000234228, 0.16018059999623802, 0.1769503999967128, 0.19369440000446048, 0.21020210000278894, 0.2266546000028029, 0.24377240000467282, 0.25995429999602493, 0.2767325000022538, 0.2934283999929903, 0.31033999999635853, 0.3266257999930531, 0.34332259999064263, 0.36008769999898504, 0.37695189999067225, 0.39325979999557603, 0.4102383999997983, 0.42659719999937806, 0.44350569999369327, 0.4601280999922892, 0.47651629999745637, 0.4931477999925846, 0.5102171000035014, 0.5269953999959398, 0.5433972000028007, 0.5599569000041811, 0.5768604999902891, 0.593331500000204, 0.610158199997386]	202.0	347.0	1.0	9b
72	4	go_nogo	0	60	4	go	click	[40.0, 40.0, 78.0, 112.0, 151.0, 182.0, 210.0, 223.0, 231.0, 238.0, 240.0, 243.0, 244.0, 249.0, 251.0, 251.0, 251.0, 251.0, 251.0, 251.0, 251.0, 251.0, 251.0, 251.0, 251.0, 251.0, 251.0, 251.0, 251.0, 251.0, 251.0, 251.0, 251.0, 251.0, 251.0, 251.0, 251.0, 251.0, 251.0, 251.0, 246.0, 237.0, 225.0, 213.0, 202.0, 199.0, 199.0, 199.0]	[-232.0, -232.0, -117.0, -18.0, 74.0, 151.0, 208.0, 243.0, 267.0, 278.0, 284.0, 291.0, 296.0, 311.0, 315.0, 315.0, 315.0, 315.0, 315.0, 315.0, 315.0, 315.0, 315.0, 315.0, 315.0, 315.0, 315.0, 315.0, 315.0, 315.0, 315.0, 315.0, 315.0, 315.0, 315.0, 315.0, 315.0, 315.0, 315.0, 315.0, 315.0, 315.0, 313.0, 312.0, 309.0, 308.0, 308.0, 308.0]	[0, 0, 0, 0, 0, 0, 0, 0, 0, 0, 0, 0, 0, 0, 0, 0, 0, 0, 0, 0, 0, 0, 0, 0, 0, 0, 0, 1, 1, 1, 1, 1, 0, 0, 0, 0, 0, 0, 0, 0, 0, 0, 0, 0, 0, 0, 0, 1]	[0, 0, 0, 0, 0, 0, 0, 0, 0, 0, 0, 0, 0, 0, 0, 0, 0, 0, 0, 0, 0, 0, 0, 0, 0, 0, 0, 0, 0, 0, 0, 0, 0, 0, 0, 0, 0, 0, 0, 0, 0, 0, 0, 0, 0, 0, 0, 0]	[0, 0, 0, 0, 0, 0, 0, 0, 0, 0, 0, 0, 0, 0, 0, 0, 0, 0, 0, 0, 0, 0, 0, 0, 0, 0, 0, 0, 0, 0, 0, 0, 0, 0, 0, 0, 0, 0, 0, 0, 0, 0, 0, 0, 0, 0, 0, 0]	[0.00020920000679325312, 0.013512500008800998, 0.029947400005767122, 0.04652880001231097, 0.06320120001328178, 0.07986570001230575, 0.0964803000097163, 0.11332730000140145, 0.12998710000829305, 0.14654370000062045, 0.16348080000898335, 0.17983360000653192, 0.19748030000482686, 0.2130508000118425, 0.22981910000089556, 0.24635960000159685, 0.26311620000342373, 0.27957580001384486, 0.296390400006203, 0.3131450000073528, 0.3295383000076981, 0.34623260000080336, 0.363067600002978, 0.37959260000206996, 0.3962465000076918, 0.412832600006368, 0.429494900003192, 0.4465714000107255, 0.4628310000116471, 0.47936540000955574, 0.4962322000064887, 0.5127228000055766, 0.5299175000109244, 0.546417300007306, 0.5627863000117941, 0.5794454000133555, 0.5963225000014063, 0.6127747000136878, 0.629573000012897, 0.6463936000072863, 0.6632260000042152, 0.6798336000065319, 0.6963425000139978, 0.7128230000089388, 0.7295156000036513, 0.7459483000129694, 0.7629053000127897, 0.7798240000120131]	199.0	308.0	0.9	9b
73	4	go_nogo	0	60	1	nogo	none	[27.0, 44.0, 62.0, 102.0, 148.0, 197.0, 227.0, 240.0, 246.0, 247.0, 247.0, 248.0, 248.0, 248.0, 248.0, 248.0, 248.0, 248.0, 248.0, 248.0, 248.0, 248.0, 248.0, 248.0, 248.0, 248.0, 248.0, 248.0, 248.0, 248.0, 248.0, 248.0, 248.0, 248.0, 248.0, 248.0, 248.0, 248.0, 248.0, 248.0, 248.0, 248.0, 248.0, 248.0, 248.0, 248.0, 248.0, 248.0, 248.0, 248.0, 248.0, 248.0, 248.0, 248.0, 248.0, 248.0, 248.0, 248.0, 248.0, 248.0, 248.0, 248.0, 248.0]	[-272.0, -234.0, -188.0, -84.0, 25.0, 131.0, 199.0, 233.0, 251.0, 257.0, 257.0, 257.0, 257.0, 257.0, 258.0, 259.0, 259.0, 261.0, 265.0, 268.0, 270.0, 270.0, 270.0, 271.0, 271.0, 271.0, 271.0, 271.0, 271.0, 271.0, 271.0, 271.0, 271.0, 271.0, 271.0, 271.0, 271.0, 271.0, 271.0, 271.0, 271.0, 271.0, 271.0, 271.0, 271.0, 271.0, 271.0, 271.0, 271.0, 271.0, 271.0, 271.0, 271.0, 271.0, 271.0, 271.0, 271.0, 271.0, 271.0, 271.0, 271.0, 271.0, 271.0]	[0, 0, 0, 0, 0, 0, 0, 0, 0, 0, 0, 0, 0, 0, 0, 0, 0, 0, 0, 0, 0, 0, 0, 0, 0, 0, 0, 0, 0, 0, 0, 0, 0, 0, 0, 0, 0, 0, 0, 0, 0, 0, 0, 0, 0, 0, 0, 0, 0, 0, 0, 0, 0, 0, 0, 0, 0, 0, 0, 0, 0, 0, 0]	[0, 0, 0, 0, 0, 0, 0, 0, 0, 0, 0, 0, 0, 0, 0, 0, 0, 0, 0, 0, 0, 0, 0, 0, 0, 0, 0, 0, 0, 0, 0, 0, 0, 0, 0, 0, 0, 0, 0, 0, 0, 0, 0, 0, 0, 0, 0, 0, 0, 0, 0, 0, 0, 0, 0, 0, 0, 0, 0, 0, 0, 0, 0]	[0, 0, 0, 0, 0, 0, 0, 0, 0, 0, 0, 0, 0, 0, 0, 0, 0, 0, 0, 0, 0, 0, 0, 0, 0, 0, 0, 0, 0, 0, 0, 0, 0, 0, 0, 0, 0, 0, 0, 0, 0, 0, 0, 0, 0, 0, 0, 0, 0, 0, 0, 0, 0, 0, 0, 0, 0, 0, 0, 0, 0, 0, 0]	[7.830001413822174e-05, 0.010495900001842529, 0.027069300005678087, 0.04388130000734236, 0.06075280001095962, 0.07777980000537354, 0.09409870000672527, 0.11080420001235325, 0.12726650001422968, 0.14362490001076367, 0.16043060000811238, 0.17693950000102632, 0.19360640000377316, 0.21049760001187678, 0.22713160001148935, 0.24357800000871066, 0.2604278000071645, 0.27714810000907164, 0.2938414000091143, 0.3104147000121884, 0.32708490001095925, 0.34355970000615343, 0.36041900000418536, 0.3774703000090085, 0.39368210000975523, 0.41039760000421666, 0.42694280001160223, 0.44368960001156665, 0.4602970000123605, 0.4769620000006398, 0.4937071000022115, 0.5102811000106158, 0.526974300009897, 0.5436461000062991, 0.5601721000130055, 0.5770828000095207, 0.5937070000072708, 0.6101890000136336, 0.6269603000109782, 0.6437033000111114, 0.6603414000128396, 0.6768882000033045, 0.6936849000048824, 0.7103392999997595, 0.7269119000120554, 0.7435256000026129, 0.7603422000102, 0.7768543000129284, 0.7936883000074886, 0.8104411000094842, 0.8269999000040116, 0.8436183000012534, 0.8602756000036607, 0.8769390000088606, 0.8936936000100104, 0.9102388000028441, 0.9269676000112668, 0.9433887000050163, 0.9600879000063287, 0.9768035000015516, 0.9933580000069924, 1.010032800011686, 1.0269109000073513]	n/a	n/a	0.9	9b
74	4	go_nogo	0	60	6	go	click	[63.0, 63.0, 87.0, 114.0, 135.0, 151.0, 165.0, 176.0, 184.0, 188.0, 191.0, 193.0, 198.0, 198.0, 198.0, 198.0, 198.0, 198.0, 198.0, 198.0, 198.0, 198.0]	[-174.0, -174.0, -70.0, 24.0, 94.0, 147.0, 190.0, 225.0, 252.0, 265.0, 274.0, 281.0, 297.0, 301.0, 301.0, 301.0, 301.0, 301.0, 301.0, 301.0, 301.0, 301.0]	[0, 0, 0, 0, 0, 0, 0, 0, 0, 0, 0, 0, 0, 0, 0, 0, 0, 0, 0, 0, 0, 1]	[0, 0, 0, 0, 0, 0, 0, 0, 0, 0, 0, 0, 0, 0, 0, 0, 0, 0, 0, 0, 0, 0]	[0, 0, 0, 0, 0, 0, 0, 0, 0, 0, 0, 0, 0, 0, 0, 0, 0, 0, 0, 0, 0, 0]	[0.000195699991309084, 0.011472500002128072, 0.0280203000002075, 0.04480150000017602, 0.06157419999362901, 0.07822169999417383, 0.09484749998955522, 0.11174629999732133, 0.12833589999354444, 0.14493549999315292, 0.16165120000368915, 0.17831309999746736, 0.19522169999254402, 0.21150829999533016, 0.2283739999984391, 0.24497169999813195, 0.26145019999239594, 0.27804819999437314, 0.29492169999866746, 0.31154070000047795, 0.3280876999924658, 0.34522619999188464]	198.0	301.0	0.7	9b
75	4	go_nogo	0	60	3	go	click	[66.0, 66.0, 107.0, 144.0, 169.0, 185.0, 193.0, 199.0, 203.0, 203.0, 203.0, 203.0, 204.0, 204.0, 204.0, 204.0, 204.0, 204.0, 204.0, 204.0, 204.0, 204.0, 204.0, 204.0, 204.0, 204.0, 204.0, 204.0, 204.0, 204.0, 204.0]	[-112.0, -112.0, 42.0, 168.0, 254.0, 311.0, 344.0, 363.0, 371.0, 373.0, 374.0, 374.0, 374.0, 374.0, 374.0, 374.0, 374.0, 374.0, 374.0, 374.0, 372.0, 362.0, 352.0, 340.0, 333.0, 331.0, 327.0, 326.0, 326.0, 326.0, 326.0]	[0, 0, 0, 0, 0, 0, 0, 0, 0, 0, 0, 0, 0, 0, 0, 0, 0, 0, 0, 0, 0, 0, 0, 0, 0, 0, 0, 0, 0, 0, 1]	[0, 0, 0, 0, 0, 0, 0, 0, 0, 0, 0, 0, 0, 0, 0, 0, 0, 0, 0, 0, 0, 0, 0, 0, 0, 0, 0, 0, 0, 0, 0]	[0, 0, 0, 0, 0, 0, 0, 0, 0, 0, 0, 0, 0, 0, 0, 0, 0, 0, 0, 0, 0, 0, 0, 0, 0, 0, 0, 0, 0, 0, 0]	[0.00019069999689236283, 0.010702500003390014, 0.02685639999981504, 0.04366700000537094, 0.060482900007627904, 0.07714130000385921, 0.09387599999899976, 0.11055559999658726, 0.12718939999467693, 0.14393039999413304, 0.16026210000563879, 0.17720980000740383, 0.19361669999489095, 0.21033089999400545, 0.2269942999992054, 0.24390060000587255, 0.26045909999811556, 0.27708670000720304, 0.2937743000074988, 0.31081039999844506, 0.32744750000711065, 0.34401729999808595, 0.36066479999863077, 0.37742550000257324, 0.39388050000707153, 0.41041219999897294, 0.4271140000055311, 0.44349200000579003, 0.46026520000305027, 0.4769199000002118, 0.493752599999425]	204.0	326.0	0.8	9b
76	4	go_nogo	0	60	2	go	click	[34.0, 34.0, 51.0, 90.0, 97.0, 102.0, 105.0, 108.0, 112.0, 116.0, 118.0, 120.0, 121.0, 121.0, 122.0, 122.0, 122.0, 123.0, 126.0, 133.0, 139.0, 143.0, 148.0, 150.0, 151.0, 152.0, 153.0, 155.0, 155.0, 155.0, 155.0, 155.0, 155.0]	[-237.0, -237.0, -177.0, 7.0, 88.0, 137.0, 172.0, 190.0, 202.0, 215.0, 225.0, 230.0, 233.0, 233.0, 234.0, 235.0, 235.0, 238.0, 245.0, 254.0, 265.0, 271.0, 278.0, 282.0, 284.0, 286.0, 287.0, 288.0, 289.0, 289.0, 289.0, 289.0, 289.0]	[0, 0, 0, 0, 0, 0, 0, 0, 0, 0, 0, 0, 0, 0, 0, 0, 0, 0, 0, 0, 0, 0, 0, 0, 0, 0, 0, 0, 0, 0, 0, 0, 1]	[0, 0, 0, 0, 0, 0, 0, 0, 0, 0, 0, 0, 0, 0, 0, 0, 0, 0, 0, 0, 0, 0, 0, 0, 0, 0, 0, 0, 0, 0, 0, 0, 0]	[0, 0, 0, 0, 0, 0, 0, 0, 0, 0, 0, 0, 0, 0, 0, 0, 0, 0, 0, 0, 0, 0, 0, 0, 0, 0, 0, 0, 0, 0, 0, 0, 0]	[0.00018689999706111848, 0.010641099986969493, 0.027269999991403893, 0.04392699999152683, 0.06154099998821039, 0.07706929999403656, 0.0938661999971373, 0.11032169999089092, 0.12696569999388885, 0.14366099999460857, 0.16048969999246765, 0.17703399999300018, 0.19351429998641834, 0.21053279998886865, 0.22705959998711478, 0.2435821999970358, 0.2606900999962818, 0.2770002999895951, 0.2937791999866022, 0.31033369999204297, 0.32721599999058526, 0.3435151999874506, 0.3604143999982625, 0.37690469999506604, 0.3938538999937009, 0.4102814999932889, 0.426753199993982, 0.44351289999030996, 0.45983959999284707, 0.4768164999986766, 0.49336479998601135, 0.5101493999973172, 0.5269502999872202]	155.0	289.0	0.9	9b
77	4	go_nogo	0	60	7	go	click	[24.0, 24.0, 34.0, 57.0, 101.0, 130.0, 147.0, 159.0, 165.0, 167.0, 169.0, 170.0, 171.0, 171.0, 171.0, 171.0, 171.0, 171.0, 171.0, 171.0, 171.0, 171.0, 171.0]	[-237.0, -237.0, -185.0, -81.0, 66.0, 142.0, 192.0, 225.0, 246.0, 253.0, 259.0, 265.0, 266.0, 267.0, 267.0, 267.0, 267.0, 267.0, 267.0, 267.0, 267.0, 267.0, 267.0]	[0, 0, 0, 0, 0, 0, 0, 0, 0, 0, 0, 0, 0, 0, 0, 0, 0, 0, 0, 0, 0, 0, 1]	[0, 0, 0, 0, 0, 0, 0, 0, 0, 0, 0, 0, 0, 0, 0, 0, 0, 0, 0, 0, 0, 0, 0]	[0, 0, 0, 0, 0, 0, 0, 0, 0, 0, 0, 0, 0, 0, 0, 0, 0, 0, 0, 0, 0, 0, 0]	[0.000192299994523637, 0.011537200000020675, 0.0281362999958219, 0.04481199999281671, 0.06225429999176413, 0.07814379999763332, 0.0950575999886496, 0.11179009999614209, 0.12825249999877997, 0.14482619999034796, 0.16170059998694342, 0.17815079999854788, 0.19501349999336526, 0.2113443999987794, 0.22821979998843744, 0.24471369999810122, 0.26125159999355674, 0.2783482999948319, 0.2945915999880526, 0.31115919999137986, 0.32864839999820106, 0.3446148999937577, 0.36159249999036547]	171.0	267.0	1.0	9b
78	4	go_nogo	0	60	1	nogo	none	[72.0, 72.0, 111.0, 146.0, 173.0, 190.0, 199.0, 202.0, 203.0, 204.0, 205.0, 206.0, 206.0, 206.0, 206.0, 206.0, 206.0, 206.0, 206.0, 206.0, 206.0, 206.0, 206.0, 206.0, 206.0, 206.0, 206.0, 206.0, 206.0, 206.0, 206.0, 206.0, 206.0, 206.0, 206.0, 206.0, 206.0, 206.0, 206.0, 206.0, 206.0, 206.0, 206.0, 206.0, 206.0, 206.0, 206.0, 206.0, 206.0, 206.0, 206.0, 206.0, 206.0, 206.0, 206.0, 206.0, 206.0, 206.0, 206.0, 206.0, 206.0]	[-177.0, -177.0, -58.0, 53.0, 139.0, 200.0, 234.0, 253.0, 268.0, 281.0, 292.0, 296.0, 296.0, 296.0, 296.0, 301.0, 308.0, 312.0, 313.0, 313.0, 313.0, 313.0, 313.0, 313.0, 313.0, 313.0, 313.0, 313.0, 313.0, 313.0, 313.0, 313.0, 313.0, 313.0, 313.0, 313.0, 313.0, 313.0, 313.0, 313.0, 313.0, 313.0, 313.0, 313.0, 313.0, 313.0, 313.0, 313.0, 313.0, 313.0, 313.0, 313.0, 313.0, 313.0, 313.0, 313.0, 313.0, 313.0, 313.0, 313.0, 313.0]	[0, 0, 0, 0, 0, 0, 0, 0, 0, 0, 0, 0, 0, 0, 0, 0, 0, 0, 0, 0, 0, 0, 0, 0, 0, 0, 0, 0, 0, 0, 0, 0, 0, 0, 0, 0, 0, 0, 0, 0, 0, 0, 0, 0, 0, 0, 0, 0, 0, 0, 0, 0, 0, 0, 0, 0, 0, 0, 0, 0, 0]	[0, 0, 0, 0, 0, 0, 0, 0, 0, 0, 0, 0, 0, 0, 0, 0, 0, 0, 0, 0, 0, 0, 0, 0, 0, 0, 0, 0, 0, 0, 0, 0, 0, 0, 0, 0, 0, 0, 0, 0, 0, 0, 0, 0, 0, 0, 0, 0, 0, 0, 0, 0, 0, 0, 0, 0, 0, 0, 0, 0, 0]	[0, 0, 0, 0, 0, 0, 0, 0, 0, 0, 0, 0, 0, 0, 0, 0, 0, 0, 0, 0, 0, 0, 0, 0, 0, 0, 0, 0, 0, 0, 0, 0, 0, 0, 0, 0, 0, 0, 0, 0, 0, 0, 0, 0, 0, 0, 0, 0, 0, 0, 0, 0, 0, 0, 0, 0, 0, 0, 0, 0, 0]	[0.0002469999890308827, 0.011368199993739836, 0.027775099995778874, 0.044645100002526306, 0.06147489999420941, 0.07797479999135248, 0.0946235000010347, 0.11151039999094792, 0.1280162999901222, 0.14478479999525007, 0.16127489999053068, 0.17790739999327343, 0.19455699999525677, 0.21103489999950398, 0.2278288999950746, 0.24466450000181794, 0.2613925999903586, 0.2782437999994727, 0.294497599999886, 0.3111000999924727, 0.32790629999362864, 0.34461129999544937, 0.3610227000026498, 0.3777877999964403, 0.394434599991655, 0.4111118000000715, 0.42784499999834225, 0.44479549999232404, 0.46106989998952486, 0.47760689999267925, 0.49440470000263304, 0.510936299993773, 0.5275850999896647, 0.5444133999990299, 0.5609820999961812, 0.5777852000028361, 0.594303799996851, 0.6107806999934837, 0.6275757999974303, 0.6442928000033135, 0.6609651000035228, 0.677562199998647, 0.694233100002748, 0.7109611999912886, 0.727853899996262, 0.7444532999943476, 0.7611458999890601, 0.777634099998977, 0.7941540999891004, 0.8108943999977782, 0.8275836999964667, 0.8443395999929635, 0.8608995999966282, 0.8774679999914952, 0.8944255999958841, 0.910844600002747, 0.9274703999981284, 0.9442770000023302, 0.96103160000348, 0.97753059999377, 0.9941395999921951]	n/a	n/a	0.9	9b
79	4	go_nogo	0	60	4	go	click	[51.0, 51.0, 76.0, 109.0, 138.0, 164.0, 187.0, 194.0, 197.0, 198.0, 198.0, 199.0, 201.0, 202.0, 202.0, 202.0, 203.0, 203.0, 203.0, 204.0, 204.0, 204.0, 204.0, 205.0, 205.0, 206.0, 206.0, 206.0]	[-233.0, -233.0, -140.0, -49.0, 27.0, 88.0, 144.0, 165.0, 173.0, 175.0, 177.0, 180.0, 191.0, 197.0, 199.0, 201.0, 203.0, 209.0, 221.0, 232.0, 241.0, 246.0, 250.0, 255.0, 263.0, 270.0, 271.0, 271.0]	[0, 0, 0, 0, 0, 0, 0, 0, 0, 0, 0, 0, 0, 0, 0, 0, 0, 0, 0, 0, 0, 0, 0, 0, 0, 0, 0, 1]	[0, 0, 0, 0, 0, 0, 0, 0, 0, 0, 0, 0, 0, 0, 0, 0, 0, 0, 0, 0, 0, 0, 0, 0, 0, 0, 0, 0]	[0, 0, 0, 0, 0, 0, 0, 0, 0, 0, 0, 0, 0, 0, 0, 0, 0, 0, 0, 0, 0, 0, 0, 0, 0, 0, 0, 0]	[0.0002280999906361103, 0.01221439999062568, 0.029159099998651072, 0.045506700000260025, 0.06214729999192059, 0.07876029999169987, 0.09565079999447335, 0.11215429998992477, 0.12885059999825899, 0.14561189999221824, 0.16227909999724943, 0.1787280999997165, 0.195470499995281, 0.21221359999617562, 0.22881229998893104, 0.24591810000129044, 0.26230619999114424, 0.2787870999891311, 0.29560479999054223, 0.3122640999936266, 0.32881419999466743, 0.3454077999922447, 0.3619318999990355, 0.37862489999679383, 0.3956572999886703, 0.4121320999984164, 0.4284402999910526, 0.44558989998768084]	207.0	271.0	0.5	9b
80	4	go_nogo	0	60	8	go	click	[-13.0, -13.0, -3.0, 15.0, 37.0, 62.0, 84.0, 102.0, 115.0, 123.0, 136.0, 147.0, 161.0, 169.0, 172.0, 172.0, 172.0, 172.0, 172.0, 172.0, 172.0, 172.0, 172.0, 172.0]	[-267.0, -267.0, -197.0, -102.0, -13.0, 58.0, 107.0, 151.0, 181.0, 200.0, 228.0, 248.0, 272.0, 286.0, 293.0, 293.0, 294.0, 294.0, 294.0, 294.0, 294.0, 294.0, 294.0, 294.0]	[0, 0, 0, 0, 0, 0, 0, 0, 0, 0, 0, 0, 0, 0, 0, 0, 0, 0, 0, 0, 0, 0, 0, 1]	[0, 0, 0, 0, 0, 0, 0, 0, 0, 0, 0, 0, 0, 0, 0, 0, 0, 0, 0, 0, 0, 0, 0, 0]	[0, 0, 0, 0, 0, 0, 0, 0, 0, 0, 0, 0, 0, 0, 0, 0, 0, 0, 0, 0, 0, 0, 0, 0]	[7.71000050008297e-05, 0.012375600010273047, 0.028801500011468306, 0.04548040000372566, 0.062413999999989755, 0.07918450000579469, 0.09554590001062024, 0.11230090000026394, 0.12890760001027957, 0.1456592000031378, 0.1622679000138305, 0.17891620000591502, 0.19554520001111086, 0.21208880000631325, 0.22878710000077263, 0.2455478000047151, 0.262013500003377, 0.27870560000883415, 0.29571420000866055, 0.31224540001130663, 0.32884700001159217, 0.34534880000865087, 0.36220100001082756, 0.3788267000054475]	172.0	294.0	0.5	9b
81	4	go_nogo	0	60	3	go	click	[15.0, 15.0, 51.0, 107.0, 159.0, 199.0, 221.0, 233.0, 239.0, 239.0, 239.0, 239.0, 239.0, 239.0, 239.0, 239.0, 239.0, 239.0, 239.0, 239.0, 239.0, 239.0, 239.0, 239.0, 239.0, 239.0]	[-280.0, -280.0, -154.0, -9.0, 123.0, 227.0, 294.0, 328.0, 343.0, 345.0, 345.0, 345.0, 345.0, 345.0, 345.0, 345.0, 345.0, 345.0, 345.0, 345.0, 345.0, 345.0, 343.0, 343.0, 343.0, 343.0]	[0, 0, 0, 0, 0, 0, 0, 0, 0, 0, 0, 0, 0, 0, 0, 0, 0, 0, 0, 0, 0, 0, 0, 0, 0, 1]	[0, 0, 0, 0, 0, 0, 0, 0, 0, 0, 0, 0, 0, 0, 0, 0, 0, 0, 0, 0, 0, 0, 0, 0, 0, 0]	[0, 0, 0, 0, 0, 0, 0, 0, 0, 0, 0, 0, 0, 0, 0, 0, 0, 0, 0, 0, 0, 0, 0, 0, 0, 0]	[0.00010430000838823617, 0.010089800009154715, 0.026895400005741976, 0.04346540001279209, 0.06027630000608042, 0.07688350000535138, 0.09372810000786558, 0.11076280000270344, 0.12680300000647549, 0.14351120000355877, 0.1600452000129735, 0.17679900000803173, 0.1933947000070475, 0.21006040000065695, 0.2267580000043381, 0.24337060000107158, 0.2602284000022337, 0.27673840000352357, 0.29341880000720266, 0.3101044000068214, 0.3265648000087822, 0.34356839999963995, 0.3599549000064144, 0.37671290000434965, 0.3935665000026347, 0.4102788000018336]	239.0	343.0	0.9	9b
82	4	go_nogo	0	60	4	go	click	[47.0, 47.0, 91.0, 144.0, 194.0, 217.0, 227.0, 230.0, 231.0, 231.0, 231.0, 231.0, 231.0, 231.0, 231.0, 231.0, 231.0, 231.0, 231.0, 231.0, 231.0, 231.0, 231.0, 231.0]	[-170.0, -170.0, -24.0, 124.0, 245.0, 298.0, 322.0, 331.0, 335.0, 336.0, 336.0, 336.0, 336.0, 337.0, 337.0, 337.0, 337.0, 337.0, 337.0, 337.0, 337.0, 337.0, 337.0, 337.0]	[0, 0, 0, 0, 0, 0, 0, 0, 0, 0, 0, 0, 0, 0, 0, 0, 0, 0, 0, 0, 0, 0, 0, 1]	[0, 0, 0, 0, 0, 0, 0, 0, 0, 0, 0, 0, 0, 0, 0, 0, 0, 0, 0, 0, 0, 0, 0, 0]	[0, 0, 0, 0, 0, 0, 0, 0, 0, 0, 0, 0, 0, 0, 0, 0, 0, 0, 0, 0, 0, 0, 0, 0]	[0.0002724000078160316, 0.011041900012060069, 0.02755020000040531, 0.04398700001183897, 0.06071790000714827, 0.07730720000108704, 0.09399449999909848, 0.11070000000472646, 0.12771749999956228, 0.1438347000075737, 0.16046110000752378, 0.17723830000613816, 0.1941044000122929, 0.21048110000265297, 0.22714770000311546, 0.24401160000707023, 0.2607641000067815, 0.2771903000102611, 0.29378260001249146, 0.3106832000048598, 0.3273805000062566, 0.34390250001160894, 0.3604974000045331, 0.3775068000104511]	231.0	337.0	0.6	9b
83	4	go_nogo	0	60	9	nogo	none	[1.0, 1.0, 7.0, 19.0, 32.0, 49.0, 59.0, 65.0, 73.0, 83.0, 95.0, 102.0, 113.0, 123.0, 130.0, 134.0, 135.0, 137.0, 139.0, 143.0, 147.0, 150.0, 154.0, 161.0, 168.0, 173.0, 175.0, 175.0, 176.0, 176.0, 176.0, 176.0, 176.0, 176.0, 176.0, 176.0, 176.0, 176.0, 176.0, 176.0, 176.0, 176.0, 176.0, 176.0, 176.0, 176.0, 176.0, 176.0, 176.0, 176.0, 176.0, 176.0, 176.0, 176.0, 176.0, 176.0, 176.0, 176.0, 176.0, 176.0, 176.0, 176.0, 176.0, 176.0, 176.0, 176.0, 176.0, 176.0, 176.0, 176.0]	[-249.0, -249.0, -225.0, -169.0, -117.0, -73.0, -37.0, -4.0, 29.0, 54.0, 88.0, 105.0, 129.0, 154.0, 173.0, 183.0, 185.0, 189.0, 195.0, 202.0, 208.0, 215.0, 223.0, 238.0, 252.0, 260.0, 264.0, 266.0, 266.0, 266.0, 266.0, 266.0, 266.0, 266.0, 266.0, 266.0, 266.0, 266.0, 266.0, 266.0, 266.0, 266.0, 266.0, 266.0, 266.0, 266.0, 266.0, 266.0, 266.0, 266.0, 266.0, 266.0, 266.0, 266.0, 266.0, 266.0, 266.0, 266.0, 266.0, 266.0, 266.0, 266.0, 266.0, 266.0, 266.0, 266.0, 266.0, 266.0, 266.0, 266.0]	[0, 0, 0, 0, 0, 0, 0, 0, 0, 0, 0, 0, 0, 0, 0, 0, 0, 0, 0, 0, 0, 0, 0, 0, 0, 0, 0, 0, 0, 0, 0, 0, 0, 0, 0, 0, 0, 0, 0, 0, 0, 0, 0, 0, 0, 0, 0, 0, 0, 0, 0, 0, 0, 0, 0, 0, 0, 0, 0, 0, 0, 0, 0, 0, 0, 0, 0, 0, 0, 0]	[0, 0, 0, 0, 0, 0, 0, 0, 0, 0, 0, 0, 0, 0, 0, 0, 0, 0, 0, 0, 0, 0, 0, 0, 0, 0, 0, 0, 0, 0, 0, 0, 0, 0, 0, 0, 0, 0, 0, 0, 0, 0, 0, 0, 0, 0, 0, 0, 0, 0, 0, 0, 0, 0, 0, 0, 0, 0, 0, 0, 0, 0, 0, 0, 0, 0, 0, 0, 0, 0]	[0, 0, 0, 0, 0, 0, 0, 0, 0, 0, 0, 0, 0, 0, 0, 0, 0, 0, 0, 0, 0, 0, 0, 0, 0, 0, 0, 0, 0, 0, 0, 0, 0, 0, 0, 0, 0, 0, 0, 0, 0, 0, 0, 0, 0, 0, 0, 0, 0, 0, 0, 0, 0, 0, 0, 0, 0, 0, 0, 0, 0, 0, 0, 0, 0, 0, 0, 0, 0, 0]	[0.00020629999926313758, 0.007038600000669248, 0.023833100000047125, 0.04034289999981411, 0.05710059999546502, 0.07360779998998623, 0.09039240000129212, 0.10678139999799896, 0.1235370999929728, 0.14060220000101253, 0.15759109999635257, 0.17440109999733977, 0.1908024000003934, 0.20684509999409784, 0.2236127999931341, 0.24018860000069253, 0.2569232999958331, 0.2735767999984091, 0.2902992000017548, 0.30692309999722056, 0.32376909999584313, 0.33997879999515135, 0.35696740000275895, 0.37414020000142045, 0.3904815999994753, 0.4066778999986127, 0.42348759999731556, 0.4402747999993153, 0.45672319999721367, 0.47338339999259915, 0.4901878999953624, 0.5068427999940468, 0.5235198000009404, 0.5401627999963239, 0.5567546999955084, 0.5733657999953721, 0.590105900002527, 0.6066964999918127, 0.6232198999932734, 0.6400184999947669, 0.6567184000014095, 0.6732745999906911, 0.6899728999997023, 0.7073994999955175, 0.7231975999893621, 0.7401376999914646, 0.7565736999968067, 0.7731867999973474, 0.7898321999964537, 0.8066120000003139, 0.823345299999346, 0.8398893999983557, 0.8566734999913024, 0.873385099999723, 0.8899262999912025, 0.9065804999991087, 0.9233036999939941, 0.9400106999964919, 0.9564703999931226, 0.9730861999996705, 0.9899723999988055, 1.0065636999934213, 1.0236429999931715, 1.0399114999891026, 1.056823599996278, 1.0733982999954605, 1.0898318999970797, 1.1066868999914732, 1.1233231999940472, 1.1398775999987265]	n/a	n/a	0.5	9b
84	4	go_nogo	0	60	3	go	click	[40.0, 55.0, 68.0, 95.0, 120.0, 138.0, 146.0, 152.0, 156.0, 157.0, 158.0, 158.0, 158.0, 159.0, 159.0, 159.0, 159.0, 160.0, 161.0, 164.0, 167.0, 171.0, 173.0, 177.0, 179.0, 181.0, 181.0, 181.0]	[-230.0, -180.0, -132.0, -42.0, 40.0, 98.0, 127.0, 158.0, 168.0, 171.0, 175.0, 178.0, 179.0, 184.0, 188.0, 190.0, 191.0, 195.0, 201.0, 220.0, 235.0, 248.0, 260.0, 269.0, 277.0, 281.0, 282.0, 282.0]	[0, 0, 0, 0, 0, 0, 0, 0, 0, 0, 0, 0, 0, 0, 0, 0, 0, 0, 0, 0, 0, 0, 0, 0, 0, 0, 0, 1]	[0, 0, 0, 0, 0, 0, 0, 0, 0, 0, 0, 0, 0, 0, 0, 0, 0, 0, 0, 0, 0, 0, 0, 0, 0, 0, 0, 0]	[0, 0, 0, 0, 0, 0, 0, 0, 0, 0, 0, 0, 0, 0, 0, 0, 0, 0, 0, 0, 0, 0, 0, 0, 0, 0, 0, 0]	[7.779999577905983e-05, 0.011747600001399405, 0.02842889999737963, 0.04502229999343399, 0.06155719999514986, 0.07846889999927953, 0.09506459999829531, 0.11163709999527782, 0.12825270000030287, 0.14504350000061095, 0.16161039999860805, 0.1782699000032153, 0.1949797999986913, 0.21166590000211727, 0.22833410000021104, 0.24492800000007264, 0.26156349999655504, 0.2781996999983676, 0.29501849999360275, 0.3117273999960162, 0.32841760000155773, 0.34509390000312123, 0.36154099999112077, 0.37848610000219196, 0.394836799998302, 0.4117894999944838, 0.42794330000469927, 0.44503200000326615]	181.0	282.0	0.9	9b
85	4	go_nogo	0	60	4	go	click	[18.0, 18.0, 23.0, 37.0, 56.0, 71.0, 100.0, 114.0, 125.0, 130.0, 132.0, 133.0, 134.0, 134.0, 135.0, 136.0, 138.0, 142.0, 152.0, 160.0, 166.0, 171.0, 175.0, 176.0, 178.0, 179.0, 179.0, 179.0, 179.0]	[-159.0, -159.0, -108.0, -22.0, 55.0, 127.0, 215.0, 252.0, 278.0, 288.0, 293.0, 297.0, 298.0, 298.0, 299.0, 300.0, 302.0, 305.0, 311.0, 314.0, 315.0, 315.0, 315.0, 314.0, 314.0, 313.0, 313.0, 313.0, 313.0]	[0, 0, 0, 0, 0, 0, 0, 0, 0, 0, 0, 0, 0, 0, 0, 0, 0, 0, 0, 0, 0, 0, 0, 0, 0, 0, 0, 0, 1]	[0, 0, 0, 0, 0, 0, 0, 0, 0, 0, 0, 0, 0, 0, 0, 0, 0, 0, 0, 0, 0, 0, 0, 0, 0, 0, 0, 0, 0]	[0, 0, 0, 0, 0, 0, 0, 0, 0, 0, 0, 0, 0, 0, 0, 0, 0, 0, 0, 0, 0, 0, 0, 0, 0, 0, 0, 0, 0]	[0.00021040000137872994, 0.012110399999073707, 0.028684699995210394, 0.04541979999339674, 0.06208659999538213, 0.07852039999852423, 0.09533409999858122, 0.11182999999437016, 0.12888550000207033, 0.1455779999960214, 0.1621607999986736, 0.17848780000349507, 0.194958799998858, 0.21192460000747815, 0.22854749999532942, 0.24532770000223536, 0.26202870000270195, 0.27893630000471603, 0.29534979999880306, 0.3118959999992512, 0.3287629999977071, 0.34552350000012666, 0.36179949999495875, 0.378515200005495, 0.39531459999852814, 0.4115940000046976, 0.42847090000577737, 0.4450306000071578, 0.4621157000074163]	179.0	313.0	1.0	9b
86	4	go_nogo	0	60	7	go	click	[50.0, 50.0, 78.0, 112.0, 148.0, 165.0, 175.0, 181.0, 185.0, 187.0, 188.0, 189.0, 191.0, 193.0, 196.0, 196.0, 197.0, 197.0, 197.0, 197.0, 197.0, 198.0, 198.0, 198.0]	[-225.0, -225.0, -132.0, -32.0, 60.0, 125.0, 172.0, 193.0, 204.0, 212.0, 217.0, 221.0, 229.0, 238.0, 248.0, 252.0, 252.0, 252.0, 252.0, 252.0, 254.0, 256.0, 256.0, 256.0]	[0, 0, 0, 0, 0, 0, 0, 0, 0, 0, 0, 0, 0, 0, 0, 0, 0, 0, 0, 0, 0, 0, 0, 1]	[0, 0, 0, 0, 0, 0, 0, 0, 0, 0, 0, 0, 0, 0, 0, 0, 0, 0, 0, 0, 0, 0, 0, 0]	[0, 0, 0, 0, 0, 0, 0, 0, 0, 0, 0, 0, 0, 0, 0, 0, 0, 0, 0, 0, 0, 0, 0, 0]	[8.060000254772604e-05, 0.012481500001740642, 0.02898760000243783, 0.046016300009796396, 0.0625272000033874, 0.07904579999740236, 0.09570250000979286, 0.11251089999859687, 0.12920070000109263, 0.14597860000503715, 0.16250040000886656, 0.1790715000097407, 0.19574460000148974, 0.2126025000034133, 0.2292180000076769, 0.24579939999966882, 0.26214610000897665, 0.2790895000071032, 0.2957363000023179, 0.3125153000000864, 0.3293928000057349, 0.34544109999842476, 0.3620742000057362, 0.3792764999961946]	198.0	256.0	0.8	9b
87	4	go_nogo	0	60	8	go	click	[58.0, 58.0, 91.0, 119.0, 142.0, 163.0, 180.0, 190.0, 197.0, 201.0, 205.0, 209.0, 213.0, 215.0, 215.0, 215.0, 215.0, 215.0, 215.0, 215.0, 215.0, 215.0]	[-208.0, -208.0, -113.0, -19.0, 85.0, 163.0, 210.0, 237.0, 256.0, 266.0, 277.0, 290.0, 298.0, 302.0, 302.0, 302.0, 302.0, 302.0, 302.0, 302.0, 302.0, 302.0]	[0, 0, 0, 0, 0, 0, 0, 0, 0, 0, 0, 0, 0, 0, 0, 0, 0, 0, 0, 0, 0, 1]	[0, 0, 0, 0, 0, 0, 0, 0, 0, 0, 0, 0, 0, 0, 0, 0, 0, 0, 0, 0, 0, 0]	[0, 0, 0, 0, 0, 0, 0, 0, 0, 0, 0, 0, 0, 0, 0, 0, 0, 0, 0, 0, 0, 0]	[8.909999451134354e-05, 0.010892099991906434, 0.027387399997678585, 0.044231899999431334, 0.06097599999338854, 0.07744389999425039, 0.09430699999211356, 0.11098909999418538, 0.12743189999309834, 0.14409589998831507, 0.16081419998954516, 0.17749809999077115, 0.19399849999172147, 0.2104537999985041, 0.22709059999033343, 0.24390839999250602, 0.2604401999997208, 0.27712299999257084, 0.29388929999549873, 0.3107665999996243, 0.32743389999086503, 0.3447349999914877]	215.0	302.0	0.9	9b
88	4	go_nogo	0	60	6	go	click	[43.0, 43.0, 50.0, 71.0, 106.0, 157.0, 181.0, 193.0, 203.0, 209.0, 213.0, 215.0, 216.0, 217.0, 217.0, 217.0, 217.0, 218.0, 218.0, 218.0, 218.0, 218.0, 218.0]	[-255.0, -255.0, -212.0, -108.0, -1.0, 144.0, 204.0, 241.0, 274.0, 297.0, 310.0, 318.0, 323.0, 329.0, 330.0, 331.0, 331.0, 332.0, 334.0, 335.0, 335.0, 335.0, 335.0]	[0, 0, 0, 0, 0, 0, 0, 0, 0, 0, 0, 0, 0, 0, 0, 0, 0, 0, 0, 0, 0, 0, 1]	[0, 0, 0, 0, 0, 0, 0, 0, 0, 0, 0, 0, 0, 0, 0, 0, 0, 0, 0, 0, 0, 0, 0]	[0, 0, 0, 0, 0, 0, 0, 0, 0, 0, 0, 0, 0, 0, 0, 0, 0, 0, 0, 0, 0, 0, 0]	[0.00026840000646188855, 0.009016900003189221, 0.02599789999658242, 0.04258259999915026, 0.059263500006636605, 0.07628360000671819, 0.09270220001053531, 0.1092077000066638, 0.1259736000065459, 0.1427228000102332, 0.15928300000086892, 0.17572559999825899, 0.1925119000079576, 0.20944330000202172, 0.22581400000490248, 0.24234170001000166, 0.25879960000747815, 0.27586730000621174, 0.29243690001021605, 0.3088543000048958, 0.3255329000094207, 0.3421251000108896, 0.3595248000056017]	218.0	335.0	0.8	9b
89	4	go_nogo	0	60	8	go	click	[45.0, 45.0, 54.0, 79.0, 102.0, 137.0, 150.0, 158.0, 164.0, 170.0, 174.0, 176.0, 179.0, 180.0, 182.0, 182.0, 182.0, 182.0, 182.0, 182.0, 184.0, 186.0, 186.0]	[-248.0, -248.0, -212.0, -123.0, -14.0, 119.0, 162.0, 191.0, 214.0, 233.0, 246.0, 256.0, 264.0, 268.0, 271.0, 273.0, 274.0, 274.0, 274.0, 274.0, 280.0, 282.0, 283.0]	[0, 0, 0, 0, 0, 0, 0, 0, 0, 0, 0, 0, 0, 0, 0, 0, 0, 0, 0, 0, 0, 0, 1]	[0, 0, 0, 0, 0, 0, 0, 0, 0, 0, 0, 0, 0, 0, 0, 0, 0, 0, 0, 0, 0, 0, 0]	[0, 0, 0, 0, 0, 0, 0, 0, 0, 0, 0, 0, 0, 0, 0, 0, 0, 0, 0, 0, 0, 0, 0]	[0.00022440000611823052, 0.01246769999852404, 0.029035100000328384, 0.04597420000936836, 0.06252270001277793, 0.07952730001125019, 0.09568969999963883, 0.11241530001279898, 0.12902750000648666, 0.14576949999900535, 0.1624588999984553, 0.17933030000131112, 0.1957957999984501, 0.21240920000127517, 0.2293301000026986, 0.24582690000534058, 0.2621769000106724, 0.27877630000875797, 0.2955520000105025, 0.31243520000134595, 0.3289599000127055, 0.3456514999998035, 0.3623968000028981]	186.0	283.0	0.6	9b
90	4	go_nogo	0	60	1	nogo	none	[41.0, 41.0, 61.0, 89.0, 114.0, 133.0, 151.0, 164.0, 174.0, 182.0, 189.0, 195.0, 198.0, 199.0, 202.0, 207.0, 209.0, 210.0, 210.0, 210.0, 210.0, 210.0, 210.0, 210.0, 210.0, 210.0, 210.0, 210.0, 210.0, 210.0, 210.0, 210.0, 210.0, 210.0, 210.0, 210.0, 210.0, 210.0, 210.0, 210.0, 210.0, 210.0, 210.0, 210.0, 210.0, 210.0, 210.0, 210.0, 210.0, 210.0, 210.0, 210.0, 210.0, 210.0, 210.0, 210.0, 210.0, 210.0, 210.0, 210.0]	[-255.0, -255.0, -163.0, -65.0, 21.0, 86.0, 141.0, 181.0, 218.0, 245.0, 264.0, 279.0, 289.0, 294.0, 302.0, 312.0, 317.0, 320.0, 321.0, 321.0, 321.0, 321.0, 321.0, 321.0, 321.0, 321.0, 321.0, 321.0, 321.0, 321.0, 321.0, 321.0, 321.0, 321.0, 321.0, 321.0, 321.0, 321.0, 321.0, 321.0, 321.0, 321.0, 321.0, 321.0, 321.0, 321.0, 321.0, 321.0, 321.0, 321.0, 321.0, 321.0, 321.0, 321.0, 321.0, 321.0, 321.0, 321.0, 321.0, 321.0]	[0, 0, 0, 0, 0, 0, 0, 0, 0, 0, 0, 0, 0, 0, 0, 0, 0, 0, 0, 0, 0, 0, 0, 0, 0, 0, 0, 0, 0, 0, 0, 0, 0, 0, 0, 0, 0, 0, 0, 0, 0, 0, 0, 0, 0, 0, 0, 0, 0, 0, 0, 0, 0, 0, 0, 0, 0, 0, 0, 0]	[0, 0, 0, 0, 0, 0, 0, 0, 0, 0, 0, 0, 0, 0, 0, 0, 0, 0, 0, 0, 0, 0, 0, 0, 0, 0, 0, 0, 0, 0, 0, 0, 0, 0, 0, 0, 0, 0, 0, 0, 0, 0, 0, 0, 0, 0, 0, 0, 0, 0, 0, 0, 0, 0, 0, 0, 0, 0, 0, 0]	[0, 0, 0, 0, 0, 0, 0, 0, 0, 0, 0, 0, 0, 0, 0, 0, 0, 0, 0, 0, 0, 0, 0, 0, 0, 0, 0, 0, 0, 0, 0, 0, 0, 0, 0, 0, 0, 0, 0, 0, 0, 0, 0, 0, 0, 0, 0, 0, 0, 0, 0, 0, 0, 0, 0, 0, 0, 0, 0, 0]	[0.00021059998834971339, 0.010011799997300841, 0.027280499998596497, 0.043689400001312606, 0.06031729999813251, 0.07682719999866094, 0.09333249999326654, 0.11035429999174085, 0.12667810000129975, 0.14366479999443982, 0.1600103999953717, 0.17662739999650512, 0.19343689999368507, 0.2102974000008544, 0.22665339999366552, 0.2439746999880299, 0.2608967999985907, 0.2766428999893833, 0.2931333000015002, 0.3098753999947803, 0.3266853999957675, 0.3433305999933509, 0.3598918999923626, 0.37656129999959376, 0.39324399999168236, 0.40989949999493547, 0.4265057999873534, 0.44305409998924006, 0.4596822999883443, 0.47638500000175554, 0.49316079998970963, 0.5095829999918351, 0.5262390999996569, 0.5432524999923771, 0.5597927999915555, 0.5763697999936994, 0.593090199996368, 0.6097581999929389, 0.6263761000009254, 0.6431804999883752, 0.6596700999944005, 0.6763475999905495, 0.6930031999945641, 0.7096044999925653, 0.7261701999959769, 0.7430529999983264, 0.7596692999941297, 0.7763320999947609, 0.7929566999955568, 0.8098054000001866, 0.8262518999981694, 0.8429824999911943, 0.8595896999904653, 0.8762335999927018, 0.8927933999948436, 0.9094696999964071, 0.9261093999957666, 0.9428241999994498, 0.9594356999878073, 0.9761235999903874]	n/a	n/a	0.5	9b
91	4	go_nogo	0	60	2	go	click	[16.0, 24.0, 29.0, 45.0, 64.0, 88.0, 110.0, 126.0, 138.0, 143.0, 146.0, 147.0, 147.0, 147.0, 147.0, 150.0, 150.0, 150.0, 150.0, 151.0, 156.0, 161.0, 164.0, 166.0, 167.0, 168.0, 169.0, 169.0]	[-250.0, -195.0, -145.0, -46.0, 42.0, 127.0, 205.0, 266.0, 311.0, 326.0, 333.0, 337.0, 338.0, 338.0, 339.0, 342.0, 344.0, 344.0, 344.0, 344.0, 344.0, 340.0, 338.0, 338.0, 338.0, 336.0, 336.0, 336.0]	[0, 0, 0, 0, 0, 0, 0, 0, 0, 0, 0, 0, 0, 0, 0, 0, 0, 0, 0, 0, 0, 0, 0, 0, 0, 0, 0, 1]	[0, 0, 0, 0, 0, 0, 0, 0, 0, 0, 0, 0, 0, 0, 0, 0, 0, 0, 0, 0, 0, 0, 0, 0, 0, 0, 0, 0]	[0, 0, 0, 0, 0, 0, 0, 0, 0, 0, 0, 0, 0, 0, 0, 0, 0, 0, 0, 0, 0, 0, 0, 0, 0, 0, 0, 0]	[8.079998951870948e-05, 0.011868599991430528, 0.028142999988631345, 0.0448300999996718, 0.06196629999612924, 0.07834690000163391, 0.09493609999481123, 0.11167299999215174, 0.12841910000133794, 0.1450250999914715, 0.1620111999945948, 0.178543100002571, 0.1950417999905767, 0.2117584999941755, 0.22845739999320358, 0.24523790000239387, 0.2615394999884302, 0.27832659998966847, 0.2951589000003878, 0.31180250000033993, 0.3285466999950586, 0.3454520999948727, 0.3617369999992661, 0.3783341999951517, 0.39566650000051595, 0.4117504000023473, 0.4284404999925755, 0.44519909999507945]	169.0	336.0	0.8	9b
92	4	go_nogo	0	60	8	go	click	[17.0, 17.0, 25.0, 54.0, 83.0, 114.0, 127.0, 134.0, 139.0, 143.0, 146.0, 152.0, 157.0, 159.0, 160.0, 160.0, 160.0, 160.0, 161.0, 164.0, 166.0, 168.0, 169.0, 169.0, 169.0]	[-253.0, -253.0, -221.0, -119.0, -10.0, 93.0, 134.0, 161.0, 178.0, 189.0, 199.0, 212.0, 222.0, 233.0, 235.0, 236.0, 236.0, 236.0, 238.0, 244.0, 251.0, 256.0, 257.0, 258.0, 258.0]	[0, 0, 0, 0, 0, 0, 0, 0, 0, 0, 0, 0, 0, 0, 0, 0, 0, 0, 0, 0, 0, 0, 0, 0, 1]	[0, 0, 0, 0, 0, 0, 0, 0, 0, 0, 0, 0, 0, 0, 0, 0, 0, 0, 0, 0, 0, 0, 0, 0, 0]	[0, 0, 0, 0, 0, 0, 0, 0, 0, 0, 0, 0, 0, 0, 0, 0, 0, 0, 0, 0, 0, 0, 0, 0, 0]	[0.0002519999979995191, 0.012131000010413118, 0.02857770000991877, 0.045158699998864904, 0.062287200009450316, 0.07918460000655614, 0.09534549999807496, 0.1117798000050243, 0.12848910001048353, 0.14518849999876693, 0.16169420001097023, 0.17854510000324808, 0.19533560000127181, 0.2120963000052143, 0.2286508999968646, 0.24513589999696705, 0.26185809999878984, 0.2785775000083959, 0.2954504000081215, 0.31195680001110304, 0.3282995000045048, 0.34509699999762233, 0.3619768000062322, 0.37835030000132974, 0.39521160000003874]	169.0	258.0	0.9	9b
93	4	go_nogo	0	60	6	go	click	[49.0, 49.0, 93.0, 135.0, 173.0, 205.0, 229.0, 246.0, 255.0, 259.0, 263.0, 264.0, 264.0, 264.0, 264.0, 264.0, 264.0, 264.0, 264.0, 264.0, 264.0, 260.0, 241.0, 229.0, 222.0, 218.0, 216.0, 215.0, 215.0, 215.0]	[-274.0, -274.0, -158.0, -35.0, 69.0, 152.0, 220.0, 263.0, 290.0, 304.0, 312.0, 315.0, 315.0, 315.0, 316.0, 316.0, 316.0, 316.0, 316.0, 316.0, 316.0, 314.0, 303.0, 297.0, 293.0, 292.0, 291.0, 291.0, 291.0, 291.0]	[0, 0, 0, 0, 0, 0, 0, 0, 0, 0, 0, 0, 0, 0, 0, 0, 0, 0, 0, 0, 0, 0, 0, 0, 0, 0, 0, 0, 0, 1]	[0, 0, 0, 0, 0, 0, 0, 0, 0, 0, 0, 0, 0, 0, 0, 0, 0, 0, 0, 0, 0, 0, 0, 0, 0, 0, 0, 0, 0, 0]	[0, 0, 0, 0, 0, 0, 0, 0, 0, 0, 0, 0, 0, 0, 0, 0, 0, 0, 0, 0, 0, 0, 0, 0, 0, 0, 0, 0, 0, 0]	[8.089999028015882e-05, 0.010927499999525025, 0.02740059999632649, 0.04440109999268316, 0.060921899988898076, 0.07735689998662565, 0.09394319998682477, 0.11058769999362994, 0.1272220999962883, 0.14404519999516197, 0.1606024999928195, 0.17718859999149572, 0.1939364999998361, 0.21074009999574628, 0.2271611999894958, 0.2438040999986697, 0.26044959999853745, 0.2770682999980636, 0.29394969998975284, 0.31063899998844136, 0.32744459999958053, 0.3442645999894012, 0.36094229998707306, 0.37749759999860544, 0.39405009998881724, 0.4106471999984933, 0.42719009998836555, 0.4436183999932837, 0.46041099999274593, 0.4773101999890059]	215.0	291.0	0.8	9b
94	4	go_nogo	0	60	6	go	click	[24.0, 36.0, 48.0, 65.0, 76.0, 83.0, 89.0, 100.0, 111.0, 121.0, 128.0, 132.0, 134.0, 136.0, 141.0, 143.0, 148.0, 153.0, 161.0, 171.0, 179.0, 182.0, 183.0, 185.0, 187.0, 190.0, 191.0, 191.0]	[-228.0, -188.0, -150.0, -86.0, -38.0, 13.0, 47.0, 86.0, 121.0, 148.0, 168.0, 179.0, 187.0, 194.0, 204.0, 210.0, 218.0, 228.0, 243.0, 258.0, 266.0, 272.0, 275.0, 279.0, 285.0, 289.0, 293.0, 293.0]	[0, 0, 0, 0, 0, 0, 0, 0, 0, 0, 0, 0, 0, 0, 0, 0, 0, 0, 0, 0, 0, 0, 0, 0, 0, 0, 0, 1]	[0, 0, 0, 0, 0, 0, 0, 0, 0, 0, 0, 0, 0, 0, 0, 0, 0, 0, 0, 0, 0, 0, 0, 0, 0, 0, 0, 0]	[0, 0, 0, 0, 0, 0, 0, 0, 0, 0, 0, 0, 0, 0, 0, 0, 0, 0, 0, 0, 0, 0, 0, 0, 0, 0, 0, 0]	[0.00015100000018719584, 0.011916000003111549, 0.02826180000556633, 0.04512960001011379, 0.06227580000995658, 0.0786600000137696, 0.09519150000414811, 0.11181300001044292, 0.1284227000141982, 0.14501720000407659, 0.16148630001407582, 0.1782394000038039, 0.19484100000408944, 0.21174640000390355, 0.2284807000105502, 0.24508150000474416, 0.26178500000969507, 0.2783866000099806, 0.29543400001421105, 0.3126152000040747, 0.3285558000061428, 0.3452045000012731, 0.36182730000291485, 0.37827590000233613, 0.39487230000668205, 0.41149110000696965, 0.4283195000025444, 0.4457344000111334]	191.0	293.0	0.8	9b
95	4	go_nogo	0	60	9	nogo	none	[37.0, 37.0, 52.0, 83.0, 109.0, 138.0, 159.0, 167.0, 170.0, 172.0, 173.0, 176.0, 176.0, 177.0, 177.0, 177.0, 177.0, 177.0, 177.0, 177.0, 177.0, 177.0, 180.0, 182.0, 185.0, 186.0, 186.0, 186.0, 186.0, 186.0, 186.0, 186.0, 186.0, 186.0, 186.0, 186.0, 186.0, 186.0, 186.0, 186.0, 186.0, 186.0, 186.0, 186.0, 186.0, 186.0, 186.0, 186.0, 186.0, 186.0, 186.0, 186.0, 186.0, 186.0, 186.0, 186.0, 186.0, 186.0, 186.0, 186.0, 186.0, 186.0, 186.0, 186.0, 186.0, 186.0, 186.0, 186.0, 186.0]	[-220.0, -220.0, -175.0, -84.0, -1.0, 74.0, 137.0, 164.0, 175.0, 184.0, 194.0, 208.0, 217.0, 224.0, 226.0, 227.0, 234.0, 237.0, 241.0, 242.0, 243.0, 246.0, 258.0, 273.0, 288.0, 295.0, 297.0, 298.0, 298.0, 298.0, 298.0, 298.0, 298.0, 298.0, 298.0, 298.0, 298.0, 298.0, 298.0, 298.0, 298.0, 298.0, 298.0, 298.0, 298.0, 298.0, 298.0, 298.0, 298.0, 298.0, 298.0, 298.0, 298.0, 298.0, 298.0, 298.0, 298.0, 298.0, 298.0, 298.0, 298.0, 298.0, 298.0, 298.0, 298.0, 298.0, 298.0, 298.0, 298.0]	[0, 0, 0, 0, 0, 0, 0, 0, 0, 0, 0, 0, 0, 0, 0, 0, 0, 0, 0, 0, 0, 0, 0, 0, 0, 0, 0, 0, 0, 0, 0, 0, 0, 0, 0, 0, 0, 0, 0, 0, 0, 0, 0, 0, 0, 0, 0, 0, 0, 0, 0, 0, 0, 0, 0, 0, 0, 0, 0, 0, 0, 0, 0, 0, 0, 0, 0, 0, 0]	[0, 0, 0, 0, 0, 0, 0, 0, 0, 0, 0, 0, 0, 0, 0, 0, 0, 0, 0, 0, 0, 0, 0, 0, 0, 0, 0, 0, 0, 0, 0, 0, 0, 0, 0, 0, 0, 0, 0, 0, 0, 0, 0, 0, 0, 0, 0, 0, 0, 0, 0, 0, 0, 0, 0, 0, 0, 0, 0, 0, 0, 0, 0, 0, 0, 0, 0, 0, 0]	[0, 0, 0, 0, 0, 0, 0, 0, 0, 0, 0, 0, 0, 0, 0, 0, 0, 0, 0, 0, 0, 0, 0, 0, 0, 0, 0, 0, 0, 0, 0, 0, 0, 0, 0, 0, 0, 0, 0, 0, 0, 0, 0, 0, 0, 0, 0, 0, 0, 0, 0, 0, 0, 0, 0, 0, 0, 0, 0, 0, 0, 0, 0, 0, 0, 0, 0, 0, 0]	[0.00019809999503195286, 0.011549299990292639, 0.028134499996667728, 0.04468639999686275, 0.0613829999929294, 0.07887009999831207, 0.09527720000187401, 0.111929799997597, 0.12806959998852108, 0.1446558999887202, 0.16137109999544919, 0.1783034999971278, 0.1947712999972282, 0.21135409999988042, 0.22824869999021757, 0.2449507999990601, 0.26146749999315944, 0.2781449999893084, 0.2947241999936523, 0.31132559999241494, 0.32812239999475423, 0.34472519998962525, 0.3611821999948006, 0.378329200000735, 0.394769799997448, 0.41144129999156576, 0.4283792999922298, 0.44447659999423195, 0.4610696000017924, 0.4780170000012731, 0.49463709999690764, 0.5113426999887452, 0.5279421000013826, 0.5446113999933004, 0.5611521999962861, 0.5780025999993086, 0.5945489000005182, 0.6112173000001349, 0.6279183000006014, 0.6443963999918196, 0.6611705999966944, 0.677792499991483, 0.6944176999968477, 0.7111966999946162, 0.7277012999984436, 0.744383099998231, 0.7612703999911901, 0.7778188999945996, 0.794419600002584, 0.8111484999972163, 0.8277145999891218, 0.8444815999973798, 0.8611330999992788, 0.877771200001007, 0.8944503999955487, 0.9110693999973591, 0.9277210000000196, 0.9443959999916842, 0.9611557000025641, 0.9779439999983879, 0.9944163999898592, 1.0112258000008296, 1.0277972999901976, 1.0442929999990156, 1.0609333999891533, 1.0781300999951782, 1.0944760999991558, 1.11113399999158, 1.1278680999967037]	n/a	n/a	0.9	9b
96	4	go_nogo	0	60	2	go	click	[63.0, 63.0, 83.0, 99.0, 124.0, 146.0, 167.0, 190.0, 206.0, 215.0, 219.0, 221.0, 223.0, 224.0, 225.0, 225.0, 226.0, 226.0, 227.0, 227.0, 227.0, 227.0, 227.0]	[-213.0, -213.0, -143.0, -89.0, -18.0, 48.0, 118.0, 192.0, 246.0, 279.0, 289.0, 296.0, 302.0, 308.0, 313.0, 316.0, 316.0, 318.0, 320.0, 326.0, 327.0, 327.0, 327.0]	[0, 0, 0, 0, 0, 0, 0, 0, 0, 0, 0, 0, 0, 0, 0, 0, 0, 0, 0, 0, 0, 0, 1]	[0, 0, 0, 0, 0, 0, 0, 0, 0, 0, 0, 0, 0, 0, 0, 0, 0, 0, 0, 0, 0, 0, 0]	[0, 0, 0, 0, 0, 0, 0, 0, 0, 0, 0, 0, 0, 0, 0, 0, 0, 0, 0, 0, 0, 0, 0]	[0.00021680000645574182, 0.011868200002936646, 0.02857370000856463, 0.04513310000766069, 0.06179260001226794, 0.07847050001146272, 0.09546390001196414, 0.11185250000562519, 0.12878790000104345, 0.1452620000054594, 0.16229420001036488, 0.17871430001105182, 0.1952224999986356, 0.2120891000085976, 0.22866459999931976, 0.24527990000206046, 0.2619153000123333, 0.278461599998991, 0.2949127000028966, 0.31216860000859015, 0.32836780000070576, 0.34494390001054853, 0.3617331999994349]	227.0	327.0	0.9	9b
97	4	go_nogo	0	60	9	nogo	none	[21.0, 21.0, 42.0, 67.0, 105.0, 148.0, 175.0, 190.0, 197.0, 201.0, 201.0, 201.0, 202.0, 203.0, 204.0, 204.0, 204.0, 204.0, 205.0, 206.0, 207.0, 207.0, 207.0, 207.0, 207.0, 207.0, 207.0, 207.0, 207.0, 207.0, 207.0, 207.0, 207.0, 207.0, 207.0, 207.0, 207.0, 207.0, 207.0, 207.0, 207.0, 207.0, 207.0, 207.0, 207.0, 207.0, 207.0, 207.0, 207.0, 207.0, 207.0, 207.0, 207.0, 207.0, 207.0, 207.0, 207.0, 207.0, 207.0, 207.0, 207.0, 207.0, 207.0]	[-250.0, -250.0, -154.0, -53.0, 50.0, 159.0, 223.0, 256.0, 276.0, 283.0, 283.0, 283.0, 284.0, 287.0, 289.0, 289.0, 289.0, 290.0, 292.0, 297.0, 299.0, 300.0, 300.0, 300.0, 300.0, 300.0, 300.0, 300.0, 300.0, 300.0, 300.0, 300.0, 300.0, 300.0, 300.0, 300.0, 300.0, 300.0, 300.0, 300.0, 300.0, 300.0, 300.0, 300.0, 300.0, 300.0, 300.0, 300.0, 300.0, 300.0, 300.0, 300.0, 300.0, 300.0, 300.0, 300.0, 300.0, 300.0, 300.0, 300.0, 300.0, 300.0, 300.0]	[0, 0, 0, 0, 0, 0, 0, 0, 0, 0, 0, 0, 0, 0, 0, 0, 0, 0, 0, 0, 0, 0, 0, 0, 0, 0, 0, 0, 0, 0, 0, 0, 0, 0, 0, 0, 0, 0, 0, 0, 0, 0, 0, 0, 0, 0, 0, 0, 0, 0, 0, 0, 0, 0, 0, 0, 0, 0, 0, 0, 0, 0, 0]	[0, 0, 0, 0, 0, 0, 0, 0, 0, 0, 0, 0, 0, 0, 0, 0, 0, 0, 0, 0, 0, 0, 0, 0, 0, 0, 0, 0, 0, 0, 0, 0, 0, 0, 0, 0, 0, 0, 0, 0, 0, 0, 0, 0, 0, 0, 0, 0, 0, 0, 0, 0, 0, 0, 0, 0, 0, 0, 0, 0, 0, 0, 0]	[0, 0, 0, 0, 0, 0, 0, 0, 0, 0, 0, 0, 0, 0, 0, 0, 0, 0, 0, 0, 0, 0, 0, 0, 0, 0, 0, 0, 0, 0, 0, 0, 0, 0, 0, 0, 0, 0, 0, 0, 0, 0, 0, 0, 0, 0, 0, 0, 0, 0, 0, 0, 0, 0, 0, 0, 0, 0, 0, 0, 0, 0, 0]	[0.0002212999970652163, 0.011792400007834658, 0.02784379999502562, 0.044282300004852004, 0.06093600000895094, 0.0775597000028938, 0.09442310000304133, 0.1109913999971468, 0.1279350999975577, 0.14429140000720508, 0.1610423000092851, 0.1776473000063561, 0.1944182000006549, 0.21145620000606868, 0.2275584000017261, 0.24409760000708047, 0.2609100999980001, 0.27777260000584647, 0.2940759000048274, 0.3107783000014024, 0.3273842000053264, 0.3440400999970734, 0.3608673999988241, 0.3773722000041744, 0.3940281999966828, 0.4108691000001272, 0.42738639999879524, 0.44401920000382233, 0.46080410000286065, 0.47747640000307, 0.49398549999750685, 0.5105287000042154, 0.527358399995137, 0.5441495999984909, 0.5606054000090808, 0.5773780000017723, 0.594229099995573, 0.6108290999982273, 0.6270480999955907, 0.6437596000032499, 0.6605347000004258, 0.6773494000080973, 0.6937644999998156, 0.7102815999969607, 0.7271489999984624, 0.7440091000025859, 0.7606488000019453, 0.777193800007808, 0.7937606000050437, 0.8104880000028061, 0.8273543999966932, 0.8440343999973265, 0.8607666000025347, 0.8774949000071501, 0.8940609999990556, 0.9103657000086969, 0.9268452999967849, 0.9437547999987146, 0.9605624999967404, 0.9769625000044471, 0.993869400001131, 1.0104805000009947, 1.0270637000066927]	n/a	n/a	0.6	9b
98	4	go_nogo	0	60	4	go	click	[51.0, 51.0, 76.0, 110.0, 149.0, 182.0, 200.0, 214.0, 216.0, 219.0, 223.0, 230.0, 235.0, 236.0, 236.0, 236.0, 236.0, 236.0, 236.0, 236.0, 236.0, 236.0, 236.0, 236.0, 236.0]	[-255.0, -255.0, -173.0, -66.0, 49.0, 144.0, 195.0, 233.0, 239.0, 245.0, 253.0, 269.0, 280.0, 285.0, 285.0, 285.0, 285.0, 285.0, 285.0, 285.0, 285.0, 285.0, 285.0, 285.0, 285.0]	[0, 0, 0, 0, 0, 0, 0, 0, 0, 0, 0, 0, 0, 0, 0, 0, 0, 0, 0, 0, 0, 0, 0, 0, 1]	[0, 0, 0, 0, 0, 0, 0, 0, 0, 0, 0, 0, 0, 0, 0, 0, 0, 0, 0, 0, 0, 0, 0, 0, 0]	[0, 0, 0, 0, 0, 0, 0, 0, 0, 0, 0, 0, 0, 0, 0, 0, 0, 0, 0, 0, 0, 0, 0, 0, 0]	[7.619999814778566e-05, 0.012161699996795505, 0.028984999997192062, 0.04537760000675917, 0.06203300000925083, 0.0788514000014402, 0.09549490000063088, 0.11229600000660866, 0.12907650000124704, 0.145876299997326, 0.16248660000564996, 0.17874899999878835, 0.19551940000383183, 0.21197720000054687, 0.22861269999702927, 0.24538550000579562, 0.26207460000296123, 0.27868909999961033, 0.2954164000111632, 0.3119697000074666, 0.3286823000089498, 0.3453650000010384, 0.3622540000069421, 0.378783400010434, 0.39583150000544265]	236.0	285.0	0.6	9b
99	4	go_nogo	0	60	2	go	click	[33.0, 43.0, 53.0, 78.0, 103.0, 123.0, 136.0, 149.0, 152.0, 156.0, 156.0, 157.0, 157.0, 157.0, 158.0, 158.0, 158.0, 158.0, 158.0, 158.0, 158.0, 158.0, 159.0, 159.0, 159.0, 159.0, 159.0, 159.0, 159.0, 159.0, 159.0, 159.0, 159.0, 159.0, 159.0, 159.0]	[-296.0, -252.0, -205.0, -77.0, 51.0, 143.0, 196.0, 239.0, 248.0, 258.0, 258.0, 259.0, 261.0, 264.0, 265.0, 265.0, 265.0, 265.0, 265.0, 265.0, 265.0, 266.0, 266.0, 266.0, 266.0, 266.0, 266.0, 266.0, 266.0, 266.0, 266.0, 266.0, 266.0, 266.0, 266.0, 266.0]	[0, 0, 0, 0, 0, 0, 0, 0, 0, 0, 0, 0, 0, 0, 0, 0, 0, 0, 0, 0, 0, 0, 0, 0, 0, 0, 0, 0, 0, 0, 0, 0, 0, 0, 0, 1]	[0, 0, 0, 0, 0, 0, 0, 0, 0, 0, 0, 0, 0, 0, 0, 0, 0, 0, 0, 0, 0, 0, 0, 0, 0, 0, 0, 0, 0, 0, 0, 0, 0, 0, 0, 0]	[0, 0, 0, 0, 0, 0, 0, 0, 0, 0, 0, 0, 0, 0, 0, 0, 0, 0, 0, 0, 0, 0, 0, 0, 0, 0, 0, 0, 0, 0, 0, 0, 0, 0, 0, 0]	[8.189999789465219e-05, 0.010647000002791174, 0.0277222000004258, 0.04429210000671446, 0.06060950001119636, 0.07714550000673626, 0.09408190000976902, 0.11051920001045801, 0.12734659999841824, 0.14367119999951683, 0.1605965000053402, 0.17705850000493228, 0.19376110000303015, 0.21063400000275578, 0.22714709999854676, 0.24365109999780543, 0.26037709999945946, 0.27695510000921786, 0.29368760000215843, 0.31023519999871496, 0.3267599000100745, 0.34380370000144467, 0.3603800999990199, 0.3768897999980254, 0.39376659999834374, 0.41029720001097303, 0.42702200000348967, 0.4435824000102002, 0.46015230000193696, 0.4768834999995306, 0.49344390000624117, 0.5101834000088274, 0.5268768000096316, 0.5435703000111971, 0.5601444000058109, 0.5772983000060776]	159.0	266.0	0.6	9b
100	4	go_nogo	0	60	7	go	click	[33.0, 49.0, 65.0, 93.0, 123.0, 149.0, 175.0, 196.0, 223.0, 235.0, 239.0, 240.0, 241.0, 241.0, 241.0, 241.0, 241.0, 241.0, 241.0, 241.0, 241.0, 241.0, 241.0, 241.0, 236.0, 224.0, 211.0, 199.0, 193.0, 192.0, 192.0, 192.0, 192.0, 192.0, 192.0]	[-220.0, -167.0, -114.0, -20.0, 67.0, 146.0, 220.0, 280.0, 353.0, 384.0, 398.0, 402.0, 403.0, 403.0, 403.0, 403.0, 403.0, 403.0, 403.0, 403.0, 403.0, 403.0, 403.0, 402.0, 385.0, 356.0, 324.0, 301.0, 289.0, 286.0, 285.0, 285.0, 285.0, 285.0, 285.0]	[0, 0, 0, 0, 0, 0, 0, 0, 0, 0, 0, 0, 0, 0, 0, 0, 0, 0, 0, 0, 0, 0, 0, 0, 0, 0, 0, 0, 0, 0, 0, 0, 0, 0, 1]	[0, 0, 0, 0, 0, 0, 0, 0, 0, 0, 0, 0, 0, 0, 0, 0, 0, 0, 0, 0, 0, 0, 0, 0, 0, 0, 0, 0, 0, 0, 0, 0, 0, 0, 0]	[0, 0, 0, 0, 0, 0, 0, 0, 0, 0, 0, 0, 0, 0, 0, 0, 0, 0, 0, 0, 0, 0, 0, 0, 0, 0, 0, 0, 0, 0, 0, 0, 0, 0, 0]	[7.139999070204794e-05, 0.011959700001170859, 0.02838089999568183, 0.04542819999915082, 0.06194909999612719, 0.07847860000038054, 0.0949685999948997, 0.1118127999943681, 0.12862960000347812, 0.14485189999686554, 0.16169569999328814, 0.17831550000119023, 0.19489329999487381, 0.21163469999737572, 0.22826390000409447, 0.24486710000201128, 0.2614919000043301, 0.27819549999549054, 0.29486110000289045, 0.3114025999966543, 0.3279727000044659, 0.3448378000030061, 0.36172059999080375, 0.37895129999378696, 0.3952398999972502, 0.41158630000427365, 0.42817689999355935, 0.4450161999993725, 0.4617209999996703, 0.47876759999780916, 0.49491789999592584, 0.5114688000030583, 0.5281886000011582, 0.544843800002127, 0.5621256000013091]	192.0	285.0	0.6	9b
101	4	go_nogo	0	60	6	go	click	[32.0, 43.0, 55.0, 82.0, 111.0, 131.0, 143.0, 153.0, 160.0, 165.0, 168.0, 172.0, 174.0, 174.0, 174.0, 174.0, 174.0, 174.0, 174.0, 174.0, 174.0, 175.0, 178.0, 183.0, 186.0, 188.0, 189.0, 191.0, 191.0, 191.0, 191.0, 191.0, 191.0, 191.0, 191.0, 191.0, 191.0]	[-288.0, -254.0, -213.0, -131.0, -52.0, 4.0, 42.0, 70.0, 87.0, 101.0, 111.0, 120.0, 126.0, 127.0, 127.0, 127.0, 127.0, 127.0, 127.0, 127.0, 127.0, 131.0, 155.0, 191.0, 223.0, 255.0, 284.0, 300.0, 304.0, 306.0, 306.0, 306.0, 306.0, 306.0, 306.0, 306.0, 306.0]	[0, 0, 0, 0, 0, 0, 0, 0, 0, 0, 0, 0, 0, 0, 0, 0, 0, 0, 0, 0, 0, 0, 0, 0, 0, 0, 0, 0, 0, 0, 0, 0, 0, 0, 0, 0, 1]	[0, 0, 0, 0, 0, 0, 0, 0, 0, 0, 0, 0, 0, 0, 0, 0, 0, 0, 0, 0, 0, 0, 0, 0, 0, 0, 0, 0, 0, 0, 0, 0, 0, 0, 0, 0, 0]	[0, 0, 0, 0, 0, 0, 0, 0, 0, 0, 0, 0, 0, 0, 0, 0, 0, 0, 0, 0, 0, 0, 0, 0, 0, 0, 0, 0, 0, 0, 0, 0, 0, 0, 0, 0, 0]	[8.689999231137335e-05, 0.01066020000143908, 0.027316799998516217, 0.04395880000083707, 0.060287000000244007, 0.07693179999478161, 0.09392630000365898, 0.11047509999480098, 0.12692650000099093, 0.14403100000345148, 0.160825200000545, 0.17774810000264551, 0.1940035000006901, 0.21032199999899603, 0.22721430000092369, 0.24382600000535604, 0.26044009999895934, 0.277156099997228, 0.29369419999420643, 0.3103133999975398, 0.32718860000022687, 0.34412629999860656, 0.3603131999989273, 0.3772208000009414, 0.3939644999918528, 0.4103075000020908, 0.426845099995262, 0.4435771999997087, 0.4604029000038281, 0.47673460000078194, 0.4935570999950869, 0.5101007000048412, 0.5267486999946414, 0.543457199994009, 0.5603793000045698, 0.5768908000027295, 0.593774900000426]	191.0	306.0	0.7	9b
102	4	go_nogo	0	60	3	go	click	[64.0, 64.0, 71.0, 99.0, 119.0, 138.0, 155.0, 165.0, 172.0, 176.0, 178.0, 180.0, 181.0, 181.0, 182.0, 182.0, 183.0, 184.0, 187.0, 187.0, 188.0, 188.0, 189.0, 189.0, 189.0, 189.0, 189.0, 189.0]	[-194.0, -194.0, -155.0, -34.0, 32.0, 90.0, 141.0, 172.0, 187.0, 197.0, 203.0, 208.0, 212.0, 214.0, 215.0, 215.0, 220.0, 232.0, 245.0, 255.0, 261.0, 262.0, 262.0, 262.0, 263.0, 264.0, 265.0, 265.0]	[0, 0, 0, 0, 0, 0, 0, 0, 0, 0, 0, 0, 0, 0, 0, 0, 0, 0, 0, 0, 0, 0, 0, 0, 0, 0, 0, 1]	[0, 0, 0, 0, 0, 0, 0, 0, 0, 0, 0, 0, 0, 0, 0, 0, 0, 0, 0, 0, 0, 0, 0, 0, 0, 0, 0, 0]	[0, 0, 0, 0, 0, 0, 0, 0, 0, 0, 0, 0, 0, 0, 0, 0, 0, 0, 0, 0, 0, 0, 0, 0, 0, 0, 0, 0]	[0.0003603999939514324, 0.01029279999784194, 0.02672809999785386, 0.0435455999977421, 0.06011049999506213, 0.07697229999757838, 0.09323529999528546, 0.11015709998901002, 0.12645270000211895, 0.1432133999915095, 0.15982020000228658, 0.1766605000011623, 0.19354680000105873, 0.20990259999234695, 0.226531199994497, 0.24325309999403544, 0.2598418999987189, 0.27661950000037905, 0.29317389999050647, 0.31015849999675993, 0.32684779999544844, 0.34329910000087693, 0.35976859999937005, 0.3765848999901209, 0.393189499998698, 0.410041099996306, 0.4265068999957293, 0.4429466000001412]	189.0	265.0	0.8	9b
103	4	go_nogo	0	60	1	nogo	none	[31.0, 31.0, 44.0, 54.0, 62.0, 73.0, 86.0, 106.0, 118.0, 127.0, 133.0, 137.0, 141.0, 145.0, 146.0, 147.0, 147.0, 147.0, 149.0, 152.0, 155.0, 157.0, 158.0, 158.0, 158.0, 158.0, 158.0, 158.0, 158.0, 158.0, 158.0, 158.0, 158.0, 158.0, 158.0, 158.0, 158.0, 158.0, 158.0, 158.0, 158.0, 158.0, 158.0, 158.0, 158.0, 158.0, 158.0, 158.0, 158.0, 158.0, 158.0, 158.0, 158.0, 158.0, 158.0, 158.0, 158.0, 158.0, 158.0, 158.0, 158.0, 158.0, 158.0, 158.0, 158.0]	[-226.0, -226.0, -147.0, -93.0, -43.0, 5.0, 58.0, 120.0, 160.0, 189.0, 208.0, 221.0, 232.0, 248.0, 251.0, 253.0, 253.0, 255.0, 261.0, 271.0, 280.0, 285.0, 288.0, 289.0, 289.0, 289.0, 289.0, 289.0, 289.0, 289.0, 289.0, 289.0, 289.0, 289.0, 289.0, 289.0, 289.0, 289.0, 289.0, 289.0, 289.0, 289.0, 289.0, 289.0, 289.0, 289.0, 289.0, 289.0, 289.0, 289.0, 289.0, 289.0, 289.0, 289.0, 289.0, 289.0, 289.0, 289.0, 289.0, 289.0, 289.0, 289.0, 289.0, 289.0, 289.0]	[0, 0, 0, 0, 0, 0, 0, 0, 0, 0, 0, 0, 0, 0, 0, 0, 0, 0, 0, 0, 0, 0, 0, 0, 0, 0, 0, 0, 0, 0, 0, 0, 0, 0, 0, 0, 0, 0, 0, 0, 0, 0, 0, 0, 0, 0, 0, 0, 0, 0, 0, 0, 0, 0, 0, 0, 0, 0, 0, 0, 0, 0, 0, 0, 0]	[0, 0, 0, 0, 0, 0, 0, 0, 0, 0, 0, 0, 0, 0, 0, 0, 0, 0, 0, 0, 0, 0, 0, 0, 0, 0, 0, 0, 0, 0, 0, 0, 0, 0, 0, 0, 0, 0, 0, 0, 0, 0, 0, 0, 0, 0, 0, 0, 0, 0, 0, 0, 0, 0, 0, 0, 0, 0, 0, 0, 0, 0, 0, 0, 0]	[0, 0, 0, 0, 0, 0, 0, 0, 0, 0, 0, 0, 0, 0, 0, 0, 0, 0, 0, 0, 0, 0, 0, 0, 0, 0, 0, 0, 0, 0, 0, 0, 0, 0, 0, 0, 0, 0, 0, 0, 0, 0, 0, 0, 0, 0, 0, 0, 0, 0, 0, 0, 0, 0, 0, 0, 0, 0, 0, 0, 0, 0, 0, 0, 0]	[0.00023269999655894935, 0.01163359999191016, 0.027598199987551197, 0.04375489999074489, 0.0607385999901453, 0.07719849998829886, 0.09407409999403171, 0.11054369999328628, 0.1272127999982331, 0.14369719999376684, 0.1604794999875594, 0.17714679999335203, 0.19399960000009742, 0.21106889999646228, 0.2273745999991661, 0.243755899995449, 0.2605129999865312, 0.2770789999922272, 0.29394329999922775, 0.31034869998984504, 0.3274035999929765, 0.343911299991305, 0.36095529999875, 0.3770339999900898, 0.39374829998996574, 0.41047799999068957, 0.4269099999946775, 0.4436968999943929, 0.460404399986146, 0.4770414999948116, 0.49343979998957366, 0.5102488999982597, 0.5269083999883151, 0.5437236999860033, 0.5604282999993302, 0.5769217999913963, 0.5935640999960015, 0.6101597999950172, 0.6270070999889867, 0.6437082999909762, 0.660299600000144, 0.6768474999989849, 0.6936234999884618, 0.7104819999949541, 0.7270394999941345, 0.7436071999982232, 0.7603151999937836, 0.776973399988492, 0.7935788999893703, 0.81009769999946, 0.8268064999865601, 0.8437680999923032, 0.8601535999914631, 0.8768059999856632, 0.893514099996537, 0.9101276000001235, 0.9266983999987133, 0.9434303999878466, 0.960303699990618, 0.9769290999975055, 0.993389199997182, 1.0104143999924418, 1.0267328999907477, 1.043357799993828, 1.0600766999996267]	n/a	n/a	1.0	9b
104	4	go_nogo	0	60	3	go	click	[25.0, 25.0, 49.0, 80.0, 112.0, 135.0, 151.0, 163.0, 171.0, 175.0, 179.0, 183.0, 189.0, 192.0, 194.0, 194.0, 194.0, 194.0, 196.0, 200.0, 208.0, 213.0, 219.0, 223.0, 223.0, 224.0, 224.0, 224.0, 224.0]	[-295.0, -295.0, -245.0, -169.0, -85.0, -18.0, 39.0, 77.0, 100.0, 115.0, 128.0, 138.0, 160.0, 169.0, 175.0, 175.0, 175.0, 175.0, 182.0, 199.0, 224.0, 249.0, 270.0, 285.0, 296.0, 303.0, 303.0, 303.0, 303.0]	[0, 0, 0, 0, 0, 0, 0, 0, 0, 0, 0, 0, 0, 0, 0, 0, 0, 0, 0, 0, 0, 0, 0, 0, 0, 0, 0, 0, 1]	[0, 0, 0, 0, 0, 0, 0, 0, 0, 0, 0, 0, 0, 0, 0, 0, 0, 0, 0, 0, 0, 0, 0, 0, 0, 0, 0, 0, 0]	[0, 0, 0, 0, 0, 0, 0, 0, 0, 0, 0, 0, 0, 0, 0, 0, 0, 0, 0, 0, 0, 0, 0, 0, 0, 0, 0, 0, 0]	[8.919999527279288e-05, 0.011783399997511879, 0.028432899998733774, 0.04539400000066962, 0.06227349999244325, 0.07866959999955725, 0.09524729999247938, 0.11205049999989569, 0.1289183999906527, 0.1452182999928482, 0.16184230000362732, 0.17843879999418277, 0.19592030000058003, 0.21183459999156184, 0.22859269999025855, 0.24525359999097418, 0.26194199999736156, 0.27862460000324063, 0.2951470999978483, 0.3117807999951765, 0.32828349999908824, 0.3452060999989044, 0.3619616999931168, 0.3784121999924537, 0.3959593999898061, 0.41173130000242963, 0.42841359999147244, 0.4449421000026632, 0.4621461999922758]	224.0	303.0	0.5	9b
105	4	go_nogo	0	60	2	go	click	[68.0, 68.0, 100.0, 129.0, 145.0, 159.0, 171.0, 179.0, 186.0, 190.0, 196.0, 206.0, 213.0, 215.0, 217.0, 217.0, 217.0, 217.0, 217.0, 217.0, 217.0, 217.0, 217.0, 217.0, 217.0, 217.0]	[-204.0, -204.0, -120.0, -41.0, 13.0, 55.0, 92.0, 123.0, 148.0, 172.0, 197.0, 248.0, 280.0, 297.0, 301.0, 302.0, 302.0, 302.0, 302.0, 302.0, 302.0, 302.0, 302.0, 302.0, 303.0, 303.0]	[0, 0, 0, 0, 0, 0, 0, 0, 0, 0, 0, 0, 0, 0, 0, 0, 0, 0, 0, 0, 0, 0, 0, 0, 0, 1]	[0, 0, 0, 0, 0, 0, 0, 0, 0, 0, 0, 0, 0, 0, 0, 0, 0, 0, 0, 0, 0, 0, 0, 0, 0, 0]	[0, 0, 0, 0, 0, 0, 0, 0, 0, 0, 0, 0, 0, 0, 0, 0, 0, 0, 0, 0, 0, 0, 0, 0, 0, 0]	[7.769999501761049e-05, 0.011341999997966923, 0.027832899999339134, 0.04430470000079367, 0.06081859998812433, 0.07783789999666624, 0.09445699999923818, 0.11121269999421202, 0.1279909000004409, 0.14454429999750573, 0.1610896999918623, 0.17785759999242146, 0.19440919999033213, 0.21112349999020807, 0.22802650000085123, 0.24441069999011233, 0.26102109999919776, 0.2776405999902636, 0.29418949999671895, 0.3108726999926148, 0.32773900000029244, 0.34438569999474566, 0.36091160000069067, 0.37770549999549985, 0.39421549999678973, 0.41092169999319594]	217.0	303.0	0.9	9b
106	4	go_nogo	0	60	9	nogo	none	[26.0, 26.0, 35.0, 51.0, 67.0, 85.0, 102.0, 114.0, 124.0, 128.0, 130.0, 131.0, 132.0, 132.0, 132.0, 133.0, 133.0, 133.0, 137.0, 140.0, 144.0, 145.0, 145.0, 147.0, 151.0, 154.0, 157.0, 158.0, 159.0, 159.0, 159.0, 159.0, 159.0, 159.0, 159.0, 159.0, 159.0, 159.0, 159.0, 159.0, 159.0, 159.0, 159.0, 159.0, 159.0, 159.0, 159.0, 159.0, 159.0, 159.0, 159.0, 159.0, 159.0, 159.0, 159.0, 159.0, 159.0, 159.0, 159.0, 159.0, 159.0, 159.0, 159.0, 159.0, 159.0, 159.0, 159.0, 159.0, 159.0, 159.0]	[-225.0, -225.0, -185.0, -109.0, -37.0, 36.0, 101.0, 152.0, 199.0, 214.0, 222.0, 227.0, 229.0, 231.0, 231.0, 231.0, 231.0, 234.0, 240.0, 250.0, 261.0, 263.0, 265.0, 267.0, 274.0, 282.0, 288.0, 291.0, 291.0, 291.0, 291.0, 291.0, 291.0, 291.0, 291.0, 292.0, 292.0, 292.0, 292.0, 292.0, 292.0, 292.0, 292.0, 292.0, 292.0, 292.0, 292.0, 292.0, 292.0, 292.0, 292.0, 292.0, 292.0, 292.0, 292.0, 292.0, 292.0, 292.0, 292.0, 292.0, 292.0, 292.0, 292.0, 292.0, 292.0, 292.0, 292.0, 292.0, 292.0, 292.0]	[0, 0, 0, 0, 0, 0, 0, 0, 0, 0, 0, 0, 0, 0, 0, 0, 0, 0, 0, 0, 0, 0, 0, 0, 0, 0, 0, 0, 0, 0, 0, 0, 0, 0, 0, 0, 0, 0, 0, 0, 0, 0, 0, 0, 0, 0, 0, 0, 0, 0, 0, 0, 0, 0, 0, 0, 0, 0, 0, 0, 0, 0, 0, 0, 0, 0, 0, 0, 0, 0]	[0, 0, 0, 0, 0, 0, 0, 0, 0, 0, 0, 0, 0, 0, 0, 0, 0, 0, 0, 0, 0, 0, 0, 0, 0, 0, 0, 0, 0, 0, 0, 0, 0, 0, 0, 0, 0, 0, 0, 0, 0, 0, 0, 0, 0, 0, 0, 0, 0, 0, 0, 0, 0, 0, 0, 0, 0, 0, 0, 0, 0, 0, 0, 0, 0, 0, 0, 0, 0, 0]	[0, 0, 0, 0, 0, 0, 0, 0, 0, 0, 0, 0, 0, 0, 0, 0, 0, 0, 0, 0, 0, 0, 0, 0, 0, 0, 0, 0, 0, 0, 0, 0, 0, 0, 0, 0, 0, 0, 0, 0, 0, 0, 0, 0, 0, 0, 0, 0, 0, 0, 0, 0, 0, 0, 0, 0, 0, 0, 0, 0, 0, 0, 0, 0, 0, 0, 0, 0, 0, 0]	[0.000195399989024736, 0.010491699998965487, 0.027111599993077107, 0.04403160000219941, 0.06091529999685008, 0.07729049999034032, 0.09411409999302123, 0.11050090000208002, 0.12737190000189003, 0.14411500000278465, 0.16116360000160057, 0.17716849999851547, 0.19398809999984223, 0.21023699999204837, 0.22715629999584053, 0.2437801999913063, 0.26044549999642186, 0.2770278999960283, 0.29370559999370016, 0.3104674999922281, 0.32724009999947157, 0.34379230000195093, 0.3605725999950664, 0.3770044999982929, 0.3936663999920711, 0.41076679999241605, 0.4272147000010591, 0.44368409999879077, 0.4601570999948308, 0.4767903999891132, 0.4935899999982212, 0.5103300999908242, 0.5270356999972137, 0.5436026999959722, 0.56036609999137, 0.5770206000015605, 0.5938367999915499, 0.6103044999908889, 0.6268213000003016, 0.6437330999906408, 0.6602811999910045, 0.6768355999956839, 0.6936104999913368, 0.7103885999968043, 0.7269700999895576, 0.7438382999971509, 0.7602477999898838, 0.7771429999993416, 0.7936358000006294, 0.8104029999958584, 0.826924399996642, 0.8435213999910047, 0.86001099999703, 0.8771141999895917, 0.893644800002221, 0.9100445999938529, 0.9267647999949986, 0.9434566999989329, 0.9603489000000991, 0.9768493000010494, 0.9934684999898309, 1.0100966000027256, 1.0268338000023505, 1.0433558999939123, 1.0601491999987047, 1.0766868999926373, 1.0933963999996195, 1.1100015999982134, 1.1267619999998715, 1.1433759999927133]	n/a	n/a	1.0	9b
107	4	go_nogo	0	60	3	go	click	[34.0, 52.0, 68.0, 98.0, 129.0, 153.0, 166.0, 174.0, 175.0, 175.0, 176.0, 177.0, 178.0, 179.0, 179.0, 180.0, 180.0, 181.0, 185.0, 189.0, 192.0, 194.0, 194.0, 195.0, 195.0, 195.0, 195.0]	[-289.0, -239.0, -182.0, -69.0, 33.0, 115.0, 160.0, 187.0, 200.0, 203.0, 205.0, 212.0, 217.0, 223.0, 226.0, 227.0, 229.0, 235.0, 247.0, 264.0, 279.0, 291.0, 294.0, 295.0, 295.0, 295.0, 295.0]	[0, 0, 0, 0, 0, 0, 0, 0, 0, 0, 0, 0, 0, 0, 0, 0, 0, 0, 0, 0, 0, 0, 0, 0, 0, 0, 1]	[0, 0, 0, 0, 0, 0, 0, 0, 0, 0, 0, 0, 0, 0, 0, 0, 0, 0, 0, 0, 0, 0, 0, 0, 0, 0, 0]	[0, 0, 0, 0, 0, 0, 0, 0, 0, 0, 0, 0, 0, 0, 0, 0, 0, 0, 0, 0, 0, 0, 0, 0, 0, 0, 0]	[0.00011229999654460698, 0.010427999994135462, 0.026890900000580586, 0.04374169999209698, 0.06030329999339301, 0.0771892999910051, 0.0938527999969665, 0.11025569999765139, 0.12698760000057518, 0.14362289999553468, 0.1603010999970138, 0.17774659999122377, 0.19349930000316817, 0.2102716999943368, 0.22686640000029, 0.24362619999737944, 0.2604335999931209, 0.2768276999995578, 0.29388640000252053, 0.3103868999896804, 0.32688199999392964, 0.3447897000005469, 0.3601020999922184, 0.3767939999961527, 0.39328249999380205, 0.4101397999911569, 0.42690989999391604]	195.0	295.0	0.9	9b
108	4	go_nogo	0	60	7	go	click	[48.0, 48.0, 79.0, 113.0, 154.0, 192.0, 228.0, 240.0, 247.0, 248.0, 249.0, 249.0, 249.0, 249.0, 249.0, 249.0, 249.0, 249.0, 249.0, 249.0, 249.0, 245.0, 239.0, 234.0, 228.0, 222.0, 220.0, 218.0, 218.0, 218.0, 218.0]	[-258.0, -258.0, -125.0, 20.0, 154.0, 273.0, 392.0, 429.0, 447.0, 451.0, 452.0, 452.0, 452.0, 452.0, 452.0, 452.0, 452.0, 452.0, 452.0, 447.0, 437.0, 418.0, 396.0, 373.0, 352.0, 336.0, 327.0, 322.0, 320.0, 320.0, 320.0]	[0, 0, 0, 0, 0, 0, 0, 0, 0, 0, 0, 0, 0, 0, 0, 0, 0, 0, 0, 0, 0, 0, 0, 0, 0, 0, 0, 0, 0, 0, 1]	[0, 0, 0, 0, 0, 0, 0, 0, 0, 0, 0, 0, 0, 0, 0, 0, 0, 0, 0, 0, 0, 0, 0, 0, 0, 0, 0, 0, 0, 0, 0]	[0, 0, 0, 0, 0, 0, 0, 0, 0, 0, 0, 0, 0, 0, 0, 0, 0, 0, 0, 0, 0, 0, 0, 0, 0, 0, 0, 0, 0, 0, 0]	[7.480000203941017e-05, 0.012635300008696504, 0.029157099997974, 0.04574570000113454, 0.06252370000584051, 0.07933980000962038, 0.09629739999945741, 0.11291950001032092, 0.12990759999956936, 0.14625770000566263, 0.16261700000904966, 0.17922370000451338, 0.19588919999659993, 0.21256250000442378, 0.22908499999903142, 0.24575119999644812, 0.26253730000462383, 0.279378799998085, 0.2961197999975411, 0.31255650000821333, 0.32915849999699276, 0.34610150000662543, 0.36241750000044703, 0.3791017000039574, 0.3959665000002133, 0.4124506000080146, 0.429105500006699, 0.44597739999881014, 0.46224619999702554, 0.47924000000057276, 0.49621480000496376]	218.0	320.0	0.5	9b
109	4	go_nogo	0	60	8	go	click	[73.0, 73.0, 106.0, 138.0, 171.0, 190.0, 198.0, 201.0, 203.0, 203.0, 203.0, 203.0, 204.0, 204.0, 204.0, 204.0, 204.0, 205.0, 208.0, 211.0, 212.0, 212.0, 212.0, 212.0, 212.0]	[-206.0, -206.0, -88.0, 22.0, 110.0, 168.0, 199.0, 217.0, 225.0, 228.0, 229.0, 229.0, 229.0, 229.0, 229.0, 229.0, 230.0, 239.0, 261.0, 286.0, 297.0, 299.0, 300.0, 300.0, 300.0]	[0, 0, 0, 0, 0, 0, 0, 0, 0, 0, 0, 0, 0, 0, 0, 0, 0, 0, 0, 0, 0, 0, 0, 0, 1]	[0, 0, 0, 0, 0, 0, 0, 0, 0, 0, 0, 0, 0, 0, 0, 0, 0, 0, 0, 0, 0, 0, 0, 0, 0]	[0, 0, 0, 0, 0, 0, 0, 0, 0, 0, 0, 0, 0, 0, 0, 0, 0, 0, 0, 0, 0, 0, 0, 0, 0]	[0.0002716000017244369, 0.013851800002157688, 0.02842679999594111, 0.04472560000431258, 0.06113509999704547, 0.07813799999712501, 0.09461510000983253, 0.11127690000284929, 0.12806480001017917, 0.1443891000089934, 0.1608462000003783, 0.17782110000553075, 0.19431430000986438, 0.2107871000043815, 0.22741750000568572, 0.2445376999967266, 0.26084889999765437, 0.2775798000075156, 0.2941471000085585, 0.3108002000080887, 0.32753770000999793, 0.344622700009495, 0.36082420000457205, 0.3775067999958992, 0.39435660000890493]	212.0	300.0	0.9	9b
110	4	go_nogo	0	60	7	go	click	[49.0, 49.0, 74.0, 98.0, 117.0, 133.0, 143.0, 151.0, 155.0, 159.0, 160.0, 161.0, 162.0, 163.0, 164.0, 165.0, 165.0, 165.0, 165.0, 166.0, 172.0, 178.0, 186.0, 193.0, 196.0, 198.0, 199.0, 199.0, 199.0, 199.0, 199.0]	[-296.0, -296.0, -214.0, -133.0, -48.0, 5.0, 42.0, 71.0, 88.0, 99.0, 104.0, 106.0, 111.0, 119.0, 124.0, 126.0, 126.0, 126.0, 126.0, 132.0, 151.0, 176.0, 208.0, 237.0, 258.0, 266.0, 272.0, 275.0, 277.0, 277.0, 277.0]	[0, 0, 0, 0, 0, 0, 0, 0, 0, 0, 0, 0, 0, 0, 0, 0, 0, 0, 0, 0, 0, 0, 0, 0, 0, 0, 0, 0, 0, 0, 1]	[0, 0, 0, 0, 0, 0, 0, 0, 0, 0, 0, 0, 0, 0, 0, 0, 0, 0, 0, 0, 0, 0, 0, 0, 0, 0, 0, 0, 0, 0, 0]	[0, 0, 0, 0, 0, 0, 0, 0, 0, 0, 0, 0, 0, 0, 0, 0, 0, 0, 0, 0, 0, 0, 0, 0, 0, 0, 0, 0, 0, 0, 0]	[9.300000965595245e-05, 0.009985300013795495, 0.02673700000741519, 0.04288900000392459, 0.05968300001404714, 0.07626650000747759, 0.09298050000506919, 0.10943950001092162, 0.12644630001159385, 0.14302660000976175, 0.15971130000252742, 0.1766333000123268, 0.1932954000076279, 0.21006860000488814, 0.2264527000079397, 0.2430346000037389, 0.25942710001254454, 0.2763884000014514, 0.29323620001378004, 0.3096162000001641, 0.3266382000001613, 0.34290130001318175, 0.3595806000084849, 0.37607010001374874, 0.39289930000086315, 0.4098517000093125, 0.42688040000211913, 0.4430848000047263, 0.45944480001344346, 0.4760934000078123, 0.49330910001299344]	199.0	277.0	0.8	9b
111	4	go_nogo	0	60	7	go	click	[-2.0, -2.0, 29.0, 63.0, 93.0, 122.0, 140.0, 154.0, 164.0, 166.0, 167.0, 168.0, 168.0, 170.0, 170.0, 170.0, 170.0, 170.0, 170.0, 170.0, 171.0, 172.0, 172.0, 172.0, 172.0]	[-262.0, -262.0, -172.0, -69.0, 26.0, 101.0, 160.0, 199.0, 225.0, 236.0, 240.0, 243.0, 245.0, 250.0, 250.0, 250.0, 250.0, 250.0, 250.0, 250.0, 253.0, 256.0, 257.0, 257.0, 257.0]	[0, 0, 0, 0, 0, 0, 0, 0, 0, 0, 0, 0, 0, 0, 0, 0, 0, 0, 0, 0, 0, 0, 0, 0, 1]	[0, 0, 0, 0, 0, 0, 0, 0, 0, 0, 0, 0, 0, 0, 0, 0, 0, 0, 0, 0, 0, 0, 0, 0, 0]	[0, 0, 0, 0, 0, 0, 0, 0, 0, 0, 0, 0, 0, 0, 0, 0, 0, 0, 0, 0, 0, 0, 0, 0, 0]	[0.00020290000247769058, 0.012493400005041622, 0.02951059999759309, 0.045562100000097416, 0.06271090000518598, 0.07923450000816956, 0.09589100000448525, 0.11243500000273343, 0.12916409999888856, 0.14558940001006704, 0.1625034000026062, 0.1792089000082342, 0.19588900000962894, 0.2121161000104621, 0.2290011000004597, 0.24589649999688845, 0.2624149000039324, 0.27902739999990445, 0.29570620000595227, 0.3125255000049947, 0.32914090000849683, 0.3456898000004003, 0.36253680000663735, 0.3790733000059845, 0.3955746999999974]	172.0	257.0	0.7	9b
112	4	go_nogo	0	60	4	go	click	[40.0, 40.0, 55.0, 85.0, 119.0, 144.0, 174.0, 206.0, 228.0, 243.0, 252.0, 256.0, 258.0, 259.0, 260.0, 260.0, 260.0, 260.0, 260.0, 260.0, 260.0, 260.0, 260.0, 260.0, 260.0, 256.0, 246.0, 236.0, 221.0, 214.0, 210.0, 210.0, 210.0, 210.0, 210.0]	[-248.0, -248.0, -206.0, -119.0, -26.0, 42.0, 125.0, 212.0, 279.0, 322.0, 348.0, 359.0, 366.0, 367.0, 370.0, 370.0, 370.0, 371.0, 371.0, 371.0, 371.0, 371.0, 371.0, 371.0, 371.0, 363.0, 347.0, 329.0, 305.0, 293.0, 286.0, 284.0, 284.0, 284.0, 284.0]	[0, 0, 0, 0, 0, 0, 0, 0, 0, 0, 0, 0, 0, 0, 0, 0, 0, 0, 0, 0, 0, 0, 0, 0, 0, 0, 0, 0, 0, 0, 0, 0, 0, 0, 1]	[0, 0, 0, 0, 0, 0, 0, 0, 0, 0, 0, 0, 0, 0, 0, 0, 0, 0, 0, 0, 0, 0, 0, 0, 0, 0, 0, 0, 0, 0, 0, 0, 0, 0, 0]	[0, 0, 0, 0, 0, 0, 0, 0, 0, 0, 0, 0, 0, 0, 0, 0, 0, 0, 0, 0, 0, 0, 0, 0, 0, 0, 0, 0, 0, 0, 0, 0, 0, 0, 0]	[0.00018869999621529132, 0.011486899995361455, 0.02832260000286624, 0.04505290000815876, 0.06197249999968335, 0.07840110000688583, 0.09518000000389293, 0.11177600000519305, 0.12831470000674017, 0.1449166999955196, 0.1616275999986101, 0.17841259999840986, 0.19512119999853894, 0.21248250000644475, 0.22809560000314377, 0.2447418999945512, 0.2618127000023378, 0.27850080000644084, 0.29493489999731537, 0.31171439999889117, 0.32832410000264645, 0.34500289999414235, 0.36160479999671225, 0.3783566000056453, 0.3952110999962315, 0.41182280000066385, 0.4284291999938432, 0.44522110000252724, 0.462034299998777, 0.47869160000118427, 0.49486809999507386, 0.5114524999953574, 0.5281727999972645, 0.544766899998649, 0.5619427000056021]	210.0	284.0	0.5	9b
113	4	go_nogo	0	60	3	go	click	[55.0, 55.0, 70.0, 97.0, 107.0, 113.0, 120.0, 128.0, 136.0, 144.0, 148.0, 151.0, 156.0, 160.0, 160.0, 160.0, 161.0, 162.0, 163.0, 164.0, 166.0, 167.0, 170.0, 172.0, 174.0, 176.0, 176.0, 176.0, 176.0]	[-209.0, -209.0, -164.0, -77.0, -42.0, -8.0, 27.0, 59.0, 88.0, 109.0, 128.0, 147.0, 170.0, 187.0, 193.0, 195.0, 197.0, 201.0, 210.0, 217.0, 225.0, 234.0, 242.0, 252.0, 261.0, 267.0, 270.0, 270.0, 270.0]	[0, 0, 0, 0, 0, 0, 0, 0, 0, 0, 0, 0, 0, 0, 0, 0, 0, 0, 0, 0, 0, 0, 0, 0, 0, 0, 0, 0, 1]	[0, 0, 0, 0, 0, 0, 0, 0, 0, 0, 0, 0, 0, 0, 0, 0, 0, 0, 0, 0, 0, 0, 0, 0, 0, 0, 0, 0, 0]	[0, 0, 0, 0, 0, 0, 0, 0, 0, 0, 0, 0, 0, 0, 0, 0, 0, 0, 0, 0, 0, 0, 0, 0, 0, 0, 0, 0, 0]	[0.00018950000230688602, 0.010029899989604019, 0.028367499995511025, 0.04353689998970367, 0.060078299997258, 0.07712619999074377, 0.09365059999981895, 0.11067090000142343, 0.12649619999865536, 0.1432660999998916, 0.15987499999755528, 0.17695999999705236, 0.19336989999283105, 0.21014999999897555, 0.22682319999148604, 0.24361389999103267, 0.2602576999925077, 0.27664029999868944, 0.2934433999907924, 0.3098786999908043, 0.32669619999069255, 0.3431386000011116, 0.35969399999885354, 0.37660699999833014, 0.39342549999128096, 0.40988549999019597, 0.42642350000096485, 0.44318879999627825, 0.4602269000024535]	176.0	270.0	0.5	9b
114	4	go_nogo	0	60	9	nogo	none	[28.0, 28.0, 37.0, 54.0, 76.0, 100.0, 121.0, 136.0, 143.0, 149.0, 151.0, 152.0, 154.0, 156.0, 156.0, 156.0, 156.0, 156.0, 156.0, 156.0, 157.0, 159.0, 161.0, 162.0, 162.0, 162.0, 162.0, 162.0, 162.0, 162.0, 162.0, 162.0, 162.0, 162.0, 162.0, 162.0, 162.0, 162.0, 162.0, 162.0, 162.0, 162.0, 162.0, 162.0, 162.0, 162.0, 162.0, 162.0, 162.0, 162.0, 162.0, 162.0, 162.0, 162.0, 162.0, 162.0, 162.0, 162.0, 162.0, 162.0, 162.0, 162.0, 162.0, 162.0, 162.0, 162.0]	[-230.0, -230.0, -186.0, -103.0, -18.0, 60.0, 123.0, 165.0, 190.0, 208.0, 213.0, 217.0, 223.0, 228.0, 229.0, 229.0, 229.0, 229.0, 229.0, 229.0, 231.0, 235.0, 239.0, 240.0, 240.0, 240.0, 240.0, 240.0, 240.0, 240.0, 240.0, 240.0, 240.0, 240.0, 240.0, 240.0, 240.0, 240.0, 240.0, 240.0, 240.0, 240.0, 240.0, 240.0, 240.0, 240.0, 240.0, 240.0, 240.0, 240.0, 240.0, 240.0, 240.0, 240.0, 240.0, 240.0, 240.0, 240.0, 240.0, 240.0, 240.0, 240.0, 240.0, 240.0, 240.0, 240.0]	[0, 0, 0, 0, 0, 0, 0, 0, 0, 0, 0, 0, 0, 0, 0, 0, 0, 0, 0, 0, 0, 0, 0, 0, 0, 0, 0, 0, 0, 0, 0, 0, 0, 0, 0, 0, 0, 0, 0, 0, 0, 0, 0, 0, 0, 0, 0, 0, 0, 0, 0, 0, 0, 0, 0, 0, 0, 0, 0, 0, 0, 0, 0, 0, 0, 0]	[0, 0, 0, 0, 0, 0, 0, 0, 0, 0, 0, 0, 0, 0, 0, 0, 0, 0, 0, 0, 0, 0, 0, 0, 0, 0, 0, 0, 0, 0, 0, 0, 0, 0, 0, 0, 0, 0, 0, 0, 0, 0, 0, 0, 0, 0, 0, 0, 0, 0, 0, 0, 0, 0, 0, 0, 0, 0, 0, 0, 0, 0, 0, 0, 0, 0]	[0, 0, 0, 0, 0, 0, 0, 0, 0, 0, 0, 0, 0, 0, 0, 0, 0, 0, 0, 0, 0, 0, 0, 0, 0, 0, 0, 0, 0, 0, 0, 0, 0, 0, 0, 0, 0, 0, 0, 0, 0, 0, 0, 0, 0, 0, 0, 0, 0, 0, 0, 0, 0, 0, 0, 0, 0, 0, 0, 0, 0, 0, 0, 0, 0, 0]	[0.00019920000340789557, 0.009123200012254529, 0.025883200010866858, 0.042602700006682426, 0.05922660000214819, 0.07603570001083426, 0.09254160001000855, 0.10938800001167692, 0.12582040000415873, 0.14270640000177082, 0.15953120001358911, 0.17613690000143833, 0.19273140000586864, 0.20906060001289006, 0.22553090000292286, 0.2420272000017576, 0.2588516000105301, 0.2752166999998735, 0.29204670000763144, 0.308958600013284, 0.3256514000095194, 0.3422108000086155, 0.35889380000298843, 0.37551640000310726, 0.3923561000119662, 0.408898900001077, 0.4254745000071125, 0.44205530000908766, 0.4587335000105668, 0.47539530000358354, 0.49206500001309905, 0.5088732000003802, 0.5253416000050493, 0.5420204000110971, 0.5586380000022473, 0.575380900001619, 0.5920813000120688, 0.6090410000033444, 0.6253693000035128, 0.6421343000110937, 0.6588536000053864, 0.6756879000022309, 0.6920725000090897, 0.7085819000058109, 0.7253529000008712, 0.7419060000102036, 0.7586991999996826, 0.7753448000003118, 0.7918422000075225, 0.8086640000110492, 0.8252178000111599, 0.842255000010482, 0.8586330000107409, 0.8754063000087626, 0.8919435999996495, 0.9088380000030156, 0.9253067000099691, 0.9420321000070544, 0.9586765000130981, 0.9752441000018734, 0.9920896000112407, 1.0087140000105137, 1.0253816000040388, 1.0420331000059377, 1.0587517000094522, 1.0753189000097336]	n/a	n/a	0.7	9b
115	5	go_nogo	0	60	2	go	click	[29.0, 29.0, 65.0, 106.0, 141.0, 166.0, 181.0, 190.0, 194.0, 195.0, 195.0, 195.0, 195.0, 196.0, 196.0, 196.0, 196.0, 196.0, 196.0, 198.0, 199.0, 202.0, 203.0, 203.0, 203.0, 203.0]	[-232.0, -232.0, -113.0, 2.0, 109.0, 176.0, 207.0, 231.0, 242.0, 245.0, 246.0, 246.0, 246.0, 248.0, 249.0, 250.0, 250.0, 250.0, 251.0, 257.0, 272.0, 286.0, 294.0, 297.0, 297.0, 297.0]	[0, 0, 0, 0, 0, 0, 0, 0, 0, 0, 0, 0, 0, 0, 0, 0, 0, 0, 0, 0, 0, 0, 0, 0, 0, 1]	[0, 0, 0, 0, 0, 0, 0, 0, 0, 0, 0, 0, 0, 0, 0, 0, 0, 0, 0, 0, 0, 0, 0, 0, 0, 0]	[0, 0, 0, 0, 0, 0, 0, 0, 0, 0, 0, 0, 0, 0, 0, 0, 0, 0, 0, 0, 0, 0, 0, 0, 0, 0]	[0.00021719999494962394, 0.011031499991076998, 0.02745839999988675, 0.04463920000125654, 0.06097079999744892, 0.07768089999444783, 0.09433449999778531, 0.11082549999991897, 0.12753610000072513, 0.1443983999924967, 0.16075339999224525, 0.17730979999760166, 0.1943334999959916, 0.21082120000210125, 0.22759769999538548, 0.24418119998881593, 0.2607852999935858, 0.2776517999882344, 0.29428219998953864, 0.3110539999906905, 0.327676299988525, 0.344366599994828, 0.3613061999931233, 0.37753759999759495, 0.3940730999893276, 0.41084549999504816]	203.0	297.0	0.9	9b
116	5	go_nogo	0	60	3	go	click	[73.0, 73.0, 85.0, 109.0, 135.0, 162.0, 187.0, 198.0, 205.0, 206.0, 207.0, 207.0, 208.0, 209.0, 209.0, 210.0, 210.0, 210.0, 210.0, 211.0, 211.0, 212.0, 213.0, 213.0, 213.0, 213.0, 213.0, 213.0, 213.0, 213.0]	[-224.0, -224.0, -179.0, -98.0, -19.0, 60.0, 131.0, 174.0, 202.0, 208.0, 210.0, 211.0, 213.0, 220.0, 223.0, 223.0, 223.0, 223.0, 223.0, 228.0, 237.0, 245.0, 251.0, 256.0, 261.0, 268.0, 275.0, 277.0, 277.0, 278.0]	[0, 0, 0, 0, 0, 0, 0, 0, 0, 0, 0, 0, 0, 0, 0, 0, 0, 0, 0, 0, 0, 0, 0, 0, 0, 0, 0, 0, 0, 1]	[0, 0, 0, 0, 0, 0, 0, 0, 0, 0, 0, 0, 0, 0, 0, 0, 0, 0, 0, 0, 0, 0, 0, 0, 0, 0, 0, 0, 0, 0]	[0, 0, 0, 0, 0, 0, 0, 0, 0, 0, 0, 0, 0, 0, 0, 0, 0, 0, 0, 0, 0, 0, 0, 0, 0, 0, 0, 0, 0, 0]	[0.00022170000011101365, 0.01019780000206083, 0.026597300005960278, 0.04367189999902621, 0.06006050000723917, 0.07678699999814853, 0.09345850000681821, 0.11058570000750478, 0.12709400001040194, 0.14341810000769328, 0.160041099996306, 0.17660440001054667, 0.19349000000511296, 0.20996350000496022, 0.226802500008489, 0.24317090000840835, 0.2597628000075929, 0.27674080000724643, 0.29353500000433996, 0.310227499998291, 0.32694220000121277, 0.34359740000218153, 0.35987369999929797, 0.37650110000686254, 0.3935306000057608, 0.4099492000095779, 0.4265177000052063, 0.44312039999931585, 0.45995679999759886, 0.47671709999849554]	213.0	278.0	0.5	9b
117	5	go_nogo	0	60	2	go	click	[24.0, 24.0, 42.0, 87.0, 109.0, 136.0, 155.0, 163.0, 167.0, 172.0, 174.0, 176.0, 176.0, 177.0, 177.0, 177.0, 178.0, 180.0, 182.0, 183.0, 183.0, 183.0, 183.0, 183.0]	[-254.0, -254.0, -204.0, -45.0, 40.0, 122.0, 184.0, 211.0, 230.0, 249.0, 268.0, 286.0, 296.0, 300.0, 303.0, 308.0, 319.0, 330.0, 337.0, 340.0, 340.0, 340.0, 340.0, 340.0]	[0, 0, 0, 0, 0, 0, 0, 0, 0, 0, 0, 0, 0, 0, 0, 0, 0, 0, 0, 0, 0, 0, 0, 1]	[0, 0, 0, 0, 0, 0, 0, 0, 0, 0, 0, 0, 0, 0, 0, 0, 0, 0, 0, 0, 0, 0, 0, 0]	[0, 0, 0, 0, 0, 0, 0, 0, 0, 0, 0, 0, 0, 0, 0, 0, 0, 0, 0, 0, 0, 0, 0, 0]	[0.00018879999697674066, 0.011733999999705702, 0.028761399997165427, 0.04495529999257997, 0.06145140000444371, 0.07807170000160113, 0.09477280000282917, 0.11134629999287426, 0.12810549999994691, 0.14471340000454802, 0.16139159999147523, 0.17814530000032391, 0.19480739999562502, 0.21189069999672938, 0.22853849999955855, 0.24527390000002924, 0.2613554999988992, 0.27796009999292437, 0.2944959000014933, 0.311263700001291, 0.3280278000020189, 0.344596900002216, 0.3612262999959057, 0.3783273000008194]	183.0	340.0	1.0	9b
118	5	go_nogo	0	60	7	go	click	[33.0, 33.0, 52.0, 69.0, 97.0, 120.0, 139.0, 153.0, 162.0, 168.0, 171.0, 174.0, 179.0, 180.0, 180.0, 181.0, 181.0, 182.0, 184.0, 187.0, 192.0, 195.0, 196.0, 196.0, 197.0, 197.0, 197.0, 197.0, 197.0, 197.0]	[-248.0, -248.0, -190.0, -142.0, -71.0, 4.0, 66.0, 103.0, 127.0, 140.0, 152.0, 163.0, 179.0, 183.0, 185.0, 185.0, 185.0, 189.0, 197.0, 212.0, 227.0, 239.0, 242.0, 244.0, 245.0, 249.0, 256.0, 259.0, 260.0, 260.0]	[0, 0, 0, 0, 0, 0, 0, 0, 0, 0, 0, 0, 0, 0, 0, 0, 0, 0, 0, 0, 0, 0, 0, 0, 0, 0, 0, 0, 0, 1]	[0, 0, 0, 0, 0, 0, 0, 0, 0, 0, 0, 0, 0, 0, 0, 0, 0, 0, 0, 0, 0, 0, 0, 0, 0, 0, 0, 0, 0, 0]	[0, 0, 0, 0, 0, 0, 0, 0, 0, 0, 0, 0, 0, 0, 0, 0, 0, 0, 0, 0, 0, 0, 0, 0, 0, 0, 0, 0, 0, 0]	[0.00018890001229010522, 0.01259300000674557, 0.02872159999969881, 0.045612900008563884, 0.062385400000493973, 0.07899430001270957, 0.09582440000667702, 0.11219290000735782, 0.1288875000027474, 0.14540090000082273, 0.16240350001316983, 0.17905500000051688, 0.1955317000101786, 0.21247650000441354, 0.22894140001153573, 0.24536740001349244, 0.26217950000136625, 0.2788703000114765, 0.29550320000271313, 0.31253550000838004, 0.3294583000097191, 0.3457063000096241, 0.3621960000018589, 0.3789736000035191, 0.395854500005953, 0.41207970000687055, 0.4291549000045052, 0.445742900003097, 0.46178180001152214, 0.4791960000002291]	197.0	260.0	0.9	9b
119	5	go_nogo	0	60	1	nogo	none	[54.0, 54.0, 65.0, 97.0, 113.0, 131.0, 145.0, 158.0, 169.0, 181.0, 188.0, 195.0, 199.0, 201.0, 201.0, 202.0, 202.0, 202.0, 202.0, 202.0, 202.0, 202.0, 202.0, 202.0, 202.0, 202.0, 202.0, 202.0, 202.0, 202.0, 202.0, 202.0, 202.0, 202.0, 202.0, 202.0, 202.0, 202.0, 202.0, 202.0, 202.0, 202.0, 202.0, 202.0, 202.0, 202.0, 202.0, 202.0, 202.0, 202.0, 202.0, 202.0, 202.0, 202.0, 202.0, 202.0, 202.0, 202.0, 202.0, 202.0, 202.0, 202.0, 202.0, 202.0]	[-223.0, -223.0, -186.0, -83.0, -26.0, 29.0, 65.0, 100.0, 130.0, 155.0, 172.0, 190.0, 201.0, 209.0, 211.0, 211.0, 211.0, 211.0, 211.0, 211.0, 213.0, 214.0, 216.0, 217.0, 217.0, 217.0, 217.0, 217.0, 217.0, 217.0, 217.0, 217.0, 217.0, 217.0, 217.0, 217.0, 217.0, 217.0, 217.0, 217.0, 217.0, 217.0, 217.0, 217.0, 217.0, 217.0, 217.0, 217.0, 217.0, 217.0, 217.0, 217.0, 217.0, 217.0, 217.0, 217.0, 217.0, 217.0, 217.0, 217.0, 217.0, 217.0, 217.0, 217.0]	[0, 0, 0, 0, 0, 0, 0, 0, 0, 0, 0, 0, 0, 0, 0, 0, 0, 0, 0, 0, 0, 0, 0, 0, 0, 0, 0, 0, 0, 0, 0, 0, 0, 0, 0, 0, 0, 0, 0, 0, 0, 0, 0, 0, 0, 0, 0, 0, 0, 0, 0, 0, 0, 0, 0, 0, 0, 0, 0, 0, 0, 0, 0, 0]	[0, 0, 0, 0, 0, 0, 0, 0, 0, 0, 0, 0, 0, 0, 0, 0, 0, 0, 0, 0, 0, 0, 0, 0, 0, 0, 0, 0, 0, 0, 0, 0, 0, 0, 0, 0, 0, 0, 0, 0, 0, 0, 0, 0, 0, 0, 0, 0, 0, 0, 0, 0, 0, 0, 0, 0, 0, 0, 0, 0, 0, 0, 0, 0]	[0, 0, 0, 0, 0, 0, 0, 0, 0, 0, 0, 0, 0, 0, 0, 0, 0, 0, 0, 0, 0, 0, 0, 0, 0, 0, 0, 0, 0, 0, 0, 0, 0, 0, 0, 0, 0, 0, 0, 0, 0, 0, 0, 0, 0, 0, 0, 0, 0, 0, 0, 0, 0, 0, 0, 0, 0, 0, 0, 0, 0, 0, 0, 0]	[0.00018849999469239265, 0.01055869999981951, 0.027320499997586012, 0.04424000000290107, 0.06081599999743048, 0.07708509999793023, 0.09382009999535512, 0.11068660000455566, 0.1269829000084428, 0.14362859999528155, 0.1602195000014035, 0.17687700000533368, 0.19370859999617096, 0.2104332000017166, 0.22724510000261944, 0.24376300000585616, 0.26015519999782555, 0.2770671000034781, 0.2934543000010308, 0.31020819999685045, 0.32682760000170674, 0.3436013000027742, 0.36013960000127554, 0.3768445000023348, 0.39343530000769533, 0.4100196000072174, 0.42676180000125896, 0.4435533000068972, 0.46015700000862125, 0.4768422000051942, 0.49355860000650864, 0.5100888000015402, 0.5266727999987779, 0.5433209000038914, 0.5601401000021724, 0.5770009999978356, 0.5936630000069272, 0.6102262000058545, 0.6268120000022464, 0.6434743999998318, 0.6603412999975262, 0.6767526000039652, 0.693257499995525, 0.7099291000049561, 0.7267179000045871, 0.7433334999950603, 0.7599558000074467, 0.776632499997504, 0.7934890000033192, 0.8100778000080027, 0.8266622999944957, 0.8433231999952113, 0.8597928999952273, 0.8766600999952061, 0.8933847000007518, 0.9101402999949642, 0.9265792000078363, 0.943309299997054, 0.9599982000072487, 0.976523500008625, 0.9931719000014709, 1.0100968000042485, 1.0268729999952484, 1.0435763999994379]	n/a	n/a	0.7	9b
120	5	go_nogo	0	60	4	go	click	[46.0, 56.0, 66.0, 90.0, 118.0, 141.0, 157.0, 168.0, 174.0, 178.0, 182.0, 189.0, 197.0, 200.0, 203.0, 206.0, 208.0, 212.0, 214.0, 214.0, 215.0, 215.0, 215.0, 215.0]	[-257.0, -209.0, -157.0, -49.0, 41.0, 116.0, 159.0, 200.0, 218.0, 229.0, 241.0, 260.0, 279.0, 291.0, 299.0, 305.0, 315.0, 324.0, 334.0, 336.0, 337.0, 337.0, 337.0, 337.0]	[0, 0, 0, 0, 0, 0, 0, 0, 0, 0, 0, 0, 0, 0, 0, 0, 0, 0, 0, 0, 0, 0, 0, 1]	[0, 0, 0, 0, 0, 0, 0, 0, 0, 0, 0, 0, 0, 0, 0, 0, 0, 0, 0, 0, 0, 0, 0, 0]	[0, 0, 0, 0, 0, 0, 0, 0, 0, 0, 0, 0, 0, 0, 0, 0, 0, 0, 0, 0, 0, 0, 0, 0]	[0.00011150000500492752, 0.011810800002422184, 0.028383400000166148, 0.045028099993942305, 0.06161410000640899, 0.07844199999817647, 0.09506999999575783, 0.11207030000514351, 0.12850049999542534, 0.14498029999958817, 0.16202079999493435, 0.1781866999954218, 0.19492670000181533, 0.21158139999897685, 0.22842410000157543, 0.2449890999996569, 0.2615492000040831, 0.2783791999972891, 0.2949079999962123, 0.31156190000183415, 0.3283856000052765, 0.34473300000536256, 0.3618473999958951, 0.37855180000769906]	215.0	337.0	0.9	9b
121	5	go_nogo	0	60	8	go	click	[42.0, 42.0, 60.0, 118.0, 144.0, 151.0, 155.0, 156.0, 156.0, 156.0, 156.0, 156.0, 157.0, 157.0, 157.0, 157.0, 157.0, 157.0, 157.0, 158.0, 162.0, 170.0, 179.0, 187.0, 191.0, 193.0, 194.0, 195.0, 195.0, 195.0, 195.0]	[-181.0, -181.0, -128.0, 45.0, 124.0, 158.0, 175.0, 183.0, 185.0, 185.0, 185.0, 187.0, 190.0, 191.0, 191.0, 191.0, 191.0, 191.0, 191.0, 193.0, 208.0, 231.0, 256.0, 280.0, 295.0, 306.0, 312.0, 314.0, 314.0, 314.0, 314.0]	[0, 0, 0, 0, 0, 0, 0, 0, 0, 0, 0, 0, 0, 0, 0, 0, 0, 0, 0, 0, 0, 0, 0, 0, 0, 0, 0, 0, 0, 0, 1]	[0, 0, 0, 0, 0, 0, 0, 0, 0, 0, 0, 0, 0, 0, 0, 0, 0, 0, 0, 0, 0, 0, 0, 0, 0, 0, 0, 0, 0, 0, 0]	[0, 0, 0, 0, 0, 0, 0, 0, 0, 0, 0, 0, 0, 0, 0, 0, 0, 0, 0, 0, 0, 0, 0, 0, 0, 0, 0, 0, 0, 0, 0]	[0.0002714000002015382, 0.010418799996841699, 0.02721939999901224, 0.04384769999887794, 0.0605096999934176, 0.07746139999653678, 0.0938328000047477, 0.11031580000417307, 0.12712799999280833, 0.1436358999926597, 0.16024470000411384, 0.1770258000033209, 0.19377840000379365, 0.21019100000557955, 0.2268309000064619, 0.24341500000446104, 0.2600551999930758, 0.276786100002937, 0.2938815999950748, 0.3101929999975255, 0.3268312000000151, 0.3436578999971971, 0.3603145999950357, 0.37681699999666307, 0.39349279999441933, 0.41019080000114627, 0.427062400005525, 0.4433054999972228, 0.4601321999944048, 0.4769534999941243, 0.493505999998888]	195.0	314.0	0.9	9b
122	5	go_nogo	0	60	2	go	click	[62.0, 78.0, 93.0, 116.0, 129.0, 140.0, 148.0, 152.0, 155.0, 156.0, 159.0, 164.0, 168.0, 173.0, 176.0, 177.0, 177.0, 177.0, 177.0, 177.0, 177.0, 177.0, 177.0, 177.0, 177.0]	[-284.0, -235.0, -186.0, -93.0, -18.0, 41.0, 83.0, 115.0, 139.0, 166.0, 179.0, 200.0, 226.0, 255.0, 268.0, 271.0, 272.0, 272.0, 272.0, 272.0, 272.0, 272.0, 272.0, 272.0, 272.0]	[0, 0, 0, 0, 0, 0, 0, 0, 0, 0, 0, 0, 0, 0, 0, 0, 0, 0, 0, 0, 0, 0, 0, 0, 1]	[0, 0, 0, 0, 0, 0, 0, 0, 0, 0, 0, 0, 0, 0, 0, 0, 0, 0, 0, 0, 0, 0, 0, 0, 0]	[0, 0, 0, 0, 0, 0, 0, 0, 0, 0, 0, 0, 0, 0, 0, 0, 0, 0, 0, 0, 0, 0, 0, 0, 0]	[8.159999561030418e-05, 0.012345199997071177, 0.02860069999587722, 0.045269900001585484, 0.06214429999818094, 0.07863760000327602, 0.09528059999865945, 0.11187049999716692, 0.1285931000020355, 0.14532450000115205, 0.1619189000048209, 0.1785915000073146, 0.19543730000441428, 0.21220690000336617, 0.2287687000061851, 0.24555490000057034, 0.2620533000008436, 0.27866280000307597, 0.29519920000166167, 0.3118850000028033, 0.328802000003634, 0.3452382999967085, 0.36194640000758227, 0.37874280000687577, 0.39561520000279415]	177.0	272.0	0.9	9b
123	5	go_nogo	0	60	1	nogo	none	[38.0, 38.0, 51.0, 75.0, 95.0, 108.0, 120.0, 131.0, 135.0, 137.0, 138.0, 138.0, 138.0, 138.0, 138.0, 138.0, 138.0, 138.0, 138.0, 138.0, 138.0, 143.0, 152.0, 163.0, 174.0, 183.0, 187.0, 189.0, 189.0, 189.0, 189.0, 189.0, 189.0, 189.0]	[-239.0, -239.0, -190.0, -82.0, 10.0, 81.0, 137.0, 178.0, 193.0, 197.0, 199.0, 203.0, 204.0, 204.0, 204.0, 204.0, 204.0, 204.0, 204.0, 204.0, 204.0, 211.0, 231.0, 254.0, 278.0, 295.0, 307.0, 311.0, 312.0, 313.0, 313.0, 313.0, 313.0, 313.0]	[0, 0, 0, 0, 0, 0, 0, 0, 0, 0, 0, 0, 0, 0, 0, 0, 0, 0, 0, 0, 0, 0, 0, 0, 0, 0, 0, 0, 0, 0, 0, 0, 0, 1]	[0, 0, 0, 0, 0, 0, 0, 0, 0, 0, 0, 0, 0, 0, 0, 0, 0, 0, 0, 0, 0, 0, 0, 0, 0, 0, 0, 0, 0, 0, 0, 0, 0, 0]	[0, 0, 0, 0, 0, 0, 0, 0, 0, 0, 0, 0, 0, 0, 0, 0, 0, 0, 0, 0, 0, 0, 0, 0, 0, 0, 0, 0, 0, 0, 0, 0, 0, 0]	[0.0002697000018088147, 0.010346900002332404, 0.027064199995948002, 0.043542799990973435, 0.060464299996965565, 0.07744799999636598, 0.09379839999019168, 0.1105563000019174, 0.12712969999120105, 0.1440730999893276, 0.16022029999294318, 0.17714990000240505, 0.19336109999858309, 0.20998709999548737, 0.22688459999335464, 0.24338809998880606, 0.26006210000196006, 0.2766828999883728, 0.2934454999922309, 0.31000769999809563, 0.3270448999974178, 0.343820299996878, 0.360168999992311, 0.3769553000020096, 0.3934141999925487, 0.4103227000014158, 0.42694489999848884, 0.4435352000000421, 0.45993719999387395, 0.4764883000025293, 0.49319829999876674, 0.5099531000014395, 0.5265789999975823, 0.543202899993048]	189.0	313.0	0.5	9b
124	5	go_nogo	0	60	4	go	click	[68.0, 68.0, 80.0, 116.0, 131.0, 139.0, 145.0, 152.0, 154.0, 156.0, 157.0, 158.0, 158.0, 160.0, 161.0, 163.0, 163.0, 163.0, 163.0, 164.0, 165.0, 166.0, 166.0, 166.0, 168.0, 168.0, 173.0, 176.0, 177.0, 177.0, 177.0, 177.0]	[-175.0, -175.0, -134.0, -33.0, 13.0, 45.0, 72.0, 95.0, 112.0, 123.0, 127.0, 130.0, 135.0, 144.0, 155.0, 165.0, 166.0, 167.0, 167.0, 172.0, 181.0, 190.0, 198.0, 206.0, 217.0, 235.0, 258.0, 271.0, 275.0, 275.0, 275.0, 275.0]	[0, 0, 0, 0, 0, 0, 0, 0, 0, 0, 0, 0, 0, 0, 0, 0, 0, 0, 0, 0, 0, 0, 0, 0, 0, 0, 0, 0, 0, 0, 0, 1]	[0, 0, 0, 0, 0, 0, 0, 0, 0, 0, 0, 0, 0, 0, 0, 0, 0, 0, 0, 0, 0, 0, 0, 0, 0, 0, 0, 0, 0, 0, 0, 0]	[0, 0, 0, 0, 0, 0, 0, 0, 0, 0, 0, 0, 0, 0, 0, 0, 0, 0, 0, 0, 0, 0, 0, 0, 0, 0, 0, 0, 0, 0, 0, 0]	[0.00020889998995698988, 0.008823199998005293, 0.025970699993195012, 0.042388899993966334, 0.05879119999008253, 0.07535619998816401, 0.09213189998990856, 0.10919920000014827, 0.12560499999381136, 0.1422242999979062, 0.15924969999468885, 0.17565569998987485, 0.1922669999912614, 0.20916790000046603, 0.2260985999892, 0.2422655999980634, 0.2588610999955563, 0.2754720999946585, 0.29227339998760726, 0.3091926999913994, 0.32536550000077114, 0.3421813999884762, 0.3587124999903608, 0.3753593000001274, 0.39233769998827484, 0.4086747999972431, 0.42537079998874106, 0.44252869999036193, 0.45856619998812675, 0.47508340000058524, 0.4919730999972671, 0.5088974999962375]	177.0	275.0	0.9	9b
125	5	go_nogo	0	60	9	nogo	none	[22.0, 22.0, 56.0, 83.0, 105.0, 124.0, 141.0, 155.0, 163.0, 171.0, 175.0, 178.0, 178.0, 178.0, 178.0, 178.0, 178.0, 178.0, 178.0, 178.0, 178.0, 178.0, 179.0, 179.0, 179.0, 179.0, 179.0, 179.0, 179.0, 179.0, 179.0, 179.0, 179.0, 179.0, 179.0, 179.0, 179.0, 179.0, 179.0, 179.0, 179.0, 179.0, 179.0, 179.0, 179.0, 179.0, 179.0, 179.0, 179.0, 179.0, 179.0, 179.0, 179.0, 179.0, 179.0, 179.0, 179.0, 179.0, 179.0, 179.0, 179.0, 179.0, 179.0, 179.0, 179.0]	[-213.0, -213.0, -114.0, -31.0, 39.0, 97.0, 148.0, 187.0, 216.0, 239.0, 253.0, 263.0, 264.0, 264.0, 264.0, 264.0, 264.0, 264.0, 264.0, 269.0, 277.0, 282.0, 284.0, 284.0, 284.0, 284.0, 284.0, 284.0, 284.0, 284.0, 284.0, 284.0, 284.0, 284.0, 284.0, 284.0, 284.0, 284.0, 284.0, 284.0, 284.0, 284.0, 284.0, 284.0, 284.0, 284.0, 284.0, 284.0, 284.0, 284.0, 284.0, 284.0, 284.0, 284.0, 284.0, 284.0, 284.0, 284.0, 284.0, 284.0, 284.0, 284.0, 284.0, 284.0, 284.0]	[0, 0, 0, 0, 0, 0, 0, 0, 0, 0, 0, 0, 0, 0, 0, 0, 0, 0, 0, 0, 0, 0, 0, 0, 0, 0, 0, 0, 0, 0, 0, 0, 0, 0, 0, 0, 0, 0, 0, 0, 0, 0, 0, 0, 0, 0, 0, 0, 0, 0, 0, 0, 0, 0, 0, 0, 0, 0, 0, 0, 0, 0, 0, 0, 0]	[0, 0, 0, 0, 0, 0, 0, 0, 0, 0, 0, 0, 0, 0, 0, 0, 0, 0, 0, 0, 0, 0, 0, 0, 0, 0, 0, 0, 0, 0, 0, 0, 0, 0, 0, 0, 0, 0, 0, 0, 0, 0, 0, 0, 0, 0, 0, 0, 0, 0, 0, 0, 0, 0, 0, 0, 0, 0, 0, 0, 0, 0, 0, 0, 0]	[0, 0, 0, 0, 0, 0, 0, 0, 0, 0, 0, 0, 0, 0, 0, 0, 0, 0, 0, 0, 0, 0, 0, 0, 0, 0, 0, 0, 0, 0, 0, 0, 0, 0, 0, 0, 0, 0, 0, 0, 0, 0, 0, 0, 0, 0, 0, 0, 0, 0, 0, 0, 0, 0, 0, 0, 0, 0, 0, 0, 0, 0, 0, 0, 0]	[0.00019249999604653567, 0.011242399996262975, 0.02772230000118725, 0.04438330000266433, 0.06107700000575278, 0.07755509999697097, 0.09437249999609776, 0.11082210000313353, 0.12759669999650214, 0.1441501000081189, 0.16101599999819882, 0.1775867999967886, 0.1938594999955967, 0.21064010000554845, 0.22735060000559315, 0.2439135000022361, 0.2605948999989778, 0.2772398999950383, 0.29420430000755005, 0.31079119999776594, 0.32760119999875315, 0.34427319999667816, 0.3605487000022549, 0.37721659999806434, 0.3938232000073185, 0.41051380000135396, 0.42719689999648836, 0.44395349999831524, 0.46068030000606086, 0.4772905999998329, 0.4938339000073029, 0.5107594000000972, 0.5275489000050584, 0.5441700999945169, 0.5608386999956565, 0.577627599996049, 0.5940049000055296, 0.6108082999999169, 0.627298499995959, 0.6441679999988992, 0.6607803000079002, 0.6772989000019152, 0.6940661999979056, 0.7108547999960138, 0.7274122999951942, 0.7440978999948129, 0.7607595000008587, 0.7775382999971043, 0.7939879000041401, 0.8106430000043474, 0.8273349000082817, 0.8443776000058278, 0.8607915000029607, 0.8772891999979038, 0.8942284000077052, 0.9104454000043916, 0.927202999999281, 0.9440073000005214, 0.9606810999976005, 0.977240599997458, 0.9940843000076711, 1.010700500002713, 1.0271575000078883, 1.0438067000068258, 1.0604973000008613]	n/a	n/a	1.0	9b
126	5	go_nogo	0	60	7	go	click	[25.0, 25.0, 59.0, 96.0, 125.0, 138.0, 144.0, 148.0, 148.0, 149.0, 151.0, 152.0, 154.0, 156.0, 156.0, 156.0, 156.0, 156.0, 156.0, 157.0, 159.0, 166.0, 170.0, 172.0, 174.0, 177.0, 178.0, 178.0, 178.0, 178.0]	[-227.0, -227.0, -124.0, -24.0, 55.0, 100.0, 129.0, 151.0, 152.0, 157.0, 164.0, 174.0, 184.0, 189.0, 190.0, 190.0, 190.0, 190.0, 190.0, 194.0, 205.0, 227.0, 240.0, 250.0, 258.0, 263.0, 269.0, 272.0, 272.0, 272.0]	[0, 0, 0, 0, 0, 0, 0, 0, 0, 0, 0, 0, 0, 0, 0, 0, 0, 0, 0, 0, 0, 0, 0, 0, 0, 0, 0, 0, 0, 1]	[0, 0, 0, 0, 0, 0, 0, 0, 0, 0, 0, 0, 0, 0, 0, 0, 0, 0, 0, 0, 0, 0, 0, 0, 0, 0, 0, 0, 0, 0]	[0, 0, 0, 0, 0, 0, 0, 0, 0, 0, 0, 0, 0, 0, 0, 0, 0, 0, 0, 0, 0, 0, 0, 0, 0, 0, 0, 0, 0, 0]	[7.9699995694682e-05, 0.011466500000096858, 0.02806330000748858, 0.04480810000677593, 0.061516100002336316, 0.07825289999891538, 0.09497910000209231, 0.11183690000325441, 0.12830209999810904, 0.1449138000025414, 0.16137499999604188, 0.17811740000615828, 0.19461380000575446, 0.21147730000666343, 0.22776280000107363, 0.24440769999637268, 0.26132119999965653, 0.2776886000065133, 0.2947862000000896, 0.3115410000027623, 0.32801840000320226, 0.3446925000025658, 0.361525200001779, 0.37812269999994896, 0.3947368999943137, 0.411369299996295, 0.4278448999975808, 0.44436189999396447, 0.46106699999654666, 0.4782841999985976]	178.0	272.0	0.8	9b
127	5	go_nogo	0	60	3	go	click	[60.0, 60.0, 91.0, 118.0, 144.0, 163.0, 181.0, 196.0, 211.0, 219.0, 225.0, 230.0, 231.0, 231.0, 231.0, 231.0, 232.0, 233.0, 234.0, 234.0, 234.0, 234.0, 234.0, 234.0, 234.0, 234.0, 234.0, 234.0, 234.0, 234.0]	[-233.0, -233.0, -134.0, -52.0, 23.0, 85.0, 136.0, 182.0, 217.0, 244.0, 265.0, 277.0, 282.0, 282.0, 282.0, 282.0, 287.0, 297.0, 309.0, 321.0, 325.0, 326.0, 326.0, 326.0, 326.0, 326.0, 326.0, 326.0, 326.0, 326.0]	[0, 0, 0, 0, 0, 0, 0, 0, 0, 0, 0, 0, 0, 0, 0, 0, 0, 0, 0, 0, 0, 0, 0, 0, 0, 0, 0, 0, 0, 1]	[0, 0, 0, 0, 0, 0, 0, 0, 0, 0, 0, 0, 0, 0, 0, 0, 0, 0, 0, 0, 0, 0, 0, 0, 0, 0, 0, 0, 0, 0]	[0, 0, 0, 0, 0, 0, 0, 0, 0, 0, 0, 0, 0, 0, 0, 0, 0, 0, 0, 0, 0, 0, 0, 0, 0, 0, 0, 0, 0, 0]	[0.00030450000485870987, 0.010102600004756823, 0.02656579999893438, 0.04309809999540448, 0.0600164999923436, 0.07655499999236781, 0.09358729999803472, 0.11001150000083726, 0.12662929999351036, 0.14343949999602046, 0.1599411999923177, 0.17678900000464637, 0.1932879999949364, 0.2096973000006983, 0.22640929999761283, 0.24392369999259245, 0.26014100000611506, 0.2768560999975307, 0.2932837999978801, 0.3101935000013327, 0.326537200002349, 0.3431869000050938, 0.35980259999632835, 0.376545699997223, 0.39336550000007264, 0.4098182000016095, 0.4264282999938587, 0.4431538999924669, 0.45984429999953136, 0.47685930000443477]	234.0	326.0	0.8	9b
128	5	go_nogo	0	60	9	nogo	none	[28.0, 28.0, 52.0, 61.0, 103.0, 134.0, 150.0, 157.0, 158.0, 159.0, 160.0, 160.0, 161.0, 162.0, 162.0, 162.0, 162.0, 162.0, 162.0, 163.0, 163.0, 165.0, 169.0, 169.0, 169.0, 169.0, 169.0, 169.0, 169.0, 169.0, 169.0, 169.0, 169.0, 169.0, 169.0, 169.0, 169.0, 169.0, 170.0, 170.0, 170.0, 170.0, 170.0, 170.0, 170.0, 170.0, 170.0, 170.0, 170.0, 170.0, 170.0, 170.0, 170.0, 170.0, 170.0, 170.0, 170.0, 170.0, 170.0, 170.0, 170.0, 170.0, 170.0, 170.0, 170.0, 170.0]	[-255.0, -255.0, -173.0, -137.0, -5.0, 90.0, 151.0, 182.0, 196.0, 201.0, 205.0, 208.0, 211.0, 218.0, 220.0, 221.0, 221.0, 221.0, 221.0, 221.0, 227.0, 234.0, 240.0, 242.0, 242.0, 242.0, 242.0, 242.0, 242.0, 242.0, 242.0, 242.0, 242.0, 242.0, 242.0, 242.0, 242.0, 242.0, 242.0, 242.0, 242.0, 242.0, 242.0, 242.0, 242.0, 242.0, 242.0, 242.0, 242.0, 242.0, 242.0, 242.0, 242.0, 242.0, 242.0, 242.0, 242.0, 242.0, 242.0, 242.0, 242.0, 242.0, 242.0, 242.0, 242.0, 242.0]	[0, 0, 0, 0, 0, 0, 0, 0, 0, 0, 0, 0, 0, 0, 0, 0, 0, 0, 0, 0, 0, 0, 0, 0, 0, 0, 0, 0, 0, 0, 0, 0, 0, 0, 0, 0, 0, 0, 0, 0, 0, 0, 0, 0, 0, 0, 0, 0, 0, 0, 0, 0, 0, 0, 0, 0, 0, 0, 0, 0, 0, 0, 0, 0, 0, 0]	[0, 0, 0, 0, 0, 0, 0, 0, 0, 0, 0, 0, 0, 0, 0, 0, 0, 0, 0, 0, 0, 0, 0, 0, 0, 0, 0, 0, 0, 0, 0, 0, 0, 0, 0, 0, 0, 0, 0, 0, 0, 0, 0, 0, 0, 0, 0, 0, 0, 0, 0, 0, 0, 0, 0, 0, 0, 0, 0, 0, 0, 0, 0, 0, 0, 0]	[0, 0, 0, 0, 0, 0, 0, 0, 0, 0, 0, 0, 0, 0, 0, 0, 0, 0, 0, 0, 0, 0, 0, 0, 0, 0, 0, 0, 0, 0, 0, 0, 0, 0, 0, 0, 0, 0, 0, 0, 0, 0, 0, 0, 0, 0, 0, 0, 0, 0, 0, 0, 0, 0, 0, 0, 0, 0, 0, 0, 0, 0, 0, 0, 0, 0]	[0.00024419999681413174, 0.010746500003733672, 0.0272430000040913, 0.04388910000852775, 0.061013300000922754, 0.07711810000182595, 0.09406220000528265, 0.11065750000125263, 0.12715939999907278, 0.14387830000487156, 0.1604183000017656, 0.1770939999987604, 0.19400570000289008, 0.21050830000604037, 0.22729389999585692, 0.24371399999654386, 0.2609812000009697, 0.27687309999600984, 0.2939041000063298, 0.3105721000029007, 0.32719949999591336, 0.3436950000032084, 0.36041670000122394, 0.37700279999990016, 0.3935933000029763, 0.41043489999719895, 0.42714369999885093, 0.4440429999958724, 0.4603463999956148, 0.47704650000378024, 0.4941648000094574, 0.5103797000047052, 0.5269458999973722, 0.5436268000048585, 0.5600781999964966, 0.5769755000073928, 0.5935943000076804, 0.6103108999959659, 0.6270958000095561, 0.6434317999955965, 0.6602820999978576, 0.6770335000037448, 0.693613399998867, 0.7103301000024658, 0.7269807999982731, 0.7436728000029689, 0.7606451000028756, 0.776889000000665, 0.7935284999985015, 0.8104074000002583, 0.8270743000030052, 0.8436261000024388, 0.8604431999992812, 0.8768465000030119, 0.8933985000039684, 0.9100447000091663, 0.9268730000039795, 0.943872999996529, 0.9603268000064418, 0.9769455000059679, 0.99416580000252, 1.0103265000070678, 1.0270711000048323, 1.0435433999955421, 1.0602250000083586, 1.0769336000084877]	n/a	n/a	0.7	9b
129	5	go_nogo	0	60	6	go	click	[48.0, 48.0, 71.0, 93.0, 109.0, 127.0, 134.0, 139.0, 140.0, 141.0, 142.0, 142.0, 142.0, 144.0, 145.0, 146.0, 147.0, 148.0, 148.0, 148.0, 148.0, 148.0, 148.0, 148.0, 148.0, 148.0, 148.0, 148.0, 149.0, 149.0, 149.0, 149.0, 149.0, 149.0, 149.0, 149.0, 149.0, 149.0, 149.0, 149.0, 149.0, 149.0, 149.0, 149.0, 149.0, 149.0, 151.0, 155.0, 157.0, 158.0, 161.0, 162.0, 162.0, 162.0]	[-203.0, -203.0, -99.0, -10.0, 66.0, 149.0, 192.0, 217.0, 232.0, 239.0, 241.0, 242.0, 245.0, 250.0, 257.0, 261.0, 263.0, 264.0, 265.0, 265.0, 265.0, 265.0, 265.0, 265.0, 265.0, 265.0, 265.0, 265.0, 267.0, 268.0, 268.0, 268.0, 268.0, 268.0, 268.0, 268.0, 268.0, 268.0, 268.0, 268.0, 268.0, 268.0, 268.0, 268.0, 268.0, 268.0, 268.0, 271.0, 272.0, 272.0, 274.0, 274.0, 274.0, 274.0]	[0, 0, 0, 0, 0, 0, 0, 0, 0, 0, 0, 0, 0, 0, 0, 0, 0, 0, 0, 0, 0, 0, 0, 0, 0, 0, 0, 0, 0, 0, 0, 1, 1, 1, 1, 1, 1, 0, 0, 0, 0, 0, 0, 0, 0, 0, 0, 0, 0, 0, 0, 0, 0, 1]	[0, 0, 0, 0, 0, 0, 0, 0, 0, 0, 0, 0, 0, 0, 0, 0, 0, 0, 0, 0, 0, 0, 0, 0, 0, 0, 0, 0, 0, 0, 0, 0, 0, 0, 0, 0, 0, 0, 0, 0, 0, 0, 0, 0, 0, 0, 0, 0, 0, 0, 0, 0, 0, 0]	[0, 0, 0, 0, 0, 0, 0, 0, 0, 0, 0, 0, 0, 0, 0, 0, 0, 0, 0, 0, 0, 0, 0, 0, 0, 0, 0, 0, 0, 0, 0, 0, 0, 0, 0, 0, 0, 0, 0, 0, 0, 0, 0, 0, 0, 0, 0, 0, 0, 0, 0, 0, 0, 0]	[8.149999484885484e-05, 0.011970000006840564, 0.028623799997149035, 0.04545930000313092, 0.062284700004966, 0.07886720000533387, 0.09542789999977686, 0.1128988999989815, 0.12945160000526812, 0.14521099999547005, 0.16208940000797156, 0.17899169999873266, 0.19552310000290163, 0.2121393999987049, 0.22866540000541136, 0.24534080000012182, 0.2620889999961946, 0.278659500007052, 0.2955653999961214, 0.3118977999984054, 0.32854560000123456, 0.34549750000587665, 0.3618510999949649, 0.37872589999460615, 0.3953019000036875, 0.41204080000170507, 0.42854419999639504, 0.44541230000322685, 0.46173840000119526, 0.4784862999949837, 0.49503410000761505, 0.5121347999956924, 0.5284153999964474, 0.5452621000004001, 0.5617673999950057, 0.5786609000060707, 0.5952628000086406, 0.6122031999984756, 0.6285824000078719, 0.6452835999953095, 0.6618737999961013, 0.6784314999968046, 0.6950821000064025, 0.7116703000065172, 0.7285172999982024, 0.7453211999963969, 0.7617514000012306, 0.7784741000068607, 0.7952692999970168, 0.8120868999976665, 0.8287080000009155, 0.8450195000041276, 0.8616121999948518, 0.8786658000026364]	162.0	274.0	1.0	9b
130	5	go_nogo	0	60	7	go	click	[19.0, 19.0, 44.0, 75.0, 112.0, 145.0, 170.0, 184.0, 200.0, 205.0, 208.0, 210.0, 211.0, 217.0, 222.0, 228.0, 230.0, 231.0, 232.0, 232.0, 232.0, 232.0, 232.0, 232.0, 232.0]	[-299.0, -299.0, -214.0, -115.0, -16.0, 76.0, 143.0, 186.0, 229.0, 243.0, 251.0, 255.0, 260.0, 268.0, 282.0, 297.0, 304.0, 308.0, 312.0, 315.0, 316.0, 316.0, 316.0, 316.0, 316.0]	[0, 0, 0, 0, 0, 0, 0, 0, 0, 0, 0, 0, 0, 0, 0, 0, 0, 0, 0, 0, 0, 0, 0, 0, 1]	[0, 0, 0, 0, 0, 0, 0, 0, 0, 0, 0, 0, 0, 0, 0, 0, 0, 0, 0, 0, 0, 0, 0, 0, 0]	[0, 0, 0, 0, 0, 0, 0, 0, 0, 0, 0, 0, 0, 0, 0, 0, 0, 0, 0, 0, 0, 0, 0, 0, 0]	[7.429999823216349e-05, 0.011502200009999797, 0.02800970000680536, 0.044906600000103936, 0.06160850000742357, 0.0781626999960281, 0.09478710000985302, 0.11163130000932142, 0.12864550000813324, 0.14491160000034142, 0.1617917999974452, 0.17816060000041034, 0.19489320000866428, 0.21161130000837147, 0.22820550001051743, 0.244808200004627, 0.26133730000583455, 0.27805930000613444, 0.2947993999987375, 0.31178340000042226, 0.3281716000055894, 0.34482430000207387, 0.36131059999752324, 0.3779825000092387, 0.3948536000098102]	232.0	316.0	0.8	9b
131	5	go_nogo	0	60	1	nogo	none	[59.0, 59.0, 71.0, 101.0, 145.0, 175.0, 201.0, 213.0, 218.0, 220.0, 222.0, 223.0, 226.0, 227.0, 228.0, 228.0, 228.0, 228.0, 229.0, 229.0, 229.0, 229.0, 229.0, 229.0, 229.0, 229.0, 229.0, 229.0, 229.0, 229.0, 229.0, 229.0, 229.0, 229.0, 229.0, 229.0, 229.0, 229.0, 229.0, 229.0, 229.0, 229.0, 229.0, 229.0, 229.0, 229.0, 229.0, 229.0, 229.0, 229.0, 229.0, 229.0, 229.0, 229.0, 229.0, 229.0, 229.0, 229.0, 229.0, 229.0, 229.0, 229.0, 229.0]	[-186.0, -186.0, -141.0, -58.0, 52.0, 121.0, 178.0, 219.0, 236.0, 243.0, 247.0, 252.0, 260.0, 271.0, 278.0, 280.0, 280.0, 280.0, 280.0, 282.0, 285.0, 286.0, 286.0, 286.0, 286.0, 286.0, 286.0, 286.0, 286.0, 286.0, 286.0, 286.0, 286.0, 286.0, 286.0, 286.0, 286.0, 286.0, 286.0, 286.0, 286.0, 286.0, 286.0, 286.0, 286.0, 286.0, 286.0, 286.0, 286.0, 286.0, 286.0, 286.0, 286.0, 286.0, 286.0, 286.0, 286.0, 286.0, 286.0, 286.0, 286.0, 286.0, 286.0]	[0, 0, 0, 0, 0, 0, 0, 0, 0, 0, 0, 0, 0, 0, 0, 0, 0, 0, 0, 0, 0, 0, 0, 0, 0, 0, 0, 0, 0, 0, 0, 0, 0, 0, 0, 0, 0, 0, 0, 0, 0, 0, 0, 0, 0, 0, 0, 0, 0, 0, 0, 0, 0, 0, 0, 0, 0, 0, 0, 0, 0, 0, 0]	[0, 0, 0, 0, 0, 0, 0, 0, 0, 0, 0, 0, 0, 0, 0, 0, 0, 0, 0, 0, 0, 0, 0, 0, 0, 0, 0, 0, 0, 0, 0, 0, 0, 0, 0, 0, 0, 0, 0, 0, 0, 0, 0, 0, 0, 0, 0, 0, 0, 0, 0, 0, 0, 0, 0, 0, 0, 0, 0, 0, 0, 0, 0]	[0, 0, 0, 0, 0, 0, 0, 0, 0, 0, 0, 0, 0, 0, 0, 0, 0, 0, 0, 0, 0, 0, 0, 0, 0, 0, 0, 0, 0, 0, 0, 0, 0, 0, 0, 0, 0, 0, 0, 0, 0, 0, 0, 0, 0, 0, 0, 0, 0, 0, 0, 0, 0, 0, 0, 0, 0, 0, 0, 0, 0, 0, 0]	[0.00033289998827967793, 0.007835599986719899, 0.024508999995305203, 0.04124779999256134, 0.05809469999803696, 0.07510229999024887, 0.09184589999495074, 0.1077991999918595, 0.12436539999907836, 0.14149799999722745, 0.15789949998725206, 0.17487799999071285, 0.19126589999359567, 0.20780969999032095, 0.22473649999301415, 0.24106509999546688, 0.2575901999953203, 0.274175299986382, 0.29106119999778457, 0.30754689998866525, 0.3244377999944845, 0.34082659998966847, 0.3575289000000339, 0.37423309999576304, 0.3909718999930192, 0.4074304999958258, 0.42423939998843707, 0.4410436999896774, 0.45771409998997115, 0.47421199998643715, 0.49071459998958744, 0.5073245999956271, 0.5240737999993144, 0.540876599989133, 0.5573659999936353, 0.5740593999944394, 0.5908906999975443, 0.6075505999906454, 0.6241460999881383, 0.6414545999869006, 0.6574528999917675, 0.6741305999894394, 0.6908281999931205, 0.7073863999976311, 0.7242338999931235, 0.7410142999870004, 0.7573951999947894, 0.774089799990179, 0.7907276999903843, 0.8072615999990376, 0.8240831999864895, 0.8408322999894153, 0.8589443999953801, 0.8743574999971315, 0.8911293999990448, 0.9073895999899833, 0.9241677999962121, 0.9406639999942854, 0.9574895999976434, 0.9740181999950437, 0.9907702999917092, 1.00737899998785, 1.024079899987555]	n/a	n/a	0.7	9b
132	5	go_nogo	0	60	6	go	click	[8.0, 8.0, 13.0, 28.0, 58.0, 86.0, 111.0, 144.0, 169.0, 189.0, 200.0, 207.0, 208.0, 209.0, 209.0, 210.0, 214.0, 215.0, 216.0, 217.0, 217.0, 217.0, 214.0, 212.0, 212.0, 212.0, 212.0, 212.0]	[-260.0, -260.0, -244.0, -204.0, -149.0, -88.0, -24.0, 76.0, 133.0, 174.0, 200.0, 215.0, 220.0, 220.0, 221.0, 226.0, 236.0, 244.0, 249.0, 255.0, 257.0, 273.0, 286.0, 294.0, 295.0, 295.0, 295.0, 295.0]	[0, 0, 0, 0, 0, 0, 0, 0, 0, 0, 0, 0, 0, 0, 0, 0, 0, 0, 0, 0, 0, 0, 0, 0, 0, 0, 0, 1]	[0, 0, 0, 0, 0, 0, 0, 0, 0, 0, 0, 0, 0, 0, 0, 0, 0, 0, 0, 0, 0, 0, 0, 0, 0, 0, 0, 0]	[0, 0, 0, 0, 0, 0, 0, 0, 0, 0, 0, 0, 0, 0, 0, 0, 0, 0, 0, 0, 0, 0, 0, 0, 0, 0, 0, 0]	[0.00027540000155568123, 0.009695200002170168, 0.0267215999920154, 0.04362899999250658, 0.05998639999597799, 0.07684500000323169, 0.09336919999623206, 0.11014259999501519, 0.12663630000315607, 0.14353999999002554, 0.15984749999188352, 0.17670250000082888, 0.1935222000029171, 0.21018379999441095, 0.22682850000273902, 0.24341809999896213, 0.2602069999993546, 0.276893399990513, 0.2933995999919716, 0.3099770999979228, 0.3274381999945035, 0.3438815999979852, 0.36001329999999143, 0.37715149999712594, 0.39320399999269284, 0.40980120000313036, 0.4264670999982627, 0.44342919999326114]	212.0	295.0	0.7	9b
133	5	go_nogo	0	60	4	go	click	[42.0, 42.0, 49.0, 66.0, 94.0, 120.0, 140.0, 151.0, 160.0, 164.0, 168.0, 170.0, 173.0, 174.0, 177.0, 179.0, 180.0, 181.0, 181.0, 181.0, 181.0, 181.0, 181.0, 181.0]	[-243.0, -243.0, -200.0, -116.0, 34.0, 136.0, 209.0, 247.0, 273.0, 288.0, 299.0, 307.0, 314.0, 319.0, 323.0, 332.0, 335.0, 335.0, 336.0, 336.0, 336.0, 336.0, 336.0, 336.0]	[0, 0, 0, 0, 0, 0, 0, 0, 0, 0, 0, 0, 0, 0, 0, 0, 0, 0, 0, 0, 0, 0, 0, 1]	[0, 0, 0, 0, 0, 0, 0, 0, 0, 0, 0, 0, 0, 0, 0, 0, 0, 0, 0, 0, 0, 0, 0, 0]	[0, 0, 0, 0, 0, 0, 0, 0, 0, 0, 0, 0, 0, 0, 0, 0, 0, 0, 0, 0, 0, 0, 0, 0]	[0.00018899999849963933, 0.01012540000374429, 0.02659459999995306, 0.043549599999096245, 0.06200400000670925, 0.07662720000371337, 0.0933699000015622, 0.1101492000016151, 0.12665610000840388, 0.14344130000972655, 0.16018690000055358, 0.17663050000555813, 0.19321500000660308, 0.21004269999684766, 0.22680030000628904, 0.24364290000812616, 0.2599384000059217, 0.27695840000524186, 0.2930588000017451, 0.30980709999857936, 0.3266052000108175, 0.34309480000229087, 0.35962850000942126, 0.3766122000088217]	181.0	336.0	0.7	9b
134	5	go_nogo	0	60	8	go	click	[61.0, 61.0, 88.0, 120.0, 143.0, 161.0, 174.0, 184.0, 192.0, 198.0, 202.0, 206.0, 211.0, 212.0, 213.0, 213.0, 213.0, 213.0, 213.0, 213.0, 213.0, 213.0, 213.0, 213.0, 213.0, 213.0, 213.0, 213.0, 213.0, 213.0, 213.0, 213.0, 213.0, 213.0, 213.0, 213.0, 213.0, 213.0, 213.0, 213.0, 213.0, 213.0, 213.0]	[-231.0, -231.0, -149.0, -69.0, 9.0, 74.0, 123.0, 160.0, 183.0, 200.0, 213.0, 227.0, 246.0, 249.0, 250.0, 250.0, 250.0, 250.0, 250.0, 250.0, 250.0, 250.0, 250.0, 250.0, 250.0, 250.0, 250.0, 250.0, 250.0, 250.0, 250.0, 250.0, 250.0, 250.0, 250.0, 257.0, 257.0, 260.0, 260.0, 260.0, 260.0, 260.0, 260.0]	[0, 0, 0, 0, 0, 0, 0, 0, 0, 0, 0, 0, 0, 0, 0, 0, 0, 0, 0, 0, 0, 0, 0, 1, 1, 1, 1, 1, 1, 1, 0, 0, 0, 0, 0, 0, 0, 0, 0, 0, 0, 0, 1]	[0, 0, 0, 0, 0, 0, 0, 0, 0, 0, 0, 0, 0, 0, 0, 0, 0, 0, 0, 0, 0, 0, 0, 0, 0, 0, 0, 0, 0, 0, 0, 0, 0, 0, 0, 0, 0, 0, 0, 0, 0, 0, 0]	[0, 0, 0, 0, 0, 0, 0, 0, 0, 0, 0, 0, 0, 0, 0, 0, 0, 0, 0, 0, 0, 0, 0, 0, 0, 0, 0, 0, 0, 0, 0, 0, 0, 0, 0, 0, 0, 0, 0, 0, 0, 0, 0]	[8.480000542476773e-05, 0.01116320000437554, 0.027535900007933378, 0.044603900008951314, 0.0611751000105869, 0.07806960000016261, 0.09464530000695959, 0.11115480000444222, 0.12770900000759866, 0.14442560001043603, 0.16106179999769665, 0.1777996000018902, 0.19472460000542924, 0.21130390001053456, 0.2278571000060765, 0.24452490000112448, 0.2610109000088414, 0.2774822000064887, 0.29458850000810344, 0.3110004000045592, 0.3277317000029143, 0.3443324000108987, 0.3610305000038352, 0.37824649999674875, 0.39438710000831634, 0.4110289000091143, 0.4278262000007089, 0.444310899998527, 0.46096440000110306, 0.4778892000031192, 0.4946434000012232, 0.5110195000015665, 0.5277159999968717, 0.5441952999972273, 0.5610075000004144, 0.5777008000004571, 0.5943828000017675, 0.6107578000082867, 0.6275900000036927, 0.6443298000085633, 0.660871700005373, 0.6774784000008367, 0.6946951999998419]	213.0	260.0	0.7	9b
135	5	go_nogo	0	60	8	go	click	[52.0, 52.0, 68.0, 97.0, 137.0, 155.0, 169.0, 178.0, 186.0, 190.0, 196.0, 201.0, 207.0, 209.0, 209.0, 209.0, 209.0, 209.0, 209.0, 209.0, 209.0, 209.0, 209.0, 209.0, 209.0, 209.0, 209.0, 209.0, 209.0, 209.0, 209.0, 209.0]	[-226.0, -226.0, -173.0, -68.0, 64.0, 122.0, 157.0, 184.0, 205.0, 220.0, 236.0, 253.0, 267.0, 271.0, 271.0, 271.0, 271.0, 271.0, 271.0, 271.0, 271.0, 271.0, 271.0, 271.0, 271.0, 271.0, 271.0, 271.0, 271.0, 271.0, 271.0, 271.0]	[0, 0, 0, 0, 0, 0, 0, 0, 0, 0, 0, 0, 0, 0, 0, 0, 0, 0, 0, 0, 0, 0, 0, 0, 0, 0, 0, 0, 0, 0, 0, 1]	[0, 0, 0, 0, 0, 0, 0, 0, 0, 0, 0, 0, 0, 0, 0, 0, 0, 0, 0, 0, 0, 0, 0, 0, 0, 0, 0, 0, 0, 0, 0, 0]	[0, 0, 0, 0, 0, 0, 0, 0, 0, 0, 0, 0, 0, 0, 0, 0, 0, 0, 0, 0, 0, 0, 0, 0, 0, 0, 0, 0, 0, 0, 0, 0]	[0.00024199999461416155, 0.012958999999682419, 0.02965849998872727, 0.04665509999904316, 0.06289809998997953, 0.07994339999277145, 0.09626520000165328, 0.11282729999220464, 0.12941539999155793, 0.1464140000025509, 0.1629670999973314, 0.17948969999270048, 0.19623619999038056, 0.21278899999742862, 0.22950000000128057, 0.24606809999386314, 0.2626136999897426, 0.2793290999979945, 0.2959489999921061, 0.31279450000147335, 0.3296154999989085, 0.34609989999444224, 0.36267899999802466, 0.3793842000013683, 0.3960332999995444, 0.4125983999983873, 0.4292093999974895, 0.44603629999619443, 0.46265809999022167, 0.4790684999898076, 0.4960071999958018, 0.5128811999893514]	209.0	271.0	0.9	9b
136	5	go_nogo	0	60	6	go	click	[37.0, 37.0, 73.0, 109.0, 145.0, 166.0, 178.0, 184.0, 188.0, 190.0, 191.0, 193.0, 198.0, 198.0, 199.0, 199.0, 199.0, 199.0, 199.0, 199.0, 199.0, 199.0, 199.0, 199.0]	[-196.0, -196.0, -73.0, 41.0, 141.0, 200.0, 235.0, 256.0, 268.0, 273.0, 277.0, 283.0, 293.0, 296.0, 297.0, 297.0, 297.0, 297.0, 297.0, 298.0, 298.0, 298.0, 298.0, 298.0]	[0, 0, 0, 0, 0, 0, 0, 0, 0, 0, 0, 0, 0, 0, 0, 0, 0, 0, 0, 0, 0, 0, 0, 1]	[0, 0, 0, 0, 0, 0, 0, 0, 0, 0, 0, 0, 0, 0, 0, 0, 0, 0, 0, 0, 0, 0, 0, 0]	[0, 0, 0, 0, 0, 0, 0, 0, 0, 0, 0, 0, 0, 0, 0, 0, 0, 0, 0, 0, 0, 0, 0, 0]	[0.00020539999241009355, 0.011058999996748753, 0.02740069999708794, 0.0444019999995362, 0.06144389999099076, 0.07759529999748338, 0.09407729998929426, 0.11080859998764936, 0.12739109998801723, 0.1441993999906117, 0.16081190000113565, 0.17758949998824392, 0.1940658999956213, 0.21077119999972638, 0.22711300000082701, 0.24391889999969862, 0.2609161000000313, 0.2773130999994464, 0.29424039999139495, 0.31062039999233093, 0.32729119999567047, 0.34398869999859016, 0.3607190999900922, 0.37773309998738114]	200.0	298.0	0.8	9b
137	5	go_nogo	0	60	1	nogo	none	[58.0, 58.0, 70.0, 93.0, 124.0, 162.0, 209.0, 257.0, 287.0, 293.0, 294.0, 294.0, 294.0, 294.0, 294.0, 294.0, 294.0, 294.0, 294.0, 294.0, 289.0, 281.0, 277.0, 275.0, 274.0, 273.0, 273.0, 273.0, 273.0, 273.0, 273.0, 273.0, 273.0, 273.0, 273.0, 273.0, 273.0, 273.0, 273.0, 273.0, 273.0, 273.0, 273.0, 273.0, 273.0, 273.0, 273.0, 273.0, 273.0, 273.0, 273.0, 273.0, 273.0, 273.0, 273.0, 273.0, 273.0, 273.0, 273.0, 273.0, 273.0, 273.0, 273.0, 273.0, 273.0, 273.0, 273.0]	[-270.0, -270.0, -233.0, -162.0, -82.0, 25.0, 145.0, 262.0, 335.0, 347.0, 349.0, 349.0, 349.0, 349.0, 349.0, 349.0, 349.0, 349.0, 349.0, 348.0, 342.0, 328.0, 323.0, 321.0, 320.0, 319.0, 319.0, 319.0, 319.0, 319.0, 319.0, 319.0, 319.0, 319.0, 319.0, 319.0, 319.0, 319.0, 319.0, 319.0, 319.0, 319.0, 319.0, 319.0, 319.0, 319.0, 319.0, 319.0, 319.0, 319.0, 319.0, 319.0, 319.0, 319.0, 319.0, 319.0, 319.0, 319.0, 319.0, 319.0, 319.0, 319.0, 319.0, 319.0, 319.0, 319.0, 319.0]	[0, 0, 0, 0, 0, 0, 0, 0, 0, 0, 0, 0, 0, 0, 0, 0, 0, 0, 0, 0, 0, 0, 0, 0, 0, 0, 0, 0, 0, 0, 0, 0, 0, 0, 0, 0, 0, 0, 0, 0, 0, 0, 0, 0, 0, 0, 0, 0, 0, 0, 0, 0, 0, 0, 0, 0, 0, 0, 0, 0, 0, 0, 0, 0, 0, 0, 0]	[0, 0, 0, 0, 0, 0, 0, 0, 0, 0, 0, 0, 0, 0, 0, 0, 0, 0, 0, 0, 0, 0, 0, 0, 0, 0, 0, 0, 0, 0, 0, 0, 0, 0, 0, 0, 0, 0, 0, 0, 0, 0, 0, 0, 0, 0, 0, 0, 0, 0, 0, 0, 0, 0, 0, 0, 0, 0, 0, 0, 0, 0, 0, 0, 0, 0, 0]	[0, 0, 0, 0, 0, 0, 0, 0, 0, 0, 0, 0, 0, 0, 0, 0, 0, 0, 0, 0, 0, 0, 0, 0, 0, 0, 0, 0, 0, 0, 0, 0, 0, 0, 0, 0, 0, 0, 0, 0, 0, 0, 0, 0, 0, 0, 0, 0, 0, 0, 0, 0, 0, 0, 0, 0, 0, 0, 0, 0, 0, 0, 0, 0, 0, 0, 0]	[0.00019079999765381217, 0.010212900000624359, 0.026794200006406754, 0.04358919999503996, 0.06042609999713022, 0.07719559999532066, 0.09359360000235029, 0.11061099999642465, 0.1271165999933146, 0.14379820000613108, 0.16020110000681598, 0.1767349000001559, 0.19342019999749027, 0.2100505999987945, 0.2267262999957893, 0.2432979000004707, 0.26001529999484774, 0.2766059999994468, 0.2935693000035826, 0.3099999999976717, 0.3267634999938309, 0.34392189999925904, 0.360415599992848, 0.37678589999268297, 0.3939516999962507, 0.4101252999971621, 0.4267091999936383, 0.44321169999602716, 0.45992850000038743, 0.47652409999864176, 0.4933912999986205, 0.5102258999977494, 0.5268522999976994, 0.5434747999970568, 0.5599784999940312, 0.5766490999958478, 0.5933610000065528, 0.6100352999928873, 0.6268504000036046, 0.6434661999956006, 0.6601818000053754, 0.6768497000011848, 0.6930831000063336, 0.7099646999995457, 0.7266453000047477, 0.7431673999963095, 0.76000059999933, 0.7766477999975905, 0.7932695000054082, 0.8097757000068668, 0.8266440000006696, 0.843348700000206, 0.8599549000064144, 0.8766185999993468, 0.8933736000035424, 0.9098038999945857, 0.9268952999991598, 0.9434843000053661, 0.9600582999992184, 0.9766114999947604, 0.9934975000069244, 1.0100856000062777, 1.026552700001048, 1.0433907999977237, 1.0601934000005713, 1.0767037000041455, 1.093386399996234]	n/a	n/a	0.5	9b
138	5	go_nogo	0	60	6	go	click	[72.0, 72.0, 103.0, 132.0, 156.0, 169.0, 178.0, 182.0, 184.0, 187.0, 187.0, 187.0, 188.0, 188.0, 188.0, 188.0, 188.0, 188.0, 188.0, 188.0, 188.0, 188.0, 188.0, 188.0, 188.0, 191.0, 192.0, 194.0, 194.0, 194.0, 194.0, 194.0]	[-192.0, -192.0, -115.0, -36.0, 28.0, 71.0, 98.0, 111.0, 123.0, 132.0, 142.0, 153.0, 161.0, 166.0, 168.0, 168.0, 168.0, 168.0, 175.0, 189.0, 209.0, 226.0, 238.0, 254.0, 275.0, 299.0, 318.0, 329.0, 331.0, 331.0, 331.0, 331.0]	[0, 0, 0, 0, 0, 0, 0, 0, 0, 0, 0, 0, 0, 0, 0, 0, 0, 0, 0, 0, 0, 0, 0, 0, 0, 0, 0, 0, 0, 0, 0, 1]	[0, 0, 0, 0, 0, 0, 0, 0, 0, 0, 0, 0, 0, 0, 0, 0, 0, 0, 0, 0, 0, 0, 0, 0, 0, 0, 0, 0, 0, 0, 0, 0]	[0, 0, 0, 0, 0, 0, 0, 0, 0, 0, 0, 0, 0, 0, 0, 0, 0, 0, 0, 0, 0, 0, 0, 0, 0, 0, 0, 0, 0, 0, 0, 0]	[0.00020950000907760113, 0.01029720000224188, 0.026779200008604676, 0.04348040001059417, 0.06018530001165345, 0.07675070001278073, 0.09329050000815187, 0.10988740000175312, 0.12674570000672247, 0.1434307000017725, 0.1601896000065608, 0.17676490001031198, 0.19322440000541974, 0.2098326000123052, 0.22639410001283977, 0.2430070000118576, 0.25995310000143945, 0.2774861000070814, 0.293637700000545, 0.30980680001084693, 0.32675920000474434, 0.3433392000006279, 0.3597347000031732, 0.3766362000023946, 0.39331090000632685, 0.4098692000115989, 0.4265408000064781, 0.4433149000105914, 0.4597850999998627, 0.47621690000232775, 0.4931152000062866, 0.5103242000041064]	194.0	331.0	0.6	9b
139	5	go_nogo	0	60	9	nogo	none	[68.0, 83.0, 100.0, 136.0, 160.0, 173.0, 181.0, 184.0, 189.0, 191.0, 194.0, 196.0, 199.0, 199.0, 199.0, 199.0, 199.0, 199.0, 201.0, 201.0, 201.0, 201.0, 201.0, 201.0, 201.0, 201.0, 201.0, 201.0, 201.0, 201.0, 201.0, 201.0, 201.0, 201.0, 201.0, 201.0, 201.0, 201.0, 201.0, 201.0, 201.0, 201.0, 201.0, 201.0, 201.0, 201.0, 201.0, 201.0, 201.0, 201.0, 201.0, 201.0, 201.0, 201.0, 201.0, 201.0, 201.0, 201.0, 201.0, 201.0, 201.0, 201.0, 201.0, 201.0, 201.0, 201.0, 201.0, 201.0, 201.0, 201.0, 201.0, 201.0, 201.0, 201.0, 201.0, 201.0, 201.0, 201.0, 201.0, 201.0, 201.0, 201.0, 201.0, 201.0, 201.0, 201.0, 200.0, 200.0, 200.0, 200.0, 200.0, 200.0]	[-221.0, -183.0, -141.0, -49.0, 36.0, 84.0, 112.0, 133.0, 152.0, 169.0, 189.0, 206.0, 216.0, 219.0, 219.0, 219.0, 219.0, 225.0, 236.0, 254.0, 270.0, 279.0, 279.0, 279.0, 279.0, 279.0, 279.0, 279.0, 279.0, 279.0, 279.0, 279.0, 279.0, 279.0, 279.0, 279.0, 279.0, 279.0, 279.0, 279.0, 279.0, 279.0, 279.0, 279.0, 279.0, 279.0, 279.0, 279.0, 275.0, 272.0, 270.0, 268.0, 266.0, 264.0, 263.0, 261.0, 260.0, 260.0, 260.0, 260.0, 259.0, 259.0, 259.0, 259.0, 259.0, 259.0, 259.0, 259.0, 259.0, 259.0, 259.0, 259.0, 259.0, 259.0, 259.0, 259.0, 259.0, 259.0, 259.0, 259.0, 259.0, 259.0, 259.0, 259.0, 259.0, 259.0, 259.0, 259.0, 259.0, 259.0, 259.0, 259.0]	[0, 0, 0, 0, 0, 0, 0, 0, 0, 0, 0, 0, 0, 0, 0, 0, 0, 0, 0, 0, 0, 0, 0, 0, 0, 0, 0, 0, 0, 0, 0, 0, 0, 0, 0, 0, 0, 0, 0, 0, 0, 0, 0, 0, 0, 0, 0, 0, 0, 0, 0, 0, 0, 0, 0, 0, 0, 0, 0, 0, 0, 0, 0, 0, 0, 0, 0, 0, 0, 0, 0, 0, 0, 0, 0, 0, 0, 0, 0, 0, 0, 0, 0, 0, 0, 0, 0, 0, 0, 0, 0, 0]	[0, 0, 0, 0, 0, 0, 0, 0, 0, 0, 0, 0, 0, 0, 0, 0, 0, 0, 0, 0, 0, 0, 0, 0, 0, 0, 0, 0, 0, 0, 0, 0, 0, 0, 0, 0, 0, 0, 0, 0, 0, 0, 0, 0, 0, 0, 0, 0, 0, 0, 0, 0, 0, 0, 0, 0, 0, 0, 0, 0, 0, 0, 0, 0, 0, 0, 0, 0, 0, 0, 0, 0, 0, 0, 0, 0, 0, 0, 0, 0, 0, 0, 0, 0, 0, 0, 0, 0, 0, 0, 0, 0]	[0, 0, 0, 0, 0, 0, 0, 0, 0, 0, 0, 0, 0, 0, 0, 0, 0, 0, 0, 0, 0, 0, 0, 0, 0, 0, 0, 0, 0, 0, 0, 0, 0, 0, 0, 0, 0, 0, 0, 0, 0, 0, 0, 0, 0, 0, 0, 0, 0, 0, 0, 0, 0, 0, 0, 0, 0, 0, 0, 0, 0, 0, 0, 0, 0, 0, 0, 0, 0, 0, 0, 0, 0, 0, 0, 0, 0, 0, 0, 0, 0, 0, 0, 0, 0, 0, 0, 0, 0, 0, 0, 0]	[0.0003034999972442165, 0.009555600001476705, 0.026196100006927736, 0.042792499996721745, 0.05957789999956731, 0.07600709999678656, 0.09302739999839105, 0.10968530000536703, 0.1261761000059778, 0.14297339999757241, 0.1596616000024369, 0.17632810000213794, 0.19282090000342578, 0.20943840000836644, 0.22667639999417588, 0.24285979999694973, 0.2593189000035636, 0.27626379999856, 0.29298329999437556, 0.30951659999846015, 0.3260939000028884, 0.34266500000376254, 0.35932440000760835, 0.3759991999977501, 0.392796800006181, 0.4092557999974815, 0.425942900008522, 0.44250050000846386, 0.4592172999982722, 0.4759826000081375, 0.49247330000798684, 0.5091495999949984, 0.525840899994364, 0.5423721999977715, 0.5591547000076389, 0.5759614999988116, 0.5924056000076234, 0.6089800000045216, 0.6259120000031544, 0.6425812999950722, 0.6590779999969527, 0.6759033999987878, 0.6925117000064347, 0.7090962000074796, 0.7257583000027807, 0.7424733999941964, 0.7589551999990363, 0.7759259000013117, 0.792724700004328, 0.8091467000049306, 0.8266801999998279, 0.8424241000029724, 0.8592336000001524, 0.8764719000027981, 0.8926102999976138, 0.9092606000049273, 0.9256901000044309, 0.9424273000040557, 0.9590502000064589, 0.9759286000044085, 0.9923377000086475, 1.00902739999583, 1.0256323000066914, 1.042350899995654, 1.0589344000036363, 1.0756645000074059, 1.0924344000086421, 1.1090848000021651, 1.1255892000044696, 1.1422649000014644, 1.1590338999958476, 1.175680200001807, 1.1922498000058113, 1.2088937999942573, 1.2255009000073187, 1.2422725000069477, 1.259150600002613, 1.2756674999982351, 1.2923462000035215, 1.308872399997199, 1.3256432000052882, 1.342322199998307, 1.3590335000044433, 1.37563599999703, 1.3922572000010405, 1.4091573000041535, 1.4254967000015313, 1.442176800002926, 1.4591058000078192, 1.4756573000049684, 1.4924613000039244, 1.5089083000057144]	n/a	n/a	0.9	9b
140	5	go_nogo	0	60	6	go	click	[44.0, 44.0, 60.0, 81.0, 104.0, 125.0, 140.0, 148.0, 156.0, 160.0, 163.0, 168.0, 172.0, 173.0, 174.0, 174.0, 174.0, 174.0, 174.0, 177.0, 182.0, 184.0, 186.0, 187.0, 189.0, 190.0, 191.0, 192.0, 192.0, 192.0]	[-233.0, -233.0, -179.0, -116.0, -42.0, 31.0, 77.0, 112.0, 137.0, 150.0, 160.0, 180.0, 193.0, 201.0, 202.0, 202.0, 202.0, 202.0, 203.0, 213.0, 228.0, 239.0, 248.0, 255.0, 266.0, 279.0, 290.0, 297.0, 298.0, 298.0]	[0, 0, 0, 0, 0, 0, 0, 0, 0, 0, 0, 0, 0, 0, 0, 0, 0, 0, 0, 0, 0, 0, 0, 0, 0, 0, 0, 0, 0, 1]	[0, 0, 0, 0, 0, 0, 0, 0, 0, 0, 0, 0, 0, 0, 0, 0, 0, 0, 0, 0, 0, 0, 0, 0, 0, 0, 0, 0, 0, 0]	[0, 0, 0, 0, 0, 0, 0, 0, 0, 0, 0, 0, 0, 0, 0, 0, 0, 0, 0, 0, 0, 0, 0, 0, 0, 0, 0, 0, 0, 0]	[0.00035629999183584005, 0.01013329999113921, 0.02665829999023117, 0.04334920000110287, 0.05998159998853225, 0.07661989999178331, 0.09333479999622796, 0.11016909999307245, 0.12657670000044163, 0.14339189999736845, 0.1598698999878252, 0.17645590000029188, 0.1933967999939341, 0.2097471999877598, 0.22636539999803063, 0.24293249999755062, 0.2598775999940699, 0.27657869999529794, 0.2932892999961041, 0.3099124000000302, 0.32651569999870844, 0.34318909999274183, 0.35985660000005737, 0.37718199999653734, 0.393643899995368, 0.4099351999902865, 0.4268013999972027, 0.44315359999018256, 0.45968339999672025, 0.47655989999475423]	192.0	298.0	0.7	9b
141	5	go_nogo	0	60	3	go	click	[22.0, 22.0, 64.0, 103.0, 122.0, 134.0, 140.0, 144.0, 146.0, 148.0, 149.0, 149.0, 150.0, 150.0, 150.0, 150.0, 150.0, 150.0, 151.0, 157.0, 164.0, 173.0, 181.0, 189.0, 191.0, 192.0, 192.0, 192.0, 192.0, 192.0]	[-172.0, -172.0, -48.0, 44.0, 96.0, 127.0, 148.0, 160.0, 171.0, 179.0, 183.0, 185.0, 186.0, 190.0, 191.0, 191.0, 191.0, 191.0, 194.0, 207.0, 228.0, 249.0, 269.0, 285.0, 293.0, 297.0, 299.0, 299.0, 299.0, 299.0]	[0, 0, 0, 0, 0, 0, 0, 0, 0, 0, 0, 0, 0, 0, 0, 0, 0, 0, 0, 0, 0, 0, 0, 0, 0, 0, 0, 0, 0, 1]	[0, 0, 0, 0, 0, 0, 0, 0, 0, 0, 0, 0, 0, 0, 0, 0, 0, 0, 0, 0, 0, 0, 0, 0, 0, 0, 0, 0, 0, 0]	[0, 0, 0, 0, 0, 0, 0, 0, 0, 0, 0, 0, 0, 0, 0, 0, 0, 0, 0, 0, 0, 0, 0, 0, 0, 0, 0, 0, 0, 0]	[0.0001007999962894246, 0.010135099990293384, 0.02665529999649152, 0.04305039999599103, 0.05981469999824185, 0.07678169998689555, 0.09307609999086708, 0.10992949998762924, 0.12687129998812452, 0.14343479998933617, 0.16006219999690074, 0.17657039999903645, 0.19319129998621065, 0.20988879998913035, 0.22650759998941794, 0.24322539998684078, 0.26005609999992885, 0.2773066999943694, 0.2935115999862319, 0.3101746999891475, 0.3265936999960104, 0.3434386999870185, 0.3599419999954989, 0.37661159998970106, 0.3933874999929685, 0.41043509999872185, 0.4261975999979768, 0.44299969999701716, 0.4599485999933677, 0.4765272999939043]	192.0	299.0	0.8	9b
142	5	go_nogo	0	60	4	go	click	[27.0, 53.0, 86.0, 145.0, 188.0, 201.0, 207.0, 210.0, 215.0, 215.0, 216.0, 216.0, 216.0, 216.0, 217.0, 217.0, 217.0, 217.0, 217.0, 217.0, 217.0, 217.0]	[-257.0, -187.0, -116.0, 25.0, 133.0, 188.0, 227.0, 253.0, 270.0, 275.0, 276.0, 277.0, 281.0, 287.0, 294.0, 296.0, 296.0, 296.0, 296.0, 296.0, 296.0, 296.0]	[0, 0, 0, 0, 0, 0, 0, 0, 0, 0, 0, 0, 0, 0, 0, 0, 0, 0, 0, 0, 0, 1]	[0, 0, 0, 0, 0, 0, 0, 0, 0, 0, 0, 0, 0, 0, 0, 0, 0, 0, 0, 0, 0, 0]	[0, 0, 0, 0, 0, 0, 0, 0, 0, 0, 0, 0, 0, 0, 0, 0, 0, 0, 0, 0, 0, 0]	[7.980001100804657e-05, 0.012383100009174086, 0.0287881000112975, 0.04558060000999831, 0.0621654000133276, 0.07885830001032446, 0.09560890001012012, 0.11213760000828188, 0.12911520000488963, 0.14568350001354702, 0.1622164000000339, 0.1789794000069378, 0.19553710000764113, 0.212287300004391, 0.22897960001137108, 0.24560740000742953, 0.2622116999991704, 0.27878430001146626, 0.29559310000331607, 0.31238290001056157, 0.3288094000017736, 0.34566669999912847]	217.0	296.0	0.6	9b
143	5	go_nogo	0	60	9	nogo	none	[77.0, 77.0, 99.0, 116.0, 127.0, 131.0, 134.0, 135.0, 137.0, 139.0, 139.0, 140.0, 141.0, 142.0, 142.0, 142.0, 142.0, 142.0, 145.0, 150.0, 157.0, 162.0, 165.0, 167.0, 167.0, 167.0, 168.0, 168.0, 169.0, 169.0, 169.0, 169.0, 169.0, 169.0, 169.0, 169.0, 169.0, 169.0, 169.0, 169.0, 169.0, 169.0, 169.0, 169.0, 169.0, 169.0, 169.0, 169.0, 169.0, 169.0, 169.0, 169.0, 169.0, 169.0, 169.0, 169.0, 169.0, 169.0, 169.0, 169.0, 169.0, 169.0, 169.0, 169.0, 169.0, 169.0, 169.0]	[-192.0, -192.0, -107.0, -20.0, 54.0, 110.0, 142.0, 159.0, 167.0, 172.0, 176.0, 181.0, 189.0, 195.0, 195.0, 195.0, 195.0, 196.0, 201.0, 211.0, 228.0, 245.0, 255.0, 258.0, 260.0, 261.0, 261.0, 261.0, 261.0, 261.0, 261.0, 261.0, 261.0, 261.0, 261.0, 261.0, 261.0, 261.0, 261.0, 261.0, 261.0, 261.0, 261.0, 261.0, 261.0, 261.0, 261.0, 261.0, 261.0, 261.0, 261.0, 261.0, 261.0, 261.0, 261.0, 261.0, 261.0, 261.0, 261.0, 261.0, 261.0, 261.0, 261.0, 261.0, 261.0, 261.0, 261.0]	[0, 0, 0, 0, 0, 0, 0, 0, 0, 0, 0, 0, 0, 0, 0, 0, 0, 0, 0, 0, 0, 0, 0, 0, 0, 0, 0, 0, 0, 0, 0, 0, 0, 0, 0, 0, 0, 0, 0, 0, 0, 0, 0, 0, 0, 0, 0, 0, 0, 0, 0, 0, 0, 0, 0, 0, 0, 0, 0, 0, 0, 0, 0, 0, 0, 0, 0]	[0, 0, 0, 0, 0, 0, 0, 0, 0, 0, 0, 0, 0, 0, 0, 0, 0, 0, 0, 0, 0, 0, 0, 0, 0, 0, 0, 0, 0, 0, 0, 0, 0, 0, 0, 0, 0, 0, 0, 0, 0, 0, 0, 0, 0, 0, 0, 0, 0, 0, 0, 0, 0, 0, 0, 0, 0, 0, 0, 0, 0, 0, 0, 0, 0, 0, 0]	[0, 0, 0, 0, 0, 0, 0, 0, 0, 0, 0, 0, 0, 0, 0, 0, 0, 0, 0, 0, 0, 0, 0, 0, 0, 0, 0, 0, 0, 0, 0, 0, 0, 0, 0, 0, 0, 0, 0, 0, 0, 0, 0, 0, 0, 0, 0, 0, 0, 0, 0, 0, 0, 0, 0, 0, 0, 0, 0, 0, 0, 0, 0, 0, 0, 0, 0]	[0.00030059998971410096, 0.010564999989583157, 0.027110699986224063, 0.04420239999308251, 0.06099969999922905, 0.07761519998894073, 0.0940610999969067, 0.11045949999243021, 0.126913499989314, 0.14391409998643212, 0.16045179999491666, 0.1772305999911623, 0.1941066999861505, 0.2102038999873912, 0.22690519999014214, 0.24364719999721274, 0.26017619999765884, 0.2770408999931533, 0.2938570999976946, 0.31050319998757914, 0.3270460999920033, 0.34370869999111164, 0.36042169999564067, 0.37723149999510497, 0.3938025999959791, 0.41026409999176394, 0.4267768999998225, 0.4450763999921037, 0.4600732999970205, 0.4767579999897862, 0.49336659999971744, 0.5103075999941211, 0.5268852999870433, 0.5433777999860467, 0.5602100999967661, 0.5768629999947734, 0.5935127999982797, 0.610367099987343, 0.6270469999872148, 0.6439978999987943, 0.6600984999968205, 0.676801699999487, 0.6933723999973154, 0.7102288999885786, 0.726760399993509, 0.7434612999932142, 0.7600991999934195, 0.776735399995232, 0.793456100000185, 0.8100083999888739, 0.8266804999875603, 0.843300199994701, 0.8600996999884956, 0.8766986999980872, 0.8934238999936497, 0.9102179999899818, 0.9265775999956531, 0.9433343999990029, 0.9600953999906778, 0.9769092999922577, 0.9933461999899009, 1.0099210999906063, 1.0268861999938963, 1.043374099986977, 1.0599712999974145, 1.076653999989503, 1.093877799998154]	n/a	n/a	1.0	9b
144	5	go_nogo	0	60	3	go	click	[25.0, 36.0, 49.0, 76.0, 107.0, 141.0, 162.0, 176.0, 184.0, 186.0, 187.0, 187.0, 188.0, 189.0, 189.0, 189.0, 190.0, 191.0, 195.0, 197.0, 197.0, 198.0, 198.0, 198.0, 198.0]	[-282.0, -245.0, -192.0, -76.0, 45.0, 144.0, 207.0, 246.0, 269.0, 276.0, 278.0, 282.0, 287.0, 289.0, 290.0, 290.0, 291.0, 299.0, 309.0, 315.0, 316.0, 316.0, 316.0, 316.0, 316.0]	[0, 0, 0, 0, 0, 0, 0, 0, 0, 0, 0, 0, 0, 0, 0, 0, 0, 0, 0, 0, 0, 0, 0, 0, 1]	[0, 0, 0, 0, 0, 0, 0, 0, 0, 0, 0, 0, 0, 0, 0, 0, 0, 0, 0, 0, 0, 0, 0, 0, 0]	[0, 0, 0, 0, 0, 0, 0, 0, 0, 0, 0, 0, 0, 0, 0, 0, 0, 0, 0, 0, 0, 0, 0, 0, 0]	[0.00011770000855904073, 0.010747100008302368, 0.02749490000132937, 0.04413550000754185, 0.060833000010461546, 0.07743810000829399, 0.09418450000521261, 0.1107583999983035, 0.1274803999986034, 0.14408860000548884, 0.16078430000925437, 0.17787490000773687, 0.19393120000313502, 0.21057660000224132, 0.22731820000626612, 0.24424850000650622, 0.26077980000991374, 0.27738440000393894, 0.29394560000218917, 0.3106312000018079, 0.3274206000060076, 0.34384709999721963, 0.3604702000011457, 0.37694840000767726, 0.39378189999843016]	198.0	316.0	1.0	9b
145	5	go_nogo	0	60	3	go	click	[25.0, 25.0, 44.0, 54.0, 68.0, 85.0, 98.0, 112.0, 122.0, 128.0, 129.0, 131.0, 132.0, 132.0, 132.0, 132.0, 132.0, 132.0, 132.0, 132.0, 132.0, 133.0, 136.0, 147.0, 151.0, 153.0, 154.0, 156.0, 158.0, 159.0, 159.0, 159.0, 159.0]	[-232.0, -232.0, -117.0, -24.0, 55.0, 116.0, 169.0, 211.0, 246.0, 265.0, 274.0, 277.0, 280.0, 281.0, 281.0, 281.0, 281.0, 281.0, 281.0, 281.0, 281.0, 281.0, 282.0, 283.0, 284.0, 284.0, 284.0, 284.0, 284.0, 284.0, 284.0, 284.0, 284.0]	[0, 0, 0, 0, 0, 0, 0, 0, 0, 0, 0, 0, 0, 0, 0, 0, 0, 0, 0, 0, 0, 0, 0, 0, 0, 0, 0, 0, 0, 0, 0, 0, 1]	[0, 0, 0, 0, 0, 0, 0, 0, 0, 0, 0, 0, 0, 0, 0, 0, 0, 0, 0, 0, 0, 0, 0, 0, 0, 0, 0, 0, 0, 0, 0, 0, 0]	[0, 0, 0, 0, 0, 0, 0, 0, 0, 0, 0, 0, 0, 0, 0, 0, 0, 0, 0, 0, 0, 0, 0, 0, 0, 0, 0, 0, 0, 0, 0, 0, 0]	[9.99999901978299e-05, 0.012869599988334812, 0.02951799999573268, 0.04694639999070205, 0.06315809999068733, 0.07965729999705218, 0.0963385999930324, 0.11303169999155216, 0.13011030000052415, 0.14620279999508057, 0.16325879999203607, 0.17974099999992177, 0.19639649998862296, 0.21296769999025855, 0.22960129998682532, 0.24630790000082925, 0.26301759999478236, 0.2797415999957593, 0.29629479999130126, 0.31290819999412633, 0.3297939999902155, 0.3462715999921784, 0.3633421999984421, 0.379815399996005, 0.3963696999999229, 0.41318329999921843, 0.42969710000033956, 0.4464867999922717, 0.4630820999882417, 0.47980039998947177, 0.49643539999669883, 0.5129701999976533, 0.5300399999978254]	159.0	284.0	0.9	9b
146	5	go_nogo	0	60	7	go	click	[60.0, 60.0, 106.0, 165.0, 210.0, 248.0, 267.0, 274.0, 277.0, 277.0, 277.0, 277.0, 277.0, 277.0, 277.0, 277.0, 277.0, 277.0, 274.0, 270.0, 262.0, 255.0, 251.0, 246.0, 236.0, 227.0, 217.0, 213.0, 212.0, 212.0, 212.0]	[-297.0, -297.0, -192.0, -74.0, 46.0, 161.0, 245.0, 287.0, 307.0, 311.0, 311.0, 311.0, 311.0, 311.0, 311.0, 311.0, 311.0, 311.0, 312.0, 314.0, 315.0, 315.0, 315.0, 314.0, 311.0, 307.0, 302.0, 301.0, 300.0, 300.0, 300.0]	[0, 0, 0, 0, 0, 0, 0, 0, 0, 0, 0, 0, 0, 0, 0, 0, 0, 0, 0, 0, 0, 0, 0, 0, 0, 0, 0, 0, 0, 0, 1]	[0, 0, 0, 0, 0, 0, 0, 0, 0, 0, 0, 0, 0, 0, 0, 0, 0, 0, 0, 0, 0, 0, 0, 0, 0, 0, 0, 0, 0, 0, 0]	[0, 0, 0, 0, 0, 0, 0, 0, 0, 0, 0, 0, 0, 0, 0, 0, 0, 0, 0, 0, 0, 0, 0, 0, 0, 0, 0, 0, 0, 0, 0]	[7.650000043213367e-05, 0.01256909999938216, 0.028969799997867085, 0.04561519999697339, 0.06234050000784919, 0.07880170000134967, 0.09580160000768956, 0.11247130000265315, 0.12914940000337083, 0.14543200000480283, 0.16212000000814442, 0.17899420000321697, 0.19562510000832845, 0.21221430000150576, 0.2289779999991879, 0.24562519999744836, 0.26236880000215024, 0.2792135000054259, 0.29600899999786634, 0.31265930000517983, 0.32915930000308435, 0.34652819999610074, 0.36230480000085663, 0.3792054000077769, 0.3957511000044178, 0.41259890000219457, 0.4290398000011919, 0.4459246000042185, 0.46210570000403095, 0.4788107000058517, 0.49611510000249837]	212.0	300.0	0.5	9b
147	5	go_nogo	0	60	6	go	click	[65.0, 75.0, 84.0, 109.0, 138.0, 174.0, 193.0, 206.0, 214.0, 217.0, 219.0, 220.0, 220.0, 220.0, 220.0, 220.0, 220.0, 220.0, 220.0, 220.0, 221.0, 221.0, 221.0, 221.0, 221.0]	[-239.0, -213.0, -176.0, -87.0, 22.0, 137.0, 221.0, 266.0, 291.0, 306.0, 314.0, 323.0, 334.0, 336.0, 336.0, 336.0, 336.0, 336.0, 336.0, 336.0, 336.0, 336.0, 336.0, 336.0, 336.0]	[0, 0, 0, 0, 0, 0, 0, 0, 0, 0, 0, 0, 0, 0, 0, 0, 0, 0, 0, 0, 0, 0, 0, 0, 1]	[0, 0, 0, 0, 0, 0, 0, 0, 0, 0, 0, 0, 0, 0, 0, 0, 0, 0, 0, 0, 0, 0, 0, 0, 0]	[0, 0, 0, 0, 0, 0, 0, 0, 0, 0, 0, 0, 0, 0, 0, 0, 0, 0, 0, 0, 0, 0, 0, 0, 0]	[7.899999036453664e-05, 0.009229999996023253, 0.02609169999777805, 0.042673699994338676, 0.05968299999949522, 0.07622089999495074, 0.09267639998870436, 0.10920900000201073, 0.12592859999858774, 0.14254349999828264, 0.15912559999560472, 0.17575519999081735, 0.19243379999534227, 0.20901109999977052, 0.22562050000124145, 0.24247349999495782, 0.2590660999994725, 0.2756597999978112, 0.2922149999940302, 0.3091790999897057, 0.3257197999919299, 0.3424202000023797, 0.3590257999894675, 0.3757661999989068, 0.3923389999981737]	221.0	336.0	0.6	9b
148	5	go_nogo	0	60	2	go	click	[70.0, 78.0, 88.0, 116.0, 133.0, 143.0, 149.0, 151.0, 153.0, 155.0, 156.0, 156.0, 158.0, 158.0, 159.0, 159.0, 159.0, 159.0, 163.0, 170.0, 177.0, 184.0, 190.0, 193.0, 198.0, 199.0, 200.0, 201.0, 201.0]	[-189.0, -142.0, -90.0, 4.0, 92.0, 144.0, 167.0, 180.0, 186.0, 190.0, 193.0, 195.0, 198.0, 201.0, 204.0, 205.0, 206.0, 206.0, 212.0, 227.0, 244.0, 264.0, 275.0, 284.0, 295.0, 301.0, 305.0, 306.0, 306.0]	[0, 0, 0, 0, 0, 0, 0, 0, 0, 0, 0, 0, 0, 0, 0, 0, 0, 0, 0, 0, 0, 0, 0, 0, 0, 0, 0, 0, 1]	[0, 0, 0, 0, 0, 0, 0, 0, 0, 0, 0, 0, 0, 0, 0, 0, 0, 0, 0, 0, 0, 0, 0, 0, 0, 0, 0, 0, 0]	[0, 0, 0, 0, 0, 0, 0, 0, 0, 0, 0, 0, 0, 0, 0, 0, 0, 0, 0, 0, 0, 0, 0, 0, 0, 0, 0, 0, 0]	[0.0002179000002797693, 0.009418299989192747, 0.026391299994429573, 0.04304369998862967, 0.059773199987830594, 0.07622139999875799, 0.09306299999298062, 0.10970419998920988, 0.12626139998610597, 0.1426074999908451, 0.15958459999819752, 0.17661159999261145, 0.19299499999033287, 0.210187999997288, 0.22634589999506716, 0.2432103999890387, 0.259330199987744, 0.27615559998957906, 0.29294780000054743, 0.30950569998822175, 0.32604659999196883, 0.34268709999741986, 0.3594105999945896, 0.37598259998776484, 0.3930808999866713, 0.4095245999924373, 0.4259600999939721, 0.4425048999983119, 0.45959319999383297]	201.0	306.0	0.6	9b
149	5	go_nogo	0	60	9	nogo	none	[56.0, 56.0, 69.0, 104.0, 141.0, 173.0, 189.0, 193.0, 197.0, 199.0, 201.0, 207.0, 211.0, 213.0, 213.0, 213.0, 213.0, 213.0, 213.0, 213.0, 214.0, 214.0, 214.0, 214.0, 214.0, 214.0, 214.0, 214.0, 214.0, 214.0, 214.0, 214.0, 214.0, 214.0, 214.0, 214.0, 214.0, 214.0, 214.0, 214.0, 214.0, 214.0, 214.0, 214.0, 214.0, 214.0, 214.0, 214.0, 214.0, 214.0, 214.0, 214.0, 214.0, 214.0, 214.0, 214.0, 214.0, 214.0, 214.0, 214.0, 214.0, 214.0, 214.0, 214.0, 214.0]	[-186.0, -186.0, -133.0, -15.0, 85.0, 151.0, 196.0, 209.0, 215.0, 220.0, 231.0, 245.0, 258.0, 261.0, 262.0, 262.0, 262.0, 262.0, 262.0, 264.0, 268.0, 270.0, 271.0, 271.0, 271.0, 271.0, 271.0, 271.0, 271.0, 271.0, 271.0, 271.0, 271.0, 271.0, 271.0, 271.0, 271.0, 271.0, 271.0, 271.0, 271.0, 271.0, 271.0, 271.0, 271.0, 271.0, 271.0, 271.0, 271.0, 271.0, 271.0, 271.0, 272.0, 272.0, 272.0, 272.0, 272.0, 272.0, 272.0, 272.0, 272.0, 272.0, 272.0, 272.0, 272.0]	[0, 0, 0, 0, 0, 0, 0, 0, 0, 0, 0, 0, 0, 0, 0, 0, 0, 0, 0, 0, 0, 0, 0, 0, 0, 0, 0, 0, 0, 0, 0, 0, 0, 0, 0, 0, 0, 0, 0, 0, 0, 0, 0, 0, 0, 0, 0, 0, 0, 0, 0, 0, 0, 0, 0, 0, 0, 0, 0, 0, 0, 0, 0, 0, 0]	[0, 0, 0, 0, 0, 0, 0, 0, 0, 0, 0, 0, 0, 0, 0, 0, 0, 0, 0, 0, 0, 0, 0, 0, 0, 0, 0, 0, 0, 0, 0, 0, 0, 0, 0, 0, 0, 0, 0, 0, 0, 0, 0, 0, 0, 0, 0, 0, 0, 0, 0, 0, 0, 0, 0, 0, 0, 0, 0, 0, 0, 0, 0, 0, 0]	[0, 0, 0, 0, 0, 0, 0, 0, 0, 0, 0, 0, 0, 0, 0, 0, 0, 0, 0, 0, 0, 0, 0, 0, 0, 0, 0, 0, 0, 0, 0, 0, 0, 0, 0, 0, 0, 0, 0, 0, 0, 0, 0, 0, 0, 0, 0, 0, 0, 0, 0, 0, 0, 0, 0, 0, 0, 0, 0, 0, 0, 0, 0, 0, 0]	[0.00023740000324323773, 0.011481800000183284, 0.02825740000116639, 0.04496369999833405, 0.06177129999559838, 0.07828220000374131, 0.09524860000237823, 0.1118170999980066, 0.1281581999937771, 0.14465390000259504, 0.1616814000008162, 0.1782136999972863, 0.19484769999689888, 0.21143680000386667, 0.22799250000389293, 0.24486890000116546, 0.26154189999215305, 0.27806329999293666, 0.2946760000049835, 0.3116260999959195, 0.32843039999715984, 0.3447689000022365, 0.36138000000210013, 0.3779632999940077, 0.39462239999556914, 0.4114179000025615, 0.4279393000033451, 0.4446207000000868, 0.4615555000054883, 0.4781038999935845, 0.4947577999992063, 0.5112798000045586, 0.5280454000021564, 0.5448676999949384, 0.5612252999999328, 0.5779076000035275, 0.5946285999962129, 0.6115055999980541, 0.6280815999925835, 0.6446815999952378, 0.6613046999991639, 0.6779702999920119, 0.6947190999926534, 0.7112401000049431, 0.727931899993564, 0.7446255999966525, 0.7611687000025995, 0.7779306000011275, 0.7945997999922838, 0.8112256000022171, 0.8279460999910953, 0.8448926999990363, 0.8613059999916004, 0.8779804999940097, 0.8945372000016505, 0.9112948999973014, 0.927830400003586, 0.9445049999922048, 0.9611815999960527, 0.9778672999964328, 0.9945082000049297, 1.011282299994491, 1.0278772000019671, 1.0447013999946648, 1.0612763999961317]	n/a	n/a	1.0	9b
150	5	go_nogo	0	60	8	go	click	[81.0, 81.0, 114.0, 145.0, 166.0, 184.0, 195.0, 202.0, 207.0, 211.0, 214.0, 220.0, 221.0, 221.0, 222.0, 222.0, 222.0, 222.0, 222.0, 222.0, 222.0, 222.0]	[-257.0, -257.0, -165.0, -71.0, 6.0, 75.0, 127.0, 165.0, 200.0, 224.0, 241.0, 263.0, 268.0, 273.0, 273.0, 273.0, 273.0, 273.0, 273.0, 273.0, 273.0, 273.0]	[0, 0, 0, 0, 0, 0, 0, 0, 0, 0, 0, 0, 0, 0, 0, 0, 0, 0, 0, 0, 0, 1]	[0, 0, 0, 0, 0, 0, 0, 0, 0, 0, 0, 0, 0, 0, 0, 0, 0, 0, 0, 0, 0, 0]	[0, 0, 0, 0, 0, 0, 0, 0, 0, 0, 0, 0, 0, 0, 0, 0, 0, 0, 0, 0, 0, 0]	[0.00020049999875482172, 0.010131399991223589, 0.0265711999963969, 0.04337569999916013, 0.05978589999722317, 0.07642189999751281, 0.09308659999805968, 0.11004179999872576, 0.12651919999916572, 0.14323339999828022, 0.16127769999729935, 0.17630510000162758, 0.19336969999130815, 0.2098344999976689, 0.2262604999996256, 0.24309969999012537, 0.2594269999972312, 0.276133999999729, 0.29281990000163205, 0.30955140000151005, 0.32626689999597147, 0.34306899999501184]	222.0	273.0	0.6	9b
151	5	go_nogo	0	60	3	go	click	[21.0, 21.0, 39.0, 62.0, 84.0, 100.0, 109.0, 121.0, 132.0, 146.0, 162.0, 172.0, 179.0, 180.0, 180.0, 181.0, 182.0, 184.0, 186.0, 190.0, 192.0, 193.0, 194.0, 194.0, 194.0, 194.0, 195.0, 195.0, 195.0]	[-261.0, -261.0, -185.0, -111.0, -44.0, 6.0, 37.0, 66.0, 99.0, 138.0, 177.0, 206.0, 223.0, 226.0, 229.0, 230.0, 232.0, 238.0, 245.0, 254.0, 263.0, 270.0, 271.0, 272.0, 275.0, 282.0, 288.0, 290.0, 290.0]	[0, 0, 0, 0, 0, 0, 0, 0, 0, 0, 0, 0, 0, 0, 0, 0, 0, 0, 0, 0, 0, 0, 0, 0, 0, 0, 0, 0, 1]	[0, 0, 0, 0, 0, 0, 0, 0, 0, 0, 0, 0, 0, 0, 0, 0, 0, 0, 0, 0, 0, 0, 0, 0, 0, 0, 0, 0, 0]	[0, 0, 0, 0, 0, 0, 0, 0, 0, 0, 0, 0, 0, 0, 0, 0, 0, 0, 0, 0, 0, 0, 0, 0, 0, 0, 0, 0, 0]	[0.00021129999367985874, 0.011088599989307113, 0.02761419999296777, 0.04413619999832008, 0.06110120000084862, 0.07787019999523181, 0.09428999999363441, 0.11061909999989439, 0.12776259999372996, 0.1442110999923898, 0.1608457999973325, 0.17754469999636058, 0.1952422999893315, 0.21080459999211598, 0.22777319999295287, 0.2437313999980688, 0.26078479998977855, 0.27720299999054987, 0.29403350000211503, 0.3108334999997169, 0.327381900002365, 0.3440371999895433, 0.3604510000004666, 0.377168699997128, 0.3942135999968741, 0.4105834999936633, 0.4273535999964224, 0.4436703999963356, 0.46067449999100063]	195.0	290.0	0.6	9b
152	5	go_nogo	0	60	4	go	click	[28.0, 28.0, 36.0, 65.0, 89.0, 114.0, 140.0, 160.0, 174.0, 183.0, 191.0, 194.0, 195.0, 195.0, 195.0, 195.0, 195.0, 195.0, 195.0, 195.0, 195.0, 195.0, 195.0, 195.0]	[-254.0, -254.0, -221.0, -97.0, -15.0, 71.0, 149.0, 223.0, 272.0, 303.0, 324.0, 337.0, 341.0, 341.0, 341.0, 341.0, 341.0, 341.0, 341.0, 341.0, 342.0, 342.0, 342.0, 342.0]	[0, 0, 0, 0, 0, 0, 0, 0, 0, 0, 0, 0, 0, 0, 0, 0, 0, 0, 0, 0, 0, 0, 0, 1]	[0, 0, 0, 0, 0, 0, 0, 0, 0, 0, 0, 0, 0, 0, 0, 0, 0, 0, 0, 0, 0, 0, 0, 0]	[0, 0, 0, 0, 0, 0, 0, 0, 0, 0, 0, 0, 0, 0, 0, 0, 0, 0, 0, 0, 0, 0, 0, 0]	[0.00023119999968912452, 0.011361400000168942, 0.02822079999896232, 0.04459649999625981, 0.06130049999046605, 0.0782098999916343, 0.0949001999979373, 0.11098929999570828, 0.1277455999952508, 0.14478029999008868, 0.16124489999492653, 0.1777445999905467, 0.19449329999042675, 0.2108756999950856, 0.22751209999842104, 0.24451969999063294, 0.2609185999899637, 0.27756309999676887, 0.2943943999998737, 0.3110294999933103, 0.3275285999989137, 0.34441989999322686, 0.36092409999400843, 0.3781861999887042]	195.0	342.0	0.7	9b
153	5	go_nogo	0	60	6	go	click	[65.0, 65.0, 80.0, 112.0, 155.0, 178.0, 195.0, 203.0, 208.0, 210.0, 210.0, 211.0, 211.0, 211.0, 211.0, 211.0, 211.0, 211.0, 211.0, 211.0, 211.0, 211.0, 211.0, 211.0]	[-173.0, -173.0, -124.0, -22.0, 118.0, 196.0, 253.0, 288.0, 310.0, 324.0, 326.0, 326.0, 326.0, 326.0, 326.0, 326.0, 326.0, 326.0, 326.0, 326.0, 326.0, 326.0, 326.0, 326.0]	[0, 0, 0, 0, 0, 0, 0, 0, 0, 0, 0, 0, 0, 0, 0, 0, 0, 0, 0, 0, 0, 0, 0, 1]	[0, 0, 0, 0, 0, 0, 0, 0, 0, 0, 0, 0, 0, 0, 0, 0, 0, 0, 0, 0, 0, 0, 0, 0]	[0, 0, 0, 0, 0, 0, 0, 0, 0, 0, 0, 0, 0, 0, 0, 0, 0, 0, 0, 0, 0, 0, 0, 0]	[0.0001903000083984807, 0.010906700001214631, 0.02748520000022836, 0.04421770000772085, 0.0607332000072347, 0.07754070000373758, 0.09464759999536909, 0.11123409999709111, 0.1275789000064833, 0.14410279999719933, 0.16098870000860188, 0.17723080000723712, 0.19416959999944083, 0.21067970000149217, 0.22723990000667982, 0.24387340000248514, 0.2607948000077158, 0.2772504000022309, 0.2938510999956634, 0.3105496000061976, 0.32725570000184234, 0.34392010000010487, 0.36069790000328794, 0.37790570000652224]	211.0	326.0	1.0	9b
154	5	go_nogo	0	60	1	nogo	none	[124.0, 124.0, 149.0, 189.0, 223.0, 248.0, 260.0, 268.0, 270.0, 274.0, 275.0, 275.0, 275.0, 275.0, 275.0, 275.0, 275.0, 275.0, 275.0, 274.0, 269.0, 263.0, 256.0, 252.0, 249.0, 248.0, 248.0, 248.0, 248.0, 248.0, 248.0, 248.0, 248.0, 248.0, 248.0, 248.0, 248.0, 248.0, 248.0, 248.0, 248.0, 248.0, 248.0, 248.0, 248.0, 248.0, 248.0, 248.0, 248.0, 248.0, 248.0, 248.0, 248.0, 248.0, 248.0, 248.0, 248.0, 248.0, 248.0, 248.0, 248.0, 248.0, 248.0, 248.0, 248.0, 248.0, 247.0, 244.0, 238.0, 221.0, 213.0, 213.0, 213.0, 213.0, 213.0, 213.0, 213.0, 213.0, 213.0, 213.0, 213.0, 213.0, 213.0, 213.0, 213.0, 213.0, 213.0, 213.0, 213.0, 213.0, 213.0, 213.0]	[-171.0, -171.0, -116.0, -8.0, 87.0, 158.0, 214.0, 270.0, 286.0, 311.0, 317.0, 319.0, 321.0, 324.0, 324.0, 324.0, 324.0, 324.0, 324.0, 324.0, 324.0, 324.0, 324.0, 322.0, 320.0, 320.0, 320.0, 320.0, 320.0, 319.0, 319.0, 319.0, 319.0, 319.0, 319.0, 319.0, 319.0, 319.0, 319.0, 319.0, 319.0, 319.0, 319.0, 319.0, 319.0, 319.0, 319.0, 319.0, 319.0, 319.0, 319.0, 319.0, 319.0, 319.0, 319.0, 319.0, 319.0, 319.0, 319.0, 319.0, 319.0, 319.0, 319.0, 319.0, 319.0, 319.0, 319.0, 321.0, 324.0, 322.0, 320.0, 320.0, 320.0, 320.0, 320.0, 320.0, 320.0, 320.0, 320.0, 320.0, 320.0, 320.0, 320.0, 320.0, 320.0, 320.0, 320.0, 320.0, 320.0, 320.0, 320.0, 320.0]	[0, 0, 0, 0, 0, 0, 0, 0, 0, 0, 0, 0, 0, 0, 0, 0, 0, 0, 0, 0, 0, 0, 0, 0, 0, 0, 0, 0, 0, 0, 0, 0, 0, 0, 0, 0, 0, 0, 0, 0, 0, 0, 0, 0, 0, 0, 0, 0, 0, 0, 0, 0, 0, 0, 0, 0, 0, 0, 0, 0, 0, 0, 0, 0, 0, 0, 0, 0, 0, 0, 0, 0, 0, 0, 0, 0, 0, 0, 0, 0, 0, 0, 0, 0, 0, 0, 0, 0, 0, 0, 0, 0]	[0, 0, 0, 0, 0, 0, 0, 0, 0, 0, 0, 0, 0, 0, 0, 0, 0, 0, 0, 0, 0, 0, 0, 0, 0, 0, 0, 0, 0, 0, 0, 0, 0, 0, 0, 0, 0, 0, 0, 0, 0, 0, 0, 0, 0, 0, 0, 0, 0, 0, 0, 0, 0, 0, 0, 0, 0, 0, 0, 0, 0, 0, 0, 0, 0, 0, 0, 0, 0, 0, 0, 0, 0, 0, 0, 0, 0, 0, 0, 0, 0, 0, 0, 0, 0, 0, 0, 0, 0, 0, 0, 0]	[0, 0, 0, 0, 0, 0, 0, 0, 0, 0, 0, 0, 0, 0, 0, 0, 0, 0, 0, 0, 0, 0, 0, 0, 0, 0, 0, 0, 0, 0, 0, 0, 0, 0, 0, 0, 0, 0, 0, 0, 0, 0, 0, 0, 0, 0, 0, 0, 0, 0, 0, 0, 0, 0, 0, 0, 0, 0, 0, 0, 0, 0, 0, 0, 0, 0, 0, 0, 0, 0, 0, 0, 0, 0, 0, 0, 0, 0, 0, 0, 0, 0, 0, 0, 0, 0, 0, 0, 0, 0, 0, 0]	[0.00019219999376218766, 0.010023299997556023, 0.026913299996522255, 0.04402729999856092, 0.06016679998720065, 0.07733789998746943, 0.09401399998751003, 0.11026119999587536, 0.12697749999642838, 0.14376789999369066, 0.15997239999705926, 0.1768669999873964, 0.19362429999455344, 0.21013680000032764, 0.2267029999929946, 0.2431390999990981, 0.26042679999955, 0.2765940999961458, 0.29349129999172874, 0.31050049999612384, 0.32671209999534767, 0.34351029999379534, 0.3599359999934677, 0.37722879998909775, 0.3936373999895295, 0.40993529999104794, 0.42672639999364037, 0.44312679998984095, 0.46019839998916723, 0.47664169999188744, 0.4932814999920083, 0.5102521999942837, 0.5265940999961458, 0.543261300001177, 0.5596967999881599, 0.5765504999872064, 0.593136899988167, 0.609782899991842, 0.6264904999989085, 0.6431665999989491, 0.6597703000006732, 0.6764993999968283, 0.6932686999934958, 0.7100684999895748, 0.7266973999940092, 0.7431722999899648, 0.7598704999982147, 0.7769345999986399, 0.7932188999984646, 0.809966999993776, 0.8265075999952387, 0.8431478999991668, 0.8599315999890678, 0.876401799992891, 0.8932902999949874, 0.9096649999992223, 0.9264056999963941, 0.9429474999924423, 0.9597604000009596, 0.9764016999979503, 0.9932603999914136, 1.009646899998188, 1.0264511999994284, 1.0430573999910848, 1.0598019999888493, 1.0766474999982165, 1.093159799987916, 1.1096070999919903, 1.1267190999933518, 1.1431412999954773, 1.1598121999995783, 1.1762452999973902, 1.192942999987281, 1.2097051999880932, 1.2263953999936348, 1.2429689999989932, 1.259791899996344, 1.2766667999967467, 1.2928099999990081, 1.3096668999933172, 1.3263733999920078, 1.342876199996681, 1.3595850999990944, 1.3762409999908414, 1.3931694999919273, 1.4095888000010746, 1.4261456999956863, 1.4428272999939509, 1.4592975999985356, 1.4762109000002965, 1.4929509999928996, 1.5095140999910655]	n/a	n/a	0.8	9b
155	5	go_nogo	0	60	4	go	click	[68.0, 68.0, 104.0, 119.0, 155.0, 172.0, 182.0, 187.0, 190.0, 196.0, 199.0, 202.0, 203.0, 204.0, 204.0, 204.0, 204.0, 204.0, 204.0, 204.0, 204.0, 204.0, 204.0, 204.0, 204.0, 204.0, 204.0]	[-202.0, -202.0, -110.0, -65.0, 54.0, 101.0, 134.0, 153.0, 170.0, 189.0, 208.0, 221.0, 232.0, 246.0, 249.0, 250.0, 250.0, 250.0, 250.0, 250.0, 252.0, 257.0, 261.0, 261.0, 261.0, 261.0, 261.0]	[0, 0, 0, 0, 0, 0, 0, 0, 0, 0, 0, 0, 0, 0, 0, 0, 0, 0, 0, 0, 0, 0, 0, 0, 0, 0, 1]	[0, 0, 0, 0, 0, 0, 0, 0, 0, 0, 0, 0, 0, 0, 0, 0, 0, 0, 0, 0, 0, 0, 0, 0, 0, 0, 0]	[0, 0, 0, 0, 0, 0, 0, 0, 0, 0, 0, 0, 0, 0, 0, 0, 0, 0, 0, 0, 0, 0, 0, 0, 0, 0, 0]	[0.00019690000044647604, 0.01230099999520462, 0.02847769999061711, 0.045314199989661574, 0.062285699998028576, 0.07875919999787584, 0.09580629999982193, 0.112145099992631, 0.12854809999407735, 0.14571549999527633, 0.16193629999179393, 0.17852459999267012, 0.19563069999276195, 0.21209739999903832, 0.22860459999355953, 0.24542389999260195, 0.2617739999986952, 0.27848989999620244, 0.2953059999999823, 0.3118660999898566, 0.32886159999179654, 0.3451933999895118, 0.36178939999081194, 0.37883299999521114, 0.3952902000019094, 0.41192399999999907, 0.4286509999947157]	204.0	261.0	0.9	9b
156	5	go_nogo	0	60	8	go	click	[34.0, 34.0, 61.0, 87.0, 111.0, 133.0, 149.0, 161.0, 171.0, 181.0, 189.0, 201.0, 207.0, 210.0, 210.0, 210.0, 210.0, 210.0, 210.0, 210.0, 210.0, 210.0, 210.0, 210.0, 210.0]	[-237.0, -237.0, -155.0, -76.0, 2.0, 69.0, 122.0, 161.0, 197.0, 230.0, 257.0, 291.0, 314.0, 327.0, 328.0, 328.0, 328.0, 328.0, 328.0, 328.0, 328.0, 328.0, 328.0, 328.0, 328.0]	[0, 0, 0, 0, 0, 0, 0, 0, 0, 0, 0, 0, 0, 0, 0, 0, 0, 0, 0, 0, 0, 0, 0, 0, 1]	[0, 0, 0, 0, 0, 0, 0, 0, 0, 0, 0, 0, 0, 0, 0, 0, 0, 0, 0, 0, 0, 0, 0, 0, 0]	[0, 0, 0, 0, 0, 0, 0, 0, 0, 0, 0, 0, 0, 0, 0, 0, 0, 0, 0, 0, 0, 0, 0, 0, 0]	[0.00019589999283198267, 0.011975000001257285, 0.02832029999990482, 0.04498310000053607, 0.06194250000407919, 0.0786350999987917, 0.09533499999088235, 0.11217239999677986, 0.12848839999060147, 0.14520499999343883, 0.16182259999914095, 0.17869190000055823, 0.19571499999437947, 0.21208820000174455, 0.22845549999328796, 0.24489649999304675, 0.2614040000044042, 0.2782353999937186, 0.29483299999265, 0.31173499999567866, 0.3283247999934247, 0.34498949999397155, 0.3616555999906268, 0.378228699992178, 0.39504780000424944]	210.0	328.0	0.5	9b
157	5	go_nogo	0	60	8	go	click	[22.0, 22.0, 32.0, 48.0, 73.0, 103.0, 131.0, 146.0, 153.0, 155.0, 155.0, 155.0, 155.0, 155.0, 155.0, 155.0, 155.0, 155.0, 155.0, 155.0, 155.0, 155.0, 155.0, 155.0, 155.0]	[-248.0, -248.0, -167.0, -83.0, 2.0, 89.0, 165.0, 215.0, 244.0, 254.0, 254.0, 254.0, 254.0, 254.0, 254.0, 254.0, 254.0, 254.0, 254.0, 254.0, 254.0, 254.0, 254.0, 254.0, 254.0]	[0, 0, 0, 0, 0, 0, 0, 0, 0, 0, 0, 0, 0, 0, 0, 0, 0, 0, 0, 0, 0, 0, 0, 0, 1]	[0, 0, 0, 0, 0, 0, 0, 0, 0, 0, 0, 0, 0, 0, 0, 0, 0, 0, 0, 0, 0, 0, 0, 0, 0]	[0, 0, 0, 0, 0, 0, 0, 0, 0, 0, 0, 0, 0, 0, 0, 0, 0, 0, 0, 0, 0, 0, 0, 0, 0]	[0.00010220000694971532, 0.01280120000592433, 0.02963129999989178, 0.04616640000313055, 0.06309070000133943, 0.07962370000313967, 0.09635020000860095, 0.11296840000431985, 0.1296349000040209, 0.14616319999913685, 0.16268190000846516, 0.17940069999895059, 0.19593680000980385, 0.21267370000714436, 0.22948740000720136, 0.24604290000570472, 0.26295760000357404, 0.2794237000052817, 0.29615819999889936, 0.3127138999989256, 0.3293063000019174, 0.346178100007819, 0.36259430000791326, 0.3795003999985056, 0.39612960000522435]	155.0	254.0	0.9	9b
158	5	go_nogo	0	60	8	go	click	[42.0, 42.0, 83.0, 119.0, 146.0, 163.0, 172.0, 175.0, 178.0, 182.0, 187.0, 193.0, 197.0, 198.0, 199.0, 199.0, 199.0, 199.0, 199.0, 199.0, 199.0, 199.0, 199.0]	[-272.0, -272.0, -157.0, -35.0, 74.0, 157.0, 227.0, 250.0, 263.0, 276.0, 289.0, 303.0, 313.0, 318.0, 318.0, 318.0, 318.0, 318.0, 318.0, 320.0, 320.0, 320.0, 320.0]	[0, 0, 0, 0, 0, 0, 0, 0, 0, 0, 0, 0, 0, 0, 0, 0, 0, 0, 0, 0, 0, 0, 1]	[0, 0, 0, 0, 0, 0, 0, 0, 0, 0, 0, 0, 0, 0, 0, 0, 0, 0, 0, 0, 0, 0, 0]	[0, 0, 0, 0, 0, 0, 0, 0, 0, 0, 0, 0, 0, 0, 0, 0, 0, 0, 0, 0, 0, 0, 0]	[0.00010340000153519213, 0.013138900001649745, 0.029687900008866563, 0.0464611000061268, 0.06303730000217911, 0.07979130001331214, 0.09649429999990389, 0.1129646000044886, 0.12943930001347326, 0.14615290000801906, 0.16296230000443757, 0.1795552000112366, 0.19622230000095442, 0.2131540000118548, 0.22967800000333227, 0.24634130000777077, 0.26298750001296867, 0.2795481000066502, 0.296738600009121, 0.312853700001142, 0.32974830000603106, 0.3462696000060532, 0.3631222000112757]	199.0	320.0	0.6	9b
159	5	go_nogo	0	60	2	go	click	[17.0, 17.0, 38.0, 63.0, 91.0, 126.0, 165.0, 197.0, 216.0, 228.0, 233.0, 233.0, 233.0, 233.0, 233.0, 233.0, 233.0, 233.0, 233.0, 233.0, 233.0, 233.0, 233.0, 233.0, 233.0]	[-296.0, -296.0, -241.0, -173.0, -98.0, 17.0, 140.0, 220.0, 271.0, 299.0, 309.0, 310.0, 310.0, 310.0, 310.0, 310.0, 310.0, 310.0, 310.0, 310.0, 310.0, 310.0, 310.0, 310.0, 310.0]	[0, 0, 0, 0, 0, 0, 0, 0, 0, 0, 0, 0, 0, 0, 0, 0, 0, 0, 0, 0, 0, 0, 0, 0, 1]	[0, 0, 0, 0, 0, 0, 0, 0, 0, 0, 0, 0, 0, 0, 0, 0, 0, 0, 0, 0, 0, 0, 0, 0, 0]	[0, 0, 0, 0, 0, 0, 0, 0, 0, 0, 0, 0, 0, 0, 0, 0, 0, 0, 0, 0, 0, 0, 0, 0, 0]	[7.769999501761049e-05, 0.011952499990002252, 0.02830909998738207, 0.045468899988918565, 0.06209619999572169, 0.07857119999243878, 0.09523199999239296, 0.11198209998838138, 0.12843669998983387, 0.14534099999582395, 0.1618945999944117, 0.17842240000027232, 0.1954020999983186, 0.21199019999767188, 0.228387199997087, 0.24524839999503456, 0.26207489999069367, 0.27865169999131467, 0.2951467999955639, 0.31192239999654703, 0.32871549999981653, 0.345065399989835, 0.36186520000046585, 0.3785739000013564, 0.3951824999967357]	233.0	310.0	1.0	9b
160	5	go_nogo	0	60	4	go	click	[-4.0, 4.0, 12.0, 22.0, 30.0, 37.0, 48.0, 62.0, 87.0, 112.0, 148.0, 162.0, 174.0, 178.0, 179.0, 179.0, 179.0, 179.0, 179.0, 178.0, 177.0, 177.0, 177.0, 179.0, 182.0, 185.0, 186.0, 186.0, 186.0]	[-288.0, -260.0, -231.0, -200.0, -177.0, -158.0, -130.0, -95.0, -27.0, 44.0, 141.0, 188.0, 219.0, 236.0, 243.0, 244.0, 246.0, 247.0, 252.0, 256.0, 258.0, 260.0, 265.0, 295.0, 323.0, 344.0, 349.0, 349.0, 349.0]	[0, 0, 0, 0, 0, 0, 0, 0, 0, 0, 0, 0, 0, 0, 0, 0, 0, 0, 0, 0, 0, 0, 0, 0, 0, 0, 0, 0, 1]	[0, 0, 0, 0, 0, 0, 0, 0, 0, 0, 0, 0, 0, 0, 0, 0, 0, 0, 0, 0, 0, 0, 0, 0, 0, 0, 0, 0, 0]	[0, 0, 0, 0, 0, 0, 0, 0, 0, 0, 0, 0, 0, 0, 0, 0, 0, 0, 0, 0, 0, 0, 0, 0, 0, 0, 0, 0, 0]	[8.319999324157834e-05, 0.009887599997455254, 0.026700299989897758, 0.04346549999900162, 0.06003519998921547, 0.07659669998975005, 0.09327139999368228, 0.10992519999854267, 0.1268071999948006, 0.14341379998950288, 0.16057870000076946, 0.1775368999951752, 0.19332069999654777, 0.209834299996146, 0.2264520999888191, 0.2432686999964062, 0.2602135999914026, 0.2766408999887062, 0.29332979999890085, 0.310106499993708, 0.32661069999448955, 0.3431251000001794, 0.36000590000185184, 0.3772710999910487, 0.3938225999881979, 0.4100229999894509, 0.42664700000023004, 0.44319809999433346, 0.4600956999929622]	186.0	349.0	1.0	9b
161	5	go_nogo	0	60	7	go	click	[47.0, 47.0, 56.0, 76.0, 92.0, 115.0, 150.0, 169.0, 172.0, 172.0, 172.0, 172.0, 172.0, 172.0, 172.0, 172.0, 172.0, 172.0, 172.0, 173.0, 178.0, 183.0, 188.0, 190.0, 191.0, 191.0, 191.0, 191.0, 191.0, 191.0]	[-242.0, -242.0, -202.0, -132.0, -78.0, -12.0, 103.0, 162.0, 188.0, 192.0, 192.0, 192.0, 192.0, 192.0, 192.0, 192.0, 192.0, 192.0, 192.0, 197.0, 221.0, 257.0, 289.0, 312.0, 323.0, 325.0, 326.0, 326.0, 326.0, 326.0]	[0, 0, 0, 0, 0, 0, 0, 0, 0, 0, 0, 0, 0, 0, 0, 0, 0, 0, 0, 0, 0, 0, 0, 0, 0, 0, 0, 0, 0, 1]	[0, 0, 0, 0, 0, 0, 0, 0, 0, 0, 0, 0, 0, 0, 0, 0, 0, 0, 0, 0, 0, 0, 0, 0, 0, 0, 0, 0, 0, 0]	[0, 0, 0, 0, 0, 0, 0, 0, 0, 0, 0, 0, 0, 0, 0, 0, 0, 0, 0, 0, 0, 0, 0, 0, 0, 0, 0, 0, 0, 0]	[0.00018730000010691583, 0.010993700008839369, 0.02749710000352934, 0.04457550001097843, 0.06114630000956822, 0.07788010001240764, 0.09441560000414029, 0.111461300009978, 0.1278232000040589, 0.1444659000117099, 0.1609867000079248, 0.17771139999968, 0.19417440000688657, 0.21097759999975096, 0.2281214000104228, 0.24453610001364723, 0.26111540000420064, 0.27762960000836756, 0.2948909000115236, 0.31133470000349917, 0.3279058000043733, 0.3442639999993844, 0.361079599999357, 0.3776149000041187, 0.3943669000000227, 0.4110056000063196, 0.4273779000068316, 0.4443075000017416, 0.46077320000040345, 0.4779929000069387]	191.0	326.0	0.6	9b
162	5	go_nogo	0	60	3	go	click	[85.0, 85.0, 106.0, 136.0, 156.0, 170.0, 184.0, 188.0, 191.0, 192.0, 192.0, 192.0, 193.0, 193.0, 193.0, 193.0, 193.0, 193.0, 193.0, 193.0, 193.0, 193.0, 194.0, 195.0, 195.0, 195.0, 195.0, 195.0, 195.0]	[-178.0, -178.0, -127.0, -40.0, 25.0, 72.0, 122.0, 145.0, 160.0, 170.0, 175.0, 180.0, 185.0, 192.0, 193.0, 194.0, 195.0, 198.0, 206.0, 232.0, 252.0, 266.0, 273.0, 277.0, 280.0, 280.0, 280.0, 280.0, 280.0]	[0, 0, 0, 0, 0, 0, 0, 0, 0, 0, 0, 0, 0, 0, 0, 0, 0, 0, 0, 0, 0, 0, 0, 0, 0, 0, 0, 0, 1]	[0, 0, 0, 0, 0, 0, 0, 0, 0, 0, 0, 0, 0, 0, 0, 0, 0, 0, 0, 0, 0, 0, 0, 0, 0, 0, 0, 0, 0]	[0, 0, 0, 0, 0, 0, 0, 0, 0, 0, 0, 0, 0, 0, 0, 0, 0, 0, 0, 0, 0, 0, 0, 0, 0, 0, 0, 0, 0]	[0.00019320000137668103, 0.01024150000012014, 0.02700310001091566, 0.04378110000106972, 0.06078110000817105, 0.07713030000741128, 0.09392810000281315, 0.11090640000475105, 0.1272754000092391, 0.1440535000001546, 0.1606278000108432, 0.17718250000325497, 0.19401700000162236, 0.21037330001126975, 0.22704860000521876, 0.24378180000348948, 0.2604377000097884, 0.2770930000115186, 0.29381329999887384, 0.31054770000628196, 0.3273669000045629, 0.3437772000033874, 0.36058150000462774, 0.3771069000067655, 0.39346950000617653, 0.4102405000012368, 0.4268502000049921, 0.44348919999902137, 0.4609171000047354]	195.0	280.0	0.5	9b
163	5	go_nogo	0	60	7	go	click	[56.0, 56.0, 70.0, 107.0, 156.0, 185.0, 202.0, 210.0, 216.0, 219.0, 221.0, 224.0, 224.0, 224.0, 224.0, 224.0, 224.0, 224.0, 224.0, 224.0, 224.0, 224.0, 224.0, 224.0, 224.0]	[-214.0, -214.0, -176.0, -76.0, 68.0, 147.0, 195.0, 226.0, 244.0, 252.0, 256.0, 261.0, 263.0, 264.0, 264.0, 264.0, 266.0, 274.0, 286.0, 295.0, 299.0, 300.0, 300.0, 300.0, 300.0]	[0, 0, 0, 0, 0, 0, 0, 0, 0, 0, 0, 0, 0, 0, 0, 0, 0, 0, 0, 0, 0, 0, 0, 0, 1]	[0, 0, 0, 0, 0, 0, 0, 0, 0, 0, 0, 0, 0, 0, 0, 0, 0, 0, 0, 0, 0, 0, 0, 0, 0]	[0, 0, 0, 0, 0, 0, 0, 0, 0, 0, 0, 0, 0, 0, 0, 0, 0, 0, 0, 0, 0, 0, 0, 0, 0]	[0.00019099999917671084, 0.012133399999584071, 0.02866510000603739, 0.0462283000088064, 0.06218950000766199, 0.07916500000283122, 0.09576380001090001, 0.11218920000828803, 0.1287163000088185, 0.14540500000293832, 0.16207150000263937, 0.17874890001257882, 0.1954837000084808, 0.21184200000425335, 0.2284407000115607, 0.245099100007792, 0.26227180000569206, 0.27875360001053195, 0.2955215000110911, 0.31216370000038296, 0.3287031000072602, 0.34538320000865497, 0.3620025000127498, 0.3785432000004221, 0.39551420000498183]	224.0	300.0	0.8	9b
164	5	go_nogo	0	60	2	go	click	[44.0, 44.0, 78.0, 115.0, 157.0, 186.0, 204.0, 209.0, 212.0, 212.0, 212.0, 212.0, 212.0, 212.0, 212.0, 212.0, 212.0, 212.0, 212.0, 212.0, 212.0, 212.0, 212.0, 212.0, 212.0, 212.0, 212.0, 212.0, 212.0, 212.0, 212.0, 212.0, 212.0, 212.0, 212.0, 212.0, 212.0, 212.0, 212.0, 212.0, 212.0, 212.0, 212.0, 212.0, 212.0, 212.0, 212.0, 212.0, 211.0, 210.0, 206.0, 204.0, 204.0, 204.0, 204.0, 204.0]	[-246.0, -246.0, -121.0, 9.0, 136.0, 246.0, 311.0, 350.0, 369.0, 374.0, 375.0, 375.0, 375.0, 376.0, 376.0, 376.0, 376.0, 376.0, 376.0, 376.0, 376.0, 376.0, 376.0, 375.0, 370.0, 368.0, 367.0, 366.0, 366.0, 366.0, 366.0, 366.0, 366.0, 366.0, 366.0, 366.0, 366.0, 366.0, 366.0, 366.0, 366.0, 366.0, 366.0, 366.0, 366.0, 366.0, 363.0, 360.0, 355.0, 341.0, 324.0, 314.0, 311.0, 311.0, 310.0, 310.0]	[0, 0, 0, 0, 0, 0, 0, 0, 0, 0, 0, 0, 0, 0, 0, 0, 0, 0, 0, 0, 0, 0, 0, 0, 0, 0, 0, 0, 0, 0, 0, 0, 0, 0, 0, 0, 0, 0, 1, 1, 1, 1, 1, 0, 0, 0, 0, 0, 0, 0, 0, 0, 0, 0, 0, 1]	[0, 0, 0, 0, 0, 0, 0, 0, 0, 0, 0, 0, 0, 0, 0, 0, 0, 0, 0, 0, 0, 0, 0, 0, 0, 0, 0, 0, 0, 0, 0, 0, 0, 0, 0, 0, 0, 0, 0, 0, 0, 0, 0, 0, 0, 0, 0, 0, 0, 0, 0, 0, 0, 0, 0, 0]	[0, 0, 0, 0, 0, 0, 0, 0, 0, 0, 0, 0, 0, 0, 0, 0, 0, 0, 0, 0, 0, 0, 0, 0, 0, 0, 0, 0, 0, 0, 0, 0, 0, 0, 0, 0, 0, 0, 0, 0, 0, 0, 0, 0, 0, 0, 0, 0, 0, 0, 0, 0, 0, 0, 0, 0]	[0.00021600000036414713, 0.009528399998089299, 0.02653190000273753, 0.042973100004019216, 0.05984129999706056, 0.07638949999818578, 0.09331810000003316, 0.10979970000335015, 0.1263972000015201, 0.14297050000459421, 0.159345599997323, 0.17616410000482574, 0.19272200000705197, 0.209350799996173, 0.2261348000029102, 0.24275469999702182, 0.2594443999987561, 0.27602020000631455, 0.2928433000051882, 0.3097194000001764, 0.3262416000070516, 0.3428921000013361, 0.3595882000081474, 0.3764565000019502, 0.39298930000222754, 0.40959209999709856, 0.4262909000099171, 0.4427927000069758, 0.4594785000081174, 0.47627149999607354, 0.4928097000083653, 0.5094592999957968, 0.5261073000001488, 0.5426258000079542, 0.5593364000087604, 0.5761008999979822, 0.5927175999968313, 0.6094357999972999, 0.6264812000008533, 0.642783999996027, 0.6595001999958185, 0.6759156000043731, 0.6925731000083033, 0.7097393000003649, 0.726127700007055, 0.7429567000071984, 0.7594835000054445, 0.7760494999965886, 0.7927343000046676, 0.8097080000006827, 0.8266987999959383, 0.8427824000100372, 0.8593357000063406, 0.8760133000032511, 0.8928300999978092, 0.910289899999043]	204.0	310.0	0.5	9b
165	5	go_nogo	0	60	3	go	click	[49.0, 66.0, 77.0, 87.0, 87.0, 83.0, 80.0, 80.0, 82.0, 88.0, 96.0, 98.0, 100.0, 101.0, 101.0, 101.0, 101.0, 101.0, 102.0, 105.0, 109.0, 116.0, 120.0, 127.0, 132.0, 134.0, 138.0, 146.0, 152.0, 158.0, 161.0, 162.0, 162.0, 163.0, 163.0, 164.0, 166.0, 167.0, 167.0]	[-261.0, -222.0, -185.0, -131.0, -89.0, -51.0, -8.0, 27.0, 61.0, 92.0, 129.0, 148.0, 164.0, 172.0, 173.0, 173.0, 173.0, 173.0, 174.0, 179.0, 187.0, 197.0, 206.0, 216.0, 221.0, 227.0, 233.0, 242.0, 252.0, 261.0, 264.0, 265.0, 265.0, 265.0, 265.0, 268.0, 273.0, 276.0, 277.0]	[0, 0, 0, 0, 0, 0, 0, 0, 0, 0, 0, 0, 0, 0, 0, 0, 0, 0, 0, 0, 0, 0, 0, 0, 0, 0, 0, 0, 0, 0, 0, 0, 0, 0, 0, 0, 0, 0, 1]	[0, 0, 0, 0, 0, 0, 0, 0, 0, 0, 0, 0, 0, 0, 0, 0, 0, 0, 0, 0, 0, 0, 0, 0, 0, 0, 0, 0, 0, 0, 0, 0, 0, 0, 0, 0, 0, 0, 0]	[0, 0, 0, 0, 0, 0, 0, 0, 0, 0, 0, 0, 0, 0, 0, 0, 0, 0, 0, 0, 0, 0, 0, 0, 0, 0, 0, 0, 0, 0, 0, 0, 0, 0, 0, 0, 0, 0, 0]	[8.13999940874055e-05, 0.010440700003528036, 0.027001199996448122, 0.04364780000469182, 0.060572999995201826, 0.07722859999921639, 0.09372030000668019, 0.11033840000163764, 0.12707550000050105, 0.14373720000730827, 0.16041310000582598, 0.17775149999943096, 0.19381549999525305, 0.21021319999999832, 0.22679169999901205, 0.24353310000151396, 0.2601384000008693, 0.27705750000313856, 0.29365219999453984, 0.31037029999424703, 0.32691170000180136, 0.34358919999795035, 0.360051099996781, 0.3771351000032155, 0.3933478999970248, 0.41018229999463074, 0.42689729999983683, 0.4436734000046272, 0.46019470000464935, 0.476809100000537, 0.49365129999932833, 0.5101868000056129, 0.5269146000064211, 0.5431515999953263, 0.5601765000028536, 0.5767921000078786, 0.5936103999993065, 0.6103696000063792, 0.6270575999951689]	167.0	277.0	1.0	9b
166	5	go_nogo	0	60	6	go	click	[91.0, 91.0, 109.0, 143.0, 182.0, 202.0, 218.0, 228.0, 234.0, 237.0, 238.0, 238.0, 239.0, 239.0, 240.0, 240.0, 240.0, 240.0, 240.0, 240.0, 239.0, 239.0, 239.0, 239.0, 239.0]	[-210.0, -210.0, -156.0, -57.0, 66.0, 132.0, 189.0, 224.0, 245.0, 255.0, 259.0, 262.0, 265.0, 272.0, 274.0, 275.0, 275.0, 275.0, 275.0, 280.0, 286.0, 288.0, 289.0, 289.0, 289.0]	[0, 0, 0, 0, 0, 0, 0, 0, 0, 0, 0, 0, 0, 0, 0, 0, 0, 0, 0, 0, 0, 0, 0, 0, 1]	[0, 0, 0, 0, 0, 0, 0, 0, 0, 0, 0, 0, 0, 0, 0, 0, 0, 0, 0, 0, 0, 0, 0, 0, 0]	[0, 0, 0, 0, 0, 0, 0, 0, 0, 0, 0, 0, 0, 0, 0, 0, 0, 0, 0, 0, 0, 0, 0, 0, 0]	[0.00025719999393913895, 0.010975800003507175, 0.027691900002537295, 0.04419919999781996, 0.06089389999397099, 0.07799400000658352, 0.09447359999467153, 0.1106757999950787, 0.12749810000241268, 0.1445376000046963, 0.1613366999954451, 0.17742940000607632, 0.1941515999933472, 0.21099089999916032, 0.2278539999970235, 0.24422120000235736, 0.2606196999986423, 0.2774746000068262, 0.2948275999951875, 0.3106617000012193, 0.3277894000057131, 0.34392709999519866, 0.3605336000036914, 0.3770980999979656, 0.39406639999651816]	239.0	289.0	0.8	9b
167	5	go_nogo	0	60	8	go	click	[39.0, 51.0, 63.0, 93.0, 126.0, 154.0, 180.0, 188.0, 194.0, 198.0, 201.0, 203.0, 205.0, 205.0, 205.0, 205.0, 205.0, 205.0, 205.0, 206.0, 206.0, 206.0, 206.0]	[-293.0, -267.0, -230.0, -139.0, -44.0, 50.0, 162.0, 199.0, 220.0, 233.0, 246.0, 257.0, 270.0, 275.0, 275.0, 275.0, 275.0, 275.0, 277.0, 282.0, 286.0, 287.0, 287.0]	[0, 0, 0, 0, 0, 0, 0, 0, 0, 0, 0, 0, 0, 0, 0, 0, 0, 0, 0, 0, 0, 0, 1]	[0, 0, 0, 0, 0, 0, 0, 0, 0, 0, 0, 0, 0, 0, 0, 0, 0, 0, 0, 0, 0, 0, 0]	[0, 0, 0, 0, 0, 0, 0, 0, 0, 0, 0, 0, 0, 0, 0, 0, 0, 0, 0, 0, 0, 0, 0]	[0.00026840000646188855, 0.01150920000509359, 0.028078800009097904, 0.044708000001264736, 0.06145210000977386, 0.07818860000406858, 0.09546419999969658, 0.11209589999634773, 0.12841699999989942, 0.14466449999599718, 0.16141450000577606, 0.17821090000506956, 0.19496860000072047, 0.21133710000140127, 0.22767300000123214, 0.24447060000966303, 0.26103200000943616, 0.27783479999925476, 0.29492149999714456, 0.3113184999965597, 0.32809670000278857, 0.34468090000154916, 0.36193050000292715]	206.0	287.0	1.0	9b
168	5	go_nogo	0	60	7	go	click	[27.0, 27.0, 49.0, 73.0, 100.0, 130.0, 151.0, 162.0, 165.0, 165.0, 165.0, 165.0, 165.0, 165.0, 165.0, 165.0, 165.0, 165.0, 165.0, 165.0, 165.0, 166.0, 166.0, 166.0]	[-231.0, -231.0, -146.0, -42.0, 83.0, 196.0, 269.0, 299.0, 305.0, 305.0, 305.0, 305.0, 305.0, 305.0, 305.0, 305.0, 305.0, 305.0, 305.0, 305.0, 305.0, 306.0, 306.0, 306.0]	[0, 0, 0, 0, 0, 0, 0, 0, 0, 0, 0, 0, 0, 0, 0, 0, 0, 0, 0, 0, 0, 0, 0, 1]	[0, 0, 0, 0, 0, 0, 0, 0, 0, 0, 0, 0, 0, 0, 0, 0, 0, 0, 0, 0, 0, 0, 0, 0]	[0, 0, 0, 0, 0, 0, 0, 0, 0, 0, 0, 0, 0, 0, 0, 0, 0, 0, 0, 0, 0, 0, 0, 0]	[0.00010809999366756529, 0.011505699992994778, 0.027629499993054196, 0.044425200001569465, 0.06146199999784585, 0.07793289999244735, 0.09464290000323672, 0.11145029999897815, 0.12771309999516234, 0.14445870000054128, 0.16104979999363422, 0.17774159999680705, 0.19440670000039972, 0.21108059999824036, 0.22761349999927916, 0.2444011000043247, 0.26083319999452215, 0.2777194999944186, 0.2943803999951342, 0.31104889999551233, 0.3279366999922786, 0.34441429999424145, 0.36104999999224674, 0.37762519999523647]	166.0	306.0	0.6	9b
169	5	go_nogo	0	60	4	go	click	[37.0, 37.0, 50.0, 88.0, 115.0, 140.0, 149.0, 155.0, 163.0, 172.0, 183.0, 194.0, 199.0, 202.0, 202.0, 202.0, 202.0, 202.0, 202.0, 202.0, 204.0, 204.0, 204.0, 204.0, 204.0]	[-226.0, -226.0, -177.0, -31.0, 51.0, 119.0, 149.0, 167.0, 186.0, 206.0, 233.0, 258.0, 272.0, 277.0, 279.0, 279.0, 279.0, 279.0, 279.0, 281.0, 285.0, 287.0, 287.0, 287.0, 287.0]	[0, 0, 0, 0, 0, 0, 0, 0, 0, 0, 0, 0, 0, 0, 0, 0, 0, 0, 0, 0, 0, 0, 0, 0, 1]	[0, 0, 0, 0, 0, 0, 0, 0, 0, 0, 0, 0, 0, 0, 0, 0, 0, 0, 0, 0, 0, 0, 0, 0, 0]	[0, 0, 0, 0, 0, 0, 0, 0, 0, 0, 0, 0, 0, 0, 0, 0, 0, 0, 0, 0, 0, 0, 0, 0, 0]	[0.00018909999926108867, 0.010477299991180189, 0.02710389999265317, 0.043733099999371916, 0.06087359999946784, 0.07753860000229906, 0.09395650000078604, 0.11035229999106377, 0.12744899999233894, 0.14368009999452624, 0.16026229999260977, 0.1777624999958789, 0.19387479999568313, 0.2103612999926554, 0.22697489999700338, 0.2435447000025306, 0.2602243000001181, 0.2769434999936493, 0.2935261999955401, 0.31053780000365805, 0.3272510999959195, 0.34375299999373965, 0.3601102999964496, 0.3769259999971837, 0.39406819999567233]	204.0	287.0	0.8	9b
170	5	go_nogo	0	60	2	go	click	[42.0, 42.0, 51.0, 60.0, 73.0, 90.0, 102.0, 110.0, 118.0, 125.0, 131.0, 134.0, 144.0, 153.0, 157.0, 158.0, 158.0, 158.0, 159.0, 161.0, 165.0, 169.0, 172.0, 174.0, 177.0, 179.0, 182.0, 183.0, 184.0, 184.0, 184.0]	[-263.0, -263.0, -189.0, -116.0, -45.0, 12.0, 51.0, 84.0, 113.0, 132.0, 155.0, 162.0, 190.0, 212.0, 222.0, 224.0, 224.0, 224.0, 224.0, 226.0, 230.0, 237.0, 242.0, 246.0, 251.0, 257.0, 262.0, 267.0, 267.0, 267.0, 267.0]	[0, 0, 0, 0, 0, 0, 0, 0, 0, 0, 0, 0, 0, 0, 0, 0, 0, 0, 0, 0, 0, 0, 0, 0, 0, 0, 0, 0, 0, 0, 1]	[0, 0, 0, 0, 0, 0, 0, 0, 0, 0, 0, 0, 0, 0, 0, 0, 0, 0, 0, 0, 0, 0, 0, 0, 0, 0, 0, 0, 0, 0, 0]	[0, 0, 0, 0, 0, 0, 0, 0, 0, 0, 0, 0, 0, 0, 0, 0, 0, 0, 0, 0, 0, 0, 0, 0, 0, 0, 0, 0, 0, 0, 0]	[7.650000043213367e-05, 0.011415200002375059, 0.027144899999257177, 0.04392129999177996, 0.06059179999283515, 0.07717379998939577, 0.09392829998978414, 0.11037999999825843, 0.12704709998797625, 0.14388350000081118, 0.16072619998885784, 0.1772305999911623, 0.19388779999280814, 0.2107668999960879, 0.22731089999433607, 0.24375349999172613, 0.2607461000006879, 0.2775095999968471, 0.29387470000074245, 0.31036809999204706, 0.32710450000013225, 0.3439049000007799, 0.360568099989905, 0.37792509999417234, 0.3938235999958124, 0.4106742000003578, 0.4273357999918517, 0.44414469999901485, 0.4602898000011919, 0.4770575000002282, 0.493964599998435]	184.0	267.0	0.6	9b
171	5	go_nogo	0	60	9	nogo	none	[51.0, 51.0, 66.0, 95.0, 128.0, 161.0, 189.0, 211.0, 215.0, 221.0, 228.0, 233.0, 237.0, 239.0, 240.0, 241.0, 242.0, 242.0, 242.0, 242.0, 243.0, 243.0, 243.0, 243.0, 243.0, 243.0, 243.0, 243.0, 243.0, 243.0, 243.0, 243.0, 243.0, 243.0, 243.0, 243.0, 243.0, 243.0, 243.0, 243.0, 243.0, 243.0, 243.0, 243.0, 243.0, 243.0, 243.0, 243.0, 243.0, 243.0, 243.0, 243.0, 243.0, 243.0, 243.0, 243.0, 243.0, 243.0, 243.0, 243.0, 243.0, 243.0]	[-244.0, -244.0, -195.0, -97.0, -6.0, 85.0, 161.0, 222.0, 239.0, 252.0, 268.0, 283.0, 293.0, 298.0, 303.0, 307.0, 308.0, 308.0, 309.0, 309.0, 311.0, 313.0, 313.0, 313.0, 313.0, 313.0, 313.0, 313.0, 313.0, 313.0, 313.0, 313.0, 313.0, 313.0, 313.0, 313.0, 313.0, 313.0, 313.0, 313.0, 313.0, 313.0, 313.0, 313.0, 313.0, 313.0, 313.0, 313.0, 313.0, 313.0, 313.0, 313.0, 313.0, 313.0, 313.0, 313.0, 313.0, 313.0, 313.0, 313.0, 313.0, 313.0]	[0, 0, 0, 0, 0, 0, 0, 0, 0, 0, 0, 0, 0, 0, 0, 0, 0, 0, 0, 0, 0, 0, 0, 0, 0, 0, 0, 0, 0, 0, 0, 0, 0, 0, 0, 0, 0, 0, 0, 0, 0, 0, 0, 0, 0, 0, 0, 0, 0, 0, 0, 0, 0, 0, 0, 0, 0, 0, 0, 0, 0, 0]	[0, 0, 0, 0, 0, 0, 0, 0, 0, 0, 0, 0, 0, 0, 0, 0, 0, 0, 0, 0, 0, 0, 0, 0, 0, 0, 0, 0, 0, 0, 0, 0, 0, 0, 0, 0, 0, 0, 0, 0, 0, 0, 0, 0, 0, 0, 0, 0, 0, 0, 0, 0, 0, 0, 0, 0, 0, 0, 0, 0, 0, 0]	[0, 0, 0, 0, 0, 0, 0, 0, 0, 0, 0, 0, 0, 0, 0, 0, 0, 0, 0, 0, 0, 0, 0, 0, 0, 0, 0, 0, 0, 0, 0, 0, 0, 0, 0, 0, 0, 0, 0, 0, 0, 0, 0, 0, 0, 0, 0, 0, 0, 0, 0, 0, 0, 0, 0, 0, 0, 0, 0, 0, 0, 0]	[0.0001888000115286559, 0.01135200000135228, 0.027980200000456534, 0.044551300001330674, 0.06130729999858886, 0.077954000007594, 0.09466420000535436, 0.11142300000938121, 0.12828850001096725, 0.14476409999770112, 0.16118190000997856, 0.17811120000260416, 0.194692600009148, 0.21113350000814535, 0.227672100008931, 0.24441300000762567, 0.26103080000029877, 0.2777819000039017, 0.29432130001077894, 0.31126940000103787, 0.3285071999998763, 0.3445761000039056, 0.3608739000046626, 0.3776934000052279, 0.39394609999726526, 0.41085949999978766, 0.4276527000038186, 0.44417770000291057, 0.4608792000071844, 0.47757660000934266, 0.49419379999744706, 0.51094490000105, 0.5277454000024591, 0.544337600003928, 0.5610106000094675, 0.5775756000075489, 0.5949772000021767, 0.610725700011244, 0.6273000000073807, 0.6442349999997532, 0.6608209000114584, 0.6775121000100626, 0.694264400008251, 0.7109086999989813, 0.7274068000115221, 0.7442964000074426, 0.7607811000052607, 0.7776205999980448, 0.7940131000068504, 0.8108750000101281, 0.8274241000035545, 0.8441197000065586, 0.8607899000053294, 0.8775462000048719, 0.894016999998712, 0.9108459999988554, 0.9274241000093753, 0.9440089999989141, 0.9608192000014242, 0.9774096000037389, 0.9943721000017831, 1.0107048000063514]	n/a	n/a	0.6	9b
172	5	go_nogo	0	60	2	go	click	[39.0, 39.0, 55.0, 74.0, 93.0, 119.0, 145.0, 166.0, 181.0, 191.0, 198.0, 203.0, 209.0, 209.0, 209.0, 209.0, 209.0, 209.0, 209.0, 210.0, 211.0, 213.0, 216.0, 220.0, 221.0, 224.0, 224.0, 224.0, 225.0, 225.0, 225.0, 225.0]	[-195.0, -195.0, -116.0, -35.0, 41.0, 116.0, 191.0, 254.0, 300.0, 329.0, 350.0, 369.0, 385.0, 386.0, 386.0, 386.0, 386.0, 386.0, 386.0, 386.0, 383.0, 377.0, 364.0, 347.0, 326.0, 310.0, 306.0, 305.0, 303.0, 302.0, 302.0, 302.0]	[0, 0, 0, 0, 0, 0, 0, 0, 0, 0, 0, 0, 0, 0, 0, 0, 0, 0, 0, 0, 0, 0, 0, 0, 0, 0, 0, 0, 0, 0, 0, 1]	[0, 0, 0, 0, 0, 0, 0, 0, 0, 0, 0, 0, 0, 0, 0, 0, 0, 0, 0, 0, 0, 0, 0, 0, 0, 0, 0, 0, 0, 0, 0, 0]	[0, 0, 0, 0, 0, 0, 0, 0, 0, 0, 0, 0, 0, 0, 0, 0, 0, 0, 0, 0, 0, 0, 0, 0, 0, 0, 0, 0, 0, 0, 0, 0]	[0.00022190000163391232, 0.011560600003576837, 0.028381500000250526, 0.04470529999525752, 0.061562300004879944, 0.07842950000485871, 0.09530090000771452, 0.11171169999579433, 0.12813230000028852, 0.14504240000678692, 0.1618981000065105, 0.17836459999671206, 0.1947608000045875, 0.21129669999936596, 0.22818430000916123, 0.24456829999689944, 0.26128970000718255, 0.2781431000039447, 0.29493550000188407, 0.311658599996008, 0.328108700006851, 0.34466230000543874, 0.3613015000009909, 0.3781948999967426, 0.39484530000481755, 0.4113926999998512, 0.4281001000053948, 0.44540660000348, 0.461463100000401, 0.4780167999997502, 0.4947009000024991, 0.5114849999954458]	225.0	302.0	1.0	9b
173	5	go_nogo	0	60	1	nogo	none	[13.0, 13.0, 47.0, 82.0, 118.0, 146.0, 171.0, 188.0, 198.0, 204.0, 206.0, 209.0, 211.0, 211.0, 211.0, 211.0, 211.0, 211.0, 211.0, 211.0, 211.0, 211.0, 211.0, 211.0, 211.0, 211.0, 211.0, 211.0, 211.0, 211.0, 211.0, 211.0, 211.0, 211.0, 211.0, 211.0, 211.0, 211.0, 211.0, 211.0, 211.0, 211.0, 211.0, 211.0, 211.0, 211.0, 211.0, 211.0, 211.0, 211.0, 211.0, 211.0, 211.0, 211.0, 211.0, 211.0]	[-277.0, -277.0, -182.0, -67.0, 55.0, 149.0, 220.0, 267.0, 298.0, 314.0, 320.0, 325.0, 328.0, 330.0, 330.0, 330.0, 330.0, 330.0, 330.0, 330.0, 328.0, 327.0, 326.0, 326.0, 326.0, 326.0, 326.0, 326.0, 326.0, 326.0, 326.0, 326.0, 326.0, 326.0, 326.0, 326.0, 326.0, 326.0, 326.0, 326.0, 326.0, 326.0, 326.0, 326.0, 326.0, 326.0, 326.0, 326.0, 326.0, 326.0, 326.0, 326.0, 326.0, 326.0, 326.0, 326.0]	[0, 0, 0, 0, 0, 0, 0, 0, 0, 0, 0, 0, 0, 0, 0, 0, 0, 0, 0, 0, 0, 0, 0, 0, 0, 0, 0, 0, 0, 0, 0, 0, 0, 0, 0, 0, 0, 0, 0, 0, 0, 0, 0, 0, 0, 0, 0, 0, 0, 0, 0, 0, 0, 0, 0, 0]	[0, 0, 0, 0, 0, 0, 0, 0, 0, 0, 0, 0, 0, 0, 0, 0, 0, 0, 0, 0, 0, 0, 0, 0, 0, 0, 0, 0, 0, 0, 0, 0, 0, 0, 0, 0, 0, 0, 0, 0, 0, 0, 0, 0, 0, 0, 0, 0, 0, 0, 0, 0, 0, 0, 0, 0]	[0, 0, 0, 0, 0, 0, 0, 0, 0, 0, 0, 0, 0, 0, 0, 0, 0, 0, 0, 0, 0, 0, 0, 0, 0, 0, 0, 0, 0, 0, 0, 0, 0, 0, 0, 0, 0, 0, 0, 0, 0, 0, 0, 0, 0, 0, 0, 0, 0, 0, 0, 0, 0, 0, 0, 0]	[7.769999501761049e-05, 0.011352900008205324, 0.02764230000320822, 0.04446230000758078, 0.06101950000447687, 0.07772319999639876, 0.09449240000685677, 0.11104879999766126, 0.12782500000321306, 0.14434990000154357, 0.1612872999976389, 0.17760700000508223, 0.19459670000651386, 0.2108825000032084, 0.2277522000076715, 0.24420689999533352, 0.26084489999630023, 0.2782339999976102, 0.2943488000018988, 0.3109798000077717, 0.32770190000883304, 0.34430450000218116, 0.36075560000608675, 0.37753490000613965, 0.3941168000019388, 0.4107403000089107, 0.42758440000761766, 0.4441819000057876, 0.46081299999787007, 0.47749259999545757, 0.4941921999998158, 0.5108795999985887, 0.5279016999993473, 0.5442447999957949, 0.5610859000007622, 0.5774926000012783, 0.5941992000007303, 0.6109643000090728, 0.6277229999977862, 0.6442451000039, 0.6607899000082398, 0.6775015000021085, 0.6943824000045424, 0.7107334000029368, 0.7275028000003658, 0.7441780000081053, 0.7608963999955449, 0.7774376000015764, 0.7941340999968816, 0.8108288000075845, 0.8276579000084894, 0.844112300008419, 0.8608797000051709, 0.8775553000014042, 0.8940094999998109, 0.910729099996388]	n/a	n/a	0.9	9b
174	5	go_nogo	0	60	7	go	click	[32.0, 47.0, 61.0, 90.0, 128.0, 154.0, 170.0, 181.0, 188.0, 189.0, 190.0, 191.0, 191.0, 191.0, 191.0, 191.0, 191.0, 191.0, 191.0, 192.0, 197.0, 198.0, 200.0, 201.0, 201.0, 202.0, 202.0, 202.0, 202.0, 202.0]	[-267.0, -222.0, -184.0, -101.0, -16.0, 45.0, 87.0, 116.0, 138.0, 141.0, 148.0, 151.0, 156.0, 158.0, 160.0, 160.0, 160.0, 160.0, 160.0, 168.0, 201.0, 227.0, 253.0, 268.0, 276.0, 278.0, 278.0, 279.0, 279.0, 279.0]	[0, 0, 0, 0, 0, 0, 0, 0, 0, 0, 0, 0, 0, 0, 0, 0, 0, 0, 0, 0, 0, 0, 0, 0, 0, 0, 0, 0, 0, 1]	[0, 0, 0, 0, 0, 0, 0, 0, 0, 0, 0, 0, 0, 0, 0, 0, 0, 0, 0, 0, 0, 0, 0, 0, 0, 0, 0, 0, 0, 0]	[0, 0, 0, 0, 0, 0, 0, 0, 0, 0, 0, 0, 0, 0, 0, 0, 0, 0, 0, 0, 0, 0, 0, 0, 0, 0, 0, 0, 0, 0]	[7.37999944249168e-05, 0.011539099999936298, 0.028040000004693866, 0.04483230000187177, 0.06143659999361262, 0.07815410000330303, 0.09457649999239948, 0.11126209999201819, 0.12798710000060964, 0.14519329999166075, 0.16163200000301003, 0.17817539999668952, 0.19499350000114646, 0.2115575999923749, 0.22790670000540558, 0.2445268000010401, 0.2612494999921182, 0.2778910999913933, 0.2946257000003243, 0.3116108999965945, 0.32909959999960847, 0.34506300000066403, 0.36155410000355914, 0.37797889999637846, 0.39480779999576043, 0.4109881000040332, 0.4279701000050409, 0.44458270000177436, 0.46101669999188744, 0.47801710000203457]	202.0	279.0	0.9	9b
175	6	go_only	0	18	3	go	click	[22.0, 22.0, 38.0, 66.0, 93.0, 114.0, 122.0, 127.0, 129.0, 129.0, 130.0, 133.0, 137.0, 141.0, 142.0, 142.0, 142.0, 142.0, 142.0, 142.0, 142.0, 145.0, 150.0, 157.0, 164.0, 173.0, 181.0, 188.0, 189.0, 189.0, 189.0, 189.0]	[-233.0, -233.0, -183.0, -90.0, -3.0, 74.0, 105.0, 124.0, 135.0, 139.0, 146.0, 155.0, 172.0, 189.0, 197.0, 198.0, 198.0, 198.0, 198.0, 198.0, 198.0, 201.0, 212.0, 226.0, 238.0, 256.0, 273.0, 294.0, 299.0, 299.0, 299.0, 299.0]	[0, 0, 0, 0, 0, 0, 0, 0, 0, 0, 0, 0, 0, 0, 0, 0, 0, 0, 0, 0, 0, 0, 0, 0, 0, 0, 0, 0, 0, 0, 0, 1]	[0, 0, 0, 0, 0, 0, 0, 0, 0, 0, 0, 0, 0, 0, 0, 0, 0, 0, 0, 0, 0, 0, 0, 0, 0, 0, 0, 0, 0, 0, 0, 0]	[0, 0, 0, 0, 0, 0, 0, 0, 0, 0, 0, 0, 0, 0, 0, 0, 0, 0, 0, 0, 0, 0, 0, 0, 0, 0, 0, 0, 0, 0, 0, 0]	[0.00020689998927991837, 0.010748499989858828, 0.027116999990539625, 0.04366169999411795, 0.06044849999307189, 0.07719729999371339, 0.09371659999305848, 0.11029820000112522, 0.12707349999982398, 0.14380019999225624, 0.1604821999935666, 0.1769672999944305, 0.1937908999971114, 0.2105401000007987, 0.22722539999813307, 0.24367239999992307, 0.2605499999917811, 0.27703420000034384, 0.2937517999962438, 0.3103961999877356, 0.3273771999956807, 0.34374719999323133, 0.3603956000006292, 0.37702669999271166, 0.39367889999994077, 0.41035890000057407, 0.4271277999941958, 0.4439533999975538, 0.46031419999781065, 0.4769135999958962, 0.4938563999894541, 0.5109222999890335]	189.0	299.0	0.8	9b
176	6	go_only	0	18	6	go	click	[48.0, 48.0, 66.0, 81.0, 90.0, 98.0, 103.0, 109.0, 113.0, 118.0, 126.0, 129.0, 132.0, 135.0, 136.0, 136.0, 137.0, 137.0, 137.0, 141.0, 150.0, 158.0, 162.0, 166.0, 167.0, 167.0, 171.0, 175.0, 176.0, 177.0, 177.0]	[-225.0, -225.0, -118.0, -24.0, 45.0, 85.0, 111.0, 132.0, 151.0, 170.0, 196.0, 207.0, 217.0, 224.0, 226.0, 227.0, 227.0, 227.0, 228.0, 232.0, 243.0, 253.0, 260.0, 264.0, 265.0, 267.0, 272.0, 279.0, 283.0, 284.0, 284.0]	[0, 0, 0, 0, 0, 0, 0, 0, 0, 0, 0, 0, 0, 0, 0, 0, 0, 0, 0, 0, 0, 0, 0, 0, 0, 0, 0, 0, 0, 0, 1]	[0, 0, 0, 0, 0, 0, 0, 0, 0, 0, 0, 0, 0, 0, 0, 0, 0, 0, 0, 0, 0, 0, 0, 0, 0, 0, 0, 0, 0, 0, 0]	[0, 0, 0, 0, 0, 0, 0, 0, 0, 0, 0, 0, 0, 0, 0, 0, 0, 0, 0, 0, 0, 0, 0, 0, 0, 0, 0, 0, 0, 0, 0]	[0.00022119999630376697, 0.011280999999144115, 0.028457199994591065, 0.044936399994185194, 0.06143799998972099, 0.0781280999945011, 0.0946881999989273, 0.11156489999848418, 0.12815249999403022, 0.14493089998723008, 0.16266329999780282, 0.17808479999075644, 0.19496849999995902, 0.21160959999542683, 0.22799789998680353, 0.2446077999920817, 0.2613003999867942, 0.27953499999421183, 0.29471299999568146, 0.31131259999528993, 0.3279053999867756, 0.3447602999949595, 0.3612523999909172, 0.3778512999997474, 0.39434349999646656, 0.4111062000010861, 0.4280938000010792, 0.4447230999940075, 0.4614788999897428, 0.4778278999874601, 0.49491280000074767]	177.0	284.0	0.8	9b
177	6	go_only	0	18	4	go	click	[24.0, 24.0, 37.0, 47.0, 93.0, 120.0, 134.0, 140.0, 145.0, 149.0, 152.0, 159.0, 165.0, 167.0, 168.0, 168.0, 168.0, 168.0, 168.0, 168.0, 172.0, 176.0, 179.0, 179.0, 180.0, 180.0, 180.0]	[-268.0, -268.0, -178.0, -123.0, 40.0, 112.0, 147.0, 170.0, 182.0, 190.0, 198.0, 214.0, 227.0, 234.0, 237.0, 237.0, 237.0, 237.0, 237.0, 238.0, 245.0, 259.0, 269.0, 270.0, 270.0, 270.0, 270.0]	[0, 0, 0, 0, 0, 0, 0, 0, 0, 0, 0, 0, 0, 0, 0, 0, 0, 0, 0, 0, 0, 0, 0, 0, 0, 0, 1]	[0, 0, 0, 0, 0, 0, 0, 0, 0, 0, 0, 0, 0, 0, 0, 0, 0, 0, 0, 0, 0, 0, 0, 0, 0, 0, 0]	[0, 0, 0, 0, 0, 0, 0, 0, 0, 0, 0, 0, 0, 0, 0, 0, 0, 0, 0, 0, 0, 0, 0, 0, 0, 0, 0]	[0.00019489999976940453, 0.012367799994535744, 0.02863479999359697, 0.04535980000218842, 0.06254060000355821, 0.07913939999707509, 0.09534630000416655, 0.1120636999985436, 0.1285213999944972, 0.14533189999929164, 0.16199589999450836, 0.17871049999666866, 0.19533750000118744, 0.2120809000043664, 0.22830799999064766, 0.24519020000298042, 0.26168509999115486, 0.2783640999987256, 0.29523239999252837, 0.3118925000017043, 0.3285950999998022, 0.34545120000257157, 0.3619594999909168, 0.3784581999934744, 0.39487499999813735, 0.41183290000481065, 0.4286141999909887]	180.0	270.0	0.8	9b
178	6	go_only	0	18	3	go	click	[47.0, 57.0, 68.0, 83.0, 98.0, 113.0, 129.0, 148.0, 164.0, 181.0, 193.0, 201.0, 206.0, 207.0, 207.0, 207.0, 207.0, 207.0, 207.0, 207.0, 207.0, 207.0, 207.0, 207.0]	[-276.0, -246.0, -217.0, -152.0, -88.0, -24.0, 33.0, 106.0, 164.0, 221.0, 263.0, 293.0, 312.0, 322.0, 324.0, 324.0, 324.0, 324.0, 324.0, 324.0, 324.0, 324.0, 324.0, 324.0]	[0, 0, 0, 0, 0, 0, 0, 0, 0, 0, 0, 0, 0, 0, 0, 0, 0, 0, 0, 0, 0, 0, 0, 1]	[0, 0, 0, 0, 0, 0, 0, 0, 0, 0, 0, 0, 0, 0, 0, 0, 0, 0, 0, 0, 0, 0, 0, 0]	[0, 0, 0, 0, 0, 0, 0, 0, 0, 0, 0, 0, 0, 0, 0, 0, 0, 0, 0, 0, 0, 0, 0, 0]	[0.00011019999510608613, 0.012154700001701713, 0.02864209999097511, 0.04541839999728836, 0.06217069999547675, 0.07888800000364427, 0.09548089999589138, 0.11223220000101719, 0.12899759999709204, 0.14585950000036974, 0.1621446999924956, 0.17871690000174567, 0.19574379999539815, 0.21225779999804217, 0.22864869999466464, 0.24525409999478143, 0.26194729999406263, 0.27872390000266023, 0.29526240000268444, 0.31197129999054596, 0.32865769999625627, 0.3454114999913145, 0.36206839999067597, 0.3790934999997262]	207.0	324.0	0.9	9b
179	6	go_only	0	18	2	go	click	[53.0, 53.0, 57.0, 65.0, 74.0, 85.0, 100.0, 112.0, 119.0, 124.0, 129.0, 137.0, 146.0, 156.0, 162.0, 163.0, 164.0, 165.0, 169.0, 173.0, 175.0, 176.0, 177.0, 177.0, 177.0, 177.0, 177.0, 177.0]	[-160.0, -160.0, -81.0, -27.0, 12.0, 46.0, 81.0, 112.0, 134.0, 144.0, 157.0, 175.0, 194.0, 217.0, 231.0, 231.0, 233.0, 234.0, 240.0, 245.0, 249.0, 251.0, 251.0, 251.0, 253.0, 254.0, 256.0, 256.0]	[0, 0, 0, 0, 0, 0, 0, 0, 0, 0, 0, 0, 0, 0, 0, 0, 0, 0, 0, 0, 0, 0, 0, 0, 0, 0, 0, 1]	[0, 0, 0, 0, 0, 0, 0, 0, 0, 0, 0, 0, 0, 0, 0, 0, 0, 0, 0, 0, 0, 0, 0, 0, 0, 0, 0, 0]	[0, 0, 0, 0, 0, 0, 0, 0, 0, 0, 0, 0, 0, 0, 0, 0, 0, 0, 0, 0, 0, 0, 0, 0, 0, 0, 0, 0]	[0.00018790000467561185, 0.010518399998545647, 0.027353600002243184, 0.044207200000528246, 0.06054740000399761, 0.07730429999355692, 0.09417949999624398, 0.11041890000342391, 0.12702980000176467, 0.14382019999902695, 0.16026760000386275, 0.17701870000746567, 0.19368630000099074, 0.21053159999428317, 0.22715330000210088, 0.24379120000230614, 0.2606188000063412, 0.277164700004505, 0.2939145999989705, 0.3102439000067534, 0.3274490000039805, 0.34374389999720734, 0.3602307999972254, 0.3772986999974819, 0.3938186000013957, 0.4105157000012696, 0.4269386999949347, 0.44380769999406766]	177.0	256.0	0.8	9b
180	6	go_only	0	18	6	go	click	[33.0, 39.0, 44.0, 55.0, 76.0, 100.0, 117.0, 134.0, 152.0, 159.0, 164.0, 170.0, 178.0, 183.0, 188.0, 189.0, 189.0, 189.0, 189.0, 189.0, 189.0, 189.0, 189.0, 189.0, 189.0]	[-292.0, -264.0, -229.0, -159.0, -78.0, 0.0, 65.0, 126.0, 194.0, 219.0, 234.0, 255.0, 282.0, 309.0, 324.0, 328.0, 328.0, 328.0, 328.0, 328.0, 328.0, 328.0, 328.0, 328.0, 328.0]	[0, 0, 0, 0, 0, 0, 0, 0, 0, 0, 0, 0, 0, 0, 0, 0, 0, 0, 0, 0, 0, 0, 0, 0, 1]	[0, 0, 0, 0, 0, 0, 0, 0, 0, 0, 0, 0, 0, 0, 0, 0, 0, 0, 0, 0, 0, 0, 0, 0, 0]	[0, 0, 0, 0, 0, 0, 0, 0, 0, 0, 0, 0, 0, 0, 0, 0, 0, 0, 0, 0, 0, 0, 0, 0, 0]	[0.00012759999663103372, 0.011442899995017797, 0.02796390000730753, 0.04474070000287611, 0.06137239999952726, 0.07814759999746457, 0.09468219999689609, 0.1116461000056006, 0.12814760000037495, 0.14469410000310745, 0.16166610000072978, 0.17831529999966733, 0.19465350000245962, 0.21163170000363607, 0.22821479999402072, 0.24449440000171307, 0.26115049999498297, 0.27788940000755247, 0.2945722000004025, 0.31117729999823496, 0.32798050000565127, 0.34464090000255965, 0.361234299998614, 0.378240599995479, 0.39513889999943785]	189.0	328.0	1.0	9b
181	6	go_only	0	18	3	go	click	[65.0, 65.0, 77.0, 95.0, 126.0, 151.0, 166.0, 176.0, 182.0, 186.0, 188.0, 191.0, 192.0, 192.0, 192.0, 192.0, 192.0, 193.0, 193.0, 193.0, 193.0, 193.0]	[-185.0, -185.0, -140.0, -63.0, 58.0, 144.0, 208.0, 241.0, 261.0, 272.0, 283.0, 294.0, 302.0, 305.0, 305.0, 305.0, 305.0, 306.0, 311.0, 312.0, 312.0, 312.0]	[0, 0, 0, 0, 0, 0, 0, 0, 0, 0, 0, 0, 0, 0, 0, 0, 0, 0, 0, 0, 0, 1]	[0, 0, 0, 0, 0, 0, 0, 0, 0, 0, 0, 0, 0, 0, 0, 0, 0, 0, 0, 0, 0, 0]	[0, 0, 0, 0, 0, 0, 0, 0, 0, 0, 0, 0, 0, 0, 0, 0, 0, 0, 0, 0, 0, 0]	[0.0003029999934369698, 0.010920500004431233, 0.027445400002761744, 0.04421079999883659, 0.061293999999179505, 0.07752829999662936, 0.09418600000208244, 0.11091740000119898, 0.1274684999953024, 0.14405380000243895, 0.16084769999724813, 0.1773720999917714, 0.19406209999579005, 0.21054559999902267, 0.227175799998804, 0.24396409999462776, 0.26055730000371113, 0.2772446000017226, 0.29418719999375753, 0.3105648999917321, 0.3271318000042811, 0.34411679999902844]	193.0	312.0	0.6	9b
182	6	go_only	0	18	4	go	click	[36.0, 36.0, 50.0, 86.0, 120.0, 143.0, 153.0, 159.0, 159.0, 159.0, 160.0, 160.0, 160.0, 160.0, 160.0, 160.0, 160.0, 160.0, 162.0, 171.0, 189.0, 197.0, 201.0, 202.0, 202.0, 202.0, 202.0, 202.0]	[-232.0, -232.0, -168.0, -53.0, 50.0, 124.0, 164.0, 186.0, 188.0, 188.0, 188.0, 188.0, 188.0, 188.0, 188.0, 188.0, 188.0, 189.0, 198.0, 221.0, 259.0, 284.0, 300.0, 305.0, 307.0, 307.0, 307.0, 307.0]	[0, 0, 0, 0, 0, 0, 0, 0, 0, 0, 0, 0, 0, 0, 0, 0, 0, 0, 0, 0, 0, 0, 0, 0, 0, 0, 0, 1]	[0, 0, 0, 0, 0, 0, 0, 0, 0, 0, 0, 0, 0, 0, 0, 0, 0, 0, 0, 0, 0, 0, 0, 0, 0, 0, 0, 0]	[0, 0, 0, 0, 0, 0, 0, 0, 0, 0, 0, 0, 0, 0, 0, 0, 0, 0, 0, 0, 0, 0, 0, 0, 0, 0, 0, 0]	[0.0001934000028995797, 0.010230500003672205, 0.02675029999227263, 0.043416899992735125, 0.06033710000338033, 0.07678049999231007, 0.09336719999555498, 0.10979400000360329, 0.12642259999120142, 0.14308239999809302, 0.15985399999772198, 0.1764171999966493, 0.1930277999927057, 0.20986299999640323, 0.22641209998982958, 0.24306789999536704, 0.25996959999611136, 0.27682780000031926, 0.293083900003694, 0.310096799992607, 0.3269367000029888, 0.34344070000224747, 0.3597933999990346, 0.37646800000220537, 0.39297679999435786, 0.4098715000000084, 0.42625129999942146, 0.44334019999951124]	202.0	307.0	0.9	9b
183	6	go_only	0	18	8	go	click	[59.0, 59.0, 68.0, 88.0, 109.0, 141.0, 164.0, 176.0, 186.0, 196.0, 203.0, 208.0, 211.0, 212.0, 214.0, 216.0, 221.0, 225.0, 226.0, 226.0, 226.0, 226.0, 226.0, 226.0]	[-238.0, -238.0, -206.0, -136.0, -59.0, 48.0, 118.0, 163.0, 196.0, 221.0, 243.0, 254.0, 262.0, 267.0, 271.0, 276.0, 289.0, 301.0, 304.0, 304.0, 304.0, 304.0, 304.0, 304.0]	[0, 0, 0, 0, 0, 0, 0, 0, 0, 0, 0, 0, 0, 0, 0, 0, 0, 0, 0, 0, 0, 0, 0, 1]	[0, 0, 0, 0, 0, 0, 0, 0, 0, 0, 0, 0, 0, 0, 0, 0, 0, 0, 0, 0, 0, 0, 0, 0]	[0, 0, 0, 0, 0, 0, 0, 0, 0, 0, 0, 0, 0, 0, 0, 0, 0, 0, 0, 0, 0, 0, 0, 0]	[0.00023629999486729503, 0.012031299993395805, 0.028476199993747286, 0.045333199988817796, 0.06216239999048412, 0.07872320000024047, 0.09535730000061449, 0.11192379999556579, 0.12856709999323357, 0.14512180000019725, 0.16201829999045003, 0.17848370000137947, 0.19516239999211393, 0.21197669999673963, 0.22847669999464415, 0.2453547999903094, 0.26173019999987446, 0.27840650000143796, 0.29486319998977706, 0.3115345999976853, 0.32828950000111945, 0.3449506999895675, 0.36152409999340307, 0.3786439999967115]	226.0	304.0	0.7	9b
184	6	go_only	0	18	7	go	click	[17.0, 17.0, 22.0, 37.0, 62.0, 98.0, 128.0, 139.0, 146.0, 149.0, 150.0, 151.0, 152.0, 153.0, 157.0, 157.0, 157.0, 158.0, 163.0, 171.0, 180.0, 185.0, 185.0, 185.0, 185.0, 185.0]	[-227.0, -227.0, -144.0, -49.0, 48.0, 140.0, 195.0, 218.0, 232.0, 236.0, 239.0, 240.0, 242.0, 244.0, 250.0, 251.0, 251.0, 253.0, 258.0, 271.0, 283.0, 289.0, 289.0, 289.0, 289.0, 289.0]	[0, 0, 0, 0, 0, 0, 0, 0, 0, 0, 0, 0, 0, 0, 0, 0, 0, 0, 0, 0, 0, 0, 0, 0, 0, 1]	[0, 0, 0, 0, 0, 0, 0, 0, 0, 0, 0, 0, 0, 0, 0, 0, 0, 0, 0, 0, 0, 0, 0, 0, 0, 0]	[0, 0, 0, 0, 0, 0, 0, 0, 0, 0, 0, 0, 0, 0, 0, 0, 0, 0, 0, 0, 0, 0, 0, 0, 0, 0]	[0.00019069999689236283, 0.011138500005472451, 0.027779700001701713, 0.0441106999933254, 0.06123140000272542, 0.07741790000000037, 0.09431450000556652, 0.11076969999703579, 0.12738019999233074, 0.1442133999953512, 0.160818799995468, 0.1773834000050556, 0.19374829999287613, 0.21099609999509994, 0.22777339999447577, 0.2438484000012977, 0.26067289999627974, 0.2773187999991933, 0.29401129999314435, 0.31084520000149496, 0.32742089999374, 0.34370640000270214, 0.36106609999842476, 0.37714759999653324, 0.39395080000394955, 0.4104799000051571]	185.0	289.0	0.6	9b
185	6	go_only	0	18	7	go	click	[65.0, 65.0, 103.0, 142.0, 176.0, 208.0, 228.0, 239.0, 246.0, 250.0, 253.0, 257.0, 263.0, 265.0, 265.0, 265.0, 265.0, 266.0, 266.0, 266.0, 266.0, 266.0, 266.0, 266.0, 261.0, 250.0, 241.0, 238.0, 236.0, 234.0, 232.0, 228.0, 223.0, 218.0, 215.0, 215.0]	[-252.0, -252.0, -141.0, -14.0, 115.0, 217.0, 287.0, 320.0, 336.0, 344.0, 352.0, 363.0, 379.0, 384.0, 385.0, 385.0, 385.0, 387.0, 390.0, 390.0, 390.0, 390.0, 390.0, 387.0, 376.0, 352.0, 332.0, 326.0, 320.0, 314.0, 306.0, 298.0, 286.0, 276.0, 272.0, 271.0]	[0, 0, 0, 0, 0, 0, 0, 0, 0, 0, 0, 0, 0, 0, 0, 0, 0, 0, 0, 0, 0, 0, 0, 0, 0, 0, 0, 0, 0, 0, 0, 0, 0, 0, 0, 1]	[0, 0, 0, 0, 0, 0, 0, 0, 0, 0, 0, 0, 0, 0, 0, 0, 0, 0, 0, 0, 0, 0, 0, 0, 0, 0, 0, 0, 0, 0, 0, 0, 0, 0, 0, 0]	[0, 0, 0, 0, 0, 0, 0, 0, 0, 0, 0, 0, 0, 0, 0, 0, 0, 0, 0, 0, 0, 0, 0, 0, 0, 0, 0, 0, 0, 0, 0, 0, 0, 0, 0, 0]	[0.0003400000132387504, 0.012396100006299093, 0.029582000002847053, 0.04550050001125783, 0.06230080001114402, 0.0789276000141399, 0.09591440000804141, 0.11231600001337938, 0.12879900001280475, 0.14573030000610743, 0.16237230000842828, 0.17879640001046937, 0.19667760000447743, 0.21242930000880733, 0.22887300000002142, 0.24547910000546835, 0.2622470000060275, 0.27907110001251567, 0.295461300003808, 0.31204970000544563, 0.3289035000052536, 0.34576490000472404, 0.36208520000218414, 0.3791182000131812, 0.3957727000088198, 0.4129380000085803, 0.4292923000029987, 0.4456576000084169, 0.4622377000050619, 0.4791472000069916, 0.49547600001096725, 0.5121869000140578, 0.5291042000026209, 0.5455266000062693, 0.5622729000024265, 0.578899400003138]	215.0	271.0	0.6	9b
186	6	go_only	0	18	4	go	click	[53.0, 53.0, 67.0, 99.0, 123.0, 141.0, 146.0, 148.0, 151.0, 153.0, 156.0, 158.0, 159.0, 159.0, 159.0, 159.0, 159.0, 159.0, 160.0, 161.0, 163.0, 164.0, 170.0, 174.0, 177.0, 178.0, 178.0, 178.0, 178.0, 178.0, 178.0]	[-189.0, -189.0, -137.0, -27.0, 59.0, 121.0, 136.0, 149.0, 162.0, 172.0, 181.0, 188.0, 189.0, 190.0, 190.0, 190.0, 190.0, 190.0, 194.0, 202.0, 212.0, 225.0, 242.0, 256.0, 273.0, 283.0, 289.0, 289.0, 289.0, 289.0, 289.0]	[0, 0, 0, 0, 0, 0, 0, 0, 0, 0, 0, 0, 0, 0, 0, 0, 0, 0, 0, 0, 0, 0, 0, 0, 0, 0, 0, 0, 0, 0, 1]	[0, 0, 0, 0, 0, 0, 0, 0, 0, 0, 0, 0, 0, 0, 0, 0, 0, 0, 0, 0, 0, 0, 0, 0, 0, 0, 0, 0, 0, 0, 0]	[0, 0, 0, 0, 0, 0, 0, 0, 0, 0, 0, 0, 0, 0, 0, 0, 0, 0, 0, 0, 0, 0, 0, 0, 0, 0, 0, 0, 0, 0, 0]	[0.0002623000036692247, 0.010072399993077852, 0.02689019999525044, 0.04370929999276996, 0.060388700003386475, 0.07708249999268446, 0.09365660000185017, 0.11056689999531955, 0.12698400000226684, 0.14372690000163857, 0.16035390000615735, 0.17696650000289083, 0.19370819999312516, 0.21021740000287537, 0.22681769999326207, 0.24345520000497345, 0.2602839000028325, 0.2775326999981189, 0.2940958999970462, 0.3106421999982558, 0.32692029999452643, 0.3437093999964418, 0.3602060999983223, 0.37694550000014715, 0.39357129999552853, 0.41034590000344906, 0.42677000000549015, 0.44335030000365805, 0.4601957999984734, 0.47689720000198577, 0.4937993000057759]	178.0	289.0	0.9	9b
187	6	go_only	0	18	8	go	click	[27.0, 39.0, 50.0, 79.0, 115.0, 148.0, 164.0, 173.0, 177.0, 179.0, 179.0, 181.0, 182.0, 183.0, 183.0, 183.0, 183.0, 183.0, 183.0, 186.0, 188.0, 191.0, 194.0, 198.0, 198.0, 198.0, 198.0, 198.0, 198.0, 198.0]	[-297.0, -264.0, -227.0, -125.0, -7.0, 92.0, 140.0, 164.0, 172.0, 178.0, 180.0, 184.0, 188.0, 190.0, 190.0, 190.0, 190.0, 190.0, 193.0, 202.0, 218.0, 237.0, 266.0, 281.0, 292.0, 298.0, 302.0, 302.0, 302.0, 303.0]	[0, 0, 0, 0, 0, 0, 0, 0, 0, 0, 0, 0, 0, 0, 0, 0, 0, 0, 0, 0, 0, 0, 0, 0, 0, 0, 0, 0, 0, 1]	[0, 0, 0, 0, 0, 0, 0, 0, 0, 0, 0, 0, 0, 0, 0, 0, 0, 0, 0, 0, 0, 0, 0, 0, 0, 0, 0, 0, 0, 0]	[0, 0, 0, 0, 0, 0, 0, 0, 0, 0, 0, 0, 0, 0, 0, 0, 0, 0, 0, 0, 0, 0, 0, 0, 0, 0, 0, 0, 0, 0]	[9.050000517163426e-05, 0.009728400007588789, 0.026605500010191463, 0.04325770000286866, 0.060093100008089095, 0.0764742000028491, 0.09334160000435077, 0.10996600000362378, 0.12657259999832604, 0.14356180001050234, 0.15966170000319835, 0.176307400004589, 0.19309010000142734, 0.20970639999723062, 0.22622540000884328, 0.2429660000052536, 0.2595915999991121, 0.27663930000562686, 0.2929798999975901, 0.3097112000104971, 0.32645680000132415, 0.34312010000576265, 0.3601024000090547, 0.37632910000684205, 0.3930541000008816, 0.40964360001089517, 0.42606560001149774, 0.44271020000451244, 0.45971590001136065, 0.4762936000042828]	198.0	303.0	0.9	9b
188	6	go_only	0	18	2	go	click	[59.0, 59.0, 82.0, 107.0, 126.0, 140.0, 148.0, 157.0, 167.0, 176.0, 186.0, 193.0, 197.0, 201.0, 202.0, 203.0, 203.0, 203.0, 203.0, 203.0, 203.0, 203.0, 203.0, 203.0, 203.0]	[-273.0, -273.0, -198.0, -109.0, -25.0, 50.0, 108.0, 149.0, 183.0, 210.0, 236.0, 255.0, 275.0, 286.0, 292.0, 293.0, 293.0, 293.0, 293.0, 293.0, 293.0, 293.0, 293.0, 293.0, 293.0]	[0, 0, 0, 0, 0, 0, 0, 0, 0, 0, 0, 0, 0, 0, 0, 0, 0, 0, 0, 0, 0, 0, 0, 0, 1]	[0, 0, 0, 0, 0, 0, 0, 0, 0, 0, 0, 0, 0, 0, 0, 0, 0, 0, 0, 0, 0, 0, 0, 0, 0]	[0, 0, 0, 0, 0, 0, 0, 0, 0, 0, 0, 0, 0, 0, 0, 0, 0, 0, 0, 0, 0, 0, 0, 0, 0]	[7.419999747071415e-05, 0.011739099994883873, 0.028349400003207847, 0.04509830000461079, 0.06206019999808632, 0.07837250000739004, 0.09515589999500662, 0.11170870000205468, 0.12837890000082552, 0.14502009999705479, 0.16198089999670628, 0.17835610000474844, 0.1950890000007348, 0.2116883999988204, 0.22842719999607652, 0.24498410000524018, 0.2614925000088988, 0.27816689999599475, 0.2948340000002645, 0.31157530000200495, 0.3283538999967277, 0.34501279999676626, 0.36165180000534747, 0.3782474000036018, 0.3948623000032967]	203.0	293.0	1.0	9b
189	6	go_only	0	18	8	go	click	[75.0, 75.0, 85.0, 103.0, 131.0, 145.0, 155.0, 160.0, 162.0, 164.0, 165.0, 168.0, 169.0, 170.0, 170.0, 170.0, 172.0, 175.0, 178.0, 179.0, 180.0, 180.0, 180.0, 180.0, 181.0, 181.0, 181.0, 181.0, 181.0, 181.0]	[-239.0, -239.0, -210.0, -141.0, -46.0, 6.0, 47.0, 68.0, 79.0, 91.0, 100.0, 117.0, 137.0, 158.0, 178.0, 200.0, 238.0, 269.0, 289.0, 298.0, 300.0, 300.0, 300.0, 302.0, 303.0, 303.0, 303.0, 303.0, 303.0, 303.0]	[0, 0, 0, 0, 0, 0, 0, 0, 0, 0, 0, 0, 0, 0, 0, 0, 0, 0, 0, 0, 0, 0, 0, 0, 0, 0, 0, 0, 0, 1]	[0, 0, 0, 0, 0, 0, 0, 0, 0, 0, 0, 0, 0, 0, 0, 0, 0, 0, 0, 0, 0, 0, 0, 0, 0, 0, 0, 0, 0, 0]	[0, 0, 0, 0, 0, 0, 0, 0, 0, 0, 0, 0, 0, 0, 0, 0, 0, 0, 0, 0, 0, 0, 0, 0, 0, 0, 0, 0, 0, 0]	[0.0002192999963881448, 0.009919899996020831, 0.026643999997759238, 0.04370829999970738, 0.06015379999007564, 0.07665889999771025, 0.09354189998703077, 0.10997899998619687, 0.126780399994459, 0.1433206999936374, 0.15999869999359362, 0.17678679998789448, 0.19337729999097064, 0.2100837999896612, 0.22674309999274556, 0.24343149999913294, 0.26029839999682736, 0.2767306999885477, 0.2939104999968549, 0.3101353999954881, 0.3264976999926148, 0.3432456999871647, 0.3600863999890862, 0.3771898999984842, 0.39331999998830725, 0.4099440999998478, 0.4266658999986248, 0.4434173999907216, 0.4601022999995621, 0.47664189999341033]	181.0	303.0	0.6	9b
190	6	go_only	0	18	2	go	click	[10.0, 10.0, 22.0, 39.0, 65.0, 91.0, 104.0, 112.0, 113.0, 113.0, 114.0, 114.0, 118.0, 120.0, 120.0, 120.0, 120.0, 120.0, 121.0, 125.0, 129.0, 139.0, 148.0, 154.0, 160.0, 162.0, 162.0, 162.0, 162.0, 162.0, 162.0, 162.0, 162.0, 162.0]	[-267.0, -267.0, -181.0, -82.0, 11.0, 90.0, 137.0, 164.0, 176.0, 180.0, 182.0, 188.0, 211.0, 224.0, 230.0, 231.0, 231.0, 234.0, 242.0, 257.0, 270.0, 295.0, 311.0, 323.0, 333.0, 337.0, 337.0, 337.0, 338.0, 338.0, 338.0, 338.0, 338.0, 338.0]	[0, 0, 0, 0, 0, 0, 0, 0, 0, 0, 0, 0, 0, 0, 0, 0, 0, 0, 0, 0, 0, 0, 0, 0, 0, 0, 0, 0, 0, 0, 0, 0, 0, 1]	[0, 0, 0, 0, 0, 0, 0, 0, 0, 0, 0, 0, 0, 0, 0, 0, 0, 0, 0, 0, 0, 0, 0, 0, 0, 0, 0, 0, 0, 0, 0, 0, 0, 0]	[0, 0, 0, 0, 0, 0, 0, 0, 0, 0, 0, 0, 0, 0, 0, 0, 0, 0, 0, 0, 0, 0, 0, 0, 0, 0, 0, 0, 0, 0, 0, 0, 0, 0]	[8.270000398624688e-05, 0.010127300003659911, 0.026772600002004765, 0.043135999992955476, 0.059646499998052604, 0.0766730000032112, 0.093044799999916, 0.10994419999769889, 0.12654339999426156, 0.1432319000014104, 0.16002989999833517, 0.17649749999691267, 0.19328969999332912, 0.20951469999272376, 0.22631969999929424, 0.24288439999509137, 0.25981859999592416, 0.2762819999916246, 0.29302100000495557, 0.309708300002967, 0.32653730000311043, 0.34324410000408534, 0.3601230999920517, 0.3764874000044074, 0.39373509999131784, 0.4092908000020543, 0.4261038999975426, 0.4431399000022793, 0.4596030999964569, 0.47635559999616817, 0.49295230000279844, 0.5094215999997687, 0.5261197999934666, 0.543120699992869]	162.0	338.0	1.0	9b
191	6	go_only	0	18	7	go	click	[17.0, 17.0, 17.0, 24.0, 35.0, 50.0, 75.0, 110.0, 131.0, 148.0, 156.0, 159.0, 162.0, 166.0, 167.0, 168.0, 168.0, 168.0, 172.0, 177.0, 182.0, 186.0, 188.0, 189.0, 191.0, 192.0, 192.0, 192.0, 192.0, 192.0, 192.0]	[-257.0, -257.0, -228.0, -181.0, -135.0, -85.0, -18.0, 69.0, 108.0, 139.0, 155.0, 163.0, 173.0, 184.0, 188.0, 188.0, 188.0, 188.0, 195.0, 208.0, 220.0, 232.0, 237.0, 244.0, 253.0, 270.0, 292.0, 302.0, 304.0, 304.0, 304.0]	[0, 0, 0, 0, 0, 0, 0, 0, 0, 0, 0, 0, 0, 0, 0, 0, 0, 0, 0, 0, 0, 0, 0, 0, 0, 0, 0, 0, 0, 0, 1]	[0, 0, 0, 0, 0, 0, 0, 0, 0, 0, 0, 0, 0, 0, 0, 0, 0, 0, 0, 0, 0, 0, 0, 0, 0, 0, 0, 0, 0, 0, 0]	[0, 0, 0, 0, 0, 0, 0, 0, 0, 0, 0, 0, 0, 0, 0, 0, 0, 0, 0, 0, 0, 0, 0, 0, 0, 0, 0, 0, 0, 0, 0]	[0.0002351000002818182, 0.011559899998246692, 0.027808099999674596, 0.04473229999712203, 0.06158389999473002, 0.0779805999918608, 0.09486579999793321, 0.11148360000515822, 0.12817270000232384, 0.14466360000369605, 0.16155710000020918, 0.17853229999309406, 0.194870199993602, 0.21147979999659583, 0.22821489999478217, 0.2445503000053577, 0.26131319999694824, 0.27841759999864735, 0.2948770999937551, 0.31163850000302773, 0.32827109999198, 0.34461889999511186, 0.3614651999960188, 0.3778920000040671, 0.3947502999944845, 0.41126969999459106, 0.4278461999929277, 0.4446326000033878, 0.46114509999461006, 0.47780759999295697, 0.4954163999937009]	192.0	304.0	0.7	9b
192	6	go_only	0	18	6	go	click	[19.0, 19.0, 29.0, 46.0, 71.0, 95.0, 118.0, 143.0, 150.0, 154.0, 155.0, 156.0, 157.0, 157.0, 157.0, 157.0, 157.0, 157.0, 159.0, 164.0, 170.0, 173.0, 174.0, 175.0, 175.0, 175.0, 175.0, 175.0, 175.0, 175.0]	[-264.0, -264.0, -217.0, -121.0, -32.0, 50.0, 120.0, 188.0, 208.0, 216.0, 218.0, 219.0, 221.0, 222.0, 222.0, 222.0, 222.0, 222.0, 224.0, 234.0, 247.0, 257.0, 260.0, 260.0, 260.0, 260.0, 260.0, 260.0, 260.0, 260.0]	[0, 0, 0, 0, 0, 0, 0, 0, 0, 0, 0, 0, 0, 0, 0, 0, 0, 0, 0, 0, 0, 0, 0, 0, 0, 0, 0, 0, 0, 1]	[0, 0, 0, 0, 0, 0, 0, 0, 0, 0, 0, 0, 0, 0, 0, 0, 0, 0, 0, 0, 0, 0, 0, 0, 0, 0, 0, 0, 0, 0]	[0, 0, 0, 0, 0, 0, 0, 0, 0, 0, 0, 0, 0, 0, 0, 0, 0, 0, 0, 0, 0, 0, 0, 0, 0, 0, 0, 0, 0, 0]	[0.00018829999316949397, 0.009841899998718873, 0.026568600005703047, 0.04354400000011083, 0.06091020000167191, 0.07652970000344794, 0.09351920000335667, 0.11031590000493452, 0.12683090000064112, 0.14360959999612533, 0.1598874000046635, 0.17667250000522472, 0.1933541000034893, 0.20979090000037104, 0.22627830000419635, 0.2430177000060212, 0.25973659999726806, 0.2768690999946557, 0.2932333000062499, 0.31053079999401234, 0.32683459999680053, 0.3432628000009572, 0.35993199999211356, 0.3763062999933027, 0.39305549999698997, 0.40968559999600984, 0.4264013999927556, 0.44298360000539105, 0.4596391999948537, 0.4765789999946719]	175.0	260.0	0.7	9b
193	7	go_nogo	0	60	9	nogo	none	[50.0, 50.0, 76.0, 115.0, 150.0, 167.0, 173.0, 179.0, 183.0, 184.0, 184.0, 188.0, 196.0, 197.0, 198.0, 198.0, 198.0, 198.0, 198.0, 198.0, 198.0, 198.0, 198.0, 198.0, 198.0, 198.0, 198.0, 198.0, 198.0, 198.0, 198.0, 198.0, 198.0, 198.0, 198.0, 198.0, 198.0, 198.0, 198.0, 198.0, 198.0, 198.0, 198.0, 198.0, 198.0, 198.0, 198.0, 198.0, 198.0, 198.0, 198.0, 198.0, 198.0, 198.0, 198.0, 198.0, 198.0]	[-211.0, -211.0, -110.0, 13.0, 120.0, 177.0, 206.0, 225.0, 233.0, 237.0, 239.0, 246.0, 265.0, 269.0, 269.0, 269.0, 269.0, 269.0, 269.0, 269.0, 269.0, 269.0, 269.0, 269.0, 269.0, 269.0, 269.0, 269.0, 269.0, 269.0, 269.0, 269.0, 269.0, 269.0, 269.0, 269.0, 269.0, 269.0, 269.0, 269.0, 269.0, 269.0, 269.0, 269.0, 269.0, 269.0, 269.0, 269.0, 269.0, 269.0, 269.0, 269.0, 269.0, 269.0, 269.0, 269.0, 269.0]	[0, 0, 0, 0, 0, 0, 0, 0, 0, 0, 0, 0, 0, 0, 0, 0, 0, 0, 0, 0, 0, 0, 0, 0, 0, 0, 0, 0, 0, 0, 0, 0, 0, 0, 0, 0, 0, 0, 0, 0, 0, 0, 0, 0, 0, 0, 0, 0, 0, 0, 0, 0, 0, 0, 0, 0, 0]	[0, 0, 0, 0, 0, 0, 0, 0, 0, 0, 0, 0, 0, 0, 0, 0, 0, 0, 0, 0, 0, 0, 0, 0, 0, 0, 0, 0, 0, 0, 0, 0, 0, 0, 0, 0, 0, 0, 0, 0, 0, 0, 0, 0, 0, 0, 0, 0, 0, 0, 0, 0, 0, 0, 0, 0, 0]	[0, 0, 0, 0, 0, 0, 0, 0, 0, 0, 0, 0, 0, 0, 0, 0, 0, 0, 0, 0, 0, 0, 0, 0, 0, 0, 0, 0, 0, 0, 0, 0, 0, 0, 0, 0, 0, 0, 0, 0, 0, 0, 0, 0, 0, 0, 0, 0, 0, 0, 0, 0, 0, 0, 0, 0, 0]	[0.0002502999996067956, 0.011586199994781055, 0.027880699999514036, 0.045106500008841977, 0.06159480000496842, 0.07850920000055339, 0.09494120000454132, 0.11139659999753349, 0.12810450000688434, 0.1449685999978101, 0.16136500000720844, 0.17840220000653062, 0.1947195999964606, 0.2115953000029549, 0.22768969999742694, 0.24444260000018403, 0.26106950000394136, 0.27772440000262577, 0.2944234000024153, 0.31108270000549965, 0.3278184000082547, 0.34441430000879336, 0.36105140000290703, 0.37768610000784975, 0.3944467999972403, 0.4110128000029363, 0.4278210000047693, 0.4444236999988789, 0.4610000999964541, 0.4780884000065271, 0.49453840000205673, 0.5112599999993108, 0.5279155000025639, 0.5445728000049712, 0.561130600006436, 0.5778254000033485, 0.5944993000011891, 0.6111305000085849, 0.6279039000073681, 0.6445907000015723, 0.6610709999949904, 0.6780090999964159, 0.6947254999977304, 0.7110390000016196, 0.7279431000060868, 0.744595099997241, 0.7614016000006814, 0.7777933000033954, 0.794602499998291, 0.81110350000381, 0.827614399997401, 0.8443311000009999, 0.8610691000067163, 0.8776794000004884, 0.8941306000051554, 0.910892200001399, 0.9276296000025468]	n/a	n/a	0.7	9b
194	7	go_nogo	0	60	2	go	click	[21.0, 21.0, 25.0, 40.0, 60.0, 78.0, 103.0, 126.0, 139.0, 150.0, 157.0, 160.0, 162.0, 164.0, 164.0, 164.0, 164.0, 164.0, 164.0, 165.0, 168.0, 171.0, 172.0, 172.0, 172.0, 172.0, 172.0, 172.0]	[-270.0, -270.0, -235.0, -148.0, -53.0, 43.0, 140.0, 214.0, 259.0, 288.0, 310.0, 318.0, 324.0, 328.0, 328.0, 328.0, 328.0, 328.0, 328.0, 329.0, 333.0, 336.0, 336.0, 336.0, 336.0, 336.0, 336.0, 336.0]	[0, 0, 0, 0, 0, 0, 0, 0, 0, 0, 0, 0, 0, 0, 0, 0, 0, 0, 0, 0, 0, 0, 0, 0, 0, 0, 0, 1]	[0, 0, 0, 0, 0, 0, 0, 0, 0, 0, 0, 0, 0, 0, 0, 0, 0, 0, 0, 0, 0, 0, 0, 0, 0, 0, 0, 0]	[0, 0, 0, 0, 0, 0, 0, 0, 0, 0, 0, 0, 0, 0, 0, 0, 0, 0, 0, 0, 0, 0, 0, 0, 0, 0, 0, 0]	[0.0001984000118682161, 0.009502400003839284, 0.0270135000027949, 0.04317720000108238, 0.05993430000671651, 0.07710980001138523, 0.09291840001242235, 0.10986170000978746, 0.12620790000073612, 0.14304210001137108, 0.15988940000534058, 0.1765289000031771, 0.19271990000561345, 0.20946330000879243, 0.22622920000867452, 0.24306810001144186, 0.2597226000070805, 0.27609500000835396, 0.29297340000630356, 0.31005430000368506, 0.3263893000112148, 0.3427107000024989, 0.35948080000525806, 0.37620750001224224, 0.3928156000038143, 0.4095403000101214, 0.42612020000524353, 0.44300790000124834]	172.0	336.0	0.5	9b
195	7	go_nogo	0	60	1	nogo	none	[55.0, 55.0, 71.0, 111.0, 150.0, 184.0, 212.0, 228.0, 234.0, 236.0, 237.0, 237.0, 237.0, 237.0, 237.0, 237.0, 237.0, 237.0, 237.0, 237.0, 237.0, 237.0, 237.0, 237.0, 237.0, 237.0, 237.0, 237.0, 237.0, 237.0, 237.0, 237.0, 237.0, 237.0, 237.0, 237.0, 237.0, 237.0, 237.0, 237.0, 237.0, 237.0, 237.0, 237.0, 237.0, 237.0, 237.0, 237.0, 237.0, 237.0, 237.0, 237.0, 237.0, 237.0]	[-189.0, -189.0, -140.0, -40.0, 60.0, 141.0, 209.0, 255.0, 272.0, 280.0, 283.0, 283.0, 283.0, 283.0, 283.0, 283.0, 283.0, 283.0, 283.0, 283.0, 285.0, 287.0, 287.0, 287.0, 287.0, 287.0, 287.0, 287.0, 287.0, 287.0, 287.0, 287.0, 287.0, 287.0, 287.0, 287.0, 287.0, 287.0, 287.0, 287.0, 287.0, 287.0, 287.0, 287.0, 287.0, 287.0, 287.0, 287.0, 287.0, 287.0, 287.0, 287.0, 287.0, 287.0]	[0, 0, 0, 0, 0, 0, 0, 0, 0, 0, 0, 0, 0, 0, 0, 0, 0, 0, 0, 0, 0, 0, 0, 0, 0, 0, 0, 0, 0, 0, 0, 0, 0, 0, 0, 0, 0, 0, 0, 0, 0, 0, 0, 0, 0, 0, 0, 0, 0, 0, 0, 0, 0, 0]	[0, 0, 0, 0, 0, 0, 0, 0, 0, 0, 0, 0, 0, 0, 0, 0, 0, 0, 0, 0, 0, 0, 0, 0, 0, 0, 0, 0, 0, 0, 0, 0, 0, 0, 0, 0, 0, 0, 0, 0, 0, 0, 0, 0, 0, 0, 0, 0, 0, 0, 0, 0, 0, 0]	[0, 0, 0, 0, 0, 0, 0, 0, 0, 0, 0, 0, 0, 0, 0, 0, 0, 0, 0, 0, 0, 0, 0, 0, 0, 0, 0, 0, 0, 0, 0, 0, 0, 0, 0, 0, 0, 0, 0, 0, 0, 0, 0, 0, 0, 0, 0, 0, 0, 0, 0, 0, 0, 0]	[0.00018510001245886087, 0.012000100003206171, 0.028507800001534633, 0.04484870001033414, 0.06168660000548698, 0.0784066000051098, 0.09550520000630058, 0.11231930000940338, 0.12841690001368988, 0.1451938000100199, 0.1619875000033062, 0.17824490000202786, 0.1951376000070013, 0.21176330000162125, 0.22848040000826586, 0.24513460000162013, 0.2617375000118045, 0.2782010000082664, 0.29512480000266805, 0.31163650000235066, 0.3285708000039449, 0.34490600001299754, 0.36147950000304263, 0.37825470000097994, 0.3949394000082975, 0.4116729000088526, 0.42827660001057666, 0.4448899000126403, 0.46163390000583604, 0.47823440001229756, 0.49494390000472777, 0.5118069000018295, 0.5281859000097029, 0.5450367000012193, 0.5615436000080081, 0.5782873000134714, 0.5948341000039363, 0.6115270000009332, 0.6281885000062175, 0.6448492000054102, 0.661555300001055, 0.6781368000083603, 0.6947891000017989, 0.7115292000089539, 0.7281495000061113, 0.7447988000058103, 0.7616233000007924, 0.7783037000044715, 0.795037300005788, 0.8115467000025092, 0.828207000013208, 0.8448349000100279, 0.8615601000055904, 0.8782335000141757]	n/a	n/a	0.7	9b
196	7	go_nogo	0	60	7	go	click	[44.0, 44.0, 73.0, 108.0, 142.0, 166.0, 182.0, 193.0, 201.0, 207.0, 213.0, 220.0, 225.0, 227.0, 227.0, 227.0, 227.0, 227.0, 227.0, 227.0, 227.0, 227.0, 227.0, 227.0, 227.0]	[-231.0, -231.0, -121.0, -14.0, 81.0, 148.0, 202.0, 235.0, 260.0, 275.0, 291.0, 306.0, 332.0, 337.0, 337.0, 337.0, 337.0, 337.0, 337.0, 337.0, 337.0, 337.0, 337.0, 337.0, 337.0]	[0, 0, 0, 0, 0, 0, 0, 0, 0, 0, 0, 0, 0, 0, 0, 0, 0, 0, 0, 0, 0, 0, 0, 0, 1]	[0, 0, 0, 0, 0, 0, 0, 0, 0, 0, 0, 0, 0, 0, 0, 0, 0, 0, 0, 0, 0, 0, 0, 0, 0]	[0, 0, 0, 0, 0, 0, 0, 0, 0, 0, 0, 0, 0, 0, 0, 0, 0, 0, 0, 0, 0, 0, 0, 0, 0]	[0.00030679999326821417, 0.011910100001841784, 0.02822369999194052, 0.044791199994506314, 0.061535999993793666, 0.07808669999940321, 0.09470739999960642, 0.11164309999730904, 0.12810549999994691, 0.14466779999202117, 0.16129760000330862, 0.17814329999964684, 0.19465299999865238, 0.21145930000056978, 0.22799260000465438, 0.24477849999675527, 0.2612665000051493, 0.2778574999974808, 0.2946412000019336, 0.31134289999317843, 0.32792300000437535, 0.3446593999979086, 0.36128399999870453, 0.37795209999603685, 0.39494030000059865]	227.0	337.0	1.0	9b
197	7	go_nogo	0	60	1	nogo	none	[33.0, 46.0, 59.0, 89.0, 119.0, 139.0, 149.0, 153.0, 154.0, 155.0, 155.0, 156.0, 156.0, 156.0, 156.0, 156.0, 156.0, 156.0, 156.0, 156.0, 158.0, 161.0, 162.0, 162.0, 162.0, 162.0, 162.0, 162.0, 162.0, 162.0, 162.0, 162.0, 162.0, 162.0, 162.0, 162.0, 162.0, 162.0, 162.0, 162.0, 162.0, 162.0, 162.0, 162.0, 162.0, 162.0, 162.0, 162.0, 162.0, 162.0, 162.0, 162.0, 162.0, 162.0, 162.0, 162.0, 162.0, 162.0, 162.0, 162.0, 162.0, 162.0, 162.0, 162.0, 162.0, 162.0]	[-246.0, -198.0, -141.0, -28.0, 59.0, 125.0, 160.0, 177.0, 187.0, 189.0, 191.0, 199.0, 208.0, 217.0, 219.0, 219.0, 219.0, 219.0, 219.0, 224.0, 234.0, 240.0, 242.0, 242.0, 243.0, 243.0, 243.0, 243.0, 243.0, 243.0, 243.0, 243.0, 243.0, 243.0, 243.0, 243.0, 243.0, 243.0, 243.0, 243.0, 243.0, 243.0, 243.0, 243.0, 243.0, 243.0, 243.0, 243.0, 243.0, 243.0, 243.0, 243.0, 243.0, 243.0, 243.0, 243.0, 243.0, 243.0, 243.0, 243.0, 243.0, 243.0, 243.0, 243.0, 243.0, 243.0]	[0, 0, 0, 0, 0, 0, 0, 0, 0, 0, 0, 0, 0, 0, 0, 0, 0, 0, 0, 0, 0, 0, 0, 0, 0, 0, 0, 0, 0, 0, 0, 0, 0, 0, 0, 0, 0, 0, 0, 0, 0, 0, 0, 0, 0, 0, 0, 0, 0, 0, 0, 0, 0, 0, 0, 0, 0, 0, 0, 0, 0, 0, 0, 0, 0, 0]	[0, 0, 0, 0, 0, 0, 0, 0, 0, 0, 0, 0, 0, 0, 0, 0, 0, 0, 0, 0, 0, 0, 0, 0, 0, 0, 0, 0, 0, 0, 0, 0, 0, 0, 0, 0, 0, 0, 0, 0, 0, 0, 0, 0, 0, 0, 0, 0, 0, 0, 0, 0, 0, 0, 0, 0, 0, 0, 0, 0, 0, 0, 0, 0, 0, 0]	[0, 0, 0, 0, 0, 0, 0, 0, 0, 0, 0, 0, 0, 0, 0, 0, 0, 0, 0, 0, 0, 0, 0, 0, 0, 0, 0, 0, 0, 0, 0, 0, 0, 0, 0, 0, 0, 0, 0, 0, 0, 0, 0, 0, 0, 0, 0, 0, 0, 0, 0, 0, 0, 0, 0, 0, 0, 0, 0, 0, 0, 0, 0, 0, 0, 0]	[7.310000364668667e-05, 0.011561699997400865, 0.02806320000672713, 0.04490530000475701, 0.061667900008615106, 0.07851570000639185, 0.0949657000019215, 0.11226259999966715, 0.1285171000054106, 0.1450020000047516, 0.16175790000124834, 0.17846940000890754, 0.19516280000971165, 0.2117014000104973, 0.22800760000245646, 0.24468990000605118, 0.26136740000220016, 0.27792380000755657, 0.29486069999984466, 0.31163979999837466, 0.32837770000332966, 0.3453864000039175, 0.361246200001915, 0.3783358000073349, 0.3948530000052415, 0.41151410000748, 0.42815240001073107, 0.4447043999971356, 0.4613223000051221, 0.4781744000065373, 0.49489110001013614, 0.5114257000095677, 0.5281134000106249, 0.5447088000073563, 0.5613011000095867, 0.5782672000059392, 0.594952800005558, 0.6115657000045758, 0.6281272000051104, 0.6448308999970322, 0.6615771000069799, 0.6780567000096198, 0.694929500008584, 0.7115365000063321, 0.728190399997402, 0.7447077000106219, 0.7614277999964543, 0.7780338000011398, 0.7947492000093916, 0.8115726000105496, 0.8283111000055214, 0.8445798000029754, 0.8614728000102332, 0.8778879000019515, 0.8947257999971043, 0.911449300008826, 0.9279769999993732, 0.9444973000063328, 0.9611175000027288, 0.9777269000041997, 0.9944666000083089, 1.0110794000065653, 1.027698899997631, 1.0443302000057884, 1.06107310000516, 1.0777786999969976]	n/a	n/a	1.0	9b
198	7	go_nogo	0	60	4	go	click	[27.0, 27.0, 37.0, 67.0, 103.0, 148.0, 185.0, 227.0, 241.0, 249.0, 254.0, 256.0, 256.0, 256.0, 256.0, 256.0, 256.0, 256.0, 256.0, 256.0, 248.0, 244.0, 240.0, 238.0, 233.0, 228.0, 226.0, 226.0, 226.0, 226.0, 226.0]	[-207.0, -207.0, -163.0, -80.0, 2.0, 77.0, 134.0, 197.0, 217.0, 231.0, 239.0, 243.0, 244.0, 245.0, 245.0, 245.0, 245.0, 245.0, 245.0, 247.0, 263.0, 280.0, 292.0, 301.0, 311.0, 319.0, 323.0, 323.0, 324.0, 324.0, 324.0]	[0, 0, 0, 0, 0, 0, 0, 0, 0, 0, 0, 0, 0, 0, 0, 0, 0, 0, 0, 0, 0, 0, 0, 0, 0, 0, 0, 0, 0, 0, 1]	[0, 0, 0, 0, 0, 0, 0, 0, 0, 0, 0, 0, 0, 0, 0, 0, 0, 0, 0, 0, 0, 0, 0, 0, 0, 0, 0, 0, 0, 0, 0]	[0, 0, 0, 0, 0, 0, 0, 0, 0, 0, 0, 0, 0, 0, 0, 0, 0, 0, 0, 0, 0, 0, 0, 0, 0, 0, 0, 0, 0, 0, 0]	[0.0001917000045068562, 0.010122899999259971, 0.02693320000253152, 0.04346679999434855, 0.060200000007171184, 0.0772315000067465, 0.09349470000597648, 0.11028120000264607, 0.12738970000646077, 0.14413129999593366, 0.1601816000038525, 0.17696579999756068, 0.19361879999632947, 0.2099926999944728, 0.2267707999999402, 0.24327520000224467, 0.2599499000061769, 0.27676989999599755, 0.2934867000003578, 0.31000159999530297, 0.32675300000119023, 0.3434585000068182, 0.36040350000257604, 0.3769548999989638, 0.3932300000014948, 0.40999980000196956, 0.4262864000047557, 0.4434991000016453, 0.45990260000689887, 0.4767260999942664, 0.4937804000073811]	226.0	324.0	0.7	9b
199	7	go_nogo	0	60	7	go	click	[31.0, 31.0, 44.0, 64.0, 88.0, 99.0, 108.0, 123.0, 137.0, 149.0, 158.0, 167.0, 176.0, 184.0, 186.0, 187.0, 187.0, 187.0, 187.0, 189.0, 190.0, 190.0, 191.0, 191.0, 191.0, 191.0]	[-300.0, -300.0, -228.0, -136.0, -32.0, 50.0, 115.0, 183.0, 228.0, 259.0, 284.0, 305.0, 323.0, 338.0, 343.0, 344.0, 345.0, 345.0, 345.0, 348.0, 349.0, 349.0, 349.0, 349.0, 349.0, 349.0]	[0, 0, 0, 0, 0, 0, 0, 0, 0, 0, 0, 0, 0, 0, 0, 0, 0, 0, 0, 0, 0, 0, 0, 0, 0, 1]	[0, 0, 0, 0, 0, 0, 0, 0, 0, 0, 0, 0, 0, 0, 0, 0, 0, 0, 0, 0, 0, 0, 0, 0, 0, 0]	[0, 0, 0, 0, 0, 0, 0, 0, 0, 0, 0, 0, 0, 0, 0, 0, 0, 0, 0, 0, 0, 0, 0, 0, 0, 0]	[7.280000136233866e-05, 0.011096200003521517, 0.027353299999958836, 0.0440387999988161, 0.06083790000411682, 0.07727520000480581, 0.09390790000907145, 0.11050590001104865, 0.12707719999889378, 0.14386240000021644, 0.16062790001160465, 0.17733040000894107, 0.19400960000348277, 0.2107962000009138, 0.22751560001051985, 0.24406199999793898, 0.26049200000124983, 0.277184100006707, 0.29403660001116805, 0.3105887999990955, 0.3272550000110641, 0.3438728000037372, 0.3605417000071611, 0.3770838000054937, 0.3937921000033384, 0.41064420000475366]	191.0	349.0	0.9	9b
200	7	go_nogo	0	60	7	go	click	[97.0, 97.0, 122.0, 168.0, 227.0, 256.0, 275.0, 283.0, 286.0, 286.0, 286.0, 286.0, 287.0, 287.0, 287.0, 287.0, 287.0, 286.0, 286.0, 284.0, 279.0, 275.0, 267.0, 261.0, 252.0, 240.0, 228.0, 222.0, 222.0, 222.0, 222.0]	[-140.0, -140.0, -81.0, 24.0, 160.0, 243.0, 305.0, 337.0, 351.0, 354.0, 355.0, 355.0, 355.0, 355.0, 355.0, 355.0, 355.0, 355.0, 355.0, 355.0, 354.0, 351.0, 347.0, 342.0, 336.0, 327.0, 317.0, 312.0, 312.0, 312.0, 312.0]	[0, 0, 0, 0, 0, 0, 0, 0, 0, 0, 0, 0, 0, 0, 0, 0, 0, 0, 0, 0, 0, 0, 0, 0, 0, 0, 0, 0, 0, 0, 1]	[0, 0, 0, 0, 0, 0, 0, 0, 0, 0, 0, 0, 0, 0, 0, 0, 0, 0, 0, 0, 0, 0, 0, 0, 0, 0, 0, 0, 0, 0, 0]	[0, 0, 0, 0, 0, 0, 0, 0, 0, 0, 0, 0, 0, 0, 0, 0, 0, 0, 0, 0, 0, 0, 0, 0, 0, 0, 0, 0, 0, 0, 0]	[0.00024449999909847975, 0.012022700000670739, 0.028915300004882738, 0.04561010000179522, 0.0623048999987077, 0.07968999999866355, 0.09566659999836702, 0.11266840000462253, 0.12908250000327826, 0.1458439999987604, 0.16213900000730064, 0.179067799996119, 0.19551800000772346, 0.21200189999944996, 0.22882279999612365, 0.24541260000842158, 0.26230580000265036, 0.2787914000073215, 0.2958504999987781, 0.3121238000021549, 0.32880780000414234, 0.34543670000857674, 0.3624621000053594, 0.37895990000106394, 0.3956973000022117, 0.4123866000009002, 0.429016900001443, 0.44557029999850783, 0.4623928000073647, 0.4788525000039954, 0.49583590000111144]	222.0	312.0	0.7	9b
201	7	go_nogo	0	60	3	go	click	[63.0, 79.0, 101.0, 134.0, 159.0, 177.0, 188.0, 195.0, 201.0, 214.0, 220.0, 223.0, 228.0, 229.0, 229.0, 230.0, 230.0, 230.0, 230.0, 230.0, 230.0, 230.0, 230.0, 230.0, 230.0]	[-222.0, -169.0, -115.0, -24.0, 48.0, 102.0, 138.0, 163.0, 184.0, 221.0, 248.0, 273.0, 294.0, 305.0, 308.0, 310.0, 315.0, 324.0, 330.0, 335.0, 335.0, 335.0, 335.0, 335.0, 335.0]	[0, 0, 0, 0, 0, 0, 0, 0, 0, 0, 0, 0, 0, 0, 0, 0, 0, 0, 0, 0, 0, 0, 0, 0, 1]	[0, 0, 0, 0, 0, 0, 0, 0, 0, 0, 0, 0, 0, 0, 0, 0, 0, 0, 0, 0, 0, 0, 0, 0, 0]	[0, 0, 0, 0, 0, 0, 0, 0, 0, 0, 0, 0, 0, 0, 0, 0, 0, 0, 0, 0, 0, 0, 0, 0, 0]	[0.00013290000788401812, 0.01215500000398606, 0.027881100002559833, 0.044399100006558, 0.06135519999952521, 0.07804290000058245, 0.0946719000057783, 0.11118000000715256, 0.12764639999659266, 0.1446589999977732, 0.16110090000438504, 0.17779109999537468, 0.19447390000277665, 0.21104100000229664, 0.2275422999955481, 0.2442334000079427, 0.26098190000629984, 0.2776272000046447, 0.29437080000934657, 0.3107631000020774, 0.32737519999500364, 0.34421530000690836, 0.36073929999838583, 0.37767770000209566, 0.39461930000106804]	230.0	335.0	1.0	9b
202	7	go_nogo	0	60	6	go	click	[34.0, 34.0, 46.0, 74.0, 97.0, 120.0, 139.0, 154.0, 167.0, 176.0, 183.0, 189.0, 197.0, 205.0, 209.0, 210.0, 210.0, 210.0, 210.0, 210.0, 210.0, 210.0, 210.0, 210.0, 210.0]	[-256.0, -256.0, -211.0, -125.0, -47.0, 20.0, 72.0, 114.0, 145.0, 175.0, 194.0, 215.0, 241.0, 264.0, 281.0, 286.0, 286.0, 286.0, 286.0, 286.0, 286.0, 287.0, 287.0, 287.0, 287.0]	[0, 0, 0, 0, 0, 0, 0, 0, 0, 0, 0, 0, 0, 0, 0, 0, 0, 0, 0, 0, 0, 0, 0, 0, 1]	[0, 0, 0, 0, 0, 0, 0, 0, 0, 0, 0, 0, 0, 0, 0, 0, 0, 0, 0, 0, 0, 0, 0, 0, 0]	[0, 0, 0, 0, 0, 0, 0, 0, 0, 0, 0, 0, 0, 0, 0, 0, 0, 0, 0, 0, 0, 0, 0, 0, 0]	[0.00020560000848490745, 0.010572500003036112, 0.027241100004175678, 0.044031099998392165, 0.060458300009486265, 0.07717550000234041, 0.0942881000082707, 0.11055880000640173, 0.12751639999623876, 0.1438726000051247, 0.16075860000273678, 0.17754230000718962, 0.19402260000060778, 0.21065950000775047, 0.2271813999977894, 0.24363090000406373, 0.26035959999717306, 0.27702249999856576, 0.2935605999955442, 0.3102402000076836, 0.327360299997963, 0.34365940000861883, 0.3602716000023065, 0.3770122999994783, 0.3939202000037767]	210.0	287.0	0.7	9b
203	7	go_nogo	0	60	9	nogo	none	[26.0, 26.0, 33.0, 58.0, 85.0, 111.0, 132.0, 145.0, 153.0, 155.0, 155.0, 155.0, 155.0, 155.0, 155.0, 155.0, 155.0, 155.0, 155.0, 155.0, 156.0, 165.0, 175.0, 184.0, 190.0, 193.0, 193.0, 193.0, 193.0, 193.0, 193.0, 193.0, 193.0, 193.0, 193.0, 193.0, 193.0, 193.0, 193.0, 193.0, 193.0, 193.0, 193.0, 193.0, 193.0, 193.0, 193.0, 193.0, 193.0, 193.0, 193.0, 193.0, 193.0, 193.0, 193.0, 193.0, 193.0, 193.0, 193.0, 193.0, 193.0, 193.0, 193.0, 193.0, 193.0, 193.0, 193.0, 193.0, 193.0, 193.0]	[-223.0, -223.0, -183.0, -97.0, -11.0, 64.0, 123.0, 158.0, 181.0, 188.0, 188.0, 188.0, 188.0, 188.0, 188.0, 188.0, 188.0, 188.0, 188.0, 188.0, 190.0, 209.0, 232.0, 256.0, 271.0, 279.0, 281.0, 281.0, 281.0, 281.0, 281.0, 281.0, 281.0, 281.0, 281.0, 281.0, 281.0, 281.0, 281.0, 281.0, 281.0, 281.0, 281.0, 281.0, 281.0, 281.0, 281.0, 281.0, 281.0, 281.0, 281.0, 281.0, 281.0, 281.0, 281.0, 281.0, 281.0, 281.0, 281.0, 281.0, 281.0, 281.0, 281.0, 281.0, 281.0, 281.0, 281.0, 281.0, 281.0, 281.0]	[0, 0, 0, 0, 0, 0, 0, 0, 0, 0, 0, 0, 0, 0, 0, 0, 0, 0, 0, 0, 0, 0, 0, 0, 0, 0, 0, 0, 0, 0, 0, 0, 0, 0, 0, 0, 0, 0, 0, 0, 0, 0, 0, 0, 0, 0, 0, 0, 0, 0, 0, 0, 0, 0, 0, 0, 0, 0, 0, 0, 0, 0, 0, 0, 0, 0, 0, 0, 0, 0]	[0, 0, 0, 0, 0, 0, 0, 0, 0, 0, 0, 0, 0, 0, 0, 0, 0, 0, 0, 0, 0, 0, 0, 0, 0, 0, 0, 0, 0, 0, 0, 0, 0, 0, 0, 0, 0, 0, 0, 0, 0, 0, 0, 0, 0, 0, 0, 0, 0, 0, 0, 0, 0, 0, 0, 0, 0, 0, 0, 0, 0, 0, 0, 0, 0, 0, 0, 0, 0, 0]	[0, 0, 0, 0, 0, 0, 0, 0, 0, 0, 0, 0, 0, 0, 0, 0, 0, 0, 0, 0, 0, 0, 0, 0, 0, 0, 0, 0, 0, 0, 0, 0, 0, 0, 0, 0, 0, 0, 0, 0, 0, 0, 0, 0, 0, 0, 0, 0, 0, 0, 0, 0, 0, 0, 0, 0, 0, 0, 0, 0, 0, 0, 0, 0, 0, 0, 0, 0, 0, 0]	[0.00019789999350905418, 0.009183799993479624, 0.026044199999887496, 0.0424085999984527, 0.059184300000197254, 0.07576919998973608, 0.09256859999732114, 0.10911429999396205, 0.1258698000019649, 0.1422454999992624, 0.15890909999143332, 0.17572970000037458, 0.192359699998633, 0.20921699999598786, 0.2257238000020152, 0.24235879999469034, 0.25907529999676626, 0.2757446999894455, 0.2923822000011569, 0.309326599992346, 0.3259939999989001, 0.34252449999621604, 0.3596271999995224, 0.376429999989341, 0.39305939999758266, 0.4091613999917172, 0.4254777999885846, 0.4421555000008084, 0.4588439999934053, 0.47546809999039397, 0.4927984999958426, 0.5088586999918334, 0.5257712000020547, 0.5422984999895561, 0.558926400000928, 0.5756509999919217, 0.592229399990174, 0.608912199997576, 0.6255935999943176, 0.6423704999906477, 0.658828599989647, 0.6756172000023071, 0.6923973999946611, 0.7090868999948725, 0.7256652999931248, 0.7421919999906095, 0.7589052999974228, 0.7754665999964345, 0.792191799991997, 0.8088080000015907, 0.825312799992389, 0.8422101999894949, 0.8588314999942668, 0.875372199996491, 0.8920819999912055, 0.9086843999975827, 0.9255717999913031, 0.9422434000007343, 0.9587862999906065, 0.975349999993341, 0.99209339999652, 1.0085739999922225, 1.0254137000010815, 1.0418840999918757, 1.058594499991159, 1.075411099998746, 1.0922941000026185, 1.1087185999931535, 1.1254131000023335, 1.1421187999949325]	n/a	n/a	0.9	9b
204	7	go_nogo	0	60	6	go	click	[65.0, 65.0, 108.0, 149.0, 180.0, 212.0, 225.0, 234.0, 238.0, 241.0, 242.0, 243.0, 243.0, 243.0, 243.0, 243.0, 242.0, 240.0, 236.0, 226.0, 214.0, 195.0, 188.0, 184.0, 183.0, 183.0, 183.0, 183.0]	[-258.0, -258.0, -153.0, -42.0, 57.0, 144.0, 186.0, 211.0, 224.0, 234.0, 241.0, 245.0, 246.0, 247.0, 247.0, 248.0, 250.0, 252.0, 254.0, 259.0, 267.0, 279.0, 285.0, 288.0, 290.0, 290.0, 290.0, 290.0]	[0, 0, 0, 0, 0, 0, 0, 0, 0, 0, 0, 0, 0, 0, 0, 0, 0, 0, 0, 0, 0, 0, 0, 0, 0, 0, 0, 1]	[0, 0, 0, 0, 0, 0, 0, 0, 0, 0, 0, 0, 0, 0, 0, 0, 0, 0, 0, 0, 0, 0, 0, 0, 0, 0, 0, 0]	[0, 0, 0, 0, 0, 0, 0, 0, 0, 0, 0, 0, 0, 0, 0, 0, 0, 0, 0, 0, 0, 0, 0, 0, 0, 0, 0, 0]	[8.990000060293823e-05, 0.010701400009565987, 0.027006300006178208, 0.043749500007834285, 0.06033430001116358, 0.07720850000623614, 0.09395439999934752, 0.11078880001150537, 0.1273300000029849, 0.14402520000294317, 0.16070450001279823, 0.1771092000126373, 0.19377250000252388, 0.21026800000981893, 0.22754240001086146, 0.2437495000049239, 0.26049530001182575, 0.2773122000071453, 0.2939537000056589, 0.3105356000014581, 0.32735380000667647, 0.3440444000007119, 0.36035550000087824, 0.37757360000978224, 0.39380140000139363, 0.41040580000844784, 0.42698280001059175, 0.44405360000382643]	183.0	290.0	0.9	9b
205	7	go_nogo	0	60	8	go	click	[60.0, 60.0, 67.0, 83.0, 106.0, 116.0, 127.0, 137.0, 145.0, 150.0, 151.0, 151.0, 151.0, 151.0, 151.0, 151.0, 151.0, 151.0, 155.0, 158.0, 162.0, 163.0, 163.0, 163.0, 164.0, 166.0, 168.0, 168.0, 168.0, 168.0]	[-200.0, -200.0, -156.0, -77.0, 31.0, 85.0, 137.0, 174.0, 201.0, 214.0, 217.0, 217.0, 217.0, 217.0, 217.0, 217.0, 217.0, 218.0, 225.0, 234.0, 241.0, 244.0, 245.0, 245.0, 247.0, 251.0, 257.0, 257.0, 257.0, 257.0]	[0, 0, 0, 0, 0, 0, 0, 0, 0, 0, 0, 0, 0, 0, 0, 0, 0, 0, 0, 0, 0, 0, 0, 0, 0, 0, 0, 0, 0, 1]	[0, 0, 0, 0, 0, 0, 0, 0, 0, 0, 0, 0, 0, 0, 0, 0, 0, 0, 0, 0, 0, 0, 0, 0, 0, 0, 0, 0, 0, 0]	[0, 0, 0, 0, 0, 0, 0, 0, 0, 0, 0, 0, 0, 0, 0, 0, 0, 0, 0, 0, 0, 0, 0, 0, 0, 0, 0, 0, 0, 0]	[0.00019809999503195286, 0.012098499995772727, 0.02861490000213962, 0.04545010000583716, 0.06247900000016671, 0.07926949999819044, 0.09532089999993332, 0.1122408999945037, 0.12891349999699742, 0.14559929999813903, 0.1619823999935761, 0.17875910000293516, 0.1953423999948427, 0.21219779999228194, 0.22876679999171756, 0.24534059999859892, 0.2619795999926282, 0.2791406000033021, 0.2958007999986876, 0.3122676000057254, 0.32869169999321457, 0.3455184000049485, 0.36197420000098646, 0.3788265000039246, 0.39560410000558477, 0.4123293000011472, 0.42855100000451785, 0.44529879999754485, 0.4618315999978222, 0.4788611999974819]	168.0	257.0	1.0	9b
206	7	go_nogo	0	60	2	go	click	[40.0, 48.0, 57.0, 80.0, 104.0, 123.0, 132.0, 138.0, 141.0, 144.0, 144.0, 144.0, 145.0, 145.0, 145.0, 145.0, 145.0, 145.0, 145.0, 145.0, 145.0, 146.0, 146.0, 146.0, 146.0, 146.0, 146.0, 146.0, 146.0, 146.0, 146.0, 146.0, 146.0, 146.0, 146.0, 146.0, 146.0, 146.0, 146.0, 146.0, 146.0, 147.0, 149.0, 153.0, 158.0, 164.0, 165.0, 165.0, 165.0]	[-289.0, -263.0, -231.0, -130.0, -10.0, 97.0, 186.0, 246.0, 284.0, 301.0, 307.0, 308.0, 309.0, 309.0, 309.0, 309.0, 309.0, 309.0, 309.0, 309.0, 309.0, 309.0, 308.0, 308.0, 308.0, 308.0, 308.0, 308.0, 308.0, 308.0, 308.0, 308.0, 308.0, 308.0, 308.0, 308.0, 308.0, 308.0, 308.0, 308.0, 308.0, 308.0, 307.0, 304.0, 301.0, 298.0, 297.0, 297.0, 297.0]	[0, 0, 0, 0, 0, 0, 0, 0, 0, 0, 0, 0, 0, 0, 0, 0, 0, 0, 0, 0, 0, 0, 0, 0, 0, 0, 0, 1, 1, 1, 1, 1, 1, 1, 0, 0, 0, 0, 0, 0, 0, 0, 0, 0, 0, 0, 0, 0, 1]	[0, 0, 0, 0, 0, 0, 0, 0, 0, 0, 0, 0, 0, 0, 0, 0, 0, 0, 0, 0, 0, 0, 0, 0, 0, 0, 0, 0, 0, 0, 0, 0, 0, 0, 0, 0, 0, 0, 0, 0, 0, 0, 0, 0, 0, 0, 0, 0, 0]	[0, 0, 0, 0, 0, 0, 0, 0, 0, 0, 0, 0, 0, 0, 0, 0, 0, 0, 0, 0, 0, 0, 0, 0, 0, 0, 0, 0, 0, 0, 0, 0, 0, 0, 0, 0, 0, 0, 0, 0, 0, 0, 0, 0, 0, 0, 0, 0, 0]	[0.00012900000729132444, 0.01065050000033807, 0.027461100005893968, 0.044319199994788505, 0.06081799999810755, 0.07748870000068564, 0.0940240000054473, 0.11074689999804832, 0.1273430000001099, 0.1446286999998847, 0.16076410000096075, 0.1773183000041172, 0.19407339999452233, 0.2104684000078123, 0.2272448000003351, 0.24364660000719596, 0.2605489999987185, 0.2773092999996152, 0.29390249999414664, 0.3104559000057634, 0.3271960999991279, 0.34413080000376794, 0.3606681999954162, 0.377275799997733, 0.39367740000307094, 0.41039590000582393, 0.4270685999945272, 0.4438795000023674, 0.4602735000080429, 0.4769092000060482, 0.4938698000041768, 0.5105440000043018, 0.5270901000039885, 0.5436171000037575, 0.5605385999951977, 0.5770649000041885, 0.5936053000041284, 0.6102284000080545, 0.6270739000028698, 0.6437686999997823, 0.6606092000001809, 0.677029800004675, 0.6938961999985622, 0.710443200005102, 0.727220100001432, 0.7438952999946196, 0.7602353999973275, 0.7773661999963224, 0.7936640999978408]	165.0	297.0	0.5	9b
207	7	go_nogo	0	60	4	go	click	[46.0, 46.0, 57.0, 87.0, 110.0, 133.0, 156.0, 172.0, 188.0, 199.0, 206.0, 214.0, 222.0, 226.0, 229.0, 230.0, 231.0, 231.0, 231.0, 231.0, 231.0, 231.0, 231.0, 231.0, 231.0, 231.0]	[-234.0, -234.0, -197.0, -114.0, -36.0, 34.0, 109.0, 162.0, 208.0, 231.0, 249.0, 266.0, 291.0, 316.0, 329.0, 332.0, 332.0, 332.0, 332.0, 332.0, 332.0, 332.0, 332.0, 332.0, 332.0, 332.0]	[0, 0, 0, 0, 0, 0, 0, 0, 0, 0, 0, 0, 0, 0, 0, 0, 0, 0, 0, 0, 0, 0, 0, 0, 0, 1]	[0, 0, 0, 0, 0, 0, 0, 0, 0, 0, 0, 0, 0, 0, 0, 0, 0, 0, 0, 0, 0, 0, 0, 0, 0, 0]	[0, 0, 0, 0, 0, 0, 0, 0, 0, 0, 0, 0, 0, 0, 0, 0, 0, 0, 0, 0, 0, 0, 0, 0, 0, 0]	[0.00018840000848285854, 0.010390499999630265, 0.0268940000096336, 0.044026100003975444, 0.06015190000471193, 0.07680130000517238, 0.09349480000673793, 0.11003520000667777, 0.126966399999219, 0.14379860000917688, 0.1605550999956904, 0.17667630000505596, 0.19360559999768157, 0.21017839999694843, 0.2265670000051614, 0.24349310000252444, 0.26009540000814013, 0.27653940000163857, 0.29349930000898894, 0.3099240000010468, 0.3266563000070164, 0.3432442000048468, 0.3599386999994749, 0.37668200000189245, 0.39324770000530407, 0.41011310000612866]	231.0	332.0	0.8	9b
208	7	go_nogo	0	60	7	go	click	[45.0, 45.0, 59.0, 75.0, 93.0, 117.0, 146.0, 165.0, 180.0, 183.0, 187.0, 190.0, 194.0, 197.0, 201.0, 202.0, 202.0, 203.0, 204.0, 207.0, 210.0, 210.0, 210.0, 210.0, 210.0]	[-298.0, -298.0, -237.0, -165.0, -97.0, -19.0, 65.0, 131.0, 179.0, 194.0, 207.0, 222.0, 239.0, 258.0, 271.0, 278.0, 278.0, 281.0, 289.0, 302.0, 318.0, 320.0, 320.0, 320.0, 320.0]	[0, 0, 0, 0, 0, 0, 0, 0, 0, 0, 0, 0, 0, 0, 0, 0, 0, 0, 0, 0, 0, 0, 0, 0, 1]	[0, 0, 0, 0, 0, 0, 0, 0, 0, 0, 0, 0, 0, 0, 0, 0, 0, 0, 0, 0, 0, 0, 0, 0, 0]	[0, 0, 0, 0, 0, 0, 0, 0, 0, 0, 0, 0, 0, 0, 0, 0, 0, 0, 0, 0, 0, 0, 0, 0, 0]	[8.410000009462237e-05, 0.012120600003981963, 0.028572300012456253, 0.045441700000083074, 0.062147500007995404, 0.0788794000109192, 0.0954255000106059, 0.11215980000270065, 0.1288807000091765, 0.14539890000014566, 0.1628161000116961, 0.17927660001441836, 0.1957453000068199, 0.21210940000310075, 0.2287683000031393, 0.24513100000331178, 0.2620782000012696, 0.2786896000034176, 0.2956587000080617, 0.3120544000121299, 0.32914630000595935, 0.3453054000128759, 0.36187470000004396, 0.3785577000089688, 0.39582330000121146]	210.0	320.0	0.5	9b
209	7	go_nogo	0	60	1	nogo	none	[47.0, 47.0, 54.0, 90.0, 115.0, 138.0, 151.0, 157.0, 164.0, 168.0, 173.0, 177.0, 181.0, 183.0, 184.0, 184.0, 184.0, 184.0, 184.0, 184.0, 184.0, 184.0, 184.0, 184.0, 184.0, 184.0, 184.0, 184.0, 184.0, 184.0, 184.0, 184.0, 184.0, 184.0, 184.0, 184.0, 184.0, 184.0, 184.0, 184.0, 184.0, 184.0, 184.0, 184.0, 184.0, 184.0, 184.0, 184.0, 184.0, 184.0, 184.0, 184.0, 184.0, 184.0, 184.0, 184.0, 184.0, 184.0]	[-200.0, -200.0, -157.0, -12.0, 77.0, 152.0, 193.0, 220.0, 234.0, 239.0, 244.0, 250.0, 261.0, 270.0, 275.0, 275.0, 275.0, 275.0, 275.0, 275.0, 275.0, 275.0, 275.0, 275.0, 275.0, 275.0, 275.0, 275.0, 275.0, 275.0, 275.0, 275.0, 275.0, 275.0, 275.0, 275.0, 275.0, 275.0, 275.0, 275.0, 275.0, 275.0, 275.0, 275.0, 275.0, 275.0, 275.0, 275.0, 275.0, 275.0, 275.0, 275.0, 275.0, 275.0, 275.0, 275.0, 275.0, 275.0]	[0, 0, 0, 0, 0, 0, 0, 0, 0, 0, 0, 0, 0, 0, 0, 0, 0, 0, 0, 0, 0, 0, 0, 0, 0, 0, 0, 0, 0, 0, 0, 0, 0, 0, 0, 0, 0, 0, 0, 0, 0, 0, 0, 0, 0, 0, 0, 0, 0, 0, 0, 0, 0, 0, 0, 0, 0, 0]	[0, 0, 0, 0, 0, 0, 0, 0, 0, 0, 0, 0, 0, 0, 0, 0, 0, 0, 0, 0, 0, 0, 0, 0, 0, 0, 0, 0, 0, 0, 0, 0, 0, 0, 0, 0, 0, 0, 0, 0, 0, 0, 0, 0, 0, 0, 0, 0, 0, 0, 0, 0, 0, 0, 0, 0, 0, 0]	[0, 0, 0, 0, 0, 0, 0, 0, 0, 0, 0, 0, 0, 0, 0, 0, 0, 0, 0, 0, 0, 0, 0, 0, 0, 0, 0, 0, 0, 0, 0, 0, 0, 0, 0, 0, 0, 0, 0, 0, 0, 0, 0, 0, 0, 0, 0, 0, 0, 0, 0, 0, 0, 0, 0, 0, 0, 0]	[0.00018579998868517578, 0.01206909999018535, 0.029252699998323806, 0.045257899997523054, 0.06198189999850001, 0.07865949999541044, 0.09513429999060463, 0.11222989999805577, 0.12945009999384638, 0.1455462999874726, 0.1620552999956999, 0.17887799999152776, 0.1953868999989936, 0.2120701999956509, 0.2287069000012707, 0.24545789998956025, 0.26188349998847116, 0.2786381999903824, 0.29527949998737313, 0.31194489999325015, 0.3284500999870943, 0.3452017999952659, 0.3619862999912584, 0.3785621999995783, 0.3951607999915723, 0.4119017999910284, 0.42853389999072533, 0.44505899999057874, 0.46198459999868646, 0.47845919999235775, 0.4951178999908734, 0.5117658999952255, 0.5285211999871535, 0.5451994999893941, 0.5617437999899266, 0.578392299998086, 0.595133299997542, 0.611730799995712, 0.6283766999986256, 0.6451041999971494, 0.6616864999959944, 0.6784022999927402, 0.6951198999886401, 0.711774899988086, 0.7284150999912526, 0.7450473999924725, 0.7616838999965694, 0.7783618999965256, 0.7950826000014786, 0.8117911000008462, 0.8285371999954805, 0.8449197999871103, 0.861613999994006, 0.8782439999922644, 0.8948952999926405, 0.9117409999889787, 0.9287163999979384, 0.9449732999928528]	n/a	n/a	0.7	9b
210	7	go_nogo	0	60	4	go	click	[30.0, 31.0, 35.0, 46.0, 63.0, 83.0, 99.0, 113.0, 133.0, 138.0, 152.0, 157.0, 159.0, 160.0, 160.0, 160.0, 162.0, 168.0, 173.0, 180.0, 183.0, 185.0, 185.0, 186.0, 187.0, 187.0, 187.0]	[-285.0, -260.0, -229.0, -151.0, -64.0, 24.0, 81.0, 124.0, 174.0, 188.0, 220.0, 234.0, 236.0, 237.0, 237.0, 237.0, 241.0, 248.0, 257.0, 269.0, 276.0, 278.0, 279.0, 280.0, 282.0, 283.0, 283.0]	[0, 0, 0, 0, 0, 0, 0, 0, 0, 0, 0, 0, 0, 0, 0, 0, 0, 0, 0, 0, 0, 0, 0, 0, 0, 0, 1]	[0, 0, 0, 0, 0, 0, 0, 0, 0, 0, 0, 0, 0, 0, 0, 0, 0, 0, 0, 0, 0, 0, 0, 0, 0, 0, 0]	[0, 0, 0, 0, 0, 0, 0, 0, 0, 0, 0, 0, 0, 0, 0, 0, 0, 0, 0, 0, 0, 0, 0, 0, 0, 0, 0]	[8.569999772589654e-05, 0.012082300003385171, 0.02880320000986103, 0.04547009999805596, 0.062154700004612096, 0.07894930000475142, 0.09552030000486411, 0.11240929999621585, 0.1291205000015907, 0.14565810000931378, 0.16256650000286754, 0.17869709999649785, 0.19544779999705497, 0.21198950000689365, 0.2286893999989843, 0.2453632000106154, 0.2622639000037452, 0.27897159999702126, 0.2955470000015339, 0.3120643000002019, 0.3286373000009917, 0.3453748000029009, 0.36186930000258144, 0.3784955000010086, 0.3954171000077622, 0.4119768000091426, 0.42898160000913776]	188.0	283.0	0.8	9b
211	7	go_nogo	0	60	3	go	click	[-6.0, -6.0, 4.0, 23.0, 56.0, 73.0, 91.0, 105.0, 120.0, 134.0, 145.0, 152.0, 154.0, 155.0, 155.0, 155.0, 156.0, 158.0, 164.0, 169.0, 173.0, 175.0, 175.0, 175.0, 175.0, 175.0]	[-241.0, -241.0, -197.0, -112.0, 6.0, 71.0, 122.0, 164.0, 201.0, 234.0, 259.0, 273.0, 280.0, 281.0, 281.0, 282.0, 283.0, 288.0, 295.0, 302.0, 308.0, 309.0, 309.0, 309.0, 309.0, 309.0]	[0, 0, 0, 0, 0, 0, 0, 0, 0, 0, 0, 0, 0, 0, 0, 0, 0, 0, 0, 0, 0, 0, 0, 0, 0, 1]	[0, 0, 0, 0, 0, 0, 0, 0, 0, 0, 0, 0, 0, 0, 0, 0, 0, 0, 0, 0, 0, 0, 0, 0, 0, 0]	[0, 0, 0, 0, 0, 0, 0, 0, 0, 0, 0, 0, 0, 0, 0, 0, 0, 0, 0, 0, 0, 0, 0, 0, 0, 0]	[0.000225499999942258, 0.011991599996690638, 0.02849130000686273, 0.04534710000734776, 0.06224820000352338, 0.07865850000234786, 0.09535659999528434, 0.11174150000442751, 0.12841770000522956, 0.14517450000857934, 0.16212190000806004, 0.17851230000087526, 0.19529830000828952, 0.21176659999764524, 0.22869119999813847, 0.24505820000194944, 0.2619233000004897, 0.27870480000274256, 0.2960484000068391, 0.31178069999441504, 0.3283556999958819, 0.3450784000015119, 0.36158789999899454, 0.3783538999996381, 0.3950068999984069, 0.4120301000075415]	175.0	309.0	0.7	9b
212	7	go_nogo	0	60	3	go	click	[49.0, 49.0, 76.0, 104.0, 124.0, 141.0, 153.0, 158.0, 164.0, 167.0, 170.0, 173.0, 177.0, 180.0, 181.0, 181.0, 181.0, 181.0, 181.0, 181.0, 181.0, 181.0, 181.0]	[-259.0, -259.0, -177.0, -83.0, 17.0, 104.0, 164.0, 198.0, 219.0, 236.0, 251.0, 278.0, 302.0, 314.0, 316.0, 316.0, 316.0, 316.0, 316.0, 316.0, 316.0, 316.0, 316.0]	[0, 0, 0, 0, 0, 0, 0, 0, 0, 0, 0, 0, 0, 0, 0, 0, 0, 0, 0, 0, 0, 0, 1]	[0, 0, 0, 0, 0, 0, 0, 0, 0, 0, 0, 0, 0, 0, 0, 0, 0, 0, 0, 0, 0, 0, 0]	[0, 0, 0, 0, 0, 0, 0, 0, 0, 0, 0, 0, 0, 0, 0, 0, 0, 0, 0, 0, 0, 0, 0]	[0.0001581999968038872, 0.011284499996691011, 0.02798060000350233, 0.04463819999364205, 0.061261900002136827, 0.0780908000015188, 0.09460769999714103, 0.11125230000470765, 0.1279828999977326, 0.14458469999954104, 0.16161409999767784, 0.17877420000149868, 0.19448629999533296, 0.2115720000001602, 0.22784979999414645, 0.24455210000451189, 0.2611008999956539, 0.27774289999797475, 0.2943922999984352, 0.31104459999187384, 0.327868699998362, 0.3444960000051651, 0.36138230000506155]	181.0	316.0	1.0	9b
213	7	go_nogo	0	60	6	go	click	[28.0, 33.0, 37.0, 42.0, 49.0, 51.0, 59.0, 67.0, 80.0, 93.0, 99.0, 102.0, 103.0, 103.0, 104.0, 106.0, 108.0, 111.0, 113.0, 121.0, 130.0, 140.0, 146.0, 154.0, 163.0, 171.0, 177.0, 182.0, 185.0, 186.0, 186.0, 186.0, 186.0]	[-279.0, -256.0, -229.0, -181.0, -135.0, -89.0, -1.0, 61.0, 107.0, 135.0, 152.0, 160.0, 163.0, 164.0, 166.0, 168.0, 172.0, 175.0, 178.0, 188.0, 199.0, 210.0, 220.0, 230.0, 241.0, 251.0, 260.0, 270.0, 275.0, 277.0, 277.0, 277.0, 277.0]	[0, 0, 0, 0, 0, 0, 0, 0, 0, 0, 0, 0, 0, 0, 0, 0, 0, 0, 0, 0, 0, 0, 0, 0, 0, 0, 0, 0, 0, 0, 0, 0, 1]	[0, 0, 0, 0, 0, 0, 0, 0, 0, 0, 0, 0, 0, 0, 0, 0, 0, 0, 0, 0, 0, 0, 0, 0, 0, 0, 0, 0, 0, 0, 0, 0, 0]	[0, 0, 0, 0, 0, 0, 0, 0, 0, 0, 0, 0, 0, 0, 0, 0, 0, 0, 0, 0, 0, 0, 0, 0, 0, 0, 0, 0, 0, 0, 0, 0, 0]	[0.00010039999324362725, 0.012369499992928468, 0.028743199989548884, 0.04556489999231417, 0.06227889998990577, 0.07880940000177361, 0.09554599999682978, 0.11234710000280757, 0.12878569999884348, 0.14549070000066422, 0.16219649999402463, 0.17864820000249892, 0.19547849999798927, 0.21219489999930374, 0.2289139999920735, 0.24565009999787435, 0.2621500999957789, 0.2789327999926172, 0.29559840000001714, 0.3121233999991091, 0.32878599999821745, 0.34540609999385197, 0.36205289998906665, 0.3787759999977425, 0.39546849999169353, 0.41202760000305716, 0.4288120999990497, 0.4454717999906279, 0.4620637999905739, 0.4786213999905158, 0.49526749999495223, 0.512087099996279, 0.5285062999901129]	186.0	277.0	0.6	9b
214	7	go_nogo	0	60	2	go	click	[54.0, 54.0, 62.0, 91.0, 108.0, 122.0, 139.0, 162.0, 188.0, 203.0, 210.0, 216.0, 220.0, 226.0, 228.0, 229.0, 229.0, 230.0, 232.0, 234.0, 235.0, 236.0, 236.0, 236.0, 236.0, 236.0, 236.0, 236.0, 236.0, 236.0, 236.0, 236.0, 236.0]	[-211.0, -211.0, -183.0, -99.0, -48.0, -11.0, 26.0, 66.0, 113.0, 144.0, 168.0, 187.0, 202.0, 217.0, 230.0, 232.0, 235.0, 238.0, 246.0, 255.0, 263.0, 267.0, 269.0, 269.0, 269.0, 269.0, 269.0, 269.0, 269.0, 269.0, 269.0, 269.0, 269.0]	[0, 0, 0, 0, 0, 0, 0, 0, 0, 0, 0, 0, 0, 0, 0, 0, 0, 0, 0, 0, 0, 0, 0, 0, 0, 0, 0, 0, 0, 0, 0, 0, 1]	[0, 0, 0, 0, 0, 0, 0, 0, 0, 0, 0, 0, 0, 0, 0, 0, 0, 0, 0, 0, 0, 0, 0, 0, 0, 0, 0, 0, 0, 0, 0, 0, 0]	[0, 0, 0, 0, 0, 0, 0, 0, 0, 0, 0, 0, 0, 0, 0, 0, 0, 0, 0, 0, 0, 0, 0, 0, 0, 0, 0, 0, 0, 0, 0, 0, 0]	[0.00024140000459738076, 0.009747000003699213, 0.02680059999693185, 0.04339279999840073, 0.06013090000487864, 0.07681350001075771, 0.0933363000076497, 0.10995920001005288, 0.12787579999712761, 0.14333210000768304, 0.15990540001075715, 0.17681230000744108, 0.1932197999994969, 0.21025200000440236, 0.22666929999832064, 0.24352889999863692, 0.26020650001009926, 0.27638070000102744, 0.29312680001021363, 0.30975330001092516, 0.3263708000013139, 0.3430149000050733, 0.35975600000529084, 0.37638470000820234, 0.3932319000014104, 0.4098214999976335, 0.4263651000073878, 0.44300030000158586, 0.4597191000066232, 0.4764800999982981, 0.4929858000105014, 0.5097741000063252, 0.5267325000022538]	236.0	269.0	0.7	9b
215	7	go_nogo	0	60	4	go	click	[1.0, 3.0, 5.0, 12.0, 19.0, 32.0, 47.0, 66.0, 87.0, 104.0, 124.0, 134.0, 139.0, 141.0, 142.0, 142.0, 143.0, 145.0, 149.0, 155.0, 162.0, 165.0, 167.0, 171.0, 187.0, 192.0, 192.0, 193.0]	[-274.0, -248.0, -222.0, -172.0, -125.0, -65.0, -1.0, 61.0, 120.0, 159.0, 199.0, 219.0, 229.0, 234.0, 235.0, 236.0, 237.0, 241.0, 246.0, 255.0, 260.0, 265.0, 267.0, 273.0, 294.0, 301.0, 302.0, 302.0]	[0, 0, 0, 0, 0, 0, 0, 0, 0, 0, 0, 0, 0, 0, 0, 0, 0, 0, 0, 0, 0, 0, 0, 0, 0, 0, 0, 1]	[0, 0, 0, 0, 0, 0, 0, 0, 0, 0, 0, 0, 0, 0, 0, 0, 0, 0, 0, 0, 0, 0, 0, 0, 0, 0, 0, 0]	[0, 0, 0, 0, 0, 0, 0, 0, 0, 0, 0, 0, 0, 0, 0, 0, 0, 0, 0, 0, 0, 0, 0, 0, 0, 0, 0, 0]	[7.560000813100487e-05, 0.010564199998043478, 0.027375200006645173, 0.04360360000282526, 0.06032610000693239, 0.07680490000348072, 0.09362149999651592, 0.11009119999653194, 0.1269375999982003, 0.1437659000075655, 0.16017679999640677, 0.17729720000352245, 0.1934633000055328, 0.2099997000041185, 0.2267400999990059, 0.2433906000078423, 0.26006600000255276, 0.27687129999685567, 0.29367840000486467, 0.31023250000725966, 0.32672500000626314, 0.34335060000012163, 0.36015220000990666, 0.37708020000718534, 0.3940008000063244, 0.41006550000747666, 0.4266866999969352, 0.44335610000416636]	193.0	302.0	0.6	9b
216	7	go_nogo	0	60	9	nogo	none	[21.0, 29.0, 38.0, 51.0, 66.0, 84.0, 101.0, 122.0, 134.0, 140.0, 145.0, 151.0, 161.0, 165.0, 166.0, 166.0, 166.0, 167.0, 168.0, 172.0, 175.0, 177.0, 178.0, 180.0, 183.0, 184.0, 185.0, 185.0, 186.0, 186.0, 186.0, 186.0, 186.0, 186.0, 186.0, 186.0, 186.0, 186.0, 186.0, 186.0, 186.0, 186.0, 186.0, 186.0, 186.0, 186.0, 186.0, 186.0, 186.0, 186.0, 186.0, 186.0, 186.0, 186.0, 186.0, 186.0, 186.0, 186.0, 186.0, 186.0, 186.0, 186.0, 186.0, 186.0, 186.0, 186.0, 186.0, 186.0, 186.0]	[-269.0, -241.0, -204.0, -133.0, -73.0, -18.0, 29.0, 78.0, 109.0, 140.0, 155.0, 176.0, 207.0, 226.0, 233.0, 234.0, 234.0, 235.0, 240.0, 248.0, 258.0, 261.0, 263.0, 269.0, 275.0, 279.0, 281.0, 281.0, 281.0, 281.0, 281.0, 281.0, 281.0, 281.0, 281.0, 281.0, 281.0, 281.0, 281.0, 281.0, 281.0, 281.0, 281.0, 281.0, 281.0, 281.0, 281.0, 281.0, 281.0, 281.0, 281.0, 281.0, 281.0, 281.0, 281.0, 281.0, 281.0, 281.0, 281.0, 281.0, 281.0, 281.0, 281.0, 281.0, 281.0, 281.0, 281.0, 281.0, 281.0]	[0, 0, 0, 0, 0, 0, 0, 0, 0, 0, 0, 0, 0, 0, 0, 0, 0, 0, 0, 0, 0, 0, 0, 0, 0, 0, 0, 0, 0, 0, 0, 0, 0, 0, 0, 0, 0, 0, 0, 0, 0, 0, 0, 0, 0, 0, 0, 0, 0, 0, 0, 0, 0, 0, 0, 0, 0, 0, 0, 0, 0, 0, 0, 0, 0, 0, 0, 0, 0]	[0, 0, 0, 0, 0, 0, 0, 0, 0, 0, 0, 0, 0, 0, 0, 0, 0, 0, 0, 0, 0, 0, 0, 0, 0, 0, 0, 0, 0, 0, 0, 0, 0, 0, 0, 0, 0, 0, 0, 0, 0, 0, 0, 0, 0, 0, 0, 0, 0, 0, 0, 0, 0, 0, 0, 0, 0, 0, 0, 0, 0, 0, 0, 0, 0, 0, 0, 0, 0]	[0, 0, 0, 0, 0, 0, 0, 0, 0, 0, 0, 0, 0, 0, 0, 0, 0, 0, 0, 0, 0, 0, 0, 0, 0, 0, 0, 0, 0, 0, 0, 0, 0, 0, 0, 0, 0, 0, 0, 0, 0, 0, 0, 0, 0, 0, 0, 0, 0, 0, 0, 0, 0, 0, 0, 0, 0, 0, 0, 0, 0, 0, 0, 0, 0, 0, 0, 0, 0]	[9.14999982342124e-05, 0.011041100005968474, 0.027543800009880215, 0.0441663000092376, 0.06110130000161007, 0.07772580000164453, 0.09432129999913741, 0.11094290000619367, 0.1277983000036329, 0.14438019999943208, 0.1612965000094846, 0.17777560000831727, 0.19442020000133198, 0.21116240000992548, 0.2278229000075953, 0.2442192000016803, 0.2613366000005044, 0.2776436999993166, 0.2943812000012258, 0.31107840000186116, 0.3276066999969771, 0.3443824999994831, 0.36101720000442583, 0.37786400000914, 0.3951385999971535, 0.4109791000082623, 0.4274182000081055, 0.4442396000085864, 0.46080680000886787, 0.47762089999741875, 0.49397350000799634, 0.5106017000071006, 0.5273526000091806, 0.5439723000017693, 0.5608281000022544, 0.5773018000036245, 0.5942054000042845, 0.6108585000038147, 0.6274829000030877, 0.6441685000027064, 0.6607682000030763, 0.6772793999989517, 0.6940541000076337, 0.7105952999991132, 0.7273525000055088, 0.7439824000030058, 0.760956600002828, 0.777489300002344, 0.7941954999987502, 0.811003000009805, 0.8275888000061968, 0.8442343000060646, 0.860914100005175, 0.8774126000062097, 0.8941807000082918, 0.9106674000067869, 0.9275240999995731, 0.9442751000024145, 0.9608469000086188, 0.9775094000069657, 0.994348499996704, 1.0107516999996733, 1.0272804999985965, 1.0441089000087231, 1.0609086000040406, 1.0773772999964422, 1.0941003000043565, 1.1107667000032961, 1.1276060000091093]	n/a	n/a	0.7	9b
217	7	go_nogo	0	60	4	go	click	[44.0, 44.0, 63.0, 85.0, 113.0, 137.0, 155.0, 168.0, 172.0, 173.0, 174.0, 176.0, 177.0, 177.0, 178.0, 178.0, 178.0, 178.0, 178.0, 178.0, 178.0, 178.0, 178.0, 178.0, 178.0, 178.0, 178.0, 178.0, 178.0, 178.0]	[-254.0, -254.0, -177.0, -89.0, 2.0, 83.0, 138.0, 168.0, 178.0, 183.0, 186.0, 191.0, 195.0, 195.0, 195.0, 195.0, 195.0, 195.0, 195.0, 195.0, 197.0, 211.0, 241.0, 255.0, 273.0, 284.0, 289.0, 291.0, 291.0, 291.0]	[0, 0, 0, 0, 0, 0, 0, 0, 0, 0, 0, 0, 0, 0, 0, 0, 0, 0, 0, 0, 0, 0, 0, 0, 0, 0, 0, 0, 0, 1]	[0, 0, 0, 0, 0, 0, 0, 0, 0, 0, 0, 0, 0, 0, 0, 0, 0, 0, 0, 0, 0, 0, 0, 0, 0, 0, 0, 0, 0, 0]	[0, 0, 0, 0, 0, 0, 0, 0, 0, 0, 0, 0, 0, 0, 0, 0, 0, 0, 0, 0, 0, 0, 0, 0, 0, 0, 0, 0, 0, 0]	[7.199999527074397e-05, 0.01251060000504367, 0.028962099997443147, 0.045642199998837896, 0.06253899999137502, 0.0792275999992853, 0.09603159999824129, 0.11278769999626093, 0.1291847999964375, 0.14617480000015348, 0.16233530000317842, 0.17895319999661297, 0.19542750000255182, 0.212417100003222, 0.22875529999146238, 0.2454202999942936, 0.2621971000044141, 0.2790128999913577, 0.2955745999934152, 0.3124485000007553, 0.329060699994443, 0.3458011000038823, 0.36248959999647923, 0.3789961000002222, 0.39569760000449605, 0.41226219999953173, 0.4288737000024412, 0.4456808999966597, 0.46209149999776855, 0.4792483000055654]	178.0	291.0	0.6	9b
218	7	go_nogo	0	60	6	go	click	[77.0, 77.0, 87.0, 112.0, 137.0, 170.0, 210.0, 240.0, 246.0, 249.0, 250.0, 250.0, 251.0, 251.0, 251.0, 251.0, 251.0, 251.0, 251.0, 251.0, 251.0, 251.0, 251.0, 251.0, 251.0, 250.0, 250.0, 250.0, 246.0, 239.0, 221.0, 204.0, 199.0, 198.0, 198.0, 197.0, 197.0]	[-206.0, -206.0, -162.0, -69.0, 25.0, 116.0, 202.0, 275.0, 294.0, 299.0, 302.0, 303.0, 304.0, 305.0, 305.0, 305.0, 305.0, 305.0, 305.0, 305.0, 305.0, 305.0, 305.0, 305.0, 305.0, 305.0, 305.0, 305.0, 305.0, 305.0, 304.0, 303.0, 303.0, 302.0, 302.0, 302.0, 302.0]	[0, 0, 0, 0, 0, 0, 0, 0, 0, 0, 0, 0, 0, 0, 0, 0, 0, 0, 0, 0, 0, 0, 0, 0, 0, 0, 0, 0, 0, 0, 0, 0, 0, 0, 0, 0, 1]	[0, 0, 0, 0, 0, 0, 0, 0, 0, 0, 0, 0, 0, 0, 0, 0, 0, 0, 0, 0, 0, 0, 0, 0, 0, 0, 0, 0, 0, 0, 0, 0, 0, 0, 0, 0, 0]	[0, 0, 0, 0, 0, 0, 0, 0, 0, 0, 0, 0, 0, 0, 0, 0, 0, 0, 0, 0, 0, 0, 0, 0, 0, 0, 0, 0, 0, 0, 0, 0, 0, 0, 0, 0, 0]	[0.00018430000636726618, 0.011641799996141344, 0.028232099997694604, 0.044875000006868504, 0.06155290000606328, 0.07801680000557099, 0.09487159999844152, 0.11209589999634773, 0.12849659999483265, 0.14484010000887793, 0.1616966000001412, 0.17813529999693856, 0.194781400001375, 0.21136860000842717, 0.22807510000711773, 0.24466290000418667, 0.26160369999706745, 0.2782913999981247, 0.2947206999961054, 0.3113747000024887, 0.32814009999856353, 0.3447697000083281, 0.3614623000030406, 0.3782039000070654, 0.39497570000821725, 0.4113517000077991, 0.4280856999976095, 0.44499740000173915, 0.4616027000010945, 0.4780922000063583, 0.49495249999745283, 0.5118156999960775, 0.5280892000009771, 0.5444772000046214, 0.5612229999969713, 0.5777917999948841, 0.5948381000052905]	197.0	302.0	1.0	9b
219	7	go_nogo	0	60	8	go	click	[52.0, 52.0, 65.0, 91.0, 113.0, 135.0, 153.0, 171.0, 181.0, 189.0, 197.0, 206.0, 213.0, 217.0, 217.0, 217.0, 218.0, 218.0, 218.0, 218.0, 218.0, 218.0, 218.0]	[-256.0, -256.0, -222.0, -147.0, -62.0, 23.0, 92.0, 165.0, 198.0, 224.0, 248.0, 271.0, 288.0, 297.0, 298.0, 298.0, 298.0, 298.0, 298.0, 298.0, 298.0, 298.0, 298.0]	[0, 0, 0, 0, 0, 0, 0, 0, 0, 0, 0, 0, 0, 0, 0, 0, 0, 0, 0, 0, 0, 0, 1]	[0, 0, 0, 0, 0, 0, 0, 0, 0, 0, 0, 0, 0, 0, 0, 0, 0, 0, 0, 0, 0, 0, 0]	[0, 0, 0, 0, 0, 0, 0, 0, 0, 0, 0, 0, 0, 0, 0, 0, 0, 0, 0, 0, 0, 0, 0]	[0.0002010999887716025, 0.010057099992991425, 0.02707719999307301, 0.04357529999106191, 0.060416099993744865, 0.07704329999978654, 0.09389989999181125, 0.11032169999089092, 0.12716649999492802, 0.14394159999210387, 0.1600863999919966, 0.1768640999944182, 0.19356869999319315, 0.21018569999432657, 0.2266889999882551, 0.24344489999930374, 0.26006049998977687, 0.27654369999072514, 0.2932414999959292, 0.3100421999988612, 0.3265777999913553, 0.34311949998664204, 0.36055349999514874]	218.0	298.0	0.6	9b
220	7	go_nogo	0	60	2	go	click	[38.0, 38.0, 39.0, 44.0, 58.0, 90.0, 117.0, 136.0, 151.0, 162.0, 170.0, 176.0, 184.0, 189.0, 193.0, 197.0, 203.0, 208.0, 217.0, 221.0, 224.0, 224.0, 224.0, 224.0, 224.0, 224.0, 224.0, 224.0, 224.0, 224.0, 224.0, 224.0]	[-270.0, -270.0, -252.0, -210.0, -155.0, -66.0, -2.0, 50.0, 92.0, 117.0, 139.0, 160.0, 181.0, 198.0, 213.0, 222.0, 234.0, 248.0, 268.0, 283.0, 288.0, 289.0, 289.0, 289.0, 289.0, 289.0, 289.0, 289.0, 289.0, 289.0, 289.0, 289.0]	[0, 0, 0, 0, 0, 0, 0, 0, 0, 0, 0, 0, 0, 0, 0, 0, 0, 0, 0, 0, 0, 0, 0, 0, 0, 0, 0, 0, 0, 0, 0, 1]	[0, 0, 0, 0, 0, 0, 0, 0, 0, 0, 0, 0, 0, 0, 0, 0, 0, 0, 0, 0, 0, 0, 0, 0, 0, 0, 0, 0, 0, 0, 0, 0]	[0, 0, 0, 0, 0, 0, 0, 0, 0, 0, 0, 0, 0, 0, 0, 0, 0, 0, 0, 0, 0, 0, 0, 0, 0, 0, 0, 0, 0, 0, 0, 0]	[0.00026279999292455614, 0.010942199995042756, 0.027658399994834326, 0.0439912000001641, 0.061042999994242564, 0.07780079999065492, 0.09470519999740645, 0.1108786999975564, 0.12729249999392778, 0.14392489999590907, 0.16066829999908805, 0.177323099997011, 0.1941915999923367, 0.21095779999450315, 0.22741609999502543, 0.24427450000075623, 0.2608923999941908, 0.2781131999945501, 0.29410339999594726, 0.3106365999992704, 0.32740199999534525, 0.343721999990521, 0.3605334000021685, 0.37713280000025406, 0.3938934999896446, 0.4106039000034798, 0.42708480000146665, 0.4437432999984594, 0.4603376000013668, 0.4772159999993164, 0.49373970000306144, 0.5106311999988975]	224.0	289.0	0.5	9b
221	7	go_nogo	0	60	8	go	click	[22.0, 28.0, 34.0, 44.0, 57.0, 64.0, 71.0, 77.0, 82.0, 91.0, 98.0, 104.0, 108.0, 109.0, 109.0, 110.0, 111.0, 115.0, 120.0, 129.0, 139.0, 148.0, 159.0, 164.0, 168.0, 170.0, 174.0, 175.0, 175.0, 175.0, 175.0, 175.0, 175.0]	[-254.0, -222.0, -194.0, -140.0, -91.0, -50.0, -18.0, 11.0, 35.0, 69.0, 92.0, 111.0, 125.0, 130.0, 132.0, 133.0, 136.0, 144.0, 157.0, 181.0, 206.0, 224.0, 246.0, 260.0, 271.0, 278.0, 283.0, 288.0, 290.0, 291.0, 291.0, 291.0, 291.0]	[0, 0, 0, 0, 0, 0, 0, 0, 0, 0, 0, 0, 0, 0, 0, 0, 0, 0, 0, 0, 0, 0, 0, 0, 0, 0, 0, 0, 0, 0, 0, 0, 1]	[0, 0, 0, 0, 0, 0, 0, 0, 0, 0, 0, 0, 0, 0, 0, 0, 0, 0, 0, 0, 0, 0, 0, 0, 0, 0, 0, 0, 0, 0, 0, 0, 0]	[0, 0, 0, 0, 0, 0, 0, 0, 0, 0, 0, 0, 0, 0, 0, 0, 0, 0, 0, 0, 0, 0, 0, 0, 0, 0, 0, 0, 0, 0, 0, 0, 0]	[7.2900002123788e-05, 0.01111640001181513, 0.027509600011399016, 0.04423990000213962, 0.06106020000879653, 0.0775634000019636, 0.09441010000591632, 0.11079289999906905, 0.1277293000021018, 0.14418050000676885, 0.16155000000435393, 0.17802510000183247, 0.19431430000986438, 0.2108526000083657, 0.22736270001041703, 0.24406320000707638, 0.26080970000475645, 0.27739100001053885, 0.2940221000026213, 0.3108158000104595, 0.32738450000761077, 0.3441430000093533, 0.36089750000974163, 0.3774343000113731, 0.39422250000643544, 0.41065260001050774, 0.42728630000783596, 0.44418690000020433, 0.46075070000370033, 0.4774780000007013, 0.4940262000018265, 0.5107397000101628, 0.5276069000101415]	175.0	291.0	0.6	9b
222	7	go_nogo	0	60	4	go	click	[46.0, 46.0, 68.0, 99.0, 139.0, 182.0, 232.0, 276.0, 300.0, 309.0, 316.0, 317.0, 318.0, 319.0, 319.0, 319.0, 319.0, 317.0, 309.0, 302.0, 295.0, 288.0, 268.0, 249.0, 236.0, 228.0, 226.0, 223.0, 221.0, 221.0, 219.0, 218.0, 218.0, 218.0]	[-260.0, -260.0, -207.0, -131.0, -45.0, 41.0, 132.0, 208.0, 252.0, 273.0, 290.0, 296.0, 298.0, 300.0, 300.0, 300.0, 300.0, 303.0, 309.0, 315.0, 320.0, 321.0, 322.0, 322.0, 319.0, 318.0, 317.0, 316.0, 315.0, 314.0, 314.0, 313.0, 313.0, 313.0]	[0, 0, 0, 0, 0, 0, 0, 0, 0, 0, 0, 0, 0, 0, 0, 0, 0, 0, 0, 0, 0, 0, 0, 0, 0, 0, 0, 0, 0, 0, 0, 0, 0, 1]	[0, 0, 0, 0, 0, 0, 0, 0, 0, 0, 0, 0, 0, 0, 0, 0, 0, 0, 0, 0, 0, 0, 0, 0, 0, 0, 0, 0, 0, 0, 0, 0, 0, 0]	[0, 0, 0, 0, 0, 0, 0, 0, 0, 0, 0, 0, 0, 0, 0, 0, 0, 0, 0, 0, 0, 0, 0, 0, 0, 0, 0, 0, 0, 0, 0, 0, 0, 0]	[0.0001041999930748716, 0.012438599995221011, 0.028925799997523427, 0.045611299996380694, 0.06234540000150446, 0.0787306999991415, 0.09557009999116417, 0.11248029999842402, 0.12889089999953285, 0.14563659999112133, 0.16235329999472015, 0.1793096999899717, 0.1959513999900082, 0.21210160000191536, 0.22890360000019427, 0.2454693000036059, 0.26244029999361373, 0.2788300999964122, 0.2958595999953104, 0.3123245000024326, 0.32885849999729544, 0.3455946000030963, 0.36230090000026394, 0.37894280000182334, 0.39545389999693725, 0.41232509999827016, 0.42887509999854956, 0.4459569000027841, 0.46225009999761824, 0.4789472999982536, 0.4954476999992039, 0.5119736999913584, 0.5287834999908227, 0.545630099994014]	218.0	313.0	0.7	9b
223	7	go_nogo	0	60	9	nogo	none	[33.0, 40.0, 52.0, 87.0, 115.0, 133.0, 145.0, 152.0, 160.0, 162.0, 165.0, 167.0, 170.0, 171.0, 172.0, 172.0, 173.0, 174.0, 177.0, 181.0, 184.0, 184.0, 184.0, 184.0, 184.0, 184.0, 184.0, 184.0, 184.0, 184.0, 184.0, 184.0, 184.0, 184.0, 184.0, 184.0, 184.0, 184.0, 184.0, 184.0, 184.0, 184.0, 184.0, 184.0, 184.0, 184.0, 184.0, 184.0, 184.0, 184.0, 184.0, 184.0, 184.0, 184.0, 184.0, 184.0, 184.0, 184.0, 184.0, 184.0, 184.0, 184.0, 184.0, 184.0]	[-217.0, -178.0, -129.0, -22.0, 72.0, 126.0, 157.0, 180.0, 200.0, 211.0, 224.0, 237.0, 249.0, 257.0, 264.0, 266.0, 267.0, 271.0, 281.0, 290.0, 296.0, 296.0, 296.0, 296.0, 296.0, 296.0, 296.0, 296.0, 296.0, 296.0, 296.0, 296.0, 296.0, 296.0, 296.0, 296.0, 296.0, 296.0, 296.0, 296.0, 296.0, 296.0, 296.0, 296.0, 296.0, 296.0, 296.0, 296.0, 296.0, 296.0, 296.0, 296.0, 296.0, 296.0, 296.0, 296.0, 296.0, 296.0, 296.0, 296.0, 296.0, 296.0, 296.0, 296.0]	[0, 0, 0, 0, 0, 0, 0, 0, 0, 0, 0, 0, 0, 0, 0, 0, 0, 0, 0, 0, 0, 0, 0, 0, 0, 0, 0, 0, 0, 0, 0, 0, 0, 0, 0, 0, 0, 0, 0, 0, 0, 0, 0, 0, 0, 0, 0, 0, 0, 0, 0, 0, 0, 0, 0, 0, 0, 0, 0, 0, 0, 0, 0, 0]	[0, 0, 0, 0, 0, 0, 0, 0, 0, 0, 0, 0, 0, 0, 0, 0, 0, 0, 0, 0, 0, 0, 0, 0, 0, 0, 0, 0, 0, 0, 0, 0, 0, 0, 0, 0, 0, 0, 0, 0, 0, 0, 0, 0, 0, 0, 0, 0, 0, 0, 0, 0, 0, 0, 0, 0, 0, 0, 0, 0, 0, 0, 0, 0]	[0, 0, 0, 0, 0, 0, 0, 0, 0, 0, 0, 0, 0, 0, 0, 0, 0, 0, 0, 0, 0, 0, 0, 0, 0, 0, 0, 0, 0, 0, 0, 0, 0, 0, 0, 0, 0, 0, 0, 0, 0, 0, 0, 0, 0, 0, 0, 0, 0, 0, 0, 0, 0, 0, 0, 0, 0, 0, 0, 0, 0, 0, 0, 0]	[0.0002049000031547621, 0.00883099999919068, 0.026117999994312413, 0.04240780000691302, 0.05949529999634251, 0.07621529999596532, 0.09253850000095554, 0.10931280000659171, 0.1259507999930065, 0.14232159999664873, 0.15881560000707395, 0.17571650000172667, 0.1920447000011336, 0.20911070000147447, 0.22553349999361672, 0.24263439999776892, 0.25880989999859594, 0.27564130000246223, 0.29227750000427477, 0.30895150000287686, 0.3254205999983242, 0.34216420000302605, 0.3588263999990886, 0.37537069999962114, 0.39214589999755844, 0.40877710000495426, 0.4253601999953389, 0.44210450000537094, 0.4587799000000814, 0.4753580999968108, 0.492238399994676, 0.5087469999998575, 0.5254053999960888, 0.5420624999969732, 0.5589580999949249, 0.5753131999954348, 0.5919991999980994, 0.6086014000029536, 0.6252351000002818, 0.641980300002615, 0.6585298999998486, 0.6751411000004737, 0.6919752999965567, 0.7085609000059776, 0.725185599992983, 0.7420003000006545, 0.7586600000067847, 0.7752049999980954, 0.7918126000004122, 0.8088169999973616, 0.8251629000005778, 0.8419947999936994, 0.8585576000041328, 0.8752862999972422, 0.8918909000058193, 0.908655599996564, 0.9252082000020891, 0.9419311999954516, 0.9584796999988612, 0.9752717999945162, 0.9917429000051925, 1.0085644000064349, 1.025773500005016, 1.0417519000038737]	n/a	n/a	0.7	9b
224	7	go_nogo	0	60	3	go	click	[48.0, 48.0, 73.0, 98.0, 124.0, 153.0, 170.0, 180.0, 187.0, 189.0, 191.0, 192.0, 193.0, 200.0, 203.0, 204.0, 205.0, 205.0, 207.0, 207.0, 207.0, 207.0, 207.0, 207.0, 207.0]	[-209.0, -209.0, -120.0, -34.0, 45.0, 124.0, 171.0, 200.0, 218.0, 227.0, 234.0, 235.0, 241.0, 255.0, 262.0, 266.0, 269.0, 272.0, 277.0, 282.0, 290.0, 296.0, 298.0, 298.0, 298.0]	[0, 0, 0, 0, 0, 0, 0, 0, 0, 0, 0, 0, 0, 0, 0, 0, 0, 0, 0, 0, 0, 0, 0, 0, 1]	[0, 0, 0, 0, 0, 0, 0, 0, 0, 0, 0, 0, 0, 0, 0, 0, 0, 0, 0, 0, 0, 0, 0, 0, 0]	[0, 0, 0, 0, 0, 0, 0, 0, 0, 0, 0, 0, 0, 0, 0, 0, 0, 0, 0, 0, 0, 0, 0, 0, 0]	[0.00018799999088514596, 0.012030800004140474, 0.028858299992862158, 0.044988800000282936, 0.061591899997438304, 0.07811299999593757, 0.09473799999977928, 0.11162369999510702, 0.1280683999939356, 0.144757899994147, 0.16146479999588337, 0.17849979999300558, 0.1947442999953637, 0.211563799995929, 0.2282126999925822, 0.24512500000128057, 0.2615079999959562, 0.2781863999989582, 0.29522410000208765, 0.31141899999056477, 0.32829879999917466, 0.3446972999954596, 0.3612150999979349, 0.37798920000204816, 0.39499059999070596]	207.0	298.0	0.6	9b
225	7	go_nogo	0	60	6	go	click	[30.0, 30.0, 38.0, 77.0, 114.0, 141.0, 162.0, 173.0, 183.0, 190.0, 197.0, 202.0, 209.0, 213.0, 215.0, 217.0, 219.0, 223.0, 225.0, 227.0, 227.0, 227.0, 227.0, 227.0, 227.0, 227.0]	[-233.0, -233.0, -205.0, -77.0, 4.0, 72.0, 117.0, 147.0, 168.0, 184.0, 199.0, 211.0, 227.0, 236.0, 242.0, 248.0, 254.0, 265.0, 273.0, 279.0, 280.0, 281.0, 282.0, 282.0, 282.0, 282.0]	[0, 0, 0, 0, 0, 0, 0, 0, 0, 0, 0, 0, 0, 0, 0, 0, 0, 0, 0, 0, 0, 0, 0, 0, 0, 1]	[0, 0, 0, 0, 0, 0, 0, 0, 0, 0, 0, 0, 0, 0, 0, 0, 0, 0, 0, 0, 0, 0, 0, 0, 0, 0]	[0, 0, 0, 0, 0, 0, 0, 0, 0, 0, 0, 0, 0, 0, 0, 0, 0, 0, 0, 0, 0, 0, 0, 0, 0, 0]	[0.00019789999350905418, 0.009650099993450567, 0.026905799997621216, 0.04307349999726284, 0.059915299993008375, 0.07660010000108741, 0.0932226000004448, 0.10975869999674615, 0.12652560000424273, 0.14293829999223817, 0.15973030000168364, 0.17622739999205805, 0.19290680000267457, 0.2097187000035774, 0.2263803999958327, 0.24315880000358447, 0.2601176000025589, 0.27633249999780674, 0.29314090000116266, 0.3094686999975238, 0.3262860999966506, 0.34298309999576304, 0.3595883999951184, 0.37654169999586884, 0.39285999999265186, 0.41004180000163615]	227.0	282.0	1.0	9b
226	7	go_nogo	0	60	1	nogo	none	[63.0, 63.0, 72.0, 114.0, 144.0, 171.0, 198.0, 224.0, 241.0, 251.0, 259.0, 263.0, 265.0, 267.0, 267.0, 268.0, 269.0, 270.0, 270.0, 270.0, 270.0, 270.0, 270.0, 270.0, 270.0, 270.0, 270.0, 270.0, 270.0, 270.0, 270.0, 270.0, 270.0, 270.0, 270.0, 270.0, 270.0, 270.0, 270.0, 270.0, 270.0, 270.0, 270.0, 270.0, 270.0, 270.0, 270.0, 270.0, 270.0, 270.0, 270.0, 270.0, 270.0, 270.0, 270.0, 270.0, 270.0, 270.0, 270.0, 270.0, 270.0, 270.0, 270.0]	[-259.0, -259.0, -241.0, -141.0, -72.0, -8.0, 60.0, 121.0, 172.0, 209.0, 232.0, 247.0, 253.0, 260.0, 262.0, 266.0, 270.0, 274.0, 278.0, 282.0, 284.0, 286.0, 286.0, 286.0, 286.0, 286.0, 286.0, 286.0, 286.0, 286.0, 286.0, 286.0, 286.0, 286.0, 286.0, 286.0, 286.0, 286.0, 286.0, 286.0, 286.0, 286.0, 286.0, 286.0, 286.0, 286.0, 286.0, 286.0, 286.0, 286.0, 286.0, 286.0, 286.0, 286.0, 286.0, 286.0, 286.0, 286.0, 286.0, 286.0, 286.0, 286.0, 286.0]	[0, 0, 0, 0, 0, 0, 0, 0, 0, 0, 0, 0, 0, 0, 0, 0, 0, 0, 0, 0, 0, 0, 0, 0, 0, 0, 0, 0, 0, 0, 0, 0, 0, 0, 0, 0, 0, 0, 0, 0, 0, 0, 0, 0, 0, 0, 0, 0, 0, 0, 0, 0, 0, 0, 0, 0, 0, 0, 0, 0, 0, 0, 0]	[0, 0, 0, 0, 0, 0, 0, 0, 0, 0, 0, 0, 0, 0, 0, 0, 0, 0, 0, 0, 0, 0, 0, 0, 0, 0, 0, 0, 0, 0, 0, 0, 0, 0, 0, 0, 0, 0, 0, 0, 0, 0, 0, 0, 0, 0, 0, 0, 0, 0, 0, 0, 0, 0, 0, 0, 0, 0, 0, 0, 0, 0, 0]	[0, 0, 0, 0, 0, 0, 0, 0, 0, 0, 0, 0, 0, 0, 0, 0, 0, 0, 0, 0, 0, 0, 0, 0, 0, 0, 0, 0, 0, 0, 0, 0, 0, 0, 0, 0, 0, 0, 0, 0, 0, 0, 0, 0, 0, 0, 0, 0, 0, 0, 0, 0, 0, 0, 0, 0, 0, 0, 0, 0, 0, 0, 0]	[0.00021660000493284315, 0.01158900000154972, 0.02812160000030417, 0.04500430000189226, 0.06177410000236705, 0.07831909999367781, 0.09507120000489522, 0.11165170000458602, 0.1284966999955941, 0.14499139999679755, 0.1621582999941893, 0.17825620000076015, 0.1950663000025088, 0.2114348000031896, 0.22879579999425914, 0.24581300000136252, 0.26168820000020787, 0.2784332000010181, 0.2949990999914007, 0.31149700000241864, 0.32813149999128655, 0.3447228000004543, 0.3613652999920305, 0.37799929999164306, 0.39473040000302717, 0.41134530000272207, 0.4279735000018263, 0.4446392999961972, 0.4612903999950504, 0.4779936999984784, 0.4947148999926867, 0.5113374999928055, 0.5282265999994706, 0.5446679000015138, 0.5613266000000294, 0.5780924999999115, 0.5946164000051795, 0.6114068000024417, 0.6281101999920793, 0.6447654999938095, 0.6611829000030411, 0.6780413999949815, 0.6948507000051904, 0.7112713999958942, 0.7279288999998244, 0.7447072999930242, 0.7613259999925504, 0.7779047999938484, 0.7944430999923497, 0.8111437000043225, 0.8279618999949889, 0.8445508000004338, 0.8618685999972513, 0.8779671999946004, 0.8947256999963429, 0.9112156000046525, 0.9278778000007151, 0.9445776999928057, 0.961307499994291, 0.9776098000002094, 0.9945427999919048, 1.0111871999979485, 1.0278166999923997]	n/a	n/a	0.9	9b
227	7	go_nogo	0	60	7	go	click	[54.0, 54.0, 72.0, 96.0, 124.0, 151.0, 166.0, 178.0, 189.0, 194.0, 196.0, 200.0, 203.0, 206.0, 206.0, 206.0, 206.0, 206.0, 206.0, 207.0, 210.0, 211.0, 214.0, 214.0, 215.0, 215.0, 215.0, 215.0]	[-247.0, -247.0, -192.0, -124.0, -56.0, 16.0, 62.0, 102.0, 127.0, 144.0, 155.0, 163.0, 175.0, 189.0, 190.0, 190.0, 190.0, 190.0, 190.0, 197.0, 214.0, 236.0, 257.0, 287.0, 296.0, 299.0, 300.0, 300.0]	[0, 0, 0, 0, 0, 0, 0, 0, 0, 0, 0, 0, 0, 0, 0, 0, 0, 0, 0, 0, 0, 0, 0, 0, 0, 0, 0, 1]	[0, 0, 0, 0, 0, 0, 0, 0, 0, 0, 0, 0, 0, 0, 0, 0, 0, 0, 0, 0, 0, 0, 0, 0, 0, 0, 0, 0]	[0, 0, 0, 0, 0, 0, 0, 0, 0, 0, 0, 0, 0, 0, 0, 0, 0, 0, 0, 0, 0, 0, 0, 0, 0, 0, 0, 0]	[0.00020850000146310776, 0.012599199995747767, 0.02868760000274051, 0.04544420000456739, 0.06201850000070408, 0.07862800000293646, 0.09565980000479612, 0.11190790000546258, 0.12888020000536926, 0.14546630000404548, 0.1621037000004435, 0.17873129999497905, 0.19527039999957196, 0.21218030000454746, 0.22874720000254456, 0.24530150000646245, 0.2620985999965342, 0.2785779999976512, 0.29556790000060573, 0.3120906999974977, 0.3286733999993885, 0.34542440000222996, 0.3622444000066025, 0.3788308999937726, 0.3958093999972334, 0.412307000005967, 0.428725999998278, 0.4455600999935996]	215.0	300.0	0.7	9b
228	7	go_nogo	0	60	2	go	click	[75.0, 75.0, 107.0, 148.0, 179.0, 194.0, 199.0, 200.0, 200.0, 200.0, 200.0, 200.0, 200.0, 200.0, 200.0, 200.0, 200.0, 200.0, 200.0, 200.0, 200.0, 200.0]	[-149.0, -149.0, -35.0, 73.0, 175.0, 239.0, 268.0, 277.0, 278.0, 278.0, 278.0, 278.0, 278.0, 279.0, 279.0, 279.0, 279.0, 280.0, 280.0, 280.0, 280.0, 280.0]	[0, 0, 0, 0, 0, 0, 0, 0, 0, 0, 0, 0, 0, 0, 0, 0, 0, 0, 0, 0, 0, 1]	[0, 0, 0, 0, 0, 0, 0, 0, 0, 0, 0, 0, 0, 0, 0, 0, 0, 0, 0, 0, 0, 0]	[0, 0, 0, 0, 0, 0, 0, 0, 0, 0, 0, 0, 0, 0, 0, 0, 0, 0, 0, 0, 0, 0]	[0.00022519999765791, 0.01169569999910891, 0.02764509999542497, 0.044136900003650226, 0.060989499994320795, 0.07763849999173544, 0.09418929999810643, 0.11093509999045637, 0.1273328999959631, 0.14406289999897126, 0.16069279999646824, 0.17735739999625366, 0.1943265000008978, 0.21061270000063814, 0.22742870000365656, 0.24394909999682568, 0.2611051999992924, 0.2773886999930255, 0.2942084999958752, 0.31073589999869, 0.32731340000464115, 0.3444195999909425]	200.0	280.0	0.8	9b
229	7	go_nogo	0	60	7	go	click	[39.0, 39.0, 65.0, 93.0, 109.0, 118.0, 125.0, 131.0, 134.0, 137.0, 138.0, 140.0, 146.0, 147.0, 147.0, 148.0, 148.0, 148.0, 148.0, 151.0, 156.0, 167.0, 175.0, 185.0, 197.0, 202.0, 204.0, 204.0, 204.0, 204.0, 205.0]	[-258.0, -258.0, -179.0, -107.0, -50.0, -4.0, 33.0, 65.0, 86.0, 97.0, 103.0, 111.0, 133.0, 144.0, 150.0, 151.0, 152.0, 152.0, 153.0, 161.0, 176.0, 199.0, 226.0, 250.0, 289.0, 308.0, 315.0, 315.0, 315.0, 315.0, 315.0]	[0, 0, 0, 0, 0, 0, 0, 0, 0, 0, 0, 0, 0, 0, 0, 0, 0, 0, 0, 0, 0, 0, 0, 0, 0, 0, 0, 0, 0, 0, 1]	[0, 0, 0, 0, 0, 0, 0, 0, 0, 0, 0, 0, 0, 0, 0, 0, 0, 0, 0, 0, 0, 0, 0, 0, 0, 0, 0, 0, 0, 0, 0]	[0, 0, 0, 0, 0, 0, 0, 0, 0, 0, 0, 0, 0, 0, 0, 0, 0, 0, 0, 0, 0, 0, 0, 0, 0, 0, 0, 0, 0, 0, 0]	[0.0002027000009547919, 0.011774700004025362, 0.02855950000230223, 0.04516979999607429, 0.06164770000032149, 0.07855400000698864, 0.09489380000741221, 0.11166439999942668, 0.12823410000419244, 0.14497880000271834, 0.1614017999963835, 0.1782692999986466, 0.1948986000061268, 0.21158339999965392, 0.22834940000029746, 0.24497700000938494, 0.2614421000034781, 0.2783255999966059, 0.29486789999646135, 0.3116489000094589, 0.32825550000416115, 0.344871699999203, 0.36167009999917354, 0.3784072999987984, 0.394776200002525, 0.41205830000399146, 0.4281325000047218, 0.4448817000084091, 0.46134510000410955, 0.4784721000032732, 0.4949876000027871]	205.0	315.0	0.5	9b
230	7	go_nogo	0	60	7	go	click	[77.0, 77.0, 92.0, 151.0, 189.0, 218.0, 238.0, 250.0, 258.0, 263.0, 266.0, 266.0, 266.0, 266.0, 266.0, 266.0, 264.0, 260.0, 255.0, 249.0, 242.0, 238.0, 232.0, 227.0, 221.0, 217.0, 217.0, 217.0, 217.0]	[-241.0, -241.0, -195.0, -38.0, 81.0, 179.0, 252.0, 287.0, 314.0, 331.0, 341.0, 345.0, 346.0, 346.0, 346.0, 346.0, 346.0, 344.0, 341.0, 335.0, 329.0, 325.0, 321.0, 316.0, 311.0, 306.0, 306.0, 306.0, 306.0]	[0, 0, 0, 0, 0, 0, 0, 0, 0, 0, 0, 0, 0, 0, 0, 0, 0, 0, 0, 0, 0, 0, 0, 0, 0, 0, 0, 0, 1]	[0, 0, 0, 0, 0, 0, 0, 0, 0, 0, 0, 0, 0, 0, 0, 0, 0, 0, 0, 0, 0, 0, 0, 0, 0, 0, 0, 0, 0]	[0, 0, 0, 0, 0, 0, 0, 0, 0, 0, 0, 0, 0, 0, 0, 0, 0, 0, 0, 0, 0, 0, 0, 0, 0, 0, 0, 0, 0]	[0.00018270000873599201, 0.013438599999062717, 0.030092600005446002, 0.0471665000077337, 0.06382830000075046, 0.08010510000167415, 0.09717680000176188, 0.11356710000836756, 0.1303738999995403, 0.1469470000010915, 0.16348430000653025, 0.1805395999981556, 0.19666490000963677, 0.21324060000188183, 0.22992189999786206, 0.24658760000602342, 0.26347430000896566, 0.28016210001078434, 0.29681820000405423, 0.3131820999988122, 0.3300370000069961, 0.3469908000115538, 0.3633072000084212, 0.38021149999985937, 0.39706280000973493, 0.4132121000002371, 0.43019480000657495, 0.44647080000140704, 0.46361600000818726]	217.0	306.0	0.6	9b
231	7	go_nogo	0	60	3	go	click	[69.0, 69.0, 84.0, 102.0, 115.0, 134.0, 158.0, 184.0, 200.0, 208.0, 212.0, 212.0, 214.0, 214.0, 214.0, 214.0, 214.0, 214.0, 214.0, 214.0, 214.0, 214.0, 214.0, 214.0]	[-241.0, -241.0, -176.0, -108.0, -36.0, 44.0, 122.0, 197.0, 250.0, 279.0, 291.0, 294.0, 300.0, 307.0, 309.0, 309.0, 309.0, 309.0, 309.0, 309.0, 309.0, 309.0, 309.0, 309.0]	[0, 0, 0, 0, 0, 0, 0, 0, 0, 0, 0, 0, 0, 0, 0, 0, 0, 0, 0, 0, 0, 0, 0, 1]	[0, 0, 0, 0, 0, 0, 0, 0, 0, 0, 0, 0, 0, 0, 0, 0, 0, 0, 0, 0, 0, 0, 0, 0]	[0, 0, 0, 0, 0, 0, 0, 0, 0, 0, 0, 0, 0, 0, 0, 0, 0, 0, 0, 0, 0, 0, 0, 0]	[0.00028139998903498054, 0.011465899995528162, 0.027422299986938015, 0.044202699995366856, 0.060761899992940016, 0.07726609999372158, 0.09415520000038669, 0.11064119999355171, 0.12726769999426324, 0.14383609998913016, 0.1605783999984851, 0.17748949999804609, 0.1941956999944523, 0.21059239999158308, 0.22709000000031665, 0.24390519999724347, 0.2606353999872226, 0.27720929999486543, 0.2939046999963466, 0.3105790999979945, 0.3271597999992082, 0.3436920999956783, 0.3606804999872111, 0.3771239999914542]	214.0	309.0	0.7	9b
232	7	go_nogo	0	60	6	go	click	[22.0, 22.0, 45.0, 71.0, 103.0, 136.0, 163.0, 175.0, 182.0, 184.0, 186.0, 189.0, 189.0, 192.0, 199.0, 206.0, 212.0, 216.0, 216.0, 216.0, 216.0, 216.0, 216.0, 216.0]	[-275.0, -275.0, -183.0, -78.0, 28.0, 120.0, 188.0, 221.0, 238.0, 250.0, 256.0, 262.0, 264.0, 271.0, 286.0, 308.0, 325.0, 332.0, 334.0, 334.0, 334.0, 334.0, 334.0, 334.0]	[0, 0, 0, 0, 0, 0, 0, 0, 0, 0, 0, 0, 0, 0, 0, 0, 0, 0, 0, 0, 0, 0, 0, 1]	[0, 0, 0, 0, 0, 0, 0, 0, 0, 0, 0, 0, 0, 0, 0, 0, 0, 0, 0, 0, 0, 0, 0, 0]	[0, 0, 0, 0, 0, 0, 0, 0, 0, 0, 0, 0, 0, 0, 0, 0, 0, 0, 0, 0, 0, 0, 0, 0]	[7.619999814778566e-05, 0.010494899994228035, 0.027161100006196648, 0.044062200002372265, 0.06050160000449978, 0.07726000000548083, 0.09373049999703653, 0.1104641999991145, 0.1269855999998981, 0.1437151999998605, 0.16033379999862518, 0.17688410000118893, 0.1941932000045199, 0.21103489999950398, 0.22728010000719223, 0.2438585000054445, 0.2603025999997044, 0.27708139999595005, 0.29345070000272244, 0.31023040000582114, 0.32689500000560656, 0.34347239999624435, 0.3603374999947846, 0.3774818999954732]	216.0	334.0	0.7	9b
233	7	go_nogo	0	60	9	nogo	none	[22.0, 22.0, 29.0, 46.0, 69.0, 83.0, 88.0, 93.0, 95.0, 100.0, 103.0, 107.0, 109.0, 115.0, 121.0, 124.0, 127.0, 128.0, 131.0, 138.0, 142.0, 146.0, 147.0, 147.0, 147.0, 147.0, 147.0, 147.0, 147.0, 147.0, 147.0, 147.0, 147.0, 147.0, 147.0, 147.0, 147.0, 147.0, 147.0, 147.0, 147.0, 147.0, 147.0, 147.0, 147.0, 147.0, 147.0, 147.0, 147.0, 147.0, 147.0, 147.0, 147.0, 147.0, 147.0, 147.0, 147.0, 147.0, 147.0, 147.0, 147.0, 147.0, 147.0, 147.0, 147.0]	[-233.0, -233.0, -189.0, -106.0, -35.0, 21.0, 59.0, 88.0, 109.0, 130.0, 140.0, 151.0, 160.0, 174.0, 191.0, 203.0, 209.0, 212.0, 216.0, 227.0, 233.0, 239.0, 240.0, 240.0, 240.0, 240.0, 240.0, 240.0, 240.0, 240.0, 240.0, 240.0, 240.0, 240.0, 240.0, 240.0, 240.0, 240.0, 240.0, 240.0, 240.0, 240.0, 240.0, 240.0, 240.0, 240.0, 240.0, 240.0, 240.0, 240.0, 240.0, 240.0, 240.0, 240.0, 240.0, 240.0, 240.0, 240.0, 240.0, 240.0, 240.0, 240.0, 240.0, 240.0, 240.0]	[0, 0, 0, 0, 0, 0, 0, 0, 0, 0, 0, 0, 0, 0, 0, 0, 0, 0, 0, 0, 0, 0, 0, 0, 0, 0, 0, 0, 0, 0, 0, 0, 0, 0, 0, 0, 0, 0, 0, 0, 0, 0, 0, 0, 0, 0, 0, 0, 0, 0, 0, 0, 0, 0, 0, 0, 0, 0, 0, 0, 0, 0, 0, 0, 0]	[0, 0, 0, 0, 0, 0, 0, 0, 0, 0, 0, 0, 0, 0, 0, 0, 0, 0, 0, 0, 0, 0, 0, 0, 0, 0, 0, 0, 0, 0, 0, 0, 0, 0, 0, 0, 0, 0, 0, 0, 0, 0, 0, 0, 0, 0, 0, 0, 0, 0, 0, 0, 0, 0, 0, 0, 0, 0, 0, 0, 0, 0, 0, 0, 0]	[0, 0, 0, 0, 0, 0, 0, 0, 0, 0, 0, 0, 0, 0, 0, 0, 0, 0, 0, 0, 0, 0, 0, 0, 0, 0, 0, 0, 0, 0, 0, 0, 0, 0, 0, 0, 0, 0, 0, 0, 0, 0, 0, 0, 0, 0, 0, 0, 0, 0, 0, 0, 0, 0, 0, 0, 0, 0, 0, 0, 0, 0, 0, 0, 0]	[0.00020979999681003392, 0.011352700006682426, 0.027921300003072247, 0.04456890000437852, 0.061519199996837415, 0.07804120000218973, 0.0945930000016233, 0.1113692000071751, 0.1279039999935776, 0.14534370000183117, 0.16129800000635441, 0.1780018999997992, 0.19492530000570696, 0.21156189999601338, 0.22797819999686908, 0.24489560000074562, 0.2614342000015313, 0.27816319999692496, 0.29552240000339225, 0.31126750000112224, 0.32858929999929387, 0.3448246000043582, 0.3612001000001328, 0.37778150000667665, 0.3946676000050502, 0.4114716000040062, 0.42800139999599196, 0.4447210000071209, 0.4611769000039203, 0.4778863999963505, 0.4946531000023242, 0.5112226000055671, 0.527771599998232, 0.5445110000000568, 0.5610696999938227, 0.5777539999980945, 0.5946251999994274, 0.6110249000048498, 0.6279199999989942, 0.6443566999951145, 0.6612928999966243, 0.6776879999961238, 0.6944598999980371, 0.7110823999973945, 0.7278660000010859, 0.7445046000066213, 0.7610413999937009, 0.7777122999978019, 0.7943519999971613, 0.8109469000046374, 0.8276452999998583, 0.8443559000006644, 0.8610668000037549, 0.8776822999934666, 0.8943576000019675, 0.9111006000021007, 0.9276073999935761, 0.9442930000077467, 0.9610044000000926, 0.9779601000045659, 0.9942726000008406, 1.011055299997679, 1.0276945999939926, 1.0443833000026643, 1.0612827000004472]	n/a	n/a	0.6	9b
234	7	go_nogo	0	60	2	go	click	[45.0, 45.0, 58.0, 90.0, 138.0, 152.0, 198.0, 228.0, 241.0, 245.0, 246.0, 248.0, 248.0, 249.0, 249.0, 249.0, 249.0, 249.0, 249.0, 249.0, 249.0, 249.0, 249.0, 243.0, 235.0, 227.0, 218.0, 213.0, 211.0, 211.0, 211.0]	[-244.0, -244.0, -195.0, -81.0, 78.0, 120.0, 234.0, 292.0, 323.0, 335.0, 342.0, 347.0, 350.0, 351.0, 351.0, 351.0, 351.0, 351.0, 351.0, 351.0, 351.0, 351.0, 349.0, 341.0, 330.0, 318.0, 309.0, 305.0, 303.0, 303.0, 303.0]	[0, 0, 0, 0, 0, 0, 0, 0, 0, 0, 0, 0, 0, 0, 0, 0, 0, 0, 0, 0, 0, 0, 0, 0, 0, 0, 0, 0, 0, 0, 1]	[0, 0, 0, 0, 0, 0, 0, 0, 0, 0, 0, 0, 0, 0, 0, 0, 0, 0, 0, 0, 0, 0, 0, 0, 0, 0, 0, 0, 0, 0, 0]	[0, 0, 0, 0, 0, 0, 0, 0, 0, 0, 0, 0, 0, 0, 0, 0, 0, 0, 0, 0, 0, 0, 0, 0, 0, 0, 0, 0, 0, 0, 0]	[0.00021689999266527593, 0.011931200002436526, 0.02844850000110455, 0.04523530000005849, 0.061872000005678274, 0.07858119999582414, 0.09538420000171755, 0.1118138000019826, 0.12857590000203345, 0.14522599999327213, 0.1618183999962639, 0.17869299999438226, 0.1951645999943139, 0.21183689999452326, 0.22835439999471419, 0.24504979999619536, 0.2625398999953177, 0.2784498999972129, 0.29512599999725353, 0.3117590000038035, 0.32835009999689646, 0.3450742999993963, 0.36173999999300577, 0.378411400000914, 0.3953280999994604, 0.4119232999946689, 0.42849910000222735, 0.4450328999955673, 0.46145899999828544, 0.47826550000172574, 0.4955460000055609]	211.0	303.0	0.6	9b
235	7	go_nogo	0	60	8	go	click	[35.0, 35.0, 42.0, 55.0, 72.0, 99.0, 144.0, 163.0, 172.0, 180.0, 182.0, 184.0, 185.0, 189.0, 192.0, 193.0, 194.0, 196.0, 199.0, 203.0, 205.0, 206.0, 207.0, 207.0, 207.0]	[-280.0, -280.0, -259.0, -210.0, -149.0, -62.0, 74.0, 132.0, 163.0, 181.0, 189.0, 197.0, 204.0, 217.0, 238.0, 241.0, 247.0, 253.0, 268.0, 284.0, 295.0, 303.0, 303.0, 304.0, 304.0]	[0, 0, 0, 0, 0, 0, 0, 0, 0, 0, 0, 0, 0, 0, 0, 0, 0, 0, 0, 0, 0, 0, 0, 0, 1]	[0, 0, 0, 0, 0, 0, 0, 0, 0, 0, 0, 0, 0, 0, 0, 0, 0, 0, 0, 0, 0, 0, 0, 0, 0]	[0, 0, 0, 0, 0, 0, 0, 0, 0, 0, 0, 0, 0, 0, 0, 0, 0, 0, 0, 0, 0, 0, 0, 0, 0]	[0.00021919999562669545, 0.011488999996799976, 0.027773000008892268, 0.04432559999986552, 0.06106750000617467, 0.07793349999701604, 0.09500960000150371, 0.11121360000106506, 0.12764880000031553, 0.14438490000611637, 0.16095669999776874, 0.17770929999824148, 0.19453229999635369, 0.21120990000781603, 0.22765119999530725, 0.24403260000690352, 0.2610718000069028, 0.27792170000611804, 0.2948272000066936, 0.3109930000064196, 0.3277737000025809, 0.3440166000073077, 0.360798399997293, 0.3772568999993382, 0.3942382999957772]	207.0	304.0	0.6	9b
236	7	go_nogo	0	60	6	go	click	[58.0, 58.0, 87.0, 109.0, 135.0, 153.0, 168.0, 177.0, 183.0, 185.0, 186.0, 187.0, 189.0, 191.0, 192.0, 193.0, 193.0, 193.0, 194.0, 194.0, 194.0, 194.0, 194.0, 194.0, 194.0, 194.0]	[-168.0, -168.0, -55.0, 34.0, 105.0, 159.0, 194.0, 220.0, 237.0, 244.0, 246.0, 248.0, 254.0, 262.0, 267.0, 268.0, 269.0, 270.0, 274.0, 279.0, 283.0, 284.0, 284.0, 284.0, 285.0, 285.0]	[0, 0, 0, 0, 0, 0, 0, 0, 0, 0, 0, 0, 0, 0, 0, 0, 0, 0, 0, 0, 0, 0, 0, 0, 0, 1]	[0, 0, 0, 0, 0, 0, 0, 0, 0, 0, 0, 0, 0, 0, 0, 0, 0, 0, 0, 0, 0, 0, 0, 0, 0, 0]	[0, 0, 0, 0, 0, 0, 0, 0, 0, 0, 0, 0, 0, 0, 0, 0, 0, 0, 0, 0, 0, 0, 0, 0, 0, 0]	[0.0003507000074023381, 0.011219799998798408, 0.02779910000390373, 0.04423549999773968, 0.06092780000471976, 0.0775263000105042, 0.09420520000276156, 0.11086790000263136, 0.12757150000834372, 0.1442488000029698, 0.1609082000068156, 0.17777100000239443, 0.19441460000234656, 0.21091390000947285, 0.22743460000492632, 0.24444010001025163, 0.260832300002221, 0.277706599998055, 0.2941285999986576, 0.31080250001105014, 0.3275570000114385, 0.3439212000084808, 0.36082190000161063, 0.3774891000066418, 0.39423299999907613, 0.41129210000508465]	194.0	285.0	0.8	9b
237	7	go_nogo	0	60	8	go	click	[24.0, 24.0, 27.0, 34.0, 55.0, 80.0, 95.0, 109.0, 116.0, 123.0, 129.0, 136.0, 143.0, 148.0, 148.0, 149.0, 150.0, 156.0, 159.0, 161.0, 162.0, 162.0, 162.0, 162.0, 162.0, 162.0, 162.0, 163.0, 163.0, 164.0, 164.0, 164.0, 164.0, 164.0]	[-257.0, -257.0, -219.0, -127.0, 46.0, 135.0, 185.0, 216.0, 235.0, 251.0, 270.0, 286.0, 298.0, 306.0, 309.0, 310.0, 312.0, 322.0, 328.0, 331.0, 332.0, 332.0, 332.0, 332.0, 332.0, 332.0, 332.0, 332.0, 332.0, 332.0, 332.0, 332.0, 332.0, 332.0]	[0, 0, 0, 0, 0, 0, 0, 0, 0, 0, 0, 0, 0, 0, 0, 0, 0, 0, 0, 0, 0, 0, 0, 0, 0, 0, 0, 0, 0, 0, 0, 0, 0, 1]	[0, 0, 0, 0, 0, 0, 0, 0, 0, 0, 0, 0, 0, 0, 0, 0, 0, 0, 0, 0, 0, 0, 0, 0, 0, 0, 0, 0, 0, 0, 0, 0, 0, 0]	[0, 0, 0, 0, 0, 0, 0, 0, 0, 0, 0, 0, 0, 0, 0, 0, 0, 0, 0, 0, 0, 0, 0, 0, 0, 0, 0, 0, 0, 0, 0, 0, 0, 0]	[0.00021800000104121864, 0.009360200012451969, 0.02605900001071859, 0.04272060000221245, 0.0595305000024382, 0.07592810000642203, 0.09266240001306869, 0.10908200000994839, 0.12559500000497792, 0.14227850000315811, 0.1592957000102615, 0.17584390001138672, 0.1924225000111619, 0.20900120001169853, 0.22583290000329725, 0.24250110000139102, 0.2591262000059942, 0.2757374000066193, 0.2922975000110455, 0.30946280001080595, 0.32573660000343807, 0.3422788000025321, 0.3589251000084914, 0.37584210000932217, 0.3922921000048518, 0.40899150000768714, 0.42585220000182744, 0.4422837000020081, 0.4591363000072306, 0.47568150000006426, 0.4924019000027329, 0.5089912000112236, 0.5256997000105912, 0.5425620000023628]	164.0	332.0	1.0	9b
238	7	go_nogo	0	60	8	go	click	[72.0, 72.0, 86.0, 117.0, 144.0, 176.0, 186.0, 193.0, 197.0, 202.0, 205.0, 206.0, 207.0, 207.0, 207.0, 207.0, 207.0, 207.0, 207.0, 207.0, 207.0, 207.0, 207.0]	[-222.0, -222.0, -184.0, -93.0, -7.0, 100.0, 144.0, 177.0, 203.0, 226.0, 245.0, 259.0, 268.0, 272.0, 274.0, 276.0, 278.0, 279.0, 286.0, 292.0, 292.0, 293.0, 293.0]	[0, 0, 0, 0, 0, 0, 0, 0, 0, 0, 0, 0, 0, 0, 0, 0, 0, 0, 0, 0, 0, 0, 1]	[0, 0, 0, 0, 0, 0, 0, 0, 0, 0, 0, 0, 0, 0, 0, 0, 0, 0, 0, 0, 0, 0, 0]	[0, 0, 0, 0, 0, 0, 0, 0, 0, 0, 0, 0, 0, 0, 0, 0, 0, 0, 0, 0, 0, 0, 0]	[0.0002555999963078648, 0.012814799993066117, 0.02943579999555368, 0.0460731999919517, 0.06268179998733103, 0.08139339998888317, 0.09609269999782555, 0.11338409999734722, 0.12942430000111926, 0.1460296000004746, 0.1626232999988133, 0.17943159998685587, 0.19596449998789467, 0.21293699998932425, 0.2296965999994427, 0.24637419999635313, 0.26282889999856707, 0.27935949999664444, 0.2962495999963721, 0.3129047999973409, 0.3296243999939179, 0.3460625000006985, 0.3627976999996463]	207.0	293.0	1.0	9b
239	7	go_nogo	0	60	3	go	click	[34.0, 34.0, 54.0, 81.0, 109.0, 136.0, 162.0, 185.0, 200.0, 209.0, 215.0, 219.0, 219.0, 219.0, 219.0, 219.0, 219.0, 219.0, 219.0, 219.0, 219.0, 219.0, 219.0, 219.0]	[-267.0, -267.0, -201.0, -115.0, -21.0, 62.0, 144.0, 211.0, 257.0, 288.0, 305.0, 315.0, 316.0, 316.0, 316.0, 316.0, 316.0, 316.0, 316.0, 316.0, 317.0, 317.0, 317.0, 317.0]	[0, 0, 0, 0, 0, 0, 0, 0, 0, 0, 0, 0, 0, 0, 0, 0, 0, 0, 0, 0, 0, 0, 0, 1]	[0, 0, 0, 0, 0, 0, 0, 0, 0, 0, 0, 0, 0, 0, 0, 0, 0, 0, 0, 0, 0, 0, 0, 0]	[0, 0, 0, 0, 0, 0, 0, 0, 0, 0, 0, 0, 0, 0, 0, 0, 0, 0, 0, 0, 0, 0, 0, 0]	[0.0002032000047620386, 0.012390200005029328, 0.028885599997011013, 0.04562930000247434, 0.0625688000000082, 0.07923390000360087, 0.0955989999929443, 0.1122313999949256, 0.129031100004795, 0.1456363000033889, 0.16259269999864046, 0.1793714999948861, 0.19543479999992996, 0.21266319999995176, 0.22884690000500996, 0.24535959999775514, 0.2621766999945976, 0.2789557999931276, 0.2956532999960473, 0.31239540000387933, 0.32872750000387896, 0.345456800001557, 0.3622503999940818, 0.37871679999807384]	219.0	317.0	0.7	9b
240	7	go_nogo	0	60	8	go	click	[44.0, 44.0, 52.0, 95.0, 106.0, 143.0, 171.0, 193.0, 205.0, 211.0, 215.0, 218.0, 219.0, 221.0, 222.0, 222.0, 222.0, 222.0, 222.0, 222.0, 222.0, 221.0, 221.0, 221.0, 221.0, 221.0]	[-245.0, -245.0, -213.0, -99.0, -66.0, 28.0, 104.0, 163.0, 198.0, 221.0, 237.0, 248.0, 256.0, 267.0, 277.0, 284.0, 287.0, 291.0, 295.0, 300.0, 305.0, 307.0, 308.0, 308.0, 308.0, 308.0]	[0, 0, 0, 0, 0, 0, 0, 0, 0, 0, 0, 0, 0, 0, 0, 0, 0, 0, 0, 0, 0, 0, 0, 0, 0, 1]	[0, 0, 0, 0, 0, 0, 0, 0, 0, 0, 0, 0, 0, 0, 0, 0, 0, 0, 0, 0, 0, 0, 0, 0, 0, 0]	[0, 0, 0, 0, 0, 0, 0, 0, 0, 0, 0, 0, 0, 0, 0, 0, 0, 0, 0, 0, 0, 0, 0, 0, 0, 0]	[0.0002018000086536631, 0.00988080000388436, 0.02683170000091195, 0.0429699999949662, 0.05976079999527428, 0.07659609999973327, 0.09344460000284016, 0.11038710000866558, 0.1265743999974802, 0.14312330000393558, 0.15983479999704286, 0.17620800000440795, 0.19288580000284128, 0.2094612000073539, 0.2264967999944929, 0.243040800007293, 0.25969780000741594, 0.27644230000441894, 0.2931523000006564, 0.30986059999850113, 0.32647880000877194, 0.34316259999468457, 0.35942809999687597, 0.37643400000524707, 0.3929768999951193, 0.4099488000065321]	221.0	308.0	0.6	9b
241	7	go_nogo	0	60	4	go	click	[32.0, 32.0, 48.0, 60.0, 78.0, 90.0, 101.0, 110.0, 116.0, 123.0, 127.0, 133.0, 136.0, 137.0, 138.0, 139.0, 139.0, 139.0, 140.0, 140.0, 140.0, 140.0, 142.0, 151.0, 158.0, 162.0, 163.0, 166.0, 167.0, 167.0, 168.0, 168.0]	[-281.0, -281.0, -209.0, -112.0, -13.0, 73.0, 140.0, 187.0, 223.0, 252.0, 276.0, 297.0, 310.0, 314.0, 318.0, 324.0, 325.0, 325.0, 325.0, 325.0, 325.0, 325.0, 325.0, 324.0, 321.0, 318.0, 316.0, 314.0, 313.0, 313.0, 313.0, 313.0]	[0, 0, 0, 0, 0, 0, 0, 0, 0, 0, 0, 0, 0, 0, 0, 0, 0, 0, 0, 0, 0, 0, 0, 0, 0, 0, 0, 0, 0, 0, 0, 1]	[0, 0, 0, 0, 0, 0, 0, 0, 0, 0, 0, 0, 0, 0, 0, 0, 0, 0, 0, 0, 0, 0, 0, 0, 0, 0, 0, 0, 0, 0, 0, 0]	[0, 0, 0, 0, 0, 0, 0, 0, 0, 0, 0, 0, 0, 0, 0, 0, 0, 0, 0, 0, 0, 0, 0, 0, 0, 0, 0, 0, 0, 0, 0, 0]	[0.00014640000881627202, 0.010649100004229695, 0.027123799998662435, 0.043682000003173016, 0.06014100000902545, 0.07719340000767261, 0.09356760000810027, 0.11041320000367705, 0.1267818000051193, 0.1436392000032356, 0.16040560000692494, 0.17685730000084732, 0.19366669999726582, 0.2102519000036409, 0.22683660000620876, 0.2437149000033969, 0.26036719999683555, 0.277120400001877, 0.29360520000045653, 0.3103140000021085, 0.32682470000872854, 0.3440790000022389, 0.36064270000497345, 0.37735130000510253, 0.3935613000066951, 0.4103876000008313, 0.42664970000623725, 0.4435439000080805, 0.4601295000029495, 0.47720930000650696, 0.49338970000098925, 0.5107955999992555]	168.0	313.0	0.6	9b
242	7	go_nogo	0	60	3	go	click	[58.0, 58.0, 69.0, 98.0, 141.0, 171.0, 195.0, 207.0, 216.0, 220.0, 223.0, 225.0, 227.0, 230.0, 231.0, 231.0, 231.0, 231.0, 231.0, 231.0, 231.0, 231.0, 231.0, 231.0, 231.0, 231.0]	[-259.0, -259.0, -230.0, -146.0, -7.0, 76.0, 140.0, 173.0, 196.0, 209.0, 222.0, 231.0, 243.0, 252.0, 256.0, 257.0, 257.0, 257.0, 257.0, 257.0, 257.0, 257.0, 257.0, 257.0, 257.0, 257.0]	[0, 0, 0, 0, 0, 0, 0, 0, 0, 0, 0, 0, 0, 0, 0, 0, 0, 0, 0, 0, 0, 0, 0, 0, 0, 1]	[0, 0, 0, 0, 0, 0, 0, 0, 0, 0, 0, 0, 0, 0, 0, 0, 0, 0, 0, 0, 0, 0, 0, 0, 0, 0]	[0, 0, 0, 0, 0, 0, 0, 0, 0, 0, 0, 0, 0, 0, 0, 0, 0, 0, 0, 0, 0, 0, 0, 0, 0, 0]	[0.0001964999974006787, 0.012124199987738393, 0.028651299988268875, 0.045475799997802824, 0.06234559998847544, 0.07904059998691082, 0.09580450000066776, 0.11216439999407157, 0.12873229999968316, 0.14516069999081083, 0.16212499998800922, 0.17864019999979064, 0.1952325999882305, 0.21196219998819288, 0.2286483999923803, 0.2451260999951046, 0.2617469999968307, 0.27858529999502935, 0.2951291999925161, 0.3117070999869611, 0.32859589999134187, 0.3452130999939982, 0.3620949999894947, 0.3785219999990659, 0.39530309999827296, 0.41221859998768196]	231.0	257.0	0.5	9b
243	7	go_nogo	0	60	1	nogo	none	[46.0, 60.0, 70.0, 94.0, 112.0, 129.0, 145.0, 157.0, 176.0, 185.0, 195.0, 199.0, 205.0, 206.0, 207.0, 207.0, 208.0, 209.0, 210.0, 210.0, 211.0, 211.0, 211.0, 211.0, 211.0]	[-278.0, -244.0, -214.0, -136.0, -60.0, 16.0, 78.0, 117.0, 168.0, 199.0, 225.0, 245.0, 259.0, 268.0, 272.0, 276.0, 280.0, 288.0, 299.0, 305.0, 308.0, 308.0, 308.0, 308.0, 308.0]	[0, 0, 0, 0, 0, 0, 0, 0, 0, 0, 0, 0, 0, 0, 0, 0, 0, 0, 0, 0, 0, 0, 0, 0, 1]	[0, 0, 0, 0, 0, 0, 0, 0, 0, 0, 0, 0, 0, 0, 0, 0, 0, 0, 0, 0, 0, 0, 0, 0, 0]	[0, 0, 0, 0, 0, 0, 0, 0, 0, 0, 0, 0, 0, 0, 0, 0, 0, 0, 0, 0, 0, 0, 0, 0, 0]	[7.259999983943999e-05, 0.011891700007254258, 0.02825200000370387, 0.044884999995701946, 0.06167009999626316, 0.07839500000409316, 0.09485750000749249, 0.11140039999736473, 0.12819770000351127, 0.14493080000102054, 0.16167240000504535, 0.1780663999961689, 0.19477010000264272, 0.21172310000110883, 0.22824969999783207, 0.244885099993553, 0.26148560000001453, 0.2781020999973407, 0.2946142000000691, 0.3114772999979323, 0.32806080000591464, 0.3450118000037037, 0.36145379999652505, 0.3779674999968847, 0.3948857999930624]	211.0	308.0	0.7	9b
244	7	go_nogo	0	60	6	go	click	[29.0, 44.0, 51.0, 72.0, 87.0, 106.0, 118.0, 129.0, 139.0, 149.0, 155.0, 164.0, 167.0, 168.0, 169.0, 169.0, 169.0, 169.0, 170.0, 170.0, 170.0, 170.0, 170.0, 172.0, 181.0, 187.0, 190.0, 192.0, 192.0, 193.0, 193.0, 193.0]	[-229.0, -184.0, -144.0, -71.0, 1.0, 74.0, 137.0, 181.0, 216.0, 249.0, 277.0, 311.0, 324.0, 329.0, 331.0, 333.0, 334.0, 336.0, 337.0, 337.0, 337.0, 337.0, 337.0, 336.0, 329.0, 320.0, 316.0, 313.0, 312.0, 312.0, 312.0, 312.0]	[0, 0, 0, 0, 0, 0, 0, 0, 0, 0, 0, 0, 0, 0, 0, 0, 0, 0, 0, 0, 0, 0, 0, 0, 0, 0, 0, 0, 0, 0, 0, 1]	[0, 0, 0, 0, 0, 0, 0, 0, 0, 0, 0, 0, 0, 0, 0, 0, 0, 0, 0, 0, 0, 0, 0, 0, 0, 0, 0, 0, 0, 0, 0, 0]	[0, 0, 0, 0, 0, 0, 0, 0, 0, 0, 0, 0, 0, 0, 0, 0, 0, 0, 0, 0, 0, 0, 0, 0, 0, 0, 0, 0, 0, 0, 0, 0]	[8.659999002702534e-05, 0.009967899997718632, 0.026502599997911602, 0.043416799991973676, 0.059839800000190735, 0.07615149999037385, 0.09297089999017771, 0.1097862000024179, 0.12617969998973422, 0.14316859999962617, 0.15956729999743402, 0.17657619999954477, 0.19306829999550246, 0.20993979999911971, 0.22630239999853075, 0.2429995999991661, 0.2602038999903016, 0.27638979999755975, 0.29294189999927767, 0.30950959998881444, 0.32644959999015555, 0.3427402999950573, 0.3595698999997694, 0.37685669999336824, 0.3935512000025483, 0.4100690999912331, 0.42632499999308493, 0.4428890999988653, 0.45964159999857657, 0.47599049999553245, 0.49270509999769274, 0.5095872999954736]	193.0	312.0	0.6	9b
245	7	go_nogo	0	60	7	go	click	[59.0, 59.0, 62.0, 71.0, 85.0, 106.0, 121.0, 137.0, 149.0, 154.0, 156.0, 160.0, 164.0, 168.0, 168.0, 168.0, 170.0, 172.0, 178.0, 186.0, 187.0, 190.0, 190.0, 190.0, 190.0, 190.0, 190.0, 190.0, 190.0, 190.0, 190.0, 190.0, 190.0, 190.0, 190.0, 190.0, 190.0, 190.0, 190.0, 190.0, 190.0]	[-259.0, -259.0, -232.0, -170.0, -80.0, 20.0, 92.0, 142.0, 181.0, 197.0, 208.0, 221.0, 238.0, 251.0, 257.0, 257.0, 260.0, 265.0, 279.0, 296.0, 300.0, 306.0, 306.0, 307.0, 307.0, 307.0, 307.0, 307.0, 307.0, 307.0, 307.0, 307.0, 307.0, 307.0, 307.0, 307.0, 307.0, 307.0, 307.0, 307.0, 307.0]	[0, 0, 0, 0, 0, 0, 0, 0, 0, 0, 0, 0, 0, 0, 0, 0, 0, 0, 0, 0, 0, 0, 0, 0, 0, 0, 0, 0, 0, 0, 0, 0, 0, 0, 0, 0, 0, 0, 0, 0, 1]	[0, 0, 0, 0, 0, 0, 0, 0, 0, 0, 0, 0, 0, 0, 0, 0, 0, 0, 0, 0, 0, 0, 0, 0, 0, 0, 0, 0, 0, 0, 0, 0, 0, 0, 0, 0, 0, 0, 0, 0, 0]	[0, 0, 0, 0, 0, 0, 0, 0, 0, 0, 0, 0, 0, 0, 0, 0, 0, 0, 0, 0, 0, 0, 0, 0, 0, 0, 0, 0, 0, 0, 0, 0, 0, 0, 0, 0, 0, 0, 0, 0, 0]	[0.0001981999957934022, 0.009982799994759262, 0.026578100005281158, 0.04337929999746848, 0.059992299997247756, 0.07667160000710282, 0.0932874999998603, 0.1102106000034837, 0.1270890000014333, 0.14394320000428706, 0.16000980000535492, 0.17685730000084732, 0.19334640000306536, 0.21021180000388995, 0.22654040000634268, 0.243430200003786, 0.26010490000771824, 0.2766663000074914, 0.2934672999981558, 0.30989689999842085, 0.32655139999405947, 0.34333069999411236, 0.3601159999961965, 0.3765136000001803, 0.39319180000165943, 0.41015920000791084, 0.42644120000477415, 0.4430978000018513, 0.4598318000062136, 0.47640689999388997, 0.49333719999413006, 0.5099142999970354, 0.5266613999992842, 0.5431452000048012, 0.5598452999984147, 0.5765845999994781, 0.5931290000007721, 0.6097716000076616, 0.6263620999961859, 0.6430191999970702, 0.6600672000058694]	190.0	307.0	0.7	9b
246	7	go_nogo	0	60	8	go	click	[56.0, 56.0, 65.0, 84.0, 109.0, 126.0, 145.0, 154.0, 159.0, 162.0, 163.0, 164.0, 166.0, 168.0, 169.0, 169.0, 169.0, 169.0, 169.0, 169.0, 169.0, 169.0, 169.0, 169.0, 169.0]	[-214.0, -214.0, -182.0, -105.0, 14.0, 102.0, 178.0, 229.0, 258.0, 274.0, 283.0, 291.0, 302.0, 317.0, 326.0, 327.0, 327.0, 327.0, 327.0, 327.0, 327.0, 327.0, 327.0, 327.0, 327.0]	[0, 0, 0, 0, 0, 0, 0, 0, 0, 0, 0, 0, 0, 0, 0, 0, 0, 0, 0, 0, 0, 0, 0, 0, 1]	[0, 0, 0, 0, 0, 0, 0, 0, 0, 0, 0, 0, 0, 0, 0, 0, 0, 0, 0, 0, 0, 0, 0, 0, 0]	[0, 0, 0, 0, 0, 0, 0, 0, 0, 0, 0, 0, 0, 0, 0, 0, 0, 0, 0, 0, 0, 0, 0, 0, 0]	[0.00025859999004751444, 0.011165599993546493, 0.027590700003202073, 0.044194199988851324, 0.06109920000017155, 0.07822129999112803, 0.09436570000252686, 0.11125659999379423, 0.12774999999965075, 0.1444721000007121, 0.16085220000240952, 0.1778145999996923, 0.1943730999919353, 0.2110697999887634, 0.22765999998955522, 0.24416209998889826, 0.26060819999838714, 0.2773737999959849, 0.29413349999231286, 0.3107860000018263, 0.3274180000007618, 0.3440122999891173, 0.3606905999913579, 0.37752129998989403, 0.39455689999158494]	170.0	327.0	1.0	9b
247	7	go_nogo	0	60	2	go	click	[61.0, 61.0, 70.0, 94.0, 121.0, 158.0, 171.0, 181.0, 183.0, 188.0, 189.0, 190.0, 191.0, 192.0, 192.0, 193.0, 194.0, 196.0, 196.0, 197.0, 197.0, 197.0, 197.0, 197.0]	[-230.0, -230.0, -194.0, -116.0, -26.0, 109.0, 172.0, 211.0, 218.0, 237.0, 246.0, 254.0, 259.0, 262.0, 267.0, 274.0, 283.0, 289.0, 292.0, 295.0, 296.0, 296.0, 296.0, 296.0]	[0, 0, 0, 0, 0, 0, 0, 0, 0, 0, 0, 0, 0, 0, 0, 0, 0, 0, 0, 0, 0, 0, 0, 1]	[0, 0, 0, 0, 0, 0, 0, 0, 0, 0, 0, 0, 0, 0, 0, 0, 0, 0, 0, 0, 0, 0, 0, 0]	[0, 0, 0, 0, 0, 0, 0, 0, 0, 0, 0, 0, 0, 0, 0, 0, 0, 0, 0, 0, 0, 0, 0, 0]	[0.0001908999984152615, 0.011135399996419437, 0.027629699994577095, 0.04438520000257995, 0.060892299996339716, 0.07771490000595804, 0.09463829999731388, 0.11120640000444837, 0.12754679999488872, 0.14418960000330117, 0.16080060000240337, 0.17760419999831356, 0.1944325999938883, 0.21089129999745637, 0.2277232000051299, 0.24434259999543428, 0.2610625999950571, 0.27788979999604635, 0.2949679000012111, 0.31143539999902714, 0.3275761999975657, 0.34419980000529904, 0.3608807999989949, 0.3780486000032397]	197.0	296.0	0.8	9b
248	7	go_nogo	0	60	4	go	click	[72.0, 72.0, 105.0, 146.0, 178.0, 203.0, 221.0, 232.0, 241.0, 246.0, 250.0, 254.0, 255.0, 256.0, 257.0, 257.0, 257.0, 257.0, 257.0, 257.0, 257.0, 256.0, 254.0, 248.0, 241.0, 229.0, 224.0, 220.0, 219.0, 219.0, 219.0, 219.0]	[-226.0, -226.0, -131.0, -23.0, 64.0, 132.0, 186.0, 228.0, 259.0, 278.0, 291.0, 302.0, 310.0, 315.0, 318.0, 318.0, 320.0, 323.0, 324.0, 325.0, 326.0, 327.0, 327.0, 327.0, 326.0, 322.0, 319.0, 318.0, 317.0, 317.0, 317.0, 317.0]	[0, 0, 0, 0, 0, 0, 0, 0, 0, 0, 0, 0, 0, 0, 0, 0, 0, 0, 0, 0, 0, 0, 0, 0, 0, 0, 0, 0, 0, 0, 0, 1]	[0, 0, 0, 0, 0, 0, 0, 0, 0, 0, 0, 0, 0, 0, 0, 0, 0, 0, 0, 0, 0, 0, 0, 0, 0, 0, 0, 0, 0, 0, 0, 0]	[0, 0, 0, 0, 0, 0, 0, 0, 0, 0, 0, 0, 0, 0, 0, 0, 0, 0, 0, 0, 0, 0, 0, 0, 0, 0, 0, 0, 0, 0, 0, 0]	[0.00020909999147988856, 0.012762400001520291, 0.02857959999528248, 0.044936399994185194, 0.061947199996211566, 0.0787071999948239, 0.09524199999577831, 0.11163489999307785, 0.12829739999142475, 0.14532389999658335, 0.16240380000090227, 0.17849769999156706, 0.19525249999423977, 0.2118542999960482, 0.22820759999740403, 0.24501369999779854, 0.2619133999978658, 0.27818519998982083, 0.29517139999370556, 0.3118800999945961, 0.32851019999361597, 0.34522989999095444, 0.36176409998734016, 0.3788285999908112, 0.3951663999905577, 0.41208179999375716, 0.42909429999417625, 0.4450495999917621, 0.46172419999493286, 0.4783815999981016, 0.49495129998831544, 0.5121167999895988]	219.0	317.0	0.5	9b
249	7	go_nogo	0	60	1	nogo	none	[18.0, 18.0, 36.0, 62.0, 96.0, 123.0, 144.0, 157.0, 165.0, 171.0, 174.0, 176.0, 177.0, 177.0, 177.0, 177.0, 177.0, 178.0, 179.0, 180.0, 180.0, 180.0, 180.0, 180.0, 180.0, 180.0, 180.0, 180.0, 180.0, 180.0, 180.0, 180.0, 180.0, 180.0, 180.0, 180.0, 180.0, 180.0, 180.0, 180.0, 180.0, 180.0, 180.0, 180.0, 180.0, 180.0, 180.0, 180.0, 180.0, 180.0, 180.0, 180.0, 180.0, 180.0, 180.0, 180.0, 180.0, 180.0, 180.0, 180.0, 180.0, 180.0, 180.0, 180.0]	[-294.0, -294.0, -234.0, -155.0, -64.0, 26.0, 100.0, 150.0, 179.0, 195.0, 206.0, 215.0, 224.0, 224.0, 224.0, 224.0, 224.0, 227.0, 235.0, 244.0, 249.0, 251.0, 251.0, 251.0, 251.0, 251.0, 251.0, 251.0, 251.0, 251.0, 251.0, 251.0, 251.0, 251.0, 251.0, 251.0, 251.0, 251.0, 251.0, 251.0, 251.0, 251.0, 251.0, 251.0, 251.0, 251.0, 251.0, 251.0, 251.0, 251.0, 251.0, 251.0, 251.0, 251.0, 251.0, 251.0, 251.0, 251.0, 251.0, 251.0, 251.0, 251.0, 251.0, 251.0]	[0, 0, 0, 0, 0, 0, 0, 0, 0, 0, 0, 0, 0, 0, 0, 0, 0, 0, 0, 0, 0, 0, 0, 0, 0, 0, 0, 0, 0, 0, 0, 0, 0, 0, 0, 0, 0, 0, 0, 0, 0, 0, 0, 0, 0, 0, 0, 0, 0, 0, 0, 0, 0, 0, 0, 0, 0, 0, 0, 0, 0, 0, 0, 0]	[0, 0, 0, 0, 0, 0, 0, 0, 0, 0, 0, 0, 0, 0, 0, 0, 0, 0, 0, 0, 0, 0, 0, 0, 0, 0, 0, 0, 0, 0, 0, 0, 0, 0, 0, 0, 0, 0, 0, 0, 0, 0, 0, 0, 0, 0, 0, 0, 0, 0, 0, 0, 0, 0, 0, 0, 0, 0, 0, 0, 0, 0, 0, 0]	[0, 0, 0, 0, 0, 0, 0, 0, 0, 0, 0, 0, 0, 0, 0, 0, 0, 0, 0, 0, 0, 0, 0, 0, 0, 0, 0, 0, 0, 0, 0, 0, 0, 0, 0, 0, 0, 0, 0, 0, 0, 0, 0, 0, 0, 0, 0, 0, 0, 0, 0, 0, 0, 0, 0, 0, 0, 0, 0, 0, 0, 0, 0, 0]	[7.989999721758068e-05, 0.009349800006020814, 0.025688900001114234, 0.04209489999630023, 0.058993200000259094, 0.07553980000375304, 0.09229620000405703, 0.10929710000345949, 0.12554599999566562, 0.14228880000882782, 0.15891250000277068, 0.175516700008302, 0.1919964999979129, 0.20862689999921713, 0.22522390000813175, 0.24198120000073686, 0.25886139999784064, 0.275502200005576, 0.2921457000047667, 0.3087647000065772, 0.32536740000068676, 0.3420905999955721, 0.35862890000862535, 0.3753389000048628, 0.39188690000446513, 0.4083390000014333, 0.4252742999960901, 0.4420079999981681, 0.45848110000952147, 0.4752098000026308, 0.4918261999991955, 0.508505799996783, 0.5252365000051213, 0.5418860000063432, 0.5584642000030726, 0.5752513000043109, 0.5918622000026517, 0.6085997000045609, 0.6251465000095777, 0.6418637000024319, 0.6584610999998404, 0.6751905999990413, 0.6917946000030497, 0.7084165999985998, 0.7251796000055037, 0.7417315000056988, 0.7585689999978058, 0.7752385000057984, 0.7918150000041351, 0.8083501000073738, 0.8249275999987731, 0.8417879000044195, 0.8584961000015028, 0.8751274999958696, 0.8918436999956612, 0.9082846999954199, 0.9251650000078371, 0.9418065000063507, 0.9584972000011476, 0.9751037000096403, 0.9918398000008892, 1.0083554000011645, 1.0250405999977374, 1.0416262000071583]	n/a	n/a	0.7	9b
250	7	go_nogo	0	60	3	go	click	[28.0, 28.0, 46.0, 66.0, 91.0, 119.0, 147.0, 170.0, 179.0, 183.0, 186.0, 188.0, 191.0, 192.0, 192.0, 192.0, 192.0, 192.0, 195.0, 200.0, 202.0, 202.0, 202.0, 202.0, 202.0]	[-258.0, -258.0, -189.0, -120.0, -30.0, 68.0, 162.0, 232.0, 261.0, 274.0, 280.0, 284.0, 291.0, 293.0, 294.0, 294.0, 294.0, 295.0, 300.0, 308.0, 313.0, 314.0, 314.0, 314.0, 314.0]	[0, 0, 0, 0, 0, 0, 0, 0, 0, 0, 0, 0, 0, 0, 0, 0, 0, 0, 0, 0, 0, 0, 0, 0, 1]	[0, 0, 0, 0, 0, 0, 0, 0, 0, 0, 0, 0, 0, 0, 0, 0, 0, 0, 0, 0, 0, 0, 0, 0, 0]	[0, 0, 0, 0, 0, 0, 0, 0, 0, 0, 0, 0, 0, 0, 0, 0, 0, 0, 0, 0, 0, 0, 0, 0, 0]	[0.00024649999977555126, 0.010762899997644126, 0.02720299999054987, 0.043770299991592765, 0.06016459999955259, 0.07703960000071675, 0.09346259999438189, 0.11011569999391213, 0.1268041000002995, 0.14384569998946972, 0.16041979999863543, 0.17707259999588132, 0.19396669999696314, 0.21055889999843203, 0.22681039999588393, 0.24344259999634232, 0.2603806999977678, 0.2766999000014039, 0.2934171999950195, 0.3102989999897545, 0.32689830000163056, 0.3432440999895334, 0.36004939999838825, 0.37680169999657664, 0.39337479999812786]	202.0	314.0	0.5	9b
251	7	go_nogo	0	60	2	go	click	[16.0, 22.0, 34.0, 69.0, 104.0, 132.0, 151.0, 165.0, 175.0, 183.0, 188.0, 195.0, 196.0, 196.0, 196.0, 196.0, 196.0, 196.0, 196.0, 196.0, 197.0, 197.0]	[-238.0, -210.0, -165.0, -55.0, 52.0, 146.0, 208.0, 246.0, 275.0, 300.0, 317.0, 333.0, 337.0, 337.0, 337.0, 337.0, 337.0, 337.0, 337.0, 338.0, 338.0, 338.0]	[0, 0, 0, 0, 0, 0, 0, 0, 0, 0, 0, 0, 0, 0, 0, 0, 0, 0, 0, 0, 0, 1]	[0, 0, 0, 0, 0, 0, 0, 0, 0, 0, 0, 0, 0, 0, 0, 0, 0, 0, 0, 0, 0, 0]	[0, 0, 0, 0, 0, 0, 0, 0, 0, 0, 0, 0, 0, 0, 0, 0, 0, 0, 0, 0, 0, 0]	[0.0001542999962111935, 0.010734600000432692, 0.027528499995241873, 0.044004899988067336, 0.060693699997500516, 0.077556199990795, 0.0942112999910023, 0.1112888999923598, 0.1273794999870006, 0.14402680000057444, 0.16073859999596607, 0.17733209999278188, 0.19382039998890832, 0.21060779999243096, 0.22733819999848492, 0.2439309999899706, 0.26075139999738894, 0.27735089999623597, 0.2942528999992646, 0.3108693999965908, 0.3272061999887228, 0.3442330999969272]	197.0	338.0	0.5	9b
252	7	go_nogo	0	60	9	nogo	none	[25.0, 25.0, 41.0, 55.0, 77.0, 94.0, 105.0, 113.0, 121.0, 125.0, 129.0, 131.0, 136.0, 143.0, 147.0, 148.0, 149.0, 150.0, 155.0, 162.0, 169.0, 175.0, 178.0, 179.0, 179.0, 179.0, 179.0, 179.0, 179.0, 179.0, 179.0, 179.0, 179.0, 179.0, 179.0, 179.0, 179.0, 179.0, 179.0, 179.0, 179.0, 179.0, 179.0, 179.0, 179.0, 179.0, 179.0, 179.0, 179.0, 179.0, 179.0, 179.0, 179.0, 179.0, 179.0, 179.0, 179.0, 179.0, 179.0, 179.0, 179.0, 179.0, 179.0, 179.0, 179.0, 179.0]	[-252.0, -252.0, -180.0, -97.0, -16.0, 45.0, 84.0, 113.0, 136.0, 153.0, 164.0, 172.0, 185.0, 197.0, 208.0, 212.0, 215.0, 219.0, 226.0, 240.0, 255.0, 271.0, 279.0, 281.0, 282.0, 282.0, 282.0, 282.0, 282.0, 282.0, 282.0, 282.0, 282.0, 282.0, 282.0, 282.0, 282.0, 282.0, 282.0, 282.0, 282.0, 282.0, 282.0, 282.0, 282.0, 282.0, 282.0, 282.0, 282.0, 282.0, 282.0, 282.0, 282.0, 282.0, 282.0, 282.0, 282.0, 282.0, 282.0, 282.0, 282.0, 282.0, 282.0, 282.0, 282.0, 282.0]	[0, 0, 0, 0, 0, 0, 0, 0, 0, 0, 0, 0, 0, 0, 0, 0, 0, 0, 0, 0, 0, 0, 0, 0, 0, 0, 0, 0, 0, 0, 0, 0, 0, 0, 0, 0, 0, 0, 0, 0, 0, 0, 0, 0, 0, 0, 0, 0, 0, 0, 0, 0, 0, 0, 0, 0, 0, 0, 0, 0, 0, 0, 0, 0, 0, 0]	[0, 0, 0, 0, 0, 0, 0, 0, 0, 0, 0, 0, 0, 0, 0, 0, 0, 0, 0, 0, 0, 0, 0, 0, 0, 0, 0, 0, 0, 0, 0, 0, 0, 0, 0, 0, 0, 0, 0, 0, 0, 0, 0, 0, 0, 0, 0, 0, 0, 0, 0, 0, 0, 0, 0, 0, 0, 0, 0, 0, 0, 0, 0, 0, 0, 0]	[0, 0, 0, 0, 0, 0, 0, 0, 0, 0, 0, 0, 0, 0, 0, 0, 0, 0, 0, 0, 0, 0, 0, 0, 0, 0, 0, 0, 0, 0, 0, 0, 0, 0, 0, 0, 0, 0, 0, 0, 0, 0, 0, 0, 0, 0, 0, 0, 0, 0, 0, 0, 0, 0, 0, 0, 0, 0, 0, 0, 0, 0, 0, 0, 0, 0]	[0.00029680000443477184, 0.010102100000949576, 0.026474400001461618, 0.04306470000301488, 0.05976530000043567, 0.07677010000043083, 0.09290770000370685, 0.10975049999251496, 0.12659529999655206, 0.14310030000342522, 0.15992999999434687, 0.1765330000052927, 0.1930448999919463, 0.2098489000054542, 0.22681619999639224, 0.24286810000194237, 0.2595071999967331, 0.2763025000022026, 0.29288310000265483, 0.30980889999773353, 0.32630190000054426, 0.3433031000022311, 0.3597704999992857, 0.3762414999946486, 0.39280990000406746, 0.4093486999918241, 0.4259390999941388, 0.4425617999950191, 0.4594356000015978, 0.476347399991937, 0.49277490000531543, 0.5093078999925638, 0.5259585000021616, 0.5427478000055999, 0.5592402000038419, 0.5759146000054898, 0.5924901999969734, 0.6091556000028504, 0.6260448999964865, 0.6426188000041293, 0.6601168000051985, 0.6760928000003332, 0.6928116999915801, 0.7094940999959363, 0.7260139999998501, 0.7427518000040436, 0.7594108000048436, 0.7762128000031225, 0.7927351999969687, 0.8094798999954946, 0.8261388999962946, 0.8427542999997968, 0.8596428000018932, 0.8760525999969104, 0.8927213999995729, 0.9094026999955531, 0.9261129999940749, 0.9426428000006126, 0.9591944999992847, 0.9759194999933243, 0.9924113000015495, 1.0091124000027776, 1.0259057999937795, 1.0424634999944828, 1.0590779000049224, 1.0759308999986388]	n/a	n/a	0.7	9b
253	8	go_nogo	0	60	9	nogo	none	[78.0, 78.0, 102.0, 144.0, 184.0, 217.0, 233.0, 236.0, 236.0, 236.0, 236.0, 236.0, 236.0, 236.0, 236.0, 236.0, 236.0, 236.0, 236.0, 236.0, 236.0, 236.0, 236.0, 236.0, 236.0, 236.0, 236.0, 236.0, 236.0, 236.0, 236.0, 236.0, 236.0, 236.0, 236.0, 236.0, 236.0, 236.0, 236.0, 236.0, 236.0, 236.0, 236.0, 236.0, 236.0, 236.0, 236.0, 236.0, 236.0, 236.0, 236.0, 236.0]	[-227.0, -227.0, -172.0, -49.0, 86.0, 199.0, 271.0, 300.0, 302.0, 302.0, 302.0, 302.0, 302.0, 303.0, 303.0, 303.0, 303.0, 303.0, 303.0, 303.0, 303.0, 303.0, 303.0, 303.0, 303.0, 303.0, 303.0, 303.0, 303.0, 303.0, 303.0, 303.0, 303.0, 303.0, 303.0, 303.0, 303.0, 303.0, 303.0, 303.0, 303.0, 303.0, 303.0, 303.0, 303.0, 303.0, 303.0, 303.0, 303.0, 303.0, 303.0, 303.0]	[0, 0, 0, 0, 0, 0, 0, 0, 0, 0, 0, 0, 0, 0, 0, 0, 0, 0, 0, 0, 0, 0, 0, 0, 0, 0, 0, 0, 0, 0, 0, 0, 0, 0, 0, 0, 0, 0, 0, 0, 0, 0, 0, 0, 0, 0, 0, 0, 0, 0, 0, 0]	[0, 0, 0, 0, 0, 0, 0, 0, 0, 0, 0, 0, 0, 0, 0, 0, 0, 0, 0, 0, 0, 0, 0, 0, 0, 0, 0, 0, 0, 0, 0, 0, 0, 0, 0, 0, 0, 0, 0, 0, 0, 0, 0, 0, 0, 0, 0, 0, 0, 0, 0, 0]	[0, 0, 0, 0, 0, 0, 0, 0, 0, 0, 0, 0, 0, 0, 0, 0, 0, 0, 0, 0, 0, 0, 0, 0, 0, 0, 0, 0, 0, 0, 0, 0, 0, 0, 0, 0, 0, 0, 0, 0, 0, 0, 0, 0, 0, 0, 0, 0, 0, 0, 0, 0]	[0.000182100004167296, 0.010577699998975731, 0.027281499991659075, 0.04383919999236241, 0.06052339999587275, 0.07721580000361428, 0.09411679999902844, 0.11060949999955483, 0.12709019999601878, 0.1436907000024803, 0.16040939999220427, 0.17699870000069495, 0.193832899996778, 0.210454000000027, 0.22702279999793973, 0.2435706999967806, 0.26022399999783374, 0.27726639999309555, 0.2936637999955565, 0.3104460000031395, 0.32689709999249317, 0.34363119999761693, 0.36029270000290126, 0.3770321999909356, 0.3937085999932606, 0.41033250000327826, 0.426930599991465, 0.44374689999676775, 0.46032879999256693, 0.47692829999141395, 0.49361550000321586, 0.5102780000015628, 0.5267789999925299, 0.5435744999995222, 0.5603261999931419, 0.5771516999957385, 0.5936484999983804, 0.6101663000008557, 0.6266259999974864, 0.6433684999938123, 0.6599737999931676, 0.6765455999993719, 0.6934108999994351, 0.7100933999900008, 0.726630799996201, 0.7434631999931298, 0.7603027000004658, 0.7768894999899203, 0.7935455999977421, 0.8102364999940619, 0.8268651999969734, 0.8437880999990739]	n/a	n/a	0.8	9b
254	8	go_nogo	0	60	3	go	click	[54.0, 54.0, 70.0, 113.0, 132.0, 149.0, 161.0, 166.0, 170.0, 171.0, 172.0, 172.0, 172.0, 172.0, 172.0, 172.0, 172.0, 172.0, 172.0, 172.0, 172.0, 172.0, 172.0, 172.0]	[-235.0, -235.0, -178.0, -4.0, 99.0, 194.0, 250.0, 282.0, 295.0, 302.0, 306.0, 307.0, 308.0, 308.0, 308.0, 308.0, 308.0, 308.0, 308.0, 308.0, 308.0, 308.0, 308.0, 308.0]	[0, 0, 0, 0, 0, 0, 0, 0, 0, 0, 0, 0, 0, 0, 0, 0, 0, 0, 0, 0, 0, 0, 0, 1]	[0, 0, 0, 0, 0, 0, 0, 0, 0, 0, 0, 0, 0, 0, 0, 0, 0, 0, 0, 0, 0, 0, 0, 0]	[0, 0, 0, 0, 0, 0, 0, 0, 0, 0, 0, 0, 0, 0, 0, 0, 0, 0, 0, 0, 0, 0, 0, 0]	[0.00021939999714959413, 0.011556199999176897, 0.027980200000456534, 0.04526810000243131, 0.06166469999880064, 0.07816089999687392, 0.09461649999138899, 0.11130369998863898, 0.12827699999616016, 0.14469539999845438, 0.1611877999966964, 0.17796239999006502, 0.19426439999369904, 0.2109550000022864, 0.22764789999928325, 0.24448729999130592, 0.2610644999949727, 0.2779725000000326, 0.2946205999905942, 0.3112849000026472, 0.32771640000282787, 0.34422739999718033, 0.36118519998854026, 0.37807919998886064]	172.0	308.0	1.0	9b
255	8	go_nogo	0	60	9	nogo	none	[47.0, 47.0, 62.0, 98.0, 140.0, 180.0, 205.0, 212.0, 216.0, 218.0, 219.0, 220.0, 220.0, 220.0, 220.0, 220.0, 220.0, 220.0, 220.0, 220.0, 220.0, 220.0, 220.0]	[-250.0, -250.0, -208.0, -113.0, 18.0, 141.0, 229.0, 250.0, 260.0, 267.0, 271.0, 275.0, 279.0, 280.0, 280.0, 280.0, 280.0, 280.0, 280.0, 282.0, 282.0, 283.0, 283.0]	[0, 0, 0, 0, 0, 0, 0, 0, 0, 0, 0, 0, 0, 0, 0, 0, 0, 0, 0, 0, 0, 0, 1]	[0, 0, 0, 0, 0, 0, 0, 0, 0, 0, 0, 0, 0, 0, 0, 0, 0, 0, 0, 0, 0, 0, 0]	[0, 0, 0, 0, 0, 0, 0, 0, 0, 0, 0, 0, 0, 0, 0, 0, 0, 0, 0, 0, 0, 0, 0]	[0.0005070000042906031, 0.009662199998274446, 0.026243899992550723, 0.0429537000018172, 0.059752300003310665, 0.07649849999870639, 0.09301860000414308, 0.10995189999812283, 0.12682479999784846, 0.14288679999299347, 0.1594079999922542, 0.17625599999155384, 0.19296359999862034, 0.20953219999501016, 0.2261895999981789, 0.2429816999938339, 0.2594946000026539, 0.2762397000042256, 0.2930701000004774, 0.3094853999937186, 0.32637709999107756, 0.3430596999969566, 0.3597955000004731]	220.0	283.0	0.5	9b
256	8	go_nogo	0	60	7	go	click	[90.0, 90.0, 116.0, 163.0, 196.0, 222.0, 236.0, 241.0, 241.0, 241.0, 241.0, 241.0, 241.0, 241.0, 238.0, 237.0, 237.0, 236.0, 234.0, 231.0, 216.0, 202.0, 187.0, 180.0, 174.0, 173.0, 172.0, 172.0, 172.0]	[-250.0, -250.0, -217.0, -140.0, -49.0, 44.0, 115.0, 154.0, 178.0, 182.0, 185.0, 186.0, 189.0, 192.0, 196.0, 198.0, 199.0, 200.0, 202.0, 208.0, 235.0, 262.0, 292.0, 313.0, 326.0, 331.0, 333.0, 333.0, 333.0]	[0, 0, 0, 0, 0, 0, 0, 0, 0, 0, 0, 0, 0, 0, 0, 0, 0, 0, 0, 0, 0, 0, 0, 0, 0, 0, 0, 0, 1]	[0, 0, 0, 0, 0, 0, 0, 0, 0, 0, 0, 0, 0, 0, 0, 0, 0, 0, 0, 0, 0, 0, 0, 0, 0, 0, 0, 0, 0]	[0, 0, 0, 0, 0, 0, 0, 0, 0, 0, 0, 0, 0, 0, 0, 0, 0, 0, 0, 0, 0, 0, 0, 0, 0, 0, 0, 0, 0]	[0.00026309999520890415, 0.011019900004612282, 0.02631620000465773, 0.04300649999640882, 0.05990680000104476, 0.07623000000603497, 0.09306270000524819, 0.10971309999877121, 0.126653700004681, 0.14276770000287797, 0.15933599999698345, 0.17617210000753403, 0.19330909999553114, 0.20982699999876786, 0.22650099999736995, 0.24304200000187848, 0.2598063000041293, 0.2763240000058431, 0.2930138000083389, 0.3100010000052862, 0.32665970000380185, 0.34287700000277255, 0.3595031000004383, 0.376413500009221, 0.3930192999978317, 0.40990310000779573, 0.42601660000218544, 0.44285190000664443, 0.45954270000220276]	172.0	333.0	0.8	9b
257	8	go_nogo	0	60	7	go	click	[69.0, 69.0, 84.0, 114.0, 140.0, 157.0, 195.0, 225.0, 246.0, 257.0, 264.0, 269.0, 269.0, 270.0, 270.0, 270.0, 270.0, 270.0, 270.0, 270.0, 268.0, 268.0, 268.0, 267.0, 264.0, 261.0, 255.0, 248.0, 243.0, 240.0, 237.0, 237.0, 237.0, 237.0, 237.0]	[-239.0, -239.0, -193.0, -106.0, -28.0, 37.0, 153.0, 226.0, 281.0, 312.0, 335.0, 349.0, 356.0, 359.0, 359.0, 359.0, 359.0, 359.0, 359.0, 355.0, 351.0, 350.0, 350.0, 347.0, 344.0, 339.0, 329.0, 320.0, 313.0, 309.0, 306.0, 306.0, 306.0, 306.0, 306.0]	[0, 0, 0, 0, 0, 0, 0, 0, 0, 0, 0, 0, 0, 0, 0, 0, 0, 0, 0, 0, 0, 0, 0, 0, 0, 0, 0, 0, 0, 0, 0, 0, 0, 0, 1]	[0, 0, 0, 0, 0, 0, 0, 0, 0, 0, 0, 0, 0, 0, 0, 0, 0, 0, 0, 0, 0, 0, 0, 0, 0, 0, 0, 0, 0, 0, 0, 0, 0, 0, 0]	[0, 0, 0, 0, 0, 0, 0, 0, 0, 0, 0, 0, 0, 0, 0, 0, 0, 0, 0, 0, 0, 0, 0, 0, 0, 0, 0, 0, 0, 0, 0, 0, 0, 0, 0]	[0.0018044000025838614, 0.012654799997108057, 0.029168599998229183, 0.04614710000168998, 0.062306500010890886, 0.07911820001027081, 0.0959761999984039, 0.11231280000356492, 0.12927610000770073, 0.14559640000516083, 0.1623917000106303, 0.17876540000725072, 0.19586010000784881, 0.2122218000004068, 0.22876430000178516, 0.2454135000007227, 0.2622350000019651, 0.2788594000012381, 0.296227099999669, 0.3124380000081146, 0.3287748000002466, 0.34530549999908544, 0.3621368000021903, 0.3787215000047581, 0.3954978000110714, 0.41217320000578184, 0.42874139999912586, 0.4456553000054555, 0.46213910001097247, 0.4789165999973193, 0.4953000000095926, 0.5120306000026176, 0.5286592000047676, 0.5451472999993712, 0.5622853000095347]	237.0	306.0	0.7	9b
258	8	go_nogo	0	60	6	go	click	[21.0, 21.0, 34.0, 50.0, 69.0, 78.0, 92.0, 100.0, 106.0, 111.0, 115.0, 118.0, 121.0, 123.0, 124.0, 124.0, 124.0, 126.0, 131.0, 137.0, 143.0, 148.0, 150.0, 155.0, 159.0, 163.0, 163.0, 163.0, 163.0, 163.0]	[-250.0, -250.0, -190.0, -115.0, -30.0, 2.0, 59.0, 95.0, 122.0, 137.0, 152.0, 162.0, 171.0, 179.0, 180.0, 180.0, 181.0, 187.0, 200.0, 217.0, 234.0, 244.0, 254.0, 262.0, 273.0, 283.0, 285.0, 285.0, 285.0, 285.0]	[0, 0, 0, 0, 0, 0, 0, 0, 0, 0, 0, 0, 0, 0, 0, 0, 0, 0, 0, 0, 0, 0, 0, 0, 0, 0, 0, 0, 0, 1]	[0, 0, 0, 0, 0, 0, 0, 0, 0, 0, 0, 0, 0, 0, 0, 0, 0, 0, 0, 0, 0, 0, 0, 0, 0, 0, 0, 0, 0, 0]	[0, 0, 0, 0, 0, 0, 0, 0, 0, 0, 0, 0, 0, 0, 0, 0, 0, 0, 0, 0, 0, 0, 0, 0, 0, 0, 0, 0, 0, 0]	[0.00019890000112354755, 0.011962200005655177, 0.02853029999823775, 0.04464170000574086, 0.06177129999559838, 0.07818419999966864, 0.09493180000572465, 0.11148410000896547, 0.12788410000212025, 0.14468359999591485, 0.16125360000296496, 0.17796909999742638, 0.194733800002723, 0.21167140000034124, 0.22783590000472032, 0.24456970000755973, 0.261157800006913, 0.27792560000671074, 0.2946243000042159, 0.31137480000325013, 0.32793080000556074, 0.34469710000848863, 0.36123619999852963, 0.37788780000119004, 0.3948151000076905, 0.4113241000013659, 0.42824920000566635, 0.4445841999986442, 0.4611418999993475, 0.47812210000120103]	163.0	285.0	0.7	9b
259	8	go_nogo	0	60	3	go	click	[53.0, 53.0, 66.0, 89.0, 103.0, 121.0, 140.0, 148.0, 153.0, 156.0, 157.0, 159.0, 160.0, 161.0, 161.0, 161.0, 161.0, 161.0, 161.0, 161.0, 161.0, 161.0, 161.0, 161.0, 161.0, 161.0]	[-218.0, -218.0, -169.0, -69.0, 14.0, 87.0, 160.0, 198.0, 227.0, 247.0, 266.0, 282.0, 295.0, 303.0, 305.0, 305.0, 305.0, 305.0, 305.0, 305.0, 305.0, 305.0, 305.0, 305.0, 305.0, 305.0]	[0, 0, 0, 0, 0, 0, 0, 0, 0, 0, 0, 0, 0, 0, 0, 0, 0, 0, 0, 0, 0, 0, 0, 0, 0, 1]	[0, 0, 0, 0, 0, 0, 0, 0, 0, 0, 0, 0, 0, 0, 0, 0, 0, 0, 0, 0, 0, 0, 0, 0, 0, 0]	[0, 0, 0, 0, 0, 0, 0, 0, 0, 0, 0, 0, 0, 0, 0, 0, 0, 0, 0, 0, 0, 0, 0, 0, 0, 0]	[0.00026119999529328197, 0.00989480000862386, 0.026840599995921366, 0.04345800000010058, 0.06014580000191927, 0.07692059999681078, 0.09371000000101048, 0.11027319999993779, 0.1268607000092743, 0.1435337000002619, 0.1601673999975901, 0.1768341999995755, 0.19361440000648145, 0.21027150000736583, 0.22669239999959245, 0.24332989999675192, 0.2598971999977948, 0.27655750000849366, 0.2933859000040684, 0.3099442000093404, 0.32669000000169035, 0.3431674000021303, 0.3599110000068322, 0.3765501000016229, 0.39317039999878034, 0.4102316000062274]	161.0	305.0	0.7	9b
260	8	go_nogo	0	60	1	nogo	none	[43.0, 43.0, 52.0, 74.0, 95.0, 125.0, 151.0, 170.0, 180.0, 188.0, 194.0, 196.0, 197.0, 197.0, 197.0, 197.0, 197.0, 197.0, 199.0, 199.0, 199.0, 199.0, 199.0, 199.0, 199.0, 199.0, 199.0, 199.0, 199.0, 199.0, 199.0, 199.0, 199.0, 199.0, 199.0, 199.0, 199.0, 199.0, 199.0, 199.0, 199.0, 199.0, 199.0, 199.0, 199.0, 199.0, 199.0, 199.0, 199.0, 199.0, 199.0, 199.0, 199.0, 199.0, 199.0, 199.0, 199.0, 199.0, 199.0, 199.0, 199.0, 199.0]	[-191.0, -191.0, -150.0, -69.0, 8.0, 99.0, 170.0, 234.0, 265.0, 288.0, 306.0, 312.0, 313.0, 313.0, 313.0, 313.0, 313.0, 317.0, 322.0, 323.0, 323.0, 323.0, 323.0, 323.0, 323.0, 323.0, 323.0, 323.0, 323.0, 323.0, 323.0, 323.0, 323.0, 323.0, 323.0, 323.0, 323.0, 323.0, 323.0, 323.0, 323.0, 323.0, 323.0, 323.0, 323.0, 323.0, 323.0, 323.0, 323.0, 323.0, 323.0, 323.0, 323.0, 323.0, 323.0, 323.0, 323.0, 323.0, 323.0, 323.0, 323.0, 323.0]	[0, 0, 0, 0, 0, 0, 0, 0, 0, 0, 0, 0, 0, 0, 0, 0, 0, 0, 0, 0, 0, 0, 0, 0, 0, 0, 0, 0, 0, 0, 0, 0, 0, 0, 0, 0, 0, 0, 0, 0, 0, 0, 0, 0, 0, 0, 0, 0, 0, 0, 0, 0, 0, 0, 0, 0, 0, 0, 0, 0, 0, 0]	[0, 0, 0, 0, 0, 0, 0, 0, 0, 0, 0, 0, 0, 0, 0, 0, 0, 0, 0, 0, 0, 0, 0, 0, 0, 0, 0, 0, 0, 0, 0, 0, 0, 0, 0, 0, 0, 0, 0, 0, 0, 0, 0, 0, 0, 0, 0, 0, 0, 0, 0, 0, 0, 0, 0, 0, 0, 0, 0, 0, 0, 0]	[0, 0, 0, 0, 0, 0, 0, 0, 0, 0, 0, 0, 0, 0, 0, 0, 0, 0, 0, 0, 0, 0, 0, 0, 0, 0, 0, 0, 0, 0, 0, 0, 0, 0, 0, 0, 0, 0, 0, 0, 0, 0, 0, 0, 0, 0, 0, 0, 0, 0, 0, 0, 0, 0, 0, 0, 0, 0, 0, 0, 0, 0]	[0.0003222999948775396, 0.009623999998439103, 0.026286499996786006, 0.04288059999817051, 0.05959360000269953, 0.0761035999894375, 0.09343670000089332, 0.10983879999548662, 0.12643669999670237, 0.14285129999916535, 0.1596914999972796, 0.17615790000127163, 0.19273159999283962, 0.20923219999531284, 0.2261138000030769, 0.2427497000026051, 0.2598230000003241, 0.27634509999188595, 0.292891499993857, 0.3094310000014957, 0.3261671999935061, 0.3429087999975309, 0.35959429999638814, 0.37614639999810606, 0.39283109999087173, 0.40955090000352357, 0.4261063000012655, 0.44273229999816976, 0.45938079999177717, 0.47612959999241866, 0.49278339999727905, 0.5093724999896949, 0.5260695999895688, 0.5427579999959562, 0.5592800000013085, 0.5761039999924833, 0.5925630999990972, 0.609594499997911, 0.6260996999917552, 0.6424504000024172, 0.6595491999905789, 0.6759212999895681, 0.6926014999917243, 0.7093028999952367, 0.7260871000034967, 0.7427495000010822, 0.7593663000006927, 0.7759149999910733, 0.7924438999907579, 0.8092348999925889, 0.8257568999979412, 0.8423447999957716, 0.8590064000018174, 0.8760671999916667, 0.8924490999925183, 0.9091234999941662, 0.9257318000018131, 0.9423980999999912, 0.9589946999913082, 0.975473200000124, 0.9921862999908626, 1.0089939000026789]	n/a	n/a	0.7	9b
261	8	go_nogo	0	60	3	go	click	[16.0, 16.0, 24.0, 42.0, 68.0, 91.0, 118.0, 129.0, 137.0, 139.0, 140.0, 142.0, 143.0, 144.0, 145.0, 145.0, 145.0, 145.0, 145.0, 145.0, 146.0, 147.0, 147.0, 149.0, 157.0, 172.0, 183.0, 185.0, 185.0]	[-256.0, -256.0, -232.0, -155.0, -58.0, 39.0, 151.0, 192.0, 215.0, 225.0, 229.0, 233.0, 238.0, 243.0, 245.0, 245.0, 245.0, 245.0, 245.0, 245.0, 247.0, 248.0, 249.0, 252.0, 262.0, 277.0, 290.0, 292.0, 293.0]	[0, 0, 0, 0, 0, 0, 0, 0, 0, 0, 0, 0, 0, 0, 0, 0, 0, 0, 0, 0, 0, 0, 0, 0, 0, 0, 0, 0, 1]	[0, 0, 0, 0, 0, 0, 0, 0, 0, 0, 0, 0, 0, 0, 0, 0, 0, 0, 0, 0, 0, 0, 0, 0, 0, 0, 0, 0, 0]	[0, 0, 0, 0, 0, 0, 0, 0, 0, 0, 0, 0, 0, 0, 0, 0, 0, 0, 0, 0, 0, 0, 0, 0, 0, 0, 0, 0, 0]	[0.00022980000358074903, 0.010677900005248375, 0.027330099997925572, 0.04388040000048932, 0.060531700000865385, 0.07747380000364501, 0.094530999995186, 0.11104790000536013, 0.1273912000033306, 0.14394569999421947, 0.16069720000086818, 0.1774608999985503, 0.19381280000379775, 0.21040880000509787, 0.22693730000173673, 0.24373740000010002, 0.2606014999910258, 0.2769964000035543, 0.2936647000024095, 0.3107237999938661, 0.32732490000489634, 0.34376139999949373, 0.3605299000046216, 0.37713439999788534, 0.3939214999991236, 0.4104944999999134, 0.427094800004852, 0.44381919999432284, 0.46078779999515973]	185.0	293.0	0.9	9b
262	8	go_nogo	0	60	6	go	click	[21.0, 35.0, 51.0, 84.0, 119.0, 148.0, 173.0, 177.0, 188.0, 190.0, 190.0, 191.0, 191.0, 191.0, 191.0, 191.0, 191.0, 191.0, 191.0, 191.0, 191.0, 191.0, 191.0, 191.0]	[-258.0, -198.0, -141.0, -24.0, 83.0, 166.0, 234.0, 248.0, 278.0, 284.0, 285.0, 285.0, 285.0, 285.0, 285.0, 285.0, 285.0, 285.0, 285.0, 285.0, 285.0, 285.0, 285.0, 285.0]	[0, 0, 0, 0, 0, 0, 0, 0, 0, 0, 0, 0, 0, 0, 0, 0, 0, 0, 0, 0, 0, 0, 0, 1]	[0, 0, 0, 0, 0, 0, 0, 0, 0, 0, 0, 0, 0, 0, 0, 0, 0, 0, 0, 0, 0, 0, 0, 0]	[0, 0, 0, 0, 0, 0, 0, 0, 0, 0, 0, 0, 0, 0, 0, 0, 0, 0, 0, 0, 0, 0, 0, 0]	[7.700000423938036e-05, 0.01244760000554379, 0.028778000007150695, 0.045683999996981584, 0.0624143000022741, 0.07912949999445118, 0.09575619999668561, 0.11232939999899827, 0.1288332999974955, 0.1456456000014441, 0.16244000000006054, 0.17891889999737032, 0.1956147000018973, 0.21222679999482352, 0.2289141999935964, 0.2456097999966005, 0.2620991000003414, 0.2788862000015797, 0.2954792999953497, 0.3121252999990247, 0.3288895000005141, 0.3455247999954736, 0.3622122999950079, 0.3793165999959456]	191.0	285.0	0.7	9b
263	8	go_nogo	0	60	1	nogo	none	[36.0, 39.0, 43.0, 55.0, 76.0, 103.0, 132.0, 156.0, 177.0, 192.0, 215.0, 224.0, 228.0, 229.0, 230.0, 230.0, 230.0, 230.0, 230.0, 230.0, 230.0, 230.0, 230.0, 230.0, 230.0, 230.0, 230.0, 230.0, 230.0, 230.0, 230.0, 230.0, 230.0, 230.0, 230.0, 230.0, 230.0, 230.0, 230.0, 230.0, 230.0, 230.0, 230.0, 230.0, 230.0, 230.0, 230.0, 230.0, 230.0, 230.0, 230.0, 230.0, 230.0, 230.0, 230.0, 230.0, 230.0]	[-276.0, -258.0, -235.0, -190.0, -120.0, -30.0, 45.0, 109.0, 168.0, 218.0, 276.0, 299.0, 307.0, 312.0, 313.0, 313.0, 313.0, 313.0, 313.0, 313.0, 313.0, 313.0, 313.0, 313.0, 313.0, 313.0, 313.0, 313.0, 313.0, 313.0, 313.0, 313.0, 313.0, 313.0, 313.0, 313.0, 313.0, 313.0, 313.0, 313.0, 313.0, 313.0, 313.0, 313.0, 313.0, 313.0, 313.0, 313.0, 313.0, 313.0, 313.0, 313.0, 313.0, 313.0, 313.0, 313.0, 313.0]	[0, 0, 0, 0, 0, 0, 0, 0, 0, 0, 0, 0, 0, 0, 0, 0, 0, 0, 0, 0, 0, 0, 0, 0, 0, 0, 0, 0, 0, 0, 0, 0, 0, 0, 0, 0, 0, 0, 0, 0, 0, 0, 0, 0, 0, 0, 0, 0, 0, 0, 0, 0, 0, 0, 0, 0, 0]	[0, 0, 0, 0, 0, 0, 0, 0, 0, 0, 0, 0, 0, 0, 0, 0, 0, 0, 0, 0, 0, 0, 0, 0, 0, 0, 0, 0, 0, 0, 0, 0, 0, 0, 0, 0, 0, 0, 0, 0, 0, 0, 0, 0, 0, 0, 0, 0, 0, 0, 0, 0, 0, 0, 0, 0, 0]	[0, 0, 0, 0, 0, 0, 0, 0, 0, 0, 0, 0, 0, 0, 0, 0, 0, 0, 0, 0, 0, 0, 0, 0, 0, 0, 0, 0, 0, 0, 0, 0, 0, 0, 0, 0, 0, 0, 0, 0, 0, 0, 0, 0, 0, 0, 0, 0, 0, 0, 0, 0, 0, 0, 0, 0, 0]	[0.00011709998943842947, 0.010307099990313873, 0.02691929999855347, 0.04415549999976065, 0.06043139999383129, 0.07698019999952521, 0.09356819999811705, 0.11019209999358281, 0.12674169999081641, 0.14367459999630228, 0.1605068999924697, 0.17732509999768808, 0.19408469999325462, 0.21020859999407548, 0.22693900000012945, 0.24331740000343416, 0.26021539999055676, 0.2768789999972796, 0.29345029999967664, 0.3101814999972703, 0.32688329998927657, 0.3435635999921942, 0.36015899998892564, 0.37681489999522455, 0.3934790999919642, 0.41013619999284856, 0.4268906999932369, 0.443539799991413, 0.4601053999940632, 0.47672489999968093, 0.49339319999853615, 0.5100052999914624, 0.5267620999948122, 0.5433850999979768, 0.5602681000018492, 0.5768586999911349, 0.5934826000011526, 0.6099286999960896, 0.6266371999954572, 0.643267499996, 0.6600449999968987, 0.6766192999930354, 0.6934303000016371, 0.7099487999948906, 0.7267041000013705, 0.7433518000034383, 0.760136999990209, 0.7766632999991998, 0.7933159999956843, 0.8104864999913843, 0.826425699997344, 0.8431524999905378, 0.8599070999916876, 0.8764988999901107, 0.8934335999947507, 0.909984899990377, 0.9264207999949576]	n/a	n/a	0.7	9b
264	8	go_nogo	0	60	6	go	click	[22.0, 22.0, 27.0, 34.0, 57.0, 67.0, 83.0, 100.0, 108.0, 114.0, 115.0, 116.0, 116.0, 117.0, 119.0, 119.0, 119.0, 121.0, 127.0, 133.0, 139.0, 145.0, 149.0, 156.0, 158.0, 160.0, 161.0, 161.0, 161.0, 161.0]	[-252.0, -252.0, -217.0, -129.0, 28.0, 113.0, 189.0, 240.0, 272.0, 288.0, 293.0, 293.0, 293.0, 295.0, 296.0, 296.0, 296.0, 296.0, 295.0, 294.0, 293.0, 290.0, 289.0, 288.0, 288.0, 288.0, 288.0, 288.0, 288.0, 288.0]	[0, 0, 0, 0, 0, 0, 0, 0, 0, 0, 0, 0, 0, 0, 0, 0, 0, 0, 0, 0, 0, 0, 0, 0, 0, 0, 0, 0, 0, 1]	[0, 0, 0, 0, 0, 0, 0, 0, 0, 0, 0, 0, 0, 0, 0, 0, 0, 0, 0, 0, 0, 0, 0, 0, 0, 0, 0, 0, 0, 0]	[0, 0, 0, 0, 0, 0, 0, 0, 0, 0, 0, 0, 0, 0, 0, 0, 0, 0, 0, 0, 0, 0, 0, 0, 0, 0, 0, 0, 0, 0]	[0.00023299999884329736, 0.009661799995228648, 0.026491800002986565, 0.04332240000076126, 0.059760599993751384, 0.07679720000305679, 0.09322249999968335, 0.10993130000133533, 0.12647580000339076, 0.14310200000181794, 0.15979399999196175, 0.1762999999918975, 0.1930450999934692, 0.2097345999936806, 0.2261653000023216, 0.24277369999617804, 0.25945329999376554, 0.27659189999394584, 0.29345070000272244, 0.3097644999943441, 0.32659319999220315, 0.3431049999926472, 0.3597392999945441, 0.3764056999934837, 0.3930443999997806, 0.4099059000000125, 0.42615669999213424, 0.44285959999251645, 0.4594054000044707, 0.47609579999698326]	161.0	288.0	0.6	9b
265	8	go_nogo	0	60	3	go	click	[33.0, 33.0, 54.0, 74.0, 99.0, 120.0, 140.0, 153.0, 162.0, 170.0, 172.0, 174.0, 177.0, 179.0, 179.0, 179.0, 179.0, 179.0, 179.0, 179.0, 179.0, 179.0, 180.0, 182.0, 186.0, 189.0, 191.0, 195.0, 196.0, 196.0, 196.0, 196.0]	[-187.0, -187.0, -84.0, 12.0, 105.0, 183.0, 248.0, 294.0, 323.0, 338.0, 346.0, 351.0, 358.0, 362.0, 362.0, 363.0, 363.0, 363.0, 363.0, 363.0, 363.0, 363.0, 363.0, 360.0, 353.0, 345.0, 337.0, 326.0, 323.0, 322.0, 322.0, 322.0]	[0, 0, 0, 0, 0, 0, 0, 0, 0, 0, 0, 0, 0, 0, 0, 0, 0, 0, 0, 0, 0, 0, 0, 0, 0, 0, 0, 0, 0, 0, 0, 1]	[0, 0, 0, 0, 0, 0, 0, 0, 0, 0, 0, 0, 0, 0, 0, 0, 0, 0, 0, 0, 0, 0, 0, 0, 0, 0, 0, 0, 0, 0, 0, 0]	[0, 0, 0, 0, 0, 0, 0, 0, 0, 0, 0, 0, 0, 0, 0, 0, 0, 0, 0, 0, 0, 0, 0, 0, 0, 0, 0, 0, 0, 0, 0, 0]	[0.00018799999088514596, 0.010819799994351342, 0.027549799997359514, 0.04398659999424126, 0.06059609999647364, 0.07749119999061804, 0.09386029999586754, 0.11097270000027493, 0.12734559999080375, 0.14404169999761507, 0.16087680000055116, 0.17750739998882636, 0.19411789999867324, 0.21070260000124108, 0.22743699999409728, 0.24401139999099541, 0.260456099989824, 0.2771477999922354, 0.29381849999481346, 0.3104879000020446, 0.32699960000172723, 0.3438017000007676, 0.3604573999909917, 0.37732189999951515, 0.3937565999949584, 0.41031539998948574, 0.4270609999948647, 0.4439125999924727, 0.46051839999563526, 0.4770906999910949, 0.4936890999961179, 0.5106665999919642]	196.0	322.0	0.9	9b
266	8	go_nogo	0	60	6	go	click	[32.0, 32.0, 41.0, 55.0, 78.0, 92.0, 102.0, 113.0, 123.0, 132.0, 141.0, 152.0, 161.0, 167.0, 171.0, 172.0, 172.0, 172.0, 172.0, 174.0, 176.0, 179.0, 180.0, 181.0, 182.0, 184.0, 184.0, 184.0, 184.0, 184.0]	[-248.0, -248.0, -211.0, -136.0, -25.0, 17.0, 46.0, 71.0, 93.0, 112.0, 132.0, 151.0, 175.0, 192.0, 199.0, 200.0, 200.0, 200.0, 202.0, 209.0, 222.0, 233.0, 242.0, 253.0, 270.0, 286.0, 299.0, 305.0, 305.0, 306.0]	[0, 0, 0, 0, 0, 0, 0, 0, 0, 0, 0, 0, 0, 0, 0, 0, 0, 0, 0, 0, 0, 0, 0, 0, 0, 0, 0, 0, 0, 1]	[0, 0, 0, 0, 0, 0, 0, 0, 0, 0, 0, 0, 0, 0, 0, 0, 0, 0, 0, 0, 0, 0, 0, 0, 0, 0, 0, 0, 0, 0]	[0, 0, 0, 0, 0, 0, 0, 0, 0, 0, 0, 0, 0, 0, 0, 0, 0, 0, 0, 0, 0, 0, 0, 0, 0, 0, 0, 0, 0, 0]	[0.00022190000163391232, 0.01124240001081489, 0.027888700002222322, 0.04463430000760127, 0.06144930000300519, 0.07821540000441018, 0.0948293000110425, 0.11145460000261664, 0.12799610001093242, 0.14480910000565927, 0.16134590000729077, 0.17794940000749193, 0.19469250000838656, 0.211632999998983, 0.22807460000331048, 0.2446102000103565, 0.26126310000836384, 0.27795650000916794, 0.29543730001023505, 0.3115840000100434, 0.3278954999987036, 0.3447094000002835, 0.3614520999981323, 0.37804419999883976, 0.3946643000090262, 0.4113971000042511, 0.42813380000006873, 0.4448687000112841, 0.4611798000114504, 0.4782019000122091]	184.0	306.0	0.6	9b
267	8	go_nogo	0	60	9	nogo	none	[10.0, 10.0, 16.0, 33.0, 55.0, 102.0, 134.0, 157.0, 172.0, 178.0, 180.0, 180.0, 180.0, 180.0, 180.0, 180.0, 180.0, 181.0, 182.0, 183.0, 183.0, 183.0, 183.0, 183.0, 183.0, 183.0, 183.0, 183.0, 183.0, 183.0, 183.0, 183.0, 183.0, 183.0, 183.0, 183.0, 183.0, 183.0, 183.0, 183.0, 183.0, 183.0, 183.0, 183.0, 183.0, 183.0, 183.0, 183.0, 183.0, 183.0, 183.0, 183.0, 183.0, 183.0, 183.0, 183.0, 183.0, 183.0, 183.0, 183.0, 183.0, 183.0]	[-247.0, -247.0, -219.0, -136.0, -43.0, 101.0, 188.0, 244.0, 276.0, 291.0, 297.0, 297.0, 297.0, 297.0, 297.0, 297.0, 297.0, 299.0, 302.0, 303.0, 303.0, 303.0, 303.0, 303.0, 303.0, 303.0, 303.0, 303.0, 303.0, 303.0, 303.0, 303.0, 303.0, 303.0, 303.0, 303.0, 303.0, 303.0, 303.0, 303.0, 303.0, 303.0, 303.0, 303.0, 303.0, 303.0, 303.0, 303.0, 303.0, 303.0, 303.0, 303.0, 303.0, 303.0, 303.0, 303.0, 303.0, 303.0, 303.0, 303.0, 303.0, 303.0]	[0, 0, 0, 0, 0, 0, 0, 0, 0, 0, 0, 0, 0, 0, 0, 0, 0, 0, 0, 0, 0, 0, 0, 0, 0, 0, 0, 0, 0, 0, 0, 0, 0, 0, 0, 0, 0, 0, 0, 0, 0, 0, 0, 0, 0, 0, 0, 0, 0, 0, 0, 0, 0, 0, 0, 0, 0, 0, 0, 0, 0, 0]	[0, 0, 0, 0, 0, 0, 0, 0, 0, 0, 0, 0, 0, 0, 0, 0, 0, 0, 0, 0, 0, 0, 0, 0, 0, 0, 0, 0, 0, 0, 0, 0, 0, 0, 0, 0, 0, 0, 0, 0, 0, 0, 0, 0, 0, 0, 0, 0, 0, 0, 0, 0, 0, 0, 0, 0, 0, 0, 0, 0, 0, 0]	[0, 0, 0, 0, 0, 0, 0, 0, 0, 0, 0, 0, 0, 0, 0, 0, 0, 0, 0, 0, 0, 0, 0, 0, 0, 0, 0, 0, 0, 0, 0, 0, 0, 0, 0, 0, 0, 0, 0, 0, 0, 0, 0, 0, 0, 0, 0, 0, 0, 0, 0, 0, 0, 0, 0, 0, 0, 0, 0, 0, 0, 0]	[0.00020219999714754522, 0.011528499991982244, 0.027961699990555644, 0.044822199997724965, 0.06150260000140406, 0.07807079999474809, 0.09482669999124482, 0.11143239999364596, 0.1283973999961745, 0.14477359999727923, 0.16124829999171197, 0.17777539999224246, 0.19438839999202173, 0.21109749999595806, 0.2278226999915205, 0.24463549999927636, 0.26133549999212846, 0.2780131000035908, 0.2948000000033062, 0.31129759999748785, 0.32804929999110755, 0.3445482999959495, 0.3612552999984473, 0.37791339999239426, 0.3947879000043031, 0.4112955000018701, 0.4281189000030281, 0.4447650999936741, 0.4614129999972647, 0.47782030000234954, 0.49464639999496285, 0.5114384000044083, 0.5279582999937702, 0.544493399997009, 0.5612013999925693, 0.5780290999973658, 0.5947362000006251, 0.6113279999990482, 0.6279367999959504, 0.6446673000027658, 0.6612064999935683, 0.6779970999923535, 0.6944923999981256, 0.711221099991235, 0.7281155999953626, 0.744481799993082, 0.7611328999919351, 0.7779231000022264, 0.7948994000034872, 0.8112483000004431, 0.8279503999947337, 0.8445890000002692, 0.8613162999972701, 0.8778572000010172, 0.894499399990309, 0.9114435999945272, 0.9280961000040406, 0.944761999999173, 0.9611371999926632, 0.977824799992959, 0.9945074999995995, 1.0112415999901714]	n/a	n/a	0.5	9b
268	8	go_nogo	0	60	8	go	click	[19.0, 19.0, 24.0, 33.0, 48.0, 71.0, 95.0, 115.0, 129.0, 136.0, 141.0, 144.0, 147.0, 148.0, 150.0, 151.0, 156.0, 164.0, 169.0, 171.0, 171.0, 171.0, 171.0, 171.0, 171.0, 171.0, 171.0, 171.0]	[-236.0, -236.0, -161.0, -91.0, -20.0, 47.0, 100.0, 140.0, 164.0, 178.0, 188.0, 194.0, 203.0, 208.0, 215.0, 223.0, 237.0, 257.0, 272.0, 275.0, 275.0, 275.0, 275.0, 276.0, 277.0, 277.0, 277.0, 277.0]	[0, 0, 0, 0, 0, 0, 0, 0, 0, 0, 0, 0, 0, 0, 0, 0, 0, 0, 0, 0, 0, 0, 0, 0, 0, 0, 0, 1]	[0, 0, 0, 0, 0, 0, 0, 0, 0, 0, 0, 0, 0, 0, 0, 0, 0, 0, 0, 0, 0, 0, 0, 0, 0, 0, 0, 0]	[0, 0, 0, 0, 0, 0, 0, 0, 0, 0, 0, 0, 0, 0, 0, 0, 0, 0, 0, 0, 0, 0, 0, 0, 0, 0, 0, 0]	[0.00025690000620670617, 0.012638100000913255, 0.028828100010287017, 0.04555229999823496, 0.06226530000276398, 0.07897260000754613, 0.0958532000076957, 0.11236949999874923, 0.12892509999801405, 0.14549840000108816, 0.16208980001101736, 0.17935920000309125, 0.19554520001111086, 0.212546900002053, 0.22926880000159144, 0.24579990000347607, 0.26269210000464227, 0.27889620000496507, 0.2954718000110006, 0.3121382000099402, 0.32874850000371225, 0.3454970000020694, 0.362128799999482, 0.37895189999835566, 0.39534780000394676, 0.4120429000031436, 0.42860460000520106, 0.4457565000047907]	171.0	277.0	0.6	9b
269	8	go_nogo	0	60	8	go	click	[32.0, 32.0, 42.0, 70.0, 118.0, 136.0, 150.0, 159.0, 164.0, 168.0, 171.0, 174.0, 177.0, 181.0, 182.0, 182.0, 182.0, 182.0, 182.0, 182.0, 182.0, 182.0, 182.0, 182.0, 182.0, 182.0, 182.0, 182.0, 182.0, 182.0, 182.0, 182.0, 182.0, 182.0, 182.0, 182.0, 182.0, 182.0, 182.0, 181.0, 179.0, 179.0, 179.0, 179.0, 179.0, 179.0, 179.0, 179.0]	[-255.0, -255.0, -207.0, -109.0, 20.0, 97.0, 150.0, 177.0, 194.0, 205.0, 213.0, 221.0, 233.0, 243.0, 247.0, 247.0, 247.0, 247.0, 247.0, 247.0, 247.0, 247.0, 247.0, 247.0, 247.0, 247.0, 247.0, 247.0, 247.0, 247.0, 247.0, 247.0, 247.0, 247.0, 247.0, 247.0, 247.0, 247.0, 247.0, 249.0, 252.0, 255.0, 259.0, 261.0, 263.0, 263.0, 263.0, 263.0]	[0, 0, 0, 0, 0, 0, 0, 0, 0, 0, 0, 0, 0, 0, 0, 0, 0, 0, 0, 0, 0, 0, 0, 0, 1, 1, 1, 1, 1, 1, 1, 0, 0, 0, 0, 0, 0, 0, 0, 0, 0, 0, 0, 0, 0, 0, 0, 1]	[0, 0, 0, 0, 0, 0, 0, 0, 0, 0, 0, 0, 0, 0, 0, 0, 0, 0, 0, 0, 0, 0, 0, 0, 0, 0, 0, 0, 0, 0, 0, 0, 0, 0, 0, 0, 0, 0, 0, 0, 0, 0, 0, 0, 0, 0, 0, 0]	[0, 0, 0, 0, 0, 0, 0, 0, 0, 0, 0, 0, 0, 0, 0, 0, 0, 0, 0, 0, 0, 0, 0, 0, 0, 0, 0, 0, 0, 0, 0, 0, 0, 0, 0, 0, 0, 0, 0, 0, 0, 0, 0, 0, 0, 0, 0, 0]	[0.0002229000092484057, 0.012090400006854907, 0.028736600012052804, 0.04548260000592563, 0.06211959999927785, 0.0789132000063546, 0.0958253999997396, 0.11219840000558179, 0.12923880000016652, 0.1453551000013249, 0.16230100000393577, 0.17879200000606943, 0.19551280001178384, 0.21219050000945572, 0.22866400000930298, 0.24528560000180732, 0.2619559000013396, 0.2785547000094084, 0.2953157000010833, 0.3119598000048427, 0.3286854000034509, 0.3453936000005342, 0.3619475000014063, 0.37873180001042783, 0.39562320000550244, 0.4116772999987006, 0.4283976000006078, 0.44515110000793356, 0.461854699999094, 0.4785419000108959, 0.49509730000863783, 0.5118164000014076, 0.5284081999998307, 0.5449601000000257, 0.5618437000084668, 0.5787634000007529, 0.5953308000025572, 0.611796700002742, 0.628753199998755, 0.6454729000106454, 0.6617950000072597, 0.678399199998239, 0.6951429000037024, 0.7121458000037819, 0.7281820000061998, 0.745006099998136, 0.7617109999991953, 0.7785238000069512]	179.0	263.0	0.7	9b
270	8	go_nogo	0	60	8	go	click	[-7.0, -7.0, 2.0, 6.0, 11.0, 17.0, 22.0, 30.0, 41.0, 50.0, 59.0, 74.0, 79.0, 80.0, 80.0, 81.0, 82.0, 85.0, 91.0, 99.0, 104.0, 115.0, 123.0, 131.0, 146.0, 159.0, 163.0, 166.0, 169.0, 170.0, 171.0, 171.0, 171.0]	[-293.0, -293.0, -228.0, -149.0, -69.0, -1.0, 38.0, 68.0, 90.0, 109.0, 127.0, 152.0, 164.0, 169.0, 171.0, 172.0, 174.0, 179.0, 189.0, 198.0, 205.0, 214.0, 221.0, 230.0, 245.0, 258.0, 263.0, 269.0, 272.0, 274.0, 275.0, 276.0, 276.0]	[0, 0, 0, 0, 0, 0, 0, 0, 0, 0, 0, 0, 0, 0, 0, 0, 0, 0, 0, 0, 0, 0, 0, 0, 0, 0, 0, 0, 0, 0, 0, 0, 1]	[0, 0, 0, 0, 0, 0, 0, 0, 0, 0, 0, 0, 0, 0, 0, 0, 0, 0, 0, 0, 0, 0, 0, 0, 0, 0, 0, 0, 0, 0, 0, 0, 0]	[0, 0, 0, 0, 0, 0, 0, 0, 0, 0, 0, 0, 0, 0, 0, 0, 0, 0, 0, 0, 0, 0, 0, 0, 0, 0, 0, 0, 0, 0, 0, 0, 0]	[0.00014439999358728528, 0.011695499997586012, 0.028132999999797903, 0.04464930000540335, 0.061506500001996756, 0.07818699999188539, 0.09482470000511967, 0.11155849999340717, 0.12820469999860507, 0.14490739999746438, 0.1614869000040926, 0.1791703999915626, 0.195508200005861, 0.21151049999753013, 0.2280347000050824, 0.24472699999751057, 0.2614844999916386, 0.2779734999930952, 0.29479109999374487, 0.311365300003672, 0.32835009999689646, 0.34474800000316463, 0.3614737000025343, 0.3785366999945836, 0.3956246000016108, 0.41181969999161083, 0.42807490000268444, 0.44479470000078436, 0.4613487000024179, 0.47809950000373647, 0.4948863000026904, 0.5111184999987017, 0.5283959999942454]	171.0	276.0	0.5	9b
271	8	go_nogo	0	60	9	nogo	none	[26.0, 31.0, 36.0, 52.0, 77.0, 114.0, 166.0, 196.0, 219.0, 232.0, 238.0, 242.0, 242.0, 243.0, 244.0, 245.0, 246.0, 247.0, 249.0, 251.0, 251.0, 251.0, 251.0, 251.0, 251.0, 251.0, 251.0, 251.0, 250.0, 248.0, 247.0, 247.0, 247.0, 247.0, 247.0, 247.0, 247.0, 247.0, 247.0, 247.0, 247.0, 247.0, 247.0, 247.0, 247.0, 247.0, 247.0, 247.0, 247.0, 247.0, 247.0, 247.0, 247.0, 247.0, 247.0, 247.0, 247.0, 247.0, 247.0, 247.0, 247.0, 247.0, 247.0, 247.0, 247.0, 247.0, 247.0, 247.0, 247.0, 247.0, 247.0, 247.0, 247.0]	[-290.0, -272.0, -251.0, -194.0, -105.0, -5.0, 125.0, 194.0, 250.0, 281.0, 297.0, 305.0, 308.0, 312.0, 316.0, 318.0, 322.0, 330.0, 338.0, 350.0, 356.0, 356.0, 356.0, 356.0, 356.0, 356.0, 356.0, 356.0, 350.0, 344.0, 341.0, 341.0, 341.0, 341.0, 341.0, 341.0, 341.0, 341.0, 341.0, 341.0, 341.0, 341.0, 341.0, 341.0, 341.0, 341.0, 341.0, 341.0, 341.0, 341.0, 341.0, 341.0, 341.0, 341.0, 341.0, 341.0, 341.0, 341.0, 341.0, 341.0, 341.0, 341.0, 341.0, 341.0, 341.0, 341.0, 341.0, 341.0, 341.0, 341.0, 341.0, 341.0, 341.0]	[0, 0, 0, 0, 0, 0, 0, 0, 0, 0, 0, 0, 0, 0, 0, 0, 0, 0, 0, 0, 0, 0, 0, 0, 0, 0, 0, 0, 0, 0, 0, 0, 0, 0, 0, 0, 0, 0, 0, 0, 0, 0, 0, 0, 0, 0, 0, 0, 0, 0, 0, 0, 0, 0, 0, 0, 0, 0, 0, 0, 0, 0, 0, 0, 0, 0, 0, 0, 0, 0, 0, 0, 0]	[0, 0, 0, 0, 0, 0, 0, 0, 0, 0, 0, 0, 0, 0, 0, 0, 0, 0, 0, 0, 0, 0, 0, 0, 0, 0, 0, 0, 0, 0, 0, 0, 0, 0, 0, 0, 0, 0, 0, 0, 0, 0, 0, 0, 0, 0, 0, 0, 0, 0, 0, 0, 0, 0, 0, 0, 0, 0, 0, 0, 0, 0, 0, 0, 0, 0, 0, 0, 0, 0, 0, 0, 0]	[0, 0, 0, 0, 0, 0, 0, 0, 0, 0, 0, 0, 0, 0, 0, 0, 0, 0, 0, 0, 0, 0, 0, 0, 0, 0, 0, 0, 0, 0, 0, 0, 0, 0, 0, 0, 0, 0, 0, 0, 0, 0, 0, 0, 0, 0, 0, 0, 0, 0, 0, 0, 0, 0, 0, 0, 0, 0, 0, 0, 0, 0, 0, 0, 0, 0, 0, 0, 0, 0, 0, 0, 0]	[7.20000098226592e-05, 0.012146799999754876, 0.028672300002654083, 0.04546439999830909, 0.06206769999698736, 0.07886490000237245, 0.09534149999672081, 0.11204079999879468, 0.1287103000067873, 0.14566890000423882, 0.16218579999986105, 0.17851080000400543, 0.1953016000043135, 0.2119373000023188, 0.22851610000361688, 0.24509569999645464, 0.26180780000868253, 0.2785926000069594, 0.29522800000268035, 0.31216370000038296, 0.32859319999988656, 0.3451190000050701, 0.3618270000006305, 0.37843720000819303, 0.3950757999991765, 0.41176000000268687, 0.42842640000162646, 0.44530210000812076, 0.46183709999604616, 0.4787765000073705, 0.4950111000071047, 0.5115767000097549, 0.5283287000056589, 0.5449856000050204, 0.561672499999986, 0.578377099998761, 0.5948295999987749, 0.6116123000101652, 0.6284326000022702, 0.6450387000077171, 0.6615078000031644, 0.6782568000053288, 0.6949768000049517, 0.7117740999965463, 0.7286541000066791, 0.7449485999968601, 0.7617385000048671, 0.7781869000027655, 0.7949927000008756, 0.8116912999976194, 0.8283838000061223, 0.8449630999966757, 0.8618532999971649, 0.8782687000057194, 0.8949329000024591, 0.9116193000081694, 0.928249999997206, 0.9449703999998746, 0.961626400006935, 0.9782918999990216, 0.9949924999964423, 1.0117989999998827, 1.028322099999059, 1.044860800000606, 1.0615141000016592, 1.0779181999969296, 1.094806699999026, 1.111759899999015, 1.1282081000099424, 1.1448976000101538, 1.1615603000100236, 1.1781940000073519, 1.1946846000064397]	n/a	n/a	0.5	9b
272	8	go_nogo	0	60	3	go	click	[52.0, 52.0, 63.0, 86.0, 113.0, 137.0, 165.0, 185.0, 189.0, 190.0, 190.0, 190.0, 190.0, 190.0, 190.0, 190.0, 190.0, 190.0, 190.0, 190.0, 190.0, 190.0, 190.0, 190.0]	[-229.0, -229.0, -177.0, -69.0, 36.0, 125.0, 211.0, 278.0, 290.0, 293.0, 293.0, 293.0, 293.0, 293.0, 293.0, 293.0, 293.0, 293.0, 293.0, 293.0, 293.0, 293.0, 293.0, 293.0]	[0, 0, 0, 0, 0, 0, 0, 0, 0, 0, 0, 0, 0, 0, 0, 0, 0, 0, 0, 0, 0, 0, 0, 1]	[0, 0, 0, 0, 0, 0, 0, 0, 0, 0, 0, 0, 0, 0, 0, 0, 0, 0, 0, 0, 0, 0, 0, 0]	[0, 0, 0, 0, 0, 0, 0, 0, 0, 0, 0, 0, 0, 0, 0, 0, 0, 0, 0, 0, 0, 0, 0, 0]	[0.0002786999975796789, 0.010467900006915443, 0.02696670001023449, 0.04378829999768641, 0.06050140000297688, 0.07721550000132993, 0.09396660000493284, 0.1104600999969989, 0.12742750000325032, 0.14342469999974128, 0.16014459999860264, 0.17691320000449196, 0.19346670000231825, 0.20997989999887068, 0.2267586000089068, 0.24348940000345465, 0.2601494999980787, 0.2769211999984691, 0.2933021000062581, 0.30994160000409465, 0.32671880000270903, 0.34314589999848977, 0.3598961999960011, 0.376953400002094]	190.0	293.0	0.6	9b
273	8	go_nogo	0	60	8	go	click	[57.0, 57.0, 71.0, 88.0, 106.0, 120.0, 127.0, 131.0, 137.0, 139.0, 142.0, 150.0, 157.0, 161.0, 162.0, 162.0, 162.0, 162.0, 164.0, 167.0, 171.0, 174.0, 177.0, 181.0, 191.0, 196.0, 199.0, 199.0, 199.0, 200.0, 200.0]	[-217.0, -217.0, -160.0, -95.0, -26.0, 30.0, 66.0, 93.0, 110.0, 120.0, 128.0, 150.0, 166.0, 177.0, 182.0, 183.0, 183.0, 184.0, 189.0, 197.0, 209.0, 218.0, 226.0, 239.0, 266.0, 281.0, 291.0, 294.0, 294.0, 294.0, 294.0]	[0, 0, 0, 0, 0, 0, 0, 0, 0, 0, 0, 0, 0, 0, 0, 0, 0, 0, 0, 0, 0, 0, 0, 0, 0, 0, 0, 0, 0, 0, 1]	[0, 0, 0, 0, 0, 0, 0, 0, 0, 0, 0, 0, 0, 0, 0, 0, 0, 0, 0, 0, 0, 0, 0, 0, 0, 0, 0, 0, 0, 0, 0]	[0, 0, 0, 0, 0, 0, 0, 0, 0, 0, 0, 0, 0, 0, 0, 0, 0, 0, 0, 0, 0, 0, 0, 0, 0, 0, 0, 0, 0, 0, 0]	[8.189999789465219e-05, 0.01212390000000596, 0.02837590000126511, 0.044894899998325855, 0.06146700000681449, 0.07845250000536907, 0.09500169999955688, 0.11137270000472199, 0.12842530000489205, 0.14500170000246726, 0.16193709999788553, 0.17842580001160968, 0.1955222000106005, 0.2121530000003986, 0.22858190000988543, 0.24471330000960734, 0.26196850000997074, 0.27862219999951776, 0.2953946000052383, 0.3120748000073945, 0.328422300008242, 0.3447949000110384, 0.3618179000040982, 0.3784614000032889, 0.39507150001008995, 0.4115843000035966, 0.4283645000105025, 0.44483570000738837, 0.46171980000508483, 0.4783720999985235, 0.4953191000095103]	200.0	294.0	1.0	9b
274	8	go_nogo	0	60	2	go	click	[27.0, 27.0, 52.0, 83.0, 110.0, 134.0, 147.0, 154.0, 159.0, 165.0, 169.0, 171.0, 172.0, 173.0, 173.0, 173.0, 173.0, 174.0, 177.0, 182.0, 186.0, 190.0, 191.0, 193.0, 195.0, 195.0, 195.0, 195.0]	[-246.0, -246.0, -152.0, -54.0, 36.0, 114.0, 156.0, 175.0, 189.0, 202.0, 214.0, 220.0, 223.0, 224.0, 224.0, 225.0, 225.0, 228.0, 236.0, 250.0, 263.0, 272.0, 280.0, 287.0, 295.0, 296.0, 297.0, 297.0]	[0, 0, 0, 0, 0, 0, 0, 0, 0, 0, 0, 0, 0, 0, 0, 0, 0, 0, 0, 0, 0, 0, 0, 0, 0, 0, 0, 1]	[0, 0, 0, 0, 0, 0, 0, 0, 0, 0, 0, 0, 0, 0, 0, 0, 0, 0, 0, 0, 0, 0, 0, 0, 0, 0, 0, 0]	[0, 0, 0, 0, 0, 0, 0, 0, 0, 0, 0, 0, 0, 0, 0, 0, 0, 0, 0, 0, 0, 0, 0, 0, 0, 0, 0, 0]	[0.00019779999274760485, 0.012398799997754395, 0.028352900000754744, 0.04500019999977667, 0.06163820000074338, 0.07880289999593515, 0.09510379999119323, 0.11166249999951106, 0.12854229999356903, 0.1450732999946922, 0.16209169999638107, 0.1783415999962017, 0.1950551999907475, 0.21138509998854715, 0.22798619999957737, 0.2447587999922689, 0.2615996999957133, 0.2782545999943977, 0.29533989999617916, 0.31167959999584127, 0.3283318999892799, 0.3449706999963382, 0.3616990000009537, 0.37833569999202155, 0.3948933999927249, 0.4119172999926377, 0.42796449999150354, 0.4450172999931965]	195.0	297.0	0.8	9b
275	8	go_nogo	0	60	8	go	click	[-7.0, -7.0, -2.0, 19.0, 39.0, 57.0, 65.0, 74.0, 86.0, 96.0, 117.0, 138.0, 151.0, 155.0, 156.0, 156.0, 156.0, 156.0, 156.0, 156.0, 156.0, 156.0, 156.0, 156.0, 156.0, 156.0, 156.0, 156.0]	[-283.0, -283.0, -265.0, -183.0, -113.0, -63.0, -24.0, 19.0, 58.0, 99.0, 158.0, 213.0, 246.0, 261.0, 264.0, 264.0, 264.0, 264.0, 264.0, 264.0, 265.0, 266.0, 266.0, 266.0, 266.0, 268.0, 268.0, 268.0]	[0, 0, 0, 0, 0, 0, 0, 0, 0, 0, 0, 0, 0, 0, 0, 0, 0, 0, 0, 0, 0, 0, 0, 0, 0, 0, 0, 1]	[0, 0, 0, 0, 0, 0, 0, 0, 0, 0, 0, 0, 0, 0, 0, 0, 0, 0, 0, 0, 0, 0, 0, 0, 0, 0, 0, 0]	[0, 0, 0, 0, 0, 0, 0, 0, 0, 0, 0, 0, 0, 0, 0, 0, 0, 0, 0, 0, 0, 0, 0, 0, 0, 0, 0, 0]	[0.00020519999088719487, 0.01086080000095535, 0.027384799992432818, 0.04432629999064375, 0.06125449998944532, 0.07783819999895059, 0.09432689999812283, 0.11101290000078734, 0.12757810000039171, 0.14408519999415148, 0.16097169999557082, 0.17751359999238048, 0.19425499999488238, 0.21083229999931064, 0.2273333999910392, 0.24423749999550637, 0.26091149999410845, 0.27741139999125153, 0.2942956999904709, 0.31092119999811985, 0.3278666999976849, 0.3440310000005411, 0.3609766000008676, 0.37738489999901503, 0.3943128999962937, 0.41101440000056755, 0.4274585999955889, 0.44374919999972917]	156.0	268.0	0.7	9b
276	8	go_nogo	0	60	2	go	click	[17.0, 23.0, 33.0, 52.0, 70.0, 89.0, 107.0, 126.0, 131.0, 140.0, 142.0, 144.0, 145.0, 147.0, 149.0, 149.0, 149.0, 149.0, 149.0, 149.0, 150.0, 152.0, 154.0, 154.0, 154.0, 156.0, 158.0, 161.0, 163.0, 164.0, 164.0, 164.0]	[-289.0, -254.0, -213.0, -133.0, -53.0, 28.0, 100.0, 173.0, 190.0, 218.0, 226.0, 230.0, 236.0, 241.0, 245.0, 245.0, 245.0, 245.0, 245.0, 245.0, 248.0, 252.0, 256.0, 256.0, 256.0, 259.0, 265.0, 272.0, 277.0, 279.0, 279.0, 279.0]	[0, 0, 0, 0, 0, 0, 0, 0, 0, 0, 0, 0, 0, 0, 0, 0, 0, 0, 0, 0, 0, 0, 0, 0, 0, 0, 0, 0, 0, 0, 0, 1]	[0, 0, 0, 0, 0, 0, 0, 0, 0, 0, 0, 0, 0, 0, 0, 0, 0, 0, 0, 0, 0, 0, 0, 0, 0, 0, 0, 0, 0, 0, 0, 0]	[0, 0, 0, 0, 0, 0, 0, 0, 0, 0, 0, 0, 0, 0, 0, 0, 0, 0, 0, 0, 0, 0, 0, 0, 0, 0, 0, 0, 0, 0, 0, 0]	[8.889999298844486e-05, 0.011645799997495487, 0.02857650000078138, 0.04485449999629054, 0.06152519999886863, 0.07828279999375809, 0.09589529999357183, 0.11177160000079311, 0.1283225999941351, 0.14518979999411386, 0.16147730000375304, 0.17824730000575073, 0.19482000000425614, 0.2116031000041403, 0.22806049999780953, 0.24487939999380615, 0.2615700000023935, 0.2783932000020286, 0.29471790000388864, 0.3117405999946641, 0.32821120000153314, 0.34518499999830965, 0.36162399999739137, 0.3782271999953082, 0.39495099999476224, 0.41132280000601895, 0.42824039999686647, 0.4449021000036737, 0.4616327999974601, 0.47803090000525117, 0.4947877999948105, 0.511919399999897]	164.0	279.0	0.6	9b
277	8	go_nogo	0	60	7	go	click	[78.0, 78.0, 96.0, 159.0, 209.0, 247.0, 274.0, 289.0, 294.0, 295.0, 295.0, 296.0, 297.0, 298.0, 299.0, 299.0, 299.0, 299.0, 299.0, 298.0, 291.0, 283.0, 276.0, 272.0, 266.0, 262.0, 254.0, 249.0, 248.0, 247.0, 247.0, 247.0]	[-190.0, -190.0, -140.0, 34.0, 143.0, 232.0, 304.0, 330.0, 338.0, 341.0, 342.0, 346.0, 349.0, 351.0, 352.0, 352.0, 352.0, 352.0, 353.0, 351.0, 344.0, 336.0, 333.0, 329.0, 325.0, 322.0, 314.0, 311.0, 310.0, 310.0, 310.0, 310.0]	[0, 0, 0, 0, 0, 0, 0, 0, 0, 0, 0, 0, 0, 0, 0, 0, 0, 0, 0, 0, 0, 0, 0, 0, 0, 0, 0, 0, 0, 0, 0, 1]	[0, 0, 0, 0, 0, 0, 0, 0, 0, 0, 0, 0, 0, 0, 0, 0, 0, 0, 0, 0, 0, 0, 0, 0, 0, 0, 0, 0, 0, 0, 0, 0]	[0, 0, 0, 0, 0, 0, 0, 0, 0, 0, 0, 0, 0, 0, 0, 0, 0, 0, 0, 0, 0, 0, 0, 0, 0, 0, 0, 0, 0, 0, 0, 0]	[0.00020260000019334257, 0.009985800003050826, 0.02746540000953246, 0.043339299998478964, 0.05986100000154693, 0.07669100000930484, 0.09323169999697711, 0.11015480000060052, 0.12652980000711977, 0.14313370001036674, 0.15984550000575837, 0.17646220000460744, 0.19314899999881163, 0.20959890000813175, 0.22638380000717007, 0.24281710000650492, 0.25953819999995176, 0.27658630000951234, 0.29319500000565313, 0.30991360000916757, 0.3265148000064073, 0.34321200000704266, 0.3597392000083346, 0.37640350000583567, 0.3928998000046704, 0.41011720000824425, 0.42670470000302885, 0.4431846000079531, 0.4599849000078393, 0.4763052000052994, 0.4931520000100136, 0.5099846000084653]	247.0	310.0	0.6	9b
278	8	go_nogo	0	60	7	go	click	[16.0, 16.0, 21.0, 43.0, 60.0, 79.0, 100.0, 113.0, 120.0, 121.0, 121.0, 121.0, 122.0, 123.0, 123.0, 123.0, 123.0, 124.0, 130.0, 138.0, 148.0, 159.0, 166.0, 171.0, 173.0, 175.0, 175.0, 175.0, 175.0, 175.0, 175.0]	[-213.0, -213.0, -167.0, -56.0, 10.0, 68.0, 123.0, 160.0, 178.0, 182.0, 182.0, 183.0, 183.0, 183.0, 183.0, 184.0, 184.0, 185.0, 194.0, 208.0, 226.0, 246.0, 260.0, 268.0, 275.0, 280.0, 281.0, 281.0, 281.0, 281.0, 281.0]	[0, 0, 0, 0, 0, 0, 0, 0, 0, 0, 0, 0, 0, 0, 0, 0, 0, 0, 0, 0, 0, 0, 0, 0, 0, 0, 0, 0, 0, 0, 1]	[0, 0, 0, 0, 0, 0, 0, 0, 0, 0, 0, 0, 0, 0, 0, 0, 0, 0, 0, 0, 0, 0, 0, 0, 0, 0, 0, 0, 0, 0, 0]	[0, 0, 0, 0, 0, 0, 0, 0, 0, 0, 0, 0, 0, 0, 0, 0, 0, 0, 0, 0, 0, 0, 0, 0, 0, 0, 0, 0, 0, 0, 0]	[0.00026679999427869916, 0.013262599997688085, 0.02966680000827182, 0.04657900000165682, 0.06351760000688955, 0.07993490000080783, 0.09632569999666885, 0.11290979999466799, 0.13030440000875387, 0.14629520000016782, 0.163164700003108, 0.17969639999500941, 0.1967657000059262, 0.21279109999886714, 0.22984880000876728, 0.24615449999691918, 0.2628947000048356, 0.2798140999948373, 0.29643010000290815, 0.3131973999988986, 0.32952579999982845, 0.346646400008467, 0.36296719999518245, 0.3797338000003947, 0.3966303000051994, 0.4130466000060551, 0.42956089999643154, 0.4465319000009913, 0.4627753999957349, 0.47971440000401344, 0.49646180000854656]	175.0	281.0	0.9	9b
279	8	go_nogo	0	60	4	go	click	[32.0, 37.0, 42.0, 56.0, 76.0, 101.0, 128.0, 164.0, 177.0, 186.0, 192.0, 196.0, 200.0, 202.0, 203.0, 203.0, 203.0, 203.0, 203.0, 203.0, 203.0, 203.0, 203.0, 204.0, 204.0, 204.0, 206.0, 206.0, 208.0, 208.0, 208.0, 208.0]	[-297.0, -279.0, -259.0, -204.0, -131.0, -42.0, 41.0, 142.0, 177.0, 202.0, 219.0, 231.0, 242.0, 249.0, 251.0, 251.0, 251.0, 251.0, 251.0, 251.0, 251.0, 252.0, 253.0, 255.0, 258.0, 265.0, 277.0, 291.0, 300.0, 303.0, 304.0, 304.0]	[0, 0, 0, 0, 0, 0, 0, 0, 0, 0, 0, 0, 0, 0, 0, 0, 0, 0, 0, 0, 0, 0, 0, 0, 0, 0, 0, 0, 0, 0, 0, 1]	[0, 0, 0, 0, 0, 0, 0, 0, 0, 0, 0, 0, 0, 0, 0, 0, 0, 0, 0, 0, 0, 0, 0, 0, 0, 0, 0, 0, 0, 0, 0, 0]	[0, 0, 0, 0, 0, 0, 0, 0, 0, 0, 0, 0, 0, 0, 0, 0, 0, 0, 0, 0, 0, 0, 0, 0, 0, 0, 0, 0, 0, 0, 0, 0]	[0.00011219999578315765, 0.010631600001943298, 0.027614899998297915, 0.04383129999041557, 0.06059829999867361, 0.07749229999899399, 0.09441199999128003, 0.11087859999679495, 0.1285036999906879, 0.14406369999051094, 0.16079439999884926, 0.17730209999717772, 0.1943491999991238, 0.21068509999895468, 0.22706769999058452, 0.24374689999967813, 0.26037089999590535, 0.27708240000356454, 0.293631299995468, 0.3102585000015097, 0.32717560000310186, 0.3438062999921385, 0.36105169999063946, 0.37746239999250975, 0.3938097999925958, 0.41037820000201464, 0.42694079999637324, 0.44355100000393577, 0.460380599994096, 0.47728320000169333, 0.49367999999958556, 0.5106180000002496]	208.0	304.0	0.9	9b
280	8	go_nogo	0	60	7	go	click	[37.0, 37.0, 49.0, 77.0, 111.0, 158.0, 184.0, 198.0, 204.0, 205.0, 205.0, 205.0, 205.0, 205.0, 205.0, 205.0, 205.0, 205.0, 205.0, 205.0, 205.0, 205.0, 204.0, 203.0, 202.0, 202.0, 202.0]	[-251.0, -251.0, -210.0, -116.0, -13.0, 116.0, 177.0, 215.0, 234.0, 238.0, 239.0, 240.0, 240.0, 240.0, 240.0, 241.0, 241.0, 241.0, 248.0, 258.0, 269.0, 278.0, 284.0, 287.0, 291.0, 292.0, 292.0]	[0, 0, 0, 0, 0, 0, 0, 0, 0, 0, 0, 0, 0, 0, 0, 0, 0, 0, 0, 0, 0, 0, 0, 0, 0, 0, 1]	[0, 0, 0, 0, 0, 0, 0, 0, 0, 0, 0, 0, 0, 0, 0, 0, 0, 0, 0, 0, 0, 0, 0, 0, 0, 0, 0]	[0, 0, 0, 0, 0, 0, 0, 0, 0, 0, 0, 0, 0, 0, 0, 0, 0, 0, 0, 0, 0, 0, 0, 0, 0, 0, 0]	[0.00019579999207053334, 0.010388899987447076, 0.02684219999355264, 0.04350679999333806, 0.06039559999771882, 0.07739969999238383, 0.09379839999019168, 0.11024429999815766, 0.12678219999361318, 0.14356469998892862, 0.16040949999296572, 0.1766481999948155, 0.19332909998774994, 0.21018299998831935, 0.2272528999892529, 0.2433184999972582, 0.2599319999862928, 0.27696579998882953, 0.293527499990887, 0.3108885999972699, 0.32682329999806825, 0.34371549999923445, 0.3604376000002958, 0.3770856999908574, 0.3939222999906633, 0.4103665999864461, 0.4271543999930145]	202.0	292.0	1.0	9b
281	8	go_nogo	0	60	4	go	click	[12.0, 17.0, 21.0, 35.0, 44.0, 64.0, 82.0, 107.0, 116.0, 135.0, 144.0, 152.0, 159.0, 161.0, 162.0, 162.0, 162.0, 162.0, 162.0, 162.0, 163.0, 164.0, 164.0, 164.0, 164.0]	[-266.0, -242.0, -211.0, -140.0, -55.0, 37.0, 106.0, 169.0, 188.0, 232.0, 253.0, 273.0, 287.0, 293.0, 295.0, 295.0, 295.0, 295.0, 295.0, 295.0, 298.0, 299.0, 299.0, 299.0, 299.0]	[0, 0, 0, 0, 0, 0, 0, 0, 0, 0, 0, 0, 0, 0, 0, 0, 0, 0, 0, 0, 0, 0, 0, 0, 1]	[0, 0, 0, 0, 0, 0, 0, 0, 0, 0, 0, 0, 0, 0, 0, 0, 0, 0, 0, 0, 0, 0, 0, 0, 0]	[0, 0, 0, 0, 0, 0, 0, 0, 0, 0, 0, 0, 0, 0, 0, 0, 0, 0, 0, 0, 0, 0, 0, 0, 0]	[7.330000516958535e-05, 0.011504900001455098, 0.028117599998950027, 0.04469010001048446, 0.0613397000124678, 0.07810350001091138, 0.09481680000317283, 0.11152350000338629, 0.12895800000114832, 0.14482210000278428, 0.16162400000030175, 0.17837069999950472, 0.19475280000187922, 0.21138530000462197, 0.2280254000070272, 0.2447563000023365, 0.26120050001190975, 0.278106800004025, 0.29456340000615455, 0.31155800000124145, 0.32801550001022406, 0.3446020000119461, 0.3614788000122644, 0.3778625999984797, 0.39559290000761393]	164.0	299.0	1.0	9b
282	8	go_nogo	0	60	2	go	click	[48.0, 48.0, 56.0, 66.0, 73.0, 77.0, 84.0, 90.0, 95.0, 97.0, 98.0, 100.0, 102.0, 107.0, 109.0, 109.0, 109.0, 109.0, 109.0, 112.0, 116.0, 120.0, 128.0, 139.0, 144.0, 147.0, 149.0, 150.0, 154.0, 159.0, 162.0]	[-178.0, -178.0, -123.0, -30.0, 50.0, 106.0, 156.0, 186.0, 207.0, 215.0, 220.0, 225.0, 233.0, 247.0, 257.0, 257.0, 257.0, 257.0, 257.0, 259.0, 261.0, 263.0, 267.0, 271.0, 275.0, 275.0, 277.0, 277.0, 277.0, 277.0, 277.0]	[0, 0, 0, 0, 0, 0, 0, 0, 0, 0, 0, 0, 0, 0, 0, 0, 0, 0, 0, 0, 0, 0, 0, 0, 0, 0, 0, 0, 0, 0, 1]	[0, 0, 0, 0, 0, 0, 0, 0, 0, 0, 0, 0, 0, 0, 0, 0, 0, 0, 0, 0, 0, 0, 0, 0, 0, 0, 0, 0, 0, 0, 0]	[0, 0, 0, 0, 0, 0, 0, 0, 0, 0, 0, 0, 0, 0, 0, 0, 0, 0, 0, 0, 0, 0, 0, 0, 0, 0, 0, 0, 0, 0, 0]	[0.0007734999962849542, 0.00857769999129232, 0.025515599991194904, 0.04249499998695683, 0.05842309999570716, 0.07514199998695403, 0.09178329999849666, 0.10864389999187551, 0.1252092999930028, 0.1422454999992624, 0.15872469999885652, 0.17497809999622405, 0.191831899996032, 0.2089341999962926, 0.2251955999963684, 0.24184169998625293, 0.25854749999416526, 0.2752269999909913, 0.29195449998951517, 0.3088625999953365, 0.3251993999874685, 0.34195039999030996, 0.3585329999914393, 0.37524709998979233, 0.3921597999869846, 0.40829809999559075, 0.4250581999949645, 0.44199490000028163, 0.45824209999409504, 0.4752641999948537, 0.49169339999207295]	165.0	275.0	0.8	9b
283	8	go_nogo	0	60	2	go	click	[27.0, 27.0, 44.0, 61.0, 74.0, 90.0, 104.0, 118.0, 130.0, 137.0, 143.0, 149.0, 158.0, 159.0, 160.0, 160.0, 160.0, 160.0, 160.0, 162.0, 163.0, 164.0, 164.0, 164.0, 164.0, 164.0, 164.0]	[-232.0, -232.0, -144.0, -65.0, 2.0, 56.0, 102.0, 142.0, 175.0, 198.0, 217.0, 236.0, 258.0, 264.0, 264.0, 264.0, 264.0, 264.0, 265.0, 268.0, 273.0, 275.0, 275.0, 275.0, 275.0, 275.0, 275.0]	[0, 0, 0, 0, 0, 0, 0, 0, 0, 0, 0, 0, 0, 0, 0, 0, 0, 0, 0, 0, 0, 0, 0, 0, 0, 0, 1]	[0, 0, 0, 0, 0, 0, 0, 0, 0, 0, 0, 0, 0, 0, 0, 0, 0, 0, 0, 0, 0, 0, 0, 0, 0, 0, 0]	[0, 0, 0, 0, 0, 0, 0, 0, 0, 0, 0, 0, 0, 0, 0, 0, 0, 0, 0, 0, 0, 0, 0, 0, 0, 0, 0]	[0.00022840000747237355, 0.012517000010120682, 0.02937650000967551, 0.04580079999868758, 0.06292760001088027, 0.07933870000124443, 0.09601600001042243, 0.11284580000210553, 0.12934350001160055, 0.14618300000438467, 0.16265759999805596, 0.1793220000108704, 0.1960935000097379, 0.21372580000024755, 0.22929699999804143, 0.24559380000573583, 0.2623252000048524, 0.2791433000093093, 0.29561590000230353, 0.3125055999989854, 0.3292226000048686, 0.34562420001020655, 0.36235530000703875, 0.3790508000092814, 0.3957771999994293, 0.41240090000792406, 0.4290834999992512]	164.0	276.0	0.5	9b
284	8	go_nogo	0	60	4	go	click	[26.0, 26.0, 36.0, 79.0, 107.0, 129.0, 153.0, 172.0, 181.0, 186.0, 188.0, 188.0, 189.0, 189.0, 190.0, 190.0, 190.0, 190.0, 190.0, 192.0, 193.0, 193.0, 193.0, 193.0]	[-226.0, -226.0, -174.0, -8.0, 86.0, 153.0, 202.0, 236.0, 255.0, 267.0, 271.0, 274.0, 276.0, 279.0, 281.0, 283.0, 283.0, 283.0, 285.0, 289.0, 295.0, 297.0, 297.0, 297.0]	[0, 0, 0, 0, 0, 0, 0, 0, 0, 0, 0, 0, 0, 0, 0, 0, 0, 0, 0, 0, 0, 0, 0, 1]	[0, 0, 0, 0, 0, 0, 0, 0, 0, 0, 0, 0, 0, 0, 0, 0, 0, 0, 0, 0, 0, 0, 0, 0]	[0, 0, 0, 0, 0, 0, 0, 0, 0, 0, 0, 0, 0, 0, 0, 0, 0, 0, 0, 0, 0, 0, 0, 0]	[0.0002069000038318336, 0.009995800006436184, 0.026605999999446794, 0.0434157999989111, 0.05999750000773929, 0.07690960000036284, 0.09345260000554845, 0.10988190000352915, 0.12656089999654796, 0.14330830000108108, 0.15991329999815207, 0.17689139999856707, 0.1931310000072699, 0.20997340000758413, 0.22669060000043828, 0.24318879999918863, 0.2598078000009991, 0.2766704999958165, 0.29335510000237264, 0.3099433000024874, 0.32666279999830294, 0.3430222000024514, 0.3596408000012161, 0.3765566000074614]	193.0	297.0	0.7	9b
285	8	go_nogo	0	60	4	go	click	[47.0, 47.0, 53.0, 73.0, 94.0, 130.0, 155.0, 175.0, 191.0, 202.0, 207.0, 209.0, 212.0, 215.0, 217.0, 217.0, 218.0, 218.0, 218.0, 219.0, 219.0, 219.0, 219.0, 219.0, 219.0, 219.0]	[-249.0, -249.0, -222.0, -156.0, -82.0, 40.0, 112.0, 167.0, 206.0, 229.0, 239.0, 247.0, 254.0, 263.0, 270.0, 272.0, 273.0, 273.0, 276.0, 284.0, 294.0, 302.0, 305.0, 305.0, 305.0, 305.0]	[0, 0, 0, 0, 0, 0, 0, 0, 0, 0, 0, 0, 0, 0, 0, 0, 0, 0, 0, 0, 0, 0, 0, 0, 0, 1]	[0, 0, 0, 0, 0, 0, 0, 0, 0, 0, 0, 0, 0, 0, 0, 0, 0, 0, 0, 0, 0, 0, 0, 0, 0, 0]	[0, 0, 0, 0, 0, 0, 0, 0, 0, 0, 0, 0, 0, 0, 0, 0, 0, 0, 0, 0, 0, 0, 0, 0, 0, 0]	[0.00019809999503195286, 0.01292029999603983, 0.02948369999649003, 0.04629640000348445, 0.06311089999508113, 0.07966139999916777, 0.09621859999606386, 0.11290700000245124, 0.12943830000585876, 0.14623820000269916, 0.1629533000086667, 0.17944410000927746, 0.1963603000040166, 0.21295280000776984, 0.22954030000255443, 0.24626960000023246, 0.26263680000556633, 0.2796691999974428, 0.2961044999974547, 0.3129215000080876, 0.3295157999964431, 0.3460923999955412, 0.36260710000351537, 0.37931689999822993, 0.3959828000079142, 0.4133041000022786]	219.0	305.0	0.7	9b
286	8	go_nogo	0	60	1	nogo	none	[18.0, 18.0, 27.0, 51.0, 75.0, 100.0, 116.0, 133.0, 147.0, 152.0, 156.0, 159.0, 164.0, 168.0, 172.0, 172.0, 172.0, 172.0, 172.0, 173.0, 175.0, 176.0, 177.0, 177.0, 177.0, 177.0, 177.0, 177.0, 177.0, 177.0, 177.0, 177.0, 177.0, 177.0, 177.0, 177.0, 177.0, 177.0, 177.0, 177.0, 177.0, 177.0, 177.0, 177.0, 177.0, 177.0, 177.0, 177.0, 177.0, 177.0, 177.0, 177.0, 177.0, 177.0, 177.0, 177.0, 177.0, 177.0, 177.0, 177.0, 177.0, 177.0, 177.0, 177.0, 177.0, 177.0]	[-239.0, -239.0, -203.0, -125.0, -43.0, 24.0, 81.0, 125.0, 163.0, 176.0, 184.0, 192.0, 200.0, 209.0, 214.0, 216.0, 216.0, 216.0, 216.0, 218.0, 223.0, 227.0, 230.0, 231.0, 231.0, 231.0, 231.0, 231.0, 231.0, 231.0, 231.0, 231.0, 231.0, 231.0, 231.0, 231.0, 231.0, 231.0, 231.0, 231.0, 231.0, 231.0, 231.0, 231.0, 231.0, 231.0, 231.0, 231.0, 231.0, 231.0, 231.0, 231.0, 231.0, 231.0, 231.0, 231.0, 231.0, 231.0, 231.0, 231.0, 231.0, 231.0, 231.0, 231.0, 231.0, 231.0]	[0, 0, 0, 0, 0, 0, 0, 0, 0, 0, 0, 0, 0, 0, 0, 0, 0, 0, 0, 0, 0, 0, 0, 0, 0, 0, 0, 0, 0, 0, 0, 0, 0, 0, 0, 0, 0, 0, 0, 0, 0, 0, 0, 0, 0, 0, 0, 0, 0, 0, 0, 0, 0, 0, 0, 0, 0, 0, 0, 0, 0, 0, 0, 0, 0, 0]	[0, 0, 0, 0, 0, 0, 0, 0, 0, 0, 0, 0, 0, 0, 0, 0, 0, 0, 0, 0, 0, 0, 0, 0, 0, 0, 0, 0, 0, 0, 0, 0, 0, 0, 0, 0, 0, 0, 0, 0, 0, 0, 0, 0, 0, 0, 0, 0, 0, 0, 0, 0, 0, 0, 0, 0, 0, 0, 0, 0, 0, 0, 0, 0, 0, 0]	[0, 0, 0, 0, 0, 0, 0, 0, 0, 0, 0, 0, 0, 0, 0, 0, 0, 0, 0, 0, 0, 0, 0, 0, 0, 0, 0, 0, 0, 0, 0, 0, 0, 0, 0, 0, 0, 0, 0, 0, 0, 0, 0, 0, 0, 0, 0, 0, 0, 0, 0, 0, 0, 0, 0, 0, 0, 0, 0, 0, 0, 0, 0, 0, 0, 0]	[0.00018730000010691583, 0.01077140000415966, 0.027128200003062375, 0.04366630000004079, 0.06032020000566263, 0.07712620000529569, 0.09360820001165848, 0.11051769999903627, 0.12711200000194367, 0.14407930000743363, 0.16017350000038277, 0.17700520000653341, 0.19372819999989588, 0.2105576000030851, 0.22757990000536665, 0.24371170000813436, 0.26020030000654515, 0.2771504999982426, 0.29382960000657476, 0.31054890000086743, 0.3271272999991197, 0.3441249000024982, 0.3603627999982564, 0.37676590000046417, 0.39365350001025945, 0.41019280000182334, 0.42674059999990277, 0.4434400000027381, 0.4601074000092922, 0.47688620000553783, 0.49352810000709724, 0.5100130000064382, 0.5267032000119798, 0.5433381000038935, 0.5599877000058768, 0.5768305000092369, 0.5934151000110433, 0.6100655000045663, 0.6268890000064857, 0.6437127000099281, 0.6598974000080489, 0.6767944000021089, 0.6935157000116305, 0.7105532999994466, 0.7267123000056017, 0.7434976000076858, 0.7601351000048453, 0.7766544000041904, 0.7935897999996087, 0.8102095000067493, 0.8268375000043306, 0.8435214000055566, 0.8601154000061797, 0.8767609000060475, 0.8938695000106236, 0.9103317999979481, 0.9266017000045395, 0.9432419000077061, 0.9599890000099549, 0.9766852000029758, 0.9934895000042161, 1.010107900001458, 1.0265072000038344, 1.043098900001496, 1.06004060000123, 1.0764943000103813]	n/a	n/a	0.6	9b
287	8	go_nogo	0	60	2	go	click	[41.0, 41.0, 56.0, 91.0, 129.0, 186.0, 201.0, 220.0, 223.0, 223.0, 223.0, 223.0, 223.0, 223.0, 223.0, 223.0, 223.0, 223.0, 223.0, 223.0, 223.0, 223.0, 223.0, 223.0, 223.0, 223.0, 223.0, 223.0, 223.0, 223.0, 223.0, 223.0, 223.0, 223.0, 223.0, 223.0, 222.0, 222.0, 221.0, 221.0, 221.0, 221.0]	[-190.0, -190.0, -141.0, -34.0, 77.0, 246.0, 284.0, 343.0, 355.0, 357.0, 357.0, 357.0, 357.0, 357.0, 357.0, 357.0, 357.0, 357.0, 357.0, 357.0, 357.0, 357.0, 357.0, 357.0, 357.0, 357.0, 357.0, 357.0, 357.0, 357.0, 357.0, 357.0, 357.0, 357.0, 352.0, 346.0, 344.0, 341.0, 337.0, 333.0, 332.0, 332.0]	[0, 0, 0, 0, 0, 0, 0, 0, 0, 0, 0, 0, 0, 0, 0, 0, 0, 0, 0, 0, 0, 0, 1, 1, 1, 1, 1, 1, 1, 0, 0, 0, 0, 0, 0, 0, 0, 0, 0, 0, 0, 1]	[0, 0, 0, 0, 0, 0, 0, 0, 0, 0, 0, 0, 0, 0, 0, 0, 0, 0, 0, 0, 0, 0, 0, 0, 0, 0, 0, 0, 0, 0, 0, 0, 0, 0, 0, 0, 0, 0, 0, 0, 0, 0]	[0, 0, 0, 0, 0, 0, 0, 0, 0, 0, 0, 0, 0, 0, 0, 0, 0, 0, 0, 0, 0, 0, 0, 0, 0, 0, 0, 0, 0, 0, 0, 0, 0, 0, 0, 0, 0, 0, 0, 0, 0, 0]	[0.0002111000067088753, 0.012111200005165301, 0.02809430001070723, 0.044869600009405985, 0.06157140000141226, 0.07833260000916198, 0.09480780000740197, 0.11181260000739712, 0.12839220000023488, 0.14465450000716373, 0.16139430001203436, 0.17805190000217408, 0.1948508000059519, 0.21133020000706892, 0.2279570000100648, 0.2448207999987062, 0.2614724000013666, 0.27827580001030583, 0.2947953000111738, 0.31141439999919385, 0.32845970000198577, 0.34487530001206324, 0.3619156000058865, 0.37811879999935627, 0.39484490000177175, 0.4113297000003513, 0.428046600005473, 0.4445941000012681, 0.4619492000056198, 0.4781572000065353, 0.49479120000614785, 0.5114001000038115, 0.528224699999555, 0.5448028000100749, 0.5613671000028262, 0.578077400001348, 0.5945814000006067, 0.611583600009908, 0.628072700012126, 0.644928699999582, 0.6611592000117525, 0.6784443000069587]	221.0	332.0	0.9	9b
288	8	go_nogo	0	60	1	nogo	none	[31.0, 31.0, 43.0, 63.0, 91.0, 120.0, 148.0, 172.0, 184.0, 192.0, 193.0, 193.0, 193.0, 193.0, 194.0, 194.0, 194.0, 194.0, 194.0, 194.0, 194.0, 194.0, 194.0, 194.0, 194.0, 194.0, 194.0, 194.0, 194.0, 194.0, 194.0, 194.0, 194.0, 194.0, 194.0, 194.0, 194.0, 194.0, 194.0, 194.0, 194.0, 194.0, 194.0, 194.0, 194.0, 194.0, 194.0, 194.0, 194.0, 194.0, 194.0, 194.0, 194.0, 194.0]	[-247.0, -247.0, -165.0, -73.0, 25.0, 123.0, 224.0, 298.0, 340.0, 359.0, 364.0, 364.0, 364.0, 365.0, 366.0, 367.0, 367.0, 367.0, 367.0, 367.0, 367.0, 367.0, 367.0, 367.0, 366.0, 365.0, 365.0, 365.0, 365.0, 365.0, 365.0, 365.0, 365.0, 365.0, 365.0, 365.0, 365.0, 365.0, 365.0, 365.0, 365.0, 365.0, 365.0, 365.0, 365.0, 365.0, 365.0, 365.0, 365.0, 365.0, 365.0, 365.0, 365.0, 365.0]	[0, 0, 0, 0, 0, 0, 0, 0, 0, 0, 0, 0, 0, 0, 0, 0, 0, 0, 0, 0, 0, 0, 0, 0, 0, 0, 0, 0, 0, 0, 0, 0, 0, 0, 0, 0, 0, 0, 0, 0, 0, 0, 0, 0, 0, 0, 0, 0, 0, 0, 0, 0, 0, 0]	[0, 0, 0, 0, 0, 0, 0, 0, 0, 0, 0, 0, 0, 0, 0, 0, 0, 0, 0, 0, 0, 0, 0, 0, 0, 0, 0, 0, 0, 0, 0, 0, 0, 0, 0, 0, 0, 0, 0, 0, 0, 0, 0, 0, 0, 0, 0, 0, 0, 0, 0, 0, 0, 0]	[0, 0, 0, 0, 0, 0, 0, 0, 0, 0, 0, 0, 0, 0, 0, 0, 0, 0, 0, 0, 0, 0, 0, 0, 0, 0, 0, 0, 0, 0, 0, 0, 0, 0, 0, 0, 0, 0, 0, 0, 0, 0, 0, 0, 0, 0, 0, 0, 0, 0, 0, 0, 0, 0]	[0.0003273999900557101, 0.011539999992237426, 0.02806060000148136, 0.0448333999956958, 0.06146630000148434, 0.07801389999804087, 0.09489279999979772, 0.11136329999135341, 0.12810429999080952, 0.1445887000008952, 0.16127240000059828, 0.1779021999973338, 0.1948083999886876, 0.21136960000148974, 0.22836480000114534, 0.24470199999632314, 0.26129139999102335, 0.27797450000070967, 0.2945714999950724, 0.31119209999451414, 0.3280522999993991, 0.34463680000044405, 0.3611611999949673, 0.3780428000027314, 0.3945759999915026, 0.41113759999279864, 0.42779950000112876, 0.44458039999881294, 0.4611118000029819, 0.4777402999898186, 0.4944868000020506, 0.5110960000019986, 0.5279937000013888, 0.5446557999966899, 0.5613294999930076, 0.5779779000004055, 0.5945709999941755, 0.6113584999984596, 0.6278173999889987, 0.6446796999953222, 0.6611662999930559, 0.6777875999978278, 0.6945663999940734, 0.7113664999924367, 0.7279401999985566, 0.7445655999908922, 0.7611251999915112, 0.7776433999970322, 0.7943866999994498, 0.8109216000011656, 0.8275587999960408, 0.8442874000029406, 0.8608833999896888, 0.8776130999904126]	n/a	n/a	0.5	9b
289	8	go_nogo	0	60	7	go	click	[53.0, 53.0, 84.0, 110.0, 130.0, 142.0, 149.0, 154.0, 156.0, 158.0, 161.0, 168.0, 174.0, 181.0, 182.0, 183.0, 185.0, 188.0, 189.0, 192.0, 192.0, 192.0, 192.0, 192.0, 192.0, 192.0]	[-191.0, -191.0, -92.0, -10.0, 56.0, 91.0, 114.0, 129.0, 138.0, 146.0, 159.0, 179.0, 198.0, 220.0, 226.0, 233.0, 241.0, 254.0, 266.0, 276.0, 281.0, 284.0, 284.0, 284.0, 284.0, 284.0]	[0, 0, 0, 0, 0, 0, 0, 0, 0, 0, 0, 0, 0, 0, 0, 0, 0, 0, 0, 0, 0, 0, 0, 0, 0, 1]	[0, 0, 0, 0, 0, 0, 0, 0, 0, 0, 0, 0, 0, 0, 0, 0, 0, 0, 0, 0, 0, 0, 0, 0, 0, 0]	[0, 0, 0, 0, 0, 0, 0, 0, 0, 0, 0, 0, 0, 0, 0, 0, 0, 0, 0, 0, 0, 0, 0, 0, 0, 0]	[0.00018999999156221747, 0.011318099990603514, 0.02745699998922646, 0.044077799990191124, 0.06059179999283515, 0.0772887999919476, 0.09380969998892397, 0.1103370999917388, 0.12732349999714643, 0.14391519999480806, 0.16057399999408517, 0.17724679999810178, 0.19412859999283683, 0.21087149999220856, 0.22770249999302905, 0.24382629999308847, 0.2605211999907624, 0.2768826999963494, 0.29359469999326393, 0.31055489998834673, 0.3270021999924211, 0.3433624999888707, 0.36026569998648483, 0.37674259999766946, 0.39337499999965075, 0.4105762999970466]	192.0	284.0	0.6	9b
290	8	go_nogo	0	60	1	nogo	none	[56.0, 56.0, 71.0, 92.0, 109.0, 126.0, 137.0, 147.0, 151.0, 156.0, 162.0, 168.0, 174.0, 179.0, 183.0, 183.0, 183.0, 183.0, 183.0, 184.0, 185.0, 185.0, 186.0, 186.0, 187.0, 187.0, 187.0, 187.0, 187.0, 187.0, 187.0, 187.0, 187.0, 187.0, 187.0, 187.0, 187.0, 187.0, 187.0, 187.0, 187.0, 187.0, 187.0, 187.0, 187.0, 187.0, 187.0, 187.0, 187.0, 187.0, 187.0, 187.0, 187.0, 187.0, 187.0, 187.0, 187.0, 187.0, 187.0, 187.0, 187.0, 187.0, 187.0, 187.0, 187.0, 187.0]	[-240.0, -240.0, -202.0, -139.0, -78.0, -21.0, 31.0, 76.0, 93.0, 109.0, 124.0, 141.0, 159.0, 174.0, 182.0, 183.0, 183.0, 183.0, 183.0, 188.0, 198.0, 203.0, 207.0, 209.0, 209.0, 209.0, 209.0, 209.0, 209.0, 209.0, 209.0, 209.0, 209.0, 209.0, 209.0, 209.0, 209.0, 209.0, 209.0, 209.0, 209.0, 209.0, 209.0, 209.0, 209.0, 209.0, 209.0, 209.0, 209.0, 209.0, 209.0, 209.0, 209.0, 209.0, 209.0, 209.0, 209.0, 209.0, 209.0, 209.0, 209.0, 209.0, 209.0, 209.0, 209.0, 209.0]	[0, 0, 0, 0, 0, 0, 0, 0, 0, 0, 0, 0, 0, 0, 0, 0, 0, 0, 0, 0, 0, 0, 0, 0, 0, 0, 0, 0, 0, 0, 0, 0, 0, 0, 0, 0, 0, 0, 0, 0, 0, 0, 0, 0, 0, 0, 0, 0, 0, 0, 0, 0, 0, 0, 0, 0, 0, 0, 0, 0, 0, 0, 0, 0, 0, 0]	[0, 0, 0, 0, 0, 0, 0, 0, 0, 0, 0, 0, 0, 0, 0, 0, 0, 0, 0, 0, 0, 0, 0, 0, 0, 0, 0, 0, 0, 0, 0, 0, 0, 0, 0, 0, 0, 0, 0, 0, 0, 0, 0, 0, 0, 0, 0, 0, 0, 0, 0, 0, 0, 0, 0, 0, 0, 0, 0, 0, 0, 0, 0, 0, 0, 0]	[0, 0, 0, 0, 0, 0, 0, 0, 0, 0, 0, 0, 0, 0, 0, 0, 0, 0, 0, 0, 0, 0, 0, 0, 0, 0, 0, 0, 0, 0, 0, 0, 0, 0, 0, 0, 0, 0, 0, 0, 0, 0, 0, 0, 0, 0, 0, 0, 0, 0, 0, 0, 0, 0, 0, 0, 0, 0, 0, 0, 0, 0, 0, 0, 0, 0]	[0.0002575999969849363, 0.009513600001810119, 0.025926000002073124, 0.042738300006021746, 0.05944820000149775, 0.07599399999890011, 0.0932844000053592, 0.10925560000760015, 0.12621450000733603, 0.1427455000084592, 0.15923689999908675, 0.17589179999777116, 0.192428900001687, 0.20927180000580847, 0.22602760000154376, 0.24241479999909643, 0.2591424999991432, 0.27561480000440497, 0.2927605000004405, 0.31014100000902545, 0.3261481000081403, 0.3426171000028262, 0.3591030999959912, 0.37588700000196695, 0.392249600001378, 0.409238499996718, 0.42592740000691265, 0.44294900000386406, 0.459087900002487, 0.47577580000506714, 0.4928871000010986, 0.5092577000032179, 0.5257854000083171, 0.5425566000049002, 0.5593400000070687, 0.5759209999960149, 0.5925535999995191, 0.60913920000894, 0.6258532000065316, 0.6423647000046913, 0.6590782999992371, 0.6757757000013953, 0.6923798000061652, 0.7088419000065187, 0.7256733999965945, 0.7423417999962112, 0.7590654000086943, 0.7756879000080517, 0.7924463999952422, 0.8089389000087976, 0.8257010000088485, 0.842260500008706, 0.8588445000059437, 0.8755578999989666, 0.892375199997332, 0.9088541999954032, 0.9255244999949355, 0.9425063000089722, 0.9592224000080023, 0.9756327000068268, 0.9923343999980716, 1.0089370000059716, 1.025451499997871, 1.0423494999995455, 1.0588066000054823, 1.075783299995237]	n/a	n/a	0.5	9b
291	8	go_nogo	0	60	4	go	click	[59.0, 59.0, 71.0, 93.0, 120.0, 141.0, 155.0, 162.0, 164.0, 165.0, 166.0, 173.0, 179.0, 183.0, 183.0, 183.0, 183.0, 183.0, 183.0, 183.0, 184.0, 184.0, 185.0, 185.0, 185.0, 185.0, 185.0, 185.0, 185.0, 185.0, 185.0, 185.0, 185.0, 185.0, 185.0, 185.0, 185.0, 185.0, 185.0, 185.0, 185.0, 185.0, 185.0, 185.0, 185.0]	[-216.0, -216.0, -168.0, -83.0, 4.0, 77.0, 129.0, 155.0, 168.0, 175.0, 180.0, 199.0, 220.0, 231.0, 233.0, 233.0, 234.0, 234.0, 234.0, 236.0, 241.0, 246.0, 250.0, 250.0, 250.0, 250.0, 250.0, 250.0, 250.0, 250.0, 250.0, 250.0, 250.0, 250.0, 250.0, 250.0, 250.0, 254.0, 258.0, 259.0, 260.0, 263.0, 264.0, 264.0, 264.0]	[0, 0, 0, 0, 0, 0, 0, 0, 0, 0, 0, 0, 0, 0, 0, 0, 0, 0, 0, 0, 0, 0, 0, 0, 0, 1, 1, 1, 1, 1, 1, 1, 1, 0, 0, 0, 0, 0, 0, 0, 0, 0, 0, 0, 1]	[0, 0, 0, 0, 0, 0, 0, 0, 0, 0, 0, 0, 0, 0, 0, 0, 0, 0, 0, 0, 0, 0, 0, 0, 0, 0, 0, 0, 0, 0, 0, 0, 0, 0, 0, 0, 0, 0, 0, 0, 0, 0, 0, 0, 0]	[0, 0, 0, 0, 0, 0, 0, 0, 0, 0, 0, 0, 0, 0, 0, 0, 0, 0, 0, 0, 0, 0, 0, 0, 0, 0, 0, 0, 0, 0, 0, 0, 0, 0, 0, 0, 0, 0, 0, 0, 0, 0, 0, 0, 0]	[0.0004352999967522919, 0.008397400000831112, 0.025540600006934255, 0.04174620000412688, 0.05862419999903068, 0.07561280000663828, 0.09191620000638068, 0.10843530000420287, 0.12535529999877326, 0.14209269999992102, 0.1584395000099903, 0.1748922999977367, 0.19180149999738205, 0.20886379999865312, 0.2251278000039747, 0.24194380000699311, 0.2584679999999935, 0.2750333000003593, 0.2918635000096401, 0.3084443999978248, 0.3251568999985466, 0.34207990000140853, 0.35826570000790525, 0.374940499998047, 0.3918945000041276, 0.40874210000038147, 0.4252433000074234, 0.4417500999988988, 0.45852290000766516, 0.4750086999993073, 0.4916767999966396, 0.5084099000087008, 0.5249736999976449, 0.5418353999993997, 0.5581429000012577, 0.5751480000035372, 0.5919508000079077, 0.6084662000066601, 0.6251164999994216, 0.6415727999992669, 0.6581851000082679, 0.6749374000064563, 0.6915263999981107, 0.7084135000040988, 0.7253684000024805]	185.0	264.0	0.6	9b
292	8	go_nogo	0	60	3	go	click	[28.0, 28.0, 35.0, 76.0, 105.0, 138.0, 171.0, 195.0, 209.0, 217.0, 222.0, 224.0, 224.0, 224.0, 224.0, 224.0, 224.0, 224.0, 224.0, 224.0, 224.0, 224.0, 224.0, 224.0, 224.0, 222.0, 217.0, 211.0, 208.0, 206.0, 204.0, 203.0, 203.0]	[-250.0, -250.0, -211.0, -65.0, 37.0, 132.0, 224.0, 284.0, 331.0, 358.0, 373.0, 377.0, 377.0, 377.0, 378.0, 378.0, 378.0, 378.0, 378.0, 378.0, 378.0, 378.0, 378.0, 378.0, 378.0, 369.0, 352.0, 328.0, 315.0, 305.0, 300.0, 296.0, 296.0]	[0, 0, 0, 0, 0, 0, 0, 0, 0, 0, 0, 0, 0, 0, 0, 0, 0, 0, 0, 0, 0, 0, 0, 0, 0, 0, 0, 0, 0, 0, 0, 0, 1]	[0, 0, 0, 0, 0, 0, 0, 0, 0, 0, 0, 0, 0, 0, 0, 0, 0, 0, 0, 0, 0, 0, 0, 0, 0, 0, 0, 0, 0, 0, 0, 0, 0]	[0, 0, 0, 0, 0, 0, 0, 0, 0, 0, 0, 0, 0, 0, 0, 0, 0, 0, 0, 0, 0, 0, 0, 0, 0, 0, 0, 0, 0, 0, 0, 0, 0]	[0.00019629999587778002, 0.011513300007209182, 0.028122300005634315, 0.04475290000846144, 0.06173800000397023, 0.07812269999703858, 0.09486880000622477, 0.1117013000039151, 0.1283636000007391, 0.14490389999991748, 0.16157890000613406, 0.17802750000555534, 0.19461710000177845, 0.21127690000867005, 0.22800160000042524, 0.2446200999984285, 0.2614726000028895, 0.2781866000004811, 0.2947236000036355, 0.31148279999615625, 0.32788860000437126, 0.3445190000056755, 0.3611248999950476, 0.37798410000687, 0.39468500000657514, 0.4113221000006888, 0.42793380000512116, 0.44469000000390224, 0.461161400002311, 0.4779448000044795, 0.4944992000091588, 0.5113027000043076, 0.5280266000045231]	203.0	296.0	0.8	9b
293	8	go_nogo	0	60	1	nogo	none	[37.0, 47.0, 59.0, 79.0, 104.0, 130.0, 152.0, 172.0, 182.0, 188.0, 193.0, 200.0, 205.0, 208.0, 209.0, 209.0, 209.0, 209.0, 211.0, 212.0, 213.0, 213.0, 213.0, 213.0, 213.0, 213.0, 213.0, 213.0, 213.0, 213.0, 213.0, 213.0, 213.0, 213.0, 213.0, 213.0, 213.0, 213.0, 213.0, 213.0, 213.0, 213.0, 213.0, 213.0, 213.0, 213.0, 213.0, 213.0, 213.0, 213.0, 213.0, 213.0, 213.0, 213.0, 213.0, 213.0, 213.0, 213.0, 213.0, 213.0, 213.0, 213.0, 213.0]	[-246.0, -206.0, -158.0, -70.0, 20.0, 102.0, 162.0, 219.0, 246.0, 263.0, 278.0, 294.0, 311.0, 319.0, 322.0, 322.0, 322.0, 323.0, 327.0, 331.0, 333.0, 333.0, 333.0, 333.0, 333.0, 333.0, 333.0, 333.0, 333.0, 333.0, 333.0, 333.0, 333.0, 333.0, 333.0, 333.0, 333.0, 333.0, 333.0, 333.0, 333.0, 333.0, 333.0, 333.0, 333.0, 333.0, 333.0, 333.0, 333.0, 333.0, 333.0, 333.0, 333.0, 333.0, 333.0, 333.0, 333.0, 333.0, 333.0, 333.0, 333.0, 333.0, 333.0]	[0, 0, 0, 0, 0, 0, 0, 0, 0, 0, 0, 0, 0, 0, 0, 0, 0, 0, 0, 0, 0, 0, 0, 0, 0, 0, 0, 0, 0, 0, 0, 0, 0, 0, 0, 0, 0, 0, 0, 0, 0, 0, 0, 0, 0, 0, 0, 0, 0, 0, 0, 0, 0, 0, 0, 0, 0, 0, 0, 0, 0, 0, 0]	[0, 0, 0, 0, 0, 0, 0, 0, 0, 0, 0, 0, 0, 0, 0, 0, 0, 0, 0, 0, 0, 0, 0, 0, 0, 0, 0, 0, 0, 0, 0, 0, 0, 0, 0, 0, 0, 0, 0, 0, 0, 0, 0, 0, 0, 0, 0, 0, 0, 0, 0, 0, 0, 0, 0, 0, 0, 0, 0, 0, 0, 0, 0]	[0, 0, 0, 0, 0, 0, 0, 0, 0, 0, 0, 0, 0, 0, 0, 0, 0, 0, 0, 0, 0, 0, 0, 0, 0, 0, 0, 0, 0, 0, 0, 0, 0, 0, 0, 0, 0, 0, 0, 0, 0, 0, 0, 0, 0, 0, 0, 0, 0, 0, 0, 0, 0, 0, 0, 0, 0, 0, 0, 0, 0, 0, 0]	[7.639999967068434e-05, 0.011413300002459437, 0.028064400001312606, 0.04446189998998307, 0.0615276000025915, 0.07793800000217743, 0.09466319999773987, 0.11117499999818392, 0.1280774999904679, 0.14516549999825656, 0.1613072999898577, 0.17789669999910984, 0.19437789999938104, 0.2111053999979049, 0.2276899999997113, 0.2444785999978194, 0.26135319999593776, 0.27791140000044834, 0.29467730000033043, 0.31106359999103006, 0.32779179999488406, 0.34430349999456666, 0.36099869999452494, 0.37789540000085253, 0.39437929999257904, 0.4112526999961119, 0.4277845000033267, 0.44427389999327715, 0.4609740000014426, 0.47763819999818224, 0.4943870999995852, 0.5112773000000743, 0.5278638000017963, 0.5450429999909829, 0.560966399993049, 0.5780681000032928, 0.5946251999994274, 0.6114590999932261, 0.6277529999933904, 0.6443406000034884, 0.660976799990749, 0.677872699990985, 0.6942661999928532, 0.7111581999924965, 0.7276331000030041, 0.744211199998972, 0.7611344999895664, 0.7776458000007551, 0.7941533999983221, 0.8108747999940533, 0.8275141999911284, 0.844590499997139, 0.8609787000023061, 0.8777930999931414, 0.8945321999926819, 0.9110071999893989, 0.9278491000004578, 0.9442361999972491, 0.9610198000009404, 0.9776844000007259, 0.9942103999928804, 1.0110058999998728, 1.0276122999930521]	n/a	n/a	1.0	9b
294	8	go_nogo	0	60	7	go	click	[15.0, 23.0, 30.0, 56.0, 82.0, 110.0, 134.0, 157.0, 164.0, 169.0, 173.0, 175.0, 176.0, 178.0, 179.0, 179.0, 179.0, 179.0, 179.0, 179.0, 182.0, 184.0, 186.0, 187.0, 187.0, 187.0, 187.0, 187.0, 187.0]	[-285.0, -258.0, -233.0, -162.0, -80.0, 11.0, 89.0, 159.0, 185.0, 202.0, 215.0, 226.0, 234.0, 239.0, 244.0, 245.0, 245.0, 245.0, 245.0, 245.0, 253.0, 259.0, 266.0, 269.0, 270.0, 270.0, 270.0, 270.0, 270.0]	[0, 0, 0, 0, 0, 0, 0, 0, 0, 0, 0, 0, 0, 0, 0, 0, 0, 0, 0, 0, 0, 0, 0, 0, 0, 0, 0, 0, 1]	[0, 0, 0, 0, 0, 0, 0, 0, 0, 0, 0, 0, 0, 0, 0, 0, 0, 0, 0, 0, 0, 0, 0, 0, 0, 0, 0, 0, 0]	[0, 0, 0, 0, 0, 0, 0, 0, 0, 0, 0, 0, 0, 0, 0, 0, 0, 0, 0, 0, 0, 0, 0, 0, 0, 0, 0, 0, 0]	[9.800000407267362e-05, 0.011493700003484264, 0.027915200000279583, 0.044642200009548105, 0.061411800008499995, 0.0780728999961866, 0.09487860000808723, 0.11130200000479817, 0.12821439999970607, 0.14490900000964757, 0.16151459999673534, 0.1782419000082882, 0.19484769999689888, 0.2118659999978263, 0.228295299995807, 0.24478999999701045, 0.26140840000880416, 0.277990000002319, 0.294595900006243, 0.3120933000027435, 0.3280057000083616, 0.3453806000034092, 0.36185650000697933, 0.37809980000020005, 0.3946090999961598, 0.41125279999687336, 0.4279075000085868, 0.44453219999559224, 0.4616651999967871]	187.0	270.0	0.6	9b
295	8	go_nogo	0	60	3	go	click	[88.0, 88.0, 113.0, 135.0, 157.0, 172.0, 186.0, 193.0, 203.0, 210.0, 214.0, 217.0, 218.0, 222.0, 224.0, 227.0, 228.0, 228.0, 228.0, 228.0, 227.0, 226.0, 223.0, 221.0, 219.0, 218.0, 218.0, 218.0]	[-220.0, -220.0, -149.0, -86.0, -19.0, 31.0, 69.0, 94.0, 117.0, 134.0, 146.0, 157.0, 165.0, 174.0, 186.0, 193.0, 201.0, 209.0, 218.0, 232.0, 249.0, 264.0, 277.0, 285.0, 294.0, 295.0, 295.0, 295.0]	[0, 0, 0, 0, 0, 0, 0, 0, 0, 0, 0, 0, 0, 0, 0, 0, 0, 0, 0, 0, 0, 0, 0, 0, 0, 0, 0, 1]	[0, 0, 0, 0, 0, 0, 0, 0, 0, 0, 0, 0, 0, 0, 0, 0, 0, 0, 0, 0, 0, 0, 0, 0, 0, 0, 0, 0]	[0, 0, 0, 0, 0, 0, 0, 0, 0, 0, 0, 0, 0, 0, 0, 0, 0, 0, 0, 0, 0, 0, 0, 0, 0, 0, 0, 0]	[7.40000104997307e-05, 0.011765200004447252, 0.028522800013888627, 0.04497990000527352, 0.06167439999990165, 0.07836940001288895, 0.09498060001351405, 0.1116286000033142, 0.12836290000996087, 0.14478620000591036, 0.16166000001248904, 0.17827310001302976, 0.1955861000024015, 0.211980100008077, 0.22831790000782348, 0.24514530001033563, 0.2616234000015538, 0.2782796000101371, 0.2948711000062758, 0.3115171000099508, 0.3282024000072852, 0.3451404000079492, 0.36171420000027865, 0.378158200008329, 0.3950150000018766, 0.4116052000026684, 0.42828850001387764, 0.4449699000106193]	218.0	295.0	0.7	9b
296	8	go_nogo	0	60	4	go	click	[42.0, 42.0, 52.0, 79.0, 103.0, 148.0, 173.0, 185.0, 189.0, 189.0, 190.0, 190.0, 190.0, 190.0, 190.0, 190.0, 190.0, 190.0, 190.0, 190.0, 190.0, 190.0, 190.0]	[-179.0, -179.0, -127.0, -22.0, 64.0, 196.0, 267.0, 300.0, 314.0, 317.0, 317.0, 317.0, 317.0, 317.0, 317.0, 317.0, 317.0, 317.0, 317.0, 317.0, 317.0, 317.0, 317.0]	[0, 0, 0, 0, 0, 0, 0, 0, 0, 0, 0, 0, 0, 0, 0, 0, 0, 0, 0, 0, 0, 0, 1]	[0, 0, 0, 0, 0, 0, 0, 0, 0, 0, 0, 0, 0, 0, 0, 0, 0, 0, 0, 0, 0, 0, 0]	[0, 0, 0, 0, 0, 0, 0, 0, 0, 0, 0, 0, 0, 0, 0, 0, 0, 0, 0, 0, 0, 0, 0]	[0.00022620000527240336, 0.011525399997481145, 0.028055000002495944, 0.04462660000717733, 0.06142569999792613, 0.07834680000087246, 0.09459750000678468, 0.1115602000063518, 0.12804680000408553, 0.14513070000975858, 0.161141000004136, 0.17799070000182837, 0.19465790000685956, 0.21136729999852832, 0.22791060000599828, 0.24448030001076404, 0.26123280001047533, 0.2777805000077933, 0.2946730999974534, 0.3112478999973973, 0.32781980000436306, 0.34458360000280663, 0.3615210999996634]	190.0	317.0	1.0	9b
297	8	go_nogo	0	60	4	go	click	[42.0, 42.0, 70.0, 104.0, 133.0, 155.0, 173.0, 186.0, 194.0, 201.0, 204.0, 204.0, 205.0, 205.0, 205.0, 205.0, 205.0, 205.0, 205.0, 205.0, 205.0, 205.0, 205.0, 205.0, 205.0]	[-229.0, -229.0, -158.0, -77.0, -1.0, 65.0, 124.0, 169.0, 202.0, 226.0, 251.0, 258.0, 260.0, 260.0, 260.0, 260.0, 261.0, 266.0, 271.0, 272.0, 275.0, 279.0, 282.0, 282.0, 283.0]	[0, 0, 0, 0, 0, 0, 0, 0, 0, 0, 0, 0, 0, 0, 0, 0, 0, 0, 0, 0, 0, 0, 0, 0, 1]	[0, 0, 0, 0, 0, 0, 0, 0, 0, 0, 0, 0, 0, 0, 0, 0, 0, 0, 0, 0, 0, 0, 0, 0, 0]	[0, 0, 0, 0, 0, 0, 0, 0, 0, 0, 0, 0, 0, 0, 0, 0, 0, 0, 0, 0, 0, 0, 0, 0, 0]	[0.00016769999638199806, 0.012163399995188229, 0.028271199989831075, 0.04535539999778848, 0.06191429999307729, 0.07835979999799747, 0.09494290000293404, 0.11168249999172986, 0.12838949999422766, 0.14505710000230465, 0.1618226999999024, 0.17852610000409186, 0.19481279999308754, 0.21157319999474566, 0.2282641999918269, 0.2450847000000067, 0.26162720000138506, 0.27833000000100583, 0.29509289999259636, 0.3119661999953678, 0.32842859999800567, 0.3452372000028845, 0.3614666999928886, 0.3785317000001669, 0.39505199999257457]	205.0	283.0	0.5	9b
298	8	go_nogo	0	60	7	go	click	[60.0, 60.0, 77.0, 112.0, 146.0, 174.0, 186.0, 194.0, 200.0, 204.0, 209.0, 212.0, 215.0, 215.0, 216.0, 216.0, 216.0, 216.0, 216.0, 216.0, 216.0, 216.0, 216.0, 216.0]	[-194.0, -194.0, -137.0, -23.0, 80.0, 175.0, 212.0, 241.0, 262.0, 275.0, 285.0, 295.0, 303.0, 305.0, 305.0, 305.0, 305.0, 305.0, 305.0, 305.0, 305.0, 305.0, 305.0, 305.0]	[0, 0, 0, 0, 0, 0, 0, 0, 0, 0, 0, 0, 0, 0, 0, 0, 0, 0, 0, 0, 0, 0, 0, 1]	[0, 0, 0, 0, 0, 0, 0, 0, 0, 0, 0, 0, 0, 0, 0, 0, 0, 0, 0, 0, 0, 0, 0, 0]	[0, 0, 0, 0, 0, 0, 0, 0, 0, 0, 0, 0, 0, 0, 0, 0, 0, 0, 0, 0, 0, 0, 0, 0]	[0.00022110001009423286, 0.01233890000730753, 0.028502000001026317, 0.04528050000953954, 0.06209770000714343, 0.07901260000653565, 0.09565930000098888, 0.11257500000647269, 0.12903610001376364, 0.1455413000076078, 0.1623225000075763, 0.1787369000085164, 0.1952573000016855, 0.2121604000130901, 0.2284148000035202, 0.24506010000186507, 0.262010200007353, 0.2785271000029752, 0.29509990000224207, 0.31207220000214875, 0.32883980000042357, 0.3453609999996843, 0.3619625000137603, 0.3790951000119094]	216.0	306.0	0.7	9b
299	8	go_nogo	0	60	8	go	click	[34.0, 36.0, 41.0, 51.0, 67.0, 96.0, 124.0, 148.0, 169.0, 179.0, 189.0, 194.0, 197.0, 198.0, 199.0, 199.0, 199.0, 200.0, 200.0, 201.0, 203.0, 203.0, 203.0, 203.0]	[-280.0, -266.0, -249.0, -203.0, -131.0, -26.0, 65.0, 132.0, 187.0, 222.0, 256.0, 273.0, 282.0, 288.0, 291.0, 291.0, 291.0, 292.0, 294.0, 297.0, 301.0, 303.0, 303.0, 303.0]	[0, 0, 0, 0, 0, 0, 0, 0, 0, 0, 0, 0, 0, 0, 0, 0, 0, 0, 0, 0, 0, 0, 0, 1]	[0, 0, 0, 0, 0, 0, 0, 0, 0, 0, 0, 0, 0, 0, 0, 0, 0, 0, 0, 0, 0, 0, 0, 0]	[0, 0, 0, 0, 0, 0, 0, 0, 0, 0, 0, 0, 0, 0, 0, 0, 0, 0, 0, 0, 0, 0, 0, 0]	[9.600000339560211e-05, 0.009884900005999953, 0.026361500000348315, 0.04319779999786988, 0.060221400010050274, 0.07644420000724494, 0.09327340000891127, 0.11004150001099333, 0.1264563000004273, 0.14330290000361856, 0.16013309999834746, 0.17751870000211056, 0.19315360000473447, 0.2099037000007229, 0.22630530000606086, 0.24290370001108386, 0.2601405000023078, 0.2769466000027023, 0.29312400000344496, 0.3097081000014441, 0.3267636000091443, 0.3427972000063164, 0.3596341000084067, 0.37629739999829326]	203.0	303.0	0.5	9b
300	8	go_nogo	0	60	2	go	click	[79.0, 79.0, 94.0, 127.0, 151.0, 172.0, 180.0, 186.0, 191.0, 193.0, 195.0, 196.0, 197.0, 197.0, 197.0, 197.0, 197.0, 197.0, 197.0, 197.0, 197.0, 197.0, 197.0, 197.0, 198.0, 199.0, 199.0, 199.0, 199.0]	[-200.0, -200.0, -154.0, -63.0, 15.0, 93.0, 125.0, 147.0, 162.0, 175.0, 187.0, 200.0, 210.0, 214.0, 215.0, 215.0, 220.0, 228.0, 234.0, 239.0, 244.0, 246.0, 250.0, 256.0, 267.0, 272.0, 277.0, 277.0, 277.0]	[0, 0, 0, 0, 0, 0, 0, 0, 0, 0, 0, 0, 0, 0, 0, 0, 0, 0, 0, 0, 0, 0, 0, 0, 0, 0, 0, 0, 1]	[0, 0, 0, 0, 0, 0, 0, 0, 0, 0, 0, 0, 0, 0, 0, 0, 0, 0, 0, 0, 0, 0, 0, 0, 0, 0, 0, 0, 0]	[0, 0, 0, 0, 0, 0, 0, 0, 0, 0, 0, 0, 0, 0, 0, 0, 0, 0, 0, 0, 0, 0, 0, 0, 0, 0, 0, 0, 0]	[0.0001860999909695238, 0.012048499993397854, 0.0283861999923829, 0.04496419998758938, 0.06178909998561721, 0.07869679998839274, 0.09510999999474734, 0.11186559998895973, 0.1283588999940548, 0.14529609998862725, 0.16169609999633394, 0.17824099998688325, 0.19491559999005403, 0.21156979999796022, 0.22809849999612197, 0.2449303999892436, 0.2618958999955794, 0.2787172999960603, 0.29513179999776185, 0.31199329999799374, 0.3285816999996314, 0.34490609999920707, 0.361698399996385, 0.37876239999604877, 0.3954780999920331, 0.4115204999980051, 0.4284721999865724, 0.4448429999902146, 0.4614811999927042]	199.0	277.0	0.5	9b
301	8	go_nogo	0	60	9	nogo	none	[57.0, 57.0, 68.0, 93.0, 113.0, 131.0, 153.0, 163.0, 171.0, 177.0, 180.0, 182.0, 183.0, 183.0, 183.0, 183.0, 183.0, 183.0, 183.0, 183.0, 183.0, 183.0, 183.0, 183.0, 183.0]	[-239.0, -239.0, -191.0, -90.0, -2.0, 74.0, 170.0, 209.0, 238.0, 261.0, 276.0, 287.0, 292.0, 292.0, 292.0, 292.0, 292.0, 292.0, 292.0, 292.0, 292.0, 292.0, 292.0, 292.0, 292.0]	[0, 0, 0, 0, 0, 0, 0, 0, 0, 0, 0, 0, 0, 0, 0, 0, 0, 0, 0, 0, 0, 0, 0, 0, 1]	[0, 0, 0, 0, 0, 0, 0, 0, 0, 0, 0, 0, 0, 0, 0, 0, 0, 0, 0, 0, 0, 0, 0, 0, 0]	[0, 0, 0, 0, 0, 0, 0, 0, 0, 0, 0, 0, 0, 0, 0, 0, 0, 0, 0, 0, 0, 0, 0, 0, 0]	[0.00019829999655485153, 0.010311299993190914, 0.027008599994587712, 0.04374999999708962, 0.06055019999621436, 0.07701409999572206, 0.09385619999375194, 0.1107608999882359, 0.12686839999514632, 0.14348439998866525, 0.16056649999518413, 0.17692469999019522, 0.19338839998818003, 0.21024459999171086, 0.22670790000120178, 0.2433710999903269, 0.2600712999992538, 0.27673549999599345, 0.2934307999967132, 0.31014269999286626, 0.32672109999111854, 0.34349239998846315, 0.3600609999994049, 0.3767316000012215, 0.39355589999468066]	183.0	292.0	0.6	9b
302	8	go_nogo	0	60	6	go	click	[47.0, 73.0, 99.0, 152.0, 197.0, 233.0, 255.0, 265.0, 272.0, 274.0, 274.0, 274.0, 274.0, 274.0, 274.0, 274.0, 274.0, 274.0, 274.0, 273.0, 266.0, 246.0, 232.0, 214.0, 194.0, 182.0, 178.0, 177.0, 177.0, 177.0]	[-212.0, -145.0, -79.0, 38.0, 136.0, 214.0, 266.0, 297.0, 311.0, 316.0, 317.0, 317.0, 317.0, 317.0, 317.0, 317.0, 317.0, 317.0, 317.0, 317.0, 317.0, 311.0, 304.0, 296.0, 285.0, 277.0, 275.0, 275.0, 275.0, 275.0]	[0, 0, 0, 0, 0, 0, 0, 0, 0, 0, 0, 0, 0, 0, 0, 0, 0, 0, 0, 0, 0, 0, 0, 0, 0, 0, 0, 0, 0, 1]	[0, 0, 0, 0, 0, 0, 0, 0, 0, 0, 0, 0, 0, 0, 0, 0, 0, 0, 0, 0, 0, 0, 0, 0, 0, 0, 0, 0, 0, 0]	[0, 0, 0, 0, 0, 0, 0, 0, 0, 0, 0, 0, 0, 0, 0, 0, 0, 0, 0, 0, 0, 0, 0, 0, 0, 0, 0, 0, 0, 0]	[8.05000017862767e-05, 0.009617199990316294, 0.0264749999914784, 0.04332290000456851, 0.05993560000206344, 0.07745109999086708, 0.09306939999805763, 0.10975770000368357, 0.12648429999535438, 0.14291880000382662, 0.15976159999263473, 0.1762114000011934, 0.19297150000056718, 0.20971660000213888, 0.22629059999599122, 0.24293300000135787, 0.259469500000705, 0.2761748000048101, 0.29324739999719895, 0.3098978999914834, 0.3265510999917751, 0.34331299999030307, 0.3598636999959126, 0.3770260000019334, 0.39338300000235904, 0.40980719999060966, 0.42638170000282116, 0.44289589999243617, 0.459590999991633, 0.4768908999976702]	177.0	275.0	0.7	9b
303	8	go_nogo	0	60	4	go	click	[11.0, 11.0, 24.0, 48.0, 74.0, 110.0, 125.0, 135.0, 145.0, 153.0, 155.0, 157.0, 157.0, 158.0, 158.0, 158.0, 158.0, 158.0, 160.0, 163.0, 165.0, 167.0, 169.0, 172.0, 176.0, 178.0, 179.0, 179.0]	[-240.0, -240.0, -196.0, -88.0, 21.0, 174.0, 238.0, 277.0, 308.0, 329.0, 334.0, 336.0, 338.0, 341.0, 342.0, 342.0, 342.0, 342.0, 343.0, 344.0, 345.0, 345.0, 345.0, 343.0, 337.0, 333.0, 332.0, 332.0]	[0, 0, 0, 0, 0, 0, 0, 0, 0, 0, 0, 0, 0, 0, 0, 0, 0, 0, 0, 0, 0, 0, 0, 0, 0, 0, 0, 1]	[0, 0, 0, 0, 0, 0, 0, 0, 0, 0, 0, 0, 0, 0, 0, 0, 0, 0, 0, 0, 0, 0, 0, 0, 0, 0, 0, 0]	[0, 0, 0, 0, 0, 0, 0, 0, 0, 0, 0, 0, 0, 0, 0, 0, 0, 0, 0, 0, 0, 0, 0, 0, 0, 0, 0, 0]	[0.00026670000806916505, 0.009504800007562153, 0.02641990000847727, 0.0429329000035068, 0.05979200000001583, 0.07636289999936707, 0.09359350000158884, 0.10943360000965185, 0.1262377000093693, 0.1430168000078993, 0.16022859999793582, 0.17629250000754837, 0.19283610000275075, 0.2097429999994347, 0.2262483000085922, 0.2428556000086246, 0.25958720000926405, 0.27676390000851825, 0.2933123999973759, 0.3103770000016084, 0.3265393000037875, 0.34294400000362657, 0.3595767000078922, 0.37603840000519995, 0.39300170000933576, 0.4095677000004798, 0.42621340000187047, 0.4431743000022834]	179.0	332.0	0.8	9b
304	8	go_nogo	0	60	6	go	click	[27.0, 27.0, 39.0, 59.0, 84.0, 109.0, 140.0, 150.0, 155.0, 158.0, 160.0, 160.0, 161.0, 162.0, 162.0, 163.0, 163.0, 163.0, 163.0, 163.0, 167.0, 170.0, 173.0, 174.0, 175.0, 175.0, 176.0, 178.0, 179.0, 179.0]	[-255.0, -255.0, -214.0, -144.0, -77.0, -6.0, 115.0, 163.0, 194.0, 207.0, 214.0, 214.0, 216.0, 220.0, 221.0, 221.0, 221.0, 221.0, 221.0, 223.0, 232.0, 243.0, 251.0, 255.0, 258.0, 261.0, 266.0, 273.0, 277.0, 277.0]	[0, 0, 0, 0, 0, 0, 0, 0, 0, 0, 0, 0, 0, 0, 0, 0, 0, 0, 0, 0, 0, 0, 0, 0, 0, 0, 0, 0, 0, 1]	[0, 0, 0, 0, 0, 0, 0, 0, 0, 0, 0, 0, 0, 0, 0, 0, 0, 0, 0, 0, 0, 0, 0, 0, 0, 0, 0, 0, 0, 0]	[0, 0, 0, 0, 0, 0, 0, 0, 0, 0, 0, 0, 0, 0, 0, 0, 0, 0, 0, 0, 0, 0, 0, 0, 0, 0, 0, 0, 0, 0]	[0.00032700000156182796, 0.011076700000558048, 0.0274929000006523, 0.04428400000324473, 0.06105340000067372, 0.07753160000720527, 0.09445099999720696, 0.11150389999966137, 0.1277548000070965, 0.14420480000262614, 0.1609141999942949, 0.17776459999731742, 0.19439250000868924, 0.21099690000119153, 0.22774859999481123, 0.2442451999959303, 0.2609309999970719, 0.27744829999573994, 0.2944710000010673, 0.3114203000004636, 0.32794339999963995, 0.34427810000488535, 0.3609463000029791, 0.3777643000066746, 0.39463890000479296, 0.4109253000060562, 0.42766640000627376, 0.4443987999984529, 0.4606750999955693, 0.47790149999491405]	179.0	277.0	0.9	9b
305	8	go_nogo	0	60	2	go	click	[83.0, 83.0, 96.0, 127.0, 159.0, 185.0, 200.0, 210.0, 218.0, 223.0, 232.0, 240.0, 247.0, 251.0, 251.0, 252.0, 252.0, 252.0, 252.0, 252.0, 252.0, 247.0, 244.0, 242.0, 238.0, 232.0, 226.0, 219.0, 212.0, 209.0, 209.0, 209.0]	[-247.0, -247.0, -213.0, -136.0, -56.0, 22.0, 72.0, 105.0, 126.0, 142.0, 171.0, 198.0, 225.0, 242.0, 249.0, 249.0, 249.0, 249.0, 249.0, 249.0, 253.0, 261.0, 265.0, 269.0, 273.0, 278.0, 282.0, 287.0, 291.0, 292.0, 293.0, 293.0]	[0, 0, 0, 0, 0, 0, 0, 0, 0, 0, 0, 0, 0, 0, 0, 0, 0, 0, 0, 0, 0, 0, 0, 0, 0, 0, 0, 0, 0, 0, 0, 1]	[0, 0, 0, 0, 0, 0, 0, 0, 0, 0, 0, 0, 0, 0, 0, 0, 0, 0, 0, 0, 0, 0, 0, 0, 0, 0, 0, 0, 0, 0, 0, 0]	[0, 0, 0, 0, 0, 0, 0, 0, 0, 0, 0, 0, 0, 0, 0, 0, 0, 0, 0, 0, 0, 0, 0, 0, 0, 0, 0, 0, 0, 0, 0, 0]	[0.00021850000484846532, 0.008585999996284954, 0.025602099995012395, 0.0421113000047626, 0.0587392000015825, 0.07553240000561345, 0.09207379999861587, 0.10886880000180099, 0.1254560999950627, 0.14213269999891054, 0.15907019999576733, 0.1758782999968389, 0.19222359999548644, 0.20946830000320915, 0.22559889999683946, 0.2423248999984935, 0.2589047999936156, 0.27537439999287017, 0.292021899993415, 0.30905409999832045, 0.32560159999411553, 0.34228840000287164, 0.35934029999771155, 0.37591459999384824, 0.3920968000020366, 0.4094366999925114, 0.42543190000287723, 0.44238120000227354, 0.45867950000683777, 0.47568390000378713, 0.4920496999984607, 0.5092709000018658]	209.0	293.0	1.0	9b
306	8	go_nogo	0	60	9	nogo	none	[61.0, 61.0, 87.0, 119.0, 148.0, 176.0, 195.0, 206.0, 211.0, 212.0, 212.0, 213.0, 214.0, 214.0, 214.0, 214.0, 214.0, 214.0, 214.0, 214.0, 214.0, 214.0, 214.0, 214.0, 214.0, 214.0, 214.0, 214.0, 214.0, 214.0, 214.0, 214.0, 214.0, 214.0, 214.0, 214.0, 214.0, 214.0, 214.0, 214.0, 214.0, 214.0, 214.0, 214.0, 214.0, 214.0, 214.0, 214.0, 214.0, 214.0, 214.0, 214.0, 214.0, 214.0, 214.0, 214.0, 214.0, 214.0, 214.0, 214.0, 214.0, 214.0, 214.0]	[-253.0, -253.0, -152.0, -42.0, 56.0, 150.0, 234.0, 282.0, 305.0, 311.0, 316.0, 324.0, 339.0, 343.0, 347.0, 347.0, 347.0, 350.0, 355.0, 359.0, 361.0, 361.0, 361.0, 361.0, 361.0, 361.0, 361.0, 361.0, 361.0, 361.0, 361.0, 361.0, 361.0, 361.0, 361.0, 361.0, 361.0, 361.0, 361.0, 361.0, 361.0, 361.0, 361.0, 361.0, 361.0, 361.0, 361.0, 361.0, 361.0, 361.0, 361.0, 361.0, 361.0, 361.0, 361.0, 361.0, 361.0, 361.0, 361.0, 361.0, 361.0, 361.0, 361.0]	[0, 0, 0, 0, 0, 0, 0, 0, 0, 0, 0, 0, 0, 0, 0, 0, 0, 0, 0, 0, 0, 0, 0, 0, 0, 0, 0, 0, 0, 0, 0, 0, 0, 0, 0, 0, 0, 0, 0, 0, 0, 0, 0, 0, 0, 0, 0, 0, 0, 0, 0, 0, 0, 0, 0, 0, 0, 0, 0, 0, 0, 0, 0]	[0, 0, 0, 0, 0, 0, 0, 0, 0, 0, 0, 0, 0, 0, 0, 0, 0, 0, 0, 0, 0, 0, 0, 0, 0, 0, 0, 0, 0, 0, 0, 0, 0, 0, 0, 0, 0, 0, 0, 0, 0, 0, 0, 0, 0, 0, 0, 0, 0, 0, 0, 0, 0, 0, 0, 0, 0, 0, 0, 0, 0, 0, 0]	[0, 0, 0, 0, 0, 0, 0, 0, 0, 0, 0, 0, 0, 0, 0, 0, 0, 0, 0, 0, 0, 0, 0, 0, 0, 0, 0, 0, 0, 0, 0, 0, 0, 0, 0, 0, 0, 0, 0, 0, 0, 0, 0, 0, 0, 0, 0, 0, 0, 0, 0, 0, 0, 0, 0, 0, 0, 0, 0, 0, 0, 0, 0]	[0.0003389999910723418, 0.00936899999214802, 0.02653269999427721, 0.04247649999160785, 0.05927529999462422, 0.07604659999196883, 0.0930573999939952, 0.10917789999803063, 0.1261301999911666, 0.14292439998826012, 0.15940879999834578, 0.1762527999962913, 0.1928357999859145, 0.20945079998637084, 0.22573749998991843, 0.24241009999241214, 0.25926829999662004, 0.27620029999525286, 0.292666499997722, 0.30919359999825247, 0.3257298999960767, 0.3423200999968685, 0.3590918999980204, 0.37578809999104124, 0.3925950999982888, 0.4090552999987267, 0.4256287999887718, 0.4424612000002526, 0.45903899999393616, 0.47563619998982176, 0.4922527999879094, 0.509180999986711, 0.5257298999931663, 0.5424141999974381, 0.5591378999961307, 0.5756167999934405, 0.592448899988085, 0.6091465999925276, 0.6256201999931363, 0.6422792999946978, 0.6589806999982102, 0.6755963999894448, 0.6922814999998081, 0.7088739999890095, 0.7256123999977717, 0.7422701999894343, 0.7587821999914013, 0.7753873999899952, 0.7922315999894636, 0.8088965999922948, 0.8255757999868365, 0.8422415999957593, 0.8587974999973085, 0.8759359999967273, 0.8922598999924958, 0.9088630999904126, 0.9254574999940814, 0.9420450999896275, 0.9587184999982128, 0.9750586999871302, 0.991920399988885, 1.0086510999972234, 1.0256414999894332]	n/a	n/a	0.8	9b
307	8	go_nogo	0	60	6	go	click	[49.0, 63.0, 73.0, 99.0, 120.0, 140.0, 152.0, 165.0, 173.0, 187.0, 194.0, 198.0, 202.0, 202.0, 202.0, 203.0, 204.0, 207.0, 210.0, 210.0, 210.0, 210.0, 210.0]	[-225.0, -173.0, -121.0, -20.0, 61.0, 123.0, 163.0, 198.0, 226.0, 260.0, 280.0, 295.0, 303.0, 305.0, 305.0, 306.0, 311.0, 320.0, 327.0, 329.0, 330.0, 330.0, 330.0]	[0, 0, 0, 0, 0, 0, 0, 0, 0, 0, 0, 0, 0, 0, 0, 0, 0, 0, 0, 0, 0, 0, 1]	[0, 0, 0, 0, 0, 0, 0, 0, 0, 0, 0, 0, 0, 0, 0, 0, 0, 0, 0, 0, 0, 0, 0]	[0, 0, 0, 0, 0, 0, 0, 0, 0, 0, 0, 0, 0, 0, 0, 0, 0, 0, 0, 0, 0, 0, 0]	[8.129999332595617e-05, 0.010387200003606267, 0.026831099996343255, 0.04347299999790266, 0.060072199994465336, 0.07690179999917746, 0.09357719999388792, 0.11017420000280254, 0.12704680000024382, 0.14356159999442752, 0.1608622999920044, 0.1772664000018267, 0.19367870000132825, 0.20997660000284668, 0.22713529999600723, 0.24344920000294223, 0.260053699996206, 0.27682549999735784, 0.2935137000022223, 0.3106788000004599, 0.3266501000034623, 0.343544599993038, 0.36050389999581967]	210.0	330.0	0.6	9b
308	8	go_nogo	0	60	6	go	click	[36.0, 36.0, 49.0, 66.0, 86.0, 113.0, 136.0, 150.0, 162.0, 170.0, 176.0, 181.0, 182.0, 182.0, 182.0, 182.0, 182.0, 182.0, 182.0, 182.0, 182.0, 182.0, 182.0, 182.0]	[-253.0, -253.0, -178.0, -95.0, -3.0, 84.0, 158.0, 200.0, 231.0, 256.0, 277.0, 291.0, 293.0, 293.0, 293.0, 293.0, 293.0, 293.0, 293.0, 293.0, 293.0, 293.0, 293.0, 293.0]	[0, 0, 0, 0, 0, 0, 0, 0, 0, 0, 0, 0, 0, 0, 0, 0, 0, 0, 0, 0, 0, 0, 0, 1]	[0, 0, 0, 0, 0, 0, 0, 0, 0, 0, 0, 0, 0, 0, 0, 0, 0, 0, 0, 0, 0, 0, 0, 0]	[0, 0, 0, 0, 0, 0, 0, 0, 0, 0, 0, 0, 0, 0, 0, 0, 0, 0, 0, 0, 0, 0, 0, 0]	[0.0002302999928360805, 0.013091600005282089, 0.02978630000143312, 0.04631330000120215, 0.06326589999662247, 0.07986889999301638, 0.09670860000187531, 0.11332309999852441, 0.12974580000445712, 0.14656100000138395, 0.16373339999699965, 0.18001290000393055, 0.19645059999311343, 0.21288849999837112, 0.22969779999402817, 0.24640289999661036, 0.2630321000033291, 0.27977029999601655, 0.29623750000610016, 0.3130425999988802, 0.3299187999946298, 0.34625190000224393, 0.36307859999942593, 0.38016309999511577]	182.0	293.0	1.0	9b
309	8	go_nogo	0	60	8	go	click	[49.0, 65.0, 80.0, 109.0, 147.0, 182.0, 206.0, 216.0, 219.0, 219.0, 219.0, 219.0, 219.0, 219.0, 219.0, 219.0, 219.0, 219.0, 219.0, 219.0, 219.0, 219.0]	[-227.0, -178.0, -129.0, -27.0, 88.0, 194.0, 262.0, 289.0, 295.0, 296.0, 296.0, 296.0, 296.0, 296.0, 296.0, 296.0, 296.0, 296.0, 296.0, 296.0, 296.0, 296.0]	[0, 0, 0, 0, 0, 0, 0, 0, 0, 0, 0, 0, 0, 0, 0, 0, 0, 0, 0, 0, 0, 1]	[0, 0, 0, 0, 0, 0, 0, 0, 0, 0, 0, 0, 0, 0, 0, 0, 0, 0, 0, 0, 0, 0]	[0, 0, 0, 0, 0, 0, 0, 0, 0, 0, 0, 0, 0, 0, 0, 0, 0, 0, 0, 0, 0, 0]	[0.00011799999629147351, 0.011423799995100126, 0.027727100008632988, 0.04446550000284333, 0.06111090000194963, 0.07775599999877159, 0.09451579999586102, 0.1112693000031868, 0.12796670000534505, 0.14457839999522548, 0.16105029999744147, 0.17774300000746734, 0.19440940000640694, 0.21110590000171214, 0.2279121000028681, 0.24433420000423212, 0.2611227000015788, 0.27768250000372063, 0.2944158000027528, 0.3110080000042217, 0.32765459999791346, 0.34515470000042114]	219.0	296.0	1.0	9b
310	8	go_nogo	0	60	2	go	click	[44.0, 49.0, 57.0, 73.0, 92.0, 111.0, 128.0, 138.0, 146.0, 151.0, 151.0, 151.0, 151.0, 151.0, 151.0, 151.0, 151.0, 153.0, 154.0, 159.0, 163.0, 166.0, 168.0, 171.0, 173.0, 174.0, 175.0, 175.0, 175.0]	[-268.0, -221.0, -170.0, -60.0, 71.0, 189.0, 277.0, 335.0, 364.0, 377.0, 378.0, 378.0, 378.0, 378.0, 378.0, 378.0, 378.0, 372.0, 361.0, 342.0, 333.0, 327.0, 323.0, 319.0, 314.0, 313.0, 312.0, 312.0, 312.0]	[0, 0, 0, 0, 0, 0, 0, 0, 0, 0, 0, 0, 0, 0, 0, 0, 0, 0, 0, 0, 0, 0, 0, 0, 0, 0, 0, 0, 1]	[0, 0, 0, 0, 0, 0, 0, 0, 0, 0, 0, 0, 0, 0, 0, 0, 0, 0, 0, 0, 0, 0, 0, 0, 0, 0, 0, 0, 0]	[0, 0, 0, 0, 0, 0, 0, 0, 0, 0, 0, 0, 0, 0, 0, 0, 0, 0, 0, 0, 0, 0, 0, 0, 0, 0, 0, 0, 0]	[0.00014089999604038894, 0.011441499998909421, 0.028189399992697872, 0.044660100000328384, 0.06170839999685995, 0.07823780000035185, 0.09499209999921732, 0.11164269999426324, 0.12816219999513123, 0.14549759999499656, 0.16154980000283103, 0.1783992999990005, 0.1947611999930814, 0.2114062000036938, 0.22807739999552723, 0.24476649999269284, 0.2617389999941224, 0.27833790000295267, 0.29497649999393616, 0.3117246000037994, 0.32830249999824446, 0.3457319000008283, 0.36177410000527743, 0.3784035999997286, 0.3949150999978883, 0.41160609999496955, 0.42815839999821037, 0.44483320000290405, 0.46186139999190345]	175.0	312.0	0.6	9b
311	8	go_nogo	0	60	8	go	click	[50.0, 57.0, 70.0, 92.0, 111.0, 129.0, 148.0, 160.0, 174.0, 181.0, 186.0, 189.0, 192.0, 194.0, 194.0, 194.0, 194.0, 194.0, 194.0, 194.0, 194.0, 194.0, 194.0]	[-226.0, -187.0, -142.0, -49.0, 35.0, 100.0, 158.0, 203.0, 240.0, 262.0, 273.0, 281.0, 292.0, 295.0, 296.0, 296.0, 296.0, 296.0, 296.0, 296.0, 296.0, 296.0, 296.0]	[0, 0, 0, 0, 0, 0, 0, 0, 0, 0, 0, 0, 0, 0, 0, 0, 0, 0, 0, 0, 0, 0, 1]	[0, 0, 0, 0, 0, 0, 0, 0, 0, 0, 0, 0, 0, 0, 0, 0, 0, 0, 0, 0, 0, 0, 0]	[0, 0, 0, 0, 0, 0, 0, 0, 0, 0, 0, 0, 0, 0, 0, 0, 0, 0, 0, 0, 0, 0, 0]	[0.00012199999764561653, 0.009454099999857135, 0.025855100000626408, 0.042700000005424954, 0.05929859999741893, 0.07592449999356177, 0.0927296000008937, 0.10954530000162777, 0.12594260000332724, 0.14258450000488665, 0.1591262000001734, 0.17568650000612251, 0.19240010000066832, 0.20916879999276716, 0.2255550999980187, 0.24251660000300035, 0.25903200000175275, 0.275786700003664, 0.29239960000268184, 0.30914470000425354, 0.32569019999937154, 0.3425841999996919, 0.359671400001389]	194.0	296.0	1.0	9b
312	8	go_nogo	0	60	3	go	click	[68.0, 68.0, 93.0, 136.0, 175.0, 205.0, 222.0, 233.0, 237.0, 237.0, 237.0, 237.0, 237.0, 237.0, 237.0, 237.0, 237.0, 237.0, 237.0, 237.0, 237.0, 237.0, 237.0, 237.0]	[-156.0, -156.0, -97.0, 11.0, 108.0, 191.0, 239.0, 266.0, 279.0, 280.0, 280.0, 280.0, 280.0, 280.0, 280.0, 280.0, 280.0, 280.0, 280.0, 280.0, 280.0, 280.0, 280.0, 280.0]	[0, 0, 0, 0, 0, 0, 0, 0, 0, 0, 0, 0, 0, 0, 0, 0, 0, 0, 0, 0, 0, 0, 0, 1]	[0, 0, 0, 0, 0, 0, 0, 0, 0, 0, 0, 0, 0, 0, 0, 0, 0, 0, 0, 0, 0, 0, 0, 0]	[0, 0, 0, 0, 0, 0, 0, 0, 0, 0, 0, 0, 0, 0, 0, 0, 0, 0, 0, 0, 0, 0, 0, 0]	[0.0001849999971454963, 0.009292500006267801, 0.026296700001694262, 0.04282960000273306, 0.059433999995235354, 0.07604420000279788, 0.0928083000035258, 0.10950029999366961, 0.12635819999559317, 0.1426286999922013, 0.15928039999562316, 0.17595129999972414, 0.19270800000231247, 0.20932179999363143, 0.22588749999704305, 0.24266859999625012, 0.25921679999737535, 0.27594540000427514, 0.2929006000049412, 0.30914969999867026, 0.3259009000030346, 0.3424710999970557, 0.3593540000001667, 0.37627740000607446]	237.0	280.0	0.5	9b
313	9	go_only	0	18	3	go	click	[34.0, 34.0, 42.0, 47.0, 51.0, 56.0, 57.0, 59.0, 60.0, 60.0, 60.0, 60.0, 61.0, 65.0, 67.0, 67.0, 68.0, 69.0, 72.0, 77.0, 86.0, 97.0, 109.0, 125.0, 139.0, 152.0, 161.0, 163.0, 163.0, 164.0, 164.0, 164.0, 164.0]	[-217.0, -217.0, -97.0, 10.0, 78.0, 120.0, 142.0, 153.0, 157.0, 157.0, 157.0, 159.0, 169.0, 184.0, 195.0, 198.0, 198.0, 201.0, 206.0, 213.0, 222.0, 230.0, 238.0, 248.0, 256.0, 265.0, 270.0, 270.0, 272.0, 272.0, 272.0, 272.0, 272.0]	[0, 0, 0, 0, 0, 0, 0, 0, 0, 0, 0, 0, 0, 0, 0, 0, 0, 0, 0, 0, 0, 0, 0, 0, 0, 0, 0, 0, 0, 0, 0, 0, 1]	[0, 0, 0, 0, 0, 0, 0, 0, 0, 0, 0, 0, 0, 0, 0, 0, 0, 0, 0, 0, 0, 0, 0, 0, 0, 0, 0, 0, 0, 0, 0, 0, 0]	[0, 0, 0, 0, 0, 0, 0, 0, 0, 0, 0, 0, 0, 0, 0, 0, 0, 0, 0, 0, 0, 0, 0, 0, 0, 0, 0, 0, 0, 0, 0, 0, 0]	[0.00021209999977145344, 0.01011939998716116, 0.02686439998797141, 0.04370080000080634, 0.05989019999105949, 0.07663450000109151, 0.09315839999180753, 0.10985679998702835, 0.1261699999886332, 0.1430143999896245, 0.15994779999891762, 0.1767251999990549, 0.19323089999670628, 0.21046639999258332, 0.22745329998724628, 0.24308369999926072, 0.25976129999617115, 0.2762817999901017, 0.2928327999979956, 0.30971439999120776, 0.32648150000022724, 0.3431099000008544, 0.3597606999974232, 0.3765026999899419, 0.3930645999935223, 0.41003009999985807, 0.42693259999214206, 0.443400299991481, 0.4596610000007786, 0.47627069998998195, 0.49299020000034943, 0.5096191999909934, 0.5268130999902496]	164.0	272.0	1.0	9b
314	9	go_only	0	18	3	go	click	[63.0, 63.0, 71.0, 91.0, 124.0, 140.0, 152.0, 164.0, 172.0, 179.0, 185.0, 188.0, 191.0, 192.0, 193.0, 194.0, 194.0, 194.0, 195.0, 197.0, 198.0, 199.0, 199.0, 199.0, 199.0, 199.0, 199.0]	[-246.0, -246.0, -221.0, -147.0, -33.0, 21.0, 62.0, 103.0, 138.0, 163.0, 189.0, 212.0, 231.0, 244.0, 251.0, 253.0, 253.0, 253.0, 257.0, 263.0, 268.0, 270.0, 271.0, 271.0, 271.0, 271.0, 271.0]	[0, 0, 0, 0, 0, 0, 0, 0, 0, 0, 0, 0, 0, 0, 0, 0, 0, 0, 0, 0, 0, 0, 0, 0, 0, 0, 1]	[0, 0, 0, 0, 0, 0, 0, 0, 0, 0, 0, 0, 0, 0, 0, 0, 0, 0, 0, 0, 0, 0, 0, 0, 0, 0, 0]	[0, 0, 0, 0, 0, 0, 0, 0, 0, 0, 0, 0, 0, 0, 0, 0, 0, 0, 0, 0, 0, 0, 0, 0, 0, 0, 0]	[0.00043330001062713563, 0.011654700007056817, 0.028448000011849217, 0.045254800003021955, 0.0616578000044683, 0.07816470001125708, 0.09521020000101998, 0.11153610001201741, 0.1281926000083331, 0.14469950000056997, 0.16167280000809114, 0.17800980000174604, 0.19453770000836812, 0.21129160000418779, 0.22798580001108348, 0.24439540000457782, 0.261122100011562, 0.2778290999995079, 0.294857700006105, 0.31132910000451375, 0.3278926000057254, 0.3445893000025535, 0.36097400001017377, 0.37772360000235494, 0.39441250001254957, 0.4110155000089435, 0.4281807000079425]	199.0	271.0	0.6	9b
315	9	go_only	0	18	2	go	click	[52.0, 52.0, 76.0, 91.0, 129.0, 158.0, 178.0, 190.0, 197.0, 202.0, 203.0, 203.0, 204.0, 204.0, 204.0, 204.0, 205.0, 208.0, 210.0, 211.0, 211.0, 211.0, 211.0, 211.0, 211.0, 211.0]	[-251.0, -251.0, -188.0, -146.0, -30.0, 49.0, 119.0, 162.0, 191.0, 219.0, 242.0, 252.0, 261.0, 270.0, 277.0, 286.0, 298.0, 319.0, 332.0, 338.0, 339.0, 339.0, 339.0, 339.0, 339.0, 339.0]	[0, 0, 0, 0, 0, 0, 0, 0, 0, 0, 0, 0, 0, 0, 0, 0, 0, 0, 0, 0, 0, 0, 0, 0, 0, 1]	[0, 0, 0, 0, 0, 0, 0, 0, 0, 0, 0, 0, 0, 0, 0, 0, 0, 0, 0, 0, 0, 0, 0, 0, 0, 0]	[0, 0, 0, 0, 0, 0, 0, 0, 0, 0, 0, 0, 0, 0, 0, 0, 0, 0, 0, 0, 0, 0, 0, 0, 0, 0]	[0.00021179999748710543, 0.009726300006150268, 0.026700200003688224, 0.04359299999487121, 0.0596330999978818, 0.07611049999832176, 0.09297759999753907, 0.11022679999587126, 0.12623480000183918, 0.14276519999839365, 0.15960519999498501, 0.1764071000070544, 0.1931962999951793, 0.2095539000001736, 0.22610379999969155, 0.2430272000055993, 0.2597105000022566, 0.276520100000198, 0.2927724000037415, 0.3094137000007322, 0.3258722000027774, 0.34271569999691565, 0.3593232999992324, 0.37600750000274274, 0.3925886999932118, 0.4096997000015108]	211.0	339.0	0.8	9b
316	9	go_only	0	18	8	go	click	[24.0, 24.0, 26.0, 39.0, 65.0, 102.0, 143.0, 173.0, 195.0, 209.0, 220.0, 223.0, 225.0, 226.0, 226.0, 226.0, 226.0, 226.0, 226.0, 226.0, 226.0, 226.0, 226.0, 226.0]	[-232.0, -232.0, -198.0, -103.0, -31.0, 50.0, 125.0, 180.0, 222.0, 250.0, 266.0, 273.0, 275.0, 276.0, 276.0, 276.0, 276.0, 276.0, 276.0, 276.0, 276.0, 277.0, 277.0, 277.0]	[0, 0, 0, 0, 0, 0, 0, 0, 0, 0, 0, 0, 0, 0, 0, 0, 0, 0, 0, 0, 0, 0, 0, 1]	[0, 0, 0, 0, 0, 0, 0, 0, 0, 0, 0, 0, 0, 0, 0, 0, 0, 0, 0, 0, 0, 0, 0, 0]	[0, 0, 0, 0, 0, 0, 0, 0, 0, 0, 0, 0, 0, 0, 0, 0, 0, 0, 0, 0, 0, 0, 0, 0]	[0.0002204000047640875, 0.010457900003530085, 0.027935600010096096, 0.04410340001049917, 0.06075040000723675, 0.07718150000437163, 0.09379359999729786, 0.11055440000200178, 0.12727199999790173, 0.14402600000903476, 0.16051280000829138, 0.17721609999716748, 0.19416710000950843, 0.21031880000373349, 0.22702550000394695, 0.24358999999822117, 0.2602346000057878, 0.27697839999746066, 0.29357910000544507, 0.3101894999999786, 0.3270860000047833, 0.34373819999746047, 0.36060749999887776, 0.3773366000095848]	226.0	277.0	0.8	9b
317	9	go_only	0	18	6	go	click	[36.0, 36.0, 46.0, 67.0, 93.0, 114.0, 136.0, 156.0, 174.0, 179.0, 184.0, 185.0, 187.0, 188.0, 189.0, 189.0, 189.0, 192.0, 195.0, 200.0, 204.0, 205.0, 205.0, 205.0, 205.0, 205.0, 205.0, 205.0]	[-259.0, -259.0, -233.0, -178.0, -117.0, -54.0, 9.0, 60.0, 117.0, 132.0, 172.0, 193.0, 207.0, 220.0, 227.0, 234.0, 245.0, 263.0, 289.0, 314.0, 339.0, 344.0, 344.0, 344.0, 344.0, 345.0, 345.0, 345.0]	[0, 0, 0, 0, 0, 0, 0, 0, 0, 0, 0, 0, 0, 0, 0, 0, 0, 0, 0, 0, 0, 0, 0, 0, 0, 0, 0, 1]	[0, 0, 0, 0, 0, 0, 0, 0, 0, 0, 0, 0, 0, 0, 0, 0, 0, 0, 0, 0, 0, 0, 0, 0, 0, 0, 0, 0]	[0, 0, 0, 0, 0, 0, 0, 0, 0, 0, 0, 0, 0, 0, 0, 0, 0, 0, 0, 0, 0, 0, 0, 0, 0, 0, 0, 0]	[0.00019600000814534724, 0.009905900005833246, 0.026470000011613593, 0.04333749999932479, 0.06008080000174232, 0.0767418000032194, 0.09348460000182968, 0.1101160000107484, 0.12659939999866765, 0.14340650000667665, 0.1598431000020355, 0.17672100001072977, 0.19332950000534765, 0.20981130001018755, 0.226521300006425, 0.24315320000459906, 0.25982390000717714, 0.276722200011136, 0.29336110000440385, 0.31018610000319313, 0.32683150000229944, 0.34347440001147334, 0.35972610001044814, 0.37637170001107734, 0.39334780001081526, 0.4098077000089688, 0.42659840000851545, 0.443288800001028]	205.0	345.0	0.8	9b
318	9	go_only	0	18	8	go	click	[14.0, 31.0, 48.0, 79.0, 110.0, 144.0, 168.0, 179.0, 186.0, 189.0, 190.0, 191.0, 192.0, 192.0, 192.0, 192.0, 192.0, 192.0, 192.0, 192.0, 193.0, 193.0, 194.0, 200.0, 206.0, 214.0, 217.0, 218.0, 219.0, 219.0, 219.0, 219.0, 219.0]	[-264.0, -225.0, -187.0, -107.0, -12.0, 83.0, 147.0, 176.0, 190.0, 196.0, 199.0, 201.0, 204.0, 204.0, 204.0, 204.0, 204.0, 204.0, 204.0, 204.0, 204.0, 204.0, 215.0, 233.0, 257.0, 282.0, 301.0, 312.0, 315.0, 315.0, 315.0, 315.0, 316.0]	[0, 0, 0, 0, 0, 0, 0, 0, 0, 0, 0, 0, 0, 0, 0, 0, 0, 0, 0, 0, 0, 0, 0, 0, 0, 0, 0, 0, 0, 0, 0, 0, 1]	[0, 0, 0, 0, 0, 0, 0, 0, 0, 0, 0, 0, 0, 0, 0, 0, 0, 0, 0, 0, 0, 0, 0, 0, 0, 0, 0, 0, 0, 0, 0, 0, 0]	[0, 0, 0, 0, 0, 0, 0, 0, 0, 0, 0, 0, 0, 0, 0, 0, 0, 0, 0, 0, 0, 0, 0, 0, 0, 0, 0, 0, 0, 0, 0, 0, 0]	[0.00010639999527484179, 0.010603999995510094, 0.027309500001138076, 0.04425979999359697, 0.06082579999929294, 0.07784519999404438, 0.09441869999864139, 0.1108371000009356, 0.12752730000647716, 0.1441294999967795, 0.16091099999903236, 0.17760830000042915, 0.19387730000016745, 0.21069039999565575, 0.22717959999863524, 0.2438451000052737, 0.26089849999698345, 0.2777074000041466, 0.29404470000008587, 0.3107806000043638, 0.32715500000631437, 0.3443554999976186, 0.36090109999349806, 0.3775046999944607, 0.39411500000278465, 0.41062670000246726, 0.4275587000011001, 0.44417269999394193, 0.4605701999971643, 0.47739020000153687, 0.4940495000046212, 0.5109073000057833, 0.5276225999987219]	219.0	316.0	0.5	9b
319	9	go_only	0	18	4	go	click	[60.0, 60.0, 74.0, 108.0, 140.0, 171.0, 180.0, 184.0, 189.0, 193.0, 199.0, 202.0, 204.0, 207.0, 210.0, 211.0, 211.0, 211.0, 212.0, 214.0, 217.0, 219.0, 220.0, 220.0, 220.0, 220.0]	[-249.0, -249.0, -212.0, -131.0, -51.0, 48.0, 91.0, 123.0, 146.0, 165.0, 182.0, 199.0, 210.0, 229.0, 240.0, 244.0, 245.0, 245.0, 254.0, 268.0, 283.0, 293.0, 297.0, 298.0, 298.0, 298.0]	[0, 0, 0, 0, 0, 0, 0, 0, 0, 0, 0, 0, 0, 0, 0, 0, 0, 0, 0, 0, 0, 0, 0, 0, 0, 1]	[0, 0, 0, 0, 0, 0, 0, 0, 0, 0, 0, 0, 0, 0, 0, 0, 0, 0, 0, 0, 0, 0, 0, 0, 0, 0]	[0, 0, 0, 0, 0, 0, 0, 0, 0, 0, 0, 0, 0, 0, 0, 0, 0, 0, 0, 0, 0, 0, 0, 0, 0, 0]	[0.00031480001052841544, 0.012036100000841543, 0.0281476000091061, 0.044891200013807975, 0.061716900003375486, 0.07831570001144428, 0.09493430001020897, 0.1117454000050202, 0.12845600000582635, 0.1448369999998249, 0.1615868000080809, 0.17827800000668503, 0.19500370000605471, 0.21154290001140907, 0.22831680001399945, 0.24516720000247005, 0.2613162000052398, 0.2782477000000654, 0.2949936000077287, 0.31217660001129843, 0.32836160001170356, 0.34496560000116006, 0.3615431000071112, 0.3779586000018753, 0.39460980000148993, 0.4116366000089329]	220.0	298.0	0.6	9b
320	9	go_only	0	18	8	go	click	[66.0, 92.0, 119.0, 165.0, 197.0, 217.0, 232.0, 240.0, 240.0, 240.0, 240.0, 240.0, 240.0, 240.0, 240.0, 240.0, 240.0, 237.0, 228.0, 216.0, 195.0, 186.0, 180.0, 179.0, 179.0, 179.0, 179.0, 179.0]	[-291.0, -247.0, -196.0, -87.0, 15.0, 115.0, 202.0, 312.0, 341.0, 381.0, 386.0, 387.0, 387.0, 387.0, 387.0, 387.0, 387.0, 384.0, 370.0, 353.0, 328.0, 312.0, 298.0, 291.0, 287.0, 287.0, 287.0, 287.0]	[0, 0, 0, 0, 0, 0, 0, 0, 0, 0, 0, 0, 0, 0, 0, 0, 0, 0, 0, 0, 0, 0, 0, 0, 0, 0, 0, 1]	[0, 0, 0, 0, 0, 0, 0, 0, 0, 0, 0, 0, 0, 0, 0, 0, 0, 0, 0, 0, 0, 0, 0, 0, 0, 0, 0, 0]	[0, 0, 0, 0, 0, 0, 0, 0, 0, 0, 0, 0, 0, 0, 0, 0, 0, 0, 0, 0, 0, 0, 0, 0, 0, 0, 0, 0]	[7.699998968746513e-05, 0.011147699988214299, 0.02770310000050813, 0.044158999997307546, 0.06124629999976605, 0.07792859998880886, 0.09449509999831207, 0.11120149999624118, 0.1278011999966111, 0.14433640000061132, 0.16087909998896066, 0.17742219999490771, 0.19401559999096207, 0.2109444999950938, 0.22749520000070333, 0.2441429999889806, 0.2613590999972075, 0.2779768999898806, 0.2943907000008039, 0.3110827999917092, 0.32754430000204593, 0.3447145999962231, 0.36136359999363776, 0.37745349999750033, 0.3941092999884859, 0.41077889999723993, 0.4275779000017792, 0.44469869999738876]	179.0	287.0	0.6	9b
321	9	go_only	0	18	4	go	click	[49.0, 49.0, 117.0, 159.0, 180.0, 195.0, 201.0, 203.0, 203.0, 204.0, 204.0, 205.0, 206.0, 206.0, 206.0, 205.0, 204.0, 201.0, 200.0, 199.0, 199.0, 199.0, 199.0, 198.0, 198.0]	[-216.0, -216.0, -81.0, 42.0, 123.0, 164.0, 187.0, 194.0, 195.0, 197.0, 202.0, 211.0, 224.0, 230.0, 235.0, 239.0, 246.0, 260.0, 277.0, 292.0, 303.0, 303.0, 304.0, 304.0, 304.0]	[0, 0, 0, 0, 0, 0, 0, 0, 0, 0, 0, 0, 0, 0, 0, 0, 0, 0, 0, 0, 0, 0, 0, 0, 1]	[0, 0, 0, 0, 0, 0, 0, 0, 0, 0, 0, 0, 0, 0, 0, 0, 0, 0, 0, 0, 0, 0, 0, 0, 0]	[0, 0, 0, 0, 0, 0, 0, 0, 0, 0, 0, 0, 0, 0, 0, 0, 0, 0, 0, 0, 0, 0, 0, 0, 0]	[9.649999265093356e-05, 0.011770699988119304, 0.02854819998901803, 0.04492780000146013, 0.061616399994818494, 0.07855799999379087, 0.09514919998764526, 0.1117515999940224, 0.12863219999417197, 0.14579009999579284, 0.1622052999882726, 0.17837379999400582, 0.1950891999877058, 0.2116983000014443, 0.22846769999887329, 0.24487339999177493, 0.2617054000002099, 0.27837369999906514, 0.2948972000012873, 0.31161259999498725, 0.32810899999458343, 0.34505439999338705, 0.3614831999875605, 0.3781029999954626, 0.3948680999892531]	198.0	304.0	0.7	9b
322	9	go_only	0	18	7	go	click	[27.0, 31.0, 39.0, 65.0, 97.0, 121.0, 139.0, 148.0, 155.0, 159.0, 159.0, 160.0, 160.0, 160.0, 160.0, 160.0, 160.0, 160.0, 160.0, 160.0, 160.0, 160.0, 160.0, 160.0]	[-251.0, -209.0, -158.0, -49.0, 54.0, 139.0, 208.0, 254.0, 279.0, 291.0, 294.0, 295.0, 297.0, 299.0, 299.0, 299.0, 299.0, 299.0, 299.0, 299.0, 299.0, 299.0, 299.0, 299.0]	[0, 0, 0, 0, 0, 0, 0, 0, 0, 0, 0, 0, 0, 0, 0, 0, 0, 0, 0, 0, 0, 0, 0, 1]	[0, 0, 0, 0, 0, 0, 0, 0, 0, 0, 0, 0, 0, 0, 0, 0, 0, 0, 0, 0, 0, 0, 0, 0]	[0, 0, 0, 0, 0, 0, 0, 0, 0, 0, 0, 0, 0, 0, 0, 0, 0, 0, 0, 0, 0, 0, 0, 0]	[7.300000288523734e-05, 0.010623499998473562, 0.02704220000305213, 0.04360249999444932, 0.06020310000167228, 0.07733840000582859, 0.09387480000441428, 0.11052729999937583, 0.1269622999971034, 0.14379810000536963, 0.16048789999331348, 0.17755019999458455, 0.19402629999967758, 0.21009720000438392, 0.22727519999898504, 0.24357720000261907, 0.26011689999722876, 0.2772142000030726, 0.2935702999966452, 0.31031590000202414, 0.3269209999998566, 0.34366830000362825, 0.36006609999458306, 0.3771615000005113]	160.0	299.0	0.5	9b
323	9	go_only	0	18	6	go	click	[94.0, 127.0, 155.0, 203.0, 240.0, 258.0, 263.0, 266.0, 269.0, 270.0, 270.0, 270.0, 270.0, 270.0, 270.0, 269.0, 265.0, 255.0, 246.0, 236.0, 228.0, 220.0, 217.0, 215.0, 215.0, 215.0, 215.0, 215.0]	[-218.0, -161.0, -106.0, -4.0, 92.0, 168.0, 206.0, 233.0, 246.0, 257.0, 264.0, 269.0, 270.0, 270.0, 271.0, 272.0, 273.0, 280.0, 285.0, 290.0, 292.0, 294.0, 294.0, 295.0, 296.0, 296.0, 296.0, 296.0]	[0, 0, 0, 0, 0, 0, 0, 0, 0, 0, 0, 0, 0, 0, 0, 0, 0, 0, 0, 0, 0, 0, 0, 0, 0, 0, 0, 1]	[0, 0, 0, 0, 0, 0, 0, 0, 0, 0, 0, 0, 0, 0, 0, 0, 0, 0, 0, 0, 0, 0, 0, 0, 0, 0, 0, 0]	[0, 0, 0, 0, 0, 0, 0, 0, 0, 0, 0, 0, 0, 0, 0, 0, 0, 0, 0, 0, 0, 0, 0, 0, 0, 0, 0, 0]	[0.00033349999284837395, 0.009798300001421012, 0.026366899997810833, 0.04283809999469668, 0.05967570000211708, 0.07631730000139214, 0.09310199999890756, 0.1097035999991931, 0.12641830000211485, 0.1430493999941973, 0.15958179999142885, 0.1761943000019528, 0.19287620000250172, 0.20959929999662563, 0.22627709999505896, 0.24302429999806918, 0.25955629999225494, 0.2763220999913756, 0.29282239999156445, 0.30942700000014156, 0.3262467000022298, 0.34285249999084044, 0.3594782000000123, 0.37609179998980835, 0.392655100004049, 0.4096767000010004, 0.4261597000004258, 0.44291440000233706]	215.0	296.0	0.6	9b
324	9	go_only	0	18	2	go	click	[22.0, 28.0, 37.0, 47.0, 59.0, 71.0, 85.0, 106.0, 120.0, 133.0, 144.0, 154.0, 159.0, 163.0, 165.0, 166.0, 166.0, 166.0, 166.0, 167.0, 170.0, 173.0, 174.0, 174.0, 174.0, 174.0]	[-272.0, -244.0, -208.0, -141.0, -71.0, -8.0, 49.0, 108.0, 142.0, 175.0, 206.0, 229.0, 246.0, 256.0, 261.0, 261.0, 262.0, 262.0, 262.0, 266.0, 280.0, 286.0, 288.0, 289.0, 289.0, 289.0]	[0, 0, 0, 0, 0, 0, 0, 0, 0, 0, 0, 0, 0, 0, 0, 0, 0, 0, 0, 0, 0, 0, 0, 0, 0, 1]	[0, 0, 0, 0, 0, 0, 0, 0, 0, 0, 0, 0, 0, 0, 0, 0, 0, 0, 0, 0, 0, 0, 0, 0, 0, 0]	[0, 0, 0, 0, 0, 0, 0, 0, 0, 0, 0, 0, 0, 0, 0, 0, 0, 0, 0, 0, 0, 0, 0, 0, 0, 0]	[0.00010949998977594078, 0.011270899994997308, 0.028045099999872036, 0.044588299992028624, 0.06148959998972714, 0.07807920000050217, 0.09502619999693707, 0.11155619999044575, 0.12872649999917485, 0.1449080999882426, 0.16234799999801908, 0.17819709998730104, 0.19457469999906607, 0.21125549999123905, 0.22806029999628663, 0.24472099999547936, 0.26111009999294765, 0.2778525999892736, 0.29452569999557454, 0.31150489998981357, 0.32788449998770375, 0.3447761999996146, 0.36151789998984896, 0.377817699991283, 0.39454639999894425, 0.4110970999900019]	174.0	289.0	0.9	9b
325	9	go_only	0	18	7	go	click	[17.0, 22.0, 28.0, 46.0, 67.0, 85.0, 102.0, 114.0, 123.0, 134.0, 139.0, 143.0, 148.0, 152.0, 153.0, 153.0, 153.0, 153.0, 155.0, 157.0, 159.0, 160.0, 161.0, 163.0, 165.0, 167.0, 168.0, 168.0, 169.0]	[-268.0, -242.0, -214.0, -146.0, -64.0, 4.0, 62.0, 99.0, 130.0, 168.0, 187.0, 206.0, 226.0, 242.0, 245.0, 245.0, 245.0, 245.0, 248.0, 253.0, 259.0, 264.0, 264.0, 270.0, 277.0, 283.0, 287.0, 289.0, 289.0]	[0, 0, 0, 0, 0, 0, 0, 0, 0, 0, 0, 0, 0, 0, 0, 0, 0, 0, 0, 0, 0, 0, 0, 0, 0, 0, 0, 0, 1]	[0, 0, 0, 0, 0, 0, 0, 0, 0, 0, 0, 0, 0, 0, 0, 0, 0, 0, 0, 0, 0, 0, 0, 0, 0, 0, 0, 0, 0]	[0, 0, 0, 0, 0, 0, 0, 0, 0, 0, 0, 0, 0, 0, 0, 0, 0, 0, 0, 0, 0, 0, 0, 0, 0, 0, 0, 0, 0]	[0.00010739998833741993, 0.010571999999228865, 0.02717179998580832, 0.04389579998678528, 0.060450099990703166, 0.07724279999092687, 0.09373059999779798, 0.11072599999897648, 0.1274237999896286, 0.1439698999893153, 0.16082979999191593, 0.1773333999881288, 0.19383069999457803, 0.21070629998575896, 0.22687819998827763, 0.243825099998503, 0.2601925999915693, 0.2772847999876831, 0.29381499999726657, 0.3104583999956958, 0.32724769999913406, 0.3438337999978103, 0.3607173999916995, 0.37711859999399167, 0.39386759999615606, 0.41037989998585545, 0.4270683999930043, 0.4438479999953415, 0.46063169999979436]	169.0	289.0	0.9	9b
326	9	go_only	0	18	3	go	click	[50.0, 50.0, 77.0, 104.0, 128.0, 148.0, 170.0, 188.0, 199.0, 205.0, 209.0, 212.0, 217.0, 223.0, 227.0, 228.0, 228.0, 228.0, 228.0, 228.0, 228.0, 228.0, 228.0, 228.0]	[-220.0, -220.0, -137.0, -51.0, 27.0, 97.0, 164.0, 218.0, 249.0, 266.0, 273.0, 283.0, 295.0, 310.0, 320.0, 323.0, 323.0, 323.0, 323.0, 323.0, 323.0, 323.0, 323.0, 323.0]	[0, 0, 0, 0, 0, 0, 0, 0, 0, 0, 0, 0, 0, 0, 0, 0, 0, 0, 0, 0, 0, 0, 0, 1]	[0, 0, 0, 0, 0, 0, 0, 0, 0, 0, 0, 0, 0, 0, 0, 0, 0, 0, 0, 0, 0, 0, 0, 0]	[0, 0, 0, 0, 0, 0, 0, 0, 0, 0, 0, 0, 0, 0, 0, 0, 0, 0, 0, 0, 0, 0, 0, 0]	[0.0002069999900413677, 0.010309899997082539, 0.026783999986946583, 0.043521199986571446, 0.060275499999988824, 0.07687649999570567, 0.09372999999322928, 0.11021949999849312, 0.12684539999463595, 0.1436964999884367, 0.16047009998874273, 0.17727159999776632, 0.19423389999428764, 0.21021239999390673, 0.22687889999360777, 0.24345439999888185, 0.25999310000042897, 0.2766105999908177, 0.2935824999876786, 0.3103266999969492, 0.327079099995899, 0.3434258999914164, 0.3601802999910433, 0.3767492999904789]	228.0	323.0	0.8	9b
327	9	go_only	0	18	4	go	click	[35.0, 35.0, 50.0, 66.0, 90.0, 115.0, 129.0, 140.0, 148.0, 156.0, 165.0, 169.0, 173.0, 176.0, 177.0, 177.0, 178.0, 178.0, 179.0, 181.0, 185.0, 187.0, 189.0, 190.0, 191.0, 192.0, 195.0, 195.0, 195.0, 195.0]	[-264.0, -264.0, -200.0, -125.0, -43.0, 28.0, 68.0, 95.0, 115.0, 138.0, 157.0, 176.0, 191.0, 203.0, 210.0, 212.0, 213.0, 213.0, 217.0, 224.0, 237.0, 248.0, 255.0, 257.0, 260.0, 266.0, 284.0, 293.0, 297.0, 297.0]	[0, 0, 0, 0, 0, 0, 0, 0, 0, 0, 0, 0, 0, 0, 0, 0, 0, 0, 0, 0, 0, 0, 0, 0, 0, 0, 0, 0, 0, 1]	[0, 0, 0, 0, 0, 0, 0, 0, 0, 0, 0, 0, 0, 0, 0, 0, 0, 0, 0, 0, 0, 0, 0, 0, 0, 0, 0, 0, 0, 0]	[0, 0, 0, 0, 0, 0, 0, 0, 0, 0, 0, 0, 0, 0, 0, 0, 0, 0, 0, 0, 0, 0, 0, 0, 0, 0, 0, 0, 0, 0]	[0.00019269999756943434, 0.011933999994653277, 0.028488899988587946, 0.045213899997179396, 0.06219629998668097, 0.07844209999893792, 0.0953453999973135, 0.11174439999740571, 0.12836459999380168, 0.14508209998894017, 0.16187909999280237, 0.17854149999038782, 0.1950718999869423, 0.21195139999326784, 0.2284147999889683, 0.24488429998746142, 0.2617162999958964, 0.27864749998843763, 0.2952847999986261, 0.3118263999931514, 0.3282465999945998, 0.34492749998753425, 0.3616182999976445, 0.3782325999927707, 0.3951096999953734, 0.41180039999017026, 0.42842889999155886, 0.44516039999143686, 0.461621099995682, 0.47887429999536835]	195.0	297.0	0.6	9b
328	9	go_only	0	18	2	go	click	[29.0, 29.0, 33.0, 39.0, 62.0, 87.0, 116.0, 141.0, 160.0, 170.0, 178.0, 184.0, 188.0, 190.0, 192.0, 192.0, 192.0, 192.0, 193.0, 196.0, 197.0, 198.0, 199.0, 199.0, 199.0, 199.0, 199.0, 200.0, 200.0, 200.0, 200.0]	[-279.0, -279.0, -262.0, -222.0, -134.0, -63.0, 20.0, 87.0, 135.0, 170.0, 197.0, 216.0, 231.0, 241.0, 244.0, 244.0, 244.0, 244.0, 250.0, 257.0, 264.0, 267.0, 268.0, 268.0, 268.0, 269.0, 271.0, 275.0, 275.0, 275.0, 275.0]	[0, 0, 0, 0, 0, 0, 0, 0, 0, 0, 0, 0, 0, 0, 0, 0, 0, 0, 0, 0, 0, 0, 0, 0, 0, 0, 0, 0, 0, 0, 1]	[0, 0, 0, 0, 0, 0, 0, 0, 0, 0, 0, 0, 0, 0, 0, 0, 0, 0, 0, 0, 0, 0, 0, 0, 0, 0, 0, 0, 0, 0, 0]	[0, 0, 0, 0, 0, 0, 0, 0, 0, 0, 0, 0, 0, 0, 0, 0, 0, 0, 0, 0, 0, 0, 0, 0, 0, 0, 0, 0, 0, 0, 0]	[0.00023720000172033906, 0.01173499999276828, 0.028350099993986078, 0.04505790000257548, 0.06190169999899808, 0.07864760000666138, 0.09492760000284761, 0.11202030000276864, 0.12833809999574441, 0.14497259999916423, 0.16185580000455957, 0.178293399992981, 0.19488700000511017, 0.21165579999797046, 0.22806219999620225, 0.244896999996854, 0.26139929999771994, 0.27834649999567773, 0.29479270000592805, 0.3115442999987863, 0.328383500003838, 0.3449285999959102, 0.361622600001283, 0.3781911999976728, 0.3949676000047475, 0.41166539999539964, 0.4286281999957282, 0.44469439999375027, 0.4613748999981908, 0.4779846000019461, 0.49509939999552444]	200.0	275.0	0.9	9b
329	9	go_only	0	18	6	go	click	[75.0, 75.0, 86.0, 106.0, 120.0, 128.0, 141.0, 149.0, 156.0, 163.0, 169.0, 175.0, 177.0, 177.0, 177.0, 178.0, 180.0, 184.0, 189.0, 191.0, 193.0, 193.0, 193.0, 193.0, 193.0, 193.0]	[-170.0, -170.0, -114.0, -14.0, 61.0, 97.0, 139.0, 162.0, 181.0, 199.0, 218.0, 229.0, 235.0, 236.0, 236.0, 238.0, 245.0, 256.0, 272.0, 281.0, 286.0, 286.0, 286.0, 287.0, 287.0, 287.0]	[0, 0, 0, 0, 0, 0, 0, 0, 0, 0, 0, 0, 0, 0, 0, 0, 0, 0, 0, 0, 0, 0, 0, 0, 0, 1]	[0, 0, 0, 0, 0, 0, 0, 0, 0, 0, 0, 0, 0, 0, 0, 0, 0, 0, 0, 0, 0, 0, 0, 0, 0, 0]	[0, 0, 0, 0, 0, 0, 0, 0, 0, 0, 0, 0, 0, 0, 0, 0, 0, 0, 0, 0, 0, 0, 0, 0, 0, 0]	[0.00020319999021012336, 0.012261199997738004, 0.028832500000135042, 0.04549150000093505, 0.06203879999520723, 0.07871529999829363, 0.09541989999706857, 0.11205820000031963, 0.12874809998902492, 0.1453112000017427, 0.16210190000128932, 0.1788375000032829, 0.19537950000085402, 0.21164809999754652, 0.2286993000016082, 0.24528770000324585, 0.26206949999323115, 0.27865249999740627, 0.2954336999973748, 0.3122061999893049, 0.3284447999903932, 0.34506959999271203, 0.36195569999108557, 0.37839050000184216, 0.3952351999905659, 0.4125268999923719]	193.0	287.0	0.5	9b
330	9	go_only	0	18	7	go	click	[55.0, 55.0, 82.0, 112.0, 142.0, 175.0, 204.0, 223.0, 231.0, 233.0, 235.0, 235.0, 236.0, 236.0, 237.0, 238.0, 238.0, 238.0, 238.0, 238.0, 238.0, 238.0, 238.0, 238.0, 236.0, 229.0, 220.0, 213.0, 209.0, 209.0, 209.0, 209.0, 209.0, 209.0]	[-202.0, -202.0, -120.0, -33.0, 58.0, 149.0, 229.0, 283.0, 312.0, 327.0, 333.0, 335.0, 338.0, 346.0, 353.0, 358.0, 361.0, 365.0, 373.0, 377.0, 377.0, 377.0, 377.0, 377.0, 377.0, 367.0, 349.0, 332.0, 323.0, 323.0, 323.0, 323.0, 323.0, 323.0]	[0, 0, 0, 0, 0, 0, 0, 0, 0, 0, 0, 0, 0, 0, 0, 0, 0, 0, 0, 0, 0, 0, 0, 0, 0, 0, 0, 0, 0, 0, 0, 0, 0, 1]	[0, 0, 0, 0, 0, 0, 0, 0, 0, 0, 0, 0, 0, 0, 0, 0, 0, 0, 0, 0, 0, 0, 0, 0, 0, 0, 0, 0, 0, 0, 0, 0, 0, 0]	[0, 0, 0, 0, 0, 0, 0, 0, 0, 0, 0, 0, 0, 0, 0, 0, 0, 0, 0, 0, 0, 0, 0, 0, 0, 0, 0, 0, 0, 0, 0, 0, 0, 0]	[0.00018999999156221747, 0.013083799989544787, 0.02916439999535214, 0.04601239999465179, 0.06267689999367576, 0.07946199999423698, 0.09608749998733401, 0.11270819998753723, 0.12925619998713955, 0.1458960999880219, 0.16241679999802727, 0.17929889999504667, 0.19597529999737162, 0.21259519999148324, 0.22929809999186546, 0.24609309999505058, 0.26250479998998344, 0.27924169998732395, 0.2958726999931969, 0.31235490000108257, 0.32892469999205787, 0.34553669999877457, 0.3623967999883462, 0.3792018999956781, 0.39590179998776875, 0.4125229999917792, 0.4293669999897247, 0.44610389998706523, 0.4622850999876391, 0.478903099996387, 0.49557220000133384, 0.5124155999947106, 0.5293292999995174, 0.5462628999957815]	209.0	323.0	0.7	9b
331	10	go_nogo	0	60	3	go	click	[8.0, 8.0, 11.0, 44.0, 84.0, 129.0, 160.0, 182.0, 193.0, 199.0, 202.0, 204.0, 207.0, 211.0, 214.0, 218.0, 219.0, 221.0, 222.0, 222.0, 222.0, 222.0, 222.0, 222.0, 222.0]	[-266.0, -266.0, -245.0, -154.0, -69.0, 29.0, 131.0, 190.0, 214.0, 228.0, 236.0, 241.0, 247.0, 254.0, 264.0, 272.0, 276.0, 282.0, 288.0, 293.0, 296.0, 298.0, 298.0, 298.0, 298.0]	[0, 0, 0, 0, 0, 0, 0, 0, 0, 0, 0, 0, 0, 0, 0, 0, 0, 0, 0, 0, 0, 0, 0, 0, 1]	[0, 0, 0, 0, 0, 0, 0, 0, 0, 0, 0, 0, 0, 0, 0, 0, 0, 0, 0, 0, 0, 0, 0, 0, 0]	[0, 0, 0, 0, 0, 0, 0, 0, 0, 0, 0, 0, 0, 0, 0, 0, 0, 0, 0, 0, 0, 0, 0, 0, 0]	[0.00019100001372862607, 0.010188400003244169, 0.02700300001015421, 0.04404610001074616, 0.060352300002705306, 0.0776079000061145, 0.0943388000014238, 0.11026590000255965, 0.12689200000022538, 0.14329980000911746, 0.16006010001001414, 0.17660720000276342, 0.19356020000122953, 0.21047309999994468, 0.22707560000708327, 0.24347560000023805, 0.260303400005796, 0.27672370000800584, 0.29385920001368504, 0.31026240000210237, 0.32676580001134425, 0.3432980000070529, 0.35993690000032075, 0.3767534000071464, 0.3935687000048347]	222.0	298.0	0.6	9b
332	10	go_nogo	0	60	8	go	click	[31.0, 31.0, 41.0, 79.0, 116.0, 140.0, 155.0, 163.0, 171.0, 176.0, 181.0, 185.0, 190.0, 192.0, 192.0, 192.0, 192.0, 192.0, 192.0, 192.0, 192.0, 192.0, 192.0]	[-216.0, -216.0, -176.0, -30.0, 69.0, 147.0, 197.0, 226.0, 247.0, 261.0, 271.0, 284.0, 296.0, 302.0, 302.0, 302.0, 302.0, 302.0, 302.0, 302.0, 302.0, 302.0, 302.0]	[0, 0, 0, 0, 0, 0, 0, 0, 0, 0, 0, 0, 0, 0, 0, 0, 0, 0, 0, 0, 0, 0, 1]	[0, 0, 0, 0, 0, 0, 0, 0, 0, 0, 0, 0, 0, 0, 0, 0, 0, 0, 0, 0, 0, 0, 0]	[0, 0, 0, 0, 0, 0, 0, 0, 0, 0, 0, 0, 0, 0, 0, 0, 0, 0, 0, 0, 0, 0, 0]	[0.000305800000205636, 0.010597000000416301, 0.026849999994738027, 0.04355659999419004, 0.060120699999970384, 0.07687069999519736, 0.09363469999516383, 0.110516100001405, 0.12697660000412725, 0.14362790000450332, 0.1603880000038771, 0.17698030000610743, 0.193510500001139, 0.20994960000098217, 0.22670539999671746, 0.24330469999404158, 0.25993210000160616, 0.2765384999947855, 0.29304509999928996, 0.30980600000475533, 0.3267349999950966, 0.34335599999758415, 0.36048940000182483]	192.0	302.0	0.5	9b
333	10	go_nogo	0	60	1	nogo	none	[45.0, 45.0, 59.0, 87.0, 115.0, 133.0, 153.0, 165.0, 171.0, 175.0, 175.0, 176.0, 176.0, 176.0, 176.0, 176.0, 176.0, 176.0, 177.0, 182.0, 188.0, 194.0, 200.0, 202.0, 203.0, 204.0, 204.0, 204.0, 204.0, 204.0, 204.0, 204.0, 204.0, 204.0, 204.0, 204.0, 204.0, 204.0, 204.0, 204.0, 204.0, 204.0, 204.0, 204.0, 204.0, 204.0, 204.0, 204.0, 204.0, 204.0, 204.0, 204.0, 204.0, 204.0, 204.0, 204.0, 204.0, 204.0, 204.0, 204.0, 204.0, 204.0, 204.0, 204.0, 200.0, 195.0, 195.0, 195.0, 195.0, 195.0, 195.0, 195.0, 195.0, 195.0, 195.0, 195.0, 195.0, 195.0, 195.0, 195.0, 195.0, 195.0, 195.0, 195.0, 195.0, 195.0, 195.0, 195.0, 195.0, 195.0, 195.0, 195.0]	[-223.0, -223.0, -185.0, -109.0, -38.0, 17.0, 70.0, 98.0, 119.0, 132.0, 137.0, 139.0, 140.0, 141.0, 141.0, 141.0, 141.0, 141.0, 144.0, 164.0, 181.0, 200.0, 219.0, 232.0, 240.0, 243.0, 243.0, 243.0, 243.0, 243.0, 243.0, 243.0, 243.0, 243.0, 243.0, 243.0, 243.0, 243.0, 243.0, 243.0, 243.0, 243.0, 243.0, 243.0, 243.0, 243.0, 243.0, 243.0, 243.0, 243.0, 243.0, 243.0, 243.0, 243.0, 243.0, 243.0, 243.0, 243.0, 243.0, 243.0, 243.0, 243.0, 243.0, 238.0, 227.0, 222.0, 222.0, 222.0, 222.0, 222.0, 222.0, 222.0, 222.0, 222.0, 222.0, 222.0, 222.0, 222.0, 222.0, 222.0, 222.0, 222.0, 222.0, 222.0, 222.0, 222.0, 222.0, 222.0, 222.0, 222.0, 222.0, 220.0]	[0, 0, 0, 0, 0, 0, 0, 0, 0, 0, 0, 0, 0, 0, 0, 0, 0, 0, 0, 0, 0, 0, 0, 0, 0, 0, 0, 0, 0, 0, 0, 0, 0, 0, 0, 0, 0, 0, 0, 0, 0, 0, 0, 0, 0, 0, 0, 0, 0, 0, 0, 0, 0, 0, 0, 0, 0, 0, 0, 0, 0, 0, 0, 0, 0, 0, 0, 0, 0, 0, 0, 0, 0, 0, 0, 0, 0, 0, 0, 0, 0, 0, 0, 0, 0, 0, 0, 0, 0, 0, 0, 0]	[0, 0, 0, 0, 0, 0, 0, 0, 0, 0, 0, 0, 0, 0, 0, 0, 0, 0, 0, 0, 0, 0, 0, 0, 0, 0, 0, 0, 0, 0, 0, 0, 0, 0, 0, 0, 0, 0, 0, 0, 0, 0, 0, 0, 0, 0, 0, 0, 0, 0, 0, 0, 0, 0, 0, 0, 0, 0, 0, 0, 0, 0, 0, 0, 0, 0, 0, 0, 0, 0, 0, 0, 0, 0, 0, 0, 0, 0, 0, 0, 0, 0, 0, 0, 0, 0, 0, 0, 0, 0, 0, 0]	[0, 0, 0, 0, 0, 0, 0, 0, 0, 0, 0, 0, 0, 0, 0, 0, 0, 0, 0, 0, 0, 0, 0, 0, 0, 0, 0, 0, 0, 0, 0, 0, 0, 0, 0, 0, 0, 0, 0, 0, 0, 0, 0, 0, 0, 0, 0, 0, 0, 0, 0, 0, 0, 0, 0, 0, 0, 0, 0, 0, 0, 0, 0, 0, 0, 0, 0, 0, 0, 0, 0, 0, 0, 0, 0, 0, 0, 0, 0, 0, 0, 0, 0, 0, 0, 0, 0, 0, 0, 0, 0, 0]	[0.0002027000009547919, 0.010921299995970912, 0.027459599994472228, 0.04443840000021737, 0.060961900002439506, 0.07804190000751987, 0.09441380000498611, 0.11147750000236556, 0.12767679999524262, 0.14450670000223909, 0.16069570000399835, 0.1777001000009477, 0.1941988000035053, 0.21067119999497663, 0.22729110000364017, 0.24393250000139233, 0.26048979999904986, 0.2775360000086948, 0.294456400006311, 0.31152630000724457, 0.3279104999965057, 0.3446031000057701, 0.36068230000091717, 0.37766549999651033, 0.3939818000071682, 0.4107269000087399, 0.42719519999809563, 0.44395080000685994, 0.4607324999960838, 0.47742130000551697, 0.4938432000053581, 0.5106833000027109, 0.5273198000068078, 0.5439916000032099, 0.5608915000048, 0.5772950999962632, 0.5940430000046035, 0.610522500006482, 0.6273291999968933, 0.6438366000074893, 0.660518000004231, 0.677198799996404, 0.6943209000019124, 0.7110299000050873, 0.7272134999948321, 0.7439059000025736, 0.7607908000063617, 0.7773157000046922, 0.7939178999949945, 0.8105798000033246, 0.8273890999989817, 0.8440042000001995, 0.8605867000005674, 0.8773814000014681, 0.8938057000050321, 0.910445500005153, 0.9274563000071794, 0.9438888000004226, 0.9605916000000434, 0.9770490000082646, 0.9938226999947801, 1.0104120000032708, 1.0274344000063138, 1.0439283000014257, 1.0607175000041025, 1.0771117999975104, 1.0939206000039121, 1.1106020000006538, 1.127169600003981, 1.1438309000077425, 1.1604383000085363, 1.1771765000012238, 1.1938862999959383, 1.210754600004293, 1.2271003000059864, 1.2438438999961363, 1.260512100008782, 1.2771439000061946, 1.2937964000011561, 1.310492600008729, 1.3275638000050094, 1.343963100007386, 1.3604708000057144, 1.377206400007708, 1.3936681000050157, 1.4109666000003926, 1.4270204000058584, 1.443836399994325, 1.4603828999970574, 1.4773580000037327, 1.4942450999951689, 1.510410300004878]	n/a	n/a	1.0	9b
334	10	go_nogo	0	60	7	go	click	[39.0, 39.0, 88.0, 141.0, 193.0, 241.0, 271.0, 285.0, 294.0, 294.0, 294.0, 294.0, 294.0, 294.0, 294.0, 294.0, 292.0, 282.0, 266.0, 245.0, 237.0, 232.0, 230.0, 225.0, 220.0, 217.0, 217.0, 217.0, 217.0]	[-279.0, -279.0, -174.0, -56.0, 54.0, 152.0, 221.0, 261.0, 287.0, 289.0, 290.0, 291.0, 291.0, 291.0, 291.0, 292.0, 295.0, 301.0, 309.0, 315.0, 315.0, 315.0, 315.0, 314.0, 311.0, 310.0, 309.0, 309.0, 309.0]	[0, 0, 0, 0, 0, 0, 0, 0, 0, 0, 0, 0, 0, 0, 0, 0, 0, 0, 0, 0, 0, 0, 0, 0, 0, 0, 0, 0, 1]	[0, 0, 0, 0, 0, 0, 0, 0, 0, 0, 0, 0, 0, 0, 0, 0, 0, 0, 0, 0, 0, 0, 0, 0, 0, 0, 0, 0, 0]	[0, 0, 0, 0, 0, 0, 0, 0, 0, 0, 0, 0, 0, 0, 0, 0, 0, 0, 0, 0, 0, 0, 0, 0, 0, 0, 0, 0, 0]	[8.55999969644472e-05, 0.012727499997708946, 0.028948599996510893, 0.04565610000281595, 0.06231090000073891, 0.07904309999139514, 0.09570829999574926, 0.11236410000128672, 0.12900939999963157, 0.14621959999203682, 0.1627059000020381, 0.1790480000054231, 0.19576600000436883, 0.21234840000397526, 0.22916170000098646, 0.24557980000099633, 0.2625114999973448, 0.2790831000020262, 0.29572739999275655, 0.31252710000262596, 0.32937870000023395, 0.34601729999121744, 0.362325599999167, 0.37891559999843594, 0.39633150000008754, 0.41249999999126885, 0.42907719999493565, 0.4457933999947272, 0.46238509999238886]	217.0	309.0	0.6	9b
335	10	go_nogo	0	60	3	go	click	[22.0, 22.0, 25.0, 37.0, 41.0, 44.0, 49.0, 53.0, 58.0, 62.0, 68.0, 74.0, 80.0, 88.0, 94.0, 98.0, 101.0, 111.0, 123.0, 136.0, 149.0, 163.0, 173.0, 177.0, 177.0, 177.0, 177.0, 177.0, 177.0]	[-206.0, -206.0, -165.0, -26.0, 38.0, 78.0, 102.0, 119.0, 131.0, 141.0, 153.0, 166.0, 183.0, 201.0, 213.0, 222.0, 227.0, 239.0, 255.0, 272.0, 286.0, 298.0, 307.0, 311.0, 311.0, 311.0, 311.0, 311.0, 311.0]	[0, 0, 0, 0, 0, 0, 0, 0, 0, 0, 0, 0, 0, 0, 0, 0, 0, 0, 0, 0, 0, 0, 0, 0, 0, 0, 0, 0, 1]	[0, 0, 0, 0, 0, 0, 0, 0, 0, 0, 0, 0, 0, 0, 0, 0, 0, 0, 0, 0, 0, 0, 0, 0, 0, 0, 0, 0, 0]	[0, 0, 0, 0, 0, 0, 0, 0, 0, 0, 0, 0, 0, 0, 0, 0, 0, 0, 0, 0, 0, 0, 0, 0, 0, 0, 0, 0, 0]	[0.00019609999435488135, 0.013003400003071874, 0.030057600000873208, 0.04686810000566766, 0.06283350000740029, 0.07946300000185147, 0.09615450000273995, 0.11290000000735745, 0.12939250000636093, 0.1462697999959346, 0.16296770000190008, 0.17956730000150856, 0.19629409999470226, 0.21285399999760557, 0.22981520000030287, 0.24656770000001416, 0.263285499997437, 0.2794092999974964, 0.29609740000159945, 0.31311010000354145, 0.32966529999976046, 0.3460481000074651, 0.36308920000738, 0.37929959999746643, 0.395882700002403, 0.41277520000585355, 0.4292340999963926, 0.4461448000074597, 0.4626221000071382]	177.0	311.0	0.8	9b
336	10	go_nogo	0	60	2	go	click	[15.0, 15.0, 43.0, 76.0, 116.0, 140.0, 153.0, 156.0, 160.0, 169.0, 179.0, 194.0, 214.0, 230.0, 232.0, 232.0, 232.0, 232.0, 233.0, 233.0, 233.0, 233.0, 233.0, 233.0, 233.0]	[-270.0, -270.0, -184.0, -93.0, 11.0, 97.0, 154.0, 186.0, 207.0, 231.0, 249.0, 276.0, 308.0, 333.0, 340.0, 341.0, 341.0, 341.0, 341.0, 341.0, 341.0, 341.0, 341.0, 341.0, 341.0]	[0, 0, 0, 0, 0, 0, 0, 0, 0, 0, 0, 0, 0, 0, 0, 0, 0, 0, 0, 0, 0, 0, 0, 0, 1]	[0, 0, 0, 0, 0, 0, 0, 0, 0, 0, 0, 0, 0, 0, 0, 0, 0, 0, 0, 0, 0, 0, 0, 0, 0]	[0, 0, 0, 0, 0, 0, 0, 0, 0, 0, 0, 0, 0, 0, 0, 0, 0, 0, 0, 0, 0, 0, 0, 0, 0]	[9.520001185592264e-05, 0.011007400011294521, 0.027792300010332838, 0.044888800010085106, 0.06107920000795275, 0.07795510000141803, 0.0944393000099808, 0.1110678000113694, 0.12785230000736192, 0.14436980000755284, 0.16147690000070725, 0.17786809999961406, 0.1946624999982305, 0.21109730000898708, 0.22772830000030808, 0.2441116999980295, 0.26091789999918547, 0.2780598000099417, 0.2941401999996742, 0.31079550000140443, 0.3273875000013504, 0.3442234000103781, 0.36079620000964496, 0.37744300000485964, 0.3945302000065567]	233.0	341.0	0.7	9b
337	10	go_nogo	0	60	3	go	click	[43.0, 43.0, 61.0, 126.0, 165.0, 182.0, 188.0, 191.0, 194.0, 194.0, 195.0, 197.0, 199.0, 202.0, 203.0, 204.0, 204.0, 204.0, 205.0, 205.0, 205.0, 206.0, 206.0, 206.0]	[-199.0, -199.0, -149.0, 10.0, 88.0, 135.0, 161.0, 178.0, 187.0, 191.0, 195.0, 204.0, 219.0, 232.0, 242.0, 246.0, 247.0, 250.0, 257.0, 267.0, 281.0, 291.0, 295.0, 295.0]	[0, 0, 0, 0, 0, 0, 0, 0, 0, 0, 0, 0, 0, 0, 0, 0, 0, 0, 0, 0, 0, 0, 0, 1]	[0, 0, 0, 0, 0, 0, 0, 0, 0, 0, 0, 0, 0, 0, 0, 0, 0, 0, 0, 0, 0, 0, 0, 0]	[0, 0, 0, 0, 0, 0, 0, 0, 0, 0, 0, 0, 0, 0, 0, 0, 0, 0, 0, 0, 0, 0, 0, 0]	[0.00023320000036619604, 0.009665400008088909, 0.026061100012157112, 0.04275880000204779, 0.05940220000047702, 0.07629180001094937, 0.09265030000824481, 0.10924440000962932, 0.1258642000029795, 0.14260330000251997, 0.1591573000041535, 0.17594410000310745, 0.19253360001312103, 0.2095098000136204, 0.22613920000731014, 0.24268040001334157, 0.2593362000043271, 0.27604660000361037, 0.29282610000518616, 0.3094512000097893, 0.3261380000039935, 0.343105200008722, 0.35905660000571515, 0.3762453000090318]	206.0	295.0	1.0	9b
338	10	go_nogo	0	60	6	go	click	[47.0, 47.0, 68.0, 88.0, 107.0, 131.0, 157.0, 185.0, 206.0, 217.0, 221.0, 223.0, 223.0, 223.0, 224.0, 224.0, 224.0, 224.0, 224.0, 224.0, 224.0, 224.0, 224.0, 224.0, 224.0, 224.0]	[-201.0, -201.0, -123.0, -57.0, 1.0, 64.0, 125.0, 187.0, 223.0, 246.0, 256.0, 266.0, 267.0, 268.0, 268.0, 268.0, 268.0, 268.0, 268.0, 268.0, 268.0, 271.0, 273.0, 273.0, 274.0, 274.0]	[0, 0, 0, 0, 0, 0, 0, 0, 0, 0, 0, 0, 0, 0, 0, 0, 0, 0, 0, 0, 0, 0, 0, 0, 0, 1]	[0, 0, 0, 0, 0, 0, 0, 0, 0, 0, 0, 0, 0, 0, 0, 0, 0, 0, 0, 0, 0, 0, 0, 0, 0, 0]	[0, 0, 0, 0, 0, 0, 0, 0, 0, 0, 0, 0, 0, 0, 0, 0, 0, 0, 0, 0, 0, 0, 0, 0, 0, 0]	[0.0002719000040087849, 0.011132200001156889, 0.027438100005383603, 0.04436610000266228, 0.06110029999399558, 0.07770769999478944, 0.09422430000267923, 0.1108589000068605, 0.12762949999887496, 0.14428849999967497, 0.16088609999860637, 0.17750420000811573, 0.194243899997673, 0.2107627999939723, 0.22732689999975264, 0.24386440000671428, 0.26093889999901876, 0.27731150000181515, 0.2941186999960337, 0.310793199998443, 0.32747469999594614, 0.3442773999995552, 0.36069899999711197, 0.37753779999911785, 0.39408389999880455, 0.4107880999945337]	224.0	274.0	0.6	9b
339	10	go_nogo	0	60	9	nogo	none	[75.0, 75.0, 98.0, 139.0, 184.0, 210.0, 235.0, 251.0, 266.0, 281.0, 291.0, 294.0, 297.0, 297.0, 297.0, 297.0, 297.0, 297.0, 297.0, 293.0, 282.0, 271.0, 251.0, 241.0, 235.0, 232.0, 230.0, 229.0, 229.0, 229.0, 229.0, 229.0, 229.0, 229.0, 229.0, 229.0, 229.0, 229.0, 229.0, 229.0, 229.0, 229.0, 229.0, 229.0, 229.0, 229.0, 229.0, 229.0, 229.0, 229.0, 229.0, 229.0, 229.0, 229.0, 229.0, 229.0, 229.0, 229.0, 229.0, 229.0, 229.0, 229.0, 229.0, 229.0, 229.0, 229.0, 229.0, 229.0, 229.0]	[-210.0, -210.0, -167.0, -77.0, 17.0, 99.0, 163.0, 203.0, 236.0, 268.0, 298.0, 306.0, 318.0, 320.0, 320.0, 320.0, 320.0, 321.0, 324.0, 325.0, 326.0, 327.0, 321.0, 316.0, 312.0, 309.0, 307.0, 306.0, 306.0, 306.0, 306.0, 306.0, 306.0, 306.0, 306.0, 306.0, 306.0, 306.0, 306.0, 306.0, 306.0, 306.0, 306.0, 306.0, 306.0, 306.0, 306.0, 306.0, 306.0, 306.0, 306.0, 306.0, 306.0, 306.0, 306.0, 306.0, 306.0, 306.0, 306.0, 306.0, 306.0, 306.0, 306.0, 306.0, 306.0, 306.0, 306.0, 306.0, 306.0]	[0, 0, 0, 0, 0, 0, 0, 0, 0, 0, 0, 0, 0, 0, 0, 0, 0, 0, 0, 0, 0, 0, 0, 0, 0, 0, 0, 0, 0, 0, 0, 0, 0, 0, 0, 0, 0, 0, 0, 0, 0, 0, 0, 0, 0, 0, 0, 0, 0, 0, 0, 0, 0, 0, 0, 0, 0, 0, 0, 0, 0, 0, 0, 0, 0, 0, 0, 0, 0]	[0, 0, 0, 0, 0, 0, 0, 0, 0, 0, 0, 0, 0, 0, 0, 0, 0, 0, 0, 0, 0, 0, 0, 0, 0, 0, 0, 0, 0, 0, 0, 0, 0, 0, 0, 0, 0, 0, 0, 0, 0, 0, 0, 0, 0, 0, 0, 0, 0, 0, 0, 0, 0, 0, 0, 0, 0, 0, 0, 0, 0, 0, 0, 0, 0, 0, 0, 0, 0]	[0, 0, 0, 0, 0, 0, 0, 0, 0, 0, 0, 0, 0, 0, 0, 0, 0, 0, 0, 0, 0, 0, 0, 0, 0, 0, 0, 0, 0, 0, 0, 0, 0, 0, 0, 0, 0, 0, 0, 0, 0, 0, 0, 0, 0, 0, 0, 0, 0, 0, 0, 0, 0, 0, 0, 0, 0, 0, 0, 0, 0, 0, 0, 0, 0, 0, 0, 0, 0]	[0.00018220000492874533, 0.00909180000599008, 0.02588280000782106, 0.04246360000979621, 0.059157499999855645, 0.0760428000066895, 0.0923356999992393, 0.10941479999746662, 0.12583780000568368, 0.1422945000085747, 0.159025400003884, 0.17583720000402536, 0.19245159999991301, 0.20898290000332054, 0.2257843999977922, 0.24226070000440814, 0.25909809999575373, 0.2757694000029005, 0.29238460000487976, 0.30945190000056755, 0.32604040000296663, 0.3428265999973519, 0.3593938999983948, 0.376382200003718, 0.3923205000028247, 0.40945220000867266, 0.42593460000352934, 0.4423497999960091, 0.45897100000001956, 0.47570229999837466, 0.49247420000028796, 0.5090285000042059, 0.5257642000069609, 0.5421358000021428, 0.559004000009736, 0.5756349000002956, 0.5924331999995047, 0.6089444999961415, 0.625721300006262, 0.642302699998254, 0.658988600000157, 0.6758884000009857, 0.6921138000034261, 0.7088051000027917, 0.7257118999987142, 0.7422942999983206, 0.7589867000060622, 0.7755450999975437, 0.7922151000093436, 0.8089203999988968, 0.8255302000034135, 0.842244400002528, 0.8596202000044286, 0.8755377000052249, 0.8923219999996945, 0.9087425000034273, 0.9254960999969626, 0.9423147000052268, 0.9588530000037281, 0.9755301999975927, 0.9923192999995081, 1.0087434000015492, 1.0255958000052487, 1.0423124000080861, 1.0588945000054082, 1.0754553000006126, 1.0923970000003465, 1.1088184999971418, 1.125433900000644]	n/a	n/a	0.7	9b
340	10	go_nogo	0	60	7	go	click	[63.0, 63.0, 78.0, 115.0, 146.0, 179.0, 202.0, 216.0, 224.0, 227.0, 228.0, 228.0, 229.0, 230.0, 230.0, 230.0, 230.0, 230.0, 230.0, 230.0, 230.0, 230.0, 230.0, 230.0, 230.0, 230.0, 230.0, 230.0, 230.0, 227.0, 221.0, 217.0, 214.0, 214.0, 214.0]	[-185.0, -185.0, -140.0, -54.0, 22.0, 91.0, 151.0, 186.0, 212.0, 221.0, 229.0, 238.0, 248.0, 252.0, 252.0, 252.0, 252.0, 252.0, 252.0, 252.0, 252.0, 255.0, 255.0, 256.0, 256.0, 256.0, 256.0, 256.0, 256.0, 260.0, 270.0, 276.0, 279.0, 279.0, 279.0]	[0, 0, 0, 0, 0, 0, 0, 0, 0, 0, 0, 0, 0, 0, 0, 0, 0, 0, 0, 0, 0, 0, 0, 0, 0, 0, 0, 0, 0, 0, 0, 0, 0, 0, 1]	[0, 0, 0, 0, 0, 0, 0, 0, 0, 0, 0, 0, 0, 0, 0, 0, 0, 0, 0, 0, 0, 0, 0, 0, 0, 0, 0, 0, 0, 0, 0, 0, 0, 0, 0]	[0, 0, 0, 0, 0, 0, 0, 0, 0, 0, 0, 0, 0, 0, 0, 0, 0, 0, 0, 0, 0, 0, 0, 0, 0, 0, 0, 0, 0, 0, 0, 0, 0, 0, 0]	[0.0001883999939309433, 0.009615399991162121, 0.026538199992501177, 0.04298099999141414, 0.06000879999191966, 0.07622590000391938, 0.092969000004814, 0.10967199999140576, 0.1263840000028722, 0.14364100000238977, 0.159725299992715, 0.17627250000077765, 0.19283790000190493, 0.20922309999878053, 0.22615380000206642, 0.24267920000420418, 0.25944979999621864, 0.275963199994294, 0.2927023999945959, 0.30936929999734275, 0.3263699999952223, 0.3428472999949008, 0.35971560000325553, 0.3761233999975957, 0.3928442000033101, 0.40928680000070017, 0.42597329999262, 0.4428289999923436, 0.45935789999202825, 0.47616109999944456, 0.49271829999634065, 0.5094867000007071, 0.5261153000028571, 0.5425991999945836, 0.5597114999982296]	214.0	279.0	0.6	9b
341	10	go_nogo	0	60	2	go	click	[44.0, 51.0, 61.0, 87.0, 117.0, 140.0, 161.0, 191.0, 204.0, 214.0, 220.0, 223.0, 225.0, 225.0, 226.0, 226.0, 226.0, 226.0, 227.0, 228.0, 228.0, 228.0, 228.0, 228.0]	[-281.0, -260.0, -231.0, -152.0, -65.0, 28.0, 105.0, 197.0, 234.0, 263.0, 286.0, 299.0, 309.0, 314.0, 318.0, 320.0, 321.0, 325.0, 330.0, 339.0, 339.0, 339.0, 339.0, 339.0]	[0, 0, 0, 0, 0, 0, 0, 0, 0, 0, 0, 0, 0, 0, 0, 0, 0, 0, 0, 0, 0, 0, 0, 1]	[0, 0, 0, 0, 0, 0, 0, 0, 0, 0, 0, 0, 0, 0, 0, 0, 0, 0, 0, 0, 0, 0, 0, 0]	[0, 0, 0, 0, 0, 0, 0, 0, 0, 0, 0, 0, 0, 0, 0, 0, 0, 0, 0, 0, 0, 0, 0, 0]	[9.049999061971903e-05, 0.012002999996184371, 0.028759499997249804, 0.04521129999193363, 0.06186190000153147, 0.07865799999854062, 0.09593039999890607, 0.11252739999326877, 0.12904749999870546, 0.14538279999396764, 0.16187349999381695, 0.17857229999208357, 0.1954053999943426, 0.21188049999182113, 0.22844520000217017, 0.2451466999918921, 0.26186309999320656, 0.27842629999213386, 0.2952379999915138, 0.311630399999558, 0.32852789999742527, 0.3451461999939056, 0.3617453999904683, 0.37901370000327006]	228.0	339.0	0.6	9b
342	10	go_nogo	0	60	4	go	click	[20.0, 20.0, 27.0, 35.0, 46.0, 72.0, 92.0, 107.0, 120.0, 128.0, 131.0, 133.0, 135.0, 138.0, 139.0, 139.0, 139.0, 139.0, 139.0, 140.0, 145.0, 154.0, 161.0, 166.0, 167.0, 168.0, 168.0, 168.0, 168.0, 168.0]	[-252.0, -252.0, -212.0, -147.0, -77.0, 39.0, 105.0, 155.0, 188.0, 209.0, 218.0, 224.0, 228.0, 235.0, 237.0, 237.0, 237.0, 237.0, 237.0, 239.0, 245.0, 255.0, 264.0, 271.0, 273.0, 273.0, 273.0, 274.0, 274.0, 274.0]	[0, 0, 0, 0, 0, 0, 0, 0, 0, 0, 0, 0, 0, 0, 0, 0, 0, 0, 0, 0, 0, 0, 0, 0, 0, 0, 0, 0, 0, 1]	[0, 0, 0, 0, 0, 0, 0, 0, 0, 0, 0, 0, 0, 0, 0, 0, 0, 0, 0, 0, 0, 0, 0, 0, 0, 0, 0, 0, 0, 0]	[0, 0, 0, 0, 0, 0, 0, 0, 0, 0, 0, 0, 0, 0, 0, 0, 0, 0, 0, 0, 0, 0, 0, 0, 0, 0, 0, 0, 0, 0]	[0.00018200000340584666, 0.012118400001781993, 0.028547500012791716, 0.04521700000623241, 0.06198440000298433, 0.07913540001027286, 0.09583190000557806, 0.11219200000050478, 0.1288459000061266, 0.14544340000429656, 0.16172860001097433, 0.1784817000007024, 0.19538800000736956, 0.21192549999977928, 0.22837470000376925, 0.24524830000882503, 0.261937700008275, 0.27876470000774134, 0.29530589999922086, 0.31195170000137296, 0.329392600004212, 0.3454853000002913, 0.362122200007434, 0.378676300009829, 0.39513350000197534, 0.4115825000044424, 0.42864640000334475, 0.44510370001080446, 0.46169550000922754, 0.4785081000009086]	168.0	274.0	0.6	9b
343	10	go_nogo	0	60	9	nogo	none	[57.0, 57.0, 75.0, 91.0, 107.0, 121.0, 137.0, 147.0, 157.0, 159.0, 162.0, 165.0, 173.0, 178.0, 181.0, 181.0, 181.0, 182.0, 185.0, 188.0, 192.0, 194.0, 194.0, 194.0, 194.0, 194.0, 195.0, 195.0, 195.0, 195.0, 195.0, 195.0, 195.0, 195.0, 195.0, 195.0, 195.0, 195.0, 195.0, 195.0, 195.0, 195.0, 195.0, 195.0, 195.0, 195.0, 195.0, 195.0, 195.0, 195.0, 195.0, 195.0, 195.0, 195.0, 195.0, 195.0, 195.0, 195.0, 195.0, 195.0, 195.0, 195.0, 195.0, 195.0, 195.0]	[-236.0, -236.0, -163.0, -91.0, -23.0, 41.0, 95.0, 134.0, 157.0, 165.0, 175.0, 180.0, 200.0, 214.0, 219.0, 220.0, 221.0, 223.0, 230.0, 240.0, 248.0, 253.0, 255.0, 255.0, 255.0, 255.0, 255.0, 255.0, 255.0, 255.0, 255.0, 255.0, 255.0, 255.0, 255.0, 255.0, 255.0, 255.0, 255.0, 255.0, 255.0, 255.0, 255.0, 255.0, 255.0, 255.0, 255.0, 255.0, 255.0, 255.0, 255.0, 255.0, 255.0, 255.0, 255.0, 255.0, 255.0, 255.0, 255.0, 255.0, 255.0, 255.0, 255.0, 255.0, 255.0]	[0, 0, 0, 0, 0, 0, 0, 0, 0, 0, 0, 0, 0, 0, 0, 0, 0, 0, 0, 0, 0, 0, 0, 0, 0, 0, 0, 0, 0, 0, 0, 0, 0, 0, 0, 0, 0, 0, 0, 0, 0, 0, 0, 0, 0, 0, 0, 0, 0, 0, 0, 0, 0, 0, 0, 0, 0, 0, 0, 0, 0, 0, 0, 0, 0]	[0, 0, 0, 0, 0, 0, 0, 0, 0, 0, 0, 0, 0, 0, 0, 0, 0, 0, 0, 0, 0, 0, 0, 0, 0, 0, 0, 0, 0, 0, 0, 0, 0, 0, 0, 0, 0, 0, 0, 0, 0, 0, 0, 0, 0, 0, 0, 0, 0, 0, 0, 0, 0, 0, 0, 0, 0, 0, 0, 0, 0, 0, 0, 0, 0]	[0, 0, 0, 0, 0, 0, 0, 0, 0, 0, 0, 0, 0, 0, 0, 0, 0, 0, 0, 0, 0, 0, 0, 0, 0, 0, 0, 0, 0, 0, 0, 0, 0, 0, 0, 0, 0, 0, 0, 0, 0, 0, 0, 0, 0, 0, 0, 0, 0, 0, 0, 0, 0, 0, 0, 0, 0, 0, 0, 0, 0, 0, 0, 0, 0]	[0.00023360000341199338, 0.011652300003333949, 0.02899180000531487, 0.04512640000029933, 0.062179200001992285, 0.07857850000436883, 0.09530950000043958, 0.11194570000225212, 0.12865539999620523, 0.1452318999945419, 0.16196119999221992, 0.17878149999887682, 0.1954146999923978, 0.21188239999173675, 0.22850250000192318, 0.2452971000020625, 0.26163439999800175, 0.27870110000367276, 0.2950321999960579, 0.31169230000523385, 0.32854869999573566, 0.34518419999221805, 0.36161219999485184, 0.37823699999717064, 0.3949196000030497, 0.41186259999813046, 0.4282768999983091, 0.44492490000266116, 0.4615678999980446, 0.47823979999520816, 0.49481659999582916, 0.5115630999935092, 0.5282507999945665, 0.5447038999991491, 0.5614112000039313, 0.5780534999939846, 0.5947313999931794, 0.6115758999949321, 0.6280688999977428, 0.6447190000035334, 0.661427899991395, 0.678315900004236, 0.694761999999173, 0.7113228999951389, 0.7279791000037221, 0.7447301999927731, 0.7614145999978064, 0.7782407999911811, 0.7948860000033164, 0.8115627999941353, 0.8282382000033977, 0.8448538999946322, 0.8615886000043247, 0.8781245999998646, 0.8948396999912802, 0.9114515999972355, 0.9279679000028409, 0.9449498000030871, 0.9613724999944679, 0.9782903000013903, 0.9949233999941498, 1.0114166999992449, 1.0280401000054553, 1.0445351999951527, 1.061216100002639]	n/a	n/a	0.5	9b
344	10	go_nogo	0	60	8	go	click	[51.0, 65.0, 78.0, 101.0, 117.0, 122.0, 125.0, 127.0, 127.0, 128.0, 129.0, 130.0, 130.0, 131.0, 132.0, 132.0, 132.0, 134.0, 137.0, 141.0, 144.0, 147.0, 150.0, 151.0, 151.0, 152.0, 152.0, 152.0, 152.0]	[-171.0, -114.0, -58.0, 42.0, 118.0, 160.0, 188.0, 207.0, 219.0, 227.0, 234.0, 242.0, 245.0, 249.0, 251.0, 251.0, 252.0, 256.0, 260.0, 266.0, 269.0, 272.0, 273.0, 274.0, 274.0, 274.0, 274.0, 274.0, 274.0]	[0, 0, 0, 0, 0, 0, 0, 0, 0, 0, 0, 0, 0, 0, 0, 0, 0, 0, 0, 0, 0, 0, 0, 0, 0, 0, 0, 0, 1]	[0, 0, 0, 0, 0, 0, 0, 0, 0, 0, 0, 0, 0, 0, 0, 0, 0, 0, 0, 0, 0, 0, 0, 0, 0, 0, 0, 0, 0]	[0, 0, 0, 0, 0, 0, 0, 0, 0, 0, 0, 0, 0, 0, 0, 0, 0, 0, 0, 0, 0, 0, 0, 0, 0, 0, 0, 0, 0]	[0.00010919998749159276, 0.010743899998487905, 0.0272831999900518, 0.04404299998714123, 0.06066199998895172, 0.07729279999330174, 0.0939654999965569, 0.11058459999912884, 0.12731959999655373, 0.14406349998898804, 0.1612435999995796, 0.17806789999303874, 0.19434489999548532, 0.21032189999823458, 0.2270352999912575, 0.24403419998998288, 0.26057469999068417, 0.27724309999030083, 0.2938620999921113, 0.31041939998976886, 0.3272475999983726, 0.34382759999425616, 0.3604536999919219, 0.3768985999922734, 0.3938455999887083, 0.4105719999934081, 0.42708189999393653, 0.44369309999456163, 0.4606682999874465]	152.0	274.0	0.9	9b
345	10	go_nogo	0	60	2	go	click	[11.0, 11.0, 22.0, 41.0, 65.0, 86.0, 123.0, 149.0, 173.0, 187.0, 197.0, 204.0, 206.0, 208.0, 208.0, 208.0, 208.0, 208.0, 208.0, 208.0, 208.0, 208.0, 208.0, 208.0, 208.0, 208.0, 208.0, 208.0, 208.0, 208.0, 208.0, 208.0, 208.0, 208.0, 208.0, 208.0, 208.0, 208.0, 208.0, 208.0, 208.0, 208.0, 208.0, 208.0, 208.0, 208.0, 208.0, 208.0]	[-268.0, -268.0, -235.0, -154.0, -69.0, 5.0, 117.0, 192.0, 251.0, 293.0, 320.0, 338.0, 349.0, 354.0, 356.0, 356.0, 356.0, 356.0, 356.0, 356.0, 356.0, 356.0, 356.0, 356.0, 356.0, 356.0, 356.0, 356.0, 356.0, 356.0, 356.0, 356.0, 356.0, 356.0, 356.0, 356.0, 356.0, 356.0, 356.0, 356.0, 356.0, 355.0, 350.0, 335.0, 324.0, 318.0, 316.0, 316.0]	[0, 0, 0, 0, 0, 0, 0, 0, 0, 0, 0, 0, 0, 0, 0, 0, 0, 0, 0, 0, 0, 0, 0, 0, 1, 1, 1, 1, 1, 1, 1, 1, 0, 0, 0, 0, 0, 0, 0, 0, 0, 0, 0, 0, 0, 0, 0, 1]	[0, 0, 0, 0, 0, 0, 0, 0, 0, 0, 0, 0, 0, 0, 0, 0, 0, 0, 0, 0, 0, 0, 0, 0, 0, 0, 0, 0, 0, 0, 0, 0, 0, 0, 0, 0, 0, 0, 0, 0, 0, 0, 0, 0, 0, 0, 0, 0]	[0, 0, 0, 0, 0, 0, 0, 0, 0, 0, 0, 0, 0, 0, 0, 0, 0, 0, 0, 0, 0, 0, 0, 0, 0, 0, 0, 0, 0, 0, 0, 0, 0, 0, 0, 0, 0, 0, 0, 0, 0, 0, 0, 0, 0, 0, 0, 0]	[0.00018760000239126384, 0.011065500002587214, 0.027534399996511638, 0.04416029999265447, 0.060628899998846464, 0.07758830000238959, 0.09431410000252072, 0.11111729999538511, 0.12762119999388233, 0.1442112999939127, 0.1611923000018578, 0.17768490000162274, 0.1944556999951601, 0.2108987999963574, 0.22750839999935124, 0.24423100000421982, 0.26068469999881927, 0.2772754000034183, 0.2940653999976348, 0.31070200000249315, 0.3272285999992164, 0.34402039999258704, 0.3608126000035554, 0.37737610000476707, 0.39422230000491254, 0.4106729000050109, 0.42722529999446124, 0.44382519999635406, 0.4606354999996256, 0.4771404000057373, 0.49401969999598805, 0.5106693999987328, 0.5273053999990225, 0.5438787000020966, 0.5606632999988506, 0.5773743000027025, 0.5940682999935234, 0.6106198999914341, 0.6272303000005195, 0.6440096000005724, 0.6605512999958592, 0.6776737000036519, 0.6942241999931866, 0.7114854999963427, 0.7279335999919567, 0.7442271000036271, 0.7605560999945737, 0.7778630999964662]	208.0	316.0	0.9	9b
346	10	go_nogo	0	60	6	go	click	[87.0, 87.0, 102.0, 132.0, 162.0, 182.0, 203.0, 221.0, 241.0, 248.0, 252.0, 254.0, 256.0, 258.0, 259.0, 260.0, 260.0, 260.0, 260.0, 260.0, 260.0, 259.0, 254.0, 247.0, 239.0, 230.0, 223.0, 219.0, 216.0, 215.0, 215.0]	[-233.0, -233.0, -192.0, -101.0, -18.0, 56.0, 125.0, 183.0, 227.0, 245.0, 254.0, 261.0, 270.0, 277.0, 280.0, 281.0, 283.0, 287.0, 290.0, 291.0, 292.0, 293.0, 296.0, 300.0, 303.0, 306.0, 307.0, 307.0, 307.0, 306.0, 306.0]	[0, 0, 0, 0, 0, 0, 0, 0, 0, 0, 0, 0, 0, 0, 0, 0, 0, 0, 0, 0, 0, 0, 0, 0, 0, 0, 0, 0, 0, 0, 1]	[0, 0, 0, 0, 0, 0, 0, 0, 0, 0, 0, 0, 0, 0, 0, 0, 0, 0, 0, 0, 0, 0, 0, 0, 0, 0, 0, 0, 0, 0, 0]	[0, 0, 0, 0, 0, 0, 0, 0, 0, 0, 0, 0, 0, 0, 0, 0, 0, 0, 0, 0, 0, 0, 0, 0, 0, 0, 0, 0, 0, 0, 0]	[0.00029090000316500664, 0.009419300011359155, 0.026501300002564676, 0.04275910000433214, 0.05926600001112092, 0.07600430000456981, 0.09252240000932943, 0.10913710000750143, 0.1262132000119891, 0.14249370001198258, 0.15955070000200067, 0.17610150000837166, 0.19239870000455994, 0.20925130000978243, 0.22605180001119152, 0.24285049999889452, 0.2590762000036193, 0.2758948000118835, 0.2926385000027949, 0.3094759000086924, 0.3264075000042794, 0.34266150000621565, 0.3600845000037225, 0.3759623000078136, 0.39249650000419933, 0.4091871999989962, 0.42570290000003297, 0.44230049999896437, 0.4592550000088522, 0.47557850000157487, 0.4925236999988556]	215.0	306.0	0.9	9b
347	10	go_nogo	0	60	2	go	click	[84.0, 84.0, 104.0, 150.0, 176.0, 193.0, 205.0, 212.0, 218.0, 223.0, 225.0, 225.0, 225.0, 224.0, 223.0, 223.0, 223.0, 222.0, 221.0, 220.0, 218.0, 217.0, 215.0, 212.0, 210.0, 209.0, 207.0, 207.0, 207.0]	[-250.0, -250.0, -211.0, -104.0, -29.0, 36.0, 89.0, 123.0, 148.0, 169.0, 184.0, 194.0, 205.0, 212.0, 216.0, 216.0, 216.0, 217.0, 222.0, 232.0, 241.0, 247.0, 254.0, 259.0, 267.0, 272.0, 280.0, 283.0, 283.0]	[0, 0, 0, 0, 0, 0, 0, 0, 0, 0, 0, 0, 0, 0, 0, 0, 0, 0, 0, 0, 0, 0, 0, 0, 0, 0, 0, 0, 1]	[0, 0, 0, 0, 0, 0, 0, 0, 0, 0, 0, 0, 0, 0, 0, 0, 0, 0, 0, 0, 0, 0, 0, 0, 0, 0, 0, 0, 0]	[0, 0, 0, 0, 0, 0, 0, 0, 0, 0, 0, 0, 0, 0, 0, 0, 0, 0, 0, 0, 0, 0, 0, 0, 0, 0, 0, 0, 0]	[0.00020819999917875975, 0.009762799993040971, 0.02668309998989571, 0.04384399999980815, 0.06054589999257587, 0.07676849998824764, 0.09354309999616817, 0.10987059999024495, 0.1263930999994045, 0.1432182999997167, 0.15981519999331795, 0.17666659998940304, 0.19303639999998268, 0.21011269999144133, 0.22626179999497253, 0.2429165999928955, 0.2597976999968523, 0.2765421999938553, 0.2931053999927826, 0.3099946999864187, 0.3265054999938002, 0.3431891999935033, 0.35977769999590237, 0.37660519999917597, 0.3932842999929562, 0.40984649999882095, 0.4266796999872895, 0.44306989999313373, 0.4601259999908507]	207.0	283.0	0.7	9b
348	10	go_nogo	0	60	3	go	click	[45.0, 52.0, 62.0, 85.0, 103.0, 121.0, 137.0, 151.0, 159.0, 168.0, 174.0, 177.0, 180.0, 181.0, 181.0, 181.0, 181.0, 182.0, 183.0, 184.0, 184.0, 186.0, 186.0, 189.0, 191.0, 192.0, 192.0, 192.0, 192.0]	[-300.0, -277.0, -251.0, -185.0, -112.0, -39.0, 33.0, 89.0, 130.0, 162.0, 185.0, 203.0, 212.0, 217.0, 218.0, 219.0, 219.0, 222.0, 228.0, 236.0, 245.0, 252.0, 257.0, 269.0, 277.0, 285.0, 287.0, 287.0, 288.0]	[0, 0, 0, 0, 0, 0, 0, 0, 0, 0, 0, 0, 0, 0, 0, 0, 0, 0, 0, 0, 0, 0, 0, 0, 0, 0, 0, 0, 1]	[0, 0, 0, 0, 0, 0, 0, 0, 0, 0, 0, 0, 0, 0, 0, 0, 0, 0, 0, 0, 0, 0, 0, 0, 0, 0, 0, 0, 0]	[0, 0, 0, 0, 0, 0, 0, 0, 0, 0, 0, 0, 0, 0, 0, 0, 0, 0, 0, 0, 0, 0, 0, 0, 0, 0, 0, 0, 0]	[0.00012040000001434237, 0.009195799997542053, 0.02569009999569971, 0.04202729999087751, 0.05890299999737181, 0.07550289999926463, 0.0921430999878794, 0.10879199999908451, 0.1258633999968879, 0.14228189999994356, 0.1589180999872042, 0.1759338999981992, 0.19226839998736978, 0.20897100000001956, 0.22554779998608865, 0.2419987999892328, 0.2585992999956943, 0.27554329999838956, 0.29208029998699203, 0.3087117999966722, 0.3254657999932533, 0.34216069999092724, 0.35888889999478124, 0.37586579998605885, 0.3924586999928579, 0.4089448999875458, 0.4253819999867119, 0.4423188999935519, 0.4587990999862086]	192.0	288.0	0.7	9b
349	10	go_nogo	0	60	4	go	click	[20.0, 20.0, 35.0, 73.0, 103.0, 124.0, 133.0, 140.0, 146.0, 150.0, 152.0, 154.0, 158.0, 160.0, 161.0, 161.0, 161.0, 161.0, 162.0, 165.0, 173.0, 180.0, 187.0, 192.0, 198.0, 205.0, 209.0, 210.0, 210.0, 210.0]	[-261.0, -261.0, -219.0, -131.0, -36.0, 37.0, 84.0, 121.0, 153.0, 170.0, 175.0, 183.0, 194.0, 200.0, 203.0, 203.0, 203.0, 203.0, 203.0, 205.0, 219.0, 231.0, 244.0, 256.0, 275.0, 293.0, 304.0, 309.0, 309.0, 309.0]	[0, 0, 0, 0, 0, 0, 0, 0, 0, 0, 0, 0, 0, 0, 0, 0, 0, 0, 0, 0, 0, 0, 0, 0, 0, 0, 0, 0, 0, 1]	[0, 0, 0, 0, 0, 0, 0, 0, 0, 0, 0, 0, 0, 0, 0, 0, 0, 0, 0, 0, 0, 0, 0, 0, 0, 0, 0, 0, 0, 0]	[0, 0, 0, 0, 0, 0, 0, 0, 0, 0, 0, 0, 0, 0, 0, 0, 0, 0, 0, 0, 0, 0, 0, 0, 0, 0, 0, 0, 0, 0]	[0.00022990000434219837, 0.01002590000280179, 0.026457400002982467, 0.04307669999252539, 0.05997509999724571, 0.07668339999509044, 0.09335579999606125, 0.10996839999279473, 0.1267426999984309, 0.14346219999424648, 0.15997670000069775, 0.17654159999801777, 0.19333739999274258, 0.209954399993876, 0.2264967999944929, 0.24329939999734052, 0.25992529999348335, 0.27662629999394994, 0.2932652000017697, 0.31003860000055283, 0.32629610000003595, 0.3435449999960838, 0.3597326000017347, 0.37705650000134483, 0.393593000000692, 0.40987350000068545, 0.4264201000041794, 0.4430782999988878, 0.4598319999931846, 0.4771139999938896]	210.0	309.0	0.5	9b
350	10	go_nogo	0	60	8	go	click	[78.0, 78.0, 124.0, 169.0, 200.0, 216.0, 224.0, 229.0, 232.0, 232.0, 232.0, 232.0, 233.0, 233.0, 233.0, 233.0, 232.0, 231.0, 229.0, 228.0, 228.0, 228.0, 228.0, 228.0]	[-249.0, -249.0, -144.0, -43.0, 52.0, 128.0, 189.0, 225.0, 246.0, 257.0, 264.0, 272.0, 281.0, 292.0, 295.0, 297.0, 297.0, 298.0, 299.0, 300.0, 301.0, 301.0, 301.0, 301.0]	[0, 0, 0, 0, 0, 0, 0, 0, 0, 0, 0, 0, 0, 0, 0, 0, 0, 0, 0, 0, 0, 0, 0, 1]	[0, 0, 0, 0, 0, 0, 0, 0, 0, 0, 0, 0, 0, 0, 0, 0, 0, 0, 0, 0, 0, 0, 0, 0]	[0, 0, 0, 0, 0, 0, 0, 0, 0, 0, 0, 0, 0, 0, 0, 0, 0, 0, 0, 0, 0, 0, 0, 0]	[0.0003169999981764704, 0.008742899997741915, 0.02551169999060221, 0.04253539998899214, 0.05866129999049008, 0.07564759999513626, 0.09203499999421183, 0.1087136999994982, 0.12523819999478292, 0.14202790000126697, 0.1587151999992784, 0.1753762000007555, 0.19266119999520015, 0.2088816999894334, 0.22547499999927823, 0.2422087000013562, 0.2588202999904752, 0.27584779998869635, 0.2933698999986518, 0.3086489999986952, 0.3253816999931587, 0.3419615999882808, 0.3586977999948431, 0.37548589998914395]	228.0	301.0	0.5	9b
351	10	go_nogo	0	60	3	go	click	[57.0, 57.0, 84.0, 105.0, 112.0, 120.0, 125.0, 132.0, 142.0, 146.0, 149.0, 151.0, 155.0, 158.0, 159.0, 159.0, 159.0, 159.0, 159.0, 159.0, 159.0, 159.0, 159.0, 159.0, 159.0, 159.0, 159.0, 159.0, 159.0, 159.0, 159.0]	[-247.0, -247.0, -161.0, -84.0, -27.0, 30.0, 79.0, 120.0, 155.0, 182.0, 204.0, 223.0, 254.0, 267.0, 268.0, 269.0, 269.0, 269.0, 269.0, 269.0, 269.0, 269.0, 269.0, 269.0, 269.0, 269.0, 269.0, 269.0, 269.0, 269.0, 269.0]	[0, 0, 0, 0, 0, 0, 0, 0, 0, 0, 0, 0, 0, 0, 0, 0, 0, 0, 0, 0, 0, 0, 0, 0, 0, 0, 0, 0, 0, 0, 1]	[0, 0, 0, 0, 0, 0, 0, 0, 0, 0, 0, 0, 0, 0, 0, 0, 0, 0, 0, 0, 0, 0, 0, 0, 0, 0, 0, 0, 0, 0, 0]	[0, 0, 0, 0, 0, 0, 0, 0, 0, 0, 0, 0, 0, 0, 0, 0, 0, 0, 0, 0, 0, 0, 0, 0, 0, 0, 0, 0, 0, 0, 0]	[0.0001990000018849969, 0.010489399996004067, 0.02748230000725016, 0.04429380000510719, 0.06024900000193156, 0.07725930000015069, 0.09360439999727532, 0.110282499997993, 0.1271571999968728, 0.14377490000333637, 0.1605738000071142, 0.17702920000010636, 0.19367390000843443, 0.21084120000887197, 0.22711160000471864, 0.24346620000142138, 0.2604665999970166, 0.2770029999956023, 0.29375930000969674, 0.3103430000046501, 0.3269931999966502, 0.3442423000087729, 0.36014600000635255, 0.37709840000024997, 0.39364280000154395, 0.410350300007849, 0.4270344999968074, 0.4436292000027606, 0.46072850000928156, 0.4768584999983432, 0.4939693000051193]	159.0	269.0	1.0	9b
352	10	go_nogo	0	60	7	go	click	[85.0, 85.0, 107.0, 148.0, 188.0, 217.0, 224.0, 227.0, 227.0, 229.0, 232.0, 235.0, 235.0, 236.0, 236.0, 236.0, 236.0, 236.0, 236.0, 236.0, 236.0, 236.0, 236.0, 236.0]	[-195.0, -195.0, -141.0, -22.0, 78.0, 176.0, 213.0, 233.0, 248.0, 261.0, 278.0, 291.0, 300.0, 304.0, 304.0, 304.0, 304.0, 308.0, 312.0, 315.0, 316.0, 316.0, 316.0, 316.0]	[0, 0, 0, 0, 0, 0, 0, 0, 0, 0, 0, 0, 0, 0, 0, 0, 0, 0, 0, 0, 0, 0, 0, 1]	[0, 0, 0, 0, 0, 0, 0, 0, 0, 0, 0, 0, 0, 0, 0, 0, 0, 0, 0, 0, 0, 0, 0, 0]	[0, 0, 0, 0, 0, 0, 0, 0, 0, 0, 0, 0, 0, 0, 0, 0, 0, 0, 0, 0, 0, 0, 0, 0]	[0.0002305000089108944, 0.01186260000395123, 0.028724800009513274, 0.0449945000000298, 0.06184450000000652, 0.07882040001277346, 0.09491710001020692, 0.11149670000304468, 0.128243700004532, 0.14520680000714492, 0.16163710001274012, 0.17829270000220276, 0.19501690000470262, 0.2116002000111621, 0.22821920001297258, 0.2448556000017561, 0.26167060001171194, 0.2783507000131067, 0.2949791999999434, 0.3116531000123359, 0.3281437000114238, 0.34468990001187194, 0.36138680001022294, 0.37839090000488795]	236.0	316.0	0.8	9b
353	10	go_nogo	0	60	3	go	click	[41.0, 41.0, 53.0, 74.0, 94.0, 127.0, 140.0, 150.0, 161.0, 173.0, 182.0, 189.0, 193.0, 195.0, 196.0, 196.0, 196.0, 198.0, 200.0, 202.0, 203.0, 204.0, 204.0, 204.0, 204.0]	[-228.0, -228.0, -191.0, -114.0, -40.0, 70.0, 119.0, 156.0, 187.0, 214.0, 234.0, 249.0, 265.0, 271.0, 274.0, 274.0, 274.0, 277.0, 285.0, 291.0, 297.0, 298.0, 298.0, 298.0, 298.0]	[0, 0, 0, 0, 0, 0, 0, 0, 0, 0, 0, 0, 0, 0, 0, 0, 0, 0, 0, 0, 0, 0, 0, 0, 1]	[0, 0, 0, 0, 0, 0, 0, 0, 0, 0, 0, 0, 0, 0, 0, 0, 0, 0, 0, 0, 0, 0, 0, 0, 0]	[0, 0, 0, 0, 0, 0, 0, 0, 0, 0, 0, 0, 0, 0, 0, 0, 0, 0, 0, 0, 0, 0, 0, 0, 0]	[0.00022390000231098384, 0.012028099998133257, 0.028633900001295842, 0.04534139999304898, 0.0620545999991009, 0.0787850999913644, 0.09545769999385811, 0.11214440000185277, 0.12901239999337122, 0.1455597000021953, 0.16217239999969024, 0.1789271000016015, 0.19568629999412224, 0.21231479999551084, 0.22864950000075623, 0.2452488999988418, 0.26231239999469835, 0.2789565999992192, 0.29563259999849834, 0.31201559999317396, 0.3294654999917839, 0.34527959999104496, 0.3616975999902934, 0.3784678999945754, 0.39552949999051634]	204.0	298.0	0.8	9b
354	10	go_nogo	0	60	6	go	click	[74.0, 74.0, 98.0, 129.0, 160.0, 181.0, 196.0, 206.0, 215.0, 221.0, 227.0, 233.0, 235.0, 236.0, 236.0, 236.0, 236.0, 236.0, 236.0, 236.0, 236.0, 236.0]	[-208.0, -208.0, -130.0, -36.0, 67.0, 144.0, 190.0, 221.0, 242.0, 263.0, 283.0, 298.0, 307.0, 310.0, 311.0, 311.0, 311.0, 311.0, 311.0, 311.0, 311.0, 311.0]	[0, 0, 0, 0, 0, 0, 0, 0, 0, 0, 0, 0, 0, 0, 0, 0, 0, 0, 0, 0, 0, 1]	[0, 0, 0, 0, 0, 0, 0, 0, 0, 0, 0, 0, 0, 0, 0, 0, 0, 0, 0, 0, 0, 0]	[0, 0, 0, 0, 0, 0, 0, 0, 0, 0, 0, 0, 0, 0, 0, 0, 0, 0, 0, 0, 0, 0]	[0.00020979999681003392, 0.011770400000386871, 0.028463700000429526, 0.04492040000332054, 0.0613286000007065, 0.07806349999736995, 0.09465959999943152, 0.11162290000356734, 0.12817270000232384, 0.14511979999952018, 0.16156379999301862, 0.17819959999178536, 0.1947496999928262, 0.2113585999904899, 0.22791819999110885, 0.2445988999970723, 0.2614266000018688, 0.27795299999706913, 0.29462279999279417, 0.3113234999909764, 0.32797060000302736, 0.34496619999117684]	236.0	311.0	1.0	9b
355	10	go_nogo	0	60	7	go	click	[18.0, 18.0, 23.0, 35.0, 54.0, 73.0, 91.0, 103.0, 113.0, 119.0, 123.0, 129.0, 133.0, 135.0, 135.0, 136.0, 137.0, 141.0, 148.0, 160.0, 171.0, 179.0, 182.0, 183.0, 184.0, 185.0, 185.0, 185.0, 185.0]	[-277.0, -277.0, -254.0, -203.0, -104.0, -23.0, 42.0, 83.0, 116.0, 143.0, 163.0, 181.0, 194.0, 202.0, 204.0, 205.0, 208.0, 215.0, 229.0, 247.0, 266.0, 279.0, 284.0, 288.0, 290.0, 291.0, 291.0, 291.0, 291.0]	[0, 0, 0, 0, 0, 0, 0, 0, 0, 0, 0, 0, 0, 0, 0, 0, 0, 0, 0, 0, 0, 0, 0, 0, 0, 0, 0, 0, 1]	[0, 0, 0, 0, 0, 0, 0, 0, 0, 0, 0, 0, 0, 0, 0, 0, 0, 0, 0, 0, 0, 0, 0, 0, 0, 0, 0, 0, 0]	[0, 0, 0, 0, 0, 0, 0, 0, 0, 0, 0, 0, 0, 0, 0, 0, 0, 0, 0, 0, 0, 0, 0, 0, 0, 0, 0, 0, 0]	[0.000258700005360879, 0.010232900007395074, 0.02712900000915397, 0.043684200005372986, 0.060439799999585375, 0.07737199999974109, 0.0935623000113992, 0.11001480001141317, 0.12673210000502877, 0.1436085000023013, 0.16096290000132285, 0.1767963000020245, 0.19355200001155026, 0.21007030000328086, 0.22688539999944624, 0.24344760000531096, 0.2602404000062961, 0.2771499000082258, 0.29358219999994617, 0.3101007000077516, 0.3267647000029683, 0.3434367000008933, 0.36003680000430904, 0.3765397000097437, 0.39371800000662915, 0.41006920000654645, 0.42655640000884887, 0.44335420000425074, 0.4603220999997575]	185.0	291.0	0.9	9b
356	10	go_nogo	0	60	3	go	click	[54.0, 54.0, 69.0, 99.0, 131.0, 156.0, 183.0, 191.0, 199.0, 201.0, 205.0, 209.0, 213.0, 216.0, 217.0, 217.0, 217.0, 217.0, 217.0, 217.0, 217.0, 217.0, 217.0, 217.0]	[-196.0, -196.0, -147.0, -60.0, 28.0, 95.0, 166.0, 195.0, 212.0, 229.0, 242.0, 254.0, 269.0, 278.0, 280.0, 280.0, 280.0, 280.0, 281.0, 285.0, 289.0, 290.0, 290.0, 290.0]	[0, 0, 0, 0, 0, 0, 0, 0, 0, 0, 0, 0, 0, 0, 0, 0, 0, 0, 0, 0, 0, 0, 0, 1]	[0, 0, 0, 0, 0, 0, 0, 0, 0, 0, 0, 0, 0, 0, 0, 0, 0, 0, 0, 0, 0, 0, 0, 0]	[0, 0, 0, 0, 0, 0, 0, 0, 0, 0, 0, 0, 0, 0, 0, 0, 0, 0, 0, 0, 0, 0, 0, 0]	[0.0002519999979995191, 0.012279300004593097, 0.028761800000211224, 0.045317700001760386, 0.062197199993534014, 0.07889699999941513, 0.09548970000469126, 0.1124225999956252, 0.12892350000038277, 0.14556170000287239, 0.16246330000285525, 0.17897769999399316, 0.19550899999740068, 0.21227819999330677, 0.22873190000245813, 0.2455035000020871, 0.2623113000008743, 0.27885849999438506, 0.2956084000034025, 0.31232689999160357, 0.3287218000041321, 0.3452003999991575, 0.3619097999908263, 0.3793790999916382]	217.0	290.0	0.6	9b
357	10	go_nogo	0	60	6	go	click	[29.0, 29.0, 38.0, 56.0, 81.0, 106.0, 143.0, 159.0, 167.0, 170.0, 172.0, 173.0, 173.0, 173.0, 173.0, 173.0, 173.0, 173.0, 174.0, 176.0, 177.0, 177.0, 177.0]	[-255.0, -255.0, -223.0, -154.0, -79.0, 7.0, 141.0, 191.0, 221.0, 240.0, 253.0, 261.0, 264.0, 264.0, 264.0, 264.0, 264.0, 265.0, 267.0, 275.0, 276.0, 276.0, 276.0]	[0, 0, 0, 0, 0, 0, 0, 0, 0, 0, 0, 0, 0, 0, 0, 0, 0, 0, 0, 0, 0, 0, 1]	[0, 0, 0, 0, 0, 0, 0, 0, 0, 0, 0, 0, 0, 0, 0, 0, 0, 0, 0, 0, 0, 0, 0]	[0, 0, 0, 0, 0, 0, 0, 0, 0, 0, 0, 0, 0, 0, 0, 0, 0, 0, 0, 0, 0, 0, 0]	[0.00018000000272877514, 0.01263509999262169, 0.027792199995019473, 0.04444099999091122, 0.06125479999172967, 0.07798339999862947, 0.09456379999755882, 0.11123260000022128, 0.1280008000030648, 0.1445730999985244, 0.16113849999965169, 0.17767189998994581, 0.19428309999057092, 0.2109954000043217, 0.22759120000409894, 0.2442443999898387, 0.2612912999902619, 0.27813350000360515, 0.2949112999922363, 0.3115570999943884, 0.32787169999210164, 0.34440999999060296, 0.36136070000065956]	177.0	276.0	0.6	9b
358	10	go_nogo	0	60	4	go	click	[32.0, 32.0, 38.0, 48.0, 70.0, 92.0, 113.0, 130.0, 151.0, 160.0, 163.0, 166.0, 168.0, 169.0, 169.0, 169.0, 169.0, 171.0, 174.0, 179.0, 185.0, 187.0, 188.0, 189.0, 192.0, 193.0, 195.0, 195.0, 195.0, 196.0]	[-276.0, -276.0, -252.0, -193.0, -131.0, -64.0, -5.0, 42.0, 104.0, 127.0, 142.0, 157.0, 167.0, 172.0, 174.0, 174.0, 174.0, 179.0, 188.0, 206.0, 226.0, 233.0, 243.0, 255.0, 264.0, 272.0, 281.0, 285.0, 286.0, 286.0]	[0, 0, 0, 0, 0, 0, 0, 0, 0, 0, 0, 0, 0, 0, 0, 0, 0, 0, 0, 0, 0, 0, 0, 0, 0, 0, 0, 0, 0, 1]	[0, 0, 0, 0, 0, 0, 0, 0, 0, 0, 0, 0, 0, 0, 0, 0, 0, 0, 0, 0, 0, 0, 0, 0, 0, 0, 0, 0, 0, 0]	[0, 0, 0, 0, 0, 0, 0, 0, 0, 0, 0, 0, 0, 0, 0, 0, 0, 0, 0, 0, 0, 0, 0, 0, 0, 0, 0, 0, 0, 0]	[0.0001863000070443377, 0.010632799996528774, 0.027210300002479926, 0.04413439999916591, 0.06088600000657607, 0.07721319999836851, 0.09379149999585934, 0.11042719999386463, 0.1277805999998236, 0.14407690000371076, 0.16047529999923427, 0.17799399999785237, 0.19357129999843892, 0.2103629000048386, 0.22698289999971166, 0.24351850000675768, 0.2603443999978481, 0.27700760000152513, 0.293653999993694, 0.31104479999339674, 0.3271301000058884, 0.34380550000059884, 0.36051579999912065, 0.37711460000718944, 0.3938765000057174, 0.41040849999990314, 0.4271334999939427, 0.4438270999962697, 0.46045840000442695, 0.47720389999449253]	196.0	286.0	0.7	9b
359	10	go_nogo	0	60	8	go	click	[66.0, 66.0, 95.0, 127.0, 158.0, 176.0, 191.0, 201.0, 210.0, 212.0, 214.0, 218.0, 224.0, 228.0, 230.0, 231.0, 231.0, 231.0, 232.0, 232.0, 231.0, 229.0, 227.0, 226.0, 225.0, 224.0, 223.0, 222.0, 221.0, 220.0, 220.0, 220.0]	[-253.0, -253.0, -174.0, -90.0, -14.0, 41.0, 91.0, 123.0, 149.0, 157.0, 165.0, 175.0, 192.0, 207.0, 212.0, 213.0, 216.0, 222.0, 232.0, 244.0, 255.0, 266.0, 271.0, 274.0, 276.0, 278.0, 279.0, 281.0, 284.0, 285.0, 286.0, 286.0]	[0, 0, 0, 0, 0, 0, 0, 0, 0, 0, 0, 0, 0, 0, 0, 0, 0, 0, 0, 0, 0, 0, 0, 0, 0, 0, 0, 0, 0, 0, 0, 1]	[0, 0, 0, 0, 0, 0, 0, 0, 0, 0, 0, 0, 0, 0, 0, 0, 0, 0, 0, 0, 0, 0, 0, 0, 0, 0, 0, 0, 0, 0, 0, 0]	[0, 0, 0, 0, 0, 0, 0, 0, 0, 0, 0, 0, 0, 0, 0, 0, 0, 0, 0, 0, 0, 0, 0, 0, 0, 0, 0, 0, 0, 0, 0, 0]	[0.00010269999620504677, 0.011819999999715947, 0.028443400005926378, 0.045213400007924065, 0.06166340000345372, 0.07827719999477267, 0.09495320000860374, 0.11149949999526143, 0.1287468000082299, 0.14499630000500474, 0.16210940000019036, 0.1786017999984324, 0.19501060000038706, 0.2117534999997588, 0.22823380000772886, 0.24497230000270065, 0.2621126000012737, 0.27825940000184346, 0.29494600000907667, 0.31143660000816453, 0.32812469999771565, 0.34494290000293404, 0.36164129999815486, 0.37816510000266135, 0.3951000000088243, 0.4114685999957146, 0.4282515999948373, 0.44490040000528097, 0.461721600004239, 0.47814249999646563, 0.49455760000273585, 0.5119680000061635]	220.0	286.0	0.6	9b
360	10	go_nogo	0	60	1	nogo	none	[99.0, 99.0, 142.0, 173.0, 203.0, 230.0, 242.0, 247.0, 250.0, 253.0, 253.0, 253.0, 253.0, 250.0, 248.0, 248.0, 246.0, 246.0, 242.0, 232.0, 213.0, 192.0, 174.0, 171.0, 167.0, 167.0, 167.0, 167.0, 168.0, 168.0, 169.0, 169.0, 169.0, 169.0, 169.0, 169.0, 169.0, 169.0, 169.0, 169.0, 169.0, 169.0, 169.0, 169.0, 169.0, 169.0, 169.0, 169.0, 169.0, 169.0, 169.0, 169.0, 169.0, 169.0, 169.0, 169.0, 169.0, 169.0, 169.0, 169.0, 169.0, 169.0, 169.0, 169.0, 169.0, 169.0, 169.0, 169.0, 169.0, 169.0, 169.0, 169.0]	[-167.0, -167.0, -66.0, 32.0, 127.0, 210.0, 265.0, 303.0, 332.0, 345.0, 349.0, 354.0, 365.0, 371.0, 374.0, 375.0, 375.0, 375.0, 375.0, 368.0, 347.0, 323.0, 294.0, 289.0, 280.0, 272.0, 268.0, 264.0, 262.0, 260.0, 259.0, 259.0, 259.0, 259.0, 259.0, 259.0, 259.0, 259.0, 259.0, 259.0, 259.0, 259.0, 259.0, 259.0, 259.0, 259.0, 259.0, 259.0, 259.0, 259.0, 259.0, 259.0, 259.0, 259.0, 259.0, 259.0, 259.0, 259.0, 259.0, 259.0, 259.0, 259.0, 259.0, 259.0, 259.0, 259.0, 259.0, 259.0, 259.0, 259.0, 259.0, 259.0]	[0, 0, 0, 0, 0, 0, 0, 0, 0, 0, 0, 0, 0, 0, 0, 0, 0, 0, 0, 0, 0, 0, 0, 0, 0, 0, 0, 0, 0, 0, 0, 0, 0, 0, 0, 0, 0, 0, 0, 0, 0, 0, 0, 0, 0, 0, 0, 0, 0, 0, 0, 0, 0, 0, 0, 0, 0, 0, 0, 0, 0, 0, 0, 0, 0, 0, 0, 0, 0, 0, 0, 0]	[0, 0, 0, 0, 0, 0, 0, 0, 0, 0, 0, 0, 0, 0, 0, 0, 0, 0, 0, 0, 0, 0, 0, 0, 0, 0, 0, 0, 0, 0, 0, 0, 0, 0, 0, 0, 0, 0, 0, 0, 0, 0, 0, 0, 0, 0, 0, 0, 0, 0, 0, 0, 0, 0, 0, 0, 0, 0, 0, 0, 0, 0, 0, 0, 0, 0, 0, 0, 0, 0, 0, 0]	[0, 0, 0, 0, 0, 0, 0, 0, 0, 0, 0, 0, 0, 0, 0, 0, 0, 0, 0, 0, 0, 0, 0, 0, 0, 0, 0, 0, 0, 0, 0, 0, 0, 0, 0, 0, 0, 0, 0, 0, 0, 0, 0, 0, 0, 0, 0, 0, 0, 0, 0, 0, 0, 0, 0, 0, 0, 0, 0, 0, 0, 0, 0, 0, 0, 0, 0, 0, 0, 0, 0, 0]	[0.00019240000983700156, 0.010038899999926798, 0.02711910000653006, 0.04337820000364445, 0.059810300008393824, 0.0765730999992229, 0.09324670000933111, 0.11014099999738391, 0.12650880000728648, 0.14320640001096763, 0.15985160000855103, 0.17651790000672918, 0.19375140000192914, 0.210178100009216, 0.22656830000050832, 0.24319439999817405, 0.2595374000084121, 0.27633620001142845, 0.2930313000106253, 0.30979820000356995, 0.32667580000997987, 0.3434033000085037, 0.36006030000862665, 0.3763791000092169, 0.3936528000049293, 0.40983620000770316, 0.4269189000042388, 0.44293560000369325, 0.4600273000105517, 0.47679600000265054, 0.49282230000244454, 0.5097595999977784, 0.5262306000076933, 0.5428186000062851, 0.559709400011343, 0.5762314000021433, 0.5928098000003956, 0.6094294000067748, 0.6260871999984374, 0.6430935000098543, 0.6594634000066435, 0.6761898000113433, 0.6930282000103034, 0.7096724000002723, 0.7262942000088515, 0.7430003000044962, 0.7593817000015406, 0.776430400001118, 0.7929039000009652, 0.8094453000085196, 0.8261863000079757, 0.842681399997673, 0.8594043000048259, 0.8762068000069121, 0.8926795000006678, 0.9094653000065591, 0.9261529000068549, 0.942829100007657, 0.9595219000038924, 0.9761733000050299, 0.9926757000066573, 1.009374100001878, 1.025972900009947, 1.0427766000066185, 1.0593955000076676, 1.075825200008694, 1.0925279000075534, 1.1091600000072503, 1.125991900000372, 1.1425172000017483, 1.1593106000073021, 1.1760536000074353]	n/a	n/a	0.9	9b
361	10	go_nogo	0	60	7	go	click	[34.0, 34.0, 46.0, 68.0, 103.0, 131.0, 159.0, 165.0, 169.0, 171.0, 172.0, 174.0, 178.0, 179.0, 180.0, 180.0, 180.0, 180.0, 180.0, 180.0, 180.0, 182.0, 183.0, 183.0, 183.0, 183.0, 183.0]	[-249.0, -249.0, -208.0, -119.0, -13.0, 89.0, 174.0, 199.0, 210.0, 218.0, 222.0, 230.0, 237.0, 241.0, 242.0, 242.0, 242.0, 242.0, 242.0, 242.0, 243.0, 247.0, 251.0, 253.0, 253.0, 253.0, 253.0]	[0, 0, 0, 0, 0, 0, 0, 0, 0, 0, 0, 0, 0, 0, 0, 0, 0, 0, 0, 0, 0, 0, 0, 0, 0, 0, 1]	[0, 0, 0, 0, 0, 0, 0, 0, 0, 0, 0, 0, 0, 0, 0, 0, 0, 0, 0, 0, 0, 0, 0, 0, 0, 0, 0]	[0, 0, 0, 0, 0, 0, 0, 0, 0, 0, 0, 0, 0, 0, 0, 0, 0, 0, 0, 0, 0, 0, 0, 0, 0, 0, 0]	[0.0002628999936860055, 0.009705699994810857, 0.026475099992239848, 0.04317079999600537, 0.05974529999366496, 0.0763405000034254, 0.09331310000561643, 0.11007900000549853, 0.12640880000253674, 0.14402350000455044, 0.15950819999852683, 0.1761112999956822, 0.19286239999928512, 0.20980929999495856, 0.22610139999596868, 0.24285159999271855, 0.2593931000010343, 0.2760068999923533, 0.2929772000061348, 0.3095323000015924, 0.3266695000056643, 0.34314769999764394, 0.35961329999554437, 0.37646529999619815, 0.39271659999212716, 0.40947549999691546, 0.42636480000510346]	183.0	253.0	0.9	9b
362	10	go_nogo	0	60	9	nogo	none	[61.0, 61.0, 74.0, 127.0, 164.0, 187.0, 198.0, 203.0, 204.0, 207.0, 208.0, 209.0, 210.0, 214.0, 215.0, 215.0, 215.0, 215.0, 215.0, 215.0, 215.0, 215.0, 215.0, 215.0, 215.0, 213.0, 212.0, 212.0, 212.0, 212.0, 212.0, 212.0, 212.0, 212.0, 212.0, 212.0, 212.0, 212.0, 212.0, 212.0, 212.0, 212.0, 212.0, 212.0, 212.0, 212.0, 212.0, 212.0, 212.0, 212.0, 212.0, 212.0, 212.0, 212.0, 212.0, 212.0, 211.0, 211.0, 211.0, 211.0, 211.0, 211.0, 211.0, 211.0, 211.0, 211.0, 211.0, 210.0, 200.0, 194.0, 194.0, 194.0, 194.0, 194.0, 194.0, 194.0, 194.0, 194.0, 194.0, 194.0, 194.0, 194.0, 194.0, 194.0, 194.0, 194.0, 194.0, 194.0, 194.0, 194.0, 194.0, 194.0]	[-197.0, -197.0, -148.0, 12.0, 115.0, 216.0, 278.0, 311.0, 331.0, 342.0, 350.0, 356.0, 366.0, 377.0, 378.0, 378.0, 378.0, 378.0, 378.0, 378.0, 378.0, 378.0, 378.0, 377.0, 371.0, 361.0, 353.0, 348.0, 345.0, 342.0, 341.0, 341.0, 341.0, 341.0, 341.0, 341.0, 341.0, 341.0, 341.0, 341.0, 341.0, 341.0, 341.0, 341.0, 341.0, 341.0, 341.0, 341.0, 341.0, 341.0, 341.0, 341.0, 341.0, 341.0, 341.0, 341.0, 343.0, 343.0, 343.0, 343.0, 343.0, 343.0, 343.0, 343.0, 343.0, 343.0, 343.0, 343.0, 345.0, 346.0, 346.0, 346.0, 346.0, 346.0, 346.0, 346.0, 346.0, 346.0, 346.0, 346.0, 346.0, 346.0, 346.0, 346.0, 346.0, 346.0, 346.0, 346.0, 346.0, 346.0, 346.0, 346.0]	[0, 0, 0, 0, 0, 0, 0, 0, 0, 0, 0, 0, 0, 0, 0, 0, 0, 0, 0, 0, 0, 0, 0, 0, 0, 0, 0, 0, 0, 0, 0, 0, 0, 0, 0, 0, 0, 0, 0, 0, 0, 0, 0, 0, 0, 0, 0, 0, 0, 0, 0, 0, 0, 0, 0, 0, 0, 0, 0, 0, 0, 0, 0, 0, 0, 0, 0, 0, 0, 0, 0, 0, 0, 0, 0, 0, 0, 0, 0, 0, 0, 0, 0, 0, 0, 0, 0, 0, 0, 0, 0, 0]	[0, 0, 0, 0, 0, 0, 0, 0, 0, 0, 0, 0, 0, 0, 0, 0, 0, 0, 0, 0, 0, 0, 0, 0, 0, 0, 0, 0, 0, 0, 0, 0, 0, 0, 0, 0, 0, 0, 0, 0, 0, 0, 0, 0, 0, 0, 0, 0, 0, 0, 0, 0, 0, 0, 0, 0, 0, 0, 0, 0, 0, 0, 0, 0, 0, 0, 0, 0, 0, 0, 0, 0, 0, 0, 0, 0, 0, 0, 0, 0, 0, 0, 0, 0, 0, 0, 0, 0, 0, 0, 0, 0]	[0, 0, 0, 0, 0, 0, 0, 0, 0, 0, 0, 0, 0, 0, 0, 0, 0, 0, 0, 0, 0, 0, 0, 0, 0, 0, 0, 0, 0, 0, 0, 0, 0, 0, 0, 0, 0, 0, 0, 0, 0, 0, 0, 0, 0, 0, 0, 0, 0, 0, 0, 0, 0, 0, 0, 0, 0, 0, 0, 0, 0, 0, 0, 0, 0, 0, 0, 0, 0, 0, 0, 0, 0, 0, 0, 0, 0, 0, 0, 0, 0, 0, 0, 0, 0, 0, 0, 0, 0, 0, 0, 0]	[0.00021690000721719116, 0.011761200003093109, 0.0280685000034282, 0.044683800006168894, 0.06177410000236705, 0.0778415000095265, 0.09457250000559725, 0.11133610000251792, 0.12801080000645015, 0.14453560000401922, 0.16137950000120327, 0.17799190001096576, 0.19493000001239125, 0.21127400000113994, 0.2280023000057554, 0.2445711000036681, 0.2610739000083413, 0.27785969999968074, 0.29438500000105705, 0.3112455000082264, 0.3278893000097014, 0.3446907000034116, 0.36135820001072716, 0.37796090000483673, 0.3945141000003787, 0.41109890000370797, 0.42789050001010764, 0.4445012000069255, 0.4612379000027431, 0.4779168000095524, 0.4942279000097187, 0.5110244000097737, 0.5276459000015166, 0.5443559000123059, 0.5612544000032358, 0.5778738000080921, 0.5944518000032986, 0.6109259000077145, 0.6276935000059893, 0.6444191000045976, 0.6613766000082251, 0.6777508000086527, 0.694374600003357, 0.7110985000035726, 0.7277387000067392, 0.7444194999989122, 0.7610076000128174, 0.7778295000025537, 0.7944566000078339, 0.8112193000124535, 0.8278750000026776, 0.8446684000082314, 0.8610219000111101, 0.8775591000012355, 0.8944671000062954, 0.9110887999995612, 0.9274895999988075, 0.9445679000054952, 0.9607595999987097, 0.9777907000097912, 0.9942638000065926, 1.010894899998675, 1.0274744000053033, 1.044220600000699, 1.0608868000126677, 1.0776011000125436, 1.0947974000009708, 1.1110511000006227, 1.1278549999988172, 1.1441515000042273, 1.160887600010028, 1.1776461000117706, 1.1941914000053657, 1.2109421000059228, 1.2274262999999337, 1.244154800006072, 1.261008400004357, 1.2777098000078695, 1.294273899999098, 1.3108739000017522, 1.3275759000098333, 1.344224900007248, 1.360969400004251, 1.3775541000068188, 1.3944724000029964, 1.4111164000059944, 1.4274651000014273, 1.444048900011694, 1.460711200008518, 1.477390900006867, 1.4940484000107972, 1.510506600010558]	n/a	n/a	0.5	9b
363	10	go_nogo	0	60	4	go	click	[78.0, 78.0, 126.0, 169.0, 199.0, 217.0, 231.0, 237.0, 242.0, 245.0, 246.0, 247.0, 247.0, 248.0, 248.0, 248.0, 248.0, 248.0, 248.0, 248.0, 248.0, 247.0, 245.0, 239.0, 232.0, 227.0, 220.0, 218.0, 217.0, 217.0, 217.0, 217.0]	[-218.0, -218.0, -116.0, -15.0, 102.0, 205.0, 284.0, 323.0, 347.0, 364.0, 374.0, 378.0, 381.0, 382.0, 382.0, 382.0, 382.0, 382.0, 382.0, 382.0, 382.0, 382.0, 382.0, 375.0, 363.0, 347.0, 329.0, 321.0, 317.0, 315.0, 315.0, 315.0]	[0, 0, 0, 0, 0, 0, 0, 0, 0, 0, 0, 0, 0, 0, 0, 0, 0, 0, 0, 0, 0, 0, 0, 0, 0, 0, 0, 0, 0, 0, 0, 1]	[0, 0, 0, 0, 0, 0, 0, 0, 0, 0, 0, 0, 0, 0, 0, 0, 0, 0, 0, 0, 0, 0, 0, 0, 0, 0, 0, 0, 0, 0, 0, 0]	[0, 0, 0, 0, 0, 0, 0, 0, 0, 0, 0, 0, 0, 0, 0, 0, 0, 0, 0, 0, 0, 0, 0, 0, 0, 0, 0, 0, 0, 0, 0, 0]	[0.00021500000730156898, 0.011721500006387942, 0.028388799997628666, 0.04526400000031572, 0.0620407999958843, 0.07865680000395514, 0.0952367999998387, 0.11187409999547526, 0.12842140000429936, 0.1450710000062827, 0.1619933000038145, 0.17852159999893047, 0.1956486999988556, 0.21162650000769645, 0.22830400000384543, 0.24482870000065304, 0.2617618000076618, 0.27869800000917166, 0.2949724000063725, 0.3116286000004038, 0.32858119999582414, 0.3451349999959348, 0.36174860000028275, 0.3784614000032889, 0.39522730000317097, 0.41237140000157524, 0.4283562000055099, 0.44492750000790693, 0.46188489999622107, 0.4783616000058828, 0.49488660000497475, 0.51206860000093]	217.0	315.0	0.9	9b
364	10	go_nogo	0	60	6	go	click	[35.0, 35.0, 41.0, 58.0, 73.0, 108.0, 127.0, 144.0, 155.0, 164.0, 172.0, 177.0, 180.0, 181.0, 182.0, 182.0, 182.0, 182.0, 182.0, 182.0, 181.0, 181.0, 181.0, 181.0, 181.0, 181.0, 181.0, 183.0, 184.0, 184.0, 184.0, 184.0, 184.0, 184.0]	[-270.0, -270.0, -252.0, -206.0, -156.0, -77.0, -29.0, 14.0, 53.0, 86.0, 113.0, 132.0, 143.0, 152.0, 157.0, 158.0, 158.0, 158.0, 163.0, 170.0, 180.0, 191.0, 203.0, 216.0, 232.0, 248.0, 263.0, 281.0, 286.0, 287.0, 287.0, 287.0, 287.0, 287.0]	[0, 0, 0, 0, 0, 0, 0, 0, 0, 0, 0, 0, 0, 0, 0, 0, 0, 0, 0, 0, 0, 0, 0, 0, 0, 0, 0, 0, 0, 0, 0, 0, 0, 1]	[0, 0, 0, 0, 0, 0, 0, 0, 0, 0, 0, 0, 0, 0, 0, 0, 0, 0, 0, 0, 0, 0, 0, 0, 0, 0, 0, 0, 0, 0, 0, 0, 0, 0]	[0, 0, 0, 0, 0, 0, 0, 0, 0, 0, 0, 0, 0, 0, 0, 0, 0, 0, 0, 0, 0, 0, 0, 0, 0, 0, 0, 0, 0, 0, 0, 0, 0, 0]	[0.00021489999198820442, 0.011781499997596256, 0.02848470000026282, 0.04504040000028908, 0.06186479999450967, 0.07835709999199025, 0.0951299000007566, 0.11162939999485388, 0.12826889999269042, 0.1449365000007674, 0.16160880000097677, 0.1784960999939358, 0.19529949998832308, 0.21208409999962896, 0.22832669998751953, 0.24473079999734182, 0.26151609999942593, 0.2788395999959903, 0.29519569998956285, 0.3117267999914475, 0.32824229999096133, 0.3448960999958217, 0.3617048999876715, 0.3782434999884572, 0.3948622999887448, 0.41178919999219943, 0.42847089999122545, 0.4450403999944683, 0.4615209999901708, 0.47819669998716563, 0.49483549999422394, 0.5114450999972178, 0.5282800999993924, 0.5449440999946091]	184.0	287.0	0.7	9b
365	10	go_nogo	0	60	8	go	click	[63.0, 63.0, 94.0, 134.0, 178.0, 221.0, 250.0, 262.0, 265.0, 266.0, 266.0, 266.0, 266.0, 266.0, 265.0, 265.0, 264.0, 262.0, 260.0, 258.0, 248.0, 236.0, 222.0, 212.0, 204.0, 204.0, 204.0, 204.0, 204.0]	[-254.0, -254.0, -160.0, -55.0, 57.0, 165.0, 245.0, 282.0, 301.0, 307.0, 309.0, 309.0, 309.0, 311.0, 312.0, 312.0, 312.0, 313.0, 313.0, 313.0, 307.0, 299.0, 291.0, 284.0, 280.0, 279.0, 279.0, 279.0, 279.0]	[0, 0, 0, 0, 0, 0, 0, 0, 0, 0, 0, 0, 0, 0, 0, 0, 0, 0, 0, 0, 0, 0, 0, 0, 0, 0, 0, 0, 1]	[0, 0, 0, 0, 0, 0, 0, 0, 0, 0, 0, 0, 0, 0, 0, 0, 0, 0, 0, 0, 0, 0, 0, 0, 0, 0, 0, 0, 0]	[0, 0, 0, 0, 0, 0, 0, 0, 0, 0, 0, 0, 0, 0, 0, 0, 0, 0, 0, 0, 0, 0, 0, 0, 0, 0, 0, 0, 0]	[0.00022409998928196728, 0.011372199995093979, 0.02792300000146497, 0.044977899990044534, 0.06124199999612756, 0.07795819999591913, 0.09469559999706689, 0.11138419999042526, 0.1279764999926556, 0.14454699998896103, 0.16111789998831227, 0.17768589999468531, 0.1950553999922704, 0.21107379999011755, 0.227713499989477, 0.24454749999858905, 0.2611641999974381, 0.27795279999554623, 0.2945694999943953, 0.31155289999151137, 0.3278513999975985, 0.3445355000003474, 0.3613698999979533, 0.37781219999305904, 0.3944657999963965, 0.410828499996569, 0.42743789999803994, 0.44412220000231173, 0.4613146999909077]	204.0	279.0	0.9	9b
366	10	go_nogo	0	60	1	nogo	none	[22.0, 27.0, 33.0, 48.0, 64.0, 82.0, 108.0, 124.0, 137.0, 148.0, 156.0, 163.0, 169.0, 172.0, 172.0, 172.0, 172.0, 172.0, 172.0, 172.0, 172.0, 173.0, 173.0, 173.0, 173.0, 173.0, 173.0, 173.0, 173.0, 173.0, 173.0, 173.0, 173.0, 173.0, 173.0, 173.0, 173.0, 173.0, 173.0, 173.0, 173.0, 173.0, 173.0, 173.0, 173.0, 173.0, 173.0, 173.0, 173.0, 173.0, 173.0, 173.0, 173.0, 173.0, 173.0, 173.0, 171.0, 170.0, 170.0, 170.0, 170.0, 170.0, 170.0, 170.0, 170.0, 170.0, 170.0]	[-285.0, -250.0, -218.0, -154.0, -101.0, -46.0, 23.0, 63.0, 94.0, 121.0, 144.0, 164.0, 185.0, 198.0, 200.0, 200.0, 200.0, 200.0, 200.0, 200.0, 200.0, 201.0, 207.0, 212.0, 216.0, 216.0, 216.0, 216.0, 216.0, 216.0, 216.0, 216.0, 216.0, 216.0, 216.0, 216.0, 216.0, 216.0, 216.0, 216.0, 216.0, 216.0, 216.0, 216.0, 216.0, 216.0, 216.0, 216.0, 216.0, 216.0, 216.0, 216.0, 216.0, 216.0, 216.0, 216.0, 215.0, 215.0, 215.0, 215.0, 215.0, 215.0, 215.0, 215.0, 215.0, 215.0, 215.0]	[0, 0, 0, 0, 0, 0, 0, 0, 0, 0, 0, 0, 0, 0, 0, 0, 0, 0, 0, 0, 0, 0, 0, 0, 0, 0, 0, 0, 0, 0, 0, 0, 0, 0, 0, 0, 0, 0, 0, 0, 0, 0, 0, 0, 0, 0, 0, 0, 0, 0, 0, 0, 0, 0, 0, 0, 0, 0, 0, 0, 0, 0, 0, 0, 0, 0, 0]	[0, 0, 0, 0, 0, 0, 0, 0, 0, 0, 0, 0, 0, 0, 0, 0, 0, 0, 0, 0, 0, 0, 0, 0, 0, 0, 0, 0, 0, 0, 0, 0, 0, 0, 0, 0, 0, 0, 0, 0, 0, 0, 0, 0, 0, 0, 0, 0, 0, 0, 0, 0, 0, 0, 0, 0, 0, 0, 0, 0, 0, 0, 0, 0, 0, 0, 0]	[0, 0, 0, 0, 0, 0, 0, 0, 0, 0, 0, 0, 0, 0, 0, 0, 0, 0, 0, 0, 0, 0, 0, 0, 0, 0, 0, 0, 0, 0, 0, 0, 0, 0, 0, 0, 0, 0, 0, 0, 0, 0, 0, 0, 0, 0, 0, 0, 0, 0, 0, 0, 0, 0, 0, 0, 0, 0, 0, 0, 0, 0, 0, 0, 0, 0, 0]	[8.55999969644472e-05, 0.012300399990635924, 0.028856299992185086, 0.04549150000093505, 0.06226799999421928, 0.07922580000013113, 0.09587829999509268, 0.11312609999731649, 0.1295811999880243, 0.14590779998979997, 0.1623424999997951, 0.17902759999560658, 0.19554889999562874, 0.21226200000091922, 0.22869459999492392, 0.24546689999988303, 0.26214589999290183, 0.2789096999913454, 0.2955848999990849, 0.31206250000104774, 0.3295209999923827, 0.34554840000055265, 0.3620187999913469, 0.379060399995069, 0.3954321999917738, 0.412083299990627, 0.4287647999881301, 0.44535609999729786, 0.462193200000911, 0.4787208999914583, 0.495469299989054, 0.5121395999885863, 0.5285925999924075, 0.5456470999924932, 0.5620772999973269, 0.5787932999955956, 0.5954018999909749, 0.6120693999982905, 0.6287000999873271, 0.6454101999988779, 0.6619604000006802, 0.6787135999911698, 0.6954124999901978, 0.7123152999993181, 0.7287870000000112, 0.7454890999943018, 0.76191079999262, 0.7787543999875197, 0.7952942999982042, 0.8118666999944253, 0.828628999995999, 0.845263299997896, 0.8618781999975909, 0.8785803999926429, 0.8951704999926733, 0.9118683999986388, 0.9287985999981174, 0.9452457000006689, 0.9619993999949656, 0.9786431999964407, 0.9952361999894492, 1.0117812999960734, 1.0285219999932451, 1.045494099991629, 1.0618532999942545, 1.0785065999953076, 1.0952579000004334]	n/a	n/a	0.9	9b
367	10	go_nogo	0	60	4	go	click	[74.0, 74.0, 136.0, 164.0, 225.0, 252.0, 259.0, 261.0, 260.0, 259.0, 259.0, 259.0, 259.0, 257.0, 256.0, 255.0, 250.0, 242.0, 234.0, 226.0, 220.0, 213.0, 206.0, 204.0, 202.0, 202.0, 202.0]	[-182.0, -182.0, -59.0, 0.0, 173.0, 263.0, 308.0, 331.0, 337.0, 337.0, 338.0, 338.0, 338.0, 338.0, 338.0, 338.0, 338.0, 340.0, 342.0, 342.0, 342.0, 340.0, 334.0, 331.0, 329.0, 329.0, 329.0]	[0, 0, 0, 0, 0, 0, 0, 0, 0, 0, 0, 0, 0, 0, 0, 0, 0, 0, 0, 0, 0, 0, 0, 0, 0, 0, 1]	[0, 0, 0, 0, 0, 0, 0, 0, 0, 0, 0, 0, 0, 0, 0, 0, 0, 0, 0, 0, 0, 0, 0, 0, 0, 0, 0]	[0, 0, 0, 0, 0, 0, 0, 0, 0, 0, 0, 0, 0, 0, 0, 0, 0, 0, 0, 0, 0, 0, 0, 0, 0, 0, 0]	[0.00023669999791309237, 0.012047099997289479, 0.028278999991016462, 0.04551359999459237, 0.06195159998605959, 0.0783474999916507, 0.09512119999271818, 0.11177729998598807, 0.12868269998580217, 0.14516779998666607, 0.16167429999040905, 0.17829189999611117, 0.1951672999857692, 0.21176599999307655, 0.2285525999905076, 0.2455399999889778, 0.26207139999314677, 0.2786700999859022, 0.29507229999580886, 0.31167339999228716, 0.32837829999334645, 0.3452205999928992, 0.36177129999850877, 0.3782758999877842, 0.3949512999970466, 0.41143219999503344, 0.4286590999981854]	202.0	329.0	1.0	9b
368	10	go_nogo	0	60	4	go	click	[19.0, 19.0, 33.0, 40.0, 57.0, 74.0, 85.0, 91.0, 97.0, 102.0, 106.0, 111.0, 118.0, 123.0, 123.0, 123.0, 123.0, 123.0, 123.0, 123.0, 124.0, 125.0, 128.0, 132.0, 147.0, 169.0, 191.0, 195.0, 196.0, 196.0, 196.0, 196.0]	[-195.0, -195.0, -109.0, -73.0, -1.0, 49.0, 94.0, 126.0, 151.0, 166.0, 178.0, 193.0, 211.0, 223.0, 223.0, 223.0, 223.0, 223.0, 223.0, 223.0, 224.0, 228.0, 232.0, 238.0, 258.0, 282.0, 309.0, 317.0, 317.0, 317.0, 317.0, 317.0]	[0, 0, 0, 0, 0, 0, 0, 0, 0, 0, 0, 0, 0, 0, 0, 0, 0, 0, 0, 0, 0, 0, 0, 0, 0, 0, 0, 0, 0, 0, 0, 1]	[0, 0, 0, 0, 0, 0, 0, 0, 0, 0, 0, 0, 0, 0, 0, 0, 0, 0, 0, 0, 0, 0, 0, 0, 0, 0, 0, 0, 0, 0, 0, 0]	[0, 0, 0, 0, 0, 0, 0, 0, 0, 0, 0, 0, 0, 0, 0, 0, 0, 0, 0, 0, 0, 0, 0, 0, 0, 0, 0, 0, 0, 0, 0, 0]	[0.00029850000282749534, 0.01262930000666529, 0.02902120001090225, 0.04607419999956619, 0.063274400003138, 0.07952970000042114, 0.09604050000780262, 0.11272859999735374, 0.1294523999968078, 0.14589970000088215, 0.16266719999839552, 0.1789859999989858, 0.1957745999970939, 0.2122864999982994, 0.22895250000874512, 0.2456265000073472, 0.2622867000027327, 0.27893140001106076, 0.29574100000900216, 0.3125698000076227, 0.3291040000040084, 0.3458658000017749, 0.3625453999993624, 0.3791537000070093, 0.3957628000061959, 0.41270490000897553, 0.42919690000417177, 0.4456516000063857, 0.46231360000092536, 0.4789623000106076, 0.49559820001013577, 0.5127273999969475]	196.0	317.0	0.7	9b
369	10	go_nogo	0	60	9	nogo	none	[37.0, 37.0, 46.0, 65.0, 87.0, 115.0, 134.0, 145.0, 151.0, 159.0, 163.0, 167.0, 172.0, 174.0, 175.0, 176.0, 176.0, 176.0, 176.0, 176.0, 176.0, 177.0, 177.0, 177.0, 177.0, 177.0, 177.0, 177.0, 177.0, 177.0, 177.0, 177.0, 177.0, 177.0, 177.0, 177.0, 177.0, 177.0, 177.0, 177.0, 177.0, 177.0, 177.0, 177.0, 177.0, 177.0, 177.0, 177.0, 177.0, 177.0, 177.0, 177.0, 177.0, 177.0, 177.0, 177.0, 177.0, 177.0]	[-247.0, -247.0, -174.0, -86.0, 3.0, 97.0, 173.0, 221.0, 248.0, 270.0, 281.0, 294.0, 308.0, 317.0, 320.0, 321.0, 321.0, 321.0, 321.0, 321.0, 321.0, 321.0, 322.0, 322.0, 322.0, 322.0, 322.0, 322.0, 322.0, 322.0, 322.0, 322.0, 322.0, 322.0, 322.0, 322.0, 322.0, 322.0, 322.0, 322.0, 322.0, 322.0, 322.0, 322.0, 322.0, 322.0, 322.0, 322.0, 322.0, 322.0, 322.0, 322.0, 322.0, 322.0, 322.0, 322.0, 322.0, 322.0]	[0, 0, 0, 0, 0, 0, 0, 0, 0, 0, 0, 0, 0, 0, 0, 0, 0, 0, 0, 0, 0, 0, 0, 0, 0, 0, 0, 0, 0, 0, 0, 0, 0, 0, 0, 0, 0, 0, 0, 0, 0, 0, 0, 0, 0, 0, 0, 0, 0, 0, 0, 0, 0, 0, 0, 0, 0, 0]	[0, 0, 0, 0, 0, 0, 0, 0, 0, 0, 0, 0, 0, 0, 0, 0, 0, 0, 0, 0, 0, 0, 0, 0, 0, 0, 0, 0, 0, 0, 0, 0, 0, 0, 0, 0, 0, 0, 0, 0, 0, 0, 0, 0, 0, 0, 0, 0, 0, 0, 0, 0, 0, 0, 0, 0, 0, 0]	[0, 0, 0, 0, 0, 0, 0, 0, 0, 0, 0, 0, 0, 0, 0, 0, 0, 0, 0, 0, 0, 0, 0, 0, 0, 0, 0, 0, 0, 0, 0, 0, 0, 0, 0, 0, 0, 0, 0, 0, 0, 0, 0, 0, 0, 0, 0, 0, 0, 0, 0, 0, 0, 0, 0, 0, 0, 0]	[0.0002023999986704439, 0.010685899993404746, 0.027563900002860464, 0.044323800000711344, 0.060859299992443994, 0.07718510000267997, 0.0936987000022782, 0.11057970000547357, 0.12707790000422392, 0.14393459999701008, 0.16076509999402333, 0.1770228999957908, 0.1939109999948414, 0.210529799995129, 0.2272607000049902, 0.24358660000143573, 0.26035549999505747, 0.27681270000175573, 0.2934233999985736, 0.3103479999990668, 0.32735829999728594, 0.34380370000144467, 0.3603103000059491, 0.3769391999958316, 0.3936549000063678, 0.41036159999202937, 0.426791999998386, 0.4434652000054484, 0.4601544000033755, 0.47708300000522286, 0.4936549999983981, 0.5102533000026597, 0.5269886000023689, 0.5438092999975197, 0.5601524999947287, 0.5767919999925653, 0.593425400002161, 0.6101257999980589, 0.626662499998929, 0.6433376999921165, 0.6600370999949519, 0.6767030000046361, 0.6940885999938473, 0.7101323999959277, 0.72680269999546, 0.7434100999962538, 0.7600187000061851, 0.7768324000062421, 0.7934168000065256, 0.8100388000020757, 0.826727599996957, 0.8434181000047829, 0.8600562000065111, 0.877108100001351, 0.8934682999970391, 0.9101184000028297, 0.9266975999926217, 0.9433996000007028]	n/a	n/a	0.8	9b
370	10	go_nogo	0	60	7	go	click	[53.0, 53.0, 66.0, 94.0, 136.0, 191.0, 234.0, 249.0, 255.0, 258.0, 259.0, 260.0, 260.0, 260.0, 260.0, 260.0, 259.0, 258.0, 257.0, 254.0, 251.0, 247.0, 243.0, 241.0, 237.0, 235.0, 233.0, 233.0, 233.0]	[-266.0, -266.0, -201.0, -107.0, 16.0, 149.0, 254.0, 300.0, 319.0, 329.0, 334.0, 339.0, 343.0, 345.0, 346.0, 347.0, 347.0, 347.0, 347.0, 347.0, 346.0, 342.0, 338.0, 332.0, 329.0, 325.0, 322.0, 321.0, 321.0]	[0, 0, 0, 0, 0, 0, 0, 0, 0, 0, 0, 0, 0, 0, 0, 0, 0, 0, 0, 0, 0, 0, 0, 0, 0, 0, 0, 0, 1]	[0, 0, 0, 0, 0, 0, 0, 0, 0, 0, 0, 0, 0, 0, 0, 0, 0, 0, 0, 0, 0, 0, 0, 0, 0, 0, 0, 0, 0]	[0, 0, 0, 0, 0, 0, 0, 0, 0, 0, 0, 0, 0, 0, 0, 0, 0, 0, 0, 0, 0, 0, 0, 0, 0, 0, 0, 0, 0]	[0.0003256999916629866, 0.011469999997643754, 0.027665999994496815, 0.04417349999130238, 0.06081909999193158, 0.07742679999500979, 0.09418239998922218, 0.11101169999164995, 0.12755199999082834, 0.14408239998738281, 0.16079249999893364, 0.17772559999139048, 0.1941266999929212, 0.2109510999871418, 0.22765339999750722, 0.2443860999919707, 0.2610133999987738, 0.2774625999882119, 0.2941852999938419, 0.31070119999640156, 0.32736079998721834, 0.34395589999621734, 0.36072509999212343, 0.37747229999513365, 0.39428129998850636, 0.41156629999750294, 0.42738809999718796, 0.44383979999111034, 0.4609617999958573]	233.0	321.0	0.8	9b
371	10	go_nogo	0	60	1	nogo	none	[58.0, 58.0, 83.0, 116.0, 159.0, 194.0, 209.0, 219.0, 226.0, 229.0, 232.0, 233.0, 235.0, 235.0, 235.0, 235.0, 235.0, 235.0, 235.0, 235.0, 235.0, 232.0, 230.0, 227.0, 227.0, 226.0, 226.0, 226.0, 226.0, 226.0, 226.0, 226.0, 226.0, 226.0, 226.0, 226.0, 226.0, 226.0, 226.0, 226.0, 226.0, 226.0, 226.0, 226.0, 226.0, 226.0, 226.0, 226.0, 226.0, 226.0, 226.0, 226.0, 226.0, 226.0, 226.0, 226.0, 226.0, 226.0, 226.0, 226.0, 226.0, 227.0, 228.0, 229.0, 229.0, 223.0, 209.0, 204.0, 204.0, 204.0, 204.0, 204.0, 204.0, 204.0, 204.0, 204.0, 204.0, 204.0, 204.0, 204.0, 204.0, 204.0, 204.0, 204.0, 204.0, 204.0, 204.0, 204.0, 204.0, 204.0, 204.0, 204.0]	[-242.0, -242.0, -171.0, -80.0, 21.0, 106.0, 155.0, 186.0, 206.0, 219.0, 227.0, 233.0, 238.0, 244.0, 248.0, 249.0, 249.0, 249.0, 249.0, 250.0, 252.0, 257.0, 264.0, 271.0, 272.0, 274.0, 274.0, 274.0, 274.0, 274.0, 274.0, 274.0, 274.0, 274.0, 274.0, 274.0, 274.0, 274.0, 274.0, 274.0, 274.0, 274.0, 274.0, 274.0, 274.0, 274.0, 274.0, 274.0, 274.0, 274.0, 274.0, 274.0, 274.0, 274.0, 274.0, 274.0, 274.0, 274.0, 274.0, 274.0, 274.0, 274.0, 274.0, 274.0, 273.0, 270.0, 269.0, 269.0, 269.0, 269.0, 269.0, 269.0, 269.0, 269.0, 269.0, 269.0, 269.0, 269.0, 269.0, 269.0, 269.0, 269.0, 269.0, 269.0, 269.0, 269.0, 269.0, 269.0, 269.0, 269.0, 269.0, 269.0]	[0, 0, 0, 0, 0, 0, 0, 0, 0, 0, 0, 0, 0, 0, 0, 0, 0, 0, 0, 0, 0, 0, 0, 0, 0, 0, 0, 0, 0, 0, 0, 0, 0, 0, 0, 0, 0, 0, 0, 0, 0, 0, 0, 0, 0, 0, 0, 0, 0, 0, 0, 0, 0, 0, 0, 0, 0, 0, 0, 0, 0, 0, 0, 0, 0, 0, 0, 0, 0, 0, 0, 0, 0, 0, 0, 0, 0, 0, 0, 0, 0, 0, 0, 0, 0, 0, 0, 0, 0, 0, 0, 0]	[0, 0, 0, 0, 0, 0, 0, 0, 0, 0, 0, 0, 0, 0, 0, 0, 0, 0, 0, 0, 0, 0, 0, 0, 0, 0, 0, 0, 0, 0, 0, 0, 0, 0, 0, 0, 0, 0, 0, 0, 0, 0, 0, 0, 0, 0, 0, 0, 0, 0, 0, 0, 0, 0, 0, 0, 0, 0, 0, 0, 0, 0, 0, 0, 0, 0, 0, 0, 0, 0, 0, 0, 0, 0, 0, 0, 0, 0, 0, 0, 0, 0, 0, 0, 0, 0, 0, 0, 0, 0, 0, 0]	[0, 0, 0, 0, 0, 0, 0, 0, 0, 0, 0, 0, 0, 0, 0, 0, 0, 0, 0, 0, 0, 0, 0, 0, 0, 0, 0, 0, 0, 0, 0, 0, 0, 0, 0, 0, 0, 0, 0, 0, 0, 0, 0, 0, 0, 0, 0, 0, 0, 0, 0, 0, 0, 0, 0, 0, 0, 0, 0, 0, 0, 0, 0, 0, 0, 0, 0, 0, 0, 0, 0, 0, 0, 0, 0, 0, 0, 0, 0, 0, 0, 0, 0, 0, 0, 0, 0, 0, 0, 0, 0, 0]	[0.00021180001203902066, 0.01043210001080297, 0.02757940000446979, 0.043888100000913255, 0.06034890000591986, 0.07709479999903124, 0.09387789999891538, 0.1105394000041997, 0.12742460001027212, 0.14373820000037085, 0.16054260000237264, 0.17680030000337865, 0.19342450000112876, 0.21045220000087284, 0.2271589000010863, 0.2435762000095565, 0.26019140001153573, 0.27689780000946485, 0.29349540000839625, 0.31008660000225063, 0.326857200008817, 0.34340090000478085, 0.3625293000077363, 0.37723470000491943, 0.39354390000517014, 0.4104304000065895, 0.4269005000096513, 0.44352810000418685, 0.4601454000076046, 0.4766459000093164, 0.4931505999993533, 0.5098803000000771, 0.5267582000087714, 0.5433218000107445, 0.559842300004675, 0.5767464000091422, 0.5933624000026612, 0.6100049000087893, 0.6266724000015529, 0.6431294000067282, 0.6599752000038279, 0.6766587000020081, 0.6933753000048455, 0.7099859000009019, 0.7264998000027845, 0.7430954000010388, 0.7597704000072554, 0.7765729000093415, 0.7931306000100449, 0.8097323000110919, 0.8264316999993753, 0.8429830000095535, 0.8596508000046015, 0.8765174000000115, 0.8932713000103831, 0.9097604999988107, 0.9263418000045931, 0.94334370001161, 0.9597117000084836, 0.9765093000023626, 0.9933842000027653, 1.0097931000054814, 1.0266628000099445, 1.0432731000037165, 1.060719400004018, 1.076532600010978, 1.093212300009327, 1.1094709000026342, 1.1264442000101553, 1.142910499998834, 1.159853800010751, 1.1763132000050973, 1.1930363999999827, 1.2097224000026472, 1.226453399998718, 1.2432068000052823, 1.2597702000057325, 1.2763775000057649, 1.2930024000088451, 1.3098764000023948, 1.3265450000035344, 1.343212100007804, 1.3597106000088388, 1.3762109000090277, 1.3930325000110315, 1.409599899998284, 1.426452200001222, 1.4428937000047881, 1.4597355000005336, 1.476370100004715, 1.4931196000106866, 1.5096249000052921]	n/a	n/a	0.5	9b
372	10	go_nogo	0	60	8	go	click	[48.0, 60.0, 72.0, 104.0, 133.0, 170.0, 204.0, 226.0, 235.0, 239.0, 240.0, 240.0, 240.0, 240.0, 240.0, 239.0, 239.0, 239.0, 239.0, 238.0, 238.0, 238.0, 238.0, 238.0, 238.0]	[-258.0, -217.0, -173.0, -70.0, 31.0, 135.0, 215.0, 264.0, 293.0, 307.0, 311.0, 312.0, 319.0, 326.0, 334.0, 337.0, 338.0, 339.0, 340.0, 340.0, 341.0, 341.0, 341.0, 341.0, 341.0]	[0, 0, 0, 0, 0, 0, 0, 0, 0, 0, 0, 0, 0, 0, 0, 0, 0, 0, 0, 0, 0, 0, 0, 0, 1]	[0, 0, 0, 0, 0, 0, 0, 0, 0, 0, 0, 0, 0, 0, 0, 0, 0, 0, 0, 0, 0, 0, 0, 0, 0]	[0, 0, 0, 0, 0, 0, 0, 0, 0, 0, 0, 0, 0, 0, 0, 0, 0, 0, 0, 0, 0, 0, 0, 0, 0]	[7.96000094851479e-05, 0.009826300010900013, 0.02651420001348015, 0.04287790000671521, 0.05952880000404548, 0.07621910001034848, 0.092839200005983, 0.10947310000483412, 0.1263259000115795, 0.1427933000086341, 0.15983250000863336, 0.17638100001204293, 0.19332720000238623, 0.2095724000100745, 0.2264743000123417, 0.24303950001194607, 0.259376500005601, 0.27610880001157057, 0.2927736000128789, 0.30940780001401436, 0.32608800000161864, 0.3424399000068661, 0.3593653000134509, 0.376070800004527, 0.39273510000202805]	238.0	341.0	0.9	9b
373	10	go_nogo	0	60	7	go	click	[27.0, 27.0, 36.0, 41.0, 46.0, 54.0, 64.0, 74.0, 84.0, 99.0, 105.0, 113.0, 117.0, 121.0, 121.0, 121.0, 121.0, 122.0, 126.0, 132.0, 137.0, 145.0, 149.0, 157.0, 166.0, 173.0, 175.0, 176.0, 176.0, 176.0, 176.0]	[-251.0, -251.0, -174.0, -111.0, -54.0, 4.0, 62.0, 110.0, 151.0, 204.0, 233.0, 252.0, 267.0, 277.0, 280.0, 280.0, 281.0, 281.0, 284.0, 287.0, 289.0, 291.0, 291.0, 292.0, 292.0, 293.0, 294.0, 294.0, 294.0, 294.0, 294.0]	[0, 0, 0, 0, 0, 0, 0, 0, 0, 0, 0, 0, 0, 0, 0, 0, 0, 0, 0, 0, 0, 0, 0, 0, 0, 0, 0, 0, 0, 0, 1]	[0, 0, 0, 0, 0, 0, 0, 0, 0, 0, 0, 0, 0, 0, 0, 0, 0, 0, 0, 0, 0, 0, 0, 0, 0, 0, 0, 0, 0, 0, 0]	[0, 0, 0, 0, 0, 0, 0, 0, 0, 0, 0, 0, 0, 0, 0, 0, 0, 0, 0, 0, 0, 0, 0, 0, 0, 0, 0, 0, 0, 0, 0]	[0.00011799999629147351, 0.010905500006629154, 0.027401500003179535, 0.04412839999713469, 0.06080700000165962, 0.07754680000653025, 0.09420350000436883, 0.11106759999529459, 0.1276265000051353, 0.1442496000090614, 0.1607510000030743, 0.17759730000398122, 0.19401880000077654, 0.21098070000880398, 0.22753430000739172, 0.24431320000439882, 0.26086389999545645, 0.2775067000038689, 0.29414870000618976, 0.31076439999742433, 0.32789290000800975, 0.3443048000044655, 0.3613928999984637, 0.37795950000872836, 0.39410370000405237, 0.41084900000714697, 0.4274933999986388, 0.44396180000330787, 0.46050719999766443, 0.47727149999991525, 0.49426690000109375]	176.0	294.0	0.8	9b
374	10	go_nogo	0	60	3	go	click	[58.0, 58.0, 89.0, 118.0, 133.0, 142.0, 143.0, 148.0, 150.0, 151.0, 152.0, 152.0, 152.0, 152.0, 152.0, 152.0, 152.0, 152.0, 152.0, 153.0, 155.0, 158.0, 159.0, 160.0, 160.0, 160.0, 160.0]	[-219.0, -219.0, -125.0, -19.0, 79.0, 148.0, 190.0, 219.0, 237.0, 252.0, 261.0, 267.0, 271.0, 271.0, 271.0, 271.0, 271.0, 271.0, 271.0, 272.0, 276.0, 281.0, 286.0, 287.0, 287.0, 287.0, 287.0]	[0, 0, 0, 0, 0, 0, 0, 0, 0, 0, 0, 0, 0, 0, 0, 0, 0, 0, 0, 0, 0, 0, 0, 0, 0, 0, 1]	[0, 0, 0, 0, 0, 0, 0, 0, 0, 0, 0, 0, 0, 0, 0, 0, 0, 0, 0, 0, 0, 0, 0, 0, 0, 0, 0]	[0, 0, 0, 0, 0, 0, 0, 0, 0, 0, 0, 0, 0, 0, 0, 0, 0, 0, 0, 0, 0, 0, 0, 0, 0, 0, 0]	[0.00029799999902024865, 0.011783900001319125, 0.028405699995346367, 0.04499209999630693, 0.06196780000755098, 0.07800710000446998, 0.09449540000059642, 0.1114157999982126, 0.12825160000647884, 0.14478430000599474, 0.16132359999755863, 0.17800240000360645, 0.19454149999364745, 0.21128580000367947, 0.2278673999971943, 0.24453310000535566, 0.2612993000075221, 0.27785790000052657, 0.2947718000068562, 0.3112033000070369, 0.32826579999527894, 0.34488400000554975, 0.36156069999560714, 0.37781259999610484, 0.3945702000055462, 0.41115329999593087, 0.4278753999969922]	160.0	287.0	1.0	9b
375	10	go_nogo	0	60	9	nogo	none	[63.0, 63.0, 73.0, 94.0, 110.0, 119.0, 134.0, 144.0, 152.0, 156.0, 160.0, 164.0, 166.0, 172.0, 179.0, 185.0, 187.0, 190.0, 194.0, 198.0, 204.0, 207.0, 209.0, 210.0, 210.0, 210.0, 210.0, 210.0, 210.0, 210.0, 210.0, 210.0, 210.0, 210.0, 210.0, 210.0, 210.0, 210.0, 210.0, 210.0, 210.0, 210.0, 210.0, 210.0, 210.0, 210.0, 210.0, 210.0, 210.0, 210.0, 210.0, 210.0, 210.0, 210.0, 210.0, 210.0, 210.0, 210.0, 210.0, 210.0, 210.0, 210.0, 210.0, 210.0, 210.0, 210.0]	[-211.0, -211.0, -181.0, -108.0, -50.0, -6.0, 49.0, 81.0, 105.0, 122.0, 135.0, 145.0, 154.0, 171.0, 192.0, 212.0, 221.0, 229.0, 248.0, 267.0, 290.0, 303.0, 311.0, 314.0, 315.0, 315.0, 315.0, 315.0, 315.0, 315.0, 315.0, 315.0, 315.0, 315.0, 315.0, 315.0, 315.0, 315.0, 315.0, 315.0, 315.0, 315.0, 315.0, 315.0, 315.0, 315.0, 315.0, 315.0, 315.0, 315.0, 315.0, 315.0, 315.0, 315.0, 315.0, 315.0, 315.0, 315.0, 315.0, 315.0, 315.0, 315.0, 315.0, 315.0, 315.0, 315.0]	[0, 0, 0, 0, 0, 0, 0, 0, 0, 0, 0, 0, 0, 0, 0, 0, 0, 0, 0, 0, 0, 0, 0, 0, 0, 0, 0, 0, 0, 0, 0, 0, 0, 0, 0, 0, 0, 0, 0, 0, 0, 0, 0, 0, 0, 0, 0, 0, 0, 0, 0, 0, 0, 0, 0, 0, 0, 0, 0, 0, 0, 0, 0, 0, 0, 0]	[0, 0, 0, 0, 0, 0, 0, 0, 0, 0, 0, 0, 0, 0, 0, 0, 0, 0, 0, 0, 0, 0, 0, 0, 0, 0, 0, 0, 0, 0, 0, 0, 0, 0, 0, 0, 0, 0, 0, 0, 0, 0, 0, 0, 0, 0, 0, 0, 0, 0, 0, 0, 0, 0, 0, 0, 0, 0, 0, 0, 0, 0, 0, 0, 0, 0]	[0, 0, 0, 0, 0, 0, 0, 0, 0, 0, 0, 0, 0, 0, 0, 0, 0, 0, 0, 0, 0, 0, 0, 0, 0, 0, 0, 0, 0, 0, 0, 0, 0, 0, 0, 0, 0, 0, 0, 0, 0, 0, 0, 0, 0, 0, 0, 0, 0, 0, 0, 0, 0, 0, 0, 0, 0, 0, 0, 0, 0, 0, 0, 0, 0, 0]	[0.00019999999494757503, 0.010616600004141219, 0.026975100001436658, 0.04366250000020955, 0.060519799997564405, 0.07748410000931472, 0.09367970000312198, 0.11037670000223443, 0.12731949999579228, 0.1438856000022497, 0.16060440000728704, 0.17699100000027101, 0.19358249999640975, 0.2101764999970328, 0.2272162000008393, 0.24374879999959376, 0.2605855000001611, 0.2771633000083966, 0.2938932999968529, 0.310461100001703, 0.3275629999989178, 0.3441552000003867, 0.3603192000009585, 0.3773067000001902, 0.3936604000045918, 0.4102180000045337, 0.42706299999554176, 0.44349760000477545, 0.46010550000937656, 0.47683970000070985, 0.49350260000210255, 0.5100367999984883, 0.5269014000077732, 0.5435659000067972, 0.5601601999951527, 0.5768079999979818, 0.5932882000051904, 0.6100270000024466, 0.626794299998437, 0.6436197000002721, 0.6603117000049679, 0.6770243000064511, 0.6936266999982763, 0.7100625000020955, 0.7267567999952007, 0.7437121999973897, 0.7600910000037402, 0.7767088999971747, 0.793465800001286, 0.8100765999988653, 0.8267533000034746, 0.8434131999965757, 0.8600199000065913, 0.8767254999984289, 0.8933782999956748, 0.9099597000022186, 0.9266720000014175, 0.9434253000072204, 0.9600976000074297, 0.9766172000090592, 0.9932976999989478, 1.0099732999951812, 1.0267401000019163, 1.0436100000079023, 1.0602289999951608, 1.0766223999962676]	n/a	n/a	0.5	9b
376	10	go_nogo	0	60	6	go	click	[36.0, 36.0, 51.0, 66.0, 80.0, 94.0, 110.0, 123.0, 134.0, 137.0, 144.0, 148.0, 154.0, 159.0, 160.0, 160.0, 160.0, 160.0, 160.0, 160.0, 160.0, 160.0, 160.0, 160.0, 160.0, 160.0, 160.0]	[-230.0, -230.0, -139.0, -45.0, 38.0, 113.0, 174.0, 215.0, 253.0, 261.0, 281.0, 297.0, 314.0, 326.0, 330.0, 331.0, 331.0, 331.0, 331.0, 331.0, 331.0, 331.0, 331.0, 331.0, 331.0, 331.0, 331.0]	[0, 0, 0, 0, 0, 0, 0, 0, 0, 0, 0, 0, 0, 0, 0, 0, 0, 0, 0, 0, 0, 0, 0, 0, 0, 0, 1]	[0, 0, 0, 0, 0, 0, 0, 0, 0, 0, 0, 0, 0, 0, 0, 0, 0, 0, 0, 0, 0, 0, 0, 0, 0, 0, 0]	[0, 0, 0, 0, 0, 0, 0, 0, 0, 0, 0, 0, 0, 0, 0, 0, 0, 0, 0, 0, 0, 0, 0, 0, 0, 0, 0]	[0.00010030000703409314, 0.011683000004268251, 0.027870000005350448, 0.044848400008049794, 0.061177800002042204, 0.07799450001039077, 0.09503240000049118, 0.11129400000208989, 0.12789190000330564, 0.14499530001194216, 0.16151380000519566, 0.178040200000396, 0.19495129999995697, 0.2114655000041239, 0.228398900013417, 0.24451470001076814, 0.26163130000350066, 0.27786150001338683, 0.2944458000129089, 0.31123190000653267, 0.3280389000137802, 0.34441080001124647, 0.36111800000071526, 0.37785890001396183, 0.3945914000069024, 0.4112518000038108, 0.42816290000337176]	160.0	331.0	0.9	9b
377	10	go_nogo	0	60	1	nogo	none	[27.0, 27.0, 41.0, 57.0, 81.0, 104.0, 123.0, 143.0, 157.0, 170.0, 177.0, 181.0, 185.0, 186.0, 187.0, 187.0, 187.0, 187.0, 187.0, 187.0, 187.0, 187.0, 187.0, 187.0, 187.0, 187.0, 187.0, 187.0, 187.0, 187.0, 187.0, 187.0, 187.0, 187.0, 187.0, 187.0, 187.0, 187.0, 187.0, 187.0, 187.0, 187.0, 187.0, 187.0, 187.0, 187.0, 187.0, 187.0, 187.0, 187.0, 187.0, 187.0, 187.0, 187.0, 187.0, 187.0, 187.0]	[-294.0, -294.0, -236.0, -164.0, -79.0, -5.0, 72.0, 141.0, 194.0, 254.0, 281.0, 300.0, 313.0, 322.0, 326.0, 326.0, 326.0, 326.0, 326.0, 326.0, 326.0, 326.0, 326.0, 326.0, 326.0, 326.0, 326.0, 326.0, 326.0, 326.0, 326.0, 326.0, 326.0, 326.0, 326.0, 326.0, 326.0, 326.0, 326.0, 326.0, 326.0, 326.0, 326.0, 326.0, 326.0, 326.0, 326.0, 326.0, 326.0, 326.0, 326.0, 326.0, 326.0, 326.0, 326.0, 326.0, 326.0]	[0, 0, 0, 0, 0, 0, 0, 0, 0, 0, 0, 0, 0, 0, 0, 0, 0, 0, 0, 0, 0, 0, 0, 0, 0, 0, 0, 0, 0, 0, 0, 0, 0, 0, 0, 0, 0, 0, 0, 0, 0, 0, 0, 0, 0, 0, 0, 0, 0, 0, 0, 0, 0, 0, 0, 0, 0]	[0, 0, 0, 0, 0, 0, 0, 0, 0, 0, 0, 0, 0, 0, 0, 0, 0, 0, 0, 0, 0, 0, 0, 0, 0, 0, 0, 0, 0, 0, 0, 0, 0, 0, 0, 0, 0, 0, 0, 0, 0, 0, 0, 0, 0, 0, 0, 0, 0, 0, 0, 0, 0, 0, 0, 0, 0]	[0, 0, 0, 0, 0, 0, 0, 0, 0, 0, 0, 0, 0, 0, 0, 0, 0, 0, 0, 0, 0, 0, 0, 0, 0, 0, 0, 0, 0, 0, 0, 0, 0, 0, 0, 0, 0, 0, 0, 0, 0, 0, 0, 0, 0, 0, 0, 0, 0, 0, 0, 0, 0, 0, 0, 0, 0]	[0.00010750000365078449, 0.011047600011806935, 0.027390800009015948, 0.04413090000161901, 0.06085470000107307, 0.07765200000721961, 0.09446880000177771, 0.11079200000676792, 0.12780519999796525, 0.1442825999984052, 0.16100240001105703, 0.17747210001107305, 0.19416340001043864, 0.2109484000102384, 0.2275724000064656, 0.24415280000539497, 0.2608327000052668, 0.277488000006997, 0.29396640000049956, 0.31079280000994913, 0.32733379999990575, 0.34397300001000986, 0.3607670000055805, 0.3773846000112826, 0.3938226000027498, 0.4105598000023747, 0.42759370000567287, 0.4439961000025505, 0.4606631000060588, 0.4772794000018621, 0.4938816000067163, 0.5105537000054028, 0.5274681000009878, 0.5438267999998061, 0.5607536000024993, 0.5771270000113873, 0.5938962000072934, 0.6104142999975011, 0.6271421999990707, 0.6437498000013875, 0.66054380001151, 0.6771167000115383, 0.6936906000046292, 0.7105468000081601, 0.7270710000011604, 0.7437728000077186, 0.7603749000118114, 0.777162500002305, 0.793848600005731, 0.8104898000019602, 0.8271630000090227, 0.8439541000116151, 0.8607547999999952, 0.8771406000014395, 0.894012600008864, 0.9105884000018705, 0.9270555000111926]	n/a	n/a	1.0	9b
378	10	go_nogo	0	60	4	go	click	[53.0, 53.0, 63.0, 85.0, 94.0, 101.0, 107.0, 110.0, 113.0, 119.0, 128.0, 137.0, 146.0, 149.0, 150.0, 150.0, 150.0, 150.0, 151.0, 156.0, 161.0, 163.0, 164.0, 164.0, 164.0, 164.0, 164.0]	[-195.0, -195.0, -147.0, 3.0, 72.0, 111.0, 136.0, 151.0, 162.0, 180.0, 199.0, 219.0, 235.0, 243.0, 245.0, 245.0, 245.0, 245.0, 246.0, 252.0, 258.0, 262.0, 262.0, 262.0, 262.0, 262.0, 262.0]	[0, 0, 0, 0, 0, 0, 0, 0, 0, 0, 0, 0, 0, 0, 0, 0, 0, 0, 0, 0, 0, 0, 0, 0, 0, 0, 1]	[0, 0, 0, 0, 0, 0, 0, 0, 0, 0, 0, 0, 0, 0, 0, 0, 0, 0, 0, 0, 0, 0, 0, 0, 0, 0, 0]	[0, 0, 0, 0, 0, 0, 0, 0, 0, 0, 0, 0, 0, 0, 0, 0, 0, 0, 0, 0, 0, 0, 0, 0, 0, 0, 0]	[0.00021040000137872994, 0.011103299999376759, 0.027825199998915195, 0.04715240000223275, 0.06101220000709873, 0.07825880000018515, 0.09446360000583809, 0.11137670000607613, 0.1277979000005871, 0.14464739999675658, 0.1613662000017939, 0.17763030000787694, 0.19444239999575075, 0.2112502000090899, 0.22763660000055097, 0.24456600000848994, 0.26095330000680406, 0.27768850000575185, 0.2948367000062717, 0.31124280000221916, 0.32784510000783484, 0.3444445000059204, 0.3609246999985771, 0.3775566999975126, 0.3944469999987632, 0.41136890000780113, 0.42816250000032596]	164.0	262.0	0.6	9b
379	10	go_nogo	0	60	9	nogo	none	[52.0, 52.0, 60.0, 81.0, 102.0, 124.0, 131.0, 134.0, 137.0, 139.0, 142.0, 146.0, 152.0, 156.0, 156.0, 156.0, 157.0, 157.0, 157.0, 157.0, 157.0, 157.0, 157.0, 158.0, 159.0, 160.0, 161.0, 162.0, 162.0, 162.0, 162.0, 162.0, 162.0, 162.0, 162.0, 162.0, 162.0, 162.0, 162.0, 162.0, 162.0, 162.0, 162.0, 162.0, 162.0, 162.0, 162.0, 162.0, 162.0, 162.0, 162.0, 162.0, 162.0, 162.0, 162.0, 162.0, 162.0, 162.0, 162.0, 162.0, 162.0, 162.0, 163.0, 155.0, 135.0, 135.0, 135.0, 135.0, 135.0, 135.0, 135.0, 135.0, 135.0, 135.0, 135.0, 135.0, 135.0, 135.0, 135.0, 135.0, 135.0, 135.0, 135.0, 135.0, 135.0, 135.0, 135.0, 135.0, 135.0, 135.0, 135.0, 135.0]	[-193.0, -193.0, -142.0, -34.0, 70.0, 159.0, 189.0, 210.0, 225.0, 240.0, 257.0, 274.0, 289.0, 301.0, 305.0, 305.0, 305.0, 305.0, 305.0, 305.0, 305.0, 305.0, 306.0, 306.0, 306.0, 306.0, 306.0, 306.0, 306.0, 306.0, 306.0, 306.0, 306.0, 306.0, 306.0, 306.0, 306.0, 306.0, 306.0, 306.0, 306.0, 306.0, 306.0, 306.0, 306.0, 306.0, 306.0, 306.0, 306.0, 306.0, 306.0, 306.0, 306.0, 306.0, 306.0, 306.0, 306.0, 306.0, 306.0, 306.0, 306.0, 306.0, 301.0, 289.0, 276.0, 276.0, 276.0, 276.0, 276.0, 276.0, 276.0, 276.0, 276.0, 276.0, 276.0, 276.0, 276.0, 276.0, 276.0, 276.0, 276.0, 276.0, 276.0, 276.0, 276.0, 276.0, 276.0, 276.0, 276.0, 276.0, 276.0, 276.0]	[0, 0, 0, 0, 0, 0, 0, 0, 0, 0, 0, 0, 0, 0, 0, 0, 0, 0, 0, 0, 0, 0, 0, 0, 0, 0, 0, 0, 0, 0, 0, 0, 0, 0, 0, 0, 0, 0, 0, 0, 0, 0, 0, 0, 0, 0, 0, 0, 0, 0, 0, 0, 0, 0, 0, 0, 0, 0, 0, 0, 0, 0, 0, 0, 0, 0, 0, 0, 0, 0, 0, 0, 0, 0, 0, 0, 0, 0, 0, 0, 0, 0, 0, 0, 0, 0, 0, 0, 0, 0, 0, 0]	[0, 0, 0, 0, 0, 0, 0, 0, 0, 0, 0, 0, 0, 0, 0, 0, 0, 0, 0, 0, 0, 0, 0, 0, 0, 0, 0, 0, 0, 0, 0, 0, 0, 0, 0, 0, 0, 0, 0, 0, 0, 0, 0, 0, 0, 0, 0, 0, 0, 0, 0, 0, 0, 0, 0, 0, 0, 0, 0, 0, 0, 0, 0, 0, 0, 0, 0, 0, 0, 0, 0, 0, 0, 0, 0, 0, 0, 0, 0, 0, 0, 0, 0, 0, 0, 0, 0, 0, 0, 0, 0, 0]	[0, 0, 0, 0, 0, 0, 0, 0, 0, 0, 0, 0, 0, 0, 0, 0, 0, 0, 0, 0, 0, 0, 0, 0, 0, 0, 0, 0, 0, 0, 0, 0, 0, 0, 0, 0, 0, 0, 0, 0, 0, 0, 0, 0, 0, 0, 0, 0, 0, 0, 0, 0, 0, 0, 0, 0, 0, 0, 0, 0, 0, 0, 0, 0, 0, 0, 0, 0, 0, 0, 0, 0, 0, 0, 0, 0, 0, 0, 0, 0, 0, 0, 0, 0, 0, 0, 0, 0, 0, 0, 0, 0]	[0.0002708999963942915, 0.009483799993176945, 0.02605089999269694, 0.042812599989701994, 0.05988709999655839, 0.0762170999951195, 0.09300239999720361, 0.11010589999204967, 0.12629319999541622, 0.14290729998901952, 0.159788099990692, 0.1763403999939328, 0.1929010999883758, 0.2094853000016883, 0.2258224999968661, 0.24273649998940527, 0.2592170999996597, 0.275888499993016, 0.29246499999135267, 0.30923659999098163, 0.3257891999965068, 0.342761399995652, 0.35945629999332596, 0.37616569999954663, 0.3931776999961585, 0.40936669999791775, 0.4261387000005925, 0.44263869999849703, 0.4591375000018161, 0.4759392999985721, 0.4925355000013951, 0.50932689999172, 0.5260777999938, 0.5427167000016198, 0.5594742999965092, 0.5762073999940185, 0.592513700001291, 0.6091942999919411, 0.6259365000005346, 0.6425907999946503, 0.6593053999968106, 0.6759703999996418, 0.6926628999935929, 0.7093594999896595, 0.7259915999893565, 0.7424456000007922, 0.7593723999889335, 0.7759088999882806, 0.7926250999880722, 0.8091955999989295, 0.8258770999964327, 0.8426886999950511, 0.8594015999988187, 0.876080699992599, 0.8928435999987414, 0.909334999989369, 0.9260027999989688, 0.9425877999892691, 0.9591174999950454, 0.9757893999922089, 0.9926529999938793, 1.0091824999981327, 1.0261064999940572, 1.0430129000014858, 1.0591695999901276, 1.0763347999891266, 1.0927757999888854, 1.1091092999995453, 1.125927299988689, 1.1426119999960065, 1.1593088999943575, 1.1759251999901608, 1.1925269999919692, 1.2091411000001244, 1.2257724999944912, 1.2425166999892099, 1.2591247999953339, 1.275780099997064, 1.2925735999888275, 1.3091118000011193, 1.3256231999985175, 1.3426838000013959, 1.3593579000007594, 1.3757233999931486, 1.3924210999975912, 1.4093308000010438, 1.4258547999925213, 1.4422964999976102, 1.4590678999957163, 1.475749299992458, 1.4924147999990964, 1.5089798999979394]	n/a	n/a	0.8	9b
380	10	go_nogo	0	60	8	go	click	[54.0, 54.0, 75.0, 126.0, 196.0, 233.0, 251.0, 262.0, 264.0, 265.0, 265.0, 265.0, 265.0, 265.0, 265.0, 265.0, 265.0, 265.0, 265.0, 262.0, 257.0, 251.0, 244.0, 237.0, 233.0, 228.0, 225.0, 223.0, 222.0, 222.0, 222.0, 222.0]	[-176.0, -176.0, -122.0, -1.0, 177.0, 281.0, 335.0, 359.0, 366.0, 366.0, 366.0, 366.0, 366.0, 366.0, 366.0, 366.0, 366.0, 366.0, 366.0, 358.0, 348.0, 334.0, 322.0, 312.0, 304.0, 295.0, 290.0, 286.0, 285.0, 284.0, 284.0, 284.0]	[0, 0, 0, 0, 0, 0, 0, 0, 0, 0, 0, 0, 0, 0, 0, 0, 0, 0, 0, 0, 0, 0, 0, 0, 0, 0, 0, 0, 0, 0, 0, 1]	[0, 0, 0, 0, 0, 0, 0, 0, 0, 0, 0, 0, 0, 0, 0, 0, 0, 0, 0, 0, 0, 0, 0, 0, 0, 0, 0, 0, 0, 0, 0, 0]	[0, 0, 0, 0, 0, 0, 0, 0, 0, 0, 0, 0, 0, 0, 0, 0, 0, 0, 0, 0, 0, 0, 0, 0, 0, 0, 0, 0, 0, 0, 0, 0]	[0.00023700000019744039, 0.011764700000640005, 0.028687899990472943, 0.0454120999929728, 0.061945299996295944, 0.07852429999911692, 0.095640600004117, 0.11203869999735616, 0.12857079999230336, 0.14520569999876898, 0.16174450000107754, 0.1783937000000151, 0.19504959999176208, 0.21199339999293443, 0.22857330000260845, 0.24517339999147225, 0.2616529999941122, 0.2785284999990836, 0.295625700004166, 0.3119490999961272, 0.32866669999202713, 0.34540029999334365, 0.36179149999225046, 0.37835729999642354, 0.3950680999987526, 0.41176590000395663, 0.4284126999991713, 0.4450942999974359, 0.46205459999328014, 0.4785903000010876, 0.495311299993773, 0.5115924999990966]	222.0	284.0	0.5	9b
381	10	go_nogo	0	60	2	go	click	[8.0, 8.0, 8.0, 14.0, 22.0, 30.0, 47.0, 64.0, 76.0, 92.0, 95.0, 101.0, 104.0, 107.0, 109.0, 112.0, 115.0, 118.0, 123.0, 131.0, 143.0, 162.0, 179.0, 191.0, 202.0, 214.0, 219.0, 220.0, 220.0, 220.0, 220.0]	[-269.0, -269.0, -225.0, -177.0, -120.0, -46.0, 33.0, 95.0, 132.0, 174.0, 183.0, 201.0, 207.0, 214.0, 218.0, 222.0, 228.0, 232.0, 237.0, 245.0, 253.0, 264.0, 268.0, 273.0, 276.0, 279.0, 282.0, 282.0, 282.0, 282.0, 282.0]	[0, 0, 0, 0, 0, 0, 0, 0, 0, 0, 0, 0, 0, 0, 0, 0, 0, 0, 0, 0, 0, 0, 0, 0, 0, 0, 0, 0, 0, 0, 1]	[0, 0, 0, 0, 0, 0, 0, 0, 0, 0, 0, 0, 0, 0, 0, 0, 0, 0, 0, 0, 0, 0, 0, 0, 0, 0, 0, 0, 0, 0, 0]	[0, 0, 0, 0, 0, 0, 0, 0, 0, 0, 0, 0, 0, 0, 0, 0, 0, 0, 0, 0, 0, 0, 0, 0, 0, 0, 0, 0, 0, 0, 0]	[0.00012310000602155924, 0.010892800011788495, 0.02750250000099186, 0.04412630001024809, 0.06078230000275653, 0.0775908000068739, 0.09418850000656676, 0.11104190000332892, 0.1274773000041023, 0.14404440000362229, 0.16092320000461768, 0.1778006000095047, 0.1942447000037646, 0.21083520000684075, 0.22740140001405962, 0.24411220000183675, 0.26068440001108684, 0.2774286000058055, 0.294101600011345, 0.3106497000117088, 0.3275539000023855, 0.3442018000059761, 0.36062060001131613, 0.37774650000210386, 0.3945086000021547, 0.4105258000054164, 0.4276012000045739, 0.4438254000124289, 0.46054759999969974, 0.4773367000016151, 0.4943263000022853]	220.0	282.0	0.5	9b
382	10	go_nogo	0	60	2	go	click	[38.0, 38.0, 72.0, 104.0, 133.0, 152.0, 168.0, 178.0, 181.0, 183.0, 186.0, 189.0, 191.0, 191.0, 191.0, 191.0, 191.0, 192.0, 193.0, 195.0, 196.0, 196.0, 196.0, 196.0, 196.0]	[-229.0, -229.0, -130.0, -24.0, 55.0, 118.0, 171.0, 204.0, 223.0, 240.0, 255.0, 262.0, 278.0, 280.0, 281.0, 281.0, 283.0, 287.0, 293.0, 300.0, 305.0, 307.0, 307.0, 307.0, 307.0]	[0, 0, 0, 0, 0, 0, 0, 0, 0, 0, 0, 0, 0, 0, 0, 0, 0, 0, 0, 0, 0, 0, 0, 0, 1]	[0, 0, 0, 0, 0, 0, 0, 0, 0, 0, 0, 0, 0, 0, 0, 0, 0, 0, 0, 0, 0, 0, 0, 0, 0]	[0, 0, 0, 0, 0, 0, 0, 0, 0, 0, 0, 0, 0, 0, 0, 0, 0, 0, 0, 0, 0, 0, 0, 0, 0]	[7.360000745393336e-05, 0.012581600007251836, 0.029441200007568114, 0.04605699999956414, 0.06267310000839643, 0.07959219999611378, 0.09618219999538269, 0.11285269999643788, 0.1294424999941839, 0.14604970000800677, 0.16272100000060163, 0.1794270999962464, 0.1965695999970194, 0.21260509999410715, 0.22897589999774937, 0.24578569999721367, 0.26253079999878537, 0.27918769999814685, 0.2959153999981936, 0.31267210000078194, 0.3296159000019543, 0.3458528000046499, 0.362393700008397, 0.37918220000574365, 0.3961319999943953]	196.0	307.0	0.9	9b
383	10	go_nogo	0	60	6	go	click	[62.0, 62.0, 89.0, 111.0, 127.0, 140.0, 148.0, 158.0, 165.0, 173.0, 179.0, 185.0, 195.0, 201.0, 207.0, 207.0, 207.0, 208.0, 209.0, 211.0, 214.0, 215.0, 216.0, 216.0, 217.0, 217.0, 217.0, 217.0, 217.0, 217.0]	[-224.0, -224.0, -145.0, -79.0, -25.0, 20.0, 57.0, 88.0, 113.0, 134.0, 153.0, 172.0, 204.0, 225.0, 237.0, 240.0, 241.0, 242.0, 245.0, 252.0, 259.0, 263.0, 267.0, 271.0, 278.0, 290.0, 295.0, 296.0, 296.0, 296.0]	[0, 0, 0, 0, 0, 0, 0, 0, 0, 0, 0, 0, 0, 0, 0, 0, 0, 0, 0, 0, 0, 0, 0, 0, 0, 0, 0, 0, 0, 1]	[0, 0, 0, 0, 0, 0, 0, 0, 0, 0, 0, 0, 0, 0, 0, 0, 0, 0, 0, 0, 0, 0, 0, 0, 0, 0, 0, 0, 0, 0]	[0, 0, 0, 0, 0, 0, 0, 0, 0, 0, 0, 0, 0, 0, 0, 0, 0, 0, 0, 0, 0, 0, 0, 0, 0, 0, 0, 0, 0, 0]	[0.00024110000231303275, 0.012045800001942553, 0.028273699994315393, 0.044747199994162656, 0.06150070000148844, 0.07844899999327026, 0.09505410000565462, 0.11162589999730699, 0.12823180000123102, 0.1449756000074558, 0.16161949999514036, 0.17833320000499953, 0.19495930000266526, 0.21210040000732988, 0.22839289999683388, 0.24532990000443533, 0.2617865000065649, 0.2783105999988038, 0.2948028999962844, 0.31157079999684356, 0.32825219999358524, 0.34475400000519585, 0.36184830000274815, 0.37813890000688843, 0.39505770000687335, 0.4118261999974493, 0.42820080000092275, 0.44466900000406895, 0.46134629999869503, 0.4780802000022959]	217.0	296.0	0.8	9b
384	10	go_nogo	0	60	1	nogo	none	[35.0, 35.0, 47.0, 66.0, 89.0, 110.0, 122.0, 134.0, 140.0, 146.0, 151.0, 155.0, 160.0, 162.0, 163.0, 164.0, 164.0, 164.0, 164.0, 165.0, 168.0, 176.0, 178.0, 178.0, 179.0, 179.0, 179.0, 179.0, 179.0, 179.0, 179.0, 179.0, 179.0, 179.0, 179.0, 179.0, 179.0, 179.0, 179.0, 179.0, 179.0, 179.0, 179.0, 179.0, 179.0, 179.0, 179.0, 179.0, 179.0, 179.0, 179.0, 179.0, 179.0, 179.0, 179.0, 179.0, 179.0, 179.0, 179.0, 179.0, 179.0, 179.0, 179.0, 179.0, 179.0, 179.0, 179.0]	[-259.0, -259.0, -199.0, -119.0, -26.0, 51.0, 97.0, 130.0, 155.0, 172.0, 192.0, 202.0, 215.0, 222.0, 223.0, 223.0, 223.0, 223.0, 223.0, 226.0, 233.0, 246.0, 250.0, 253.0, 254.0, 254.0, 254.0, 254.0, 254.0, 254.0, 254.0, 254.0, 254.0, 254.0, 254.0, 254.0, 254.0, 254.0, 254.0, 254.0, 254.0, 254.0, 254.0, 254.0, 254.0, 254.0, 254.0, 254.0, 254.0, 254.0, 254.0, 254.0, 254.0, 254.0, 254.0, 254.0, 254.0, 254.0, 254.0, 254.0, 254.0, 254.0, 254.0, 254.0, 254.0, 254.0, 254.0]	[0, 0, 0, 0, 0, 0, 0, 0, 0, 0, 0, 0, 0, 0, 0, 0, 0, 0, 0, 0, 0, 0, 0, 0, 0, 0, 0, 0, 0, 0, 0, 0, 0, 0, 0, 0, 0, 0, 0, 0, 0, 0, 0, 0, 0, 0, 0, 0, 0, 0, 0, 0, 0, 0, 0, 0, 0, 0, 0, 0, 0, 0, 0, 0, 0, 0, 0]	[0, 0, 0, 0, 0, 0, 0, 0, 0, 0, 0, 0, 0, 0, 0, 0, 0, 0, 0, 0, 0, 0, 0, 0, 0, 0, 0, 0, 0, 0, 0, 0, 0, 0, 0, 0, 0, 0, 0, 0, 0, 0, 0, 0, 0, 0, 0, 0, 0, 0, 0, 0, 0, 0, 0, 0, 0, 0, 0, 0, 0, 0, 0, 0, 0, 0, 0]	[0, 0, 0, 0, 0, 0, 0, 0, 0, 0, 0, 0, 0, 0, 0, 0, 0, 0, 0, 0, 0, 0, 0, 0, 0, 0, 0, 0, 0, 0, 0, 0, 0, 0, 0, 0, 0, 0, 0, 0, 0, 0, 0, 0, 0, 0, 0, 0, 0, 0, 0, 0, 0, 0, 0, 0, 0, 0, 0, 0, 0, 0, 0, 0, 0, 0, 0]	[8.349999552592635e-05, 0.011457700005848892, 0.02722620000713505, 0.043762200002674945, 0.0604388000065228, 0.07750050000322517, 0.09416269999928772, 0.11074410000583157, 0.1273501999967266, 0.1440602999937255, 0.16085329999623355, 0.17770020000170916, 0.19385979999788105, 0.21046990000468213, 0.22729310000431724, 0.24384910000662785, 0.26069270000152756, 0.27729670000553597, 0.2939505999966059, 0.3105841000069631, 0.3273036000027787, 0.3438707000022987, 0.3610480000061216, 0.37774159999389667, 0.39377219999732915, 0.41057619999628514, 0.42700719999265857, 0.4437906999955885, 0.460514599995804, 0.4770215000025928, 0.49373930000001565, 0.5104580000042915, 0.5271353999996791, 0.5438538000016706, 0.5604290000046603, 0.5771842999965884, 0.5937424000003375, 0.6102873000054387, 0.6269507999968482, 0.643725000001723, 0.6604146000026958, 0.6770151999953669, 0.6938795000023674, 0.7104213999991771, 0.7270390000048792, 0.7436959000042407, 0.7603578999987803, 0.7770005000056699, 0.7936403000057908, 0.8102777000021888, 0.826952599993092, 0.8436213999957545, 0.8603838999988511, 0.8770021999953315, 0.8936323999951128, 0.9103214000060689, 0.9269417000032263, 0.943685699996422, 0.9603156999946805, 0.9769825999974273, 0.9935623000055784, 1.010240599993267, 1.0269103000027826, 1.0436744000035105, 1.0604746000026353, 1.0773662999999942, 1.0936235999979544]	n/a	n/a	1.0	9b
385	10	go_nogo	0	60	4	go	click	[20.0, 25.0, 34.0, 56.0, 91.0, 126.0, 133.0, 144.0, 152.0, 157.0, 163.0, 168.0, 171.0, 172.0, 172.0, 172.0, 172.0, 172.0, 172.0, 172.0, 172.0, 173.0, 173.0, 173.0, 173.0, 173.0, 173.0]	[-281.0, -258.0, -225.0, -140.0, -30.0, 85.0, 107.0, 154.0, 177.0, 196.0, 219.0, 236.0, 249.0, 254.0, 255.0, 255.0, 255.0, 255.0, 255.0, 255.0, 257.0, 258.0, 258.0, 258.0, 258.0, 258.0, 258.0]	[0, 0, 0, 0, 0, 0, 0, 0, 0, 0, 0, 0, 0, 0, 0, 0, 0, 0, 0, 0, 0, 0, 0, 0, 0, 0, 1]	[0, 0, 0, 0, 0, 0, 0, 0, 0, 0, 0, 0, 0, 0, 0, 0, 0, 0, 0, 0, 0, 0, 0, 0, 0, 0, 0]	[0, 0, 0, 0, 0, 0, 0, 0, 0, 0, 0, 0, 0, 0, 0, 0, 0, 0, 0, 0, 0, 0, 0, 0, 0, 0, 0]	[0.00011249999806750566, 0.012306300006457604, 0.028599600002053194, 0.045516199999838136, 0.06244789999618661, 0.07896460000483785, 0.09558320000360254, 0.1124058999994304, 0.1287990999990143, 0.14559709999593906, 0.162108000004082, 0.17870099999709055, 0.19579729999531992, 0.21207700000377372, 0.22866670000075828, 0.24530729999241885, 0.26189290000183973, 0.2787310999992769, 0.29532879999896977, 0.3127381999947829, 0.3289991000056034, 0.3453767000028165, 0.3618700999941211, 0.37875760000315495, 0.3954096999950707, 0.4120748999994248, 0.4291718000022229]	173.0	258.0	0.5	9b
386	10	go_nogo	0	60	7	go	click	[62.0, 62.0, 72.0, 95.0, 131.0, 149.0, 159.0, 165.0, 170.0, 175.0, 179.0, 183.0, 187.0, 188.0, 188.0, 188.0, 188.0, 188.0, 188.0, 188.0, 188.0, 188.0, 188.0, 188.0, 188.0]	[-173.0, -173.0, -129.0, -33.0, 94.0, 148.0, 179.0, 202.0, 223.0, 237.0, 248.0, 260.0, 270.0, 274.0, 275.0, 275.0, 275.0, 275.0, 275.0, 275.0, 275.0, 275.0, 275.0, 275.0, 275.0]	[0, 0, 0, 0, 0, 0, 0, 0, 0, 0, 0, 0, 0, 0, 0, 0, 0, 0, 0, 0, 0, 0, 0, 0, 1]	[0, 0, 0, 0, 0, 0, 0, 0, 0, 0, 0, 0, 0, 0, 0, 0, 0, 0, 0, 0, 0, 0, 0, 0, 0]	[0, 0, 0, 0, 0, 0, 0, 0, 0, 0, 0, 0, 0, 0, 0, 0, 0, 0, 0, 0, 0, 0, 0, 0, 0]	[0.0002471000043442473, 0.010248600010527298, 0.026853900009882636, 0.04358830000273883, 0.060211600008187816, 0.07739390000642743, 0.09355030000733677, 0.11029050000070129, 0.1269380000012461, 0.1437521000043489, 0.16028840000217315, 0.17700609999883454, 0.19353550000232644, 0.210377100011101, 0.22669120000500698, 0.2432427000021562, 0.2601009000063641, 0.2767617000063183, 0.2932518000015989, 0.3100449000048684, 0.32666240000980906, 0.3433023000106914, 0.35989960000733845, 0.3764463999978034, 0.3933600000018487]	188.0	275.0	1.0	9b
387	10	go_nogo	0	60	2	go	click	[57.0, 57.0, 67.0, 84.0, 99.0, 134.0, 160.0, 184.0, 201.0, 211.0, 217.0, 220.0, 223.0, 224.0, 225.0, 225.0, 225.0, 225.0, 225.0, 225.0, 225.0, 224.0, 224.0, 222.0, 220.0, 219.0, 218.0, 217.0, 217.0, 217.0]	[-253.0, -253.0, -227.0, -180.0, -134.0, -37.0, 42.0, 102.0, 143.0, 174.0, 197.0, 213.0, 226.0, 233.0, 234.0, 234.0, 234.0, 241.0, 252.0, 261.0, 267.0, 271.0, 274.0, 277.0, 281.0, 287.0, 291.0, 292.0, 292.0, 292.0]	[0, 0, 0, 0, 0, 0, 0, 0, 0, 0, 0, 0, 0, 0, 0, 0, 0, 0, 0, 0, 0, 0, 0, 0, 0, 0, 0, 0, 0, 1]	[0, 0, 0, 0, 0, 0, 0, 0, 0, 0, 0, 0, 0, 0, 0, 0, 0, 0, 0, 0, 0, 0, 0, 0, 0, 0, 0, 0, 0, 0]	[0, 0, 0, 0, 0, 0, 0, 0, 0, 0, 0, 0, 0, 0, 0, 0, 0, 0, 0, 0, 0, 0, 0, 0, 0, 0, 0, 0, 0, 0]	[0.00026840000646188855, 0.011200600012671202, 0.027894600003492087, 0.04482830000051763, 0.06150980001257267, 0.07803500001318753, 0.09500240000488702, 0.11127400000987109, 0.12786240001150873, 0.14453610000782646, 0.1611976000131108, 0.17803830000048038, 0.1944406000111485, 0.21129400000791065, 0.227896000011242, 0.24443190000602044, 0.2617888000095263, 0.27820310000970494, 0.29522530001122504, 0.3112136000127066, 0.3277717000019038, 0.34458860001177527, 0.3611803000094369, 0.3778582000086317, 0.3945588000060525, 0.4110452000022633, 0.4278337000141619, 0.4441397000045981, 0.4608186000114074, 0.47778300000936724]	217.0	292.0	0.7	9b
388	10	go_nogo	0	60	2	go	click	[32.0, 37.0, 38.0, 47.0, 62.0, 93.0, 117.0, 134.0, 147.0, 158.0, 168.0, 175.0, 180.0, 182.0, 183.0, 184.0, 186.0, 186.0, 191.0, 192.0, 194.0, 195.0, 197.0, 199.0, 201.0, 202.0, 202.0, 203.0, 203.0, 203.0]	[-297.0, -278.0, -260.0, -214.0, -157.0, -50.0, 13.0, 57.0, 92.0, 123.0, 148.0, 169.0, 184.0, 192.0, 195.0, 200.0, 210.0, 214.0, 229.0, 236.0, 246.0, 253.0, 263.0, 272.0, 279.0, 284.0, 288.0, 289.0, 289.0, 289.0]	[0, 0, 0, 0, 0, 0, 0, 0, 0, 0, 0, 0, 0, 0, 0, 0, 0, 0, 0, 0, 0, 0, 0, 0, 0, 0, 0, 0, 0, 1]	[0, 0, 0, 0, 0, 0, 0, 0, 0, 0, 0, 0, 0, 0, 0, 0, 0, 0, 0, 0, 0, 0, 0, 0, 0, 0, 0, 0, 0, 0]	[0, 0, 0, 0, 0, 0, 0, 0, 0, 0, 0, 0, 0, 0, 0, 0, 0, 0, 0, 0, 0, 0, 0, 0, 0, 0, 0, 0, 0, 0]	[9.619999036658555e-05, 0.012318299995968118, 0.02883799999835901, 0.04576789999555331, 0.06246570000075735, 0.0794397999998182, 0.09650630000396632, 0.11258380000072066, 0.12927839999611024, 0.1459372999961488, 0.16286709999258164, 0.17907040000136476, 0.19575210000039078, 0.2123818999971263, 0.22933499999635387, 0.2459357000043383, 0.2621426999976393, 0.2789889999985462, 0.2955989000038244, 0.31222199999319855, 0.3291495000012219, 0.3455966999899829, 0.3621941000019433, 0.37895849999040365, 0.39565930000389926, 0.4121136000030674, 0.4293535000033444, 0.4454600000026403, 0.4621752999955788, 0.47922759999346454]	203.0	289.0	1.0	9b
389	10	go_nogo	0	60	6	go	click	[53.0, 53.0, 79.0, 95.0, 108.0, 118.0, 134.0, 146.0, 159.0, 172.0, 184.0, 193.0, 195.0, 195.0, 195.0, 195.0, 195.0, 197.0, 198.0, 200.0, 200.0, 200.0, 201.0, 201.0, 201.0, 201.0]	[-185.0, -185.0, -110.0, -53.0, -7.0, 36.0, 86.0, 127.0, 162.0, 197.0, 228.0, 251.0, 257.0, 259.0, 259.0, 260.0, 261.0, 266.0, 272.0, 280.0, 288.0, 291.0, 291.0, 291.0, 291.0, 291.0]	[0, 0, 0, 0, 0, 0, 0, 0, 0, 0, 0, 0, 0, 0, 0, 0, 0, 0, 0, 0, 0, 0, 0, 0, 0, 1]	[0, 0, 0, 0, 0, 0, 0, 0, 0, 0, 0, 0, 0, 0, 0, 0, 0, 0, 0, 0, 0, 0, 0, 0, 0, 0]	[0, 0, 0, 0, 0, 0, 0, 0, 0, 0, 0, 0, 0, 0, 0, 0, 0, 0, 0, 0, 0, 0, 0, 0, 0, 0]	[0.00019630001042969525, 0.00986160000320524, 0.026618100004270673, 0.043302300007781014, 0.06000970001332462, 0.07642240000132006, 0.0931230999995023, 0.10995399999956135, 0.12667720000899862, 0.14320970000699162, 0.16017450000799727, 0.1764856000081636, 0.19379450000997167, 0.20942600000125822, 0.22661530000914354, 0.24315340000612196, 0.2598780000116676, 0.276864100000239, 0.2932504000054905, 0.30991150000772905, 0.3265947000036249, 0.34334360000502784, 0.35964640000020154, 0.37641810000059195, 0.39286200000788085, 0.4094589000014821]	201.0	291.0	0.9	9b
390	10	go_nogo	0	60	8	go	click	[53.0, 53.0, 65.0, 108.0, 143.0, 175.0, 199.0, 216.0, 225.0, 231.0, 235.0, 239.0, 243.0, 247.0, 248.0, 249.0, 249.0, 249.0, 249.0, 249.0, 248.0, 248.0, 248.0, 248.0, 248.0, 248.0]	[-239.0, -239.0, -202.0, -63.0, 44.0, 132.0, 192.0, 226.0, 249.0, 266.0, 278.0, 289.0, 304.0, 316.0, 322.0, 324.0, 324.0, 326.0, 330.0, 333.0, 334.0, 334.0, 334.0, 334.0, 334.0, 334.0]	[0, 0, 0, 0, 0, 0, 0, 0, 0, 0, 0, 0, 0, 0, 0, 0, 0, 0, 0, 0, 0, 0, 0, 0, 0, 1]	[0, 0, 0, 0, 0, 0, 0, 0, 0, 0, 0, 0, 0, 0, 0, 0, 0, 0, 0, 0, 0, 0, 0, 0, 0, 0]	[0, 0, 0, 0, 0, 0, 0, 0, 0, 0, 0, 0, 0, 0, 0, 0, 0, 0, 0, 0, 0, 0, 0, 0, 0, 0]	[0.00020629999926313758, 0.010651200005668215, 0.027502700002514757, 0.04398050000600051, 0.06113760000152979, 0.07719349999388214, 0.09375949999957811, 0.11036170000443235, 0.12699190000421368, 0.14380479999817908, 0.1605929999932414, 0.1771361999999499, 0.19372480000311043, 0.2103971000033198, 0.22683149999647867, 0.2432628999958979, 0.2602538000064669, 0.27713719999883324, 0.2938258000067435, 0.31015809999371413, 0.32696340000256896, 0.3434315000049537, 0.36000719999719877, 0.376728400005959, 0.39346279999881517, 0.4102822999993805]	248.0	334.0	0.5	9b
391	11	go_nogo	0	60	7	go	click	[94.0, 94.0, 106.0, 135.0, 170.0, 193.0, 205.0, 211.0, 213.0, 213.0, 213.0, 213.0, 213.0, 213.0, 213.0, 213.0, 213.0, 213.0, 213.0, 213.0, 212.0, 212.0, 211.0, 211.0, 211.0, 211.0]	[-140.0, -140.0, -100.0, -16.0, 72.0, 146.0, 193.0, 222.0, 238.0, 245.0, 248.0, 255.0, 258.0, 258.0, 258.0, 258.0, 259.0, 259.0, 259.0, 264.0, 273.0, 280.0, 284.0, 284.0, 284.0, 284.0]	[0, 0, 0, 0, 0, 0, 0, 0, 0, 0, 0, 0, 0, 0, 0, 0, 0, 0, 0, 0, 0, 0, 0, 0, 0, 1]	[0, 0, 0, 0, 0, 0, 0, 0, 0, 0, 0, 0, 0, 0, 0, 0, 0, 0, 0, 0, 0, 0, 0, 0, 0, 0]	[0, 0, 0, 0, 0, 0, 0, 0, 0, 0, 0, 0, 0, 0, 0, 0, 0, 0, 0, 0, 0, 0, 0, 0, 0, 0]	[0.00019829999655485153, 0.00929619999078568, 0.026020699995569885, 0.042508700003963895, 0.05914929999562446, 0.07597859999805223, 0.09265130000130739, 0.10938239999813959, 0.12626489999820478, 0.14268419999280013, 0.15956430000369437, 0.17622969999501947, 0.19258889999764506, 0.2090872999979183, 0.22584830000414513, 0.2429909999918891, 0.25906100000429433, 0.27586629999859724, 0.29264790000161156, 0.3092051999992691, 0.3257510999974329, 0.3424846999987494, 0.35900060000130907, 0.37578360000043176, 0.39243929999065585, 0.4090873999957694]	211.0	284.0	0.6	9b
392	11	go_nogo	0	60	9	nogo	none	[42.0, 42.0, 47.0, 57.0, 74.0, 91.0, 128.0, 146.0, 156.0, 162.0, 167.0, 169.0, 171.0, 173.0, 174.0, 174.0, 174.0, 174.0, 174.0, 174.0, 174.0, 174.0, 174.0, 174.0, 174.0, 174.0, 175.0, 175.0, 175.0, 175.0, 175.0, 175.0, 175.0, 175.0, 175.0, 175.0, 175.0, 175.0, 175.0, 175.0, 175.0, 175.0, 175.0, 175.0, 175.0, 175.0, 175.0, 175.0, 175.0, 175.0, 175.0, 175.0, 175.0, 175.0, 175.0, 175.0, 175.0]	[-252.0, -252.0, -213.0, -121.0, -29.0, 54.0, 162.0, 221.0, 252.0, 269.0, 279.0, 283.0, 290.0, 295.0, 297.0, 297.0, 297.0, 297.0, 297.0, 297.0, 297.0, 297.0, 298.0, 298.0, 298.0, 298.0, 298.0, 298.0, 298.0, 298.0, 298.0, 298.0, 298.0, 298.0, 298.0, 298.0, 298.0, 298.0, 298.0, 298.0, 298.0, 298.0, 298.0, 298.0, 298.0, 298.0, 298.0, 298.0, 298.0, 298.0, 298.0, 298.0, 298.0, 298.0, 298.0, 298.0, 298.0]	[0, 0, 0, 0, 0, 0, 0, 0, 0, 0, 0, 0, 0, 0, 0, 0, 0, 0, 0, 0, 0, 0, 0, 0, 0, 0, 0, 0, 0, 0, 0, 0, 0, 0, 0, 0, 0, 0, 0, 0, 0, 0, 0, 0, 0, 0, 0, 0, 0, 0, 0, 0, 0, 0, 0, 0, 0]	[0, 0, 0, 0, 0, 0, 0, 0, 0, 0, 0, 0, 0, 0, 0, 0, 0, 0, 0, 0, 0, 0, 0, 0, 0, 0, 0, 0, 0, 0, 0, 0, 0, 0, 0, 0, 0, 0, 0, 0, 0, 0, 0, 0, 0, 0, 0, 0, 0, 0, 0, 0, 0, 0, 0, 0, 0]	[0, 0, 0, 0, 0, 0, 0, 0, 0, 0, 0, 0, 0, 0, 0, 0, 0, 0, 0, 0, 0, 0, 0, 0, 0, 0, 0, 0, 0, 0, 0, 0, 0, 0, 0, 0, 0, 0, 0, 0, 0, 0, 0, 0, 0, 0, 0, 0, 0, 0, 0, 0, 0, 0, 0, 0, 0]	[0.00021019999985583127, 0.009498799990979023, 0.026310899993404746, 0.04299499999615364, 0.05967689999670256, 0.07625420000113081, 0.09318029999849387, 0.10980819999531377, 0.12677829999302048, 0.1428406999912113, 0.1593706999992719, 0.17609229999652598, 0.19270719999622088, 0.2093482999916887, 0.22591949999332428, 0.24263429999700747, 0.25940470000205096, 0.2758075000019744, 0.29260709999653045, 0.30954299999575596, 0.32572899998922367, 0.3429633999912767, 0.3593106999906013, 0.37593559999368154, 0.3924805999995442, 0.409501399990404, 0.4259971999999834, 0.44276979999267496, 0.459126899993862, 0.47598289999586996, 0.4925063999980921, 0.5092843000020366, 0.5258783000026597, 0.5426798999978928, 0.5591338999947766, 0.5757981999922777, 0.5924135999957798, 0.6090951999940444, 0.6261685999925248, 0.6425081999914255, 0.6591827999945963, 0.6758796999929473, 0.6924230000004172, 0.7090774999960558, 0.7258499000017764, 0.742465599993011, 0.7591907000023639, 0.7759051000030013, 0.7925822999968659, 0.809040099993581, 0.8258448999986285, 0.8425477999990107, 0.8589980999968247, 0.8758270999969682, 0.8924403999990318, 0.9092021999967983, 0.9257082999974955]	n/a	n/a	0.7	9b
393	11	go_nogo	0	60	7	go	click	[48.0, 48.0, 55.0, 74.0, 111.0, 133.0, 156.0, 172.0, 187.0, 196.0, 203.0, 212.0, 223.0, 233.0, 237.0, 237.0, 237.0, 237.0, 237.0, 237.0, 237.0, 237.0, 237.0, 237.0]	[-228.0, -228.0, -192.0, -108.0, 19.0, 85.0, 142.0, 177.0, 202.0, 222.0, 238.0, 257.0, 279.0, 297.0, 307.0, 308.0, 308.0, 308.0, 308.0, 308.0, 308.0, 308.0, 308.0, 308.0]	[0, 0, 0, 0, 0, 0, 0, 0, 0, 0, 0, 0, 0, 0, 0, 0, 0, 0, 0, 0, 0, 0, 0, 1]	[0, 0, 0, 0, 0, 0, 0, 0, 0, 0, 0, 0, 0, 0, 0, 0, 0, 0, 0, 0, 0, 0, 0, 0]	[0, 0, 0, 0, 0, 0, 0, 0, 0, 0, 0, 0, 0, 0, 0, 0, 0, 0, 0, 0, 0, 0, 0, 0]	[0.000189200000022538, 0.01214240000990685, 0.028461800000513904, 0.04524580000725109, 0.06196980000822805, 0.07930210001359228, 0.09512850000464823, 0.11186900000029709, 0.12859980000939686, 0.1454760000051465, 0.16188210000109393, 0.17864620000182185, 0.19520280000870116, 0.2117675000044983, 0.2284778000030201, 0.245124000008218, 0.26185070000065025, 0.27863210000214167, 0.2950837000098545, 0.311633500008611, 0.32841390000248794, 0.3450331000058213, 0.36172390000137966, 0.3787987000105204]	237.0	308.0	1.0	9b
394	11	go_nogo	0	60	9	nogo	none	[49.0, 49.0, 72.0, 97.0, 121.0, 144.0, 167.0, 178.0, 184.0, 186.0, 188.0, 189.0, 194.0, 195.0, 197.0, 197.0, 197.0, 197.0, 197.0, 197.0, 197.0, 197.0, 197.0, 197.0, 197.0, 197.0, 197.0, 197.0, 197.0, 197.0, 197.0, 197.0, 197.0, 197.0, 197.0, 197.0, 197.0, 197.0, 197.0, 197.0, 197.0, 197.0, 197.0, 197.0, 197.0, 197.0, 197.0, 197.0, 197.0, 197.0, 197.0, 197.0, 197.0, 197.0, 197.0, 197.0, 197.0]	[-244.0, -244.0, -170.0, -73.0, 32.0, 132.0, 206.0, 245.0, 263.0, 272.0, 278.0, 285.0, 295.0, 298.0, 302.0, 302.0, 302.0, 302.0, 302.0, 302.0, 302.0, 302.0, 302.0, 302.0, 302.0, 302.0, 302.0, 302.0, 302.0, 302.0, 302.0, 302.0, 302.0, 302.0, 302.0, 302.0, 302.0, 302.0, 302.0, 302.0, 302.0, 302.0, 302.0, 302.0, 302.0, 302.0, 302.0, 302.0, 302.0, 302.0, 302.0, 302.0, 302.0, 302.0, 302.0, 302.0, 302.0]	[0, 0, 0, 0, 0, 0, 0, 0, 0, 0, 0, 0, 0, 0, 0, 0, 0, 0, 0, 0, 0, 0, 0, 0, 0, 0, 0, 0, 0, 0, 0, 0, 0, 0, 0, 0, 0, 0, 0, 0, 0, 0, 0, 0, 0, 0, 0, 0, 0, 0, 0, 0, 0, 0, 0, 0, 0]	[0, 0, 0, 0, 0, 0, 0, 0, 0, 0, 0, 0, 0, 0, 0, 0, 0, 0, 0, 0, 0, 0, 0, 0, 0, 0, 0, 0, 0, 0, 0, 0, 0, 0, 0, 0, 0, 0, 0, 0, 0, 0, 0, 0, 0, 0, 0, 0, 0, 0, 0, 0, 0, 0, 0, 0, 0]	[0, 0, 0, 0, 0, 0, 0, 0, 0, 0, 0, 0, 0, 0, 0, 0, 0, 0, 0, 0, 0, 0, 0, 0, 0, 0, 0, 0, 0, 0, 0, 0, 0, 0, 0, 0, 0, 0, 0, 0, 0, 0, 0, 0, 0, 0, 0, 0, 0, 0, 0, 0, 0, 0, 0, 0, 0]	[0.00020640000002458692, 0.009158400003798306, 0.02582980001170654, 0.04239360000065062, 0.05885320001107175, 0.07565910000994336, 0.09244050001143478, 0.10893450000730809, 0.12562470001284964, 0.14255050000792835, 0.1591919000056805, 0.17559900000924245, 0.19255460001295432, 0.20932200000970624, 0.2256488000130048, 0.24228530000254977, 0.2587941000092542, 0.2754122000042116, 0.2921712000097614, 0.30897500000719447, 0.3254799999995157, 0.3421297000022605, 0.3587922000006074, 0.3755140000139363, 0.39216960000339895, 0.4087139000039315, 0.425488500011852, 0.4422919000062393, 0.45881300000473857, 0.4753787000081502, 0.492010100002517, 0.5088864999997895, 0.5257143000053475, 0.5421654000092531, 0.5587218000000576, 0.5754130000132136, 0.5921359000058146, 0.6089811000128975, 0.6254298000130802, 0.6420794000005117, 0.6587896000128239, 0.6753660000103991, 0.6920121000002837, 0.7088492000038968, 0.7255176000035135, 0.7421841000032146, 0.7585981000011088, 0.775321500012069, 0.7919978000136325, 0.8084699000028195, 0.825509600006626, 0.8419370000046911, 0.8586719000013545, 0.875311400013743, 0.8918574000126682, 0.9087065000057919, 0.9253679000103148]	n/a	n/a	1.0	9b
395	11	go_nogo	0	60	6	go	click	[51.0, 51.0, 76.0, 103.0, 132.0, 153.0, 162.0, 169.0, 170.0, 172.0, 173.0, 173.0, 174.0, 174.0, 174.0, 174.0, 174.0, 174.0, 174.0, 174.0, 174.0, 174.0, 174.0, 174.0, 174.0, 174.0, 175.0, 176.0, 179.0, 181.0, 183.0, 185.0, 187.0, 188.0, 188.0, 188.0, 188.0]	[-239.0, -239.0, -124.0, -7.0, 99.0, 180.0, 227.0, 261.0, 285.0, 295.0, 302.0, 308.0, 315.0, 317.0, 318.0, 318.0, 318.0, 318.0, 318.0, 318.0, 318.0, 318.0, 318.0, 318.0, 318.0, 318.0, 318.0, 318.0, 318.0, 318.0, 318.0, 318.0, 318.0, 318.0, 318.0, 318.0, 318.0]	[0, 0, 0, 0, 0, 0, 0, 0, 0, 0, 0, 0, 0, 0, 0, 0, 0, 0, 0, 0, 0, 0, 0, 0, 0, 0, 0, 0, 0, 0, 0, 0, 0, 0, 0, 0, 1]	[0, 0, 0, 0, 0, 0, 0, 0, 0, 0, 0, 0, 0, 0, 0, 0, 0, 0, 0, 0, 0, 0, 0, 0, 0, 0, 0, 0, 0, 0, 0, 0, 0, 0, 0, 0, 0]	[0, 0, 0, 0, 0, 0, 0, 0, 0, 0, 0, 0, 0, 0, 0, 0, 0, 0, 0, 0, 0, 0, 0, 0, 0, 0, 0, 0, 0, 0, 0, 0, 0, 0, 0, 0, 0]	[0.00022539999918080866, 0.012267500002053566, 0.02876770000148099, 0.045860999991418794, 0.0619756999949459, 0.07853980000072625, 0.09523609999450855, 0.11209339999186341, 0.12860329999239184, 0.14526730000216048, 0.16206999999121763, 0.17876489998889156, 0.19529139999940526, 0.21206179998989683, 0.22841199999675155, 0.2455442999926163, 0.26222589999088086, 0.2787163999892073, 0.29526879999320954, 0.31174669999745674, 0.32849369999894407, 0.345191899992642, 0.361873599991668, 0.37847329999203794, 0.3951960999984294, 0.41207109999959357, 0.42879739998898003, 0.44560539998929016, 0.46214730000065174, 0.47855519999575336, 0.4953228999947896, 0.5121035999909509, 0.5287373999890406, 0.5453454999951646, 0.5618416999932379, 0.5786305999936303, 0.5954272999952082]	188.0	318.0	0.9	9b
396	11	go_nogo	0	60	4	go	click	[42.0, 42.0, 53.0, 60.0, 90.0, 119.0, 144.0, 164.0, 177.0, 184.0, 188.0, 192.0, 195.0, 199.0, 201.0, 201.0, 201.0, 201.0, 202.0, 202.0, 202.0, 202.0, 202.0, 202.0, 202.0, 202.0, 202.0, 202.0, 202.0, 202.0, 202.0, 202.0, 202.0, 202.0, 202.0]	[-245.0, -245.0, -189.0, -158.0, -18.0, 92.0, 185.0, 255.0, 294.0, 317.0, 330.0, 340.0, 348.0, 358.0, 363.0, 365.0, 365.0, 365.0, 365.0, 365.0, 365.0, 365.0, 365.0, 365.0, 365.0, 365.0, 361.0, 352.0, 333.0, 313.0, 297.0, 293.0, 292.0, 292.0, 292.0]	[0, 0, 0, 0, 0, 0, 0, 0, 0, 0, 0, 0, 0, 0, 0, 0, 0, 0, 0, 0, 0, 0, 0, 0, 0, 0, 0, 0, 0, 0, 0, 0, 0, 0, 1]	[0, 0, 0, 0, 0, 0, 0, 0, 0, 0, 0, 0, 0, 0, 0, 0, 0, 0, 0, 0, 0, 0, 0, 0, 0, 0, 0, 0, 0, 0, 0, 0, 0, 0, 0]	[0, 0, 0, 0, 0, 0, 0, 0, 0, 0, 0, 0, 0, 0, 0, 0, 0, 0, 0, 0, 0, 0, 0, 0, 0, 0, 0, 0, 0, 0, 0, 0, 0, 0, 0]	[0.0003245999978389591, 0.011837199999717996, 0.02773279999382794, 0.045075400004861876, 0.06157370000437368, 0.07798950000142213, 0.09459449999849312, 0.11109760000545066, 0.12784780000220053, 0.14444889999867883, 0.161239499997464, 0.17787420000240672, 0.1948883000004571, 0.21111190000374336, 0.22808339999755844, 0.24446370000077877, 0.26117680000606924, 0.2778369000006933, 0.2944106000068132, 0.31122299999697134, 0.3278258000063943, 0.344621800002642, 0.36122180000529625, 0.3777680000057444, 0.3944714999961434, 0.4113024999969639, 0.4279811000014888, 0.4450995000079274, 0.4612505999975838, 0.47790749999694526, 0.4944775000039954, 0.5112764999939827, 0.5278037999960361, 0.5443923999991966, 0.5613768000039272]	202.0	292.0	1.0	9b
397	11	go_nogo	0	60	8	go	click	[44.0, 44.0, 65.0, 89.0, 111.0, 128.0, 140.0, 149.0, 155.0, 162.0, 170.0, 179.0, 184.0, 188.0, 188.0, 188.0, 188.0, 188.0, 188.0, 188.0, 188.0, 188.0, 188.0, 188.0]	[-182.0, -182.0, -74.0, 34.0, 123.0, 184.0, 220.0, 245.0, 262.0, 276.0, 292.0, 309.0, 320.0, 326.0, 326.0, 326.0, 326.0, 326.0, 326.0, 326.0, 326.0, 326.0, 326.0, 326.0]	[0, 0, 0, 0, 0, 0, 0, 0, 0, 0, 0, 0, 0, 0, 0, 0, 0, 0, 0, 0, 0, 0, 0, 1]	[0, 0, 0, 0, 0, 0, 0, 0, 0, 0, 0, 0, 0, 0, 0, 0, 0, 0, 0, 0, 0, 0, 0, 0]	[0, 0, 0, 0, 0, 0, 0, 0, 0, 0, 0, 0, 0, 0, 0, 0, 0, 0, 0, 0, 0, 0, 0, 0]	[0.00021399999968707561, 0.012664600013522431, 0.02859510001144372, 0.04537370000616647, 0.06189700000686571, 0.07875500000955071, 0.09521860000677407, 0.11187920000520535, 0.1285461000079522, 0.14509560000442434, 0.16186480000033043, 0.1786716000060551, 0.19559930000104941, 0.21173530000669416, 0.2285011000058148, 0.24506850000761915, 0.2618325000075856, 0.27830450001056306, 0.294989700007136, 0.3115814000047976, 0.3284756000066409, 0.34517490000871476, 0.36172369999985676, 0.3782703000033507]	188.0	326.0	0.5	9b
398	11	go_nogo	0	60	2	go	click	[48.0, 48.0, 59.0, 78.0, 91.0, 102.0, 111.0, 118.0, 126.0, 134.0, 140.0, 143.0, 145.0, 146.0, 148.0, 154.0, 162.0, 169.0, 174.0, 178.0, 186.0, 195.0, 208.0, 216.0, 223.0, 225.0, 225.0, 225.0, 225.0, 225.0, 225.0]	[-221.0, -221.0, -162.0, -43.0, 62.0, 181.0, 232.0, 275.0, 306.0, 331.0, 344.0, 352.0, 355.0, 356.0, 360.0, 365.0, 370.0, 372.0, 372.0, 372.0, 370.0, 361.0, 347.0, 333.0, 322.0, 318.0, 318.0, 318.0, 318.0, 318.0, 318.0]	[0, 0, 0, 0, 0, 0, 0, 0, 0, 0, 0, 0, 0, 0, 0, 0, 0, 0, 0, 0, 0, 0, 0, 0, 0, 0, 0, 0, 0, 0, 1]	[0, 0, 0, 0, 0, 0, 0, 0, 0, 0, 0, 0, 0, 0, 0, 0, 0, 0, 0, 0, 0, 0, 0, 0, 0, 0, 0, 0, 0, 0, 0]	[0, 0, 0, 0, 0, 0, 0, 0, 0, 0, 0, 0, 0, 0, 0, 0, 0, 0, 0, 0, 0, 0, 0, 0, 0, 0, 0, 0, 0, 0, 0]	[0.00022960000205785036, 0.01068009999289643, 0.027223999990383163, 0.04386700000031851, 0.060524100001202896, 0.07729919999837875, 0.09427210000285413, 0.11060020000149962, 0.12739959999453276, 0.14394749999337364, 0.1608397999953013, 0.17732560000149533, 0.19409869999799412, 0.21052079999935813, 0.22716019999643322, 0.24405839999963064, 0.26071429999137763, 0.2772313000023132, 0.2942287999903783, 0.31030440000176895, 0.32737579999957234, 0.34419489999709185, 0.36040130000037607, 0.37737750000087544, 0.394048300004215, 0.41035829999600537, 0.4270175999990897, 0.4437647000013385, 0.460457299996051, 0.47698099999979604, 0.49446279999392573]	225.0	318.0	0.5	9b
399	11	go_nogo	0	60	6	go	click	[16.0, 16.0, 31.0, 49.0, 74.0, 91.0, 100.0, 108.0, 116.0, 123.0, 131.0, 134.0, 141.0, 146.0, 154.0, 161.0, 163.0, 165.0, 168.0, 174.0, 182.0, 189.0, 190.0, 190.0, 190.0, 190.0, 190.0]	[-247.0, -247.0, -179.0, -106.0, -21.0, 48.0, 89.0, 119.0, 148.0, 168.0, 184.0, 191.0, 201.0, 211.0, 225.0, 233.0, 239.0, 243.0, 248.0, 258.0, 272.0, 282.0, 285.0, 285.0, 285.0, 285.0, 285.0]	[0, 0, 0, 0, 0, 0, 0, 0, 0, 0, 0, 0, 0, 0, 0, 0, 0, 0, 0, 0, 0, 0, 0, 0, 0, 0, 1]	[0, 0, 0, 0, 0, 0, 0, 0, 0, 0, 0, 0, 0, 0, 0, 0, 0, 0, 0, 0, 0, 0, 0, 0, 0, 0, 0]	[0, 0, 0, 0, 0, 0, 0, 0, 0, 0, 0, 0, 0, 0, 0, 0, 0, 0, 0, 0, 0, 0, 0, 0, 0, 0, 0]	[8.280000474769622e-05, 0.013038700009929016, 0.029252599997562356, 0.046150699999998324, 0.06284900000900961, 0.079519100007019, 0.09621600000537, 0.11294000000634696, 0.1294845000084024, 0.1462459000031231, 0.16274349999730475, 0.1793486000096891, 0.1964682000107132, 0.21284079999895766, 0.22927049999998417, 0.24597730000095908, 0.26271100000303704, 0.27944130000832956, 0.29599090000556316, 0.3127712999994401, 0.3293935999972746, 0.34606630000052974, 0.3626141999993706, 0.379375100004836, 0.3960111000051256, 0.41272800001024734, 0.42955739999888465]	190.0	285.0	1.0	9b
400	11	go_nogo	0	60	6	go	click	[97.0, 97.0, 119.0, 205.0, 255.0, 287.0, 306.0, 314.0, 318.0, 318.0, 318.0, 318.0, 318.0, 318.0, 318.0, 318.0, 318.0, 318.0, 316.0, 311.0, 302.0, 293.0, 285.0, 280.0, 274.0, 266.0, 257.0, 252.0, 246.0, 243.0, 242.0, 241.0, 241.0, 241.0]	[-193.0, -193.0, -154.0, 13.0, 126.0, 210.0, 258.0, 285.0, 296.0, 300.0, 300.0, 300.0, 300.0, 300.0, 300.0, 300.0, 300.0, 300.0, 300.0, 300.0, 299.0, 298.0, 296.0, 295.0, 292.0, 290.0, 289.0, 289.0, 289.0, 289.0, 288.0, 288.0, 288.0, 288.0]	[0, 0, 0, 0, 0, 0, 0, 0, 0, 0, 0, 0, 0, 0, 0, 0, 0, 0, 0, 0, 0, 0, 0, 0, 0, 0, 0, 0, 0, 0, 0, 0, 0, 1]	[0, 0, 0, 0, 0, 0, 0, 0, 0, 0, 0, 0, 0, 0, 0, 0, 0, 0, 0, 0, 0, 0, 0, 0, 0, 0, 0, 0, 0, 0, 0, 0, 0, 0]	[0, 0, 0, 0, 0, 0, 0, 0, 0, 0, 0, 0, 0, 0, 0, 0, 0, 0, 0, 0, 0, 0, 0, 0, 0, 0, 0, 0, 0, 0, 0, 0, 0, 0]	[0.00038670000503771007, 0.011464400013210252, 0.028092700013075955, 0.04541450001124758, 0.06125080000492744, 0.07837430000654422, 0.094866200000979, 0.1112796000088565, 0.12786760000744835, 0.14441100000112783, 0.161526000010781, 0.17782350000925362, 0.19457380000676494, 0.21104449999984354, 0.22762570000486448, 0.24434040000778623, 0.2613566000072751, 0.27802840000367723, 0.29469400001107715, 0.3114419000048656, 0.3283522000128869, 0.344679100002395, 0.36119520000647753, 0.3779136000084691, 0.39446440000028815, 0.41116640000836924, 0.4292911000084132, 0.4444890000013402, 0.46134160000656266, 0.4780427000077907, 0.4943733000109205, 0.5111338000133401, 0.5274175000085961, 0.5443738000030862]	241.0	288.0	0.6	9b
401	11	go_nogo	0	60	4	go	click	[70.0, 70.0, 93.0, 116.0, 141.0, 165.0, 185.0, 202.0, 218.0, 226.0, 230.0, 231.0, 231.0, 232.0, 232.0, 232.0, 232.0, 232.0, 230.0, 226.0, 220.0, 212.0, 208.0, 206.0, 206.0, 206.0, 206.0, 206.0]	[-220.0, -220.0, -150.0, -90.0, -22.0, 38.0, 83.0, 126.0, 165.0, 194.0, 207.0, 210.0, 211.0, 213.0, 217.0, 219.0, 220.0, 223.0, 230.0, 243.0, 262.0, 278.0, 286.0, 289.0, 289.0, 290.0, 290.0, 290.0]	[0, 0, 0, 0, 0, 0, 0, 0, 0, 0, 0, 0, 0, 0, 0, 0, 0, 0, 0, 0, 0, 0, 0, 0, 0, 0, 0, 1]	[0, 0, 0, 0, 0, 0, 0, 0, 0, 0, 0, 0, 0, 0, 0, 0, 0, 0, 0, 0, 0, 0, 0, 0, 0, 0, 0, 0]	[0, 0, 0, 0, 0, 0, 0, 0, 0, 0, 0, 0, 0, 0, 0, 0, 0, 0, 0, 0, 0, 0, 0, 0, 0, 0, 0, 0]	[7.349999214056879e-05, 0.01207139999314677, 0.02808149998600129, 0.04495949999545701, 0.06152489999658428, 0.07804069999838248, 0.09471359998860862, 0.11130089999642223, 0.1282012999872677, 0.1447277999977814, 0.1614520999864908, 0.17788129999826197, 0.19466879998799413, 0.2112819999892963, 0.22794479998992756, 0.2446532999892952, 0.2612100999976974, 0.2780435999884503, 0.29453029998694547, 0.31130359999951907, 0.3279665999871213, 0.3446248999971431, 0.3614715999865439, 0.3777972999960184, 0.3947170999890659, 0.4110280999884708, 0.4279256999870995, 0.44439939998846967]	206.0	290.0	0.5	9b
402	11	go_nogo	0	60	8	go	click	[34.0, 34.0, 54.0, 78.0, 107.0, 126.0, 139.0, 147.0, 148.0, 149.0, 149.0, 150.0, 151.0, 152.0, 152.0, 152.0, 152.0, 152.0, 152.0, 152.0, 155.0, 158.0, 163.0, 163.0, 163.0, 163.0]	[-184.0, -184.0, -92.0, 12.0, 122.0, 198.0, 247.0, 272.0, 282.0, 285.0, 285.0, 286.0, 290.0, 292.0, 293.0, 293.0, 293.0, 293.0, 293.0, 293.0, 293.0, 293.0, 293.0, 293.0, 293.0, 293.0]	[0, 0, 0, 0, 0, 0, 0, 0, 0, 0, 0, 0, 0, 0, 0, 0, 0, 0, 0, 0, 0, 0, 0, 0, 0, 1]	[0, 0, 0, 0, 0, 0, 0, 0, 0, 0, 0, 0, 0, 0, 0, 0, 0, 0, 0, 0, 0, 0, 0, 0, 0, 0]	[0, 0, 0, 0, 0, 0, 0, 0, 0, 0, 0, 0, 0, 0, 0, 0, 0, 0, 0, 0, 0, 0, 0, 0, 0, 0]	[7.37000082153827e-05, 0.01201510000100825, 0.028596300006029196, 0.04525080000166781, 0.06210560000909027, 0.0784509000077378, 0.09526860000914894, 0.1118923000030918, 0.12856790001387708, 0.1451608000061242, 0.16347320000932086, 0.17914480000035837, 0.1955554000014672, 0.21214490001148079, 0.22853730000497308, 0.24507690001337323, 0.26186040000175126, 0.27846770000178367, 0.2950987000076566, 0.3120676000107778, 0.3286294999998063, 0.34539120001136325, 0.36174690000189, 0.3783858000097098, 0.39514790000976063, 0.41210220000357367]	163.0	293.0	1.0	9b
403	11	go_nogo	0	60	4	go	click	[2.0, 2.0, 9.0, 26.0, 40.0, 69.0, 85.0, 99.0, 112.0, 122.0, 129.0, 136.0, 142.0, 152.0, 162.0, 168.0, 175.0, 179.0, 186.0, 194.0, 199.0, 200.0, 200.0, 200.0, 200.0]	[-257.0, -257.0, -218.0, -130.0, -55.0, 32.0, 86.0, 128.0, 161.0, 188.0, 203.0, 214.0, 225.0, 238.0, 250.0, 260.0, 271.0, 277.0, 289.0, 301.0, 309.0, 310.0, 310.0, 310.0, 310.0]	[0, 0, 0, 0, 0, 0, 0, 0, 0, 0, 0, 0, 0, 0, 0, 0, 0, 0, 0, 0, 0, 0, 0, 0, 1]	[0, 0, 0, 0, 0, 0, 0, 0, 0, 0, 0, 0, 0, 0, 0, 0, 0, 0, 0, 0, 0, 0, 0, 0, 0]	[0, 0, 0, 0, 0, 0, 0, 0, 0, 0, 0, 0, 0, 0, 0, 0, 0, 0, 0, 0, 0, 0, 0, 0, 0]	[0.0002119999990100041, 0.011324399994919077, 0.02782759998808615, 0.04471569998713676, 0.06138949999876786, 0.07815689999551978, 0.09471929998835549, 0.11153349999221973, 0.1282811999990372, 0.14465329999802634, 0.16134529998817015, 0.1779025999858277, 0.19467369999620132, 0.211338799999794, 0.2277892999991309, 0.24485949998779688, 0.2621601999999257, 0.2781821999960812, 0.2948385999916354, 0.31130439999105874, 0.3280648999934783, 0.34447789999831, 0.3611129999917466, 0.3777791999891633, 0.3949620999919716]	200.0	310.0	0.9	9b
404	11	go_nogo	0	60	3	go	click	[54.0, 54.0, 82.0, 112.0, 134.0, 154.0, 165.0, 175.0, 181.0, 184.0, 188.0, 191.0, 193.0, 193.0, 193.0, 193.0, 193.0, 193.0, 193.0, 193.0, 193.0, 193.0]	[-201.0, -201.0, -107.0, -24.0, 65.0, 130.0, 176.0, 210.0, 237.0, 256.0, 271.0, 280.0, 290.0, 292.0, 292.0, 292.0, 292.0, 292.0, 292.0, 292.0, 292.0, 292.0]	[0, 0, 0, 0, 0, 0, 0, 0, 0, 0, 0, 0, 0, 0, 0, 0, 0, 0, 0, 0, 0, 1]	[0, 0, 0, 0, 0, 0, 0, 0, 0, 0, 0, 0, 0, 0, 0, 0, 0, 0, 0, 0, 0, 0]	[0, 0, 0, 0, 0, 0, 0, 0, 0, 0, 0, 0, 0, 0, 0, 0, 0, 0, 0, 0, 0, 0]	[0.00021260000357870013, 0.009967899997718632, 0.026637000002665445, 0.04327470000134781, 0.06037849999847822, 0.07670979999238625, 0.09338469999784138, 0.10984370000369381, 0.12673699999868404, 0.143518299999414, 0.16033519999473356, 0.17693279999366496, 0.19366489999811165, 0.21018899999035057, 0.22646779999195132, 0.24315339999157004, 0.25973229999362957, 0.27634280000347644, 0.2932550999976229, 0.30981079999764916, 0.3264133999909973, 0.3436080999963451]	193.0	292.0	0.7	9b
405	11	go_nogo	0	60	3	go	click	[24.0, 30.0, 38.0, 48.0, 65.0, 95.0, 122.0, 146.0, 161.0, 172.0, 180.0, 185.0, 187.0, 189.0, 190.0, 191.0, 195.0, 197.0, 200.0, 201.0, 201.0, 201.0, 201.0, 201.0, 201.0, 201.0, 201.0, 201.0, 201.0]	[-297.0, -269.0, -240.0, -182.0, -121.0, -29.0, 39.0, 93.0, 126.0, 149.0, 169.0, 180.0, 188.0, 194.0, 198.0, 203.0, 221.0, 232.0, 245.0, 251.0, 252.0, 252.0, 252.0, 255.0, 262.0, 270.0, 277.0, 277.0, 277.0]	[0, 0, 0, 0, 0, 0, 0, 0, 0, 0, 0, 0, 0, 0, 0, 0, 0, 0, 0, 0, 0, 0, 0, 0, 0, 0, 0, 0, 1]	[0, 0, 0, 0, 0, 0, 0, 0, 0, 0, 0, 0, 0, 0, 0, 0, 0, 0, 0, 0, 0, 0, 0, 0, 0, 0, 0, 0, 0]	[0, 0, 0, 0, 0, 0, 0, 0, 0, 0, 0, 0, 0, 0, 0, 0, 0, 0, 0, 0, 0, 0, 0, 0, 0, 0, 0, 0, 0]	[0.00010000000474974513, 0.013199400011217222, 0.02974190001259558, 0.04626970000390429, 0.06292470000335015, 0.07979280001018196, 0.09659040000406094, 0.11313389999850187, 0.1296139000041876, 0.1465446000074735, 0.16294150000612717, 0.17968260000634473, 0.19624670001212507, 0.21290320000844076, 0.22956070001237094, 0.24640650000947062, 0.2629785000026459, 0.2795887000102084, 0.2963282000127947, 0.3128760000108741, 0.32933810001122765, 0.3459659000072861, 0.36302480001177173, 0.3795100999996066, 0.39611720001266804, 0.4129543000017293, 0.4293509000126505, 0.44602480001049116, 0.4629799000103958]	201.0	277.0	0.9	9b
406	11	go_nogo	0	60	1	nogo	none	[55.0, 62.0, 71.0, 94.0, 124.0, 150.0, 170.0, 193.0, 219.0, 233.0, 244.0, 250.0, 254.0, 254.0, 255.0, 255.0, 255.0, 255.0, 255.0, 255.0, 251.0, 244.0, 242.0, 234.0, 230.0, 226.0, 223.0, 221.0, 219.0, 219.0, 219.0, 219.0, 219.0, 219.0, 219.0, 219.0, 219.0, 219.0, 219.0, 219.0, 219.0, 219.0, 219.0, 219.0, 219.0, 219.0, 219.0, 219.0, 219.0, 219.0, 219.0, 219.0, 219.0, 219.0, 219.0, 219.0, 219.0, 219.0, 219.0, 219.0, 219.0, 219.0, 219.0, 219.0, 219.0, 219.0, 219.0, 219.0, 219.0, 219.0, 219.0, 219.0]	[-276.0, -258.0, -236.0, -180.0, -111.0, -47.0, 5.0, 51.0, 120.0, 155.0, 184.0, 203.0, 213.0, 216.0, 217.0, 217.0, 217.0, 217.0, 217.0, 219.0, 226.0, 238.0, 243.0, 255.0, 261.0, 266.0, 272.0, 277.0, 280.0, 282.0, 282.0, 282.0, 282.0, 282.0, 282.0, 282.0, 282.0, 282.0, 282.0, 282.0, 282.0, 282.0, 282.0, 282.0, 282.0, 282.0, 282.0, 282.0, 282.0, 282.0, 282.0, 282.0, 282.0, 282.0, 282.0, 282.0, 282.0, 282.0, 282.0, 282.0, 282.0, 282.0, 282.0, 282.0, 282.0, 282.0, 282.0, 282.0, 282.0, 282.0, 282.0, 282.0]	[0, 0, 0, 0, 0, 0, 0, 0, 0, 0, 0, 0, 0, 0, 0, 0, 0, 0, 0, 0, 0, 0, 0, 0, 0, 0, 0, 0, 0, 0, 0, 0, 0, 0, 0, 0, 0, 0, 0, 0, 0, 0, 0, 0, 0, 0, 0, 0, 0, 0, 0, 0, 0, 0, 0, 0, 0, 0, 0, 0, 0, 0, 0, 0, 0, 0, 0, 0, 0, 0, 0, 0]	[0, 0, 0, 0, 0, 0, 0, 0, 0, 0, 0, 0, 0, 0, 0, 0, 0, 0, 0, 0, 0, 0, 0, 0, 0, 0, 0, 0, 0, 0, 0, 0, 0, 0, 0, 0, 0, 0, 0, 0, 0, 0, 0, 0, 0, 0, 0, 0, 0, 0, 0, 0, 0, 0, 0, 0, 0, 0, 0, 0, 0, 0, 0, 0, 0, 0, 0, 0, 0, 0, 0, 0]	[0, 0, 0, 0, 0, 0, 0, 0, 0, 0, 0, 0, 0, 0, 0, 0, 0, 0, 0, 0, 0, 0, 0, 0, 0, 0, 0, 0, 0, 0, 0, 0, 0, 0, 0, 0, 0, 0, 0, 0, 0, 0, 0, 0, 0, 0, 0, 0, 0, 0, 0, 0, 0, 0, 0, 0, 0, 0, 0, 0, 0, 0, 0, 0, 0, 0, 0, 0, 0, 0, 0, 0]	[8.109999180305749e-05, 0.010238999995635822, 0.02709619999222923, 0.04358389999833889, 0.060425899995607324, 0.0767615999939153, 0.09354719999828376, 0.11046880000503734, 0.12723119999282062, 0.14356919999409, 0.16066330000467133, 0.17725310000241734, 0.19389130000490695, 0.2104232999990927, 0.22656080000160728, 0.24341199999616947, 0.2601753000053577, 0.2768647000048077, 0.2934696000011172, 0.3101272999920184, 0.32685939999646507, 0.343467700004112, 0.3601704000029713, 0.37708269999711774, 0.3935507999995025, 0.4101195999974152, 0.4264917999971658, 0.44335819999105297, 0.4600651999935508, 0.4765237999963574, 0.49315979999664705, 0.5100863999978174, 0.5264838000002783, 0.5433118999935687, 0.5597880999994231, 0.5766046999924583, 0.5935169000003953, 0.6098895000031916, 0.626679699998931, 0.6431410999939544, 0.659916799995699, 0.6763580999977421, 0.6931358000001637, 0.709896000000299, 0.7268025999946985, 0.7430010999960359, 0.7597020999965025, 0.7762775000010151, 0.7930729999934556, 0.8098702999996021, 0.826322099994286, 0.8430299000028754, 0.8597537000023294, 0.8764125000016065, 0.8929527000000235, 0.9096966999932192, 0.9262922999914736, 0.9430223999952432, 0.9596408999932464, 0.9765291999938199, 0.9930380000005243, 1.0096919999923557, 1.0263094999972964, 1.0432533999992302, 1.0596783999935724, 1.0765280000050552, 1.0929288000043016, 1.1098144999996293, 1.1261664999910863, 1.1429286999918986, 1.1594024999940302, 1.1761767999996664]	n/a	n/a	0.8	9b
407	11	go_nogo	0	60	2	go	click	[46.0, 46.0, 75.0, 103.0, 126.0, 139.0, 149.0, 156.0, 163.0, 168.0, 173.0, 174.0, 175.0, 177.0, 177.0, 177.0, 178.0, 179.0, 179.0, 180.0, 182.0, 183.0, 184.0, 185.0, 186.0, 186.0, 186.0]	[-231.0, -231.0, -166.0, -90.0, -24.0, 25.0, 58.0, 83.0, 106.0, 125.0, 146.0, 159.0, 174.0, 181.0, 187.0, 194.0, 201.0, 214.0, 228.0, 241.0, 254.0, 263.0, 270.0, 276.0, 278.0, 279.0, 279.0]	[0, 0, 0, 0, 0, 0, 0, 0, 0, 0, 0, 0, 0, 0, 0, 0, 0, 0, 0, 0, 0, 0, 0, 0, 0, 0, 1]	[0, 0, 0, 0, 0, 0, 0, 0, 0, 0, 0, 0, 0, 0, 0, 0, 0, 0, 0, 0, 0, 0, 0, 0, 0, 0, 0]	[0, 0, 0, 0, 0, 0, 0, 0, 0, 0, 0, 0, 0, 0, 0, 0, 0, 0, 0, 0, 0, 0, 0, 0, 0, 0, 0]	[7.619999814778566e-05, 0.010087300004670396, 0.027637600011075847, 0.04342539999925066, 0.06037089999881573, 0.07676660000288393, 0.09346319999895059, 0.1100816000107443, 0.12681000000156928, 0.14334989999770187, 0.16006690000358503, 0.17674640000041109, 0.19386640000448097, 0.21098499999789055, 0.22730030000093393, 0.2433854999981122, 0.2599205000005895, 0.2766262000077404, 0.29329270000744145, 0.30993620000663213, 0.326555500010727, 0.3434051000076579, 0.35993630001030397, 0.3766488999972353, 0.3932210000057239, 0.409725100005744, 0.42722340000909753]	186.0	279.0	0.8	9b
408	11	go_nogo	0	60	4	go	click	[31.0, 31.0, 57.0, 82.0, 103.0, 127.0, 148.0, 164.0, 177.0, 190.0, 195.0, 200.0, 203.0, 205.0, 206.0, 206.0, 206.0, 206.0, 206.0, 206.0, 206.0, 206.0, 206.0]	[-274.0, -274.0, -203.0, -128.0, -51.0, 27.0, 101.0, 155.0, 194.0, 230.0, 244.0, 255.0, 265.0, 272.0, 273.0, 273.0, 273.0, 273.0, 273.0, 273.0, 273.0, 273.0, 273.0]	[0, 0, 0, 0, 0, 0, 0, 0, 0, 0, 0, 0, 0, 0, 0, 0, 0, 0, 0, 0, 0, 0, 1]	[0, 0, 0, 0, 0, 0, 0, 0, 0, 0, 0, 0, 0, 0, 0, 0, 0, 0, 0, 0, 0, 0, 0]	[0, 0, 0, 0, 0, 0, 0, 0, 0, 0, 0, 0, 0, 0, 0, 0, 0, 0, 0, 0, 0, 0, 0]	[8.189999789465219e-05, 0.012031000005663373, 0.028638300005695783, 0.04538470000261441, 0.0621709999977611, 0.07870280000497587, 0.09539600000425708, 0.11218199999711942, 0.12893730000359938, 0.14589519999572076, 0.1622254999965662, 0.1790063999942504, 0.1954353000037372, 0.21202000000630505, 0.22853150000446476, 0.24510270000610035, 0.2618345000082627, 0.2785321999981534, 0.2951829999947222, 0.31184969999594614, 0.3287066000048071, 0.34542810000129975, 0.3619767000054708]	206.0	273.0	0.9	9b
409	11	go_nogo	0	60	7	go	click	[30.0, 30.0, 38.0, 60.0, 85.0, 102.0, 114.0, 119.0, 122.0, 122.0, 123.0, 125.0, 131.0, 136.0, 137.0, 137.0, 137.0, 137.0, 137.0, 138.0, 140.0, 146.0, 150.0, 153.0, 156.0, 159.0, 165.0, 168.0, 168.0, 168.0]	[-157.0, -157.0, -90.0, 45.0, 131.0, 179.0, 213.0, 225.0, 229.0, 230.0, 232.0, 237.0, 246.0, 252.0, 255.0, 255.0, 255.0, 255.0, 255.0, 255.0, 258.0, 264.0, 269.0, 272.0, 275.0, 279.0, 284.0, 289.0, 289.0, 289.0]	[0, 0, 0, 0, 0, 0, 0, 0, 0, 0, 0, 0, 0, 0, 0, 0, 0, 0, 0, 0, 0, 0, 0, 0, 0, 0, 0, 0, 0, 1]	[0, 0, 0, 0, 0, 0, 0, 0, 0, 0, 0, 0, 0, 0, 0, 0, 0, 0, 0, 0, 0, 0, 0, 0, 0, 0, 0, 0, 0, 0]	[0, 0, 0, 0, 0, 0, 0, 0, 0, 0, 0, 0, 0, 0, 0, 0, 0, 0, 0, 0, 0, 0, 0, 0, 0, 0, 0, 0, 0, 0]	[0.00021269998978823423, 0.00901779999549035, 0.02561250000144355, 0.04247239998949226, 0.05898699999670498, 0.0756519999995362, 0.09269589999166783, 0.10915099999692757, 0.12605539998912718, 0.1428604999964591, 0.15899359999457374, 0.17562379999435507, 0.19233530000201426, 0.20896659999561962, 0.22545129999343771, 0.24211469999863766, 0.2587007999973139, 0.27529849999700673, 0.29229990000021644, 0.30947829999786336, 0.3260293999919668, 0.3422542999906, 0.35909800000081304, 0.37563609999779146, 0.39216119999764487, 0.4089432999899145, 0.4255624999932479, 0.4419323999900371, 0.45875900000100955, 0.4759229999908712]	169.0	289.0	0.9	9b
410	11	go_nogo	0	60	1	nogo	none	[71.0, 75.0, 83.0, 107.0, 136.0, 159.0, 177.0, 191.0, 201.0, 205.0, 209.0, 214.0, 218.0, 220.0, 220.0, 220.0, 220.0, 220.0, 220.0, 219.0, 218.0, 218.0, 218.0, 217.0, 217.0, 217.0, 217.0, 217.0, 217.0, 217.0, 217.0, 217.0, 217.0, 217.0, 217.0, 217.0, 217.0, 217.0, 217.0, 217.0, 217.0, 217.0, 217.0, 217.0, 217.0, 217.0, 217.0, 217.0, 217.0, 217.0, 217.0, 217.0, 217.0, 217.0, 217.0, 217.0, 217.0, 217.0, 217.0, 217.0, 217.0, 217.0, 217.0, 217.0, 217.0]	[-256.0, -234.0, -205.0, -123.0, -40.0, 34.0, 85.0, 125.0, 156.0, 177.0, 194.0, 211.0, 226.0, 238.0, 242.0, 243.0, 245.0, 247.0, 254.0, 263.0, 271.0, 275.0, 277.0, 278.0, 278.0, 278.0, 278.0, 278.0, 278.0, 278.0, 278.0, 278.0, 278.0, 278.0, 278.0, 278.0, 278.0, 278.0, 278.0, 278.0, 278.0, 278.0, 278.0, 278.0, 278.0, 278.0, 278.0, 278.0, 278.0, 278.0, 278.0, 278.0, 278.0, 278.0, 278.0, 278.0, 278.0, 278.0, 278.0, 278.0, 278.0, 278.0, 278.0, 278.0, 278.0]	[0, 0, 0, 0, 0, 0, 0, 0, 0, 0, 0, 0, 0, 0, 0, 0, 0, 0, 0, 0, 0, 0, 0, 0, 0, 0, 0, 0, 0, 0, 0, 0, 0, 0, 0, 0, 0, 0, 0, 0, 0, 0, 0, 0, 0, 0, 0, 0, 0, 0, 0, 0, 0, 0, 0, 0, 0, 0, 0, 0, 0, 0, 0, 0, 0]	[0, 0, 0, 0, 0, 0, 0, 0, 0, 0, 0, 0, 0, 0, 0, 0, 0, 0, 0, 0, 0, 0, 0, 0, 0, 0, 0, 0, 0, 0, 0, 0, 0, 0, 0, 0, 0, 0, 0, 0, 0, 0, 0, 0, 0, 0, 0, 0, 0, 0, 0, 0, 0, 0, 0, 0, 0, 0, 0, 0, 0, 0, 0, 0, 0]	[0, 0, 0, 0, 0, 0, 0, 0, 0, 0, 0, 0, 0, 0, 0, 0, 0, 0, 0, 0, 0, 0, 0, 0, 0, 0, 0, 0, 0, 0, 0, 0, 0, 0, 0, 0, 0, 0, 0, 0, 0, 0, 0, 0, 0, 0, 0, 0, 0, 0, 0, 0, 0, 0, 0, 0, 0, 0, 0, 0, 0, 0, 0, 0, 0]	[0.0002280000044265762, 0.009213900004397146, 0.026320200006011873, 0.042620599997462705, 0.059077600002638064, 0.07589770000777207, 0.09244370000669733, 0.10913460000301711, 0.12584810001135338, 0.14248730000690557, 0.15935190000163857, 0.17579350000596605, 0.1927818000112893, 0.20935730000201147, 0.22584070000448264, 0.2425197999982629, 0.2591627000074368, 0.27601650000724476, 0.29253410000819713, 0.3092035000008764, 0.3257336000096984, 0.3424213999969652, 0.3589918000070611, 0.3757389000093099, 0.3922727000026498, 0.4090314000059152, 0.4257934000052046, 0.44241730000067037, 0.4588609000056749, 0.47585950000211596, 0.49234850000357255, 0.5090373999992153, 0.525681800005259, 0.5424721000017598, 0.5589640999969561, 0.5758528000005754, 0.592396899999585, 0.60923110001022, 0.6256920000014361, 0.6423189000051934, 0.659010200004559, 0.6756357999984175, 0.6922752000100445, 0.7089892000076361, 0.7255864000035217, 0.7421510999993188, 0.7589066000073217, 0.7755017000017688, 0.7921864000090864, 0.8088622000068426, 0.8255826000095112, 0.8423410000104923, 0.8590151000098558, 0.8758174000104191, 0.8922770000062883, 0.9088451999996323, 0.9256154000031529, 0.9422360000025947, 0.9589735000045039, 0.9755401000002166, 0.9918421000038506, 1.0088173000112874, 1.0258292000071378, 1.0423531999986153, 1.0588941000023624]	n/a	n/a	0.7	9b
411	11	go_nogo	0	60	3	go	click	[25.0, 25.0, 39.0, 62.0, 88.0, 120.0, 147.0, 163.0, 172.0, 179.0, 188.0, 195.0, 198.0, 199.0, 199.0, 199.0, 199.0, 199.0, 200.0, 200.0, 201.0, 201.0, 201.0, 201.0, 201.0, 201.0]	[-280.0, -280.0, -218.0, -144.0, -65.0, 15.0, 83.0, 123.0, 154.0, 177.0, 202.0, 235.0, 248.0, 253.0, 255.0, 256.0, 257.0, 260.0, 267.0, 277.0, 286.0, 289.0, 289.0, 289.0, 289.0, 289.0]	[0, 0, 0, 0, 0, 0, 0, 0, 0, 0, 0, 0, 0, 0, 0, 0, 0, 0, 0, 0, 0, 0, 0, 0, 0, 1]	[0, 0, 0, 0, 0, 0, 0, 0, 0, 0, 0, 0, 0, 0, 0, 0, 0, 0, 0, 0, 0, 0, 0, 0, 0, 0]	[0, 0, 0, 0, 0, 0, 0, 0, 0, 0, 0, 0, 0, 0, 0, 0, 0, 0, 0, 0, 0, 0, 0, 0, 0, 0]	[0.00021610000112559646, 0.012580199996591546, 0.029282599993166514, 0.046070299998973496, 0.062405099990428425, 0.07909899999503978, 0.09585519999382086, 0.11252319999039173, 0.12914449999516364, 0.14580109999224078, 0.16250569999101572, 0.17951479999464937, 0.19623769998725038, 0.21250759999384172, 0.22955619999265764, 0.2458790999953635, 0.2624960999964969, 0.2791778999962844, 0.2957309999910649, 0.3124896999943303, 0.32890509998833295, 0.34558719999040477, 0.3623712999979034, 0.37890239999978803, 0.3956463999929838, 0.4121866999921622]	201.0	289.0	0.7	9b
412	11	go_nogo	0	60	2	go	click	[19.0, 19.0, 33.0, 50.0, 63.0, 74.0, 88.0, 97.0, 107.0, 116.0, 127.0, 135.0, 140.0, 142.0, 143.0, 146.0, 150.0, 152.0, 156.0, 157.0, 160.0, 161.0, 166.0, 167.0, 167.0, 167.0, 167.0, 167.0, 167.0]	[-270.0, -270.0, -192.0, -93.0, 9.0, 83.0, 132.0, 163.0, 188.0, 213.0, 237.0, 254.0, 266.0, 272.0, 274.0, 278.0, 285.0, 291.0, 298.0, 302.0, 305.0, 308.0, 312.0, 313.0, 313.0, 313.0, 313.0, 313.0, 314.0]	[0, 0, 0, 0, 0, 0, 0, 0, 0, 0, 0, 0, 0, 0, 0, 0, 0, 0, 0, 0, 0, 0, 0, 0, 0, 0, 0, 0, 1]	[0, 0, 0, 0, 0, 0, 0, 0, 0, 0, 0, 0, 0, 0, 0, 0, 0, 0, 0, 0, 0, 0, 0, 0, 0, 0, 0, 0, 0]	[0, 0, 0, 0, 0, 0, 0, 0, 0, 0, 0, 0, 0, 0, 0, 0, 0, 0, 0, 0, 0, 0, 0, 0, 0, 0, 0, 0, 0]	[0.00021379999816417694, 0.010013699997216463, 0.026999599998816848, 0.04309119998652022, 0.05998079999699257, 0.0764490999863483, 0.09301859998959117, 0.10989100000006147, 0.1263464999938151, 0.14293859999452252, 0.15978239999094512, 0.17619379999814555, 0.19272319998708554, 0.20967509999172762, 0.22612629999639466, 0.24284019999322481, 0.2594070999912219, 0.27616439999837894, 0.29289079998852685, 0.3093605999893043, 0.3262533999950392, 0.3427882999967551, 0.359593599991058, 0.3760440999903949, 0.392790599988075, 0.40990999998757616, 0.4263566999870818, 0.44307839999964926, 0.45949959999416023]	167.0	314.0	0.5	9b
413	11	go_nogo	0	60	2	go	click	[7.0, 7.0, 21.0, 35.0, 49.0, 61.0, 77.0, 98.0, 123.0, 157.0, 173.0, 184.0, 190.0, 196.0, 200.0, 203.0, 203.0, 205.0, 206.0, 208.0, 210.0, 210.0, 210.0, 210.0, 210.0]	[-292.0, -292.0, -252.0, -211.0, -171.0, -130.0, -77.0, -14.0, 50.0, 139.0, 183.0, 214.0, 237.0, 256.0, 269.0, 276.0, 279.0, 284.0, 289.0, 298.0, 303.0, 304.0, 304.0, 304.0, 304.0]	[0, 0, 0, 0, 0, 0, 0, 0, 0, 0, 0, 0, 0, 0, 0, 0, 0, 0, 0, 0, 0, 0, 0, 0, 1]	[0, 0, 0, 0, 0, 0, 0, 0, 0, 0, 0, 0, 0, 0, 0, 0, 0, 0, 0, 0, 0, 0, 0, 0, 0]	[0, 0, 0, 0, 0, 0, 0, 0, 0, 0, 0, 0, 0, 0, 0, 0, 0, 0, 0, 0, 0, 0, 0, 0, 0]	[0.00010849999671336263, 0.012294600004679523, 0.028978999995160848, 0.04560990000027232, 0.06241299999237526, 0.07929100000183098, 0.09587190000456758, 0.11277900000277441, 0.12921790000109468, 0.14601139999285806, 0.16283349999866914, 0.1793556000047829, 0.19579670000530314, 0.21245239999552723, 0.22924369999964256, 0.24591230000078212, 0.262523900004453, 0.2792717999982415, 0.2958991000050446, 0.3125698999938322, 0.32906410000578035, 0.3458719000045676, 0.3622849999956088, 0.3788970000023255, 0.39561479999974836]	210.0	304.0	0.6	9b
414	11	go_nogo	0	60	8	go	click	[25.0, 37.0, 49.0, 74.0, 96.0, 115.0, 132.0, 145.0, 153.0, 159.0, 163.0, 170.0, 176.0, 179.0, 179.0, 179.0, 180.0, 180.0, 180.0, 180.0, 180.0, 180.0, 180.0, 180.0, 180.0, 180.0]	[-237.0, -196.0, -152.0, -66.0, 23.0, 103.0, 172.0, 214.0, 243.0, 270.0, 289.0, 311.0, 326.0, 333.0, 334.0, 334.0, 334.0, 334.0, 334.0, 334.0, 334.0, 334.0, 334.0, 334.0, 334.0, 334.0]	[0, 0, 0, 0, 0, 0, 0, 0, 0, 0, 0, 0, 0, 0, 0, 0, 0, 0, 0, 0, 0, 0, 0, 0, 0, 1]	[0, 0, 0, 0, 0, 0, 0, 0, 0, 0, 0, 0, 0, 0, 0, 0, 0, 0, 0, 0, 0, 0, 0, 0, 0, 0]	[0, 0, 0, 0, 0, 0, 0, 0, 0, 0, 0, 0, 0, 0, 0, 0, 0, 0, 0, 0, 0, 0, 0, 0, 0, 0]	[0.00021070000366307795, 0.010112400006619282, 0.026586299994960427, 0.043270800000755116, 0.059984899999108166, 0.07650140000623651, 0.09346030000597239, 0.11011379999399651, 0.12666039999749046, 0.14329900000302587, 0.1598260000027949, 0.17697830000543036, 0.19336780000594445, 0.2099300999980187, 0.22645089999423362, 0.2431293999979971, 0.25989149999804795, 0.2763842999993358, 0.29293199999665376, 0.30962949999957345, 0.3262637000007089, 0.3429654999927152, 0.35954609999316745, 0.37622160000319127, 0.39301050000358373, 0.4096482000022661]	180.0	334.0	0.6	9b
415	11	go_nogo	0	60	9	nogo	none	[67.0, 67.0, 86.0, 124.0, 185.0, 220.0, 242.0, 256.0, 264.0, 269.0, 271.0, 271.0, 272.0, 272.0, 272.0, 272.0, 272.0, 272.0, 270.0, 268.0, 266.0, 264.0, 262.0, 259.0, 252.0, 246.0, 240.0, 236.0, 235.0, 233.0, 231.0, 230.0, 229.0, 229.0, 228.0, 228.0, 228.0, 228.0, 228.0, 228.0, 228.0, 228.0, 228.0, 228.0, 228.0, 228.0, 228.0, 228.0, 228.0, 228.0, 228.0, 228.0, 228.0, 228.0, 228.0, 228.0, 228.0, 228.0, 228.0, 228.0, 228.0, 228.0, 228.0, 228.0, 228.0, 228.0, 228.0, 228.0, 228.0, 228.0, 228.0, 228.0, 228.0, 235.0, 244.0, 246.0, 246.0, 246.0, 246.0, 246.0, 246.0, 246.0, 246.0, 246.0, 246.0, 246.0, 246.0, 246.0, 246.0, 246.0, 246.0, 246.0]	[-212.0, -212.0, -173.0, -88.0, 48.0, 129.0, 196.0, 239.0, 268.0, 283.0, 290.0, 291.0, 292.0, 293.0, 294.0, 296.0, 304.0, 311.0, 315.0, 318.0, 319.0, 320.0, 320.0, 320.0, 320.0, 319.0, 317.0, 316.0, 315.0, 314.0, 314.0, 313.0, 313.0, 313.0, 312.0, 312.0, 312.0, 312.0, 312.0, 312.0, 312.0, 312.0, 312.0, 312.0, 312.0, 312.0, 312.0, 312.0, 312.0, 312.0, 312.0, 312.0, 312.0, 312.0, 312.0, 312.0, 312.0, 312.0, 312.0, 312.0, 312.0, 312.0, 312.0, 312.0, 312.0, 312.0, 312.0, 312.0, 312.0, 312.0, 312.0, 312.0, 312.0, 314.0, 318.0, 321.0, 321.0, 321.0, 321.0, 321.0, 321.0, 321.0, 321.0, 321.0, 321.0, 321.0, 321.0, 321.0, 321.0, 321.0, 321.0, 321.0]	[0, 0, 0, 0, 0, 0, 0, 0, 0, 0, 0, 0, 0, 0, 0, 0, 0, 0, 0, 0, 0, 0, 0, 0, 0, 0, 0, 0, 0, 0, 0, 0, 0, 0, 0, 0, 0, 0, 0, 0, 0, 0, 0, 0, 0, 0, 0, 0, 0, 0, 0, 0, 0, 0, 0, 0, 0, 0, 0, 0, 0, 0, 0, 0, 0, 0, 0, 0, 0, 0, 0, 0, 0, 0, 0, 0, 0, 0, 0, 0, 0, 0, 0, 0, 0, 0, 0, 0, 0, 0, 0, 0]	[0, 0, 0, 0, 0, 0, 0, 0, 0, 0, 0, 0, 0, 0, 0, 0, 0, 0, 0, 0, 0, 0, 0, 0, 0, 0, 0, 0, 0, 0, 0, 0, 0, 0, 0, 0, 0, 0, 0, 0, 0, 0, 0, 0, 0, 0, 0, 0, 0, 0, 0, 0, 0, 0, 0, 0, 0, 0, 0, 0, 0, 0, 0, 0, 0, 0, 0, 0, 0, 0, 0, 0, 0, 0, 0, 0, 0, 0, 0, 0, 0, 0, 0, 0, 0, 0, 0, 0, 0, 0, 0, 0]	[0, 0, 0, 0, 0, 0, 0, 0, 0, 0, 0, 0, 0, 0, 0, 0, 0, 0, 0, 0, 0, 0, 0, 0, 0, 0, 0, 0, 0, 0, 0, 0, 0, 0, 0, 0, 0, 0, 0, 0, 0, 0, 0, 0, 0, 0, 0, 0, 0, 0, 0, 0, 0, 0, 0, 0, 0, 0, 0, 0, 0, 0, 0, 0, 0, 0, 0, 0, 0, 0, 0, 0, 0, 0, 0, 0, 0, 0, 0, 0, 0, 0, 0, 0, 0, 0, 0, 0, 0, 0, 0, 0]	[0.00021260000357870013, 0.009586800006218255, 0.026697300010710023, 0.04359929999918677, 0.05974209999840241, 0.07644660001096781, 0.09312660001160111, 0.10986409999895841, 0.12644830001227092, 0.14316160000453237, 0.15964280000480358, 0.1765105000085896, 0.19298750000598375, 0.20978570000443142, 0.22640769999998156, 0.24308949999976903, 0.2602527999988524, 0.27691990000312217, 0.2935171999997692, 0.3095159000076819, 0.32635339999978896, 0.34296850000100676, 0.3595691000082297, 0.3764357000036398, 0.39289970000390895, 0.4097743000020273, 0.42608210000616964, 0.4428609000024153, 0.45921919999818783, 0.47643360000802204, 0.4928119000105653, 0.509625300008338, 0.5261299000121653, 0.5430048999987775, 0.5594101000024239, 0.5759277000033762, 0.5926998000068124, 0.6093396000069333, 0.6259603000071365, 0.643046700002742, 0.6596309000015026, 0.676203600000008, 0.692707900001551, 0.7098533000098541, 0.7260266000084812, 0.7428171000065049, 0.7596023000078276, 0.7760352000041166, 0.7927834000001894, 0.8093827000120655, 0.8262027000018861, 0.8426522000081604, 0.859360900009051, 0.8759870000067167, 0.8927542000019457, 0.9094810000096913, 0.9258644000074128, 0.9429145000030985, 0.9594706000061706, 0.9760924000001978, 0.9926970000087749, 1.0093512000021292, 1.0258402000035858, 1.0426071000110824, 1.0592585000122199, 1.0758762000041315, 1.0924061000114307, 1.1091405000042869, 1.1261513000063132, 1.1425620000081835, 1.159315400000196, 1.1758938999992097, 1.1926950000051875, 1.2093576000042958, 1.225954500012449, 1.242464499999187, 1.2589846000046236, 1.2756394000025466, 1.292361500003608, 1.3088901000010082, 1.3260752000060165, 1.3424169000063557, 1.3593301000073552, 1.375958400007221, 1.3927526000043144, 1.4092711000121199, 1.4261033000075258, 1.4429815000039525, 1.4591975000075763, 1.475843200008967, 1.4923139000020456, 1.5091436000075191]	n/a	n/a	0.8	9b
416	11	go_nogo	0	60	8	go	click	[95.0, 95.0, 105.0, 122.0, 146.0, 177.0, 183.0, 211.0, 223.0, 234.0, 242.0, 245.0, 245.0, 246.0, 246.0, 246.0, 246.0, 246.0, 244.0, 242.0, 242.0, 242.0, 242.0, 242.0]	[-209.0, -209.0, -169.0, -100.0, -18.0, 77.0, 105.0, 189.0, 224.0, 251.0, 271.0, 280.0, 284.0, 285.0, 285.0, 285.0, 285.0, 290.0, 301.0, 305.0, 306.0, 307.0, 307.0, 307.0]	[0, 0, 0, 0, 0, 0, 0, 0, 0, 0, 0, 0, 0, 0, 0, 0, 0, 0, 0, 0, 0, 0, 0, 1]	[0, 0, 0, 0, 0, 0, 0, 0, 0, 0, 0, 0, 0, 0, 0, 0, 0, 0, 0, 0, 0, 0, 0, 0]	[0, 0, 0, 0, 0, 0, 0, 0, 0, 0, 0, 0, 0, 0, 0, 0, 0, 0, 0, 0, 0, 0, 0, 0]	[0.00020059999951627105, 0.011843400003272109, 0.02877000000444241, 0.04524380000657402, 0.06190190000052098, 0.07849909999640658, 0.09517559999949299, 0.11218199999711942, 0.1291823000065051, 0.14544130000285804, 0.1618564999953378, 0.17868040000030305, 0.19541539999772795, 0.2119204000046011, 0.2285286999976961, 0.24538480000046548, 0.26185589999658987, 0.27876040000410285, 0.2957038000022294, 0.31230360000336077, 0.32862119999481365, 0.34496600000420585, 0.3617627000057837, 0.37871930000255816]	242.0	307.0	1.0	9b
417	11	go_nogo	0	60	7	go	click	[29.0, 29.0, 39.0, 67.0, 94.0, 122.0, 127.0, 130.0, 135.0, 136.0, 137.0, 139.0, 141.0, 143.0, 144.0, 144.0, 144.0, 145.0, 147.0, 151.0, 155.0, 158.0, 160.0, 165.0, 177.0, 194.0, 203.0, 205.0, 206.0, 206.0]	[-240.0, -240.0, -188.0, -67.0, 57.0, 170.0, 200.0, 223.0, 244.0, 260.0, 271.0, 280.0, 289.0, 297.0, 301.0, 303.0, 303.0, 304.0, 308.0, 313.0, 316.0, 318.0, 318.0, 318.0, 318.0, 321.0, 322.0, 322.0, 322.0, 322.0]	[0, 0, 0, 0, 0, 0, 0, 0, 0, 0, 0, 0, 0, 0, 0, 0, 0, 0, 0, 0, 0, 0, 0, 0, 0, 0, 0, 0, 0, 1]	[0, 0, 0, 0, 0, 0, 0, 0, 0, 0, 0, 0, 0, 0, 0, 0, 0, 0, 0, 0, 0, 0, 0, 0, 0, 0, 0, 0, 0, 0]	[0, 0, 0, 0, 0, 0, 0, 0, 0, 0, 0, 0, 0, 0, 0, 0, 0, 0, 0, 0, 0, 0, 0, 0, 0, 0, 0, 0, 0, 0]	[0.00032169999030884355, 0.009124699994572438, 0.025807400001212955, 0.04234849999193102, 0.05928229998971801, 0.07622199998877477, 0.09287059999769554, 0.10902429999259766, 0.12602849998802412, 0.1425390999938827, 0.159161799994763, 0.1760261999879731, 0.19288639999285806, 0.20909720000054222, 0.22562979999929667, 0.24237879998690914, 0.25880539999343455, 0.27607849999913014, 0.29302409999945667, 0.3094198999897344, 0.3256400999962352, 0.3423008999961894, 0.35901559999911115, 0.37562929998966865, 0.39219579999917187, 0.4090559999895049, 0.42557599999418017, 0.4423008000012487, 0.458825199995772, 0.475929799998994]	206.0	322.0	0.6	9b
418	11	go_nogo	0	60	2	go	click	[25.0, 25.0, 34.0, 49.0, 67.0, 87.0, 107.0, 135.0, 151.0, 157.0, 164.0, 164.0, 165.0, 166.0, 167.0, 167.0, 168.0, 168.0, 170.0, 172.0, 175.0, 175.0, 175.0, 176.0, 177.0, 178.0, 178.0, 179.0, 179.0, 179.0]	[-273.0, -273.0, -222.0, -158.0, -93.0, -20.0, 43.0, 123.0, 162.0, 174.0, 188.0, 189.0, 192.0, 194.0, 195.0, 197.0, 199.0, 203.0, 211.0, 225.0, 240.0, 245.0, 251.0, 259.0, 264.0, 269.0, 273.0, 275.0, 275.0, 275.0]	[0, 0, 0, 0, 0, 0, 0, 0, 0, 0, 0, 0, 0, 0, 0, 0, 0, 0, 0, 0, 0, 0, 0, 0, 0, 0, 0, 0, 0, 1]	[0, 0, 0, 0, 0, 0, 0, 0, 0, 0, 0, 0, 0, 0, 0, 0, 0, 0, 0, 0, 0, 0, 0, 0, 0, 0, 0, 0, 0, 0]	[0, 0, 0, 0, 0, 0, 0, 0, 0, 0, 0, 0, 0, 0, 0, 0, 0, 0, 0, 0, 0, 0, 0, 0, 0, 0, 0, 0, 0, 0]	[8.450000314041972e-05, 0.01347590000659693, 0.028681100011453964, 0.045537100013461895, 0.06220140001096297, 0.07900430000154302, 0.09563060000073165, 0.11237320001237094, 0.12894490000326186, 0.14633250000770204, 0.16227590000198688, 0.17876510000496637, 0.1957175000134157, 0.21228370000608265, 0.23055990001012105, 0.24537820000841748, 0.26206860000093, 0.2784917000099085, 0.2955165000021225, 0.31199430000560824, 0.3287933000101475, 0.3454552000039257, 0.3623659000004409, 0.3788751000101911, 0.3954154000093695, 0.41200610001396853, 0.42873420000250917, 0.4452363000018522, 0.46190280000155326, 0.47884190001059324]	179.0	275.0	0.6	9b
419	11	go_nogo	0	60	2	go	click	[32.0, 32.0, 45.0, 62.0, 89.0, 119.0, 148.0, 163.0, 175.0, 186.0, 194.0, 202.0, 210.0, 213.0, 215.0, 215.0, 215.0, 215.0, 215.0, 215.0, 215.0, 215.0, 215.0, 215.0]	[-275.0, -275.0, -226.0, -164.0, -78.0, 9.0, 85.0, 132.0, 165.0, 196.0, 225.0, 248.0, 272.0, 282.0, 285.0, 285.0, 285.0, 285.0, 285.0, 286.0, 287.0, 288.0, 288.0, 288.0]	[0, 0, 0, 0, 0, 0, 0, 0, 0, 0, 0, 0, 0, 0, 0, 0, 0, 0, 0, 0, 0, 0, 0, 1]	[0, 0, 0, 0, 0, 0, 0, 0, 0, 0, 0, 0, 0, 0, 0, 0, 0, 0, 0, 0, 0, 0, 0, 0]	[0, 0, 0, 0, 0, 0, 0, 0, 0, 0, 0, 0, 0, 0, 0, 0, 0, 0, 0, 0, 0, 0, 0, 0]	[0.00037880000309087336, 0.012250600004335865, 0.02850899999612011, 0.04533120000269264, 0.06186600000364706, 0.07861569999658968, 0.0950310000043828, 0.11194760000216775, 0.12875409999105614, 0.14529879999463446, 0.1621024999913061, 0.17877349999616854, 0.1953685000044061, 0.21225309999135789, 0.22838899999624118, 0.2452803999913158, 0.26175679999869317, 0.27850129999569617, 0.2951673999923514, 0.31186719999823254, 0.3287238999910187, 0.344973300001584, 0.36146240000380203, 0.3787051999970572]	215.0	288.0	0.8	9b
420	11	go_nogo	0	60	7	go	click	[33.0, 33.0, 37.0, 54.0, 68.0, 83.0, 97.0, 115.0, 126.0, 139.0, 151.0, 158.0, 166.0, 170.0, 174.0, 175.0, 176.0, 177.0, 178.0, 179.0, 181.0, 182.0, 183.0, 184.0, 184.0, 184.0, 184.0, 185.0, 185.0]	[-265.0, -265.0, -252.0, -205.0, -163.0, -113.0, -60.0, -6.0, 42.0, 91.0, 132.0, 165.0, 192.0, 215.0, 228.0, 236.0, 238.0, 246.0, 248.0, 256.0, 265.0, 275.0, 280.0, 282.0, 283.0, 284.0, 286.0, 287.0, 287.0]	[0, 0, 0, 0, 0, 0, 0, 0, 0, 0, 0, 0, 0, 0, 0, 0, 0, 0, 0, 0, 0, 0, 0, 0, 0, 0, 0, 0, 1]	[0, 0, 0, 0, 0, 0, 0, 0, 0, 0, 0, 0, 0, 0, 0, 0, 0, 0, 0, 0, 0, 0, 0, 0, 0, 0, 0, 0, 0]	[0, 0, 0, 0, 0, 0, 0, 0, 0, 0, 0, 0, 0, 0, 0, 0, 0, 0, 0, 0, 0, 0, 0, 0, 0, 0, 0, 0, 0]	[0.00021829998877365142, 0.01094829999783542, 0.02743940000073053, 0.04436909999640193, 0.06106809999619145, 0.07768849999411032, 0.09474059999047313, 0.11079399999289308, 0.12769689998822287, 0.14425269998901058, 0.16066299998783506, 0.1772249999921769, 0.19388469999830704, 0.21068199998990167, 0.22727259999373928, 0.24415959999896586, 0.2609432999888668, 0.277560699993046, 0.2943436999921687, 0.31060579999757465, 0.3272045999910915, 0.3438805999903707, 0.36074549998738803, 0.3772828999935882, 0.3938163999991957, 0.4107140999985859, 0.42727719999675173, 0.4437696999957552, 0.46078329998999834]	185.0	287.0	0.6	9b
421	11	go_nogo	0	60	9	nogo	none	[56.0, 56.0, 80.0, 106.0, 122.0, 137.0, 148.0, 158.0, 169.0, 179.0, 185.0, 190.0, 194.0, 198.0, 198.0, 198.0, 198.0, 198.0, 198.0, 198.0, 199.0, 200.0, 200.0, 200.0, 202.0, 203.0, 204.0, 204.0, 204.0, 204.0, 204.0, 204.0, 204.0, 204.0, 204.0, 204.0, 204.0, 204.0, 204.0, 204.0, 204.0, 204.0, 204.0, 204.0, 204.0, 204.0, 204.0, 204.0, 204.0, 204.0, 204.0, 204.0, 204.0, 204.0, 204.0, 204.0, 204.0, 204.0, 204.0, 204.0, 204.0, 204.0, 204.0, 204.0, 204.0, 204.0, 204.0, 204.0, 204.0, 204.0]	[-221.0, -221.0, -139.0, -64.0, -7.0, 36.0, 71.0, 103.0, 134.0, 161.0, 179.0, 194.0, 210.0, 220.0, 222.0, 222.0, 222.0, 222.0, 222.0, 224.0, 230.0, 235.0, 242.0, 248.0, 261.0, 267.0, 272.0, 273.0, 273.0, 273.0, 273.0, 273.0, 273.0, 273.0, 273.0, 273.0, 273.0, 273.0, 273.0, 273.0, 273.0, 273.0, 273.0, 273.0, 273.0, 273.0, 273.0, 273.0, 273.0, 273.0, 273.0, 273.0, 273.0, 273.0, 273.0, 273.0, 273.0, 273.0, 273.0, 273.0, 273.0, 273.0, 273.0, 273.0, 273.0, 273.0, 273.0, 273.0, 273.0, 273.0]	[0, 0, 0, 0, 0, 0, 0, 0, 0, 0, 0, 0, 0, 0, 0, 0, 0, 0, 0, 0, 0, 0, 0, 0, 0, 0, 0, 0, 0, 0, 0, 0, 0, 0, 0, 0, 0, 0, 0, 0, 0, 0, 0, 0, 0, 0, 0, 0, 0, 0, 0, 0, 0, 0, 0, 0, 0, 0, 0, 0, 0, 0, 0, 0, 0, 0, 0, 0, 0, 0]	[0, 0, 0, 0, 0, 0, 0, 0, 0, 0, 0, 0, 0, 0, 0, 0, 0, 0, 0, 0, 0, 0, 0, 0, 0, 0, 0, 0, 0, 0, 0, 0, 0, 0, 0, 0, 0, 0, 0, 0, 0, 0, 0, 0, 0, 0, 0, 0, 0, 0, 0, 0, 0, 0, 0, 0, 0, 0, 0, 0, 0, 0, 0, 0, 0, 0, 0, 0, 0, 0]	[0, 0, 0, 0, 0, 0, 0, 0, 0, 0, 0, 0, 0, 0, 0, 0, 0, 0, 0, 0, 0, 0, 0, 0, 0, 0, 0, 0, 0, 0, 0, 0, 0, 0, 0, 0, 0, 0, 0, 0, 0, 0, 0, 0, 0, 0, 0, 0, 0, 0, 0, 0, 0, 0, 0, 0, 0, 0, 0, 0, 0, 0, 0, 0, 0, 0, 0, 0, 0, 0]	[0.00019130000146105886, 0.011395499997888692, 0.027895200008060783, 0.04439510000520386, 0.06118840000999626, 0.07783350000681821, 0.09471400000620633, 0.11118160000478383, 0.12804769999638665, 0.14458249999734107, 0.16133679999620654, 0.17796280000766274, 0.19464349999907427, 0.21124050000798889, 0.22784940000565257, 0.24476380000123754, 0.26116979999642354, 0.277613600002951, 0.2946224000043003, 0.3112308999989182, 0.3278872000082629, 0.3447433999972418, 0.36113980000664014, 0.3779677999991691, 0.3946754000062356, 0.41136280000500847, 0.42813400000159163, 0.4444480000092881, 0.4611318000097526, 0.4779142000043066, 0.4943970000022091, 0.5110937999997986, 0.5277788000094006, 0.544652299999143, 0.561113200004911, 0.5779002000053879, 0.5944830000080401, 0.6111314000008861, 0.6278177000058349, 0.6443187999975635, 0.6608610999974189, 0.6776568000059342, 0.6943425000063144, 0.7111267000000225, 0.7283124000095995, 0.7446698999992805, 0.7610875999962445, 0.7775540000002366, 0.7943632000096841, 0.8110825000039767, 0.8276719999994384, 0.8443090000073425, 0.8609816999960458, 0.8777312000020174, 0.894299100007629, 0.9110216999979457, 0.9276222000044072, 0.9442569000093499, 0.96103160000348, 0.9777177000069059, 0.9942584000091301, 1.0112523999996483, 1.0275523000018438, 1.0442786000057822, 1.0610090999980457, 1.0775987000088207, 1.0942975000070874, 1.1109907000063686, 1.1276804000081029, 1.1442372000019532]	n/a	n/a	0.7	9b
422	11	go_nogo	0	60	3	go	click	[68.0, 68.0, 83.0, 102.0, 122.0, 143.0, 168.0, 193.0, 205.0, 211.0, 215.0, 216.0, 217.0, 218.0, 219.0, 221.0, 221.0, 222.0, 222.0, 222.0, 222.0, 222.0]	[-239.0, -239.0, -156.0, -72.0, 1.0, 75.0, 146.0, 210.0, 249.0, 276.0, 291.0, 298.0, 300.0, 304.0, 310.0, 318.0, 325.0, 328.0, 329.0, 329.0, 330.0, 330.0]	[0, 0, 0, 0, 0, 0, 0, 0, 0, 0, 0, 0, 0, 0, 0, 0, 0, 0, 0, 0, 0, 1]	[0, 0, 0, 0, 0, 0, 0, 0, 0, 0, 0, 0, 0, 0, 0, 0, 0, 0, 0, 0, 0, 0]	[0, 0, 0, 0, 0, 0, 0, 0, 0, 0, 0, 0, 0, 0, 0, 0, 0, 0, 0, 0, 0, 0]	[0.00019130000146105886, 0.012513400011812337, 0.028910300010466017, 0.0457036000007065, 0.06207739999808837, 0.07876400000532158, 0.09518650000973139, 0.11216699999931734, 0.12875660001009237, 0.14563410000118893, 0.16229970000858884, 0.17905510000127833, 0.19641240000783, 0.21236430000863038, 0.22898210000130348, 0.24549040000420064, 0.2621273000113433, 0.2787094000086654, 0.29532650001056027, 0.3121512000070652, 0.32874250000168104, 0.34560749999945983]	222.0	330.0	0.9	9b
423	11	go_nogo	0	60	4	go	click	[34.0, 39.0, 44.0, 56.0, 72.0, 99.0, 124.0, 142.0, 153.0, 164.0, 169.0, 173.0, 180.0, 185.0, 186.0, 186.0, 186.0, 186.0, 186.0, 186.0, 186.0, 186.0, 186.0, 186.0, 186.0]	[-290.0, -259.0, -231.0, -157.0, -74.0, 31.0, 128.0, 201.0, 243.0, 279.0, 291.0, 302.0, 316.0, 326.0, 328.0, 328.0, 328.0, 328.0, 328.0, 328.0, 328.0, 328.0, 328.0, 328.0, 328.0]	[0, 0, 0, 0, 0, 0, 0, 0, 0, 0, 0, 0, 0, 0, 0, 0, 0, 0, 0, 0, 0, 0, 0, 0, 1]	[0, 0, 0, 0, 0, 0, 0, 0, 0, 0, 0, 0, 0, 0, 0, 0, 0, 0, 0, 0, 0, 0, 0, 0, 0]	[0, 0, 0, 0, 0, 0, 0, 0, 0, 0, 0, 0, 0, 0, 0, 0, 0, 0, 0, 0, 0, 0, 0, 0, 0]	[8.069998875726014e-05, 0.011411599989514798, 0.02808609999192413, 0.04462469999270979, 0.06124179999460466, 0.07804539999051485, 0.09465039998758584, 0.11123909999150783, 0.12802289999672212, 0.14488399999390822, 0.16135689998918679, 0.17795969999860972, 0.1946956999890972, 0.2111484999913955, 0.22764399999869056, 0.24430999999458436, 0.2611457999882987, 0.2779951999982586, 0.29455949999100994, 0.31118989999231417, 0.3277066000009654, 0.3444567999977153, 0.36117259999446105, 0.3776552999916021, 0.39489060000050813]	186.0	328.0	0.7	9b
424	11	go_nogo	0	60	9	nogo	none	[63.0, 71.0, 78.0, 94.0, 114.0, 131.0, 152.0, 166.0, 180.0, 197.0, 208.0, 214.0, 218.0, 223.0, 227.0, 228.0, 228.0, 229.0, 229.0, 229.0, 229.0, 229.0, 229.0, 229.0, 229.0, 229.0, 229.0, 229.0, 229.0, 229.0, 229.0, 229.0, 229.0, 229.0, 229.0, 229.0, 229.0, 229.0, 229.0, 229.0, 229.0, 229.0, 229.0, 229.0, 229.0, 229.0, 229.0, 229.0, 229.0, 229.0, 229.0, 229.0, 229.0, 229.0, 229.0, 229.0, 229.0, 229.0, 229.0, 229.0, 229.0, 229.0, 229.0, 229.0, 229.0, 229.0, 228.0, 228.0, 228.0, 228.0, 228.0, 228.0, 228.0, 228.0, 228.0, 228.0, 228.0, 228.0, 228.0, 228.0, 228.0, 228.0, 228.0, 228.0, 228.0, 228.0, 228.0, 228.0, 228.0, 228.0, 228.0, 228.0]	[-283.0, -258.0, -233.0, -180.0, -114.0, -49.0, 7.0, 50.0, 85.0, 129.0, 152.0, 169.0, 183.0, 194.0, 202.0, 207.0, 207.0, 208.0, 213.0, 224.0, 242.0, 254.0, 262.0, 266.0, 268.0, 268.0, 268.0, 268.0, 268.0, 268.0, 268.0, 268.0, 268.0, 268.0, 268.0, 268.0, 268.0, 268.0, 268.0, 268.0, 268.0, 268.0, 268.0, 268.0, 268.0, 268.0, 268.0, 268.0, 268.0, 268.0, 268.0, 268.0, 268.0, 268.0, 268.0, 268.0, 268.0, 268.0, 268.0, 268.0, 268.0, 268.0, 268.0, 268.0, 268.0, 267.0, 264.0, 263.0, 263.0, 263.0, 265.0, 265.0, 265.0, 265.0, 265.0, 265.0, 265.0, 265.0, 265.0, 265.0, 265.0, 265.0, 265.0, 265.0, 265.0, 265.0, 265.0, 265.0, 265.0, 265.0, 265.0, 265.0]	[0, 0, 0, 0, 0, 0, 0, 0, 0, 0, 0, 0, 0, 0, 0, 0, 0, 0, 0, 0, 0, 0, 0, 0, 0, 0, 0, 0, 0, 0, 0, 0, 0, 0, 0, 0, 0, 0, 0, 0, 0, 0, 0, 0, 0, 0, 0, 0, 0, 0, 0, 0, 0, 0, 0, 0, 0, 0, 0, 0, 0, 0, 0, 0, 0, 0, 0, 0, 0, 0, 0, 0, 0, 0, 0, 0, 0, 0, 0, 0, 0, 0, 0, 0, 0, 0, 0, 0, 0, 0, 0, 0]	[0, 0, 0, 0, 0, 0, 0, 0, 0, 0, 0, 0, 0, 0, 0, 0, 0, 0, 0, 0, 0, 0, 0, 0, 0, 0, 0, 0, 0, 0, 0, 0, 0, 0, 0, 0, 0, 0, 0, 0, 0, 0, 0, 0, 0, 0, 0, 0, 0, 0, 0, 0, 0, 0, 0, 0, 0, 0, 0, 0, 0, 0, 0, 0, 0, 0, 0, 0, 0, 0, 0, 0, 0, 0, 0, 0, 0, 0, 0, 0, 0, 0, 0, 0, 0, 0, 0, 0, 0, 0, 0, 0]	[0, 0, 0, 0, 0, 0, 0, 0, 0, 0, 0, 0, 0, 0, 0, 0, 0, 0, 0, 0, 0, 0, 0, 0, 0, 0, 0, 0, 0, 0, 0, 0, 0, 0, 0, 0, 0, 0, 0, 0, 0, 0, 0, 0, 0, 0, 0, 0, 0, 0, 0, 0, 0, 0, 0, 0, 0, 0, 0, 0, 0, 0, 0, 0, 0, 0, 0, 0, 0, 0, 0, 0, 0, 0, 0, 0, 0, 0, 0, 0, 0, 0, 0, 0, 0, 0, 0, 0, 0, 0, 0, 0]	[8.959999831859022e-05, 0.011491700002807193, 0.028038799995556474, 0.04471230000490323, 0.061417699995217845, 0.07841640000697225, 0.09474879999470431, 0.11143170000286773, 0.12827060000563506, 0.1449845000024652, 0.16200959999696352, 0.1781639999971958, 0.19494119999581017, 0.21134490000258666, 0.2281354000006104, 0.24457320000510663, 0.26164710000739433, 0.2781756000040332, 0.29484479999518953, 0.3116753000067547, 0.32827510000788607, 0.34526929999992717, 0.3623933000053512, 0.37820590000774246, 0.3946099000022514, 0.4114356000063708, 0.42810730000201147, 0.4446892999985721, 0.4612641999992775, 0.4779108000075212, 0.4945752000057837, 0.5112062999978662, 0.5279376999969827, 0.5444721999956528, 0.5611299000011059, 0.577739800006384, 0.5944557000038913, 0.6110474000015529, 0.6277332000026945, 0.6443485000054352, 0.6610568000032799, 0.6777996000018902, 0.6948029000050155, 0.7112666000030003, 0.7278286000073422, 0.744483600006788, 0.7611042000062298, 0.7786474000022281, 0.7945647000015015, 0.8112867000018014, 0.8278148999961559, 0.8448071000020718, 0.8617133999941871, 0.877773200001684, 0.8947515000036219, 0.9111949000071036, 0.9278540999948746, 0.9444681000022683, 0.9611571999994339, 0.9777809000079287, 0.9944507000036538, 1.0111371999955736, 1.0278569999936735, 1.0447109999950044, 1.0613180000073044, 1.0779074000020046, 1.0943659000040498, 1.1111995999963256, 1.1277471000066726, 1.1451564000017243, 1.1610529000026872, 1.1777843000018038, 1.194399500003783, 1.211205700004939, 1.2277625999995507, 1.24441040000238, 1.2610852000070736, 1.2777066999988165, 1.2942073000012897, 1.3109437999955844, 1.3276059000054374, 1.3444721999985632, 1.361048499995377, 1.3776809999981197, 1.3944436000019778, 1.4112441000033868, 1.4277239999937592, 1.444279400006053, 1.4609993000049144, 1.4776541000028374, 1.4942807000043103, 1.5109898999944562]	n/a	n/a	1.0	9b
425	11	go_nogo	0	60	8	go	click	[59.0, 59.0, 69.0, 95.0, 124.0, 147.0, 165.0, 183.0, 193.0, 202.0, 212.0, 219.0, 224.0, 227.0, 227.0, 227.0, 227.0, 227.0, 227.0, 227.0, 227.0, 227.0]	[-194.0, -194.0, -150.0, -67.0, 12.0, 79.0, 133.0, 189.0, 215.0, 240.0, 261.0, 281.0, 294.0, 301.0, 303.0, 303.0, 303.0, 303.0, 303.0, 303.0, 303.0, 303.0]	[0, 0, 0, 0, 0, 0, 0, 0, 0, 0, 0, 0, 0, 0, 0, 0, 0, 0, 0, 0, 0, 1]	[0, 0, 0, 0, 0, 0, 0, 0, 0, 0, 0, 0, 0, 0, 0, 0, 0, 0, 0, 0, 0, 0]	[0, 0, 0, 0, 0, 0, 0, 0, 0, 0, 0, 0, 0, 0, 0, 0, 0, 0, 0, 0, 0, 0]	[0.00020169999334029853, 0.010746499989181757, 0.027136399992741644, 0.04378619999624789, 0.060486699992907234, 0.077038099989295, 0.09432599999126978, 0.1105812000023434, 0.1272571000008611, 0.1436970999930054, 0.1605814999929862, 0.177389199991012, 0.19386529999610502, 0.21050929999910295, 0.2271850999968592, 0.2436094000004232, 0.2606439999944996, 0.27702329999010544, 0.29391860000032466, 0.3104645999992499, 0.32704309999826364, 0.34417159999429714]	227.0	303.0	0.5	9b
426	11	go_nogo	0	60	4	go	click	[29.0, 38.0, 47.0, 68.0, 86.0, 108.0, 125.0, 139.0, 150.0, 156.0, 157.0, 158.0, 160.0, 162.0, 164.0, 164.0, 164.0, 164.0, 164.0, 164.0, 165.0, 168.0, 173.0, 177.0, 185.0, 191.0, 198.0, 202.0, 202.0, 202.0]	[-257.0, -221.0, -181.0, -107.0, -39.0, 32.0, 93.0, 142.0, 177.0, 192.0, 196.0, 199.0, 204.0, 211.0, 213.0, 214.0, 214.0, 214.0, 214.0, 214.0, 217.0, 225.0, 235.0, 247.0, 265.0, 284.0, 304.0, 313.0, 315.0, 315.0]	[0, 0, 0, 0, 0, 0, 0, 0, 0, 0, 0, 0, 0, 0, 0, 0, 0, 0, 0, 0, 0, 0, 0, 0, 0, 0, 0, 0, 0, 1]	[0, 0, 0, 0, 0, 0, 0, 0, 0, 0, 0, 0, 0, 0, 0, 0, 0, 0, 0, 0, 0, 0, 0, 0, 0, 0, 0, 0, 0, 0]	[0, 0, 0, 0, 0, 0, 0, 0, 0, 0, 0, 0, 0, 0, 0, 0, 0, 0, 0, 0, 0, 0, 0, 0, 0, 0, 0, 0, 0, 0]	[7.999999797903001e-05, 0.010283199997502379, 0.026834500007680617, 0.04372030000376981, 0.05991729999368545, 0.07690610000281595, 0.09335710000596009, 0.11018659999535885, 0.12680959999852348, 0.14351379999425262, 0.16023419999692123, 0.17669110000133514, 0.1935529000038514, 0.21030099999916274, 0.22677350000594743, 0.24330810000537895, 0.25976909999735653, 0.27661950000037905, 0.2932747000013478, 0.3100509000068996, 0.3266432999953395, 0.3433091000042623, 0.3601420000049984, 0.37784869999450166, 0.3935263000021223, 0.41045710000616964, 0.4266732999967644, 0.4432451000029687, 0.45985870000731666, 0.4765910999994958]	202.0	315.0	0.6	9b
427	11	go_nogo	0	60	1	nogo	none	[54.0, 54.0, 64.0, 85.0, 109.0, 136.0, 167.0, 179.0, 185.0, 191.0, 192.0, 194.0, 195.0, 198.0, 199.0, 199.0, 199.0, 199.0, 199.0, 199.0, 199.0, 199.0, 199.0, 199.0, 199.0, 199.0, 199.0, 199.0, 199.0, 199.0, 199.0, 199.0, 199.0, 199.0, 199.0, 199.0, 199.0, 199.0, 199.0, 199.0, 199.0, 199.0, 199.0, 199.0, 199.0, 199.0, 199.0, 199.0, 199.0, 199.0, 199.0, 199.0, 199.0, 199.0, 199.0, 199.0, 199.0]	[-244.0, -244.0, -192.0, -84.0, 24.0, 137.0, 258.0, 298.0, 323.0, 337.0, 343.0, 350.0, 359.0, 366.0, 368.0, 368.0, 368.0, 368.0, 368.0, 368.0, 368.0, 368.0, 368.0, 368.0, 368.0, 368.0, 368.0, 368.0, 368.0, 368.0, 368.0, 368.0, 368.0, 368.0, 368.0, 368.0, 368.0, 368.0, 368.0, 368.0, 368.0, 368.0, 368.0, 368.0, 368.0, 368.0, 368.0, 368.0, 368.0, 368.0, 368.0, 368.0, 368.0, 368.0, 368.0, 368.0, 368.0]	[0, 0, 0, 0, 0, 0, 0, 0, 0, 0, 0, 0, 0, 0, 0, 0, 0, 0, 0, 0, 0, 0, 0, 0, 0, 0, 0, 0, 0, 0, 0, 0, 0, 0, 0, 0, 0, 0, 0, 0, 0, 0, 0, 0, 0, 0, 0, 0, 0, 0, 0, 0, 0, 0, 0, 0, 0]	[0, 0, 0, 0, 0, 0, 0, 0, 0, 0, 0, 0, 0, 0, 0, 0, 0, 0, 0, 0, 0, 0, 0, 0, 0, 0, 0, 0, 0, 0, 0, 0, 0, 0, 0, 0, 0, 0, 0, 0, 0, 0, 0, 0, 0, 0, 0, 0, 0, 0, 0, 0, 0, 0, 0, 0, 0]	[0, 0, 0, 0, 0, 0, 0, 0, 0, 0, 0, 0, 0, 0, 0, 0, 0, 0, 0, 0, 0, 0, 0, 0, 0, 0, 0, 0, 0, 0, 0, 0, 0, 0, 0, 0, 0, 0, 0, 0, 0, 0, 0, 0, 0, 0, 0, 0, 0, 0, 0, 0, 0, 0, 0, 0, 0]	[0.00018600000475998968, 0.01181440000073053, 0.02834249999432359, 0.04495599999791011, 0.06174109999847133, 0.07841719999851193, 0.09511029999703169, 0.1118994999997085, 0.1284894999989774, 0.14508020000357646, 0.16179149999516085, 0.17828009999357164, 0.19514929999422748, 0.2117013999959454, 0.22816420000162907, 0.24527899999520741, 0.261571199996979, 0.2783616999950027, 0.29490749999240506, 0.3119707000005292, 0.3282089999993332, 0.3450574000016786, 0.3616762000019662, 0.3780218000028981, 0.39472599999862723, 0.41139449999900535, 0.42814170000201557, 0.44483670000045095, 0.46151609999651555, 0.4780398000002606, 0.4950323999946704, 0.5113060000003316, 0.5282243999972707, 0.5448938000045018, 0.5614031000004616, 0.5782392999972217, 0.594726700001047, 0.6115645999961998, 0.6280043000006117, 0.6447686000028625, 0.6613865999970585, 0.678008899994893, 0.6949550999997882, 0.711392800003523, 0.7279708999994909, 0.7446974999911617, 0.7613316999922972, 0.7780287999921711, 0.7949825999967288, 0.8114360000035958, 0.8281035999971209, 0.8450708000018494, 0.86137929999677, 0.8782193999941228, 0.8947001000051387, 0.9115036000002874, 0.9280430999933742]	n/a	n/a	1.0	9b
428	11	go_nogo	0	60	4	go	click	[25.0, 25.0, 32.0, 43.0, 49.0, 53.0, 57.0, 60.0, 63.0, 68.0, 73.0, 77.0, 83.0, 87.0, 90.0, 92.0, 94.0, 97.0, 103.0, 111.0, 119.0, 123.0, 135.0, 142.0, 146.0, 147.0, 149.0, 149.0, 149.0, 150.0, 150.0, 150.0, 150.0, 150.0, 150.0, 150.0, 150.0, 150.0, 150.0, 150.0, 150.0, 150.0, 150.0, 150.0, 146.0, 125.0, 121.0, 121.0, 121.0, 121.0, 121.0, 121.0, 121.0, 121.0, 121.0, 121.0, 121.0, 121.0, 126.0, 130.0, 138.0, 146.0, 153.0, 162.0, 176.0, 192.0, 204.0, 209.0, 209.0, 210.0, 210.0, 210.0]	[-245.0, -245.0, -202.0, -128.0, -71.0, -22.0, 16.0, 44.0, 67.0, 94.0, 109.0, 124.0, 144.0, 164.0, 174.0, 180.0, 185.0, 192.0, 203.0, 217.0, 233.0, 238.0, 256.0, 266.0, 273.0, 275.0, 277.0, 279.0, 280.0, 280.0, 280.0, 280.0, 280.0, 280.0, 280.0, 280.0, 280.0, 280.0, 280.0, 280.0, 280.0, 280.0, 280.0, 280.0, 273.0, 248.0, 241.0, 241.0, 241.0, 241.0, 241.0, 241.0, 241.0, 241.0, 241.0, 241.0, 241.0, 241.0, 239.0, 242.0, 252.0, 258.0, 264.0, 271.0, 280.0, 291.0, 300.0, 305.0, 305.0, 305.0, 305.0, 305.0]	[0, 0, 0, 0, 0, 0, 0, 0, 0, 0, 0, 0, 0, 0, 0, 0, 0, 0, 0, 0, 0, 0, 0, 0, 0, 0, 0, 0, 0, 0, 1, 1, 1, 1, 1, 0, 0, 0, 0, 0, 0, 0, 0, 0, 0, 0, 0, 0, 0, 0, 0, 0, 0, 0, 0, 0, 0, 0, 0, 0, 0, 0, 0, 0, 0, 0, 0, 0, 0, 0, 0, 1]	[0, 0, 0, 0, 0, 0, 0, 0, 0, 0, 0, 0, 0, 0, 0, 0, 0, 0, 0, 0, 0, 0, 0, 0, 0, 0, 0, 0, 0, 0, 0, 0, 0, 0, 0, 0, 0, 0, 0, 0, 0, 0, 0, 0, 0, 0, 0, 0, 0, 0, 0, 0, 0, 0, 0, 0, 0, 0, 0, 0, 0, 0, 0, 0, 0, 0, 0, 0, 0, 0, 0, 0]	[0, 0, 0, 0, 0, 0, 0, 0, 0, 0, 0, 0, 0, 0, 0, 0, 0, 0, 0, 0, 0, 0, 0, 0, 0, 0, 0, 0, 0, 0, 0, 0, 0, 0, 0, 0, 0, 0, 0, 0, 0, 0, 0, 0, 0, 0, 0, 0, 0, 0, 0, 0, 0, 0, 0, 0, 0, 0, 0, 0, 0, 0, 0, 0, 0, 0, 0, 0, 0, 0, 0, 0]	[0.0001816000003600493, 0.009434200008399785, 0.026307000007363968, 0.04299050000554416, 0.05974110000533983, 0.07623220000823494, 0.09285359999921639, 0.10934930000803433, 0.12618140000267886, 0.1428133000008529, 0.159588900001836, 0.17625830000906717, 0.19248810000135563, 0.20916960001341067, 0.22595360000559594, 0.2427468000096269, 0.25933090000762604, 0.2760965000052238, 0.2927187000022968, 0.30948710000666324, 0.3258323000045493, 0.3425825000012992, 0.3599199000018416, 0.37614659999962896, 0.39262120000785217, 0.40929480000340845, 0.42589610000140965, 0.44267930000205524, 0.4593071000126656, 0.47572660000878386, 0.49303800000052433, 0.509103900010814, 0.5258904000074835, 0.5427736999990884, 0.5593990000052145, 0.5766511000110768, 0.592559100012295, 0.6090117999992799, 0.6259219000057783, 0.6426523000118323, 0.6590383000002475, 0.6758880000124918, 0.6926443000120344, 0.7093849000084447, 0.7261396000103559, 0.742544300010195, 0.7591207000077702, 0.7758719000121346, 0.792292100013583, 0.809017200008384, 0.8261591000045883, 0.8425175000011222, 0.8590763000102015, 0.8756457000126829, 0.8921245000092313, 0.9092215000127908, 0.9255499999999302, 0.9425075000035577, 0.9592623000062304, 0.9761719000089215, 0.992443800001638, 1.009155899999314, 1.0257880000135629, 1.0427574000059394, 1.0591196000023047, 1.0757589000131702, 1.0928552000113996, 1.1088209000008646, 1.1254820000031032, 1.1421497000119416, 1.1589288000104716, 1.1755734000034863]	210.0	305.0	1.0	9b
429	11	go_nogo	0	60	8	go	click	[36.0, 55.0, 71.0, 102.0, 136.0, 163.0, 185.0, 195.0, 201.0, 208.0, 213.0, 215.0, 218.0, 219.0, 219.0, 219.0, 219.0, 219.0, 219.0, 219.0, 219.0, 219.0, 219.0]	[-247.0, -197.0, -144.0, -45.0, 57.0, 144.0, 207.0, 239.0, 260.0, 290.0, 307.0, 326.0, 337.0, 342.0, 342.0, 342.0, 343.0, 343.0, 343.0, 343.0, 343.0, 343.0, 343.0]	[0, 0, 0, 0, 0, 0, 0, 0, 0, 0, 0, 0, 0, 0, 0, 0, 0, 0, 0, 0, 0, 0, 1]	[0, 0, 0, 0, 0, 0, 0, 0, 0, 0, 0, 0, 0, 0, 0, 0, 0, 0, 0, 0, 0, 0, 0]	[0, 0, 0, 0, 0, 0, 0, 0, 0, 0, 0, 0, 0, 0, 0, 0, 0, 0, 0, 0, 0, 0, 0]	[0.00013719999697059393, 0.010943900007987395, 0.02741999999852851, 0.04437540000071749, 0.06113260000711307, 0.0778236000041943, 0.09520070000144187, 0.11109960000612773, 0.12770510000700597, 0.14456539999810047, 0.16093389999878127, 0.17758360000152607, 0.19427300000097603, 0.21068489999743178, 0.2274254999938421, 0.244365899998229, 0.2607191999995848, 0.2778383999975631, 0.2944372000056319, 0.3109641000046395, 0.32746460000635125, 0.3439879000070505, 0.36058480000065174]	219.0	343.0	0.9	9b
430	11	go_nogo	0	60	9	nogo	none	[58.0, 58.0, 74.0, 95.0, 119.0, 143.0, 173.0, 194.0, 213.0, 227.0, 237.0, 243.0, 249.0, 251.0, 251.0, 252.0, 252.0, 252.0, 251.0, 250.0, 249.0, 246.0, 245.0, 244.0, 242.0, 240.0, 239.0, 239.0, 239.0, 239.0, 239.0, 239.0, 239.0, 239.0, 239.0, 239.0, 239.0, 239.0, 239.0, 239.0, 239.0, 239.0, 239.0, 239.0, 239.0, 239.0, 239.0, 239.0, 239.0, 239.0, 239.0, 239.0, 239.0, 239.0, 239.0, 239.0, 239.0, 239.0, 239.0, 239.0, 239.0, 239.0, 239.0, 239.0, 239.0, 239.0, 239.0, 239.0, 239.0]	[-296.0, -296.0, -253.0, -198.0, -134.0, -70.0, -2.0, 47.0, 92.0, 137.0, 164.0, 185.0, 204.0, 217.0, 220.0, 223.0, 225.0, 230.0, 239.0, 250.0, 260.0, 268.0, 271.0, 272.0, 274.0, 277.0, 278.0, 278.0, 278.0, 278.0, 278.0, 279.0, 279.0, 279.0, 279.0, 279.0, 279.0, 279.0, 279.0, 279.0, 279.0, 279.0, 279.0, 279.0, 279.0, 279.0, 279.0, 279.0, 279.0, 279.0, 279.0, 279.0, 279.0, 279.0, 279.0, 279.0, 279.0, 279.0, 279.0, 279.0, 279.0, 279.0, 279.0, 279.0, 279.0, 279.0, 279.0, 279.0, 279.0]	[0, 0, 0, 0, 0, 0, 0, 0, 0, 0, 0, 0, 0, 0, 0, 0, 0, 0, 0, 0, 0, 0, 0, 0, 0, 0, 0, 0, 0, 0, 0, 0, 0, 0, 0, 0, 0, 0, 0, 0, 0, 0, 0, 0, 0, 0, 0, 0, 0, 0, 0, 0, 0, 0, 0, 0, 0, 0, 0, 0, 0, 0, 0, 0, 0, 0, 0, 0, 0]	[0, 0, 0, 0, 0, 0, 0, 0, 0, 0, 0, 0, 0, 0, 0, 0, 0, 0, 0, 0, 0, 0, 0, 0, 0, 0, 0, 0, 0, 0, 0, 0, 0, 0, 0, 0, 0, 0, 0, 0, 0, 0, 0, 0, 0, 0, 0, 0, 0, 0, 0, 0, 0, 0, 0, 0, 0, 0, 0, 0, 0, 0, 0, 0, 0, 0, 0, 0, 0]	[0, 0, 0, 0, 0, 0, 0, 0, 0, 0, 0, 0, 0, 0, 0, 0, 0, 0, 0, 0, 0, 0, 0, 0, 0, 0, 0, 0, 0, 0, 0, 0, 0, 0, 0, 0, 0, 0, 0, 0, 0, 0, 0, 0, 0, 0, 0, 0, 0, 0, 0, 0, 0, 0, 0, 0, 0, 0, 0, 0, 0, 0, 0, 0, 0, 0, 0, 0, 0]	[7.980001100804657e-05, 0.011650300002656877, 0.028229400006239302, 0.04488380000111647, 0.06166260001191404, 0.0784814000071492, 0.09503780001250561, 0.11203230000683106, 0.12826910000876524, 0.14465600000403356, 0.1622602999996161, 0.17841670000052545, 0.1950012000015704, 0.21171070000855252, 0.22814479999942705, 0.2452886000100989, 0.26158910000231117, 0.2783860000054119, 0.29472460001125, 0.3116704000130994, 0.3280817000049865, 0.3450625000114087, 0.3610692000074778, 0.3785658999986481, 0.39502270000230055, 0.411548700009007, 0.4279835000052117, 0.4447270000091521, 0.46142170000530314, 0.47798200001125224, 0.4949367000081111, 0.5113895000104094, 0.5280519000079948, 0.5446284000063315, 0.5612828000012087, 0.5780054000060773, 0.5947545000090031, 0.6114377000048989, 0.6279225000034785, 0.6446834000089439, 0.6612601000088034, 0.6779605000047013, 0.6946524000086356, 0.7112939000071492, 0.7280547000118531, 0.7446149000024889, 0.761481300010928, 0.7777614000078756, 0.79487510000763, 0.8112887000024784, 0.8279805000056513, 0.8446093000093242, 0.8612186000100337, 0.8778103000076953, 0.8944584999990184, 0.9111338000075193, 0.9280406000034418, 0.9446566000115126, 0.9610343000094872, 0.9778103999997256, 0.9943038000055822, 1.0110837000102038, 1.0277157000091393, 1.0445711000065785, 1.0612351000017952, 1.077667500008829, 1.0945694000110961, 1.1111753000004683, 1.1278987000114284]	n/a	n/a	0.6	9b
431	11	go_nogo	0	60	6	go	click	[54.0, 54.0, 66.0, 92.0, 119.0, 143.0, 157.0, 163.0, 165.0, 165.0, 165.0, 165.0, 165.0, 165.0, 165.0, 165.0, 165.0, 165.0, 165.0, 165.0, 165.0, 165.0, 165.0]	[-223.0, -223.0, -178.0, -85.0, 9.0, 83.0, 140.0, 190.0, 205.0, 216.0, 226.0, 242.0, 255.0, 261.0, 261.0, 261.0, 261.0, 261.0, 261.0, 264.0, 264.0, 265.0, 265.0]	[0, 0, 0, 0, 0, 0, 0, 0, 0, 0, 0, 0, 0, 0, 0, 0, 0, 0, 0, 0, 0, 0, 1]	[0, 0, 0, 0, 0, 0, 0, 0, 0, 0, 0, 0, 0, 0, 0, 0, 0, 0, 0, 0, 0, 0, 0]	[0, 0, 0, 0, 0, 0, 0, 0, 0, 0, 0, 0, 0, 0, 0, 0, 0, 0, 0, 0, 0, 0, 0]	[0.0002089000045089051, 0.00908730000082869, 0.025887199997669086, 0.04235139999946114, 0.05903309999848716, 0.07578210000065155, 0.09229770000092685, 0.10901929999818094, 0.1256141000048956, 0.14260659999854397, 0.15869419999944512, 0.17560499999672174, 0.19249349999881815, 0.20888629999535624, 0.22554260000470094, 0.24222980000195093, 0.2588060999987647, 0.2755940000060946, 0.2924760000023525, 0.30878770000708755, 0.3254073999996763, 0.34207620000233874, 0.35893899999791756]	165.0	265.0	0.6	9b
432	11	go_nogo	0	60	3	go	click	[56.0, 61.0, 68.0, 83.0, 105.0, 133.0, 165.0, 199.0, 222.0, 228.0, 232.0, 234.0, 235.0, 236.0, 236.0, 236.0, 236.0, 237.0, 237.0, 237.0, 238.0, 238.0, 238.0, 238.0, 238.0]	[-299.0, -283.0, -264.0, -218.0, -148.0, -54.0, 56.0, 151.0, 220.0, 237.0, 249.0, 255.0, 262.0, 265.0, 266.0, 266.0, 267.0, 271.0, 275.0, 277.0, 278.0, 278.0, 278.0, 278.0, 278.0]	[0, 0, 0, 0, 0, 0, 0, 0, 0, 0, 0, 0, 0, 0, 0, 0, 0, 0, 0, 0, 0, 0, 0, 0, 1]	[0, 0, 0, 0, 0, 0, 0, 0, 0, 0, 0, 0, 0, 0, 0, 0, 0, 0, 0, 0, 0, 0, 0, 0, 0]	[0, 0, 0, 0, 0, 0, 0, 0, 0, 0, 0, 0, 0, 0, 0, 0, 0, 0, 0, 0, 0, 0, 0, 0, 0]	[7.909999112598598e-05, 0.011863699997775257, 0.02831339999102056, 0.04525629999989178, 0.062197199993534014, 0.07865339999261778, 0.09522439999273047, 0.11217299998679664, 0.12864519999129698, 0.1457695999997668, 0.16185849999601487, 0.1790467999962857, 0.1953429999994114, 0.21209380000072997, 0.22844310000073165, 0.24527349999698345, 0.2620481999911135, 0.2786825999937719, 0.2954625999991549, 0.31187219999264926, 0.32840569999825675, 0.34506699998746626, 0.36184539999521803, 0.3784958999895025, 0.3958964999910677]	238.0	278.0	0.6	9b
433	11	go_nogo	0	60	8	go	click	[63.0, 63.0, 82.0, 97.0, 112.0, 123.0, 134.0, 140.0, 145.0, 147.0, 150.0, 151.0, 156.0, 160.0, 162.0, 162.0, 162.0, 162.0, 163.0, 165.0, 168.0, 171.0, 171.0, 171.0, 171.0, 171.0, 171.0]	[-245.0, -245.0, -161.0, -70.0, 16.0, 86.0, 134.0, 169.0, 190.0, 203.0, 212.0, 221.0, 241.0, 254.0, 261.0, 263.0, 263.0, 263.0, 263.0, 269.0, 275.0, 281.0, 282.0, 282.0, 282.0, 282.0, 282.0]	[0, 0, 0, 0, 0, 0, 0, 0, 0, 0, 0, 0, 0, 0, 0, 0, 0, 0, 0, 0, 0, 0, 0, 0, 0, 0, 1]	[0, 0, 0, 0, 0, 0, 0, 0, 0, 0, 0, 0, 0, 0, 0, 0, 0, 0, 0, 0, 0, 0, 0, 0, 0, 0, 0]	[0, 0, 0, 0, 0, 0, 0, 0, 0, 0, 0, 0, 0, 0, 0, 0, 0, 0, 0, 0, 0, 0, 0, 0, 0, 0, 0]	[0.00025769999774638563, 0.01152610000281129, 0.027662000007694587, 0.044289700002991594, 0.06092030000581872, 0.0775329000025522, 0.09431970000150613, 0.11098350000975188, 0.12758800000301562, 0.14451320000807755, 0.1609318999981042, 0.1777767000021413, 0.1946456000005128, 0.21119260000705253, 0.22761100000934675, 0.24406310000631493, 0.26077670000086073, 0.27777280000736937, 0.29450940000242554, 0.31112530000973493, 0.327613300003577, 0.3444783000013558, 0.36075970000820234, 0.37749579999945126, 0.394165100005921, 0.4106437000009464, 0.4276416000066092]	171.0	282.0	0.9	9b
434	11	go_nogo	0	60	6	go	click	[33.0, 33.0, 46.0, 73.0, 101.0, 134.0, 163.0, 187.0, 200.0, 208.0, 212.0, 215.0, 218.0, 221.0, 222.0, 222.0, 223.0, 223.0, 223.0, 223.0, 223.0, 223.0, 223.0, 222.0, 216.0, 212.0, 209.0, 209.0, 209.0, 208.0, 208.0, 208.0, 208.0, 208.0]	[-267.0, -267.0, -208.0, -121.0, -24.0, 86.0, 192.0, 278.0, 327.0, 353.0, 369.0, 377.0, 389.0, 400.0, 404.0, 404.0, 404.0, 404.0, 404.0, 404.0, 404.0, 404.0, 404.0, 393.0, 360.0, 343.0, 330.0, 325.0, 322.0, 320.0, 317.0, 317.0, 317.0, 317.0]	[0, 0, 0, 0, 0, 0, 0, 0, 0, 0, 0, 0, 0, 0, 0, 0, 0, 0, 0, 0, 0, 0, 0, 0, 0, 0, 0, 0, 0, 0, 0, 0, 0, 1]	[0, 0, 0, 0, 0, 0, 0, 0, 0, 0, 0, 0, 0, 0, 0, 0, 0, 0, 0, 0, 0, 0, 0, 0, 0, 0, 0, 0, 0, 0, 0, 0, 0, 0]	[0, 0, 0, 0, 0, 0, 0, 0, 0, 0, 0, 0, 0, 0, 0, 0, 0, 0, 0, 0, 0, 0, 0, 0, 0, 0, 0, 0, 0, 0, 0, 0, 0, 0]	[0.00010640000982675701, 0.011494799997308291, 0.028086400008760393, 0.04460280000057537, 0.061382900006719865, 0.07814979999966454, 0.0948045999975875, 0.11151930000050925, 0.12802020000526682, 0.14476950000971556, 0.16155790000630077, 0.1781152000039583, 0.19478360000357497, 0.21148730001004878, 0.22811389999696985, 0.24471650000486989, 0.26163210000959225, 0.2779603000089992, 0.29458899999735877, 0.3113420000008773, 0.32820210000500083, 0.34441260001040064, 0.3612349000031827, 0.37810699999681674, 0.39483849999669474, 0.41250659999786876, 0.42808230000082403, 0.44467230000009295, 0.4613994000101229, 0.4779073000099743, 0.49448590000974946, 0.5113911000080407, 0.5284183000039775, 0.5451824000047054]	208.0	317.0	0.9	9b
435	11	go_nogo	0	60	6	go	click	[56.0, 56.0, 80.0, 102.0, 129.0, 154.0, 175.0, 186.0, 191.0, 193.0, 194.0, 194.0, 194.0, 194.0, 194.0, 194.0, 194.0, 194.0, 194.0, 194.0, 194.0, 194.0]	[-248.0, -248.0, -167.0, -86.0, 1.0, 90.0, 171.0, 214.0, 238.0, 251.0, 257.0, 264.0, 270.0, 274.0, 274.0, 274.0, 274.0, 274.0, 274.0, 274.0, 274.0, 274.0]	[0, 0, 0, 0, 0, 0, 0, 0, 0, 0, 0, 0, 0, 0, 0, 0, 0, 0, 0, 0, 0, 1]	[0, 0, 0, 0, 0, 0, 0, 0, 0, 0, 0, 0, 0, 0, 0, 0, 0, 0, 0, 0, 0, 0]	[0, 0, 0, 0, 0, 0, 0, 0, 0, 0, 0, 0, 0, 0, 0, 0, 0, 0, 0, 0, 0, 0]	[0.0002851000026566908, 0.01208849999238737, 0.02838030000566505, 0.04511530000308994, 0.06191269999544602, 0.07832459999190178, 0.09486509999260306, 0.11172230000374839, 0.1282093000045279, 0.14491560000169557, 0.16160999999556225, 0.1783467999921413, 0.19522009999491274, 0.21146710000175517, 0.22823910000442993, 0.245058100001188, 0.26155529999232385, 0.27819959999760613, 0.29485760000534356, 0.3114960999955656, 0.3281834999943385, 0.3456700999959139]	194.0	274.0	0.7	9b
436	11	go_nogo	0	60	3	go	click	[28.0, 28.0, 33.0, 46.0, 65.0, 85.0, 100.0, 110.0, 116.0, 121.0, 127.0, 131.0, 138.0, 143.0, 144.0, 144.0, 145.0, 147.0, 150.0, 154.0, 157.0, 159.0, 161.0, 163.0, 167.0, 170.0, 172.0, 172.0, 172.0]	[-191.0, -191.0, -160.0, -86.0, -9.0, 60.0, 108.0, 142.0, 169.0, 186.0, 206.0, 218.0, 232.0, 238.0, 241.0, 241.0, 241.0, 242.0, 244.0, 247.0, 250.0, 252.0, 254.0, 256.0, 262.0, 266.0, 268.0, 268.0, 269.0]	[0, 0, 0, 0, 0, 0, 0, 0, 0, 0, 0, 0, 0, 0, 0, 0, 0, 0, 0, 0, 0, 0, 0, 0, 0, 0, 0, 0, 1]	[0, 0, 0, 0, 0, 0, 0, 0, 0, 0, 0, 0, 0, 0, 0, 0, 0, 0, 0, 0, 0, 0, 0, 0, 0, 0, 0, 0, 0]	[0, 0, 0, 0, 0, 0, 0, 0, 0, 0, 0, 0, 0, 0, 0, 0, 0, 0, 0, 0, 0, 0, 0, 0, 0, 0, 0, 0, 0]	[0.00027969999064225703, 0.008448699998552911, 0.025378699996508658, 0.041734400001587346, 0.058386099990457296, 0.07484429999021813, 0.09187979999114759, 0.10847089999879245, 0.12512119999155402, 0.14182740000251215, 0.15863229999376927, 0.17520220000005793, 0.1917752000008477, 0.2087135999900056, 0.22476559999631718, 0.24162619998969603, 0.25852049999230076, 0.27519059999031015, 0.29181369999423623, 0.30844389999401756, 0.32517189999634866, 0.3417450999986613, 0.35842019999108743, 0.374731799995061, 0.39144809999561403, 0.40844810000271536, 0.42464349999499973, 0.44167909999669064, 0.45819639999535866]	172.0	269.0	0.8	9b
437	11	go_nogo	0	60	2	go	click	[24.0, 24.0, 33.0, 54.0, 90.0, 122.0, 147.0, 162.0, 173.0, 181.0, 187.0, 190.0, 191.0, 192.0, 192.0, 192.0, 192.0, 192.0, 192.0, 194.0, 197.0, 202.0, 206.0, 210.0, 212.0, 212.0, 212.0, 210.0, 209.0, 209.0, 209.0, 209.0]	[-265.0, -265.0, -225.0, -129.0, 28.0, 134.0, 231.0, 295.0, 340.0, 369.0, 391.0, 406.0, 411.0, 411.0, 411.0, 411.0, 411.0, 411.0, 411.0, 410.0, 404.0, 393.0, 377.0, 360.0, 346.0, 333.0, 319.0, 306.0, 300.0, 300.0, 300.0, 300.0]	[0, 0, 0, 0, 0, 0, 0, 0, 0, 0, 0, 0, 0, 0, 0, 0, 0, 0, 0, 0, 0, 0, 0, 0, 0, 0, 0, 0, 0, 0, 0, 1]	[0, 0, 0, 0, 0, 0, 0, 0, 0, 0, 0, 0, 0, 0, 0, 0, 0, 0, 0, 0, 0, 0, 0, 0, 0, 0, 0, 0, 0, 0, 0, 0]	[0, 0, 0, 0, 0, 0, 0, 0, 0, 0, 0, 0, 0, 0, 0, 0, 0, 0, 0, 0, 0, 0, 0, 0, 0, 0, 0, 0, 0, 0, 0, 0]	[0.00028279999969527125, 0.012000599992461503, 0.028675099994870834, 0.04545059999509249, 0.06215169999632053, 0.07873009999457281, 0.09560810000402853, 0.11177049999241717, 0.12862249999307096, 0.14518009999301285, 0.1617633999994723, 0.1784460999915609, 0.1952467999944929, 0.21161709999432787, 0.22817079999367706, 0.24512099999992643, 0.26187339999887627, 0.278397899994161, 0.29498019999300595, 0.3119700999959605, 0.3282768999924883, 0.345197200003895, 0.36170369999308605, 0.3782965999998851, 0.39510609999706503, 0.4116831999999704, 0.4283893999963766, 0.44518880000396166, 0.46188940000138246, 0.4783400000014808, 0.49537859999691136, 0.5119922000012593]	209.0	300.0	1.0	9b
438	11	go_nogo	0	60	6	go	click	[38.0, 38.0, 48.0, 64.0, 80.0, 94.0, 110.0, 118.0, 123.0, 127.0, 129.0, 132.0, 137.0, 141.0, 146.0, 154.0, 171.0, 183.0, 189.0, 195.0, 197.0, 198.0, 199.0, 199.0, 199.0, 199.0, 199.0, 199.0, 199.0]	[-170.0, -170.0, -118.0, -46.0, 7.0, 48.0, 101.0, 124.0, 136.0, 143.0, 148.0, 156.0, 164.0, 174.0, 181.0, 191.0, 209.0, 222.0, 231.0, 238.0, 243.0, 247.0, 248.0, 250.0, 252.0, 254.0, 256.0, 256.0, 256.0]	[0, 0, 0, 0, 0, 0, 0, 0, 0, 0, 0, 0, 0, 0, 0, 0, 0, 0, 0, 0, 0, 0, 0, 0, 0, 0, 0, 0, 1]	[0, 0, 0, 0, 0, 0, 0, 0, 0, 0, 0, 0, 0, 0, 0, 0, 0, 0, 0, 0, 0, 0, 0, 0, 0, 0, 0, 0, 0]	[0, 0, 0, 0, 0, 0, 0, 0, 0, 0, 0, 0, 0, 0, 0, 0, 0, 0, 0, 0, 0, 0, 0, 0, 0, 0, 0, 0, 0]	[0.00019020000763703138, 0.012822700009564869, 0.029214399997727014, 0.04578149999724701, 0.062482299996190704, 0.07929690000310075, 0.09691360000579152, 0.11299110000254586, 0.12907450000056997, 0.14575740000873338, 0.16256540000904351, 0.1791815000033239, 0.19581450000987388, 0.2126459999999497, 0.22918799999752082, 0.2458554000040749, 0.26291679999849293, 0.279204500009655, 0.29609220000565983, 0.3129081000079168, 0.3292405999964103, 0.3460293999960413, 0.3624893000087468, 0.3794153000053484, 0.39602759999979753, 0.4128573000052711, 0.4290889999974752, 0.44564610000816174, 0.46262859999842476]	199.0	256.0	0.7	9b
439	11	go_nogo	0	60	1	nogo	none	[13.0, 19.0, 25.0, 45.0, 71.0, 101.0, 128.0, 144.0, 157.0, 161.0, 163.0, 163.0, 163.0, 163.0, 163.0, 163.0, 163.0, 163.0, 163.0, 164.0, 164.0, 165.0, 165.0, 165.0, 165.0, 165.0, 165.0, 165.0, 165.0, 165.0, 165.0, 165.0, 165.0, 165.0, 165.0, 165.0, 165.0, 165.0, 165.0, 165.0, 165.0, 165.0, 165.0, 165.0, 165.0, 165.0, 165.0, 165.0, 165.0, 165.0, 165.0, 165.0, 165.0, 165.0, 165.0]	[-293.0, -265.0, -233.0, -145.0, -33.0, 81.0, 163.0, 221.0, 264.0, 275.0, 281.0, 281.0, 281.0, 281.0, 282.0, 282.0, 282.0, 282.0, 282.0, 282.0, 284.0, 285.0, 285.0, 285.0, 285.0, 285.0, 285.0, 285.0, 285.0, 285.0, 285.0, 285.0, 285.0, 285.0, 285.0, 285.0, 285.0, 285.0, 285.0, 285.0, 285.0, 285.0, 285.0, 285.0, 285.0, 285.0, 285.0, 285.0, 285.0, 285.0, 285.0, 285.0, 285.0, 285.0, 285.0]	[0, 0, 0, 0, 0, 0, 0, 0, 0, 0, 0, 0, 0, 0, 0, 0, 0, 0, 0, 0, 0, 0, 0, 0, 0, 0, 0, 0, 0, 0, 0, 0, 0, 0, 0, 0, 0, 0, 0, 0, 0, 0, 0, 0, 0, 0, 0, 0, 0, 0, 0, 0, 0, 0, 0]	[0, 0, 0, 0, 0, 0, 0, 0, 0, 0, 0, 0, 0, 0, 0, 0, 0, 0, 0, 0, 0, 0, 0, 0, 0, 0, 0, 0, 0, 0, 0, 0, 0, 0, 0, 0, 0, 0, 0, 0, 0, 0, 0, 0, 0, 0, 0, 0, 0, 0, 0, 0, 0, 0, 0]	[0, 0, 0, 0, 0, 0, 0, 0, 0, 0, 0, 0, 0, 0, 0, 0, 0, 0, 0, 0, 0, 0, 0, 0, 0, 0, 0, 0, 0, 0, 0, 0, 0, 0, 0, 0, 0, 0, 0, 0, 0, 0, 0, 0, 0, 0, 0, 0, 0, 0, 0, 0, 0, 0, 0]	[0.00015579999308101833, 0.010247799989883788, 0.026891100002103485, 0.04409440000017639, 0.06049749998783227, 0.07709829999657813, 0.09372330000041984, 0.11036609999428038, 0.1268256999901496, 0.14394809999794234, 0.16029699999489821, 0.17683820000092965, 0.19326839999121148, 0.2101756999909412, 0.22669070000119973, 0.24358769999525975, 0.26047039999684785, 0.2767199999943841, 0.29351730000053067, 0.3102725999924587, 0.32674709999992047, 0.34325320000061765, 0.3601005999953486, 0.377048599999398, 0.3934153000009246, 0.41013350000139326, 0.42680399998789653, 0.443166699988069, 0.4601276999892434, 0.4767351999907987, 0.49407839999184944, 0.5099061999935657, 0.5265624999883585, 0.543101299990667, 0.5597001999994973, 0.5762964999885298, 0.592981099995086, 0.6095797000016319, 0.6263361999881454, 0.6430115999974078, 0.6595172999950591, 0.6763601999991806, 0.6930464999895776, 0.7095747999992454, 0.7264605999953346, 0.7433851999958279, 0.7600743999937549, 0.776513699995121, 0.7931657000008272, 0.8099331999983406, 0.8265301999927033, 0.8431353999912972, 0.859920199989574, 0.8763864999928046, 0.8932122999976855]	n/a	n/a	0.8	9b
440	11	go_nogo	0	60	7	go	click	[51.0, 51.0, 63.0, 93.0, 119.0, 139.0, 147.0, 151.0, 157.0, 159.0, 162.0, 163.0, 163.0, 163.0, 163.0, 163.0, 163.0, 169.0, 175.0, 180.0, 182.0, 183.0, 183.0, 183.0, 183.0, 183.0, 183.0]	[-206.0, -206.0, -157.0, -40.0, 53.0, 134.0, 165.0, 188.0, 203.0, 213.0, 221.0, 225.0, 226.0, 226.0, 226.0, 226.0, 227.0, 241.0, 256.0, 268.0, 273.0, 276.0, 276.0, 276.0, 276.0, 276.0, 276.0]	[0, 0, 0, 0, 0, 0, 0, 0, 0, 0, 0, 0, 0, 0, 0, 0, 0, 0, 0, 0, 0, 0, 0, 0, 0, 0, 1]	[0, 0, 0, 0, 0, 0, 0, 0, 0, 0, 0, 0, 0, 0, 0, 0, 0, 0, 0, 0, 0, 0, 0, 0, 0, 0, 0]	[0, 0, 0, 0, 0, 0, 0, 0, 0, 0, 0, 0, 0, 0, 0, 0, 0, 0, 0, 0, 0, 0, 0, 0, 0, 0, 0]	[0.00024160000612027943, 0.01176770000893157, 0.028766999996150844, 0.04530490000615828, 0.06232820000150241, 0.07892420000280254, 0.09529379999730736, 0.11235009999654721, 0.1289532000082545, 0.14534450000792276, 0.16197670000838116, 0.17861119999724906, 0.19491210000705905, 0.21156660000269767, 0.228250800006208, 0.24532329999783542, 0.2619857999961823, 0.2784650999965379, 0.29582010000012815, 0.31198900000890717, 0.32853339999564923, 0.3451624000008451, 0.36183639999944717, 0.37853570000152104, 0.39527550000639167, 0.41196349999518134, 0.42885730000853073]	183.0	276.0	0.7	9b
441	11	go_nogo	0	60	4	go	click	[44.0, 44.0, 54.0, 67.0, 85.0, 108.0, 129.0, 142.0, 151.0, 158.0, 162.0, 163.0, 167.0, 169.0, 169.0, 169.0, 169.0, 169.0, 169.0, 169.0, 169.0, 169.0, 169.0, 169.0, 169.0, 169.0, 169.0, 169.0, 169.0, 168.0, 167.0, 166.0, 166.0, 166.0, 166.0, 166.0, 166.0, 166.0, 166.0, 166.0]	[-268.0, -268.0, -209.0, -146.0, -69.0, 5.0, 74.0, 127.0, 162.0, 185.0, 196.0, 204.0, 217.0, 222.0, 223.0, 223.0, 223.0, 223.0, 223.0, 223.0, 223.0, 223.0, 223.0, 223.0, 223.0, 223.0, 223.0, 223.0, 238.0, 258.0, 269.0, 273.0, 276.0, 277.0, 280.0, 285.0, 293.0, 293.0, 293.0, 293.0]	[0, 0, 0, 0, 0, 0, 0, 0, 0, 0, 0, 0, 0, 0, 0, 0, 0, 0, 0, 0, 0, 0, 0, 1, 1, 1, 1, 0, 0, 0, 0, 0, 0, 0, 0, 0, 0, 0, 0, 1]	[0, 0, 0, 0, 0, 0, 0, 0, 0, 0, 0, 0, 0, 0, 0, 0, 0, 0, 0, 0, 0, 0, 0, 0, 0, 0, 0, 0, 0, 0, 0, 0, 0, 0, 0, 0, 0, 0, 0, 0]	[0, 0, 0, 0, 0, 0, 0, 0, 0, 0, 0, 0, 0, 0, 0, 0, 0, 0, 0, 0, 0, 0, 0, 0, 0, 0, 0, 0, 0, 0, 0, 0, 0, 0, 0, 0, 0, 0, 0, 0]	[0.00021779999951831996, 0.009952399996109307, 0.026734400002169423, 0.04331739999179263, 0.059879299995373, 0.07649249999667518, 0.09317999999620952, 0.10983950000081677, 0.12655359999916982, 0.14335109999228735, 0.15984029999526683, 0.17671960000006948, 0.1932024999987334, 0.20982879999792203, 0.226243400000385, 0.24292409999179654, 0.2596126999997068, 0.2761958000046434, 0.29289159999461845, 0.3095675999938976, 0.3262261000054423, 0.3428615000011632, 0.35942559999239165, 0.3766456000012113, 0.39283850000356324, 0.4096505000052275, 0.4261856999946758, 0.4432701000041561, 0.45981279999250546, 0.4765168000012636, 0.4931802999926731, 0.5099182999983896, 0.5268737000005785, 0.5434318000043277, 0.560049199993955, 0.576511199993547, 0.5931434999947669, 0.6097090999974171, 0.6264517999952659, 0.6432459000061499]	166.0	293.0	0.6	9b
442	11	go_nogo	0	60	6	go	click	[3.0, 3.0, 7.0, 17.0, 39.0, 59.0, 76.0, 95.0, 110.0, 120.0, 127.0, 135.0, 142.0, 152.0, 159.0, 164.0, 167.0, 171.0, 175.0, 182.0, 187.0, 190.0, 190.0, 190.0, 190.0, 190.0, 190.0]	[-240.0, -240.0, -173.0, -106.0, -43.0, 12.0, 59.0, 100.0, 140.0, 165.0, 185.0, 203.0, 217.0, 235.0, 251.0, 259.0, 264.0, 270.0, 275.0, 284.0, 289.0, 292.0, 293.0, 293.0, 293.0, 293.0, 293.0]	[0, 0, 0, 0, 0, 0, 0, 0, 0, 0, 0, 0, 0, 0, 0, 0, 0, 0, 0, 0, 0, 0, 0, 0, 0, 0, 1]	[0, 0, 0, 0, 0, 0, 0, 0, 0, 0, 0, 0, 0, 0, 0, 0, 0, 0, 0, 0, 0, 0, 0, 0, 0, 0, 0]	[0, 0, 0, 0, 0, 0, 0, 0, 0, 0, 0, 0, 0, 0, 0, 0, 0, 0, 0, 0, 0, 0, 0, 0, 0, 0, 0]	[0.0002403999969828874, 0.011542599997483194, 0.02772539999568835, 0.04442459999700077, 0.06111850000161212, 0.07791049999650568, 0.0947874999983469, 0.11165170000458602, 0.12810139999783132, 0.14460200000030454, 0.1618315999949118, 0.17800240000360645, 0.194638600005419, 0.211955200007651, 0.22785229999863077, 0.24479060000157915, 0.26145910000195727, 0.27778430000762455, 0.29450410000572447, 0.31113390000246, 0.3277434000046924, 0.34448970000084955, 0.3608146000042325, 0.3776397000037832, 0.39411029999610037, 0.4109576000046218, 0.42753479999373667]	190.0	293.0	0.6	9b
443	11	go_nogo	0	60	1	nogo	none	[42.0, 42.0, 52.0, 63.0, 74.0, 83.0, 99.0, 114.0, 127.0, 139.0, 142.0, 144.0, 147.0, 151.0, 154.0, 156.0, 156.0, 156.0, 157.0, 158.0, 160.0, 160.0, 160.0, 161.0, 161.0, 161.0, 161.0, 161.0, 161.0, 161.0, 161.0, 161.0, 161.0, 161.0, 161.0, 161.0, 161.0, 161.0, 161.0, 161.0, 161.0, 161.0, 161.0, 161.0, 161.0, 161.0, 161.0, 161.0, 161.0, 161.0, 161.0, 161.0, 161.0, 161.0, 161.0, 161.0, 161.0, 161.0, 161.0, 161.0, 161.0, 161.0]	[-258.0, -258.0, -218.0, -144.0, -74.0, 0.0, 75.0, 140.0, 186.0, 227.0, 240.0, 246.0, 252.0, 258.0, 266.0, 269.0, 269.0, 269.0, 269.0, 269.0, 269.0, 269.0, 269.0, 269.0, 269.0, 269.0, 269.0, 269.0, 269.0, 269.0, 269.0, 269.0, 269.0, 269.0, 269.0, 269.0, 269.0, 269.0, 269.0, 269.0, 269.0, 269.0, 269.0, 269.0, 269.0, 269.0, 269.0, 269.0, 269.0, 269.0, 269.0, 269.0, 269.0, 269.0, 269.0, 269.0, 269.0, 269.0, 269.0, 269.0, 269.0, 269.0]	[0, 0, 0, 0, 0, 0, 0, 0, 0, 0, 0, 0, 0, 0, 0, 0, 0, 0, 0, 0, 0, 0, 0, 0, 0, 0, 0, 0, 0, 0, 0, 0, 0, 0, 0, 0, 0, 0, 0, 0, 0, 0, 0, 0, 0, 0, 0, 0, 0, 0, 0, 0, 0, 0, 0, 0, 0, 0, 0, 0, 0, 0]	[0, 0, 0, 0, 0, 0, 0, 0, 0, 0, 0, 0, 0, 0, 0, 0, 0, 0, 0, 0, 0, 0, 0, 0, 0, 0, 0, 0, 0, 0, 0, 0, 0, 0, 0, 0, 0, 0, 0, 0, 0, 0, 0, 0, 0, 0, 0, 0, 0, 0, 0, 0, 0, 0, 0, 0, 0, 0, 0, 0, 0, 0]	[0, 0, 0, 0, 0, 0, 0, 0, 0, 0, 0, 0, 0, 0, 0, 0, 0, 0, 0, 0, 0, 0, 0, 0, 0, 0, 0, 0, 0, 0, 0, 0, 0, 0, 0, 0, 0, 0, 0, 0, 0, 0, 0, 0, 0, 0, 0, 0, 0, 0, 0, 0, 0, 0, 0, 0, 0, 0, 0, 0, 0, 0]	[0.000384599989047274, 0.010695899996790104, 0.027492299996083602, 0.04434529998979997, 0.060638899987679906, 0.07742039998993278, 0.09413289999065455, 0.11059820000082254, 0.1279301999893505, 0.1439665999932913, 0.16076459999021608, 0.17772269999841228, 0.19370429999253247, 0.21046669999486767, 0.2272394999890821, 0.2438384999986738, 0.2605961999943247, 0.27756469999440014, 0.2940884999989066, 0.3107315999950515, 0.32711579999886453, 0.34372599999187514, 0.3605342999944696, 0.3771103999897605, 0.3938412999996217, 0.4106245000002673, 0.4270123999885982, 0.44367169999168254, 0.460589299997082, 0.4770783999993, 0.49380009999731556, 0.5105771999951685, 0.5270801000006031, 0.5439293999952497, 0.5603489999921294, 0.5771020999964094, 0.5937845000007655, 0.610469599996577, 0.6272286999883363, 0.6437239999941085, 0.6605928999924799, 0.6770474999939324, 0.693633899994893, 0.7103655999962939, 0.7269846999988658, 0.7437044999969658, 0.7603120999992825, 0.7769966999912867, 0.7936429999972461, 0.8103091999946628, 0.8269978999887826, 0.84356839999964, 0.8601313999970444, 0.8771264999959385, 0.8937201999942772, 0.9103131999872858, 0.9272043999953894, 0.9436478999996325, 0.9606728999933694, 0.9769562000001315, 0.9934498999937205, 1.0102638999960618]	n/a	n/a	1.0	9b
444	11	go_nogo	0	60	3	go	click	[24.0, 24.0, 36.0, 47.0, 49.0, 51.0, 58.0, 75.0, 85.0, 90.0, 91.0, 93.0, 98.0, 104.0, 106.0, 107.0, 108.0, 112.0, 118.0, 126.0, 133.0, 135.0, 135.0, 136.0, 139.0, 143.0, 151.0, 159.0, 168.0, 174.0, 180.0, 182.0, 182.0, 182.0]	[-208.0, -208.0, -163.0, -89.0, -43.0, -5.0, 33.0, 95.0, 134.0, 170.0, 198.0, 224.0, 251.0, 272.0, 283.0, 290.0, 296.0, 304.0, 320.0, 332.0, 340.0, 343.0, 343.0, 343.0, 343.0, 343.0, 339.0, 335.0, 327.0, 322.0, 317.0, 315.0, 314.0, 314.0]	[0, 0, 0, 0, 0, 0, 0, 0, 0, 0, 0, 0, 0, 0, 0, 0, 0, 0, 0, 0, 0, 0, 0, 0, 0, 0, 0, 0, 0, 0, 0, 0, 0, 1]	[0, 0, 0, 0, 0, 0, 0, 0, 0, 0, 0, 0, 0, 0, 0, 0, 0, 0, 0, 0, 0, 0, 0, 0, 0, 0, 0, 0, 0, 0, 0, 0, 0, 0]	[0, 0, 0, 0, 0, 0, 0, 0, 0, 0, 0, 0, 0, 0, 0, 0, 0, 0, 0, 0, 0, 0, 0, 0, 0, 0, 0, 0, 0, 0, 0, 0, 0, 0]	[0.00020160000713076442, 0.011756500010960735, 0.02841430000262335, 0.04511560000537429, 0.06178329999966081, 0.07847230001061689, 0.09529780001321342, 0.11234590000822209, 0.12916200001200195, 0.14523030001146253, 0.16180060000624508, 0.17848480000975542, 0.19508620000851806, 0.2118079000065336, 0.22846760001266375, 0.2452239000122063, 0.26175960000546183, 0.27850860000762623, 0.29525640000065323, 0.31176600001344923, 0.3286134000081802, 0.34476220000942703, 0.3617475000064587, 0.37830250000115484, 0.3951344000088284, 0.4117059000127483, 0.4284769000078086, 0.44482640000933316, 0.4616198000003351, 0.4782737000059569, 0.4948389000055613, 0.5115762000059476, 0.5280469000135781, 0.545103200012818]	182.0	314.0	0.7	9b
445	11	go_nogo	0	60	7	go	click	[24.0, 24.0, 34.0, 65.0, 107.0, 156.0, 195.0, 218.0, 231.0, 235.0, 236.0, 236.0, 236.0, 236.0, 236.0, 236.0, 236.0, 236.0, 236.0, 236.0, 233.0, 222.0, 212.0, 208.0, 199.0, 197.0, 195.0, 194.0, 194.0]	[-253.0, -253.0, -209.0, -114.0, 5.0, 145.0, 264.0, 342.0, 379.0, 398.0, 399.0, 399.0, 399.0, 399.0, 399.0, 399.0, 399.0, 399.0, 399.0, 399.0, 387.0, 353.0, 328.0, 317.0, 291.0, 282.0, 274.0, 269.0, 269.0]	[0, 0, 0, 0, 0, 0, 0, 0, 0, 0, 0, 0, 0, 0, 0, 0, 0, 0, 0, 0, 0, 0, 0, 0, 0, 0, 0, 0, 1]	[0, 0, 0, 0, 0, 0, 0, 0, 0, 0, 0, 0, 0, 0, 0, 0, 0, 0, 0, 0, 0, 0, 0, 0, 0, 0, 0, 0, 0]	[0, 0, 0, 0, 0, 0, 0, 0, 0, 0, 0, 0, 0, 0, 0, 0, 0, 0, 0, 0, 0, 0, 0, 0, 0, 0, 0, 0, 0]	[0.0001917000045068562, 0.009589799999957904, 0.02662669999699574, 0.042882199995801784, 0.05977819999679923, 0.07643339999776799, 0.09312180000415538, 0.10962770000332966, 0.12645490000431892, 0.1430077999975765, 0.15950140000495594, 0.17614850000245497, 0.1928323000029195, 0.20959250000305474, 0.22612259999732487, 0.24271659999794792, 0.2593691999936709, 0.27619780000532046, 0.29266399999323767, 0.3094018999981927, 0.3264460000063991, 0.3429644999996526, 0.35959370000637136, 0.37687940000614617, 0.3928234000049997, 0.40958750000572763, 0.42635160000645556, 0.44268259999807924, 0.4596994000021368]	194.0	269.0	0.6	9b
446	11	go_nogo	0	60	3	go	click	[28.0, 28.0, 40.0, 64.0, 99.0, 127.0, 144.0, 155.0, 160.0, 165.0, 171.0, 175.0, 179.0, 180.0, 181.0, 182.0, 183.0, 183.0, 183.0, 183.0, 187.0, 189.0, 192.0, 193.0, 193.0, 193.0]	[-297.0, -297.0, -207.0, -99.0, 12.0, 87.0, 129.0, 152.0, 168.0, 182.0, 195.0, 212.0, 229.0, 237.0, 243.0, 244.0, 246.0, 246.0, 246.0, 248.0, 258.0, 271.0, 280.0, 283.0, 284.0, 284.0]	[0, 0, 0, 0, 0, 0, 0, 0, 0, 0, 0, 0, 0, 0, 0, 0, 0, 0, 0, 0, 0, 0, 0, 0, 0, 1]	[0, 0, 0, 0, 0, 0, 0, 0, 0, 0, 0, 0, 0, 0, 0, 0, 0, 0, 0, 0, 0, 0, 0, 0, 0, 0]	[0, 0, 0, 0, 0, 0, 0, 0, 0, 0, 0, 0, 0, 0, 0, 0, 0, 0, 0, 0, 0, 0, 0, 0, 0, 0]	[8.549999620299786e-05, 0.01159650000045076, 0.028335599999991246, 0.04516719999082852, 0.06213069999648724, 0.0786701000033645, 0.095232899999246, 0.11181439999199938, 0.12847749999491498, 0.1452516999997897, 0.16183840000303462, 0.1784856000012951, 0.19596450000244658, 0.2117759999964619, 0.22843879999709316, 0.24514489999273792, 0.26155239999934565, 0.27817679999861866, 0.2951160999946296, 0.3117638999974588, 0.32883749999746215, 0.3452781999949366, 0.361740499996813, 0.3784084999933839, 0.39495390000229236, 0.41206139999849256]	193.0	284.0	0.9	9b
447	11	go_nogo	0	60	2	go	click	[52.0, 52.0, 61.0, 87.0, 107.0, 122.0, 131.0, 133.0, 134.0, 135.0, 135.0, 137.0, 139.0, 139.0, 139.0, 139.0, 139.0, 139.0, 139.0, 139.0, 141.0, 145.0, 152.0, 156.0, 160.0, 166.0, 168.0, 171.0, 172.0, 172.0, 172.0, 172.0]	[-202.0, -202.0, -166.0, -61.0, 27.0, 87.0, 138.0, 157.0, 165.0, 171.0, 176.0, 184.0, 197.0, 204.0, 211.0, 214.0, 214.0, 214.0, 214.0, 214.0, 221.0, 234.0, 253.0, 270.0, 284.0, 295.0, 303.0, 313.0, 317.0, 317.0, 317.0, 317.0]	[0, 0, 0, 0, 0, 0, 0, 0, 0, 0, 0, 0, 0, 0, 0, 0, 0, 0, 0, 0, 0, 0, 0, 0, 0, 0, 0, 0, 0, 0, 0, 1]	[0, 0, 0, 0, 0, 0, 0, 0, 0, 0, 0, 0, 0, 0, 0, 0, 0, 0, 0, 0, 0, 0, 0, 0, 0, 0, 0, 0, 0, 0, 0, 0]	[0, 0, 0, 0, 0, 0, 0, 0, 0, 0, 0, 0, 0, 0, 0, 0, 0, 0, 0, 0, 0, 0, 0, 0, 0, 0, 0, 0, 0, 0, 0, 0]	[7.829999958630651e-05, 0.010133899995707907, 0.026891500005149283, 0.04353320000518579, 0.06037120000110008, 0.07690529999672435, 0.09375200000067707, 0.1104505999974208, 0.1269235999934608, 0.14336260000709444, 0.15982030000304803, 0.17663180000090506, 0.19333540000661742, 0.2103101999964565, 0.2267271000018809, 0.24329589999979362, 0.2600059999967925, 0.27665909999632277, 0.293362900003558, 0.31039590000000317, 0.32702870000503026, 0.34347799999522977, 0.35996430000523105, 0.37647780000406783, 0.3934255000058329, 0.41002660000231117, 0.42669300000125077, 0.44334889999299776, 0.4598909000051208, 0.4765747000055853, 0.49318550000316463, 0.5100836000056006]	172.0	317.0	0.7	9b
448	11	go_nogo	0	60	8	go	click	[43.0, 43.0, 63.0, 112.0, 158.0, 201.0, 221.0, 226.0, 229.0, 230.0, 230.0, 230.0, 230.0, 230.0, 230.0, 230.0, 230.0, 230.0, 230.0, 230.0, 230.0, 230.0, 230.0, 230.0]	[-242.0, -242.0, -181.0, -41.0, 90.0, 199.0, 265.0, 295.0, 314.0, 316.0, 316.0, 316.0, 316.0, 316.0, 316.0, 316.0, 316.0, 316.0, 316.0, 316.0, 316.0, 316.0, 316.0, 316.0]	[0, 0, 0, 0, 0, 0, 0, 0, 0, 0, 0, 0, 0, 0, 0, 0, 0, 0, 0, 0, 0, 0, 0, 1]	[0, 0, 0, 0, 0, 0, 0, 0, 0, 0, 0, 0, 0, 0, 0, 0, 0, 0, 0, 0, 0, 0, 0, 0]	[0, 0, 0, 0, 0, 0, 0, 0, 0, 0, 0, 0, 0, 0, 0, 0, 0, 0, 0, 0, 0, 0, 0, 0]	[0.0003296999930171296, 0.010999699996318668, 0.027595399995334446, 0.04422579999663867, 0.06092099999659695, 0.07760390000476036, 0.09425329999066889, 0.11118310000165366, 0.12794409999332856, 0.14421949999814387, 0.16081729999859817, 0.1774574000010034, 0.19407899999350775, 0.21083579999685753, 0.22750569999334402, 0.2441975999972783, 0.26072069999645464, 0.27736009999352973, 0.2941648999985773, 0.3108631999930367, 0.3275952999974834, 0.3441088999970816, 0.3607698999985587, 0.3778168999997433]	230.0	316.0	0.6	9b
449	11	go_nogo	0	60	7	go	click	[19.0, 19.0, 23.0, 43.0, 78.0, 122.0, 157.0, 191.0, 207.0, 209.0, 209.0, 209.0, 209.0, 209.0, 209.0, 209.0, 210.0, 210.0, 210.0, 210.0, 210.0, 210.0, 210.0, 210.0]	[-260.0, -260.0, -230.0, -142.0, -27.0, 89.0, 199.0, 273.0, 316.0, 323.0, 323.0, 323.0, 324.0, 325.0, 325.0, 325.0, 325.0, 325.0, 325.0, 325.0, 325.0, 325.0, 325.0, 325.0]	[0, 0, 0, 0, 0, 0, 0, 0, 0, 0, 0, 0, 0, 0, 0, 0, 0, 0, 0, 0, 0, 0, 0, 1]	[0, 0, 0, 0, 0, 0, 0, 0, 0, 0, 0, 0, 0, 0, 0, 0, 0, 0, 0, 0, 0, 0, 0, 0]	[0, 0, 0, 0, 0, 0, 0, 0, 0, 0, 0, 0, 0, 0, 0, 0, 0, 0, 0, 0, 0, 0, 0, 0]	[0.00036050000926479697, 0.010997000004863366, 0.027418000012403354, 0.04426670000248123, 0.06073870000545867, 0.0773145000130171, 0.09382190000906121, 0.11089680000441149, 0.12737850000848994, 0.1441027000109898, 0.16060770000331104, 0.1771840000001248, 0.19421520001196768, 0.2106120000098599, 0.22732530000212137, 0.24407990000327118, 0.2605653000064194, 0.2772797000070568, 0.2938080000021728, 0.31039170001167804, 0.3270760000013979, 0.3437366000143811, 0.36069110000971705, 0.3773267000069609]	210.0	325.0	0.5	9b
450	11	go_nogo	0	60	1	nogo	none	[27.0, 27.0, 42.0, 73.0, 107.0, 136.0, 177.0, 192.0, 203.0, 206.0, 208.0, 209.0, 209.0, 210.0, 210.0, 210.0, 210.0, 210.0, 210.0, 210.0, 210.0, 210.0, 210.0, 210.0, 210.0, 210.0, 210.0, 210.0, 210.0, 210.0, 210.0, 210.0, 210.0, 210.0, 210.0, 210.0, 210.0, 210.0, 210.0, 210.0, 210.0, 210.0, 210.0, 210.0, 210.0, 210.0, 210.0, 210.0, 210.0, 210.0, 210.0, 210.0, 210.0, 210.0]	[-209.0, -209.0, -163.0, -73.0, 12.0, 91.0, 193.0, 236.0, 263.0, 273.0, 278.0, 280.0, 282.0, 282.0, 282.0, 282.0, 282.0, 282.0, 282.0, 282.0, 282.0, 282.0, 282.0, 282.0, 282.0, 282.0, 282.0, 282.0, 282.0, 282.0, 282.0, 282.0, 282.0, 282.0, 282.0, 282.0, 282.0, 282.0, 282.0, 282.0, 282.0, 282.0, 282.0, 282.0, 282.0, 282.0, 282.0, 282.0, 282.0, 282.0, 282.0, 282.0, 282.0, 282.0]	[0, 0, 0, 0, 0, 0, 0, 0, 0, 0, 0, 0, 0, 0, 0, 0, 0, 0, 0, 0, 0, 0, 0, 0, 0, 0, 0, 0, 0, 0, 0, 0, 0, 0, 0, 0, 0, 0, 0, 0, 0, 0, 0, 0, 0, 0, 0, 0, 0, 0, 0, 0, 0, 0]	[0, 0, 0, 0, 0, 0, 0, 0, 0, 0, 0, 0, 0, 0, 0, 0, 0, 0, 0, 0, 0, 0, 0, 0, 0, 0, 0, 0, 0, 0, 0, 0, 0, 0, 0, 0, 0, 0, 0, 0, 0, 0, 0, 0, 0, 0, 0, 0, 0, 0, 0, 0, 0, 0]	[0, 0, 0, 0, 0, 0, 0, 0, 0, 0, 0, 0, 0, 0, 0, 0, 0, 0, 0, 0, 0, 0, 0, 0, 0, 0, 0, 0, 0, 0, 0, 0, 0, 0, 0, 0, 0, 0, 0, 0, 0, 0, 0, 0, 0, 0, 0, 0, 0, 0, 0, 0, 0, 0]	[0.00020229999790899456, 0.01237579999724403, 0.029156099990359508, 0.045833600001060404, 0.06237049998890143, 0.07917359999555629, 0.09600949999003205, 0.11236949999874923, 0.12901039999269415, 0.14586119999876246, 0.16241469999658875, 0.1792181999917375, 0.19583399999828544, 0.21238139999331906, 0.22899289999622852, 0.24561509999330156, 0.2625429999898188, 0.27891139998973813, 0.295582499995362, 0.3121848000009777, 0.32897269999375567, 0.3458410000021104, 0.3622229999891715, 0.37903489999007434, 0.39560059999348596, 0.41215119999833405, 0.42902729999332223, 0.4454504999885103, 0.4621566999994684, 0.47877950000111014, 0.4956582000013441, 0.5123363000020618, 0.5287268999963999, 0.5454338999988977, 0.5620678999985103, 0.5786275999998907, 0.5955333000019891, 0.612178600000334, 0.6288682000013068, 0.6456132000021171, 0.6621422000025632, 0.6788186999910977, 0.6953669999929843, 0.7120462999882875, 0.7286520999914501, 0.7453147999913199, 0.7620672999910312, 0.7787862999975914, 0.7954000999889104, 0.8122443999891402, 0.829015099996468, 0.8454764999914914, 0.8621329000015976, 0.8786504000017885]	n/a	n/a	0.7	9b
451	12	go_only	0	18	3	go	click	[-7.0, 7.0, 19.0, 47.0, 71.0, 87.0, 103.0, 113.0, 119.0, 125.0, 132.0, 134.0, 143.0, 147.0, 147.0, 147.0, 147.0, 147.0, 147.0, 147.0, 148.0, 150.0, 153.0, 157.0, 166.0, 176.0, 185.0, 189.0, 193.0, 195.0, 197.0, 197.0, 197.0]	[-245.0, -207.0, -170.0, -94.0, -31.0, 19.0, 62.0, 95.0, 116.0, 132.0, 154.0, 160.0, 190.0, 203.0, 205.0, 205.0, 205.0, 205.0, 205.0, 205.0, 205.0, 211.0, 218.0, 228.0, 241.0, 255.0, 268.0, 283.0, 291.0, 297.0, 301.0, 303.0, 303.0]	[0, 0, 0, 0, 0, 0, 0, 0, 0, 0, 0, 0, 0, 0, 0, 0, 0, 0, 0, 0, 0, 0, 0, 0, 0, 0, 0, 0, 0, 0, 0, 0, 1]	[0, 0, 0, 0, 0, 0, 0, 0, 0, 0, 0, 0, 0, 0, 0, 0, 0, 0, 0, 0, 0, 0, 0, 0, 0, 0, 0, 0, 0, 0, 0, 0, 0]	[0, 0, 0, 0, 0, 0, 0, 0, 0, 0, 0, 0, 0, 0, 0, 0, 0, 0, 0, 0, 0, 0, 0, 0, 0, 0, 0, 0, 0, 0, 0, 0, 0]	[8.199999865610152e-05, 0.009260199993150309, 0.025814699998591095, 0.042524299991782755, 0.0592218999954639, 0.07609499999671243, 0.09262529999250546, 0.10936780000338331, 0.12609039999369998, 0.1426872000010917, 0.1591346000059275, 0.17609569999331143, 0.1929390000004787, 0.20973659999435768, 0.22565160000522155, 0.24230979999992996, 0.2590725000045495, 0.2756444999977248, 0.2924438000045484, 0.30920980000519194, 0.32575590000487864, 0.3424206000054255, 0.3591768000042066, 0.3759635000023991, 0.3925695999932941, 0.4103876000008313, 0.42620899999747053, 0.4425247000035597, 0.45912610000232235, 0.47582669999974314, 0.49270800000522286, 0.5089868999930331, 0.5261054000002332]	197.0	303.0	0.8	9b
452	12	go_only	0	18	8	go	click	[70.0, 70.0, 79.0, 107.0, 127.0, 138.0, 145.0, 152.0, 156.0, 159.0, 160.0, 161.0, 162.0, 163.0, 163.0, 163.0, 163.0, 163.0, 164.0, 164.0, 165.0, 166.0, 166.0]	[-202.0, -202.0, -162.0, -23.0, 69.0, 143.0, 193.0, 229.0, 250.0, 260.0, 264.0, 266.0, 270.0, 273.0, 274.0, 274.0, 274.0, 274.0, 274.0, 276.0, 277.0, 277.0, 277.0]	[0, 0, 0, 0, 0, 0, 0, 0, 0, 0, 0, 0, 0, 0, 0, 0, 0, 0, 0, 0, 0, 0, 1]	[0, 0, 0, 0, 0, 0, 0, 0, 0, 0, 0, 0, 0, 0, 0, 0, 0, 0, 0, 0, 0, 0, 0]	[0, 0, 0, 0, 0, 0, 0, 0, 0, 0, 0, 0, 0, 0, 0, 0, 0, 0, 0, 0, 0, 0, 0]	[0.0009581000049365684, 0.012244400000781752, 0.028758400003425777, 0.0457147000124678, 0.06239440001081675, 0.0790329000010388, 0.09554010001011193, 0.11245380000036675, 0.1289876000082586, 0.14558770001167431, 0.1621758000110276, 0.1787322000018321, 0.19542770000407472, 0.2120648000127403, 0.22860480000963435, 0.24536800000350922, 0.261855500008096, 0.27865260001271963, 0.29547730000922456, 0.31201200000941753, 0.32874230000015814, 0.34521530001075007, 0.3620460000092862]	166.0	277.0	1.0	9b
453	12	go_only	0	18	6	go	click	[52.0, 58.0, 65.0, 89.0, 118.0, 146.0, 169.0, 191.0, 210.0, 216.0, 219.0, 222.0, 223.0, 224.0, 225.0, 225.0, 225.0, 225.0, 225.0, 225.0, 225.0, 225.0, 225.0, 225.0, 225.0, 225.0, 225.0]	[-297.0, -273.0, -252.0, -174.0, -87.0, -1.0, 73.0, 144.0, 231.0, 262.0, 284.0, 301.0, 316.0, 321.0, 322.0, 322.0, 322.0, 322.0, 322.0, 318.0, 317.0, 314.0, 314.0, 314.0, 314.0, 314.0, 314.0]	[0, 0, 0, 0, 0, 0, 0, 0, 0, 0, 0, 0, 0, 0, 0, 0, 0, 0, 0, 0, 0, 0, 0, 0, 0, 0, 1]	[0, 0, 0, 0, 0, 0, 0, 0, 0, 0, 0, 0, 0, 0, 0, 0, 0, 0, 0, 0, 0, 0, 0, 0, 0, 0, 0]	[0, 0, 0, 0, 0, 0, 0, 0, 0, 0, 0, 0, 0, 0, 0, 0, 0, 0, 0, 0, 0, 0, 0, 0, 0, 0, 0]	[7.199999527074397e-05, 0.011534099990967661, 0.028163900002255104, 0.04456110000319313, 0.06115290000161622, 0.0778647999977693, 0.09469359999638982, 0.11139059999550227, 0.12846900000295136, 0.14539419999346137, 0.16318809999211226, 0.17780560000392143, 0.1945463000010932, 0.2110945000022184, 0.22775269999692682, 0.24444569999468513, 0.26124849999905564, 0.27768279999145307, 0.2944712000025902, 0.3110910999967018, 0.32781010000326205, 0.34430349999456666, 0.3610112000023946, 0.37749189999885857, 0.394283000001451, 0.4109370999940438, 0.428160299998126]	225.0	314.0	0.6	9b
454	12	go_only	0	18	8	go	click	[56.0, 56.0, 65.0, 92.0, 117.0, 141.0, 161.0, 168.0, 172.0, 174.0, 175.0, 176.0, 176.0, 176.0, 176.0, 176.0, 176.0, 176.0, 176.0, 176.0, 176.0]	[-224.0, -224.0, -184.0, -105.0, -8.0, 96.0, 188.0, 219.0, 238.0, 256.0, 269.0, 277.0, 279.0, 279.0, 279.0, 279.0, 279.0, 279.0, 279.0, 279.0, 279.0]	[0, 0, 0, 0, 0, 0, 0, 0, 0, 0, 0, 0, 0, 0, 0, 0, 0, 0, 0, 0, 1]	[0, 0, 0, 0, 0, 0, 0, 0, 0, 0, 0, 0, 0, 0, 0, 0, 0, 0, 0, 0, 0]	[0, 0, 0, 0, 0, 0, 0, 0, 0, 0, 0, 0, 0, 0, 0, 0, 0, 0, 0, 0, 0]	[0.0002565000031609088, 0.01186759999836795, 0.028447799995774403, 0.04548359999898821, 0.06213710000156425, 0.07851500000106171, 0.09543719999783207, 0.111948100005975, 0.12921310000820085, 0.14523530000587925, 0.16196500000660308, 0.17870200000470504, 0.19511230000352953, 0.2118527999991784, 0.22840310000174213, 0.2450608000071952, 0.2619618000026094, 0.2784607000066899, 0.29510360000131186, 0.3119474999984959, 0.32886429999780376]	176.0	279.0	0.7	9b
455	12	go_only	0	18	6	go	click	[32.0, 48.0, 64.0, 82.0, 99.0, 113.0, 123.0, 134.0, 138.0, 140.0, 140.0, 140.0, 140.0, 140.0, 140.0, 140.0, 140.0, 141.0, 141.0, 141.0, 144.0, 151.0, 158.0, 163.0, 165.0, 166.0, 169.0, 171.0, 171.0, 171.0]	[-259.0, -205.0, -145.0, -46.0, 42.0, 117.0, 167.0, 214.0, 224.0, 229.0, 230.0, 230.0, 230.0, 230.0, 231.0, 231.0, 231.0, 231.0, 231.0, 232.0, 237.0, 247.0, 261.0, 268.0, 272.0, 276.0, 280.0, 283.0, 284.0, 284.0]	[0, 0, 0, 0, 0, 0, 0, 0, 0, 0, 0, 0, 0, 0, 0, 0, 0, 0, 0, 0, 0, 0, 0, 0, 0, 0, 0, 0, 0, 1]	[0, 0, 0, 0, 0, 0, 0, 0, 0, 0, 0, 0, 0, 0, 0, 0, 0, 0, 0, 0, 0, 0, 0, 0, 0, 0, 0, 0, 0, 0]	[0, 0, 0, 0, 0, 0, 0, 0, 0, 0, 0, 0, 0, 0, 0, 0, 0, 0, 0, 0, 0, 0, 0, 0, 0, 0, 0, 0, 0, 0]	[0.00013980000221636146, 0.012728000001516193, 0.029315899999346584, 0.045932000008178875, 0.06265730000450276, 0.07923880001180805, 0.09622060001129285, 0.11265730000741314, 0.12952930000028573, 0.14607660000910982, 0.16257110000879038, 0.17913750000298023, 0.19592760001251008, 0.21279380000487436, 0.22911590000148863, 0.24565870000515133, 0.2625460999988718, 0.27889950000098906, 0.29592520000005607, 0.3129143000114709, 0.3297068000101717, 0.3460621000122046, 0.3626356000022497, 0.37926070000685286, 0.39587330000358634, 0.41251970001030713, 0.42929290000756737, 0.4461236000061035, 0.4623401999997441, 0.4793458000058308]	171.0	284.0	1.0	9b
456	12	go_only	0	18	2	go	click	[31.0, 31.0, 52.0, 72.0, 89.0, 106.0, 124.0, 136.0, 147.0, 158.0, 162.0, 166.0, 167.0, 167.0, 167.0, 167.0, 167.0, 167.0, 169.0, 172.0, 175.0, 177.0, 178.0, 178.0, 179.0, 179.0, 179.0]	[-229.0, -229.0, -152.0, -86.0, -29.0, 36.0, 109.0, 161.0, 196.0, 231.0, 244.0, 252.0, 257.0, 257.0, 257.0, 257.0, 257.0, 257.0, 260.0, 268.0, 275.0, 281.0, 282.0, 283.0, 284.0, 284.0, 284.0]	[0, 0, 0, 0, 0, 0, 0, 0, 0, 0, 0, 0, 0, 0, 0, 0, 0, 0, 0, 0, 0, 0, 0, 0, 0, 0, 1]	[0, 0, 0, 0, 0, 0, 0, 0, 0, 0, 0, 0, 0, 0, 0, 0, 0, 0, 0, 0, 0, 0, 0, 0, 0, 0, 0]	[0, 0, 0, 0, 0, 0, 0, 0, 0, 0, 0, 0, 0, 0, 0, 0, 0, 0, 0, 0, 0, 0, 0, 0, 0, 0, 0]	[7.140000525396317e-05, 0.013009900008910336, 0.029622500005643815, 0.04646080000384245, 0.06317029999627266, 0.07982909999554977, 0.09652160000405274, 0.11318349999783095, 0.12976300000445917, 0.1465963000082411, 0.1634533000033116, 0.1801434000080917, 0.19609340000897646, 0.21278699999675155, 0.22942780000448693, 0.24605860000883695, 0.2628685000090627, 0.2797078000003239, 0.2964959000091767, 0.3130466000002343, 0.32960510000702925, 0.34613180000451393, 0.36295930000778753, 0.37996839999686927, 0.3960778000036953, 0.41276659999857657, 0.4299094000016339]	179.0	284.0	0.5	9b
457	12	go_only	0	18	4	go	click	[67.0, 67.0, 85.0, 126.0, 157.0, 178.0, 192.0, 200.0, 206.0, 209.0, 212.0, 213.0, 216.0, 221.0, 222.0, 222.0, 223.0, 223.0, 223.0, 223.0, 223.0, 224.0, 224.0, 224.0, 224.0, 224.0, 224.0]	[-189.0, -189.0, -143.0, -1.0, 80.0, 139.0, 178.0, 207.0, 225.0, 234.0, 242.0, 248.0, 258.0, 274.0, 279.0, 281.0, 282.0, 282.0, 282.0, 285.0, 286.0, 289.0, 290.0, 290.0, 290.0, 290.0, 290.0]	[0, 0, 0, 0, 0, 0, 0, 0, 0, 0, 0, 0, 0, 0, 0, 0, 0, 0, 0, 0, 0, 0, 0, 0, 0, 0, 1]	[0, 0, 0, 0, 0, 0, 0, 0, 0, 0, 0, 0, 0, 0, 0, 0, 0, 0, 0, 0, 0, 0, 0, 0, 0, 0, 0]	[0, 0, 0, 0, 0, 0, 0, 0, 0, 0, 0, 0, 0, 0, 0, 0, 0, 0, 0, 0, 0, 0, 0, 0, 0, 0, 0]	[0.00021009999909438193, 0.011789799988036975, 0.02833699999609962, 0.045236099991598167, 0.061519199996837415, 0.07809599999745842, 0.09466309999697842, 0.11136159999296069, 0.12818159999733325, 0.14480699998966884, 0.16139449999900535, 0.17853399999148678, 0.19500319998769555, 0.21141449999413453, 0.22835729998769239, 0.24494229999254458, 0.26146509998943657, 0.27786899999773595, 0.2948065999953542, 0.31180559999484103, 0.32791329998872243, 0.34471759998996276, 0.36121769998862874, 0.3780568999936804, 0.39469489999464713, 0.41112849999626633, 0.4281773999973666]	224.0	290.0	0.9	9b
458	12	go_only	0	18	7	go	click	[67.0, 67.0, 82.0, 134.0, 168.0, 192.0, 209.0, 219.0, 223.0, 224.0, 225.0, 226.0, 228.0, 232.0, 233.0, 233.0, 233.0, 233.0, 233.0, 233.0, 233.0, 233.0, 233.0]	[-195.0, -195.0, -154.0, -9.0, 90.0, 158.0, 202.0, 229.0, 244.0, 251.0, 255.0, 260.0, 271.0, 293.0, 298.0, 299.0, 299.0, 299.0, 299.0, 299.0, 299.0, 299.0, 299.0]	[0, 0, 0, 0, 0, 0, 0, 0, 0, 0, 0, 0, 0, 0, 0, 0, 0, 0, 0, 0, 0, 0, 1]	[0, 0, 0, 0, 0, 0, 0, 0, 0, 0, 0, 0, 0, 0, 0, 0, 0, 0, 0, 0, 0, 0, 0]	[0, 0, 0, 0, 0, 0, 0, 0, 0, 0, 0, 0, 0, 0, 0, 0, 0, 0, 0, 0, 0, 0, 0]	[0.00018930000078398734, 0.011980700001004152, 0.028263500003959052, 0.04505080000672024, 0.06145890000334475, 0.07803760000388138, 0.09492299999692477, 0.11160329999984242, 0.12836210000386927, 0.1449508999940008, 0.16201810000347905, 0.17832649999763817, 0.19489070000417996, 0.21169840000220574, 0.22833220000029542, 0.24496799999906216, 0.26133009999466594, 0.27814609999768436, 0.294839399997727, 0.311336200000369, 0.3284189999976661, 0.3450223999971058, 0.36188110000512097]	233.0	299.0	0.7	9b
459	12	go_only	0	18	7	go	click	[14.0, 14.0, 26.0, 40.0, 57.0, 79.0, 102.0, 120.0, 133.0, 137.0, 138.0, 139.0, 139.0, 140.0, 140.0, 140.0, 140.0, 140.0, 141.0, 144.0, 152.0, 160.0, 166.0, 170.0, 172.0, 173.0, 173.0, 174.0, 174.0, 174.0]	[-283.0, -283.0, -201.0, -114.0, -27.0, 58.0, 147.0, 220.0, 271.0, 286.0, 290.0, 291.0, 292.0, 293.0, 294.0, 294.0, 294.0, 294.0, 294.0, 297.0, 303.0, 308.0, 311.0, 312.0, 312.0, 312.0, 312.0, 312.0, 312.0, 312.0]	[0, 0, 0, 0, 0, 0, 0, 0, 0, 0, 0, 0, 0, 0, 0, 0, 0, 0, 0, 0, 0, 0, 0, 0, 0, 0, 0, 0, 0, 1]	[0, 0, 0, 0, 0, 0, 0, 0, 0, 0, 0, 0, 0, 0, 0, 0, 0, 0, 0, 0, 0, 0, 0, 0, 0, 0, 0, 0, 0, 0]	[0, 0, 0, 0, 0, 0, 0, 0, 0, 0, 0, 0, 0, 0, 0, 0, 0, 0, 0, 0, 0, 0, 0, 0, 0, 0, 0, 0, 0, 0]	[0.00012469998910091817, 0.012104199995519593, 0.02859139999782201, 0.0453269999998156, 0.061785799989593215, 0.07871210000303108, 0.09523920000356156, 0.11215020000236109, 0.12916489999042824, 0.1462589000002481, 0.16238500000326894, 0.17870779999066144, 0.195588399990811, 0.2122932999918703, 0.22852779999084305, 0.24546609999379143, 0.26193929999135435, 0.2786708999919938, 0.2951399000012316, 0.3119577999896137, 0.3289247999928193, 0.3459129999973811, 0.3618207999970764, 0.37876769999274984, 0.3954230999952415, 0.411818199994741, 0.4285180000006221, 0.44524239999009296, 0.46168849999958184, 0.4786178999929689]	174.0	312.0	0.6	9b
460	12	go_only	0	18	4	go	click	[21.0, 21.0, 70.0, 125.0, 163.0, 194.0, 212.0, 224.0, 231.0, 232.0, 234.0, 235.0, 235.0, 235.0, 235.0, 235.0, 235.0, 235.0, 235.0, 234.0, 233.0, 232.0, 232.0, 232.0, 232.0, 232.0]	[-261.0, -261.0, -155.0, -44.0, 41.0, 103.0, 147.0, 176.0, 206.0, 213.0, 223.0, 228.0, 233.0, 239.0, 246.0, 251.0, 254.0, 257.0, 265.0, 279.0, 297.0, 304.0, 308.0, 309.0, 309.0, 309.0]	[0, 0, 0, 0, 0, 0, 0, 0, 0, 0, 0, 0, 0, 0, 0, 0, 0, 0, 0, 0, 0, 0, 0, 0, 0, 1]	[0, 0, 0, 0, 0, 0, 0, 0, 0, 0, 0, 0, 0, 0, 0, 0, 0, 0, 0, 0, 0, 0, 0, 0, 0, 0]	[0, 0, 0, 0, 0, 0, 0, 0, 0, 0, 0, 0, 0, 0, 0, 0, 0, 0, 0, 0, 0, 0, 0, 0, 0, 0]	[8.090000483207405e-05, 0.012265500001376495, 0.028651600005105138, 0.04546150000533089, 0.0626407000090694, 0.07885220000753179, 0.095918500010157, 0.11215590000210796, 0.12890619999961928, 0.14560120001260657, 0.16239290000521578, 0.1790202000120189, 0.19563000000198372, 0.21240920000127517, 0.22896760000730865, 0.24550250000902452, 0.26205119999940507, 0.27897840000514407, 0.29554730000381824, 0.312524900000426, 0.32906410000578035, 0.3457306000054814, 0.3622064000082901, 0.37857090000761673, 0.3952622000069823, 0.4122850000130711]	232.0	309.0	1.0	9b
461	12	go_only	0	18	7	go	click	[79.0, 79.0, 94.0, 123.0, 152.0, 186.0, 194.0, 199.0, 202.0, 203.0, 205.0, 208.0, 209.0, 211.0, 211.0, 211.0, 211.0, 211.0, 212.0, 213.0, 213.0, 213.0]	[-199.0, -199.0, -149.0, -40.0, 58.0, 161.0, 190.0, 208.0, 217.0, 228.0, 237.0, 256.0, 274.0, 284.0, 285.0, 286.0, 286.0, 288.0, 292.0, 293.0, 294.0, 294.0]	[0, 0, 0, 0, 0, 0, 0, 0, 0, 0, 0, 0, 0, 0, 0, 0, 0, 0, 0, 0, 0, 1]	[0, 0, 0, 0, 0, 0, 0, 0, 0, 0, 0, 0, 0, 0, 0, 0, 0, 0, 0, 0, 0, 0]	[0, 0, 0, 0, 0, 0, 0, 0, 0, 0, 0, 0, 0, 0, 0, 0, 0, 0, 0, 0, 0, 0]	[0.000222100003156811, 0.011730099999113008, 0.02837869999348186, 0.04511330000241287, 0.06237620000320021, 0.07915429999411572, 0.09502739999152254, 0.11210430000210181, 0.12848169999779202, 0.14506310000433587, 0.16185940000286791, 0.1784466999961296, 0.19509799999650568, 0.21188479999545962, 0.22845379999489523, 0.24482089999946766, 0.26167969999369234, 0.2786813999991864, 0.29483699999400415, 0.3120146000001114, 0.32843539999157656, 0.3451721000019461]	213.0	294.0	0.9	9b
462	12	go_only	0	18	3	go	click	[58.0, 58.0, 74.0, 98.0, 121.0, 137.0, 148.0, 153.0, 156.0, 157.0, 160.0, 161.0, 164.0, 168.0, 169.0, 170.0, 171.0, 174.0, 177.0, 180.0, 182.0, 183.0, 183.0, 184.0, 184.0, 184.0, 184.0]	[-215.0, -215.0, -131.0, -53.0, 17.0, 74.0, 123.0, 149.0, 160.0, 168.0, 177.0, 188.0, 201.0, 221.0, 227.0, 230.0, 233.0, 239.0, 250.0, 258.0, 265.0, 268.0, 269.0, 271.0, 273.0, 273.0, 273.0]	[0, 0, 0, 0, 0, 0, 0, 0, 0, 0, 0, 0, 0, 0, 0, 0, 0, 0, 0, 0, 0, 0, 0, 0, 0, 0, 1]	[0, 0, 0, 0, 0, 0, 0, 0, 0, 0, 0, 0, 0, 0, 0, 0, 0, 0, 0, 0, 0, 0, 0, 0, 0, 0, 0]	[0, 0, 0, 0, 0, 0, 0, 0, 0, 0, 0, 0, 0, 0, 0, 0, 0, 0, 0, 0, 0, 0, 0, 0, 0, 0, 0]	[0.00028619999648071826, 0.011972299995250069, 0.02846760000102222, 0.04485479999857489, 0.061625100002856925, 0.07807869999669492, 0.09484020000672899, 0.11153460000059567, 0.12801210000179708, 0.1450022000062745, 0.1613324000063585, 0.17858950000663754, 0.19471419999899808, 0.21203520000563003, 0.2282515999977477, 0.2448203999956604, 0.2616667999973288, 0.2781791000015801, 0.2954803000029642, 0.3114920000080019, 0.32808330000261776, 0.34502409999549855, 0.36152099999890197, 0.37804440000036266, 0.3944430999981705, 0.4115031999972416, 0.4282242000044789]	184.0	273.0	1.0	9b
463	12	go_only	0	18	4	go	click	[45.0, 45.0, 66.0, 107.0, 147.0, 179.0, 202.0, 208.0, 210.0, 211.0, 211.0, 211.0, 211.0, 211.0, 211.0, 211.0, 211.0, 211.0, 211.0, 211.0, 211.0, 211.0, 211.0]	[-233.0, -233.0, -179.0, -68.0, 36.0, 120.0, 206.0, 240.0, 266.0, 292.0, 311.0, 318.0, 325.0, 332.0, 336.0, 336.0, 336.0, 337.0, 337.0, 337.0, 337.0, 337.0, 337.0]	[0, 0, 0, 0, 0, 0, 0, 0, 0, 0, 0, 0, 0, 0, 0, 0, 0, 0, 0, 0, 0, 0, 1]	[0, 0, 0, 0, 0, 0, 0, 0, 0, 0, 0, 0, 0, 0, 0, 0, 0, 0, 0, 0, 0, 0, 0]	[0, 0, 0, 0, 0, 0, 0, 0, 0, 0, 0, 0, 0, 0, 0, 0, 0, 0, 0, 0, 0, 0, 0]	[0.0002288000105181709, 0.012117800011765212, 0.0285106000083033, 0.045213300007162616, 0.06197450000036042, 0.0787175000004936, 0.0954636000096798, 0.1120610000070883, 0.12859630001184996, 0.1453248000034364, 0.16219160000036936, 0.17869260000588838, 0.1952414000115823, 0.21191800000087824, 0.22833410000021104, 0.2448795000091195, 0.2620138000056613, 0.27833830000599846, 0.295566200002213, 0.31211320000875276, 0.3286347000102978, 0.3450722000125097, 0.36198880001029465]	211.0	337.0	0.7	9b
464	12	go_only	0	18	6	go	click	[57.0, 57.0, 94.0, 127.0, 150.0, 172.0, 196.0, 210.0, 217.0, 221.0, 226.0, 227.0, 228.0, 228.0, 228.0, 228.0, 228.0, 228.0, 228.0, 228.0, 228.0, 228.0, 228.0, 228.0, 228.0]	[-253.0, -253.0, -149.0, -58.0, 16.0, 79.0, 143.0, 183.0, 208.0, 227.0, 243.0, 248.0, 253.0, 253.0, 253.0, 253.0, 253.0, 253.0, 253.0, 253.0, 253.0, 253.0, 253.0, 253.0, 253.0]	[0, 0, 0, 0, 0, 0, 0, 0, 0, 0, 0, 0, 0, 0, 0, 0, 0, 0, 0, 0, 0, 0, 0, 0, 1]	[0, 0, 0, 0, 0, 0, 0, 0, 0, 0, 0, 0, 0, 0, 0, 0, 0, 0, 0, 0, 0, 0, 0, 0, 0]	[0, 0, 0, 0, 0, 0, 0, 0, 0, 0, 0, 0, 0, 0, 0, 0, 0, 0, 0, 0, 0, 0, 0, 0, 0]	[0.00012040000001434237, 0.011194399994565174, 0.027636599988909438, 0.044425300002330914, 0.06115809999755584, 0.0776379999879282, 0.09432039999228436, 0.11129950000031386, 0.1277774999907706, 0.14425639998808037, 0.16097489999083336, 0.17803579999599606, 0.194538099996862, 0.21123679999436717, 0.22758089999842923, 0.24412429999210872, 0.26101389998802915, 0.27749339998990763, 0.2941809999902034, 0.31083609999041073, 0.32756720000179484, 0.34426329999405425, 0.3608901999978116, 0.3775147999986075, 0.39486839999153744]	228.0	253.0	0.5	9b
465	12	go_only	0	18	2	go	click	[-3.0, -3.0, 2.0, 9.0, 22.0, 41.0, 62.0, 82.0, 98.0, 107.0, 115.0, 122.0, 130.0, 135.0, 142.0, 146.0, 152.0, 159.0, 164.0, 168.0, 171.0, 174.0, 178.0, 181.0, 182.0, 183.0, 184.0, 184.0, 184.0, 184.0, 184.0]	[-273.0, -273.0, -230.0, -187.0, -142.0, -84.0, -21.0, 31.0, 68.0, 96.0, 117.0, 134.0, 153.0, 163.0, 175.0, 185.0, 198.0, 212.0, 224.0, 235.0, 243.0, 250.0, 257.0, 264.0, 268.0, 274.0, 276.0, 276.0, 276.0, 276.0, 276.0]	[0, 0, 0, 0, 0, 0, 0, 0, 0, 0, 0, 0, 0, 0, 0, 0, 0, 0, 0, 0, 0, 0, 0, 0, 0, 0, 0, 0, 0, 0, 1]	[0, 0, 0, 0, 0, 0, 0, 0, 0, 0, 0, 0, 0, 0, 0, 0, 0, 0, 0, 0, 0, 0, 0, 0, 0, 0, 0, 0, 0, 0, 0]	[0, 0, 0, 0, 0, 0, 0, 0, 0, 0, 0, 0, 0, 0, 0, 0, 0, 0, 0, 0, 0, 0, 0, 0, 0, 0, 0, 0, 0, 0, 0]	[0.00024249999842140824, 0.012164900006609969, 0.02897040000243578, 0.04513680000673048, 0.061932399999932386, 0.07872109999880195, 0.09518670001125429, 0.1118892000085907, 0.12840530001267325, 0.1452346000005491, 0.16198390000499785, 0.17854530000477098, 0.19531400001142174, 0.21185780000814702, 0.22913040001003537, 0.24517460000060964, 0.262065300004906, 0.2784274000005098, 0.2951774000102887, 0.31167890000506304, 0.32847780000884086, 0.3455348999996204, 0.36296040000161156, 0.3784406000049785, 0.3951846999989357, 0.4122112000040943, 0.4286446000041906, 0.4450786000088556, 0.4617819999984931, 0.47846969999955036, 0.4955711000075098]	184.0	276.0	0.7	9b
466	12	go_only	0	18	8	go	click	[95.0, 95.0, 117.0, 139.0, 167.0, 192.0, 210.0, 216.0, 218.0, 219.0, 220.0, 223.0, 224.0, 224.0, 225.0, 225.0, 225.0, 225.0, 225.0, 225.0, 225.0, 225.0, 223.0, 222.0, 222.0, 222.0, 222.0, 222.0]	[-255.0, -255.0, -184.0, -103.0, -5.0, 88.0, 149.0, 174.0, 185.0, 190.0, 194.0, 205.0, 215.0, 220.0, 222.0, 222.0, 222.0, 222.0, 222.0, 223.0, 228.0, 235.0, 246.0, 263.0, 272.0, 282.0, 287.0, 287.0]	[0, 0, 0, 0, 0, 0, 0, 0, 0, 0, 0, 0, 0, 0, 0, 0, 0, 0, 0, 0, 0, 0, 0, 0, 0, 0, 0, 1]	[0, 0, 0, 0, 0, 0, 0, 0, 0, 0, 0, 0, 0, 0, 0, 0, 0, 0, 0, 0, 0, 0, 0, 0, 0, 0, 0, 0]	[0, 0, 0, 0, 0, 0, 0, 0, 0, 0, 0, 0, 0, 0, 0, 0, 0, 0, 0, 0, 0, 0, 0, 0, 0, 0, 0, 0]	[0.00036099999852012843, 0.011657700000796467, 0.027916899998672307, 0.04455749999033287, 0.0613005999912275, 0.07817449999856763, 0.09483190000173636, 0.11167749999731313, 0.1280138000001898, 0.14466140000149608, 0.16137639999215025, 0.17824569999356754, 0.19482129999960307, 0.21159579999221023, 0.22781189999659546, 0.24449389999790583, 0.26131770000210963, 0.27806879999116063, 0.2949279000022216, 0.3117284999898402, 0.32802479999372736, 0.34472969999478664, 0.36144310000236146, 0.37798609999299515, 0.39477379999880213, 0.41142619999300223, 0.42800050000369083, 0.4451805999997305]	222.0	288.0	0.7	9b
467	12	go_only	0	18	3	go	click	[42.0, 42.0, 58.0, 98.0, 136.0, 174.0, 226.0, 240.0, 253.0, 259.0, 261.0, 262.0, 262.0, 263.0, 263.0, 263.0, 263.0, 263.0, 263.0, 263.0, 263.0, 263.0, 263.0, 260.0, 253.0, 248.0, 244.0, 242.0, 241.0, 239.0, 239.0, 239.0, 239.0, 239.0]	[-246.0, -246.0, -197.0, -89.0, 26.0, 134.0, 257.0, 303.0, 332.0, 347.0, 354.0, 357.0, 359.0, 359.0, 359.0, 359.0, 359.0, 359.0, 359.0, 359.0, 359.0, 359.0, 359.0, 355.0, 349.0, 342.0, 336.0, 332.0, 330.0, 329.0, 329.0, 329.0, 329.0, 329.0]	[0, 0, 0, 0, 0, 0, 0, 0, 0, 0, 0, 0, 0, 0, 0, 0, 0, 0, 0, 0, 0, 0, 0, 0, 0, 0, 0, 0, 0, 0, 0, 0, 0, 1]	[0, 0, 0, 0, 0, 0, 0, 0, 0, 0, 0, 0, 0, 0, 0, 0, 0, 0, 0, 0, 0, 0, 0, 0, 0, 0, 0, 0, 0, 0, 0, 0, 0, 0]	[0, 0, 0, 0, 0, 0, 0, 0, 0, 0, 0, 0, 0, 0, 0, 0, 0, 0, 0, 0, 0, 0, 0, 0, 0, 0, 0, 0, 0, 0, 0, 0, 0, 0]	[0.00019500000053085387, 0.010815600006026216, 0.027526500009116717, 0.044271900012972765, 0.060911000007763505, 0.07748240001092199, 0.09418680000817403, 0.11108440000680275, 0.12804780001170002, 0.14424000000872184, 0.16076610000163782, 0.17764170000737067, 0.19429380001383834, 0.21065430001181085, 0.22729740000795573, 0.24388160000671633, 0.26048910000827163, 0.27722350000112783, 0.2942876000015531, 0.3109279000054812, 0.3277851000020746, 0.3441396000125678, 0.3628072000137763, 0.3774376000073971, 0.3941000000049826, 0.4107160000130534, 0.42761260000406764, 0.44412080000620335, 0.461083400005009, 0.4772767000104068, 0.4939176000043517, 0.5106294000142952, 0.5272948000056203, 0.5439525000110734]	239.0	329.0	0.8	9b
468	12	go_only	0	18	2	go	click	[17.0, 28.0, 35.0, 54.0, 75.0, 99.0, 131.0, 145.0, 152.0, 158.0, 162.0, 167.0, 171.0, 174.0, 177.0, 177.0, 177.0, 178.0, 182.0, 185.0, 188.0, 190.0, 190.0, 190.0, 190.0, 190.0, 190.0, 190.0]	[-292.0, -259.0, -223.0, -143.0, -66.0, 16.0, 104.0, 142.0, 165.0, 181.0, 192.0, 204.0, 215.0, 225.0, 230.0, 232.0, 232.0, 234.0, 247.0, 254.0, 270.0, 276.0, 279.0, 280.0, 281.0, 281.0, 281.0, 282.0]	[0, 0, 0, 0, 0, 0, 0, 0, 0, 0, 0, 0, 0, 0, 0, 0, 0, 0, 0, 0, 0, 0, 0, 0, 0, 0, 0, 1]	[0, 0, 0, 0, 0, 0, 0, 0, 0, 0, 0, 0, 0, 0, 0, 0, 0, 0, 0, 0, 0, 0, 0, 0, 0, 0, 0, 0]	[0, 0, 0, 0, 0, 0, 0, 0, 0, 0, 0, 0, 0, 0, 0, 0, 0, 0, 0, 0, 0, 0, 0, 0, 0, 0, 0, 0]	[0.000222400005441159, 0.012518600007751957, 0.029202000005170703, 0.04594110000471119, 0.0624348999990616, 0.07906810000713449, 0.0960068999993382, 0.11266810000233818, 0.12965970000368543, 0.1458409000042593, 0.16259480000007898, 0.1791440000088187, 0.19582910000463016, 0.21227030000591185, 0.22904340000241064, 0.2455824000062421, 0.26254310000513215, 0.27900619999854825, 0.2957504000078188, 0.3124948000040604, 0.3290345999994315, 0.3457724000036251, 0.36250879999715835, 0.37910890000057407, 0.3955621000059182, 0.4122765000065556, 0.42932209999707993, 0.44586330000311136]	190.0	282.0	0.7	9b
469	13	go_nogo	0	60	1	nogo	none	[36.0, 36.0, 43.0, 64.0, 84.0, 112.0, 122.0, 129.0, 135.0, 138.0, 140.0, 143.0, 145.0, 147.0, 147.0, 147.0, 147.0, 147.0, 147.0, 147.0, 149.0, 152.0, 158.0, 166.0, 172.0, 175.0, 177.0, 178.0, 178.0, 178.0, 178.0, 178.0, 178.0, 178.0, 178.0, 178.0, 178.0, 178.0, 178.0, 178.0, 178.0, 178.0, 178.0, 178.0, 178.0, 178.0, 178.0, 178.0, 178.0, 178.0, 178.0, 178.0, 178.0, 178.0, 178.0, 178.0, 178.0, 178.0, 178.0, 178.0, 178.0, 178.0, 178.0, 178.0, 178.0, 178.0, 178.0, 178.0, 178.0, 178.0]	[-211.0, -211.0, -155.0, -48.0, 36.0, 135.0, 166.0, 185.0, 202.0, 212.0, 220.0, 227.0, 233.0, 237.0, 237.0, 237.0, 237.0, 237.0, 237.0, 238.0, 240.0, 245.0, 253.0, 264.0, 272.0, 278.0, 282.0, 283.0, 284.0, 284.0, 284.0, 284.0, 284.0, 284.0, 284.0, 284.0, 284.0, 284.0, 284.0, 284.0, 284.0, 284.0, 284.0, 284.0, 284.0, 284.0, 284.0, 284.0, 284.0, 284.0, 284.0, 284.0, 284.0, 284.0, 284.0, 284.0, 284.0, 284.0, 284.0, 284.0, 284.0, 284.0, 284.0, 284.0, 284.0, 284.0, 284.0, 284.0, 284.0, 284.0]	[0, 0, 0, 0, 0, 0, 0, 0, 0, 0, 0, 0, 0, 0, 0, 0, 0, 0, 0, 0, 0, 0, 0, 0, 0, 0, 0, 0, 0, 0, 0, 0, 0, 0, 0, 0, 0, 0, 0, 0, 0, 0, 0, 0, 0, 0, 0, 0, 0, 0, 0, 0, 0, 0, 0, 0, 0, 0, 0, 0, 0, 0, 0, 0, 0, 0, 0, 0, 0, 0]	[0, 0, 0, 0, 0, 0, 0, 0, 0, 0, 0, 0, 0, 0, 0, 0, 0, 0, 0, 0, 0, 0, 0, 0, 0, 0, 0, 0, 0, 0, 0, 0, 0, 0, 0, 0, 0, 0, 0, 0, 0, 0, 0, 0, 0, 0, 0, 0, 0, 0, 0, 0, 0, 0, 0, 0, 0, 0, 0, 0, 0, 0, 0, 0, 0, 0, 0, 0, 0, 0]	[0, 0, 0, 0, 0, 0, 0, 0, 0, 0, 0, 0, 0, 0, 0, 0, 0, 0, 0, 0, 0, 0, 0, 0, 0, 0, 0, 0, 0, 0, 0, 0, 0, 0, 0, 0, 0, 0, 0, 0, 0, 0, 0, 0, 0, 0, 0, 0, 0, 0, 0, 0, 0, 0, 0, 0, 0, 0, 0, 0, 0, 0, 0, 0, 0, 0, 0, 0, 0, 0]	[0.00019469999824650586, 0.01194769999710843, 0.028446800002711825, 0.045081000003847294, 0.06236549999448471, 0.07824829999299254, 0.09505170000193175, 0.11158640000212472, 0.12847820000024512, 0.14567490000627004, 0.16192319999390747, 0.1784365999919828, 0.1950483999971766, 0.21164090000092983, 0.228301700000884, 0.24507750000339001, 0.2621389999985695, 0.2783505999977933, 0.29509289999259636, 0.31160109999473207, 0.32818399999814574, 0.3450544999941485, 0.3616852999984985, 0.3783662999921944, 0.39472500000556465, 0.41182470000057947, 0.42850280000129715, 0.4449502999923425, 0.4614043000037782, 0.4782058999990113, 0.49484970000048634, 0.5113724999973783, 0.5283214999944903, 0.5448095000028843, 0.561451899993699, 0.5781334000057541, 0.5949163000041153, 0.6114605000038864, 0.6282248999923468, 0.6448441999964416, 0.6614899999985937, 0.678088899992872, 0.694781400001375, 0.7115405999938957, 0.7282069999928353, 0.7448109999968437, 0.761417400004575, 0.7779543999931775, 0.7947077999997418, 0.8114147000014782, 0.8281124000059208, 0.8448363000061363, 0.8614482999983011, 0.8781815999973333, 0.8946272000030149, 0.911241699999664, 0.9281996999925468, 0.9446511999994982, 0.9611921000032453, 0.9778726999938954, 0.9947129999927711, 1.0111956000037026, 1.027959600003669, 1.044814499997301, 1.0613243999978295, 1.0780793000012636, 1.0946466000023065, 1.1113309999927878, 1.127990499997395, 1.1449464000033913]	n/a	n/a	0.5	9b
470	13	go_nogo	0	60	6	go	click	[68.0, 68.0, 84.0, 116.0, 159.0, 165.0, 176.0, 182.0, 187.0, 188.0, 190.0, 192.0, 197.0, 198.0, 199.0, 199.0, 199.0, 200.0, 200.0, 202.0, 203.0, 204.0, 205.0, 205.0, 205.0, 205.0, 205.0, 206.0, 206.0]	[-219.0, -219.0, -184.0, -119.0, -19.0, -7.0, 24.0, 49.0, 72.0, 96.0, 111.0, 126.0, 143.0, 157.0, 168.0, 173.0, 177.0, 190.0, 204.0, 224.0, 241.0, 251.0, 257.0, 261.0, 263.0, 267.0, 270.0, 271.0, 271.0]	[0, 0, 0, 0, 0, 0, 0, 0, 0, 0, 0, 0, 0, 0, 0, 0, 0, 0, 0, 0, 0, 0, 0, 0, 0, 0, 0, 0, 1]	[0, 0, 0, 0, 0, 0, 0, 0, 0, 0, 0, 0, 0, 0, 0, 0, 0, 0, 0, 0, 0, 0, 0, 0, 0, 0, 0, 0, 0]	[0, 0, 0, 0, 0, 0, 0, 0, 0, 0, 0, 0, 0, 0, 0, 0, 0, 0, 0, 0, 0, 0, 0, 0, 0, 0, 0, 0, 0]	[0.00020379999477881938, 0.012174299990874715, 0.028461899986723438, 0.04514559998642653, 0.06200529998750426, 0.07896400000026915, 0.0952806999994209, 0.11172859999351203, 0.1283967999916058, 0.14521199998853263, 0.1616652999946382, 0.1782801999943331, 0.195110399989062, 0.21172899998782668, 0.22848349998821504, 0.24507989999256097, 0.2618851999868639, 0.2785513999988325, 0.29530610000074375, 0.3125819999986561, 0.3283896999928402, 0.34500539999862667, 0.36170270000002347, 0.378335799992783, 0.39498810000077356, 0.4117159999877913, 0.42826139999669977, 0.4449342999869259, 0.46194729999115225]	206.0	271.0	1.0	9b
471	13	go_nogo	0	60	4	go	click	[80.0, 80.0, 98.0, 138.0, 175.0, 198.0, 212.0, 222.0, 226.0, 229.0, 232.0, 234.0, 236.0, 237.0, 237.0, 238.0, 238.0, 238.0, 238.0, 238.0, 238.0, 238.0]	[-194.0, -194.0, -144.0, -40.0, 56.0, 133.0, 186.0, 219.0, 240.0, 255.0, 272.0, 293.0, 309.0, 316.0, 317.0, 317.0, 317.0, 317.0, 317.0, 317.0, 317.0, 317.0]	[0, 0, 0, 0, 0, 0, 0, 0, 0, 0, 0, 0, 0, 0, 0, 0, 0, 0, 0, 0, 0, 1]	[0, 0, 0, 0, 0, 0, 0, 0, 0, 0, 0, 0, 0, 0, 0, 0, 0, 0, 0, 0, 0, 0]	[0, 0, 0, 0, 0, 0, 0, 0, 0, 0, 0, 0, 0, 0, 0, 0, 0, 0, 0, 0, 0, 0]	[0.0002592000091681257, 0.01015719999850262, 0.026966999997966923, 0.0437551000068197, 0.060102800009190105, 0.0769060000020545, 0.0935518000042066, 0.11002849999931641, 0.12680980000004638, 0.14390039999852888, 0.16086540000105742, 0.17692220000026282, 0.19340050000755582, 0.2101228999963496, 0.2269427999999607, 0.24358399999618996, 0.2600640000018757, 0.2766713000019081, 0.29358549999597017, 0.3102893000032054, 0.3267742000025464, 0.343386599997757]	238.0	317.0	0.5	9b
472	13	go_nogo	0	60	3	go	click	[34.0, 34.0, 60.0, 92.0, 119.0, 137.0, 145.0, 150.0, 151.0, 152.0, 154.0, 156.0, 159.0, 162.0, 162.0, 163.0, 163.0, 163.0, 163.0, 163.0, 163.0, 163.0, 163.0, 163.0, 163.0, 163.0, 163.0, 163.0, 163.0, 163.0, 164.0, 165.0, 167.0, 168.0, 170.0, 170.0, 171.0, 172.0, 172.0, 172.0]	[-275.0, -275.0, -174.0, -72.0, 19.0, 73.0, 108.0, 129.0, 141.0, 151.0, 161.0, 175.0, 192.0, 211.0, 223.0, 230.0, 231.0, 231.0, 231.0, 231.0, 231.0, 231.0, 231.0, 231.0, 231.0, 231.0, 231.0, 231.0, 231.0, 236.0, 240.0, 244.0, 251.0, 257.0, 265.0, 269.0, 274.0, 276.0, 277.0, 277.0]	[0, 0, 0, 0, 0, 0, 0, 0, 0, 0, 0, 0, 0, 0, 0, 0, 0, 0, 0, 0, 0, 0, 0, 1, 1, 1, 1, 0, 0, 0, 0, 0, 0, 0, 0, 0, 0, 0, 0, 1]	[0, 0, 0, 0, 0, 0, 0, 0, 0, 0, 0, 0, 0, 0, 0, 0, 0, 0, 0, 0, 0, 0, 0, 0, 0, 0, 0, 0, 0, 0, 0, 0, 0, 0, 0, 0, 0, 0, 0, 0]	[0, 0, 0, 0, 0, 0, 0, 0, 0, 0, 0, 0, 0, 0, 0, 0, 0, 0, 0, 0, 0, 0, 0, 0, 0, 0, 0, 0, 0, 0, 0, 0, 0, 0, 0, 0, 0, 0, 0, 0]	[7.789999654050916e-05, 0.011676199996145442, 0.027419299993198365, 0.04431379999732599, 0.06115199999476317, 0.07792549999430776, 0.09450349998951424, 0.11118639999767765, 0.127684599996428, 0.1443606999964686, 0.16105270000116434, 0.17789569999149535, 0.19438699999591336, 0.2109885999961989, 0.227685299993027, 0.24427729999297298, 0.2606433999899309, 0.27747610000369605, 0.2939925999962725, 0.3106318999925861, 0.32732060000125784, 0.3440624999930151, 0.3607607000012649, 0.37732909999613184, 0.39423119999992196, 0.4111009999905946, 0.4277531999978237, 0.44489400000020396, 0.46096869999018963, 0.47762259999581147, 0.4948261999961687, 0.5111080999922706, 0.527484899997944, 0.5444310000020778, 0.5617665000027046, 0.5775983999919845, 0.5943803999980446, 0.6113524999964284, 0.6275586999981897, 0.6443549999967217]	172.0	277.0	0.8	9b
473	13	go_nogo	0	60	3	go	click	[29.0, 36.0, 47.0, 64.0, 84.0, 103.0, 140.0, 157.0, 175.0, 191.0, 200.0, 205.0, 209.0, 214.0, 219.0, 219.0, 219.0, 219.0, 219.0, 219.0, 219.0, 219.0, 219.0, 219.0, 219.0, 219.0, 215.0, 211.0, 206.0, 203.0, 201.0, 199.0, 199.0, 199.0, 199.0]	[-247.0, -200.0, -152.0, -49.0, 39.0, 123.0, 231.0, 282.0, 321.0, 351.0, 368.0, 378.0, 388.0, 398.0, 406.0, 408.0, 408.0, 408.0, 408.0, 408.0, 408.0, 408.0, 408.0, 408.0, 408.0, 402.0, 389.0, 370.0, 356.0, 342.0, 329.0, 323.0, 321.0, 320.0, 320.0]	[0, 0, 0, 0, 0, 0, 0, 0, 0, 0, 0, 0, 0, 0, 0, 0, 0, 0, 0, 0, 0, 0, 0, 0, 0, 0, 0, 0, 0, 0, 0, 0, 0, 0, 1]	[0, 0, 0, 0, 0, 0, 0, 0, 0, 0, 0, 0, 0, 0, 0, 0, 0, 0, 0, 0, 0, 0, 0, 0, 0, 0, 0, 0, 0, 0, 0, 0, 0, 0, 0]	[0, 0, 0, 0, 0, 0, 0, 0, 0, 0, 0, 0, 0, 0, 0, 0, 0, 0, 0, 0, 0, 0, 0, 0, 0, 0, 0, 0, 0, 0, 0, 0, 0, 0, 0]	[0.00010889999975915998, 0.012054700011503883, 0.028620800003409386, 0.04511289999936707, 0.0622678000072483, 0.07858660000783857, 0.0952914000081364, 0.11220690001209732, 0.1286786000127904, 0.14557069999864325, 0.1622310000093421, 0.17868880000605714, 0.19525560000329278, 0.2118386000074679, 0.22858340000675526, 0.24499810000997968, 0.26165870000841096, 0.2783625000010943, 0.29496860000654124, 0.31159450000268407, 0.32832660000713076, 0.34523920000356156, 0.3618371000047773, 0.37848200000007637, 0.3952562000049511, 0.411877500009723, 0.4286193000007188, 0.4451785999990534, 0.4619396000052802, 0.4785151000105543, 0.49533760000485927, 0.5118594000086887, 0.5284563000022899, 0.5449263000045903, 0.5621125000034226]	199.0	320.0	0.9	9b
474	13	go_nogo	0	60	7	go	click	[82.0, 82.0, 89.0, 110.0, 137.0, 157.0, 184.0, 197.0, 207.0, 214.0, 220.0, 222.0, 223.0, 223.0, 223.0, 223.0, 224.0, 227.0, 229.0, 229.0, 230.0, 230.0, 230.0]	[-203.0, -203.0, -160.0, -86.0, 0.0, 66.0, 153.0, 193.0, 220.0, 239.0, 251.0, 257.0, 259.0, 259.0, 261.0, 262.0, 266.0, 275.0, 281.0, 283.0, 283.0, 283.0, 283.0]	[0, 0, 0, 0, 0, 0, 0, 0, 0, 0, 0, 0, 0, 0, 0, 0, 0, 0, 0, 0, 0, 0, 1]	[0, 0, 0, 0, 0, 0, 0, 0, 0, 0, 0, 0, 0, 0, 0, 0, 0, 0, 0, 0, 0, 0, 0]	[0, 0, 0, 0, 0, 0, 0, 0, 0, 0, 0, 0, 0, 0, 0, 0, 0, 0, 0, 0, 0, 0, 0]	[0.00021889999334234744, 0.011481499997898936, 0.028282600003876723, 0.04485589999239892, 0.061572299993713386, 0.07835869998962153, 0.09492370000225492, 0.11170670000137761, 0.12833449999743607, 0.1450401000038255, 0.1615897000010591, 0.17815510000218637, 0.19459519999509212, 0.21151179999287706, 0.22810269999899901, 0.24477969999134075, 0.2615914999914821, 0.2782011999952374, 0.2949434000038309, 0.31151829998998437, 0.32813460000033956, 0.3444675999926403, 0.3628129999997327]	230.0	284.0	1.0	9b
475	13	go_nogo	0	60	1	nogo	none	[69.0, 84.0, 97.0, 116.0, 132.0, 143.0, 158.0, 166.0, 175.0, 183.0, 188.0, 193.0, 195.0, 197.0, 198.0, 198.0, 198.0, 198.0, 198.0, 198.0, 198.0, 198.0, 198.0, 198.0, 198.0, 198.0, 198.0, 198.0, 198.0, 198.0, 198.0, 198.0, 198.0, 198.0, 198.0, 198.0, 198.0, 198.0, 198.0, 198.0, 198.0, 198.0, 198.0, 198.0, 198.0, 198.0, 198.0, 198.0, 198.0, 198.0, 198.0, 198.0, 198.0, 198.0, 198.0, 198.0, 198.0]	[-234.0, -185.0, -136.0, -52.0, 20.0, 72.0, 118.0, 156.0, 191.0, 216.0, 235.0, 258.0, 275.0, 284.0, 286.0, 286.0, 286.0, 286.0, 286.0, 286.0, 287.0, 287.0, 287.0, 287.0, 287.0, 287.0, 287.0, 287.0, 287.0, 287.0, 287.0, 287.0, 287.0, 287.0, 287.0, 287.0, 287.0, 287.0, 287.0, 287.0, 287.0, 287.0, 287.0, 287.0, 287.0, 287.0, 287.0, 287.0, 287.0, 287.0, 287.0, 287.0, 287.0, 287.0, 287.0, 287.0, 287.0]	[0, 0, 0, 0, 0, 0, 0, 0, 0, 0, 0, 0, 0, 0, 0, 0, 0, 0, 0, 0, 0, 0, 0, 0, 0, 0, 0, 0, 0, 0, 0, 0, 0, 0, 0, 0, 0, 0, 0, 0, 0, 0, 0, 0, 0, 0, 0, 0, 0, 0, 0, 0, 0, 0, 0, 0, 0]	[0, 0, 0, 0, 0, 0, 0, 0, 0, 0, 0, 0, 0, 0, 0, 0, 0, 0, 0, 0, 0, 0, 0, 0, 0, 0, 0, 0, 0, 0, 0, 0, 0, 0, 0, 0, 0, 0, 0, 0, 0, 0, 0, 0, 0, 0, 0, 0, 0, 0, 0, 0, 0, 0, 0, 0, 0]	[0, 0, 0, 0, 0, 0, 0, 0, 0, 0, 0, 0, 0, 0, 0, 0, 0, 0, 0, 0, 0, 0, 0, 0, 0, 0, 0, 0, 0, 0, 0, 0, 0, 0, 0, 0, 0, 0, 0, 0, 0, 0, 0, 0, 0, 0, 0, 0, 0, 0, 0, 0, 0, 0, 0, 0, 0]	[0.00019809999503195286, 0.008950699993874878, 0.02581599999393802, 0.04256679999525659, 0.05926679998810869, 0.07595389999914914, 0.09274110000114888, 0.1093776999914553, 0.12579909998748917, 0.14233649999368936, 0.15928579999308567, 0.17588659998727962, 0.19315269999788143, 0.2093270999903325, 0.22547879999910947, 0.24217539999517612, 0.2588534999958938, 0.2755252999922959, 0.2921378999890294, 0.309405499996501, 0.325670899997931, 0.3422279999940656, 0.35880570000153966, 0.37537809999776073, 0.39214839998749085, 0.4088303999888012, 0.4254417999909492, 0.44212209999386687, 0.4589663999940967, 0.47545569999783766, 0.49206910000066273, 0.5087664999882691, 0.5254218999907607, 0.5421010999998543, 0.558546899992507, 0.5752001999935601, 0.5920102999953087, 0.6086063999973703, 0.6251038999907905, 0.6419816999987233, 0.6585837999882642, 0.6754299999884097, 0.6918594999879133, 0.7085281999898143, 0.7253251999936765, 0.7420812999916961, 0.7585981000011088, 0.7752435000002151, 0.7918736999999965, 0.8084374999889405, 0.8252390999987256, 0.8420197999948869, 0.8585782999871299, 0.875397099996917, 0.8918665999954101, 0.9086444999993546, 0.9256327999901259]	n/a	n/a	1.0	9b
476	13	go_nogo	0	60	7	go	click	[40.0, 49.0, 56.0, 76.0, 97.0, 124.0, 159.0, 184.0, 204.0, 209.0, 211.0, 212.0, 213.0, 213.0, 213.0, 213.0, 213.0, 213.0, 213.0, 213.0, 213.0, 213.0, 213.0, 213.0, 213.0, 213.0, 213.0, 213.0, 213.0, 213.0, 213.0, 213.0, 213.0, 213.0, 213.0, 213.0, 213.0, 213.0, 213.0, 213.0, 213.0, 213.0, 210.0, 205.0, 204.0, 200.0, 199.0, 197.0, 196.0, 196.0, 196.0, 196.0]	[-280.0, -243.0, -200.0, -104.0, -1.0, 116.0, 223.0, 294.0, 336.0, 348.0, 353.0, 355.0, 355.0, 355.0, 355.0, 355.0, 355.0, 355.0, 355.0, 355.0, 356.0, 356.0, 356.0, 356.0, 356.0, 356.0, 356.0, 356.0, 356.0, 356.0, 356.0, 356.0, 356.0, 356.0, 356.0, 356.0, 356.0, 356.0, 356.0, 356.0, 356.0, 355.0, 347.0, 333.0, 330.0, 318.0, 313.0, 308.0, 304.0, 303.0, 303.0, 303.0]	[0, 0, 0, 0, 0, 0, 0, 0, 0, 0, 0, 0, 0, 0, 0, 0, 0, 0, 0, 0, 0, 0, 0, 0, 0, 1, 1, 1, 1, 1, 1, 1, 1, 0, 0, 0, 0, 0, 0, 0, 0, 0, 0, 0, 0, 0, 0, 0, 0, 0, 0, 1]	[0, 0, 0, 0, 0, 0, 0, 0, 0, 0, 0, 0, 0, 0, 0, 0, 0, 0, 0, 0, 0, 0, 0, 0, 0, 0, 0, 0, 0, 0, 0, 0, 0, 0, 0, 0, 0, 0, 0, 0, 0, 0, 0, 0, 0, 0, 0, 0, 0, 0, 0, 0]	[0, 0, 0, 0, 0, 0, 0, 0, 0, 0, 0, 0, 0, 0, 0, 0, 0, 0, 0, 0, 0, 0, 0, 0, 0, 0, 0, 0, 0, 0, 0, 0, 0, 0, 0, 0, 0, 0, 0, 0, 0, 0, 0, 0, 0, 0, 0, 0, 0, 0, 0, 0]	[0.00012240000069141388, 0.011511500008055009, 0.02830330000142567, 0.04501390000223182, 0.061668100010138005, 0.07823950001329649, 0.0947780000133207, 0.11157740000635386, 0.12824870001350064, 0.1452284000115469, 0.16180780000286177, 0.17848349999985658, 0.19486000000324566, 0.2113930000050459, 0.2278542000130983, 0.24472320001223125, 0.2613957000139635, 0.2781282000069041, 0.2949102000129642, 0.31122360000154004, 0.32798560000082944, 0.344654200001969, 0.3614864000119269, 0.37809940001170617, 0.3946139000036055, 0.4126740000065183, 0.42802320000191685, 0.4449345000030007, 0.46133090001239907, 0.4779244000092149, 0.4946450999996159, 0.5112892000033753, 0.5282067000080133, 0.5447607000096468, 0.5615793000033591, 0.5782950000138953, 0.5945694000110961, 0.6114343000081135, 0.6279337000014493, 0.6446701000095345, 0.6617411000042921, 0.6784808000084013, 0.6950155000085942, 0.711404700006824, 0.728466100001242, 0.7449155000067549, 0.7616055000107735, 0.7780984000128228, 0.7949462000105996, 0.8112940000137314, 0.8279642000125023, 0.8451857000036398]	196.0	303.0	0.8	9b
477	13	go_nogo	0	60	7	go	click	[97.0, 97.0, 131.0, 156.0, 183.0, 195.0, 204.0, 212.0, 216.0, 218.0, 219.0, 221.0, 223.0, 226.0, 227.0, 227.0, 227.0, 227.0, 227.0, 227.0, 227.0, 227.0]	[-184.0, -184.0, -85.0, 4.0, 91.0, 146.0, 183.0, 211.0, 232.0, 242.0, 247.0, 254.0, 267.0, 278.0, 280.0, 280.0, 280.0, 280.0, 280.0, 280.0, 280.0, 280.0]	[0, 0, 0, 0, 0, 0, 0, 0, 0, 0, 0, 0, 0, 0, 0, 0, 0, 0, 0, 0, 0, 1]	[0, 0, 0, 0, 0, 0, 0, 0, 0, 0, 0, 0, 0, 0, 0, 0, 0, 0, 0, 0, 0, 0]	[0, 0, 0, 0, 0, 0, 0, 0, 0, 0, 0, 0, 0, 0, 0, 0, 0, 0, 0, 0, 0, 0]	[0.00022819999139755964, 0.012664399997447617, 0.029654699988896027, 0.046226099992054515, 0.06290809999336489, 0.07992879999801517, 0.09621719999995548, 0.1129201000003377, 0.12940299999900162, 0.14607829999295063, 0.16287739999825135, 0.179700499997125, 0.19653380000090692, 0.2129815999942366, 0.22953729999426287, 0.2460238999919966, 0.26266469999973197, 0.2793863999977475, 0.2959751000016695, 0.3124822999961907, 0.3292430000001332, 0.3462413999950513]	227.0	280.0	0.6	9b
478	13	go_nogo	0	60	8	go	click	[26.0, 26.0, 43.0, 67.0, 89.0, 104.0, 118.0, 130.0, 140.0, 146.0, 151.0, 158.0, 164.0, 170.0, 174.0, 176.0, 178.0, 180.0, 185.0, 190.0, 196.0, 199.0, 202.0, 203.0, 205.0, 205.0, 206.0, 206.0, 206.0]	[-300.0, -300.0, -239.0, -157.0, -72.0, -1.0, 56.0, 93.0, 121.0, 133.0, 146.0, 162.0, 175.0, 187.0, 196.0, 201.0, 205.0, 210.0, 220.0, 230.0, 245.0, 251.0, 258.0, 264.0, 267.0, 272.0, 275.0, 276.0, 276.0]	[0, 0, 0, 0, 0, 0, 0, 0, 0, 0, 0, 0, 0, 0, 0, 0, 0, 0, 0, 0, 0, 0, 0, 0, 0, 0, 0, 0, 1]	[0, 0, 0, 0, 0, 0, 0, 0, 0, 0, 0, 0, 0, 0, 0, 0, 0, 0, 0, 0, 0, 0, 0, 0, 0, 0, 0, 0, 0]	[0, 0, 0, 0, 0, 0, 0, 0, 0, 0, 0, 0, 0, 0, 0, 0, 0, 0, 0, 0, 0, 0, 0, 0, 0, 0, 0, 0, 0]	[8.540000999346375e-05, 0.012555699999211356, 0.029259600007208064, 0.04596129999845289, 0.06257480000203941, 0.07943500000692438, 0.09588370000710711, 0.11287500000617001, 0.12948260000848677, 0.14615990000311285, 0.16278410000086296, 0.179358699999284, 0.19593909999821335, 0.21285050000005867, 0.22929840000870172, 0.24607700000342447, 0.2625815000064904, 0.2795312000089325, 0.2962346999993315, 0.31275949999690056, 0.3296427000022959, 0.3463754999975208, 0.362615400008508, 0.37937090000195894, 0.3960459000081755, 0.4125549000018509, 0.4293022000056226, 0.4456334999995306, 0.46256060000450816]	206.0	276.0	0.5	9b
479	13	go_nogo	0	60	1	nogo	none	[54.0, 54.0, 84.0, 114.0, 139.0, 158.0, 175.0, 184.0, 194.0, 203.0, 211.0, 213.0, 213.0, 214.0, 214.0, 214.0, 214.0, 214.0, 214.0, 214.0, 214.0, 214.0, 214.0, 214.0, 214.0, 214.0, 214.0, 214.0, 214.0, 214.0, 214.0, 214.0, 214.0, 214.0, 214.0, 214.0, 214.0, 214.0, 214.0, 214.0, 214.0, 214.0, 214.0, 214.0, 214.0, 214.0, 214.0, 214.0, 214.0, 214.0, 214.0, 214.0, 214.0, 214.0, 214.0]	[-203.0, -203.0, -94.0, 23.0, 112.0, 178.0, 222.0, 253.0, 278.0, 299.0, 320.0, 325.0, 327.0, 327.0, 327.0, 327.0, 327.0, 327.0, 327.0, 327.0, 327.0, 327.0, 327.0, 327.0, 327.0, 327.0, 327.0, 327.0, 327.0, 327.0, 327.0, 327.0, 327.0, 327.0, 327.0, 327.0, 327.0, 327.0, 327.0, 327.0, 327.0, 327.0, 327.0, 327.0, 327.0, 327.0, 327.0, 327.0, 327.0, 327.0, 327.0, 327.0, 327.0, 327.0, 327.0]	[0, 0, 0, 0, 0, 0, 0, 0, 0, 0, 0, 0, 0, 0, 0, 0, 0, 0, 0, 0, 0, 0, 0, 0, 0, 0, 0, 0, 0, 0, 0, 0, 0, 0, 0, 0, 0, 0, 0, 0, 0, 0, 0, 0, 0, 0, 0, 0, 0, 0, 0, 0, 0, 0, 0]	[0, 0, 0, 0, 0, 0, 0, 0, 0, 0, 0, 0, 0, 0, 0, 0, 0, 0, 0, 0, 0, 0, 0, 0, 0, 0, 0, 0, 0, 0, 0, 0, 0, 0, 0, 0, 0, 0, 0, 0, 0, 0, 0, 0, 0, 0, 0, 0, 0, 0, 0, 0, 0, 0, 0]	[0, 0, 0, 0, 0, 0, 0, 0, 0, 0, 0, 0, 0, 0, 0, 0, 0, 0, 0, 0, 0, 0, 0, 0, 0, 0, 0, 0, 0, 0, 0, 0, 0, 0, 0, 0, 0, 0, 0, 0, 0, 0, 0, 0, 0, 0, 0, 0, 0, 0, 0, 0, 0, 0, 0]	[8.879999222699553e-05, 0.010892399994190782, 0.02739089999522548, 0.043903799989493564, 0.06079859999590553, 0.07739279999805149, 0.09387149999383837, 0.11057219999202061, 0.127305099988007, 0.1440427999914391, 0.16069569998944644, 0.17731499999354128, 0.1939702999952715, 0.21051119999901857, 0.2272509999893373, 0.24384250000002794, 0.2603811000008136, 0.2771749999956228, 0.2937025999999605, 0.3103434999939054, 0.3269370999914827, 0.34355939998931717, 0.3601557999936631, 0.37680909999471623, 0.3935905999969691, 0.41029089999210555, 0.42682870000135154, 0.4435749999975087, 0.46024049998959526, 0.47698579999268986, 0.4938399999955436, 0.5111174999910872, 0.527281699993182, 0.5438397999969311, 0.5603566999925533, 0.577068300000974, 0.5938590000005206, 0.6103807999897981, 0.6272365999902831, 0.6439459999965038, 0.6604461999959312, 0.6771051999967312, 0.6939521000022069, 0.7105721999978414, 0.7270777999947313, 0.7436546999961138, 0.7602783999900566, 0.7769173999986378, 0.793484099995112, 0.8102497999934712, 0.8269810999918263, 0.8433489000017289, 0.8603216999908909, 0.877052800002275, 0.8936447000014596]	n/a	n/a	0.5	9b
480	13	go_nogo	0	60	2	go	click	[52.0, 52.0, 66.0, 99.0, 136.0, 186.0, 212.0, 225.0, 234.0, 238.0, 240.0, 241.0, 241.0, 241.0, 241.0, 241.0, 241.0, 241.0, 241.0, 241.0, 241.0, 241.0, 239.0, 234.0, 226.0, 221.0, 219.0, 218.0, 218.0, 218.0, 218.0]	[-217.0, -217.0, -179.0, -88.0, 12.0, 124.0, 175.0, 209.0, 229.0, 239.0, 244.0, 247.0, 247.0, 247.0, 247.0, 247.0, 247.0, 247.0, 247.0, 247.0, 250.0, 255.0, 260.0, 268.0, 279.0, 287.0, 290.0, 291.0, 291.0, 291.0, 291.0]	[0, 0, 0, 0, 0, 0, 0, 0, 0, 0, 0, 0, 0, 0, 0, 0, 0, 0, 0, 0, 0, 0, 0, 0, 0, 0, 0, 0, 0, 0, 1]	[0, 0, 0, 0, 0, 0, 0, 0, 0, 0, 0, 0, 0, 0, 0, 0, 0, 0, 0, 0, 0, 0, 0, 0, 0, 0, 0, 0, 0, 0, 0]	[0, 0, 0, 0, 0, 0, 0, 0, 0, 0, 0, 0, 0, 0, 0, 0, 0, 0, 0, 0, 0, 0, 0, 0, 0, 0, 0, 0, 0, 0, 0]	[0.00021189999824855477, 0.00932230000034906, 0.026539599988609552, 0.0429394999955548, 0.05977839999832213, 0.07652029999007937, 0.09343879998777993, 0.10970559999987017, 0.12616849999176338, 0.14286499998706859, 0.16003269999055192, 0.1759637999930419, 0.19265569999697618, 0.20950249998713844, 0.2260958999977447, 0.24310729998978786, 0.25938699999824166, 0.27582369999436196, 0.29274119999899995, 0.30939899999066256, 0.3260308999888366, 0.34272289999353234, 0.3594981999922311, 0.3762690000003204, 0.39273509998747613, 0.40955050000047777, 0.42613879998680204, 0.4425362999900244, 0.45927159998973366, 0.4758958999882452, 0.49279329999990296]	218.0	291.0	0.5	9b
481	13	go_nogo	0	60	1	nogo	none	[23.0, 23.0, 39.0, 66.0, 93.0, 123.0, 145.0, 160.0, 171.0, 181.0, 188.0, 195.0, 203.0, 204.0, 205.0, 205.0, 205.0, 207.0, 209.0, 213.0, 217.0, 220.0, 221.0, 221.0, 221.0, 221.0, 221.0, 221.0, 221.0, 221.0, 221.0, 221.0, 221.0, 221.0, 221.0, 221.0, 221.0, 221.0, 221.0, 221.0, 221.0, 221.0, 221.0, 221.0, 221.0, 221.0, 221.0, 221.0, 221.0, 221.0, 221.0, 221.0, 221.0, 221.0, 221.0, 221.0, 221.0, 221.0, 221.0, 221.0, 221.0, 221.0, 221.0, 221.0, 221.0]	[-240.0, -240.0, -183.0, -100.0, -14.0, 69.0, 122.0, 153.0, 176.0, 194.0, 208.0, 224.0, 242.0, 245.0, 247.0, 247.0, 248.0, 251.0, 257.0, 270.0, 281.0, 288.0, 290.0, 290.0, 290.0, 290.0, 290.0, 290.0, 290.0, 290.0, 290.0, 290.0, 290.0, 290.0, 290.0, 290.0, 290.0, 290.0, 290.0, 291.0, 291.0, 291.0, 291.0, 291.0, 291.0, 291.0, 291.0, 291.0, 291.0, 291.0, 291.0, 291.0, 291.0, 291.0, 291.0, 291.0, 291.0, 291.0, 291.0, 291.0, 291.0, 291.0, 291.0, 291.0, 291.0]	[0, 0, 0, 0, 0, 0, 0, 0, 0, 0, 0, 0, 0, 0, 0, 0, 0, 0, 0, 0, 0, 0, 0, 0, 0, 0, 0, 0, 0, 0, 0, 0, 0, 0, 0, 0, 0, 0, 0, 0, 0, 0, 0, 0, 0, 0, 0, 0, 0, 0, 0, 0, 0, 0, 0, 0, 0, 0, 0, 0, 0, 0, 0, 0, 0]	[0, 0, 0, 0, 0, 0, 0, 0, 0, 0, 0, 0, 0, 0, 0, 0, 0, 0, 0, 0, 0, 0, 0, 0, 0, 0, 0, 0, 0, 0, 0, 0, 0, 0, 0, 0, 0, 0, 0, 0, 0, 0, 0, 0, 0, 0, 0, 0, 0, 0, 0, 0, 0, 0, 0, 0, 0, 0, 0, 0, 0, 0, 0, 0, 0]	[0, 0, 0, 0, 0, 0, 0, 0, 0, 0, 0, 0, 0, 0, 0, 0, 0, 0, 0, 0, 0, 0, 0, 0, 0, 0, 0, 0, 0, 0, 0, 0, 0, 0, 0, 0, 0, 0, 0, 0, 0, 0, 0, 0, 0, 0, 0, 0, 0, 0, 0, 0, 0, 0, 0, 0, 0, 0, 0, 0, 0, 0, 0, 0, 0]	[0.00020730000687763095, 0.01006460000644438, 0.026853700008359738, 0.043604200007393956, 0.06013209999946412, 0.07682580000255257, 0.09323530000983737, 0.11030660000687931, 0.12673450000875164, 0.14357110000855755, 0.16010790001018904, 0.17697410000255331, 0.19321759999729693, 0.21017740000388585, 0.2264878999994835, 0.24368919999687932, 0.2601046000054339, 0.2768460000079358, 0.2932465000048978, 0.3100077999988571, 0.3265496000094572, 0.34313350000593346, 0.35989380000683013, 0.37652279999747407, 0.39302740000130143, 0.40988500000094064, 0.42614500000490807, 0.4430149999971036, 0.45974950000527315, 0.4764310000027763, 0.49318099999800324, 0.5098365000012564, 0.5264529999985825, 0.5431083000003127, 0.5597865000017919, 0.5763500000030035, 0.593047900008969, 0.6098200999986148, 0.6263554000033764, 0.6429925999982515, 0.659652600006666, 0.6763350999972317, 0.6930282999965129, 0.7096520000050077, 0.7263185000047088, 0.7428680000011809, 0.7594020999968052, 0.7761753000086173, 0.7928718000039225, 0.8095587999996496, 0.826327400005539, 0.8431901000003563, 0.8594867000065278, 0.8763839000021107, 0.8929658999986714, 0.9096564000064973, 0.9262767000036547, 0.9428422000055434, 0.9596469000098296, 0.9760822000098415, 0.9928369999979623, 1.0094429000018863, 1.0260577000008198, 1.0427495000039926, 1.0593931000039447]	n/a	n/a	0.9	9b
482	13	go_nogo	0	60	7	go	click	[17.0, 17.0, 20.0, 29.0, 46.0, 57.0, 69.0, 77.0, 83.0, 93.0, 101.0, 108.0, 117.0, 121.0, 125.0, 126.0, 130.0, 134.0, 140.0, 145.0, 152.0, 159.0, 164.0, 168.0, 172.0, 177.0, 181.0, 183.0, 185.0, 186.0, 190.0, 191.0, 192.0, 192.0, 192.0, 192.0]	[-242.0, -242.0, -222.0, -184.0, -124.0, -90.0, -57.0, -24.0, 3.0, 28.0, 51.0, 72.0, 94.0, 107.0, 114.0, 120.0, 133.0, 143.0, 156.0, 170.0, 185.0, 199.0, 213.0, 224.0, 236.0, 247.0, 255.0, 265.0, 270.0, 279.0, 289.0, 294.0, 297.0, 298.0, 298.0, 298.0]	[0, 0, 0, 0, 0, 0, 0, 0, 0, 0, 0, 0, 0, 0, 0, 0, 0, 0, 0, 0, 0, 0, 0, 0, 0, 0, 0, 0, 0, 0, 0, 0, 0, 0, 0, 1]	[0, 0, 0, 0, 0, 0, 0, 0, 0, 0, 0, 0, 0, 0, 0, 0, 0, 0, 0, 0, 0, 0, 0, 0, 0, 0, 0, 0, 0, 0, 0, 0, 0, 0, 0, 0]	[0, 0, 0, 0, 0, 0, 0, 0, 0, 0, 0, 0, 0, 0, 0, 0, 0, 0, 0, 0, 0, 0, 0, 0, 0, 0, 0, 0, 0, 0, 0, 0, 0, 0, 0, 0]	[0.0002552999940235168, 0.01038449999759905, 0.02725060000375379, 0.04415119999612216, 0.060989399993559346, 0.07816089999687392, 0.09405689999402966, 0.11063419999845792, 0.12719440000364557, 0.14410119999956805, 0.16087560000596568, 0.17737059999490157, 0.1939667999977246, 0.21074429999862332, 0.22753970000485424, 0.244280400002026, 0.26069579999602865, 0.2778236000012839, 0.29450819999328814, 0.3107430999953067, 0.3277103000000352, 0.3442321000038646, 0.36086889999569394, 0.37767190000158735, 0.3940310000034515, 0.41069730000162963, 0.4272380000038538, 0.4437370999949053, 0.4607231999980286, 0.47761390000232495, 0.49465609999606386, 0.5106762999930652, 0.5272911000065506, 0.5436709999921732, 0.5603925000032177, 0.5773740000004182]	192.0	298.0	0.8	9b
483	13	go_nogo	0	60	2	go	click	[36.0, 38.0, 43.0, 54.0, 68.0, 86.0, 99.0, 112.0, 120.0, 125.0, 132.0, 138.0, 142.0, 144.0, 145.0, 145.0, 145.0, 145.0, 145.0, 145.0, 146.0, 150.0, 151.0, 153.0, 156.0, 158.0, 160.0, 163.0, 168.0, 170.0, 170.0, 170.0, 170.0]	[-285.0, -259.0, -225.0, -143.0, -68.0, 5.0, 68.0, 117.0, 150.0, 175.0, 200.0, 218.0, 231.0, 239.0, 240.0, 240.0, 240.0, 240.0, 240.0, 240.0, 243.0, 251.0, 255.0, 258.0, 262.0, 266.0, 270.0, 275.0, 282.0, 286.0, 286.0, 286.0, 287.0]	[0, 0, 0, 0, 0, 0, 0, 0, 0, 0, 0, 0, 0, 0, 0, 0, 0, 0, 0, 0, 0, 0, 0, 0, 0, 0, 0, 0, 0, 0, 0, 0, 1]	[0, 0, 0, 0, 0, 0, 0, 0, 0, 0, 0, 0, 0, 0, 0, 0, 0, 0, 0, 0, 0, 0, 0, 0, 0, 0, 0, 0, 0, 0, 0, 0, 0]	[0, 0, 0, 0, 0, 0, 0, 0, 0, 0, 0, 0, 0, 0, 0, 0, 0, 0, 0, 0, 0, 0, 0, 0, 0, 0, 0, 0, 0, 0, 0, 0, 0]	[9.479999425821006e-05, 0.011939000003621913, 0.028027799999108538, 0.044514799999888055, 0.061330500000622123, 0.07820489999721758, 0.09471859999757726, 0.11120519999531098, 0.12799249999807216, 0.14480039999762084, 0.16153789999953005, 0.17801869999675546, 0.19461690000025555, 0.21133310000004712, 0.22775309999997262, 0.24443360000441317, 0.2612576999963494, 0.27784549999341834, 0.2943583000014769, 0.3112680000049295, 0.32774540000536945, 0.34464910000679083, 0.36111490000621416, 0.3780741999944439, 0.39438840000366326, 0.41103440000733826, 0.4277334999933373, 0.4445765999989817, 0.46150170000328217, 0.4779183000064222, 0.4947061999992002, 0.5111456000013277, 0.5280262000014773]	170.0	287.0	0.7	9b
484	13	go_nogo	0	60	9	nogo	none	[31.0, 31.0, 40.0, 53.0, 74.0, 98.0, 123.0, 141.0, 154.0, 160.0, 163.0, 165.0, 166.0, 166.0, 166.0, 166.0, 166.0, 166.0, 166.0, 167.0, 167.0, 168.0, 168.0, 168.0]	[-210.0, -210.0, -141.0, -74.0, 0.0, 82.0, 153.0, 197.0, 225.0, 240.0, 248.0, 255.0, 258.0, 258.0, 258.0, 258.0, 258.0, 258.0, 258.0, 259.0, 262.0, 263.0, 263.0, 263.0]	[0, 0, 0, 0, 0, 0, 0, 0, 0, 0, 0, 0, 0, 0, 0, 0, 0, 0, 0, 0, 0, 0, 0, 1]	[0, 0, 0, 0, 0, 0, 0, 0, 0, 0, 0, 0, 0, 0, 0, 0, 0, 0, 0, 0, 0, 0, 0, 0]	[0, 0, 0, 0, 0, 0, 0, 0, 0, 0, 0, 0, 0, 0, 0, 0, 0, 0, 0, 0, 0, 0, 0, 0]	[0.00021340000967029482, 0.010070900010759942, 0.02658940000401344, 0.04332280000380706, 0.06007640001189429, 0.0765733000007458, 0.0933218999998644, 0.1098181000124896, 0.12670839999918826, 0.14314910001121461, 0.1599294000043301, 0.17661410001164768, 0.193117800008622, 0.20973710001271684, 0.22640959999989718, 0.24307510000653565, 0.25969869999971706, 0.2764360000001034, 0.29327130000456236, 0.3098169000004418, 0.3264897000044584, 0.3428009000053862, 0.3593855000071926, 0.37675220001256093]	168.0	263.0	1.0	9b
485	13	go_nogo	0	60	8	go	click	[19.0, 19.0, 28.0, 84.0, 136.0, 176.0, 191.0, 195.0, 196.0, 196.0, 196.0, 196.0, 196.0, 196.0, 196.0, 196.0, 196.0, 196.0, 196.0, 196.0, 196.0, 197.0, 197.0, 197.0, 197.0, 197.0]	[-230.0, -230.0, -190.0, -10.0, 130.0, 238.0, 280.0, 294.0, 296.0, 297.0, 297.0, 297.0, 297.0, 297.0, 297.0, 297.0, 297.0, 297.0, 297.0, 297.0, 298.0, 298.0, 298.0, 298.0, 298.0, 298.0]	[0, 0, 0, 0, 0, 0, 0, 0, 0, 0, 0, 0, 0, 0, 0, 0, 0, 0, 0, 0, 0, 0, 0, 0, 0, 1]	[0, 0, 0, 0, 0, 0, 0, 0, 0, 0, 0, 0, 0, 0, 0, 0, 0, 0, 0, 0, 0, 0, 0, 0, 0, 0]	[0, 0, 0, 0, 0, 0, 0, 0, 0, 0, 0, 0, 0, 0, 0, 0, 0, 0, 0, 0, 0, 0, 0, 0, 0, 0]	[0.0001883999939309433, 0.009550200004014187, 0.02659779999521561, 0.0431313000008231, 0.059782099997391924, 0.07678279999527149, 0.09334659999876749, 0.11004369999864139, 0.12636530000600033, 0.14282470000034664, 0.15949910000199452, 0.17622989999654237, 0.19292820000555366, 0.20949090000067372, 0.2261789000040153, 0.24283689999720082, 0.25953880000452045, 0.2762574999942444, 0.2929139000043506, 0.3097159000026295, 0.3263255000056233, 0.3428970999957528, 0.3594230000016978, 0.37614680000115186, 0.392832500001532, 0.40955559999565594]	197.0	298.0	0.7	9b
486	13	go_nogo	0	60	4	go	click	[6.0, 6.0, 13.0, 33.0, 64.0, 101.0, 138.0, 167.0, 182.0, 191.0, 196.0, 199.0, 199.0, 199.0, 199.0, 199.0, 201.0, 201.0, 201.0, 202.0, 202.0, 202.0, 202.0, 202.0, 202.0]	[-275.0, -275.0, -254.0, -192.0, -112.0, -12.0, 87.0, 167.0, 211.0, 236.0, 256.0, 264.0, 268.0, 269.0, 271.0, 274.0, 279.0, 288.0, 296.0, 300.0, 300.0, 300.0, 300.0, 300.0, 300.0]	[0, 0, 0, 0, 0, 0, 0, 0, 0, 0, 0, 0, 0, 0, 0, 0, 0, 0, 0, 0, 0, 0, 0, 0, 1]	[0, 0, 0, 0, 0, 0, 0, 0, 0, 0, 0, 0, 0, 0, 0, 0, 0, 0, 0, 0, 0, 0, 0, 0, 0]	[0, 0, 0, 0, 0, 0, 0, 0, 0, 0, 0, 0, 0, 0, 0, 0, 0, 0, 0, 0, 0, 0, 0, 0, 0]	[0.00020340000628493726, 0.008513900000252761, 0.025321599998278543, 0.042104300009668805, 0.05891710000287276, 0.07538790001126472, 0.09197190000850242, 0.10874470000271685, 0.12538080000376794, 0.14216650000889786, 0.15887430000293534, 0.17583740000554826, 0.1920418000081554, 0.20857660000910982, 0.22540340000705328, 0.24182049999944866, 0.25857669999822974, 0.27538340000319295, 0.29193180000584107, 0.3082991999981459, 0.3250360000092769, 0.3418108000041684, 0.35885060000873636, 0.3751953000028152, 0.39260960000683554]	202.0	300.0	0.9	9b
487	13	go_nogo	0	60	8	go	click	[35.0, 35.0, 59.0, 93.0, 127.0, 161.0, 185.0, 196.0, 200.0, 202.0, 202.0, 202.0, 202.0, 203.0, 203.0, 203.0, 203.0, 203.0, 203.0, 203.0, 202.0, 200.0, 200.0, 200.0, 200.0, 200.0]	[-293.0, -293.0, -212.0, -116.0, -17.0, 63.0, 113.0, 142.0, 152.0, 156.0, 157.0, 159.0, 165.0, 190.0, 210.0, 224.0, 232.0, 238.0, 250.0, 259.0, 270.0, 278.0, 280.0, 281.0, 281.0, 281.0]	[0, 0, 0, 0, 0, 0, 0, 0, 0, 0, 0, 0, 0, 0, 0, 0, 0, 0, 0, 0, 0, 0, 0, 0, 0, 1]	[0, 0, 0, 0, 0, 0, 0, 0, 0, 0, 0, 0, 0, 0, 0, 0, 0, 0, 0, 0, 0, 0, 0, 0, 0, 0]	[0, 0, 0, 0, 0, 0, 0, 0, 0, 0, 0, 0, 0, 0, 0, 0, 0, 0, 0, 0, 0, 0, 0, 0, 0, 0]	[9.099999442696571e-05, 0.012066900002537295, 0.027936600003158674, 0.04493299999739975, 0.06153449999692384, 0.07808180000574794, 0.09548910000012256, 0.11138719999871682, 0.12827889999607578, 0.14478750000125729, 0.16139609999663662, 0.17795280000427738, 0.1947416000039084, 0.2116569000063464, 0.22811490000458434, 0.24498960000346415, 0.261264900007518, 0.2779556000023149, 0.29491690000577364, 0.31178210000507534, 0.3283919999958016, 0.34475940000265837, 0.36157550000643823, 0.37835050000285264, 0.3945947000029264, 0.411437400005525]	200.0	281.0	0.8	9b
488	13	go_nogo	0	60	7	go	click	[47.0, 47.0, 58.0, 78.0, 105.0, 130.0, 152.0, 168.0, 172.0, 173.0, 173.0, 173.0, 173.0, 173.0, 173.0, 173.0, 173.0, 173.0, 173.0, 173.0, 173.0, 173.0, 173.0, 173.0]	[-207.0, -207.0, -159.0, -59.0, 50.0, 151.0, 228.0, 288.0, 301.0, 307.0, 310.0, 311.0, 313.0, 316.0, 317.0, 317.0, 317.0, 317.0, 317.0, 317.0, 317.0, 317.0, 317.0, 317.0]	[0, 0, 0, 0, 0, 0, 0, 0, 0, 0, 0, 0, 0, 0, 0, 0, 0, 0, 0, 0, 0, 0, 0, 1]	[0, 0, 0, 0, 0, 0, 0, 0, 0, 0, 0, 0, 0, 0, 0, 0, 0, 0, 0, 0, 0, 0, 0, 0]	[0, 0, 0, 0, 0, 0, 0, 0, 0, 0, 0, 0, 0, 0, 0, 0, 0, 0, 0, 0, 0, 0, 0, 0]	[0.0002761000068858266, 0.010313899998436682, 0.0269451000058325, 0.04392809999990277, 0.06057640000653919, 0.07718300000124145, 0.09364869999990333, 0.11048360000131652, 0.12756500000250526, 0.14406560000497848, 0.1604310999973677, 0.17704920000687707, 0.1937913000001572, 0.2104371000023093, 0.22696200000063982, 0.24372340000991244, 0.260139000005438, 0.2768084999988787, 0.2934968000045046, 0.31017229999997653, 0.3268362000089837, 0.34351500000047963, 0.3602960999996867, 0.3772806000051787]	173.0	317.0	0.9	9b
489	13	go_nogo	0	60	3	go	click	[55.0, 55.0, 67.0, 97.0, 137.0, 187.0, 195.0, 211.0, 217.0, 218.0, 219.0, 220.0, 220.0, 221.0, 221.0, 221.0, 221.0, 221.0, 221.0, 221.0, 221.0, 221.0]	[-201.0, -201.0, -160.0, -66.0, 38.0, 168.0, 193.0, 241.0, 254.0, 261.0, 264.0, 268.0, 275.0, 288.0, 293.0, 293.0, 293.0, 294.0, 294.0, 294.0, 294.0, 294.0]	[0, 0, 0, 0, 0, 0, 0, 0, 0, 0, 0, 0, 0, 0, 0, 0, 0, 0, 0, 0, 0, 1]	[0, 0, 0, 0, 0, 0, 0, 0, 0, 0, 0, 0, 0, 0, 0, 0, 0, 0, 0, 0, 0, 0]	[0, 0, 0, 0, 0, 0, 0, 0, 0, 0, 0, 0, 0, 0, 0, 0, 0, 0, 0, 0, 0, 0]	[0.0002657000004546717, 0.011272200004896149, 0.02762090000032913, 0.044262100011110306, 0.0611611000058474, 0.07796819999930449, 0.09477480000350624, 0.1111397000058787, 0.1278015999996569, 0.14464520000910852, 0.1611103000032017, 0.1781260999996448, 0.19460250000702217, 0.21115930000087246, 0.22776590001012664, 0.2443428000115091, 0.2611814999982016, 0.277524999997695, 0.2943919000099413, 0.31086620000132825, 0.3275930000090739, 0.34465720001026057]	221.0	294.0	0.7	9b
490	13	go_nogo	0	60	9	nogo	none	[46.0, 46.0, 50.0, 83.0, 111.0, 139.0, 155.0, 165.0, 170.0, 173.0, 177.0, 178.0, 181.0, 183.0, 184.0, 184.0, 184.0, 185.0, 185.0, 185.0, 185.0, 185.0, 185.0, 185.0, 185.0, 185.0, 186.0, 186.0, 186.0, 186.0, 186.0, 186.0, 186.0, 186.0, 186.0, 186.0, 186.0, 186.0, 186.0, 186.0, 186.0, 186.0, 186.0, 186.0, 186.0, 186.0, 186.0, 186.0, 186.0, 186.0, 186.0, 186.0, 186.0, 186.0, 186.0, 186.0, 186.0, 186.0, 186.0, 186.0, 186.0, 186.0, 186.0, 186.0, 186.0, 186.0, 186.0, 186.0, 186.0, 186.0, 186.0]	[-270.0, -270.0, -236.0, -95.0, 2.0, 74.0, 115.0, 142.0, 161.0, 172.0, 187.0, 200.0, 213.0, 229.0, 235.0, 238.0, 239.0, 240.0, 242.0, 243.0, 245.0, 245.0, 245.0, 245.0, 249.0, 253.0, 261.0, 265.0, 267.0, 267.0, 267.0, 267.0, 267.0, 267.0, 267.0, 267.0, 267.0, 267.0, 267.0, 267.0, 267.0, 267.0, 267.0, 267.0, 267.0, 267.0, 267.0, 267.0, 267.0, 267.0, 267.0, 267.0, 267.0, 267.0, 267.0, 267.0, 267.0, 267.0, 267.0, 267.0, 267.0, 267.0, 267.0, 267.0, 267.0, 267.0, 267.0, 267.0, 267.0, 267.0, 267.0]	[0, 0, 0, 0, 0, 0, 0, 0, 0, 0, 0, 0, 0, 0, 0, 0, 0, 0, 0, 0, 0, 0, 0, 0, 0, 0, 0, 0, 0, 0, 0, 0, 0, 0, 0, 0, 0, 0, 0, 0, 0, 0, 0, 0, 0, 0, 0, 0, 0, 0, 0, 0, 0, 0, 0, 0, 0, 0, 0, 0, 0, 0, 0, 0, 0, 0, 0, 0, 0, 0, 0]	[0, 0, 0, 0, 0, 0, 0, 0, 0, 0, 0, 0, 0, 0, 0, 0, 0, 0, 0, 0, 0, 0, 0, 0, 0, 0, 0, 0, 0, 0, 0, 0, 0, 0, 0, 0, 0, 0, 0, 0, 0, 0, 0, 0, 0, 0, 0, 0, 0, 0, 0, 0, 0, 0, 0, 0, 0, 0, 0, 0, 0, 0, 0, 0, 0, 0, 0, 0, 0, 0, 0]	[0, 0, 0, 0, 0, 0, 0, 0, 0, 0, 0, 0, 0, 0, 0, 0, 0, 0, 0, 0, 0, 0, 0, 0, 0, 0, 0, 0, 0, 0, 0, 0, 0, 0, 0, 0, 0, 0, 0, 0, 0, 0, 0, 0, 0, 0, 0, 0, 0, 0, 0, 0, 0, 0, 0, 0, 0, 0, 0, 0, 0, 0, 0, 0, 0, 0, 0, 0, 0, 0, 0]	[0.00023349998809862882, 0.011788899995735846, 0.0286128000007011, 0.04498059999605175, 0.062211299999034964, 0.0783614999963902, 0.09549079999851529, 0.11174039999605156, 0.12887119999504648, 0.14521909999893978, 0.16187019999779295, 0.17868129999260418, 0.19517669999913778, 0.2117079999879934, 0.22935859998688102, 0.2450867999868933, 0.26189929999236483, 0.27862629998708144, 0.2952806999965105, 0.31213999999454245, 0.32837170000129845, 0.34492849999514874, 0.36174629999732133, 0.3783139000006486, 0.39497719999053515, 0.4115688999881968, 0.42817089999152813, 0.4450187999900663, 0.46133189999090973, 0.4780299999983981, 0.4945914999989327, 0.5114291999925626, 0.5280089000007138, 0.5446975999948336, 0.5614416999887908, 0.5784386999876006, 0.5949629999959143, 0.6114952999923844, 0.6281407999922521, 0.6450741999869933, 0.6618482999911066, 0.6783814999944298, 0.6948658999899635, 0.7115625000005821, 0.7281034999905387, 0.7448671999882208, 0.7614580999943428, 0.7782134999870323, 0.7948185999994166, 0.8115527999907499, 0.8282394999987446, 0.8447864999907324, 0.8615430999925593, 0.8780514999962179, 0.894847599993227, 0.911157299997285, 0.9277987999957986, 0.9446835999988252, 0.9614597999898251, 0.9781183999875793, 0.9947443999990355, 1.011422899988247, 1.0280739999871003, 1.044844899995951, 1.061472599991248, 1.0779934999882244, 1.0947013999975752, 1.1113002999918535, 1.1279416999896057, 1.144805699994322, 1.1613420999929076]	n/a	n/a	0.7	9b
491	13	go_nogo	0	60	8	go	click	[22.0, 22.0, 31.0, 74.0, 108.0, 137.0, 163.0, 188.0, 205.0, 216.0, 222.0, 227.0, 228.0, 231.0, 233.0, 234.0, 234.0, 234.0, 234.0, 235.0, 236.0, 236.0, 236.0, 236.0, 236.0, 236.0, 236.0, 231.0, 230.0, 228.0, 228.0, 228.0, 228.0, 228.0, 228.0, 228.0]	[-262.0, -262.0, -222.0, -86.0, 17.0, 96.0, 175.0, 242.0, 289.0, 322.0, 339.0, 351.0, 358.0, 364.0, 372.0, 372.0, 373.0, 374.0, 377.0, 380.0, 381.0, 381.0, 381.0, 381.0, 381.0, 381.0, 375.0, 356.0, 348.0, 342.0, 341.0, 341.0, 340.0, 340.0, 340.0, 340.0]	[0, 0, 0, 0, 0, 0, 0, 0, 0, 0, 0, 0, 0, 0, 0, 0, 0, 0, 0, 0, 0, 0, 0, 0, 0, 0, 0, 0, 0, 0, 0, 0, 0, 0, 0, 1]	[0, 0, 0, 0, 0, 0, 0, 0, 0, 0, 0, 0, 0, 0, 0, 0, 0, 0, 0, 0, 0, 0, 0, 0, 0, 0, 0, 0, 0, 0, 0, 0, 0, 0, 0, 0]	[0, 0, 0, 0, 0, 0, 0, 0, 0, 0, 0, 0, 0, 0, 0, 0, 0, 0, 0, 0, 0, 0, 0, 0, 0, 0, 0, 0, 0, 0, 0, 0, 0, 0, 0, 0]	[0.0002535999956307933, 0.009608699998352677, 0.026361199998063967, 0.0432994000002509, 0.05981989999418147, 0.07644540000183042, 0.09328200000163633, 0.10985259999870323, 0.12649350000720005, 0.1431734000070719, 0.1601144000014756, 0.17642560000240337, 0.19308369999635033, 0.20999240000674035, 0.22655730000406038, 0.24286709999432787, 0.2599213000066811, 0.2765475000051083, 0.29331409999576863, 0.3100147999939509, 0.3263557000027504, 0.3431600000039907, 0.35971629999403376, 0.3763472999999067, 0.392980799995712, 0.40987469999527093, 0.42642329999944195, 0.4434105999971507, 0.4598344999976689, 0.4764668999996502, 0.4935453000070993, 0.5100205000053393, 0.5262794000009308, 0.5432992999994894, 0.5597496999980649, 0.576755600006436]	228.0	340.0	0.6	9b
492	13	go_nogo	0	60	3	go	click	[31.0, 31.0, 44.0, 65.0, 74.0, 88.0, 97.0, 107.0, 119.0, 131.0, 143.0, 152.0, 160.0, 164.0, 168.0, 170.0, 176.0, 182.0, 190.0, 197.0, 206.0, 210.0, 212.0, 213.0, 213.0, 214.0, 215.0, 215.0, 215.0]	[-272.0, -272.0, -242.0, -190.0, -155.0, -104.0, -72.0, -39.0, -2.0, 37.0, 76.0, 105.0, 128.0, 145.0, 155.0, 166.0, 181.0, 200.0, 225.0, 247.0, 274.0, 288.0, 294.0, 298.0, 301.0, 305.0, 310.0, 311.0, 311.0]	[0, 0, 0, 0, 0, 0, 0, 0, 0, 0, 0, 0, 0, 0, 0, 0, 0, 0, 0, 0, 0, 0, 0, 0, 0, 0, 0, 0, 1]	[0, 0, 0, 0, 0, 0, 0, 0, 0, 0, 0, 0, 0, 0, 0, 0, 0, 0, 0, 0, 0, 0, 0, 0, 0, 0, 0, 0, 0]	[0, 0, 0, 0, 0, 0, 0, 0, 0, 0, 0, 0, 0, 0, 0, 0, 0, 0, 0, 0, 0, 0, 0, 0, 0, 0, 0, 0, 0]	[0.00031149999995250255, 0.01015630000620149, 0.026818800004548393, 0.04346800000348594, 0.06019120001292322, 0.07693470000231173, 0.0935759000130929, 0.11077780000050552, 0.1274491000076523, 0.14374870000756346, 0.16023250001308043, 0.17668160000175703, 0.19333110000297893, 0.2104037000099197, 0.22690130000410136, 0.24331590000656433, 0.2597212000109721, 0.27639550001185853, 0.29328490000625607, 0.30984830000670627, 0.32697290000214707, 0.34409380001307, 0.35996990000421647, 0.3768380000110483, 0.3933013000059873, 0.40998120000585914, 0.42673270001250785, 0.4432795000029728, 0.4606521000096109]	215.0	311.0	0.5	9b
493	13	go_nogo	0	60	8	go	click	[63.0, 77.0, 92.0, 117.0, 141.0, 161.0, 170.0, 175.0, 180.0, 183.0, 184.0, 184.0, 185.0, 186.0, 187.0, 187.0, 187.0, 187.0, 187.0, 188.0, 189.0, 190.0, 190.0, 190.0]	[-233.0, -192.0, -146.0, -57.0, 21.0, 91.0, 137.0, 171.0, 198.0, 213.0, 224.0, 232.0, 238.0, 246.0, 250.0, 250.0, 250.0, 250.0, 251.0, 253.0, 257.0, 261.0, 261.0, 261.0]	[0, 0, 0, 0, 0, 0, 0, 0, 0, 0, 0, 0, 0, 0, 0, 0, 0, 0, 0, 0, 0, 0, 0, 1]	[0, 0, 0, 0, 0, 0, 0, 0, 0, 0, 0, 0, 0, 0, 0, 0, 0, 0, 0, 0, 0, 0, 0, 0]	[0, 0, 0, 0, 0, 0, 0, 0, 0, 0, 0, 0, 0, 0, 0, 0, 0, 0, 0, 0, 0, 0, 0, 0]	[8.05000017862767e-05, 0.00887769999098964, 0.025591300000087358, 0.042545000003883615, 0.059122099992237054, 0.07605809999222402, 0.09227459999965504, 0.10903419999522157, 0.12578220000432339, 0.14239019999513403, 0.1590894999972079, 0.17565879999892786, 0.19243670000287239, 0.20952819999365602, 0.22573340000235476, 0.24210400000447407, 0.258894099999452, 0.275689499991131, 0.29224470000190195, 0.30907719999959227, 0.32550520000222605, 0.3418816000048537, 0.3587427000020398, 0.37560640000447165]	190.0	261.0	1.0	9b
494	13	go_nogo	0	60	8	go	click	[41.0, 41.0, 65.0, 92.0, 117.0, 137.0, 154.0, 163.0, 170.0, 172.0, 175.0, 176.0, 176.0, 178.0, 179.0, 179.0, 179.0, 180.0, 180.0, 181.0, 183.0, 186.0, 186.0, 186.0, 186.0, 186.0, 186.0, 186.0, 186.0]	[-273.0, -273.0, -191.0, -101.0, -30.0, 33.0, 94.0, 140.0, 170.0, 189.0, 202.0, 210.0, 217.0, 225.0, 230.0, 233.0, 234.0, 235.0, 238.0, 244.0, 255.0, 266.0, 268.0, 268.0, 269.0, 269.0, 269.0, 269.0, 269.0]	[0, 0, 0, 0, 0, 0, 0, 0, 0, 0, 0, 0, 0, 0, 0, 0, 0, 0, 0, 0, 0, 0, 0, 0, 0, 0, 0, 0, 1]	[0, 0, 0, 0, 0, 0, 0, 0, 0, 0, 0, 0, 0, 0, 0, 0, 0, 0, 0, 0, 0, 0, 0, 0, 0, 0, 0, 0, 0]	[0, 0, 0, 0, 0, 0, 0, 0, 0, 0, 0, 0, 0, 0, 0, 0, 0, 0, 0, 0, 0, 0, 0, 0, 0, 0, 0, 0, 0]	[0.00011919999087695032, 0.013759399997070432, 0.030357700001331978, 0.046860299989930354, 0.06345980000332929, 0.07997700000123587, 0.09699170000385493, 0.11341039999388158, 0.13014999999722932, 0.14678329999151174, 0.16343040000356268, 0.18010149999463465, 0.1968570000026375, 0.21343119999801274, 0.23003079999762122, 0.2468520999973407, 0.26394710000022314, 0.280320899997605, 0.297057899995707, 0.3136942999990424, 0.33033689999138005, 0.3467508000030648, 0.3632164000009652, 0.3800903999945149, 0.39667989998997655, 0.41329319999204017, 0.43005490000359714, 0.44662449999304954, 0.46346169999742415]	186.0	269.0	0.8	9b
495	13	go_nogo	0	60	8	go	click	[2.0, 2.0, 10.0, 24.0, 37.0, 46.0, 59.0, 72.0, 85.0, 91.0, 99.0, 106.0, 111.0, 115.0, 116.0, 116.0, 116.0, 116.0, 119.0, 125.0, 131.0, 138.0, 145.0, 153.0, 160.0, 163.0, 165.0, 165.0, 166.0, 166.0, 166.0]	[-189.0, -189.0, -134.0, -18.0, 35.0, 75.0, 110.0, 145.0, 173.0, 192.0, 204.0, 216.0, 228.0, 233.0, 234.0, 234.0, 234.0, 234.0, 236.0, 239.0, 244.0, 248.0, 253.0, 259.0, 265.0, 268.0, 270.0, 270.0, 271.0, 271.0, 271.0]	[0, 0, 0, 0, 0, 0, 0, 0, 0, 0, 0, 0, 0, 0, 0, 0, 0, 0, 0, 0, 0, 0, 0, 0, 0, 0, 0, 0, 0, 0, 1]	[0, 0, 0, 0, 0, 0, 0, 0, 0, 0, 0, 0, 0, 0, 0, 0, 0, 0, 0, 0, 0, 0, 0, 0, 0, 0, 0, 0, 0, 0, 0]	[0, 0, 0, 0, 0, 0, 0, 0, 0, 0, 0, 0, 0, 0, 0, 0, 0, 0, 0, 0, 0, 0, 0, 0, 0, 0, 0, 0, 0, 0, 0]	[0.0002634999982547015, 0.012996799996471964, 0.029727699991781265, 0.0462344999978086, 0.0630615999980364, 0.07973519999359269, 0.09628869999141898, 0.11288169999897946, 0.1295862999977544, 0.14621900000202004, 0.16285829999833368, 0.1795164999930421, 0.19650910000200383, 0.21267880000232253, 0.22927559999516234, 0.2460614000010537, 0.2626414999976987, 0.2793653999979142, 0.2963571000000229, 0.3127762999938568, 0.3300252999906661, 0.34635539998998865, 0.36313859999063425, 0.37981079999008216, 0.39634279999881983, 0.4130999999906635, 0.42942390000098385, 0.4462230999924941, 0.46278000000165775, 0.47931929999322165, 0.49663029999646824]	166.0	271.0	0.8	9b
496	13	go_nogo	0	60	4	go	click	[55.0, 55.0, 74.0, 99.0, 125.0, 152.0, 187.0, 208.0, 223.0, 232.0, 240.0, 246.0, 248.0, 248.0, 248.0, 248.0, 248.0, 248.0, 248.0, 248.0, 248.0, 248.0, 248.0, 248.0, 248.0, 248.0, 248.0, 248.0, 248.0, 248.0, 244.0, 237.0, 230.0, 225.0, 223.0, 223.0, 223.0]	[-243.0, -243.0, -177.0, -96.0, -13.0, 69.0, 158.0, 217.0, 259.0, 290.0, 317.0, 346.0, 356.0, 360.0, 360.0, 360.0, 360.0, 360.0, 360.0, 360.0, 360.0, 360.0, 360.0, 360.0, 360.0, 360.0, 360.0, 360.0, 360.0, 357.0, 346.0, 330.0, 318.0, 306.0, 302.0, 302.0, 302.0]	[0, 0, 0, 0, 0, 0, 0, 0, 0, 0, 0, 0, 0, 0, 0, 0, 0, 0, 0, 0, 0, 0, 0, 0, 0, 0, 0, 0, 0, 0, 0, 0, 0, 0, 0, 0, 1]	[0, 0, 0, 0, 0, 0, 0, 0, 0, 0, 0, 0, 0, 0, 0, 0, 0, 0, 0, 0, 0, 0, 0, 0, 0, 0, 0, 0, 0, 0, 0, 0, 0, 0, 0, 0, 0]	[0, 0, 0, 0, 0, 0, 0, 0, 0, 0, 0, 0, 0, 0, 0, 0, 0, 0, 0, 0, 0, 0, 0, 0, 0, 0, 0, 0, 0, 0, 0, 0, 0, 0, 0, 0, 0]	[0.00020120000408496708, 0.011925900005735457, 0.02865639999799896, 0.04569430000265129, 0.062096900001051836, 0.07876259999466129, 0.09543640000629239, 0.1122421000036411, 0.12892440000723582, 0.1458580000034999, 0.16255829999863636, 0.1791393000021344, 0.19548219999705907, 0.21210380000411533, 0.22883580000780057, 0.24528620000637602, 0.26191479999397416, 0.2784265999944182, 0.2952259000012418, 0.3119485000061104, 0.32866749999811873, 0.34538500000780914, 0.36191750000580214, 0.3784855999983847, 0.39518320000206586, 0.4119709999940824, 0.42886539999744855, 0.4452229000016814, 0.46201030000520404, 0.4789343000011286, 0.4953278000029968, 0.5120186999993166, 0.528465800001868, 0.5451385000051232, 0.5618724999949336, 0.578292699996382, 0.5955354000034276]	223.0	302.0	0.7	9b
497	13	go_nogo	0	60	3	go	click	[25.0, 25.0, 34.0, 56.0, 84.0, 122.0, 136.0, 148.0, 157.0, 163.0, 169.0, 175.0, 177.0, 180.0, 180.0, 180.0, 180.0, 182.0, 184.0, 185.0, 185.0, 185.0, 185.0, 185.0]	[-241.0, -241.0, -205.0, -112.0, -18.0, 80.0, 122.0, 157.0, 184.0, 203.0, 221.0, 238.0, 251.0, 256.0, 258.0, 261.0, 267.0, 273.0, 287.0, 291.0, 292.0, 292.0, 292.0, 292.0]	[0, 0, 0, 0, 0, 0, 0, 0, 0, 0, 0, 0, 0, 0, 0, 0, 0, 0, 0, 0, 0, 0, 0, 1]	[0, 0, 0, 0, 0, 0, 0, 0, 0, 0, 0, 0, 0, 0, 0, 0, 0, 0, 0, 0, 0, 0, 0, 0]	[0, 0, 0, 0, 0, 0, 0, 0, 0, 0, 0, 0, 0, 0, 0, 0, 0, 0, 0, 0, 0, 0, 0, 0]	[0.0002486000012140721, 0.010892899997998029, 0.02739869999641087, 0.04440980000072159, 0.06110249999619555, 0.07730710000032559, 0.09437520000210498, 0.1114162000012584, 0.12739129998954013, 0.14418560000194702, 0.16080779999902006, 0.1774503999913577, 0.19444009999278933, 0.21093489999475423, 0.22759209999640007, 0.24464409999200143, 0.26071349999983795, 0.2773477000009734, 0.2941565999935847, 0.3104633999901125, 0.32705509998777416, 0.34382080000068527, 0.3604227999894647, 0.3773891999881016]	185.0	292.0	0.5	9b
498	13	go_nogo	0	60	6	go	click	[32.0, 32.0, 44.0, 68.0, 93.0, 119.0, 149.0, 163.0, 174.0, 181.0, 183.0, 185.0, 186.0, 187.0, 187.0, 187.0, 187.0, 187.0, 187.0, 187.0, 187.0, 187.0, 187.0]	[-213.0, -213.0, -180.0, -98.0, -5.0, 78.0, 169.0, 222.0, 255.0, 276.0, 283.0, 287.0, 291.0, 293.0, 293.0, 293.0, 293.0, 293.0, 293.0, 293.0, 293.0, 293.0, 293.0]	[0, 0, 0, 0, 0, 0, 0, 0, 0, 0, 0, 0, 0, 0, 0, 0, 0, 0, 0, 0, 0, 0, 1]	[0, 0, 0, 0, 0, 0, 0, 0, 0, 0, 0, 0, 0, 0, 0, 0, 0, 0, 0, 0, 0, 0, 0]	[0, 0, 0, 0, 0, 0, 0, 0, 0, 0, 0, 0, 0, 0, 0, 0, 0, 0, 0, 0, 0, 0, 0]	[0.0002221999893663451, 0.011694000000716187, 0.02803919999860227, 0.0448952000006102, 0.0614647999900626, 0.07820499999797903, 0.09504889999516308, 0.11147769998933654, 0.12859089999983553, 0.1446834999951534, 0.1614411999908043, 0.17799969999759924, 0.1948829999892041, 0.21144810000259895, 0.2281278000009479, 0.24471939999784809, 0.26139089999196585, 0.2780283999891253, 0.2946127999894088, 0.3112222999916412, 0.32802829999127425, 0.34461929999815766, 0.3616656999947736]	187.0	293.0	0.5	9b
499	13	go_nogo	0	60	1	nogo	none	[33.0, 46.0, 58.0, 82.0, 108.0, 129.0, 147.0, 159.0, 165.0, 169.0, 171.0, 172.0, 173.0, 174.0, 174.0, 174.0, 174.0, 174.0, 174.0, 174.0, 175.0, 175.0, 175.0, 175.0, 175.0, 175.0, 175.0, 175.0, 175.0, 175.0, 175.0, 175.0, 175.0, 175.0, 175.0, 175.0, 175.0, 175.0, 175.0, 175.0, 175.0, 175.0, 175.0, 175.0, 175.0, 175.0, 175.0, 175.0, 175.0, 175.0, 175.0, 175.0, 175.0, 175.0, 175.0, 175.0, 175.0, 175.0, 175.0, 175.0, 175.0, 175.0, 175.0, 175.0, 175.0]	[-261.0, -216.0, -175.0, -90.0, -11.0, 62.0, 113.0, 153.0, 183.0, 202.0, 212.0, 217.0, 223.0, 228.0, 229.0, 229.0, 230.0, 230.0, 230.0, 233.0, 237.0, 240.0, 242.0, 242.0, 243.0, 243.0, 243.0, 243.0, 243.0, 243.0, 243.0, 243.0, 243.0, 243.0, 243.0, 243.0, 243.0, 243.0, 243.0, 243.0, 243.0, 243.0, 243.0, 243.0, 243.0, 243.0, 243.0, 243.0, 243.0, 243.0, 243.0, 243.0, 243.0, 243.0, 243.0, 243.0, 243.0, 243.0, 243.0, 243.0, 243.0, 243.0, 243.0, 243.0, 243.0]	[0, 0, 0, 0, 0, 0, 0, 0, 0, 0, 0, 0, 0, 0, 0, 0, 0, 0, 0, 0, 0, 0, 0, 0, 0, 0, 0, 0, 0, 0, 0, 0, 0, 0, 0, 0, 0, 0, 0, 0, 0, 0, 0, 0, 0, 0, 0, 0, 0, 0, 0, 0, 0, 0, 0, 0, 0, 0, 0, 0, 0, 0, 0, 0, 0]	[0, 0, 0, 0, 0, 0, 0, 0, 0, 0, 0, 0, 0, 0, 0, 0, 0, 0, 0, 0, 0, 0, 0, 0, 0, 0, 0, 0, 0, 0, 0, 0, 0, 0, 0, 0, 0, 0, 0, 0, 0, 0, 0, 0, 0, 0, 0, 0, 0, 0, 0, 0, 0, 0, 0, 0, 0, 0, 0, 0, 0, 0, 0, 0, 0]	[0, 0, 0, 0, 0, 0, 0, 0, 0, 0, 0, 0, 0, 0, 0, 0, 0, 0, 0, 0, 0, 0, 0, 0, 0, 0, 0, 0, 0, 0, 0, 0, 0, 0, 0, 0, 0, 0, 0, 0, 0, 0, 0, 0, 0, 0, 0, 0, 0, 0, 0, 0, 0, 0, 0, 0, 0, 0, 0, 0, 0, 0, 0, 0, 0]	[0.0003260999947087839, 0.010039200002211146, 0.02741730000707321, 0.043529700007638894, 0.06044810000457801, 0.07687499999883585, 0.09484299999894574, 0.11004879999381956, 0.12726360000669956, 0.1435538999940036, 0.15986939999856986, 0.17667319999600295, 0.19326499999442603, 0.21002890000818297, 0.2264056999993045, 0.24342579999938607, 0.25969760000589304, 0.27645259999553673, 0.2933896000031382, 0.31017359999532346, 0.32657010000548325, 0.3433614999958081, 0.3598056000046199, 0.37687340000411496, 0.39313150000816677, 0.40977110000676475, 0.42640680000477005, 0.44318139999813866, 0.4597766000078991, 0.47649850000743754, 0.4931319000024814, 0.5098582000064198, 0.5265328999958001, 0.543212799995672, 0.5599547000019811, 0.5765526000031969, 0.5932205999997677, 0.6100292000046466, 0.6263330000074347, 0.6430627999943681, 0.659953399997903, 0.6764543000026606, 0.6931608000013512, 0.7099855999986175, 0.7262970000010682, 0.7432284999958938, 0.7598148999968544, 0.7763128000078723, 0.7929388000047766, 0.8096898999938276, 0.8264444999949774, 0.8432423000049312, 0.8598581999976886, 0.8765407000028063, 0.893228500004625, 0.9099688999995124, 0.926288000002387, 0.9431280999997398, 0.960090599997784, 0.9764374000078533, 0.9931566000013845, 1.0095676000055391, 1.0266681000066455, 1.0429100000037579, 1.059715800001868]	n/a	n/a	0.6	9b
500	13	go_nogo	0	60	2	go	click	[60.0, 60.0, 94.0, 130.0, 161.0, 185.0, 200.0, 209.0, 214.0, 217.0, 220.0, 222.0, 223.0, 224.0, 224.0, 224.0, 224.0, 224.0, 224.0, 224.0, 224.0, 223.0, 222.0, 222.0, 222.0, 222.0, 222.0, 222.0]	[-189.0, -189.0, -104.0, -16.0, 61.0, 124.0, 159.0, 181.0, 193.0, 201.0, 207.0, 214.0, 218.0, 224.0, 226.0, 227.0, 227.0, 228.0, 232.0, 238.0, 245.0, 251.0, 255.0, 257.0, 259.0, 262.0, 265.0, 266.0]	[0, 0, 0, 0, 0, 0, 0, 0, 0, 0, 0, 0, 0, 0, 0, 0, 0, 0, 0, 0, 0, 0, 0, 0, 0, 0, 0, 1]	[0, 0, 0, 0, 0, 0, 0, 0, 0, 0, 0, 0, 0, 0, 0, 0, 0, 0, 0, 0, 0, 0, 0, 0, 0, 0, 0, 0]	[0, 0, 0, 0, 0, 0, 0, 0, 0, 0, 0, 0, 0, 0, 0, 0, 0, 0, 0, 0, 0, 0, 0, 0, 0, 0, 0, 0]	[0.0001914000022225082, 0.012817900002119131, 0.028595199997653253, 0.04542000000947155, 0.06198939999740105, 0.0785401000030106, 0.09534070000518113, 0.11216289999720175, 0.1287956000014674, 0.14545250000082888, 0.162158899998758, 0.17914269999891985, 0.1955842000024859, 0.21263890000409447, 0.22877349999907892, 0.24546740000369027, 0.2621778000029735, 0.27872410000418313, 0.2953892000077758, 0.3119987000100082, 0.32875800000329036, 0.34528780000982806, 0.3619883000064874, 0.37888309999834746, 0.395271600005799, 0.4121625999978278, 0.42859080000198446, 0.4455173000023933]	222.0	267.0	0.7	9b
501	13	go_nogo	0	60	9	nogo	none	[81.0, 81.0, 104.0, 148.0, 193.0, 210.0, 223.0, 232.0, 236.0, 237.0, 238.0, 238.0, 238.0, 238.0, 238.0, 238.0, 238.0, 238.0, 238.0, 238.0, 238.0, 238.0, 238.0, 238.0, 238.0, 238.0, 238.0, 237.0, 237.0, 237.0, 237.0, 237.0, 237.0, 237.0, 237.0, 237.0, 237.0, 237.0, 237.0, 237.0, 237.0, 237.0, 237.0, 237.0, 237.0, 237.0, 237.0, 237.0, 237.0, 237.0, 237.0, 237.0, 237.0, 237.0, 237.0, 237.0, 237.0, 237.0, 237.0, 237.0, 237.0, 237.0, 237.0, 237.0, 238.0, 239.0, 239.0, 239.0, 239.0, 239.0, 239.0, 239.0, 239.0, 239.0, 239.0, 239.0, 239.0, 239.0, 239.0, 239.0, 239.0, 239.0, 239.0, 239.0, 239.0, 239.0, 239.0, 239.0, 239.0, 239.0, 239.0, 239.0]	[-146.0, -146.0, -80.0, 36.0, 168.0, 225.0, 278.0, 313.0, 336.0, 342.0, 344.0, 345.0, 346.0, 346.0, 346.0, 346.0, 346.0, 346.0, 346.0, 346.0, 346.0, 346.0, 346.0, 346.0, 346.0, 346.0, 343.0, 341.0, 341.0, 340.0, 340.0, 340.0, 340.0, 340.0, 340.0, 340.0, 340.0, 340.0, 340.0, 340.0, 340.0, 340.0, 340.0, 340.0, 340.0, 340.0, 340.0, 340.0, 340.0, 340.0, 340.0, 340.0, 340.0, 340.0, 340.0, 340.0, 340.0, 340.0, 340.0, 340.0, 340.0, 340.0, 340.0, 339.0, 338.0, 336.0, 335.0, 335.0, 335.0, 335.0, 335.0, 335.0, 335.0, 335.0, 335.0, 335.0, 335.0, 335.0, 335.0, 335.0, 335.0, 335.0, 335.0, 335.0, 335.0, 335.0, 335.0, 335.0, 335.0, 335.0, 335.0, 335.0]	[0, 0, 0, 0, 0, 0, 0, 0, 0, 0, 0, 0, 0, 0, 0, 0, 0, 0, 0, 0, 0, 0, 0, 0, 0, 0, 0, 0, 0, 0, 0, 0, 0, 0, 0, 0, 0, 0, 0, 0, 0, 0, 0, 0, 0, 0, 0, 0, 0, 0, 0, 0, 0, 0, 0, 0, 0, 0, 0, 0, 0, 0, 0, 0, 0, 0, 0, 0, 0, 0, 0, 0, 0, 0, 0, 0, 0, 0, 0, 0, 0, 0, 0, 0, 0, 0, 0, 0, 0, 0, 0, 0]	[0, 0, 0, 0, 0, 0, 0, 0, 0, 0, 0, 0, 0, 0, 0, 0, 0, 0, 0, 0, 0, 0, 0, 0, 0, 0, 0, 0, 0, 0, 0, 0, 0, 0, 0, 0, 0, 0, 0, 0, 0, 0, 0, 0, 0, 0, 0, 0, 0, 0, 0, 0, 0, 0, 0, 0, 0, 0, 0, 0, 0, 0, 0, 0, 0, 0, 0, 0, 0, 0, 0, 0, 0, 0, 0, 0, 0, 0, 0, 0, 0, 0, 0, 0, 0, 0, 0, 0, 0, 0, 0, 0]	[0, 0, 0, 0, 0, 0, 0, 0, 0, 0, 0, 0, 0, 0, 0, 0, 0, 0, 0, 0, 0, 0, 0, 0, 0, 0, 0, 0, 0, 0, 0, 0, 0, 0, 0, 0, 0, 0, 0, 0, 0, 0, 0, 0, 0, 0, 0, 0, 0, 0, 0, 0, 0, 0, 0, 0, 0, 0, 0, 0, 0, 0, 0, 0, 0, 0, 0, 0, 0, 0, 0, 0, 0, 0, 0, 0, 0, 0, 0, 0, 0, 0, 0, 0, 0, 0, 0, 0, 0, 0, 0, 0]	[0.00019299999985378236, 0.011635399991064332, 0.028267199988476932, 0.0449662999890279, 0.061783799988916144, 0.07844219999969937, 0.09530539999832399, 0.11204879998695105, 0.128376799999387, 0.14509549998911098, 0.16176239999185782, 0.17853819999436382, 0.19512349998694845, 0.2114889999938896, 0.2285828999883961, 0.24492119999194983, 0.26166159998683725, 0.27806799999962095, 0.29480709999916144, 0.3114245999895502, 0.3280304999934742, 0.34483809999073856, 0.3613288999913493, 0.37809609998657834, 0.3945538999978453, 0.41162629998871125, 0.4282165999902645, 0.4447861999942688, 0.46144299999286886, 0.47793899998941924, 0.49473579999175854, 0.5114038999890909, 0.5279155999887735, 0.544795099995099, 0.5611872999870684, 0.5778704999975162, 0.5945992999913869, 0.6113657999958377, 0.6280454999941867, 0.6447828999953344, 0.6612133999879006, 0.6779541999858338, 0.6946578999923076, 0.7113254999858327, 0.7279126999928849, 0.7448647999990499, 0.7613985999923898, 0.7781345999974292, 0.7944560999894748, 0.8112394999916432, 0.8280864999978803, 0.8444502999918768, 0.8610907999973278, 0.8779458999924827, 0.89460539999709, 0.9110374999872874, 0.927727699992829, 0.9445535999984713, 0.9612561999965692, 0.9777644999994664, 0.9945165999961318, 1.01123999999254, 1.027988199988613, 1.0446270999964327, 1.061444199993275, 1.0777563999872655, 1.0944142999942414, 1.1112806999881286, 1.1277734999894165, 1.1445009999879403, 1.1611256999894977, 1.1779148999921745, 1.1945183999923756, 1.211035999993328, 1.2278653999965172, 1.2444582999887643, 1.2610416999959853, 1.2779722999985097, 1.2943341999925906, 1.3112282999936724, 1.3277933999925153, 1.3445063999970444, 1.361158699990483, 1.3777281999937259, 1.3943189999990864, 1.4109013999986928, 1.4277411999937613, 1.444385399998282, 1.4608280999964336, 1.477596299999277, 1.4941696999885608, 1.5110392999922624]	n/a	n/a	0.7	9b
502	13	go_nogo	0	60	7	go	click	[22.0, 26.0, 33.0, 44.0, 60.0, 78.0, 90.0, 105.0, 110.0, 123.0, 134.0, 146.0, 158.0, 167.0, 178.0, 185.0, 187.0, 188.0, 188.0, 188.0, 188.0, 188.0, 188.0, 188.0, 188.0, 188.0]	[-253.0, -215.0, -179.0, -101.0, -26.0, 39.0, 85.0, 138.0, 154.0, 194.0, 225.0, 254.0, 277.0, 295.0, 313.0, 325.0, 329.0, 330.0, 330.0, 330.0, 330.0, 331.0, 331.0, 331.0, 331.0, 331.0]	[0, 0, 0, 0, 0, 0, 0, 0, 0, 0, 0, 0, 0, 0, 0, 0, 0, 0, 0, 0, 0, 0, 0, 0, 0, 1]	[0, 0, 0, 0, 0, 0, 0, 0, 0, 0, 0, 0, 0, 0, 0, 0, 0, 0, 0, 0, 0, 0, 0, 0, 0, 0]	[0, 0, 0, 0, 0, 0, 0, 0, 0, 0, 0, 0, 0, 0, 0, 0, 0, 0, 0, 0, 0, 0, 0, 0, 0, 0]	[0.00015740000526420772, 0.011131199993542396, 0.027949299997999333, 0.044427899993024766, 0.06127950000518467, 0.0777856999920914, 0.09443060000194237, 0.11097300000255927, 0.1279424999956973, 0.14459090000309516, 0.16171159999794327, 0.17800759999954607, 0.1944004999968456, 0.21104870000272058, 0.22778800000378396, 0.24436799999966752, 0.2610229999991134, 0.2775250999984564, 0.2941491999954451, 0.3109614999993937, 0.327685800002655, 0.34419010000419803, 0.3608089000044856, 0.37751310000021476, 0.3941622999991523, 0.4111523000028683]	188.0	331.0	0.5	9b
503	13	go_nogo	0	60	6	go	click	[79.0, 79.0, 87.0, 103.0, 119.0, 132.0, 150.0, 171.0, 190.0, 202.0, 210.0, 217.0, 223.0, 229.0, 233.0, 233.0, 234.0, 234.0, 234.0, 236.0, 237.0, 238.0, 238.0, 238.0, 238.0, 238.0, 238.0, 238.0]	[-247.0, -247.0, -215.0, -165.0, -96.0, -48.0, 17.0, 80.0, 128.0, 161.0, 190.0, 210.0, 227.0, 244.0, 256.0, 257.0, 257.0, 257.0, 261.0, 268.0, 272.0, 276.0, 280.0, 282.0, 285.0, 287.0, 287.0, 287.0]	[0, 0, 0, 0, 0, 0, 0, 0, 0, 0, 0, 0, 0, 0, 0, 0, 0, 0, 0, 0, 0, 0, 0, 0, 0, 0, 0, 1]	[0, 0, 0, 0, 0, 0, 0, 0, 0, 0, 0, 0, 0, 0, 0, 0, 0, 0, 0, 0, 0, 0, 0, 0, 0, 0, 0, 0]	[0, 0, 0, 0, 0, 0, 0, 0, 0, 0, 0, 0, 0, 0, 0, 0, 0, 0, 0, 0, 0, 0, 0, 0, 0, 0, 0, 0]	[0.00022390000231098384, 0.011831499999971129, 0.028604599996469915, 0.045369100000243634, 0.06196240001008846, 0.07913379999808967, 0.09510259999660775, 0.11216160000185482, 0.12824140000157058, 0.1451158999989275, 0.16203829999722075, 0.17857180000282824, 0.19500130000233185, 0.21181770000839606, 0.22833169999648817, 0.24526340000738855, 0.2615713999985019, 0.2786865000089165, 0.29500430000189226, 0.31169750000117347, 0.328324000001885, 0.3448543999984395, 0.3617302000056952, 0.37849370000185445, 0.39505690000078175, 0.4113895000045886, 0.4281180999969365, 0.4451807000004919]	238.0	287.0	0.5	9b
504	13	go_nogo	0	60	9	nogo	none	[46.0, 46.0, 63.0, 83.0, 104.0, 122.0, 135.0, 147.0, 155.0, 161.0, 165.0, 171.0, 175.0, 176.0, 176.0, 176.0, 176.0, 176.0, 176.0, 176.0, 176.0, 176.0, 176.0, 176.0, 176.0, 176.0, 176.0, 176.0, 176.0, 176.0, 176.0, 176.0, 176.0, 176.0, 176.0, 176.0, 176.0, 176.0, 176.0, 176.0, 176.0, 176.0, 176.0, 176.0, 176.0, 176.0, 176.0, 176.0, 176.0, 176.0, 176.0, 176.0, 176.0, 176.0, 176.0, 176.0]	[-247.0, -247.0, -156.0, -64.0, 9.0, 78.0, 127.0, 168.0, 199.0, 216.0, 233.0, 252.0, 264.0, 266.0, 266.0, 266.0, 266.0, 266.0, 266.0, 266.0, 266.0, 266.0, 266.0, 266.0, 266.0, 266.0, 266.0, 266.0, 266.0, 266.0, 266.0, 266.0, 266.0, 266.0, 266.0, 266.0, 266.0, 266.0, 266.0, 266.0, 266.0, 266.0, 266.0, 266.0, 266.0, 266.0, 266.0, 266.0, 266.0, 266.0, 266.0, 266.0, 266.0, 266.0, 266.0, 266.0]	[0, 0, 0, 0, 0, 0, 0, 0, 0, 0, 0, 0, 0, 0, 0, 0, 0, 0, 0, 0, 0, 0, 0, 0, 0, 0, 0, 0, 0, 0, 0, 0, 0, 0, 0, 0, 0, 0, 0, 0, 0, 0, 0, 0, 0, 0, 0, 0, 0, 0, 0, 0, 0, 0, 0, 0]	[0, 0, 0, 0, 0, 0, 0, 0, 0, 0, 0, 0, 0, 0, 0, 0, 0, 0, 0, 0, 0, 0, 0, 0, 0, 0, 0, 0, 0, 0, 0, 0, 0, 0, 0, 0, 0, 0, 0, 0, 0, 0, 0, 0, 0, 0, 0, 0, 0, 0, 0, 0, 0, 0, 0, 0]	[0, 0, 0, 0, 0, 0, 0, 0, 0, 0, 0, 0, 0, 0, 0, 0, 0, 0, 0, 0, 0, 0, 0, 0, 0, 0, 0, 0, 0, 0, 0, 0, 0, 0, 0, 0, 0, 0, 0, 0, 0, 0, 0, 0, 0, 0, 0, 0, 0, 0, 0, 0, 0, 0, 0, 0]	[0.0002179000002797693, 0.009526800000458024, 0.027007600001525134, 0.042664099993999116, 0.05929949998972006, 0.07597279999754392, 0.09262419999868143, 0.1091318999970099, 0.12596409999241587, 0.14237209998827893, 0.15920799999730662, 0.1758753999893088, 0.19238899998890702, 0.20882249998976476, 0.22562119999201968, 0.24221009999746457, 0.2588178000005428, 0.27569139999104664, 0.29228219999640714, 0.3089475000015227, 0.3257537999888882, 0.3422885999898426, 0.35887019999790937, 0.37554169999202713, 0.3923845999961486, 0.4089403999969363, 0.42571519999182783, 0.44227079999109264, 0.4589842999994289, 0.4754780999937793, 0.4922789999982342, 0.5090237999975216, 0.5255555999901844, 0.5423520999902394, 0.5590434999903664, 0.5753917999973055, 0.5921739999903366, 0.6090013999928487, 0.6254335999983596, 0.6420337999879848, 0.6588227999891387, 0.6753534999879776, 0.6921882999886293, 0.7086745999986306, 0.7253931000013836, 0.7421172999893315, 0.7586784999875817, 0.7753608999919379, 0.7924213999940548, 0.8086302000010619, 0.8252539999957662, 0.8420380999887129, 0.8587322999956086, 0.8755350999999791, 0.8921259999915492, 0.9085767999931704]	n/a	n/a	0.6	9b
505	13	go_nogo	0	60	2	go	click	[15.0, 15.0, 34.0, 57.0, 84.0, 114.0, 136.0, 151.0, 167.0, 173.0, 177.0, 181.0, 184.0, 185.0, 187.0, 189.0, 192.0, 195.0, 196.0, 197.0, 200.0, 201.0, 202.0, 202.0, 202.0, 202.0, 202.0, 203.0, 203.0, 203.0]	[-283.0, -283.0, -233.0, -177.0, -109.0, -50.0, -2.0, 33.0, 75.0, 96.0, 113.0, 125.0, 136.0, 141.0, 146.0, 156.0, 169.0, 182.0, 192.0, 205.0, 224.0, 235.0, 243.0, 250.0, 255.0, 258.0, 260.0, 261.0, 261.0, 261.0]	[0, 0, 0, 0, 0, 0, 0, 0, 0, 0, 0, 0, 0, 0, 0, 0, 0, 0, 0, 0, 0, 0, 0, 0, 0, 0, 0, 0, 0, 1]	[0, 0, 0, 0, 0, 0, 0, 0, 0, 0, 0, 0, 0, 0, 0, 0, 0, 0, 0, 0, 0, 0, 0, 0, 0, 0, 0, 0, 0, 0]	[0, 0, 0, 0, 0, 0, 0, 0, 0, 0, 0, 0, 0, 0, 0, 0, 0, 0, 0, 0, 0, 0, 0, 0, 0, 0, 0, 0, 0, 0]	[7.700000423938036e-05, 0.012076000013621524, 0.02877440000884235, 0.04534350000903942, 0.062259400001494214, 0.0787179000035394, 0.09575690000201575, 0.1124168000096688, 0.12945950000721496, 0.14541810000082478, 0.16219910001382232, 0.1790758000133792, 0.19544960001076106, 0.2124037000030512, 0.2288025000016205, 0.2452878000040073, 0.26208860000770073, 0.2785996000020532, 0.2953785000136122, 0.3120758000004571, 0.32923630000732373, 0.3455996000120649, 0.3624092000100063, 0.3785675000108313, 0.3951219000009587, 0.41203620001033414, 0.4286856000107946, 0.4452912000124343, 0.46181010000873357, 0.4794615000137128]	203.0	261.0	0.9	9b
506	13	go_nogo	0	60	3	go	click	[40.0, 61.0, 85.0, 129.0, 169.0, 207.0, 226.0, 237.0, 249.0, 253.0, 257.0, 263.0, 268.0, 273.0, 276.0, 277.0, 277.0, 277.0, 277.0, 277.0, 277.0, 277.0, 272.0, 264.0, 252.0, 241.0, 232.0, 227.0, 225.0, 224.0, 222.0, 220.0, 218.0]	[-250.0, -203.0, -152.0, -62.0, 24.0, 95.0, 138.0, 167.0, 197.0, 212.0, 224.0, 237.0, 254.0, 273.0, 283.0, 287.0, 291.0, 295.0, 300.0, 303.0, 306.0, 307.0, 311.0, 314.0, 318.0, 321.0, 322.0, 322.0, 322.0, 322.0, 322.0, 321.0, 320.0]	[0, 0, 0, 0, 0, 0, 0, 0, 0, 0, 0, 0, 0, 0, 0, 0, 0, 0, 0, 0, 0, 0, 0, 0, 0, 0, 0, 0, 0, 0, 0, 0, 1]	[0, 0, 0, 0, 0, 0, 0, 0, 0, 0, 0, 0, 0, 0, 0, 0, 0, 0, 0, 0, 0, 0, 0, 0, 0, 0, 0, 0, 0, 0, 0, 0, 0]	[0, 0, 0, 0, 0, 0, 0, 0, 0, 0, 0, 0, 0, 0, 0, 0, 0, 0, 0, 0, 0, 0, 0, 0, 0, 0, 0, 0, 0, 0, 0, 0, 0]	[8.299999171867967e-05, 0.011300199999823235, 0.027910299992072396, 0.044619199994485825, 0.06161959999008104, 0.07811950000177603, 0.09474249999038875, 0.11158599999907892, 0.1285716999991564, 0.14485749999585096, 0.1614415999938501, 0.17878729999938514, 0.1946128999989014, 0.21128579998912755, 0.22799849999137223, 0.2447496999957366, 0.26137769999331795, 0.27805959999386687, 0.2946605999895837, 0.31143889999657404, 0.3282119999930728, 0.34480139998777304, 0.36132899999211077, 0.3778916000010213, 0.3946109999960754, 0.41118869998899754, 0.4280685999983689, 0.44494940000004135, 0.46111049999308307, 0.4779986999928951, 0.4948108999960823, 0.5112717000010889, 0.528196699990076]	218.0	319.0	0.8	9b
507	13	go_nogo	0	60	6	go	click	[26.0, 26.0, 36.0, 46.0, 57.0, 75.0, 101.0, 126.0, 148.0, 158.0, 167.0, 173.0, 176.0, 178.0, 178.0, 178.0, 178.0, 178.0, 178.0, 178.0, 178.0, 178.0, 178.0]	[-283.0, -283.0, -230.0, -168.0, -94.0, -25.0, 50.0, 121.0, 184.0, 213.0, 243.0, 264.0, 281.0, 292.0, 296.0, 296.0, 296.0, 298.0, 299.0, 299.0, 300.0, 300.0, 300.0]	[0, 0, 0, 0, 0, 0, 0, 0, 0, 0, 0, 0, 0, 0, 0, 0, 0, 0, 0, 0, 0, 0, 1]	[0, 0, 0, 0, 0, 0, 0, 0, 0, 0, 0, 0, 0, 0, 0, 0, 0, 0, 0, 0, 0, 0, 0]	[0, 0, 0, 0, 0, 0, 0, 0, 0, 0, 0, 0, 0, 0, 0, 0, 0, 0, 0, 0, 0, 0, 0]	[0.00011789999553002417, 0.01129860000219196, 0.028270599999814294, 0.04437819999293424, 0.06129959999816492, 0.07798729999922216, 0.09466889999748673, 0.11147360000177287, 0.12803959999291692, 0.14479159998882096, 0.1616031000012299, 0.17826359999889974, 0.19516839999414515, 0.2112650999915786, 0.22822399999131449, 0.24455519999901298, 0.26144669999484904, 0.27811069999006577, 0.29457679999177344, 0.31120119999104645, 0.32790449999447446, 0.34453499999654014, 0.361483100001351]	178.0	300.0	0.6	9b
508	13	go_nogo	0	60	4	go	click	[40.0, 40.0, 50.0, 73.0, 92.0, 108.0, 133.0, 149.0, 162.0, 171.0, 181.0, 186.0, 192.0, 193.0, 193.0, 193.0, 193.0, 193.0, 193.0, 193.0, 193.0, 193.0, 193.0, 193.0]	[-238.0, -238.0, -194.0, -116.0, -43.0, 10.0, 87.0, 141.0, 190.0, 223.0, 246.0, 262.0, 273.0, 278.0, 279.0, 279.0, 280.0, 280.0, 280.0, 280.0, 280.0, 280.0, 280.0, 280.0]	[0, 0, 0, 0, 0, 0, 0, 0, 0, 0, 0, 0, 0, 0, 0, 0, 0, 0, 0, 0, 0, 0, 0, 1]	[0, 0, 0, 0, 0, 0, 0, 0, 0, 0, 0, 0, 0, 0, 0, 0, 0, 0, 0, 0, 0, 0, 0, 0]	[0, 0, 0, 0, 0, 0, 0, 0, 0, 0, 0, 0, 0, 0, 0, 0, 0, 0, 0, 0, 0, 0, 0, 0]	[0.000265499998931773, 0.011866300003021024, 0.028294599993387237, 0.04495290000340901, 0.06187209999188781, 0.07837909999943804, 0.09523439999611583, 0.11209280000184663, 0.12835820000327658, 0.14536999999836553, 0.1617582000035327, 0.1785329999984242, 0.19516750000184402, 0.2117242999956943, 0.22873829999298323, 0.24556919999304228, 0.26166779999039136, 0.2780185000010533, 0.2947221999929752, 0.31183759999112226, 0.32821859999967273, 0.3448364999931073, 0.36168639999232255, 0.37862329999916255]	193.0	280.0	0.8	9b
509	13	go_nogo	0	60	7	go	click	[27.0, 27.0, 36.0, 65.0, 90.0, 108.0, 121.0, 129.0, 135.0, 141.0, 143.0, 145.0, 146.0, 148.0, 153.0, 160.0, 165.0, 168.0, 170.0, 171.0, 172.0, 172.0, 173.0, 173.0, 173.0, 173.0, 173.0, 173.0]	[-229.0, -229.0, -189.0, -61.0, 29.0, 97.0, 143.0, 170.0, 191.0, 206.0, 214.0, 218.0, 223.0, 231.0, 243.0, 267.0, 282.0, 291.0, 298.0, 303.0, 306.0, 309.0, 310.0, 310.0, 310.0, 310.0, 310.0, 310.0]	[0, 0, 0, 0, 0, 0, 0, 0, 0, 0, 0, 0, 0, 0, 0, 0, 0, 0, 0, 0, 0, 0, 0, 0, 0, 0, 0, 1]	[0, 0, 0, 0, 0, 0, 0, 0, 0, 0, 0, 0, 0, 0, 0, 0, 0, 0, 0, 0, 0, 0, 0, 0, 0, 0, 0, 0]	[0, 0, 0, 0, 0, 0, 0, 0, 0, 0, 0, 0, 0, 0, 0, 0, 0, 0, 0, 0, 0, 0, 0, 0, 0, 0, 0, 0]	[0.00025159999495372176, 0.01056909999169875, 0.027292899991152808, 0.044244299991987646, 0.06036669999593869, 0.077056399997673, 0.09360959999321494, 0.11035980000451673, 0.12708619999466464, 0.14373670000350103, 0.16062749999400694, 0.17722529999446124, 0.19400279999535996, 0.21040399999765214, 0.22712670000328217, 0.2441880999977002, 0.2602716999972472, 0.2773577999905683, 0.2938506999926176, 0.3103623999923002, 0.3272547999949893, 0.34379499999340624, 0.36022220000450034, 0.377184999990277, 0.39354560000356287, 0.41028179999557324, 0.42700799999875017, 0.44384559999161866]	173.0	310.0	0.6	9b
510	13	go_nogo	0	60	6	go	click	[82.0, 82.0, 101.0, 147.0, 183.0, 206.0, 217.0, 220.0, 221.0, 221.0, 221.0, 221.0, 221.0, 221.0, 221.0, 221.0, 221.0, 221.0, 220.0, 219.0, 218.0, 218.0, 218.0, 218.0, 218.0, 218.0]	[-147.0, -147.0, -86.0, 42.0, 142.0, 212.0, 253.0, 272.0, 278.0, 278.0, 278.0, 278.0, 278.0, 278.0, 278.0, 278.0, 278.0, 280.0, 284.0, 290.0, 292.0, 292.0, 292.0, 292.0, 292.0, 292.0]	[0, 0, 0, 0, 0, 0, 0, 0, 0, 0, 0, 0, 0, 0, 0, 0, 0, 0, 0, 0, 0, 0, 0, 0, 0, 1]	[0, 0, 0, 0, 0, 0, 0, 0, 0, 0, 0, 0, 0, 0, 0, 0, 0, 0, 0, 0, 0, 0, 0, 0, 0, 0]	[0, 0, 0, 0, 0, 0, 0, 0, 0, 0, 0, 0, 0, 0, 0, 0, 0, 0, 0, 0, 0, 0, 0, 0, 0, 0]	[0.00019289999909233302, 0.00978959999338258, 0.025789099992834963, 0.042555599997285753, 0.05924800000502728, 0.07588429999304935, 0.09253890000400133, 0.10926179999660235, 0.12562079999770503, 0.14232240000274032, 0.15903239999897778, 0.17563430000154767, 0.19247599999653175, 0.20915389999572653, 0.22578290000092238, 0.24245340000197757, 0.2593706000043312, 0.27586550000705756, 0.2926417999988189, 0.3091382999991765, 0.32539050000195857, 0.34237620000203606, 0.3590107000054559, 0.37559470000269357, 0.3923754999996163, 0.4091009999974631]	218.0	292.0	0.6	9b
511	13	go_nogo	0	60	4	go	click	[32.0, 39.0, 46.0, 63.0, 84.0, 119.0, 150.0, 184.0, 192.0, 208.0, 215.0, 216.0, 218.0, 218.0, 218.0, 218.0, 218.0, 218.0, 218.0, 218.0, 218.0, 218.0, 218.0, 218.0]	[-266.0, -244.0, -223.0, -176.0, -113.0, -29.0, 44.0, 133.0, 152.0, 199.0, 224.0, 241.0, 254.0, 260.0, 263.0, 264.0, 264.0, 264.0, 264.0, 264.0, 264.0, 264.0, 264.0, 264.0]	[0, 0, 0, 0, 0, 0, 0, 0, 0, 0, 0, 0, 0, 0, 0, 0, 0, 0, 0, 0, 0, 0, 0, 1]	[0, 0, 0, 0, 0, 0, 0, 0, 0, 0, 0, 0, 0, 0, 0, 0, 0, 0, 0, 0, 0, 0, 0, 0]	[0, 0, 0, 0, 0, 0, 0, 0, 0, 0, 0, 0, 0, 0, 0, 0, 0, 0, 0, 0, 0, 0, 0, 0]	[0.0001213000068673864, 0.01181590001215227, 0.028231100004632026, 0.04504950001137331, 0.06164740001258906, 0.07852850000199396, 0.09502340000472032, 0.1118455000105314, 0.1282579000107944, 0.1454961999988882, 0.1616080000094371, 0.17865230000461452, 0.19509930000640452, 0.21164890000363812, 0.22846830000344198, 0.24490630000946112, 0.2614254000072833, 0.27809849999903236, 0.29468740000447724, 0.3115954000095371, 0.32802169999922626, 0.34474140001111664, 0.36141730000963435, 0.37894380000943784]	218.0	264.0	0.8	9b
512	13	go_nogo	0	60	1	nogo	none	[43.0, 43.0, 58.0, 72.0, 88.0, 107.0, 123.0, 139.0, 155.0, 174.0, 190.0, 201.0, 204.0, 207.0, 210.0, 210.0, 211.0, 211.0, 211.0, 211.0, 211.0, 211.0, 211.0, 211.0, 211.0, 211.0, 211.0]	[-273.0, -273.0, -226.0, -186.0, -140.0, -82.0, -28.0, 15.0, 65.0, 127.0, 181.0, 232.0, 244.0, 277.0, 288.0, 293.0, 295.0, 296.0, 296.0, 296.0, 296.0, 296.0, 296.0, 296.0, 296.0, 296.0, 296.0]	[0, 0, 0, 0, 0, 0, 0, 0, 0, 0, 0, 0, 0, 0, 0, 0, 0, 0, 0, 0, 0, 0, 0, 0, 0, 0, 1]	[0, 0, 0, 0, 0, 0, 0, 0, 0, 0, 0, 0, 0, 0, 0, 0, 0, 0, 0, 0, 0, 0, 0, 0, 0, 0, 0]	[0, 0, 0, 0, 0, 0, 0, 0, 0, 0, 0, 0, 0, 0, 0, 0, 0, 0, 0, 0, 0, 0, 0, 0, 0, 0, 0]	[0.0003141000051982701, 0.010963300010189414, 0.027435000010882504, 0.04406640000524931, 0.06069510000816081, 0.07746790000237525, 0.09423430000606459, 0.1107071000005817, 0.1272711000056006, 0.14430330001050606, 0.16072030000214, 0.17747400001098868, 0.19394080000347458, 0.21116280001297127, 0.2278513000055682, 0.24416040000505745, 0.26078580001194496, 0.27713930000027176, 0.2937843000108842, 0.31048610000289045, 0.3269077000004472, 0.3437726000120165, 0.3607470000133617, 0.3771743000106653, 0.39380390000587795, 0.41047810000600293, 0.42752050000126474]	211.0	296.0	0.5	9b
513	13	go_nogo	0	60	6	go	click	[72.0, 72.0, 104.0, 140.0, 174.0, 194.0, 213.0, 222.0, 230.0, 235.0, 240.0, 242.0, 244.0, 244.0, 245.0, 245.0, 245.0, 245.0, 245.0, 245.0, 245.0, 245.0, 245.0, 245.0, 245.0, 245.0]	[-234.0, -234.0, -150.0, -62.0, 19.0, 85.0, 143.0, 174.0, 195.0, 215.0, 230.0, 247.0, 262.0, 268.0, 269.0, 270.0, 270.0, 270.0, 270.0, 270.0, 270.0, 270.0, 270.0, 270.0, 270.0, 270.0]	[0, 0, 0, 0, 0, 0, 0, 0, 0, 0, 0, 0, 0, 0, 0, 0, 0, 0, 0, 0, 0, 0, 0, 0, 0, 1]	[0, 0, 0, 0, 0, 0, 0, 0, 0, 0, 0, 0, 0, 0, 0, 0, 0, 0, 0, 0, 0, 0, 0, 0, 0, 0]	[0, 0, 0, 0, 0, 0, 0, 0, 0, 0, 0, 0, 0, 0, 0, 0, 0, 0, 0, 0, 0, 0, 0, 0, 0, 0]	[8.480000542476773e-05, 0.011409200000343844, 0.02820610000344459, 0.045010600006207824, 0.061896200000774115, 0.07827160001033917, 0.09491470000648405, 0.1115639000054216, 0.12850070001150016, 0.1449408000044059, 0.16191570000955835, 0.1782256000005873, 0.19515890000911895, 0.2115137000073446, 0.22805499999958556, 0.24446570000145584, 0.26116220001131296, 0.2777994000061881, 0.29446410000673495, 0.31104030000278726, 0.32764920000045095, 0.34453050000593066, 0.3610546000127215, 0.37818120000883937, 0.3947074000025168, 0.41188030000193976]	245.0	270.0	0.7	9b
514	13	go_nogo	0	60	9	nogo	none	[56.0, 56.0, 80.0, 99.0, 119.0, 141.0, 166.0, 178.0, 184.0, 187.0, 188.0, 188.0, 188.0, 188.0, 188.0, 188.0, 188.0, 188.0, 188.0, 188.0, 188.0, 188.0, 188.0, 188.0, 188.0, 188.0, 188.0, 188.0, 188.0, 188.0, 188.0, 188.0, 188.0, 188.0, 188.0, 188.0, 188.0, 188.0, 188.0, 188.0, 188.0, 188.0, 188.0, 188.0, 188.0, 188.0, 188.0, 188.0, 188.0, 188.0, 188.0, 188.0, 188.0, 188.0, 188.0, 188.0, 188.0, 188.0, 188.0, 188.0]	[-291.0, -291.0, -213.0, -132.0, -40.0, 48.0, 142.0, 231.0, 284.0, 313.0, 317.0, 319.0, 321.0, 325.0, 330.0, 336.0, 338.0, 339.0, 339.0, 340.0, 341.0, 341.0, 341.0, 341.0, 341.0, 341.0, 341.0, 341.0, 341.0, 341.0, 341.0, 341.0, 341.0, 341.0, 341.0, 341.0, 341.0, 341.0, 341.0, 341.0, 341.0, 341.0, 341.0, 341.0, 341.0, 341.0, 341.0, 341.0, 341.0, 341.0, 341.0, 341.0, 341.0, 341.0, 341.0, 341.0, 341.0, 341.0, 341.0, 341.0]	[0, 0, 0, 0, 0, 0, 0, 0, 0, 0, 0, 0, 0, 0, 0, 0, 0, 0, 0, 0, 0, 0, 0, 0, 0, 0, 0, 0, 0, 0, 0, 0, 0, 0, 0, 0, 0, 0, 0, 0, 0, 0, 0, 0, 0, 0, 0, 0, 0, 0, 0, 0, 0, 0, 0, 0, 0, 0, 0, 0]	[0, 0, 0, 0, 0, 0, 0, 0, 0, 0, 0, 0, 0, 0, 0, 0, 0, 0, 0, 0, 0, 0, 0, 0, 0, 0, 0, 0, 0, 0, 0, 0, 0, 0, 0, 0, 0, 0, 0, 0, 0, 0, 0, 0, 0, 0, 0, 0, 0, 0, 0, 0, 0, 0, 0, 0, 0, 0, 0, 0]	[0, 0, 0, 0, 0, 0, 0, 0, 0, 0, 0, 0, 0, 0, 0, 0, 0, 0, 0, 0, 0, 0, 0, 0, 0, 0, 0, 0, 0, 0, 0, 0, 0, 0, 0, 0, 0, 0, 0, 0, 0, 0, 0, 0, 0, 0, 0, 0, 0, 0, 0, 0, 0, 0, 0, 0, 0, 0, 0, 0]	[0.00013159999798517674, 0.01082470000255853, 0.027452199996332638, 0.04421449999790639, 0.060873299997183494, 0.07791409999481402, 0.09436400000413414, 0.11094389999925625, 0.12770799999998417, 0.14446239999961108, 0.16088640000089072, 0.177426900001592, 0.19427449999784585, 0.21080390000133775, 0.2274498000042513, 0.24420699999609496, 0.26074130000779405, 0.2774323000048753, 0.29453129999455996, 0.3108998999960022, 0.3273183999990579, 0.3441581000079168, 0.36075130000244826, 0.3774686999968253, 0.3941583999985596, 0.4106274000077974, 0.42750859999796376, 0.4441984000004595, 0.4605698000086704, 0.47746599999663886, 0.4941187000076752, 0.5106540999986464, 0.5273764000012306, 0.5440729999972973, 0.5608253999962471, 0.5774002999969525, 0.593977199998335, 0.6105935000086902, 0.6271864000009373, 0.6439529000053881, 0.6606681999983266, 0.6775428999972064, 0.6939560000027996, 0.7105691000033403, 0.7274215000070399, 0.743933100005961, 0.7608055000018794, 0.7772229999973206, 0.7938819999981206, 0.8104945000086445, 0.8273651000054087, 0.8437875999952666, 0.8603871999948751, 0.8771758000075351, 0.8941427999961888, 0.9106841000029817, 0.9272426999959862, 0.9448260000062874, 0.9607202000042889, 0.9778187000047183]	n/a	n/a	0.8	9b
515	13	go_nogo	0	60	3	go	click	[36.0, 36.0, 44.0, 59.0, 73.0, 85.0, 95.0, 106.0, 112.0, 116.0, 123.0, 130.0, 139.0, 150.0, 155.0, 156.0, 156.0, 156.0, 157.0, 157.0, 157.0, 157.0, 157.0, 157.0, 157.0, 157.0]	[-186.0, -186.0, -135.0, -37.0, 46.0, 106.0, 140.0, 176.0, 193.0, 208.0, 224.0, 242.0, 261.0, 281.0, 291.0, 294.0, 294.0, 294.0, 294.0, 294.0, 294.0, 294.0, 294.0, 294.0, 294.0, 294.0]	[0, 0, 0, 0, 0, 0, 0, 0, 0, 0, 0, 0, 0, 0, 0, 0, 0, 0, 0, 0, 0, 0, 0, 0, 0, 1]	[0, 0, 0, 0, 0, 0, 0, 0, 0, 0, 0, 0, 0, 0, 0, 0, 0, 0, 0, 0, 0, 0, 0, 0, 0, 0]	[0, 0, 0, 0, 0, 0, 0, 0, 0, 0, 0, 0, 0, 0, 0, 0, 0, 0, 0, 0, 0, 0, 0, 0, 0, 0]	[0.0002872000040952116, 0.00997260000440292, 0.026753800004371442, 0.04346820000500884, 0.06009040000208188, 0.07697619999817107, 0.09357830000226386, 0.11028429999714717, 0.1269048000103794, 0.14408720000938047, 0.16034740000031888, 0.17770990000281017, 0.1935834000032628, 0.2102566000103252, 0.22710250000818633, 0.24338440000428818, 0.2601258000067901, 0.27701530000194907, 0.29368950000207406, 0.31016429999726824, 0.32673760000034235, 0.34345139999641106, 0.3599053000070853, 0.3765717000060249, 0.39338409999618307, 0.41048330000194255]	157.0	294.0	0.6	9b
516	13	go_nogo	0	60	2	go	click	[69.0, 83.0, 99.0, 139.0, 180.0, 211.0, 238.0, 253.0, 259.0, 260.0, 260.0, 261.0, 261.0, 261.0, 261.0, 261.0, 261.0, 261.0, 261.0, 261.0, 260.0, 256.0, 247.0, 242.0, 238.0, 234.0, 232.0, 231.0, 231.0, 231.0, 231.0, 231.0]	[-208.0, -152.0, -91.0, 35.0, 155.0, 249.0, 317.0, 358.0, 375.0, 381.0, 381.0, 382.0, 382.0, 382.0, 382.0, 382.0, 382.0, 382.0, 382.0, 382.0, 378.0, 368.0, 340.0, 323.0, 310.0, 298.0, 290.0, 286.0, 286.0, 286.0, 286.0, 286.0]	[0, 0, 0, 0, 0, 0, 0, 0, 0, 0, 0, 0, 0, 0, 0, 0, 0, 0, 0, 0, 0, 0, 0, 0, 0, 0, 0, 0, 0, 0, 0, 1]	[0, 0, 0, 0, 0, 0, 0, 0, 0, 0, 0, 0, 0, 0, 0, 0, 0, 0, 0, 0, 0, 0, 0, 0, 0, 0, 0, 0, 0, 0, 0, 0]	[0, 0, 0, 0, 0, 0, 0, 0, 0, 0, 0, 0, 0, 0, 0, 0, 0, 0, 0, 0, 0, 0, 0, 0, 0, 0, 0, 0, 0, 0, 0, 0]	[0.00019920000340789557, 0.00924670000676997, 0.02613559999736026, 0.04282160000002477, 0.0593178999988595, 0.07610350000322796, 0.09292660000210162, 0.10973920000833459, 0.12640610001108143, 0.14227860000391956, 0.15981950001150835, 0.17598450000514276, 0.1924015000113286, 0.2090438000013819, 0.22582050001074094, 0.24242960000992753, 0.2591967000043951, 0.27571450000687037, 0.2927957000065362, 0.30916990000696387, 0.32622210000408813, 0.342541899997741, 0.35944270000618417, 0.37584540000534616, 0.39297080000687856, 0.40925500000594184, 0.4257123999996111, 0.44246710000152234, 0.4591241000016453, 0.47581560000253376, 0.49239090000628494, 0.5095234000036726]	231.0	286.0	0.8	9b
517	13	go_nogo	0	60	2	go	click	[20.0, 20.0, 44.0, 73.0, 118.0, 133.0, 167.0, 180.0, 188.0, 192.0, 195.0, 197.0, 198.0, 200.0, 201.0, 201.0, 201.0, 201.0, 202.0, 202.0, 203.0, 203.0, 203.0]	[-299.0, -299.0, -221.0, -137.0, -5.0, 37.0, 148.0, 190.0, 217.0, 236.0, 253.0, 263.0, 271.0, 280.0, 288.0, 290.0, 291.0, 292.0, 294.0, 298.0, 299.0, 299.0, 299.0]	[0, 0, 0, 0, 0, 0, 0, 0, 0, 0, 0, 0, 0, 0, 0, 0, 0, 0, 0, 0, 0, 0, 1]	[0, 0, 0, 0, 0, 0, 0, 0, 0, 0, 0, 0, 0, 0, 0, 0, 0, 0, 0, 0, 0, 0, 0]	[0, 0, 0, 0, 0, 0, 0, 0, 0, 0, 0, 0, 0, 0, 0, 0, 0, 0, 0, 0, 0, 0, 0]	[9.250000584870577e-05, 0.01353880000533536, 0.02994110000145156, 0.04792480000469368, 0.06336680000822525, 0.08014610000827815, 0.09692270000232384, 0.11399450000317302, 0.13036270000156946, 0.14706099999602884, 0.16358039999613538, 0.1800171000068076, 0.19701319999876432, 0.2135610999976052, 0.2301140000054147, 0.24675510000088252, 0.2634710999991512, 0.280415000001085, 0.296842600000673, 0.3134738000080688, 0.32986490000621416, 0.3468401999998605, 0.36365240000304766]	203.0	299.0	0.5	9b
518	13	go_nogo	0	60	9	nogo	none	[32.0, 45.0, 58.0, 74.0, 91.0, 108.0, 120.0, 127.0, 132.0, 133.0, 133.0, 133.0, 133.0, 133.0, 133.0, 133.0, 133.0, 133.0, 134.0, 135.0, 138.0, 141.0, 142.0, 142.0, 145.0, 147.0, 150.0, 150.0, 152.0, 152.0, 154.0, 155.0, 155.0, 155.0, 156.0, 157.0, 157.0, 157.0, 157.0, 157.0, 157.0, 157.0, 157.0, 157.0, 157.0, 157.0, 157.0, 157.0, 157.0, 157.0, 157.0, 157.0, 157.0, 157.0, 157.0, 157.0, 157.0, 157.0, 157.0, 157.0, 157.0, 157.0, 157.0, 157.0, 157.0, 157.0, 157.0, 157.0, 157.0, 157.0, 157.0, 157.0, 157.0, 157.0]	[-255.0, -202.0, -142.0, -36.0, 55.0, 139.0, 198.0, 241.0, 282.0, 295.0, 300.0, 303.0, 303.0, 303.0, 303.0, 303.0, 303.0, 303.0, 299.0, 291.0, 285.0, 280.0, 280.0, 280.0, 279.0, 279.0, 279.0, 279.0, 279.0, 279.0, 279.0, 279.0, 279.0, 279.0, 279.0, 279.0, 279.0, 279.0, 279.0, 279.0, 279.0, 279.0, 279.0, 279.0, 279.0, 279.0, 279.0, 279.0, 279.0, 279.0, 279.0, 279.0, 279.0, 279.0, 279.0, 279.0, 279.0, 279.0, 279.0, 279.0, 279.0, 279.0, 279.0, 279.0, 279.0, 279.0, 279.0, 279.0, 279.0, 279.0, 279.0, 279.0, 279.0, 279.0]	[0, 0, 0, 0, 0, 0, 0, 0, 0, 0, 0, 0, 0, 0, 0, 0, 0, 0, 0, 0, 0, 0, 0, 0, 0, 0, 0, 0, 0, 0, 0, 0, 0, 0, 0, 0, 0, 0, 0, 0, 0, 0, 0, 0, 0, 0, 0, 0, 0, 0, 0, 0, 0, 0, 0, 0, 0, 0, 0, 0, 0, 0, 0, 0, 0, 0, 0, 0, 0, 0, 0, 0, 0, 0]	[0, 0, 0, 0, 0, 0, 0, 0, 0, 0, 0, 0, 0, 0, 0, 0, 0, 0, 0, 0, 0, 0, 0, 0, 0, 0, 0, 0, 0, 0, 0, 0, 0, 0, 0, 0, 0, 0, 0, 0, 0, 0, 0, 0, 0, 0, 0, 0, 0, 0, 0, 0, 0, 0, 0, 0, 0, 0, 0, 0, 0, 0, 0, 0, 0, 0, 0, 0, 0, 0, 0, 0, 0, 0]	[0, 0, 0, 0, 0, 0, 0, 0, 0, 0, 0, 0, 0, 0, 0, 0, 0, 0, 0, 0, 0, 0, 0, 0, 0, 0, 0, 0, 0, 0, 0, 0, 0, 0, 0, 0, 0, 0, 0, 0, 0, 0, 0, 0, 0, 0, 0, 0, 0, 0, 0, 0, 0, 0, 0, 0, 0, 0, 0, 0, 0, 0, 0, 0, 0, 0, 0, 0, 0, 0, 0, 0, 0, 0]	[0.000149500003317371, 0.009527700007311068, 0.026259500009473413, 0.04288980001001619, 0.059421300000394695, 0.07628570000815671, 0.09289360001275782, 0.10974300000816584, 0.1261953000066569, 0.1428013000113424, 0.15953110001282766, 0.17592249999870546, 0.1927624000090873, 0.2090994000027422, 0.22594720000051893, 0.24255260000063572, 0.2590449000126682, 0.2759645000041928, 0.2927613000065321, 0.3092495000018971, 0.3259176999999909, 0.3426334000105271, 0.35907620000944007, 0.37638450000667945, 0.39290510000137147, 0.4095514000073308, 0.4256133000017144, 0.4426736000023084, 0.45914010000706185, 0.4758896000130335, 0.4926479999994626, 0.5093695000105072, 0.5260177000018302, 0.5426618000055896, 0.5593648000067333, 0.5757330000051297, 0.5924465999996755, 0.609184600005392, 0.6258838000067044, 0.6424141000024974, 0.6591156000067713, 0.6759329000051366, 0.6924347000021953, 0.7091724000056274, 0.7257995000109076, 0.7423497999989195, 0.7589294000063092, 0.775757600000361, 0.7925840000098106, 0.8090316000016173, 0.8256929000053788, 0.8424636999989161, 0.8590292000008048, 0.8755631000094581, 0.8923161999991862, 0.9090070000092965, 0.9255904000019655, 0.9425304000033066, 0.9587644999992335, 0.975707900011912, 0.992150500009302, 1.0087621999991825, 1.0255200000101468, 1.042398300007335, 1.0589993000030518, 1.0753808000008576, 1.0922310000023572, 1.108796500004246, 1.125442100004875, 1.142078600008972, 1.1589796000043862, 1.1756729000044288, 1.1924048000073526, 1.2089305000117747]	n/a	n/a	0.9	9b
519	13	go_nogo	0	60	8	go	click	[43.0, 43.0, 67.0, 93.0, 116.0, 139.0, 160.0, 165.0, 170.0, 172.0, 174.0, 175.0, 175.0, 175.0, 175.0, 175.0, 175.0, 175.0, 175.0, 175.0, 175.0, 175.0, 175.0, 175.0, 175.0, 175.0]	[-214.0, -214.0, -132.0, -61.0, 17.0, 110.0, 213.0, 266.0, 293.0, 308.0, 316.0, 319.0, 320.0, 321.0, 321.0, 321.0, 321.0, 321.0, 321.0, 321.0, 321.0, 321.0, 321.0, 321.0, 321.0, 321.0]	[0, 0, 0, 0, 0, 0, 0, 0, 0, 0, 0, 0, 0, 0, 0, 0, 0, 0, 0, 0, 0, 0, 0, 0, 0, 1]	[0, 0, 0, 0, 0, 0, 0, 0, 0, 0, 0, 0, 0, 0, 0, 0, 0, 0, 0, 0, 0, 0, 0, 0, 0, 0]	[0, 0, 0, 0, 0, 0, 0, 0, 0, 0, 0, 0, 0, 0, 0, 0, 0, 0, 0, 0, 0, 0, 0, 0, 0, 0]	[0.0002592999953776598, 0.01146090000111144, 0.028045500002917834, 0.04446119999920484, 0.06104050000431016, 0.0774775000027148, 0.09428829999524169, 0.11114379999344237, 0.1279147000022931, 0.14440499999909662, 0.16105789999710396, 0.17770899999595713, 0.19460269999399316, 0.21083300000464078, 0.22778790000302251, 0.24417219999304507, 0.26087009999901056, 0.27760590000252705, 0.29415630000585224, 0.3107951999991201, 0.3275357999955304, 0.3441887999942992, 0.36096879999968223, 0.3775815999979386, 0.39438300000620075, 0.41145859999232925]	175.0	321.0	0.7	9b
520	13	go_nogo	0	60	4	go	click	[49.0, 49.0, 73.0, 98.0, 130.0, 155.0, 171.0, 177.0, 180.0, 181.0, 181.0, 181.0, 182.0, 182.0, 182.0, 182.0, 182.0, 182.0, 182.0, 183.0, 183.0, 183.0, 183.0, 183.0]	[-239.0, -239.0, -123.0, -4.0, 110.0, 196.0, 249.0, 274.0, 289.0, 296.0, 297.0, 297.0, 298.0, 298.0, 298.0, 298.0, 298.0, 298.0, 300.0, 302.0, 302.0, 302.0, 302.0, 302.0]	[0, 0, 0, 0, 0, 0, 0, 0, 0, 0, 0, 0, 0, 0, 0, 0, 0, 0, 0, 0, 0, 0, 0, 1]	[0, 0, 0, 0, 0, 0, 0, 0, 0, 0, 0, 0, 0, 0, 0, 0, 0, 0, 0, 0, 0, 0, 0, 0]	[0, 0, 0, 0, 0, 0, 0, 0, 0, 0, 0, 0, 0, 0, 0, 0, 0, 0, 0, 0, 0, 0, 0, 0]	[7.720000576227903e-05, 0.011222200002521276, 0.027780900010839105, 0.04433940000308212, 0.06120320000627544, 0.07789400000183377, 0.094236600009026, 0.11082850000821054, 0.12756670000089798, 0.14427689999865834, 0.160774300005869, 0.17754319999949075, 0.19411930000933353, 0.21093900001142174, 0.22784110000065994, 0.2441364000114845, 0.26084390000323765, 0.2778212999983225, 0.2945036000019172, 0.3110503000061726, 0.3275978000019677, 0.3441717000096105, 0.3607719999999972, 0.3780999000009615]	183.0	302.0	0.9	9b
521	13	go_nogo	0	60	4	go	click	[5.0, 5.0, 22.0, 39.0, 63.0, 96.0, 135.0, 154.0, 171.0, 181.0, 189.0, 191.0, 193.0, 195.0, 195.0, 195.0, 195.0, 195.0, 195.0, 196.0, 196.0, 196.0, 196.0, 196.0, 196.0]	[-287.0, -287.0, -238.0, -181.0, -114.0, -26.0, 79.0, 141.0, 188.0, 223.0, 246.0, 257.0, 265.0, 272.0, 274.0, 275.0, 276.0, 276.0, 276.0, 280.0, 286.0, 292.0, 293.0, 293.0, 293.0]	[0, 0, 0, 0, 0, 0, 0, 0, 0, 0, 0, 0, 0, 0, 0, 0, 0, 0, 0, 0, 0, 0, 0, 0, 1]	[0, 0, 0, 0, 0, 0, 0, 0, 0, 0, 0, 0, 0, 0, 0, 0, 0, 0, 0, 0, 0, 0, 0, 0, 0]	[0, 0, 0, 0, 0, 0, 0, 0, 0, 0, 0, 0, 0, 0, 0, 0, 0, 0, 0, 0, 0, 0, 0, 0, 0]	[0.00013760000001639128, 0.013539199993829243, 0.030090699990978464, 0.04679039999609813, 0.06326869998883922, 0.0801041999948211, 0.09656039999390487, 0.11326199999894015, 0.13048870000056922, 0.14718519999587443, 0.1630589999986114, 0.17976629998884164, 0.19647349999286234, 0.21305669999856036, 0.22982279999996535, 0.2464659999968717, 0.2630763999914052, 0.2796453999908408, 0.2967616999958409, 0.3132611999899382, 0.329737699998077, 0.3465620999922976, 0.3630521999875782, 0.3796884999901522, 0.3965839999873424]	196.0	293.0	0.8	9b
522	13	go_nogo	0	60	6	go	click	[55.0, 55.0, 69.0, 98.0, 128.0, 152.0, 173.0, 186.0, 189.0, 193.0, 196.0, 198.0, 202.0, 204.0, 204.0, 204.0, 204.0, 204.0, 204.0, 204.0, 204.0, 204.0, 204.0, 204.0, 204.0, 204.0]	[-199.0, -199.0, -142.0, -25.0, 88.0, 170.0, 229.0, 268.0, 277.0, 292.0, 300.0, 312.0, 324.0, 329.0, 330.0, 330.0, 330.0, 330.0, 330.0, 330.0, 330.0, 330.0, 330.0, 330.0, 330.0, 330.0]	[0, 0, 0, 0, 0, 0, 0, 0, 0, 0, 0, 0, 0, 0, 0, 0, 0, 0, 0, 0, 0, 0, 0, 0, 0, 1]	[0, 0, 0, 0, 0, 0, 0, 0, 0, 0, 0, 0, 0, 0, 0, 0, 0, 0, 0, 0, 0, 0, 0, 0, 0, 0]	[0, 0, 0, 0, 0, 0, 0, 0, 0, 0, 0, 0, 0, 0, 0, 0, 0, 0, 0, 0, 0, 0, 0, 0, 0, 0]	[0.00023400000645779073, 0.01176980001037009, 0.02866599999833852, 0.045155500003602356, 0.06171520000498276, 0.07843020001018886, 0.09501520000048913, 0.11156499999924563, 0.12826620000123512, 0.1448002999968594, 0.1620050000055926, 0.17827220000617672, 0.1950146000017412, 0.21159330000227783, 0.22815570000966545, 0.24483380001038313, 0.26153820000763517, 0.27815990000090096, 0.2947767000005115, 0.31131980000645854, 0.32834269999875687, 0.3447772000072291, 0.36142600000312086, 0.377898799997638, 0.3948936000087997, 0.41188420000253245]	204.0	330.0	0.7	9b
523	13	go_nogo	0	60	6	go	click	[46.0, 53.0, 59.0, 84.0, 111.0, 171.0, 198.0, 210.0, 213.0, 214.0, 215.0, 215.0, 215.0, 215.0, 215.0, 215.0, 215.0, 215.0, 215.0, 215.0, 215.0, 215.0, 215.0, 215.0, 215.0, 215.0, 215.0]	[-260.0, -228.0, -193.0, -107.0, -21.0, 148.0, 235.0, 274.0, 295.0, 304.0, 308.0, 310.0, 310.0, 310.0, 310.0, 310.0, 310.0, 310.0, 310.0, 310.0, 310.0, 310.0, 310.0, 310.0, 310.0, 310.0, 310.0]	[0, 0, 0, 0, 0, 0, 0, 0, 0, 0, 0, 0, 0, 0, 0, 0, 0, 0, 0, 0, 0, 0, 0, 0, 0, 0, 1]	[0, 0, 0, 0, 0, 0, 0, 0, 0, 0, 0, 0, 0, 0, 0, 0, 0, 0, 0, 0, 0, 0, 0, 0, 0, 0, 0]	[0, 0, 0, 0, 0, 0, 0, 0, 0, 0, 0, 0, 0, 0, 0, 0, 0, 0, 0, 0, 0, 0, 0, 0, 0, 0, 0]	[0.00013970000145491213, 0.0130557999946177, 0.029561999996076338, 0.046704399996087886, 0.06329160000314005, 0.07972009999502916, 0.09646079999220092, 0.11297509999712929, 0.13234499999089167, 0.14664099999936298, 0.16278050000255462, 0.17962049999914598, 0.19591070000024047, 0.2128279000025941, 0.2294194999994943, 0.2461507999978494, 0.26290059999155346, 0.2794119000027422, 0.2962297999911243, 0.3127496999950381, 0.3292590999917593, 0.3458487000025343, 0.36264289999962784, 0.3795018999953754, 0.39603730000089854, 0.4126988999923924, 0.4296491999994032]	215.0	310.0	0.7	9b
524	13	go_nogo	0	60	3	go	click	[47.0, 47.0, 70.0, 99.0, 133.0, 160.0, 182.0, 196.0, 204.0, 209.0, 211.0, 215.0, 215.0, 216.0, 216.0, 216.0, 216.0, 216.0, 216.0, 216.0, 216.0, 216.0, 216.0, 216.0, 216.0, 216.0]	[-267.0, -267.0, -193.0, -110.0, -14.0, 72.0, 138.0, 191.0, 228.0, 250.0, 263.0, 279.0, 286.0, 289.0, 289.0, 289.0, 289.0, 289.0, 289.0, 289.0, 289.0, 289.0, 289.0, 289.0, 289.0, 289.0]	[0, 0, 0, 0, 0, 0, 0, 0, 0, 0, 0, 0, 0, 0, 0, 0, 0, 0, 0, 0, 0, 0, 0, 0, 0, 1]	[0, 0, 0, 0, 0, 0, 0, 0, 0, 0, 0, 0, 0, 0, 0, 0, 0, 0, 0, 0, 0, 0, 0, 0, 0, 0]	[0, 0, 0, 0, 0, 0, 0, 0, 0, 0, 0, 0, 0, 0, 0, 0, 0, 0, 0, 0, 0, 0, 0, 0, 0, 0]	[0.00023599999258294702, 0.011232999997446314, 0.027701300001353957, 0.04453339999599848, 0.06126360000052955, 0.07782539998879656, 0.09450859999924432, 0.11125919999903999, 0.12783079998916946, 0.14453099999809638, 0.16115039998840075, 0.1780362999998033, 0.19463849999010563, 0.2109951999882469, 0.2280285000015283, 0.24459799999021925, 0.2611049999977695, 0.27804469999682624, 0.29432489999453537, 0.3111147000017809, 0.32775569999648724, 0.34439059998840094, 0.3609727000002749, 0.3776679000002332, 0.39411889998882543, 0.41099479999684263]	216.0	289.0	0.7	9b
525	13	go_nogo	0	60	2	go	click	[17.0, 17.0, 19.0, 22.0, 25.0, 28.0, 33.0, 44.0, 53.0, 59.0, 68.0, 79.0, 94.0, 108.0, 120.0, 129.0, 135.0, 140.0, 145.0, 147.0, 152.0, 155.0, 157.0, 163.0, 166.0, 167.0, 167.0, 167.0, 167.0, 167.0]	[-242.0, -242.0, -224.0, -192.0, -164.0, -137.0, -107.0, -56.0, -19.0, 17.0, 53.0, 93.0, 135.0, 179.0, 216.0, 245.0, 260.0, 272.0, 286.0, 291.0, 302.0, 307.0, 312.0, 318.0, 322.0, 323.0, 323.0, 324.0, 324.0, 324.0]	[0, 0, 0, 0, 0, 0, 0, 0, 0, 0, 0, 0, 0, 0, 0, 0, 0, 0, 0, 0, 0, 0, 0, 0, 0, 0, 0, 0, 0, 1]	[0, 0, 0, 0, 0, 0, 0, 0, 0, 0, 0, 0, 0, 0, 0, 0, 0, 0, 0, 0, 0, 0, 0, 0, 0, 0, 0, 0, 0, 0]	[0, 0, 0, 0, 0, 0, 0, 0, 0, 0, 0, 0, 0, 0, 0, 0, 0, 0, 0, 0, 0, 0, 0, 0, 0, 0, 0, 0, 0, 0]	[0.00018390000332146883, 0.010716999997384846, 0.027239999995799735, 0.04386619999422692, 0.060752499994123355, 0.07737440000346396, 0.09403150000434835, 0.11070920000202022, 0.12787810000008903, 0.14413840000634082, 0.16091409999353345, 0.1773719000048004, 0.19391699999687262, 0.21047669999825303, 0.22709759999997914, 0.24363050000101794, 0.26032499999564607, 0.2771675999974832, 0.29377419999218546, 0.31048460000602063, 0.3274685999931535, 0.34436899999855086, 0.3604697999980999, 0.37708350000320934, 0.39384370000334457, 0.41044930000498425, 0.42709589999867603, 0.44373679999262094, 0.46046050000586547, 0.4773690000001807]	167.0	324.0	1.0	9b
526	13	go_nogo	0	60	4	go	click	[30.0, 30.0, 39.0, 56.0, 90.0, 134.0, 165.0, 179.0, 186.0, 187.0, 188.0, 188.0, 188.0, 188.0, 188.0, 188.0, 188.0, 188.0, 188.0, 188.0, 188.0, 188.0, 188.0, 188.0, 188.0, 188.0, 188.0, 189.0, 192.0, 195.0, 196.0, 196.0, 196.0]	[-250.0, -250.0, -185.0, -101.0, 2.0, 118.0, 194.0, 229.0, 246.0, 252.0, 252.0, 252.0, 252.0, 252.0, 252.0, 252.0, 252.0, 252.0, 252.0, 252.0, 252.0, 252.0, 252.0, 252.0, 252.0, 252.0, 252.0, 256.0, 271.0, 288.0, 298.0, 299.0, 299.0]	[0, 0, 0, 0, 0, 0, 0, 0, 0, 0, 0, 0, 0, 0, 0, 0, 0, 0, 0, 0, 0, 0, 0, 0, 0, 0, 0, 0, 0, 0, 0, 0, 1]	[0, 0, 0, 0, 0, 0, 0, 0, 0, 0, 0, 0, 0, 0, 0, 0, 0, 0, 0, 0, 0, 0, 0, 0, 0, 0, 0, 0, 0, 0, 0, 0, 0]	[0, 0, 0, 0, 0, 0, 0, 0, 0, 0, 0, 0, 0, 0, 0, 0, 0, 0, 0, 0, 0, 0, 0, 0, 0, 0, 0, 0, 0, 0, 0, 0, 0]	[7.390000973828137e-05, 0.011527399998158216, 0.02797590001136996, 0.04463080001005437, 0.06150049999996554, 0.07798180000099819, 0.09484600000723731, 0.11162989999866113, 0.12809260000358336, 0.14505140000255778, 0.16133500001160428, 0.17803740000817925, 0.19461170000431594, 0.21116440001060255, 0.22816480000619777, 0.24460090001230128, 0.26136530000076164, 0.27800250001018867, 0.2944290000014007, 0.3112670000118669, 0.3281203000078676, 0.3445252000092296, 0.36162460000196006, 0.37812310000299476, 0.39468910000869073, 0.411160400006338, 0.42797560000326484, 0.4445208000106504, 0.4614428000058979, 0.47783080000954214, 0.4946202999999514, 0.510956600002828, 0.5281403999979375]	196.0	299.0	0.5	9b
527	13	go_nogo	0	60	7	go	click	[16.0, 16.0, 25.0, 48.0, 74.0, 101.0, 126.0, 132.0, 134.0, 134.0, 134.0, 134.0, 134.0, 135.0, 135.0, 135.0, 135.0, 135.0, 135.0, 135.0, 136.0, 143.0, 157.0, 170.0, 178.0, 185.0, 189.0, 192.0, 194.0, 194.0, 194.0, 194.0, 194.0]	[-248.0, -248.0, -211.0, -115.0, -14.0, 76.0, 159.0, 187.0, 196.0, 196.0, 197.0, 197.0, 199.0, 200.0, 201.0, 201.0, 201.0, 201.0, 201.0, 201.0, 204.0, 218.0, 243.0, 265.0, 281.0, 295.0, 308.0, 313.0, 317.0, 317.0, 317.0, 317.0, 317.0]	[0, 0, 0, 0, 0, 0, 0, 0, 0, 0, 0, 0, 0, 0, 0, 0, 0, 0, 0, 0, 0, 0, 0, 0, 0, 0, 0, 0, 0, 0, 0, 0, 1]	[0, 0, 0, 0, 0, 0, 0, 0, 0, 0, 0, 0, 0, 0, 0, 0, 0, 0, 0, 0, 0, 0, 0, 0, 0, 0, 0, 0, 0, 0, 0, 0, 0]	[0, 0, 0, 0, 0, 0, 0, 0, 0, 0, 0, 0, 0, 0, 0, 0, 0, 0, 0, 0, 0, 0, 0, 0, 0, 0, 0, 0, 0, 0, 0, 0, 0]	[0.0001905000099213794, 0.009875800009467639, 0.02642799999739509, 0.04321200000413228, 0.060112899998785, 0.07674730000144336, 0.09337129999767058, 0.11010800000804011, 0.1264938000094844, 0.14319719999912195, 0.15989209999679588, 0.17673010000726208, 0.19310840000980534, 0.20994339999742806, 0.22640310000861064, 0.2431501999963075, 0.2597548000048846, 0.2765916000062134, 0.29280860000289977, 0.30956770000921097, 0.3263937000010628, 0.3430547000025399, 0.35988479999650735, 0.3762665999965975, 0.3929800000041723, 0.40965570000116713, 0.42637860000832006, 0.443108100007521, 0.45949940000718925, 0.4762722000014037, 0.49268470000242814, 0.5096904000092763, 0.5261960000061663]	194.0	317.0	0.9	9b
528	13	go_nogo	0	60	2	go	click	[48.0, 48.0, 60.0, 107.0, 136.0, 163.0, 179.0, 187.0, 191.0, 194.0, 194.0, 195.0, 195.0, 196.0, 197.0, 197.0, 197.0, 197.0, 197.0, 197.0, 197.0, 197.0]	[-215.0, -215.0, -167.0, -15.0, 83.0, 169.0, 222.0, 255.0, 274.0, 284.0, 287.0, 289.0, 294.0, 300.0, 306.0, 306.0, 306.0, 306.0, 308.0, 309.0, 310.0, 310.0]	[0, 0, 0, 0, 0, 0, 0, 0, 0, 0, 0, 0, 0, 0, 0, 0, 0, 0, 0, 0, 0, 1]	[0, 0, 0, 0, 0, 0, 0, 0, 0, 0, 0, 0, 0, 0, 0, 0, 0, 0, 0, 0, 0, 0]	[0, 0, 0, 0, 0, 0, 0, 0, 0, 0, 0, 0, 0, 0, 0, 0, 0, 0, 0, 0, 0, 0]	[0.00022529999841935933, 0.00972449999244418, 0.026855499992961995, 0.043280500001856126, 0.05943349999142811, 0.07650409999769181, 0.09289269999135286, 0.10974549999809824, 0.12618919998931233, 0.14267129999643657, 0.15938669999013655, 0.17608259999542497, 0.19279489999462385, 0.20978359998844098, 0.22586710000177845, 0.24279189998924267, 0.25936369999544695, 0.2761076999886427, 0.29322909998882096, 0.30942559998948127, 0.32589919999009, 0.34298289999424014]	197.0	310.0	0.7	9b
529	14	go_nogo	0	60	7	go	click	[34.0, 34.0, 59.0, 127.0, 185.0, 238.0, 259.0, 268.0, 269.0, 269.0, 269.0, 269.0, 269.0, 269.0, 269.0, 269.0, 269.0, 269.0, 267.0, 267.0, 261.0, 257.0, 251.0, 247.0, 241.0, 235.0, 228.0, 225.0, 225.0, 225.0, 225.0, 225.0]	[-225.0, -225.0, -163.0, -28.0, 113.0, 265.0, 321.0, 342.0, 350.0, 352.0, 353.0, 353.0, 353.0, 353.0, 353.0, 353.0, 353.0, 352.0, 348.0, 348.0, 342.0, 336.0, 329.0, 322.0, 317.0, 309.0, 301.0, 297.0, 296.0, 296.0, 296.0, 296.0]	[0, 0, 0, 0, 0, 0, 0, 0, 0, 0, 0, 0, 0, 0, 0, 0, 0, 0, 0, 0, 0, 0, 0, 0, 0, 0, 0, 0, 0, 0, 0, 1]	[0, 0, 0, 0, 0, 0, 0, 0, 0, 0, 0, 0, 0, 0, 0, 0, 0, 0, 0, 0, 0, 0, 0, 0, 0, 0, 0, 0, 0, 0, 0, 0]	[0, 0, 0, 0, 0, 0, 0, 0, 0, 0, 0, 0, 0, 0, 0, 0, 0, 0, 0, 0, 0, 0, 0, 0, 0, 0, 0, 0, 0, 0, 0, 0]	[0.00020080000103916973, 0.009546999994199723, 0.02646429999731481, 0.04330330000084359, 0.059934699995210394, 0.07646650000242516, 0.09313560000737198, 0.10975889999826904, 0.12677590000384953, 0.14290770000661723, 0.1595355000026757, 0.1762905000068713, 0.19288859999505803, 0.20943820000684354, 0.22612629999639466, 0.24262659999658354, 0.25967990000208374, 0.27651480000349693, 0.2928388000000268, 0.30959859999711625, 0.3259856999939075, 0.3432630000024801, 0.3593461999989813, 0.37604010000359267, 0.39267970000219066, 0.4093647999980021, 0.42624489999434445, 0.44310889999906067, 0.45923960000800434, 0.47580470000684727, 0.49261050000495743, 0.5095538000023225]	225.0	296.0	0.7	9b
530	14	go_nogo	0	60	9	nogo	none	[16.0, 16.0, 30.0, 54.0, 76.0, 91.0, 99.0, 104.0, 105.0, 105.0, 106.0, 106.0, 106.0, 106.0, 106.0, 106.0, 107.0, 107.0, 107.0, 109.0, 117.0, 129.0, 136.0, 138.0, 140.0, 140.0, 141.0, 141.0, 141.0, 141.0, 141.0, 141.0, 141.0, 141.0, 141.0, 141.0, 141.0, 141.0, 141.0, 141.0, 141.0, 141.0, 141.0, 141.0, 141.0, 141.0, 141.0, 141.0, 141.0, 141.0, 141.0, 141.0, 141.0, 141.0, 141.0, 141.0, 141.0, 141.0, 141.0, 141.0, 141.0, 141.0, 135.0, 128.0, 128.0, 128.0, 128.0, 128.0, 128.0, 128.0, 128.0, 128.0, 128.0, 128.0, 128.0, 128.0, 128.0, 128.0, 128.0, 128.0, 128.0, 128.0, 128.0, 128.0, 128.0, 128.0, 128.0, 128.0, 128.0, 128.0, 131.0, 135.0]	[-243.0, -243.0, -126.0, -2.0, 117.0, 215.0, 273.0, 292.0, 303.0, 307.0, 309.0, 311.0, 313.0, 314.0, 314.0, 314.0, 314.0, 314.0, 314.0, 313.0, 307.0, 300.0, 297.0, 295.0, 294.0, 293.0, 293.0, 292.0, 292.0, 292.0, 292.0, 292.0, 292.0, 292.0, 292.0, 292.0, 292.0, 292.0, 292.0, 292.0, 292.0, 292.0, 292.0, 292.0, 292.0, 292.0, 292.0, 292.0, 292.0, 292.0, 292.0, 292.0, 292.0, 292.0, 292.0, 292.0, 292.0, 292.0, 292.0, 292.0, 292.0, 292.0, 294.0, 296.0, 296.0, 296.0, 296.0, 296.0, 296.0, 296.0, 296.0, 296.0, 296.0, 296.0, 296.0, 296.0, 296.0, 296.0, 296.0, 296.0, 296.0, 296.0, 296.0, 296.0, 296.0, 296.0, 296.0, 296.0, 296.0, 296.0, 296.0, 297.0]	[0, 0, 0, 0, 0, 0, 0, 0, 0, 0, 0, 0, 0, 0, 0, 0, 0, 0, 0, 0, 0, 0, 0, 0, 0, 0, 0, 0, 0, 0, 0, 0, 0, 0, 0, 0, 0, 0, 0, 0, 0, 0, 0, 0, 0, 0, 0, 0, 0, 0, 0, 0, 0, 0, 0, 0, 0, 0, 0, 0, 0, 0, 0, 0, 0, 0, 0, 0, 0, 0, 0, 0, 0, 0, 0, 0, 0, 0, 0, 0, 0, 0, 0, 0, 0, 0, 0, 0, 0, 0, 0, 0]	[0, 0, 0, 0, 0, 0, 0, 0, 0, 0, 0, 0, 0, 0, 0, 0, 0, 0, 0, 0, 0, 0, 0, 0, 0, 0, 0, 0, 0, 0, 0, 0, 0, 0, 0, 0, 0, 0, 0, 0, 0, 0, 0, 0, 0, 0, 0, 0, 0, 0, 0, 0, 0, 0, 0, 0, 0, 0, 0, 0, 0, 0, 0, 0, 0, 0, 0, 0, 0, 0, 0, 0, 0, 0, 0, 0, 0, 0, 0, 0, 0, 0, 0, 0, 0, 0, 0, 0, 0, 0, 0, 0]	[0, 0, 0, 0, 0, 0, 0, 0, 0, 0, 0, 0, 0, 0, 0, 0, 0, 0, 0, 0, 0, 0, 0, 0, 0, 0, 0, 0, 0, 0, 0, 0, 0, 0, 0, 0, 0, 0, 0, 0, 0, 0, 0, 0, 0, 0, 0, 0, 0, 0, 0, 0, 0, 0, 0, 0, 0, 0, 0, 0, 0, 0, 0, 0, 0, 0, 0, 0, 0, 0, 0, 0, 0, 0, 0, 0, 0, 0, 0, 0, 0, 0, 0, 0, 0, 0, 0, 0, 0, 0, 0, 0]	[0.0001990000018849969, 0.01209210000524763, 0.02814589999616146, 0.04508209999767132, 0.061516300003859214, 0.07829659999697469, 0.09523120000085328, 0.11162589999730699, 0.12833510000200476, 0.1452311000030022, 0.16182789999584202, 0.17846100000315346, 0.19520170000032522, 0.2114916999998968, 0.22831760000553913, 0.24494980000599753, 0.26148870000906754, 0.2779383000015514, 0.2948943000083091, 0.31123439999646507, 0.32815129999653436, 0.34479790000477806, 0.3614648000075249, 0.37801820000458974, 0.39487170000211336, 0.41136959999857936, 0.42813139999634586, 0.44470690000161994, 0.46125999999640044, 0.47789860000193585, 0.4945344000007026, 0.5117198000079952, 0.5279275000066264, 0.5444525000057183, 0.5611544999992475, 0.5781037999986438, 0.5947207999997772, 0.6111798000056297, 0.6279572000057669, 0.6444042000075569, 0.6613241000013659, 0.6777283999981591, 0.6946888999955263, 0.7113461999979336, 0.7277719999983674, 0.7445027000067057, 0.7611137000058079, 0.777783500001533, 0.7945019000035245, 0.8112266999960411, 0.8277617999992799, 0.8444189000001643, 0.8611942999996245, 0.8778861000027973, 0.894427999999607, 0.9113573000067845, 0.9279577999986941, 0.9445314000040526, 0.9611609999992652, 0.9778498000086984, 0.9944615999993403, 1.011276600009296, 1.028009600006044, 1.0444874999957392, 1.060999699999229, 1.0777820000075735, 1.0944040000031237, 1.1109644999960437, 1.127841100009391, 1.1443603000079747, 1.1611937999987276, 1.1777605000097537, 1.194473099996685, 1.2110591000091517, 1.227679600007832, 1.2442577000038, 1.2609596999973292, 1.2778618000011193, 1.2943166000040947, 1.3110024000052363, 1.3277135999960592, 1.3441778999986127, 1.3609381999995094, 1.3775787000049604, 1.3944890999991912, 1.4110020000080112, 1.4277837999979965, 1.4441457000066293, 1.4610335000033956, 1.4778503999987151, 1.4945986000093399, 1.5107929000078002]	n/a	n/a	1.0	9b
531	14	go_nogo	0	60	3	go	click	[7.0, 7.0, 20.0, 30.0, 37.0, 41.0, 45.0, 48.0, 54.0, 61.0, 70.0, 84.0, 97.0, 118.0, 125.0, 127.0, 128.0, 129.0, 130.0, 134.0, 138.0, 142.0, 144.0, 150.0, 152.0, 154.0, 154.0, 154.0, 154.0, 155.0, 155.0]	[-281.0, -281.0, -179.0, -74.0, 14.0, 65.0, 95.0, 125.0, 152.0, 170.0, 189.0, 211.0, 235.0, 275.0, 289.0, 295.0, 297.0, 297.0, 299.0, 302.0, 306.0, 309.0, 312.0, 317.0, 319.0, 320.0, 320.0, 320.0, 320.0, 320.0, 320.0]	[0, 0, 0, 0, 0, 0, 0, 0, 0, 0, 0, 0, 0, 0, 0, 0, 0, 0, 0, 0, 0, 0, 0, 0, 0, 0, 0, 0, 0, 0, 1]	[0, 0, 0, 0, 0, 0, 0, 0, 0, 0, 0, 0, 0, 0, 0, 0, 0, 0, 0, 0, 0, 0, 0, 0, 0, 0, 0, 0, 0, 0, 0]	[0, 0, 0, 0, 0, 0, 0, 0, 0, 0, 0, 0, 0, 0, 0, 0, 0, 0, 0, 0, 0, 0, 0, 0, 0, 0, 0, 0, 0, 0, 0]	[8.209999941755086e-05, 0.011215299993637018, 0.02754320000531152, 0.04395930000464432, 0.060509400005685166, 0.07734119999804534, 0.0940136999997776, 0.11065839999355376, 0.12761120000504889, 0.14415829999779817, 0.16057490000093821, 0.17729389999294654, 0.1940552000014577, 0.2110225999931572, 0.227637699994375, 0.2440158999961568, 0.260705799999414, 0.277428699992015, 0.2943246999930125, 0.3106910000060452, 0.32717390000470914, 0.3441099000046961, 0.3606629999994766, 0.37725400000636, 0.39398559999244753, 0.4106723000004422, 0.42707720000180416, 0.44371310000133235, 0.4605009999941103, 0.4769830000004731, 0.4940585000003921]	155.0	320.0	0.7	9b
532	14	go_nogo	0	60	2	go	click	[49.0, 49.0, 62.0, 93.0, 129.0, 155.0, 177.0, 198.0, 211.0, 223.0, 226.0, 228.0, 229.0, 229.0, 229.0, 229.0, 229.0, 232.0, 236.0, 237.0, 237.0, 238.0, 241.0, 241.0, 241.0, 241.0, 241.0, 238.0, 236.0, 235.0, 235.0, 235.0, 235.0]	[-184.0, -184.0, -131.0, -6.0, 112.0, 221.0, 309.0, 369.0, 400.0, 426.0, 432.0, 436.0, 438.0, 438.0, 438.0, 438.0, 438.0, 440.0, 443.0, 443.0, 443.0, 442.0, 431.0, 415.0, 396.0, 378.0, 362.0, 349.0, 338.0, 335.0, 334.0, 333.0, 333.0]	[0, 0, 0, 0, 0, 0, 0, 0, 0, 0, 0, 0, 0, 0, 0, 0, 0, 0, 0, 0, 0, 0, 0, 0, 0, 0, 0, 0, 0, 0, 0, 0, 1]	[0, 0, 0, 0, 0, 0, 0, 0, 0, 0, 0, 0, 0, 0, 0, 0, 0, 0, 0, 0, 0, 0, 0, 0, 0, 0, 0, 0, 0, 0, 0, 0, 0]	[0, 0, 0, 0, 0, 0, 0, 0, 0, 0, 0, 0, 0, 0, 0, 0, 0, 0, 0, 0, 0, 0, 0, 0, 0, 0, 0, 0, 0, 0, 0, 0, 0]	[0.00018440000712871552, 0.010951500007649884, 0.027554600004805252, 0.044369399998686276, 0.06081880000419915, 0.07737680000718683, 0.09411069999623578, 0.11055789999954868, 0.12758310000936035, 0.14455270000325982, 0.16096599999582395, 0.1773574999970151, 0.19368490000488237, 0.21043859999917913, 0.22709490000852384, 0.24394450000545476, 0.2613019999989774, 0.277307500000461, 0.2940575999964494, 0.31051140000636224, 0.327369999999064, 0.34478240000316873, 0.36063140000624117, 0.3779465999978129, 0.3940380999993067, 0.41066560000763275, 0.42727450000529643, 0.4438776000024518, 0.46071590000065044, 0.47727689999737777, 0.4939890999958152, 0.5104810000048019, 0.5274590000044554]	235.0	333.0	0.7	9b
533	14	go_nogo	0	60	4	go	click	[11.0, 25.0, 37.0, 73.0, 111.0, 143.0, 164.0, 182.0, 190.0, 198.0, 205.0, 215.0, 224.0, 229.0, 232.0, 232.0, 232.0, 232.0, 232.0, 232.0, 232.0, 232.0, 232.0, 232.0, 232.0, 232.0]	[-256.0, -219.0, -178.0, -86.0, 3.0, 73.0, 118.0, 164.0, 191.0, 216.0, 241.0, 266.0, 289.0, 310.0, 320.0, 323.0, 323.0, 323.0, 323.0, 325.0, 327.0, 328.0, 328.0, 328.0, 328.0, 328.0]	[0, 0, 0, 0, 0, 0, 0, 0, 0, 0, 0, 0, 0, 0, 0, 0, 0, 0, 0, 0, 0, 0, 0, 0, 0, 1]	[0, 0, 0, 0, 0, 0, 0, 0, 0, 0, 0, 0, 0, 0, 0, 0, 0, 0, 0, 0, 0, 0, 0, 0, 0, 0]	[0, 0, 0, 0, 0, 0, 0, 0, 0, 0, 0, 0, 0, 0, 0, 0, 0, 0, 0, 0, 0, 0, 0, 0, 0, 0]	[0.0001075999898603186, 0.011857399993459694, 0.027972500000032596, 0.044731199988746084, 0.06155209999997169, 0.07815269999264274, 0.09490199999709148, 0.1116935000027297, 0.12859890000254381, 0.14527389999420848, 0.16209289999096654, 0.17814499999803957, 0.19503659999463707, 0.21154039999237284, 0.22814110000035726, 0.24473049999505747, 0.2613522999890847, 0.27810840000165626, 0.2949874999903841, 0.31155659999058116, 0.32812739998917095, 0.34479750000173226, 0.36146179999923334, 0.378266599989729, 0.39487419999204576, 0.4118890999961877]	232.0	328.0	0.9	9b
534	14	go_nogo	0	60	2	go	click	[43.0, 53.0, 67.0, 99.0, 134.0, 166.0, 180.0, 185.0, 186.0, 186.0, 186.0, 186.0, 187.0, 189.0, 189.0, 190.0, 190.0, 190.0, 190.0, 190.0, 190.0, 190.0, 190.0]	[-172.0, -116.0, -60.0, 54.0, 164.0, 244.0, 281.0, 296.0, 300.0, 301.0, 301.0, 302.0, 304.0, 307.0, 308.0, 308.0, 309.0, 309.0, 309.0, 309.0, 309.0, 309.0, 309.0]	[0, 0, 0, 0, 0, 0, 0, 0, 0, 0, 0, 0, 0, 0, 0, 0, 0, 0, 0, 0, 0, 0, 1]	[0, 0, 0, 0, 0, 0, 0, 0, 0, 0, 0, 0, 0, 0, 0, 0, 0, 0, 0, 0, 0, 0, 0]	[0, 0, 0, 0, 0, 0, 0, 0, 0, 0, 0, 0, 0, 0, 0, 0, 0, 0, 0, 0, 0, 0, 0]	[0.00022229999012779444, 0.00939339998876676, 0.02592749999894295, 0.042857399996137246, 0.05944919999456033, 0.0764667999901576, 0.09287429999676533, 0.10945879999781027, 0.1260543999960646, 0.14246829999319743, 0.1596168999967631, 0.17618429999856744, 0.193235899991123, 0.20943789999000728, 0.22596579999662936, 0.24273149999498855, 0.2592082999908598, 0.2756941999978153, 0.29261140000016894, 0.3092935999884503, 0.32592279999516904, 0.3423708999907831, 0.35954879999917466]	190.0	309.0	1.0	9b
535	14	go_nogo	0	60	9	nogo	none	[28.0, 39.0, 54.0, 91.0, 124.0, 168.0, 182.0, 215.0, 230.0, 238.0, 242.0, 244.0, 245.0, 246.0, 247.0, 247.0, 248.0, 248.0, 248.0, 248.0, 248.0, 248.0, 248.0, 248.0, 248.0, 248.0, 248.0, 248.0, 248.0, 248.0, 248.0, 248.0, 248.0, 248.0, 248.0, 248.0, 248.0, 248.0, 248.0, 248.0, 248.0, 248.0, 248.0, 248.0, 248.0, 248.0, 248.0, 248.0, 248.0, 248.0, 248.0, 248.0, 248.0, 248.0, 248.0, 248.0, 248.0, 248.0, 248.0]	[-277.0, -243.0, -202.0, -98.0, -3.0, 118.0, 156.0, 252.0, 292.0, 319.0, 332.0, 339.0, 342.0, 344.0, 348.0, 351.0, 353.0, 353.0, 353.0, 353.0, 353.0, 353.0, 353.0, 353.0, 353.0, 353.0, 353.0, 353.0, 353.0, 353.0, 353.0, 353.0, 353.0, 353.0, 353.0, 353.0, 353.0, 353.0, 353.0, 353.0, 353.0, 353.0, 353.0, 353.0, 353.0, 353.0, 353.0, 353.0, 353.0, 353.0, 353.0, 353.0, 353.0, 353.0, 353.0, 353.0, 353.0, 353.0, 353.0]	[0, 0, 0, 0, 0, 0, 0, 0, 0, 0, 0, 0, 0, 0, 0, 0, 0, 0, 0, 0, 0, 0, 0, 0, 0, 0, 0, 0, 0, 0, 0, 0, 0, 0, 0, 0, 0, 0, 0, 0, 0, 0, 0, 0, 0, 0, 0, 0, 0, 0, 0, 0, 0, 0, 0, 0, 0, 0, 0]	[0, 0, 0, 0, 0, 0, 0, 0, 0, 0, 0, 0, 0, 0, 0, 0, 0, 0, 0, 0, 0, 0, 0, 0, 0, 0, 0, 0, 0, 0, 0, 0, 0, 0, 0, 0, 0, 0, 0, 0, 0, 0, 0, 0, 0, 0, 0, 0, 0, 0, 0, 0, 0, 0, 0, 0, 0, 0, 0]	[0, 0, 0, 0, 0, 0, 0, 0, 0, 0, 0, 0, 0, 0, 0, 0, 0, 0, 0, 0, 0, 0, 0, 0, 0, 0, 0, 0, 0, 0, 0, 0, 0, 0, 0, 0, 0, 0, 0, 0, 0, 0, 0, 0, 0, 0, 0, 0, 0, 0, 0, 0, 0, 0, 0, 0, 0, 0, 0]	[9.14999982342124e-05, 0.012268799997400492, 0.028735100000631064, 0.04557079999358393, 0.06249769999703858, 0.07905699999537319, 0.09557079999649432, 0.1125871999975061, 0.1291715999977896, 0.14555279999331106, 0.162358999994467, 0.17876049999904353, 0.19585930000175722, 0.21228659999906085, 0.22896700000273995, 0.24561690000700764, 0.2619630999979563, 0.27892250000149943, 0.2953527000063332, 0.3120513000030769, 0.32890979999501724, 0.34538850000535604, 0.3621186999953352, 0.3786434000066947, 0.39532949999556877, 0.41217880000476725, 0.4287110000004759, 0.445334100004402, 0.46213580000039656, 0.47891220000747126, 0.49532499999622814, 0.5120752999937395, 0.5286006999958772, 0.545273099996848, 0.5621936999959871, 0.5786912000039592, 0.5953650000010384, 0.6119204999995418, 0.628657099994598, 0.6454550000053132, 0.6619517000071937, 0.6785084000002826, 0.6951975999982096, 0.7119681000040146, 0.7282568999944488, 0.7451803000003565, 0.7617480000044452, 0.7785251000022981, 0.7950509999936912, 0.8119810000061989, 0.8286725000070874, 0.8451100999955088, 0.8617607000051066, 0.8783933999948204, 0.8952137000014773, 0.9118260999966878, 0.9285036999935983, 0.9454179000022123, 0.9621993000037037]	n/a	n/a	0.8	9b
536	14	go_nogo	0	60	6	go	click	[36.0, 36.0, 48.0, 72.0, 110.0, 123.0, 133.0, 138.0, 143.0, 146.0, 148.0, 151.0, 154.0, 156.0, 158.0, 159.0, 159.0, 159.0, 159.0, 161.0, 163.0, 165.0, 167.0, 167.0, 169.0, 170.0, 173.0, 174.0, 175.0]	[-263.0, -263.0, -218.0, -136.0, -17.0, 43.0, 87.0, 121.0, 146.0, 161.0, 172.0, 186.0, 207.0, 222.0, 233.0, 236.0, 237.0, 237.0, 237.0, 241.0, 248.0, 254.0, 260.0, 263.0, 266.0, 270.0, 276.0, 280.0, 280.0]	[0, 0, 0, 0, 0, 0, 0, 0, 0, 0, 0, 0, 0, 0, 0, 0, 0, 0, 0, 0, 0, 0, 0, 0, 0, 0, 0, 0, 1]	[0, 0, 0, 0, 0, 0, 0, 0, 0, 0, 0, 0, 0, 0, 0, 0, 0, 0, 0, 0, 0, 0, 0, 0, 0, 0, 0, 0, 0]	[0, 0, 0, 0, 0, 0, 0, 0, 0, 0, 0, 0, 0, 0, 0, 0, 0, 0, 0, 0, 0, 0, 0, 0, 0, 0, 0, 0, 0]	[0.00019169998995494097, 0.01210999999602791, 0.0287180999876, 0.04572499998903368, 0.06226369999058079, 0.07878329999221023, 0.09519589999399614, 0.11220489999686833, 0.1285009999992326, 0.14544419999583624, 0.1618154999887338, 0.17848919999960344, 0.19541029998799786, 0.21200909999606665, 0.2287445999972988, 0.24518469999020454, 0.26183179998770356, 0.2784216000000015, 0.29555949999485165, 0.31207409998751245, 0.3285277999966638, 0.34519119998731185, 0.3619105999969179, 0.3784084999933839, 0.3951146999897901, 0.41192149999551475, 0.4285916999942856, 0.4452646999998251, 0.4619698999886168]	175.0	280.0	0.8	9b
537	14	go_nogo	0	60	7	go	click	[76.0, 76.0, 88.0, 137.0, 186.0, 212.0, 224.0, 233.0, 237.0, 238.0, 238.0, 238.0, 238.0, 238.0, 238.0, 238.0, 238.0, 238.0, 238.0, 238.0, 234.0, 230.0, 228.0, 228.0, 228.0, 228.0]	[-225.0, -225.0, -184.0, -14.0, 118.0, 193.0, 228.0, 255.0, 267.0, 272.0, 273.0, 274.0, 274.0, 275.0, 275.0, 275.0, 275.0, 275.0, 275.0, 275.0, 279.0, 283.0, 286.0, 286.0, 286.0, 286.0]	[0, 0, 0, 0, 0, 0, 0, 0, 0, 0, 0, 0, 0, 0, 0, 0, 0, 0, 0, 0, 0, 0, 0, 0, 0, 1]	[0, 0, 0, 0, 0, 0, 0, 0, 0, 0, 0, 0, 0, 0, 0, 0, 0, 0, 0, 0, 0, 0, 0, 0, 0, 0]	[0, 0, 0, 0, 0, 0, 0, 0, 0, 0, 0, 0, 0, 0, 0, 0, 0, 0, 0, 0, 0, 0, 0, 0, 0, 0]	[0.00021500000730156898, 0.012047099997289479, 0.029256900001200847, 0.04549859999679029, 0.06249240000033751, 0.07886730000609532, 0.09555080000427552, 0.11206149999634363, 0.128800799997407, 0.14553490000253078, 0.1620037999964552, 0.17859670000325423, 0.19533980000414886, 0.2120617000036873, 0.22864390000177082, 0.24528570000256877, 0.2618854000029387, 0.2786584999994375, 0.29539140000997577, 0.3123935000039637, 0.32924269999784883, 0.34588609999627806, 0.3618564000062179, 0.3783958999993047, 0.3953569000004791, 0.41223149999859743]	228.0	286.0	0.5	9b
538	14	go_nogo	0	60	9	nogo	none	[54.0, 54.0, 82.0, 114.0, 146.0, 168.0, 174.0, 175.0, 176.0, 176.0, 176.0, 176.0, 176.0, 176.0, 176.0, 176.0, 176.0, 176.0, 176.0, 176.0, 176.0, 176.0, 176.0, 176.0, 176.0, 176.0, 176.0, 176.0, 176.0, 176.0, 176.0, 176.0, 176.0, 176.0, 176.0, 176.0, 176.0, 176.0, 176.0, 176.0, 176.0, 176.0, 176.0, 176.0, 176.0, 176.0, 176.0, 176.0, 176.0, 176.0, 176.0, 176.0]	[-210.0, -210.0, -112.0, -6.0, 100.0, 192.0, 241.0, 265.0, 272.0, 273.0, 273.0, 273.0, 273.0, 273.0, 273.0, 273.0, 273.0, 273.0, 273.0, 274.0, 274.0, 274.0, 274.0, 274.0, 274.0, 274.0, 274.0, 274.0, 274.0, 274.0, 274.0, 274.0, 274.0, 274.0, 274.0, 274.0, 274.0, 274.0, 274.0, 274.0, 274.0, 274.0, 274.0, 274.0, 274.0, 274.0, 274.0, 274.0, 274.0, 274.0, 274.0, 274.0]	[0, 0, 0, 0, 0, 0, 0, 0, 0, 0, 0, 0, 0, 0, 0, 0, 0, 0, 0, 0, 0, 0, 0, 0, 0, 0, 0, 0, 0, 0, 0, 0, 0, 0, 0, 0, 0, 0, 0, 0, 0, 0, 0, 0, 0, 0, 0, 0, 0, 0, 0, 0]	[0, 0, 0, 0, 0, 0, 0, 0, 0, 0, 0, 0, 0, 0, 0, 0, 0, 0, 0, 0, 0, 0, 0, 0, 0, 0, 0, 0, 0, 0, 0, 0, 0, 0, 0, 0, 0, 0, 0, 0, 0, 0, 0, 0, 0, 0, 0, 0, 0, 0, 0, 0]	[0, 0, 0, 0, 0, 0, 0, 0, 0, 0, 0, 0, 0, 0, 0, 0, 0, 0, 0, 0, 0, 0, 0, 0, 0, 0, 0, 0, 0, 0, 0, 0, 0, 0, 0, 0, 0, 0, 0, 0, 0, 0, 0, 0, 0, 0, 0, 0, 0, 0, 0, 0]	[8.610000077169389e-05, 0.010927200011792593, 0.027299200010020286, 0.0439508000126807, 0.060804900000221096, 0.07733560001361184, 0.09382280000136234, 0.11058730000513606, 0.12722570000914857, 0.1437434000108624, 0.16036130000429694, 0.1769339000020409, 0.19383940000261646, 0.21038610000687186, 0.2270862000004854, 0.24387440001009963, 0.2604760000103852, 0.2771820000052685, 0.29373730000224896, 0.31025550000777, 0.3269375000090804, 0.343581200009794, 0.3601274000102421, 0.37695990000793245, 0.39346170000499114, 0.41030860001046676, 0.4269499000074575, 0.44339270000637043, 0.4605253000045195, 0.4771791000093799, 0.4936842000024626, 0.5102564000117127, 0.527042400004575, 0.5436849000107031, 0.5603470000060042, 0.5772540000034496, 0.5938119000056759, 0.6104256000107853, 0.626815900002839, 0.6437351000058698, 0.6604045000131009, 0.6769057000055909, 0.6935466000140877, 0.7103969000017969, 0.7270454000099562, 0.7437324000056833, 0.7603853000036906, 0.776958200003719, 0.793694800013327, 0.810213400007342, 0.8268222000042442, 0.8436931000032928]	n/a	n/a	0.8	9b
539	14	go_nogo	0	60	8	go	click	[44.0, 44.0, 81.0, 125.0, 162.0, 194.0, 216.0, 227.0, 232.0, 233.0, 233.0, 233.0, 233.0, 233.0, 233.0, 233.0, 233.0, 233.0, 233.0, 233.0, 233.0, 233.0, 233.0]	[-244.0, -244.0, -144.0, -32.0, 71.0, 155.0, 226.0, 266.0, 283.0, 287.0, 287.0, 287.0, 287.0, 287.0, 287.0, 287.0, 287.0, 287.0, 287.0, 287.0, 287.0, 288.0, 288.0]	[0, 0, 0, 0, 0, 0, 0, 0, 0, 0, 0, 0, 0, 0, 0, 0, 0, 0, 0, 0, 0, 0, 1]	[0, 0, 0, 0, 0, 0, 0, 0, 0, 0, 0, 0, 0, 0, 0, 0, 0, 0, 0, 0, 0, 0, 0]	[0, 0, 0, 0, 0, 0, 0, 0, 0, 0, 0, 0, 0, 0, 0, 0, 0, 0, 0, 0, 0, 0, 0]	[0.00027740000223275274, 0.012621000001672655, 0.028797300008591264, 0.045568900008220226, 0.06235680000099819, 0.0786501000111457, 0.09546720000798814, 0.11218360000930261, 0.1287330000050133, 0.1453036000020802, 0.16202430000703316, 0.1786700000084238, 0.19535110000288114, 0.21199029999843333, 0.22875270000076853, 0.24522740000975318, 0.26205670001218095, 0.27873770000587683, 0.2954094000015175, 0.312012100010179, 0.32881690000067465, 0.3452325000107521, 0.3625962000078289]	233.0	288.0	0.7	9b
540	14	go_nogo	0	60	4	go	click	[25.0, 25.0, 42.0, 68.0, 83.0, 124.0, 159.0, 189.0, 199.0, 203.0, 204.0, 204.0, 204.0, 204.0, 204.0, 204.0, 204.0, 204.0, 204.0, 204.0, 204.0, 204.0, 204.0]	[-239.0, -239.0, -156.0, -58.0, -13.0, 103.0, 209.0, 282.0, 311.0, 323.0, 325.0, 325.0, 325.0, 325.0, 325.0, 325.0, 325.0, 325.0, 325.0, 325.0, 325.0, 325.0, 325.0]	[0, 0, 0, 0, 0, 0, 0, 0, 0, 0, 0, 0, 0, 0, 0, 0, 0, 0, 0, 0, 0, 0, 1]	[0, 0, 0, 0, 0, 0, 0, 0, 0, 0, 0, 0, 0, 0, 0, 0, 0, 0, 0, 0, 0, 0, 0]	[0, 0, 0, 0, 0, 0, 0, 0, 0, 0, 0, 0, 0, 0, 0, 0, 0, 0, 0, 0, 0, 0, 0]	[0.00023289999808184803, 0.011961399999563582, 0.027776400005677715, 0.04484339999908116, 0.06108210000093095, 0.07777639999403618, 0.0945858000050066, 0.11110629999893717, 0.12789229999179952, 0.14464919999591075, 0.1610552999918582, 0.17777419999765698, 0.19451600000320468, 0.2111748000024818, 0.22779999999329448, 0.24436339999374468, 0.2612260000023525, 0.2778065000020433, 0.2945532000012463, 0.3108944999985397, 0.3275747000006959, 0.3442207000043709, 0.3612247999990359]	204.0	325.0	0.8	9b
541	14	go_nogo	0	60	2	go	click	[25.0, 25.0, 37.0, 74.0, 121.0, 173.0, 213.0, 219.0, 220.0, 220.0, 220.0, 221.0, 222.0, 223.0, 224.0, 224.0, 224.0, 224.0, 224.0, 224.0, 224.0, 224.0, 223.0, 222.0, 221.0, 221.0, 221.0, 221.0]	[-256.0, -256.0, -211.0, -108.0, 9.0, 115.0, 194.0, 206.0, 209.0, 211.0, 212.0, 214.0, 218.0, 224.0, 228.0, 231.0, 231.0, 234.0, 237.0, 248.0, 257.0, 264.0, 273.0, 280.0, 286.0, 289.0, 289.0, 289.0]	[0, 0, 0, 0, 0, 0, 0, 0, 0, 0, 0, 0, 0, 0, 0, 0, 0, 0, 0, 0, 0, 0, 0, 0, 0, 0, 0, 1]	[0, 0, 0, 0, 0, 0, 0, 0, 0, 0, 0, 0, 0, 0, 0, 0, 0, 0, 0, 0, 0, 0, 0, 0, 0, 0, 0, 0]	[0, 0, 0, 0, 0, 0, 0, 0, 0, 0, 0, 0, 0, 0, 0, 0, 0, 0, 0, 0, 0, 0, 0, 0, 0, 0, 0, 0]	[0.00026709999656304717, 0.011718800000380725, 0.028312399997957982, 0.04501970000274014, 0.06171209999592975, 0.07834290000027977, 0.09513509999669623, 0.11243500000273343, 0.1282943999976851, 0.14488449999771547, 0.1616546000004746, 0.1782478999957675, 0.19489149999571964, 0.21198520000325516, 0.22839079999539535, 0.244609200002742, 0.26155670000298414, 0.2782732999912696, 0.2951918999897316, 0.31214989999716636, 0.3280601000005845, 0.3450882999895839, 0.36147750000236556, 0.37852749999728985, 0.3946731999894837, 0.4113204000022961, 0.4280127999954857, 0.44509319998905994]	221.0	289.0	0.7	9b
542	14	go_nogo	0	60	8	go	click	[47.0, 57.0, 70.0, 92.0, 115.0, 138.0, 157.0, 167.0, 171.0, 171.0, 171.0, 171.0, 171.0, 171.0, 171.0, 171.0, 173.0, 174.0, 175.0, 178.0, 182.0, 190.0, 197.0, 199.0, 200.0, 201.0, 202.0, 202.0, 202.0, 202.0]	[-263.0, -218.0, -170.0, -89.0, -11.0, 60.0, 118.0, 152.0, 165.0, 166.0, 166.0, 166.0, 166.0, 166.0, 166.0, 167.0, 169.0, 173.0, 178.0, 187.0, 202.0, 222.0, 244.0, 252.0, 254.0, 257.0, 259.0, 259.0, 259.0, 259.0]	[0, 0, 0, 0, 0, 0, 0, 0, 0, 0, 0, 0, 0, 0, 0, 0, 0, 0, 0, 0, 0, 0, 0, 0, 0, 0, 0, 0, 0, 1]	[0, 0, 0, 0, 0, 0, 0, 0, 0, 0, 0, 0, 0, 0, 0, 0, 0, 0, 0, 0, 0, 0, 0, 0, 0, 0, 0, 0, 0, 0]	[0, 0, 0, 0, 0, 0, 0, 0, 0, 0, 0, 0, 0, 0, 0, 0, 0, 0, 0, 0, 0, 0, 0, 0, 0, 0, 0, 0, 0, 0]	[0.00014659999578725547, 0.009350799999083392, 0.026155100000323728, 0.042716900003142655, 0.05934300000080839, 0.07617359999858309, 0.09296069999982137, 0.10955019999528304, 0.12615050000022165, 0.14261709999118466, 0.1591547999996692, 0.17602260000421666, 0.1926688999956241, 0.2094582999998238, 0.22619669999403413, 0.2425749999965774, 0.25944510000408627, 0.27600149999489076, 0.29276260000187904, 0.3093300000036834, 0.325968399993144, 0.3428589999966789, 0.3595050000003539, 0.37653900000441354, 0.39331299999321345, 0.4096045000042068, 0.42582150000089314, 0.44260270000086166, 0.4593089999980293, 0.47637449999456294]	202.0	259.0	0.8	9b
543	14	go_nogo	0	60	9	nogo	none	[32.0, 32.0, 46.0, 63.0, 82.0, 100.0, 118.0, 131.0, 148.0, 156.0, 160.0, 167.0, 170.0, 172.0, 173.0, 173.0, 173.0, 173.0, 173.0, 173.0, 173.0, 173.0, 173.0, 173.0, 173.0, 173.0, 173.0, 173.0, 173.0, 173.0, 173.0, 173.0, 173.0, 173.0, 173.0, 173.0, 173.0, 173.0, 173.0, 173.0, 173.0, 173.0, 173.0, 173.0, 173.0, 173.0, 173.0, 173.0, 173.0, 173.0, 173.0, 173.0, 173.0, 173.0, 173.0, 173.0, 173.0]	[-252.0, -252.0, -166.0, -82.0, -2.0, 67.0, 121.0, 161.0, 212.0, 237.0, 248.0, 270.0, 281.0, 289.0, 291.0, 291.0, 291.0, 291.0, 291.0, 291.0, 291.0, 291.0, 291.0, 291.0, 291.0, 291.0, 291.0, 291.0, 291.0, 291.0, 291.0, 291.0, 291.0, 291.0, 291.0, 291.0, 291.0, 291.0, 291.0, 291.0, 291.0, 291.0, 291.0, 291.0, 291.0, 291.0, 291.0, 291.0, 291.0, 291.0, 291.0, 291.0, 291.0, 291.0, 291.0, 291.0, 291.0]	[0, 0, 0, 0, 0, 0, 0, 0, 0, 0, 0, 0, 0, 0, 0, 0, 0, 0, 0, 0, 0, 0, 0, 0, 0, 0, 0, 0, 0, 0, 0, 0, 0, 0, 0, 0, 0, 0, 0, 0, 0, 0, 0, 0, 0, 0, 0, 0, 0, 0, 0, 0, 0, 0, 0, 0, 0]	[0, 0, 0, 0, 0, 0, 0, 0, 0, 0, 0, 0, 0, 0, 0, 0, 0, 0, 0, 0, 0, 0, 0, 0, 0, 0, 0, 0, 0, 0, 0, 0, 0, 0, 0, 0, 0, 0, 0, 0, 0, 0, 0, 0, 0, 0, 0, 0, 0, 0, 0, 0, 0, 0, 0, 0, 0]	[0, 0, 0, 0, 0, 0, 0, 0, 0, 0, 0, 0, 0, 0, 0, 0, 0, 0, 0, 0, 0, 0, 0, 0, 0, 0, 0, 0, 0, 0, 0, 0, 0, 0, 0, 0, 0, 0, 0, 0, 0, 0, 0, 0, 0, 0, 0, 0, 0, 0, 0, 0, 0, 0, 0, 0, 0]	[0.00017179999849759042, 0.01081049999629613, 0.027602999994996935, 0.04393430000345688, 0.06050449999747798, 0.07721439999295399, 0.09380649999366142, 0.11080709999077953, 0.1276229999930365, 0.14404679999279324, 0.16106729999592062, 0.17767910000111442, 0.19423059999826364, 0.2107252999994671, 0.2273293000034755, 0.2439196999912383, 0.2604475999978604, 0.27733579999767244, 0.2938847000041278, 0.31045809999341145, 0.328136900003301, 0.3441591000009794, 0.36073849999229424, 0.3771453999943333, 0.3939168999932008, 0.41050869999162387, 0.427167499990901, 0.443849199989927, 0.4605188999994425, 0.47712939999473747, 0.4937649999919813, 0.5103953999932855, 0.5271191999927396, 0.5436076000041794, 0.5603095999977086, 0.5774278000026243, 0.5938179999939166, 0.6103023000032408, 0.6272631000028923, 0.6438758000003872, 0.6604159999988042, 0.6769682000012835, 0.6938304999930551, 0.7103333999984898, 0.7271747999911895, 0.7437605000013718, 0.7605668000032892, 0.7772736999904737, 0.793572900001891, 0.8102747999946587, 0.8269516000000294, 0.8439618999982486, 0.8604881999926874, 0.8769936000026064, 0.8938185000006342, 0.910454299999401, 0.9271194000029936]	n/a	n/a	1.0	9b
544	14	go_nogo	0	60	6	go	click	[29.0, 29.0, 43.0, 76.0, 109.0, 130.0, 153.0, 160.0, 173.0, 178.0, 183.0, 186.0, 191.0, 196.0, 198.0, 199.0, 200.0, 200.0, 201.0, 203.0, 204.0, 205.0, 206.0, 207.0, 209.0, 211.0, 214.0, 216.0, 217.0, 217.0]	[-219.0, -219.0, -185.0, -108.0, -16.0, 43.0, 114.0, 135.0, 171.0, 184.0, 196.0, 207.0, 221.0, 233.0, 239.0, 241.0, 242.0, 243.0, 246.0, 252.0, 257.0, 261.0, 264.0, 266.0, 272.0, 279.0, 289.0, 295.0, 298.0, 298.0]	[0, 0, 0, 0, 0, 0, 0, 0, 0, 0, 0, 0, 0, 0, 0, 0, 0, 0, 0, 0, 0, 0, 0, 0, 0, 0, 0, 0, 0, 1]	[0, 0, 0, 0, 0, 0, 0, 0, 0, 0, 0, 0, 0, 0, 0, 0, 0, 0, 0, 0, 0, 0, 0, 0, 0, 0, 0, 0, 0, 0]	[0, 0, 0, 0, 0, 0, 0, 0, 0, 0, 0, 0, 0, 0, 0, 0, 0, 0, 0, 0, 0, 0, 0, 0, 0, 0, 0, 0, 0, 0]	[0.0001914999884320423, 0.011189799988642335, 0.027845099990372546, 0.044527399993967265, 0.06115979999594856, 0.07778979999420699, 0.09458109999832232, 0.11104389998945408, 0.12786519998917356, 0.14481379999779165, 0.1614963999891188, 0.1777901000023121, 0.19478720000188332, 0.211190699992585, 0.2277427999943029, 0.24447459999646526, 0.26098110000020824, 0.277775800001109, 0.29457719999481924, 0.31097289999888744, 0.327947799989488, 0.3443399999960093, 0.3610010999982478, 0.3775487999955658, 0.3943744999996852, 0.41081829999166075, 0.4279239999887068, 0.44428189999598544, 0.46080659999279305, 0.47811949999595527]	217.0	298.0	0.5	9b
545	14	go_nogo	0	60	6	go	click	[28.0, 28.0, 37.0, 55.0, 79.0, 103.0, 120.0, 131.0, 138.0, 141.0, 142.0, 142.0, 145.0, 149.0, 150.0, 150.0, 150.0, 150.0, 150.0, 152.0, 155.0, 157.0, 157.0, 157.0, 157.0]	[-230.0, -230.0, -149.0, -50.0, 36.0, 118.0, 179.0, 214.0, 237.0, 245.0, 248.0, 251.0, 255.0, 260.0, 263.0, 263.0, 263.0, 263.0, 263.0, 265.0, 269.0, 271.0, 272.0, 272.0, 272.0]	[0, 0, 0, 0, 0, 0, 0, 0, 0, 0, 0, 0, 0, 0, 0, 0, 0, 0, 0, 0, 0, 0, 0, 0, 1]	[0, 0, 0, 0, 0, 0, 0, 0, 0, 0, 0, 0, 0, 0, 0, 0, 0, 0, 0, 0, 0, 0, 0, 0, 0]	[0, 0, 0, 0, 0, 0, 0, 0, 0, 0, 0, 0, 0, 0, 0, 0, 0, 0, 0, 0, 0, 0, 0, 0, 0]	[0.00034080000477842987, 0.012817000009818003, 0.029482400001143105, 0.046317100001033396, 0.0626951000012923, 0.07910529999935534, 0.09612910001305863, 0.11348500000895001, 0.1290770000050543, 0.1457933000056073, 0.16288020000502001, 0.17923870000231545, 0.19585500001267064, 0.2124824000056833, 0.22934220000752248, 0.24596100000781007, 0.26257010000699665, 0.2791200000065146, 0.29581310000503436, 0.31242980000388343, 0.32924910000292584, 0.34591200000431854, 0.362305100003141, 0.37898280000081286, 0.39645390000077896]	157.0	272.0	0.5	9b
546	14	go_nogo	0	60	2	go	click	[19.0, 19.0, 30.0, 49.0, 69.0, 91.0, 105.0, 117.0, 125.0, 136.0, 142.0, 148.0, 154.0, 156.0, 160.0, 162.0, 163.0, 163.0, 163.0, 163.0, 163.0, 164.0, 166.0, 166.0, 166.0, 166.0]	[-264.0, -264.0, -182.0, -106.0, -36.0, 27.0, 80.0, 123.0, 152.0, 191.0, 214.0, 231.0, 245.0, 254.0, 266.0, 274.0, 276.0, 276.0, 276.0, 276.0, 277.0, 279.0, 282.0, 284.0, 284.0, 284.0]	[0, 0, 0, 0, 0, 0, 0, 0, 0, 0, 0, 0, 0, 0, 0, 0, 0, 0, 0, 0, 0, 0, 0, 0, 0, 1]	[0, 0, 0, 0, 0, 0, 0, 0, 0, 0, 0, 0, 0, 0, 0, 0, 0, 0, 0, 0, 0, 0, 0, 0, 0, 0]	[0, 0, 0, 0, 0, 0, 0, 0, 0, 0, 0, 0, 0, 0, 0, 0, 0, 0, 0, 0, 0, 0, 0, 0, 0, 0]	[0.00011369999265298247, 0.011968299993895926, 0.02852909998910036, 0.04517219999979716, 0.06194159999722615, 0.07877239999652375, 0.09522319999814499, 0.11192019999725744, 0.12851280000177212, 0.14520689999335445, 0.16226149999420159, 0.17876779999642167, 0.19542429999273736, 0.21211319998838007, 0.22863119999237824, 0.24509739999484736, 0.2618419999926118, 0.278256199992029, 0.2953564999916125, 0.3124756999895908, 0.32885979999264237, 0.3451611999917077, 0.36178339998878073, 0.3783528999920236, 0.3949729000014486, 0.41198619999340735]	166.0	284.0	0.7	9b
547	14	go_nogo	0	60	8	go	click	[30.0, 30.0, 45.0, 66.0, 96.0, 122.0, 146.0, 159.0, 166.0, 169.0, 172.0, 173.0, 175.0, 179.0, 182.0, 184.0, 185.0, 186.0, 189.0, 190.0, 191.0, 193.0, 193.0, 193.0, 193.0, 194.0, 194.0]	[-266.0, -266.0, -206.0, -128.0, -41.0, 41.0, 119.0, 160.0, 184.0, 195.0, 200.0, 204.0, 213.0, 221.0, 230.0, 238.0, 242.0, 246.0, 250.0, 257.0, 263.0, 267.0, 270.0, 272.0, 272.0, 272.0, 272.0]	[0, 0, 0, 0, 0, 0, 0, 0, 0, 0, 0, 0, 0, 0, 0, 0, 0, 0, 0, 0, 0, 0, 0, 0, 0, 0, 1]	[0, 0, 0, 0, 0, 0, 0, 0, 0, 0, 0, 0, 0, 0, 0, 0, 0, 0, 0, 0, 0, 0, 0, 0, 0, 0, 0]	[0, 0, 0, 0, 0, 0, 0, 0, 0, 0, 0, 0, 0, 0, 0, 0, 0, 0, 0, 0, 0, 0, 0, 0, 0, 0, 0]	[0.00020179999410174787, 0.015051199996378273, 0.027885999996215105, 0.04483739999704994, 0.06148479999683332, 0.07830920000560582, 0.09492659999523312, 0.1114532999927178, 0.12832020000496414, 0.1450025999947684, 0.16166909999446943, 0.17820999999821652, 0.19485089999216143, 0.21145309999701567, 0.228149200003827, 0.24476839999260847, 0.26160759999766015, 0.2782104999932926, 0.29484360000060406, 0.3115107000048738, 0.32814860000507906, 0.3450903000048129, 0.3615328000014415, 0.37810889999673236, 0.394848700001603, 0.41131830000085756, 0.4279224000056274]	194.0	272.0	1.0	9b
548	14	go_nogo	0	60	6	go	click	[14.0, 14.0, 27.0, 61.0, 123.0, 147.0, 162.0, 171.0, 180.0, 184.0, 190.0, 197.0, 210.0, 222.0, 225.0, 226.0, 226.0, 226.0, 226.0, 226.0, 227.0, 227.0, 228.0, 228.0, 229.0, 229.0, 229.0, 229.0, 229.0, 229.0, 229.0]	[-276.0, -276.0, -242.0, -147.0, 15.0, 68.0, 99.0, 121.0, 139.0, 150.0, 164.0, 183.0, 207.0, 223.0, 228.0, 228.0, 229.0, 229.0, 229.0, 231.0, 235.0, 241.0, 244.0, 248.0, 253.0, 262.0, 276.0, 285.0, 287.0, 287.0, 287.0]	[0, 0, 0, 0, 0, 0, 0, 0, 0, 0, 0, 0, 0, 0, 0, 0, 0, 0, 0, 0, 0, 0, 0, 0, 0, 0, 0, 0, 0, 0, 1]	[0, 0, 0, 0, 0, 0, 0, 0, 0, 0, 0, 0, 0, 0, 0, 0, 0, 0, 0, 0, 0, 0, 0, 0, 0, 0, 0, 0, 0, 0, 0]	[0, 0, 0, 0, 0, 0, 0, 0, 0, 0, 0, 0, 0, 0, 0, 0, 0, 0, 0, 0, 0, 0, 0, 0, 0, 0, 0, 0, 0, 0, 0]	[0.00019669999892357737, 0.011742200003936887, 0.028076000002329238, 0.04502610000781715, 0.06212210000376217, 0.0782686000020476, 0.09514620000845753, 0.11188360000960529, 0.12819860001036432, 0.14515419999952428, 0.16157660000317264, 0.17821420000109356, 0.1950669000070775, 0.21177259999967646, 0.22854979999829084, 0.24514700000872836, 0.26157509999757167, 0.2782456999993883, 0.29491670000425074, 0.3115121000009822, 0.32845430000452325, 0.3447086000087438, 0.3615172999998322, 0.37832499999785796, 0.3947898000042187, 0.41168020000623073, 0.42819479999889154, 0.4452629000006709, 0.4614317000086885, 0.4779255000030389, 0.4947798000066541]	229.0	287.0	1.0	9b
549	14	go_nogo	0	60	4	go	click	[39.0, 39.0, 45.0, 68.0, 87.0, 109.0, 127.0, 141.0, 151.0, 158.0, 160.0, 160.0, 161.0, 163.0, 163.0, 163.0, 163.0, 163.0, 164.0, 171.0, 174.0, 175.0, 177.0, 178.0, 180.0, 181.0, 182.0, 182.0, 182.0]	[-248.0, -248.0, -217.0, -142.0, -84.0, -3.0, 48.0, 94.0, 129.0, 154.0, 167.0, 176.0, 186.0, 194.0, 197.0, 198.0, 199.0, 206.0, 212.0, 239.0, 253.0, 259.0, 264.0, 270.0, 276.0, 283.0, 284.0, 284.0, 284.0]	[0, 0, 0, 0, 0, 0, 0, 0, 0, 0, 0, 0, 0, 0, 0, 0, 0, 0, 0, 0, 0, 0, 0, 0, 0, 0, 0, 0, 1]	[0, 0, 0, 0, 0, 0, 0, 0, 0, 0, 0, 0, 0, 0, 0, 0, 0, 0, 0, 0, 0, 0, 0, 0, 0, 0, 0, 0, 0]	[0, 0, 0, 0, 0, 0, 0, 0, 0, 0, 0, 0, 0, 0, 0, 0, 0, 0, 0, 0, 0, 0, 0, 0, 0, 0, 0, 0, 0]	[0.00024310000299010426, 0.011627500003669411, 0.028118100002757274, 0.045129100006306544, 0.06157010000606533, 0.07804910000413656, 0.09466000000247732, 0.11208340000302996, 0.12855900000431575, 0.1447533000027761, 0.16156019999471027, 0.17802380000648554, 0.194750099995872, 0.21145930000056978, 0.2280105999961961, 0.24469269999826793, 0.2613805000000866, 0.2782104999932926, 0.2947050999937346, 0.3116487999941455, 0.3285961999936262, 0.3445830999989994, 0.36137779999990016, 0.37821229999826755, 0.3948229999950854, 0.41133930000069086, 0.4279589999932796, 0.4447022999956971, 0.46175380000204314]	182.0	284.0	0.5	9b
550	14	go_nogo	0	60	8	go	click	[53.0, 53.0, 58.0, 64.0, 72.0, 92.0, 115.0, 137.0, 151.0, 162.0, 170.0, 174.0, 178.0, 181.0, 182.0, 182.0, 182.0, 183.0, 184.0, 187.0, 189.0, 189.0, 191.0, 194.0, 195.0, 195.0, 195.0, 195.0, 195.0, 195.0, 195.0]	[-247.0, -247.0, -213.0, -156.0, -89.0, -41.0, 9.0, 48.0, 76.0, 97.0, 117.0, 130.0, 143.0, 152.0, 154.0, 154.0, 154.0, 158.0, 169.0, 184.0, 193.0, 204.0, 216.0, 237.0, 257.0, 270.0, 280.0, 287.0, 290.0, 290.0, 290.0]	[0, 0, 0, 0, 0, 0, 0, 0, 0, 0, 0, 0, 0, 0, 0, 0, 0, 0, 0, 0, 0, 0, 0, 0, 0, 0, 0, 0, 0, 0, 1]	[0, 0, 0, 0, 0, 0, 0, 0, 0, 0, 0, 0, 0, 0, 0, 0, 0, 0, 0, 0, 0, 0, 0, 0, 0, 0, 0, 0, 0, 0, 0]	[0, 0, 0, 0, 0, 0, 0, 0, 0, 0, 0, 0, 0, 0, 0, 0, 0, 0, 0, 0, 0, 0, 0, 0, 0, 0, 0, 0, 0, 0, 0]	[0.0002136999974027276, 0.01277660000778269, 0.02938890000223182, 0.04609290001098998, 0.06333390000509098, 0.07982480000646319, 0.09688490000553429, 0.11289109999779612, 0.12919720000354573, 0.14599859999725595, 0.16262270000879653, 0.17932730000757147, 0.19609500000660773, 0.21290379999845754, 0.22930880000058096, 0.2457808000035584, 0.2632257000077516, 0.2793258000019705, 0.2962305999972159, 0.31267540001135785, 0.32918339999741875, 0.34608380000281613, 0.3626853000023402, 0.3792253999999957, 0.3958982000040123, 0.41295300000638235, 0.4293785000045318, 0.4460737000044901, 0.46239549999882, 0.479034900010447, 0.4958696000103373]	195.0	290.0	0.7	9b
551	14	go_nogo	0	60	2	go	click	[48.0, 48.0, 56.0, 123.0, 150.0, 159.0, 168.0, 169.0, 169.0, 169.0, 169.0, 169.0, 169.0, 169.0, 169.0, 169.0, 169.0, 169.0, 169.0, 169.0, 169.0, 169.0]	[-178.0, -178.0, -108.0, 105.0, 217.0, 254.0, 287.0, 292.0, 293.0, 293.0, 293.0, 293.0, 293.0, 293.0, 293.0, 293.0, 293.0, 293.0, 293.0, 293.0, 293.0, 293.0]	[0, 0, 0, 0, 0, 0, 0, 0, 0, 0, 0, 0, 0, 0, 0, 0, 0, 0, 0, 0, 0, 1]	[0, 0, 0, 0, 0, 0, 0, 0, 0, 0, 0, 0, 0, 0, 0, 0, 0, 0, 0, 0, 0, 0]	[0, 0, 0, 0, 0, 0, 0, 0, 0, 0, 0, 0, 0, 0, 0, 0, 0, 0, 0, 0, 0, 0]	[0.0002697000018088147, 0.011799100000644103, 0.028187700008857064, 0.04499960000975989, 0.06165980000514537, 0.07831860000442248, 0.09513560000050347, 0.11152820001007058, 0.1279536000074586, 0.14471610001055524, 0.16132590000052005, 0.17790059999970254, 0.1945936999982223, 0.2112850000121398, 0.22805740000330843, 0.24462080000375863, 0.2613347000005888, 0.2781429000024218, 0.29488359999959357, 0.31167400001140777, 0.3281139000027906, 0.3449546000047121]	169.0	293.0	0.8	9b
552	14	go_nogo	0	60	3	go	click	[42.0, 42.0, 61.0, 109.0, 169.0, 220.0, 250.0, 254.0, 255.0, 255.0, 255.0, 255.0, 255.0, 255.0, 255.0, 255.0, 255.0, 255.0, 255.0, 255.0, 255.0, 255.0, 252.0, 244.0, 236.0, 230.0, 227.0, 227.0, 227.0, 227.0, 227.0]	[-243.0, -243.0, -186.0, -58.0, 87.0, 212.0, 299.0, 315.0, 319.0, 319.0, 319.0, 319.0, 319.0, 319.0, 319.0, 319.0, 319.0, 319.0, 319.0, 319.0, 319.0, 319.0, 317.0, 313.0, 307.0, 301.0, 300.0, 299.0, 299.0, 299.0, 299.0]	[0, 0, 0, 0, 0, 0, 0, 0, 0, 0, 0, 0, 0, 0, 0, 0, 0, 0, 0, 0, 0, 0, 0, 0, 0, 0, 0, 0, 0, 0, 1]	[0, 0, 0, 0, 0, 0, 0, 0, 0, 0, 0, 0, 0, 0, 0, 0, 0, 0, 0, 0, 0, 0, 0, 0, 0, 0, 0, 0, 0, 0, 0]	[0, 0, 0, 0, 0, 0, 0, 0, 0, 0, 0, 0, 0, 0, 0, 0, 0, 0, 0, 0, 0, 0, 0, 0, 0, 0, 0, 0, 0, 0, 0]	[0.00022489999537356198, 0.011989699996775016, 0.02839479999965988, 0.044994099996984005, 0.061784999998053536, 0.07861669998965226, 0.09515860000101384, 0.1121794999926351, 0.1283279999915976, 0.1449778999958653, 0.16162849999091122, 0.17837219999637455, 0.19519790000049397, 0.21162079999339767, 0.2282734999898821, 0.2449818999884883, 0.2614747999905376, 0.278402099997038, 0.29497299999638926, 0.31160479999380186, 0.3283416999911424, 0.3449499999987893, 0.36163879999367055, 0.3784116000024369, 0.3952298999938648, 0.41206059999240097, 0.42874570000276435, 0.44524499999533873, 0.46159009999246337, 0.47818399999232497, 0.4951015999977244]	227.0	299.0	1.0	9b
553	14	go_nogo	0	60	3	go	click	[94.0, 94.0, 116.0, 161.0, 219.0, 241.0, 255.0, 260.0, 261.0, 261.0, 261.0, 261.0, 261.0, 261.0, 261.0, 261.0, 261.0, 261.0, 261.0, 261.0, 261.0, 256.0, 249.0, 240.0, 228.0, 220.0, 215.0, 213.0, 213.0, 213.0, 213.0]	[-200.0, -200.0, -146.0, -18.0, 132.0, 199.0, 239.0, 262.0, 270.0, 271.0, 271.0, 271.0, 271.0, 271.0, 271.0, 271.0, 271.0, 271.0, 271.0, 271.0, 271.0, 273.0, 275.0, 276.0, 278.0, 278.0, 278.0, 278.0, 278.0, 278.0, 278.0]	[0, 0, 0, 0, 0, 0, 0, 0, 0, 0, 0, 0, 0, 0, 0, 0, 0, 0, 0, 0, 0, 0, 0, 0, 0, 0, 0, 0, 0, 0, 1]	[0, 0, 0, 0, 0, 0, 0, 0, 0, 0, 0, 0, 0, 0, 0, 0, 0, 0, 0, 0, 0, 0, 0, 0, 0, 0, 0, 0, 0, 0, 0]	[0, 0, 0, 0, 0, 0, 0, 0, 0, 0, 0, 0, 0, 0, 0, 0, 0, 0, 0, 0, 0, 0, 0, 0, 0, 0, 0, 0, 0, 0, 0]	[0.0003392999933566898, 0.011795200000051409, 0.02843330000177957, 0.04512870000326075, 0.06159440000192262, 0.07823709999502171, 0.09528649999992922, 0.11176430000341497, 0.12827469999319874, 0.1448723999928916, 0.16169039999658708, 0.17806459999701474, 0.1948015999951167, 0.21152579999761656, 0.22829679999267682, 0.24495150000439025, 0.26160800000070594, 0.2783957000065129, 0.2948521000071196, 0.3115756000042893, 0.32887870000558905, 0.34500390000175685, 0.36149290000321344, 0.3782850999996299, 0.395089800003916, 0.4118589999998221, 0.42823889999999665, 0.44484389999706764, 0.4614309000025969, 0.4781453000032343, 0.49522510000679176]	213.0	278.0	0.9	9b
554	14	go_nogo	0	60	1	nogo	none	[68.0, 68.0, 96.0, 122.0, 144.0, 165.0, 173.0, 176.0, 177.0, 178.0, 179.0, 180.0, 182.0, 183.0, 183.0, 184.0, 184.0, 184.0, 186.0, 189.0, 193.0, 196.0, 196.0, 196.0, 196.0, 196.0, 196.0, 196.0, 196.0, 196.0, 196.0, 196.0, 196.0, 196.0, 196.0, 196.0, 196.0, 196.0, 196.0, 196.0, 196.0, 196.0, 196.0, 196.0, 196.0, 196.0, 196.0, 196.0, 196.0, 196.0, 196.0, 196.0, 196.0, 196.0, 196.0, 196.0, 196.0, 196.0, 196.0, 196.0, 196.0, 196.0, 196.0, 196.0, 196.0, 196.0]	[-168.0, -168.0, -81.0, 1.0, 68.0, 123.0, 150.0, 160.0, 164.0, 167.0, 170.0, 176.0, 185.0, 189.0, 189.0, 190.0, 191.0, 194.0, 202.0, 218.0, 234.0, 243.0, 249.0, 251.0, 251.0, 251.0, 251.0, 251.0, 251.0, 251.0, 251.0, 251.0, 251.0, 251.0, 251.0, 251.0, 251.0, 251.0, 251.0, 251.0, 251.0, 251.0, 251.0, 251.0, 251.0, 251.0, 251.0, 251.0, 251.0, 251.0, 251.0, 251.0, 251.0, 251.0, 251.0, 251.0, 251.0, 251.0, 251.0, 251.0, 251.0, 251.0, 251.0, 251.0, 251.0, 251.0]	[0, 0, 0, 0, 0, 0, 0, 0, 0, 0, 0, 0, 0, 0, 0, 0, 0, 0, 0, 0, 0, 0, 0, 0, 0, 0, 0, 0, 0, 0, 0, 0, 0, 0, 0, 0, 0, 0, 0, 0, 0, 0, 0, 0, 0, 0, 0, 0, 0, 0, 0, 0, 0, 0, 0, 0, 0, 0, 0, 0, 0, 0, 0, 0, 0, 0]	[0, 0, 0, 0, 0, 0, 0, 0, 0, 0, 0, 0, 0, 0, 0, 0, 0, 0, 0, 0, 0, 0, 0, 0, 0, 0, 0, 0, 0, 0, 0, 0, 0, 0, 0, 0, 0, 0, 0, 0, 0, 0, 0, 0, 0, 0, 0, 0, 0, 0, 0, 0, 0, 0, 0, 0, 0, 0, 0, 0, 0, 0, 0, 0, 0, 0]	[0, 0, 0, 0, 0, 0, 0, 0, 0, 0, 0, 0, 0, 0, 0, 0, 0, 0, 0, 0, 0, 0, 0, 0, 0, 0, 0, 0, 0, 0, 0, 0, 0, 0, 0, 0, 0, 0, 0, 0, 0, 0, 0, 0, 0, 0, 0, 0, 0, 0, 0, 0, 0, 0, 0, 0, 0, 0, 0, 0, 0, 0, 0, 0, 0, 0]	[0.00023639999562874436, 0.0124121999979252, 0.02887639999971725, 0.04562959999020677, 0.062317599993548356, 0.07889079999586102, 0.09544279999681748, 0.11224489999585785, 0.12912389999837615, 0.14559620000363793, 0.16228839999530464, 0.1789915999979712, 0.19591460000083316, 0.21221779999905266, 0.22926449999795295, 0.24567229999229312, 0.26215769999544136, 0.27879460000258405, 0.295455999992555, 0.31209710000257473, 0.32878909999271855, 0.3454972000035923, 0.3621485999901779, 0.3786530999932438, 0.39539769999100827, 0.41199280000000726, 0.42862269999750424, 0.44531999999890104, 0.4620050999947125, 0.47911430000385735, 0.4952666000026511, 0.512031799997203, 0.5289111000020057, 0.5453362999978708, 0.5619683999975678, 0.5786294999998063, 0.5952887000021292, 0.6122663999994984, 0.6288568000018131, 0.6453677999961656, 0.6620401999971364, 0.6789095999993151, 0.6953770999971312, 0.7119191999954637, 0.7286060999904294, 0.74522139999317, 0.7621891000017058, 0.7786524999974063, 0.79541700000118, 0.8118988999922294, 0.8286059999954887, 0.8453343000001041, 0.8620816000038758, 0.8787003000034019, 0.895242300000973, 0.9119356000010157, 0.9285856999922544, 0.9451238000037847, 0.9617426999902818, 0.9784741000039503, 0.9951625999965472, 1.0118440999940503, 1.028582799990545, 1.0451468999963254, 1.06216570000106, 1.0787533999973675]	n/a	n/a	0.9	9b
555	14	go_nogo	0	60	7	go	click	[58.0, 58.0, 84.0, 118.0, 147.0, 172.0, 194.0, 207.0, 213.0, 215.0, 215.0, 216.0, 216.0, 216.0, 217.0, 217.0, 217.0, 217.0, 217.0, 217.0, 217.0, 217.0, 217.0, 217.0, 217.0, 217.0, 217.0, 217.0, 217.0, 217.0, 217.0, 216.0, 213.0, 212.0, 210.0, 209.0, 209.0, 209.0, 209.0]	[-244.0, -244.0, -165.0, -70.0, 17.0, 84.0, 147.0, 193.0, 220.0, 231.0, 238.0, 240.0, 243.0, 247.0, 248.0, 248.0, 248.0, 248.0, 248.0, 248.0, 248.0, 248.0, 248.0, 248.0, 248.0, 248.0, 248.0, 248.0, 248.0, 248.0, 249.0, 255.0, 262.0, 270.0, 276.0, 280.0, 281.0, 281.0, 281.0]	[0, 0, 0, 0, 0, 0, 0, 0, 0, 0, 0, 0, 0, 0, 0, 0, 0, 0, 0, 0, 0, 0, 0, 0, 1, 1, 1, 1, 0, 0, 0, 0, 0, 0, 0, 0, 0, 0, 1]	[0, 0, 0, 0, 0, 0, 0, 0, 0, 0, 0, 0, 0, 0, 0, 0, 0, 0, 0, 0, 0, 0, 0, 0, 0, 0, 0, 0, 0, 0, 0, 0, 0, 0, 0, 0, 0, 0, 0]	[0, 0, 0, 0, 0, 0, 0, 0, 0, 0, 0, 0, 0, 0, 0, 0, 0, 0, 0, 0, 0, 0, 0, 0, 0, 0, 0, 0, 0, 0, 0, 0, 0, 0, 0, 0, 0, 0, 0]	[0.00021159999596420676, 0.011469799996120855, 0.0277763999911258, 0.04475770000135526, 0.06141799999750219, 0.07840719999512658, 0.09476100000028964, 0.11135799999465235, 0.1284579999919515, 0.14461750000191387, 0.16132549999747425, 0.17793189999065362, 0.19460619999154005, 0.21143099998880643, 0.22765449999133125, 0.24448449999908917, 0.2610673999879509, 0.2779900999885285, 0.2946291999978712, 0.3112958999990951, 0.3280759999906877, 0.3445598999969661, 0.3611860999953933, 0.37808869998843875, 0.39479140000185, 0.4112874999991618, 0.42782689999148715, 0.44506990000081714, 0.4612206000019796, 0.47787209998932667, 0.4945794999948703, 0.5112195999972755, 0.528045099999872, 0.5445169000013266, 0.5611712999962037, 0.5779752999951597, 0.594344999990426, 0.6108363999956055, 0.6284554000012577]	209.0	281.0	0.9	9b
556	14	go_nogo	0	60	1	nogo	none	[61.0, 61.0, 72.0, 113.0, 142.0, 164.0, 174.0, 180.0, 183.0, 185.0, 185.0, 185.0, 185.0, 185.0, 186.0, 187.0, 191.0, 194.0, 196.0, 199.0, 200.0, 200.0, 200.0, 200.0, 200.0, 200.0, 200.0, 200.0, 200.0, 200.0, 200.0, 200.0, 200.0, 200.0, 200.0, 200.0, 200.0, 200.0, 200.0, 200.0, 200.0, 200.0, 200.0, 200.0, 200.0, 200.0, 200.0, 200.0, 200.0, 200.0, 200.0, 200.0, 200.0, 200.0, 200.0, 200.0, 200.0, 200.0, 200.0, 200.0, 200.0, 200.0, 200.0]	[-164.0, -164.0, -108.0, 46.0, 144.0, 210.0, 248.0, 271.0, 279.0, 282.0, 283.0, 284.0, 285.0, 288.0, 290.0, 296.0, 307.0, 320.0, 333.0, 341.0, 344.0, 344.0, 344.0, 344.0, 344.0, 344.0, 344.0, 344.0, 344.0, 344.0, 344.0, 344.0, 344.0, 344.0, 344.0, 344.0, 344.0, 344.0, 344.0, 344.0, 344.0, 344.0, 344.0, 344.0, 344.0, 344.0, 344.0, 344.0, 344.0, 344.0, 344.0, 344.0, 344.0, 344.0, 344.0, 344.0, 344.0, 344.0, 344.0, 344.0, 344.0, 344.0, 344.0]	[0, 0, 0, 0, 0, 0, 0, 0, 0, 0, 0, 0, 0, 0, 0, 0, 0, 0, 0, 0, 0, 0, 0, 0, 0, 0, 0, 0, 0, 0, 0, 0, 0, 0, 0, 0, 0, 0, 0, 0, 0, 0, 0, 0, 0, 0, 0, 0, 0, 0, 0, 0, 0, 0, 0, 0, 0, 0, 0, 0, 0, 0, 0]	[0, 0, 0, 0, 0, 0, 0, 0, 0, 0, 0, 0, 0, 0, 0, 0, 0, 0, 0, 0, 0, 0, 0, 0, 0, 0, 0, 0, 0, 0, 0, 0, 0, 0, 0, 0, 0, 0, 0, 0, 0, 0, 0, 0, 0, 0, 0, 0, 0, 0, 0, 0, 0, 0, 0, 0, 0, 0, 0, 0, 0, 0, 0]	[0, 0, 0, 0, 0, 0, 0, 0, 0, 0, 0, 0, 0, 0, 0, 0, 0, 0, 0, 0, 0, 0, 0, 0, 0, 0, 0, 0, 0, 0, 0, 0, 0, 0, 0, 0, 0, 0, 0, 0, 0, 0, 0, 0, 0, 0, 0, 0, 0, 0, 0, 0, 0, 0, 0, 0, 0, 0, 0, 0, 0, 0, 0]	[0.0002170000079786405, 0.012047900003381073, 0.028447799995774403, 0.04526939999777824, 0.062040600008913316, 0.07859970000572503, 0.09533910000754986, 0.11200130000361241, 0.1285753999982262, 0.14530550000199582, 0.16174640000099316, 0.17872370000986848, 0.19544300000416115, 0.21185190000687726, 0.22841419999895152, 0.24534290000156034, 0.2621203000016976, 0.2784756000037305, 0.29523499999777414, 0.3117540000093868, 0.32847900000342634, 0.3449103000020841, 0.36172919999808073, 0.3785490000009304, 0.39506720000645146, 0.4118583000090439, 0.4285087000025669, 0.4448661000060383, 0.4614635000034468, 0.4781943999987561, 0.494763900001999, 0.5113933999964502, 0.5282673000037903, 0.5449297000013757, 0.5614862000074936, 0.5780360000062501, 0.5949472000065725, 0.6113617000082741, 0.6280809000018053, 0.6448173000098905, 0.6614122000028146, 0.6781362000037916, 0.6947825999959605, 0.7114609999989625, 0.72814500000095, 0.7450355000037234, 0.7615756000013789, 0.7781924000009894, 0.7946365999960108, 0.8114318000007188, 0.8279410999966785, 0.8446575999987544, 0.8613675000087824, 0.87798630000907, 0.8947122999961721, 0.9116031000012299, 0.928207899996778, 0.9448244000086561, 0.9613375000044471, 0.9780558000056772, 0.9947136999981012, 1.011515899997903, 1.028022400001646]	n/a	n/a	0.9	9b
557	14	go_nogo	0	60	4	go	click	[47.0, 47.0, 61.0, 84.0, 109.0, 142.0, 154.0, 160.0, 163.0, 164.0, 166.0, 169.0, 173.0, 175.0, 176.0, 176.0, 176.0, 176.0, 176.0, 176.0, 178.0, 181.0, 184.0, 186.0, 187.0, 187.0, 188.0, 189.0, 189.0, 189.0, 189.0]	[-210.0, -210.0, -169.0, -98.0, -27.0, 69.0, 106.0, 127.0, 140.0, 150.0, 159.0, 170.0, 183.0, 193.0, 196.0, 196.0, 196.0, 196.0, 196.0, 199.0, 208.0, 223.0, 236.0, 245.0, 252.0, 259.0, 265.0, 270.0, 271.0, 271.0, 271.0]	[0, 0, 0, 0, 0, 0, 0, 0, 0, 0, 0, 0, 0, 0, 0, 0, 0, 0, 0, 0, 0, 0, 0, 0, 0, 0, 0, 0, 0, 0, 1]	[0, 0, 0, 0, 0, 0, 0, 0, 0, 0, 0, 0, 0, 0, 0, 0, 0, 0, 0, 0, 0, 0, 0, 0, 0, 0, 0, 0, 0, 0, 0]	[0, 0, 0, 0, 0, 0, 0, 0, 0, 0, 0, 0, 0, 0, 0, 0, 0, 0, 0, 0, 0, 0, 0, 0, 0, 0, 0, 0, 0, 0, 0]	[0.0002530000056140125, 0.010869100005947985, 0.02730469999369234, 0.04383450000023004, 0.06068969999614637, 0.07725489999575075, 0.0940586000069743, 0.11061020000488497, 0.1273323000059463, 0.14403500000480562, 0.1610928000009153, 0.17737099999794737, 0.19412040000315756, 0.21068129999912344, 0.22717040000134148, 0.24389519999385811, 0.26041190000250936, 0.27737149999302346, 0.2946407999988878, 0.3107721999986097, 0.32734370000252966, 0.3439327999949455, 0.36036710000189487, 0.3775294999941252, 0.3938575999927707, 0.41049399999610614, 0.42712350000510924, 0.4439669999992475, 0.4603986000001896, 0.4771894000004977, 0.49431900000490714]	189.0	271.0	0.5	9b
558	14	go_nogo	0	60	4	go	click	[51.0, 51.0, 85.0, 122.0, 161.0, 193.0, 206.0, 212.0, 216.0, 218.0, 218.0, 218.0, 218.0, 218.0, 218.0, 218.0, 218.0, 218.0, 218.0, 218.0, 218.0, 218.0]	[-235.0, -235.0, -133.0, -3.0, 116.0, 200.0, 247.0, 274.0, 289.0, 297.0, 299.0, 300.0, 300.0, 300.0, 300.0, 300.0, 300.0, 300.0, 300.0, 300.0, 300.0, 300.0]	[0, 0, 0, 0, 0, 0, 0, 0, 0, 0, 0, 0, 0, 0, 0, 0, 0, 0, 0, 0, 0, 1]	[0, 0, 0, 0, 0, 0, 0, 0, 0, 0, 0, 0, 0, 0, 0, 0, 0, 0, 0, 0, 0, 0]	[0, 0, 0, 0, 0, 0, 0, 0, 0, 0, 0, 0, 0, 0, 0, 0, 0, 0, 0, 0, 0, 0]	[0.00029429999995045364, 0.012571199986268766, 0.029838599992217496, 0.04587599998922087, 0.06250569999974687, 0.07909299999300856, 0.09580939999432303, 0.11269599999650382, 0.12922459999390412, 0.14583439999842085, 0.16255939999246038, 0.1789174000005005, 0.19584079999185633, 0.2123420999996597, 0.22902669999166392, 0.24569539999356493, 0.2625695999886375, 0.2790420999954222, 0.2956912999943597, 0.31230439999490045, 0.32903959999384824, 0.3460742999886861]	218.0	300.0	0.5	9b
559	14	go_nogo	0	60	7	go	click	[35.0, 35.0, 59.0, 80.0, 97.0, 112.0, 126.0, 141.0, 152.0, 162.0, 175.0, 177.0, 178.0, 178.0, 178.0, 178.0, 178.0, 178.0, 179.0, 179.0, 179.0, 180.0, 181.0, 182.0, 182.0, 182.0]	[-246.0, -246.0, -160.0, -83.0, -26.0, 24.0, 67.0, 116.0, 164.0, 198.0, 234.0, 244.0, 248.0, 251.0, 252.0, 252.0, 252.0, 252.0, 252.0, 252.0, 252.0, 257.0, 262.0, 264.0, 264.0, 264.0]	[0, 0, 0, 0, 0, 0, 0, 0, 0, 0, 0, 0, 0, 0, 0, 0, 0, 0, 0, 0, 0, 0, 0, 0, 0, 1]	[0, 0, 0, 0, 0, 0, 0, 0, 0, 0, 0, 0, 0, 0, 0, 0, 0, 0, 0, 0, 0, 0, 0, 0, 0, 0]	[0, 0, 0, 0, 0, 0, 0, 0, 0, 0, 0, 0, 0, 0, 0, 0, 0, 0, 0, 0, 0, 0, 0, 0, 0, 0]	[9.460000728722662e-05, 0.011682199998176657, 0.028066400001989678, 0.04478260000178125, 0.061704500010819174, 0.0781394000077853, 0.09491110000817571, 0.1115301000099862, 0.12810159999935422, 0.14510429999791086, 0.16178940000827424, 0.17822860000887886, 0.19553199999791104, 0.21172640001168475, 0.22792470001149923, 0.24459200000273995, 0.26123119999829214, 0.2784916000091471, 0.2947158000024501, 0.3111592000059318, 0.32878740000887774, 0.3445793999999296, 0.36134319999837317, 0.37817480000376236, 0.39460630000394303, 0.41180780000286177]	183.0	264.0	0.8	9b
560	14	go_nogo	0	60	7	go	click	[13.0, 25.0, 40.0, 68.0, 99.0, 123.0, 142.0, 163.0, 177.0, 187.0, 194.0, 202.0, 207.0, 211.0, 212.0, 213.0, 213.0, 213.0, 216.0, 217.0, 217.0, 217.0, 217.0, 217.0, 217.0]	[-292.0, -255.0, -210.0, -112.0, -17.0, 64.0, 119.0, 186.0, 226.0, 255.0, 276.0, 294.0, 307.0, 317.0, 322.0, 324.0, 324.0, 324.0, 330.0, 333.0, 334.0, 334.0, 334.0, 334.0, 334.0]	[0, 0, 0, 0, 0, 0, 0, 0, 0, 0, 0, 0, 0, 0, 0, 0, 0, 0, 0, 0, 0, 0, 0, 0, 1]	[0, 0, 0, 0, 0, 0, 0, 0, 0, 0, 0, 0, 0, 0, 0, 0, 0, 0, 0, 0, 0, 0, 0, 0, 0]	[0, 0, 0, 0, 0, 0, 0, 0, 0, 0, 0, 0, 0, 0, 0, 0, 0, 0, 0, 0, 0, 0, 0, 0, 0]	[0.00011039999662898481, 0.013011299990466796, 0.029516899987356737, 0.04603909999423195, 0.06275839998852462, 0.0794160999939777, 0.09616909999749623, 0.11320799999521114, 0.12951600000087637, 0.14604789999430068, 0.16272110000136308, 0.18100319999211933, 0.19611239999358077, 0.2126469999930123, 0.22929869999643415, 0.24590819999866653, 0.26260579998779576, 0.27954469999531284, 0.2959483000013279, 0.31265919998986647, 0.3290336999925785, 0.34582339999906253, 0.36264769999252167, 0.3792679999896791, 0.39621799999440555]	217.0	334.0	1.0	9b
561	14	go_nogo	0	60	2	go	click	[28.0, 28.0, 48.0, 78.0, 118.0, 161.0, 195.0, 220.0, 234.0, 241.0, 244.0, 245.0, 246.0, 246.0, 246.0, 246.0, 246.0, 246.0, 246.0, 246.0, 247.0, 247.0, 247.0, 247.0, 247.0, 247.0, 243.0, 240.0, 237.0, 233.0, 232.0, 231.0, 231.0, 231.0, 231.0]	[-267.0, -267.0, -198.0, -114.0, -10.0, 98.0, 197.0, 254.0, 287.0, 307.0, 313.0, 316.0, 317.0, 317.0, 317.0, 317.0, 317.0, 317.0, 317.0, 318.0, 320.0, 321.0, 321.0, 321.0, 321.0, 321.0, 321.0, 321.0, 320.0, 318.0, 317.0, 317.0, 317.0, 317.0, 317.0]	[0, 0, 0, 0, 0, 0, 0, 0, 0, 0, 0, 0, 0, 0, 0, 0, 0, 0, 0, 0, 0, 0, 0, 0, 0, 0, 0, 0, 0, 0, 0, 0, 0, 0, 1]	[0, 0, 0, 0, 0, 0, 0, 0, 0, 0, 0, 0, 0, 0, 0, 0, 0, 0, 0, 0, 0, 0, 0, 0, 0, 0, 0, 0, 0, 0, 0, 0, 0, 0, 0]	[0, 0, 0, 0, 0, 0, 0, 0, 0, 0, 0, 0, 0, 0, 0, 0, 0, 0, 0, 0, 0, 0, 0, 0, 0, 0, 0, 0, 0, 0, 0, 0, 0, 0, 0]	[0.0001036000030580908, 0.009809099996346049, 0.02680940000573173, 0.04293090000282973, 0.059459600000991486, 0.07612369999696966, 0.09292520000599325, 0.10944680000829976, 0.12640660000033677, 0.14286780000838917, 0.15965509999659844, 0.1763238999992609, 0.19281469999987166, 0.20955770000000484, 0.22609740000916645, 0.2426945000042906, 0.25950830000510905, 0.2762069000018528, 0.2928836000064621, 0.309373099997174, 0.3260574000014458, 0.3424643000034848, 0.35916079999879, 0.3760716999968281, 0.3924935999966692, 0.41002530000696424, 0.4263746000069659, 0.44293269999616314, 0.45974249999562744, 0.47632899999734946, 0.49325870000757277, 0.5093973000039114, 0.5258079000050202, 0.542512700005318, 0.559533100007684]	231.0	317.0	0.6	9b
562	14	go_nogo	0	60	6	go	click	[25.0, 34.0, 46.0, 79.0, 115.0, 144.0, 162.0, 175.0, 180.0, 181.0, 182.0, 185.0, 189.0, 191.0, 194.0, 195.0, 196.0, 198.0, 200.0, 204.0, 207.0, 208.0, 209.0, 209.0, 209.0, 209.0, 209.0]	[-253.0, -213.0, -172.0, -80.0, 8.0, 77.0, 118.0, 147.0, 165.0, 170.0, 177.0, 186.0, 201.0, 214.0, 219.0, 225.0, 230.0, 236.0, 246.0, 257.0, 268.0, 272.0, 273.0, 273.0, 273.0, 273.0, 273.0]	[0, 0, 0, 0, 0, 0, 0, 0, 0, 0, 0, 0, 0, 0, 0, 0, 0, 0, 0, 0, 0, 0, 0, 0, 0, 0, 1]	[0, 0, 0, 0, 0, 0, 0, 0, 0, 0, 0, 0, 0, 0, 0, 0, 0, 0, 0, 0, 0, 0, 0, 0, 0, 0, 0]	[0, 0, 0, 0, 0, 0, 0, 0, 0, 0, 0, 0, 0, 0, 0, 0, 0, 0, 0, 0, 0, 0, 0, 0, 0, 0, 0]	[0.00010720000136643648, 0.011431099992478266, 0.027832299994770437, 0.044541999988723546, 0.06140609999420121, 0.07790589999058284, 0.09442329999001231, 0.111515500000678, 0.1282546000002185, 0.14500789999146946, 0.16138819999468978, 0.1777754999930039, 0.19445759999507573, 0.21110989998851437, 0.22783740000159014, 0.24588639999274164, 0.2613579999888316, 0.2781747999979416, 0.29473609999695327, 0.3114482999953907, 0.3279012999992119, 0.34440279999398626, 0.36104340000019874, 0.37782889998925384, 0.3945965999882901, 0.41148799999791663, 0.42830069999035913]	209.0	273.0	0.7	9b
563	14	go_nogo	0	60	3	go	click	[34.0, 34.0, 50.0, 91.0, 137.0, 200.0, 221.0, 225.0, 227.0, 230.0, 231.0, 234.0, 235.0, 235.0, 236.0, 236.0, 236.0, 236.0, 236.0, 236.0, 236.0, 236.0, 236.0, 236.0, 235.0, 233.0, 231.0, 227.0, 222.0, 217.0, 215.0, 214.0, 214.0, 214.0]	[-261.0, -261.0, -208.0, -101.0, 5.0, 156.0, 225.0, 258.0, 280.0, 301.0, 315.0, 325.0, 334.0, 343.0, 349.0, 350.0, 350.0, 350.0, 350.0, 350.0, 350.0, 351.0, 351.0, 351.0, 351.0, 351.0, 346.0, 340.0, 324.0, 307.0, 295.0, 293.0, 292.0, 292.0]	[0, 0, 0, 0, 0, 0, 0, 0, 0, 0, 0, 0, 0, 0, 0, 0, 0, 0, 0, 0, 0, 0, 0, 0, 0, 0, 0, 0, 0, 0, 0, 0, 0, 1]	[0, 0, 0, 0, 0, 0, 0, 0, 0, 0, 0, 0, 0, 0, 0, 0, 0, 0, 0, 0, 0, 0, 0, 0, 0, 0, 0, 0, 0, 0, 0, 0, 0, 0]	[0, 0, 0, 0, 0, 0, 0, 0, 0, 0, 0, 0, 0, 0, 0, 0, 0, 0, 0, 0, 0, 0, 0, 0, 0, 0, 0, 0, 0, 0, 0, 0, 0, 0]	[0.0002153999957954511, 0.010651499993400648, 0.027296299987938255, 0.04406999998900574, 0.06076480000047013, 0.07775469998887274, 0.09406879999733064, 0.11095479999494273, 0.12751310000021476, 0.14417289999255445, 0.16112829999474343, 0.177563299992471, 0.19403099999180995, 0.21074499998940155, 0.22747589999926277, 0.24376979999942705, 0.2603887000004761, 0.2771991999907186, 0.2939176999934716, 0.31030009999813046, 0.3273202999989735, 0.3436078999948222, 0.36049539998930413, 0.37748629999987315, 0.39411209999525454, 0.4106096999894362, 0.42726509999192785, 0.4439583999919705, 0.4608529999968596, 0.47728859999915585, 0.49394819998997264, 0.5106797999906121, 0.5271962999977404, 0.5442470999987563]	214.0	292.0	0.8	9b
564	14	go_nogo	0	60	3	go	click	[38.0, 38.0, 71.0, 101.0, 121.0, 134.0, 141.0, 144.0, 147.0, 150.0, 152.0, 154.0, 157.0, 159.0, 159.0, 159.0, 160.0, 160.0, 160.0, 160.0, 160.0, 160.0, 160.0, 160.0, 160.0, 160.0]	[-236.0, -236.0, -110.0, 11.0, 95.0, 148.0, 187.0, 213.0, 236.0, 247.0, 258.0, 268.0, 277.0, 284.0, 285.0, 285.0, 285.0, 285.0, 285.0, 285.0, 285.0, 285.0, 285.0, 285.0, 285.0, 285.0]	[0, 0, 0, 0, 0, 0, 0, 0, 0, 0, 0, 0, 0, 0, 0, 0, 0, 0, 0, 0, 0, 0, 0, 0, 0, 1]	[0, 0, 0, 0, 0, 0, 0, 0, 0, 0, 0, 0, 0, 0, 0, 0, 0, 0, 0, 0, 0, 0, 0, 0, 0, 0]	[0, 0, 0, 0, 0, 0, 0, 0, 0, 0, 0, 0, 0, 0, 0, 0, 0, 0, 0, 0, 0, 0, 0, 0, 0, 0]	[0.0001601999974809587, 0.01147879999189172, 0.028033599999616854, 0.045727599994279444, 0.06133609999960754, 0.07795120000082534, 0.09470669999427628, 0.11190479999640957, 0.1282407999970019, 0.14479500000015832, 0.1615557000041008, 0.17815690000134055, 0.19548249999934342, 0.2113554999959888, 0.22791139999753796, 0.2450648999947589, 0.261447800003225, 0.2781622000038624, 0.29466790000151377, 0.31132229999639094, 0.3278950999956578, 0.3444565999961924, 0.3611151999939466, 0.37788949999958277, 0.39449360000435263, 0.4117071999935433]	160.0	285.0	0.7	9b
565	14	go_nogo	0	60	1	nogo	none	[9.0, 9.0, 14.0, 27.0, 77.0, 115.0, 150.0, 178.0, 194.0, 202.0, 208.0, 212.0, 215.0, 217.0, 217.0, 218.0, 220.0, 223.0, 225.0, 227.0, 228.0, 229.0, 229.0, 230.0, 230.0, 230.0, 230.0, 230.0, 230.0, 230.0, 230.0, 230.0, 230.0, 230.0, 230.0, 230.0, 230.0, 230.0, 230.0, 230.0, 230.0, 230.0, 230.0, 230.0, 230.0, 230.0, 230.0, 230.0, 230.0, 230.0, 230.0, 230.0, 230.0, 230.0, 230.0, 230.0, 230.0, 230.0, 230.0, 230.0, 230.0, 230.0, 229.0]	[-200.0, -200.0, -138.0, -29.0, 128.0, 216.0, 283.0, 334.0, 356.0, 369.0, 374.0, 380.0, 383.0, 384.0, 384.0, 384.0, 384.0, 384.0, 384.0, 384.0, 384.0, 383.0, 383.0, 381.0, 381.0, 381.0, 381.0, 381.0, 381.0, 381.0, 381.0, 381.0, 381.0, 381.0, 381.0, 381.0, 381.0, 381.0, 381.0, 381.0, 381.0, 381.0, 381.0, 381.0, 381.0, 381.0, 381.0, 381.0, 381.0, 381.0, 381.0, 381.0, 381.0, 381.0, 381.0, 381.0, 381.0, 381.0, 381.0, 381.0, 381.0, 380.0, 380.0]	[0, 0, 0, 0, 0, 0, 0, 0, 0, 0, 0, 0, 0, 0, 0, 0, 0, 0, 0, 0, 0, 0, 0, 0, 0, 0, 0, 0, 0, 0, 0, 0, 0, 0, 0, 0, 0, 0, 0, 0, 0, 0, 0, 0, 0, 0, 0, 0, 0, 0, 0, 0, 0, 0, 0, 0, 0, 0, 0, 0, 0, 0, 0]	[0, 0, 0, 0, 0, 0, 0, 0, 0, 0, 0, 0, 0, 0, 0, 0, 0, 0, 0, 0, 0, 0, 0, 0, 0, 0, 0, 0, 0, 0, 0, 0, 0, 0, 0, 0, 0, 0, 0, 0, 0, 0, 0, 0, 0, 0, 0, 0, 0, 0, 0, 0, 0, 0, 0, 0, 0, 0, 0, 0, 0, 0, 0]	[0, 0, 0, 0, 0, 0, 0, 0, 0, 0, 0, 0, 0, 0, 0, 0, 0, 0, 0, 0, 0, 0, 0, 0, 0, 0, 0, 0, 0, 0, 0, 0, 0, 0, 0, 0, 0, 0, 0, 0, 0, 0, 0, 0, 0, 0, 0, 0, 0, 0, 0, 0, 0, 0, 0, 0, 0, 0, 0, 0, 0, 0, 0]	[0.00018590000399854034, 0.011567100009415299, 0.028274900003452785, 0.045322300007683225, 0.06183450001117308, 0.07864720000361558, 0.09489500000199769, 0.11166780001076404, 0.12801670000771992, 0.14473160001216456, 0.16135240001312923, 0.1780608000117354, 0.19509960000868887, 0.21142260001215618, 0.22786600000108592, 0.24471330000960734, 0.2619342000107281, 0.2784982000011951, 0.2948536000039894, 0.3112076000106754, 0.3281398000108311, 0.34447380001074634, 0.3613785000052303, 0.3779532000044128, 0.394582500011893, 0.41127130000677425, 0.4281290000071749, 0.44466880000254605, 0.46127050000359304, 0.47777930001029745, 0.49450770000112243, 0.5112508000020171, 0.5279450000089128, 0.5445847000082722, 0.5613356000103522, 0.5779036000021733, 0.5947556000028271, 0.6116068000119412, 0.6278719000110868, 0.6446252000023378, 0.6612206000136212, 0.6787501000071643, 0.6946722000138834, 0.7112559000088368, 0.7280196000065189, 0.7445029000082286, 0.761151400001836, 0.7777298000000883, 0.7946170000068378, 0.8111602999997558, 0.8277505000005476, 0.8445496000058483, 0.8611329000123078, 0.8777072000084445, 0.8943520000029821, 0.9109199000085937, 0.9276198000006843, 0.9443661000113934, 0.9613189000083366, 0.9777196000068216, 0.9947887000016635, 1.0118607000040356, 1.027784400008386]	n/a	n/a	0.8	9b
566	14	go_nogo	0	60	4	go	click	[31.0, 31.0, 38.0, 53.0, 76.0, 102.0, 143.0, 162.0, 173.0, 181.0, 185.0, 187.0, 189.0, 190.0, 190.0, 190.0, 190.0, 190.0, 191.0, 192.0, 193.0, 193.0, 193.0, 193.0, 193.0]	[-260.0, -260.0, -224.0, -130.0, -25.0, 72.0, 192.0, 240.0, 267.0, 281.0, 288.0, 293.0, 298.0, 299.0, 299.0, 299.0, 299.0, 299.0, 299.0, 299.0, 299.0, 299.0, 299.0, 299.0, 299.0]	[0, 0, 0, 0, 0, 0, 0, 0, 0, 0, 0, 0, 0, 0, 0, 0, 0, 0, 0, 0, 0, 0, 0, 0, 1]	[0, 0, 0, 0, 0, 0, 0, 0, 0, 0, 0, 0, 0, 0, 0, 0, 0, 0, 0, 0, 0, 0, 0, 0, 0]	[0, 0, 0, 0, 0, 0, 0, 0, 0, 0, 0, 0, 0, 0, 0, 0, 0, 0, 0, 0, 0, 0, 0, 0, 0]	[0.00021660000493284315, 0.011295499993138947, 0.02775399999518413, 0.04460340000514407, 0.061385900000459515, 0.0779956000042148, 0.09509970000362955, 0.11168139999790583, 0.12851019999652635, 0.1447109000000637, 0.16136820000247099, 0.17812539999431465, 0.19464309999602847, 0.21152430000074673, 0.22800839999399614, 0.24441850000584964, 0.2612661000021035, 0.2779288000019733, 0.2943643000035081, 0.31139210000401363, 0.3276999999943655, 0.3444013999978779, 0.36115199999767356, 0.3777023000002373, 0.3948324999946635]	193.0	299.0	0.9	9b
567	14	go_nogo	0	60	8	go	click	[36.0, 36.0, 50.0, 69.0, 91.0, 112.0, 125.0, 131.0, 135.0, 138.0, 144.0, 152.0, 158.0, 161.0, 161.0, 161.0, 161.0, 161.0, 161.0, 163.0, 165.0, 167.0, 170.0, 175.0, 181.0, 186.0, 187.0, 187.0, 187.0, 187.0]	[-210.0, -210.0, -124.0, -47.0, 23.0, 79.0, 112.0, 135.0, 150.0, 159.0, 179.0, 197.0, 216.0, 224.0, 226.0, 226.0, 226.0, 226.0, 227.0, 230.0, 238.0, 246.0, 254.0, 272.0, 291.0, 301.0, 305.0, 305.0, 305.0, 305.0]	[0, 0, 0, 0, 0, 0, 0, 0, 0, 0, 0, 0, 0, 0, 0, 0, 0, 0, 0, 0, 0, 0, 0, 0, 0, 0, 0, 0, 0, 1]	[0, 0, 0, 0, 0, 0, 0, 0, 0, 0, 0, 0, 0, 0, 0, 0, 0, 0, 0, 0, 0, 0, 0, 0, 0, 0, 0, 0, 0, 0]	[0, 0, 0, 0, 0, 0, 0, 0, 0, 0, 0, 0, 0, 0, 0, 0, 0, 0, 0, 0, 0, 0, 0, 0, 0, 0, 0, 0, 0, 0]	[0.0001843999925768003, 0.011787199997343123, 0.027997199998935685, 0.044652500000665896, 0.061267099998076446, 0.07823009999992792, 0.09484989999327809, 0.11120020000089426, 0.12796329999400768, 0.14480890000413638, 0.16150509999715723, 0.17798649999895133, 0.1955143999948632, 0.21184509999875445, 0.22797959999297746, 0.24460989999352023, 0.26116690000344533, 0.2781729999987874, 0.29462109999440145, 0.3113320999982534, 0.32791520000318997, 0.3446655000007013, 0.3614629999938188, 0.37799759999325033, 0.3945157999987714, 0.4116762999910861, 0.4277836999972351, 0.44456930000160355, 0.4612192999920808, 0.47829149999597576]	187.0	305.0	0.5	9b
568	14	go_nogo	0	60	1	nogo	none	[40.0, 40.0, 52.0, 83.0, 134.0, 167.0, 193.0, 219.0, 234.0, 242.0, 247.0, 250.0, 251.0, 251.0, 252.0, 252.0, 252.0, 252.0, 252.0, 252.0, 252.0, 250.0, 245.0, 243.0, 238.0, 236.0, 235.0, 233.0, 233.0, 233.0, 233.0, 233.0, 233.0, 233.0, 233.0, 233.0, 233.0, 233.0, 233.0, 233.0, 233.0, 233.0, 233.0, 233.0, 233.0, 233.0, 233.0, 233.0, 233.0, 233.0, 233.0, 233.0, 233.0, 233.0, 233.0, 233.0, 233.0, 233.0, 233.0, 233.0, 233.0, 233.0, 233.0, 233.0, 233.0, 233.0, 233.0, 233.0, 233.0, 233.0]	[-242.0, -242.0, -201.0, -103.0, 39.0, 112.0, 173.0, 230.0, 268.0, 295.0, 312.0, 324.0, 330.0, 334.0, 335.0, 335.0, 335.0, 335.0, 335.0, 335.0, 335.0, 335.0, 334.0, 332.0, 329.0, 326.0, 324.0, 323.0, 322.0, 321.0, 321.0, 321.0, 321.0, 321.0, 321.0, 321.0, 321.0, 321.0, 321.0, 321.0, 321.0, 321.0, 321.0, 321.0, 321.0, 321.0, 321.0, 321.0, 321.0, 321.0, 321.0, 321.0, 321.0, 321.0, 321.0, 321.0, 321.0, 321.0, 321.0, 321.0, 321.0, 321.0, 321.0, 321.0, 321.0, 321.0, 321.0, 321.0, 321.0, 321.0]	[0, 0, 0, 0, 0, 0, 0, 0, 0, 0, 0, 0, 0, 0, 0, 0, 0, 0, 0, 0, 0, 0, 0, 0, 0, 0, 0, 0, 0, 0, 0, 0, 0, 0, 0, 0, 0, 0, 0, 0, 0, 0, 0, 0, 0, 0, 0, 0, 0, 0, 0, 0, 0, 0, 0, 0, 0, 0, 0, 0, 0, 0, 0, 0, 0, 0, 0, 0, 0, 0]	[0, 0, 0, 0, 0, 0, 0, 0, 0, 0, 0, 0, 0, 0, 0, 0, 0, 0, 0, 0, 0, 0, 0, 0, 0, 0, 0, 0, 0, 0, 0, 0, 0, 0, 0, 0, 0, 0, 0, 0, 0, 0, 0, 0, 0, 0, 0, 0, 0, 0, 0, 0, 0, 0, 0, 0, 0, 0, 0, 0, 0, 0, 0, 0, 0, 0, 0, 0, 0, 0]	[0, 0, 0, 0, 0, 0, 0, 0, 0, 0, 0, 0, 0, 0, 0, 0, 0, 0, 0, 0, 0, 0, 0, 0, 0, 0, 0, 0, 0, 0, 0, 0, 0, 0, 0, 0, 0, 0, 0, 0, 0, 0, 0, 0, 0, 0, 0, 0, 0, 0, 0, 0, 0, 0, 0, 0, 0, 0, 0, 0, 0, 0, 0, 0, 0, 0, 0, 0, 0, 0]	[0.0001981999957934022, 0.011542199994437397, 0.028020700003253296, 0.04482169999391772, 0.0613005999912275, 0.07835789999808185, 0.09479220000503119, 0.11155709999729879, 0.12818509999488015, 0.1448859999945853, 0.1615038000018103, 0.1781498000054853, 0.19460950000211596, 0.21124000000418164, 0.2277775999973528, 0.24456500000087544, 0.26123139999981504, 0.27787009999156, 0.2945179999951506, 0.31127639999613166, 0.3280378000054043, 0.3448908999998821, 0.36169520000112243, 0.3782015000033425, 0.3948037999944063, 0.4113284999912139, 0.4280201999936253, 0.4447448999999324, 0.4613762999942992, 0.4777431999973487, 0.4945259999949485, 0.5114194999914616, 0.5278051999921445, 0.54450089999591, 0.5611383999930695, 0.5777827999991132, 0.5943745999975363, 0.6111587999912445, 0.627850100005162, 0.6445095999952173, 0.661407199993846, 0.6778518999926746, 0.6943274999939604, 0.7111556000018027, 0.7278298000019277, 0.7445299999963026, 0.7611614999914309, 0.7789290999935474, 0.7949162000004435, 0.8111363999923924, 0.8277923999994528, 0.8445079999946756, 0.8612774999928661, 0.877963599996292, 0.8943996000016341, 0.9113656999979867, 0.9278388999955496, 0.9444513000053121, 0.9612038999912329, 0.9777519999915967, 0.9945505999930901, 1.011069000000134, 1.027528299993719, 1.0441021000006003, 1.0611247999913758, 1.0777878999942914, 1.0942141999985324, 1.1110130000015488, 1.127586300004623, 1.144329300004756]	n/a	n/a	0.7	9b
569	14	go_nogo	0	60	7	go	click	[44.0, 44.0, 73.0, 110.0, 143.0, 182.0, 214.0, 230.0, 235.0, 236.0, 237.0, 237.0, 239.0, 241.0, 241.0, 242.0, 242.0, 242.0, 242.0, 242.0, 242.0, 242.0, 242.0, 242.0]	[-249.0, -249.0, -166.0, -70.0, 25.0, 122.0, 202.0, 244.0, 263.0, 267.0, 269.0, 270.0, 274.0, 279.0, 281.0, 282.0, 282.0, 282.0, 282.0, 282.0, 282.0, 282.0, 282.0, 282.0]	[0, 0, 0, 0, 0, 0, 0, 0, 0, 0, 0, 0, 0, 0, 0, 0, 0, 0, 0, 0, 0, 0, 0, 1]	[0, 0, 0, 0, 0, 0, 0, 0, 0, 0, 0, 0, 0, 0, 0, 0, 0, 0, 0, 0, 0, 0, 0, 0]	[0, 0, 0, 0, 0, 0, 0, 0, 0, 0, 0, 0, 0, 0, 0, 0, 0, 0, 0, 0, 0, 0, 0, 0]	[0.00018980000459123403, 0.01227140000264626, 0.028717499997583218, 0.045547400004579686, 0.062042299992754124, 0.078823799995007, 0.0950715999933891, 0.11202089999278542, 0.12865729999612086, 0.14530869999725837, 0.16216459999850485, 0.1789059000002453, 0.19538119999924675, 0.21226790000218898, 0.2289943000068888, 0.2453416000062134, 0.26203840000380296, 0.2785472999967169, 0.2953334000048926, 0.31199020000349265, 0.3284970999957295, 0.3451906999980565, 0.3618772000045283, 0.3787871999957133]	242.0	282.0	0.7	9b
570	14	go_nogo	0	60	9	nogo	none	[33.0, 33.0, 40.0, 85.0, 126.0, 164.0, 188.0, 202.0, 209.0, 213.0, 215.0, 216.0, 217.0, 219.0, 219.0, 219.0, 219.0, 219.0, 219.0, 219.0, 220.0, 220.0, 220.0, 220.0, 220.0, 220.0, 220.0, 220.0, 220.0, 220.0, 220.0, 220.0, 220.0, 220.0, 220.0, 220.0, 220.0, 220.0, 220.0, 220.0, 220.0, 220.0, 220.0, 220.0, 220.0, 220.0, 220.0, 220.0, 220.0, 220.0, 220.0, 220.0, 220.0, 220.0, 220.0, 220.0, 220.0, 220.0, 220.0, 220.0, 220.0, 220.0, 220.0, 220.0, 220.0, 220.0]	[-238.0, -238.0, -199.0, -66.0, 38.0, 130.0, 194.0, 230.0, 251.0, 263.0, 268.0, 270.0, 274.0, 276.0, 277.0, 277.0, 277.0, 277.0, 277.0, 279.0, 284.0, 289.0, 293.0, 295.0, 295.0, 295.0, 295.0, 295.0, 295.0, 295.0, 295.0, 295.0, 295.0, 295.0, 295.0, 295.0, 295.0, 295.0, 295.0, 295.0, 295.0, 295.0, 295.0, 295.0, 295.0, 295.0, 295.0, 295.0, 295.0, 295.0, 295.0, 295.0, 295.0, 295.0, 295.0, 295.0, 295.0, 295.0, 295.0, 295.0, 295.0, 295.0, 295.0, 295.0, 295.0, 295.0]	[0, 0, 0, 0, 0, 0, 0, 0, 0, 0, 0, 0, 0, 0, 0, 0, 0, 0, 0, 0, 0, 0, 0, 0, 0, 0, 0, 0, 0, 0, 0, 0, 0, 0, 0, 0, 0, 0, 0, 0, 0, 0, 0, 0, 0, 0, 0, 0, 0, 0, 0, 0, 0, 0, 0, 0, 0, 0, 0, 0, 0, 0, 0, 0, 0, 0]	[0, 0, 0, 0, 0, 0, 0, 0, 0, 0, 0, 0, 0, 0, 0, 0, 0, 0, 0, 0, 0, 0, 0, 0, 0, 0, 0, 0, 0, 0, 0, 0, 0, 0, 0, 0, 0, 0, 0, 0, 0, 0, 0, 0, 0, 0, 0, 0, 0, 0, 0, 0, 0, 0, 0, 0, 0, 0, 0, 0, 0, 0, 0, 0, 0, 0]	[0, 0, 0, 0, 0, 0, 0, 0, 0, 0, 0, 0, 0, 0, 0, 0, 0, 0, 0, 0, 0, 0, 0, 0, 0, 0, 0, 0, 0, 0, 0, 0, 0, 0, 0, 0, 0, 0, 0, 0, 0, 0, 0, 0, 0, 0, 0, 0, 0, 0, 0, 0, 0, 0, 0, 0, 0, 0, 0, 0, 0, 0, 0, 0, 0, 0]	[0.00019320000137668103, 0.011893800008692779, 0.028235500009031966, 0.044860900001367554, 0.06155310000758618, 0.07825780000712257, 0.0950520000042161, 0.11146240000380203, 0.12830690000555478, 0.14506580001034308, 0.16190990000905003, 0.1783284000121057, 0.19499240000732243, 0.21143250000022817, 0.22787220000464004, 0.24465140000393149, 0.2616984000051161, 0.27823530000750907, 0.2948991000012029, 0.31171110000286717, 0.3281318000081228, 0.3452195000136271, 0.36179870000341907, 0.37802540000120644, 0.39475340000353754, 0.4113565000006929, 0.42826200000126846, 0.44477430000551976, 0.4613398000074085, 0.47819200000958517, 0.4947058000107063, 0.511536400008481, 0.5279626000119606, 0.5446535000082804, 0.5611159000109183, 0.5778185000090161, 0.5945138000097359, 0.6112049000075785, 0.6278806000045734, 0.6445407999999588, 0.6613276000134647, 0.6780050000088522, 0.6946402000030503, 0.7114088000089396, 0.7279680000065127, 0.7446256000112044, 0.7612591000070097, 0.7778581000020495, 0.7946408000134397, 0.8113335000089137, 0.8279488000116544, 0.8445140000112588, 0.8613609000021825, 0.8778675000066869, 0.8942773000017041, 0.9112323000008473, 0.927950500001316, 0.9445923000021139, 0.9613021000113804, 0.9779601000045659, 0.9943479000066873, 1.0112710000103107, 1.0279893000115408, 1.0446926000004169, 1.061398600009852, 1.0780425000120886]	n/a	n/a	0.5	9b
571	14	go_nogo	0	60	4	go	click	[45.0, 55.0, 62.0, 75.0, 93.0, 106.0, 120.0, 136.0, 152.0, 167.0, 169.0, 172.0, 173.0, 174.0, 176.0, 176.0, 176.0, 176.0, 176.0, 176.0, 176.0, 176.0, 176.0, 176.0]	[-260.0, -220.0, -184.0, -113.0, -44.0, 23.0, 102.0, 181.0, 239.0, 282.0, 287.0, 293.0, 297.0, 301.0, 304.0, 305.0, 305.0, 305.0, 305.0, 305.0, 305.0, 305.0, 305.0, 305.0]	[0, 0, 0, 0, 0, 0, 0, 0, 0, 0, 0, 0, 0, 0, 0, 0, 0, 0, 0, 0, 0, 0, 0, 1]	[0, 0, 0, 0, 0, 0, 0, 0, 0, 0, 0, 0, 0, 0, 0, 0, 0, 0, 0, 0, 0, 0, 0, 0]	[0, 0, 0, 0, 0, 0, 0, 0, 0, 0, 0, 0, 0, 0, 0, 0, 0, 0, 0, 0, 0, 0, 0, 0]	[0.00012749999586958438, 0.011019400000805035, 0.02762760000769049, 0.0441891999944346, 0.06098750000819564, 0.07773740000266116, 0.09423849999438971, 0.11106340000696946, 0.1277436999953352, 0.14434949999849778, 0.16108809999423102, 0.17781219999596942, 0.19424240000080317, 0.2109855000016978, 0.22814740000467282, 0.2443654999951832, 0.26079070000560023, 0.2773989999986952, 0.2941068000072846, 0.3107637000066461, 0.32790689999819733, 0.3441839000006439, 0.36117980000562966, 0.37751020000723656]	176.0	305.0	0.6	9b
572	14	go_nogo	0	60	7	go	click	[34.0, 34.0, 65.0, 117.0, 169.0, 213.0, 247.0, 272.0, 288.0, 290.0, 291.0, 291.0, 291.0, 291.0, 291.0, 291.0, 290.0, 289.0, 286.0, 281.0, 269.0, 254.0, 239.0, 228.0, 220.0, 215.0, 214.0, 214.0, 214.0, 214.0, 214.0]	[-295.0, -295.0, -204.0, -94.0, 12.0, 106.0, 183.0, 230.0, 264.0, 272.0, 275.0, 275.0, 275.0, 276.0, 279.0, 281.0, 283.0, 286.0, 287.0, 288.0, 289.0, 292.0, 293.0, 294.0, 296.0, 296.0, 296.0, 296.0, 296.0, 296.0, 296.0]	[0, 0, 0, 0, 0, 0, 0, 0, 0, 0, 0, 0, 0, 0, 0, 0, 0, 0, 0, 0, 0, 0, 0, 0, 0, 0, 0, 0, 0, 0, 1]	[0, 0, 0, 0, 0, 0, 0, 0, 0, 0, 0, 0, 0, 0, 0, 0, 0, 0, 0, 0, 0, 0, 0, 0, 0, 0, 0, 0, 0, 0, 0]	[0, 0, 0, 0, 0, 0, 0, 0, 0, 0, 0, 0, 0, 0, 0, 0, 0, 0, 0, 0, 0, 0, 0, 0, 0, 0, 0, 0, 0, 0, 0]	[0.00010019999172072858, 0.012173499999335036, 0.028940699994564056, 0.0455937999940943, 0.062218399994890206, 0.07879469999170396, 0.09537159999308642, 0.11209989999770187, 0.12887089999276213, 0.14592529999208637, 0.16198530000110622, 0.17874180000217166, 0.1958427999925334, 0.21244020000449382, 0.22891510000044946, 0.24565319999237545, 0.26207440000143833, 0.2787225999927614, 0.2954831999959424, 0.3121028000023216, 0.3289316000009421, 0.3456240999948932, 0.36233139999967534, 0.37864860000263434, 0.39554409999982454, 0.4120814999914728, 0.4284283000015421, 0.44531009999627713, 0.4620705999986967, 0.47876569999789353, 0.4957706999994116]	214.0	296.0	1.0	9b
573	14	go_nogo	0	60	1	nogo	none	[25.0, 25.0, 33.0, 49.0, 70.0, 94.0, 111.0, 123.0, 133.0, 140.0, 144.0, 150.0, 157.0, 163.0, 169.0, 174.0, 176.0, 177.0, 179.0, 183.0, 187.0, 189.0, 189.0, 189.0, 189.0, 189.0, 189.0, 189.0, 189.0, 189.0, 189.0, 189.0, 189.0, 189.0, 189.0, 189.0, 189.0, 189.0, 189.0, 189.0, 189.0, 189.0, 189.0, 189.0, 189.0, 189.0, 189.0, 189.0, 189.0, 189.0, 189.0, 189.0, 189.0, 189.0, 189.0, 189.0, 189.0, 189.0, 189.0, 189.0, 189.0, 189.0, 189.0, 189.0, 189.0]	[-245.0, -245.0, -184.0, -108.0, -27.0, 55.0, 102.0, 138.0, 161.0, 178.0, 190.0, 210.0, 226.0, 245.0, 262.0, 272.0, 278.0, 282.0, 287.0, 295.0, 304.0, 310.0, 311.0, 311.0, 311.0, 311.0, 311.0, 311.0, 311.0, 311.0, 311.0, 311.0, 311.0, 311.0, 311.0, 311.0, 311.0, 311.0, 311.0, 311.0, 311.0, 311.0, 311.0, 311.0, 311.0, 311.0, 311.0, 311.0, 311.0, 311.0, 311.0, 311.0, 311.0, 311.0, 311.0, 311.0, 311.0, 311.0, 311.0, 311.0, 311.0, 311.0, 311.0, 311.0, 311.0]	[0, 0, 0, 0, 0, 0, 0, 0, 0, 0, 0, 0, 0, 0, 0, 0, 0, 0, 0, 0, 0, 0, 0, 0, 0, 0, 0, 0, 0, 0, 0, 0, 0, 0, 0, 0, 0, 0, 0, 0, 0, 0, 0, 0, 0, 0, 0, 0, 0, 0, 0, 0, 0, 0, 0, 0, 0, 0, 0, 0, 0, 0, 0, 0, 0]	[0, 0, 0, 0, 0, 0, 0, 0, 0, 0, 0, 0, 0, 0, 0, 0, 0, 0, 0, 0, 0, 0, 0, 0, 0, 0, 0, 0, 0, 0, 0, 0, 0, 0, 0, 0, 0, 0, 0, 0, 0, 0, 0, 0, 0, 0, 0, 0, 0, 0, 0, 0, 0, 0, 0, 0, 0, 0, 0, 0, 0, 0, 0, 0, 0]	[0, 0, 0, 0, 0, 0, 0, 0, 0, 0, 0, 0, 0, 0, 0, 0, 0, 0, 0, 0, 0, 0, 0, 0, 0, 0, 0, 0, 0, 0, 0, 0, 0, 0, 0, 0, 0, 0, 0, 0, 0, 0, 0, 0, 0, 0, 0, 0, 0, 0, 0, 0, 0, 0, 0, 0, 0, 0, 0, 0, 0, 0, 0, 0, 0]	[0.00011219999578315765, 0.01102389999141451, 0.027672800002619624, 0.044376899997587316, 0.061068599999998696, 0.07805489999009296, 0.094524400003138, 0.11103529999672901, 0.12791619999916293, 0.1444679999985965, 0.1610526000004029, 0.177698400002555, 0.19473760000255425, 0.21107269999629352, 0.22751519999292213, 0.24431019999610726, 0.2611717999971006, 0.27776349999476224, 0.2940743999934057, 0.31089300000166986, 0.3276538999925833, 0.34443820000160486, 0.3608386999985669, 0.3774875999952201, 0.3940509999956703, 0.41071859998919535, 0.42745170000125654, 0.4440226000006078, 0.46075359999667853, 0.4774723000009544, 0.4940591999911703, 0.5105903999938164, 0.5273709999892162, 0.54395459999796, 0.5605855000030715, 0.5772168999974383, 0.5940436999953818, 0.6105784999963362, 0.6271457999973791, 0.6440165999956662, 0.6609537999902386, 0.6772720000008121, 0.6937384999910137, 0.7107132999954047, 0.7272801999934018, 0.7440984999993816, 0.7606586999900173, 0.7773808999918401, 0.7939966999983881, 0.8106914999953005, 0.8273801999894204, 0.8439546000008704, 0.8606285999994725, 0.8772458000021288, 0.8938921999942977, 0.9105928999924799, 0.9271640999941155, 0.9438184000027832, 0.9603034000028856, 0.9770015999965835, 0.9936010999954306, 1.0107042000017827, 1.0271497999929124, 1.0436858999892138, 1.0604932999995071]	n/a	n/a	0.9	9b
574	14	go_nogo	0	60	6	go	click	[28.0, 28.0, 36.0, 45.0, 66.0, 94.0, 122.0, 140.0, 149.0, 153.0, 155.0, 155.0, 155.0, 156.0, 157.0, 157.0, 157.0, 157.0, 157.0, 157.0, 157.0, 159.0, 163.0, 167.0, 171.0, 173.0, 175.0, 177.0, 178.0, 178.0]	[-291.0, -291.0, -225.0, -160.0, -79.0, 15.0, 91.0, 145.0, 178.0, 199.0, 206.0, 211.0, 216.0, 222.0, 226.0, 226.0, 226.0, 226.0, 226.0, 226.0, 226.0, 232.0, 242.0, 255.0, 263.0, 271.0, 279.0, 286.0, 290.0, 290.0]	[0, 0, 0, 0, 0, 0, 0, 0, 0, 0, 0, 0, 0, 0, 0, 0, 0, 0, 0, 0, 0, 0, 0, 0, 0, 0, 0, 0, 0, 1]	[0, 0, 0, 0, 0, 0, 0, 0, 0, 0, 0, 0, 0, 0, 0, 0, 0, 0, 0, 0, 0, 0, 0, 0, 0, 0, 0, 0, 0, 0]	[0, 0, 0, 0, 0, 0, 0, 0, 0, 0, 0, 0, 0, 0, 0, 0, 0, 0, 0, 0, 0, 0, 0, 0, 0, 0, 0, 0, 0, 0]	[8.370001160074025e-05, 0.011334599999827333, 0.027919700005440973, 0.04493370000272989, 0.061613099998794496, 0.07806520001031458, 0.09480790000816341, 0.1115538000012748, 0.1282476000051247, 0.14478240000607911, 0.16175050000310875, 0.17842830000154208, 0.19482990000688005, 0.21174620000238065, 0.227899300007266, 0.24447270001110155, 0.26120340000488795, 0.27797140000620857, 0.29454339999938384, 0.31148360000224784, 0.32833110001229215, 0.34488090001104865, 0.361538199998904, 0.3782083000114653, 0.39478250000684056, 0.41157540000858717, 0.42812850000336766, 0.4447680000012042, 0.4614358000108041, 0.4783422000036808]	178.0	290.0	0.5	9b
575	14	go_nogo	0	60	3	go	click	[39.0, 39.0, 49.0, 78.0, 115.0, 149.0, 180.0, 193.0, 202.0, 206.0, 209.0, 212.0, 218.0, 221.0, 223.0, 224.0, 224.0, 224.0, 224.0, 224.0, 224.0, 224.0, 224.0]	[-214.0, -214.0, -166.0, -57.0, 47.0, 124.0, 199.0, 226.0, 244.0, 253.0, 260.0, 268.0, 280.0, 289.0, 296.0, 298.0, 298.0, 298.0, 298.0, 298.0, 298.0, 298.0, 298.0]	[0, 0, 0, 0, 0, 0, 0, 0, 0, 0, 0, 0, 0, 0, 0, 0, 0, 0, 0, 0, 0, 0, 1]	[0, 0, 0, 0, 0, 0, 0, 0, 0, 0, 0, 0, 0, 0, 0, 0, 0, 0, 0, 0, 0, 0, 0]	[0, 0, 0, 0, 0, 0, 0, 0, 0, 0, 0, 0, 0, 0, 0, 0, 0, 0, 0, 0, 0, 0, 0]	[0.0002590999938547611, 0.011960599993471988, 0.02857140000560321, 0.04524239999591373, 0.0619239999941783, 0.07887280000431929, 0.09553720000258181, 0.11210100000607781, 0.12856110000575427, 0.14524709999386687, 0.16191159999289084, 0.17866849999700207, 0.19530079999822192, 0.21189829999639187, 0.22860839999339078, 0.24505300000600982, 0.2616887000040151, 0.27830019999237265, 0.2949994999944465, 0.31186329999763984, 0.32845099999394733, 0.3452201000036439, 0.36198719999811146]	224.0	298.0	0.9	9b
576	14	go_nogo	0	60	1	nogo	none	[39.0, 39.0, 46.0, 75.0, 97.0, 121.0, 140.0, 157.0, 167.0, 171.0, 173.0, 175.0, 175.0, 176.0, 176.0, 176.0, 176.0, 176.0, 176.0, 176.0, 176.0, 176.0, 176.0, 176.0, 176.0, 176.0, 176.0, 176.0, 176.0, 176.0, 176.0, 176.0, 176.0, 176.0, 176.0, 176.0, 176.0, 176.0, 176.0, 176.0, 176.0, 176.0, 176.0, 176.0, 176.0, 176.0, 176.0, 176.0, 176.0, 176.0, 176.0, 176.0, 176.0, 176.0, 175.0, 174.0, 174.0, 174.0, 174.0, 174.0, 166.0, 166.0, 166.0, 166.0, 166.0, 166.0, 166.0, 166.0, 166.0, 166.0, 166.0, 166.0, 166.0, 166.0, 166.0, 166.0, 166.0, 166.0, 166.0, 166.0, 166.0, 166.0, 166.0, 166.0, 166.0, 166.0, 166.0, 166.0, 166.0, 166.0, 166.0, 166.0]	[-248.0, -248.0, -208.0, -72.0, 13.0, 91.0, 153.0, 200.0, 231.0, 248.0, 256.0, 262.0, 265.0, 266.0, 266.0, 266.0, 266.0, 266.0, 261.0, 259.0, 257.0, 257.0, 257.0, 257.0, 257.0, 257.0, 257.0, 257.0, 257.0, 257.0, 257.0, 257.0, 257.0, 257.0, 257.0, 257.0, 257.0, 257.0, 257.0, 257.0, 257.0, 257.0, 257.0, 257.0, 257.0, 257.0, 257.0, 257.0, 257.0, 257.0, 257.0, 257.0, 257.0, 257.0, 258.0, 261.0, 261.0, 261.0, 264.0, 269.0, 273.0, 273.0, 273.0, 273.0, 273.0, 273.0, 273.0, 273.0, 273.0, 273.0, 273.0, 273.0, 273.0, 273.0, 273.0, 273.0, 273.0, 273.0, 273.0, 273.0, 273.0, 273.0, 273.0, 273.0, 273.0, 273.0, 273.0, 273.0, 273.0, 273.0, 273.0, 273.0]	[0, 0, 0, 0, 0, 0, 0, 0, 0, 0, 0, 0, 0, 0, 0, 0, 0, 0, 0, 0, 0, 0, 0, 0, 0, 0, 0, 0, 0, 0, 0, 0, 0, 0, 0, 0, 0, 0, 0, 0, 0, 0, 0, 0, 0, 0, 0, 0, 0, 0, 0, 0, 0, 0, 0, 0, 0, 0, 0, 0, 0, 0, 0, 0, 0, 0, 0, 0, 0, 0, 0, 0, 0, 0, 0, 0, 0, 0, 0, 0, 0, 0, 0, 0, 0, 0, 0, 0, 0, 0, 0, 0]	[0, 0, 0, 0, 0, 0, 0, 0, 0, 0, 0, 0, 0, 0, 0, 0, 0, 0, 0, 0, 0, 0, 0, 0, 0, 0, 0, 0, 0, 0, 0, 0, 0, 0, 0, 0, 0, 0, 0, 0, 0, 0, 0, 0, 0, 0, 0, 0, 0, 0, 0, 0, 0, 0, 0, 0, 0, 0, 0, 0, 0, 0, 0, 0, 0, 0, 0, 0, 0, 0, 0, 0, 0, 0, 0, 0, 0, 0, 0, 0, 0, 0, 0, 0, 0, 0, 0, 0, 0, 0, 0, 0]	[0, 0, 0, 0, 0, 0, 0, 0, 0, 0, 0, 0, 0, 0, 0, 0, 0, 0, 0, 0, 0, 0, 0, 0, 0, 0, 0, 0, 0, 0, 0, 0, 0, 0, 0, 0, 0, 0, 0, 0, 0, 0, 0, 0, 0, 0, 0, 0, 0, 0, 0, 0, 0, 0, 0, 0, 0, 0, 0, 0, 0, 0, 0, 0, 0, 0, 0, 0, 0, 0, 0, 0, 0, 0, 0, 0, 0, 0, 0, 0, 0, 0, 0, 0, 0, 0, 0, 0, 0, 0, 0, 0]	[0.00025769999774638563, 0.011914400005480275, 0.0288083000050392, 0.04535230000328738, 0.06175589999475051, 0.07857840000360738, 0.09526289999485016, 0.11184709999361075, 0.1283837999944808, 0.14537790000031237, 0.16214949999994133, 0.1784611000039149, 0.19522829999914393, 0.2116814000037266, 0.22834169999987353, 0.24526260000129696, 0.2617032999987714, 0.27847299999848474, 0.29535659999237396, 0.3119972999993479, 0.32833170000230893, 0.34499300000607036, 0.3620494999922812, 0.3781886999931885, 0.39529509999556467, 0.41172989999176934, 0.42824860000109766, 0.4449467999947956, 0.4615278999990551, 0.4785769000009168, 0.49501250000321306, 0.5116241999930935, 0.5284072999929776, 0.5448295999958646, 0.561860899993917, 0.5784101000026567, 0.5948685000039404, 0.6115171999990707, 0.628174500001478, 0.6450289000058547, 0.6615613000030862, 0.6780878999998095, 0.694996699996409, 0.7115479000058258, 0.7281550000043353, 0.7448871999949915, 0.7614809999940917, 0.7782562999927904, 0.7949653999967268, 0.8116235000052257, 0.8283440999948652, 0.8447698999952991, 0.8614799000060884, 0.8780810000025667, 0.8950871999986703, 0.9115638999937801, 0.9283422000007704, 0.944736000004923, 0.9614378999976907, 0.9780805000045802, 0.9947269999975106, 1.0112934999924619, 1.0281214999995427, 1.044791799999075, 1.0616127999965101, 1.078173500005505, 1.0947758999973303, 1.111597499999334, 1.1281335999956354, 1.1446607999969274, 1.1613058999937493, 1.178164700002526, 1.1945809000026202, 1.2112474000023212, 1.2281902999966405, 1.2448207999987062, 1.2614042000059271, 1.2780071000015596, 1.294605799994315, 1.3112548999924911, 1.328032000004896, 1.3445358000026317, 1.3612251000013202, 1.3780782999965595, 1.3946329000027617, 1.4113892000023043, 1.4277627999981632, 1.4445615000004182, 1.461261000004015, 1.4780960000061896, 1.4948203999956604, 1.5113195000012638]	n/a	n/a	1.0	9b
577	14	go_nogo	0	60	3	go	click	[56.0, 56.0, 81.0, 105.0, 125.0, 141.0, 160.0, 176.0, 187.0, 194.0, 198.0, 198.0, 199.0, 199.0, 200.0, 200.0, 200.0, 200.0, 200.0, 200.0, 200.0, 200.0, 200.0]	[-277.0, -277.0, -206.0, -120.0, -28.0, 78.0, 162.0, 216.0, 245.0, 262.0, 269.0, 269.0, 270.0, 271.0, 272.0, 272.0, 272.0, 272.0, 272.0, 272.0, 272.0, 272.0, 272.0]	[0, 0, 0, 0, 0, 0, 0, 0, 0, 0, 0, 0, 0, 0, 0, 0, 0, 0, 0, 0, 0, 0, 1]	[0, 0, 0, 0, 0, 0, 0, 0, 0, 0, 0, 0, 0, 0, 0, 0, 0, 0, 0, 0, 0, 0, 0]	[0, 0, 0, 0, 0, 0, 0, 0, 0, 0, 0, 0, 0, 0, 0, 0, 0, 0, 0, 0, 0, 0, 0]	[7.79999973019585e-05, 0.01112250000005588, 0.028026200001477264, 0.04479479999281466, 0.06122049999248702, 0.07788929999514949, 0.09453459999349434, 0.11132529999304097, 0.1280246999958763, 0.14461149999988265, 0.16168749998905696, 0.178040200000396, 0.19471789999806788, 0.2115439999906812, 0.22792330000083894, 0.24461460000020452, 0.26118589998804964, 0.27758259999973234, 0.2943553999939468, 0.3113129999983357, 0.3277331999997841, 0.34435269999084994, 0.36088399999425747]	200.0	272.0	0.7	9b
578	14	go_nogo	0	60	8	go	click	[57.0, 57.0, 86.0, 123.0, 161.0, 185.0, 197.0, 203.0, 205.0, 208.0, 211.0, 213.0, 216.0, 218.0, 219.0, 219.0, 219.0, 219.0, 219.0, 219.0, 219.0, 219.0, 219.0, 219.0]	[-203.0, -203.0, -97.0, 3.0, 88.0, 151.0, 189.0, 210.0, 221.0, 231.0, 238.0, 249.0, 262.0, 271.0, 275.0, 275.0, 275.0, 275.0, 275.0, 275.0, 275.0, 275.0, 275.0, 275.0]	[0, 0, 0, 0, 0, 0, 0, 0, 0, 0, 0, 0, 0, 0, 0, 0, 0, 0, 0, 0, 0, 0, 0, 1]	[0, 0, 0, 0, 0, 0, 0, 0, 0, 0, 0, 0, 0, 0, 0, 0, 0, 0, 0, 0, 0, 0, 0, 0]	[0, 0, 0, 0, 0, 0, 0, 0, 0, 0, 0, 0, 0, 0, 0, 0, 0, 0, 0, 0, 0, 0, 0, 0]	[7.2900002123788e-05, 0.01111940000555478, 0.027730500005418435, 0.04420350000145845, 0.061318199994275346, 0.07778130000224337, 0.09451880000415258, 0.11111860000528395, 0.12791999999899417, 0.14442759999656118, 0.16107620000548195, 0.17771309999807272, 0.19445270000142045, 0.21108720000484027, 0.22745940000459086, 0.24413120000099298, 0.26086660000146367, 0.27747549999912735, 0.29418019999866374, 0.31091869999363553, 0.32748380000703037, 0.3441531999997096, 0.3608325999957742, 0.3775995000032708]	219.0	275.0	0.9	9b
579	14	go_nogo	0	60	2	go	click	[-11.0, -11.0, 12.0, 40.0, 72.0, 111.0, 162.0, 189.0, 196.0, 197.0, 197.0, 197.0, 197.0, 197.0, 197.0, 197.0, 197.0, 197.0, 197.0, 197.0, 197.0, 197.0, 197.0, 197.0, 197.0, 197.0, 197.0, 197.0, 197.0, 197.0]	[-265.0, -265.0, -173.0, -75.0, 31.0, 132.0, 227.0, 281.0, 295.0, 297.0, 298.0, 298.0, 298.0, 298.0, 298.0, 298.0, 298.0, 298.0, 298.0, 298.0, 298.0, 298.0, 298.0, 298.0, 298.0, 298.0, 298.0, 298.0, 298.0, 298.0]	[0, 0, 0, 0, 0, 0, 0, 0, 0, 0, 0, 0, 0, 0, 0, 0, 0, 0, 0, 0, 0, 0, 0, 0, 0, 0, 0, 0, 0, 1]	[0, 0, 0, 0, 0, 0, 0, 0, 0, 0, 0, 0, 0, 0, 0, 0, 0, 0, 0, 0, 0, 0, 0, 0, 0, 0, 0, 0, 0, 0]	[0, 0, 0, 0, 0, 0, 0, 0, 0, 0, 0, 0, 0, 0, 0, 0, 0, 0, 0, 0, 0, 0, 0, 0, 0, 0, 0, 0, 0, 0]	[0.00021449998894240707, 0.009969499995349906, 0.026587499989545904, 0.04366409999784082, 0.06044309999560937, 0.07679019999341108, 0.09348139999201521, 0.11016070000187028, 0.12692509999033064, 0.14348339999560267, 0.16001939999114256, 0.17664289999811444, 0.1932290999975521, 0.20985629998904187, 0.22638500000175554, 0.24314900000172202, 0.2598464999900898, 0.2765443999960553, 0.29314379999414086, 0.30985199999122415, 0.3265917999960948, 0.3431683999951929, 0.35986070000217296, 0.3764643999893451, 0.39304169999377336, 0.409813899997971, 0.4264070999925025, 0.443130999992718, 0.4598139000008814, 0.47690379999403376]	197.0	298.0	0.7	9b
580	14	go_nogo	0	60	3	go	click	[57.0, 57.0, 75.0, 115.0, 149.0, 184.0, 195.0, 208.0, 220.0, 227.0, 234.0, 237.0, 238.0, 238.0, 239.0, 239.0, 239.0, 239.0, 239.0, 240.0, 242.0, 243.0, 243.0, 242.0, 241.0, 240.0, 239.0, 239.0, 239.0, 239.0]	[-207.0, -207.0, -157.0, -60.0, 20.0, 103.0, 131.0, 152.0, 172.0, 188.0, 200.0, 210.0, 216.0, 218.0, 219.0, 219.0, 219.0, 221.0, 232.0, 250.0, 269.0, 280.0, 286.0, 291.0, 294.0, 296.0, 298.0, 299.0, 299.0, 299.0]	[0, 0, 0, 0, 0, 0, 0, 0, 0, 0, 0, 0, 0, 0, 0, 0, 0, 0, 0, 0, 0, 0, 0, 0, 0, 0, 0, 0, 0, 1]	[0, 0, 0, 0, 0, 0, 0, 0, 0, 0, 0, 0, 0, 0, 0, 0, 0, 0, 0, 0, 0, 0, 0, 0, 0, 0, 0, 0, 0, 0]	[0, 0, 0, 0, 0, 0, 0, 0, 0, 0, 0, 0, 0, 0, 0, 0, 0, 0, 0, 0, 0, 0, 0, 0, 0, 0, 0, 0, 0, 0]	[0.0002494999935152009, 0.011019500001566485, 0.027179500000784174, 0.043880800003535114, 0.06091329999617301, 0.07743469999695662, 0.09401380000053905, 0.11091329999908339, 0.12728479999350384, 0.1440325000003213, 0.16083470000012312, 0.17739240000082646, 0.19411609999951907, 0.2107908000034513, 0.22713349999685306, 0.2439886999927694, 0.26059299999906216, 0.27799429999140557, 0.2944410999916727, 0.3108710999949835, 0.3273838000022806, 0.34395159999257885, 0.3607462999934796, 0.3771370000031311, 0.394105600003968, 0.41060509999806527, 0.4275580999965314, 0.4438818999915384, 0.46053070000198204, 0.4772262999904342]	239.0	299.0	0.9	9b
581	14	go_nogo	0	60	8	go	click	[85.0, 85.0, 104.0, 151.0, 198.0, 237.0, 244.0, 249.0, 252.0, 253.0, 254.0, 256.0, 262.0, 264.0, 265.0, 265.0, 265.0, 265.0, 265.0, 265.0, 265.0, 265.0, 261.0, 253.0, 239.0, 223.0, 209.0, 198.0, 194.0, 194.0, 194.0, 194.0]	[-176.0, -176.0, -119.0, 20.0, 137.0, 242.0, 269.0, 283.0, 291.0, 296.0, 300.0, 309.0, 323.0, 332.0, 335.0, 335.0, 336.0, 336.0, 336.0, 336.0, 336.0, 336.0, 333.0, 329.0, 322.0, 313.0, 308.0, 301.0, 299.0, 299.0, 299.0, 299.0]	[0, 0, 0, 0, 0, 0, 0, 0, 0, 0, 0, 0, 0, 0, 0, 0, 0, 0, 0, 0, 0, 0, 0, 0, 0, 0, 0, 0, 0, 0, 0, 1]	[0, 0, 0, 0, 0, 0, 0, 0, 0, 0, 0, 0, 0, 0, 0, 0, 0, 0, 0, 0, 0, 0, 0, 0, 0, 0, 0, 0, 0, 0, 0, 0]	[0, 0, 0, 0, 0, 0, 0, 0, 0, 0, 0, 0, 0, 0, 0, 0, 0, 0, 0, 0, 0, 0, 0, 0, 0, 0, 0, 0, 0, 0, 0, 0]	[0.00020289998792577535, 0.009899699987727217, 0.027230699997744523, 0.043687500001396984, 0.06017559999600053, 0.07676149999315385, 0.09410360000038054, 0.11022659999434836, 0.1266285999881802, 0.14376659999834374, 0.16007659999013413, 0.17709009999816772, 0.1933701999951154, 0.20985639998980332, 0.22650739998789504, 0.24335309999878518, 0.2597907000017585, 0.2764564999961294, 0.29293379999580793, 0.3097622999921441, 0.3263837999984389, 0.3431739999941783, 0.36037019999639597, 0.376767399997334, 0.39336919999914244, 0.410107199990307, 0.4269606999878306, 0.44348339999851305, 0.459898199987947, 0.47634879998804536, 0.4930175999907078, 0.5098455999977887]	194.0	299.0	0.6	9b
582	14	go_nogo	0	60	8	go	click	[48.0, 48.0, 54.0, 67.0, 82.0, 108.0, 136.0, 155.0, 165.0, 168.0, 171.0, 175.0, 179.0, 182.0, 182.0, 182.0, 182.0, 182.0, 182.0, 182.0, 182.0, 182.0, 182.0, 182.0, 182.0]	[-260.0, -260.0, -195.0, -132.0, -64.0, 7.0, 83.0, 141.0, 174.0, 199.0, 221.0, 242.0, 257.0, 274.0, 278.0, 279.0, 279.0, 279.0, 279.0, 279.0, 279.0, 279.0, 279.0, 279.0, 279.0]	[0, 0, 0, 0, 0, 0, 0, 0, 0, 0, 0, 0, 0, 0, 0, 0, 0, 0, 0, 0, 0, 0, 0, 0, 1]	[0, 0, 0, 0, 0, 0, 0, 0, 0, 0, 0, 0, 0, 0, 0, 0, 0, 0, 0, 0, 0, 0, 0, 0, 0]	[0, 0, 0, 0, 0, 0, 0, 0, 0, 0, 0, 0, 0, 0, 0, 0, 0, 0, 0, 0, 0, 0, 0, 0, 0]	[0.00022000000171829015, 0.012779199998476543, 0.029520500000216998, 0.046187499989173375, 0.06306479999329895, 0.07952629998908378, 0.09592399999382906, 0.11271069999202155, 0.1293141999922227, 0.14604399999370798, 0.1626737999904435, 0.17952839999634307, 0.19593519999762066, 0.21259909999207594, 0.22925849999592174, 0.24561410000023898, 0.26254129999142606, 0.2790902999986429, 0.2959217999887187, 0.3125353999930667, 0.32918549999885727, 0.3459638999920571, 0.3626506000000518, 0.3791208999900846, 0.39660939999157563]	182.0	279.0	0.9	9b
583	14	go_nogo	0	60	7	go	click	[58.0, 58.0, 66.0, 99.0, 128.0, 151.0, 168.0, 173.0, 174.0, 175.0, 175.0, 175.0, 175.0, 175.0, 175.0, 175.0, 175.0, 175.0, 175.0, 175.0, 175.0, 175.0, 175.0, 175.0]	[-188.0, -188.0, -129.0, 15.0, 121.0, 217.0, 278.0, 307.0, 315.0, 318.0, 318.0, 318.0, 318.0, 318.0, 318.0, 318.0, 318.0, 318.0, 318.0, 318.0, 318.0, 318.0, 318.0, 318.0]	[0, 0, 0, 0, 0, 0, 0, 0, 0, 0, 0, 0, 0, 0, 0, 0, 0, 0, 0, 0, 0, 0, 0, 1]	[0, 0, 0, 0, 0, 0, 0, 0, 0, 0, 0, 0, 0, 0, 0, 0, 0, 0, 0, 0, 0, 0, 0, 0]	[0, 0, 0, 0, 0, 0, 0, 0, 0, 0, 0, 0, 0, 0, 0, 0, 0, 0, 0, 0, 0, 0, 0, 0]	[0.00018289999570697546, 0.012633200007257983, 0.029214599999249913, 0.04650969999784138, 0.06248279999999795, 0.07950419999542646, 0.09613659999740776, 0.11255459999665618, 0.1290461000025971, 0.14584060000197496, 0.16233120000106283, 0.17899090000719298, 0.1958100000047125, 0.21229130000574514, 0.2290262000024086, 0.24596860000747256, 0.2626371000078507, 0.2791060000017751, 0.2957056000013836, 0.31260479999764357, 0.32909400000062305, 0.34571180000784807, 0.36241400000290014, 0.3796414999960689]	175.0	318.0	0.6	9b
584	14	go_nogo	0	60	2	go	click	[52.0, 52.0, 79.0, 112.0, 141.0, 168.0, 183.0, 190.0, 196.0, 204.0, 210.0, 216.0, 219.0, 223.0, 223.0, 223.0, 223.0, 223.0, 223.0, 223.0, 223.0, 223.0, 223.0, 223.0, 223.0, 223.0]	[-238.0, -238.0, -147.0, -56.0, 23.0, 110.0, 170.0, 191.0, 216.0, 241.0, 264.0, 287.0, 306.0, 317.0, 319.0, 319.0, 319.0, 319.0, 319.0, 319.0, 319.0, 319.0, 319.0, 319.0, 319.0, 319.0]	[0, 0, 0, 0, 0, 0, 0, 0, 0, 0, 0, 0, 0, 0, 0, 0, 0, 0, 0, 0, 0, 0, 0, 0, 0, 1]	[0, 0, 0, 0, 0, 0, 0, 0, 0, 0, 0, 0, 0, 0, 0, 0, 0, 0, 0, 0, 0, 0, 0, 0, 0, 0]	[0, 0, 0, 0, 0, 0, 0, 0, 0, 0, 0, 0, 0, 0, 0, 0, 0, 0, 0, 0, 0, 0, 0, 0, 0, 0]	[0.0002373999886913225, 0.012171599999419414, 0.02885519999836106, 0.04552779998630285, 0.06272369998623617, 0.07898879999993369, 0.0955674999859184, 0.11215999998967163, 0.12877369999478105, 0.14575569999578875, 0.16225549999217037, 0.1793199999956414, 0.19555669999681413, 0.21226579998619854, 0.22873649999382906, 0.24538639999809675, 0.2620582999952603, 0.278806699992856, 0.29530059998796787, 0.31210060000012163, 0.3286669999943115, 0.345650499992189, 0.36218269998789765, 0.378645199991297, 0.39555359999940265, 0.41265529999509454]	223.0	319.0	0.9	9b
585	14	go_nogo	0	60	6	go	click	[48.0, 48.0, 57.0, 72.0, 80.0, 86.0, 93.0, 95.0, 96.0, 97.0, 99.0, 100.0, 101.0, 102.0, 103.0, 103.0, 104.0, 104.0, 104.0, 107.0, 114.0, 131.0, 150.0, 169.0, 186.0, 199.0, 210.0, 214.0, 216.0, 216.0, 216.0, 216.0, 216.0, 217.0, 217.0]	[-204.0, -204.0, -168.0, -103.0, -38.0, 23.0, 80.0, 102.0, 120.0, 131.0, 140.0, 149.0, 159.0, 166.0, 169.0, 169.0, 169.0, 169.0, 169.0, 175.0, 184.0, 201.0, 219.0, 237.0, 255.0, 270.0, 281.0, 287.0, 291.0, 292.0, 292.0, 292.0, 292.0, 292.0, 292.0]	[0, 0, 0, 0, 0, 0, 0, 0, 0, 0, 0, 0, 0, 0, 0, 0, 0, 0, 0, 0, 0, 0, 0, 0, 0, 0, 0, 0, 0, 0, 0, 0, 0, 0, 1]	[0, 0, 0, 0, 0, 0, 0, 0, 0, 0, 0, 0, 0, 0, 0, 0, 0, 0, 0, 0, 0, 0, 0, 0, 0, 0, 0, 0, 0, 0, 0, 0, 0, 0, 0]	[0, 0, 0, 0, 0, 0, 0, 0, 0, 0, 0, 0, 0, 0, 0, 0, 0, 0, 0, 0, 0, 0, 0, 0, 0, 0, 0, 0, 0, 0, 0, 0, 0, 0, 0]	[0.00018540000019129366, 0.010228800005279481, 0.027053099998738617, 0.043633900000713766, 0.06037770000693854, 0.07701259999885224, 0.0937493999954313, 0.11068490000616293, 0.12752239999826998, 0.14379960000223946, 0.16018049999547657, 0.17709929999546148, 0.19371269999828655, 0.2102493999991566, 0.22672020000754856, 0.24392239999724552, 0.26001569999789353, 0.27664710000681225, 0.29352839999774005, 0.31025369999406394, 0.3270749000075739, 0.3440396999940276, 0.3602448000019649, 0.3768555999995442, 0.39356799999950454, 0.4102266999980202, 0.4268346000026213, 0.4435150000063004, 0.4601433000061661, 0.4767011999938404, 0.49325060000410303, 0.5099182999983896, 0.5267724000004819, 0.5432746000005864, 0.5598598000069614]	217.0	292.0	0.5	9b
586	14	go_nogo	0	60	6	go	click	[27.0, 27.0, 54.0, 89.0, 126.0, 152.0, 164.0, 169.0, 173.0, 176.0, 177.0, 180.0, 181.0, 183.0, 183.0, 183.0, 183.0, 183.0, 187.0, 188.0, 190.0, 191.0, 192.0, 192.0, 192.0, 192.0]	[-259.0, -259.0, -169.0, -66.0, 37.0, 112.0, 154.0, 176.0, 192.0, 205.0, 219.0, 236.0, 253.0, 262.0, 265.0, 265.0, 265.0, 268.0, 275.0, 286.0, 295.0, 299.0, 302.0, 303.0, 303.0, 303.0]	[0, 0, 0, 0, 0, 0, 0, 0, 0, 0, 0, 0, 0, 0, 0, 0, 0, 0, 0, 0, 0, 0, 0, 0, 0, 1]	[0, 0, 0, 0, 0, 0, 0, 0, 0, 0, 0, 0, 0, 0, 0, 0, 0, 0, 0, 0, 0, 0, 0, 0, 0, 0]	[0, 0, 0, 0, 0, 0, 0, 0, 0, 0, 0, 0, 0, 0, 0, 0, 0, 0, 0, 0, 0, 0, 0, 0, 0, 0]	[0.0002742000069702044, 0.013203099995735101, 0.03015140000206884, 0.04660080000758171, 0.06285830000706483, 0.07954160000372212, 0.09640090000175405, 0.11315050000848714, 0.1297603999992134, 0.14640280000458006, 0.1629516999964835, 0.17963100000633858, 0.1963504000013927, 0.21308980000321753, 0.2294326999981422, 0.24626129999523982, 0.26304540000273846, 0.27964190000784583, 0.29616270000406075, 0.312885000006645, 0.32973320000746753, 0.3463066999975126, 0.3629923999978928, 0.37945439999748487, 0.3961265999969328, 0.41321050000260584]	192.0	303.0	0.8	9b
587	14	go_nogo	0	60	4	go	click	[41.0, 41.0, 49.0, 76.0, 105.0, 114.0, 117.0, 122.0, 127.0, 129.0, 132.0, 133.0, 134.0, 136.0, 141.0, 142.0, 142.0, 142.0, 142.0, 142.0, 142.0, 142.0, 142.0, 142.0, 142.0, 142.0, 142.0, 142.0, 142.0, 142.0, 142.0, 142.0, 142.0, 142.0, 142.0, 142.0, 142.0, 144.0, 150.0, 156.0, 163.0, 167.0, 168.0, 170.0, 171.0]	[-251.0, -251.0, -207.0, -87.0, 80.0, 145.0, 193.0, 223.0, 244.0, 259.0, 268.0, 278.0, 285.0, 295.0, 308.0, 313.0, 315.0, 315.0, 315.0, 315.0, 315.0, 315.0, 315.0, 315.0, 315.0, 315.0, 315.0, 315.0, 315.0, 315.0, 315.0, 315.0, 315.0, 315.0, 315.0, 315.0, 315.0, 315.0, 315.0, 312.0, 309.0, 309.0, 308.0, 307.0, 307.0]	[0, 0, 0, 0, 0, 0, 0, 0, 0, 0, 0, 0, 0, 0, 0, 0, 0, 0, 0, 0, 0, 0, 0, 0, 1, 1, 1, 1, 1, 1, 1, 0, 0, 0, 0, 0, 0, 0, 0, 0, 0, 0, 0, 0, 1]	[0, 0, 0, 0, 0, 0, 0, 0, 0, 0, 0, 0, 0, 0, 0, 0, 0, 0, 0, 0, 0, 0, 0, 0, 0, 0, 0, 0, 0, 0, 0, 0, 0, 0, 0, 0, 0, 0, 0, 0, 0, 0, 0, 0, 0]	[0, 0, 0, 0, 0, 0, 0, 0, 0, 0, 0, 0, 0, 0, 0, 0, 0, 0, 0, 0, 0, 0, 0, 0, 0, 0, 0, 0, 0, 0, 0, 0, 0, 0, 0, 0, 0, 0, 0, 0, 0, 0, 0, 0, 0]	[0.00022819999139755964, 0.012210399989271536, 0.028716100001474842, 0.04544190000160597, 0.062174899998353794, 0.07885900000110269, 0.0957289999932982, 0.11236909999570344, 0.1287844999897061, 0.14538819999143016, 0.16230450000148267, 0.17884269999922253, 0.1954122000024654, 0.21247329999459907, 0.2287406999967061, 0.2456188999931328, 0.2621872999879997, 0.27865599999495316, 0.29517879999184515, 0.31201579999469686, 0.3286663999897428, 0.3451922999956878, 0.36207699999795295, 0.3786368000000948, 0.3956259999977192, 0.4118395999976201, 0.42835859999468084, 0.44509300000208896, 0.4616737999895122, 0.47833800000080373, 0.49520140000095125, 0.5119630999979563, 0.5283055999898352, 0.5449001999950269, 0.5618031999911182, 0.578406399989035, 0.5952828000008594, 0.6121582999912789, 0.6287092999991728, 0.6453894000005675, 0.6619189999910304, 0.6786240999936126, 0.6952071999985492, 0.7118938999919919, 0.7286961999925552]	171.0	307.0	1.0	9b
588	14	go_nogo	0	60	9	nogo	none	[71.0, 71.0, 90.0, 147.0, 206.0, 263.0, 283.0, 291.0, 294.0, 295.0, 296.0, 297.0, 297.0, 297.0, 297.0, 297.0, 297.0, 295.0, 287.0, 274.0, 254.0, 235.0, 225.0, 219.0, 218.0, 217.0, 217.0, 217.0, 217.0, 217.0, 215.0, 215.0, 215.0, 215.0, 215.0, 215.0, 215.0, 215.0, 215.0, 215.0, 215.0, 215.0, 215.0, 215.0, 215.0, 215.0, 215.0, 215.0, 215.0, 215.0, 215.0, 215.0, 215.0, 215.0, 215.0, 215.0, 215.0, 215.0, 215.0, 215.0, 215.0, 215.0, 215.0, 215.0, 215.0, 215.0, 215.0]	[-232.0, -232.0, -182.0, -56.0, 62.0, 197.0, 249.0, 275.0, 290.0, 298.0, 303.0, 306.0, 306.0, 306.0, 306.0, 306.0, 306.0, 306.0, 303.0, 297.0, 290.0, 285.0, 284.0, 283.0, 283.0, 283.0, 282.0, 282.0, 282.0, 282.0, 282.0, 282.0, 282.0, 282.0, 282.0, 282.0, 282.0, 282.0, 282.0, 282.0, 282.0, 282.0, 282.0, 282.0, 282.0, 282.0, 282.0, 282.0, 282.0, 282.0, 282.0, 282.0, 282.0, 282.0, 282.0, 282.0, 282.0, 282.0, 282.0, 282.0, 282.0, 282.0, 282.0, 282.0, 282.0, 282.0, 282.0]	[0, 0, 0, 0, 0, 0, 0, 0, 0, 0, 0, 0, 0, 0, 0, 0, 0, 0, 0, 0, 0, 0, 0, 0, 0, 0, 0, 0, 0, 0, 0, 0, 0, 0, 0, 0, 0, 0, 0, 0, 0, 0, 0, 0, 0, 0, 0, 0, 0, 0, 0, 0, 0, 0, 0, 0, 0, 0, 0, 0, 0, 0, 0, 0, 0, 0, 0]	[0, 0, 0, 0, 0, 0, 0, 0, 0, 0, 0, 0, 0, 0, 0, 0, 0, 0, 0, 0, 0, 0, 0, 0, 0, 0, 0, 0, 0, 0, 0, 0, 0, 0, 0, 0, 0, 0, 0, 0, 0, 0, 0, 0, 0, 0, 0, 0, 0, 0, 0, 0, 0, 0, 0, 0, 0, 0, 0, 0, 0, 0, 0, 0, 0, 0, 0]	[0, 0, 0, 0, 0, 0, 0, 0, 0, 0, 0, 0, 0, 0, 0, 0, 0, 0, 0, 0, 0, 0, 0, 0, 0, 0, 0, 0, 0, 0, 0, 0, 0, 0, 0, 0, 0, 0, 0, 0, 0, 0, 0, 0, 0, 0, 0, 0, 0, 0, 0, 0, 0, 0, 0, 0, 0, 0, 0, 0, 0, 0, 0, 0, 0, 0, 0]	[0.00021980000019539148, 0.011711700004525483, 0.028113899999880232, 0.04492780000146013, 0.06187609999324195, 0.07858410000335425, 0.09539829999266658, 0.11179429999901913, 0.12841219999245368, 0.14513679999799933, 0.16147069999715313, 0.17813879999448545, 0.19484500000544358, 0.21135889999277424, 0.22808220000297297, 0.24464439999428578, 0.26157649999368005, 0.27859170000010636, 0.2952709999954095, 0.31150009999691974, 0.328409499998088, 0.3449086000036914, 0.3613991000020178, 0.37826460000360385, 0.39488979999441653, 0.4118581999937305, 0.4280380999989575, 0.4446405000053346, 0.461528100000578, 0.478180699996301, 0.4947397999931127, 0.5111500999919372, 0.5280723000032594, 0.5447271000011824, 0.5614050000003772, 0.578000699999393, 0.594771000003675, 0.6112871999939671, 0.628148699994199, 0.6447749999933876, 0.6614777999930084, 0.6780008999921847, 0.6948622000054456, 0.7113566000043647, 0.7280080999917118, 0.7447272999997949, 0.7613008000043919, 0.7778338999924017, 0.7946051000035368, 0.8110465999925509, 0.8278174000006402, 0.8444522999925539, 0.8611773000011453, 0.8779730999958701, 0.8946884000033606, 0.9115302999998676, 0.9279572999948869, 0.944367299991427, 0.9615334999980405, 0.9778261000028579, 0.9946862999931909, 1.0113458999985596, 1.027764099999331, 1.0444551999971736, 1.0612713000009535, 1.077770399992005, 1.0945702000026358]	n/a	n/a	0.9	9b
589	15	go_only	0	18	8	go	click	[31.0, 31.0, 38.0, 51.0, 62.0, 78.0, 94.0, 114.0, 124.0, 132.0, 137.0, 140.0, 142.0, 142.0, 142.0, 142.0, 142.0, 142.0, 142.0, 142.0, 148.0, 153.0, 160.0, 165.0, 168.0, 170.0, 171.0, 171.0, 171.0, 171.0]	[-198.0, -198.0, -158.0, -91.0, -28.0, 47.0, 123.0, 207.0, 248.0, 284.0, 319.0, 347.0, 365.0, 373.0, 374.0, 374.0, 374.0, 374.0, 372.0, 360.0, 341.0, 329.0, 323.0, 319.0, 316.0, 313.0, 312.0, 312.0, 312.0, 312.0]	[0, 0, 0, 0, 0, 0, 0, 0, 0, 0, 0, 0, 0, 0, 0, 0, 0, 0, 0, 0, 0, 0, 0, 0, 0, 0, 0, 0, 0, 1]	[0, 0, 0, 0, 0, 0, 0, 0, 0, 0, 0, 0, 0, 0, 0, 0, 0, 0, 0, 0, 0, 0, 0, 0, 0, 0, 0, 0, 0, 0]	[0, 0, 0, 0, 0, 0, 0, 0, 0, 0, 0, 0, 0, 0, 0, 0, 0, 0, 0, 0, 0, 0, 0, 0, 0, 0, 0, 0, 0, 0]	[0.00019109999993816018, 0.010607399992295541, 0.026962099989759736, 0.04356510000070557, 0.06024799999431707, 0.07696589999250136, 0.09370729999500327, 0.1107268999912776, 0.12707919999957085, 0.14365289999113884, 0.16030309999769088, 0.17695359999197535, 0.1936406999884639, 0.21052909998979885, 0.22687439998844638, 0.24353129998780787, 0.25999700000102166, 0.2766265999962343, 0.2940418999933172, 0.31120609999925364, 0.3271377999917604, 0.3437369999883231, 0.360282499997993, 0.37705840000126045, 0.3938556999928551, 0.41043389998958446, 0.42684149999695364, 0.44342159999359865, 0.46019389999855775, 0.4773968999943463]	171.0	312.0	0.8	9b
590	15	go_only	0	18	3	go	click	[63.0, 63.0, 78.0, 103.0, 134.0, 146.0, 153.0, 161.0, 164.0, 169.0, 177.0, 182.0, 185.0, 187.0, 188.0, 189.0, 190.0, 197.0, 198.0, 200.0, 201.0, 203.0, 207.0, 210.0, 211.0, 211.0, 211.0, 211.0]	[-250.0, -250.0, -204.0, -115.0, 6.0, 66.0, 109.0, 142.0, 166.0, 181.0, 197.0, 205.0, 212.0, 216.0, 219.0, 222.0, 228.0, 243.0, 250.0, 254.0, 259.0, 267.0, 277.0, 286.0, 291.0, 292.0, 292.0, 292.0]	[0, 0, 0, 0, 0, 0, 0, 0, 0, 0, 0, 0, 0, 0, 0, 0, 0, 0, 0, 0, 0, 0, 0, 0, 0, 0, 0, 1]	[0, 0, 0, 0, 0, 0, 0, 0, 0, 0, 0, 0, 0, 0, 0, 0, 0, 0, 0, 0, 0, 0, 0, 0, 0, 0, 0, 0]	[0, 0, 0, 0, 0, 0, 0, 0, 0, 0, 0, 0, 0, 0, 0, 0, 0, 0, 0, 0, 0, 0, 0, 0, 0, 0, 0, 0]	[0.00029710000671911985, 0.010352500001317821, 0.027245599994785152, 0.04365659999893978, 0.06029619999753777, 0.07734060000802856, 0.09408730000723153, 0.11035430000629276, 0.12735789999715053, 0.14356520000728779, 0.16034220000437927, 0.17721700000402052, 0.19363330000487622, 0.2103348999953596, 0.22730320000846405, 0.24376759999722708, 0.2603522999997949, 0.27729670000553597, 0.29358399999910034, 0.3121529000054579, 0.32663270000193734, 0.3436325000075158, 0.36012640000262763, 0.37681610000436194, 0.3937573000002885, 0.41009350000240374, 0.4269491000013659, 0.44384599999466445]	211.0	292.0	0.8	9b
591	15	go_only	0	18	2	go	click	[28.0, 28.0, 62.0, 92.0, 114.0, 134.0, 148.0, 161.0, 170.0, 176.0, 180.0, 182.0, 185.0, 186.0, 187.0, 187.0, 187.0, 187.0, 187.0, 187.0, 187.0, 187.0, 187.0, 187.0, 187.0, 187.0]	[-254.0, -254.0, -151.0, -57.0, 28.0, 113.0, 191.0, 244.0, 281.0, 305.0, 323.0, 330.0, 337.0, 342.0, 345.0, 345.0, 345.0, 345.0, 345.0, 345.0, 345.0, 345.0, 345.0, 345.0, 345.0, 345.0]	[0, 0, 0, 0, 0, 0, 0, 0, 0, 0, 0, 0, 0, 0, 0, 0, 0, 0, 0, 0, 0, 0, 0, 0, 0, 1]	[0, 0, 0, 0, 0, 0, 0, 0, 0, 0, 0, 0, 0, 0, 0, 0, 0, 0, 0, 0, 0, 0, 0, 0, 0, 0]	[0, 0, 0, 0, 0, 0, 0, 0, 0, 0, 0, 0, 0, 0, 0, 0, 0, 0, 0, 0, 0, 0, 0, 0, 0, 0]	[0.0001019000046653673, 0.010974600008921698, 0.027459300006739795, 0.04401969999889843, 0.06091220000234898, 0.07756570000492502, 0.09427660000801552, 0.1108342000079574, 0.12736159999622032, 0.14435750000120606, 0.16106900000886526, 0.1780672000022605, 0.19427269999869168, 0.21092520000820514, 0.2276101000024937, 0.2441938999982085, 0.2607895999972243, 0.2775677000026917, 0.2940052000049036, 0.3106379999953788, 0.32770589999563526, 0.34420049999607727, 0.36081209999974817, 0.37759830000868533, 0.39409869999508373, 0.4113255999982357]	187.0	345.0	0.7	9b
592	15	go_only	0	18	2	go	click	[64.0, 64.0, 97.0, 138.0, 179.0, 210.0, 234.0, 253.0, 261.0, 267.0, 270.0, 272.0, 274.0, 274.0, 275.0, 275.0, 275.0, 275.0, 275.0, 275.0, 273.0, 266.0, 256.0, 250.0, 245.0, 242.0, 239.0, 238.0, 238.0, 238.0]	[-284.0, -284.0, -185.0, -77.0, 16.0, 93.0, 156.0, 215.0, 259.0, 285.0, 298.0, 306.0, 319.0, 325.0, 327.0, 327.0, 327.0, 327.0, 327.0, 327.0, 327.0, 323.0, 317.0, 313.0, 309.0, 307.0, 305.0, 305.0, 304.0, 304.0]	[0, 0, 0, 0, 0, 0, 0, 0, 0, 0, 0, 0, 0, 0, 0, 0, 0, 0, 0, 0, 0, 0, 0, 0, 0, 0, 0, 0, 0, 1]	[0, 0, 0, 0, 0, 0, 0, 0, 0, 0, 0, 0, 0, 0, 0, 0, 0, 0, 0, 0, 0, 0, 0, 0, 0, 0, 0, 0, 0, 0]	[0, 0, 0, 0, 0, 0, 0, 0, 0, 0, 0, 0, 0, 0, 0, 0, 0, 0, 0, 0, 0, 0, 0, 0, 0, 0, 0, 0, 0, 0]	[8.520000847056508e-05, 0.013134900000295602, 0.0296167000051355, 0.04597220000869129, 0.06320170000253711, 0.0797865000058664, 0.09637470000598114, 0.11300340000889264, 0.12969739999971353, 0.1463170000060927, 0.16290370000933763, 0.17977190000237897, 0.1964466000063112, 0.2128938000096241, 0.22920570000133011, 0.24603260000003502, 0.2626788000052329, 0.2793369999999413, 0.29593980000936426, 0.31301640000310726, 0.3295704000047408, 0.34588750000693835, 0.3626193000091007, 0.3798058999964269, 0.3960808999981964, 0.4127174000022933, 0.42932500000461005, 0.44606950000161305, 0.4626913000101922, 0.4794815000059316]	238.0	304.0	0.8	9b
593	15	go_only	0	18	7	go	click	[59.0, 59.0, 81.0, 106.0, 128.0, 152.0, 169.0, 179.0, 187.0, 190.0, 191.0, 191.0, 191.0, 191.0, 191.0, 191.0, 191.0, 191.0, 191.0, 191.0, 191.0, 191.0, 191.0]	[-202.0, -202.0, -117.0, -31.0, 57.0, 139.0, 204.0, 243.0, 270.0, 281.0, 285.0, 285.0, 286.0, 289.0, 291.0, 292.0, 292.0, 292.0, 292.0, 292.0, 292.0, 292.0, 292.0]	[0, 0, 0, 0, 0, 0, 0, 0, 0, 0, 0, 0, 0, 0, 0, 0, 0, 0, 0, 0, 0, 0, 1]	[0, 0, 0, 0, 0, 0, 0, 0, 0, 0, 0, 0, 0, 0, 0, 0, 0, 0, 0, 0, 0, 0, 0]	[0, 0, 0, 0, 0, 0, 0, 0, 0, 0, 0, 0, 0, 0, 0, 0, 0, 0, 0, 0, 0, 0, 0]	[0.0002308000111952424, 0.011822700005723163, 0.028653000001213513, 0.04510570000275038, 0.06149550000554882, 0.07842930000333581, 0.09508480000658892, 0.11176650000561494, 0.12840030000370461, 0.14520910001010634, 0.16155790000630077, 0.17823320000024978, 0.19510410001385026, 0.21170350001193583, 0.22842950001358986, 0.24496300000464544, 0.2617210000025807, 0.2784779000066919, 0.29503480000130367, 0.31151140001020394, 0.3282055000017863, 0.34490600001299754, 0.36184030000003986]	191.0	292.0	0.5	9b
594	15	go_only	0	18	6	go	click	[66.0, 66.0, 84.0, 109.0, 133.0, 158.0, 192.0, 218.0, 230.0, 234.0, 235.0, 235.0, 237.0, 239.0, 241.0, 242.0, 242.0, 242.0, 242.0, 242.0, 242.0, 242.0, 242.0, 242.0, 242.0, 242.0, 241.0, 241.0, 241.0]	[-267.0, -267.0, -194.0, -105.0, 0.0, 97.0, 200.0, 274.0, 308.0, 320.0, 322.0, 323.0, 325.0, 328.0, 333.0, 333.0, 333.0, 333.0, 333.0, 333.0, 333.0, 333.0, 333.0, 333.0, 333.0, 333.0, 333.0, 333.0, 333.0]	[0, 0, 0, 0, 0, 0, 0, 0, 0, 0, 0, 0, 0, 0, 0, 0, 0, 0, 0, 0, 0, 0, 0, 0, 0, 0, 0, 0, 1]	[0, 0, 0, 0, 0, 0, 0, 0, 0, 0, 0, 0, 0, 0, 0, 0, 0, 0, 0, 0, 0, 0, 0, 0, 0, 0, 0, 0, 0]	[0, 0, 0, 0, 0, 0, 0, 0, 0, 0, 0, 0, 0, 0, 0, 0, 0, 0, 0, 0, 0, 0, 0, 0, 0, 0, 0, 0, 0]	[0.0003141000051982701, 0.011979899994912557, 0.028219600004376844, 0.04474389999813866, 0.061402200008160435, 0.077875100003439, 0.09487000000081025, 0.11143459999584593, 0.12805529999604914, 0.14452709999750368, 0.1613350999978138, 0.17816219999804161, 0.19484809999994468, 0.2121750000078464, 0.22813390000374056, 0.24459450000722427, 0.2612003999965964, 0.2778693000000203, 0.29449359999853186, 0.3111198999977205, 0.3279672000062419, 0.3445062999962829, 0.3616508999984944, 0.37789000000339, 0.39458680000097957, 0.41144749999511987, 0.42783349999808706, 0.4443717999965884, 0.4615477000043029]	241.0	333.0	0.7	9b
595	15	go_only	0	18	4	go	click	[30.0, 30.0, 39.0, 53.0, 74.0, 92.0, 97.0, 102.0, 108.0, 115.0, 119.0, 120.0, 121.0, 121.0, 121.0, 121.0, 123.0, 126.0, 128.0, 129.0, 131.0, 131.0, 133.0, 135.0, 141.0, 155.0, 169.0, 183.0, 194.0, 197.0, 197.0, 197.0, 197.0]	[-258.0, -258.0, -222.0, -151.0, -73.0, 10.0, 50.0, 90.0, 128.0, 157.0, 172.0, 180.0, 187.0, 191.0, 193.0, 198.0, 203.0, 212.0, 222.0, 227.0, 229.0, 231.0, 233.0, 235.0, 240.0, 249.0, 261.0, 271.0, 282.0, 284.0, 285.0, 285.0, 285.0]	[0, 0, 0, 0, 0, 0, 0, 0, 0, 0, 0, 0, 0, 0, 0, 0, 0, 0, 0, 0, 0, 0, 0, 0, 0, 0, 0, 0, 0, 0, 0, 0, 1]	[0, 0, 0, 0, 0, 0, 0, 0, 0, 0, 0, 0, 0, 0, 0, 0, 0, 0, 0, 0, 0, 0, 0, 0, 0, 0, 0, 0, 0, 0, 0, 0, 0]	[0, 0, 0, 0, 0, 0, 0, 0, 0, 0, 0, 0, 0, 0, 0, 0, 0, 0, 0, 0, 0, 0, 0, 0, 0, 0, 0, 0, 0, 0, 0, 0, 0]	[0.0002989999920828268, 0.01144969998858869, 0.02872459999343846, 0.04477799999585841, 0.061349600000539795, 0.0780393000022741, 0.0947563999943668, 0.11130839999532327, 0.1280125999910524, 0.14462379999167752, 0.1614887999894563, 0.17807129998982418, 0.1945988999941619, 0.21133679999911692, 0.22847069999261294, 0.24465959999361075, 0.261676099995384, 0.2785017999995034, 0.2947563999914564, 0.31172359999618493, 0.3282238999963738, 0.3446764999971492, 0.36117979999107774, 0.37781199999153614, 0.3947243000002345, 0.4113846999971429, 0.4279822999960743, 0.4446832999965409, 0.4613307999970857, 0.4783389999938663, 0.4945417999988422, 0.5111273999937112, 0.5282060999888927]	197.0	285.0	0.8	9b
596	15	go_only	0	18	4	go	click	[34.0, 49.0, 64.0, 90.0, 119.0, 136.0, 160.0, 171.0, 180.0, 183.0, 184.0, 184.0, 184.0, 186.0, 186.0, 186.0, 186.0, 186.0, 186.0, 186.0, 186.0, 186.0, 186.0, 186.0]	[-296.0, -251.0, -201.0, -100.0, 1.0, 85.0, 189.0, 233.0, 258.0, 270.0, 272.0, 275.0, 279.0, 284.0, 286.0, 286.0, 286.0, 286.0, 286.0, 286.0, 286.0, 286.0, 286.0, 286.0]	[0, 0, 0, 0, 0, 0, 0, 0, 0, 0, 0, 0, 0, 0, 0, 0, 0, 0, 0, 0, 0, 0, 0, 1]	[0, 0, 0, 0, 0, 0, 0, 0, 0, 0, 0, 0, 0, 0, 0, 0, 0, 0, 0, 0, 0, 0, 0, 0]	[0, 0, 0, 0, 0, 0, 0, 0, 0, 0, 0, 0, 0, 0, 0, 0, 0, 0, 0, 0, 0, 0, 0, 0]	[0.00010299999848939478, 0.012040999994496815, 0.02883799999835901, 0.045243999993545, 0.0619103999924846, 0.07893089999561198, 0.09602659998927265, 0.11279949999880046, 0.12941869998758193, 0.1454018999938853, 0.16216029999486636, 0.17892409999330994, 0.19566009999834932, 0.21252659999299794, 0.22885909999604337, 0.2451862999878358, 0.2621229999931529, 0.2786796000000322, 0.2954097999900114, 0.31215709999378305, 0.3286836999905063, 0.3453274999919813, 0.36210809998738114, 0.378807399989455]	186.0	286.0	0.6	9b
597	15	go_only	0	18	4	go	click	[91.0, 91.0, 121.0, 150.0, 173.0, 186.0, 191.0, 196.0, 199.0, 200.0, 200.0, 201.0, 201.0, 201.0, 201.0, 201.0, 201.0, 201.0, 201.0, 201.0, 201.0, 201.0, 201.0, 201.0, 201.0]	[-179.0, -179.0, -89.0, -5.0, 61.0, 110.0, 146.0, 175.0, 195.0, 212.0, 224.0, 255.0, 277.0, 290.0, 293.0, 294.0, 294.0, 294.0, 294.0, 294.0, 295.0, 295.0, 295.0, 296.0, 296.0]	[0, 0, 0, 0, 0, 0, 0, 0, 0, 0, 0, 0, 0, 0, 0, 0, 0, 0, 0, 0, 0, 0, 0, 0, 1]	[0, 0, 0, 0, 0, 0, 0, 0, 0, 0, 0, 0, 0, 0, 0, 0, 0, 0, 0, 0, 0, 0, 0, 0, 0]	[0, 0, 0, 0, 0, 0, 0, 0, 0, 0, 0, 0, 0, 0, 0, 0, 0, 0, 0, 0, 0, 0, 0, 0, 0]	[0.0001078000059351325, 0.011246000009123236, 0.027839300004416145, 0.04462140001123771, 0.061185099999420345, 0.07767030000104569, 0.0945376000017859, 0.11145860000397079, 0.12791170000855345, 0.14458780000859406, 0.16118540000752546, 0.17775510001229122, 0.19448560000455473, 0.2115825000073528, 0.22754400000849273, 0.24409410000953358, 0.2607128000090597, 0.27744420000817627, 0.2941544000059366, 0.31097450001107063, 0.32742549999966286, 0.3440766999992775, 0.36107579999952577, 0.3771473000088008, 0.3943662000092445]	201.0	296.0	0.9	9b
598	15	go_only	0	18	3	go	click	[27.0, 27.0, 52.0, 79.0, 105.0, 131.0, 156.0, 177.0, 186.0, 191.0, 193.0, 193.0, 193.0, 193.0, 192.0, 192.0, 192.0, 192.0, 192.0, 192.0, 192.0, 192.0, 192.0, 192.0, 192.0, 192.0]	[-287.0, -287.0, -216.0, -137.0, -58.0, 24.0, 110.0, 191.0, 235.0, 262.0, 280.0, 295.0, 315.0, 327.0, 337.0, 339.0, 339.0, 339.0, 339.0, 339.0, 339.0, 339.0, 339.0, 339.0, 339.0, 339.0]	[0, 0, 0, 0, 0, 0, 0, 0, 0, 0, 0, 0, 0, 0, 0, 0, 0, 0, 0, 0, 0, 0, 0, 0, 0, 1]	[0, 0, 0, 0, 0, 0, 0, 0, 0, 0, 0, 0, 0, 0, 0, 0, 0, 0, 0, 0, 0, 0, 0, 0, 0, 0]	[0, 0, 0, 0, 0, 0, 0, 0, 0, 0, 0, 0, 0, 0, 0, 0, 0, 0, 0, 0, 0, 0, 0, 0, 0, 0]	[0.00011409999569877982, 0.010630499993567355, 0.02732059999834746, 0.04414709999400657, 0.06062099999689963, 0.07723260000057053, 0.09412749999319203, 0.1106489999947371, 0.1273693999974057, 0.14402150000387337, 0.16051770000194665, 0.17725439999776427, 0.19405780000670347, 0.2113346999976784, 0.2273886000039056, 0.2437080999952741, 0.2604693000030238, 0.27706799999577925, 0.2941103000048315, 0.310632099994109, 0.3271069000038551, 0.3437255000026198, 0.3604549000010593, 0.37705650000134483, 0.39374499999394175, 0.4109476000012364]	192.0	339.0	0.6	9b
599	15	go_only	0	18	6	go	click	[58.0, 58.0, 93.0, 131.0, 159.0, 182.0, 199.0, 207.0, 212.0, 215.0, 218.0, 220.0, 221.0, 221.0, 221.0, 221.0, 221.0, 221.0, 221.0, 220.0, 219.0, 219.0, 217.0, 217.0, 216.0, 215.0, 215.0, 215.0]	[-262.0, -262.0, -174.0, -85.0, -9.0, 58.0, 119.0, 159.0, 186.0, 202.0, 215.0, 231.0, 237.0, 252.0, 257.0, 261.0, 263.0, 267.0, 271.0, 276.0, 281.0, 286.0, 289.0, 294.0, 298.0, 300.0, 300.0, 300.0]	[0, 0, 0, 0, 0, 0, 0, 0, 0, 0, 0, 0, 0, 0, 0, 0, 0, 0, 0, 0, 0, 0, 0, 0, 0, 0, 0, 1]	[0, 0, 0, 0, 0, 0, 0, 0, 0, 0, 0, 0, 0, 0, 0, 0, 0, 0, 0, 0, 0, 0, 0, 0, 0, 0, 0, 0]	[0, 0, 0, 0, 0, 0, 0, 0, 0, 0, 0, 0, 0, 0, 0, 0, 0, 0, 0, 0, 0, 0, 0, 0, 0, 0, 0, 0]	[0.00020980001136194915, 0.009993600004236214, 0.026514099998166785, 0.04349039999942761, 0.059938500009593554, 0.07651179999811575, 0.09333699999842793, 0.10972330000367947, 0.1262286999990465, 0.1431085000076564, 0.16040910000447184, 0.17640880000544712, 0.1932407999993302, 0.2101227000093786, 0.22647449999931268, 0.24304950000077952, 0.2600057000090601, 0.2764010000100825, 0.2930744000041159, 0.3096150000055786, 0.326173800000106, 0.34285970000200905, 0.35959059999731835, 0.37622590000682976, 0.3928968999971403, 0.4092404999973951, 0.42589920001046266, 0.44279490000917576]	215.0	300.0	0.8	9b
600	15	go_only	0	18	7	go	click	[79.0, 79.0, 113.0, 143.0, 166.0, 180.0, 185.0, 188.0, 190.0, 193.0, 193.0, 194.0, 195.0, 197.0, 197.0, 197.0, 197.0, 197.0, 197.0, 197.0, 197.0, 197.0]	[-186.0, -186.0, -83.0, 8.0, 78.0, 135.0, 179.0, 214.0, 236.0, 257.0, 273.0, 288.0, 300.0, 308.0, 308.0, 308.0, 308.0, 308.0, 308.0, 308.0, 308.0, 308.0]	[0, 0, 0, 0, 0, 0, 0, 0, 0, 0, 0, 0, 0, 0, 0, 0, 0, 0, 0, 0, 0, 1]	[0, 0, 0, 0, 0, 0, 0, 0, 0, 0, 0, 0, 0, 0, 0, 0, 0, 0, 0, 0, 0, 0]	[0, 0, 0, 0, 0, 0, 0, 0, 0, 0, 0, 0, 0, 0, 0, 0, 0, 0, 0, 0, 0, 0]	[0.00020909999147988856, 0.012508100000559352, 0.029400400002487004, 0.045425399992382154, 0.062153199993190356, 0.07887349999509752, 0.09567429999879096, 0.11238429999502841, 0.1290290000033565, 0.14611499999591615, 0.16240420000394806, 0.17892989999381825, 0.19562509999377653, 0.2119129999919096, 0.22868970000126865, 0.24531019999994896, 0.26203450000321027, 0.2785371999925701, 0.2954886999941664, 0.3118749999994179, 0.3285115000035148, 0.3456485999922734]	197.0	308.0	1.0	9b
601	15	go_only	0	18	8	go	click	[26.0, 46.0, 65.0, 97.0, 134.0, 152.0, 167.0, 176.0, 183.0, 186.0, 186.0, 186.0, 186.0, 186.0, 186.0, 186.0, 186.0, 186.0, 186.0, 186.0, 186.0, 186.0]	[-282.0, -242.0, -207.0, -119.0, -20.0, 79.0, 184.0, 232.0, 265.0, 285.0, 297.0, 300.0, 303.0, 303.0, 303.0, 303.0, 303.0, 303.0, 303.0, 303.0, 303.0, 303.0]	[0, 0, 0, 0, 0, 0, 0, 0, 0, 0, 0, 0, 0, 0, 0, 0, 0, 0, 0, 0, 0, 1]	[0, 0, 0, 0, 0, 0, 0, 0, 0, 0, 0, 0, 0, 0, 0, 0, 0, 0, 0, 0, 0, 0]	[0, 0, 0, 0, 0, 0, 0, 0, 0, 0, 0, 0, 0, 0, 0, 0, 0, 0, 0, 0, 0, 0]	[0.00015020000864751637, 0.011561999999685213, 0.02799349999986589, 0.04473649999999907, 0.061661400002776645, 0.07845640000596177, 0.09508379999897443, 0.1117835000040941, 0.12909190000209492, 0.14519570000993554, 0.16179080000438262, 0.17867600001045503, 0.19495140000071842, 0.2115399000031175, 0.22807100000500213, 0.2448424000031082, 0.261657600000035, 0.27825920000032056, 0.2949259000015445, 0.3116818999988027, 0.32824890001211315, 0.34548410000570584]	186.0	303.0	0.7	9b
602	15	go_only	0	18	6	go	click	[92.0, 92.0, 99.0, 124.0, 154.0, 175.0, 202.0, 228.0, 238.0, 246.0, 248.0, 249.0, 250.0, 251.0, 252.0, 254.0, 255.0, 255.0, 255.0, 255.0, 255.0, 255.0, 255.0, 255.0, 255.0, 253.0, 249.0, 244.0, 241.0, 239.0, 237.0, 234.0, 230.0, 228.0]	[-261.0, -261.0, -236.0, -172.0, -77.0, 0.0, 86.0, 161.0, 200.0, 223.0, 234.0, 238.0, 242.0, 245.0, 248.0, 255.0, 259.0, 265.0, 272.0, 277.0, 281.0, 282.0, 282.0, 282.0, 282.0, 282.0, 283.0, 284.0, 285.0, 286.0, 287.0, 288.0, 289.0, 289.0]	[0, 0, 0, 0, 0, 0, 0, 0, 0, 0, 0, 0, 0, 0, 0, 0, 0, 0, 0, 0, 0, 0, 0, 0, 0, 0, 0, 0, 0, 0, 0, 0, 0, 1]	[0, 0, 0, 0, 0, 0, 0, 0, 0, 0, 0, 0, 0, 0, 0, 0, 0, 0, 0, 0, 0, 0, 0, 0, 0, 0, 0, 0, 0, 0, 0, 0, 0, 0]	[0, 0, 0, 0, 0, 0, 0, 0, 0, 0, 0, 0, 0, 0, 0, 0, 0, 0, 0, 0, 0, 0, 0, 0, 0, 0, 0, 0, 0, 0, 0, 0, 0, 0]	[0.00020249999943189323, 0.013290600007167086, 0.029613200007588603, 0.046241600008215755, 0.06336700000974815, 0.07979600000544451, 0.09642100000928622, 0.11323780000384431, 0.1298393000033684, 0.14634659999865107, 0.16297230000782292, 0.1796887000091374, 0.19651760000851937, 0.2130092000006698, 0.22984400000132155, 0.24630240000260528, 0.26316440000664443, 0.2799047000007704, 0.2964432000007946, 0.3128957000008086, 0.3296066000038991, 0.34602060000179335, 0.36264270001265686, 0.37985090000438504, 0.3962889000104042, 0.4130682000104571, 0.42970960000820924, 0.4463848000013968, 0.4630835999996634, 0.4797590000089258, 0.4963432000076864, 0.5129286000010325, 0.529948700001114, 0.5466541000059806]	224.0	290.0	1.0	9b
603	15	go_only	0	18	2	go	click	[44.0, 44.0, 76.0, 104.0, 137.0, 163.0, 184.0, 202.0, 216.0, 223.0, 227.0, 230.0, 232.0, 235.0, 236.0, 236.0, 236.0, 236.0, 236.0, 236.0, 236.0, 236.0, 236.0, 236.0, 236.0, 236.0, 236.0, 236.0, 236.0, 236.0, 236.0, 236.0, 236.0, 236.0, 235.0, 233.0, 232.0, 231.0, 229.0, 227.0, 226.0, 225.0, 225.0, 225.0, 225.0]	[-242.0, -242.0, -162.0, -72.0, 19.0, 94.0, 157.0, 212.0, 251.0, 284.0, 305.0, 320.0, 331.0, 345.0, 350.0, 353.0, 353.0, 353.0, 354.0, 354.0, 354.0, 354.0, 354.0, 354.0, 354.0, 354.0, 354.0, 354.0, 354.0, 354.0, 354.0, 354.0, 354.0, 353.0, 351.0, 351.0, 349.0, 347.0, 341.0, 340.0, 337.0, 334.0, 330.0, 327.0, 326.0]	[0, 0, 0, 0, 0, 0, 0, 0, 0, 0, 0, 0, 0, 0, 0, 0, 0, 0, 0, 0, 0, 0, 0, 0, 0, 0, 1, 1, 1, 1, 1, 0, 0, 0, 0, 0, 0, 0, 0, 0, 0, 0, 0, 0, 1]	[0, 0, 0, 0, 0, 0, 0, 0, 0, 0, 0, 0, 0, 0, 0, 0, 0, 0, 0, 0, 0, 0, 0, 0, 0, 0, 0, 0, 0, 0, 0, 0, 0, 0, 0, 0, 0, 0, 0, 0, 0, 0, 0, 0, 0]	[0, 0, 0, 0, 0, 0, 0, 0, 0, 0, 0, 0, 0, 0, 0, 0, 0, 0, 0, 0, 0, 0, 0, 0, 0, 0, 0, 0, 0, 0, 0, 0, 0, 0, 0, 0, 0, 0, 0, 0, 0, 0, 0, 0, 0]	[0.0002440999960526824, 0.01238099999318365, 0.02917639999941457, 0.0457858000008855, 0.06215440000232775, 0.07875529999728315, 0.09544350000214763, 0.11254259999259375, 0.12891889999445993, 0.14541789999930188, 0.16197440000541974, 0.17879429999447893, 0.19543769999290816, 0.212262400003965, 0.2288568999938434, 0.24524380000366364, 0.2623256999941077, 0.27880179999920074, 0.29524429999582935, 0.3117824999935692, 0.3286877999926219, 0.3453289000026416, 0.36190740000165533, 0.3789238000026671, 0.3954712999984622, 0.41188959999999497, 0.42870469999616034, 0.4452309000043897, 0.46189209999283776, 0.47864990000380203, 0.4951888999930816, 0.5122220000048401, 0.5287386999989394, 0.5451194000052055, 0.5618428000016138, 0.5786723000055645, 0.5952345999976387, 0.6118590999976732, 0.6286554999969667, 0.646116300005815, 0.6621401000011247, 0.6789068999933079, 0.6954305999970529, 0.712092500005383, 0.7289740999985952]	225.0	325.0	0.5	9b
604	15	go_only	0	18	8	go	click	[65.0, 65.0, 81.0, 120.0, 143.0, 163.0, 176.0, 184.0, 188.0, 191.0, 194.0, 195.0, 196.0, 196.0, 196.0, 196.0, 196.0, 196.0, 196.0, 196.0, 196.0, 196.0, 196.0]	[-190.0, -190.0, -137.0, 24.0, 113.0, 178.0, 222.0, 249.0, 268.0, 283.0, 296.0, 304.0, 308.0, 310.0, 310.0, 310.0, 310.0, 310.0, 310.0, 310.0, 310.0, 310.0, 310.0]	[0, 0, 0, 0, 0, 0, 0, 0, 0, 0, 0, 0, 0, 0, 0, 0, 0, 0, 0, 0, 0, 0, 1]	[0, 0, 0, 0, 0, 0, 0, 0, 0, 0, 0, 0, 0, 0, 0, 0, 0, 0, 0, 0, 0, 0, 0]	[0, 0, 0, 0, 0, 0, 0, 0, 0, 0, 0, 0, 0, 0, 0, 0, 0, 0, 0, 0, 0, 0, 0]	[0.0016577000060351565, 0.01272400000016205, 0.029857600005925633, 0.045838100006221794, 0.06267729999672156, 0.07928649999666959, 0.09589330000744667, 0.11297080000804272, 0.12972979999904055, 0.14580909999494907, 0.16248470000573434, 0.17943459999514744, 0.19610450000618584, 0.2125467000005301, 0.2290257999993628, 0.24561830000311602, 0.2623500000045169, 0.27910030000202823, 0.2957631000026595, 0.31262490000517573, 0.3294425000058254, 0.34606510000594426, 0.36300719999417197]	196.0	310.0	0.9	9b
605	15	go_only	0	18	3	go	click	[31.0, 31.0, 45.0, 69.0, 94.0, 124.0, 137.0, 143.0, 148.0, 152.0, 152.0, 152.0, 152.0, 152.0, 152.0, 152.0, 152.0, 152.0, 152.0, 152.0, 153.0, 158.0, 165.0, 171.0, 185.0, 201.0, 209.0, 210.0, 210.0, 210.0, 210.0, 210.0, 210.0, 210.0, 210.0, 210.0, 210.0, 210.0, 210.0, 210.0]	[-263.0, -263.0, -225.0, -143.0, -50.0, 86.0, 150.0, 186.0, 209.0, 219.0, 221.0, 223.0, 226.0, 227.0, 227.0, 227.0, 227.0, 227.0, 227.0, 227.0, 229.0, 237.0, 249.0, 261.0, 281.0, 301.0, 312.0, 313.0, 313.0, 313.0, 313.0, 313.0, 313.0, 313.0, 313.0, 313.0, 313.0, 318.0, 321.0, 322.0]	[0, 0, 0, 0, 0, 0, 0, 0, 0, 0, 0, 0, 0, 0, 0, 0, 0, 0, 0, 0, 0, 0, 0, 0, 0, 0, 0, 0, 0, 0, 0, 0, 0, 0, 0, 0, 0, 0, 0, 1]	[0, 0, 0, 0, 0, 0, 0, 0, 0, 0, 0, 0, 0, 0, 0, 0, 0, 0, 0, 0, 0, 0, 0, 0, 0, 0, 0, 0, 0, 0, 0, 0, 0, 0, 0, 0, 0, 0, 0, 0]	[0, 0, 0, 0, 0, 0, 0, 0, 0, 0, 0, 0, 0, 0, 0, 0, 0, 0, 0, 0, 0, 0, 0, 0, 0, 0, 0, 0, 0, 0, 0, 0, 0, 0, 0, 0, 0, 0, 0, 0]	[0.00024120000307448208, 0.0123269000032451, 0.029078000006848015, 0.04558289999840781, 0.062390499995672144, 0.07906930000171997, 0.09569709999777842, 0.11258319999615196, 0.12907530000666156, 0.14588759999605827, 0.1623849000025075, 0.17890640000405256, 0.19549549999646842, 0.21215409999422263, 0.22892049999791197, 0.24536270000680815, 0.2621934000053443, 0.27884959999937564, 0.2951907999959076, 0.3128928999940399, 0.3293638000031933, 0.3453116000018781, 0.36184579999826383, 0.3786906000023009, 0.3954779000050621, 0.4118505000078585, 0.4285331999999471, 0.4454783999972278, 0.4620487000065623, 0.4786406000057468, 0.4952855000010459, 0.5119012000068324, 0.5285573000001023, 0.5452344000077574, 0.56186400000297, 0.5786827999982052, 0.5955347999988589, 0.6122826000064379, 0.6289408000011463, 0.6456131000013556]	210.0	322.0	0.9	9b
606	15	go_only	0	18	7	go	click	[33.0, 33.0, 57.0, 82.0, 109.0, 134.0, 155.0, 166.0, 179.0, 183.0, 187.0, 191.0, 199.0, 204.0, 208.0, 210.0, 210.0, 210.0, 210.0, 210.0, 210.0, 212.0, 212.0, 212.0, 212.0]	[-267.0, -267.0, -199.0, -132.0, -64.0, 0.0, 55.0, 92.0, 131.0, 145.0, 158.0, 177.0, 206.0, 232.0, 251.0, 260.0, 263.0, 265.0, 267.0, 271.0, 276.0, 283.0, 285.0, 286.0, 286.0]	[0, 0, 0, 0, 0, 0, 0, 0, 0, 0, 0, 0, 0, 0, 0, 0, 0, 0, 0, 0, 0, 0, 0, 0, 1]	[0, 0, 0, 0, 0, 0, 0, 0, 0, 0, 0, 0, 0, 0, 0, 0, 0, 0, 0, 0, 0, 0, 0, 0, 0]	[0, 0, 0, 0, 0, 0, 0, 0, 0, 0, 0, 0, 0, 0, 0, 0, 0, 0, 0, 0, 0, 0, 0, 0, 0]	[8.260000322479755e-05, 0.012386899994453415, 0.02896090000285767, 0.04567300000053365, 0.06236910000734497, 0.07882369999424554, 0.09570119999989402, 0.11252930000773631, 0.12891379999928176, 0.14621880000049714, 0.1631987000000663, 0.179763100008131, 0.19583860000420827, 0.21291230000497308, 0.22912299999734387, 0.2457192000001669, 0.2622787000000244, 0.2788427000050433, 0.2955938000086462, 0.31229489999532234, 0.32885210000677034, 0.34553210000740364, 0.36202420000336133, 0.3787672000034945, 0.3958314000046812]	212.0	286.0	0.7	9b
